transacao_id,idade_usuario,categoria_produto,meio_pagamento,tipo_dispositivo,valor_transacao,tempo_sessao_segundos,tentativas_senha_bloqueadas,distancia_km_cadastro,compras_ultimos_30d,ruido_latencia_ms,pin_autenticacao_app,dispositivo_fingerprint_hash,transacao_fraudulenta
TRX-50000,45.2,Eletronicos,Pix,SmartTV,360.04,1173.9,0,14.1,1,45.6,156,DEV-40FE0,0
TRX-50001,54.7,Eletronicos,Boleto,Mobile,509.29,1763.6,0,459.8,2,19.37,829,DEV-6CC47,0
TRX-50002,42.4,Eletronicos,Pix,Mobile,271.17,1084.9,0,277.2,2,25.67,270,DEV-410EF,0
TRX-50003,33.2,eletronicos,Voucher,Mobile,2463.87,478.7,1,72.9,5,115.41,750,DEV-4EDB8,0
TRX-50004,26.0, ELETRONICOS ,Boleto,Desktop,638.21,1302.7,0,25.2,4,11.35,834,DEV-1DABC,0
TRX-50005,29.8,Beleza,Boleto,Mobile,272.98,196.8,2,83.9,1,251.65,609,DEV-E6B34,1
TRX-50006,44.0,Beleza,Cartao_Credito,Mobile,532.04,1232.1,2,65.9,5,-136.71,950,DEV-B3BEC,0
TRX-50007,54.9,eletronicos,Pix,Desktop,188.62,797.3,1,167.1,8,-128.73,416,DEV-2B54E,0
TRX-50008,48.5,Games,Cartao_Credito,Mobile,1155.77,1737.1,2,176.0,1,-184.14,833,DEV-E4405,0
TRX-50009,41.9, ELETRONICOS ,Cartao_Credito,Mobile,180.71,1301.5,0,129.8,5,-4.12,618,DEV-2DB94,0
TRX-50010,32.7,Eletronicos,Boleto,Mobile,247.98,827.8,1,9.6,1,-168.3,829,DEV-3C847,0
TRX-50011,32.8, ELETRONICOS ,Pix,Desktop,90.13,1236.6,1,121.7,3,98.13,938,DEV-7A43D,0
TRX-50012,,Vestuario,Boleto,Desktop,449.75,226.7,0,32.0,6,-169.85,736,DEV-975E4,0
TRX-50013,35.7, ELETRONICOS ,Boleto,Desktop,936.25,1706.6,2,67.5,4,-13.77,891,DEV-D45D0,1
TRX-50014,26.1,Vestuario,Pix,Mobile,269.16,1213.2,0,11.4,3,-4.22,803,DEV-EE370,0
TRX-50015,45.9,Beleza,Cartao_Credito,Mobile,667.47,304.1,2,129.8,3,37.33,308,DEV-6D486,1
TRX-50016,34.4,Eletronicos,Pix,Mobile,246.03,614.8,0,364.6,3,-25.31,576,DEV-A85A3,1
TRX-50017,29.4,Vestuario,Voucher,Mobile,105.88,975.1,1,96.5,0,-150.37,812,DEV-E3C2A,0
TRX-50018,47.0,Eletronicos,Pix,Mobile,850.2,338.3,0,100.4,4,-99.25,630,DEV-86220,0
TRX-50019,16.5, ELETRONICOS ,Cartao_Credito,Desktop,688.52,1654.9,1,97.8,2,-134.33,482,DEV-45E42,0
TRX-50020,43.4,Beleza,Cartao_Credito,Mobile,2829.63,589.7,0,131.0,4,6.95,871,DEV-4152B,1
TRX-50021,30.8,eletronicos,Cartao_Credito,Desktop,988.23,1555.2,0,8.1,3,213.77,169,DEV-60D5A,0
TRX-50022,36.8, ELETRONICOS ,Pix,Desktop,625.84,1250.8,0,104.1,2,93.21,503,DEV-D31CD,0
TRX-50023,21.6,Vestuario,Cartao_Credito,Desktop,212.42,1347.7,1,143.8,3,-209.62,206,DEV-62D14,0
TRX-50024,38.8,eletronicos,Cartao_Credito,Mobile,1095.46,297.7,1,8.7,4,-143.04,540,DEV-B82A0,0
TRX-50025,,Beleza,Cartao_Credito,Mobile,845.51,1669.7,1,692.2,5,-53.21,345,DEV-48504,1
TRX-50026,42.5,Games,Boleto,Mobile,,44.2,1,75.0,4,-85.34,799,DEV-658AC,0
TRX-50027,49.4,Eletronicos,Pix,Mobile,1165.85,195.8,1,109.4,4,-142.84,165,DEV-6AF0F,0
TRX-50028,17.2, ELETRONICOS ,Boleto,Desktop,219.37,415.3,1,86.8,1,-111.23,418,DEV-CED9E,0
TRX-50029,36.0,Eletronicos,Cartao_Credito,Mobile,939.96,1384.2,2,78.7,3,-61.41,951,DEV-7909E,0
TRX-50030,38.5,eletronicos,Cartao_Credito,Desktop,470.67,1706.7,2,43.8,9,-25.84,423,DEV-87CA0,0
TRX-50031,41.8,eletronicos,Pix,Desktop,50.54,1121.7,0,267.1,3,-102.29,912,DEV-3979A,0
TRX-50032,30.1,Eletronicos,Cartao_Credito,Mobile,275.05,898.0,0,70.0,2,160.17,711,DEV-41018,0
TRX-50033,37.4,Games,Boleto,Mobile,2094.51,1169.5,1,112.9,5,12.16,636,DEV-24285,1
TRX-50034,42.2,eletronicos,Pix,Mobile,345.66,51.2,1,262.6,1,-85.19,277,DEV-DE284,0
TRX-50035,39.7,Eletronicos,Pix,SmartTV,411.21,42.9,1,237.4,4,222.8,694,DEV-1F2B7,1
TRX-50036,,Vestuario,Pix,Mobile,3288.53,1147.4,0,65.1,1,84.35,169,DEV-584B3,1
TRX-50037,30.7,Eletronicos,Pix,Mobile,652.03,1622.8,0,194.2,5,62.53,163,DEV-435B8,0
TRX-50038,38.4,Beleza,Cartao_Credito,Mobile,1377.04,815.0,0,332.8,4,58.21,329,DEV-7AC7E,0
TRX-50039,28.0,Vestuario,Cartao_Credito,Mobile,810.27,1038.1,1,252.1,4,110.53,152,DEV-23541,0
TRX-50040,37.9,Vestuario,Cartao_Credito,Desktop,155.43,230.8,0,116.7,3,24.76,740,DEV-BF650,1
TRX-50041,34.5,Vestuario,Cartao_Credito,Mobile,821.97,14.7,1,28.6,3,6.31,882,DEV-4714D,1
TRX-50042,37.0,Beleza,Cartao_Credito,Mobile,202.73,813.5,0,207.9,1,156.33,536,DEV-EA0E3,1
TRX-50043,41.9,eletronicos,Cartao_Credito,Mobile,358.43,311.3,1,1.3,7,-386.72,346,DEV-753C4,0
TRX-50044,30.0,Vestuario,Cartao_Credito,Desktop,226.19,327.3,0,180.8,3,183.48,547,DEV-A3E63,0
TRX-50045,45.5,Beleza,Cartao_Credito,Tablet,556.74,1485.7,0,47.7,4,-145.75,123,DEV-6EF78,0
TRX-50046,28.0,Vestuario,Voucher,Mobile,107.77,1553.5,2,708.0,5,-85.39,888,DEV-5C776,0
TRX-50047,24.8,eletronicos,Cartao_Credito,Desktop,349.6,1497.7,0,49.3,5,-36.33,495,DEV-6CC78,0
TRX-50048,32.2,Eletronicos,Cartao_Credito,Mobile,67.88,1140.8,1,67.4,4,-283.11,290,DEV-BA3CB,0
TRX-50049,40.6,Vestuario,Cartao_Credito,Mobile,39.07,1464.8,1,28.6,5,31.82,295,DEV-9A9EC,0
TRX-50050,37.0,Vestuario,Pix,Mobile,547.81,1037.3,1,95.1,3,124.1,571,DEV-2EAD8,0
TRX-50051,24.9,Vestuario,Pix,Desktop,447.85,160.4,0,40.7,3,-50.9,607,DEV-29C2E,0
TRX-50052,30.6,Beleza,Voucher,Tablet,67.38,466.5,0,49.2,4,61.33,454,DEV-98E86,0
TRX-50053,28.8,Beleza,Cartao_Credito,Desktop,632.48,1182.0,1,1.4,3,162.18,828,DEV-BA78A,0
TRX-50054,44.3,Vestuario,Cartao_Credito,Mobile,325.93,952.9,0,27.4,2,12.97,802,DEV-1D532,0
TRX-50055,47.9,Beleza,Cartao_Credito,Desktop,272.87,201.2,0,63.9,3,-111.93,481,DEV-4C550,0
TRX-50056,43.2, ELETRONICOS ,Pix,Mobile,728.27,1783.6,3,19.0,2,-198.48,531,DEV-E0004,0
TRX-50057,37.1,Games,Boleto,Mobile,361.57,1204.6,2,114.0,3,191.71,765,DEV-EEDAB,0
TRX-50058,35.4,Beleza,Cartao_Credito,Mobile,117.03,1103.5,0,378.7,7,-55.13,386,DEV-8403B,0
TRX-50059,50.5,Vestuario,Cartao_Credito,Desktop,665.6,1779.0,0,166.4,1,-181.63,222,DEV-DFD43,0
TRX-50060,42.4,eletronicos,Cartao_Credito,Mobile,340.4,45.9,1,3.0,6,-209.89,569,DEV-1F9E5,0
TRX-50061,, ELETRONICOS ,Boleto,Mobile,212.65,1034.4,0,127.1,4,-58.63,297,DEV-9E5C8,0
TRX-50062,,Beleza,Cartao_Credito,Mobile,159.16,687.0,0,210.0,1,74.85,929,DEV-ADF40,0
TRX-50063,44.0,Beleza,Boleto,Mobile,1459.43,152.7,1,199.7,6,-29.79,858,DEV-EF3CD,0
TRX-50064,41.9,Eletronicos,Cartao_Credito,Desktop,180.73,1691.7,0,9.0,5,23.38,285,DEV-63C3C,0
TRX-50065,34.3,Vestuario,Cartao_Credito,Mobile,793.64,650.9,0,108.5,3,13.48,758,DEV-BF18E,0
TRX-50066,34.0,Vestuario,Cartao_Credito,Mobile,150.68,1020.6,0,8.5,5,-128.24,874,DEV-F2415,0
TRX-50067,19.1, ELETRONICOS ,Pix,Mobile,192.41,405.0,1,155.1,3,97.45,831,DEV-C79BF,0
TRX-50068,,eletronicos,Cartao_Credito,Desktop,332.67,987.3,0,118.5,3,26.71,493,DEV-D0069,1
TRX-50069,50.2,Vestuario,Cartao_Credito,Desktop,792.05,1508.3,1,113.0,1,74.47,109,DEV-653E9,1
TRX-50070,24.4,Eletronicos,Boleto,Mobile,692.97,179.1,1,197.7,7,281.86,590,DEV-CB393,0
TRX-50071,19.2,Eletronicos,Cartao_Credito,Mobile,309.68,940.1,0,408.7,5,-16.31,536,DEV-C8576,1
TRX-50072,36.1,Eletronicos,Pix,Mobile,408.73,705.6,0,11.6,1,36.78,765,DEV-59628,0
TRX-50073,,Eletronicos,Cartao_Credito,Desktop,31.57,1701.9,1,35.9,2,-123.42,406,DEV-B83F5,0
TRX-50074,22.6,Games,Voucher,Mobile,155.45,584.4,2,132.4,2,-30.34,523,DEV-B3780,1
TRX-50075,40.7,Eletronicos,Cartao_Credito,Mobile,712.47,993.2,2,3.7,4,-137.95,168,DEV-B75D4,0
TRX-50076,41.7,Vestuario,Cartao_Credito,Mobile,762.23,1413.7,0,21.8,5,52.59,341,DEV-2A6E3,0
TRX-50077,44.7,Games,Boleto,Desktop,81.3,1604.3,1,37.3,2,-12.99,171,DEV-78DC8,0
TRX-50078,24.6,eletronicos,Cartao_Credito,Mobile,1257.95,164.7,1,26.6,7,-202.41,618,DEV-89DEE,0
TRX-50079,32.7, ELETRONICOS ,Cartao_Credito,Mobile,470.62,1338.8,0,227.2,5,41.24,113,DEV-63AC7,0
TRX-50080,,Eletronicos,Boleto,Mobile,212.92,1390.4,0,19.8,4,0.98,221,DEV-7FC48,0
TRX-50081,32.2,eletronicos,Boleto,Mobile,660.52,1313.8,0,178.4,1,-153.02,547,DEV-AFD19,0
TRX-50082,38.9,eletronicos,Cartao_Credito,Desktop,708.87,383.8,1,168.9,11,198.34,729,DEV-4FF3E,0
TRX-50083,29.2,Beleza,Pix,Mobile,211.43,274.7,0,230.9,1,-94.17,296,DEV-B7AE6,1
TRX-50084,47.0, ELETRONICOS ,Cartao_Credito,Desktop,484.77,573.6,0,76.0,5,-161.94,987,DEV-BA0DF,0
TRX-50085,33.3,Beleza,Boleto,Tablet,481.03,1749.7,4,264.9,2,91.91,199,DEV-BFF3E,1
TRX-50086,39.0,Eletronicos,Boleto,Desktop,1152.34,465.4,0,36.8,5,147.92,864,DEV-883E4,0
TRX-50087,35.6,Eletronicos,Pix,Mobile,1630.04,1195.4,1,68.1,4,76.97,766,DEV-3E5EC,0
TRX-50088,49.4,Eletronicos,Pix,Desktop,613.05,1382.8,0,325.4,2,-56.93,456,DEV-C7660,1
TRX-50089,45.5,Eletronicos,Pix,Mobile,3303.92,1119.1,0,156.2,1,230.86,362,DEV-292F4,1
TRX-50090,47.8, ELETRONICOS ,Cartao_Credito,Mobile,294.25,913.0,1,84.1,4,-141.78,386,DEV-D16B7,0
TRX-50091,37.9, ELETRONICOS ,Pix,Mobile,369.6,1702.4,1,85.5,3,-127.46,691,DEV-8FA21,0
TRX-50092,37.1,Games,Pix,Mobile,27.68,1566.7,1,17.6,3,237.34,479,DEV-E3E25,0
TRX-50093,39.3,Eletronicos,Boleto,Mobile,80.09,492.3,1,11.2,2,-74.63,296,DEV-7DFDA,0
TRX-50094,47.9,Beleza,Pix,Mobile,1639.14,1754.7,0,38.9,1,-22.58,735,DEV-649D5,0
TRX-50095,43.6, ELETRONICOS ,Cartao_Credito,Mobile,92.18,731.0,1,79.8,4,0.49,615,DEV-8F351,0
TRX-50096,39.3,Vestuario,Cartao_Credito,Desktop,464.64,1421.8,1,30.5,6,-26.59,561,DEV-64988,0
TRX-50097,18.7,Beleza,Boleto,Desktop,1392.85,555.2,1,7.2,3,-23.04,482,DEV-288FB,0
TRX-50098,35.2, ELETRONICOS ,Voucher,Tablet,898.79,1640.7,1,127.7,6,42.36,200,DEV-31F7D,0
TRX-50099,34.5,Beleza,Cartao_Credito,Desktop,134.58,1658.7,0,290.2,4,-108.34,664,DEV-4FF08,0
TRX-50100,45.1,Eletronicos,Pix,Mobile,728.62,111.9,0,113.3,1,-120.48,970,DEV-E0D11,1
TRX-50101,19.8,Eletronicos,Pix,Mobile,135.71,209.6,0,131.5,2,241.69,478,DEV-82703,0
TRX-50102,33.0,Beleza,Cartao_Credito,Mobile,831.31,1113.4,2,204.5,3,-166.25,615,DEV-D7258,1
TRX-50103,37.0, ELETRONICOS ,Boleto,SmartTV,2566.3,1696.1,0,46.2,2,238.58,360,DEV-78C39,0
TRX-50104,29.5, ELETRONICOS ,Voucher,Desktop,551.49,300.0,0,119.6,1,119.03,135,DEV-9C35C,1
TRX-50105,32.7,Vestuario,Cartao_Credito,Desktop,114.84,125.2,0,38.8,1,-33.14,982,DEV-75430,0
TRX-50106,16.8,Beleza,Cartao_Credito,Mobile,250.24,958.2,0,386.8,4,166.44,733,DEV-97D11,0
TRX-50107,25.8,Vestuario,Cartao_Credito,Mobile,132.65,1526.0,1,106.9,2,177.26,755,DEV-60E1F,0
TRX-50108,32.9, ELETRONICOS ,Boleto,Desktop,1945.69,458.7,1,6.6,5,230.56,621,DEV-49C19,1
TRX-50109,19.0, ELETRONICOS ,Boleto,Desktop,326.36,623.4,1,61.0,1,23.31,117,DEV-4454E,0
TRX-50110,42.8, ELETRONICOS ,Cartao_Credito,Desktop,322.88,1078.4,0,89.0,5,139.47,126,DEV-50C03,0
TRX-50111,33.0, ELETRONICOS ,Pix,Mobile,79.72,1525.2,2,51.1,1,-258.7,641,DEV-52641,0
TRX-50112,14.2,Vestuario,Pix,Mobile,52.76,419.2,1,125.9,2,-162.92,296,DEV-CD349,0
TRX-50113,38.0,Vestuario,Voucher,Desktop,1003.88,1646.2,0,24.1,3,-140.58,376,DEV-A5745,0
TRX-50114,34.9, ELETRONICOS ,Cartao_Credito,Desktop,212.46,1599.2,1,12.3,3,170.29,495,DEV-DC20A,0
TRX-50115,46.3, ELETRONICOS ,Boleto,Desktop,2077.97,1397.8,1,20.5,4,-45.79,465,DEV-E72BF,0
TRX-50116,23.3,Eletronicos,Cartao_Credito,Mobile,2322.5,1598.3,0,181.0,7,-143.68,552,DEV-8BBDD,0
TRX-50117,47.7,eletronicos,Cartao_Credito,Mobile,674.62,536.1,0,372.6,4,106.01,773,DEV-C9D66,0
TRX-50118,36.6,Vestuario,Cartao_Credito,Mobile,585.31,277.8,0,434.7,3,19.91,307,DEV-D6AA1,1
TRX-50119,31.6, ELETRONICOS ,Cartao_Credito,Tablet,379.24,1062.6,0,65.9,2,-163.35,244,DEV-E32AB,0
TRX-50120,37.7,Vestuario,Cartao_Credito,Desktop,1152.97,256.0,0,18.8,4,-16.93,375,DEV-5FD0C,0
TRX-50121,17.1, ELETRONICOS ,Boleto,Mobile,820.76,1470.8,1,33.5,2,27.68,710,DEV-69C8D,0
TRX-50122,43.5,Vestuario,Cartao_Credito,Mobile,54.73,1034.9,1,17.9,2,224.36,610,DEV-D9721,0
TRX-50123,44.1,eletronicos,Boleto,Desktop,322.44,1284.3,0,581.9,1,-256.79,285,DEV-60564,1
TRX-50124,35.5, ELETRONICOS ,Boleto,Desktop,637.23,1396.2,1,329.5,2,-77.6,199,DEV-277F0,0
TRX-50125,33.7,Vestuario,Voucher,SmartTV,2102.15,1364.3,2,65.9,6,-98.99,382,DEV-267FB,1
TRX-50126,35.4, ELETRONICOS ,Voucher,Mobile,196.75,1713.2,0,70.4,2,-175.16,624,DEV-1AF29,0
TRX-50127,34.2, ELETRONICOS ,Cartao_Credito,Mobile,58.85,122.8,1,359.2,2,194.95,475,DEV-C2DFD,1
TRX-50128,46.3,Beleza,Boleto,Tablet,518.93,1553.4,0,376.1,3,126.44,779,DEV-3E344,0
TRX-50129,24.4,Eletronicos,Boleto,Desktop,157.55,534.8,1,174.3,2,-21.61,642,DEV-EC86B,0
TRX-50130,40.9,Vestuario,Voucher,Mobile,108.99,1336.3,4,153.6,1,-122.25,399,DEV-B45D9,1
TRX-50131,10.0,Beleza,Boleto,Desktop,161.97,1528.0,1,67.5,2,58.35,444,DEV-3940B,1
TRX-50132,47.6,Vestuario,Cartao_Credito,Mobile,,78.3,0,135.9,1,44.25,248,DEV-3533C,1
TRX-50133,52.8, ELETRONICOS ,Cartao_Credito,Mobile,125.93,241.5,0,29.0,4,-7.63,567,DEV-3D7C3,0
TRX-50134,25.5,Eletronicos,Cartao_Credito,Desktop,456.65,1116.4,1,131.0,3,176.54,779,DEV-192F2,1
TRX-50135,26.9, ELETRONICOS ,Cartao_Credito,Mobile,1682.2,720.7,1,173.6,2,-100.36,193,DEV-58250,1
TRX-50136,34.6,eletronicos,Boleto,Mobile,1029.12,650.8,1,254.2,0,54.25,773,DEV-2AB9F,1
TRX-50137,31.1,Games,Boleto,Desktop,777.28,1710.1,0,162.4,8,189.75,297,DEV-9F225,0
TRX-50138,46.5,Eletronicos,Cartao_Credito,Mobile,134.12,413.1,1,152.1,7,19.18,238,DEV-A25DD,0
TRX-50139,40.3,Eletronicos,Pix,Desktop,836.11,747.7,1,79.0,4,-38.28,888,DEV-B922C,0
TRX-50140,34.3,eletronicos,Boleto,Mobile,235.13,1093.5,0,70.1,3,-120.49,197,DEV-31890,0
TRX-50141,33.4,Eletronicos,Boleto,Mobile,,896.6,0,501.7,4,-73.46,796,DEV-6696E,0
TRX-50142,32.8,Beleza,Pix,Mobile,73.89,952.1,1,55.2,3,151.41,142,DEV-1A5FA,0
TRX-50143,45.6,Eletronicos,Cartao_Credito,Desktop,619.63,552.4,0,129.3,4,16.49,665,DEV-4CB0C,0
TRX-50144,49.1,Eletronicos,Cartao_Credito,Desktop,2134.85,929.1,1,13.3,4,-157.71,585,DEV-B53C3,0
TRX-50145,23.1, ELETRONICOS ,Cartao_Credito,Mobile,2180.9,468.1,0,98.3,3,200.03,139,DEV-DA5DA,1
TRX-50146,49.0, ELETRONICOS ,Cartao_Credito,Mobile,516.74,1439.6,0,291.8,5,19.01,859,DEV-40D93,0
TRX-50147,33.6,Vestuario,Pix,Mobile,,1767.1,1,145.8,7,37.74,328,DEV-68D3C,0
TRX-50148,36.0,Eletronicos,Boleto,Mobile,2280.04,977.1,0,122.4,3,41.86,643,DEV-E5263,1
TRX-50149,31.9,Eletronicos,Cartao_Credito,Desktop,,349.8,1,300.5,3,-57.26,239,DEV-EF880,1
TRX-50150,38.8,Vestuario,Cartao_Credito,Desktop,511.3,54.0,0,27.6,7,198.34,316,DEV-B0B31,0
TRX-50151,34.6,Beleza,Cartao_Credito,Desktop,2615.72,1253.4,0,74.9,6,78.91,429,DEV-9F42B,0
TRX-50152,46.2,Eletronicos,Cartao_Credito,Mobile,1748.42,673.0,1,141.3,4,198.06,693,DEV-EAB51,1
TRX-50153,46.8, ELETRONICOS ,Cartao_Credito,Tablet,101.79,223.2,0,46.4,7,-97.44,622,DEV-E48D6,0
TRX-50154,37.9, ELETRONICOS ,Cartao_Credito,Desktop,98.35,692.4,0,33.7,8,324.99,697,DEV-BA4A0,0
TRX-50155,46.0,Vestuario,Cartao_Credito,Desktop,1239.8,1133.2,0,367.6,4,-138.19,853,DEV-B0E20,0
TRX-50156,42.9,eletronicos,Pix,Mobile,1078.3,131.4,0,92.4,5,-46.47,513,DEV-C5C2F,0
TRX-50157,13.8,Vestuario,Cartao_Credito,Mobile,1503.9,647.4,0,91.7,3,79.58,572,DEV-26C01,0
TRX-50158,30.4,Eletronicos,Boleto,Mobile,1404.19,1566.2,0,91.2,2,1.4,669,DEV-74307,0
TRX-50159,33.3,Eletronicos,Pix,Desktop,122.21,595.4,0,225.7,3,60.53,159,DEV-EAF45,0
TRX-50160,24.7,Eletronicos,Cartao_Credito,Mobile,20.19,165.5,1,97.4,2,23.68,107,DEV-71851,1
TRX-50161,38.3,Beleza,Cartao_Credito,Mobile,55.51,778.7,0,8.5,2,-2.68,126,DEV-1F7CC,0
TRX-50162,49.2,Beleza,Pix,Desktop,472.03,419.5,1,285.7,3,79.61,173,DEV-C7E84,0
TRX-50163,24.2,Vestuario,Cartao_Credito,Mobile,861.01,1454.8,0,321.8,0,72.65,192,DEV-E8252,0
TRX-50164,29.2,eletronicos,Cartao_Credito,Desktop,61.52,274.0,0,4.5,4,19.14,408,DEV-CAFE1,0
TRX-50165,23.0,Vestuario,Cartao_Credito,Mobile,104.13,1242.3,0,13.7,4,99.94,458,DEV-5EDD0,0
TRX-50166,54.6,Eletronicos,Cartao_Credito,Mobile,170.63,556.8,1,49.9,8,162.18,906,DEV-207BE,0
TRX-50167,44.9,Games,Boleto,Mobile,64.37,741.9,0,78.9,3,150.43,441,DEV-9210C,0
TRX-50168,27.0,Games,Cartao_Credito,Mobile,286.87,1082.2,0,6.9,4,-1.6,874,DEV-B8E6D,0
TRX-50169,33.5,Eletronicos,Pix,Mobile,615.94,1792.0,0,49.7,5,52.73,441,DEV-D1227,0
TRX-50170,31.3,Games,Cartao_Credito,Mobile,411.6,1203.5,1,157.0,4,-194.2,916,DEV-4E6FB,0
TRX-50171,25.0,eletronicos,Cartao_Credito,Desktop,103.31,311.1,1,616.0,7,9.23,404,DEV-8535D,0
TRX-50172,31.7,eletronicos,Cartao_Credito,Mobile,59.75,1781.6,0,34.8,4,-4.04,883,DEV-22391,0
TRX-50173,36.8, ELETRONICOS ,Cartao_Credito,Mobile,399.37,271.2,0,37.0,1,-172.55,798,DEV-98056,0
TRX-50174,42.0,Beleza,Voucher,Mobile,96.98,850.5,0,211.7,5,153.84,516,DEV-BB0E5,0
TRX-50175,29.1,Vestuario,Cartao_Credito,Mobile,93.91,355.3,0,150.3,1,-12.95,628,DEV-72183,0
TRX-50176,31.0,eletronicos,Cartao_Credito,Desktop,36.66,1788.8,1,18.4,5,81.5,565,DEV-4FF66,0
TRX-50177,58.2,Eletronicos,Cartao_Credito,Desktop,1394.26,649.5,0,66.0,6,-64.59,896,DEV-4B190,0
TRX-50178,25.0,eletronicos,Cartao_Credito,Mobile,777.37,404.2,0,304.4,1,98.79,217,DEV-C7654,0
TRX-50179,28.9,Eletronicos,Cartao_Credito,Mobile,694.92,988.9,0,65.4,1,108.23,311,DEV-76EC1,0
TRX-50180,30.0,Beleza,Pix,Mobile,295.75,1516.9,0,161.0,4,129.15,228,DEV-F034E,0
TRX-50181,29.6, ELETRONICOS ,Cartao_Credito,Mobile,254.43,23.7,1,242.9,5,111.84,994,DEV-75863,0
TRX-50182,,Vestuario,Voucher,Mobile,1037.29,594.3,0,421.5,3,156.32,218,DEV-221C0,1
TRX-50183,24.8,eletronicos,Boleto,Mobile,111.29,879.0,2,112.1,6,-88.65,964,DEV-B3562,0
TRX-50184,999.0, ELETRONICOS ,Cartao_Credito,Mobile,209.97,1704.6,0,400.1,4,63.24,813,DEV-A7209,0
TRX-50185,39.6,Games,Voucher,Mobile,233.31,591.3,0,34.9,4,-175.59,608,DEV-B501A,0
TRX-50186,38.3,Eletronicos,Cartao_Credito,Mobile,68.28,283.0,0,82.7,4,-34.71,315,DEV-522B8,0
TRX-50187,41.7,Beleza,Boleto,Mobile,681.53,431.3,0,27.6,4,79.87,111,DEV-65507,0
TRX-50188,25.4,Beleza,Cartao_Credito,Desktop,118.34,1259.5,0,74.3,3,-99.88,459,DEV-B94FF,0
TRX-50189,58.4,eletronicos,Cartao_Credito,Desktop,,14.7,0,277.3,2,-90.84,261,DEV-C096E,1
TRX-50190,999.0,Eletronicos,Cartao_Credito,Desktop,412.56,1511.8,1,23.3,5,56.13,993,DEV-58579,0
TRX-50191,54.4, ELETRONICOS ,Boleto,Tablet,153.62,923.3,1,14.6,4,-258.85,548,DEV-3E069,0
TRX-50192,50.0,eletronicos,Boleto,Tablet,748.24,1105.3,0,119.3,4,-128.18,768,DEV-6C04B,0
TRX-50193,31.2,Eletronicos,Pix,Mobile,64.3,1000.5,0,11.8,5,-33.38,673,DEV-A215A,0
TRX-50194,33.0,Eletronicos,Pix,Mobile,338.8,97.4,0,65.2,1,180.3,117,DEV-4DC81,1
TRX-50195,23.9,Beleza,Voucher,Desktop,1197.86,1374.3,0,2.9,5,-75.66,838,DEV-CA33B,0
TRX-50196,45.8,Eletronicos,Cartao_Credito,Mobile,200.81,1219.2,1,112.3,2,35.12,772,DEV-3BD03,0
TRX-50197,41.8,eletronicos,Voucher,Mobile,,356.7,0,81.0,3,-78.2,236,DEV-CB29E,0
TRX-50198,43.3,eletronicos,Pix,Mobile,1213.24,651.8,0,200.9,4,99.91,124,DEV-E56D8,1
TRX-50199,44.8,Games,Cartao_Credito,Mobile,1196.02,1526.0,2,285.3,1,79.92,269,DEV-65281,1
TRX-50200,16.7,Eletronicos,Cartao_Credito,Mobile,696.25,426.9,0,265.5,2,-83.62,167,DEV-85E82,1
TRX-50201,54.9,Eletronicos,Boleto,Desktop,83.28,376.7,0,112.8,3,73.9,423,DEV-DA4D3,0
TRX-50202,36.3,Beleza,Cartao_Credito,Mobile,1373.78,1462.6,3,157.4,6,66.44,622,DEV-219EE,0
TRX-50203,44.8,Eletronicos,Pix,Desktop,392.0,312.0,0,447.1,2,-280.52,751,DEV-E300B,1
TRX-50204,32.7,eletronicos,Cartao_Credito,Desktop,573.36,1604.8,0,98.4,0,-45.99,108,DEV-99E14,0
TRX-50205,40.3,eletronicos,Cartao_Credito,Mobile,,394.5,0,117.8,9,-59.45,969,DEV-CAA51,0
TRX-50206,43.6,Eletronicos,Pix,SmartTV,452.75,204.5,1,93.1,7,224.57,455,DEV-94E2E,0
TRX-50207,20.4, ELETRONICOS ,Cartao_Credito,Mobile,242.3,42.8,1,30.1,1,60.79,710,DEV-BD389,0
TRX-50208,31.1,Eletronicos,Cartao_Credito,Mobile,102.89,316.3,2,90.5,2,30.26,552,DEV-50E02,0
TRX-50209,57.9,Vestuario,Boleto,Tablet,39.26,909.2,0,282.8,4,132.79,508,DEV-56481,0
TRX-50210,39.7,Beleza,Voucher,Mobile,237.2,1003.3,2,45.9,5,92.79,497,DEV-3839C,0
TRX-50211,19.3,Eletronicos,Cartao_Credito,Mobile,111.12,1786.9,1,97.4,2,50.31,858,DEV-65740,0
TRX-50212,20.2,eletronicos,Boleto,Desktop,49.44,1495.6,1,122.3,4,-220.41,406,DEV-A6C0A,0
TRX-50213,41.4,Eletronicos,Cartao_Credito,Tablet,1403.52,1271.0,0,83.9,4,-264.39,434,DEV-81C79,0
TRX-50214,10.2,Games,Cartao_Credito,Mobile,681.72,733.7,1,677.9,4,-186.6,528,DEV-5BC29,1
TRX-50215,32.0,Beleza,Cartao_Credito,Mobile,168.51,389.2,1,196.1,2,217.3,170,DEV-476B7,1
TRX-50216,25.4,Beleza,Cartao_Credito,Mobile,29.09,1391.0,1,457.0,2,96.42,661,DEV-54B37,1
TRX-50217,46.6,Vestuario,Cartao_Credito,Mobile,1464.35,1756.2,1,35.2,4,180.55,311,DEV-EDC36,0
TRX-50218,26.6,Eletronicos,Boleto,Mobile,1275.71,1101.5,0,103.2,4,92.19,584,DEV-CE160,0
TRX-50219,29.8,Beleza,Cartao_Credito,Mobile,318.75,793.7,0,146.0,5,-2.67,959,DEV-B23EE,0
TRX-50220,49.0,Vestuario,Pix,Tablet,34.34,1077.5,0,35.6,3,-34.55,511,DEV-1A3BD,0
TRX-50221,33.9,eletronicos,Cartao_Credito,Tablet,263.1,356.6,0,53.1,1,93.52,431,DEV-3812A,0
TRX-50222,33.3,eletronicos,Cartao_Credito,Mobile,246.99,1562.9,0,58.2,6,32.3,799,DEV-59544,0
TRX-50223,55.8,Beleza,Cartao_Credito,Mobile,239.8,196.2,0,266.9,2,225.54,968,DEV-8CFE6,0
TRX-50224,49.4,Beleza,Pix,Mobile,27.94,1000.8,2,7.0,6,88.66,424,DEV-34005,0
TRX-50225,38.8,Eletronicos,Cartao_Credito,Mobile,,1217.6,0,98.1,2,-104.58,501,DEV-7A8F3,0
TRX-50226,34.3,eletronicos,Cartao_Credito,Desktop,382.39,1493.7,1,140.9,5,129.91,841,DEV-8330E,0
TRX-50227,44.8,eletronicos,Boleto,Desktop,1543.99,1049.7,1,0.1,6,177.95,405,DEV-529CE,0
TRX-50228,45.1,Eletronicos,Boleto,Mobile,54.79,177.3,0,341.6,5,-1.43,363,DEV-9E8B6,0
TRX-50229,27.0,Beleza,Cartao_Credito,Mobile,195.66,180.7,0,265.2,4,-80.34,635,DEV-BE303,0
TRX-50230,34.3,Beleza,Pix,Desktop,1293.42,922.1,0,321.4,7,-89.86,989,DEV-82D9F,0
TRX-50231,38.3,eletronicos,Cartao_Credito,Mobile,534.37,1020.8,0,45.1,7,71.65,308,DEV-1DB2F,0
TRX-50232,36.3,Games,Cartao_Credito,Mobile,3062.6,1446.7,0,129.7,2,-6.76,498,DEV-58B25,1
TRX-50233,36.5, ELETRONICOS ,Boleto,Tablet,1141.82,905.2,1,179.8,2,-16.67,116,DEV-AC4D4,0
TRX-50234,34.3, ELETRONICOS ,Cartao_Credito,Mobile,592.45,810.5,2,27.7,0,129.33,256,DEV-B841C,1
TRX-50235,42.2,Eletronicos,Cartao_Credito,Desktop,469.05,516.2,1,265.0,2,5.2,977,DEV-DB7F9,1
TRX-50236,34.6,Vestuario,Boleto,Mobile,2702.93,1048.3,0,48.7,2,77.79,812,DEV-525E9,0
TRX-50237,50.1,Vestuario,Cartao_Credito,Mobile,101.29,601.9,1,46.0,4,-110.8,372,DEV-D7924,0
TRX-50238,34.9,Eletronicos,Cartao_Credito,Mobile,1069.49,746.8,1,44.8,3,-11.62,214,DEV-7F3BD,1
TRX-50239,41.7,Games,Boleto,Mobile,1204.9,12.8,0,28.7,6,45.89,558,DEV-C183B,0
TRX-50240,40.6,Eletronicos,Cartao_Credito,Mobile,909.56,1266.0,0,165.1,3,-123.47,664,DEV-D9924,0
TRX-50241,47.0,Eletronicos,Pix,Tablet,956.16,1359.8,2,106.1,5,49.4,576,DEV-1E5D2,1
TRX-50242,38.4, ELETRONICOS ,Pix,Mobile,306.09,996.3,1,83.0,4,7.98,265,DEV-497F1,0
TRX-50243,37.2, ELETRONICOS ,Cartao_Credito,Mobile,1130.84,893.5,1,52.4,5,-26.77,700,DEV-AEE54,0
TRX-50244,45.7,eletronicos,Cartao_Credito,Mobile,629.91,936.1,0,54.9,1,-53.43,645,DEV-DF404,0
TRX-50245,36.3, ELETRONICOS ,Boleto,Mobile,2355.14,380.3,1,296.5,7,35.89,822,DEV-EFBE5,1
TRX-50246,41.0,Games,Boleto,Mobile,124.53,740.4,0,127.3,1,-85.97,252,DEV-C03C2,0
TRX-50247,45.9,eletronicos,Boleto,Mobile,,1055.1,0,133.9,4,37.63,409,DEV-DBEBF,0
TRX-50248,54.2,Vestuario,Cartao_Credito,Tablet,,1144.9,2,117.6,5,20.79,649,DEV-E85F4,1
TRX-50249,28.4, ELETRONICOS ,Cartao_Credito,Desktop,53.68,1189.8,0,329.7,2,-126.47,685,DEV-A258E,0
TRX-50250,49.0,Beleza,Cartao_Credito,Desktop,54.37,435.6,0,169.9,0,-2.1,718,DEV-61F56,0
TRX-50251,25.3,Vestuario,Cartao_Credito,Desktop,629.01,584.1,0,53.9,5,20.09,747,DEV-C32F1,0
TRX-50252,26.8,Beleza,Pix,Mobile,35.89,1010.6,0,77.9,6,215.93,107,DEV-4C4B2,0
TRX-50253,42.9,Eletronicos,Pix,Mobile,1270.96,1437.4,0,129.6,1,74.44,927,DEV-D0F0D,1
TRX-50254,25.6,Games,Pix,Desktop,195.51,1778.2,0,64.4,3,133.52,992,DEV-DBAB5,0
TRX-50255,16.2,Games,Cartao_Credito,SmartTV,28.43,1048.0,0,50.3,4,44.95,590,DEV-617F9,0
TRX-50256,40.8, ELETRONICOS ,Pix,Desktop,657.97,1302.8,0,355.5,5,151.0,332,DEV-DA954,0
TRX-50257,39.6,Eletronicos,Cartao_Credito,Mobile,220.09,1030.7,0,625.0,3,-365.85,775,DEV-9E73D,0
TRX-50258,28.0, ELETRONICOS ,Cartao_Credito,Mobile,596.98,60.1,0,330.1,1,87.88,328,DEV-97C13,1
TRX-50259,27.7, ELETRONICOS ,Cartao_Credito,Mobile,599.03,412.9,0,143.6,4,41.42,765,DEV-AB70C,0
TRX-50260,40.0,Beleza,Boleto,Desktop,310.19,1393.9,1,404.8,1,104.37,528,DEV-4FE08,1
TRX-50261,45.7,Eletronicos,Cartao_Credito,Mobile,515.35,623.5,0,173.6,5,-154.06,429,DEV-52AF0,0
TRX-50262,36.3,Eletronicos,Cartao_Credito,Mobile,800.37,1784.0,0,518.2,4,-41.14,543,DEV-9D331,0
TRX-50263,45.8,Vestuario,Boleto,Mobile,1263.54,1056.1,2,114.2,3,9.33,647,DEV-668C6,1
TRX-50264,40.4,Eletronicos,Cartao_Credito,Mobile,1222.51,89.4,0,27.2,1,-174.19,781,DEV-5FCC2,0
TRX-50265,32.8,Vestuario,Cartao_Credito,Desktop,529.52,413.7,0,178.5,2,-80.35,770,DEV-B2B75,0
TRX-50266,19.1, ELETRONICOS ,Cartao_Credito,Mobile,1212.22,407.2,0,181.7,3,32.2,619,DEV-DBBF0,1
TRX-50267,30.5,Games,Cartao_Credito,Mobile,305.69,70.9,2,80.3,3,-142.72,354,DEV-595B1,0
TRX-50268,40.8, ELETRONICOS ,Pix,Mobile,1043.22,749.7,2,352.0,5,53.57,349,DEV-8B413,1
TRX-50269,32.2,Beleza,Pix,Desktop,149.34,1180.7,1,2.1,2,75.47,799,DEV-34909,0
TRX-50270,49.1,Vestuario,Boleto,Mobile,,313.8,2,22.0,6,50.96,508,DEV-960EE,0
TRX-50271,44.9,eletronicos,Boleto,Mobile,288.5,220.9,2,113.8,5,-115.12,843,DEV-63A25,0
TRX-50272,39.6,eletronicos,Boleto,Tablet,58.61,295.8,1,62.0,3,63.13,393,DEV-25709,0
TRX-50273,36.7,Games,Pix,Mobile,594.29,1748.3,0,196.7,2,341.71,871,DEV-7AF0D,0
TRX-50274,37.2,Games,Voucher,Desktop,,1618.2,0,300.4,3,302.35,735,DEV-D17F6,0
TRX-50275,30.2,Games,Boleto,Desktop,134.94,1615.7,1,233.2,6,114.57,654,DEV-A856F,0
TRX-50276,27.0, ELETRONICOS ,Cartao_Credito,Mobile,801.88,1562.1,0,262.8,3,89.67,399,DEV-B17BC,1
TRX-50277,42.7,Eletronicos,Cartao_Credito,Mobile,150.13,620.0,0,215.6,4,-294.78,677,DEV-F14BD,1
TRX-50278,36.9,Eletronicos,Cartao_Credito,Desktop,114.53,1496.7,0,59.9,1,-35.48,244,DEV-AC7C6,0
TRX-50279,41.2, ELETRONICOS ,Cartao_Credito,Mobile,28.69,1690.0,0,325.6,6,235.0,315,DEV-71591,0
TRX-50280,27.8,eletronicos,Cartao_Credito,Desktop,1724.85,1604.0,0,25.0,2,98.43,352,DEV-4A889,0
TRX-50281,34.5, ELETRONICOS ,Cartao_Credito,Mobile,82.57,100.9,0,53.4,2,-215.51,171,DEV-D259C,0
TRX-50282,32.4,Beleza,Pix,Desktop,1915.05,1485.1,2,414.2,2,-38.12,378,DEV-AB5FB,1
TRX-50283,43.8,eletronicos,Boleto,Mobile,285.04,957.7,0,51.9,4,72.02,102,DEV-9A7D5,0
TRX-50284,52.9,Beleza,Cartao_Credito,Desktop,,1005.5,0,20.5,4,59.42,540,DEV-C6C82,0
TRX-50285,44.9, ELETRONICOS ,Cartao_Credito,Desktop,1218.62,405.0,1,152.7,3,-42.25,494,DEV-4899F,0
TRX-50286,23.9,Vestuario,Boleto,Mobile,525.2,988.6,0,113.1,3,132.52,299,DEV-30FDB,0
TRX-50287,40.1,Vestuario,Boleto,Mobile,382.84,1454.5,0,63.9,0,18.0,287,DEV-57342,0
TRX-50288,33.2,Eletronicos,Pix,Mobile,158.41,1712.9,0,312.3,4,25.59,446,DEV-60681,0
TRX-50289,29.6,eletronicos,Cartao_Credito,Mobile,403.47,851.9,1,46.7,3,122.12,169,DEV-9874B,0
TRX-50290,, ELETRONICOS ,Pix,Mobile,226.68,995.4,1,23.6,0,-28.29,503,DEV-B6DF8,1
TRX-50291,28.7,eletronicos,Boleto,Mobile,315.63,1131.3,0,10.6,5,75.46,632,DEV-517C8,0
TRX-50292,42.8,Eletronicos,Boleto,Mobile,123.2,1669.1,0,327.3,4,96.9,553,DEV-1C692,0
TRX-50293,26.8,Vestuario,Cartao_Credito,Mobile,336.03,1618.7,1,28.6,5,-6.36,955,DEV-AB9BF,0
TRX-50294,17.8,Vestuario,Boleto,Desktop,961.22,1732.1,0,267.6,7,86.03,682,DEV-BF5E1,0
TRX-50295,37.2, ELETRONICOS ,Boleto,Mobile,249.34,1390.6,1,141.7,0,26.88,376,DEV-67C9E,1
TRX-50296,45.7,Vestuario,Boleto,Mobile,540.82,1611.8,0,67.1,4,266.15,156,DEV-A669B,0
TRX-50297,35.5, ELETRONICOS ,Cartao_Credito,Mobile,32.83,970.8,1,144.6,3,-60.18,467,DEV-CCD76,1
TRX-50298,20.4,eletronicos,Pix,Mobile,,731.4,1,80.2,6,-40.9,989,DEV-F41E2,0
TRX-50299,21.8,Beleza,Cartao_Credito,Desktop,421.97,1017.7,0,121.3,3,98.0,897,DEV-61FED,0
TRX-50300,31.4,Eletronicos,Cartao_Credito,Mobile,101.09,492.4,0,197.8,4,-220.8,883,DEV-65D2F,0
TRX-50301,46.6,Games,Cartao_Credito,Desktop,286.14,984.0,0,7.2,4,162.27,328,DEV-D3A5F,0
TRX-50302,24.7,Eletronicos,Boleto,Desktop,527.33,881.9,1,212.3,1,80.92,445,DEV-E60CA,0
TRX-50303,28.2,Vestuario,Pix,Desktop,48.3,398.9,1,42.2,3,-253.72,856,DEV-31A44,0
TRX-50304,43.4,Beleza,Cartao_Credito,Mobile,69.03,666.6,0,88.6,3,-50.22,360,DEV-F3976,0
TRX-50305,39.7,Vestuario,Cartao_Credito,SmartTV,557.74,998.1,1,141.3,0,-22.43,863,DEV-82D55,0
TRX-50306,42.4,Eletronicos,Cartao_Credito,Mobile,1360.23,1346.3,1,84.5,2,-119.11,366,DEV-E3078,1
TRX-50307,48.6,Eletronicos,Cartao_Credito,Mobile,703.87,618.4,0,284.9,1,-25.45,846,DEV-DC4B2,1
TRX-50308,24.9,Eletronicos,Boleto,Mobile,9999999.0,684.7,0,333.4,1,209.05,359,DEV-84845,1
TRX-50309,27.8,Eletronicos,Voucher,Mobile,320.72,560.3,0,274.0,5,138.26,673,DEV-BB8D6,0
TRX-50310,26.6, ELETRONICOS ,Cartao_Credito,Mobile,95.42,1185.8,0,98.4,2,-42.63,876,DEV-61AEA,0
TRX-50311,36.3,Eletronicos,Cartao_Credito,Desktop,2611.81,632.1,0,276.0,1,127.99,309,DEV-84C10,1
TRX-50312,55.9,Eletronicos,Boleto,Mobile,1125.21,1715.8,0,77.2,1,24.46,759,DEV-C485D,1
TRX-50313,24.2,Beleza,Cartao_Credito,Desktop,214.28,221.3,1,197.2,2,-19.11,464,DEV-42AAB,0
TRX-50314,32.1,Eletronicos,Pix,Mobile,695.95,22.3,2,49.8,1,1.9,636,DEV-7810E,0
TRX-50315,46.4,eletronicos,Pix,Mobile,1066.72,412.1,3,730.5,7,143.15,816,DEV-3CDD3,1
TRX-50316,37.7,Eletronicos,Cartao_Credito,SmartTV,40.46,598.4,0,167.7,5,56.65,376,DEV-EF16D,0
TRX-50317,21.3,Eletronicos,Cartao_Credito,Mobile,491.46,798.7,0,270.6,5,-231.77,267,DEV-6ED22,0
TRX-50318,14.9, ELETRONICOS ,Voucher,Mobile,1462.24,1433.7,0,313.2,4,67.54,157,DEV-78AA1,0
TRX-50319,32.2,Vestuario,Cartao_Credito,Desktop,1826.73,847.4,0,195.0,1,43.91,433,DEV-8C9FA,1
TRX-50320,40.6,Vestuario,Pix,Mobile,103.7,1312.3,1,111.0,2,-41.26,401,DEV-4E448,0
TRX-50321,29.6,Eletronicos,Cartao_Credito,Mobile,62.77,86.0,0,395.3,6,-103.62,150,DEV-E5A68,1
TRX-50322,38.0,Vestuario,Cartao_Credito,Mobile,749.87,62.2,0,298.3,2,-77.47,340,DEV-8F31B,1
TRX-50323,18.2,Vestuario,Pix,Mobile,92.98,513.7,1,91.0,5,-168.95,100,DEV-9CFA1,0
TRX-50324,42.0,Vestuario,Pix,Mobile,351.94,828.2,0,21.0,8,175.94,235,DEV-2C4BF,0
TRX-50325,43.8,Eletronicos,Boleto,Mobile,824.32,423.2,2,10.2,3,-193.05,128,DEV-2A7C8,0
TRX-50326,45.2, ELETRONICOS ,Cartao_Credito,Mobile,3291.46,1315.4,2,24.3,3,-47.37,704,DEV-41DF9,1
TRX-50327,34.7,Beleza,Pix,Mobile,350.01,893.0,1,19.2,3,-19.21,255,DEV-90B2F,0
TRX-50328,36.1,Games,Pix,Mobile,478.2,1795.8,0,102.6,2,-75.64,317,DEV-BCBD6,0
TRX-50329,35.5,eletronicos,Pix,Mobile,,847.4,0,165.6,7,169.61,644,DEV-AC803,0
TRX-50330,31.7,Vestuario,Cartao_Credito,Desktop,145.4,1389.7,0,411.3,2,61.25,492,DEV-D906D,0
TRX-50331,34.9,Eletronicos,Pix,Mobile,362.75,277.6,0,95.1,7,-20.47,386,DEV-3EE9A,0
TRX-50332,30.1,Beleza,Cartao_Credito,Mobile,192.37,81.3,0,27.7,3,37.75,991,DEV-D8699,0
TRX-50333,31.5,Eletronicos,Pix,Mobile,647.17,979.5,0,132.5,5,-184.86,133,DEV-E0973,0
TRX-50334,,Eletronicos,Cartao_Credito,Mobile,745.42,32.0,0,80.5,1,80.11,801,DEV-D814D,0
TRX-50335,34.2,Eletronicos,Pix,Mobile,164.24,673.5,0,25.2,1,-60.07,466,DEV-9516A,0
TRX-50336,43.5,Vestuario,Cartao_Credito,Mobile,337.07,1226.6,2,108.7,2,-265.28,413,DEV-4E77E,1
TRX-50337,22.8, ELETRONICOS ,Cartao_Credito,Desktop,106.03,961.5,0,45.2,3,7.61,735,DEV-5F109,0
TRX-50338,29.3,Beleza,Boleto,Mobile,737.45,990.9,1,68.1,4,-72.38,626,DEV-4F1E2,0
TRX-50339,29.5,Eletronicos,Cartao_Credito,Desktop,106.47,532.5,0,332.6,4,-194.73,595,DEV-D6471,0
TRX-50340,,Eletronicos,Cartao_Credito,Desktop,309.66,275.3,2,163.0,6,-120.76,288,DEV-AE2CB,1
TRX-50341,23.8,Eletronicos,Boleto,Desktop,20.66,1184.9,0,28.3,3,-133.96,723,DEV-4080D,0
TRX-50342,24.7,Games,Pix,Mobile,512.13,1273.6,0,538.3,3,-158.28,102,DEV-78399,0
TRX-50343,32.3,Vestuario,Voucher,Mobile,404.22,137.8,1,173.3,4,49.27,803,DEV-3728D,1
TRX-50344,25.9,Eletronicos,Cartao_Credito,Tablet,1384.33,268.9,0,79.2,3,-136.47,307,DEV-B04F3,0
TRX-50345,32.0, ELETRONICOS ,Boleto,Mobile,741.97,647.7,0,5.6,4,5.54,174,DEV-7CDA7,0
TRX-50346,51.6,Vestuario,Cartao_Credito,Mobile,,1664.2,1,69.7,2,44.63,872,DEV-46522,0
TRX-50347,25.3,Eletronicos,Cartao_Credito,Mobile,673.12,1468.9,0,496.9,5,43.24,259,DEV-31A8B,0
TRX-50348,33.1,Eletronicos,Pix,Mobile,962.84,40.1,0,2.4,1,7.5,419,DEV-E9C41,0
TRX-50349,,Beleza,Boleto,Mobile,214.57,424.7,1,872.8,3,29.91,836,DEV-6A21A,1
TRX-50350,28.8,Vestuario,Boleto,Mobile,499.94,1476.6,0,259.0,2,127.22,872,DEV-552E8,0
TRX-50351,23.6,eletronicos,Cartao_Credito,Mobile,444.84,168.6,1,116.4,3,191.15,124,DEV-26AC9,1
TRX-50352,29.2,Eletronicos,Pix,Mobile,1484.91,1720.7,1,88.8,3,-59.35,685,DEV-25388,1
TRX-50353,12.7, ELETRONICOS ,Pix,Desktop,72.29,1652.4,1,45.5,5,19.9,706,DEV-8B254,0
TRX-50354,43.0,Eletronicos,Pix,Mobile,245.94,639.5,0,86.8,6,23.7,174,DEV-4E9D2,0
TRX-50355,34.2,eletronicos,Cartao_Credito,Mobile,280.52,311.7,0,89.8,2,-81.8,792,DEV-4D121,0
TRX-50356,31.4,Eletronicos,Cartao_Credito,Mobile,168.95,1654.3,0,308.7,5,-70.67,498,DEV-EED6F,0
TRX-50357,34.7,Vestuario,Pix,Mobile,67.73,1052.6,0,287.6,3,-30.48,742,DEV-84BAE,0
TRX-50358,31.4,Vestuario,Cartao_Credito,Mobile,362.2,1115.9,2,122.0,4,-37.95,853,DEV-90911,0
TRX-50359,50.3,Eletronicos,Pix,Mobile,113.64,1324.1,1,42.7,3,-18.29,555,DEV-CC018,0
TRX-50360,47.0,Eletronicos,Pix,Mobile,705.37,783.0,0,18.2,4,132.4,522,DEV-3AFD2,0
TRX-50361,52.5,Beleza,Cartao_Credito,Mobile,410.48,975.9,1,196.1,5,103.57,701,DEV-3F0A8,0
TRX-50362,40.7,Vestuario,Voucher,Desktop,774.7,715.4,0,197.9,3,111.62,849,DEV-A1327,1
TRX-50363,42.8,Eletronicos,Cartao_Credito,Mobile,,1251.7,1,539.5,3,13.87,374,DEV-B782D,0
TRX-50364,,Vestuario,Cartao_Credito,Mobile,1096.09,1083.7,1,199.7,7,-18.39,893,DEV-330A4,1
TRX-50365,30.8, ELETRONICOS ,Cartao_Credito,Mobile,,521.0,1,8.6,1,-143.18,649,DEV-4C1DE,1
TRX-50366,15.5,Eletronicos,Cartao_Credito,Desktop,200.41,57.5,0,102.0,3,57.41,304,DEV-21886,0
TRX-50367,34.8,Eletronicos,Pix,Desktop,214.87,414.5,0,14.7,2,-111.23,543,DEV-E9CFE,0
TRX-50368,41.4,Eletronicos,Cartao_Credito,Mobile,638.89,788.8,1,298.0,3,97.69,726,DEV-228E4,0
TRX-50369,35.0,Vestuario,Boleto,Mobile,590.73,1097.8,1,96.4,4,62.71,196,DEV-5DDDA,0
TRX-50370,49.0,Eletronicos,Cartao_Credito,Mobile,,1135.8,1,26.1,2,-13.22,907,DEV-6AA00,0
TRX-50371,31.3,Vestuario,Cartao_Credito,Mobile,681.33,1069.2,0,82.5,2,-117.24,350,DEV-9DB21,0
TRX-50372,, ELETRONICOS ,Pix,Desktop,159.09,1377.7,0,122.8,3,14.4,692,DEV-51B58,0
TRX-50373,31.6,Eletronicos,Pix,Mobile,2057.69,1064.9,2,126.8,3,190.86,188,DEV-4C90A,1
TRX-50374,53.1,Vestuario,Boleto,Mobile,649.82,984.9,0,79.9,4,-46.6,972,DEV-993B6,0
TRX-50375,16.4,Vestuario,Pix,Mobile,403.89,1655.4,0,65.5,2,-220.9,637,DEV-8FE7B,0
TRX-50376,48.7,Eletronicos,Cartao_Credito,Mobile,555.57,256.0,1,91.4,4,-170.39,728,DEV-D84B3,0
TRX-50377,34.8,Vestuario,Cartao_Credito,Mobile,503.8,295.5,0,199.6,1,17.36,753,DEV-DBE58,1
TRX-50378,39.4,Eletronicos,Cartao_Credito,Desktop,1529.75,870.4,0,223.5,2,-37.1,894,DEV-BFDE2,1
TRX-50379,12.0,Vestuario,Cartao_Credito,Mobile,704.41,956.2,1,196.2,4,-38.94,207,DEV-84E9B,0
TRX-50380,21.6,Vestuario,Boleto,Desktop,857.37,795.9,1,18.6,5,44.62,650,DEV-3B9DB,1
TRX-50381,36.0,Beleza,Cartao_Credito,Mobile,847.62,794.0,0,12.3,5,13.4,490,DEV-5B50F,0
TRX-50382,42.8, ELETRONICOS ,Pix,Desktop,453.05,1677.1,1,9.2,7,73.65,397,DEV-2B6E9,0
TRX-50383,34.0,Eletronicos,Pix,Mobile,819.56,1457.0,2,44.6,2,57.96,409,DEV-84736,0
TRX-50384,25.8,eletronicos,Boleto,Desktop,684.92,399.4,0,175.5,7,-209.95,335,DEV-865C9,0
TRX-50385,35.2,Games,Cartao_Credito,Mobile,159.6,623.1,1,4.4,6,-96.02,782,DEV-850B6,0
TRX-50386,28.1,Beleza,Pix,Desktop,570.6,1305.9,1,99.1,3,94.59,808,DEV-CBFB3,0
TRX-50387,59.8,Beleza,Cartao_Credito,Mobile,41.57,1313.7,0,86.9,2,-51.97,825,DEV-4FD70,0
TRX-50388,42.2,Vestuario,Boleto,Mobile,232.09,865.7,1,36.2,1,-120.64,965,DEV-C9253,0
TRX-50389,37.1, ELETRONICOS ,Cartao_Credito,SmartTV,319.86,175.5,0,2.6,0,-16.63,903,DEV-A78D0,0
TRX-50390,50.0,eletronicos,Cartao_Credito,Mobile,38.38,1529.3,0,45.1,2,105.44,380,DEV-EE4B1,0
TRX-50391,38.6,Eletronicos,Cartao_Credito,Desktop,2985.14,846.3,3,91.7,1,139.02,695,DEV-EC112,1
TRX-50392,49.1,Vestuario,Pix,Mobile,415.44,1164.3,0,24.5,2,75.85,204,DEV-9ACE6,0
TRX-50393,67.9,Eletronicos,Cartao_Credito,Desktop,1234.44,454.3,1,72.8,4,2.34,479,DEV-E2487,0
TRX-50394,30.2, ELETRONICOS ,Cartao_Credito,Tablet,606.63,786.1,0,7.2,9,-74.38,381,DEV-302F0,0
TRX-50395,47.7,eletronicos,Boleto,Mobile,573.11,1650.3,0,164.0,6,-16.09,495,DEV-59203,0
TRX-50396,55.4,Vestuario,Cartao_Credito,Mobile,,807.5,3,196.4,2,76.25,619,DEV-38C53,0
TRX-50397,35.3,Eletronicos,Cartao_Credito,Mobile,276.23,495.2,0,11.7,3,-79.57,862,DEV-E5484,0
TRX-50398,37.8,Eletronicos,Cartao_Credito,SmartTV,390.52,301.9,1,130.4,3,123.79,761,DEV-A99ED,0
TRX-50399,42.6,Beleza,Cartao_Credito,Mobile,869.91,364.0,0,20.9,1,-109.23,835,DEV-A4906,0
TRX-50400,21.8,Beleza,Pix,Desktop,170.76,132.3,0,0.8,1,135.8,862,DEV-34657,0
TRX-50401,39.4,Eletronicos,Boleto,Mobile,942.48,723.1,1,15.7,2,20.97,376,DEV-46CBD,1
TRX-50402,26.1,Eletronicos,Voucher,SmartTV,778.32,1056.9,0,259.3,3,134.5,320,DEV-38176,1
TRX-50403,24.9, ELETRONICOS ,Cartao_Credito,Mobile,108.42,376.0,0,48.3,3,-166.43,633,DEV-78069,0
TRX-50404,45.6, ELETRONICOS ,Boleto,Tablet,520.25,523.9,1,12.4,5,293.66,226,DEV-5DA43,0
TRX-50405,46.0,Vestuario,Voucher,Mobile,424.89,396.1,3,112.7,5,36.05,330,DEV-65D01,0
TRX-50406,38.5,Beleza,Cartao_Credito,Mobile,369.45,1183.2,0,496.2,3,215.28,432,DEV-D927C,0
TRX-50407,29.6,Eletronicos,Cartao_Credito,Mobile,411.24,1585.0,1,120.2,5,-222.42,372,DEV-AB199,0
TRX-50408,45.5,Vestuario,Boleto,Desktop,220.35,330.6,0,89.1,1,33.02,742,DEV-57B30,1
TRX-50409,39.8,Eletronicos,Cartao_Credito,Mobile,857.45,359.1,0,673.4,6,-66.21,134,DEV-4CA62,1
TRX-50410,40.7,Eletronicos,Cartao_Credito,SmartTV,1681.37,881.8,1,162.5,1,71.83,462,DEV-EB5E3,1
TRX-50411,42.1,Eletronicos,Cartao_Credito,Mobile,920.49,48.3,2,202.0,3,92.8,187,DEV-90243,1
TRX-50412,35.1,Vestuario,Cartao_Credito,Desktop,,1296.9,0,6.6,5,-54.18,865,DEV-E1224,0
TRX-50413,38.6,Beleza,Cartao_Credito,Mobile,132.39,840.1,2,41.3,5,-273.59,664,DEV-792FF,0
TRX-50414,31.3,Eletronicos,Boleto,Tablet,743.92,1448.4,0,9.4,2,55.21,298,DEV-249C9,0
TRX-50415,45.3,Eletronicos,Cartao_Credito,Mobile,326.84,764.8,0,25.9,1,-6.2,333,DEV-ECE49,1
TRX-50416,43.1,Vestuario,Pix,Mobile,372.2,1332.1,1,415.8,2,229.06,836,DEV-22E1D,0
TRX-50417,47.8,Eletronicos,Cartao_Credito,Desktop,379.43,80.3,0,114.3,2,71.17,294,DEV-37CA6,0
TRX-50418,20.4,Vestuario,Boleto,Mobile,1074.84,55.9,0,197.4,3,-164.57,439,DEV-DD445,1
TRX-50419,44.3,Eletronicos,Boleto,Mobile,683.63,1313.7,0,105.4,5,-56.91,263,DEV-A29F3,0
TRX-50420,41.4, ELETRONICOS ,Boleto,SmartTV,230.5,1488.8,1,39.2,5,-221.79,714,DEV-6A4B3,0
TRX-50421,22.9, ELETRONICOS ,Cartao_Credito,Mobile,640.73,485.0,4,48.4,5,43.53,422,DEV-BD1C6,1
TRX-50422,46.1,Eletronicos,Cartao_Credito,Mobile,1553.39,1436.6,0,24.2,5,131.97,719,DEV-66005,0
TRX-50423,29.2,Beleza,Boleto,Mobile,269.99,623.3,0,13.4,5,73.09,306,DEV-B05B5,0
TRX-50424,34.3,Beleza,Cartao_Credito,Mobile,172.69,671.3,0,42.1,4,-155.17,111,DEV-69916,0
TRX-50425,45.0,Eletronicos,Cartao_Credito,Mobile,468.32,1019.0,1,73.3,5,-89.52,379,DEV-91FFC,0
TRX-50426,,eletronicos,Voucher,Mobile,1053.88,200.2,2,298.1,4,-138.28,587,DEV-2456B,1
TRX-50427,41.1,Vestuario,Cartao_Credito,Mobile,,282.9,1,185.7,2,-105.46,533,DEV-CA701,1
TRX-50428,21.4,Beleza,Cartao_Credito,Mobile,443.77,1648.2,0,110.7,1,34.05,853,DEV-2C361,0
TRX-50429,47.1,Eletronicos,Pix,Mobile,172.66,694.5,0,30.4,2,74.99,694,DEV-BF6B4,0
TRX-50430,50.6,Eletronicos,Cartao_Credito,Mobile,502.12,1442.6,0,345.9,2,148.47,567,DEV-19B1D,1
TRX-50431,36.0,Vestuario,Pix,Desktop,1656.39,223.5,0,446.0,7,-180.92,361,DEV-78FD9,0
TRX-50432,17.1,Vestuario,Cartao_Credito,Mobile,444.58,1315.1,4,298.8,2,300.03,734,DEV-93D13,1
TRX-50433,37.5,Eletronicos,Boleto,Mobile,586.89,1027.1,0,381.5,5,175.89,613,DEV-27EFB,0
TRX-50434,49.4, ELETRONICOS ,Cartao_Credito,Desktop,463.1,1435.9,1,7.6,4,-43.19,771,DEV-A0AF0,0
TRX-50435,46.1,Games,Cartao_Credito,Desktop,1061.91,404.4,1,277.9,5,53.35,589,DEV-1E3D6,1
TRX-50436,42.1,Vestuario,Pix,Mobile,153.05,1780.8,0,198.3,3,-122.52,539,DEV-A924A,0
TRX-50437,46.5,Beleza,Pix,SmartTV,1102.77,578.2,0,101.8,3,-218.63,569,DEV-387BC,0
TRX-50438,28.9,Eletronicos,Cartao_Credito,Mobile,168.77,828.9,1,357.7,6,-152.96,699,DEV-1DF21,0
TRX-50439,38.5,Games,Pix,Desktop,653.6,403.4,2,222.2,2,-85.2,188,DEV-4AEC3,0
TRX-50440,29.1,eletronicos,Cartao_Credito,Desktop,84.09,577.1,0,19.5,2,75.44,235,DEV-AFC4A,0
TRX-50441,30.3,Games,Cartao_Credito,Mobile,,1745.3,0,32.9,1,37.4,937,DEV-39839,0
TRX-50442,28.4,Beleza,Cartao_Credito,Mobile,354.79,782.9,1,131.9,6,-76.89,624,DEV-24678,0
TRX-50443,28.4,Vestuario,Cartao_Credito,Desktop,1262.72,114.0,1,63.4,3,83.69,904,DEV-81485,1
TRX-50444,64.7,Eletronicos,Cartao_Credito,Tablet,271.51,885.8,0,286.5,5,183.98,560,DEV-90F4D,0
TRX-50445,49.1,Eletronicos,Pix,Mobile,872.62,1558.5,0,331.6,2,112.41,166,DEV-9D3E7,0
TRX-50446,31.4,Beleza,Pix,Mobile,81.74,1154.7,0,97.8,5,-148.42,609,DEV-D5363,0
TRX-50447,43.7,Eletronicos,Cartao_Credito,Desktop,2624.77,881.6,1,0.0,2,-8.29,900,DEV-A39EB,1
TRX-50448,28.2,Eletronicos,Pix,Mobile,857.29,1661.6,1,18.0,2,-51.3,960,DEV-64A46,0
TRX-50449,24.9,Games,Cartao_Credito,Mobile,1495.74,896.5,1,40.8,4,-177.66,173,DEV-BB28E,0
TRX-50450,46.8,Vestuario,Pix,Desktop,164.97,82.9,0,5.4,4,-111.28,853,DEV-572DA,0
TRX-50451,27.5,Eletronicos,Cartao_Credito,Desktop,103.35,712.7,1,88.8,2,-23.6,630,DEV-939A4,0
TRX-50452,21.6,Eletronicos,Cartao_Credito,Mobile,1957.87,1638.7,0,49.9,3,-42.11,739,DEV-AB4C7,0
TRX-50453,39.7, ELETRONICOS ,Cartao_Credito,Desktop,,200.5,1,59.4,3,-85.8,748,DEV-B7C7A,1
TRX-50454,31.4,Beleza,Cartao_Credito,Mobile,1100.74,1112.6,2,47.4,2,31.32,693,DEV-DFCEA,0
TRX-50455,50.5,Eletronicos,Boleto,Mobile,1307.01,883.0,0,207.4,5,-155.62,115,DEV-967C5,1
TRX-50456,27.0,Vestuario,Cartao_Credito,Tablet,101.21,1271.2,1,80.4,6,187.39,304,DEV-4B079,0
TRX-50457,40.9,Eletronicos,Cartao_Credito,Mobile,,334.4,0,111.4,3,62.92,424,DEV-72072,0
TRX-50458,41.2, ELETRONICOS ,Pix,Desktop,4525.33,1740.7,1,215.1,2,-15.44,349,DEV-4A4DF,1
TRX-50459,,Eletronicos,Pix,Desktop,29.76,1284.7,1,344.9,2,-130.21,381,DEV-A9FEC,0
TRX-50460,49.7,eletronicos,Cartao_Credito,Mobile,350.95,688.3,1,44.6,2,-205.49,270,DEV-60782,0
TRX-50461,41.4,Vestuario,Cartao_Credito,Mobile,39.26,346.5,0,6.2,2,-199.53,628,DEV-514F0,0
TRX-50462,38.0, ELETRONICOS ,Cartao_Credito,Mobile,1082.73,140.9,1,196.6,3,86.96,211,DEV-36971,1
TRX-50463,44.7,Games,Voucher,Desktop,174.85,61.3,0,150.1,3,18.59,283,DEV-27910,0
TRX-50464,29.6,eletronicos,Cartao_Credito,Mobile,880.5,136.0,0,545.9,5,109.58,861,DEV-34A59,0
TRX-50465,28.3,Games,Voucher,Tablet,935.17,1590.8,0,307.5,2,-42.18,187,DEV-2F51D,1
TRX-50466,37.7,Eletronicos,Boleto,Mobile,70.78,1382.6,0,220.0,3,-87.87,484,DEV-743B9,0
TRX-50467,42.1,Vestuario,Cartao_Credito,Desktop,668.2,228.7,0,192.2,3,129.08,404,DEV-AF2F6,0
TRX-50468,35.0,Eletronicos,Pix,Mobile,59.55,1544.7,1,78.8,2,-57.78,285,DEV-3A9C4,0
TRX-50469,35.3,Eletronicos,Cartao_Credito,Mobile,50.98,820.1,1,35.9,3,-189.63,248,DEV-2E332,0
TRX-50470,35.1, ELETRONICOS ,Pix,Mobile,,1579.7,1,53.5,5,53.82,816,DEV-C92AA,0
TRX-50471,39.9,Eletronicos,Cartao_Credito,Tablet,64.95,955.7,0,101.6,5,-35.06,689,DEV-3112F,0
TRX-50472,46.1,Eletronicos,Cartao_Credito,Mobile,,627.2,0,56.4,3,85.15,624,DEV-539C7,0
TRX-50473,37.8,Eletronicos,Cartao_Credito,Desktop,,263.2,1,11.7,6,-77.93,378,DEV-DE718,0
TRX-50474,34.2,Beleza,Cartao_Credito,Mobile,219.87,770.2,1,17.3,4,0.29,980,DEV-1D894,0
TRX-50475,26.3,Games,Boleto,Desktop,682.34,207.0,0,182.7,1,-154.02,696,DEV-A4398,1
TRX-50476,56.2,Eletronicos,Boleto,Mobile,485.23,1032.6,0,253.4,4,-25.53,944,DEV-9EA23,0
TRX-50477,52.2,Eletronicos,Cartao_Credito,Mobile,939.49,1482.5,2,72.3,4,99.64,271,DEV-DEA9E,0
TRX-50478,27.0,Beleza,Cartao_Credito,Mobile,347.98,675.4,0,13.6,0,-133.56,691,DEV-378F0,0
TRX-50479,30.3,Eletronicos,Boleto,SmartTV,1427.53,480.2,2,61.8,4,-39.06,741,DEV-C2D8B,0
TRX-50480,40.0, ELETRONICOS ,Cartao_Credito,Mobile,38.99,440.4,0,131.0,4,75.88,497,DEV-E347A,0
TRX-50481,40.3,Vestuario,Pix,Mobile,234.56,123.8,0,51.7,2,100.65,485,DEV-4A796,0
TRX-50482,40.8,Beleza,Cartao_Credito,Mobile,267.44,1193.4,2,63.7,2,-59.18,739,DEV-90A0C,0
TRX-50483,38.5,Beleza,Cartao_Credito,Mobile,229.94,361.3,0,100.6,3,232.16,232,DEV-38C2D,0
TRX-50484,49.4,Eletronicos,Cartao_Credito,Mobile,323.86,1460.8,0,63.8,3,145.23,449,DEV-80F33,0
TRX-50485,50.3,Beleza,Cartao_Credito,Desktop,165.71,1322.5,2,3.4,3,-114.56,697,DEV-93A70,0
TRX-50486,42.8,Beleza,Boleto,Desktop,1707.4,1311.6,0,16.0,2,5.73,979,DEV-B50A8,0
TRX-50487,20.3,Games,Pix,Desktop,256.38,1354.9,0,191.4,6,-143.52,536,DEV-86B0C,0
TRX-50488,,Eletronicos,Cartao_Credito,Mobile,1458.25,218.5,1,361.7,5,-19.11,348,DEV-1C255,1
TRX-50489,31.4,Games,Pix,Desktop,70.6,1227.2,0,83.7,3,92.24,695,DEV-5B1CA,0
TRX-50490,22.5,Eletronicos,Cartao_Credito,Mobile,430.85,45.3,0,258.4,3,89.01,939,DEV-AAFC4,1
TRX-50491,32.1,Beleza,Cartao_Credito,Mobile,262.86,264.3,0,218.6,2,9.48,745,DEV-6F203,1
TRX-50492,41.0,Beleza,Pix,Mobile,938.12,549.1,1,92.2,2,-19.55,970,DEV-9564F,0
TRX-50493,22.0,Vestuario,Cartao_Credito,Mobile,48.35,962.0,2,269.0,5,-99.57,485,DEV-C951F,0
TRX-50494,45.3,Games,Cartao_Credito,Mobile,1007.93,823.9,0,225.0,5,-116.36,493,DEV-8FA54,1
TRX-50495,46.5, ELETRONICOS ,Cartao_Credito,Mobile,1931.16,1645.4,2,3.0,2,-97.09,260,DEV-E7CD1,0
TRX-50496,23.6,Vestuario,Cartao_Credito,Mobile,1349.18,1345.8,0,83.1,0,-169.47,182,DEV-C206A,1
TRX-50497,30.9,Vestuario,Cartao_Credito,Mobile,1561.7,57.9,0,251.7,2,-148.72,122,DEV-B7DBB,1
TRX-50498,46.1,Games,Pix,Mobile,1894.22,800.6,1,190.6,1,28.04,136,DEV-F3130,1
TRX-50499,43.2,Eletronicos,Pix,Mobile,122.73,514.2,0,31.3,4,-218.56,359,DEV-CCE97,0
TRX-50500,34.2,Eletronicos,Boleto,Tablet,739.26,1552.8,0,10.7,5,-156.92,907,DEV-F0610,0
TRX-50501,52.5,Vestuario,Boleto,Tablet,155.92,1304.4,0,210.0,1,187.31,268,DEV-3E130,0
TRX-50502,47.1,Beleza,Cartao_Credito,Mobile,260.69,1020.1,3,60.4,4,116.28,364,DEV-9C873,1
TRX-50503,35.4, ELETRONICOS ,Pix,Mobile,163.18,840.2,1,13.5,5,30.31,953,DEV-DCFC8,0
TRX-50504,, ELETRONICOS ,Cartao_Credito,Desktop,420.34,514.2,1,101.6,3,-71.53,831,DEV-7D212,0
TRX-50505,,Games,Cartao_Credito,Mobile,1185.62,251.4,1,68.8,4,-92.02,765,DEV-817F3,0
TRX-50506,23.5,Vestuario,Boleto,Mobile,2135.84,532.1,1,68.5,1,-54.69,792,DEV-41CBD,1
TRX-50507,32.4,Eletronicos,Cartao_Credito,Desktop,302.45,550.4,2,20.1,2,-110.62,270,DEV-DD44B,1
TRX-50508,44.2,Vestuario,Cartao_Credito,Mobile,38.1,455.8,1,197.5,8,55.01,704,DEV-85D3E,0
TRX-50509,52.1,Eletronicos,Cartao_Credito,Mobile,212.41,816.5,1,160.9,3,56.05,836,DEV-3D0EF,0
TRX-50510,39.5,Vestuario,Boleto,Mobile,382.18,665.4,0,162.3,2,81.43,136,DEV-B9C6C,0
TRX-50511,38.2,Vestuario,Boleto,Mobile,214.21,1033.2,2,36.4,3,-70.44,346,DEV-188C9,0
TRX-50512,-5.0,Beleza,Pix,Mobile,1412.94,1153.5,0,51.5,1,-55.75,842,DEV-30B1F,1
TRX-50513,36.2,Games,Cartao_Credito,Desktop,296.05,141.6,1,139.3,2,-69.19,512,DEV-4AEE4,0
TRX-50514,42.2,Eletronicos,Cartao_Credito,Desktop,446.62,1581.9,0,66.0,1,6.7,488,DEV-900CB,0
TRX-50515,45.9,Vestuario,Cartao_Credito,Desktop,1065.08,1070.9,0,119.3,1,59.49,734,DEV-9E6A9,1
TRX-50516,47.7,Beleza,Cartao_Credito,Desktop,412.09,531.1,0,239.4,2,-80.18,144,DEV-1C563,0
TRX-50517,, ELETRONICOS ,Cartao_Credito,Desktop,637.75,155.0,0,154.2,4,-82.68,202,DEV-EE5D0,0
TRX-50518,40.9,Beleza,Boleto,Mobile,1413.43,886.7,1,48.9,3,113.96,493,DEV-E7D6B,0
TRX-50519,26.0,eletronicos,Pix,Desktop,926.91,302.6,1,5.5,4,73.74,461,DEV-1EB98,0
TRX-50520,33.1,Vestuario,Pix,Desktop,1118.41,978.4,1,2.1,2,-100.46,246,DEV-504EF,1
TRX-50521,52.4,Eletronicos,Cartao_Credito,Desktop,47.17,516.2,0,58.2,4,-60.83,349,DEV-1FD6C,0
TRX-50522,28.7,Games,Boleto,Mobile,401.31,859.3,0,39.8,2,-21.95,574,DEV-B4558,0
TRX-50523,24.5,Games,Cartao_Credito,Mobile,253.68,677.0,1,251.9,5,152.03,523,DEV-CF264,0
TRX-50524,29.6,eletronicos,Cartao_Credito,Mobile,47.56,792.0,0,186.5,1,-16.56,631,DEV-26F40,0
TRX-50525,29.8,Beleza,Pix,Mobile,116.11,164.5,0,104.0,7,-144.35,123,DEV-D4162,0
TRX-50526,,Beleza,Boleto,Mobile,225.04,1170.3,1,45.0,2,-55.75,746,DEV-47180,0
TRX-50527,25.3,Beleza,Cartao_Credito,Tablet,252.33,478.4,0,677.7,2,-25.65,799,DEV-44251,1
TRX-50528,40.7,Games,Pix,Mobile,440.65,1507.5,1,40.4,4,346.61,566,DEV-76344,0
TRX-50529,11.1,eletronicos,Cartao_Credito,Tablet,2220.39,449.1,0,180.1,11,-64.77,463,DEV-C2A0D,0
TRX-50530,35.7,Games,Cartao_Credito,Tablet,457.14,520.2,3,3.4,3,4.02,759,DEV-A2006,0
TRX-50531,30.2,Vestuario,Pix,Mobile,999.02,139.7,0,53.3,1,58.18,918,DEV-2B56B,1
TRX-50532,35.8,Eletronicos,Boleto,Mobile,240.67,1249.4,1,35.8,5,40.11,742,DEV-45BAE,0
TRX-50533,38.2, ELETRONICOS ,Cartao_Credito,Desktop,324.69,192.5,0,163.8,5,139.9,374,DEV-C0905,0
TRX-50534,58.2,Eletronicos,Pix,Desktop,1517.22,1785.5,1,177.3,4,75.89,868,DEV-C0BA2,1
TRX-50535,55.8,Beleza,Cartao_Credito,Desktop,1101.08,1534.4,1,181.0,4,27.69,701,DEV-E04F8,0
TRX-50536,46.0,Beleza,Boleto,Mobile,128.33,890.3,1,126.8,2,70.88,294,DEV-2E8C7,0
TRX-50537,48.4,Eletronicos,Cartao_Credito,Mobile,176.89,435.6,0,116.4,5,-105.05,677,DEV-5ABB2,0
TRX-50538,36.1,Vestuario,Cartao_Credito,Tablet,651.57,154.1,0,159.7,5,-221.09,340,DEV-1D7F9,0
TRX-50539,39.6,Vestuario,Pix,Desktop,36.06,137.9,1,195.2,1,13.06,323,DEV-2CF47,0
TRX-50540,56.5,Games,Boleto,Mobile,751.26,25.7,1,430.3,3,27.69,498,DEV-F22DF,1
TRX-50541,40.9,Beleza,Cartao_Credito,Mobile,133.51,976.9,0,138.2,7,-220.24,258,DEV-3F1F9,0
TRX-50542,24.4,Vestuario,Boleto,Mobile,122.24,475.7,2,10.7,1,8.04,915,DEV-9EDA0,1
TRX-50543,31.8,Beleza,Pix,Tablet,84.46,812.6,2,13.3,1,94.7,411,DEV-C228B,0
TRX-50544,37.0,Eletronicos,Pix,Mobile,57.41,1139.2,0,161.3,4,32.93,750,DEV-BD92B,0
TRX-50545,39.2,eletronicos,Cartao_Credito,Mobile,120.18,1144.1,1,283.0,7,81.89,155,DEV-739EB,0
TRX-50546,51.6,Vestuario,Boleto,Tablet,1234.61,833.0,1,224.0,3,-54.74,585,DEV-676BB,0
TRX-50547,21.9,Eletronicos,Pix,Tablet,549.1,371.6,0,66.8,5,128.51,358,DEV-9DA32,0
TRX-50548,41.3,Vestuario,Boleto,Mobile,1129.06,1600.8,1,330.7,4,-99.36,592,DEV-3F025,1
TRX-50549,35.0,eletronicos,Cartao_Credito,Mobile,839.06,179.9,1,27.0,5,1.34,961,DEV-A1E3E,0
TRX-50550,43.5, ELETRONICOS ,Cartao_Credito,Mobile,364.99,702.5,0,7.7,2,237.94,607,DEV-77974,0
TRX-50551,31.8,Beleza,Cartao_Credito,Mobile,1077.6,1422.6,0,98.4,3,-107.17,870,DEV-44DAA,0
TRX-50552,24.2, ELETRONICOS ,Cartao_Credito,Mobile,732.49,904.0,1,41.0,4,215.71,733,DEV-CAA41,0
TRX-50553,31.9,Beleza,Pix,Mobile,1592.14,509.5,0,57.1,4,274.41,644,DEV-D2C01,0
TRX-50554,39.6,Eletronicos,Pix,Mobile,258.07,1454.7,0,52.1,6,-180.4,820,DEV-EB9CB,0
TRX-50555,41.2, ELETRONICOS ,Voucher,Tablet,770.51,1430.8,1,55.6,5,88.96,271,DEV-1F459,0
TRX-50556,30.3,Vestuario,Cartao_Credito,Desktop,265.76,959.1,0,102.2,2,8.93,903,DEV-EFFD5,0
TRX-50557,37.8,Eletronicos,Boleto,Desktop,413.16,544.2,0,3.0,5,-43.97,663,DEV-38247,0
TRX-50558,33.2,Eletronicos,Cartao_Credito,Mobile,1685.02,1496.1,0,34.3,0,-159.91,103,DEV-B07B5,0
TRX-50559,30.1, ELETRONICOS ,Pix,Mobile,,289.3,0,161.3,4,53.9,335,DEV-56D72,1
TRX-50560,37.6,Eletronicos,Pix,Mobile,,1635.8,0,246.2,2,-91.7,362,DEV-CEE16,0
TRX-50561,45.1,Eletronicos,Boleto,Mobile,191.54,1225.7,0,498.4,2,-1.47,746,DEV-1989C,1
TRX-50562,32.9,Vestuario,Cartao_Credito,Mobile,277.16,93.2,1,38.5,3,103.96,230,DEV-231D7,0
TRX-50563,36.0,Eletronicos,Cartao_Credito,Mobile,124.59,1724.6,1,350.9,3,39.12,420,DEV-7AFEC,0
TRX-50564,44.0,Eletronicos,Pix,Mobile,189.91,1256.2,0,20.9,4,12.69,637,DEV-224D3,0
TRX-50565,33.2,Vestuario,Cartao_Credito,Desktop,724.26,1270.1,0,578.2,4,-171.65,427,DEV-E1AE1,1
TRX-50566,58.2,eletronicos,Boleto,Mobile,46.16,357.8,0,1.2,5,72.11,645,DEV-63511,0
TRX-50567,22.7,Eletronicos,Boleto,Mobile,21.55,996.5,0,126.6,5,-126.95,970,DEV-1A5A5,0
TRX-50568,37.1,Vestuario,Cartao_Credito,Mobile,1729.53,1512.1,0,18.5,0,-67.59,969,DEV-8364C,1
TRX-50569,29.3,Vestuario,Cartao_Credito,Mobile,1982.32,1290.2,2,41.6,7,92.41,884,DEV-B6800,0
TRX-50570,16.4,Vestuario,Cartao_Credito,Desktop,148.96,274.6,0,7.2,2,-9.64,311,DEV-EF8E5,0
TRX-50571,40.1,Eletronicos,Voucher,Mobile,695.8,556.2,1,92.0,2,208.86,723,DEV-9F9B1,0
TRX-50572,27.5, ELETRONICOS ,Cartao_Credito,Desktop,735.71,152.7,0,138.7,5,-45.32,440,DEV-DCFAA,0
TRX-50573,47.3,Eletronicos,Pix,Desktop,2384.81,251.9,3,70.8,2,60.66,870,DEV-A53CE,1
TRX-50574,46.1,Eletronicos,Boleto,Mobile,1550.73,636.5,2,36.1,2,100.91,630,DEV-EE00F,1
TRX-50575,52.8,eletronicos,Pix,Desktop,886.14,634.1,1,54.3,3,-157.89,302,DEV-191C5,1
TRX-50576,43.1, ELETRONICOS ,Boleto,Desktop,337.46,1677.5,0,192.6,2,85.0,236,DEV-F117A,0
TRX-50577,33.5,Beleza,Cartao_Credito,Mobile,915.34,400.8,0,231.9,3,-54.9,601,DEV-B527D,0
TRX-50578,23.8,Games,Cartao_Credito,Desktop,276.0,1581.0,0,28.3,5,15.59,642,DEV-A0495,0
TRX-50579,38.4,Eletronicos,Boleto,SmartTV,559.19,1556.3,1,58.2,5,-57.59,114,DEV-47D76,0
TRX-50580,39.5,Vestuario,Cartao_Credito,Desktop,978.7,869.9,0,254.3,5,147.71,685,DEV-F2F03,0
TRX-50581,42.5,Vestuario,Voucher,Mobile,402.18,1485.5,4,29.9,4,18.35,769,DEV-4AF86,1
TRX-50582,36.2,eletronicos,Boleto,Mobile,182.29,1207.5,0,19.9,2,55.63,350,DEV-30F69,0
TRX-50583,31.3,Vestuario,Cartao_Credito,Mobile,69.44,315.8,0,20.9,3,176.82,937,DEV-7036C,0
TRX-50584,31.2,Beleza,Boleto,Mobile,37.21,346.1,0,110.1,2,-78.78,384,DEV-D7A04,0
TRX-50585,43.9,Eletronicos,Cartao_Credito,Mobile,132.56,415.8,1,138.6,3,-1.11,216,DEV-D1F02,0
TRX-50586,44.5, ELETRONICOS ,Pix,Desktop,458.18,1374.1,0,48.3,2,91.33,915,DEV-1E3CA,0
TRX-50587,31.8,Eletronicos,Pix,Mobile,224.18,779.2,0,156.2,5,97.65,212,DEV-1B717,0
TRX-50588,22.4,Vestuario,Cartao_Credito,Mobile,342.81,185.2,0,55.4,2,40.65,261,DEV-663E9,0
TRX-50589,34.3, ELETRONICOS ,Boleto,Mobile,218.13,1544.4,0,210.6,3,-100.02,133,DEV-CB296,0
TRX-50590,45.0,Beleza,Cartao_Credito,Desktop,1208.53,736.5,1,174.6,7,-12.09,864,DEV-B4DEF,0
TRX-50591,44.7,Eletronicos,Pix,Mobile,517.39,416.1,0,39.0,1,-70.41,890,DEV-9E0F7,0
TRX-50592,26.5,Games,Cartao_Credito,Desktop,441.24,684.9,0,344.0,0,178.4,267,DEV-AAF75,0
TRX-50593,9.8,Beleza,Cartao_Credito,Mobile,333.87,969.6,1,54.6,6,-55.62,401,DEV-DEDC5,0
TRX-50594,32.2,Beleza,Cartao_Credito,Mobile,372.73,1100.7,0,118.7,5,-42.47,911,DEV-3E2ED,0
TRX-50595,35.5,Eletronicos,Pix,Desktop,1000.57,912.3,0,195.0,6,-110.68,258,DEV-B365A,0
TRX-50596,33.7,Vestuario,Cartao_Credito,Desktop,1340.8,16.1,1,25.4,2,-307.88,897,DEV-59D35,1
TRX-50597,5.7, ELETRONICOS ,Cartao_Credito,Mobile,1124.68,1198.2,0,62.4,5,-259.84,876,DEV-73A60,0
TRX-50598,12.0,Eletronicos,Boleto,Mobile,744.7,1045.9,0,45.0,2,298.42,617,DEV-6044C,0
TRX-50599,31.8,Beleza,Boleto,Mobile,1001.27,113.8,0,211.6,4,83.28,820,DEV-E76CF,0
TRX-50600,15.8,Games,Boleto,Mobile,471.63,1031.4,0,71.4,2,79.91,751,DEV-2D243,0
TRX-50601,33.7, ELETRONICOS ,Cartao_Credito,Mobile,223.82,703.7,0,378.1,2,-143.87,104,DEV-503A4,1
TRX-50602,23.9,Eletronicos,Pix,Mobile,244.07,1013.8,0,59.3,4,215.67,286,DEV-74B72,0
TRX-50603,47.1,Eletronicos,Pix,Mobile,3093.69,1667.4,2,590.0,5,208.61,499,DEV-36454,1
TRX-50604,33.3,eletronicos,Cartao_Credito,Desktop,526.84,389.7,1,217.7,5,-135.13,927,DEV-8D380,0
TRX-50605,41.1,Games,Cartao_Credito,Desktop,1427.81,319.9,1,213.4,4,308.16,913,DEV-3E2D1,1
TRX-50606,44.2,Beleza,Voucher,Desktop,988.2,1559.0,0,55.9,5,-74.15,868,DEV-6D47D,0
TRX-50607,31.0,Vestuario,Cartao_Credito,Mobile,729.18,1622.8,1,129.8,2,30.21,302,DEV-C95A4,0
TRX-50608,31.0,Eletronicos,Cartao_Credito,Mobile,45.72,1626.2,1,351.7,5,-31.4,947,DEV-20F6F,0
TRX-50609,38.7,Vestuario,Cartao_Credito,Mobile,288.93,1499.4,2,261.5,2,80.38,877,DEV-ABDA4,0
TRX-50610,38.1,Vestuario,Pix,Mobile,166.27,1112.8,0,54.7,5,-153.48,235,DEV-DB857,0
TRX-50611,24.7, ELETRONICOS ,Cartao_Credito,Mobile,84.55,1310.2,2,12.7,2,92.96,854,DEV-257D7,0
TRX-50612,37.0,Vestuario,Cartao_Credito,Mobile,175.56,75.2,1,117.9,4,-122.04,577,DEV-C0B56,0
TRX-50613,48.1, ELETRONICOS ,Pix,Mobile,59.39,371.4,1,45.2,5,-161.61,875,DEV-BA03F,0
TRX-50614,39.1,Vestuario,Cartao_Credito,Desktop,142.36,480.1,2,80.3,2,-196.17,330,DEV-4FD08,0
TRX-50615,19.9,eletronicos,Cartao_Credito,Mobile,90.56,1788.2,0,25.4,2,-125.43,212,DEV-8BCBC,0
TRX-50616,43.7,Beleza,Cartao_Credito,Mobile,729.5,1672.2,0,80.8,6,-78.51,845,DEV-B555D,0
TRX-50617,33.5,Beleza,Boleto,Tablet,172.13,430.3,0,143.6,5,88.36,444,DEV-E5F9F,0
TRX-50618,31.1,Vestuario,Pix,Mobile,390.19,257.8,0,337.8,1,49.86,275,DEV-3338D,1
TRX-50619,26.1,Beleza,Cartao_Credito,Desktop,866.51,804.8,0,105.3,3,-48.63,538,DEV-8CD3C,0
TRX-50620,36.0,Beleza,Pix,Mobile,814.64,1587.2,2,47.1,6,-146.48,855,DEV-60116,0
TRX-50621,29.4,Vestuario,Cartao_Credito,Mobile,726.75,540.0,1,8.2,6,59.16,585,DEV-5CBAE,0
TRX-50622,29.8,Vestuario,Cartao_Credito,Mobile,70.0,1497.8,0,402.8,6,-49.48,745,DEV-CF862,0
TRX-50623,11.0,Vestuario,Boleto,Mobile,2826.99,294.1,2,191.4,3,-37.31,263,DEV-C55B6,1
TRX-50624,41.9,Eletronicos,Cartao_Credito,Mobile,632.63,278.2,2,614.1,2,-10.68,322,DEV-D8F85,1
TRX-50625,40.2,Beleza,Cartao_Credito,Mobile,919.82,993.5,0,410.5,3,-150.07,592,DEV-C8D26,1
TRX-50626,40.4,Games,Cartao_Credito,Mobile,482.38,216.6,0,169.3,4,126.53,279,DEV-A22D2,0
TRX-50627,39.4,Vestuario,Cartao_Credito,Desktop,886.95,1792.4,0,36.2,5,-205.87,186,DEV-36F29,0
TRX-50628,54.9,Beleza,Boleto,Mobile,750.57,583.9,0,39.1,4,-289.61,529,DEV-664A2,0
TRX-50629,38.1,Eletronicos,Pix,Desktop,478.49,21.6,0,249.2,5,8.2,651,DEV-3DE37,0
TRX-50630,42.1,eletronicos,Cartao_Credito,Mobile,121.47,683.3,5,142.4,5,51.43,163,DEV-1B867,1
TRX-50631,37.9, ELETRONICOS ,Cartao_Credito,Mobile,485.04,650.6,1,14.3,3,121.2,690,DEV-E6641,0
TRX-50632,26.9,Eletronicos,Boleto,Mobile,64.16,940.9,0,50.4,5,32.2,430,DEV-6E243,0
TRX-50633,40.1,eletronicos,Cartao_Credito,Mobile,390.94,975.9,0,12.6,2,-157.43,717,DEV-BB147,1
TRX-50634,30.1, ELETRONICOS ,Cartao_Credito,Desktop,,427.9,1,93.1,1,-48.48,506,DEV-3556D,0
TRX-50635,27.9,Beleza,Pix,Mobile,68.01,1712.2,0,261.1,5,123.44,568,DEV-3752B,0
TRX-50636,46.3,Games,Cartao_Credito,Mobile,199.16,985.9,1,160.5,2,-173.61,833,DEV-DF6C5,0
TRX-50637,26.5,eletronicos,Cartao_Credito,Mobile,642.72,677.1,0,192.6,1,-74.15,767,DEV-57FB6,0
TRX-50638,35.5,Games,Cartao_Credito,Desktop,227.99,1305.1,1,20.9,4,18.95,417,DEV-B181F,0
TRX-50639,45.5,Eletronicos,Pix,Mobile,954.27,32.5,0,107.6,1,78.39,728,DEV-CDCCE,0
TRX-50640,33.5,Beleza,Pix,Mobile,673.77,1268.6,0,109.6,4,75.65,238,DEV-BE5DE,0
TRX-50641,38.3,Eletronicos,Cartao_Credito,Tablet,151.51,1116.5,1,107.4,1,-160.4,649,DEV-20169,0
TRX-50642,35.6, ELETRONICOS ,Cartao_Credito,Mobile,43.22,552.2,0,124.4,3,-107.88,220,DEV-87151,0
TRX-50643,34.8,eletronicos,Cartao_Credito,Desktop,1178.82,1100.7,2,507.2,3,56.33,827,DEV-B6F24,1
TRX-50644,26.7,Games,Cartao_Credito,Mobile,116.75,648.9,0,411.5,4,243.63,231,DEV-6E8EF,0
TRX-50645,31.9,Games,Cartao_Credito,Mobile,710.55,203.4,0,87.1,2,-248.7,523,DEV-C62B5,0
TRX-50646,28.6, ELETRONICOS ,Pix,Desktop,277.18,1126.8,1,65.0,1,63.41,312,DEV-EDB58,1
TRX-50647,13.5,eletronicos,Voucher,Mobile,88.98,307.9,2,39.3,5,-95.09,546,DEV-DDB4C,0
TRX-50648,33.9,Beleza,Cartao_Credito,Tablet,,1213.4,1,126.3,5,-165.18,827,DEV-510CF,0
TRX-50649,29.2,Vestuario,Cartao_Credito,Mobile,208.33,837.4,1,219.1,2,-225.41,578,DEV-E2E80,0
TRX-50650,30.4,Beleza,Pix,Desktop,178.41,905.9,5,87.7,3,3.88,590,DEV-57B34,1
TRX-50651,52.8,Vestuario,Pix,Mobile,1177.69,240.2,0,24.9,2,287.53,724,DEV-6C8B4,1
TRX-50652,48.5,Eletronicos,Pix,Mobile,2451.11,856.3,3,13.5,0,-166.02,799,DEV-DB5CC,1
TRX-50653,25.6,Games,Cartao_Credito,Mobile,39.4,1190.1,1,0.4,5,-27.45,603,DEV-DDDB3,0
TRX-50654,41.2,Vestuario,Cartao_Credito,Mobile,534.09,1747.4,1,359.4,3,-61.32,572,DEV-93DD4,1
TRX-50655,29.1,Vestuario,Pix,Mobile,1014.48,66.4,0,303.1,1,-65.99,127,DEV-BE517,1
TRX-50656,21.9,Vestuario,Boleto,Mobile,48.52,1260.3,1,132.1,6,-69.41,706,DEV-66A5D,0
TRX-50657,32.2,Eletronicos,Cartao_Credito,Mobile,590.91,387.0,0,232.9,4,-95.46,677,DEV-CACFB,0
TRX-50658,25.5,Games,Cartao_Credito,Tablet,135.13,392.9,0,196.0,3,-266.81,905,DEV-3275B,1
TRX-50659,47.8,Vestuario,Cartao_Credito,Mobile,578.22,1328.7,1,29.4,1,-18.13,195,DEV-C4450,0
TRX-50660,29.8,Eletronicos,Cartao_Credito,Mobile,843.19,607.8,0,150.8,2,184.64,755,DEV-AF138,1
TRX-50661,45.5,Beleza,Pix,Mobile,1038.59,825.0,2,403.4,0,302.35,737,DEV-23274,1
TRX-50662,22.9,Eletronicos,Cartao_Credito,Desktop,1095.4,1666.6,0,48.3,2,12.61,919,DEV-3B1F3,0
TRX-50663,19.0,Eletronicos,Cartao_Credito,Mobile,100.21,20.8,0,189.7,6,-145.43,159,DEV-DBFE8,0
TRX-50664,35.4,Eletronicos,Cartao_Credito,Mobile,255.84,469.2,1,52.0,3,-101.18,323,DEV-B40CA,0
TRX-50665,5.1,Eletronicos,Pix,Desktop,2527.7,402.3,2,65.1,1,43.36,838,DEV-E6B7A,1
TRX-50666,33.4,Games,Cartao_Credito,Mobile,1282.95,213.9,1,129.0,5,-24.21,669,DEV-69157,0
TRX-50667,49.4,eletronicos,Cartao_Credito,Mobile,859.77,1504.0,0,56.5,2,139.75,200,DEV-CBF8B,0
TRX-50668,29.5, ELETRONICOS ,Cartao_Credito,Desktop,547.61,487.4,0,137.3,2,-19.08,940,DEV-42256,0
TRX-50669,35.4,eletronicos,Cartao_Credito,Mobile,226.29,1746.5,0,30.9,3,176.67,767,DEV-D2FFE,0
TRX-50670,32.6,Vestuario,Boleto,Mobile,987.12,920.6,0,328.6,3,-181.51,132,DEV-B0CEA,1
TRX-50671,24.7,Beleza,Voucher,Mobile,79.88,1255.6,2,156.2,1,-10.85,574,DEV-480D4,0
TRX-50672,31.0,Beleza,Boleto,Mobile,815.48,187.7,1,165.2,3,50.14,329,DEV-33012,1
TRX-50673,41.5,Eletronicos,Cartao_Credito,Desktop,1220.33,1278.3,0,122.9,4,-9.14,834,DEV-8969E,0
TRX-50674,52.9,eletronicos,Cartao_Credito,Desktop,544.75,426.8,2,190.3,3,-286.22,604,DEV-1BEE2,1
TRX-50675,41.4,Beleza,Cartao_Credito,Mobile,1295.97,1379.2,0,288.5,2,11.35,173,DEV-390D5,1
TRX-50676,37.4,eletronicos,Cartao_Credito,Mobile,107.93,1703.9,1,163.1,2,-11.49,860,DEV-6F4CD,0
TRX-50677,36.6,Beleza,Boleto,Mobile,,691.4,0,80.1,2,242.44,272,DEV-E4592,0
TRX-50678,39.4,Eletronicos,Boleto,Mobile,93.61,980.2,0,168.5,2,127.14,372,DEV-E1154,0
TRX-50679,,Vestuario,Cartao_Credito,Mobile,219.36,606.8,0,347.4,4,61.13,373,DEV-C61C1,0
TRX-50680,37.6,Eletronicos,Cartao_Credito,Mobile,2251.27,66.8,0,95.2,4,-74.87,350,DEV-1DE95,1
TRX-50681,41.8,Beleza,Cartao_Credito,Mobile,524.81,147.0,0,382.7,3,92.81,939,DEV-DF7D8,0
TRX-50682,14.3,Games,Cartao_Credito,Mobile,288.64,808.6,0,178.5,6,15.27,945,DEV-8B82E,0
TRX-50683,20.8,Beleza,Cartao_Credito,Mobile,2724.55,1799.4,1,8.1,3,-148.39,246,DEV-A8C31,1
TRX-50684,39.8,Vestuario,Cartao_Credito,Mobile,604.73,1602.9,1,21.6,4,-34.92,676,DEV-21EEF,0
TRX-50685,31.5,Eletronicos,Pix,Mobile,148.75,494.6,0,144.0,4,99.1,680,DEV-5870B,0
TRX-50686,13.0,Games,Cartao_Credito,Mobile,635.67,1716.0,0,107.0,2,247.52,300,DEV-EF983,0
TRX-50687,40.0,Vestuario,Cartao_Credito,Mobile,2362.59,471.3,2,0.4,2,156.22,544,DEV-F0447,1
TRX-50688,33.0, ELETRONICOS ,Cartao_Credito,Mobile,795.72,1635.6,0,51.1,4,-33.67,182,DEV-355BE,0
TRX-50689,38.0,eletronicos,Cartao_Credito,Mobile,600.65,319.3,1,240.9,2,-28.29,574,DEV-BE0C1,0
TRX-50690,17.8,Beleza,Pix,Mobile,1339.63,1677.8,1,247.7,1,11.8,647,DEV-A95C8,1
TRX-50691,38.1, ELETRONICOS ,Cartao_Credito,Mobile,43.88,410.8,0,41.2,2,39.79,957,DEV-667EB,0
TRX-50692,27.0,Beleza,Cartao_Credito,Mobile,1408.48,215.1,0,41.8,3,-57.53,172,DEV-C3655,1
TRX-50693,53.5,Beleza,Cartao_Credito,Mobile,82.29,1032.7,0,12.7,1,196.72,788,DEV-D089D,0
TRX-50694,22.4,Games,Cartao_Credito,Desktop,31.3,474.5,2,117.6,3,49.3,616,DEV-D5EB4,0
TRX-50695,32.9,Eletronicos,Pix,Mobile,75.93,234.3,0,15.5,5,8.74,851,DEV-F147B,0
TRX-50696,22.0, ELETRONICOS ,Pix,Desktop,716.17,746.6,0,35.5,4,82.77,622,DEV-E76D9,0
TRX-50697,38.0,Beleza,Boleto,Mobile,535.46,1699.1,3,239.7,2,-209.14,552,DEV-DCC51,1
TRX-50698,42.1,Eletronicos,Pix,Desktop,907.09,1664.2,1,500.7,5,68.37,430,DEV-77AE2,1
TRX-50699,38.8,Beleza,Boleto,Desktop,905.18,48.8,1,352.7,5,156.81,890,DEV-BB0D9,1
TRX-50700,36.7, ELETRONICOS ,Pix,Mobile,282.87,1152.6,1,3.4,1,-108.55,431,DEV-E2977,0
TRX-50701,45.1, ELETRONICOS ,Cartao_Credito,Tablet,1802.09,1006.4,0,225.3,1,-50.85,678,DEV-E7462,1
TRX-50702,23.1,Games,Cartao_Credito,Mobile,1126.74,1295.3,0,24.1,7,55.49,665,DEV-75F43,0
TRX-50703,29.2,Vestuario,Cartao_Credito,Mobile,865.4,670.0,0,26.5,4,107.85,467,DEV-C45E4,0
TRX-50704,43.4,Vestuario,Boleto,Mobile,293.16,837.1,2,562.1,3,-29.05,569,DEV-4448A,1
TRX-50705,30.6,Eletronicos,Cartao_Credito,Mobile,93.42,343.9,0,425.8,2,16.38,351,DEV-75124,1
TRX-50706,18.8,Eletronicos,Boleto,Mobile,619.52,1263.4,1,9.6,9,54.12,605,DEV-ECA36,0
TRX-50707,24.2,eletronicos,Pix,Mobile,,1493.3,0,70.7,3,-199.41,192,DEV-E172C,0
TRX-50708,37.6,Vestuario,Boleto,Desktop,28.86,254.0,0,79.7,0,-170.24,907,DEV-9579A,1
TRX-50709,25.2,Beleza,Pix,Mobile,40.33,441.4,0,78.4,4,17.24,940,DEV-256AE,0
TRX-50710,33.3,Vestuario,Cartao_Credito,Mobile,965.56,967.0,1,29.3,4,41.35,128,DEV-56E42,0
TRX-50711,22.9,Beleza,Cartao_Credito,Desktop,336.5,739.2,2,628.0,4,-15.13,268,DEV-EABA3,1
TRX-50712,32.5,Eletronicos,Pix,Mobile,167.12,513.6,0,289.9,2,-86.22,857,DEV-E81C4,0
TRX-50713,26.0,Beleza,Voucher,Mobile,138.43,864.7,0,326.7,4,189.32,263,DEV-41F40,0
TRX-50714,30.2,Eletronicos,Boleto,Mobile,757.53,162.4,0,108.6,3,191.33,454,DEV-BA1BB,0
TRX-50715,33.3,Beleza,Boleto,Mobile,239.68,641.8,2,300.9,3,-97.9,692,DEV-2B64D,1
TRX-50716,,eletronicos,Boleto,Mobile,275.38,800.8,1,59.9,0,-180.23,316,DEV-54532,1
TRX-50717,42.5,Vestuario,Pix,Desktop,448.08,150.1,1,580.5,0,-11.45,237,DEV-3728E,1
TRX-50718,26.6,Beleza,Cartao_Credito,Mobile,398.62,1635.8,1,96.1,5,15.35,559,DEV-37639,0
TRX-50719,28.4,Vestuario,Cartao_Credito,Mobile,1209.97,236.7,0,314.5,2,-139.71,456,DEV-318B9,1
TRX-50720,17.6,Games,Cartao_Credito,Tablet,555.8,998.8,0,172.4,5,50.34,797,DEV-E0B23,0
TRX-50721,40.8,Games,Boleto,Mobile,1877.57,1348.6,1,14.5,2,-86.67,813,DEV-B7AFC,1
TRX-50722,33.7, ELETRONICOS ,Cartao_Credito,Mobile,329.2,97.3,0,44.2,3,30.88,864,DEV-B0E7C,0
TRX-50723,20.1,Vestuario,Pix,Desktop,1186.2,59.3,0,25.3,5,-115.33,553,DEV-99874,0
TRX-50724,38.5,Beleza,Cartao_Credito,Mobile,738.74,1092.3,0,582.9,10,59.82,808,DEV-E27DE,0
TRX-50725,52.6,Eletronicos,Pix,Mobile,2691.06,484.1,0,406.6,3,-186.09,457,DEV-C3E48,1
TRX-50726,50.6,Vestuario,Cartao_Credito,Desktop,280.75,424.9,2,157.5,1,-177.77,739,DEV-B19B9,1
TRX-50727,43.0,Vestuario,Cartao_Credito,Mobile,884.93,1077.3,0,265.4,3,115.07,774,DEV-2D7EC,1
TRX-50728,31.8,Eletronicos,Pix,Tablet,705.49,1768.1,1,559.6,0,21.81,471,DEV-441CE,1
TRX-50729,30.4,Beleza,Pix,Desktop,746.95,550.7,2,103.4,9,36.32,269,DEV-BCDA6,0
TRX-50730,41.8,Games,Cartao_Credito,Desktop,765.53,1437.4,0,0.4,2,-12.26,552,DEV-E96DC,0
TRX-50731,40.2,Eletronicos,Pix,Mobile,203.46,1314.2,0,166.0,6,150.21,437,DEV-84227,0
TRX-50732,34.6,Eletronicos,Cartao_Credito,Tablet,194.58,458.5,0,67.2,3,135.38,589,DEV-33B4B,0
TRX-50733,28.6,Eletronicos,Boleto,Desktop,390.76,85.0,2,85.0,6,-98.36,262,DEV-4EB5B,0
TRX-50734,47.9,Vestuario,Pix,Mobile,,771.1,0,13.3,2,-159.72,881,DEV-8684D,0
TRX-50735,25.4,Eletronicos,Cartao_Credito,Mobile,134.44,1700.7,0,52.8,1,-113.95,725,DEV-8ECE1,0
TRX-50736,63.1,eletronicos,Pix,Mobile,1862.36,5.2,1,1.5,2,32.01,947,DEV-BBD6C,1
TRX-50737,48.8, ELETRONICOS ,Voucher,Mobile,328.73,1064.8,1,24.1,2,92.01,326,DEV-F2152,0
TRX-50738,17.6,Games,Cartao_Credito,Mobile,121.24,840.3,2,3.9,4,150.46,723,DEV-D93F4,0
TRX-50739,38.5,Vestuario,Voucher,Desktop,160.52,1112.2,0,92.1,4,18.33,626,DEV-BC732,0
TRX-50740,36.6,Vestuario,Cartao_Credito,Desktop,488.98,1032.2,0,332.3,1,-165.63,223,DEV-88B12,0
TRX-50741,29.4, ELETRONICOS ,Cartao_Credito,Mobile,,340.1,1,389.7,4,194.68,736,DEV-C422F,0
TRX-50742,18.1,Games,Cartao_Credito,Mobile,1193.96,1235.6,1,200.2,3,293.93,654,DEV-CB249,0
TRX-50743,35.7,Beleza,Boleto,Mobile,344.99,671.8,0,101.2,1,-145.73,797,DEV-41303,0
TRX-50744,31.1,Eletronicos,Pix,Mobile,890.82,342.6,0,106.6,3,-153.71,472,DEV-4281E,0
TRX-50745,50.6,Games,Cartao_Credito,Tablet,265.79,585.3,0,94.4,4,-9.98,370,DEV-4DBE0,0
TRX-50746,43.5, ELETRONICOS ,Cartao_Credito,Mobile,24.68,521.5,0,183.0,5,-228.13,864,DEV-E3E12,0
TRX-50747,36.9,Eletronicos,Cartao_Credito,Tablet,521.99,416.7,0,454.5,4,139.34,455,DEV-65620,1
TRX-50748,33.0,Eletronicos,Cartao_Credito,Desktop,159.53,193.8,0,24.5,4,-132.1,292,DEV-E6CFC,0
TRX-50749,,Vestuario,Boleto,Mobile,124.9,1639.2,0,162.9,4,270.9,763,DEV-B8856,0
TRX-50750,43.0,eletronicos,Cartao_Credito,Mobile,79.77,1795.2,1,0.8,6,-156.69,378,DEV-37A2C,0
TRX-50751,36.4,Beleza,Pix,Desktop,1171.5,1209.3,0,129.6,2,-34.03,638,DEV-4A445,0
TRX-50752,51.6,Eletronicos,Cartao_Credito,Desktop,578.26,1621.0,0,247.6,3,-38.69,984,DEV-7835A,0
TRX-50753,46.3,Vestuario,Pix,Desktop,754.42,861.8,0,31.5,4,-114.89,490,DEV-98501,0
TRX-50754,45.6,Beleza,Boleto,Mobile,579.67,221.2,1,70.1,2,190.52,151,DEV-E0F40,1
TRX-50755,45.3,Beleza,Cartao_Credito,Mobile,556.45,1104.7,0,57.6,0,110.64,256,DEV-DDF07,0
TRX-50756,14.1, ELETRONICOS ,Boleto,Mobile,929.08,167.8,1,22.7,3,117.31,581,DEV-C7883,1
TRX-50757,33.9,Vestuario,Boleto,Mobile,1897.0,153.3,0,13.9,4,-149.07,567,DEV-AB64E,1
TRX-50758,33.8, ELETRONICOS ,Boleto,Mobile,211.45,1726.6,0,190.2,4,-35.33,148,DEV-7C6E2,0
TRX-50759,38.1,Beleza,Pix,Mobile,672.19,1621.1,0,92.4,4,-72.19,337,DEV-73720,0
TRX-50760,46.2,Eletronicos,Boleto,Mobile,,1412.6,0,5.0,4,74.12,155,DEV-C11BB,0
TRX-50761,49.1,Eletronicos,Boleto,Desktop,839.47,1042.0,1,208.9,8,-121.55,370,DEV-52424,0
TRX-50762,13.9,Beleza,Cartao_Credito,Mobile,913.97,1271.2,1,66.4,6,-163.06,625,DEV-5D55B,0
TRX-50763,40.9,Eletronicos,Cartao_Credito,Mobile,1301.38,541.6,0,80.7,4,89.04,730,DEV-6EE24,0
TRX-50764,56.4,Eletronicos,Boleto,Mobile,578.03,875.9,0,134.7,2,117.05,131,DEV-90A17,0
TRX-50765,32.1, ELETRONICOS ,Cartao_Credito,Desktop,209.67,1389.9,0,1.5,4,22.93,445,DEV-30316,0
TRX-50766,35.7,Vestuario,Cartao_Credito,Mobile,189.05,912.0,1,232.3,7,-22.77,438,DEV-957BC,0
TRX-50767,36.2,Eletronicos,Cartao_Credito,Desktop,1363.4,1579.7,0,2.6,5,-14.26,894,DEV-3EF98,0
TRX-50768,26.0, ELETRONICOS ,Cartao_Credito,Mobile,1983.6,756.8,2,113.1,5,211.44,502,DEV-C5DEA,1
TRX-50769,33.3,Beleza,Pix,Desktop,329.75,12.2,0,46.5,3,-165.82,873,DEV-EEC02,0
TRX-50770,48.5,Games,Cartao_Credito,Mobile,207.51,1154.0,1,1.0,3,157.96,364,DEV-20E8F,0
TRX-50771,43.7,Eletronicos,Pix,Mobile,89.01,329.0,1,35.5,1,-94.92,876,DEV-EE555,0
TRX-50772,30.4,Vestuario,Voucher,SmartTV,29.84,749.8,2,384.4,0,46.63,881,DEV-2A31B,1
TRX-50773,38.6,Vestuario,Pix,Mobile,90.25,374.5,1,73.9,4,61.24,572,DEV-8DC15,0
TRX-50774,20.1,Eletronicos,Cartao_Credito,Desktop,5036.0,1409.2,0,444.7,3,90.38,544,DEV-6315B,1
TRX-50775,14.2,Vestuario,Pix,Mobile,46.24,1266.8,0,167.5,3,14.13,147,DEV-E7147,0
TRX-50776,49.1,Vestuario,Cartao_Credito,Desktop,1317.23,1304.8,0,50.5,4,-1.3,488,DEV-665A3,0
TRX-50777,42.8,Eletronicos,Boleto,Mobile,448.17,770.1,0,82.5,3,-55.24,810,DEV-69A44,0
TRX-50778,44.1,Beleza,Pix,Mobile,1263.39,1186.4,0,386.4,2,-72.14,969,DEV-E2195,1
TRX-50779,34.6, ELETRONICOS ,Pix,Mobile,375.59,143.3,1,50.0,4,-32.27,298,DEV-3DD38,0
TRX-50780,32.9,Eletronicos,Cartao_Credito,Mobile,455.51,448.7,2,66.4,4,163.68,186,DEV-27F7C,1
TRX-50781,23.8,Vestuario,Cartao_Credito,Mobile,724.25,219.9,0,73.1,3,251.39,197,DEV-2293D,0
TRX-50782,38.5,Vestuario,Pix,SmartTV,,1365.4,0,122.5,4,-85.76,176,DEV-3EB7E,0
TRX-50783,38.7,Eletronicos,Boleto,SmartTV,988.77,1059.7,0,27.0,4,-76.67,178,DEV-C0BCE,0
TRX-50784,43.0, ELETRONICOS ,Boleto,Desktop,137.58,206.2,2,296.8,1,-157.73,370,DEV-B9A54,1
TRX-50785,43.6,Eletronicos,Cartao_Credito,Mobile,951.54,1610.6,0,81.7,3,-93.3,164,DEV-A151F,0
TRX-50786,36.0,Games,Cartao_Credito,Desktop,1387.6,804.0,0,147.1,3,-155.74,801,DEV-977DA,0
TRX-50787,37.9,Vestuario,Cartao_Credito,Mobile,204.17,983.4,0,112.5,4,-39.07,839,DEV-3227F,0
TRX-50788,39.7,Beleza,Cartao_Credito,Mobile,161.52,834.7,0,130.6,3,-113.82,151,DEV-407B3,0
TRX-50789,29.6, ELETRONICOS ,Boleto,Mobile,169.15,9.8,0,375.3,2,57.48,681,DEV-E6C4C,0
TRX-50790,29.4,Beleza,Cartao_Credito,Mobile,531.61,1789.9,0,316.8,3,93.47,569,DEV-32E8A,0
TRX-50791,34.2, ELETRONICOS ,Cartao_Credito,Mobile,72.15,849.4,1,4.6,2,80.51,262,DEV-D0696,0
TRX-50792,28.8,Eletronicos,Pix,Mobile,3468.7,1348.1,1,86.0,3,114.73,284,DEV-A492B,1
TRX-50793,44.5,Eletronicos,Boleto,Mobile,1775.24,1620.8,0,0.2,2,-109.56,964,DEV-7C8E1,0
TRX-50794,44.5,Eletronicos,Cartao_Credito,Mobile,2337.87,1756.7,0,24.6,4,-67.16,879,DEV-C8F9D,0
TRX-50795,38.9,eletronicos,Cartao_Credito,Mobile,448.36,1419.5,0,206.9,7,102.74,304,DEV-30485,0
TRX-50796,59.9,Eletronicos,Cartao_Credito,Mobile,152.6,873.8,2,321.0,1,-105.79,945,DEV-B98BE,0
TRX-50797,53.6,Eletronicos,Cartao_Credito,Mobile,1208.84,1500.3,3,62.3,3,-43.86,375,DEV-A297C,0
TRX-50798,19.4, ELETRONICOS ,Voucher,Mobile,1367.61,892.0,0,36.9,3,155.86,810,DEV-5581F,0
TRX-50799,48.7,Eletronicos,Pix,Desktop,349.2,931.5,1,39.9,4,168.72,186,DEV-49262,0
TRX-50800,33.7,Beleza,Pix,Desktop,869.56,895.0,1,39.0,3,253.87,756,DEV-1D0B6,0
TRX-50801,42.6,Eletronicos,Cartao_Credito,Mobile,,1441.6,0,421.9,3,-82.8,627,DEV-4221E,0
TRX-50802,29.6,eletronicos,Cartao_Credito,Desktop,680.67,1354.0,1,177.2,5,-54.8,759,DEV-A2242,0
TRX-50803,38.7,Games,Cartao_Credito,Mobile,1374.75,398.0,0,71.4,4,39.14,617,DEV-36AFE,1
TRX-50804,25.4, ELETRONICOS ,Cartao_Credito,Tablet,163.94,182.9,2,63.4,1,23.61,166,DEV-F3601,1
TRX-50805,29.0, ELETRONICOS ,Cartao_Credito,Mobile,375.89,598.6,0,723.8,2,-252.07,639,DEV-73A12,1
TRX-50806,38.0,Vestuario,Cartao_Credito,SmartTV,1044.46,485.0,2,367.4,6,-70.13,887,DEV-B1476,1
TRX-50807,50.9, ELETRONICOS ,Cartao_Credito,Desktop,885.27,288.3,2,15.8,2,66.66,333,DEV-B0F39,1
TRX-50808,23.1, ELETRONICOS ,Boleto,Tablet,1294.1,53.4,0,7.4,3,-108.58,796,DEV-4AF75,0
TRX-50809,29.8,Beleza,Cartao_Credito,Mobile,1364.01,688.8,1,208.7,5,22.99,444,DEV-4C6E3,1
TRX-50810,39.5,Eletronicos,Cartao_Credito,Desktop,750.22,51.4,2,5.2,2,-104.83,568,DEV-41AFF,1
TRX-50811,23.0, ELETRONICOS ,Cartao_Credito,Mobile,1507.03,369.4,1,126.9,8,-25.61,873,DEV-B3683,0
TRX-50812,53.9,eletronicos,Boleto,Mobile,192.9,118.4,0,271.6,6,87.38,587,DEV-3E864,1
TRX-50813,34.5,Vestuario,Cartao_Credito,Desktop,69.85,1397.0,1,107.2,4,286.79,261,DEV-3A4C7,0
TRX-50814,54.7,Vestuario,Pix,Desktop,2446.5,1094.6,0,47.8,2,8.07,578,DEV-1C361,0
TRX-50815,15.1,Games,Boleto,Mobile,618.06,915.0,1,20.6,7,-51.71,898,DEV-75C3C,0
TRX-50816,27.9,Games,Cartao_Credito,Desktop,590.2,1617.6,1,71.9,1,24.56,980,DEV-4FBAA,0
TRX-50817,37.4, ELETRONICOS ,Voucher,Mobile,1238.05,431.6,1,38.1,1,109.55,302,DEV-426DF,1
TRX-50818,30.7,Eletronicos,Cartao_Credito,Mobile,48.57,1477.2,3,154.8,5,-102.59,361,DEV-6366B,0
TRX-50819,17.9,Eletronicos,Cartao_Credito,Mobile,321.01,769.2,1,9.0,6,75.68,869,DEV-6B987,0
TRX-50820,25.2,Vestuario,Cartao_Credito,SmartTV,165.05,1605.1,0,376.9,3,-186.21,223,DEV-9C455,0
TRX-50821,26.7,Eletronicos,Cartao_Credito,Mobile,1821.64,1673.9,0,14.7,4,2.37,460,DEV-89A2F,0
TRX-50822,38.7, ELETRONICOS ,Cartao_Credito,SmartTV,123.69,362.1,1,83.6,3,-13.31,779,DEV-BC79E,0
TRX-50823,33.0,eletronicos,Boleto,Desktop,2550.93,991.6,1,54.9,2,-191.94,640,DEV-A011C,1
TRX-50824,38.4,Eletronicos,Pix,Desktop,543.03,134.1,1,90.6,4,-151.19,443,DEV-D9DC5,0
TRX-50825,46.9,Eletronicos,Boleto,Mobile,3547.01,236.3,0,212.7,2,107.8,698,DEV-A7BE9,1
TRX-50826,44.7,Eletronicos,Cartao_Credito,Mobile,,1597.1,0,171.5,4,-55.9,911,DEV-734A1,0
TRX-50827,47.5,Eletronicos,Pix,Tablet,1095.01,1706.1,0,280.4,1,-159.76,777,DEV-9FA29,0
TRX-50828,39.5,Eletronicos,Pix,Desktop,48.11,1184.8,1,142.5,0,139.08,783,DEV-64279,0
TRX-50829,34.1,Eletronicos,Cartao_Credito,Desktop,39.68,1794.9,0,150.0,6,23.14,961,DEV-BA9D4,0
TRX-50830,24.2,Eletronicos,Cartao_Credito,Desktop,291.5,1036.6,0,280.9,1,143.49,337,DEV-A3392,0
TRX-50831,32.4,eletronicos,Cartao_Credito,Mobile,1086.43,1403.1,1,0.9,2,69.41,599,DEV-7A912,0
TRX-50832,34.4,Beleza,Cartao_Credito,Tablet,2471.81,1606.0,0,136.7,6,59.47,966,DEV-30F64,0
TRX-50833,38.5,Beleza,Pix,Desktop,2482.83,1760.4,0,118.8,2,-99.65,830,DEV-98529,0
TRX-50834,37.0,Eletronicos,Pix,Mobile,328.6,1281.3,1,114.4,5,95.05,406,DEV-C8238,0
TRX-50835,49.2,Vestuario,Boleto,Mobile,286.01,468.5,1,48.3,6,156.12,880,DEV-7B59D,0
TRX-50836,49.5,Beleza,Cartao_Credito,Mobile,779.45,284.4,0,31.4,6,-34.89,284,DEV-CD497,0
TRX-50837,26.9,Eletronicos,Pix,Mobile,,327.0,0,399.2,0,-22.95,380,DEV-A0FBD,1
TRX-50838,36.2,Vestuario,Pix,Mobile,441.4,1641.2,1,79.9,3,44.19,676,DEV-2A5AF,0
TRX-50839,43.8, ELETRONICOS ,Voucher,Mobile,545.39,1554.7,2,4.8,2,-12.11,259,DEV-1CB19,0
TRX-50840,24.7, ELETRONICOS ,Cartao_Credito,Mobile,378.19,166.1,1,183.7,3,77.18,260,DEV-1C2C8,0
TRX-50841,35.5,Eletronicos,Voucher,Desktop,42.41,757.6,0,81.4,0,274.39,417,DEV-5B4DF,0
TRX-50842,53.0,Vestuario,Cartao_Credito,Desktop,795.83,34.7,0,8.2,4,41.83,933,DEV-E52FF,0
TRX-50843,42.8, ELETRONICOS ,Cartao_Credito,Mobile,133.18,1733.0,0,42.0,3,51.17,700,DEV-A8628,0
TRX-50844,24.1,Eletronicos,Cartao_Credito,SmartTV,100.23,214.2,2,1280.5,1,-83.92,564,DEV-EEFEB,1
TRX-50845,45.6,Vestuario,Boleto,Desktop,35.3,1670.7,0,19.0,0,139.23,873,DEV-408B5,0
TRX-50846,33.9, ELETRONICOS ,Cartao_Credito,Tablet,3278.91,930.2,0,228.6,2,-6.95,137,DEV-84D92,1
TRX-50847,30.1,Beleza,Pix,Desktop,353.42,1427.3,2,194.7,3,83.52,880,DEV-65F0D,0
TRX-50848,45.7,Beleza,Cartao_Credito,Desktop,1387.24,1718.9,2,38.2,3,-39.88,899,DEV-88991,0
TRX-50849,45.1,Vestuario,Cartao_Credito,Desktop,1485.79,1135.8,0,247.7,4,-44.78,822,DEV-8B5B2,0
TRX-50850,24.7,Eletronicos,Boleto,Mobile,1212.01,530.6,0,44.5,5,136.05,604,DEV-99091,0
TRX-50851,38.6,Eletronicos,Cartao_Credito,Desktop,810.63,1335.9,2,118.6,3,-20.28,802,DEV-D85CF,0
TRX-50852,43.5,Vestuario,Cartao_Credito,Mobile,831.05,137.4,0,75.7,3,-28.01,868,DEV-396E7,1
TRX-50853,19.1,Vestuario,Cartao_Credito,SmartTV,546.54,42.7,1,71.0,3,3.37,603,DEV-5282C,0
TRX-50854,40.3, ELETRONICOS ,Cartao_Credito,Mobile,375.16,343.8,0,12.0,4,-1.25,131,DEV-E2A56,0
TRX-50855,22.6,Vestuario,Cartao_Credito,Mobile,1470.38,1337.1,0,131.7,5,-100.05,867,DEV-E734E,0
TRX-50856,34.8,eletronicos,Boleto,Mobile,83.08,1079.9,1,172.6,3,-51.11,848,DEV-D12BB,1
TRX-50857,32.6,Vestuario,Cartao_Credito,Desktop,578.55,1560.5,2,134.7,5,-72.74,414,DEV-EB049,0
TRX-50858,20.2,Vestuario,Cartao_Credito,Mobile,745.02,1525.6,2,41.8,4,-91.06,803,DEV-8EAFA,0
TRX-50859,25.7,Vestuario,Pix,Mobile,345.11,680.5,1,62.6,5,-9.26,648,DEV-DC11E,0
TRX-50860,28.2,Beleza,Cartao_Credito,Mobile,46.42,336.3,2,4.5,1,-101.62,527,DEV-D58C0,1
TRX-50861,39.8,Eletronicos,Cartao_Credito,Mobile,247.1,164.2,0,14.9,5,178.84,200,DEV-DFD6B,0
TRX-50862,36.3,Games,Cartao_Credito,Mobile,744.66,738.0,2,289.0,4,10.47,682,DEV-DA12A,1
TRX-50863,44.7,Vestuario,Cartao_Credito,Tablet,1079.77,1624.1,1,267.3,1,32.48,600,DEV-D3A3E,1
TRX-50864,38.6, ELETRONICOS ,Cartao_Credito,Mobile,3992.62,902.2,1,328.2,3,117.68,781,DEV-B4909,1
TRX-50865,27.1,Vestuario,Cartao_Credito,Mobile,251.38,925.1,1,89.9,0,-129.47,190,DEV-50F6A,0
TRX-50866,23.5, ELETRONICOS ,Cartao_Credito,Mobile,273.55,539.7,1,43.7,2,256.85,496,DEV-7B2AE,1
TRX-50867,29.1,Eletronicos,Cartao_Credito,Mobile,119.15,1752.8,0,93.3,4,-104.49,791,DEV-53506,0
TRX-50868,38.1,Beleza,Cartao_Credito,Desktop,991.35,271.7,0,576.6,4,46.32,434,DEV-2EC7C,1
TRX-50869,46.3,Eletronicos,Voucher,Mobile,1493.24,1313.2,1,50.4,6,-140.53,601,DEV-82801,0
TRX-50870,50.7,Eletronicos,Cartao_Credito,Mobile,402.65,756.2,0,33.9,4,37.78,634,DEV-C5BCE,0
TRX-50871,41.6,Eletronicos,Boleto,Desktop,209.52,1225.3,0,41.6,5,-53.11,884,DEV-5529C,0
TRX-50872,36.2,Eletronicos,Pix,Desktop,28.75,600.5,1,143.1,5,103.65,673,DEV-E7B02,0
TRX-50873,27.5,Vestuario,Cartao_Credito,Mobile,961.76,580.6,0,176.5,5,8.97,956,DEV-E4E5B,0
TRX-50874,28.3,Vestuario,Pix,Desktop,1172.06,1541.2,0,42.2,5,201.62,590,DEV-6BA35,0
TRX-50875,28.8,Beleza,Cartao_Credito,Tablet,738.99,778.9,1,206.1,4,-32.87,672,DEV-26127,0
TRX-50876,,Vestuario,Cartao_Credito,Mobile,618.13,286.6,1,105.0,6,-27.53,432,DEV-28CFB,1
TRX-50877,20.4,Eletronicos,Cartao_Credito,Mobile,103.01,482.2,0,24.7,2,-183.52,348,DEV-71A37,0
TRX-50878,40.1,Eletronicos,Cartao_Credito,Mobile,597.65,31.5,0,205.7,5,-116.56,167,DEV-E2ABD,0
TRX-50879,37.6,Beleza,Cartao_Credito,Mobile,1876.31,482.1,1,512.8,3,2.31,996,DEV-BBECB,1
TRX-50880,44.8,Vestuario,Cartao_Credito,Desktop,1010.12,95.6,0,68.3,5,120.81,520,DEV-946F3,0
TRX-50881,34.6,eletronicos,Voucher,Desktop,356.66,351.3,0,22.2,5,-154.63,177,DEV-23B83,1
TRX-50882,40.2,Beleza,Cartao_Credito,Desktop,103.84,1703.6,0,53.2,3,177.74,313,DEV-6540E,0
TRX-50883,47.2,Vestuario,Pix,Mobile,234.95,563.2,1,50.4,4,-108.1,177,DEV-741CD,0
TRX-50884,34.4, ELETRONICOS ,Cartao_Credito,Desktop,699.49,1377.2,1,677.8,2,24.88,614,DEV-B106A,1
TRX-50885,37.7,Games,Cartao_Credito,Desktop,1176.66,870.0,1,80.6,5,150.28,746,DEV-DDB36,0
TRX-50886,28.7,Beleza,Pix,Mobile,318.37,1615.7,0,111.1,4,-27.56,295,DEV-5A016,0
TRX-50887,25.9, ELETRONICOS ,Voucher,Desktop,506.78,1037.4,2,114.2,4,-85.03,990,DEV-6552C,0
TRX-50888,38.2,Vestuario,Cartao_Credito,Tablet,392.78,647.4,2,128.0,7,81.39,417,DEV-B68A0,0
TRX-50889,35.2,Eletronicos,Cartao_Credito,Mobile,735.0,675.7,0,596.3,5,-101.63,962,DEV-7CA4C,1
TRX-50890,33.2,eletronicos,Cartao_Credito,Mobile,,1504.9,0,14.7,5,1.41,287,DEV-3DBE8,0
TRX-50891,34.1,Vestuario,Boleto,Desktop,,1485.6,1,161.5,1,179.05,716,DEV-CEB2C,0
TRX-50892,27.6, ELETRONICOS ,Pix,Desktop,211.18,1502.3,0,231.6,6,85.19,699,DEV-7575B,0
TRX-50893,23.6,Vestuario,Cartao_Credito,Mobile,303.58,827.4,1,148.2,5,-2.92,148,DEV-30754,0
TRX-50894,38.3, ELETRONICOS ,Pix,Mobile,924.27,596.9,0,88.9,2,-160.24,374,DEV-97578,1
TRX-50895,33.7,eletronicos,Boleto,Mobile,496.92,890.3,1,126.8,0,212.54,591,DEV-B92E9,0
TRX-50896,36.7,eletronicos,Voucher,Mobile,84.04,988.4,0,245.5,4,-287.96,575,DEV-AF347,0
TRX-50897,44.7,eletronicos,Pix,Tablet,701.8,1724.7,1,131.2,1,-165.98,388,DEV-A1C02,1
TRX-50898,29.2,Games,Pix,Mobile,1177.33,983.8,0,80.5,2,-9.18,741,DEV-C0291,0
TRX-50899,32.5,Games,Pix,Mobile,379.43,232.0,0,82.9,5,9.26,709,DEV-BAE21,0
TRX-50900,30.1,Vestuario,Voucher,Mobile,439.91,1008.0,1,37.8,1,-112.87,161,DEV-AC644,0
TRX-50901,41.9, ELETRONICOS ,Pix,Tablet,200.56,1399.4,0,129.8,2,19.99,502,DEV-712CA,0
TRX-50902,23.7,Vestuario,Pix,Desktop,152.38,447.2,0,11.1,3,104.9,820,DEV-EBFFA,0
TRX-50903,48.1, ELETRONICOS ,Pix,Mobile,365.47,613.0,0,112.9,5,49.64,974,DEV-43525,0
TRX-50904,51.5,Beleza,Cartao_Credito,Mobile,104.41,1695.9,0,59.2,4,32.35,199,DEV-CE120,0
TRX-50905,33.0,Eletronicos,Pix,Mobile,1101.16,1684.0,2,97.4,5,138.24,236,DEV-F3C10,1
TRX-50906,26.3,Eletronicos,Cartao_Credito,Mobile,88.62,165.0,2,114.0,6,-9.67,477,DEV-A8EEA,0
TRX-50907,29.2, ELETRONICOS ,Cartao_Credito,Mobile,134.31,1735.5,1,74.9,6,1.03,605,DEV-EC980,0
TRX-50908,39.2, ELETRONICOS ,Pix,SmartTV,367.11,1265.0,0,266.4,3,258.34,424,DEV-ACC62,1
TRX-50909,47.2,Games,Cartao_Credito,Mobile,789.82,1645.0,0,32.9,5,23.59,251,DEV-293CA,0
TRX-50910,34.5,Games,Cartao_Credito,Mobile,301.51,854.5,1,351.8,3,-24.68,296,DEV-F2181,1
TRX-50911,30.1,eletronicos,Pix,Mobile,439.63,1045.9,3,895.2,1,136.53,671,DEV-9EB1E,1
TRX-50912,37.5,eletronicos,Boleto,Desktop,765.83,345.4,0,532.3,2,52.03,334,DEV-57369,1
TRX-50913,12.2,Vestuario,Cartao_Credito,Mobile,429.02,440.2,1,306.9,4,-4.01,816,DEV-65CCC,1
TRX-50914,29.5,Games,Cartao_Credito,Desktop,1521.57,255.3,1,232.9,10,29.55,586,DEV-9AF35,0
TRX-50915,33.4,Games,Pix,Mobile,,468.9,0,297.9,7,-63.26,661,DEV-C7843,1
TRX-50916,28.9,Eletronicos,Cartao_Credito,Desktop,448.56,78.8,0,23.5,8,-39.15,592,DEV-2422C,0
TRX-50917,35.4,Beleza,Cartao_Credito,Mobile,290.77,1742.7,0,189.2,5,126.59,133,DEV-DC486,0
TRX-50918,46.9,Vestuario,Pix,Mobile,58.42,1210.7,0,88.7,4,-23.45,669,DEV-A58A7,0
TRX-50919,31.0,Vestuario,Cartao_Credito,Mobile,243.98,105.0,0,177.0,5,-1.46,483,DEV-39B33,1
TRX-50920,34.2, ELETRONICOS ,Boleto,Mobile,1564.11,627.6,0,55.0,4,-26.67,539,DEV-41951,0
TRX-50921,43.5,eletronicos,Pix,Mobile,,1123.9,0,30.4,5,-74.98,368,DEV-2F4C8,0
TRX-50922,36.3,eletronicos,Cartao_Credito,Desktop,349.84,864.2,0,120.9,0,-96.26,246,DEV-7B929,0
TRX-50923,16.8,Vestuario,Voucher,Desktop,123.23,72.8,2,38.5,4,53.1,297,DEV-CE3DF,0
TRX-50924,29.3, ELETRONICOS ,Pix,Desktop,580.85,1443.4,2,375.1,2,144.06,483,DEV-D4A8B,1
TRX-50925,32.2, ELETRONICOS ,Pix,Mobile,1476.92,1203.0,1,3.7,3,19.01,623,DEV-59E6F,0
TRX-50926,21.4,Vestuario,Voucher,Desktop,318.47,952.4,1,103.1,2,123.86,184,DEV-5666E,0
TRX-50927,24.9,Beleza,Cartao_Credito,Mobile,70.58,105.6,1,16.9,0,43.0,446,DEV-DCD75,1
TRX-50928,44.0,Eletronicos,Boleto,Mobile,1092.24,1763.5,0,248.9,5,-31.04,102,DEV-6C923,1
TRX-50929,36.0, ELETRONICOS ,Pix,Mobile,486.51,384.9,0,67.7,5,-66.37,268,DEV-CD569,0
TRX-50930,24.3,Eletronicos,Cartao_Credito,Desktop,260.24,1149.9,1,1.9,6,20.02,858,DEV-29328,0
TRX-50931,51.1,Eletronicos,Cartao_Credito,Tablet,994.68,740.5,0,537.5,5,-32.52,118,DEV-8FA1A,1
TRX-50932,29.1, ELETRONICOS ,Cartao_Credito,Mobile,1244.5,560.8,0,184.3,3,-79.42,864,DEV-72AF1,1
TRX-50933,33.3,Eletronicos,Pix,Desktop,202.27,1441.5,1,17.3,5,62.45,368,DEV-9C0DF,0
TRX-50934,42.6,Eletronicos,Cartao_Credito,Mobile,1596.83,924.5,1,184.0,4,-215.21,837,DEV-7EEFD,1
TRX-50935,34.6,Beleza,Boleto,Mobile,138.41,1401.0,0,53.9,2,21.11,228,DEV-3469B,0
TRX-50936,54.2, ELETRONICOS ,Boleto,Mobile,139.47,296.6,0,72.0,3,-154.0,502,DEV-B5DC0,0
TRX-50937,32.7,Vestuario,Pix,Desktop,130.23,1181.3,0,69.1,4,-18.94,542,DEV-47BFC,0
TRX-50938,6.8,Games,Boleto,Desktop,1643.65,1152.1,0,22.0,3,41.04,740,DEV-9584E,0
TRX-50939,26.0,Eletronicos,Cartao_Credito,Mobile,41.05,298.7,0,413.9,2,14.91,693,DEV-EB050,1
TRX-50940,44.7,Eletronicos,Cartao_Credito,Mobile,1165.69,973.0,3,405.1,1,-46.75,277,DEV-C031A,1
TRX-50941,29.0, ELETRONICOS ,Cartao_Credito,Mobile,24.09,1419.7,1,164.4,6,16.92,760,DEV-E659E,0
TRX-50942,29.4, ELETRONICOS ,Cartao_Credito,Mobile,1362.86,120.3,0,57.7,4,-355.64,224,DEV-494CD,1
TRX-50943,39.7,Eletronicos,Boleto,Tablet,166.0,794.6,0,115.9,5,-382.71,891,DEV-79EAD,0
TRX-50944,42.8,Eletronicos,Cartao_Credito,Mobile,908.48,1689.9,3,321.1,0,32.58,856,DEV-A2BCA,1
TRX-50945,36.6,Eletronicos,Pix,Mobile,448.82,575.1,0,5.1,4,87.16,863,DEV-E40AE,0
TRX-50946,32.1,Eletronicos,Boleto,Desktop,577.8,277.7,0,58.0,1,103.63,117,DEV-73584,0
TRX-50947,26.7,Beleza,Cartao_Credito,Desktop,377.42,541.5,0,5.1,6,-89.86,206,DEV-83509,0
TRX-50948,27.3,eletronicos,Boleto,Mobile,715.11,1727.6,1,215.1,2,-106.35,325,DEV-DF933,1
TRX-50949,29.4,Vestuario,Cartao_Credito,Desktop,415.61,59.8,1,39.0,5,-106.83,673,DEV-F029D,0
TRX-50950,30.6,Vestuario,Pix,Mobile,615.28,475.4,0,450.2,5,-51.25,799,DEV-47D94,0
TRX-50951,14.4,Beleza,Pix,Desktop,1153.42,714.8,1,8.7,3,-82.63,870,DEV-2BF29,0
TRX-50952,46.1,Vestuario,Cartao_Credito,Mobile,539.03,1207.1,0,299.7,2,-82.8,377,DEV-D156E,0
TRX-50953,50.1,Vestuario,Cartao_Credito,Mobile,297.05,1634.6,1,209.3,1,32.98,904,DEV-74F72,0
TRX-50954,51.8,eletronicos,Cartao_Credito,Mobile,249.06,269.8,0,30.6,0,-18.83,467,DEV-6A883,0
TRX-50955,25.7,Games,Pix,Desktop,857.68,256.8,0,250.4,8,-170.66,294,DEV-61185,0
TRX-50956,26.8, ELETRONICOS ,Cartao_Credito,Mobile,59.1,1695.7,0,169.7,3,-33.69,975,DEV-27724,0
TRX-50957,12.6, ELETRONICOS ,Pix,Mobile,382.44,1314.7,0,79.0,4,180.8,788,DEV-99795,0
TRX-50958,47.2,Vestuario,Cartao_Credito,Mobile,938.95,669.3,1,122.9,7,-186.68,687,DEV-7B04E,0
TRX-50959,34.7,Eletronicos,Cartao_Credito,Mobile,1291.79,707.6,1,25.1,4,-94.96,361,DEV-B2AFD,0
TRX-50960,44.8,Eletronicos,Cartao_Credito,Desktop,30.41,879.2,1,107.6,4,2.82,878,DEV-373DA,0
TRX-50961,41.1,Beleza,Cartao_Credito,Tablet,409.27,438.4,1,111.0,6,92.12,395,DEV-8B391,0
TRX-50962,46.5,Eletronicos,Cartao_Credito,Mobile,1339.14,802.4,1,43.1,1,-122.8,415,DEV-F1BB8,1
TRX-50963,27.3,Games,Pix,Mobile,3266.58,600.6,1,112.9,6,-1.9,278,DEV-B14E0,1
TRX-50964,22.4,Games,Cartao_Credito,Mobile,853.06,29.2,2,151.4,4,-66.71,652,DEV-C3ED9,1
TRX-50965,20.6,Games,Pix,Mobile,2628.35,1069.8,1,470.3,3,-25.78,707,DEV-AAC1B,1
TRX-50966,33.2,eletronicos,Cartao_Credito,Mobile,397.82,735.5,0,49.6,6,34.47,214,DEV-29364,0
TRX-50967,35.4,Vestuario,Cartao_Credito,Desktop,151.27,605.5,1,263.0,3,74.22,600,DEV-DBE35,1
TRX-50968,16.4, ELETRONICOS ,Voucher,Desktop,232.36,178.8,1,110.5,4,-243.63,233,DEV-A1A3E,0
TRX-50969,38.9,Vestuario,Boleto,Mobile,566.6,798.2,2,258.2,6,34.18,563,DEV-B5405,0
TRX-50970,30.7,Eletronicos,Pix,Desktop,68.92,1077.5,0,277.4,5,-128.24,716,DEV-DEBEB,0
TRX-50971,18.2, ELETRONICOS ,Cartao_Credito,Tablet,926.6,156.9,0,44.9,4,-50.01,184,DEV-41A4E,0
TRX-50972,35.2, ELETRONICOS ,Pix,Mobile,684.03,798.0,0,46.7,3,-77.58,864,DEV-B501A,0
TRX-50973,32.2,eletronicos,Cartao_Credito,Mobile,1036.35,1058.3,0,23.4,3,55.87,711,DEV-1FF75,0
TRX-50974,37.4,Games,Cartao_Credito,SmartTV,223.13,1014.5,0,173.5,4,-147.96,628,DEV-F0B03,1
TRX-50975,31.7,eletronicos,Cartao_Credito,Mobile,355.78,1452.7,1,191.4,5,24.88,744,DEV-38042,0
TRX-50976,38.4,Eletronicos,Pix,Desktop,62.36,1675.4,2,467.3,4,59.39,241,DEV-D90DE,1
TRX-50977,25.9,Beleza,Cartao_Credito,Mobile,929.67,373.3,0,74.9,2,160.31,829,DEV-30397,0
TRX-50978,36.6, ELETRONICOS ,Pix,Mobile,1558.3,898.0,0,21.5,5,-179.23,701,DEV-AE157,0
TRX-50979,37.9,Games,Cartao_Credito,SmartTV,,1412.5,1,84.9,5,-53.48,410,DEV-26980,0
TRX-50980,32.0,Vestuario,Boleto,Mobile,244.96,1275.0,0,116.7,4,-0.01,517,DEV-32D94,0
TRX-50981,23.2,Vestuario,Pix,Mobile,72.42,30.8,0,390.9,4,16.43,659,DEV-ED178,0
TRX-50982,11.1,Vestuario,Boleto,Mobile,245.43,130.2,0,291.0,3,236.04,317,DEV-A802D,0
TRX-50983,25.1,Eletronicos,Pix,Desktop,,249.7,0,12.2,2,1.07,266,DEV-830A7,0
TRX-50984,33.9,Vestuario,Pix,Desktop,521.04,624.5,0,8.1,3,-83.18,425,DEV-7B35F,0
TRX-50985,35.9,Vestuario,Boleto,Mobile,339.26,1719.0,0,16.5,4,82.8,261,DEV-BBB5E,0
TRX-50986,32.8,Eletronicos,Boleto,Mobile,115.67,1734.6,1,380.4,4,-77.77,228,DEV-E22ED,0
TRX-50987,,Eletronicos,Cartao_Credito,Desktop,511.96,1441.9,0,119.2,2,-111.4,733,DEV-BEE1E,0
TRX-50988,52.4,Beleza,Cartao_Credito,Mobile,1677.86,437.9,1,14.2,2,16.91,933,DEV-C67DB,1
TRX-50989,36.3,Eletronicos,Voucher,Mobile,985.31,439.9,1,160.8,4,-148.64,983,DEV-1A771,1
TRX-50990,30.9,Eletronicos,Pix,Mobile,74.66,1733.7,1,17.2,0,69.3,487,DEV-4FCC5,0
TRX-50991,39.8,Eletronicos,Cartao_Credito,Mobile,321.91,1437.4,2,48.0,1,-78.5,623,DEV-4917D,0
TRX-50992,18.9,eletronicos,Cartao_Credito,Mobile,179.28,1383.9,0,152.5,5,-122.35,939,DEV-19AE2,0
TRX-50993,43.7,Games,Boleto,Mobile,2968.35,1132.3,0,75.4,3,-244.12,156,DEV-75367,1
TRX-50994,29.0,Eletronicos,Pix,Tablet,1306.7,991.2,0,35.4,3,418.28,986,DEV-D9B44,0
TRX-50995,28.4,Games,Pix,Mobile,956.14,1761.2,0,159.5,3,87.59,818,DEV-5E07C,0
TRX-50996,,Games,Boleto,Desktop,1190.53,242.9,1,294.3,3,64.86,396,DEV-78914,1
TRX-50997,38.2,Vestuario,Boleto,Mobile,139.07,725.3,1,47.1,1,-154.7,756,DEV-56A06,0
TRX-50998,38.7,eletronicos,Cartao_Credito,Mobile,,115.6,1,471.6,1,-33.38,908,DEV-4C90B,1
TRX-50999,26.4,Eletronicos,Boleto,Desktop,650.33,1526.1,0,5.6,3,-35.25,276,DEV-6D38C,0
TRX-51000,37.4,Vestuario,Cartao_Credito,Desktop,847.63,683.6,4,10.4,4,200.9,174,DEV-93706,1
TRX-51001,36.0, ELETRONICOS ,Boleto,Desktop,367.85,1538.7,0,426.0,4,-234.3,347,DEV-8461A,0
TRX-51002,34.4,Vestuario,Cartao_Credito,Desktop,303.42,1068.1,0,20.6,1,14.49,401,DEV-3D15E,0
TRX-51003,44.1,Vestuario,Cartao_Credito,Desktop,56.69,1602.7,0,82.1,1,-5.81,101,DEV-47A41,0
TRX-51004,44.6,Eletronicos,Pix,Mobile,849.8,594.7,0,75.7,3,-127.02,524,DEV-4ED6C,0
TRX-51005,21.1,Eletronicos,Cartao_Credito,Desktop,453.07,721.8,3,25.8,4,40.75,680,DEV-5D110,0
TRX-51006,24.3, ELETRONICOS ,Pix,Mobile,283.23,356.9,0,669.7,3,-39.33,254,DEV-E155B,1
TRX-51007,50.6,Vestuario,Cartao_Credito,Mobile,1767.39,842.0,1,80.1,3,65.52,149,DEV-8F3EF,1
TRX-51008,60.9, ELETRONICOS ,Cartao_Credito,Mobile,105.11,1767.7,0,81.5,2,89.78,391,DEV-BDFA0,0
TRX-51009,40.1,Eletronicos,Cartao_Credito,Desktop,45.92,723.6,1,59.2,3,-72.76,597,DEV-A3E14,0
TRX-51010,11.3,Beleza,Voucher,Desktop,376.18,1142.3,1,74.8,1,113.37,395,DEV-306A3,0
TRX-51011,49.7,Eletronicos,Cartao_Credito,Desktop,84.59,348.3,2,253.0,1,14.56,909,DEV-641E2,1
TRX-51012,31.4,eletronicos,Boleto,Tablet,,1373.1,0,61.2,3,109.52,516,DEV-BA5A9,0
TRX-51013,40.5,Beleza,Pix,Mobile,350.45,1085.8,0,69.1,3,139.62,431,DEV-D4419,0
TRX-51014,43.4,Eletronicos,Pix,Tablet,304.84,321.2,1,2.1,2,-53.1,531,DEV-2E7A2,0
TRX-51015,40.3,Vestuario,Cartao_Credito,Tablet,702.43,368.2,0,35.2,5,151.01,973,DEV-D8054,1
TRX-51016,43.1,Vestuario,Voucher,Desktop,,1116.0,1,8.8,7,117.94,280,DEV-AB34A,0
TRX-51017,46.9, ELETRONICOS ,Pix,Mobile,43.12,1142.7,0,28.6,3,130.91,418,DEV-831E4,0
TRX-51018,31.0, ELETRONICOS ,Boleto,Desktop,,1203.9,0,165.3,4,-145.31,171,DEV-2D43A,0
TRX-51019,33.3,Eletronicos,Cartao_Credito,Desktop,369.93,997.7,1,460.4,2,-130.07,812,DEV-580A0,0
TRX-51020,35.0,Beleza,Pix,Desktop,1043.87,1102.7,0,34.9,2,-185.29,120,DEV-61E94,0
TRX-51021,58.3,Eletronicos,Cartao_Credito,Mobile,416.43,569.1,1,280.8,5,28.75,574,DEV-1F457,0
TRX-51022,29.5,Eletronicos,Pix,Mobile,1978.47,325.9,0,43.5,4,20.78,403,DEV-9CE46,1
TRX-51023,29.6,Eletronicos,Cartao_Credito,Mobile,668.34,44.3,1,52.5,5,36.36,125,DEV-74EA6,0
TRX-51024,47.0,Vestuario,Boleto,Mobile,171.74,37.3,2,30.2,3,19.26,833,DEV-3C1FC,1
TRX-51025,25.8,Eletronicos,Boleto,Mobile,323.74,89.2,2,110.9,5,-10.68,225,DEV-46B14,0
TRX-51026,36.1, ELETRONICOS ,Cartao_Credito,Desktop,74.0,1259.2,0,290.1,1,-89.41,119,DEV-8E89D,1
TRX-51027,47.6,Beleza,Cartao_Credito,Desktop,804.52,559.3,1,142.5,3,98.96,830,DEV-72B3A,0
TRX-51028,, ELETRONICOS ,Boleto,Mobile,77.24,960.9,1,63.5,4,-20.41,161,DEV-95F4F,0
TRX-51029,44.4,eletronicos,Cartao_Credito,Mobile,190.09,953.0,1,17.9,5,74.71,287,DEV-9A902,0
TRX-51030,50.3,Vestuario,Pix,Tablet,1761.14,1603.8,1,143.6,4,-92.67,111,DEV-C8917,0
TRX-51031,30.8,Vestuario,Boleto,Desktop,274.6,739.5,0,40.7,2,-158.19,296,DEV-5ACCA,0
TRX-51032,12.1,Eletronicos,Boleto,SmartTV,821.34,471.1,1,252.6,1,62.92,869,DEV-1B354,1
TRX-51033,42.2,Eletronicos,Pix,Mobile,716.4,711.6,1,106.2,3,-124.13,614,DEV-73438,0
TRX-51034,43.2,Eletronicos,Cartao_Credito,Desktop,83.87,71.1,0,280.6,6,13.24,458,DEV-E4BD0,0
TRX-51035,52.4,Vestuario,Cartao_Credito,Mobile,126.59,148.5,0,36.4,2,33.23,155,DEV-5A7A8,0
TRX-51036,43.4,Beleza,Cartao_Credito,Desktop,236.94,1212.8,1,83.9,6,-19.08,365,DEV-A3FF6,0
TRX-51037,44.2, ELETRONICOS ,Pix,Desktop,,170.4,1,6.2,4,142.86,377,DEV-57151,0
TRX-51038,36.6, ELETRONICOS ,Cartao_Credito,Mobile,954.95,654.2,1,11.9,4,52.4,115,DEV-2BC31,1
TRX-51039,43.2,Eletronicos,Cartao_Credito,Mobile,96.69,728.8,0,37.0,1,-20.62,590,DEV-8F1E2,0
TRX-51040,38.4,Beleza,Cartao_Credito,Mobile,1954.96,668.5,0,24.9,3,-62.95,887,DEV-94C27,1
TRX-51041,52.0,Vestuario,Boleto,Mobile,482.54,1393.2,1,358.7,3,-16.23,741,DEV-81D44,0
TRX-51042,34.8,Eletronicos,Pix,Desktop,143.14,294.5,1,226.9,1,-38.82,136,DEV-A770B,0
TRX-51043,,Games,Cartao_Credito,Mobile,96.27,605.1,1,72.0,2,-52.34,979,DEV-75BC9,1
TRX-51044,40.1,Eletronicos,Boleto,Desktop,1221.32,909.9,0,40.2,2,-20.25,756,DEV-DAF7C,0
TRX-51045,42.7,Vestuario,Cartao_Credito,Mobile,2004.75,410.3,0,152.1,2,120.68,244,DEV-82A47,1
TRX-51046,56.6, ELETRONICOS ,Cartao_Credito,Mobile,1682.56,74.7,0,234.1,1,161.78,327,DEV-B3AB9,1
TRX-51047,33.8,Beleza,Pix,Mobile,668.96,1192.8,0,274.7,4,-29.94,149,DEV-2FDA6,0
TRX-51048,, ELETRONICOS ,Cartao_Credito,Mobile,60.69,1540.9,0,25.5,4,28.89,448,DEV-79F9A,0
TRX-51049,38.9,Games,Cartao_Credito,Mobile,530.4,1168.4,0,22.6,5,-81.36,352,DEV-DB98E,0
TRX-51050,26.8,eletronicos,Cartao_Credito,Mobile,907.56,417.1,1,19.4,2,128.96,494,DEV-9AB96,0
TRX-51051,14.6,Games,Voucher,Desktop,346.36,368.5,1,33.3,3,-114.8,372,DEV-62BD1,1
TRX-51052,40.5,Eletronicos,Cartao_Credito,Mobile,1009.87,515.8,1,97.1,2,34.78,816,DEV-851EF,0
TRX-51053,43.3,Beleza,Boleto,Mobile,179.52,1082.9,0,163.8,4,-29.83,234,DEV-DE0E7,0
TRX-51054,24.2,Vestuario,Cartao_Credito,Mobile,306.42,1652.3,1,90.3,3,24.12,551,DEV-53315,0
TRX-51055,51.2,Eletronicos,Pix,Mobile,170.27,1627.4,1,97.1,2,135.94,479,DEV-1FF0B,0
TRX-51056,, ELETRONICOS ,Boleto,Mobile,613.94,373.1,0,55.8,3,5.9,222,DEV-AC07C,0
TRX-51057,34.1,eletronicos,Cartao_Credito,Mobile,382.39,681.1,1,342.3,4,-108.32,804,DEV-9C700,1
TRX-51058,23.9, ELETRONICOS ,Cartao_Credito,Desktop,524.57,1534.6,0,124.8,4,21.08,247,DEV-6572D,0
TRX-51059,61.4,Eletronicos,Cartao_Credito,Mobile,58.96,1676.3,0,5.3,3,-16.11,298,DEV-D9DC5,0
TRX-51060,47.2,eletronicos,Cartao_Credito,Desktop,2153.56,1266.5,1,51.4,7,-11.59,424,DEV-BD1AA,0
TRX-51061,43.4,eletronicos,Boleto,Mobile,1690.87,1373.8,2,198.0,4,-97.06,525,DEV-B7978,1
TRX-51062,43.8,Vestuario,Cartao_Credito,Desktop,1862.65,1348.2,0,93.0,0,-10.54,151,DEV-E38EF,1
TRX-51063,51.1,Games,Cartao_Credito,Desktop,114.53,297.9,1,381.3,2,23.32,528,DEV-48A59,1
TRX-51064,33.7,Beleza,Cartao_Credito,Desktop,706.76,90.8,2,95.9,3,181.9,799,DEV-AF616,0
TRX-51065,30.8,Beleza,Boleto,Desktop,443.8,1522.3,1,182.0,4,-67.32,803,DEV-23708,0
TRX-51066,35.5,Eletronicos,Boleto,Mobile,1043.75,380.8,1,149.4,4,-223.22,630,DEV-AB15F,1
TRX-51067,33.5,Eletronicos,Cartao_Credito,SmartTV,143.98,1768.3,0,7.6,7,14.97,167,DEV-E1578,0
TRX-51068,22.5,Games,Voucher,Desktop,,1578.6,1,65.6,0,-53.53,299,DEV-376FB,0
TRX-51069,23.3,Beleza,Cartao_Credito,Desktop,73.95,1237.2,0,104.0,3,10.85,723,DEV-806AD,0
TRX-51070,37.6, ELETRONICOS ,Pix,Mobile,501.78,1541.2,0,141.0,2,45.04,716,DEV-80521,0
TRX-51071,31.6,Games,Boleto,Desktop,132.03,1051.1,0,87.0,5,101.25,676,DEV-A8290,0
TRX-51072,33.7,Beleza,Cartao_Credito,Desktop,1903.21,879.1,1,26.9,1,-111.79,446,DEV-1EA0D,1
TRX-51073,40.6,Vestuario,Cartao_Credito,Mobile,114.61,796.3,0,340.3,2,-29.09,841,DEV-918FB,1
TRX-51074,38.3,Vestuario,Pix,Mobile,1191.99,1639.7,1,115.0,3,66.11,279,DEV-7DC6E,1
TRX-51075,44.5,Beleza,Cartao_Credito,Mobile,296.86,670.6,0,18.2,2,24.19,125,DEV-319BD,0
TRX-51076,39.9,Eletronicos,Pix,Tablet,73.56,1441.2,0,1.9,3,46.61,247,DEV-25F1E,0
TRX-51077,13.9,Games,Cartao_Credito,Desktop,679.03,1555.2,0,158.0,8,25.17,549,DEV-53D71,0
TRX-51078,28.0,Games,Boleto,Mobile,364.57,454.2,0,93.3,1,171.79,396,DEV-80DC5,1
TRX-51079,44.5,Eletronicos,Boleto,Desktop,,1192.8,3,9.5,6,-42.14,553,DEV-891AB,1
TRX-51080,28.2,Beleza,Cartao_Credito,Desktop,1031.52,150.5,2,10.5,6,-35.69,660,DEV-D3770,0
TRX-51081,46.3,Eletronicos,Cartao_Credito,Mobile,486.65,927.3,1,5.0,7,186.05,723,DEV-979D5,0
TRX-51082,20.8,eletronicos,Pix,Mobile,2406.98,578.7,0,22.9,7,68.23,441,DEV-45EA2,1
TRX-51083,29.8,eletronicos,Cartao_Credito,Desktop,366.61,1736.0,0,178.8,2,-24.28,548,DEV-B4477,0
TRX-51084,40.2,Eletronicos,Boleto,Mobile,2523.0,1614.7,0,70.6,7,6.36,315,DEV-A2817,0
TRX-51085,33.1,Eletronicos,Cartao_Credito,Tablet,557.41,96.9,0,262.3,4,-41.93,818,DEV-C4CD7,1
TRX-51086,,Beleza,Cartao_Credito,Desktop,631.92,526.6,0,452.1,6,-127.55,221,DEV-BD769,0
TRX-51087,29.7,Beleza,Pix,Mobile,1846.88,103.6,0,13.4,3,-111.33,943,DEV-F06A7,0
TRX-51088,39.9,Eletronicos,Cartao_Credito,Mobile,64.75,1749.7,1,142.1,2,-317.63,939,DEV-4CDB2,0
TRX-51089,40.8,Beleza,Cartao_Credito,Desktop,685.81,207.7,0,4.0,8,-15.07,157,DEV-3F207,0
TRX-51090,42.8,eletronicos,Cartao_Credito,Mobile,,777.0,0,58.6,6,-178.16,324,DEV-65A4E,0
TRX-51091,25.8,Eletronicos,Boleto,Mobile,,1144.8,0,48.0,4,-35.92,324,DEV-8007E,0
TRX-51092,,Eletronicos,Boleto,Mobile,676.03,1323.1,1,633.5,3,75.63,623,DEV-87C80,1
TRX-51093,29.9,Beleza,Cartao_Credito,Mobile,43.47,221.5,0,49.9,3,128.64,722,DEV-CBE97,0
TRX-51094,38.2,Eletronicos,Cartao_Credito,Mobile,1006.33,535.3,0,196.6,5,-58.7,942,DEV-AE130,1
TRX-51095,39.0,Eletronicos,Pix,Desktop,273.58,1618.9,0,3.8,5,-157.83,404,DEV-CF580,0
TRX-51096,29.0,Beleza,Cartao_Credito,Mobile,2108.15,821.5,2,408.3,3,229.81,752,DEV-702F8,1
TRX-51097,35.1,Eletronicos,Boleto,Mobile,69.45,254.0,0,22.8,6,-68.97,557,DEV-5B897,0
TRX-51098,32.6,Vestuario,Pix,Mobile,489.93,1172.2,1,14.9,3,58.62,710,DEV-F04B6,0
TRX-51099,38.5,Vestuario,Cartao_Credito,Desktop,160.14,328.9,0,428.8,0,99.41,982,DEV-74BFE,1
TRX-51100,37.2,Beleza,Pix,Mobile,607.73,349.1,0,13.0,2,18.16,368,DEV-67CC2,0
TRX-51101,33.9,Eletronicos,Boleto,Desktop,353.76,1210.0,1,116.9,3,-141.79,523,DEV-228E2,0
TRX-51102,54.4, ELETRONICOS ,Pix,Mobile,48.82,623.5,0,170.7,3,135.99,318,DEV-7070C,0
TRX-51103,21.7,Eletronicos,Cartao_Credito,Desktop,75.08,74.8,0,110.8,1,-4.95,636,DEV-842F5,0
TRX-51104,51.5,eletronicos,Cartao_Credito,Mobile,235.83,774.5,1,152.3,1,310.76,672,DEV-28D9E,0
TRX-51105,32.7,Vestuario,Cartao_Credito,SmartTV,306.21,1109.7,1,103.3,5,-46.05,972,DEV-513A3,0
TRX-51106,,Vestuario,Boleto,Desktop,35.8,621.8,0,99.7,5,-95.79,106,DEV-D88CA,0
TRX-51107,35.3,Vestuario,Cartao_Credito,Mobile,2762.45,1164.2,1,77.7,4,-151.03,520,DEV-3081D,0
TRX-51108,32.5, ELETRONICOS ,Cartao_Credito,Mobile,33.15,1500.1,1,116.0,3,215.59,797,DEV-A525C,0
TRX-51109,29.3,Eletronicos,Pix,Desktop,619.98,379.8,2,12.3,3,31.23,773,DEV-9FC19,0
TRX-51110,27.0,Eletronicos,Cartao_Credito,Desktop,289.68,210.7,1,70.8,3,213.25,983,DEV-1DB30,0
TRX-51111,40.1, ELETRONICOS ,Boleto,Mobile,482.45,1222.8,0,89.4,1,43.23,982,DEV-8FCF2,0
TRX-51112,43.6,eletronicos,Boleto,Mobile,770.88,853.8,1,95.1,2,-103.52,770,DEV-35EFA,0
TRX-51113,15.6,Eletronicos,Boleto,Desktop,34.64,465.8,0,91.5,3,122.9,839,DEV-A92B9,0
TRX-51114,39.3,Vestuario,Cartao_Credito,Mobile,1407.14,1139.5,2,146.9,6,41.51,568,DEV-49BB3,1
TRX-51115,33.0, ELETRONICOS ,Boleto,Desktop,136.69,989.1,2,86.0,1,-157.35,857,DEV-F3311,0
TRX-51116,38.7, ELETRONICOS ,Cartao_Credito,Desktop,2834.4,506.0,1,187.0,3,-4.88,113,DEV-949EF,1
TRX-51117,42.8, ELETRONICOS ,Cartao_Credito,Mobile,55.43,743.4,3,565.5,3,110.0,889,DEV-B02C6,1
TRX-51118,46.3,eletronicos,Pix,Desktop,296.04,278.4,0,133.5,1,-82.69,503,DEV-EFD4E,0
TRX-51119,41.1,Eletronicos,Cartao_Credito,Mobile,302.1,1712.9,0,295.8,6,205.49,749,DEV-38937,0
TRX-51120,48.0,Beleza,Cartao_Credito,Desktop,462.26,31.4,1,168.6,2,109.01,632,DEV-C2C77,1
TRX-51121,38.2,Vestuario,Cartao_Credito,Mobile,839.14,334.8,2,30.5,5,-8.81,823,DEV-72FD0,0
TRX-51122,37.1,Eletronicos,Cartao_Credito,Mobile,594.21,800.7,1,27.2,5,50.58,283,DEV-2C260,0
TRX-51123,38.3,Beleza,Cartao_Credito,Mobile,59.81,53.8,1,134.5,1,140.92,363,DEV-2E83C,1
TRX-51124,40.3,Vestuario,Cartao_Credito,Mobile,519.97,1061.6,2,30.2,5,31.83,611,DEV-C9D46,0
TRX-51125,27.2,Beleza,Voucher,Mobile,683.09,1705.5,1,12.5,9,-70.85,920,DEV-6CBAB,0
TRX-51126,31.6,Vestuario,Cartao_Credito,Mobile,,229.4,0,621.4,4,38.12,170,DEV-40893,1
TRX-51127,29.0,Beleza,Boleto,Desktop,210.69,1527.8,0,113.0,3,69.36,268,DEV-240DE,0
TRX-51128,34.9, ELETRONICOS ,Boleto,Mobile,475.92,312.2,1,107.7,1,-23.89,734,DEV-795AF,1
TRX-51129,30.1,Beleza,Pix,Desktop,722.39,1630.3,1,224.0,4,170.41,650,DEV-82B5C,0
TRX-51130,28.9,Games,Boleto,Desktop,609.64,608.5,0,128.6,4,-59.99,791,DEV-D32C1,0
TRX-51131,41.6,Eletronicos,Voucher,SmartTV,41.35,803.0,2,94.7,5,117.1,191,DEV-890DC,0
TRX-51132,41.4, ELETRONICOS ,Cartao_Credito,Desktop,244.85,1759.0,1,91.8,2,-42.63,625,DEV-453CC,0
TRX-51133,24.9, ELETRONICOS ,Pix,Mobile,376.53,1741.8,0,492.4,1,-21.8,762,DEV-33592,0
TRX-51134,999.0,Games,Cartao_Credito,Tablet,708.21,1603.9,1,5.6,4,-32.81,637,DEV-BC9CA,0
TRX-51135,19.5,Beleza,Boleto,Mobile,488.85,917.8,0,46.1,5,232.56,417,DEV-F0688,0
TRX-51136,29.7, ELETRONICOS ,Pix,Mobile,287.56,1097.4,0,158.0,4,-339.69,290,DEV-E5F68,0
TRX-51137,19.5,Vestuario,Boleto,Mobile,175.13,758.8,1,2.1,4,-5.16,714,DEV-9F982,0
TRX-51138,,Vestuario,Cartao_Credito,Mobile,,967.8,1,166.7,4,-136.5,216,DEV-93B97,0
TRX-51139,34.0,Eletronicos,Cartao_Credito,Mobile,1103.76,1013.6,0,104.9,6,139.73,712,DEV-72636,0
TRX-51140,42.2,Vestuario,Cartao_Credito,Desktop,601.15,305.5,1,121.5,2,-89.21,422,DEV-3D4F1,1
TRX-51141,35.0,Beleza,Cartao_Credito,Tablet,481.46,1051.6,1,154.0,2,98.38,319,DEV-CBD90,0
TRX-51142,22.7,Beleza,Boleto,Mobile,443.38,704.2,0,88.2,3,291.93,798,DEV-1DAD3,0
TRX-51143,33.3,Beleza,Cartao_Credito,Mobile,1401.51,264.3,0,58.1,2,-92.06,325,DEV-952C9,0
TRX-51144,34.4,Vestuario,Cartao_Credito,Mobile,1001.97,702.4,1,210.8,3,13.22,220,DEV-D6805,1
TRX-51145,39.8,Beleza,Cartao_Credito,Desktop,1707.29,78.2,0,189.2,1,129.87,310,DEV-599EA,1
TRX-51146,20.9,Beleza,Cartao_Credito,Mobile,301.06,1787.9,1,47.5,4,161.61,917,DEV-2B4AA,0
TRX-51147,32.5,Eletronicos,Cartao_Credito,Tablet,2163.91,374.2,0,137.4,2,-121.59,397,DEV-900D4,1
TRX-51148,42.7,Eletronicos,Cartao_Credito,Desktop,2045.02,1492.5,0,204.4,1,-181.0,625,DEV-92C89,1
TRX-51149,39.9,Beleza,Cartao_Credito,SmartTV,428.97,192.2,1,139.9,4,-23.89,505,DEV-B5CA3,0
TRX-51150,33.5,Eletronicos,Pix,Mobile,511.55,1656.4,1,43.2,3,61.23,444,DEV-E1AA0,0
TRX-51151,31.8,eletronicos,Cartao_Credito,Mobile,2698.28,640.9,0,53.6,2,-204.81,781,DEV-93FCE,1
TRX-51152,36.1,Eletronicos,Cartao_Credito,Mobile,858.52,1572.2,1,6.3,6,-75.22,275,DEV-EB766,0
TRX-51153,43.1,Vestuario,Cartao_Credito,Mobile,306.34,434.8,1,35.1,5,3.14,675,DEV-9696C,0
TRX-51154,38.2,Beleza,Cartao_Credito,Mobile,433.88,1764.6,0,56.1,2,-27.96,143,DEV-42EF7,0
TRX-51155,42.3,Vestuario,Cartao_Credito,Tablet,251.51,452.8,0,237.5,3,-173.12,304,DEV-512DB,0
TRX-51156,40.0, ELETRONICOS ,Cartao_Credito,Mobile,849.18,1153.4,0,73.6,4,120.12,608,DEV-D7B57,0
TRX-51157,43.9,eletronicos,Cartao_Credito,Mobile,1396.93,413.6,1,479.4,1,-52.5,601,DEV-B51E8,1
TRX-51158,38.4,Games,Pix,Mobile,1528.76,892.1,1,636.8,3,-57.12,334,DEV-8BC23,1
TRX-51159,31.5,Eletronicos,Boleto,Mobile,2073.06,858.6,0,88.6,3,-130.49,567,DEV-C0A29,1
TRX-51160,28.4,Beleza,Pix,Desktop,21.15,1678.3,0,119.6,4,0.13,555,DEV-AA905,0
TRX-51161,34.1,eletronicos,Pix,Mobile,959.14,693.1,2,34.8,4,9.7,602,DEV-F311E,0
TRX-51162,31.3,Eletronicos,Boleto,Mobile,481.79,578.7,0,117.7,2,-112.31,261,DEV-95B27,0
TRX-51163,38.6,Eletronicos,Boleto,Mobile,1460.06,921.9,0,35.3,4,18.67,865,DEV-223CF,0
TRX-51164,24.2,Beleza,Boleto,Mobile,306.12,825.7,0,205.2,8,110.54,173,DEV-391C2,0
TRX-51165,21.7,eletronicos,Cartao_Credito,Mobile,1196.21,1174.8,0,128.6,5,-168.22,726,DEV-52747,0
TRX-51166,38.5,Beleza,Cartao_Credito,Mobile,638.74,787.5,2,243.9,4,97.42,617,DEV-DD64B,1
TRX-51167,45.7,Games,Boleto,Mobile,662.51,1456.1,2,586.3,2,-99.09,939,DEV-6A707,1
TRX-51168,59.4,Beleza,Cartao_Credito,Desktop,35.84,271.8,0,28.5,3,-75.73,290,DEV-2C376,0
TRX-51169,21.5,Eletronicos,Voucher,Desktop,313.39,1173.7,0,92.6,5,-152.98,193,DEV-3B2A3,0
TRX-51170,44.3,Eletronicos,Cartao_Credito,Desktop,260.69,870.8,0,0.8,1,103.26,356,DEV-46A83,0
TRX-51171,43.7,Vestuario,Boleto,Mobile,,1037.2,0,10.1,2,124.22,266,DEV-BFDEE,0
TRX-51172,37.0,eletronicos,Pix,Desktop,1272.0,1332.8,0,447.0,6,-0.3,917,DEV-8E887,0
TRX-51173,21.9,Eletronicos,Cartao_Credito,Mobile,731.62,805.0,0,26.7,2,72.86,790,DEV-B076B,0
TRX-51174,50.7, ELETRONICOS ,Boleto,Desktop,2308.98,1479.7,0,103.6,2,55.57,397,DEV-E88A4,1
TRX-51175,50.0,Eletronicos,Cartao_Credito,Desktop,278.07,572.1,1,179.3,5,125.88,832,DEV-5A4E1,0
TRX-51176,60.3, ELETRONICOS ,Cartao_Credito,Desktop,966.25,1122.2,0,42.5,5,55.6,830,DEV-E4340,0
TRX-51177,34.0, ELETRONICOS ,Cartao_Credito,Desktop,690.27,445.4,0,42.2,3,89.93,887,DEV-21252,0
TRX-51178,44.7,Eletronicos,Cartao_Credito,Mobile,44.55,528.5,0,200.0,3,78.07,698,DEV-548F6,0
TRX-51179,45.4,Beleza,Cartao_Credito,Desktop,,337.7,0,5.4,2,-177.47,359,DEV-24AF7,1
TRX-51180,26.8, ELETRONICOS ,Boleto,Mobile,184.3,1191.1,1,181.3,4,135.19,600,DEV-F2CB5,0
TRX-51181,44.4,Vestuario,Boleto,Mobile,258.74,1727.5,1,109.5,2,70.2,374,DEV-51859,0
TRX-51182,45.4,Eletronicos,Pix,SmartTV,286.63,340.0,0,241.5,5,-16.34,914,DEV-3BF1F,0
TRX-51183,44.1,Vestuario,Pix,Mobile,743.63,654.6,0,465.0,2,15.06,546,DEV-19E23,0
TRX-51184,10.5, ELETRONICOS ,Cartao_Credito,Tablet,914.42,142.7,0,143.4,7,-174.96,547,DEV-D887B,0
TRX-51185,21.8,Vestuario,Cartao_Credito,Mobile,611.89,1633.1,0,59.8,1,65.68,711,DEV-B5D97,0
TRX-51186,55.0,Vestuario,Pix,Mobile,1047.06,192.4,0,235.4,2,74.74,190,DEV-A5919,1
TRX-51187,,Vestuario,Pix,Mobile,,513.0,0,18.9,5,131.9,699,DEV-4F328,0
TRX-51188,36.7,Beleza,Boleto,Tablet,925.26,239.1,0,36.4,1,120.27,675,DEV-96B7C,1
TRX-51189,51.0,eletronicos,Cartao_Credito,Mobile,100.66,1641.0,0,108.0,3,115.9,529,DEV-8A196,0
TRX-51190,31.4,eletronicos,Cartao_Credito,Desktop,359.6,1371.9,1,59.7,4,44.33,377,DEV-F3DD8,0
TRX-51191,35.4,Vestuario,Voucher,Tablet,674.52,1678.3,1,207.7,0,241.84,966,DEV-957BD,0
TRX-51192,29.6,Vestuario,Cartao_Credito,Mobile,161.84,80.9,0,103.5,1,-22.91,583,DEV-CE9FC,0
TRX-51193,55.3,Vestuario,Boleto,Mobile,763.89,1096.9,2,279.3,8,-15.65,553,DEV-A4A14,0
TRX-51194,37.9,Eletronicos,Cartao_Credito,Tablet,33.67,1344.7,0,123.7,2,-3.5,397,DEV-ADB4E,0
TRX-51195,32.4,Beleza,Boleto,Mobile,142.8,1163.3,0,138.2,2,-83.95,165,DEV-A58E3,0
TRX-51196,46.4,Vestuario,Cartao_Credito,Mobile,62.02,384.5,0,69.5,3,44.07,150,DEV-CE066,0
TRX-51197,40.6,Beleza,Cartao_Credito,Mobile,957.13,1523.5,0,71.8,6,-157.44,163,DEV-2FBCA,0
TRX-51198,35.8,Beleza,Cartao_Credito,Mobile,137.76,1324.9,0,4.2,0,-134.12,809,DEV-74228,0
TRX-51199,40.1,Eletronicos,Cartao_Credito,Desktop,1111.97,644.7,1,122.4,5,58.88,901,DEV-8A390,0
TRX-51200,42.5,Eletronicos,Cartao_Credito,Mobile,666.42,132.2,0,77.3,2,-141.54,397,DEV-422F5,1
TRX-51201,40.9, ELETRONICOS ,Cartao_Credito,Mobile,308.15,270.3,0,3.7,9,-15.77,897,DEV-BDDA9,0
TRX-51202,25.2,Beleza,Cartao_Credito,Mobile,782.49,964.3,4,96.7,1,-47.89,231,DEV-E70E3,1
TRX-51203,40.0,Eletronicos,Boleto,Mobile,1150.22,1460.1,1,78.5,2,97.85,831,DEV-7D745,1
TRX-51204,40.0, ELETRONICOS ,Cartao_Credito,Desktop,605.04,563.9,1,824.5,9,-110.38,783,DEV-57984,0
TRX-51205,29.2,Beleza,Voucher,Mobile,720.36,1285.3,0,285.0,7,18.99,924,DEV-4C9D0,0
TRX-51206,28.3,Vestuario,Cartao_Credito,Mobile,54.31,1728.0,0,261.3,1,-31.44,421,DEV-28F45,0
TRX-51207,31.4,Vestuario,Voucher,Mobile,1164.05,93.8,1,176.1,6,-84.48,341,DEV-95CBE,1
TRX-51208,37.8,eletronicos,Boleto,Mobile,502.53,111.4,2,267.7,3,-35.99,387,DEV-7054B,1
TRX-51209,15.1,Vestuario,Cartao_Credito,Mobile,65.82,70.8,0,38.3,7,46.21,619,DEV-36A9F,0
TRX-51210,31.7,Beleza,Pix,Mobile,117.4,1613.0,2,174.7,1,-146.34,120,DEV-38AFD,0
TRX-51211,28.5,Games,Voucher,Mobile,667.73,741.2,0,445.4,5,-204.91,827,DEV-F1503,0
TRX-51212,40.0,Eletronicos,Pix,Desktop,835.46,639.0,1,91.1,1,-51.19,812,DEV-45D6F,1
TRX-51213,17.8, ELETRONICOS ,Cartao_Credito,Mobile,851.27,666.0,0,270.2,3,-158.51,724,DEV-5BB0D,0
TRX-51214,32.2,Beleza,Cartao_Credito,Desktop,550.08,581.2,0,92.1,3,99.65,300,DEV-48AE4,0
TRX-51215,37.2,Games,Cartao_Credito,Mobile,3881.26,112.3,0,19.2,6,-16.9,809,DEV-4FCAB,1
TRX-51216,36.3,Eletronicos,Voucher,Desktop,622.44,1517.5,0,8.3,6,8.83,326,DEV-4FA3F,0
TRX-51217,,eletronicos,Cartao_Credito,Mobile,1477.81,1032.6,0,217.1,4,-0.58,998,DEV-BE600,1
TRX-51218,38.0,Beleza,Cartao_Credito,Mobile,2083.45,218.3,1,78.3,4,-19.26,350,DEV-A6DE2,1
TRX-51219,,Games,Cartao_Credito,Mobile,184.39,534.2,0,147.5,3,108.34,614,DEV-B5D31,0
TRX-51220,35.7,Eletronicos,Boleto,Mobile,1186.82,664.4,1,103.7,1,195.11,311,DEV-502C7,0
TRX-51221,,Eletronicos,Pix,Mobile,155.93,927.8,1,286.4,2,100.08,138,DEV-4F9DD,0
TRX-51222,25.8,eletronicos,Cartao_Credito,Mobile,36.03,1479.3,3,102.7,5,15.08,519,DEV-5E7B5,0
TRX-51223,37.2, ELETRONICOS ,Voucher,Mobile,859.77,1458.0,0,139.9,3,40.34,355,DEV-2ADAF,0
TRX-51224,27.4,Eletronicos,Pix,Mobile,23.6,1662.2,0,42.6,4,-79.28,462,DEV-79BE0,0
TRX-51225,25.3,Vestuario,Cartao_Credito,Mobile,90.59,704.3,0,29.7,8,208.61,603,DEV-C04F1,0
TRX-51226,35.0,Games,Cartao_Credito,Desktop,507.89,1178.7,3,44.4,3,8.33,370,DEV-362F1,0
TRX-51227,33.2,Vestuario,Cartao_Credito,Mobile,285.82,1320.9,1,26.8,1,171.16,322,DEV-28107,0
TRX-51228,37.8, ELETRONICOS ,Cartao_Credito,Tablet,128.01,600.1,1,125.2,3,-22.11,705,DEV-73BEF,0
TRX-51229,40.3, ELETRONICOS ,Boleto,Tablet,1621.09,552.3,1,105.1,4,-341.53,637,DEV-25E14,1
TRX-51230,27.6,Beleza,Pix,Mobile,132.67,836.1,2,134.6,4,44.63,657,DEV-A7ADF,1
TRX-51231,25.1,Beleza,Cartao_Credito,Desktop,58.12,1723.9,0,78.1,8,80.27,822,DEV-CB5C8,0
TRX-51232,43.9,Vestuario,Cartao_Credito,Mobile,792.01,1002.7,0,14.2,2,-215.79,552,DEV-B1065,0
TRX-51233,35.9,Eletronicos,Cartao_Credito,Desktop,772.98,343.2,0,8.5,5,-24.7,651,DEV-96C64,0
TRX-51234,39.5,eletronicos,Cartao_Credito,Mobile,202.57,1190.3,1,212.0,6,192.51,958,DEV-D6B52,0
TRX-51235,28.2,Vestuario,Cartao_Credito,Mobile,455.46,19.8,0,271.7,6,70.98,817,DEV-E58AA,0
TRX-51236,37.7,Eletronicos,Cartao_Credito,SmartTV,451.24,1039.5,2,262.4,4,-136.48,978,DEV-4B480,0
TRX-51237,43.6,Eletronicos,Cartao_Credito,Mobile,54.1,461.5,2,49.0,6,-91.57,954,DEV-6D357,0
TRX-51238,40.3,Beleza,Cartao_Credito,Mobile,395.24,1072.4,1,49.1,2,-113.02,273,DEV-DCB3F,0
TRX-51239,45.6,Vestuario,Cartao_Credito,Desktop,211.64,110.8,1,118.0,2,-77.39,435,DEV-AFFF2,1
TRX-51240,36.4,Vestuario,Boleto,Mobile,265.24,1695.0,0,193.9,4,-40.27,373,DEV-5F213,0
TRX-51241,26.7,Eletronicos,Cartao_Credito,Desktop,557.77,945.0,0,42.0,3,36.84,504,DEV-BAEA6,0
TRX-51242,36.2,Games,Pix,Tablet,183.09,718.3,0,173.2,6,150.05,278,DEV-89C7B,0
TRX-51243,30.5,Eletronicos,Pix,Mobile,29.66,254.6,0,121.3,1,273.73,647,DEV-EC9E8,0
TRX-51244,53.2,Games,Boleto,Mobile,2813.94,68.8,2,26.6,5,-50.79,936,DEV-B12B2,1
TRX-51245,38.8,Beleza,Pix,Mobile,603.58,130.6,0,35.3,6,-124.52,943,DEV-4D44B,0
TRX-51246,34.9,Vestuario,Cartao_Credito,Mobile,446.3,1508.9,0,57.7,3,-133.19,673,DEV-9C41A,0
TRX-51247,32.3, ELETRONICOS ,Cartao_Credito,Mobile,102.22,705.5,2,384.6,6,-81.64,120,DEV-80273,1
TRX-51248,31.7,Vestuario,Cartao_Credito,Desktop,1067.74,1367.0,0,316.1,3,-62.9,144,DEV-F13D3,1
TRX-51249,52.1,Beleza,Boleto,Desktop,418.84,1079.0,1,36.0,2,-58.67,766,DEV-E1C88,0
TRX-51250,40.0,eletronicos,Cartao_Credito,Mobile,76.12,1023.5,0,268.9,3,-31.24,650,DEV-F32EF,0
TRX-51251,44.6,eletronicos,Boleto,Mobile,444.1,465.8,0,79.1,4,105.42,377,DEV-7C89A,0
TRX-51252,22.9, ELETRONICOS ,Cartao_Credito,Mobile,977.07,143.2,0,61.3,0,-107.44,127,DEV-77419,1
TRX-51253,49.8, ELETRONICOS ,Cartao_Credito,Desktop,231.05,1051.0,0,44.3,5,84.4,966,DEV-5AB47,0
TRX-51254,42.9,Eletronicos,Voucher,Tablet,1450.4,472.2,0,187.8,5,58.07,113,DEV-65C3F,1
TRX-51255,26.4,Eletronicos,Pix,Mobile,663.16,1684.3,0,95.2,3,-139.96,181,DEV-E5730,0
TRX-51256,40.9, ELETRONICOS ,Cartao_Credito,Tablet,538.88,1318.1,0,625.8,0,85.07,892,DEV-CFD11,1
TRX-51257,32.7,eletronicos,Pix,Mobile,1582.13,144.2,2,124.2,0,100.95,230,DEV-E8B46,1
TRX-51258,38.1, ELETRONICOS ,Boleto,Desktop,665.07,1167.2,0,74.5,6,84.58,255,DEV-5E1ED,0
TRX-51259,41.3,Eletronicos,Boleto,Desktop,162.25,7.2,0,65.4,1,76.46,144,DEV-5E3A4,0
TRX-51260,36.2,Beleza,Cartao_Credito,SmartTV,272.79,66.2,0,146.0,4,-178.73,589,DEV-98035,0
TRX-51261,24.0,Beleza,Pix,Mobile,365.35,900.6,1,30.5,2,-93.65,955,DEV-18744,0
TRX-51262,38.4, ELETRONICOS ,Boleto,Mobile,522.36,1567.7,2,119.8,6,-10.7,798,DEV-2C077,0
TRX-51263,30.5,Eletronicos,Cartao_Credito,Desktop,458.56,1394.5,0,314.1,3,-121.63,780,DEV-D7B91,1
TRX-51264,41.2,Eletronicos,Boleto,Mobile,1862.94,85.9,0,217.9,5,66.25,344,DEV-A108C,1
TRX-51265,35.6,Vestuario,Voucher,Desktop,1302.08,829.2,0,49.7,4,297.56,437,DEV-4D167,1
TRX-51266,, ELETRONICOS ,Boleto,Desktop,37.76,1186.7,2,159.3,3,-220.52,791,DEV-9B26E,0
TRX-51267,35.3,eletronicos,Cartao_Credito,Mobile,853.19,455.7,1,112.1,3,-224.94,648,DEV-88E6F,1
TRX-51268,34.0,Eletronicos,Boleto,Mobile,,537.3,1,28.0,6,37.74,930,DEV-E8C95,0
TRX-51269,58.8,Games,Boleto,Tablet,132.04,168.6,0,12.7,2,87.23,323,DEV-959B6,0
TRX-51270,,Beleza,Cartao_Credito,Desktop,1492.12,1603.8,3,65.0,1,-69.06,383,DEV-C18C1,1
TRX-51271,30.3,Games,Cartao_Credito,Mobile,302.83,66.5,2,66.6,2,-156.56,760,DEV-345D3,1
TRX-51272,55.5,Vestuario,Cartao_Credito,Desktop,942.25,1340.5,0,246.2,2,-206.07,744,DEV-48F98,1
TRX-51273,28.5,Vestuario,Boleto,Desktop,885.17,601.1,0,172.0,6,134.28,141,DEV-5136D,0
TRX-51274,47.7,Beleza,Cartao_Credito,Tablet,433.32,1592.7,0,93.4,7,-161.86,585,DEV-C3DDF,0
TRX-51275,41.2,Eletronicos,Boleto,Desktop,179.84,554.4,1,31.6,1,101.13,716,DEV-B69A1,1
TRX-51276,15.3, ELETRONICOS ,Cartao_Credito,Desktop,73.8,1674.8,0,144.3,2,14.7,381,DEV-91756,0
TRX-51277,26.4,Eletronicos,Boleto,Desktop,1359.92,566.1,0,144.5,1,116.33,328,DEV-F01BF,0
TRX-51278,45.2, ELETRONICOS ,Cartao_Credito,Desktop,59.9,437.1,0,54.7,4,-74.77,419,DEV-C7105,0
TRX-51279,39.0,Beleza,Pix,Mobile,61.78,1496.5,0,452.9,4,-141.24,228,DEV-8BBA3,0
TRX-51280,44.0, ELETRONICOS ,Cartao_Credito,Desktop,189.57,361.7,1,313.3,6,3.8,485,DEV-A30EB,1
TRX-51281,31.6,Beleza,Pix,Desktop,582.98,363.7,1,322.8,2,61.71,297,DEV-370D3,1
TRX-51282,28.2,Games,Cartao_Credito,Mobile,1847.21,194.7,1,32.4,3,88.03,793,DEV-D0168,0
TRX-51283,19.4,Eletronicos,Cartao_Credito,Desktop,242.33,470.2,0,90.5,3,-76.2,748,DEV-8F19E,0
TRX-51284,44.8,Eletronicos,Pix,Desktop,947.98,1468.3,0,235.8,3,106.03,367,DEV-6D3AD,1
TRX-51285,18.3,Beleza,Pix,Desktop,624.97,908.7,0,46.3,4,-42.74,397,DEV-C108C,0
TRX-51286,39.7,Eletronicos,Cartao_Credito,Mobile,2102.37,310.8,0,12.3,2,87.37,365,DEV-DB033,0
TRX-51287,47.0,Vestuario,Voucher,Desktop,477.86,410.6,1,142.8,7,60.61,805,DEV-C3EF7,0
TRX-51288,45.4,eletronicos,Pix,Desktop,31.98,572.2,1,54.5,8,61.51,901,DEV-96145,0
TRX-51289,36.7,Vestuario,Cartao_Credito,Desktop,,7.8,0,47.0,0,-84.86,645,DEV-84118,0
TRX-51290,48.4,Eletronicos,Voucher,Mobile,63.9,1300.7,1,76.9,3,12.86,494,DEV-5AA8B,0
TRX-51291,40.6,Vestuario,Cartao_Credito,Mobile,895.95,1702.2,1,118.6,3,52.3,637,DEV-5C07E,0
TRX-51292,25.8,eletronicos,Pix,Mobile,95.58,1408.1,0,351.0,0,-146.01,456,DEV-40B8D,0
TRX-51293,41.2,Eletronicos,Cartao_Credito,Mobile,56.3,954.8,0,61.2,5,184.3,370,DEV-BA954,0
TRX-51294,46.1, ELETRONICOS ,Cartao_Credito,Mobile,1251.0,649.4,0,152.7,4,34.71,199,DEV-7CD31,0
TRX-51295,42.9,Vestuario,Pix,Mobile,1199.98,1764.0,0,16.3,5,-41.37,906,DEV-B1E38,0
TRX-51296,24.0,Vestuario,Boleto,Mobile,302.83,389.5,0,659.1,2,176.15,934,DEV-E5D23,0
TRX-51297,16.0,Vestuario,Cartao_Credito,Desktop,72.66,165.2,0,164.3,4,93.19,972,DEV-9F194,0
TRX-51298,33.0,Beleza,Cartao_Credito,Mobile,1580.7,1189.3,2,200.1,3,-120.98,150,DEV-6D2DD,1
TRX-51299,,Vestuario,Pix,Mobile,280.27,919.3,0,110.2,5,43.56,523,DEV-969F5,0
TRX-51300,42.1,Eletronicos,Cartao_Credito,Mobile,893.87,966.5,3,2.8,6,-0.98,709,DEV-34D45,0
TRX-51301,32.9,Eletronicos,Boleto,Mobile,60.65,1371.4,3,347.7,1,-98.12,378,DEV-CB49D,1
TRX-51302,44.5,Vestuario,Boleto,Mobile,541.2,804.0,0,111.0,6,97.87,470,DEV-20D83,0
TRX-51303,32.4,Eletronicos,Cartao_Credito,Tablet,670.23,96.7,0,20.3,4,-1.74,454,DEV-30B3F,0
TRX-51304,41.1,Eletronicos,Cartao_Credito,Desktop,74.55,214.2,1,187.5,0,-66.69,522,DEV-2A014,0
TRX-51305,40.3,Games,Pix,Mobile,633.09,645.0,0,303.0,4,-19.03,300,DEV-89F43,1
TRX-51306,31.6, ELETRONICOS ,Cartao_Credito,Mobile,133.67,1707.4,1,252.8,2,70.97,330,DEV-BC190,0
TRX-51307,36.6,Eletronicos,Cartao_Credito,Mobile,710.59,1439.0,1,106.7,8,50.16,957,DEV-7DCD3,0
TRX-51308,40.8,Beleza,Cartao_Credito,Mobile,338.64,1353.9,0,31.0,6,-143.21,107,DEV-8D726,0
TRX-51309,34.0,Eletronicos,Pix,Mobile,,381.0,0,133.0,3,57.02,882,DEV-D12E8,0
TRX-51310,33.4, ELETRONICOS ,Cartao_Credito,Mobile,2822.43,1312.6,1,767.1,2,-32.31,897,DEV-B52CB,1
TRX-51311,13.8, ELETRONICOS ,Cartao_Credito,Mobile,177.77,396.8,0,1.4,5,179.7,553,DEV-F0207,0
TRX-51312,49.8,Games,Cartao_Credito,Mobile,315.41,572.7,0,0.6,4,29.2,344,DEV-D18CD,0
TRX-51313,42.9, ELETRONICOS ,Cartao_Credito,Mobile,,1593.5,2,156.9,2,82.71,694,DEV-8A227,1
TRX-51314,32.7,Games,Cartao_Credito,Mobile,911.62,1392.2,1,215.0,2,74.88,495,DEV-B21A0,0
TRX-51315,,Eletronicos,Cartao_Credito,Desktop,968.42,1466.2,0,106.4,9,150.32,496,DEV-813EF,0
TRX-51316,21.5,Eletronicos,Cartao_Credito,Tablet,869.17,144.3,1,171.2,5,41.05,569,DEV-759A5,1
TRX-51317,41.9, ELETRONICOS ,Cartao_Credito,Mobile,110.65,1737.2,0,29.3,4,109.93,828,DEV-A7B90,0
TRX-51318,38.5,Eletronicos,Voucher,Mobile,,586.0,3,38.2,5,27.75,534,DEV-562AD,0
TRX-51319,44.1,Vestuario,Pix,Mobile,264.53,1691.8,0,74.0,2,62.4,397,DEV-5A667,0
TRX-51320,55.8,Eletronicos,Cartao_Credito,Mobile,1168.61,1358.1,1,24.0,2,66.52,893,DEV-371DC,1
TRX-51321,27.7,Eletronicos,Cartao_Credito,SmartTV,263.78,841.6,0,293.3,3,57.99,113,DEV-34C84,1
TRX-51322,,Beleza,Cartao_Credito,Mobile,1065.22,1163.2,0,82.4,2,-26.72,480,DEV-CE78C,0
TRX-51323,39.1, ELETRONICOS ,Cartao_Credito,Mobile,70.69,720.4,0,7.6,4,-154.37,500,DEV-ADEAD,0
TRX-51324,32.9,eletronicos,Boleto,Mobile,379.11,1128.9,0,508.7,1,102.96,263,DEV-5DC17,1
TRX-51325,35.0,Eletronicos,Cartao_Credito,Mobile,72.6,1726.4,2,99.4,8,13.37,416,DEV-30333,0
TRX-51326,29.0,Eletronicos,Boleto,Mobile,322.98,1242.9,0,94.2,5,-82.34,581,DEV-D8BA9,0
TRX-51327,43.9,Eletronicos,Cartao_Credito,Mobile,1854.53,575.0,0,215.4,2,-7.54,615,DEV-9DB68,1
TRX-51328,46.4,Eletronicos,Cartao_Credito,Mobile,759.6,741.5,1,196.5,5,-115.54,160,DEV-8C804,0
TRX-51329,27.7,Vestuario,Cartao_Credito,Mobile,721.16,1131.7,0,521.7,3,-278.42,473,DEV-8E42D,1
TRX-51330,34.6,Vestuario,Cartao_Credito,Mobile,470.53,1585.6,1,143.8,3,-11.6,947,DEV-487BA,1
TRX-51331,47.2, ELETRONICOS ,Voucher,Desktop,174.0,365.0,0,202.2,1,39.84,806,DEV-A0D53,0
TRX-51332,36.7,Games,Cartao_Credito,Mobile,1074.25,851.5,3,314.4,9,90.12,751,DEV-583A3,0
TRX-51333,43.9,Eletronicos,Pix,Mobile,547.87,770.2,1,191.6,7,127.79,588,DEV-235BD,0
TRX-51334,23.0,Beleza,Boleto,Desktop,405.14,715.9,0,78.2,2,169.7,423,DEV-A01BF,0
TRX-51335,39.7,Beleza,Cartao_Credito,Mobile,240.92,1440.0,0,244.5,5,-171.45,248,DEV-D293F,0
TRX-51336,,Beleza,Cartao_Credito,Mobile,191.43,196.9,0,87.1,5,176.15,968,DEV-ACD3E,0
TRX-51337,44.5, ELETRONICOS ,Cartao_Credito,Mobile,42.74,1233.4,0,1259.4,3,-77.35,530,DEV-D95F1,1
TRX-51338,57.6,Eletronicos,Cartao_Credito,Mobile,150.31,1167.8,0,51.0,5,64.57,568,DEV-A6034,0
TRX-51339,40.6,Eletronicos,Pix,Tablet,47.45,790.0,0,8.4,2,148.63,695,DEV-ED7B4,0
TRX-51340,47.4,Eletronicos,Cartao_Credito,Mobile,157.83,580.5,0,25.8,5,-36.27,196,DEV-44870,0
TRX-51341,30.5,Eletronicos,Cartao_Credito,Mobile,280.02,301.4,0,557.6,0,64.83,273,DEV-B50D4,1
TRX-51342,29.0,eletronicos,Cartao_Credito,Mobile,1800.7,661.6,1,113.8,7,132.05,876,DEV-78D90,0
TRX-51343,37.1,Eletronicos,Pix,Mobile,253.08,879.0,0,73.5,1,-52.96,256,DEV-C19F3,0
TRX-51344,46.6,Vestuario,Boleto,Mobile,,1411.7,1,302.2,1,-6.1,473,DEV-9D1C3,0
TRX-51345,23.9,Eletronicos,Cartao_Credito,Desktop,149.3,567.6,1,37.9,3,-84.34,568,DEV-954CB,0
TRX-51346,32.0,Beleza,Pix,Mobile,52.54,119.4,1,7.5,3,269.27,746,DEV-485B3,0
TRX-51347,,Eletronicos,Pix,Mobile,442.83,287.8,0,47.3,4,-157.62,475,DEV-E9340,0
TRX-51348,21.7,Vestuario,Voucher,Desktop,258.56,1723.4,0,3.9,7,-214.25,791,DEV-948BA,0
TRX-51349,22.6,Beleza,Cartao_Credito,Mobile,178.9,526.5,0,11.4,6,-104.15,854,DEV-1A3D2,0
TRX-51350,39.4,eletronicos,Pix,Mobile,,210.4,1,196.2,1,-97.0,591,DEV-69338,1
TRX-51351,30.3,Beleza,Cartao_Credito,Mobile,231.5,215.1,0,44.7,5,122.77,346,DEV-8A5E3,0
TRX-51352,39.6,eletronicos,Cartao_Credito,Mobile,82.61,1386.3,0,47.3,6,-196.08,193,DEV-4AAC7,0
TRX-51353,29.7,Vestuario,Cartao_Credito,Mobile,213.88,1188.9,1,163.6,7,-79.89,713,DEV-296C7,0
TRX-51354,51.1, ELETRONICOS ,Cartao_Credito,Desktop,1090.68,1739.6,0,81.5,1,195.29,418,DEV-994BA,0
TRX-51355,43.1,Eletronicos,Cartao_Credito,Mobile,458.88,964.5,1,29.9,7,232.23,641,DEV-25FB4,0
TRX-51356,50.9,Beleza,Cartao_Credito,Mobile,595.35,118.3,0,26.9,4,210.11,109,DEV-60A63,0
TRX-51357,27.0,Beleza,Pix,Mobile,,1102.3,1,8.3,4,-37.88,857,DEV-44ECC,0
TRX-51358,50.7, ELETRONICOS ,Voucher,Mobile,242.52,246.8,0,1.9,1,-80.66,272,DEV-AD22B,0
TRX-51359,28.8,Eletronicos,Boleto,Desktop,581.44,1146.1,0,137.8,6,-94.45,114,DEV-2F11E,0
TRX-51360,30.7,Eletronicos,Pix,Mobile,290.36,802.4,1,380.6,2,-55.51,790,DEV-1F821,0
TRX-51361,31.3,Beleza,Pix,Mobile,469.1,1318.3,0,391.4,5,148.13,153,DEV-730AD,0
TRX-51362,38.3,Games,Cartao_Credito,Tablet,512.39,1263.0,0,15.2,4,-119.97,241,DEV-33E5A,0
TRX-51363,33.6,eletronicos,Pix,Mobile,522.49,615.9,2,134.3,2,-58.42,840,DEV-DDF25,0
TRX-51364,14.9,Eletronicos,Cartao_Credito,Desktop,545.29,846.2,1,323.7,5,-67.26,285,DEV-98A64,0
TRX-51365,45.3,Vestuario,Pix,Desktop,95.36,1617.8,1,172.2,4,183.61,749,DEV-59EFF,0
TRX-51366,34.3,Eletronicos,Pix,Tablet,1071.29,1790.0,0,89.3,2,40.77,663,DEV-B70FD,0
TRX-51367,21.4, ELETRONICOS ,Boleto,Mobile,465.07,805.8,0,12.2,8,-20.42,612,DEV-A33D9,0
TRX-51368,42.1,Vestuario,Cartao_Credito,Mobile,142.4,1199.4,0,84.6,4,-15.92,470,DEV-8363E,0
TRX-51369,47.6,Eletronicos,Pix,Tablet,1140.46,101.6,0,80.2,2,-28.44,455,DEV-21D45,0
TRX-51370,42.6,Vestuario,Pix,Mobile,942.27,681.8,2,147.8,6,-119.22,438,DEV-898A2,1
TRX-51371,36.4,Eletronicos,Boleto,Mobile,1164.73,621.6,0,86.1,4,49.53,538,DEV-95333,0
TRX-51372,27.4,eletronicos,Cartao_Credito,Tablet,1667.7,240.1,2,12.3,2,92.12,284,DEV-806BF,1
TRX-51373,39.5, ELETRONICOS ,Boleto,Desktop,214.69,358.2,0,298.6,1,67.79,392,DEV-5E103,0
TRX-51374,49.6, ELETRONICOS ,Cartao_Credito,Mobile,681.82,1629.0,0,310.1,7,-92.36,159,DEV-E1C3B,0
TRX-51375,52.1,Eletronicos,Voucher,Mobile,261.7,1215.7,1,154.7,3,-152.42,646,DEV-66A53,0
TRX-51376,37.6,eletronicos,Cartao_Credito,Mobile,1452.25,326.1,0,246.4,2,58.65,496,DEV-346BB,1
TRX-51377,43.9,Vestuario,Cartao_Credito,Mobile,82.51,1202.4,0,568.1,2,100.66,149,DEV-BE08E,0
TRX-51378,41.8,Vestuario,Voucher,Desktop,664.35,88.6,0,44.1,4,220.64,542,DEV-192EA,0
TRX-51379,40.0,Beleza,Cartao_Credito,Tablet,1609.34,656.5,0,195.0,1,131.11,943,DEV-484DC,1
TRX-51380,34.0, ELETRONICOS ,Cartao_Credito,Desktop,598.47,282.8,1,1.5,1,-119.56,901,DEV-2560A,0
TRX-51381,50.1,Games,Pix,Mobile,748.91,94.7,0,103.6,9,-226.63,742,DEV-AC66F,0
TRX-51382,32.8, ELETRONICOS ,Pix,Desktop,192.86,738.8,0,23.2,3,-62.8,590,DEV-ACC72,0
TRX-51383,30.6,Eletronicos,Cartao_Credito,Desktop,685.87,677.1,3,170.5,3,1.08,530,DEV-BB1EA,1
TRX-51384,35.0,Eletronicos,Cartao_Credito,Tablet,650.7,1052.2,0,89.9,4,-106.02,701,DEV-B2E3B,0
TRX-51385,23.9,eletronicos,Cartao_Credito,Desktop,247.46,547.3,1,73.8,5,-19.95,369,DEV-5837D,0
TRX-51386,25.3,eletronicos,Cartao_Credito,Mobile,327.99,588.8,0,174.3,1,98.47,885,DEV-BE823,0
TRX-51387,37.7,eletronicos,Cartao_Credito,Desktop,902.89,1265.6,1,417.7,1,16.98,751,DEV-85B57,1
TRX-51388,52.9,Beleza,Cartao_Credito,Mobile,376.72,1013.7,0,39.6,3,147.74,938,DEV-55D59,0
TRX-51389,35.4, ELETRONICOS ,Pix,Tablet,901.76,904.0,1,682.7,4,-184.97,315,DEV-54D6F,1
TRX-51390,30.6,Beleza,Boleto,Desktop,225.31,428.5,0,106.4,4,-154.29,649,DEV-E4D08,0
TRX-51391,36.3,Vestuario,Cartao_Credito,Mobile,219.48,1299.6,0,340.5,2,-86.06,937,DEV-4887A,0
TRX-51392,35.5, ELETRONICOS ,Pix,Desktop,333.82,1048.6,0,216.0,5,3.12,915,DEV-7A459,0
TRX-51393,45.0,Vestuario,Boleto,Mobile,1502.2,730.4,0,39.9,3,30.86,276,DEV-EBC6D,0
TRX-51394,31.4,Eletronicos,Pix,Desktop,,734.1,1,305.2,2,-35.27,656,DEV-77407,0
TRX-51395,38.3, ELETRONICOS ,Cartao_Credito,Mobile,1187.84,1227.0,0,196.9,2,-11.17,174,DEV-70640,0
TRX-51396,30.6, ELETRONICOS ,Pix,Tablet,2146.52,1429.4,1,17.1,1,141.27,110,DEV-4D486,1
TRX-51397,40.2,Eletronicos,Cartao_Credito,Desktop,,440.3,0,269.8,1,81.4,767,DEV-DD496,0
TRX-51398,32.0,Eletronicos,Boleto,Mobile,642.9,1769.0,1,27.1,4,-47.37,240,DEV-3805E,0
TRX-51399,35.0,Eletronicos,Cartao_Credito,Desktop,2075.69,461.3,2,111.0,1,145.5,958,DEV-D96E7,1
TRX-51400,44.5,Beleza,Cartao_Credito,Mobile,1227.57,580.1,0,134.8,1,112.47,222,DEV-36EDB,0
TRX-51401,39.4, ELETRONICOS ,Boleto,Tablet,451.38,852.2,0,142.5,1,97.69,522,DEV-CB4E6,0
TRX-51402,35.7,Vestuario,Pix,Mobile,598.3,196.9,3,133.0,1,-112.54,417,DEV-96FB8,1
TRX-51403,58.4,Games,Cartao_Credito,Mobile,3930.52,32.7,0,274.1,2,-17.79,417,DEV-B51B6,1
TRX-51404,30.9,eletronicos,Cartao_Credito,Mobile,546.32,570.9,0,57.7,3,32.11,140,DEV-22CDB,0
TRX-51405,43.8,Beleza,Boleto,Mobile,25.67,932.3,1,18.5,3,-82.84,480,DEV-6C9D5,0
TRX-51406,41.9,Games,Cartao_Credito,Mobile,128.43,171.8,2,356.2,5,7.91,123,DEV-E615E,1
TRX-51407,,Eletronicos,Cartao_Credito,Mobile,108.72,455.4,1,114.3,3,71.82,690,DEV-5375E,0
TRX-51408,35.9,Beleza,Boleto,Desktop,334.36,1673.0,2,175.0,5,-86.57,239,DEV-C5FA8,0
TRX-51409,41.0,Vestuario,Cartao_Credito,Mobile,404.66,1484.8,0,278.8,2,94.88,515,DEV-DB7A0,0
TRX-51410,25.3,Games,Cartao_Credito,Desktop,291.51,607.0,0,144.9,3,-78.21,497,DEV-EB5E3,0
TRX-51411,13.9,Vestuario,Cartao_Credito,Desktop,694.62,621.1,0,70.8,6,-2.66,677,DEV-9F9E7,0
TRX-51412,35.4,Vestuario,Cartao_Credito,Mobile,502.02,497.9,1,45.0,2,50.88,399,DEV-DC16D,0
TRX-51413,32.6, ELETRONICOS ,Boleto,SmartTV,347.67,1188.2,0,28.3,4,225.46,482,DEV-917F2,0
TRX-51414,13.2,Eletronicos,Boleto,Tablet,913.05,53.8,1,342.2,5,7.31,543,DEV-5E7DF,1
TRX-51415,45.8, ELETRONICOS ,Boleto,Mobile,5174.48,459.8,0,310.1,0,42.88,243,DEV-9F3D9,1
TRX-51416,40.9,Vestuario,Cartao_Credito,Desktop,174.64,1130.8,0,146.4,2,-199.84,346,DEV-90866,1
TRX-51417,28.4,Vestuario,Pix,Mobile,1073.41,452.6,0,30.3,4,-6.16,127,DEV-1D9CC,0
TRX-51418,-5.0,Eletronicos,Cartao_Credito,Tablet,537.08,1274.0,1,361.1,3,1.63,806,DEV-241AE,1
TRX-51419,33.3, ELETRONICOS ,Cartao_Credito,Desktop,39.16,1650.5,1,20.3,3,-68.11,869,DEV-D5809,0
TRX-51420,44.8,Beleza,Pix,Mobile,1327.33,1346.8,0,27.7,6,4.01,948,DEV-49CD1,0
TRX-51421,40.7,Beleza,Pix,Desktop,233.23,1398.3,0,87.5,3,2.47,298,DEV-D2E7A,0
TRX-51422,14.7,Vestuario,Cartao_Credito,Desktop,490.51,1084.8,0,123.7,6,34.05,648,DEV-A5260,0
TRX-51423,59.6,Vestuario,Cartao_Credito,Mobile,1518.21,950.0,0,241.4,5,295.88,740,DEV-4A763,0
TRX-51424,31.4,eletronicos,Pix,Mobile,819.77,676.9,0,204.8,5,110.71,796,DEV-E7199,1
TRX-51425,28.3, ELETRONICOS ,Boleto,Desktop,285.29,1799.0,1,17.3,5,157.55,674,DEV-B876A,0
TRX-51426,29.5,Vestuario,Boleto,Mobile,5214.9,1140.8,0,31.1,3,2.84,529,DEV-B9CBD,1
TRX-51427,49.6,Eletronicos,Cartao_Credito,Mobile,642.03,323.1,0,166.7,2,107.35,432,DEV-E77BF,0
TRX-51428,38.2, ELETRONICOS ,Pix,Mobile,1844.52,758.1,0,30.2,7,-164.23,153,DEV-E0F80,0
TRX-51429,31.1,Games,Cartao_Credito,Desktop,988.0,932.5,0,281.2,4,47.04,717,DEV-512A8,0
TRX-51430,49.8,Vestuario,Voucher,Mobile,240.14,1665.6,2,151.8,3,157.7,829,DEV-CD376,0
TRX-51431,43.9,Eletronicos,Pix,Desktop,105.91,786.4,0,82.4,2,31.98,485,DEV-73FC4,1
TRX-51432,47.5, ELETRONICOS ,Boleto,Mobile,,734.8,0,103.6,4,39.05,826,DEV-38CF8,0
TRX-51433,31.1,Vestuario,Cartao_Credito,Mobile,193.06,1497.6,0,16.8,3,-112.8,154,DEV-ED618,0
TRX-51434,14.5,Beleza,Boleto,Mobile,516.44,1015.6,0,374.5,0,35.92,942,DEV-52A8B,0
TRX-51435,38.0,Vestuario,Pix,Mobile,157.55,1541.0,0,47.4,3,48.22,575,DEV-6B2FC,0
TRX-51436,30.2,Games,Cartao_Credito,Mobile,599.33,102.4,1,1.8,1,139.53,731,DEV-690CC,0
TRX-51437,37.9, ELETRONICOS ,Pix,Mobile,1767.56,109.6,3,31.6,1,-241.39,911,DEV-EAE02,1
TRX-51438,23.8,Games,Voucher,Desktop,321.16,1146.2,1,231.3,8,110.07,401,DEV-2A791,0
TRX-51439,35.3,Vestuario,Cartao_Credito,Desktop,296.75,1510.9,0,16.8,4,-114.25,617,DEV-84343,0
TRX-51440,37.3,Eletronicos,Cartao_Credito,Desktop,25.2,1705.7,1,265.9,2,21.28,426,DEV-620D5,0
TRX-51441,32.2,Beleza,Cartao_Credito,Mobile,1108.73,1006.4,0,130.0,5,-19.36,853,DEV-81F75,0
TRX-51442,28.4,Vestuario,Pix,Mobile,264.66,85.2,1,357.5,3,-29.8,757,DEV-CD7C1,1
TRX-51443,51.0,Eletronicos,Voucher,Desktop,991.12,375.2,2,11.1,2,77.14,227,DEV-5D8FF,1
TRX-51444,48.0,Games,Cartao_Credito,Mobile,959.3,1567.8,0,357.2,6,-130.61,829,DEV-58B94,0
TRX-51445,30.3, ELETRONICOS ,Boleto,Mobile,431.07,1563.0,2,79.3,3,128.15,974,DEV-DD1EC,0
TRX-51446,38.5,Eletronicos,Cartao_Credito,Desktop,378.39,534.2,0,251.8,2,127.19,554,DEV-C25C6,0
TRX-51447,48.1,Eletronicos,Cartao_Credito,Mobile,63.96,688.3,0,73.5,3,28.53,270,DEV-18DF8,0
TRX-51448,42.3,Vestuario,Pix,Desktop,135.39,675.3,0,15.6,7,252.3,810,DEV-315EB,0
TRX-51449,24.3,Vestuario,Boleto,Mobile,159.67,860.6,0,322.5,3,78.67,535,DEV-8BDFB,0
TRX-51450,,Beleza,Cartao_Credito,Mobile,88.36,1467.7,0,2.9,0,4.13,804,DEV-EA770,0
TRX-51451,25.5,Vestuario,Pix,Mobile,54.8,498.3,0,86.3,4,33.02,795,DEV-BD003,0
TRX-51452,41.2,Vestuario,Voucher,Mobile,229.98,911.3,2,70.1,4,122.54,951,DEV-4BE59,0
TRX-51453,999.0,Games,Cartao_Credito,Mobile,1036.88,1210.6,2,64.9,3,67.7,438,DEV-548B6,1
TRX-51454,,Eletronicos,Voucher,Desktop,45.42,248.6,1,91.5,5,-159.21,677,DEV-58F77,0
TRX-51455,25.6,Games,Boleto,Mobile,343.21,600.2,0,7.6,4,-18.37,236,DEV-3D418,0
TRX-51456,35.5,Eletronicos,Cartao_Credito,Mobile,424.58,1006.8,1,188.2,3,-153.59,446,DEV-8E2CA,0
TRX-51457,46.2,eletronicos,Boleto,Mobile,249.02,666.2,0,21.5,0,-17.07,747,DEV-571FD,1
TRX-51458,41.4,Eletronicos,Cartao_Credito,Mobile,2218.21,1146.3,0,52.1,4,-92.28,804,DEV-E8B44,0
TRX-51459,40.2,Eletronicos,Pix,Mobile,459.19,1674.6,0,476.1,3,87.44,644,DEV-53E23,0
TRX-51460,10.9,Eletronicos,Boleto,Mobile,810.54,376.0,1,278.9,4,-31.71,170,DEV-8DE72,0
TRX-51461,37.4,Games,Cartao_Credito,Desktop,344.37,1207.1,0,105.0,4,-167.54,554,DEV-49DA2,0
TRX-51462,42.1, ELETRONICOS ,Cartao_Credito,Mobile,192.7,1361.4,0,77.4,5,122.94,725,DEV-5A8B8,0
TRX-51463,47.3,Vestuario,Cartao_Credito,Mobile,1536.1,281.1,1,378.6,2,106.64,727,DEV-AC631,1
TRX-51464,37.0,Eletronicos,Cartao_Credito,Desktop,2030.97,257.7,1,346.1,5,-198.83,949,DEV-8EDE3,1
TRX-51465,33.5,Vestuario,Boleto,Desktop,924.65,803.8,1,157.7,3,-170.88,586,DEV-8A9A1,0
TRX-51466,39.3,Vestuario,Cartao_Credito,Mobile,,1052.9,2,56.4,2,-162.39,934,DEV-72ACC,1
TRX-51467,38.7,Eletronicos,Boleto,Desktop,1480.97,872.4,1,226.8,4,-45.04,362,DEV-20082,1
TRX-51468,17.0, ELETRONICOS ,Cartao_Credito,Mobile,304.21,89.7,0,133.2,1,182.42,651,DEV-7E071,1
TRX-51469,27.1,Games,Boleto,Desktop,180.81,954.9,2,19.4,4,-120.03,152,DEV-A96A5,1
TRX-51470,43.5,eletronicos,Cartao_Credito,Mobile,79.65,1752.7,0,21.4,4,-95.12,472,DEV-BB029,0
TRX-51471,38.5,Beleza,Cartao_Credito,Desktop,1320.23,1669.5,2,46.1,11,-39.94,124,DEV-9B924,0
TRX-51472,32.6, ELETRONICOS ,Pix,Mobile,1683.33,700.0,2,125.7,0,66.56,519,DEV-8F536,1
TRX-51473,32.6,Vestuario,Pix,Mobile,233.6,600.0,1,4.7,3,-3.48,709,DEV-208D6,1
TRX-51474,39.5, ELETRONICOS ,Cartao_Credito,Desktop,346.34,1084.1,1,292.2,1,-239.83,340,DEV-85559,1
TRX-51475,45.5,eletronicos,Boleto,Desktop,468.53,1039.9,0,30.6,2,8.9,287,DEV-9E2B6,0
TRX-51476,26.5,Games,Cartao_Credito,Desktop,70.57,1273.0,2,233.7,5,-145.22,943,DEV-D5238,0
TRX-51477,31.0, ELETRONICOS ,Cartao_Credito,SmartTV,353.46,1241.7,0,279.1,1,107.04,517,DEV-56867,0
TRX-51478,45.7,Eletronicos,Boleto,Desktop,74.94,390.9,1,65.9,3,38.74,727,DEV-98FD2,0
TRX-51479,31.3,Vestuario,Pix,Mobile,,1785.5,1,61.7,4,140.59,193,DEV-56011,0
TRX-51480,37.4,Eletronicos,Cartao_Credito,Desktop,301.16,490.0,1,22.9,5,-65.23,370,DEV-74A0F,0
TRX-51481,19.0, ELETRONICOS ,Pix,Mobile,1376.36,126.6,0,140.1,3,84.39,357,DEV-5850C,1
TRX-51482,38.5,Vestuario,Cartao_Credito,Mobile,780.63,182.1,0,56.9,2,178.86,885,DEV-29224,0
TRX-51483,32.9, ELETRONICOS ,Cartao_Credito,Mobile,62.18,1145.6,0,150.2,3,-171.07,382,DEV-84F56,0
TRX-51484,30.7,Beleza,Boleto,Mobile,662.06,78.0,0,65.8,2,-64.03,262,DEV-A1CB9,0
TRX-51485,47.1,eletronicos,Boleto,Desktop,216.0,1131.8,2,9.5,2,-111.27,328,DEV-BAE5B,0
TRX-51486,33.3,Eletronicos,Cartao_Credito,Desktop,123.95,862.9,1,99.6,2,-145.68,419,DEV-54594,0
TRX-51487,22.3,Beleza,Boleto,Mobile,854.5,893.2,1,55.5,3,-210.15,947,DEV-9BB14,0
TRX-51488,34.0,Games,Boleto,Tablet,692.06,227.4,1,302.1,5,9.57,474,DEV-5FE71,0
TRX-51489,45.7,Eletronicos,Boleto,SmartTV,726.66,906.6,1,46.0,2,-50.1,732,DEV-AE1EA,0
TRX-51490,36.7,Games,Pix,Mobile,637.08,1792.2,0,795.1,2,27.82,988,DEV-A7BEA,1
TRX-51491,,Eletronicos,Boleto,Desktop,,564.9,2,677.7,4,28.89,136,DEV-C57EF,1
TRX-51492,26.0,Vestuario,Cartao_Credito,Mobile,537.16,298.9,0,8.5,5,-244.1,906,DEV-A6F27,0
TRX-51493,41.2,Eletronicos,Boleto,Mobile,151.11,425.5,1,110.8,1,79.36,250,DEV-28115,0
TRX-51494,30.6,Beleza,Boleto,Mobile,111.71,1387.8,0,126.8,2,-278.89,232,DEV-A05CF,0
TRX-51495,15.7, ELETRONICOS ,Cartao_Credito,Mobile,52.08,1483.2,1,132.9,2,-44.16,333,DEV-744C2,0
TRX-51496,26.2, ELETRONICOS ,Pix,Mobile,1902.42,185.7,1,176.1,5,-4.67,573,DEV-EAF4B,1
TRX-51497,20.6,Games,Pix,Mobile,791.49,1671.2,0,41.8,4,-114.18,395,DEV-1CE58,0
TRX-51498,32.5, ELETRONICOS ,Boleto,Desktop,506.36,874.1,2,123.3,3,36.3,384,DEV-CA71E,1
TRX-51499,30.3,Vestuario,Cartao_Credito,Desktop,1489.58,1377.2,0,8.2,6,115.18,599,DEV-98E35,0
TRX-51500,38.8,Games,Cartao_Credito,Mobile,1542.2,1188.2,2,405.4,5,7.57,813,DEV-55CB9,0
TRX-51501,24.8,Games,Cartao_Credito,Mobile,605.92,1064.9,1,245.9,1,191.5,362,DEV-97019,0
TRX-51502,27.5,Beleza,Pix,Desktop,457.39,1103.7,1,93.8,3,-16.13,809,DEV-372DE,0
TRX-51503,37.5,Games,Boleto,Mobile,1256.12,1560.9,0,102.4,8,75.94,975,DEV-EE69E,0
TRX-51504,39.3, ELETRONICOS ,Cartao_Credito,Desktop,853.31,908.4,0,135.5,3,59.3,590,DEV-1CE85,0
TRX-51505,40.2,Vestuario,Cartao_Credito,Mobile,110.83,1604.0,0,28.0,0,-136.16,468,DEV-44B26,1
TRX-51506,15.4,eletronicos,Cartao_Credito,Mobile,114.67,791.7,0,129.1,5,32.65,115,DEV-D4ADC,0
TRX-51507,47.7,eletronicos,Pix,Mobile,833.76,206.8,0,29.1,5,69.93,626,DEV-CB79F,0
TRX-51508,27.1,Vestuario,Boleto,SmartTV,267.53,1301.4,3,27.6,5,-73.52,951,DEV-6ED6F,0
TRX-51509,38.3,Eletronicos,Boleto,Desktop,250.76,377.9,1,133.4,6,132.25,207,DEV-C5FD0,1
TRX-51510,37.7,Beleza,Boleto,Desktop,145.78,1364.8,1,61.6,5,-64.45,484,DEV-ECBFD,0
TRX-51511,32.1,Games,Boleto,Mobile,1419.04,1258.3,2,142.4,2,28.68,491,DEV-F0778,1
TRX-51512,, ELETRONICOS ,Cartao_Credito,Mobile,223.52,1669.9,0,347.1,2,86.04,273,DEV-AED09,0
TRX-51513,32.3, ELETRONICOS ,Voucher,Desktop,178.76,470.6,0,5.3,2,-54.24,197,DEV-E6F45,0
TRX-51514,32.1,Games,Cartao_Credito,Tablet,1683.86,786.5,1,201.7,5,-88.43,712,DEV-B5DBF,1
TRX-51515,52.5,Eletronicos,Cartao_Credito,Mobile,971.45,192.1,1,119.7,2,-7.37,633,DEV-5CAF0,1
TRX-51516,,Games,Cartao_Credito,Mobile,2021.68,1677.4,1,412.2,1,-83.39,309,DEV-3AE84,1
TRX-51517,48.7,Beleza,Cartao_Credito,Desktop,1328.19,1125.6,2,69.3,1,251.98,197,DEV-95598,1
TRX-51518,38.3,Games,Pix,Desktop,1150.4,604.2,1,181.8,6,-71.9,583,DEV-E2EE1,0
TRX-51519,48.5,Eletronicos,Voucher,Desktop,379.37,837.2,0,184.5,3,48.02,319,DEV-796FD,0
TRX-51520,39.1,Vestuario,Cartao_Credito,Desktop,52.75,1291.8,1,21.6,4,-30.28,186,DEV-25AC4,0
TRX-51521,31.2,Eletronicos,Voucher,Mobile,823.61,141.5,2,180.2,5,-136.62,434,DEV-E5CD0,0
TRX-51522,35.2,Beleza,Cartao_Credito,Mobile,181.08,1613.2,0,66.9,3,-53.16,787,DEV-BEAD4,0
TRX-51523,37.3,Beleza,Cartao_Credito,SmartTV,252.2,453.0,0,337.1,5,-144.29,949,DEV-67E00,0
TRX-51524,41.9,Eletronicos,Boleto,Mobile,175.55,233.4,1,555.6,1,-2.28,666,DEV-C022C,1
TRX-51525,27.0,Eletronicos,Pix,Desktop,94.56,1107.3,1,188.3,3,-106.03,178,DEV-CB494,0
TRX-51526,36.2, ELETRONICOS ,Voucher,Desktop,236.72,1108.4,1,343.8,3,-1.98,177,DEV-58EFB,0
TRX-51527,40.8,Beleza,Cartao_Credito,Desktop,1314.1,8.1,1,24.2,3,201.07,509,DEV-600E7,0
TRX-51528,26.4,Eletronicos,Voucher,Mobile,57.65,673.6,0,259.0,4,-5.83,813,DEV-F1392,0
TRX-51529,,Vestuario,Cartao_Credito,Mobile,1489.98,383.4,0,51.4,3,7.58,756,DEV-68AFE,0
TRX-51530,32.8,Eletronicos,Boleto,SmartTV,566.24,386.9,0,28.9,3,-64.65,883,DEV-BBE8B,0
TRX-51531,59.6,Eletronicos,Boleto,Mobile,1735.69,1173.2,0,248.0,2,101.39,187,DEV-A0A8A,1
TRX-51532,28.2,Vestuario,Cartao_Credito,Desktop,1135.56,1330.8,0,12.6,3,-157.46,939,DEV-93883,0
TRX-51533,48.0,Vestuario,Pix,Mobile,353.67,1012.2,1,118.6,4,59.21,562,DEV-C4BB5,0
TRX-51534,27.7,Eletronicos,Cartao_Credito,Desktop,91.39,1217.4,1,232.4,5,-31.91,121,DEV-29129,0
TRX-51535,,Vestuario,Boleto,Mobile,510.48,1469.3,0,121.3,1,-20.27,393,DEV-F1D00,0
TRX-51536,51.7,Eletronicos,Cartao_Credito,Mobile,1225.86,1379.1,0,7.8,2,-113.25,613,DEV-66727,0
TRX-51537,20.6,eletronicos,Cartao_Credito,Mobile,28.86,1784.4,0,50.3,7,180.48,644,DEV-D0036,0
TRX-51538,26.1, ELETRONICOS ,Cartao_Credito,Desktop,52.53,927.1,1,240.6,2,169.52,257,DEV-B584D,1
TRX-51539,, ELETRONICOS ,Boleto,Mobile,364.78,1643.4,0,19.3,2,-140.24,272,DEV-975DF,0
TRX-51540,39.4,Eletronicos,Cartao_Credito,Desktop,1025.69,287.3,0,53.3,2,68.05,376,DEV-A2546,0
TRX-51541,40.6,Eletronicos,Cartao_Credito,Mobile,1144.45,1219.4,0,180.9,4,-26.78,382,DEV-9BDA0,1
TRX-51542,30.7,Beleza,Pix,Mobile,380.62,319.4,0,312.0,3,13.5,447,DEV-D3F4E,0
TRX-51543,,Games,Pix,Tablet,118.24,1337.4,1,72.6,8,26.81,209,DEV-EDF89,0
TRX-51544,39.3,Eletronicos,Cartao_Credito,Desktop,1668.62,1314.3,3,35.2,5,89.84,814,DEV-AE3A7,0
TRX-51545,10.5,Beleza,Cartao_Credito,Mobile,32.91,238.2,0,458.8,2,6.38,481,DEV-19F8D,0
TRX-51546,14.1,Games,Cartao_Credito,Tablet,207.82,321.5,1,75.7,3,-120.24,565,DEV-7C47F,0
TRX-51547,42.7, ELETRONICOS ,Boleto,Mobile,156.68,897.6,2,286.1,5,-144.07,892,DEV-2388B,0
TRX-51548,50.8,Beleza,Cartao_Credito,Desktop,266.64,1745.0,1,0.8,2,20.21,790,DEV-50A74,0
TRX-51549,19.6,Vestuario,Cartao_Credito,Desktop,1425.33,377.8,0,68.7,3,-44.28,126,DEV-21918,0
TRX-51550,15.8,Eletronicos,Cartao_Credito,Tablet,,599.4,1,61.0,4,-81.63,186,DEV-58583,0
TRX-51551,39.9,Vestuario,Cartao_Credito,Tablet,1286.62,906.9,0,355.6,3,-113.35,305,DEV-4931D,1
TRX-51552,26.8,Vestuario,Cartao_Credito,Mobile,308.31,499.2,1,204.5,2,-117.86,811,DEV-EA998,0
TRX-51553,40.5,Games,Cartao_Credito,Desktop,235.29,410.3,1,41.8,0,138.47,535,DEV-42D3A,0
TRX-51554,30.5,Eletronicos,Boleto,Mobile,1409.32,1644.3,1,271.7,5,127.6,651,DEV-30419,0
TRX-51555,53.0,Beleza,Pix,Mobile,71.99,372.0,0,45.9,3,139.98,893,DEV-61B2D,0
TRX-51556,36.4, ELETRONICOS ,Cartao_Credito,Desktop,624.0,1334.6,1,37.3,6,126.41,795,DEV-5138C,0
TRX-51557,38.1,Beleza,Cartao_Credito,Mobile,396.15,814.1,0,37.6,2,181.84,461,DEV-854F1,0
TRX-51558,37.0,Eletronicos,Pix,Mobile,21.88,348.2,3,567.6,6,-49.3,749,DEV-71AF4,1
TRX-51559,38.6, ELETRONICOS ,Cartao_Credito,Tablet,1479.48,1545.8,1,77.9,6,93.38,863,DEV-95F16,0
TRX-51560,43.1,Beleza,Pix,Mobile,59.04,376.8,0,13.9,2,61.62,588,DEV-71923,0
TRX-51561,48.9, ELETRONICOS ,Cartao_Credito,Tablet,391.73,1366.8,1,103.3,1,107.96,759,DEV-460C0,0
TRX-51562,44.9, ELETRONICOS ,Cartao_Credito,Mobile,1350.39,243.7,1,68.6,6,-116.74,711,DEV-8D13A,0
TRX-51563,44.6,Games,Cartao_Credito,Mobile,1115.46,768.9,0,225.8,3,-136.4,551,DEV-F2C26,1
TRX-51564,35.6,Eletronicos,Boleto,Mobile,305.2,1283.3,0,229.1,1,-178.13,580,DEV-6EB86,0
TRX-51565,29.9,eletronicos,Cartao_Credito,Mobile,853.04,547.0,1,175.4,4,105.57,382,DEV-91BC0,0
TRX-51566,36.0,Vestuario,Cartao_Credito,Mobile,802.99,1016.1,2,6.2,5,-131.16,970,DEV-6E39C,0
TRX-51567,20.7,eletronicos,Boleto,Mobile,1778.79,916.9,2,330.0,3,-118.71,815,DEV-35F3E,1
TRX-51568,,eletronicos,Cartao_Credito,Mobile,624.11,36.2,2,282.4,4,-89.15,653,DEV-37959,1
TRX-51569,35.8,Vestuario,Boleto,Mobile,266.08,461.1,1,165.6,5,-24.62,780,DEV-4101F,1
TRX-51570,32.0,Games,Pix,Desktop,569.99,31.8,0,40.3,9,44.13,900,DEV-49589,0
TRX-51571,40.4,Eletronicos,Boleto,Mobile,53.4,61.1,0,226.1,7,36.59,466,DEV-9F972,0
TRX-51572,25.1, ELETRONICOS ,Cartao_Credito,Mobile,20.77,704.2,3,89.9,4,-7.78,707,DEV-3AC3E,0
TRX-51573,50.4, ELETRONICOS ,Cartao_Credito,Tablet,53.31,731.4,1,327.2,5,-38.83,162,DEV-DACEC,0
TRX-51574,40.9,eletronicos,Boleto,Mobile,224.06,1648.8,1,31.9,3,-77.18,369,DEV-DD865,0
TRX-51575,29.4,Beleza,Cartao_Credito,Mobile,108.92,1663.2,1,96.2,3,-83.88,851,DEV-65E3B,0
TRX-51576,35.2,Vestuario,Boleto,Mobile,516.51,433.6,0,29.2,3,-151.08,658,DEV-3971D,0
TRX-51577,26.7,Games,Pix,Mobile,1446.33,949.1,0,183.5,2,-110.98,775,DEV-4C78C,1
TRX-51578,22.0, ELETRONICOS ,Pix,Mobile,89.16,408.5,1,344.7,3,247.44,855,DEV-A68AA,0
TRX-51579,48.0, ELETRONICOS ,Cartao_Credito,Tablet,101.33,548.4,0,135.6,3,98.98,807,DEV-59851,0
TRX-51580,25.6, ELETRONICOS ,Cartao_Credito,Desktop,1402.57,716.4,0,464.1,4,-92.75,394,DEV-42035,1
TRX-51581,20.6,Eletronicos,Cartao_Credito,Desktop,193.07,996.1,0,254.9,3,199.2,428,DEV-53E4B,0
TRX-51582,34.9,eletronicos,Cartao_Credito,Mobile,1356.82,541.6,0,86.3,2,-127.57,463,DEV-D5785,1
TRX-51583,36.5,Vestuario,Pix,Mobile,171.4,317.4,1,1131.7,4,-32.44,862,DEV-69FC2,1
TRX-51584,26.6,eletronicos,Cartao_Credito,Mobile,249.18,537.4,0,189.2,0,91.98,483,DEV-9E026,0
TRX-51585,35.8,Beleza,Cartao_Credito,Mobile,54.12,1477.6,1,34.0,3,-30.33,186,DEV-281B3,0
TRX-51586,50.5, ELETRONICOS ,Cartao_Credito,Mobile,696.24,1099.0,0,871.3,7,-146.95,292,DEV-E44C2,1
TRX-51587,38.7,Games,Cartao_Credito,Mobile,1595.65,281.0,0,83.4,2,-16.83,734,DEV-1C806,0
TRX-51588,48.4,Eletronicos,Cartao_Credito,Desktop,466.37,323.2,3,113.4,5,-188.17,458,DEV-E366E,0
TRX-51589,41.2,Vestuario,Pix,Mobile,668.7,366.6,0,150.2,2,73.04,705,DEV-A24AA,0
TRX-51590,28.4,eletronicos,Boleto,Desktop,486.44,1184.1,2,55.0,6,75.4,455,DEV-36DE8,0
TRX-51591,30.9,eletronicos,Boleto,Tablet,,917.1,0,41.7,7,43.61,254,DEV-A3916,0
TRX-51592,25.3, ELETRONICOS ,Cartao_Credito,Mobile,333.47,1563.7,2,52.7,6,-69.23,627,DEV-B13CE,0
TRX-51593,35.0,Eletronicos,Pix,Mobile,663.64,356.6,0,18.3,3,15.92,615,DEV-CF208,0
TRX-51594,30.8,Eletronicos,Cartao_Credito,Tablet,410.93,354.5,0,268.2,2,-131.7,663,DEV-E0D4F,0
TRX-51595,46.1,Eletronicos,Cartao_Credito,SmartTV,595.07,493.8,1,13.4,4,-289.77,225,DEV-F3A5B,0
TRX-51596,40.7,Eletronicos,Voucher,Desktop,1494.03,796.2,0,184.2,5,-23.61,762,DEV-672CA,1
TRX-51597,38.6,Eletronicos,Voucher,Mobile,552.82,1014.6,0,97.8,3,-51.49,602,DEV-8BA5D,0
TRX-51598,,Eletronicos,Cartao_Credito,Desktop,566.57,832.9,0,34.3,4,203.77,492,DEV-A49CF,0
TRX-51599,28.6, ELETRONICOS ,Cartao_Credito,Desktop,160.21,1422.3,0,65.3,3,-106.26,381,DEV-2F9BA,0
TRX-51600,37.0,Eletronicos,Pix,Tablet,1261.06,578.8,0,74.1,2,-131.17,984,DEV-4AA56,1
TRX-51601,,Beleza,Cartao_Credito,Mobile,383.95,1066.6,1,204.2,6,-121.38,158,DEV-C68CB,0
TRX-51602,35.3,Beleza,Cartao_Credito,Desktop,81.13,472.8,3,60.9,5,145.21,620,DEV-A217A,0
TRX-51603,,Vestuario,Cartao_Credito,Mobile,112.45,893.5,0,13.2,6,-219.02,422,DEV-E70EA,0
TRX-51604,,Beleza,Cartao_Credito,Mobile,119.18,1075.2,2,54.1,3,181.93,723,DEV-E72A3,0
TRX-51605,15.7,Games,Boleto,Mobile,376.72,1038.3,0,27.8,2,-98.95,164,DEV-75C1B,0
TRX-51606,41.3, ELETRONICOS ,Cartao_Credito,Mobile,896.7,102.2,0,193.2,0,-234.13,120,DEV-6E66B,1
TRX-51607,37.2, ELETRONICOS ,Boleto,Mobile,146.59,743.0,0,82.7,2,129.24,492,DEV-C9DCF,0
TRX-51608,17.1,Games,Boleto,Mobile,155.6,916.9,0,36.6,4,-122.34,175,DEV-EA9FB,0
TRX-51609,34.0,Vestuario,Cartao_Credito,Mobile,326.12,1678.7,0,235.4,3,-111.11,116,DEV-432B6,0
TRX-51610,26.5,Vestuario,Cartao_Credito,Mobile,188.39,964.7,0,200.2,1,60.73,933,DEV-B6751,0
TRX-51611,42.7,Beleza,Cartao_Credito,Tablet,204.51,1118.7,0,290.5,2,-37.47,261,DEV-56C40,0
TRX-51612,26.3,Games,Cartao_Credito,Mobile,1131.25,48.7,0,34.1,0,26.97,651,DEV-9F81C,1
TRX-51613,15.2,Vestuario,Cartao_Credito,Mobile,364.47,1472.0,0,96.0,4,-274.82,164,DEV-6AA2E,0
TRX-51614,18.5,Beleza,Boleto,Mobile,1149.46,1729.1,0,27.3,3,25.83,570,DEV-A9716,0
TRX-51615,21.9,Games,Boleto,Tablet,98.98,952.0,1,31.5,5,69.38,245,DEV-32367,0
TRX-51616,48.6,Games,Pix,Desktop,938.53,658.7,1,207.3,1,-132.47,632,DEV-B1483,1
TRX-51617,38.3,Eletronicos,Cartao_Credito,Desktop,1218.43,332.1,0,100.3,1,153.79,604,DEV-850D8,0
TRX-51618,48.3,eletronicos,Cartao_Credito,Tablet,169.25,1134.3,0,78.3,5,-120.15,402,DEV-3E2C2,0
TRX-51619,13.8, ELETRONICOS ,Cartao_Credito,Mobile,134.02,1132.2,1,224.0,4,39.91,295,DEV-A7AB8,0
TRX-51620,35.7,Eletronicos,Voucher,Mobile,563.33,890.8,0,22.2,2,3.67,909,DEV-7C7C1,0
TRX-51621,27.2,Eletronicos,Boleto,Desktop,449.87,1453.8,0,330.7,3,45.24,403,DEV-A12A6,0
TRX-51622,24.8,Eletronicos,Voucher,Mobile,433.38,1164.2,0,113.1,3,-183.58,464,DEV-3C2F1,0
TRX-51623,21.8,Vestuario,Cartao_Credito,Mobile,472.41,168.9,0,20.9,5,-84.65,166,DEV-C0CC8,0
TRX-51624,39.8,Games,Cartao_Credito,Mobile,,288.0,0,50.3,5,-171.03,100,DEV-32E8B,0
TRX-51625,27.3,Eletronicos,Cartao_Credito,Desktop,,1706.4,0,441.0,4,29.08,724,DEV-80B08,0
TRX-51626,49.2,Beleza,Cartao_Credito,Mobile,699.53,1357.7,0,353.9,2,-146.99,474,DEV-DF848,0
TRX-51627,19.2,Games,Boleto,Mobile,532.43,367.1,0,72.4,1,112.46,941,DEV-B9E27,0
TRX-51628,44.7, ELETRONICOS ,Cartao_Credito,Mobile,595.63,104.3,0,44.2,4,28.34,248,DEV-B63C9,0
TRX-51629,37.1,Eletronicos,Boleto,Mobile,290.3,466.9,1,170.8,3,176.81,148,DEV-643D4,0
TRX-51630,35.6,Games,Cartao_Credito,Desktop,445.38,1192.4,0,28.8,3,129.8,270,DEV-72CF8,0
TRX-51631,28.9,Games,Cartao_Credito,Mobile,225.05,845.9,1,73.4,1,-151.37,987,DEV-20D1A,0
TRX-51632,47.2,Games,Cartao_Credito,Mobile,365.94,716.2,1,242.8,3,27.99,326,DEV-A477F,0
TRX-51633,35.9,Eletronicos,Cartao_Credito,Mobile,40.12,1497.6,0,21.1,4,-88.74,239,DEV-D1760,0
TRX-51634,43.8,Eletronicos,Cartao_Credito,Desktop,1144.78,1150.7,1,17.0,3,-342.87,858,DEV-3D67B,0
TRX-51635,, ELETRONICOS ,Cartao_Credito,Mobile,60.59,1567.3,0,94.5,3,168.84,595,DEV-2482A,0
TRX-51636,33.4,Beleza,Cartao_Credito,Mobile,350.37,1120.5,0,284.5,3,34.16,272,DEV-E60D3,0
TRX-51637,40.4,eletronicos,Cartao_Credito,Desktop,352.12,678.5,3,137.6,1,-8.96,555,DEV-CA6F4,1
TRX-51638,46.4, ELETRONICOS ,Cartao_Credito,Mobile,354.65,123.4,0,88.4,4,-13.36,567,DEV-6DA84,0
TRX-51639,33.8,Vestuario,Cartao_Credito,Mobile,334.3,460.1,2,179.1,1,37.55,522,DEV-C6934,1
TRX-51640,45.6,Beleza,Boleto,Tablet,364.82,1155.2,0,144.5,2,-17.33,806,DEV-D9567,0
TRX-51641,29.8, ELETRONICOS ,Cartao_Credito,Desktop,728.33,1445.7,1,114.7,2,-155.08,938,DEV-A6768,0
TRX-51642,18.5,Eletronicos,Cartao_Credito,Mobile,1026.89,1377.2,0,24.4,1,-96.88,474,DEV-D2016,0
TRX-51643,28.7,Games,Cartao_Credito,Desktop,87.91,990.5,0,14.5,5,-146.69,380,DEV-22A2D,0
TRX-51644,44.8,Vestuario,Cartao_Credito,Mobile,634.43,1544.7,0,30.0,3,39.4,505,DEV-D19CF,0
TRX-51645,42.0,Eletronicos,Cartao_Credito,Mobile,1048.6,1527.3,2,205.8,6,-124.89,473,DEV-BBB8F,0
TRX-51646,30.5,Eletronicos,Cartao_Credito,Desktop,802.5,1195.4,1,385.7,4,-2.05,486,DEV-DC126,1
TRX-51647,35.7,Vestuario,Pix,Desktop,232.29,593.5,1,410.6,8,153.46,111,DEV-52733,0
TRX-51648,41.1,Eletronicos,Boleto,Desktop,111.35,1021.3,0,257.1,5,-82.72,593,DEV-19332,0
TRX-51649,47.1,Vestuario,Cartao_Credito,Mobile,30.43,572.1,1,65.1,3,-60.66,269,DEV-7C992,0
TRX-51650,36.9,Games,Pix,Mobile,,1719.6,0,276.9,6,-167.32,455,DEV-DFDA1,1
TRX-51651,72.8,Vestuario,Cartao_Credito,Mobile,,1272.4,0,8.5,2,142.45,909,DEV-DB95C,0
TRX-51652,37.4,Vestuario,Cartao_Credito,Mobile,554.71,34.9,0,155.9,4,-165.63,669,DEV-B9E81,0
TRX-51653,19.0,Beleza,Cartao_Credito,Mobile,1124.05,635.8,3,144.7,5,-107.41,119,DEV-775C7,1
TRX-51654,32.6,Vestuario,Cartao_Credito,Mobile,269.84,1099.2,0,451.1,6,-36.21,829,DEV-8226D,0
TRX-51655,37.8,eletronicos,Cartao_Credito,Desktop,1020.1,1429.4,1,221.8,4,116.42,645,DEV-2D1DD,0
TRX-51656,39.4,Beleza,Pix,Mobile,317.5,1077.0,2,354.6,5,13.03,593,DEV-4C7C4,1
TRX-51657,,Eletronicos,Cartao_Credito,Desktop,891.69,350.5,2,336.9,5,58.82,325,DEV-E4B32,1
TRX-51658,39.5,Vestuario,Cartao_Credito,Mobile,391.29,314.3,1,307.9,3,213.96,805,DEV-C4903,1
TRX-51659,29.2,Eletronicos,Cartao_Credito,Desktop,250.2,1263.2,0,115.6,1,25.01,240,DEV-34206,0
TRX-51660,24.9,Beleza,Boleto,Desktop,242.36,600.0,0,107.5,3,-56.13,255,DEV-62939,0
TRX-51661,,Beleza,Cartao_Credito,Desktop,,1267.2,1,200.0,3,-111.69,233,DEV-6EC05,0
TRX-51662,28.9,Vestuario,Pix,Mobile,592.94,1521.8,0,109.6,6,126.98,769,DEV-3640A,0
TRX-51663,46.1,eletronicos,Cartao_Credito,Mobile,1449.11,139.7,1,266.5,4,-162.88,951,DEV-4F297,1
TRX-51664,38.1, ELETRONICOS ,Cartao_Credito,Desktop,2171.39,969.3,1,36.9,4,-51.73,571,DEV-59FF2,0
TRX-51665,26.9,Games,Cartao_Credito,Desktop,404.5,164.4,1,208.9,6,-90.33,764,DEV-D26AB,0
TRX-51666,43.7,Eletronicos,Cartao_Credito,Mobile,173.57,839.6,1,96.8,8,-100.9,946,DEV-AE803,0
TRX-51667,28.8, ELETRONICOS ,Boleto,Mobile,685.26,704.6,0,105.9,3,-104.35,772,DEV-38818,0
TRX-51668,29.8,Eletronicos,Boleto,Desktop,1293.8,1258.8,0,239.9,1,-146.94,578,DEV-300AF,0
TRX-51669,35.1, ELETRONICOS ,Boleto,Mobile,68.73,341.6,0,1.6,6,139.87,705,DEV-7C2C1,0
TRX-51670,30.2,eletronicos,Boleto,Mobile,325.0,1392.3,0,256.1,1,283.47,194,DEV-C9866,0
TRX-51671,22.8,Vestuario,Boleto,Mobile,1495.08,530.1,0,20.6,4,228.73,146,DEV-7F818,1
TRX-51672,27.3,Vestuario,Cartao_Credito,Mobile,620.68,298.0,0,42.7,3,-0.43,866,DEV-62B34,0
TRX-51673,18.2,Beleza,Cartao_Credito,Desktop,945.67,519.6,0,67.7,3,-26.62,368,DEV-4073D,1
TRX-51674,21.3,Vestuario,Pix,Mobile,1375.44,1503.3,1,88.1,3,17.6,849,DEV-CA1DB,1
TRX-51675,45.4,Eletronicos,Pix,Mobile,106.5,1137.6,0,112.5,4,-96.05,841,DEV-9BDB1,0
TRX-51676,35.4,Eletronicos,Cartao_Credito,Mobile,309.81,1093.1,1,58.3,6,-232.85,426,DEV-B530E,0
TRX-51677,29.6,Eletronicos,Cartao_Credito,Mobile,,1482.0,0,181.1,0,40.19,745,DEV-990AB,1
TRX-51678,39.7, ELETRONICOS ,Cartao_Credito,Mobile,938.65,1047.2,2,56.6,3,135.43,440,DEV-2B03C,1
TRX-51679,7.4,Vestuario,Cartao_Credito,Mobile,395.82,1519.6,1,91.0,4,12.53,575,DEV-4FDE6,0
TRX-51680,21.8,Games,Pix,Mobile,1597.43,1319.9,0,173.5,3,-51.19,860,DEV-D9211,0
TRX-51681,28.2,Beleza,Cartao_Credito,Mobile,45.51,162.4,1,156.0,3,-34.6,367,DEV-797C8,0
TRX-51682,27.3,Vestuario,Cartao_Credito,Desktop,49.08,476.3,0,83.8,3,-48.56,395,DEV-3C45D,0
TRX-51683,35.9, ELETRONICOS ,Boleto,Mobile,1404.13,1011.3,0,203.2,5,68.16,748,DEV-B8CF3,0
TRX-51684,,Eletronicos,Cartao_Credito,Mobile,345.31,1138.3,1,383.8,4,-0.64,780,DEV-65AA5,0
TRX-51685,43.9,Vestuario,Cartao_Credito,Mobile,113.91,149.4,1,448.0,2,170.79,127,DEV-DBDD0,0
TRX-51686,46.6,Eletronicos,Cartao_Credito,Mobile,71.44,1209.5,0,687.2,4,0.5,889,DEV-C753D,0
TRX-51687,43.0,Eletronicos,Pix,Desktop,1103.61,835.2,1,211.1,1,85.36,545,DEV-84908,1
TRX-51688,29.4,Games,Cartao_Credito,Mobile,328.74,77.4,1,61.0,4,-114.69,603,DEV-33549,0
TRX-51689,32.3,Eletronicos,Cartao_Credito,Mobile,774.66,783.7,1,80.8,4,37.09,921,DEV-8A8D6,0
TRX-51690,40.9,Vestuario,Cartao_Credito,Mobile,1551.8,1230.3,0,155.6,2,73.26,629,DEV-683C5,0
TRX-51691,31.6, ELETRONICOS ,Boleto,Desktop,,15.4,1,294.7,4,-65.88,213,DEV-3F290,1
TRX-51692,41.6, ELETRONICOS ,Cartao_Credito,Mobile,306.04,1393.1,1,30.1,3,-244.49,539,DEV-4649D,0
TRX-51693,43.3,Eletronicos,Cartao_Credito,Desktop,,603.3,1,8.3,6,103.26,305,DEV-C3F1A,1
TRX-51694,37.9,Vestuario,Pix,Mobile,637.14,1509.4,0,25.6,5,38.49,204,DEV-C13D4,0
TRX-51695,49.5,Beleza,Cartao_Credito,Desktop,1461.92,299.0,0,48.6,3,-186.53,724,DEV-A6ACE,1
TRX-51696,26.6,eletronicos,Pix,Mobile,156.73,941.2,0,191.2,4,-170.14,937,DEV-D1272,0
TRX-51697,36.0,eletronicos,Pix,Mobile,519.61,1195.9,1,206.6,2,-146.84,183,DEV-BFF5D,0
TRX-51698,43.2,eletronicos,Voucher,Mobile,43.81,405.8,1,3.7,4,0.13,432,DEV-C0D25,1
TRX-51699,9.2,Eletronicos,Pix,Mobile,654.64,989.5,1,393.3,2,125.84,146,DEV-70561,1
TRX-51700,21.6,Eletronicos,Cartao_Credito,Mobile,712.43,1698.1,0,74.3,3,247.8,495,DEV-4D8DB,0
TRX-51701,20.5,eletronicos,Boleto,Desktop,112.46,1713.1,1,207.5,4,59.74,814,DEV-6A774,0
TRX-51702,40.2,Vestuario,Cartao_Credito,Mobile,435.54,1320.3,1,252.2,4,178.8,270,DEV-33D0D,0
TRX-51703,33.7,Vestuario,Boleto,Mobile,635.66,60.1,1,243.1,2,41.82,249,DEV-E0E49,1
TRX-51704,25.7, ELETRONICOS ,Cartao_Credito,Tablet,22.84,1781.9,1,79.6,4,-14.78,278,DEV-642E6,0
TRX-51705,28.7, ELETRONICOS ,Cartao_Credito,Desktop,567.47,1035.8,0,84.0,2,152.53,768,DEV-E8A6F,0
TRX-51706,29.3,Games,Cartao_Credito,Mobile,860.63,772.4,0,26.1,5,-204.28,797,DEV-C5A7C,0
TRX-51707,43.0, ELETRONICOS ,Cartao_Credito,Mobile,540.74,178.8,1,168.1,3,316.6,633,DEV-79642,1
TRX-51708,43.3,Eletronicos,Cartao_Credito,Mobile,2816.81,385.2,0,112.6,5,25.13,470,DEV-80D0B,1
TRX-51709,28.7, ELETRONICOS ,Pix,Desktop,1744.86,1533.1,0,275.1,3,58.82,598,DEV-82D64,0
TRX-51710,47.1,Vestuario,Cartao_Credito,Tablet,414.33,1658.9,0,382.8,4,-188.42,984,DEV-63B8B,0
TRX-51711,29.9,Eletronicos,Cartao_Credito,Mobile,2081.92,1004.7,1,195.6,1,238.04,685,DEV-45573,1
TRX-51712,50.9,Eletronicos,Cartao_Credito,Mobile,630.52,676.6,0,267.6,2,-170.1,835,DEV-9B1C7,0
TRX-51713,38.6,Eletronicos,Cartao_Credito,Desktop,479.12,1326.2,0,189.8,6,6.57,585,DEV-34466,0
TRX-51714,37.7,eletronicos,Pix,Mobile,371.66,684.5,1,12.3,4,-82.97,398,DEV-7380F,0
TRX-51715,32.8, ELETRONICOS ,Voucher,Mobile,1152.4,196.1,0,296.0,5,70.97,208,DEV-2E964,0
TRX-51716,47.5,Beleza,Cartao_Credito,Mobile,280.8,885.3,1,37.4,4,133.64,826,DEV-AB58A,0
TRX-51717,39.2,Eletronicos,Pix,SmartTV,848.41,291.9,0,30.2,9,82.12,142,DEV-B397D,0
TRX-51718,38.2,Vestuario,Cartao_Credito,Mobile,562.17,1275.0,1,113.2,3,-87.46,992,DEV-7B371,0
TRX-51719,22.8,Vestuario,Cartao_Credito,Mobile,449.55,1014.9,1,94.6,10,-108.77,470,DEV-61B53,0
TRX-51720,32.6,Eletronicos,Cartao_Credito,Mobile,389.14,219.2,1,111.1,0,38.33,644,DEV-A81EF,0
TRX-51721,37.0, ELETRONICOS ,Cartao_Credito,Mobile,277.2,263.8,1,288.7,2,43.89,745,DEV-90265,0
TRX-51722,44.3,Eletronicos,Pix,Mobile,139.58,279.7,1,59.7,3,-1.54,985,DEV-A4E46,0
TRX-51723,52.5, ELETRONICOS ,Cartao_Credito,Mobile,1803.5,1575.3,1,54.1,1,-31.13,432,DEV-DA00C,1
TRX-51724,27.1,Eletronicos,Pix,Mobile,218.35,1510.7,1,219.7,2,-118.71,522,DEV-C0249,0
TRX-51725,35.6,Beleza,Cartao_Credito,Mobile,544.76,885.7,0,46.8,6,31.87,231,DEV-30A9E,0
TRX-51726,44.3,Games,Cartao_Credito,Mobile,411.77,1572.2,1,23.1,2,-88.74,832,DEV-56EED,0
TRX-51727,45.9,Eletronicos,Pix,Tablet,992.49,1333.0,0,221.3,5,-209.44,945,DEV-8FD1C,0
TRX-51728,21.7,Beleza,Boleto,Desktop,1523.56,249.9,0,144.3,3,-223.82,887,DEV-D0A94,0
TRX-51729,36.8,Eletronicos,Boleto,Desktop,358.88,1172.6,0,519.4,2,124.82,570,DEV-DD787,0
TRX-51730,46.4,Eletronicos,Cartao_Credito,Mobile,1207.03,582.9,0,524.6,2,-68.58,501,DEV-D5724,1
TRX-51731,13.5, ELETRONICOS ,Pix,Mobile,1051.38,984.4,0,27.3,3,58.37,177,DEV-C9A94,0
TRX-51732,15.4,Eletronicos,Cartao_Credito,Tablet,656.28,1561.9,1,14.1,3,-13.79,951,DEV-52171,0
TRX-51733,33.6,Eletronicos,Cartao_Credito,Mobile,1421.38,488.6,3,65.1,4,134.73,158,DEV-B0F76,1
TRX-51734,27.1, ELETRONICOS ,Boleto,Mobile,711.77,649.7,1,133.7,5,127.99,680,DEV-8379D,0
TRX-51735,28.2,Beleza,Cartao_Credito,Mobile,2389.39,1174.4,2,229.4,7,-87.24,642,DEV-D3217,1
TRX-51736,27.4,Eletronicos,Cartao_Credito,Desktop,338.07,1258.5,0,156.9,5,-112.42,754,DEV-B8DEC,0
TRX-51737,18.7,Eletronicos,Boleto,Mobile,320.26,1311.6,1,21.1,2,21.1,876,DEV-478ED,0
TRX-51738,35.4,Beleza,Cartao_Credito,Mobile,218.07,524.0,1,209.3,1,-222.85,451,DEV-89DEB,1
TRX-51739,36.5,Beleza,Pix,Desktop,2310.0,184.6,1,73.4,6,30.62,367,DEV-B2BF5,1
TRX-51740,39.4,Eletronicos,Boleto,Mobile,2473.56,1470.1,0,11.5,7,-176.93,674,DEV-970D2,0
TRX-51741,24.3, ELETRONICOS ,Voucher,Desktop,956.46,506.1,2,170.2,4,56.04,855,DEV-9890F,0
TRX-51742,43.2, ELETRONICOS ,Boleto,Mobile,446.66,430.5,2,33.9,3,1.89,966,DEV-862B2,0
TRX-51743,44.9,Games,Boleto,Mobile,600.39,722.4,0,60.8,2,117.57,820,DEV-9F661,0
TRX-51744,31.5,Vestuario,Pix,SmartTV,630.08,821.3,2,416.4,4,-36.87,933,DEV-5D9D2,1
TRX-51745,28.8,Eletronicos,Boleto,Mobile,278.97,1367.1,1,23.5,3,31.01,639,DEV-B833C,0
TRX-51746,32.2, ELETRONICOS ,Pix,Desktop,236.82,1548.1,0,22.8,4,64.03,918,DEV-402CF,0
TRX-51747,50.6,Vestuario,Boleto,Desktop,433.88,1650.8,0,88.3,4,49.0,946,DEV-8CEFA,0
TRX-51748,24.3,Vestuario,Cartao_Credito,Desktop,391.89,451.8,2,47.3,3,-174.26,226,DEV-4BA1C,0
TRX-51749,35.2,Eletronicos,Cartao_Credito,Desktop,2423.77,1450.1,1,168.7,3,-179.94,786,DEV-274C0,1
TRX-51750,45.3,Beleza,Voucher,Mobile,43.08,1607.1,0,112.8,4,118.09,440,DEV-93367,0
TRX-51751,45.2,Beleza,Cartao_Credito,Mobile,,1463.5,0,485.3,3,-32.29,580,DEV-73422,0
TRX-51752,31.6,Eletronicos,Pix,Tablet,113.68,51.9,0,155.2,6,14.55,729,DEV-8C05D,0
TRX-51753,24.4,Eletronicos,Boleto,Tablet,67.07,1775.4,1,201.7,2,-62.4,260,DEV-C104E,0
TRX-51754,27.7,Eletronicos,Cartao_Credito,Mobile,200.77,363.9,0,30.3,4,169.41,174,DEV-B2015,0
TRX-51755,31.5, ELETRONICOS ,Cartao_Credito,Desktop,412.01,1229.8,0,61.0,4,70.34,176,DEV-563C2,0
TRX-51756,42.0, ELETRONICOS ,Cartao_Credito,Mobile,1015.02,131.6,3,15.2,1,188.28,771,DEV-CAAEB,1
TRX-51757,32.8,Eletronicos,Cartao_Credito,Mobile,409.82,26.3,1,21.9,1,-18.05,809,DEV-D228F,1
TRX-51758,24.0,Beleza,Voucher,Mobile,588.16,1039.2,1,1.1,2,-76.23,912,DEV-1FCF8,0
TRX-51759,, ELETRONICOS ,Pix,Desktop,1686.29,311.6,2,6.2,4,18.06,308,DEV-6D944,0
TRX-51760,24.2,Eletronicos,Cartao_Credito,Desktop,344.94,1770.1,0,80.6,4,-22.92,690,DEV-E1802,0
TRX-51761,43.7,eletronicos,Boleto,Tablet,284.05,763.2,0,56.2,5,-288.2,812,DEV-B78E9,0
TRX-51762,20.9,Beleza,Cartao_Credito,Desktop,58.19,1468.3,0,23.3,11,112.09,106,DEV-2FE81,0
TRX-51763,52.2,Beleza,Boleto,Mobile,799.54,1252.6,0,112.6,5,-60.11,698,DEV-E522C,0
TRX-51764,45.2, ELETRONICOS ,Boleto,Desktop,127.03,635.4,0,145.9,1,-69.11,997,DEV-1AE11,1
TRX-51765,22.7,Vestuario,Boleto,Mobile,108.54,584.9,0,199.4,1,-42.36,500,DEV-6917C,0
TRX-51766,44.7,Vestuario,Cartao_Credito,Mobile,,1291.9,1,206.1,4,-136.39,995,DEV-6FF6A,0
TRX-51767,27.5,Eletronicos,Cartao_Credito,Mobile,1966.99,1583.0,0,86.2,1,45.85,299,DEV-4F416,0
TRX-51768,10.0,Eletronicos,Cartao_Credito,Desktop,339.37,233.9,2,62.2,5,185.25,295,DEV-812B7,1
TRX-51769,27.9, ELETRONICOS ,Voucher,Desktop,33.76,1688.6,1,179.7,5,75.08,945,DEV-52D01,0
TRX-51770,11.6,Eletronicos,Boleto,Mobile,79.99,461.7,1,335.6,1,88.83,896,DEV-70C24,1
TRX-51771,25.5,Games,Pix,Mobile,,387.3,0,188.4,4,61.02,997,DEV-677F8,0
TRX-51772,23.9,Beleza,Cartao_Credito,Mobile,247.25,757.8,0,527.2,5,254.12,426,DEV-4B0A2,0
TRX-51773,34.9,Beleza,Cartao_Credito,Mobile,46.36,1219.5,0,53.4,1,-110.09,389,DEV-9C54D,0
TRX-51774,43.5,Vestuario,Boleto,Mobile,141.83,506.2,0,166.2,0,39.28,961,DEV-321DE,1
TRX-51775,30.7,Games,Cartao_Credito,Mobile,574.3,1271.2,0,219.7,5,-101.06,862,DEV-DDCC4,0
TRX-51776,32.2,Vestuario,Cartao_Credito,Mobile,1762.65,1056.4,0,50.6,8,-271.01,616,DEV-AF952,0
TRX-51777,24.6,Eletronicos,Boleto,Mobile,499.38,802.3,0,11.5,7,-70.56,203,DEV-490CB,0
TRX-51778,28.8,Games,Pix,Desktop,76.92,1467.2,0,250.9,4,-91.79,274,DEV-D60E0,0
TRX-51779,52.4,Eletronicos,Cartao_Credito,Mobile,263.09,1036.8,1,143.2,5,-181.04,210,DEV-A657B,1
TRX-51780,36.6,Vestuario,Boleto,Mobile,37.49,1511.8,0,152.3,4,233.8,732,DEV-A029A,0
TRX-51781,37.0,Eletronicos,Pix,Desktop,178.0,38.6,0,85.8,4,174.87,373,DEV-CBFDF,0
TRX-51782,32.0,Vestuario,Pix,Mobile,692.96,1375.9,1,126.2,3,-77.17,423,DEV-DCD99,1
TRX-51783,44.7,Games,Pix,Mobile,311.14,1213.5,0,78.7,1,8.98,627,DEV-298AA,0
TRX-51784,34.6,Eletronicos,Pix,Desktop,958.9,702.4,0,5.8,4,-29.43,712,DEV-7858F,0
TRX-51785,36.4, ELETRONICOS ,Cartao_Credito,Mobile,815.8,655.6,0,475.3,0,53.2,695,DEV-BB57E,1
TRX-51786,27.6,Beleza,Boleto,Desktop,736.08,960.5,0,73.1,5,-281.64,800,DEV-65D5A,0
TRX-51787,52.2,eletronicos,Cartao_Credito,Mobile,1192.23,50.4,0,77.5,2,-113.86,705,DEV-AE8FC,0
TRX-51788,42.4, ELETRONICOS ,Cartao_Credito,SmartTV,1392.28,393.6,1,8.6,1,107.34,269,DEV-2CFF0,1
TRX-51789,32.9,eletronicos,Cartao_Credito,Desktop,592.06,1169.6,1,123.3,2,-107.81,759,DEV-8CD0C,0
TRX-51790,42.4,Eletronicos,Cartao_Credito,Mobile,,147.1,0,105.3,1,71.68,310,DEV-4E3CA,0
TRX-51791,32.6,Vestuario,Pix,Mobile,141.99,828.8,2,185.5,2,3.23,646,DEV-97ED0,1
TRX-51792,24.6,Vestuario,Cartao_Credito,Mobile,111.5,572.2,1,36.7,2,357.23,365,DEV-1F6DE,0
TRX-51793,29.1,Vestuario,Cartao_Credito,Tablet,527.67,8.5,0,48.6,1,-93.1,889,DEV-EE139,1
TRX-51794,41.4,Eletronicos,Boleto,Tablet,2967.65,126.2,0,27.6,3,-69.41,782,DEV-DA4EE,1
TRX-51795,36.2,Vestuario,Cartao_Credito,Mobile,,505.8,0,106.6,2,-27.98,751,DEV-A14D6,0
TRX-51796,39.0,Games,Voucher,Mobile,25.69,1394.9,0,38.2,2,4.41,233,DEV-D1085,0
TRX-51797,25.3,eletronicos,Cartao_Credito,Mobile,56.03,1480.6,1,148.8,2,-4.78,975,DEV-8806B,0
TRX-51798,33.1,Eletronicos,Cartao_Credito,Mobile,247.54,1461.8,0,65.3,8,-10.28,517,DEV-B42DE,0
TRX-51799,29.9, ELETRONICOS ,Cartao_Credito,Mobile,1191.09,615.0,1,33.4,1,-85.89,889,DEV-CC0E7,0
TRX-51800,29.2, ELETRONICOS ,Boleto,Mobile,1957.23,1230.2,2,58.8,2,-20.41,506,DEV-AE151,1
TRX-51801,30.1,eletronicos,Pix,Tablet,1973.37,625.8,1,79.5,4,-119.3,137,DEV-36790,1
TRX-51802,33.3,eletronicos,Boleto,Desktop,1037.82,550.4,0,249.8,0,94.59,853,DEV-54D54,0
TRX-51803,45.0,Eletronicos,Pix,Mobile,291.28,1685.1,0,102.7,4,-7.76,478,DEV-AB5F6,0
TRX-51804,36.4,Vestuario,Voucher,Mobile,237.91,1557.6,0,72.8,2,-164.0,459,DEV-715EF,0
TRX-51805,28.5, ELETRONICOS ,Cartao_Credito,Mobile,285.16,235.6,0,185.2,6,94.73,566,DEV-2F611,0
TRX-51806,41.0,Games,Pix,Mobile,261.36,1021.3,0,169.7,7,137.06,183,DEV-4C1B8,0
TRX-51807,26.7,Eletronicos,Boleto,Mobile,758.96,1736.0,1,138.1,6,38.66,221,DEV-55A04,0
TRX-51808,54.9, ELETRONICOS ,Boleto,Desktop,162.87,922.5,2,136.6,0,-52.81,587,DEV-8E56D,0
TRX-51809,20.4, ELETRONICOS ,Voucher,Desktop,,47.9,0,141.9,9,-113.77,385,DEV-CC8B5,0
TRX-51810,37.4,Eletronicos,Cartao_Credito,Mobile,1771.93,90.1,0,129.8,7,177.74,576,DEV-9BD8B,0
TRX-51811,41.0,Vestuario,Cartao_Credito,Desktop,1122.25,1358.5,2,5.4,2,-45.58,379,DEV-24E32,1
TRX-51812,36.8,Vestuario,Cartao_Credito,Tablet,391.01,1394.2,0,50.2,5,77.02,204,DEV-8972B,0
TRX-51813,36.7,Vestuario,Voucher,Desktop,166.26,1668.7,1,114.2,0,183.62,210,DEV-72211,0
TRX-51814,22.9,Eletronicos,Cartao_Credito,Mobile,1053.52,959.4,0,320.2,2,168.09,393,DEV-E7F77,1
TRX-51815,30.4,Games,Cartao_Credito,Mobile,308.39,1661.8,0,3.6,4,118.43,290,DEV-6C7FD,0
TRX-51816,57.0,Games,Cartao_Credito,Mobile,26.0,60.2,0,305.6,1,-187.21,802,DEV-6CCCB,1
TRX-51817,,Eletronicos,Cartao_Credito,Desktop,1033.53,1395.3,0,112.9,4,-71.51,123,DEV-7C300,0
TRX-51818,52.6,Games,Boleto,Mobile,1265.61,1376.9,0,179.0,6,49.09,145,DEV-CB71F,0
TRX-51819,38.0,Games,Cartao_Credito,Mobile,355.39,1408.8,0,140.7,6,-235.02,502,DEV-51384,0
TRX-51820,41.5,eletronicos,Boleto,Tablet,2370.24,1384.8,2,106.4,2,96.6,707,DEV-43A0C,1
TRX-51821,36.1,Eletronicos,Pix,Tablet,1977.84,678.2,0,9.8,5,-73.64,580,DEV-C5348,0
TRX-51822,27.2,Beleza,Cartao_Credito,Mobile,276.56,853.5,0,52.5,3,59.36,810,DEV-644E9,0
TRX-51823,33.2,Beleza,Cartao_Credito,Mobile,941.93,1436.7,0,164.9,2,190.84,680,DEV-4BF21,0
TRX-51824,,Vestuario,Cartao_Credito,Desktop,690.88,190.9,0,125.0,1,330.5,190,DEV-38128,1
TRX-51825,32.1,Beleza,Cartao_Credito,Desktop,,1623.7,3,110.0,4,-21.91,980,DEV-4FE90,0
TRX-51826,37.7,eletronicos,Pix,Mobile,2051.27,1727.2,0,32.6,3,-154.49,550,DEV-7FC01,0
TRX-51827,24.2,eletronicos,Pix,Mobile,1044.61,1739.4,1,101.9,4,-161.59,889,DEV-2B688,0
TRX-51828,24.1,Beleza,Cartao_Credito,Mobile,773.83,309.4,0,1.4,3,-100.76,274,DEV-A523D,0
TRX-51829,31.1,Eletronicos,Boleto,Desktop,200.0,636.0,2,0.4,1,-206.52,189,DEV-94427,0
TRX-51830,52.6, ELETRONICOS ,Cartao_Credito,Desktop,259.18,87.3,1,31.1,7,64.74,974,DEV-F3DF7,0
TRX-51831,42.6, ELETRONICOS ,Boleto,Mobile,291.8,698.9,0,170.8,1,-166.63,475,DEV-25280,1
TRX-51832,27.4, ELETRONICOS ,Pix,Mobile,766.56,432.8,0,256.9,2,158.07,566,DEV-BC848,1
TRX-51833,37.4,Games,Pix,Tablet,550.81,1093.6,1,400.4,2,-5.47,542,DEV-2E827,0
TRX-51834,55.7,Vestuario,Cartao_Credito,Mobile,985.77,824.7,0,19.2,6,-98.98,401,DEV-3E43B,0
TRX-51835,33.8,Eletronicos,Boleto,Mobile,1471.26,1143.7,1,31.1,7,-41.29,787,DEV-5961F,0
TRX-51836,27.1, ELETRONICOS ,Cartao_Credito,Tablet,88.58,241.0,0,174.2,3,-85.23,131,DEV-715DB,1
TRX-51837,45.1,Eletronicos,Cartao_Credito,Mobile,,791.3,0,290.2,2,-27.09,220,DEV-E7C16,1
TRX-51838,,Games,Voucher,Desktop,,795.1,0,74.0,5,-55.7,809,DEV-838C6,0
TRX-51839,25.1,eletronicos,Cartao_Credito,Mobile,1743.55,644.9,1,81.8,3,-2.88,798,DEV-E61D7,0
TRX-51840,39.8,Vestuario,Cartao_Credito,Mobile,361.39,1605.1,2,272.8,2,75.55,620,DEV-3FAA2,0
TRX-51841,15.0,Eletronicos,Cartao_Credito,Mobile,168.58,39.5,0,55.7,3,-3.17,126,DEV-55BE1,0
TRX-51842,47.0,Eletronicos,Voucher,Desktop,250.12,1174.2,0,400.7,6,-37.24,258,DEV-98912,0
TRX-51843,27.5,Eletronicos,Pix,Desktop,517.95,1619.6,1,272.4,4,-46.66,746,DEV-23680,0
TRX-51844,49.3,Vestuario,Cartao_Credito,Desktop,790.82,36.1,0,158.6,3,-23.54,337,DEV-230CA,1
TRX-51845,44.6,Games,Pix,Tablet,336.97,1282.1,3,115.8,4,147.39,593,DEV-341A8,0
TRX-51846,19.3,Eletronicos,Boleto,Desktop,614.28,709.8,0,76.8,5,-9.73,347,DEV-3B9BF,0
TRX-51847,53.4,Eletronicos,Pix,Desktop,1413.85,1545.2,1,27.4,4,-64.55,212,DEV-CA498,0
TRX-51848,35.0,Eletronicos,Pix,Mobile,93.07,785.6,0,159.9,7,98.2,895,DEV-7139E,0
TRX-51849,29.4, ELETRONICOS ,Cartao_Credito,Tablet,427.86,672.7,1,182.0,5,25.97,514,DEV-EC636,1
TRX-51850,43.8,Eletronicos,Cartao_Credito,Mobile,408.56,996.5,2,166.0,3,-69.63,401,DEV-AEA26,0
TRX-51851,29.1,Eletronicos,Boleto,Mobile,524.2,1642.2,0,76.2,4,-117.18,755,DEV-5F484,0
TRX-51852,43.9,eletronicos,Boleto,SmartTV,304.25,1134.1,1,430.5,5,-17.73,365,DEV-A8932,0
TRX-51853,26.6,Vestuario,Cartao_Credito,Mobile,1270.82,1578.2,0,9.9,3,69.98,558,DEV-6149C,0
TRX-51854,53.2,Beleza,Pix,SmartTV,170.83,1435.5,2,440.1,5,-0.44,877,DEV-DE85B,0
TRX-51855,40.0,Eletronicos,Cartao_Credito,Desktop,340.15,714.7,2,95.2,4,-31.55,781,DEV-E982D,0
TRX-51856,32.4,Beleza,Boleto,Mobile,2391.36,890.8,0,357.6,4,132.04,591,DEV-24308,1
TRX-51857,30.9,Games,Cartao_Credito,Mobile,637.68,601.7,1,393.9,4,127.95,478,DEV-80459,1
TRX-51858,46.5,Vestuario,Cartao_Credito,Desktop,232.0,1575.8,0,17.7,6,-48.75,183,DEV-6C1A3,0
TRX-51859,42.5,Eletronicos,Cartao_Credito,Desktop,194.33,1469.8,0,178.7,2,-98.34,619,DEV-7128C,0
TRX-51860,32.4,Eletronicos,Boleto,Mobile,754.86,1162.7,1,48.7,1,97.84,899,DEV-37979,0
TRX-51861,36.6,Games,Cartao_Credito,Tablet,855.04,94.3,0,163.9,3,34.99,724,DEV-7849D,1
TRX-51862,35.8,Eletronicos,Cartao_Credito,Mobile,142.55,1362.3,1,29.7,2,-86.73,112,DEV-7EB20,0
TRX-51863,38.9,Vestuario,Cartao_Credito,Desktop,1581.35,414.5,0,79.8,3,295.86,790,DEV-736CB,1
TRX-51864,41.4, ELETRONICOS ,Cartao_Credito,SmartTV,233.79,155.0,2,14.0,2,-130.59,109,DEV-D0635,0
TRX-51865,58.4,eletronicos,Boleto,Mobile,1101.95,691.0,0,4.4,6,124.03,475,DEV-199FA,0
TRX-51866,25.3,Beleza,Cartao_Credito,Mobile,271.68,1178.5,0,125.4,2,-69.15,389,DEV-D6CB4,0
TRX-51867,28.5,Eletronicos,Cartao_Credito,Desktop,286.71,1755.1,2,181.2,2,1.24,637,DEV-AF7B4,1
TRX-51868,27.8,Eletronicos,Cartao_Credito,Mobile,159.93,979.6,0,119.7,2,-146.25,380,DEV-53FBC,0
TRX-51869,44.7,Beleza,Cartao_Credito,Mobile,60.99,166.0,1,177.9,1,62.35,606,DEV-411CB,0
TRX-51870,24.3, ELETRONICOS ,Cartao_Credito,Tablet,88.33,1577.7,0,49.6,3,-12.61,775,DEV-2F3AE,0
TRX-51871,54.3,Beleza,Cartao_Credito,Mobile,2232.33,508.4,1,72.4,2,-133.31,732,DEV-75E51,1
TRX-51872,33.3,eletronicos,Cartao_Credito,Mobile,31.24,64.3,0,228.4,0,-82.1,839,DEV-E6B0E,1
TRX-51873,60.5,Beleza,Pix,Desktop,2184.86,573.8,0,228.8,5,157.87,370,DEV-46373,1
TRX-51874,29.5,Vestuario,Voucher,Desktop,1261.91,299.1,0,207.5,5,-189.06,250,DEV-84C06,0
TRX-51875,,Vestuario,Cartao_Credito,Desktop,56.28,1704.4,0,125.4,7,87.54,889,DEV-8881E,0
TRX-51876,33.7, ELETRONICOS ,Pix,Desktop,27.25,798.5,4,8.0,2,132.06,509,DEV-8E7DD,0
TRX-51877,33.2,Eletronicos,Boleto,Mobile,478.82,1089.7,0,89.2,6,33.87,401,DEV-AD838,0
TRX-51878,35.6,Eletronicos,Cartao_Credito,Mobile,495.83,1099.2,0,19.8,2,117.39,956,DEV-ED5F6,0
TRX-51879,31.1,Vestuario,Cartao_Credito,Desktop,113.65,1453.3,2,16.0,8,-16.19,644,DEV-8FF77,0
TRX-51880,18.1,Beleza,Cartao_Credito,Mobile,330.93,1769.1,1,30.8,3,169.65,462,DEV-77612,0
TRX-51881,34.6, ELETRONICOS ,Boleto,Mobile,1350.97,97.5,0,18.4,5,70.56,891,DEV-3EF40,0
TRX-51882,58.2,Eletronicos,Boleto,Desktop,132.24,726.1,1,27.8,3,-111.53,275,DEV-89C74,0
TRX-51883,28.0,Vestuario,Cartao_Credito,Tablet,694.8,1108.7,2,15.5,2,59.39,353,DEV-22825,0
TRX-51884,34.9,Vestuario,Boleto,Mobile,61.59,160.6,2,362.5,6,60.37,292,DEV-2134B,0
TRX-51885,27.2,eletronicos,Cartao_Credito,Mobile,858.68,1213.3,1,85.7,1,12.75,530,DEV-6AE77,1
TRX-51886,42.7,Games,Boleto,Mobile,254.59,755.6,1,636.1,0,-103.88,674,DEV-4EA7A,1
TRX-51887,22.6,Vestuario,Boleto,Desktop,203.12,853.6,0,200.8,4,-43.95,396,DEV-D8D57,0
TRX-51888,,Games,Cartao_Credito,Mobile,2226.9,13.7,1,159.9,3,-101.74,446,DEV-A3625,1
TRX-51889,38.2,Games,Cartao_Credito,Mobile,1509.67,251.0,0,301.6,5,-117.54,580,DEV-F1552,1
TRX-51890,28.7,Eletronicos,Cartao_Credito,Mobile,1829.17,1527.6,0,303.0,1,50.54,362,DEV-37C10,1
TRX-51891,35.7,Eletronicos,Boleto,Mobile,48.44,1294.1,2,23.3,6,-61.19,621,DEV-D24B3,0
TRX-51892,33.2,Vestuario,Cartao_Credito,Desktop,224.1,90.0,1,78.1,1,-50.83,660,DEV-CA319,1
TRX-51893,36.8,Beleza,Pix,Desktop,102.29,1203.5,0,72.8,6,-30.11,933,DEV-2E43A,0
TRX-51894,32.5, ELETRONICOS ,Voucher,Mobile,525.18,759.6,0,147.3,2,84.96,727,DEV-8EF66,0
TRX-51895,27.3,Games,Pix,Tablet,288.0,668.5,1,491.9,5,39.13,633,DEV-5C74B,0
TRX-51896,29.0, ELETRONICOS ,Cartao_Credito,Mobile,246.19,520.9,1,38.9,5,-42.61,760,DEV-432B9,0
TRX-51897,41.7,Beleza,Cartao_Credito,Mobile,891.96,1717.8,0,96.4,3,-78.54,837,DEV-3A97F,0
TRX-51898,36.5, ELETRONICOS ,Boleto,Mobile,92.25,781.8,1,270.0,3,-177.48,778,DEV-C7576,0
TRX-51899,29.5,Beleza,Cartao_Credito,Desktop,398.46,1207.1,0,27.1,4,262.6,700,DEV-2561D,0
TRX-51900,22.0,Eletronicos,Cartao_Credito,Tablet,928.99,524.8,1,36.0,2,17.01,233,DEV-34194,0
TRX-51901,29.1, ELETRONICOS ,Cartao_Credito,Mobile,394.7,1576.1,0,149.0,5,39.21,692,DEV-6E509,0
TRX-51902,41.5,Beleza,Cartao_Credito,Tablet,105.4,851.6,0,84.4,2,104.99,585,DEV-A50F9,0
TRX-51903,33.4,Games,Cartao_Credito,Mobile,736.88,751.5,1,38.3,2,13.46,270,DEV-45303,0
TRX-51904,42.1,Beleza,Boleto,Mobile,446.34,204.9,1,48.1,6,-41.16,372,DEV-68676,0
TRX-51905,38.2,eletronicos,Cartao_Credito,Mobile,777.26,1798.0,0,96.1,2,57.25,720,DEV-F0018,0
TRX-51906,33.1, ELETRONICOS ,Cartao_Credito,Mobile,380.38,1481.0,1,66.2,4,135.93,484,DEV-19F65,0
TRX-51907,29.6,Eletronicos,Cartao_Credito,Tablet,249.99,207.7,0,61.3,4,-153.58,711,DEV-DD7B4,0
TRX-51908,57.0,eletronicos,Cartao_Credito,Mobile,224.16,686.6,0,28.1,7,-16.65,767,DEV-A84B3,0
TRX-51909,38.2,Vestuario,Cartao_Credito,Desktop,977.79,1767.2,0,51.0,4,-41.51,375,DEV-925DD,0
TRX-51910,27.1,Beleza,Cartao_Credito,Mobile,,59.5,1,153.4,4,-126.22,274,DEV-B0333,1
TRX-51911,34.3,Games,Boleto,Mobile,2255.4,50.3,0,52.4,8,-25.75,649,DEV-5B71A,0
TRX-51912,40.5,Eletronicos,Cartao_Credito,Desktop,372.05,542.6,0,30.1,2,222.33,106,DEV-D91E9,0
TRX-51913,37.7,Vestuario,Cartao_Credito,Desktop,1698.25,1120.6,1,40.1,2,26.89,368,DEV-CE2C9,1
TRX-51914,33.6,Eletronicos,Boleto,Mobile,159.85,47.6,4,486.2,2,-173.13,791,DEV-1AE30,1
TRX-51915,40.6,Vestuario,Pix,Mobile,1068.54,1621.3,1,22.6,1,35.29,600,DEV-3D723,0
TRX-51916,40.8,Eletronicos,Cartao_Credito,Tablet,355.67,502.2,0,129.3,4,168.87,450,DEV-70506,0
TRX-51917,43.5,Eletronicos,Pix,Desktop,180.6,355.2,0,22.2,5,45.89,232,DEV-5BB34,0
TRX-51918,42.6,Games,Cartao_Credito,Mobile,163.63,1094.1,0,112.3,3,-64.61,311,DEV-4FBB5,0
TRX-51919,38.1,Eletronicos,Boleto,Mobile,49.6,990.0,0,15.0,3,162.41,900,DEV-C3402,0
TRX-51920,26.7,Eletronicos,Cartao_Credito,Mobile,1224.66,158.9,0,291.2,4,13.71,583,DEV-4FB6E,1
TRX-51921,36.8,Games,Cartao_Credito,Mobile,92.91,219.0,1,838.4,6,159.13,925,DEV-8B531,1
TRX-51922,50.0,Eletronicos,Cartao_Credito,Desktop,211.83,140.8,0,210.0,3,-168.38,640,DEV-879D7,1
TRX-51923,35.7, ELETRONICOS ,Cartao_Credito,Mobile,758.95,635.0,0,31.7,4,-109.43,434,DEV-CAD9D,0
TRX-51924,21.2,Eletronicos,Boleto,Desktop,372.35,1734.3,0,52.1,5,-133.85,887,DEV-EDC1F,0
TRX-51925,31.5,Vestuario,Pix,Mobile,47.41,1595.8,0,651.0,2,77.2,638,DEV-41485,1
TRX-51926,33.6,Eletronicos,Cartao_Credito,Mobile,134.02,448.7,0,753.3,3,-13.94,256,DEV-BC691,1
TRX-51927,39.7,Beleza,Cartao_Credito,Mobile,967.55,1156.6,0,21.1,3,29.24,219,DEV-D91D3,0
TRX-51928,42.3,Vestuario,Cartao_Credito,Mobile,520.01,981.7,0,61.6,3,91.91,842,DEV-91A63,0
TRX-51929,31.0,Eletronicos,Cartao_Credito,Desktop,590.13,1024.1,0,8.4,3,-76.54,856,DEV-18ED7,0
TRX-51930,29.9,Eletronicos,Cartao_Credito,Desktop,233.24,727.0,2,32.4,0,-93.52,596,DEV-77C2E,0
TRX-51931,24.4,Beleza,Cartao_Credito,Mobile,620.28,1445.1,0,80.1,3,-81.76,754,DEV-35CDB,0
TRX-51932,54.3,eletronicos,Voucher,SmartTV,512.18,253.7,2,91.9,0,-19.87,779,DEV-4297C,1
TRX-51933,41.3,Beleza,Cartao_Credito,Mobile,430.66,1437.5,2,207.4,4,134.99,472,DEV-3E0C5,0
TRX-51934,40.2,Games,Cartao_Credito,Mobile,185.94,950.7,0,17.0,4,50.91,719,DEV-2B362,0
TRX-51935,30.5,Eletronicos,Cartao_Credito,Mobile,822.32,1587.0,1,41.0,1,12.07,921,DEV-F0F51,0
TRX-51936,45.4,Vestuario,Boleto,Mobile,530.89,13.8,0,428.4,3,-79.87,684,DEV-D4D05,1
TRX-51937,34.8,Vestuario,Pix,Desktop,402.38,348.0,0,2.1,2,15.4,988,DEV-7B43A,0
TRX-51938,24.1, ELETRONICOS ,Boleto,Mobile,639.85,1574.7,0,103.2,1,-100.98,414,DEV-2F872,0
TRX-51939,42.9,Eletronicos,Pix,Mobile,308.74,1481.5,0,22.5,5,29.66,235,DEV-AC593,0
TRX-51940,47.6,Beleza,Cartao_Credito,Mobile,852.65,1433.5,1,31.7,3,-11.1,717,DEV-2F5D5,0
TRX-51941,30.4,eletronicos,Cartao_Credito,Tablet,,514.0,1,156.5,1,132.85,757,DEV-BC6CD,1
TRX-51942,27.7,Games,Boleto,Mobile,1811.27,1197.6,1,263.0,4,-91.59,213,DEV-BAC1A,1
TRX-51943,32.2,Eletronicos,Cartao_Credito,Mobile,288.84,1166.0,1,0.7,2,35.65,196,DEV-DD015,1
TRX-51944,27.1,Vestuario,Cartao_Credito,Tablet,453.82,638.4,0,554.7,1,48.06,503,DEV-D2E1D,0
TRX-51945,22.0,Beleza,Cartao_Credito,Desktop,390.79,1055.1,2,728.9,1,-32.25,438,DEV-DB85E,1
TRX-51946,30.3, ELETRONICOS ,Cartao_Credito,Mobile,98.27,514.6,1,718.1,13,229.18,842,DEV-6A6F0,0
TRX-51947,34.6, ELETRONICOS ,Cartao_Credito,Mobile,300.53,401.0,0,25.2,4,184.07,161,DEV-65A2D,0
TRX-51948,35.2,Beleza,Cartao_Credito,Mobile,1043.61,905.9,0,181.0,5,92.93,586,DEV-5DB3C,0
TRX-51949,47.1,Vestuario,Cartao_Credito,Desktop,9999999.0,671.2,0,392.3,4,-6.94,283,DEV-4BC0E,0
TRX-51950,26.2,Vestuario,Cartao_Credito,Mobile,266.47,1040.3,0,64.1,5,-50.35,522,DEV-20434,0
TRX-51951,30.9,eletronicos,Voucher,Desktop,192.57,1042.2,1,189.2,2,15.43,105,DEV-E2C60,0
TRX-51952,42.5,Eletronicos,Cartao_Credito,Mobile,754.71,1707.8,1,349.3,5,52.98,504,DEV-37891,0
TRX-51953,41.2,Vestuario,Cartao_Credito,Desktop,362.33,1729.9,2,469.6,5,8.49,684,DEV-261DD,0
TRX-51954,43.3, ELETRONICOS ,Pix,Desktop,165.97,1642.0,1,41.3,1,187.99,240,DEV-BE529,0
TRX-51955,34.0,Beleza,Cartao_Credito,Mobile,1894.57,821.6,0,165.6,3,138.09,254,DEV-8D714,1
TRX-51956,24.7,Eletronicos,Cartao_Credito,Mobile,891.82,1715.7,2,61.5,3,196.11,885,DEV-BCEEC,0
TRX-51957,34.2,Eletronicos,Cartao_Credito,Desktop,312.61,287.6,2,186.6,3,98.69,353,DEV-775C0,0
TRX-51958,36.7,Beleza,Pix,Desktop,274.92,785.5,0,318.8,4,-112.04,576,DEV-ABA11,0
TRX-51959,25.8,Eletronicos,Pix,Desktop,1091.48,420.0,1,56.4,5,71.24,274,DEV-64433,0
TRX-51960,41.4,Eletronicos,Cartao_Credito,Desktop,199.2,1799.9,0,34.1,8,-4.64,182,DEV-A296D,0
TRX-51961,30.7,Games,Cartao_Credito,Mobile,67.57,604.3,1,258.4,6,106.26,961,DEV-5075A,0
TRX-51962,,Vestuario,Cartao_Credito,Mobile,695.96,1684.6,0,55.5,1,23.23,799,DEV-52C66,0
TRX-51963,,Eletronicos,Pix,Mobile,236.74,741.2,1,400.2,2,100.62,403,DEV-41CBF,0
TRX-51964,,Eletronicos,Cartao_Credito,Mobile,114.13,964.3,0,19.1,4,-153.86,765,DEV-7675A,0
TRX-51965,,Beleza,Cartao_Credito,Mobile,1326.65,1334.1,3,468.1,6,-23.31,647,DEV-7C943,1
TRX-51966,37.4,Eletronicos,Cartao_Credito,Mobile,,1364.2,0,100.0,6,-8.47,606,DEV-67C29,0
TRX-51967,31.2,Games,Boleto,Mobile,628.08,438.3,0,29.5,6,-69.04,539,DEV-86E17,0
TRX-51968,37.6,Eletronicos,Cartao_Credito,Mobile,251.78,228.8,1,724.4,4,-42.44,684,DEV-7381A,1
TRX-51969,43.1,Vestuario,Cartao_Credito,Mobile,321.93,811.8,0,54.1,3,181.4,956,DEV-4AC64,0
TRX-51970,38.2,Vestuario,Pix,Mobile,68.07,68.9,2,248.5,4,-97.14,471,DEV-8EDE2,0
TRX-51971,42.5,Eletronicos,Boleto,Mobile,1639.9,1292.3,0,386.0,2,-80.2,605,DEV-34E97,0
TRX-51972,33.6,Games,Cartao_Credito,Desktop,292.69,452.7,0,2.3,6,-110.62,593,DEV-43D91,0
TRX-51973,50.5,Beleza,Cartao_Credito,Desktop,94.95,866.2,0,82.1,2,115.57,285,DEV-3B213,0
TRX-51974,,Games,Pix,Tablet,1146.62,1472.6,0,84.7,3,-90.28,266,DEV-37F56,0
TRX-51975,37.4, ELETRONICOS ,Cartao_Credito,Mobile,1682.7,897.1,0,184.5,5,-13.55,448,DEV-53507,0
TRX-51976,49.9,Eletronicos,Boleto,Mobile,474.1,1654.6,2,37.8,2,58.1,916,DEV-4AC20,0
TRX-51977,37.1,Eletronicos,Cartao_Credito,Tablet,213.35,1503.0,1,16.8,1,76.92,136,DEV-D42F2,0
TRX-51978,40.5, ELETRONICOS ,Boleto,Desktop,528.18,849.8,4,206.9,5,-248.41,915,DEV-8BAF8,0
TRX-51979,33.7,Beleza,Cartao_Credito,Mobile,459.33,129.1,1,59.1,5,34.53,182,DEV-E57E4,0
TRX-51980,32.2,eletronicos,Pix,Mobile,97.47,1505.7,1,147.8,4,-197.62,303,DEV-332CC,0
TRX-51981,48.2,Beleza,Cartao_Credito,Mobile,692.79,927.7,2,146.8,6,-149.45,347,DEV-AE62C,0
TRX-51982,49.4, ELETRONICOS ,Pix,Mobile,443.81,182.7,0,9.7,2,14.14,616,DEV-4E316,0
TRX-51983,31.3,eletronicos,Pix,Desktop,732.42,987.9,0,91.7,1,37.38,430,DEV-5AA0C,1
TRX-51984,52.5,Vestuario,Pix,Desktop,238.16,198.1,1,66.8,3,-77.0,298,DEV-CCBF1,1
TRX-51985,51.0, ELETRONICOS ,Cartao_Credito,Desktop,1641.19,558.5,0,244.9,4,-26.33,923,DEV-BDDEF,1
TRX-51986,45.1,Beleza,Cartao_Credito,Tablet,599.14,1494.3,1,114.9,0,-76.7,667,DEV-5C7E3,0
TRX-51987,29.5,Beleza,Cartao_Credito,Mobile,667.61,1414.7,0,193.6,4,225.71,137,DEV-98DAE,0
TRX-51988,27.3,Eletronicos,Pix,Desktop,1248.1,484.8,0,269.7,2,-25.94,305,DEV-ABFA9,1
TRX-51989,40.2,Vestuario,Boleto,Mobile,139.88,1234.5,1,107.0,0,-34.89,986,DEV-65D6F,1
TRX-51990,14.2,eletronicos,Cartao_Credito,Mobile,1106.25,754.7,0,51.2,4,73.68,103,DEV-4D62F,0
TRX-51991,26.8,eletronicos,Boleto,Desktop,1811.97,275.9,0,124.4,4,-22.52,341,DEV-3B931,0
TRX-51992,36.4,Eletronicos,Cartao_Credito,Mobile,383.59,546.8,0,256.3,2,-63.8,944,DEV-ED18E,1
TRX-51993,43.2, ELETRONICOS ,Cartao_Credito,SmartTV,109.5,1278.1,0,184.1,5,-24.53,147,DEV-891CD,0
TRX-51994,39.9,eletronicos,Pix,Mobile,565.37,706.2,0,225.8,2,-143.86,953,DEV-CAF42,0
TRX-51995,24.4,Vestuario,Cartao_Credito,Desktop,703.03,1638.8,1,69.2,5,-171.22,549,DEV-37D09,0
TRX-51996,25.4,Beleza,Cartao_Credito,Desktop,794.37,60.6,1,195.0,1,195.55,946,DEV-7A4E6,1
TRX-51997,33.2,eletronicos,Pix,Desktop,2335.57,646.9,1,19.8,3,121.07,698,DEV-410B7,1
TRX-51998,28.2,eletronicos,Cartao_Credito,Mobile,117.37,230.1,1,89.6,4,-76.24,469,DEV-EE687,0
TRX-51999,33.4,Eletronicos,Cartao_Credito,Desktop,984.18,174.3,0,551.2,1,-103.77,733,DEV-A12A6,1
TRX-52000,50.2,Vestuario,Boleto,Desktop,239.71,316.2,1,252.3,3,50.29,136,DEV-46AEB,1
TRX-52001,37.7,Eletronicos,Cartao_Credito,Mobile,1441.37,513.4,0,227.7,2,-21.85,417,DEV-A5282,0
TRX-52002,52.5,Eletronicos,Cartao_Credito,Desktop,1050.04,462.4,1,309.3,0,25.05,500,DEV-A46C5,1
TRX-52003,49.4,Vestuario,Cartao_Credito,Mobile,,155.0,1,114.7,2,62.12,624,DEV-6C5E2,0
TRX-52004,24.3,Games,Pix,Mobile,,1502.8,2,102.7,5,-64.46,685,DEV-52200,0
TRX-52005,35.7,Eletronicos,Boleto,Desktop,69.12,151.3,0,448.3,5,-130.01,243,DEV-DFEE2,1
TRX-52006,38.7,Beleza,Boleto,Mobile,2299.44,1046.4,1,36.7,5,-16.32,528,DEV-936CA,1
TRX-52007,34.4,Games,Cartao_Credito,Desktop,1726.15,1761.1,0,72.7,4,-68.29,202,DEV-91FFA,0
TRX-52008,33.9,Eletronicos,Cartao_Credito,Mobile,3005.14,549.7,1,186.3,5,-21.78,707,DEV-C17C9,0
TRX-52009,30.2,Vestuario,Boleto,Desktop,1588.89,1243.8,1,86.6,2,-38.3,915,DEV-667E9,1
TRX-52010,45.1,Eletronicos,Cartao_Credito,Mobile,57.49,592.7,0,38.5,3,25.44,678,DEV-92ACA,0
TRX-52011,43.8,Eletronicos,Cartao_Credito,Mobile,1166.73,1100.0,4,214.2,3,188.96,282,DEV-41B65,1
TRX-52012,,Eletronicos,Cartao_Credito,Desktop,2367.21,585.2,2,31.2,1,-38.24,799,DEV-A3AED,1
TRX-52013,40.5,Eletronicos,Cartao_Credito,Desktop,47.02,1073.9,0,267.7,5,-111.4,109,DEV-CE64A,0
TRX-52014,15.6,Vestuario,Boleto,Desktop,3428.52,47.2,0,136.3,3,49.73,779,DEV-4C7E0,1
TRX-52015,17.8, ELETRONICOS ,Cartao_Credito,Desktop,759.03,621.6,0,472.5,2,-125.0,399,DEV-F32CB,1
TRX-52016,53.0,Eletronicos,Voucher,Mobile,155.11,1491.9,1,173.0,0,41.92,639,DEV-E6648,1
TRX-52017,39.7,Eletronicos,Cartao_Credito,Mobile,,639.0,1,144.4,1,153.43,184,DEV-DAAAC,1
TRX-52018,41.2, ELETRONICOS ,Cartao_Credito,Desktop,1268.86,384.9,0,68.8,4,-116.27,326,DEV-EFA1B,0
TRX-52019,22.9,Vestuario,Boleto,SmartTV,32.55,67.9,0,5.4,3,80.42,409,DEV-CBD36,0
TRX-52020,21.0,eletronicos,Cartao_Credito,Mobile,224.87,771.1,0,37.6,2,40.83,609,DEV-5BF45,0
TRX-52021,41.6,Vestuario,Cartao_Credito,Mobile,394.92,694.8,0,146.0,4,70.35,175,DEV-BC5AB,0
TRX-52022,20.9,Vestuario,Boleto,Desktop,377.67,1052.8,0,170.2,3,34.17,346,DEV-1CE13,0
TRX-52023,,Eletronicos,Cartao_Credito,Mobile,40.25,1052.8,1,205.2,7,37.09,340,DEV-8C5DE,0
TRX-52024,40.5,Eletronicos,Cartao_Credito,Desktop,86.4,661.1,2,316.2,0,99.26,242,DEV-50DBA,0
TRX-52025,44.5,Eletronicos,Cartao_Credito,Desktop,600.41,799.1,0,137.0,1,98.79,515,DEV-6CAD6,0
TRX-52026,34.5,Eletronicos,Pix,Desktop,74.87,1749.6,1,91.6,2,-142.38,189,DEV-9D096,0
TRX-52027,999.0, ELETRONICOS ,Boleto,Tablet,530.28,1033.5,0,21.6,1,-59.71,471,DEV-E3CB5,0
TRX-52028,48.7,Games,Pix,Mobile,141.51,1389.4,0,524.7,5,-143.84,551,DEV-912AD,0
TRX-52029,33.1,Vestuario,Cartao_Credito,Desktop,1044.54,1011.6,1,51.4,3,142.5,814,DEV-8938D,0
TRX-52030,56.7,Beleza,Cartao_Credito,Mobile,468.61,1280.4,0,345.8,3,-295.24,790,DEV-57965,0
TRX-52031,23.7,eletronicos,Pix,Desktop,791.75,1614.5,0,21.2,5,-56.18,702,DEV-609D4,0
TRX-52032,36.8,Games,Cartao_Credito,Desktop,926.18,1536.2,3,46.2,3,91.04,215,DEV-72A7D,0
TRX-52033,18.1,Eletronicos,Cartao_Credito,Mobile,157.95,883.6,0,22.9,2,136.79,131,DEV-80624,1
TRX-52034,36.2, ELETRONICOS ,Pix,Mobile,716.3,1496.6,0,105.7,2,37.46,286,DEV-A9ED4,0
TRX-52035,46.1,Eletronicos,Boleto,Desktop,735.48,1467.4,0,93.9,4,-97.74,799,DEV-C2F95,0
TRX-52036,38.8,Vestuario,Pix,Mobile,304.44,696.9,0,408.4,3,-105.44,744,DEV-C9252,1
TRX-52037,41.1,Eletronicos,Cartao_Credito,Mobile,430.44,870.4,2,235.9,9,69.89,941,DEV-8D8F5,0
TRX-52038,43.4, ELETRONICOS ,Pix,Desktop,804.06,32.6,1,82.1,8,-99.57,777,DEV-D49F9,0
TRX-52039,39.3, ELETRONICOS ,Pix,SmartTV,156.88,338.9,0,88.1,5,202.57,906,DEV-BCD0C,0
TRX-52040,40.6,Beleza,Cartao_Credito,Mobile,501.74,558.7,0,15.0,2,-56.41,279,DEV-CED22,0
TRX-52041,32.2,Eletronicos,Cartao_Credito,Desktop,372.93,1468.4,0,54.4,2,-101.94,513,DEV-4C20C,0
TRX-52042,42.2,Beleza,Cartao_Credito,Mobile,320.33,1417.7,0,81.9,5,-27.83,181,DEV-EABE0,0
TRX-52043,30.4,Eletronicos,Cartao_Credito,Mobile,1200.21,56.9,1,103.2,2,9.24,402,DEV-3F0E1,1
TRX-52044,42.6,Vestuario,Cartao_Credito,Mobile,675.18,1241.9,1,16.2,6,76.48,607,DEV-7BF0A,0
TRX-52045,32.4,Eletronicos,Boleto,Mobile,1652.28,1403.0,0,63.3,5,15.88,846,DEV-C9928,1
TRX-52046,41.8,Games,Cartao_Credito,Desktop,426.06,911.3,3,271.0,4,-197.26,823,DEV-E9F6A,1
TRX-52047,36.0,eletronicos,Cartao_Credito,Tablet,1589.95,1620.6,0,219.9,3,83.01,505,DEV-F2889,1
TRX-52048,33.8,Eletronicos,Cartao_Credito,Mobile,438.72,878.4,1,467.5,4,-87.96,928,DEV-5224B,1
TRX-52049,54.3,Eletronicos,Cartao_Credito,Mobile,630.14,789.4,1,40.9,4,75.82,215,DEV-9712A,0
TRX-52050,30.6, ELETRONICOS ,Cartao_Credito,Mobile,110.19,1542.9,0,17.3,2,67.97,763,DEV-AE994,0
TRX-52051,, ELETRONICOS ,Cartao_Credito,Mobile,408.62,296.5,0,192.1,4,18.07,512,DEV-83AF8,0
TRX-52052,32.5,Games,Pix,Mobile,48.11,833.9,0,29.4,5,195.87,164,DEV-CEAB2,0
TRX-52053,37.5,Vestuario,Cartao_Credito,Mobile,315.85,1587.9,1,116.8,2,-138.37,410,DEV-8AF6E,0
TRX-52054,39.4,Games,Cartao_Credito,Mobile,1280.95,447.6,1,87.8,5,179.89,617,DEV-8B8B4,0
TRX-52055,42.3,Eletronicos,Cartao_Credito,Mobile,92.43,566.9,1,21.9,4,-14.05,435,DEV-57690,0
TRX-52056,27.1,Vestuario,Cartao_Credito,Desktop,1717.6,1776.2,1,30.9,1,78.0,548,DEV-43E25,0
TRX-52057,32.9,eletronicos,Pix,Desktop,227.13,288.7,1,137.8,6,-121.48,537,DEV-C6DB2,0
TRX-52058,55.3,Beleza,Pix,Mobile,104.46,601.5,0,320.2,1,34.45,277,DEV-BFC79,0
TRX-52059,25.8,Eletronicos,Cartao_Credito,Tablet,1038.79,1455.7,0,55.3,4,112.12,416,DEV-F0CDD,0
TRX-52060,38.4,eletronicos,Cartao_Credito,Desktop,1076.9,839.2,1,235.4,6,85.87,414,DEV-95810,1
TRX-52061,55.3,Eletronicos,Boleto,SmartTV,404.94,842.5,0,9.8,1,99.46,829,DEV-3CD2F,0
TRX-52062,25.5,Eletronicos,Pix,Desktop,34.84,542.1,2,63.8,8,13.67,911,DEV-ABA74,0
TRX-52063,30.5,Games,Pix,Desktop,144.19,1461.8,0,39.2,3,103.49,582,DEV-E6F38,0
TRX-52064,42.6,Eletronicos,Voucher,Mobile,145.07,333.5,0,186.3,7,215.75,766,DEV-EBA0D,0
TRX-52065,30.6,Eletronicos,Cartao_Credito,SmartTV,333.36,852.2,1,32.7,1,86.21,457,DEV-79084,0
TRX-52066,36.4,Vestuario,Cartao_Credito,Mobile,195.15,672.0,3,26.3,5,-48.13,168,DEV-838DB,0
TRX-52067,50.5,Eletronicos,Cartao_Credito,Mobile,1701.45,643.5,0,141.2,2,-218.78,382,DEV-B6DCD,1
TRX-52068,31.5,Beleza,Pix,Mobile,224.9,1703.1,1,149.0,4,30.97,790,DEV-4DE2E,0
TRX-52069,28.3,Eletronicos,Cartao_Credito,Tablet,548.27,97.6,1,60.6,6,-88.45,462,DEV-4DA4D,1
TRX-52070,44.2, ELETRONICOS ,Cartao_Credito,Mobile,291.74,136.5,0,41.2,5,-134.45,632,DEV-BD04F,0
TRX-52071,44.1,Eletronicos,Pix,Desktop,272.24,942.5,1,136.7,5,7.62,696,DEV-DD73F,0
TRX-52072,,Eletronicos,Cartao_Credito,Desktop,735.17,1471.1,1,1054.7,8,53.33,387,DEV-19926,1
TRX-52073,27.8, ELETRONICOS ,Pix,Desktop,1057.97,307.3,1,18.0,6,22.07,326,DEV-E69B0,0
TRX-52074,39.3,eletronicos,Cartao_Credito,Mobile,670.37,459.7,0,350.2,4,90.41,780,DEV-CD74E,1
TRX-52075,44.6,Beleza,Cartao_Credito,Desktop,565.47,788.2,0,2.1,4,-49.6,253,DEV-4EB30,0
TRX-52076,30.4, ELETRONICOS ,Boleto,Mobile,367.96,1121.9,0,184.0,1,-9.41,938,DEV-6B74A,0
TRX-52077,39.1,Eletronicos,Cartao_Credito,Desktop,297.72,1530.0,1,17.5,2,93.68,984,DEV-BF8E4,0
TRX-52078,46.5,Vestuario,Cartao_Credito,Mobile,1267.65,716.0,1,171.0,0,-49.05,865,DEV-9920E,1
TRX-52079,39.3,Beleza,Boleto,Mobile,1191.42,832.8,2,144.3,4,166.05,574,DEV-C1B67,0
TRX-52080,33.8,Games,Pix,Desktop,813.15,896.4,2,72.3,3,4.52,902,DEV-B35A3,1
TRX-52081,25.3,eletronicos,Cartao_Credito,Mobile,544.51,483.8,2,192.5,8,-46.66,645,DEV-8C2A0,0
TRX-52082,33.8,Games,Cartao_Credito,SmartTV,1692.35,938.7,0,231.1,4,-95.3,350,DEV-6EAD6,0
TRX-52083,39.2, ELETRONICOS ,Cartao_Credito,Mobile,190.03,1080.0,0,237.4,4,17.03,377,DEV-EE5C3,0
TRX-52084,23.5,Eletronicos,Cartao_Credito,Desktop,,130.7,1,47.7,3,-62.85,730,DEV-68F87,0
TRX-52085,29.3,Vestuario,Boleto,Tablet,734.47,277.8,1,147.7,1,-21.69,297,DEV-E688B,1
TRX-52086,66.7,Beleza,Cartao_Credito,Mobile,494.31,43.5,0,71.9,4,209.25,840,DEV-3A972,1
TRX-52087,19.4,Eletronicos,Boleto,Mobile,76.9,811.7,0,75.0,6,-26.65,117,DEV-3508D,0
TRX-52088,,Games,Cartao_Credito,Mobile,,394.6,1,413.1,3,160.06,186,DEV-A974F,1
TRX-52089,40.7,Games,Voucher,Desktop,294.56,1780.8,0,284.5,4,21.55,332,DEV-68CB0,0
TRX-52090,44.9, ELETRONICOS ,Cartao_Credito,Mobile,637.69,1147.2,1,227.3,5,118.46,508,DEV-C4A6B,0
TRX-52091,,Eletronicos,Pix,Mobile,352.66,1238.9,2,86.0,4,92.95,660,DEV-3DA49,0
TRX-52092,32.5,Games,Cartao_Credito,Mobile,451.52,376.4,0,136.0,1,127.12,666,DEV-1BF6B,0
TRX-52093,44.7,Vestuario,Cartao_Credito,Desktop,672.2,169.9,0,246.4,3,94.53,944,DEV-54DF6,1
TRX-52094,35.7,Games,Cartao_Credito,Desktop,627.43,1180.1,0,374.6,4,-73.18,303,DEV-AAE40,0
TRX-52095,36.9,eletronicos,Pix,Mobile,205.97,1700.7,1,205.3,2,-1.59,716,DEV-4BAA8,0
TRX-52096,26.8,Beleza,Cartao_Credito,Mobile,35.67,1551.2,0,79.1,4,-61.99,132,DEV-9C309,0
TRX-52097,46.0,Eletronicos,Cartao_Credito,Mobile,947.13,1102.8,2,89.8,4,118.15,863,DEV-488AA,0
TRX-52098,42.3, ELETRONICOS ,Pix,Tablet,846.76,1450.9,1,129.9,6,16.23,277,DEV-3C190,0
TRX-52099,36.1,Beleza,Cartao_Credito,Desktop,617.83,490.5,1,56.9,5,292.73,985,DEV-32A88,0
TRX-52100,46.1,Eletronicos,Boleto,Mobile,1727.65,775.3,2,101.0,5,-38.95,793,DEV-54545,1
TRX-52101,31.5,Eletronicos,Cartao_Credito,Mobile,1018.02,858.8,0,110.1,2,-191.33,641,DEV-B0B23,0
TRX-52102,29.8,Games,Cartao_Credito,Desktop,347.05,1689.9,0,220.9,2,-69.34,265,DEV-BF8BD,0
TRX-52103,20.6,Eletronicos,Pix,Mobile,933.57,1049.2,0,122.0,2,-280.9,646,DEV-E6F56,1
TRX-52104,26.8,Eletronicos,Pix,Mobile,36.8,123.5,0,147.5,4,-56.25,201,DEV-CE7B3,0
TRX-52105,29.0,Beleza,Boleto,Mobile,212.75,1239.8,0,206.7,5,-255.03,895,DEV-B1D59,0
TRX-52106,23.4,Beleza,Pix,Mobile,2133.78,9.6,1,19.2,2,12.9,266,DEV-A605A,1
TRX-52107,30.8,Games,Cartao_Credito,Desktop,427.17,45.6,2,1.2,4,-27.27,753,DEV-E7B23,1
TRX-52108,34.1,Vestuario,Boleto,Mobile,,188.5,0,1.5,3,-127.24,919,DEV-7873A,0
TRX-52109,44.7,Eletronicos,Cartao_Credito,Mobile,1747.14,1459.7,1,300.2,4,-89.68,901,DEV-78F87,0
TRX-52110,53.6,Eletronicos,Voucher,Desktop,506.73,572.3,0,299.0,4,-70.28,446,DEV-26C0A,1
TRX-52111,35.4,eletronicos,Cartao_Credito,Mobile,215.87,1396.4,1,191.7,1,-65.17,530,DEV-E9C8B,0
TRX-52112,40.4,eletronicos,Cartao_Credito,Mobile,629.26,542.2,1,267.8,5,9.29,571,DEV-3C4D9,1
TRX-52113,41.5,Eletronicos,Boleto,Desktop,57.03,119.0,0,48.0,10,53.45,157,DEV-CCBD1,0
TRX-52114,33.7,Eletronicos,Boleto,Mobile,413.45,1448.6,1,174.3,6,39.33,367,DEV-991B9,0
TRX-52115,36.6,Beleza,Voucher,Mobile,840.3,1170.8,0,23.1,4,37.05,786,DEV-C879C,0
TRX-52116,34.8, ELETRONICOS ,Cartao_Credito,Mobile,94.15,894.2,1,66.3,3,-102.23,681,DEV-C6FEC,0
TRX-52117,42.2, ELETRONICOS ,Boleto,Desktop,678.99,792.1,0,56.4,6,160.12,553,DEV-8523B,0
TRX-52118,47.2,Beleza,Cartao_Credito,Mobile,32.83,1013.1,1,169.9,6,-17.12,550,DEV-6DBC2,0
TRX-52119,13.7, ELETRONICOS ,Cartao_Credito,Desktop,232.02,52.2,0,220.0,1,5.51,293,DEV-DC0E6,0
TRX-52120,62.5,Eletronicos,Pix,Mobile,63.87,1532.3,2,114.3,5,153.17,584,DEV-8141C,0
TRX-52121,39.6,Vestuario,Boleto,Desktop,862.48,274.0,0,525.4,2,-256.71,378,DEV-850E3,0
TRX-52122,17.1,Beleza,Boleto,Mobile,,1516.2,0,132.9,5,-157.36,981,DEV-6678F,0
TRX-52123,35.8,Eletronicos,Cartao_Credito,Mobile,903.99,749.3,1,87.9,7,-109.41,586,DEV-6EA4B,0
TRX-52124,,Beleza,Cartao_Credito,Desktop,256.04,1229.4,0,73.0,3,33.93,800,DEV-572AD,0
TRX-52125,29.5,Vestuario,Cartao_Credito,Desktop,435.18,1229.8,0,341.3,1,101.72,581,DEV-627BA,1
TRX-52126,40.4,Eletronicos,Pix,Mobile,360.09,131.3,1,139.4,1,94.33,678,DEV-D3402,1
TRX-52127,,Eletronicos,Cartao_Credito,Desktop,117.64,168.9,0,237.4,2,-11.13,669,DEV-7CA8B,0
TRX-52128,25.3,Eletronicos,Pix,Mobile,576.95,1415.7,1,202.4,5,-57.56,904,DEV-4A0D1,0
TRX-52129,50.4,Vestuario,Cartao_Credito,Tablet,333.39,344.1,1,199.1,4,-222.18,208,DEV-C982A,0
TRX-52130,23.6,eletronicos,Boleto,Desktop,411.3,555.4,2,170.9,5,71.2,768,DEV-31E58,0
TRX-52131,39.5,Vestuario,Boleto,Desktop,199.05,1005.0,1,24.8,4,-160.02,227,DEV-835CC,0
TRX-52132,,Vestuario,Boleto,Mobile,383.74,887.6,1,33.2,4,-26.14,702,DEV-5806F,0
TRX-52133,31.1,Beleza,Cartao_Credito,Desktop,270.36,1252.7,1,175.1,2,-36.16,264,DEV-F2172,0
TRX-52134,28.1,Beleza,Pix,Desktop,34.25,733.4,0,187.8,4,138.33,405,DEV-6BE8B,0
TRX-52135,40.4, ELETRONICOS ,Cartao_Credito,Mobile,1176.15,57.1,2,50.0,2,319.48,804,DEV-5BFE0,0
TRX-52136,47.3,Games,Cartao_Credito,Mobile,355.78,890.9,0,134.9,5,-195.68,668,DEV-9A08B,0
TRX-52137,57.3,Vestuario,Cartao_Credito,Mobile,545.19,1690.2,1,277.7,3,66.92,375,DEV-C9E0C,0
TRX-52138,43.8,Eletronicos,Cartao_Credito,Desktop,27.05,668.9,0,37.5,5,41.85,625,DEV-7BACB,0
TRX-52139,42.9,Vestuario,Pix,Mobile,903.11,1153.6,1,7.9,1,23.58,892,DEV-267A9,0
TRX-52140,47.8,Beleza,Cartao_Credito,Desktop,751.15,1770.9,1,147.1,3,5.03,498,DEV-92DF2,0
TRX-52141,11.2,Eletronicos,Pix,Mobile,547.23,1328.8,0,403.3,3,-69.42,936,DEV-EAA2D,0
TRX-52142,34.2,eletronicos,Voucher,Mobile,120.59,34.8,0,105.1,2,-97.69,101,DEV-693F6,0
TRX-52143,,Eletronicos,Cartao_Credito,SmartTV,1390.62,1009.4,0,68.9,8,2.13,396,DEV-D30B9,0
TRX-52144,39.3,Beleza,Boleto,Desktop,1143.43,827.0,0,202.1,2,12.67,236,DEV-22DF2,0
TRX-52145,26.5,Games,Boleto,Mobile,732.15,1691.0,1,25.4,4,-82.65,755,DEV-9B172,0
TRX-52146,43.6,Vestuario,Cartao_Credito,Desktop,701.23,1526.6,0,29.7,1,-5.03,969,DEV-63D58,0
TRX-52147,18.4,Vestuario,Cartao_Credito,Mobile,927.05,1337.1,0,171.2,3,127.96,562,DEV-6895A,0
TRX-52148,37.5,Eletronicos,Pix,Desktop,1286.45,721.0,0,137.6,1,89.85,625,DEV-75CA2,1
TRX-52149,25.5, ELETRONICOS ,Cartao_Credito,Desktop,777.44,808.4,0,271.1,3,-36.01,388,DEV-99062,1
TRX-52150,, ELETRONICOS ,Pix,Mobile,1289.91,1402.2,0,3.0,1,52.42,549,DEV-420FC,0
TRX-52151,31.8, ELETRONICOS ,Boleto,Mobile,270.81,509.1,0,36.5,8,50.82,728,DEV-9F52E,0
TRX-52152,23.9,Beleza,Cartao_Credito,Mobile,885.4,539.1,2,85.7,4,-7.0,354,DEV-8C90C,0
TRX-52153,27.7,Beleza,Pix,Mobile,576.89,502.3,1,463.5,3,-279.57,352,DEV-805C6,1
TRX-52154,,Vestuario,Cartao_Credito,Mobile,690.3,1330.2,0,303.7,4,122.13,739,DEV-6910A,0
TRX-52155,42.5,Vestuario,Boleto,Desktop,1231.17,655.3,1,130.2,4,-2.82,573,DEV-EBDD6,0
TRX-52156,42.4,Beleza,Voucher,Desktop,83.86,1669.6,1,22.4,3,-106.66,104,DEV-57D00,0
TRX-52157,38.9, ELETRONICOS ,Cartao_Credito,Mobile,730.2,1713.3,0,33.5,3,-93.15,793,DEV-B00FE,0
TRX-52158,34.3,Vestuario,Cartao_Credito,Mobile,211.32,338.2,1,365.5,4,-192.95,559,DEV-85C62,0
TRX-52159,30.8,eletronicos,Pix,Mobile,150.37,1079.8,2,13.9,5,-59.07,832,DEV-2B5FB,0
TRX-52160,36.6,Vestuario,Cartao_Credito,Desktop,1522.48,1072.4,0,207.5,1,91.96,792,DEV-D31C4,1
TRX-52161,42.7,Vestuario,Cartao_Credito,Desktop,997.11,772.7,0,340.7,4,49.96,171,DEV-C1F2C,0
TRX-52162,46.1,Eletronicos,Voucher,Mobile,272.5,599.5,0,27.2,6,-203.26,627,DEV-CC265,0
TRX-52163,,Eletronicos,Cartao_Credito,Mobile,570.81,1708.0,0,33.9,4,-177.9,733,DEV-26810,0
TRX-52164,34.1,Vestuario,Voucher,Mobile,1081.65,430.2,0,8.3,6,25.61,177,DEV-91259,0
TRX-52165,31.7,Games,Cartao_Credito,Desktop,563.08,1525.7,1,479.9,3,-182.08,111,DEV-D0852,1
TRX-52166,36.4,Eletronicos,Boleto,Desktop,182.69,759.5,1,182.7,6,-42.71,851,DEV-3818C,0
TRX-52167,36.8, ELETRONICOS ,Cartao_Credito,Mobile,874.08,1083.3,0,23.2,4,-81.33,443,DEV-63D46,0
TRX-52168,33.1, ELETRONICOS ,Cartao_Credito,Mobile,951.04,1587.5,0,163.8,3,-199.47,577,DEV-4FC59,1
TRX-52169,43.7, ELETRONICOS ,Pix,Mobile,791.6,981.4,0,147.9,4,264.34,204,DEV-8AB1C,0
TRX-52170,40.2,Vestuario,Pix,Tablet,94.53,620.7,0,43.0,2,-84.44,330,DEV-19016,0
TRX-52171,27.9,Games,Cartao_Credito,Mobile,2127.48,1310.2,0,165.7,5,-81.2,343,DEV-AC879,1
TRX-52172,48.6,Vestuario,Cartao_Credito,Mobile,534.26,390.4,2,235.9,5,-55.44,357,DEV-19CB1,1
TRX-52173,36.3, ELETRONICOS ,Cartao_Credito,Mobile,634.43,802.4,1,162.0,7,-86.86,591,DEV-5A2A8,0
TRX-52174,50.8,Eletronicos,Cartao_Credito,Desktop,203.47,803.8,0,61.3,6,236.77,214,DEV-8FC6A,0
TRX-52175,29.0,Vestuario,Cartao_Credito,Desktop,532.27,1626.2,0,40.1,1,16.32,412,DEV-A98B5,0
TRX-52176,40.7,Eletronicos,Cartao_Credito,Mobile,429.12,1179.7,0,213.6,5,69.67,482,DEV-1C6CA,0
TRX-52177,41.5,Vestuario,Pix,Mobile,528.43,1577.2,0,79.4,2,-46.19,603,DEV-22EEA,0
TRX-52178,30.1,Games,Cartao_Credito,Mobile,1034.29,305.8,0,43.6,6,253.6,493,DEV-C207E,0
TRX-52179,28.7,Beleza,Pix,Mobile,870.95,880.5,0,117.5,2,-78.36,126,DEV-C76D8,0
TRX-52180,33.1,Vestuario,Pix,Mobile,1174.4,191.9,0,413.5,4,-22.89,299,DEV-3DCB7,1
TRX-52181,41.7,Games,Pix,Mobile,227.55,1592.1,0,322.0,4,-88.75,714,DEV-245C8,0
TRX-52182,16.7,Eletronicos,Cartao_Credito,Mobile,144.61,1149.5,1,6.4,5,-244.58,552,DEV-DC6CD,0
TRX-52183,35.0,Vestuario,Boleto,Mobile,,983.0,0,46.1,2,-30.66,565,DEV-19CE0,0
TRX-52184,59.8, ELETRONICOS ,Cartao_Credito,Desktop,917.95,931.0,0,133.6,5,19.88,544,DEV-53635,0
TRX-52185,,Eletronicos,Cartao_Credito,Mobile,444.88,1664.0,0,68.5,4,-97.39,228,DEV-EDFEE,0
TRX-52186,29.7,eletronicos,Cartao_Credito,Desktop,23.66,1776.8,0,121.6,5,-3.84,843,DEV-D304C,0
TRX-52187,49.3,Beleza,Cartao_Credito,SmartTV,772.13,1169.7,1,184.2,3,-24.52,371,DEV-DB98D,0
TRX-52188,25.4, ELETRONICOS ,Cartao_Credito,Mobile,45.43,1437.4,0,49.5,4,-52.02,799,DEV-46721,0
TRX-52189,41.8, ELETRONICOS ,Cartao_Credito,Tablet,86.89,1443.4,3,47.7,2,45.58,570,DEV-C9618,1
TRX-52190,43.3,Vestuario,Boleto,Desktop,275.94,793.3,1,13.9,5,-12.38,422,DEV-667B9,0
TRX-52191,27.9,Eletronicos,Pix,Desktop,69.11,1788.9,0,128.6,2,-98.5,738,DEV-4E532,0
TRX-52192,,Vestuario,Pix,Desktop,308.26,1644.9,0,67.1,0,24.34,662,DEV-6E01D,0
TRX-52193,22.4,Games,Pix,Mobile,651.57,651.1,0,222.9,4,-159.37,381,DEV-A3343,1
TRX-52194,44.7,Eletronicos,Cartao_Credito,Mobile,535.3,856.4,1,23.8,0,-161.66,874,DEV-24FE3,1
TRX-52195,38.9,Games,Voucher,Mobile,1131.48,1356.5,0,169.4,6,-179.65,104,DEV-EAEFB,0
TRX-52196,44.0,Games,Cartao_Credito,Mobile,499.82,1609.1,1,71.1,4,-91.53,473,DEV-2D28F,0
TRX-52197,26.8,Eletronicos,Cartao_Credito,Mobile,414.45,1367.0,0,396.0,5,19.41,439,DEV-B41D3,0
TRX-52198,42.3,eletronicos,Cartao_Credito,Tablet,618.32,1520.4,1,80.7,4,-70.1,265,DEV-880D4,0
TRX-52199,14.9,Eletronicos,Boleto,Mobile,122.82,198.1,0,6.7,3,-108.85,383,DEV-5F39A,0
TRX-52200,49.7,eletronicos,Cartao_Credito,Desktop,2826.27,828.2,1,21.9,3,-96.84,392,DEV-C1FBE,0
TRX-52201,27.1,Vestuario,Boleto,Mobile,951.33,78.8,1,51.6,6,9.85,528,DEV-CAECC,1
TRX-52202,47.0,Vestuario,Pix,Mobile,412.82,1225.5,0,21.6,4,-29.6,799,DEV-C8E89,0
TRX-52203,46.1,Beleza,Cartao_Credito,Desktop,480.85,1643.9,1,1.1,3,-251.01,416,DEV-3F4A0,0
TRX-52204,30.0,Vestuario,Cartao_Credito,Mobile,159.68,1196.0,0,360.3,5,-211.57,189,DEV-E3B09,0
TRX-52205,25.4,Vestuario,Cartao_Credito,Mobile,2074.66,1329.2,3,54.2,6,107.61,326,DEV-9E17D,0
TRX-52206,31.5,Vestuario,Voucher,Desktop,174.92,1394.5,1,11.4,1,-89.48,536,DEV-DB954,0
TRX-52207,43.0,Eletronicos,Pix,Mobile,193.71,1553.6,0,43.3,2,-167.67,802,DEV-3DC97,0
TRX-52208,46.0, ELETRONICOS ,Voucher,Mobile,551.14,230.8,0,561.0,5,218.91,614,DEV-7C039,1
TRX-52209,,Vestuario,Boleto,Mobile,433.44,1711.6,1,210.9,4,138.87,898,DEV-6C71D,0
TRX-52210,47.4,Vestuario,Cartao_Credito,Tablet,1241.77,1217.8,1,241.6,6,55.86,363,DEV-C8928,1
TRX-52211,39.1,Beleza,Pix,Tablet,454.39,27.0,1,337.7,5,51.48,699,DEV-B59C0,0
TRX-52212,23.7,Vestuario,Pix,Mobile,3183.51,915.4,2,155.9,3,65.98,209,DEV-A37BD,1
TRX-52213,45.8,Vestuario,Cartao_Credito,Mobile,522.2,574.6,0,164.3,1,-36.59,556,DEV-E5DB3,0
TRX-52214,,Eletronicos,Cartao_Credito,Desktop,800.19,127.3,1,364.0,3,-121.37,945,DEV-CA65F,1
TRX-52215,27.8,Eletronicos,Boleto,Mobile,4435.27,934.3,2,158.4,0,-149.91,254,DEV-DF26B,1
TRX-52216,38.0,Eletronicos,Cartao_Credito,Mobile,646.92,120.7,1,30.2,2,-49.06,346,DEV-68A61,1
TRX-52217,32.6,Eletronicos,Cartao_Credito,Desktop,27.9,311.7,0,421.9,5,84.4,217,DEV-E5CC1,1
TRX-52218,29.3,Games,Boleto,Mobile,584.14,117.3,1,8.5,3,-106.3,984,DEV-98BA6,0
TRX-52219,52.8,Vestuario,Cartao_Credito,Mobile,1097.99,1015.9,0,266.4,3,-60.88,880,DEV-87E6C,0
TRX-52220,36.1,Vestuario,Cartao_Credito,Desktop,,150.1,1,55.5,1,-171.12,503,DEV-B06FD,0
TRX-52221,42.7, ELETRONICOS ,Boleto,Mobile,310.55,1062.0,1,55.8,3,272.66,158,DEV-ED968,1
TRX-52222,31.2, ELETRONICOS ,Cartao_Credito,Mobile,642.45,1209.6,0,6.1,2,-201.65,987,DEV-C426E,0
TRX-52223,49.0,Eletronicos,Boleto,Tablet,9999999.0,1306.5,0,26.2,2,-76.68,316,DEV-F3B21,0
TRX-52224,,Eletronicos,Cartao_Credito,Mobile,601.35,1301.5,1,253.3,4,-73.05,688,DEV-F3EA1,0
TRX-52225,21.5,Eletronicos,Cartao_Credito,Mobile,631.87,1560.9,2,397.7,3,-320.78,357,DEV-BE722,1
TRX-52226,36.1,Games,Pix,Mobile,933.89,1474.0,0,46.3,4,22.3,500,DEV-220CE,0
TRX-52227,42.5,Eletronicos,Pix,Mobile,97.06,1440.0,1,23.8,4,22.24,215,DEV-79D64,0
TRX-52228,32.2,Eletronicos,Pix,SmartTV,64.57,346.6,1,32.0,8,-281.41,216,DEV-B44F7,0
TRX-52229,,Games,Cartao_Credito,Mobile,369.92,699.9,2,391.5,1,-118.08,410,DEV-A9DEE,1
TRX-52230,45.8,Vestuario,Cartao_Credito,Mobile,433.83,347.5,0,202.2,2,35.6,304,DEV-1C5D8,0
TRX-52231,36.9,Vestuario,Boleto,Desktop,1158.15,1621.9,0,80.2,2,-54.37,354,DEV-D2D94,0
TRX-52232,45.2,Eletronicos,Boleto,Mobile,178.24,596.1,0,106.7,2,52.92,929,DEV-856AB,0
TRX-52233,32.4,Vestuario,Boleto,Tablet,560.08,1197.7,0,154.4,4,7.54,206,DEV-3639A,0
TRX-52234,27.1,Eletronicos,Boleto,Mobile,,827.4,0,118.9,3,-187.64,257,DEV-83849,0
TRX-52235,24.1,Vestuario,Boleto,Mobile,182.24,889.2,1,97.5,5,14.27,619,DEV-C3C28,0
TRX-52236,42.1,Vestuario,Cartao_Credito,Desktop,1558.79,1712.5,0,288.7,4,-180.08,692,DEV-D4212,0
TRX-52237,22.3,Eletronicos,Cartao_Credito,Mobile,344.67,654.1,1,167.8,6,259.03,794,DEV-B2C7C,0
TRX-52238,41.0,Eletronicos,Boleto,Mobile,43.87,265.9,2,513.9,6,-70.4,247,DEV-60AA4,1
TRX-52239,53.1,Vestuario,Cartao_Credito,Mobile,216.52,1164.2,1,94.4,2,-194.64,582,DEV-5BBA3,0
TRX-52240,34.1,Beleza,Cartao_Credito,Desktop,2840.59,964.8,0,480.2,3,2.17,314,DEV-21E66,1
TRX-52241,45.2,Eletronicos,Pix,Mobile,81.64,18.1,2,120.6,3,206.17,692,DEV-81667,0
TRX-52242,,Games,Voucher,Mobile,1060.59,1161.8,0,88.6,4,75.16,359,DEV-239C8,0
TRX-52243,37.4,Eletronicos,Pix,Desktop,388.81,667.8,0,245.9,1,165.42,725,DEV-29E76,0
TRX-52244,55.3,Eletronicos,Cartao_Credito,Desktop,626.21,271.3,1,64.9,4,-39.71,713,DEV-D72DD,0
TRX-52245,32.6, ELETRONICOS ,Cartao_Credito,Mobile,246.47,397.8,0,427.9,4,-265.59,375,DEV-8BE13,1
TRX-52246,44.2,Eletronicos,Boleto,Desktop,270.54,1179.7,0,143.7,2,76.54,129,DEV-41272,0
TRX-52247,37.8,Eletronicos,Cartao_Credito,Desktop,331.81,723.1,0,13.2,5,-2.45,192,DEV-DE93A,0
TRX-52248,17.8,Games,Boleto,Mobile,215.44,1491.7,3,9.0,1,-143.66,459,DEV-26055,0
TRX-52249,46.5,Eletronicos,Cartao_Credito,Mobile,790.11,194.8,0,480.1,4,-133.05,221,DEV-96189,1
TRX-52250,36.6,Eletronicos,Pix,Mobile,406.26,1502.9,0,66.5,3,-131.13,153,DEV-D9778,0
TRX-52251,47.9, ELETRONICOS ,Cartao_Credito,Mobile,174.42,1093.3,1,266.9,1,25.93,158,DEV-49D05,0
TRX-52252,39.5,Eletronicos,Cartao_Credito,Desktop,104.58,1537.2,0,62.3,5,175.1,240,DEV-4B2BE,0
TRX-52253,38.1,Eletronicos,Boleto,Mobile,1385.55,1411.7,1,170.4,3,-116.87,824,DEV-99D73,1
TRX-52254,15.0,eletronicos,Cartao_Credito,Mobile,585.09,1115.6,0,44.9,4,43.56,955,DEV-EA742,0
TRX-52255,53.5,Eletronicos,Cartao_Credito,Desktop,1110.62,1075.7,1,37.0,1,-167.71,532,DEV-A74BB,0
TRX-52256,36.8,eletronicos,Cartao_Credito,Mobile,571.56,403.8,1,47.6,4,163.89,730,DEV-63294,0
TRX-52257,34.5,Vestuario,Boleto,Mobile,570.71,466.8,0,334.0,2,-236.46,881,DEV-2A040,1
TRX-52258,,Vestuario,Cartao_Credito,Desktop,130.07,1643.6,0,306.1,1,177.7,655,DEV-DCFC5,1
TRX-52259,46.6,Vestuario,Boleto,Desktop,1276.27,322.8,0,76.0,3,16.37,255,DEV-CAB29,0
TRX-52260,19.1,Games,Boleto,Desktop,342.72,1783.1,0,128.1,2,99.42,175,DEV-CB02C,0
TRX-52261,49.6, ELETRONICOS ,Pix,Mobile,669.57,1482.5,0,301.7,2,66.86,423,DEV-20A36,0
TRX-52262,40.6,Beleza,Cartao_Credito,Mobile,463.04,1091.1,1,10.7,3,-24.52,103,DEV-D4AFE,0
TRX-52263,44.1,Eletronicos,Cartao_Credito,Mobile,1101.55,1499.1,1,7.2,1,71.86,704,DEV-C3461,1
TRX-52264,48.8,Eletronicos,Cartao_Credito,Desktop,102.09,838.4,2,171.9,1,-9.79,935,DEV-A078C,1
TRX-52265,31.1,Games,Pix,Desktop,727.56,1375.3,0,160.1,4,78.08,548,DEV-E36B3,0
TRX-52266,, ELETRONICOS ,Cartao_Credito,Mobile,146.54,408.8,0,135.0,7,8.2,661,DEV-2DE8A,0
TRX-52267,38.7,eletronicos,Pix,Desktop,329.88,335.3,0,21.7,3,127.21,710,DEV-703F8,0
TRX-52268,,Eletronicos,Cartao_Credito,Desktop,42.72,833.0,0,105.3,6,20.29,801,DEV-1B3FA,0
TRX-52269,26.3,eletronicos,Boleto,Desktop,1042.84,1367.6,1,414.9,5,-6.57,970,DEV-F11B0,1
TRX-52270,35.6,Eletronicos,Cartao_Credito,Mobile,27.29,964.6,1,60.1,4,-78.02,141,DEV-486C8,0
TRX-52271,14.4,Games,Boleto,Desktop,960.4,1317.9,0,103.0,5,175.4,340,DEV-94E6E,0
TRX-52272,34.4, ELETRONICOS ,Cartao_Credito,Mobile,492.81,1543.9,0,235.4,4,-127.31,466,DEV-68D41,0
TRX-52273,42.1,Vestuario,Cartao_Credito,Desktop,443.51,865.0,1,162.8,4,93.52,618,DEV-BD0A2,0
TRX-52274,29.0,Games,Cartao_Credito,SmartTV,388.35,1073.7,2,189.3,3,72.6,343,DEV-52C78,1
TRX-52275,21.4,Beleza,Cartao_Credito,Desktop,1145.33,559.1,2,99.0,2,164.28,758,DEV-85E9F,1
TRX-52276,40.7,Beleza,Pix,Mobile,421.3,1343.0,0,14.4,3,64.57,834,DEV-9BEB0,0
TRX-52277,38.7,Beleza,Cartao_Credito,Mobile,741.31,1575.5,0,7.5,4,-207.94,717,DEV-9FA4A,0
TRX-52278,48.0,eletronicos,Pix,Mobile,413.36,442.1,2,89.0,2,42.18,639,DEV-563C4,0
TRX-52279,36.1, ELETRONICOS ,Cartao_Credito,Mobile,1886.31,1082.3,1,219.4,4,-129.0,838,DEV-8415D,1
TRX-52280,52.6,Games,Cartao_Credito,Mobile,1737.6,1175.8,2,373.5,5,201.9,645,DEV-974DC,1
TRX-52281,52.4,Eletronicos,Cartao_Credito,Desktop,272.7,237.0,1,200.2,4,103.78,856,DEV-18F59,0
TRX-52282,35.3, ELETRONICOS ,Pix,Desktop,165.73,593.8,1,8.3,3,-63.96,788,DEV-51A8E,0
TRX-52283,37.3,Vestuario,Cartao_Credito,Mobile,215.19,430.0,0,90.0,4,-41.49,935,DEV-BD290,0
TRX-52284,30.4,eletronicos,Cartao_Credito,Mobile,187.79,783.7,1,91.8,4,-137.99,642,DEV-C27A8,0
TRX-52285,40.5,Vestuario,Boleto,Desktop,137.81,1751.0,0,41.4,8,78.23,975,DEV-B7810,0
TRX-52286,37.3,eletronicos,Cartao_Credito,Mobile,801.57,859.7,0,31.1,7,19.07,126,DEV-5440A,0
TRX-52287,44.8,Eletronicos,Pix,Desktop,131.92,236.9,0,167.9,1,29.64,569,DEV-E2B87,0
TRX-52288,33.3,Eletronicos,Cartao_Credito,Mobile,628.6,1573.2,0,559.6,1,15.29,428,DEV-5670C,0
TRX-52289,35.1,Games,Boleto,Mobile,928.43,911.9,0,51.7,3,-36.42,869,DEV-A2CF9,0
TRX-52290,38.0,Beleza,Boleto,Mobile,517.13,1769.1,0,647.2,7,-83.94,158,DEV-1E1EB,0
TRX-52291,36.0, ELETRONICOS ,Boleto,Desktop,150.02,1636.5,1,42.1,5,-135.57,856,DEV-6251E,0
TRX-52292,,Eletronicos,Cartao_Credito,Mobile,811.73,118.7,1,23.5,8,207.91,149,DEV-DBB37,0
TRX-52293,32.6,Vestuario,Cartao_Credito,Desktop,241.72,1196.7,1,281.4,5,-108.5,153,DEV-3E458,0
TRX-52294,38.7, ELETRONICOS ,Cartao_Credito,Desktop,508.15,1142.3,0,223.7,1,96.77,650,DEV-62F1B,0
TRX-52295,31.9,Eletronicos,Pix,Mobile,692.07,12.8,0,246.4,2,-2.07,702,DEV-5800D,1
TRX-52296,,eletronicos,Cartao_Credito,Mobile,264.41,1639.2,1,913.5,7,159.52,418,DEV-D5C41,0
TRX-52297,33.3,Eletronicos,Pix,Mobile,216.84,1543.6,0,183.9,6,-165.09,639,DEV-BDDB0,0
TRX-52298,46.7, ELETRONICOS ,Pix,Mobile,937.51,1798.9,0,51.1,5,56.34,819,DEV-31EC1,0
TRX-52299,15.5,Eletronicos,Cartao_Credito,Mobile,134.59,118.8,2,196.7,3,-24.19,418,DEV-A9E00,0
TRX-52300,38.0,Vestuario,Cartao_Credito,Mobile,157.92,821.9,1,664.6,4,-172.58,260,DEV-A8FCB,1
TRX-52301,24.5,Vestuario,Cartao_Credito,Mobile,144.11,297.3,2,301.8,3,167.06,278,DEV-51A7D,1
TRX-52302,41.9,eletronicos,Cartao_Credito,Mobile,190.47,1399.6,2,30.0,5,-59.32,415,DEV-4F71C,0
TRX-52303,31.5, ELETRONICOS ,Cartao_Credito,Mobile,21.77,837.9,0,31.6,5,-25.09,526,DEV-5BE04,0
TRX-52304,46.0,Eletronicos,Cartao_Credito,Tablet,966.69,1625.9,0,106.1,3,33.47,142,DEV-5AEC2,0
TRX-52305,44.5,Beleza,Cartao_Credito,Mobile,515.72,1396.1,1,124.4,7,34.68,837,DEV-8772C,0
TRX-52306,40.0,Eletronicos,Cartao_Credito,Mobile,97.79,897.1,0,406.8,3,111.93,186,DEV-2F814,0
TRX-52307,38.0, ELETRONICOS ,Cartao_Credito,Mobile,51.16,227.4,2,97.1,5,-46.75,505,DEV-4A0E6,0
TRX-52308,44.2,Eletronicos,Cartao_Credito,Tablet,499.34,1059.6,1,112.4,4,-126.64,514,DEV-CF2A0,0
TRX-52309,39.3,Vestuario,Voucher,Desktop,2416.62,1231.5,0,201.9,6,-13.28,250,DEV-4CE16,0
TRX-52310,20.7,Vestuario,Boleto,Mobile,1119.29,699.4,1,121.3,3,9.75,572,DEV-5D8DC,1
TRX-52311,44.3,Vestuario,Pix,Mobile,698.14,427.2,1,86.3,3,74.81,455,DEV-5C6CB,1
TRX-52312,30.0,Eletronicos,Boleto,Mobile,190.86,683.1,1,166.7,3,-112.54,619,DEV-A89D1,0
TRX-52313,25.5,Games,Cartao_Credito,Mobile,1026.89,1102.1,0,248.6,3,-270.02,660,DEV-7AEAC,0
TRX-52314,24.9,eletronicos,Cartao_Credito,Mobile,1016.08,1191.3,0,28.4,3,-30.04,501,DEV-C4EBE,0
TRX-52315,41.1,eletronicos,Pix,Desktop,1690.45,1569.6,0,124.3,1,41.09,846,DEV-7AC84,0
TRX-52316,39.1,Vestuario,Cartao_Credito,Mobile,2019.91,140.6,0,46.7,2,-184.77,756,DEV-E8548,1
TRX-52317,24.8,Vestuario,Cartao_Credito,SmartTV,1228.7,1273.5,0,6.3,3,-30.3,205,DEV-BCD21,0
TRX-52318,53.3,Eletronicos,Cartao_Credito,Mobile,2110.87,1622.7,2,216.1,1,159.29,643,DEV-5848A,1
TRX-52319,26.0, ELETRONICOS ,Pix,Mobile,47.69,1093.6,0,261.4,4,-149.78,823,DEV-BED20,0
TRX-52320,35.7, ELETRONICOS ,Pix,Mobile,210.91,1163.4,1,178.5,4,57.83,693,DEV-7B4A5,0
TRX-52321,45.9,Vestuario,Cartao_Credito,Mobile,299.4,755.8,0,153.4,5,-54.73,743,DEV-41FAD,0
TRX-52322,35.8,Eletronicos,Cartao_Credito,Mobile,224.7,1591.9,0,220.9,4,5.05,830,DEV-A2BCB,0
TRX-52323,35.8,Eletronicos,Cartao_Credito,Mobile,1414.55,1017.6,0,157.3,5,76.83,302,DEV-337C0,0
TRX-52324,24.4,Vestuario,Cartao_Credito,Mobile,969.49,718.9,1,60.7,5,49.94,375,DEV-E6537,0
TRX-52325,39.9,Vestuario,Cartao_Credito,SmartTV,542.35,896.6,0,131.0,3,193.55,804,DEV-4ABCF,0
TRX-52326,42.8,Beleza,Boleto,Mobile,1076.51,100.7,1,204.3,2,14.18,708,DEV-B1515,1
TRX-52327,22.4,Eletronicos,Cartao_Credito,Mobile,74.4,1400.8,0,446.0,2,103.79,276,DEV-F0896,0
TRX-52328,37.6,Vestuario,Cartao_Credito,Desktop,1043.3,184.2,0,71.8,3,2.32,222,DEV-2010F,1
TRX-52329,42.8,Eletronicos,Cartao_Credito,Mobile,54.14,753.1,1,43.6,4,156.08,426,DEV-9E5B1,0
TRX-52330,27.5,Eletronicos,Cartao_Credito,Desktop,355.5,860.2,1,458.7,2,-58.19,532,DEV-B0EAC,1
TRX-52331,48.3,Eletronicos,Cartao_Credito,Desktop,110.28,1194.6,0,296.8,7,-46.92,633,DEV-9C588,0
TRX-52332,25.2,Eletronicos,Boleto,Mobile,,668.7,0,67.0,6,47.4,754,DEV-5C6E3,0
TRX-52333,45.8,Eletronicos,Boleto,Desktop,69.11,144.3,0,16.8,1,-125.9,472,DEV-A045B,0
TRX-52334,39.6,Beleza,Cartao_Credito,Tablet,685.84,63.5,1,203.8,2,45.75,120,DEV-44787,1
TRX-52335,45.0,Vestuario,Cartao_Credito,Mobile,162.92,1456.0,0,109.3,5,-177.45,537,DEV-7AD0F,0
TRX-52336,44.1,Eletronicos,Cartao_Credito,Desktop,491.75,450.3,1,33.3,4,-36.53,726,DEV-5EDD2,0
TRX-52337,27.9,Vestuario,Cartao_Credito,Desktop,478.59,348.2,0,54.3,1,84.96,162,DEV-E240B,1
TRX-52338,37.1, ELETRONICOS ,Pix,Desktop,317.61,1358.1,2,102.3,2,15.91,233,DEV-D96DD,0
TRX-52339,43.8,Beleza,Cartao_Credito,Mobile,1820.32,851.9,0,498.6,3,-149.78,565,DEV-8FB08,1
TRX-52340,37.9,Eletronicos,Boleto,Mobile,48.4,1524.0,0,80.8,4,-79.71,518,DEV-38CE3,0
TRX-52341,42.4,Games,Boleto,Desktop,867.51,1741.3,0,104.5,3,-45.39,147,DEV-D65E2,0
TRX-52342,35.1,Eletronicos,Cartao_Credito,Desktop,1858.33,884.7,1,58.2,3,-46.37,552,DEV-A8FAD,1
TRX-52343,43.9,Eletronicos,Pix,Mobile,432.42,297.3,0,11.7,2,-145.79,694,DEV-F3451,0
TRX-52344,39.0,Eletronicos,Boleto,Mobile,772.45,782.9,1,378.8,3,-108.53,277,DEV-EDD4D,1
TRX-52345,36.3,Games,Cartao_Credito,Desktop,713.78,476.9,0,445.5,3,-298.0,276,DEV-90ACF,1
TRX-52346,35.8, ELETRONICOS ,Cartao_Credito,SmartTV,1895.96,354.6,0,457.2,4,-2.4,189,DEV-3151D,1
TRX-52347,59.7, ELETRONICOS ,Cartao_Credito,Desktop,330.05,776.8,1,57.7,4,-61.69,589,DEV-53DCE,0
TRX-52348,35.3,Eletronicos,Pix,Mobile,,1436.2,1,109.8,1,-135.9,630,DEV-9000B,0
TRX-52349,, ELETRONICOS ,Cartao_Credito,Mobile,205.77,1691.7,1,202.4,5,26.48,350,DEV-877BA,0
TRX-52350,27.1,Eletronicos,Cartao_Credito,Mobile,1383.83,752.6,1,222.1,4,138.65,145,DEV-43539,1
TRX-52351,30.5,Eletronicos,Pix,Mobile,1271.3,456.2,2,114.1,2,214.1,512,DEV-E83AD,1
TRX-52352,53.5,Beleza,Cartao_Credito,Tablet,,25.2,0,140.0,3,-83.97,993,DEV-4129D,0
TRX-52353,25.4, ELETRONICOS ,Boleto,Desktop,269.08,669.1,1,13.8,7,-185.76,922,DEV-5F7F1,0
TRX-52354,35.2,Eletronicos,Boleto,Desktop,592.18,1371.3,0,13.4,4,20.18,678,DEV-B2DA6,0
TRX-52355,16.9,Vestuario,Cartao_Credito,Mobile,588.53,112.5,1,145.7,5,98.26,695,DEV-C2FE7,0
TRX-52356,47.5,Eletronicos,Pix,Mobile,613.76,561.0,1,19.8,1,-75.56,841,DEV-9875C,0
TRX-52357,47.8,Eletronicos,Pix,Mobile,50.92,1640.3,1,169.9,4,273.29,656,DEV-48751,0
TRX-52358,50.6,Vestuario,Boleto,Desktop,45.44,215.8,0,338.0,7,-12.41,121,DEV-40F1F,0
TRX-52359,37.2,Eletronicos,Cartao_Credito,SmartTV,3381.83,756.6,1,294.4,3,-24.18,553,DEV-B81A7,1
TRX-52360,43.6,Eletronicos,Cartao_Credito,Desktop,1831.11,1379.4,1,118.5,1,-17.82,235,DEV-5825D,0
TRX-52361,29.1,Beleza,Boleto,Mobile,650.53,454.0,1,39.1,4,-87.8,340,DEV-93713,0
TRX-52362,41.9, ELETRONICOS ,Pix,Mobile,798.35,1410.6,0,14.0,1,78.1,449,DEV-B9720,0
TRX-52363,41.6,eletronicos,Cartao_Credito,Mobile,36.02,1763.9,0,568.5,2,10.72,459,DEV-73CC0,0
TRX-52364,31.8,Vestuario,Cartao_Credito,SmartTV,782.78,139.6,0,193.5,3,25.37,618,DEV-42D25,1
TRX-52365,36.8,Vestuario,Cartao_Credito,Desktop,689.39,1598.6,1,170.7,4,103.47,823,DEV-EE629,0
TRX-52366,24.1,Eletronicos,Cartao_Credito,Desktop,818.28,660.9,0,502.5,2,-1.93,394,DEV-3C99C,1
TRX-52367,46.8,Beleza,Boleto,Mobile,,411.9,0,138.8,6,3.63,283,DEV-D8FD1,0
TRX-52368,24.3,Eletronicos,Cartao_Credito,Mobile,,1183.9,2,243.9,4,62.87,820,DEV-3E80F,0
TRX-52369,26.8,Vestuario,Pix,Desktop,159.64,1433.7,0,92.2,0,-320.62,360,DEV-E29BC,0
TRX-52370,23.1,Vestuario,Boleto,Mobile,306.54,54.2,1,142.5,0,-95.55,588,DEV-A01A8,1
TRX-52371,48.4,Vestuario,Pix,Desktop,265.68,468.8,2,119.8,2,-34.89,542,DEV-C67EE,1
TRX-52372,26.9,Games,Cartao_Credito,Mobile,274.77,79.8,2,40.9,2,196.87,516,DEV-EC642,0
TRX-52373,48.8,eletronicos,Cartao_Credito,Desktop,147.27,117.0,1,46.9,4,129.68,149,DEV-19CDA,0
TRX-52374,35.1,eletronicos,Pix,Desktop,1724.84,1234.4,1,46.2,4,9.95,833,DEV-DE00B,1
TRX-52375,37.6,Eletronicos,Cartao_Credito,Mobile,225.2,1045.9,1,2.6,2,115.14,819,DEV-C7B4E,0
TRX-52376,30.2, ELETRONICOS ,Boleto,Mobile,1281.32,736.8,1,376.8,3,1.74,355,DEV-8B56F,1
TRX-52377,18.8,Eletronicos,Cartao_Credito,Desktop,1026.06,783.6,0,90.3,3,105.24,603,DEV-67B57,0
TRX-52378,2.7, ELETRONICOS ,Cartao_Credito,Mobile,827.89,205.1,0,68.0,3,-144.44,839,DEV-901FF,1
TRX-52379,24.6,eletronicos,Cartao_Credito,Mobile,68.96,771.0,0,17.0,4,-45.14,734,DEV-1D1AD,0
TRX-52380,27.6,Eletronicos,Pix,Tablet,105.27,679.0,0,23.0,7,4.82,465,DEV-CB30C,0
TRX-52381,48.0,Vestuario,Cartao_Credito,Mobile,183.38,1486.4,0,72.7,3,199.44,357,DEV-79ADD,0
TRX-52382,32.5, ELETRONICOS ,Pix,Mobile,485.61,1361.3,1,155.4,3,46.44,373,DEV-25344,0
TRX-52383,15.7,Eletronicos,Boleto,Desktop,428.84,653.2,1,642.1,6,-70.4,839,DEV-AC110,1
TRX-52384,20.8, ELETRONICOS ,Cartao_Credito,Mobile,67.0,1493.7,1,2.5,3,76.7,660,DEV-61A0E,0
TRX-52385,36.3,Eletronicos,Cartao_Credito,Desktop,305.43,1251.3,0,22.1,4,120.86,952,DEV-9B399,0
TRX-52386,28.2,Beleza,Pix,Mobile,39.01,1227.3,1,101.9,6,-54.44,724,DEV-21A5A,0
TRX-52387,37.8,eletronicos,Cartao_Credito,Desktop,53.03,848.8,0,145.1,6,183.46,678,DEV-879D7,0
TRX-52388,13.9,Vestuario,Cartao_Credito,Desktop,9999999.0,1136.5,0,296.1,1,94.32,233,DEV-1FD78,1
TRX-52389,33.0, ELETRONICOS ,Pix,Tablet,,1753.6,1,376.9,1,90.51,121,DEV-DC563,0
TRX-52390,30.8, ELETRONICOS ,Cartao_Credito,Mobile,102.96,282.0,0,254.1,4,76.25,473,DEV-31833,0
TRX-52391,42.7,Eletronicos,Pix,Tablet,113.17,1383.8,1,84.6,1,38.2,161,DEV-BAA1D,0
TRX-52392,34.6,Beleza,Cartao_Credito,Mobile,361.14,641.1,0,22.6,2,-199.88,774,DEV-8151B,0
TRX-52393,51.9,Eletronicos,Cartao_Credito,Mobile,97.1,1551.6,0,5.6,0,41.78,798,DEV-F393C,0
TRX-52394,34.9,Vestuario,Cartao_Credito,Mobile,90.81,1046.4,2,153.8,4,84.05,901,DEV-63585,0
TRX-52395,45.2,Eletronicos,Pix,Mobile,1129.15,1438.5,0,859.2,4,98.7,380,DEV-76F52,1
TRX-52396,45.3,Beleza,Cartao_Credito,Mobile,705.22,1528.8,1,134.1,5,-44.35,687,DEV-8FCB2,0
TRX-52397,44.8,Vestuario,Cartao_Credito,Desktop,1780.38,1731.0,0,31.2,1,94.2,604,DEV-6720C,1
TRX-52398,30.6,Eletronicos,Boleto,Desktop,1478.25,1309.9,0,168.6,4,107.75,252,DEV-A5100,0
TRX-52399,26.0, ELETRONICOS ,Boleto,Desktop,144.67,527.4,0,55.4,3,-142.18,929,DEV-DD920,0
TRX-52400,46.9,eletronicos,Boleto,Mobile,402.97,585.3,1,72.9,3,6.0,483,DEV-3B336,1
TRX-52401,35.9,Games,Cartao_Credito,Mobile,51.84,1211.8,1,343.8,5,223.46,863,DEV-7EAC7,0
TRX-52402,40.8,Vestuario,Pix,Desktop,179.29,408.3,0,548.3,4,-106.79,135,DEV-5506E,0
TRX-52403,19.1,Vestuario,Boleto,Mobile,390.84,1014.5,0,393.2,5,140.99,822,DEV-75F5B,0
TRX-52404,,Vestuario,Cartao_Credito,Mobile,514.88,1233.8,0,1.4,7,-58.28,414,DEV-35C83,0
TRX-52405,26.7, ELETRONICOS ,Cartao_Credito,SmartTV,2724.14,904.8,2,112.8,4,-2.52,630,DEV-6FE63,1
TRX-52406,33.0,Vestuario,Cartao_Credito,Desktop,61.95,785.3,2,334.9,5,53.68,551,DEV-EE9E1,1
TRX-52407,53.6,Eletronicos,Boleto,Mobile,91.21,756.9,0,8.5,4,-62.29,346,DEV-993A1,0
TRX-52408,60.3,Vestuario,Cartao_Credito,Mobile,267.76,826.1,0,142.7,1,105.36,679,DEV-3DD3C,0
TRX-52409,18.3, ELETRONICOS ,Cartao_Credito,Desktop,868.37,274.9,0,78.7,7,114.14,594,DEV-A2134,0
TRX-52410,37.1, ELETRONICOS ,Voucher,Mobile,30.18,648.3,0,15.3,4,137.82,760,DEV-DC237,0
TRX-52411,52.6,Beleza,Voucher,Desktop,,1016.7,0,3.5,2,-284.92,131,DEV-5E9B9,1
TRX-52412,42.7,Eletronicos,Cartao_Credito,Mobile,57.85,1325.0,0,217.2,3,-35.31,841,DEV-9A214,0
TRX-52413,27.4,Eletronicos,Cartao_Credito,Mobile,860.7,1185.4,2,150.8,5,-14.9,810,DEV-24944,0
TRX-52414,37.4,Beleza,Pix,Mobile,324.82,104.5,0,55.5,5,154.12,199,DEV-BD594,0
TRX-52415,41.2,Eletronicos,Pix,Mobile,247.31,137.9,1,75.5,2,122.84,526,DEV-542B9,1
TRX-52416,36.0,Eletronicos,Pix,Desktop,285.93,216.3,0,42.4,3,5.58,504,DEV-BFB1B,0
TRX-52417,42.6,Eletronicos,Cartao_Credito,Mobile,2003.3,301.2,1,36.6,4,9.26,126,DEV-2CF83,0
TRX-52418,32.8,Eletronicos,Cartao_Credito,Mobile,191.04,1776.6,2,210.9,2,256.19,982,DEV-310FB,0
TRX-52419,34.8,Beleza,Boleto,Mobile,21.09,394.9,0,189.0,4,-106.78,511,DEV-C3A86,0
TRX-52420,32.5,Vestuario,Cartao_Credito,Mobile,199.78,1363.1,0,182.3,7,-275.06,589,DEV-5D189,0
TRX-52421,,Vestuario,Cartao_Credito,Desktop,200.72,846.0,0,246.3,3,-110.45,152,DEV-29A7F,0
TRX-52422,49.6,Beleza,Pix,Desktop,1533.94,783.2,0,2.6,3,-61.36,524,DEV-ABB01,1
TRX-52423,28.6,eletronicos,Cartao_Credito,Mobile,902.41,162.7,2,3.6,3,54.48,488,DEV-C9F35,0
TRX-52424,53.7,eletronicos,Cartao_Credito,Mobile,308.86,1348.9,0,15.4,4,-70.22,441,DEV-453D4,0
TRX-52425,,Eletronicos,Boleto,Mobile,1986.05,210.9,0,109.5,2,-87.29,806,DEV-2880F,1
TRX-52426,34.8,Games,Cartao_Credito,Desktop,147.33,987.3,0,174.2,2,24.46,372,DEV-58AE0,0
TRX-52427,33.9,Eletronicos,Cartao_Credito,Mobile,445.36,545.4,0,339.1,4,163.25,753,DEV-61D8E,0
TRX-52428,31.2, ELETRONICOS ,Boleto,Desktop,517.66,1363.7,1,45.7,4,-24.21,869,DEV-65E52,0
TRX-52429,25.7,Games,Pix,Desktop,95.77,1472.5,1,101.7,4,-22.19,414,DEV-F0EA0,0
TRX-52430,32.2, ELETRONICOS ,Pix,Mobile,98.54,1726.2,3,379.2,4,209.0,629,DEV-E9F97,0
TRX-52431,27.7, ELETRONICOS ,Cartao_Credito,Desktop,490.25,1229.1,0,93.4,3,-18.22,713,DEV-A1507,0
TRX-52432,,eletronicos,Cartao_Credito,Desktop,40.76,314.3,0,283.5,7,-20.02,369,DEV-5E4AD,0
TRX-52433,41.8,Games,Cartao_Credito,Mobile,869.88,1509.4,0,190.7,3,62.93,331,DEV-7258D,0
TRX-52434,30.3,eletronicos,Cartao_Credito,Mobile,462.54,500.4,0,87.0,2,-179.95,849,DEV-C98C7,0
TRX-52435,32.8,Vestuario,Pix,Mobile,2046.26,1580.5,2,118.8,5,-83.68,400,DEV-47C80,0
TRX-52436,19.4,Eletronicos,Boleto,Mobile,367.7,681.5,0,102.3,6,-62.45,740,DEV-971E7,0
TRX-52437,30.5, ELETRONICOS ,Voucher,Desktop,515.44,1792.7,3,98.4,2,21.64,752,DEV-DC45D,1
TRX-52438,43.2,Eletronicos,Boleto,Desktop,468.1,163.6,0,219.6,2,36.8,397,DEV-33781,1
TRX-52439,36.9,eletronicos,Cartao_Credito,Desktop,97.23,1290.6,1,301.9,3,124.12,413,DEV-D5631,0
TRX-52440,41.4,Vestuario,Cartao_Credito,Mobile,1233.74,1403.7,0,55.8,3,-41.96,841,DEV-90300,0
TRX-52441,47.7, ELETRONICOS ,Boleto,Mobile,739.48,1297.0,0,108.8,2,19.86,348,DEV-3EE13,0
TRX-52442,,Eletronicos,Cartao_Credito,Mobile,637.94,760.4,0,233.1,8,-36.43,902,DEV-6A024,0
TRX-52443,45.1,Eletronicos,Boleto,Mobile,749.85,177.8,1,74.9,4,163.45,681,DEV-58480,0
TRX-52444,42.1,Games,Pix,Desktop,304.41,1408.6,0,6.7,9,-135.59,784,DEV-2F32B,0
TRX-52445,18.4,Eletronicos,Boleto,Mobile,347.38,949.7,0,893.4,5,29.19,203,DEV-6B25E,1
TRX-52446,6.3,Eletronicos,Boleto,Desktop,176.98,955.2,0,231.1,7,-147.05,593,DEV-59D6D,0
TRX-52447,29.7,Vestuario,Pix,Desktop,,923.5,0,101.3,1,140.86,268,DEV-30A5A,0
TRX-52448,37.6,Games,Boleto,Tablet,1223.96,488.8,0,64.0,5,90.0,211,DEV-BA910,0
TRX-52449,29.9,Eletronicos,Cartao_Credito,Mobile,434.19,601.1,2,840.8,2,103.85,212,DEV-68834,1
TRX-52450,34.8,eletronicos,Cartao_Credito,Tablet,651.74,1565.5,0,74.9,4,17.23,432,DEV-6FA91,0
TRX-52451,23.9,Vestuario,Cartao_Credito,Mobile,648.29,1190.6,1,361.7,5,-128.9,630,DEV-839ED,0
TRX-52452,41.7,Eletronicos,Boleto,Mobile,,1737.8,0,214.6,6,272.84,412,DEV-88A15,0
TRX-52453,33.0,eletronicos,Cartao_Credito,Mobile,250.41,1054.4,0,131.1,3,214.6,958,DEV-9118A,0
TRX-52454,23.9,Eletronicos,Cartao_Credito,Mobile,200.17,1155.2,0,223.3,6,51.43,702,DEV-BA5EF,0
TRX-52455,45.1, ELETRONICOS ,Pix,Mobile,64.37,1340.7,1,7.7,1,-124.68,929,DEV-B489D,0
TRX-52456,,Games,Cartao_Credito,SmartTV,1571.36,590.2,1,256.3,3,-29.2,814,DEV-8B8C5,0
TRX-52457,43.8,Eletronicos,Pix,Mobile,674.41,1079.3,0,18.2,7,-2.66,718,DEV-D465A,0
TRX-52458,,Vestuario,Boleto,Mobile,2439.3,1486.4,0,186.3,5,69.28,384,DEV-3BF2B,0
TRX-52459,33.0,Vestuario,Cartao_Credito,Mobile,1304.66,766.0,1,7.8,1,83.67,636,DEV-4A82E,1
TRX-52460,33.4,eletronicos,Cartao_Credito,Desktop,52.05,1750.9,0,151.3,4,-44.64,800,DEV-A5AA8,0
TRX-52461,35.0,Games,Cartao_Credito,Desktop,1030.44,732.1,1,64.7,6,34.05,560,DEV-E2DEF,0
TRX-52462,22.2,Vestuario,Cartao_Credito,Desktop,42.54,690.7,0,171.9,1,-65.56,548,DEV-E654D,0
TRX-52463,33.1,Eletronicos,Cartao_Credito,SmartTV,289.57,1151.0,1,44.4,3,117.19,235,DEV-7D084,0
TRX-52464,43.7,Vestuario,Cartao_Credito,Mobile,77.66,853.1,0,185.7,2,-43.52,395,DEV-BA1C4,0
TRX-52465,31.9, ELETRONICOS ,Voucher,Mobile,442.94,1792.0,0,35.3,1,3.29,806,DEV-D72D4,0
TRX-52466,46.6,Eletronicos,Cartao_Credito,Tablet,353.0,238.2,1,82.5,0,-8.86,556,DEV-C84B2,1
TRX-52467,30.5,Vestuario,Cartao_Credito,Tablet,699.7,213.6,0,280.7,2,71.96,788,DEV-B6346,0
TRX-52468,33.8,Vestuario,Pix,Desktop,540.98,52.6,0,83.3,2,48.44,879,DEV-91CD9,1
TRX-52469,46.4,Games,Cartao_Credito,SmartTV,1561.26,1703.8,1,121.9,4,102.48,827,DEV-2ED0C,0
TRX-52470,35.2,Beleza,Pix,SmartTV,225.69,1067.8,1,45.2,4,63.99,763,DEV-B88C8,0
TRX-52471,40.0,Eletronicos,Cartao_Credito,Mobile,867.8,1471.5,2,301.1,4,69.48,946,DEV-94AF3,0
TRX-52472,42.2,Vestuario,Cartao_Credito,Mobile,265.25,1524.9,1,102.2,5,71.79,398,DEV-927D8,0
TRX-52473,41.1,Eletronicos,Boleto,Mobile,369.86,1212.4,0,22.3,4,-119.07,202,DEV-58F25,0
TRX-52474,40.3, ELETRONICOS ,Cartao_Credito,Mobile,63.67,511.1,0,344.3,1,-107.63,330,DEV-2D1D9,1
TRX-52475,41.8,Eletronicos,Pix,Mobile,,1777.3,0,690.2,5,-115.44,430,DEV-A7C4A,0
TRX-52476,46.4,eletronicos,Cartao_Credito,Desktop,934.57,539.2,1,291.3,3,-105.22,203,DEV-6E660,0
TRX-52477,30.1, ELETRONICOS ,Boleto,Mobile,704.06,854.2,0,199.0,3,32.54,258,DEV-CA3AD,0
TRX-52478,22.5,Vestuario,Cartao_Credito,Mobile,411.49,1317.4,1,91.3,5,-23.56,594,DEV-7F85B,0
TRX-52479,38.9,Eletronicos,Voucher,Mobile,112.11,72.9,1,143.2,7,-156.04,944,DEV-9B67D,0
TRX-52480,29.9,Vestuario,Cartao_Credito,Mobile,234.38,124.3,0,8.1,1,-13.0,171,DEV-E3417,0
TRX-52481,29.4,eletronicos,Pix,Desktop,191.74,1763.9,0,193.8,1,-168.71,908,DEV-7ADAD,0
TRX-52482,30.8,Eletronicos,Boleto,Mobile,1889.68,736.7,0,330.9,5,143.73,943,DEV-AE4D9,0
TRX-52483,27.4,Vestuario,Voucher,Mobile,47.89,1344.0,1,28.1,3,135.43,428,DEV-D11E8,0
TRX-52484,38.6, ELETRONICOS ,Pix,Desktop,693.05,527.5,0,132.5,4,-63.51,121,DEV-AE9F1,0
TRX-52485,37.4, ELETRONICOS ,Boleto,Desktop,656.76,175.0,0,148.9,0,78.81,140,DEV-C9F48,1
TRX-52486,40.9, ELETRONICOS ,Boleto,Mobile,591.42,1794.2,0,333.8,2,57.4,434,DEV-5522D,1
TRX-52487,21.1,Eletronicos,Cartao_Credito,Desktop,131.38,722.9,0,146.2,7,8.69,346,DEV-66A8A,0
TRX-52488,37.1,Eletronicos,Pix,Mobile,1546.13,1707.3,2,70.6,4,-31.2,736,DEV-42130,0
TRX-52489,27.7,Beleza,Pix,SmartTV,61.4,1645.4,1,118.4,3,-57.29,302,DEV-35D12,0
TRX-52490,41.4,Beleza,Cartao_Credito,Desktop,,1169.3,0,126.6,3,-6.61,746,DEV-71E6A,0
TRX-52491,47.6,Vestuario,Pix,Mobile,,1549.7,2,469.9,1,136.67,942,DEV-76BF7,1
TRX-52492,54.6,Eletronicos,Cartao_Credito,Desktop,825.31,191.5,1,253.9,4,-100.28,530,DEV-92B4F,1
TRX-52493,41.8,Vestuario,Cartao_Credito,Desktop,51.6,319.9,1,31.8,6,138.88,732,DEV-578DD,0
TRX-52494,47.7, ELETRONICOS ,Cartao_Credito,Mobile,81.35,1791.1,1,123.9,2,-90.95,492,DEV-3B750,0
TRX-52495,20.1,Vestuario,Pix,Mobile,3654.28,1401.1,2,70.7,1,-20.12,392,DEV-C3EB9,1
TRX-52496,34.8,Beleza,Cartao_Credito,Tablet,85.66,922.6,0,47.2,2,43.61,869,DEV-936E4,0
TRX-52497,33.6,Vestuario,Cartao_Credito,Mobile,1396.86,776.5,0,147.3,7,82.26,506,DEV-4251C,0
TRX-52498,40.6,eletronicos,Cartao_Credito,Mobile,64.69,25.1,1,117.2,5,-222.36,213,DEV-BAE34,0
TRX-52499,30.5,Beleza,Pix,Desktop,1232.53,799.5,1,186.5,1,8.46,462,DEV-C6A61,1
TRX-52500,39.5, ELETRONICOS ,Pix,Desktop,2255.21,1052.2,1,54.0,4,55.58,742,DEV-69958,1
TRX-52501,29.5, ELETRONICOS ,Pix,Mobile,40.35,429.5,0,350.5,3,48.34,232,DEV-5CEB8,0
TRX-52502,26.0,Eletronicos,Pix,Mobile,371.49,1760.7,0,18.7,2,143.01,432,DEV-841F6,0
TRX-52503,15.7,Beleza,Pix,Tablet,,1304.0,3,92.9,4,-149.08,375,DEV-6D9A4,1
TRX-52504,45.6, ELETRONICOS ,Pix,Mobile,238.87,354.3,0,79.0,6,147.89,827,DEV-93AB0,0
TRX-52505,41.4,Eletronicos,Cartao_Credito,Desktop,1427.35,780.7,1,148.6,6,-7.66,940,DEV-57075,0
TRX-52506,25.9,Vestuario,Pix,Mobile,423.27,517.8,1,118.9,4,-63.3,412,DEV-92916,0
TRX-52507,32.5,Beleza,Cartao_Credito,Desktop,580.91,890.3,0,132.7,6,-165.4,406,DEV-34667,0
TRX-52508,41.7,Beleza,Cartao_Credito,Tablet,28.76,1255.8,0,238.5,7,135.65,275,DEV-2584D,0
TRX-52509,37.4,Eletronicos,Cartao_Credito,Mobile,1246.35,1279.8,0,153.1,1,12.47,367,DEV-69E54,0
TRX-52510,35.1,Games,Boleto,Desktop,116.14,1478.2,0,166.2,3,-137.68,162,DEV-B724B,0
TRX-52511,22.1,Games,Pix,Desktop,2248.7,695.5,0,119.4,9,-126.09,188,DEV-3E53E,0
TRX-52512,54.4,Vestuario,Pix,Mobile,665.99,19.1,1,1.1,4,53.97,124,DEV-86A18,0
TRX-52513,45.2,Games,Boleto,Mobile,771.53,572.0,0,67.4,6,-116.45,553,DEV-DA98D,0
TRX-52514,38.5,Vestuario,Cartao_Credito,Mobile,242.61,237.3,0,15.5,3,125.94,482,DEV-68CD9,0
TRX-52515,34.1,Beleza,Cartao_Credito,Tablet,223.16,1260.6,0,85.6,2,-54.76,334,DEV-80F41,0
TRX-52516,43.7,Vestuario,Cartao_Credito,Mobile,660.03,1615.1,0,86.3,2,96.03,705,DEV-66B1C,0
TRX-52517,49.2,Beleza,Cartao_Credito,Tablet,489.99,1282.5,0,68.8,4,106.97,922,DEV-61564,0
TRX-52518,33.7,Eletronicos,Cartao_Credito,Mobile,754.13,1702.4,1,159.4,5,-17.43,222,DEV-D9CA9,0
TRX-52519,24.2,Eletronicos,Boleto,Mobile,33.47,1526.8,0,708.4,4,33.96,831,DEV-9AB7B,1
TRX-52520,41.1,Vestuario,Cartao_Credito,Mobile,125.18,421.6,0,12.3,3,-202.43,194,DEV-90E24,0
TRX-52521,46.6,Eletronicos,Pix,Mobile,1851.49,1058.1,1,278.7,6,-78.95,305,DEV-3DB81,0
TRX-52522,29.3,Games,Boleto,Mobile,544.36,1111.0,1,236.7,3,188.63,952,DEV-3516F,1
TRX-52523,50.7,Vestuario,Cartao_Credito,Desktop,2232.79,1265.7,0,88.5,3,231.67,245,DEV-2B0A7,0
TRX-52524,15.1,Beleza,Cartao_Credito,Mobile,575.68,543.9,0,373.9,2,-165.85,418,DEV-BF72D,1
TRX-52525,20.0,Beleza,Cartao_Credito,Desktop,1033.04,1324.2,2,27.2,3,129.44,609,DEV-8063D,1
TRX-52526,28.4,Beleza,Cartao_Credito,Mobile,558.91,155.2,0,232.3,5,-92.63,549,DEV-1DEC4,0
TRX-52527,49.9,Eletronicos,Cartao_Credito,Desktop,381.69,64.4,2,174.5,0,-46.34,819,DEV-39162,1
TRX-52528,40.3, ELETRONICOS ,Cartao_Credito,Mobile,,167.3,1,9.2,1,-182.82,213,DEV-3D4B2,0
TRX-52529,38.4,Vestuario,Pix,Desktop,267.83,985.7,0,73.5,4,-18.9,921,DEV-BDC06,0
TRX-52530,40.3,Eletronicos,Cartao_Credito,Mobile,1121.42,1587.1,0,146.0,1,-242.26,206,DEV-A0A39,0
TRX-52531,34.4, ELETRONICOS ,Cartao_Credito,Tablet,86.47,1020.6,0,82.6,2,-88.21,947,DEV-E87BE,0
TRX-52532,59.0,Beleza,Boleto,Mobile,239.49,486.0,2,397.8,4,-124.57,793,DEV-314C7,1
TRX-52533,32.7,Beleza,Cartao_Credito,Mobile,1031.26,401.1,0,66.3,3,160.61,851,DEV-A8904,0
TRX-52534,29.8,Vestuario,Pix,Desktop,1184.55,949.3,0,0.9,2,-86.82,436,DEV-AB8DA,1
TRX-52535,42.1,Eletronicos,Cartao_Credito,Mobile,316.62,1125.0,0,188.5,6,-41.82,681,DEV-D5D79,0
TRX-52536,22.6,Vestuario,Cartao_Credito,Desktop,251.28,445.9,2,226.6,2,13.05,396,DEV-9C639,1
TRX-52537,24.8,Eletronicos,Pix,SmartTV,819.59,1203.6,1,50.8,2,47.85,916,DEV-F030A,1
TRX-52538,29.8,Eletronicos,Boleto,Mobile,882.98,690.9,1,37.5,3,-149.13,732,DEV-31ABB,0
TRX-52539,19.2,Beleza,Cartao_Credito,Mobile,452.9,39.2,1,108.5,6,12.82,306,DEV-90F5C,0
TRX-52540,26.3,Eletronicos,Cartao_Credito,Desktop,250.02,9.0,1,77.7,5,-109.83,581,DEV-48FEF,0
TRX-52541,32.9,Eletronicos,Boleto,Mobile,281.14,406.4,0,288.3,1,149.24,715,DEV-34E2E,0
TRX-52542,39.3,Eletronicos,Pix,Mobile,491.76,193.8,0,72.4,2,118.71,636,DEV-8BF41,0
TRX-52543,, ELETRONICOS ,Cartao_Credito,Mobile,228.02,1272.2,0,735.7,1,65.33,135,DEV-AB055,1
TRX-52544,32.1,Eletronicos,Cartao_Credito,SmartTV,555.94,1313.3,0,88.7,3,-229.04,457,DEV-1F3B8,0
TRX-52545,31.2, ELETRONICOS ,Cartao_Credito,Mobile,24.72,878.2,1,467.9,6,-80.38,384,DEV-3B1F6,0
TRX-52546,39.3,Eletronicos,Boleto,Mobile,279.07,996.4,1,0.0,3,95.92,283,DEV-B8A34,0
TRX-52547,25.2,Eletronicos,Boleto,Mobile,163.57,72.3,0,225.6,2,-37.06,530,DEV-1C72D,0
TRX-52548,41.9, ELETRONICOS ,Cartao_Credito,Mobile,,268.6,0,19.2,2,9.12,575,DEV-6D8B4,0
TRX-52549,38.9,Vestuario,Cartao_Credito,Desktop,141.5,143.8,0,298.1,8,91.22,917,DEV-DF45C,0
TRX-52550,31.8, ELETRONICOS ,Cartao_Credito,Desktop,1336.0,1159.0,0,217.2,2,116.73,803,DEV-2593C,1
TRX-52551,39.8,Games,Cartao_Credito,Mobile,22.21,1198.2,0,8.3,5,-36.92,824,DEV-D9ACB,0
TRX-52552,35.4,Beleza,Cartao_Credito,Desktop,358.26,1691.3,1,906.7,5,-2.99,149,DEV-5EAE7,1
TRX-52553,31.0,Vestuario,Cartao_Credito,Mobile,,1411.6,0,118.1,2,79.42,587,DEV-3DF56,0
TRX-52554,35.6,Eletronicos,Boleto,Mobile,469.62,322.4,1,455.5,7,-216.41,501,DEV-6664A,1
TRX-52555,40.5,Beleza,Boleto,Mobile,350.06,242.0,0,23.0,4,80.79,579,DEV-706BC,0
TRX-52556,56.4,Games,Pix,Desktop,186.67,663.3,0,136.7,4,-66.76,171,DEV-27249,0
TRX-52557,34.0, ELETRONICOS ,Boleto,Tablet,1219.48,693.2,0,184.0,3,-185.23,717,DEV-5B787,0
TRX-52558,30.6,Beleza,Boleto,Mobile,657.82,558.6,2,296.6,2,31.14,257,DEV-E4409,1
TRX-52559,47.1, ELETRONICOS ,Cartao_Credito,Desktop,642.12,133.7,1,9.8,2,93.83,324,DEV-652D4,0
TRX-52560,25.3,Eletronicos,Boleto,Desktop,413.3,1688.9,1,145.5,3,-30.83,897,DEV-C2793,0
TRX-52561,32.3,Eletronicos,Cartao_Credito,Desktop,499.72,971.4,0,84.5,2,-62.94,815,DEV-A7C9D,0
TRX-52562,49.3,Games,Cartao_Credito,Mobile,155.43,1061.7,1,337.2,2,-71.24,315,DEV-51973,1
TRX-52563,34.0,Eletronicos,Cartao_Credito,Desktop,1248.91,367.6,1,308.6,4,-195.19,679,DEV-F3E9E,0
TRX-52564,34.6,Games,Cartao_Credito,Desktop,902.65,1741.2,0,201.4,2,-154.36,612,DEV-60064,0
TRX-52565,35.2,Games,Cartao_Credito,Desktop,2254.61,87.0,1,122.9,9,-5.43,769,DEV-8D02E,0
TRX-52566,42.6,Beleza,Pix,Mobile,98.48,1790.0,0,39.5,2,15.59,918,DEV-419C2,0
TRX-52567,39.2,Vestuario,Cartao_Credito,Mobile,692.09,1143.4,0,28.4,2,244.31,789,DEV-24A58,0
TRX-52568,36.3, ELETRONICOS ,Cartao_Credito,Mobile,435.21,1495.2,0,344.6,0,38.22,963,DEV-C36A2,0
TRX-52569,28.6, ELETRONICOS ,Cartao_Credito,Mobile,2101.09,1732.0,0,333.3,3,185.14,315,DEV-3C53E,1
TRX-52570,48.2, ELETRONICOS ,Cartao_Credito,Mobile,1044.06,633.4,1,65.1,3,-44.43,402,DEV-27410,0
TRX-52571,46.1, ELETRONICOS ,Boleto,Tablet,416.32,1388.5,0,48.7,0,93.14,620,DEV-C3516,0
TRX-52572,24.1,Beleza,Boleto,Desktop,762.45,473.3,1,16.5,3,-14.13,316,DEV-34EE2,0
TRX-52573,25.8,Eletronicos,Cartao_Credito,Mobile,284.92,1340.0,0,46.5,2,-34.12,442,DEV-E4854,0
TRX-52574,37.4, ELETRONICOS ,Boleto,Tablet,2228.31,137.6,3,52.3,7,113.77,522,DEV-A511B,0
TRX-52575,29.2,Vestuario,Cartao_Credito,Tablet,428.64,1716.5,0,148.2,4,-111.1,905,DEV-2F7BE,0
TRX-52576,,Eletronicos,Cartao_Credito,Mobile,190.67,1762.5,3,165.9,4,95.26,792,DEV-590A7,1
TRX-52577,34.8,Vestuario,Cartao_Credito,Desktop,948.72,434.0,0,120.5,2,163.89,661,DEV-56928,1
TRX-52578,32.7,Vestuario,Voucher,Mobile,363.52,603.9,0,46.3,2,-114.97,269,DEV-974CE,0
TRX-52579,30.6, ELETRONICOS ,Cartao_Credito,Mobile,291.98,1102.8,2,383.9,1,-10.84,995,DEV-6AED4,1
TRX-52580,38.7,Beleza,Boleto,Mobile,343.82,1072.7,0,26.5,2,87.97,366,DEV-9C798,0
TRX-52581,36.5, ELETRONICOS ,Cartao_Credito,Mobile,24.4,925.3,0,10.5,6,4.33,505,DEV-1AB73,0
TRX-52582,26.3,Beleza,Pix,Mobile,51.61,373.9,1,791.3,6,12.34,622,DEV-DBA88,1
TRX-52583,23.2,Games,Cartao_Credito,Desktop,211.79,1328.1,1,3.0,5,149.08,603,DEV-DED15,0
TRX-52584,45.9,Eletronicos,Cartao_Credito,SmartTV,342.35,371.4,0,166.1,6,-168.54,356,DEV-55124,0
TRX-52585,47.7,Vestuario,Cartao_Credito,Mobile,,1651.7,1,56.6,4,-178.61,670,DEV-19321,1
TRX-52586,41.1,Games,Cartao_Credito,Tablet,22.86,1567.9,3,623.5,2,13.22,490,DEV-C7056,1
TRX-52587,42.9,Vestuario,Boleto,Mobile,,1408.1,1,64.1,3,-90.04,886,DEV-9BA8D,0
TRX-52588,46.5,Eletronicos,Cartao_Credito,Mobile,956.91,1366.6,0,267.9,3,-62.2,780,DEV-EE027,0
TRX-52589,41.8,Beleza,Cartao_Credito,Mobile,36.7,503.0,1,57.7,2,-258.15,507,DEV-18817,0
TRX-52590,36.2,eletronicos,Cartao_Credito,Mobile,1075.78,1217.4,0,83.1,4,310.46,386,DEV-ED1F3,0
TRX-52591,36.7,Games,Cartao_Credito,Desktop,143.89,676.7,1,166.0,3,-103.57,378,DEV-9F3FF,0
TRX-52592,24.0, ELETRONICOS ,Pix,Desktop,1429.79,359.7,0,274.0,3,-249.85,400,DEV-D29B7,1
TRX-52593,36.7,Eletronicos,Pix,Mobile,884.0,1290.7,0,222.9,4,123.35,929,DEV-37638,0
TRX-52594,46.9,Games,Cartao_Credito,Mobile,186.55,742.5,0,89.2,4,9.81,876,DEV-AC852,0
TRX-52595,14.5,Vestuario,Cartao_Credito,Mobile,32.61,724.9,0,16.2,1,122.26,981,DEV-87318,0
TRX-52596,44.3,Vestuario,Cartao_Credito,Mobile,858.54,1718.8,1,39.9,4,-0.97,927,DEV-EBB83,1
TRX-52597,26.6,Eletronicos,Boleto,Desktop,71.43,1789.4,0,12.0,2,-167.21,785,DEV-EB8A2,0
TRX-52598,29.2,Vestuario,Cartao_Credito,Tablet,1582.72,405.7,0,264.4,3,31.23,448,DEV-23FE9,1
TRX-52599,35.7,Eletronicos,Cartao_Credito,Mobile,96.68,994.2,2,237.9,5,69.88,266,DEV-BACD2,1
TRX-52600,49.2, ELETRONICOS ,Pix,Mobile,1374.14,1020.0,2,142.3,2,-50.36,410,DEV-66519,0
TRX-52601,36.9,Beleza,Voucher,Mobile,525.8,173.2,0,240.1,3,195.0,728,DEV-8F515,0
TRX-52602,30.2,Vestuario,Cartao_Credito,Desktop,433.15,658.9,1,181.2,2,-30.21,254,DEV-9A1F5,0
TRX-52603,52.4,Beleza,Cartao_Credito,Mobile,899.61,479.6,0,2.1,2,16.97,259,DEV-6F87F,0
TRX-52604,34.9,Vestuario,Cartao_Credito,Desktop,613.12,1666.2,1,46.6,2,206.86,384,DEV-DC66E,0
TRX-52605,26.3, ELETRONICOS ,Boleto,Mobile,575.42,1626.1,2,24.7,4,155.79,453,DEV-ECB5F,0
TRX-52606,35.6, ELETRONICOS ,Boleto,Desktop,930.21,704.1,0,179.8,2,70.93,324,DEV-A2B37,0
TRX-52607,42.8,Vestuario,Voucher,Desktop,1150.31,266.4,2,203.9,7,234.14,610,DEV-C3375,1
TRX-52608,34.7,Eletronicos,Cartao_Credito,Desktop,48.79,274.2,2,106.8,5,-92.89,868,DEV-32641,0
TRX-52609,20.3,eletronicos,Boleto,Mobile,,1684.7,0,20.0,8,13.17,252,DEV-A7670,0
TRX-52610,17.5,Eletronicos,Cartao_Credito,Mobile,1124.6,861.8,2,446.4,2,-151.96,116,DEV-994F3,1
TRX-52611,32.4,eletronicos,Boleto,Mobile,950.83,359.1,0,167.1,4,104.74,529,DEV-DE709,0
TRX-52612,66.1,Eletronicos,Cartao_Credito,Desktop,54.0,916.9,0,169.9,4,48.3,155,DEV-900C7,0
TRX-52613,38.9,Games,Cartao_Credito,Mobile,449.76,1424.3,0,70.9,3,-32.45,203,DEV-23321,0
TRX-52614,50.2,Beleza,Cartao_Credito,Mobile,780.43,651.1,1,103.0,4,-111.7,180,DEV-B9638,0
TRX-52615,27.2,Eletronicos,Cartao_Credito,Desktop,874.64,1313.2,0,268.2,3,56.97,536,DEV-B9D8D,0
TRX-52616,32.7,Beleza,Cartao_Credito,Mobile,66.7,378.6,0,58.1,3,28.42,732,DEV-66A71,0
TRX-52617,25.0,Vestuario,Cartao_Credito,Mobile,1342.43,934.8,1,0.4,2,80.96,183,DEV-8A679,1
TRX-52618,40.8,eletronicos,Cartao_Credito,Mobile,192.84,1479.8,1,34.2,0,-186.71,365,DEV-E2214,0
TRX-52619,47.0,Eletronicos,Boleto,Desktop,,1261.2,0,122.3,4,-121.87,588,DEV-6FFF8,0
TRX-52620,14.2,Beleza,Cartao_Credito,Desktop,63.41,977.5,1,36.7,3,-21.03,457,DEV-9696E,0
TRX-52621,20.0,eletronicos,Boleto,Tablet,538.61,1376.6,1,188.3,0,-26.67,293,DEV-4B36A,1
TRX-52622,20.7, ELETRONICOS ,Boleto,Mobile,300.42,44.7,0,24.1,1,122.57,162,DEV-B5B27,0
TRX-52623,41.8,Eletronicos,Boleto,SmartTV,1704.75,1388.7,1,135.1,5,129.16,206,DEV-406CC,1
TRX-52624,30.8,Beleza,Cartao_Credito,Mobile,83.43,1252.5,0,20.4,2,8.62,196,DEV-B2F66,0
TRX-52625,45.4,Eletronicos,Cartao_Credito,Desktop,1490.12,371.5,0,192.5,4,89.48,664,DEV-5B946,1
TRX-52626,30.8,Vestuario,Pix,SmartTV,502.35,538.1,2,19.1,3,5.76,672,DEV-D1036,1
TRX-52627,37.0,Games,Cartao_Credito,Mobile,479.59,809.0,1,837.8,4,187.72,697,DEV-883DE,1
TRX-52628,51.0,Games,Boleto,Mobile,391.71,1235.2,0,124.9,3,11.74,960,DEV-B2400,0
TRX-52629,26.0,Games,Voucher,Mobile,2168.2,1531.4,0,65.7,5,-49.26,187,DEV-71E0E,1
TRX-52630,38.2,Vestuario,Pix,Mobile,1498.83,1629.5,1,42.8,5,290.87,652,DEV-5DF8E,0
TRX-52631,32.8,Eletronicos,Cartao_Credito,Desktop,2337.1,1783.6,0,222.8,5,-77.49,593,DEV-D3EEC,0
TRX-52632,40.0,Games,Cartao_Credito,Tablet,1180.17,341.6,0,67.5,4,-89.49,994,DEV-7DA43,0
TRX-52633,33.5,Beleza,Boleto,Mobile,265.89,514.2,0,12.9,2,12.1,867,DEV-3CEE9,0
TRX-52634,49.6,Eletronicos,Boleto,Mobile,632.35,1710.6,0,163.6,3,241.73,573,DEV-85138,0
TRX-52635,30.6,Beleza,Voucher,Desktop,368.76,1437.3,2,93.5,7,119.17,674,DEV-BC8F7,0
TRX-52636,21.0, ELETRONICOS ,Cartao_Credito,Mobile,,311.3,0,425.5,4,-3.53,316,DEV-AEEFD,0
TRX-52637,53.9,Vestuario,Boleto,Desktop,513.71,357.6,2,159.5,2,131.28,343,DEV-5ADCF,1
TRX-52638,31.2, ELETRONICOS ,Cartao_Credito,Mobile,456.52,179.2,0,29.2,1,-13.02,253,DEV-CE852,0
TRX-52639,35.2,Eletronicos,Pix,Mobile,592.06,343.8,0,110.4,2,-68.12,253,DEV-C5244,0
TRX-52640,44.6,Vestuario,Cartao_Credito,Tablet,97.37,619.7,0,148.1,3,35.82,701,DEV-C8E3F,0
TRX-52641,41.0,Eletronicos,Cartao_Credito,Mobile,2721.46,1286.8,0,46.3,4,34.14,827,DEV-E17BD,1
TRX-52642,41.8,Eletronicos,Pix,Mobile,1398.95,1688.3,0,174.6,4,-216.03,262,DEV-717EE,1
TRX-52643,30.8,Eletronicos,Pix,Mobile,699.97,1676.9,0,228.3,4,-76.58,667,DEV-AC205,0
TRX-52644,41.2,Beleza,Cartao_Credito,Mobile,128.04,1449.7,2,2.4,5,-51.09,300,DEV-9F68B,0
TRX-52645,39.4, ELETRONICOS ,Pix,Desktop,293.72,427.9,0,38.1,1,-131.76,673,DEV-5AAE2,0
TRX-52646,33.9,eletronicos,Boleto,Desktop,629.3,438.1,0,89.0,3,-81.52,853,DEV-84EFA,0
TRX-52647,39.5,Vestuario,Cartao_Credito,Desktop,226.07,971.1,0,146.2,5,-24.51,507,DEV-52D9D,0
TRX-52648,27.6,Games,Boleto,Mobile,678.15,207.4,0,39.0,3,-60.28,676,DEV-BB408,1
TRX-52649,48.2,Vestuario,Pix,Mobile,1121.12,1526.6,0,304.6,2,-141.96,696,DEV-71592,0
TRX-52650,55.4,Games,Boleto,Mobile,403.52,1305.1,1,35.1,3,-220.28,563,DEV-9C979,0
TRX-52651,22.7,Eletronicos,Cartao_Credito,Mobile,246.27,1310.2,0,278.0,8,88.5,100,DEV-8A7F5,0
TRX-52652,35.5,Beleza,Pix,Mobile,574.92,140.9,1,90.5,7,-141.94,582,DEV-4322F,0
TRX-52653,28.3,Vestuario,Cartao_Credito,Mobile,804.21,226.9,2,14.6,5,-64.57,477,DEV-95F2F,0
TRX-52654,19.0,eletronicos,Cartao_Credito,Mobile,178.79,699.1,0,175.3,5,128.14,142,DEV-D21A7,0
TRX-52655,34.5,Eletronicos,Cartao_Credito,Tablet,230.03,1151.7,0,168.6,1,-68.38,227,DEV-436E1,0
TRX-52656,32.3, ELETRONICOS ,Boleto,Desktop,655.48,1021.5,0,86.3,7,-100.99,604,DEV-616FB,0
TRX-52657,43.6,Eletronicos,Cartao_Credito,Desktop,58.83,1367.5,2,16.3,5,103.85,535,DEV-3C4C2,0
TRX-52658,,eletronicos,Cartao_Credito,Mobile,104.18,954.3,0,16.1,3,34.6,801,DEV-C122E,0
TRX-52659,33.7,Vestuario,Cartao_Credito,Mobile,1583.51,937.4,1,427.7,3,19.62,333,DEV-5714C,1
TRX-52660,,Vestuario,Pix,Tablet,1292.74,1572.2,0,48.7,4,52.49,985,DEV-BC0EB,0
TRX-52661,33.7,Eletronicos,Boleto,Desktop,82.68,1478.4,1,268.5,1,140.47,829,DEV-6AA4B,0
TRX-52662,38.4,eletronicos,Cartao_Credito,Mobile,1495.93,505.0,1,230.3,6,-255.78,624,DEV-DCF4F,1
TRX-52663,43.0,Eletronicos,Cartao_Credito,Mobile,747.72,1402.9,0,55.7,3,-37.52,104,DEV-9EB47,0
TRX-52664,45.5,Vestuario,Cartao_Credito,Mobile,1388.29,964.4,0,251.4,1,105.83,989,DEV-AC446,1
TRX-52665,44.4,Vestuario,Boleto,Desktop,1030.5,1588.5,0,20.8,3,4.23,635,DEV-9DE26,0
TRX-52666,30.8,Beleza,Cartao_Credito,Desktop,125.13,197.2,2,32.1,8,-64.95,843,DEV-CDF50,0
TRX-52667,46.5,Games,Pix,Mobile,1315.48,877.0,1,279.0,2,208.09,612,DEV-923C1,1
TRX-52668,46.8,Vestuario,Cartao_Credito,Mobile,2490.15,308.6,0,0.7,3,37.07,621,DEV-D0CA2,1
TRX-52669,39.3,Vestuario,Boleto,Mobile,1393.47,1676.4,1,39.4,5,-32.24,787,DEV-8735B,1
TRX-52670,37.9,Eletronicos,Pix,Tablet,159.14,14.8,0,126.0,5,-37.16,809,DEV-69296,1
TRX-52671,37.7,Games,Cartao_Credito,Desktop,48.23,762.9,0,258.6,4,76.96,476,DEV-45D58,0
TRX-52672,48.8,eletronicos,Cartao_Credito,Mobile,1127.27,749.0,0,135.4,3,135.06,777,DEV-ED200,0
TRX-52673,30.3,Eletronicos,Cartao_Credito,Mobile,955.75,757.7,1,158.6,2,-23.78,125,DEV-7564B,1
TRX-52674,28.2,eletronicos,Cartao_Credito,Mobile,3806.58,1747.2,0,54.3,2,195.8,495,DEV-F33E3,1
TRX-52675,28.3, ELETRONICOS ,Boleto,Mobile,1707.68,129.3,1,371.5,1,-94.92,603,DEV-6D5F9,1
TRX-52676,37.1, ELETRONICOS ,Boleto,Mobile,158.03,147.7,0,34.8,0,99.97,243,DEV-95808,0
TRX-52677,30.4,Vestuario,Cartao_Credito,Mobile,130.96,1034.9,0,116.4,1,13.05,536,DEV-6E5C9,0
TRX-52678,34.0,Vestuario,Voucher,Desktop,394.55,908.8,0,208.0,4,-28.08,136,DEV-61CB0,0
TRX-52679,36.9,Eletronicos,Voucher,Desktop,703.75,60.5,1,190.0,3,-27.97,694,DEV-296A2,0
TRX-52680,51.8,Games,Cartao_Credito,Mobile,300.16,1440.8,1,13.2,1,-45.51,636,DEV-76AD0,0
TRX-52681,21.0,Vestuario,Cartao_Credito,Desktop,393.3,932.4,1,57.4,2,-5.79,440,DEV-E677F,0
TRX-52682,25.8,eletronicos,Cartao_Credito,Mobile,455.84,272.3,0,41.4,3,145.97,792,DEV-4D68A,0
TRX-52683,44.8,Eletronicos,Cartao_Credito,Desktop,338.02,358.6,0,9.3,7,93.82,135,DEV-43A6E,0
TRX-52684,54.7,Vestuario,Cartao_Credito,Mobile,40.1,1603.4,0,179.6,1,-7.1,709,DEV-DD691,0
TRX-52685,42.9,Games,Cartao_Credito,Mobile,311.57,1109.0,0,157.7,4,-18.98,794,DEV-380D1,0
TRX-52686,26.6,Vestuario,Boleto,Mobile,163.7,443.4,0,32.1,2,33.19,735,DEV-4F7FE,0
TRX-52687,42.2,Vestuario,Pix,Desktop,86.2,1488.3,1,198.9,4,-4.2,739,DEV-D6830,0
TRX-52688,41.9,Eletronicos,Cartao_Credito,Mobile,229.99,682.0,1,14.9,3,-1.44,104,DEV-7A276,1
TRX-52689,44.7,Beleza,Voucher,Mobile,333.46,433.4,1,841.1,2,-47.06,176,DEV-C3F35,1
TRX-52690,40.8,Games,Cartao_Credito,Mobile,33.31,1137.9,0,117.1,2,74.86,570,DEV-C6F1E,0
TRX-52691,43.7,Beleza,Cartao_Credito,Desktop,1783.01,1167.8,1,40.4,7,-94.47,240,DEV-2255D,0
TRX-52692,44.9,Vestuario,Boleto,Desktop,67.07,1335.2,2,75.4,0,-29.92,246,DEV-2E0FF,0
TRX-52693,40.9,Eletronicos,Voucher,Desktop,199.33,776.3,0,162.4,3,124.11,471,DEV-56241,0
TRX-52694,45.3,Eletronicos,Voucher,Mobile,789.46,207.8,0,7.9,3,-87.09,897,DEV-2FE63,0
TRX-52695,34.1,Vestuario,Cartao_Credito,Mobile,2638.27,461.7,2,595.5,5,241.92,172,DEV-AEA3C,1
TRX-52696,31.6,Eletronicos,Cartao_Credito,Mobile,1395.81,263.2,1,90.2,3,34.77,134,DEV-53535,0
TRX-52697,20.6,Eletronicos,Cartao_Credito,Tablet,93.42,36.4,0,29.6,2,-72.29,857,DEV-57EF8,0
TRX-52698,43.4,Beleza,Cartao_Credito,SmartTV,236.57,78.7,0,211.6,4,85.87,270,DEV-576AD,0
TRX-52699,10.8,Vestuario,Cartao_Credito,SmartTV,62.35,1672.1,1,25.5,4,44.68,210,DEV-57696,0
TRX-52700,41.7,Eletronicos,Cartao_Credito,Mobile,650.89,1170.7,2,334.0,3,104.84,458,DEV-A497F,0
TRX-52701,23.9,Eletronicos,Voucher,Mobile,1096.18,1382.0,0,6.3,4,-35.8,563,DEV-A9E29,0
TRX-52702,24.2,Eletronicos,Cartao_Credito,Mobile,201.66,489.1,0,661.1,0,207.15,820,DEV-89838,1
TRX-52703,29.2,Vestuario,Boleto,Mobile,274.41,232.1,0,85.0,0,-234.19,548,DEV-4535B,0
TRX-52704,44.3, ELETRONICOS ,Boleto,Desktop,882.61,1740.6,0,9.1,3,106.38,433,DEV-BEB37,0
TRX-52705,41.3,Eletronicos,Cartao_Credito,Desktop,,1697.1,0,376.0,6,57.75,514,DEV-879B1,0
TRX-52706,,eletronicos,Pix,Mobile,260.69,188.0,3,86.1,4,139.29,441,DEV-91E70,0
TRX-52707,36.9,Eletronicos,Cartao_Credito,Tablet,701.62,1508.5,4,54.9,4,29.95,353,DEV-DD47C,1
TRX-52708,33.8, ELETRONICOS ,Boleto,Mobile,58.29,1251.2,0,224.0,2,-18.86,916,DEV-44507,0
TRX-52709,21.5,Eletronicos,Cartao_Credito,Mobile,1022.88,384.8,0,124.3,1,23.13,469,DEV-E5FD2,1
TRX-52710,37.5,eletronicos,Cartao_Credito,Mobile,94.3,613.0,1,159.5,1,-28.96,906,DEV-46003,0
TRX-52711,,Games,Cartao_Credito,SmartTV,74.06,1330.0,0,31.4,4,47.77,923,DEV-EFE68,0
TRX-52712,,eletronicos,Cartao_Credito,Mobile,522.06,1233.1,1,410.6,5,-40.25,698,DEV-DB718,0
TRX-52713,50.5, ELETRONICOS ,Voucher,Mobile,998.96,1127.1,1,259.4,4,-193.11,165,DEV-AF24A,0
TRX-52714,42.9,Eletronicos,Boleto,Mobile,413.97,1579.6,0,169.6,5,24.18,358,DEV-89933,0
TRX-52715,29.1,Eletronicos,Cartao_Credito,Desktop,92.59,1781.9,0,199.9,1,-153.44,767,DEV-787F6,0
TRX-52716,47.8,Beleza,Cartao_Credito,Desktop,442.47,598.5,1,393.6,5,-191.45,574,DEV-676CC,1
TRX-52717,50.0,Eletronicos,Boleto,Desktop,1901.99,658.3,0,83.1,1,17.24,920,DEV-B25EA,0
TRX-52718,32.7,Vestuario,Boleto,Mobile,607.49,662.0,1,163.8,1,-30.67,233,DEV-ADDD0,1
TRX-52719,41.3,Eletronicos,Cartao_Credito,Mobile,469.59,62.8,0,284.9,2,50.16,905,DEV-2B979,0
TRX-52720,38.0,Eletronicos,Cartao_Credito,Desktop,118.73,499.1,2,382.9,0,-91.58,897,DEV-B914E,1
TRX-52721,19.4,eletronicos,Cartao_Credito,Mobile,90.79,46.4,0,457.1,1,56.52,299,DEV-EA49B,0
TRX-52722,33.9,Eletronicos,Boleto,Desktop,974.74,242.4,2,160.2,2,-78.27,699,DEV-ACCAE,1
TRX-52723,44.1,Vestuario,Cartao_Credito,Mobile,1126.64,1549.1,1,127.1,3,-61.31,228,DEV-D2BE7,0
TRX-52724,37.4, ELETRONICOS ,Pix,Desktop,72.05,420.9,1,318.6,2,311.9,459,DEV-43141,1
TRX-52725,45.2, ELETRONICOS ,Boleto,Mobile,1570.15,624.6,4,57.9,0,-26.13,701,DEV-8EBF9,1
TRX-52726,38.7, ELETRONICOS ,Pix,Desktop,537.75,445.4,0,389.1,4,205.19,558,DEV-D4776,0
TRX-52727,32.7,Eletronicos,Boleto,Mobile,9999999.0,280.9,0,15.7,4,156.68,334,DEV-92A62,0
TRX-52728,50.4,Eletronicos,Cartao_Credito,Desktop,758.6,454.9,0,50.4,4,-33.95,531,DEV-77DE4,1
TRX-52729,32.0, ELETRONICOS ,Cartao_Credito,Mobile,313.42,1715.0,0,370.9,4,-235.6,669,DEV-793BB,0
TRX-52730,35.0,Beleza,Cartao_Credito,Desktop,1011.9,1483.4,0,334.9,3,108.68,377,DEV-43895,1
TRX-52731,49.9,Vestuario,Cartao_Credito,Mobile,1372.78,533.5,0,29.2,6,-87.41,761,DEV-A5951,0
TRX-52732,60.2,Games,Cartao_Credito,Mobile,259.06,1544.1,0,197.9,3,19.24,348,DEV-8E544,0
TRX-52733,44.5,Beleza,Cartao_Credito,Mobile,380.86,171.4,0,93.0,4,3.71,190,DEV-8883C,0
TRX-52734,34.9,Eletronicos,Pix,Desktop,119.92,1323.5,1,136.5,2,99.42,958,DEV-3E060,1
TRX-52735,31.9,eletronicos,Boleto,Desktop,1025.5,272.6,1,424.0,3,-199.75,837,DEV-396EF,1
TRX-52736,25.4,eletronicos,Boleto,Desktop,252.51,861.8,2,223.3,2,-61.23,374,DEV-4317A,1
TRX-52737,49.6,Vestuario,Cartao_Credito,Mobile,470.24,1027.8,0,74.7,6,-145.45,276,DEV-B2CF6,0
TRX-52738,46.8,Eletronicos,Cartao_Credito,Mobile,54.51,541.0,0,30.5,4,-4.69,722,DEV-4F368,0
TRX-52739,31.0,Beleza,Cartao_Credito,Mobile,470.1,178.6,2,462.1,4,-111.79,981,DEV-F0015,0
TRX-52740,31.8,Eletronicos,Pix,Mobile,42.76,1111.8,0,109.4,3,-25.9,391,DEV-8825A,0
TRX-52741,26.4,Games,Cartao_Credito,Mobile,,1572.0,0,52.1,4,53.27,448,DEV-625CA,0
TRX-52742,27.4,Games,Boleto,Mobile,61.67,1247.8,2,71.8,3,12.73,820,DEV-5F337,0
TRX-52743,32.5,Eletronicos,Boleto,Mobile,46.38,1421.1,0,10.8,2,-78.49,311,DEV-1D94B,0
TRX-52744,36.7,Games,Cartao_Credito,Desktop,136.23,1076.9,1,131.2,6,62.25,181,DEV-400B0,0
TRX-52745,, ELETRONICOS ,Cartao_Credito,Desktop,340.82,723.4,3,62.5,4,29.37,555,DEV-BDBA2,0
TRX-52746,30.0,Eletronicos,Cartao_Credito,Mobile,253.48,697.5,1,85.4,5,88.97,256,DEV-1AFCA,0
TRX-52747,52.0, ELETRONICOS ,Cartao_Credito,Mobile,211.52,907.8,1,276.9,5,123.99,258,DEV-AE56C,0
TRX-52748,38.9,Eletronicos,Pix,Mobile,256.56,1628.8,1,523.4,1,10.72,365,DEV-A51A9,1
TRX-52749,17.6,eletronicos,Boleto,Mobile,32.81,1672.8,2,7.4,1,-38.6,332,DEV-3F7C7,0
TRX-52750,46.3,Eletronicos,Pix,Desktop,1346.26,493.3,2,338.4,4,2.48,879,DEV-D0CDC,1
TRX-52751,21.9,Games,Cartao_Credito,Desktop,2769.2,564.0,1,4.7,3,-27.49,991,DEV-96C97,1
TRX-52752,56.4,Games,Cartao_Credito,Mobile,50.47,1208.8,1,77.6,2,189.16,338,DEV-A7C91,0
TRX-52753,,Eletronicos,Pix,Mobile,632.9,1329.9,1,97.1,1,-148.44,541,DEV-EF4E6,1
TRX-52754,50.7,Eletronicos,Pix,Mobile,1544.07,938.6,1,218.4,4,-11.62,427,DEV-9F2B3,0
TRX-52755,27.8,Vestuario,Cartao_Credito,Desktop,768.51,1271.1,0,411.4,6,-21.27,724,DEV-63321,0
TRX-52756,31.5,Beleza,Cartao_Credito,Desktop,125.94,1409.1,0,503.5,7,-132.97,437,DEV-82DD2,0
TRX-52757,36.8,Vestuario,Boleto,Desktop,967.81,1119.9,0,19.0,1,38.72,741,DEV-2C710,0
TRX-52758,34.9,Eletronicos,Cartao_Credito,Mobile,1715.21,338.4,0,358.2,3,-140.2,113,DEV-2655F,1
TRX-52759,33.2,Eletronicos,Cartao_Credito,Mobile,409.35,601.4,0,63.5,3,-87.01,562,DEV-392BA,0
TRX-52760,16.8,Beleza,Voucher,Desktop,801.2,883.6,0,299.0,4,214.82,159,DEV-6C2C0,0
TRX-52761,42.9,Eletronicos,Cartao_Credito,Mobile,644.5,1545.5,0,176.3,3,394.16,717,DEV-CA8FA,0
TRX-52762,39.5,Eletronicos,Cartao_Credito,Mobile,970.21,514.3,1,70.4,3,-10.46,551,DEV-613C8,0
TRX-52763,51.7,Eletronicos,Pix,Desktop,192.23,798.4,0,229.8,4,-98.84,479,DEV-356C9,0
TRX-52764,27.3,eletronicos,Cartao_Credito,Mobile,401.55,1585.1,1,30.7,5,-195.18,425,DEV-ADDD4,0
TRX-52765,33.9,Games,Pix,Desktop,162.49,27.7,0,90.0,3,57.16,964,DEV-D100A,0
TRX-52766,39.3,Beleza,Cartao_Credito,Mobile,536.84,314.5,1,63.6,1,114.17,621,DEV-EDE6D,0
TRX-52767,34.5,eletronicos,Cartao_Credito,Mobile,147.34,47.1,1,372.5,2,-105.0,394,DEV-3F945,1
TRX-52768,30.3,Vestuario,Pix,Mobile,1934.72,318.3,0,173.0,1,68.24,906,DEV-6D652,1
TRX-52769,33.6, ELETRONICOS ,Cartao_Credito,Mobile,694.14,964.8,0,569.1,3,-49.51,772,DEV-F3941,1
TRX-52770,44.5,Games,Cartao_Credito,Mobile,1466.27,277.8,0,118.9,2,-34.27,627,DEV-8B514,1
TRX-52771,42.5,Eletronicos,Cartao_Credito,Tablet,490.96,1265.1,0,219.1,4,-30.7,382,DEV-2A8CD,0
TRX-52772,46.4,Vestuario,Cartao_Credito,Tablet,1417.39,560.6,0,87.8,1,-6.63,527,DEV-E24F2,0
TRX-52773,28.1,Vestuario,Boleto,Mobile,60.2,748.3,1,159.2,2,39.38,918,DEV-B7353,0
TRX-52774,39.2,Beleza,Cartao_Credito,Desktop,1233.68,383.8,1,211.2,4,-72.84,335,DEV-431AB,1
TRX-52775,27.8,Games,Cartao_Credito,Mobile,578.62,1395.1,1,261.9,5,94.12,821,DEV-23559,0
TRX-52776,46.7,Eletronicos,Boleto,Mobile,387.45,969.0,0,61.1,4,-182.01,197,DEV-ED63A,0
TRX-52777,53.8,eletronicos,Cartao_Credito,Desktop,1532.03,1031.7,0,655.2,3,43.7,613,DEV-A7228,1
TRX-52778,36.4,Games,Cartao_Credito,Mobile,263.86,1255.7,2,9.0,1,101.36,490,DEV-76EDF,0
TRX-52779,24.0,Vestuario,Boleto,Mobile,45.26,1611.9,1,18.3,5,-18.34,357,DEV-D1B85,0
TRX-52780,28.5, ELETRONICOS ,Pix,Mobile,194.08,1275.4,0,28.1,6,-66.7,281,DEV-3D6A6,0
TRX-52781,22.4,Vestuario,Cartao_Credito,Mobile,160.95,784.2,0,101.2,5,29.77,716,DEV-3E9AF,0
TRX-52782,32.2, ELETRONICOS ,Cartao_Credito,Desktop,68.27,1528.2,0,25.3,6,110.54,402,DEV-D0420,0
TRX-52783,41.4,Vestuario,Cartao_Credito,Mobile,255.98,1606.2,0,55.3,1,8.37,919,DEV-EB6A2,0
TRX-52784,32.1,Vestuario,Pix,Desktop,1411.58,352.7,2,122.3,3,101.6,329,DEV-9ED38,1
TRX-52785,20.3,Games,Cartao_Credito,Mobile,1571.36,419.2,0,58.5,2,-75.67,225,DEV-A590A,0
TRX-52786,42.8,Eletronicos,Boleto,Mobile,1816.32,1300.0,0,256.4,3,107.46,761,DEV-30837,0
TRX-52787,22.6,Eletronicos,Cartao_Credito,Mobile,1449.02,1321.0,0,39.5,1,-201.44,996,DEV-4E6D3,1
TRX-52788,51.4,Eletronicos,Cartao_Credito,Mobile,965.33,1716.9,1,289.6,3,168.81,621,DEV-33BA1,1
TRX-52789,,Vestuario,Cartao_Credito,Desktop,523.07,935.1,1,102.8,5,79.7,581,DEV-4B52F,0
TRX-52790,37.4,eletronicos,Pix,Mobile,547.62,1446.0,0,141.3,6,105.42,629,DEV-C9612,0
TRX-52791,48.6,eletronicos,Cartao_Credito,Mobile,386.24,1569.2,0,7.8,2,-35.38,925,DEV-853BD,0
TRX-52792,53.5,Beleza,Cartao_Credito,Mobile,1223.91,164.9,1,59.0,8,-124.12,859,DEV-C055C,0
TRX-52793,21.5,Beleza,Voucher,Tablet,939.56,1426.5,0,32.0,2,-103.47,162,DEV-EC360,0
TRX-52794,13.0,eletronicos,Cartao_Credito,Mobile,246.49,1421.3,2,158.4,1,159.83,169,DEV-20502,1
TRX-52795,39.0,Eletronicos,Cartao_Credito,Desktop,1520.81,191.9,1,227.1,2,-69.44,294,DEV-B824C,1
TRX-52796,47.7, ELETRONICOS ,Cartao_Credito,Desktop,566.61,791.8,1,27.4,1,85.45,156,DEV-EC02C,0
TRX-52797,33.7,Eletronicos,Cartao_Credito,Desktop,,532.5,0,142.2,4,-70.61,123,DEV-E04AF,0
TRX-52798,49.5,Vestuario,Pix,Tablet,669.25,1328.7,0,20.3,4,-60.06,147,DEV-6F68F,0
TRX-52799,49.7,Eletronicos,Boleto,Desktop,480.15,638.0,1,155.4,4,-136.14,462,DEV-5CCA7,0
TRX-52800,60.1,Eletronicos,Cartao_Credito,Desktop,1804.36,494.1,1,21.1,2,229.86,255,DEV-DA076,0
TRX-52801,39.7,eletronicos,Cartao_Credito,Mobile,158.65,298.1,0,266.8,6,16.19,473,DEV-6945A,0
TRX-52802,14.9,Beleza,Pix,Tablet,72.26,369.9,0,169.8,5,-15.39,981,DEV-2789F,0
TRX-52803,32.2,Beleza,Cartao_Credito,Mobile,62.45,362.2,1,224.7,4,86.66,542,DEV-E20DD,0
TRX-52804,47.4,Beleza,Cartao_Credito,Desktop,213.84,578.2,1,46.3,8,74.9,684,DEV-310D2,0
TRX-52805,47.0,Beleza,Pix,Desktop,5141.71,1770.5,0,237.8,1,104.39,259,DEV-72C0A,1
TRX-52806,28.4,Games,Cartao_Credito,Desktop,940.19,1471.8,0,272.7,3,-46.01,383,DEV-5FED2,0
TRX-52807,37.5,Vestuario,Cartao_Credito,Mobile,511.9,1573.1,0,8.2,4,-49.65,623,DEV-2EA1C,0
TRX-52808,33.4,Eletronicos,Cartao_Credito,Mobile,130.8,550.3,0,77.2,2,-203.43,641,DEV-A415F,0
TRX-52809,27.3,Eletronicos,Boleto,Tablet,124.67,109.8,2,299.4,5,-230.82,970,DEV-B5D46,1
TRX-52810,42.6,Eletronicos,Cartao_Credito,Desktop,374.78,411.7,1,72.2,2,117.25,743,DEV-EA054,0
TRX-52811,30.2,eletronicos,Cartao_Credito,Mobile,242.84,1319.4,0,379.8,5,7.51,947,DEV-311AD,0
TRX-52812,33.5, ELETRONICOS ,Boleto,Mobile,600.73,698.4,2,15.8,2,-17.87,415,DEV-473DA,1
TRX-52813,24.6,Vestuario,Boleto,Desktop,,1249.1,2,133.0,5,-124.57,356,DEV-4EB2A,0
TRX-52814,53.2,eletronicos,Pix,Mobile,882.54,82.5,1,50.3,5,-22.22,849,DEV-D822C,1
TRX-52815,41.1,Vestuario,Pix,Desktop,665.3,1453.7,0,69.9,3,31.1,834,DEV-26BDE,0
TRX-52816,38.5,Eletronicos,Pix,Desktop,468.15,1310.7,0,123.0,4,-89.35,339,DEV-7F924,0
TRX-52817,33.3,Vestuario,Cartao_Credito,Mobile,724.62,1544.8,0,13.1,4,85.33,153,DEV-E058C,0
TRX-52818,,Beleza,Cartao_Credito,Desktop,207.31,885.4,0,70.7,5,10.7,404,DEV-C7966,0
TRX-52819,49.3,eletronicos,Cartao_Credito,Desktop,2259.62,580.3,1,13.8,7,-71.84,431,DEV-61D2E,1
TRX-52820,15.2,Eletronicos,Cartao_Credito,Desktop,902.42,187.5,0,42.6,3,-115.51,230,DEV-54EA4,0
TRX-52821,45.6,Vestuario,Cartao_Credito,Desktop,466.08,919.5,0,162.8,4,161.85,679,DEV-1899B,0
TRX-52822,31.2,eletronicos,Boleto,Mobile,161.86,1358.4,1,19.6,6,-12.78,103,DEV-C8494,0
TRX-52823,36.2,Eletronicos,Cartao_Credito,Mobile,24.28,1197.1,2,113.2,8,-232.25,416,DEV-D2FE8,0
TRX-52824,52.1,Vestuario,Boleto,Mobile,32.98,1603.8,1,200.4,4,-172.32,643,DEV-ABE0F,1
TRX-52825,56.2,Vestuario,Boleto,Mobile,210.19,1029.9,0,186.7,7,39.04,204,DEV-3E5B7,0
TRX-52826,47.9,Eletronicos,Pix,Mobile,524.0,265.9,0,11.0,0,-121.99,963,DEV-AF5DB,0
TRX-52827,31.1,Games,Cartao_Credito,Desktop,190.96,937.4,1,98.0,3,101.36,762,DEV-7D447,0
TRX-52828,29.0,Vestuario,Boleto,Mobile,477.02,1182.4,1,78.8,1,-55.96,572,DEV-6D02D,0
TRX-52829,59.0,eletronicos,Cartao_Credito,Desktop,267.0,231.1,2,18.1,1,-66.37,841,DEV-E0DE8,1
TRX-52830,22.3,Vestuario,Pix,Mobile,309.48,891.6,0,296.4,3,-26.49,273,DEV-E21C5,0
TRX-52831,27.5, ELETRONICOS ,Cartao_Credito,Desktop,1212.98,350.5,1,283.8,4,-58.8,781,DEV-723DD,0
TRX-52832,39.7,Beleza,Pix,Mobile,146.28,1055.4,1,293.1,2,21.61,483,DEV-9F5C6,1
TRX-52833,49.2,Vestuario,Boleto,Mobile,1687.84,930.0,0,1.2,5,166.8,507,DEV-3FC5E,0
TRX-52834,31.2,Eletronicos,Cartao_Credito,Mobile,961.12,648.2,0,41.0,3,-95.48,186,DEV-7FFA0,0
TRX-52835,30.6,Vestuario,Cartao_Credito,Mobile,956.06,1600.2,0,58.3,3,207.24,602,DEV-1E09D,0
TRX-52836,26.9,eletronicos,Pix,Mobile,1546.12,232.9,0,3.5,8,-140.78,950,DEV-E958F,0
TRX-52837,38.7,Vestuario,Boleto,Mobile,1230.44,881.5,0,516.2,7,-25.07,558,DEV-4BD94,1
TRX-52838,32.5,Vestuario,Cartao_Credito,Mobile,61.98,192.9,3,3.9,2,16.43,365,DEV-36BAB,0
TRX-52839,24.1,Vestuario,Cartao_Credito,Desktop,1590.27,1527.3,0,7.3,10,63.75,199,DEV-1E87E,0
TRX-52840,49.6,Eletronicos,Cartao_Credito,Desktop,658.64,1662.9,0,64.1,3,97.41,129,DEV-3DE73,0
TRX-52841,49.3,Eletronicos,Boleto,Desktop,402.12,1468.3,0,68.9,3,-69.7,366,DEV-7977D,0
TRX-52842,47.6,Vestuario,Boleto,Mobile,32.09,1207.2,2,380.4,2,151.63,566,DEV-BB3C8,0
TRX-52843,27.0, ELETRONICOS ,Boleto,Desktop,1385.26,335.4,0,81.8,4,88.39,736,DEV-7DEFC,0
TRX-52844,50.0, ELETRONICOS ,Cartao_Credito,Mobile,1140.23,850.0,0,72.9,4,206.4,884,DEV-3D198,0
TRX-52845,32.4,Eletronicos,Cartao_Credito,Desktop,565.32,1406.7,0,5.4,3,-51.36,534,DEV-4670F,0
TRX-52846,36.1,Beleza,Boleto,Mobile,110.35,18.1,0,10.5,8,-63.19,225,DEV-2C7F8,0
TRX-52847,37.8,Eletronicos,Cartao_Credito,Mobile,497.85,381.8,0,68.8,1,47.49,644,DEV-41D29,0
TRX-52848,43.8, ELETRONICOS ,Pix,Desktop,346.16,1021.6,0,471.5,1,-109.69,692,DEV-59282,0
TRX-52849,36.9,Eletronicos,Cartao_Credito,Mobile,559.79,1534.4,1,34.7,3,-80.83,617,DEV-A1257,0
TRX-52850,37.8,Eletronicos,Pix,Desktop,126.5,680.5,0,256.7,6,-46.86,371,DEV-868FD,0
TRX-52851,29.2,Vestuario,Pix,Mobile,457.83,1075.2,0,55.5,5,80.53,711,DEV-AE3AE,0
TRX-52852,36.6,eletronicos,Boleto,Desktop,863.82,69.4,1,143.6,3,-157.99,252,DEV-27887,0
TRX-52853,29.0,Games,Voucher,Mobile,422.43,1247.3,1,184.3,1,60.77,679,DEV-91AF0,1
TRX-52854,33.3,Eletronicos,Voucher,Desktop,1038.4,144.1,0,10.0,2,113.26,748,DEV-AABC8,0
TRX-52855,52.5,Beleza,Cartao_Credito,Mobile,268.15,906.1,2,182.8,2,24.06,491,DEV-BEB2A,1
TRX-52856,38.5,Beleza,Boleto,Desktop,75.47,686.4,0,154.5,1,24.46,117,DEV-3E34A,0
TRX-52857,42.7,eletronicos,Voucher,Mobile,527.1,1466.5,2,146.7,1,133.28,303,DEV-4D4F0,0
TRX-52858,38.4,Eletronicos,Boleto,Mobile,1806.75,122.7,2,96.0,3,-22.04,906,DEV-A1663,1
TRX-52859,51.8,Eletronicos,Pix,Desktop,623.16,1669.8,0,70.5,2,-290.83,825,DEV-8ECD8,0
TRX-52860,13.5,Games,Pix,Tablet,410.39,1625.4,0,85.4,5,-58.32,915,DEV-B3530,0
TRX-52861,37.0,eletronicos,Pix,Mobile,359.3,1536.5,0,32.8,1,-205.91,236,DEV-544A7,0
TRX-52862,39.7,Eletronicos,Pix,Desktop,970.93,831.7,0,181.5,0,-95.93,862,DEV-C1ABB,0
TRX-52863,40.7,eletronicos,Cartao_Credito,Desktop,640.13,1778.1,2,46.8,6,126.24,535,DEV-AB21F,0
TRX-52864,31.7,Beleza,Pix,Mobile,909.56,1086.3,0,166.3,6,17.68,131,DEV-31F17,0
TRX-52865,31.6,Beleza,Cartao_Credito,Desktop,90.22,364.2,1,305.9,2,-1.9,123,DEV-E7BE5,0
TRX-52866,42.5, ELETRONICOS ,Pix,Desktop,1238.03,170.5,0,420.5,2,12.09,964,DEV-58998,1
TRX-52867,,Eletronicos,Boleto,Mobile,1935.36,1360.6,1,131.1,3,-212.48,623,DEV-55E60,0
TRX-52868,30.8,Vestuario,Cartao_Credito,Desktop,337.41,377.0,0,444.3,3,-95.25,222,DEV-D8EEF,0
TRX-52869,47.4,eletronicos,Boleto,Tablet,529.89,157.8,0,13.5,4,-73.64,994,DEV-DEC05,0
TRX-52870,25.3,Eletronicos,Cartao_Credito,Mobile,56.83,1296.1,0,298.8,4,258.72,562,DEV-56A7C,0
TRX-52871,9.7,Beleza,Cartao_Credito,Desktop,2184.75,805.0,0,45.3,6,-49.94,503,DEV-E6F5B,1
TRX-52872,,Beleza,Pix,Mobile,768.72,1687.1,0,13.0,1,-164.98,698,DEV-7DA34,0
TRX-52873,39.0,Beleza,Boleto,Mobile,46.06,1618.5,1,147.6,2,-182.43,835,DEV-E7F62,0
TRX-52874,43.2,Eletronicos,Cartao_Credito,Desktop,276.43,862.5,0,99.7,4,-2.26,921,DEV-9C938,0
TRX-52875,25.7, ELETRONICOS ,Cartao_Credito,Desktop,369.76,1620.4,1,48.4,2,53.93,134,DEV-81C73,1
TRX-52876,36.3, ELETRONICOS ,Boleto,Desktop,365.65,1570.6,0,227.1,3,71.99,780,DEV-CA017,0
TRX-52877,29.1,Vestuario,Boleto,Mobile,151.12,1198.8,4,488.8,4,223.85,971,DEV-657A8,1
TRX-52878,22.9,Beleza,Pix,Tablet,,1612.2,0,32.0,4,16.32,246,DEV-DADB4,0
TRX-52879,22.4,Eletronicos,Boleto,Mobile,24.33,668.6,1,32.7,5,-193.15,338,DEV-D7E51,0
TRX-52880,43.8,eletronicos,Cartao_Credito,Desktop,20.38,1729.8,1,19.1,3,-68.3,657,DEV-32D3C,0
TRX-52881,21.2,Eletronicos,Voucher,Mobile,1016.28,1016.8,1,651.1,6,9.77,868,DEV-8F0F5,1
TRX-52882,44.7,Games,Cartao_Credito,Desktop,58.5,1239.8,2,84.6,2,-65.23,496,DEV-274D4,0
TRX-52883,48.5,Beleza,Cartao_Credito,Mobile,1852.6,464.6,2,61.4,7,10.62,931,DEV-B55A5,1
TRX-52884,18.3,Beleza,Pix,Mobile,,751.0,1,124.9,4,-210.46,539,DEV-90366,1
TRX-52885,44.9,Beleza,Cartao_Credito,Mobile,132.08,1003.8,1,231.7,4,-77.06,880,DEV-51F21,0
TRX-52886,31.1,Vestuario,Cartao_Credito,Mobile,2109.95,241.4,1,148.8,6,-75.51,865,DEV-7A84E,1
TRX-52887,29.4,Games,Cartao_Credito,Mobile,1068.2,1581.2,0,111.6,1,46.15,134,DEV-BEA81,0
TRX-52888,34.2, ELETRONICOS ,Voucher,Mobile,649.26,614.5,0,214.3,5,-58.47,412,DEV-1C5D8,0
TRX-52889,34.3,Vestuario,Pix,Mobile,26.38,1017.0,0,349.0,4,-55.69,285,DEV-D00A7,0
TRX-52890,35.5,Eletronicos,Boleto,Mobile,1106.09,1686.6,0,147.8,2,91.79,358,DEV-5DFDE,0
TRX-52891,23.8,Games,Cartao_Credito,Desktop,355.8,285.6,1,87.4,5,18.18,530,DEV-6BF75,1
TRX-52892,42.7, ELETRONICOS ,Boleto,Mobile,1054.81,513.5,2,90.0,6,-70.13,458,DEV-A8D17,0
TRX-52893,49.3,Games,Pix,Mobile,2220.27,53.0,1,11.4,5,-152.15,248,DEV-229A7,1
TRX-52894,35.9,Vestuario,Boleto,Tablet,198.02,1715.5,0,65.6,3,68.55,497,DEV-30E5B,0
TRX-52895,38.0,eletronicos,Cartao_Credito,Desktop,792.11,294.3,2,62.0,4,-175.5,510,DEV-36AB0,0
TRX-52896,34.1,eletronicos,Cartao_Credito,Mobile,601.3,671.3,1,265.2,5,-94.34,303,DEV-E97FD,1
TRX-52897,34.2,Eletronicos,Pix,Mobile,1408.21,681.0,0,291.6,5,-22.06,568,DEV-37E88,1
TRX-52898,36.6,eletronicos,Pix,Mobile,500.4,505.6,1,87.8,3,111.2,363,DEV-BE856,0
TRX-52899,,Eletronicos,Cartao_Credito,Desktop,433.76,1376.7,0,152.2,1,-14.49,556,DEV-55EB3,0
TRX-52900,57.1,Beleza,Boleto,Desktop,194.83,808.8,2,21.0,1,-70.55,777,DEV-CCC91,0
TRX-52901,39.4,Vestuario,Cartao_Credito,Mobile,577.83,563.4,0,91.0,3,78.86,894,DEV-2AB1F,0
TRX-52902,40.0,Eletronicos,Cartao_Credito,Desktop,1486.56,1162.5,0,281.5,3,23.27,273,DEV-1922E,1
TRX-52903,28.4,Eletronicos,Boleto,Mobile,994.18,712.4,0,17.8,6,104.5,451,DEV-AD5EB,0
TRX-52904,49.1,Eletronicos,Cartao_Credito,Desktop,472.78,34.4,1,98.5,5,-48.93,401,DEV-DECD4,1
TRX-52905,34.1,Eletronicos,Pix,Desktop,463.8,172.5,0,21.3,4,73.51,293,DEV-6BA08,0
TRX-52906,24.3,Vestuario,Cartao_Credito,Mobile,37.54,586.7,0,88.8,1,-76.67,329,DEV-6AAFF,0
TRX-52907,30.5, ELETRONICOS ,Cartao_Credito,Desktop,965.82,88.9,1,10.5,2,-227.05,291,DEV-C431A,1
TRX-52908,52.8,Vestuario,Pix,Desktop,1266.39,1282.5,0,68.3,3,-158.26,559,DEV-7E534,0
TRX-52909,39.7,Beleza,Cartao_Credito,Desktop,392.86,968.5,0,558.7,5,219.27,310,DEV-BD488,1
TRX-52910,,Games,Boleto,Desktop,1847.37,765.2,3,188.7,4,-29.11,440,DEV-DC05D,1
TRX-52911,24.5,Beleza,Cartao_Credito,Desktop,,327.9,0,327.4,3,132.96,979,DEV-E64D8,1
TRX-52912,59.5,Vestuario,Pix,Desktop,189.91,1577.7,1,321.2,4,8.92,279,DEV-29BCE,0
TRX-52913,33.5,Vestuario,Cartao_Credito,Mobile,331.87,898.0,1,334.3,5,34.68,859,DEV-8DD58,0
TRX-52914,34.5,Eletronicos,Pix,Desktop,922.77,14.2,0,53.1,4,-216.1,446,DEV-8D79E,0
TRX-52915,16.5,Vestuario,Boleto,Desktop,200.75,367.9,0,48.0,5,69.5,917,DEV-2C48F,0
TRX-52916,39.4, ELETRONICOS ,Cartao_Credito,Desktop,572.75,1239.6,1,71.1,4,10.09,202,DEV-4671C,0
TRX-52917,,Eletronicos,Cartao_Credito,Mobile,164.36,990.1,1,35.7,3,94.88,448,DEV-392E3,0
TRX-52918,34.7,Eletronicos,Cartao_Credito,Mobile,572.97,1516.8,0,78.6,6,41.04,179,DEV-25B99,0
TRX-52919,41.0, ELETRONICOS ,Boleto,Mobile,178.93,1794.3,1,107.9,5,-2.36,169,DEV-6A203,0
TRX-52920,50.4,Eletronicos,Cartao_Credito,Mobile,362.01,1372.5,0,74.3,6,-153.28,519,DEV-A1FC0,0
TRX-52921,39.5,Vestuario,Boleto,Desktop,339.89,371.4,0,88.3,2,-64.28,676,DEV-7CB06,0
TRX-52922,35.1,Eletronicos,Cartao_Credito,Mobile,138.54,206.6,1,348.3,4,33.91,561,DEV-860DB,1
TRX-52923,48.3, ELETRONICOS ,Pix,Desktop,373.61,479.5,0,9.1,2,165.39,546,DEV-F33CC,0
TRX-52924,38.4,Beleza,Boleto,Mobile,56.93,1640.3,1,252.1,1,38.21,916,DEV-96580,0
TRX-52925,42.1,Beleza,Cartao_Credito,Mobile,2876.42,397.7,1,324.7,8,-62.22,427,DEV-D8C0B,1
TRX-52926,50.3,Eletronicos,Boleto,Desktop,212.23,797.7,1,8.4,0,35.51,245,DEV-C91BC,0
TRX-52927,26.3,Beleza,Pix,Mobile,845.89,1138.0,3,38.3,4,-1.51,848,DEV-5BC77,0
TRX-52928,40.2,Beleza,Cartao_Credito,Mobile,829.42,1263.7,0,184.5,0,-135.69,497,DEV-D070D,1
TRX-52929,44.5, ELETRONICOS ,Cartao_Credito,Mobile,782.75,818.2,0,337.6,1,65.96,514,DEV-8A913,0
TRX-52930,29.4,eletronicos,Cartao_Credito,Mobile,1548.71,1206.6,0,61.3,4,-151.46,346,DEV-66ACB,0
TRX-52931,52.9,Games,Cartao_Credito,Mobile,90.57,1702.1,0,65.5,6,-11.65,555,DEV-DD86F,0
TRX-52932,40.2,Vestuario,Cartao_Credito,Desktop,52.27,379.5,0,357.4,6,24.7,929,DEV-24640,0
TRX-52933,47.2,eletronicos,Boleto,Mobile,48.45,822.4,1,40.4,6,-210.35,745,DEV-3648E,0
TRX-52934,28.0,Games,Boleto,Mobile,451.25,464.2,0,31.1,5,-13.51,149,DEV-B96A8,0
TRX-52935,18.9,eletronicos,Pix,Mobile,1617.93,15.8,2,166.7,4,-99.69,156,DEV-E4938,1
TRX-52936,27.8,Games,Boleto,Desktop,558.06,874.1,4,30.2,5,-83.48,360,DEV-8F6D5,0
TRX-52937,56.0,Eletronicos,Boleto,Mobile,313.67,777.8,0,48.8,5,-40.29,264,DEV-46F62,0
TRX-52938,24.0,Eletronicos,Pix,Desktop,429.78,1275.9,1,78.1,3,-3.65,624,DEV-801C7,0
TRX-52939,32.2,Games,Cartao_Credito,Mobile,202.57,490.3,2,14.7,3,64.04,581,DEV-8F529,0
TRX-52940,37.6,Vestuario,Boleto,Mobile,871.41,1367.6,1,156.1,2,-48.33,351,DEV-93001,1
TRX-52941,40.5,Vestuario,Cartao_Credito,Tablet,994.19,1035.8,0,256.4,6,163.68,835,DEV-EB196,0
TRX-52942,34.9,Beleza,Cartao_Credito,SmartTV,206.59,1104.2,0,261.3,4,-42.27,311,DEV-692A0,0
TRX-52943,43.0,Eletronicos,Cartao_Credito,Desktop,1015.07,1342.0,0,153.7,0,-189.37,503,DEV-217D1,1
TRX-52944,35.8,Eletronicos,Cartao_Credito,Mobile,196.52,1191.7,1,97.4,4,112.86,905,DEV-A39EF,0
TRX-52945,43.3, ELETRONICOS ,Pix,Mobile,332.89,1274.0,1,64.1,6,161.24,837,DEV-3762F,0
TRX-52946,29.5,Eletronicos,Cartao_Credito,Mobile,53.84,1485.4,1,1.0,4,106.27,657,DEV-A5430,0
TRX-52947,49.4,eletronicos,Cartao_Credito,Mobile,112.87,1607.4,1,328.0,4,-6.3,690,DEV-70684,0
TRX-52948,36.7, ELETRONICOS ,Pix,Mobile,255.06,405.1,2,3.3,4,-12.25,442,DEV-F2336,0
TRX-52949,45.5,Eletronicos,Pix,Mobile,474.17,1297.8,0,115.7,2,-105.74,419,DEV-1D226,0
TRX-52950,33.2,Vestuario,Cartao_Credito,Mobile,1304.71,321.8,0,28.4,1,-88.37,837,DEV-60073,1
TRX-52951,22.4,eletronicos,Pix,Mobile,1123.5,1789.4,0,144.1,3,24.39,723,DEV-45278,0
TRX-52952,44.6,Beleza,Cartao_Credito,Desktop,,541.6,0,14.8,3,-52.52,873,DEV-6D208,0
TRX-52953,27.0,Games,Boleto,SmartTV,265.3,835.0,0,121.9,2,-47.21,136,DEV-CB3DE,0
TRX-52954,39.4,Eletronicos,Cartao_Credito,Desktop,920.26,1371.7,0,231.4,4,31.72,983,DEV-D1854,0
TRX-52955,34.2,Beleza,Cartao_Credito,Mobile,725.41,1635.0,0,111.3,9,103.85,345,DEV-8379B,0
TRX-52956,29.0, ELETRONICOS ,Cartao_Credito,Desktop,359.37,1534.5,0,28.7,5,12.49,781,DEV-DD701,0
TRX-52957,19.9,Eletronicos,Cartao_Credito,SmartTV,981.95,1502.8,0,142.6,5,-24.93,790,DEV-4BE26,0
TRX-52958,33.5,Beleza,Pix,Mobile,705.56,585.5,3,127.3,0,-118.33,608,DEV-2EC74,1
TRX-52959,38.4, ELETRONICOS ,Cartao_Credito,Mobile,377.91,1152.6,0,330.7,5,91.6,162,DEV-9C4EA,1
TRX-52960,32.9,Vestuario,Cartao_Credito,Mobile,317.04,1530.8,0,5.5,4,-77.9,396,DEV-2803C,0
TRX-52961,34.3,Beleza,Pix,Desktop,988.62,1076.1,2,198.2,5,-82.68,795,DEV-2912A,1
TRX-52962,50.1,eletronicos,Boleto,Mobile,41.33,1042.6,0,85.2,4,-54.23,618,DEV-F3F51,0
TRX-52963,47.7,Eletronicos,Boleto,Mobile,125.58,1096.2,2,90.4,1,-224.21,298,DEV-1F3E6,0
TRX-52964,36.1,Eletronicos,Boleto,Tablet,76.93,167.6,0,519.4,2,179.49,484,DEV-191E7,0
TRX-52965,38.9,Games,Cartao_Credito,Desktop,,819.1,1,66.6,7,48.03,922,DEV-6946E,0
TRX-52966,33.5,Games,Cartao_Credito,Mobile,114.96,1104.6,0,134.3,3,127.83,519,DEV-A5012,0
TRX-52967,24.9,Eletronicos,Boleto,Desktop,561.95,445.2,1,45.6,3,9.32,755,DEV-BACA8,0
TRX-52968,24.8,Eletronicos,Cartao_Credito,Desktop,,33.4,2,69.7,7,257.15,906,DEV-A7D32,0
TRX-52969,52.0,Games,Boleto,Mobile,612.48,871.7,0,124.5,7,111.58,836,DEV-4546D,0
TRX-52970,22.7,Vestuario,Pix,Mobile,179.38,696.1,1,830.4,3,-147.07,790,DEV-8E750,1
TRX-52971,44.1,Beleza,Boleto,Mobile,349.54,1596.0,2,130.3,3,-40.87,149,DEV-A78C8,0
TRX-52972,32.8, ELETRONICOS ,Pix,Mobile,1269.78,1217.8,0,38.7,2,126.08,929,DEV-6B0C4,0
TRX-52973,,Eletronicos,Boleto,Mobile,1207.02,590.2,0,501.4,3,-226.27,367,DEV-F31E7,1
TRX-52974,, ELETRONICOS ,Cartao_Credito,Mobile,1218.04,693.2,1,46.5,2,1.1,923,DEV-2999A,0
TRX-52975,31.9,Eletronicos,Pix,Desktop,521.36,82.2,2,130.7,7,-271.31,810,DEV-DBF3D,0
TRX-52976,48.3,Beleza,Cartao_Credito,Mobile,443.45,57.9,2,6.1,4,-99.05,699,DEV-6C750,0
TRX-52977,26.3, ELETRONICOS ,Boleto,Desktop,354.12,1642.0,1,90.2,5,-263.71,256,DEV-68C85,0
TRX-52978,,Beleza,Pix,SmartTV,130.57,1043.7,1,426.3,3,-42.36,926,DEV-E1140,0
TRX-52979,31.3,Beleza,Cartao_Credito,Mobile,90.87,187.8,0,3.7,0,99.21,569,DEV-1B7CB,0
TRX-52980,42.0,Vestuario,Pix,Mobile,178.78,131.7,1,51.3,1,-8.67,852,DEV-A7CE7,1
TRX-52981,42.5,Vestuario,Cartao_Credito,Desktop,,513.9,0,156.2,8,91.83,831,DEV-D7C0C,0
TRX-52982,47.8,Beleza,Cartao_Credito,Mobile,1475.43,495.2,0,183.1,3,46.4,724,DEV-538C8,1
TRX-52983,,Beleza,Cartao_Credito,Desktop,890.12,1130.2,1,107.2,3,-29.43,827,DEV-21557,0
TRX-52984,31.8,Games,Cartao_Credito,Desktop,267.51,684.2,0,222.7,6,174.38,463,DEV-C0286,0
TRX-52985,30.2,Vestuario,Pix,Mobile,452.97,1138.1,1,55.7,2,47.97,276,DEV-36FA6,0
TRX-52986,17.0,Vestuario,Pix,Desktop,912.83,1752.1,1,60.5,4,94.17,508,DEV-B7B2A,0
TRX-52987,18.4, ELETRONICOS ,Boleto,Desktop,,855.4,0,120.0,5,152.18,767,DEV-50E68,0
TRX-52988,22.2,Vestuario,Cartao_Credito,Mobile,282.34,812.2,1,90.4,1,-8.79,919,DEV-53FA1,0
TRX-52989,41.6,Beleza,Cartao_Credito,Mobile,548.27,616.6,0,58.0,0,-20.63,832,DEV-AC17E,0
TRX-52990,30.2,eletronicos,Pix,Mobile,170.82,54.9,2,10.8,4,9.66,172,DEV-36883,0
TRX-52991,32.2,eletronicos,Cartao_Credito,Mobile,98.42,1297.4,2,5.3,7,53.18,765,DEV-E3155,0
TRX-52992,45.1,Beleza,Pix,Desktop,199.13,251.3,0,194.9,4,31.73,672,DEV-2F100,0
TRX-52993,44.3,Vestuario,Voucher,Desktop,619.79,271.1,1,24.6,0,78.79,494,DEV-F15B9,1
TRX-52994,38.3, ELETRONICOS ,Cartao_Credito,Desktop,91.49,375.1,0,16.8,2,-92.22,217,DEV-E5E1A,0
TRX-52995,14.5, ELETRONICOS ,Cartao_Credito,Mobile,115.22,54.7,0,116.4,3,-62.06,439,DEV-F37C2,0
TRX-52996,33.0, ELETRONICOS ,Cartao_Credito,Mobile,451.17,1194.7,1,196.0,4,42.23,889,DEV-27485,0
TRX-52997,38.0,Eletronicos,Cartao_Credito,Desktop,999.53,537.4,1,406.2,6,201.93,697,DEV-B9257,1
TRX-52998,37.0,Eletronicos,Pix,Mobile,83.11,496.4,1,147.0,1,-71.06,714,DEV-55457,0
TRX-52999,37.1,Eletronicos,Cartao_Credito,Mobile,,1488.8,0,404.6,4,120.08,861,DEV-590C7,0
TRX-53000,39.6,Vestuario,Cartao_Credito,Desktop,64.77,762.1,0,111.6,3,40.94,582,DEV-CCBBE,0
TRX-53001,18.9,Games,Cartao_Credito,Mobile,430.71,1682.2,0,138.1,4,196.2,509,DEV-600FA,0
TRX-53002,39.6,Beleza,Cartao_Credito,Desktop,719.14,998.9,0,242.4,3,115.14,641,DEV-37616,1
TRX-53003,57.8,Vestuario,Pix,Desktop,1502.98,55.4,0,163.9,1,-185.79,230,DEV-DD7B9,1
TRX-53004,28.6,Vestuario,Boleto,Mobile,141.38,594.3,0,110.5,4,-111.12,490,DEV-9ED7D,0
TRX-53005,35.4,Vestuario,Boleto,Desktop,1194.14,1784.4,1,114.9,7,-27.24,733,DEV-739C6,0
TRX-53006,21.8,Eletronicos,Cartao_Credito,Desktop,614.76,1062.3,0,115.0,5,-29.11,267,DEV-B995A,0
TRX-53007,45.6, ELETRONICOS ,Pix,Mobile,1569.35,259.2,0,64.7,3,31.84,229,DEV-94F80,0
TRX-53008,30.9,eletronicos,Pix,Tablet,378.35,804.9,1,80.4,7,89.13,282,DEV-7505B,0
TRX-53009,41.2, ELETRONICOS ,Pix,Mobile,350.13,1734.0,0,167.2,5,181.62,202,DEV-43B47,0
TRX-53010,44.0,Vestuario,Cartao_Credito,Mobile,335.76,1426.5,2,31.2,2,-22.92,761,DEV-BDEC7,0
TRX-53011,32.1,Eletronicos,Cartao_Credito,Mobile,798.6,1513.6,0,410.0,5,77.92,388,DEV-1C1B2,0
TRX-53012,47.3, ELETRONICOS ,Pix,Mobile,156.84,856.1,1,285.3,6,-188.53,569,DEV-8B6E4,0
TRX-53013,29.3,Games,Cartao_Credito,Desktop,84.52,848.5,1,134.2,7,-95.36,889,DEV-71B1A,0
TRX-53014,34.5,Vestuario,Pix,Mobile,353.59,399.0,1,80.9,4,-40.6,593,DEV-AE01F,0
TRX-53015,27.4,Vestuario,Cartao_Credito,Mobile,329.17,1657.7,1,300.1,7,36.3,224,DEV-5CD4E,0
TRX-53016,59.8, ELETRONICOS ,Cartao_Credito,Desktop,147.62,489.9,1,166.6,3,91.51,486,DEV-E10B5,0
TRX-53017,36.5,Beleza,Cartao_Credito,Desktop,109.56,621.8,0,280.1,6,13.03,931,DEV-901F3,0
TRX-53018,28.1, ELETRONICOS ,Cartao_Credito,Tablet,62.47,683.8,0,74.7,2,-35.12,469,DEV-CE640,0
TRX-53019,40.1,Eletronicos,Cartao_Credito,Desktop,89.85,449.9,0,280.3,1,72.69,976,DEV-1DF25,0
TRX-53020,30.6, ELETRONICOS ,Cartao_Credito,Mobile,844.35,459.4,0,6.5,4,-30.84,413,DEV-23A3A,0
TRX-53021,34.0,Eletronicos,Cartao_Credito,Desktop,159.23,1152.1,3,12.6,3,-55.83,678,DEV-B5D48,1
TRX-53022,35.7,Vestuario,Boleto,Mobile,90.45,1050.3,1,394.0,2,-99.83,853,DEV-50C3D,0
TRX-53023,43.1,Eletronicos,Cartao_Credito,Mobile,248.83,1729.7,2,79.0,2,114.27,924,DEV-A252C,0
TRX-53024,44.9,Vestuario,Cartao_Credito,Mobile,178.51,631.1,0,491.0,5,-38.27,780,DEV-61C93,1
TRX-53025,31.5,Games,Cartao_Credito,Mobile,21.6,1516.1,2,184.4,5,221.51,374,DEV-91E6F,0
TRX-53026,27.9,Beleza,Cartao_Credito,Mobile,,97.3,0,135.1,4,-15.23,549,DEV-8B8A9,0
TRX-53027,56.7,Vestuario,Boleto,Mobile,26.27,1633.6,1,83.2,5,-35.22,853,DEV-C9D1B,0
TRX-53028,46.4, ELETRONICOS ,Pix,Mobile,40.5,1573.9,0,391.8,2,165.83,514,DEV-CEEF7,0
TRX-53029,38.7,Games,Cartao_Credito,Mobile,985.29,1093.9,1,220.3,3,61.24,355,DEV-4A590,1
TRX-53030,44.5,Beleza,Cartao_Credito,Mobile,276.84,1038.4,0,93.3,3,-44.2,252,DEV-39FC8,0
TRX-53031,40.7,Games,Pix,Mobile,388.11,1462.9,1,56.3,3,142.17,592,DEV-B4C02,0
TRX-53032,49.9,Vestuario,Cartao_Credito,Mobile,629.17,916.0,1,115.8,3,57.17,457,DEV-376E9,0
TRX-53033,22.0,Beleza,Pix,Desktop,174.39,1240.7,1,150.9,3,79.68,314,DEV-BE2BA,0
TRX-53034,41.8,Eletronicos,Cartao_Credito,Desktop,904.81,118.6,1,142.1,6,129.98,243,DEV-8A134,0
TRX-53035,34.7, ELETRONICOS ,Cartao_Credito,Mobile,338.33,1520.1,0,129.9,2,155.06,440,DEV-ADD50,0
TRX-53036,31.2,Vestuario,Boleto,Mobile,1596.54,547.7,0,62.1,6,-80.76,415,DEV-DA12B,0
TRX-53037,44.9,Eletronicos,Pix,Mobile,75.58,1113.1,0,303.9,10,155.56,144,DEV-9486B,0
TRX-53038,35.6,Eletronicos,Cartao_Credito,Mobile,182.12,1209.8,1,207.9,3,142.07,385,DEV-50348,0
TRX-53039,35.4,Games,Boleto,Mobile,31.79,489.8,0,44.7,3,-6.68,725,DEV-48609,0
TRX-53040,39.8, ELETRONICOS ,Cartao_Credito,Mobile,86.7,475.5,0,155.5,1,156.75,910,DEV-61E47,0
TRX-53041,39.3,Eletronicos,Cartao_Credito,Mobile,431.41,1700.3,1,379.2,5,-92.65,236,DEV-7FFDA,0
TRX-53042,25.8,eletronicos,Cartao_Credito,Desktop,439.29,394.1,0,205.8,3,178.29,743,DEV-C5EF0,0
TRX-53043,32.5,Eletronicos,Cartao_Credito,SmartTV,146.36,805.4,0,285.0,3,-230.19,602,DEV-67D48,0
TRX-53044,35.3,Eletronicos,Cartao_Credito,Mobile,426.38,414.4,1,79.3,4,-256.11,879,DEV-C2281,0
TRX-53045,37.3,Eletronicos,Cartao_Credito,Desktop,474.43,1531.4,1,122.7,4,108.83,179,DEV-4D85D,0
TRX-53046,39.2,Eletronicos,Cartao_Credito,Desktop,4020.26,57.8,0,47.7,3,-70.56,653,DEV-B20A9,1
TRX-53047,30.6, ELETRONICOS ,Cartao_Credito,Mobile,2753.59,308.2,0,35.7,3,153.14,259,DEV-C9D7C,1
TRX-53048,37.5,eletronicos,Pix,Mobile,1156.71,797.7,2,176.6,3,-51.0,401,DEV-869A4,1
TRX-53049,47.5,Eletronicos,Cartao_Credito,Mobile,1820.72,456.6,0,107.3,5,-166.11,634,DEV-B1E54,0
TRX-53050,51.1,Eletronicos,Boleto,SmartTV,1045.22,151.3,1,108.7,4,89.35,483,DEV-30084,0
TRX-53051,32.0,Vestuario,Cartao_Credito,Desktop,435.94,1093.4,2,54.5,2,110.35,252,DEV-55443,0
TRX-53052,34.4,Vestuario,Voucher,Mobile,173.05,884.8,1,16.4,3,-331.89,209,DEV-94DFB,0
TRX-53053,29.5,Eletronicos,Boleto,Mobile,1113.95,955.2,0,125.5,3,27.62,859,DEV-469EE,0
TRX-53054,17.3, ELETRONICOS ,Cartao_Credito,Mobile,312.92,330.7,0,107.0,4,-46.91,140,DEV-52309,0
TRX-53055,39.7,Eletronicos,Boleto,Desktop,366.33,19.5,0,112.8,4,19.65,531,DEV-7F172,0
TRX-53056,40.1,Games,Boleto,Tablet,761.26,442.6,0,20.9,5,-161.59,284,DEV-7CE8D,0
TRX-53057,32.6,Beleza,Boleto,Desktop,1618.09,342.6,0,292.1,3,-25.45,866,DEV-B651C,1
TRX-53058,34.8,eletronicos,Cartao_Credito,Mobile,284.44,1734.1,1,11.6,6,2.1,372,DEV-281FA,0
TRX-53059,48.6,Beleza,Cartao_Credito,Tablet,1576.16,433.7,0,227.2,4,-90.15,141,DEV-9BFB1,1
TRX-53060,46.5,eletronicos,Boleto,Mobile,1395.22,1018.2,0,62.2,2,6.13,478,DEV-D0FD6,0
TRX-53061,22.4,Beleza,Cartao_Credito,Desktop,1049.43,1560.5,1,362.3,5,-203.82,295,DEV-DD31A,1
TRX-53062,31.8,Vestuario,Cartao_Credito,Desktop,1173.56,599.8,0,90.6,2,-78.6,509,DEV-ECC01,1
TRX-53063,31.6, ELETRONICOS ,Cartao_Credito,Mobile,321.27,1320.7,0,313.5,1,-240.36,103,DEV-652C2,0
TRX-53064,29.0, ELETRONICOS ,Pix,Mobile,699.18,371.0,1,10.9,3,-11.34,426,DEV-9CDA5,0
TRX-53065,41.4,Eletronicos,Pix,Desktop,1888.31,508.1,1,183.6,3,-255.45,396,DEV-4941F,1
TRX-53066,35.7,Eletronicos,Pix,Mobile,1140.04,1799.0,1,93.8,5,164.76,161,DEV-8F45C,1
TRX-53067,44.7, ELETRONICOS ,Pix,Tablet,164.93,1552.7,1,94.9,3,166.31,249,DEV-6D510,0
TRX-53068,49.2,eletronicos,Cartao_Credito,Desktop,1874.3,409.3,0,553.1,6,182.52,209,DEV-8E327,1
TRX-53069,36.2,Eletronicos,Boleto,Mobile,2104.45,1337.8,0,43.0,1,-242.81,746,DEV-92E9E,0
TRX-53070,,eletronicos,Pix,Desktop,,92.5,0,231.6,3,-30.97,454,DEV-B1F0D,1
TRX-53071,36.5,Beleza,Cartao_Credito,Mobile,1715.13,547.6,2,117.5,5,-6.35,955,DEV-E127D,0
TRX-53072,53.1,Eletronicos,Cartao_Credito,Desktop,835.85,408.0,2,76.8,3,-94.58,224,DEV-E83CD,0
TRX-53073,27.7,Eletronicos,Voucher,Mobile,271.69,172.4,0,63.3,6,-63.94,481,DEV-3DCC0,0
TRX-53074,46.6,Beleza,Voucher,Tablet,153.64,846.0,1,19.9,1,-172.07,786,DEV-1F66A,0
TRX-53075,41.9,Beleza,Boleto,Desktop,533.27,1451.9,0,464.9,6,33.19,758,DEV-A5605,0
TRX-53076,24.0, ELETRONICOS ,Voucher,Desktop,255.57,1500.5,2,14.7,4,203.97,212,DEV-811C3,0
TRX-53077,29.8,Vestuario,Boleto,Desktop,231.08,1124.2,0,28.3,4,139.2,889,DEV-3093A,0
TRX-53078,37.1,eletronicos,Boleto,Desktop,441.21,1269.8,0,189.3,4,-67.93,691,DEV-4D0E6,0
TRX-53079,41.2, ELETRONICOS ,Cartao_Credito,Desktop,36.89,1265.2,1,830.3,3,130.08,106,DEV-6DA1C,1
TRX-53080,33.8,Eletronicos,Cartao_Credito,Desktop,769.16,108.2,0,102.2,3,4.59,470,DEV-3AE98,0
TRX-53081,26.7, ELETRONICOS ,Boleto,Mobile,438.62,631.2,1,4.4,2,-193.41,831,DEV-4CEF1,0
TRX-53082,15.2, ELETRONICOS ,Cartao_Credito,Desktop,757.43,102.5,1,36.5,6,-175.79,778,DEV-B5F3A,0
TRX-53083,23.1,Eletronicos,Cartao_Credito,Mobile,766.37,1213.2,1,79.9,4,-70.14,757,DEV-EB817,0
TRX-53084,38.4,Eletronicos,Boleto,Mobile,232.34,525.9,3,472.5,4,205.3,340,DEV-B8DE5,1
TRX-53085,49.2, ELETRONICOS ,Cartao_Credito,Desktop,257.49,681.6,0,20.9,0,-150.13,665,DEV-BC0A4,0
TRX-53086,49.2,Eletronicos,Cartao_Credito,Mobile,139.17,462.5,2,349.0,4,68.89,508,DEV-761B1,1
TRX-53087,40.7,Games,Cartao_Credito,Desktop,413.29,323.8,1,44.2,2,149.95,791,DEV-27596,0
TRX-53088,34.2,Vestuario,Boleto,Desktop,2538.35,276.1,1,1.9,4,119.31,175,DEV-8F401,1
TRX-53089,21.4,Games,Cartao_Credito,Mobile,982.84,726.0,2,12.6,6,-243.55,251,DEV-888AA,0
TRX-53090,,Eletronicos,Pix,Mobile,50.87,1108.0,3,120.5,5,-261.61,351,DEV-CF0C2,1
TRX-53091,12.3,Eletronicos,Boleto,Mobile,270.05,130.4,1,517.9,4,-10.19,333,DEV-84B52,1
TRX-53092,20.8,Eletronicos,Pix,Desktop,189.58,505.0,0,65.9,0,112.12,796,DEV-54EB6,0
TRX-53093,33.7,Beleza,Pix,Mobile,223.8,327.1,1,84.4,3,-79.81,457,DEV-D28EB,0
TRX-53094,37.1, ELETRONICOS ,Pix,Desktop,563.55,364.8,2,211.6,3,-68.5,122,DEV-6E9C2,0
TRX-53095,46.2,Eletronicos,Cartao_Credito,Mobile,170.93,1627.6,0,85.6,5,-9.97,984,DEV-7EF0D,0
TRX-53096,29.3, ELETRONICOS ,Boleto,Desktop,106.92,514.4,1,360.0,4,56.17,615,DEV-1FD84,0
TRX-53097,44.9, ELETRONICOS ,Pix,Mobile,490.16,319.2,2,595.5,2,3.18,951,DEV-E9181,1
TRX-53098,25.3, ELETRONICOS ,Cartao_Credito,Mobile,915.61,1082.8,0,137.9,4,-38.73,677,DEV-3E236,0
TRX-53099,,Beleza,Pix,Desktop,954.0,465.6,1,4.8,0,71.25,501,DEV-29444,1
TRX-53100,39.5,Games,Voucher,Mobile,836.82,971.6,0,18.9,3,-75.29,512,DEV-D6C3E,0
TRX-53101,20.8,Vestuario,Cartao_Credito,SmartTV,,662.0,0,8.6,5,124.71,929,DEV-4952D,0
TRX-53102,28.3,Vestuario,Boleto,Desktop,2528.09,798.4,1,174.6,3,62.53,391,DEV-662CA,1
TRX-53103,19.8,Eletronicos,Pix,Desktop,927.58,387.8,1,29.5,5,-30.85,127,DEV-AF5CE,0
TRX-53104,51.0,Beleza,Cartao_Credito,Mobile,89.55,234.9,0,104.3,4,43.98,433,DEV-98D00,0
TRX-53105,44.6,Eletronicos,Pix,Mobile,940.5,1643.8,0,31.7,2,-90.59,755,DEV-38453,0
TRX-53106,42.0,Eletronicos,Cartao_Credito,Desktop,1737.85,294.2,1,256.3,3,-104.01,792,DEV-C6280,1
TRX-53107,28.8,Vestuario,Pix,Desktop,1075.8,1639.9,0,88.6,3,221.57,328,DEV-842CE,0
TRX-53108,43.7,Vestuario,Cartao_Credito,Desktop,597.27,481.9,0,732.9,3,255.64,642,DEV-A382E,0
TRX-53109,23.1,Vestuario,Cartao_Credito,Mobile,253.83,1042.9,0,80.1,5,111.29,882,DEV-A3CEE,0
TRX-53110,,Vestuario,Pix,Mobile,,453.1,0,337.6,5,186.09,937,DEV-90EE3,0
TRX-53111,20.6,Beleza,Boleto,Tablet,1456.26,915.7,1,119.1,3,-169.41,871,DEV-64E29,1
TRX-53112,45.6,Beleza,Cartao_Credito,Mobile,797.37,463.8,2,141.4,3,-162.05,149,DEV-AFDA9,1
TRX-53113,59.9,Eletronicos,Cartao_Credito,Mobile,758.37,87.2,1,5.2,8,59.15,472,DEV-BA414,0
TRX-53114,44.3,Vestuario,Pix,Mobile,218.37,663.8,0,108.6,5,17.49,539,DEV-70AFC,0
TRX-53115,50.6,Eletronicos,Boleto,Desktop,,1490.0,1,225.3,1,48.03,873,DEV-84891,0
TRX-53116,17.9,Vestuario,Boleto,Mobile,683.66,121.9,2,100.7,2,67.49,284,DEV-519D1,1
TRX-53117,46.2,Beleza,Boleto,Tablet,21.41,1462.8,0,33.9,2,73.52,887,DEV-9BD9F,0
TRX-53118,30.3,Vestuario,Cartao_Credito,Desktop,40.69,644.1,1,204.4,5,-56.0,221,DEV-7C328,0
TRX-53119,24.5,Eletronicos,Boleto,Mobile,780.97,505.4,0,349.8,5,213.05,357,DEV-A6552,1
TRX-53120,47.0,Vestuario,Cartao_Credito,Mobile,109.51,1597.5,0,587.6,1,-190.09,351,DEV-46A8E,1
TRX-53121,29.5,Eletronicos,Cartao_Credito,Mobile,139.9,176.9,1,350.5,5,-158.37,426,DEV-3C892,0
TRX-53122,32.9,Eletronicos,Cartao_Credito,Mobile,1000.18,168.4,1,125.1,7,-88.28,718,DEV-875A5,1
TRX-53123,, ELETRONICOS ,Cartao_Credito,Desktop,335.91,1639.0,0,72.0,4,-170.53,871,DEV-6BF9A,0
TRX-53124,44.0,Vestuario,Pix,Mobile,417.78,1513.1,1,147.5,2,-19.97,442,DEV-58004,0
TRX-53125,31.4,eletronicos,Cartao_Credito,Mobile,,855.4,1,104.3,3,171.22,123,DEV-6F3D2,1
TRX-53126,30.0, ELETRONICOS ,Boleto,Desktop,1426.26,117.5,0,266.5,1,-18.83,553,DEV-2286F,1
TRX-53127,,Beleza,Cartao_Credito,Mobile,1387.22,343.9,1,118.9,9,-178.61,703,DEV-E8F7B,0
TRX-53128,29.1,Vestuario,Cartao_Credito,Mobile,580.25,770.1,0,48.6,1,-104.46,221,DEV-3A7A7,0
TRX-53129,39.4, ELETRONICOS ,Voucher,Desktop,661.69,1743.6,0,354.7,4,-213.8,579,DEV-781DD,1
TRX-53130,41.2,eletronicos,Pix,Mobile,227.41,441.8,1,137.8,6,116.15,562,DEV-8DCEB,0
TRX-53131,46.6,Eletronicos,Cartao_Credito,Desktop,2673.92,96.9,0,157.5,1,62.41,179,DEV-6B54F,1
TRX-53132,46.8,Beleza,Cartao_Credito,Mobile,860.7,1407.1,0,64.8,2,80.27,185,DEV-81BEA,0
TRX-53133,36.4, ELETRONICOS ,Cartao_Credito,Desktop,1536.53,1729.6,0,181.1,3,2.27,822,DEV-E782D,0
TRX-53134,45.7,Beleza,Cartao_Credito,Mobile,679.5,758.1,1,16.4,3,192.23,119,DEV-C69D6,0
TRX-53135,26.0,Eletronicos,Pix,SmartTV,598.58,1300.6,0,83.1,4,9.5,478,DEV-399E2,0
TRX-53136,38.2,Beleza,Cartao_Credito,Mobile,305.33,1449.8,0,67.3,2,-143.89,603,DEV-42B5F,0
TRX-53137,41.0,Eletronicos,Cartao_Credito,Mobile,1407.24,489.9,0,92.6,5,2.44,351,DEV-7F802,0
TRX-53138,44.6,Eletronicos,Pix,Mobile,75.71,1552.7,1,102.7,4,220.57,904,DEV-DB097,0
TRX-53139,34.7, ELETRONICOS ,Cartao_Credito,Mobile,919.82,1446.9,3,11.5,6,30.29,354,DEV-8C1A5,0
TRX-53140,14.3,Beleza,Cartao_Credito,Desktop,289.56,260.8,1,346.2,0,97.01,702,DEV-4467C,1
TRX-53141,57.6,Games,Cartao_Credito,Mobile,629.47,1375.8,0,117.5,1,61.02,398,DEV-2BB00,0
TRX-53142,29.7,Vestuario,Cartao_Credito,Mobile,256.69,303.8,0,82.8,2,83.87,105,DEV-7B863,0
TRX-53143,45.2,Vestuario,Cartao_Credito,Desktop,782.5,440.4,0,78.0,4,8.59,914,DEV-978F3,0
TRX-53144,46.4,Eletronicos,Boleto,Desktop,897.31,229.3,1,68.9,3,-78.94,255,DEV-8A47C,0
TRX-53145,42.0,Vestuario,Pix,Mobile,49.75,1666.1,0,14.7,4,19.47,413,DEV-53873,0
TRX-53146,49.0,Beleza,Boleto,SmartTV,72.71,111.7,1,118.0,4,-23.59,918,DEV-A211B,0
TRX-53147,17.2,Vestuario,Cartao_Credito,Mobile,888.46,1621.2,1,24.1,3,5.87,536,DEV-467EC,0
TRX-53148,48.2, ELETRONICOS ,Pix,Mobile,540.14,41.8,0,213.2,2,-69.25,975,DEV-EB8C5,1
TRX-53149,18.4, ELETRONICOS ,Boleto,Mobile,511.63,936.8,2,29.0,2,124.88,355,DEV-AF23F,0
TRX-53150,35.2,Vestuario,Boleto,Desktop,563.34,1112.7,0,63.1,0,72.4,669,DEV-C01E7,0
TRX-53151,52.5,Vestuario,Boleto,Mobile,268.71,1355.7,1,910.3,4,-81.42,483,DEV-82E76,1
TRX-53152,34.8,Vestuario,Cartao_Credito,SmartTV,202.69,721.0,1,19.1,3,6.58,526,DEV-27AC3,0
TRX-53153,39.5,Eletronicos,Pix,Mobile,27.08,1161.8,1,180.0,1,132.01,745,DEV-8B710,0
TRX-53154,14.4,Vestuario,Pix,Mobile,,533.5,2,154.0,5,-107.01,354,DEV-5AE4F,0
TRX-53155,47.2, ELETRONICOS ,Boleto,SmartTV,992.21,1147.2,0,118.0,4,-47.87,639,DEV-8B65B,0
TRX-53156,36.8,Eletronicos,Pix,Mobile,2977.87,1103.1,2,75.5,6,-227.48,190,DEV-D1F56,1
TRX-53157,62.4,Games,Cartao_Credito,Mobile,284.41,802.8,0,5.0,4,-20.32,504,DEV-322A5,0
TRX-53158,20.1,Games,Cartao_Credito,Desktop,1574.94,1618.9,0,162.3,5,88.29,858,DEV-C2DAC,0
TRX-53159,28.8,Eletronicos,Cartao_Credito,Mobile,37.22,244.1,0,13.7,4,95.38,435,DEV-CB66C,0
TRX-53160,25.5,Beleza,Boleto,Mobile,1505.73,1640.4,0,635.0,8,-19.28,601,DEV-B7AF5,0
TRX-53161,50.4,Vestuario,Cartao_Credito,Mobile,625.86,1114.2,0,39.8,3,-126.82,689,DEV-E8EE7,0
TRX-53162,36.5, ELETRONICOS ,Voucher,Desktop,895.22,1717.8,3,33.1,2,-62.46,705,DEV-46255,0
TRX-53163,58.1,Vestuario,Cartao_Credito,Desktop,953.12,465.6,0,100.5,1,204.06,408,DEV-3A44D,1
TRX-53164,33.9, ELETRONICOS ,Pix,SmartTV,434.38,1214.6,1,360.4,5,302.28,507,DEV-6BF6C,0
TRX-53165,30.1,Eletronicos,Pix,Mobile,2065.27,603.9,0,78.6,8,-0.18,816,DEV-28EB2,1
TRX-53166,41.7,eletronicos,Pix,Mobile,57.74,525.4,0,245.6,3,3.69,869,DEV-26865,0
TRX-53167,42.8,Eletronicos,Cartao_Credito,Mobile,25.32,1589.1,1,131.2,2,-31.18,695,DEV-436E1,0
TRX-53168,35.6,Eletronicos,Boleto,Mobile,1090.61,1359.9,0,35.4,1,-226.65,265,DEV-7B5A2,0
TRX-53169,51.8,Games,Cartao_Credito,Mobile,190.0,89.2,0,370.5,5,153.24,526,DEV-B9335,0
TRX-53170,17.0, ELETRONICOS ,Boleto,Mobile,1511.57,157.5,0,350.4,0,8.78,800,DEV-984C7,1
TRX-53171,23.7,Eletronicos,Cartao_Credito,SmartTV,1597.11,150.3,0,49.7,6,221.06,516,DEV-567AC,0
TRX-53172,51.1,Vestuario,Cartao_Credito,Mobile,213.59,1418.8,0,31.3,2,187.63,931,DEV-3AC63,0
TRX-53173,35.1,Eletronicos,Cartao_Credito,Mobile,150.23,944.3,0,99.6,3,-67.07,602,DEV-2B810,0
TRX-53174,42.5, ELETRONICOS ,Cartao_Credito,Desktop,849.15,911.8,0,123.3,3,31.52,601,DEV-EF4C1,0
TRX-53175,26.3,Beleza,Pix,Tablet,629.31,1216.2,0,243.7,1,96.58,636,DEV-E9BCE,0
TRX-53176,36.7,Eletronicos,Cartao_Credito,Mobile,337.88,665.2,2,2.1,3,-344.63,275,DEV-F0E72,0
TRX-53177,39.2,Beleza,Boleto,Mobile,265.61,1723.6,0,158.1,3,46.16,261,DEV-9306A,0
TRX-53178,47.6,Eletronicos,Cartao_Credito,Desktop,638.8,566.4,1,0.1,0,60.92,214,DEV-91FAB,0
TRX-53179,30.3,Eletronicos,Voucher,Mobile,1800.29,1003.3,0,37.2,2,-95.15,576,DEV-C4670,0
TRX-53180,46.7, ELETRONICOS ,Cartao_Credito,Mobile,333.98,576.1,1,231.9,2,-65.64,201,DEV-956D9,0
TRX-53181,19.4,Eletronicos,Cartao_Credito,Tablet,331.74,365.5,0,312.9,1,-4.4,811,DEV-F1BF3,1
TRX-53182,30.8,Beleza,Cartao_Credito,Desktop,52.04,1423.7,0,57.0,2,34.64,429,DEV-5264D,0
TRX-53183,43.4,Vestuario,Voucher,Desktop,969.82,258.7,0,34.0,2,72.57,133,DEV-79D01,0
TRX-53184,,Vestuario,Cartao_Credito,Mobile,213.21,671.4,0,11.8,3,92.31,353,DEV-A2EB6,0
TRX-53185,43.0,Eletronicos,Cartao_Credito,Mobile,427.17,1664.0,0,95.8,5,24.34,528,DEV-3F93D,0
TRX-53186,45.7,Eletronicos,Boleto,Mobile,1885.64,1451.4,2,44.3,4,216.61,431,DEV-CC6D0,1
TRX-53187,26.7,Games,Pix,Mobile,209.61,225.2,1,47.6,3,-103.3,446,DEV-656D2,0
TRX-53188,26.1,Beleza,Pix,Mobile,802.3,692.0,2,258.4,4,-180.62,204,DEV-381D7,1
TRX-53189,56.4, ELETRONICOS ,Cartao_Credito,Desktop,321.09,801.9,1,133.1,4,33.84,318,DEV-D50C9,0
TRX-53190,38.7,Beleza,Cartao_Credito,Mobile,345.47,1269.4,0,22.0,5,-77.92,303,DEV-7AC33,0
TRX-53191,56.6,Eletronicos,Pix,Mobile,759.78,1657.6,1,21.5,3,-151.71,813,DEV-5AA4B,0
TRX-53192,25.7,Beleza,Boleto,Mobile,128.63,1480.4,1,0.8,5,-1.81,217,DEV-A8BA7,0
TRX-53193,33.9,Beleza,Cartao_Credito,Mobile,37.79,829.2,0,278.0,3,25.09,409,DEV-2E3F0,0
TRX-53194,28.4,Games,Boleto,Mobile,300.77,1494.0,0,244.0,4,47.78,379,DEV-5ADAB,0
TRX-53195,33.9,Games,Pix,Desktop,893.22,700.3,0,218.6,6,72.5,952,DEV-AAC54,0
TRX-53196,45.7,Games,Cartao_Credito,Mobile,359.25,811.0,0,68.3,1,-100.74,312,DEV-C6AF7,0
TRX-53197,38.8, ELETRONICOS ,Cartao_Credito,Mobile,99.64,1795.7,0,343.3,5,-308.65,307,DEV-E11F2,0
TRX-53198,39.9,eletronicos,Cartao_Credito,Desktop,563.06,364.1,2,72.1,4,-24.36,454,DEV-5836F,1
TRX-53199,, ELETRONICOS ,Pix,Mobile,39.29,992.9,0,65.4,6,21.81,177,DEV-80D6D,0
TRX-53200,30.0,eletronicos,Pix,Mobile,246.62,979.3,0,65.5,5,-178.86,370,DEV-E64B1,0
TRX-53201,30.5,Games,Cartao_Credito,Desktop,193.97,260.3,3,136.1,3,-61.7,430,DEV-444A6,1
TRX-53202,38.7,Beleza,Cartao_Credito,Desktop,346.44,1195.6,1,71.2,7,-29.66,350,DEV-2A3F3,0
TRX-53203,50.1,Eletronicos,Voucher,Mobile,935.85,931.7,2,50.3,4,27.66,815,DEV-40709,0
TRX-53204,25.2,Vestuario,Boleto,Mobile,314.38,1450.1,1,126.8,1,0.68,626,DEV-39110,0
TRX-53205,53.0,Vestuario,Cartao_Credito,Desktop,,1314.7,0,201.1,3,180.45,154,DEV-877CE,0
TRX-53206,27.9,Eletronicos,Boleto,Mobile,223.77,1429.3,0,26.5,7,30.1,538,DEV-AC2A4,0
TRX-53207,31.1,Beleza,Cartao_Credito,Mobile,688.11,1420.4,0,348.6,3,206.37,303,DEV-B3B54,0
TRX-53208,8.5,Games,Cartao_Credito,Desktop,391.17,414.6,0,30.9,3,20.52,183,DEV-7D639,0
TRX-53209,19.5, ELETRONICOS ,Pix,Desktop,1162.64,1783.3,0,100.5,3,111.99,181,DEV-ABA58,1
TRX-53210,999.0,Eletronicos,Boleto,Tablet,1095.03,1157.5,1,130.6,6,37.34,930,DEV-C5143,1
TRX-53211,31.7,Eletronicos,Cartao_Credito,Tablet,23.15,797.3,1,14.3,6,151.47,706,DEV-DCB76,0
TRX-53212,,Beleza,Pix,Mobile,191.42,1045.2,0,252.5,2,159.24,234,DEV-AAB09,0
TRX-53213,34.4,Eletronicos,Pix,Mobile,1679.1,83.7,1,75.6,7,218.11,222,DEV-3A057,1
TRX-53214,29.1,Eletronicos,Boleto,Mobile,1680.06,1114.8,3,194.4,5,-101.57,576,DEV-B525A,1
TRX-53215,52.6,Vestuario,Boleto,Mobile,479.83,610.1,0,33.7,4,-195.09,150,DEV-83A8E,0
TRX-53216,12.4, ELETRONICOS ,Boleto,Desktop,612.28,265.6,3,282.8,3,-116.21,580,DEV-BE367,1
TRX-53217,41.2, ELETRONICOS ,Boleto,Desktop,24.45,925.3,0,20.1,4,109.0,118,DEV-365AB,0
TRX-53218,29.7,Vestuario,Boleto,Mobile,256.09,1631.5,1,530.2,3,-71.16,199,DEV-DC530,0
TRX-53219,35.2,Eletronicos,Cartao_Credito,Tablet,587.98,1210.0,0,15.7,3,33.9,779,DEV-2959F,0
TRX-53220,33.8,Vestuario,Cartao_Credito,Mobile,867.7,664.6,0,49.1,4,-284.83,968,DEV-4B0E4,0
TRX-53221,36.3,Eletronicos,Cartao_Credito,Desktop,2587.35,1141.5,2,103.8,4,-193.61,447,DEV-E1B61,1
TRX-53222,10.1, ELETRONICOS ,Cartao_Credito,Mobile,1465.35,1206.7,0,90.4,4,-265.71,658,DEV-D4A9D,0
TRX-53223,49.2,Vestuario,Cartao_Credito,SmartTV,457.79,359.0,1,127.4,2,316.21,582,DEV-A6E5C,0
TRX-53224,31.4, ELETRONICOS ,Boleto,Desktop,85.67,1095.4,0,442.3,3,-138.03,615,DEV-D4939,1
TRX-53225,9.7,Eletronicos,Cartao_Credito,Desktop,321.27,193.4,1,81.7,6,71.31,669,DEV-581CE,0
TRX-53226,26.8,Eletronicos,Cartao_Credito,Mobile,1869.47,1162.6,1,44.7,1,52.69,535,DEV-AA42C,1
TRX-53227,38.7,Eletronicos,Cartao_Credito,Tablet,954.19,1692.1,1,88.8,2,-24.72,736,DEV-4DCAC,1
TRX-53228,27.9,Vestuario,Cartao_Credito,Mobile,441.76,844.6,0,242.8,5,59.33,732,DEV-49E11,0
TRX-53229,49.4,eletronicos,Cartao_Credito,Tablet,255.76,1612.3,0,782.1,3,10.24,800,DEV-CC3D7,0
TRX-53230,42.6, ELETRONICOS ,Pix,Tablet,31.76,1018.3,1,213.9,4,103.44,415,DEV-475F1,0
TRX-53231,36.1,Eletronicos,Pix,Desktop,1187.31,1398.5,0,665.5,2,83.9,299,DEV-3E945,1
TRX-53232,19.3,Eletronicos,Boleto,Mobile,,355.9,0,175.4,4,16.42,704,DEV-85219,0
TRX-53233,28.0,eletronicos,Cartao_Credito,Mobile,1071.3,1676.7,0,103.2,4,-66.39,228,DEV-46D2F,0
TRX-53234,43.0,Beleza,Cartao_Credito,Desktop,186.23,410.4,0,405.2,2,-17.57,593,DEV-5E988,0
TRX-53235,29.5,Eletronicos,Cartao_Credito,Desktop,21.41,1200.8,1,19.7,7,14.24,811,DEV-8F42F,0
TRX-53236,32.2,eletronicos,Pix,Mobile,1855.23,1168.7,0,575.2,3,-147.54,464,DEV-80FB2,1
TRX-53237,29.4,Eletronicos,Boleto,Mobile,982.25,1244.4,1,31.7,3,-248.68,160,DEV-6AC15,0
TRX-53238,37.6, ELETRONICOS ,Cartao_Credito,Desktop,390.35,1278.1,2,158.1,3,15.81,221,DEV-3A78D,0
TRX-53239,24.8,Games,Boleto,Mobile,715.17,733.4,0,73.8,4,18.59,993,DEV-6BFD6,1
TRX-53240,34.4,Vestuario,Cartao_Credito,Desktop,869.3,1131.0,0,345.4,5,-145.39,800,DEV-ADDF9,0
TRX-53241,32.4,Eletronicos,Cartao_Credito,Mobile,,799.6,3,204.4,3,-89.83,122,DEV-78556,1
TRX-53242,33.9,eletronicos,Cartao_Credito,Mobile,,190.0,1,120.9,4,-128.37,933,DEV-2DFED,0
TRX-53243,43.8,Beleza,Boleto,Mobile,435.34,289.8,0,345.7,5,68.36,321,DEV-D69FA,0
TRX-53244,48.8,Vestuario,Cartao_Credito,Mobile,357.64,463.3,1,378.6,4,-29.02,432,DEV-32613,0
TRX-53245,,Eletronicos,Cartao_Credito,Mobile,405.31,1325.6,0,123.6,4,12.67,216,DEV-E0257,0
TRX-53246,36.7,Vestuario,Pix,Mobile,139.96,453.4,0,93.8,2,-15.95,168,DEV-2220C,0
TRX-53247,15.3,Eletronicos,Cartao_Credito,Desktop,103.25,1594.1,1,62.2,3,-28.49,450,DEV-A2F0E,0
TRX-53248,30.6,Games,Cartao_Credito,Mobile,271.54,1659.4,1,151.2,3,91.59,286,DEV-73165,0
TRX-53249,35.2,Vestuario,Pix,Desktop,2186.49,1049.4,1,7.4,5,-56.79,941,DEV-9517F,1
TRX-53250,23.1, ELETRONICOS ,Cartao_Credito,Mobile,1403.94,1676.2,2,257.7,5,-74.86,114,DEV-4CD3A,1
TRX-53251,23.9,Beleza,Cartao_Credito,Desktop,523.64,179.1,0,123.0,6,-143.43,637,DEV-8371C,0
TRX-53252,34.7, ELETRONICOS ,Cartao_Credito,Tablet,580.96,251.4,0,66.6,3,-3.65,951,DEV-ED971,0
TRX-53253,48.9,Eletronicos,Cartao_Credito,Desktop,,1091.5,1,102.8,2,-66.11,883,DEV-56544,0
TRX-53254,34.6,Eletronicos,Pix,Mobile,234.26,140.4,1,96.1,0,110.36,111,DEV-EE168,0
TRX-53255,23.2,Vestuario,Boleto,SmartTV,1196.69,1434.1,1,254.4,1,-184.17,997,DEV-86FF3,1
TRX-53256,23.3,Games,Cartao_Credito,Desktop,246.54,370.5,0,207.8,4,17.08,647,DEV-B6D39,0
TRX-53257,39.4,Vestuario,Cartao_Credito,SmartTV,407.37,1584.2,0,112.0,1,175.61,733,DEV-5A26D,0
TRX-53258,38.5,Eletronicos,Cartao_Credito,Desktop,293.09,385.0,0,170.7,3,-63.39,157,DEV-25E07,0
TRX-53259,33.6,Beleza,Cartao_Credito,Mobile,291.65,861.7,1,167.0,5,-91.29,573,DEV-235D1,0
TRX-53260,29.1,Beleza,Voucher,Desktop,1402.65,57.1,0,48.1,5,-159.26,717,DEV-D5C9E,0
TRX-53261,30.8,eletronicos,Voucher,Mobile,409.58,1411.2,2,324.1,4,-29.32,804,DEV-E600F,0
TRX-53262,35.0,Games,Cartao_Credito,Mobile,142.41,335.8,1,150.0,2,110.51,823,DEV-BA4FE,1
TRX-53263,32.3,Games,Cartao_Credito,Desktop,,1496.6,0,228.6,5,-26.92,111,DEV-18F57,0
TRX-53264,54.2, ELETRONICOS ,Voucher,Mobile,129.71,662.0,0,27.7,8,-45.14,599,DEV-961FC,0
TRX-53265,31.4,Eletronicos,Cartao_Credito,Mobile,171.24,123.8,3,165.2,4,-57.3,893,DEV-A99B1,0
TRX-53266,38.2,Vestuario,Cartao_Credito,Mobile,,1394.8,1,366.3,1,-18.02,864,DEV-8E164,0
TRX-53267,36.0, ELETRONICOS ,Cartao_Credito,Mobile,515.93,340.8,0,196.4,4,-35.63,214,DEV-CA778,0
TRX-53268,, ELETRONICOS ,Cartao_Credito,Mobile,572.5,363.2,1,107.0,5,-51.22,702,DEV-9BF57,0
TRX-53269,36.1, ELETRONICOS ,Cartao_Credito,Mobile,1529.2,1127.2,0,112.1,5,-45.26,114,DEV-915F5,0
TRX-53270,27.9,Vestuario,Cartao_Credito,Desktop,201.06,129.5,0,11.8,5,199.32,214,DEV-B8020,0
TRX-53271,44.3,eletronicos,Boleto,Mobile,64.85,1535.6,1,69.5,6,128.78,334,DEV-E84AF,0
TRX-53272,32.6,Vestuario,Pix,Tablet,385.48,877.8,0,152.6,7,-32.32,906,DEV-7E40D,0
TRX-53273,42.7,Eletronicos,Cartao_Credito,Mobile,949.22,1729.6,0,11.7,4,-51.98,207,DEV-AD55D,0
TRX-53274,43.8,Beleza,Cartao_Credito,Desktop,,1415.5,0,429.3,2,57.61,569,DEV-DBC2D,0
TRX-53275,41.4, ELETRONICOS ,Cartao_Credito,Desktop,626.41,1488.9,0,76.9,4,17.42,581,DEV-44E4C,0
TRX-53276,,Vestuario,Cartao_Credito,Mobile,1738.58,1629.2,0,171.9,4,-19.12,328,DEV-C5DD6,0
TRX-53277,43.7,Beleza,Boleto,Mobile,1161.05,863.9,0,47.8,3,58.98,708,DEV-AECF0,0
TRX-53278,20.4,Eletronicos,Cartao_Credito,Desktop,398.34,1596.3,0,341.6,2,-57.05,567,DEV-AD039,0
TRX-53279,21.2,Eletronicos,Pix,Mobile,1121.08,810.5,2,218.7,5,-117.76,256,DEV-9E6ED,0
TRX-53280,34.7,Beleza,Boleto,Mobile,464.12,913.1,1,176.3,3,116.31,102,DEV-6B06D,0
TRX-53281,43.6,Vestuario,Cartao_Credito,Mobile,943.29,934.3,1,197.6,3,-47.95,326,DEV-5DE17,1
TRX-53282,48.1, ELETRONICOS ,Pix,Desktop,759.5,1705.0,1,7.1,3,-41.72,765,DEV-9B344,0
TRX-53283,44.5,Eletronicos,Pix,Mobile,722.72,1424.1,0,285.6,7,-198.67,808,DEV-CFE5F,0
TRX-53284,37.8, ELETRONICOS ,Pix,Desktop,1922.77,708.2,0,9.5,1,-46.56,655,DEV-61E2A,1
TRX-53285,37.6,Beleza,Cartao_Credito,Tablet,519.21,793.6,0,238.5,1,94.74,711,DEV-E82AD,1
TRX-53286,52.8,Eletronicos,Boleto,Mobile,501.09,688.2,0,39.7,0,-13.7,545,DEV-DE585,0
TRX-53287,14.4,Vestuario,Cartao_Credito,Mobile,261.27,1029.5,0,174.3,4,-148.35,196,DEV-C0335,0
TRX-53288,28.1,Games,Boleto,Desktop,156.98,1591.1,1,23.5,1,-100.3,844,DEV-C10B6,0
TRX-53289,23.0,eletronicos,Boleto,Mobile,1212.77,1548.5,1,186.8,1,62.79,984,DEV-2CF34,0
TRX-53290,37.2,Vestuario,Cartao_Credito,Mobile,244.87,1092.3,0,82.9,2,-66.78,274,DEV-F3939,0
TRX-53291,45.8, ELETRONICOS ,Boleto,Mobile,703.55,1058.6,1,239.7,2,-42.58,969,DEV-7C6C9,1
TRX-53292,43.6,Eletronicos,Cartao_Credito,Desktop,371.27,1261.5,0,664.7,5,155.87,568,DEV-EDEEA,0
TRX-53293,39.4,Beleza,Boleto,Mobile,1059.35,783.9,0,132.9,5,68.8,813,DEV-CFAB7,0
TRX-53294,26.8, ELETRONICOS ,Cartao_Credito,Tablet,965.06,524.9,1,164.4,5,-88.95,908,DEV-BA127,0
TRX-53295,56.0,Games,Pix,Mobile,859.45,818.5,1,181.2,4,-175.61,957,DEV-D9005,0
TRX-53296,49.2,eletronicos,Cartao_Credito,Desktop,102.69,301.3,0,139.8,8,71.64,566,DEV-9E260,0
TRX-53297,47.9,Games,Cartao_Credito,Desktop,918.74,777.6,0,94.2,5,-263.67,949,DEV-6585B,0
TRX-53298,41.9,Games,Boleto,Mobile,344.1,1072.7,0,298.9,4,58.78,407,DEV-2D62E,0
TRX-53299,35.9,Vestuario,Pix,Mobile,1349.95,302.8,1,36.8,2,126.24,736,DEV-D69D0,1
TRX-53300,43.3, ELETRONICOS ,Cartao_Credito,Mobile,600.26,266.9,1,9.0,2,-144.49,676,DEV-5A1DF,0
TRX-53301,33.0,Beleza,Cartao_Credito,Mobile,134.38,596.0,0,62.1,3,125.27,532,DEV-D33D9,0
TRX-53302,37.0,Vestuario,Cartao_Credito,Mobile,343.15,1036.9,0,103.6,3,9.55,459,DEV-DB27F,0
TRX-53303,33.5,Vestuario,Cartao_Credito,Desktop,1516.13,887.3,1,357.4,2,161.08,502,DEV-C95A8,1
TRX-53304,31.7,Vestuario,Cartao_Credito,Mobile,1008.76,1629.1,2,424.6,3,91.65,853,DEV-37EF9,1
TRX-53305,38.9,Vestuario,Boleto,Desktop,485.3,1033.0,1,121.4,3,7.58,133,DEV-DE2D3,0
TRX-53306,38.9,Beleza,Boleto,Desktop,32.84,258.6,1,325.4,5,-12.28,448,DEV-2E6D1,1
TRX-53307,41.8,Games,Boleto,Desktop,691.31,769.6,1,73.6,2,-7.67,627,DEV-9C469,0
TRX-53308,41.1,Vestuario,Cartao_Credito,Mobile,986.37,1547.6,1,72.1,3,98.0,919,DEV-A4811,0
TRX-53309,28.3,Eletronicos,Cartao_Credito,Desktop,59.23,1746.2,0,123.0,1,132.89,969,DEV-A3ED5,0
TRX-53310,29.0,Eletronicos,Boleto,Desktop,64.65,1349.8,0,10.1,2,259.45,693,DEV-AE557,0
TRX-53311,45.1, ELETRONICOS ,Cartao_Credito,Desktop,298.29,188.0,0,67.9,4,-203.42,463,DEV-67BA8,0
TRX-53312,42.7, ELETRONICOS ,Cartao_Credito,Mobile,232.72,1372.3,0,113.3,0,-64.44,389,DEV-3526E,1
TRX-53313,51.2, ELETRONICOS ,Boleto,Desktop,68.94,920.9,1,174.6,1,13.87,103,DEV-BF7BC,0
TRX-53314,45.8,Vestuario,Boleto,Mobile,949.88,1058.4,0,263.0,4,74.31,938,DEV-DFCD0,0
TRX-53315,42.7,Games,Pix,Mobile,298.86,1478.8,0,26.6,5,-119.56,637,DEV-2F4C9,0
TRX-53316,33.9,Eletronicos,Cartao_Credito,Mobile,209.92,1204.5,0,49.9,2,142.89,775,DEV-3939E,0
TRX-53317,41.6,eletronicos,Cartao_Credito,Mobile,1137.09,757.4,0,183.5,2,-134.17,997,DEV-7866E,1
TRX-53318,39.5,Vestuario,Cartao_Credito,Desktop,463.68,69.8,0,11.2,4,-77.5,858,DEV-DF465,0
TRX-53319,28.1,Eletronicos,Pix,Mobile,153.68,675.8,0,172.6,0,-37.59,124,DEV-B72F6,1
TRX-53320,43.0,Eletronicos,Boleto,Mobile,123.44,304.2,0,98.9,3,-179.05,370,DEV-18DA8,0
TRX-53321,44.5,Eletronicos,Cartao_Credito,Mobile,24.08,966.8,0,205.8,7,-20.36,316,DEV-5E742,0
TRX-53322,36.2,Eletronicos,Cartao_Credito,Desktop,205.11,181.2,1,109.2,4,264.64,672,DEV-A0ED7,0
TRX-53323,48.3,Vestuario,Pix,Mobile,279.02,1148.9,0,28.9,5,-128.1,692,DEV-A782B,0
TRX-53324,38.7, ELETRONICOS ,Cartao_Credito,Mobile,950.11,620.8,1,293.5,3,87.25,354,DEV-D767F,0
TRX-53325,44.5,Beleza,Boleto,Mobile,941.25,618.9,1,20.1,3,-35.57,757,DEV-3F0F3,0
TRX-53326,24.3,Vestuario,Pix,Mobile,291.52,1373.3,0,25.7,6,-32.13,876,DEV-99A65,0
TRX-53327,31.6,eletronicos,Pix,Mobile,1019.78,1470.4,2,20.0,4,273.65,526,DEV-36826,1
TRX-53328,58.5,Eletronicos,Cartao_Credito,Desktop,20.64,1203.4,0,57.5,2,65.68,955,DEV-713DA,0
TRX-53329,39.2,eletronicos,Cartao_Credito,Tablet,1123.79,904.4,0,154.0,2,-86.17,717,DEV-2ED4D,0
TRX-53330,47.4,Beleza,Cartao_Credito,Desktop,1161.92,1651.2,0,21.8,3,98.96,406,DEV-79CFF,0
TRX-53331,33.3,Beleza,Boleto,Mobile,135.59,1138.9,0,94.6,7,50.2,459,DEV-4ABC6,0
TRX-53332,41.9,Eletronicos,Cartao_Credito,Mobile,9999999.0,937.2,0,128.8,5,-35.02,771,DEV-B156C,0
TRX-53333,,Eletronicos,Cartao_Credito,Mobile,162.32,19.9,1,147.0,4,-104.22,707,DEV-D090D,0
TRX-53334,38.3,Beleza,Voucher,Desktop,262.37,1095.2,0,145.2,3,4.6,888,DEV-838A0,0
TRX-53335,56.6, ELETRONICOS ,Pix,Desktop,1516.9,760.8,0,243.5,4,-21.0,669,DEV-88B55,0
TRX-53336,36.4,Beleza,Boleto,Mobile,218.3,388.7,1,143.1,7,-101.72,665,DEV-4BD68,0
TRX-53337,30.2,Beleza,Pix,Mobile,138.03,868.9,0,102.5,7,-216.86,236,DEV-CE4DD,0
TRX-53338,31.0,Beleza,Boleto,Mobile,522.43,1585.9,3,481.5,3,131.45,133,DEV-93528,1
TRX-53339,33.2,Eletronicos,Cartao_Credito,Desktop,330.77,696.4,2,45.1,3,-53.98,662,DEV-B94C5,0
TRX-53340,38.2,Games,Cartao_Credito,SmartTV,1849.99,89.1,2,82.4,4,-76.29,754,DEV-E265F,1
TRX-53341,26.1,eletronicos,Pix,Desktop,212.08,1656.8,0,644.2,5,55.3,228,DEV-79DC6,1
TRX-53342,44.5,Eletronicos,Cartao_Credito,Desktop,1961.83,1454.5,0,48.2,5,-71.15,879,DEV-2D277,0
TRX-53343,42.9,Eletronicos,Cartao_Credito,Desktop,111.37,1304.5,0,132.8,5,83.76,691,DEV-70EE0,0
TRX-53344,16.2,Vestuario,Pix,Desktop,371.09,1283.4,0,194.0,6,-230.13,455,DEV-2D96C,0
TRX-53345,53.1, ELETRONICOS ,Cartao_Credito,Mobile,436.1,46.5,1,584.5,3,7.11,831,DEV-223C1,1
TRX-53346,29.9,Vestuario,Cartao_Credito,Desktop,763.35,491.3,0,160.5,4,-83.74,968,DEV-6D2DC,1
TRX-53347,12.8, ELETRONICOS ,Boleto,Mobile,600.15,1518.3,0,59.1,2,216.35,379,DEV-89C5B,0
TRX-53348,41.2, ELETRONICOS ,Cartao_Credito,Desktop,1475.82,1744.3,0,42.5,3,30.63,926,DEV-53096,0
TRX-53349,49.8,Eletronicos,Cartao_Credito,Mobile,474.34,1568.0,0,26.1,1,137.11,359,DEV-D241D,0
TRX-53350,44.3,Vestuario,Voucher,Mobile,404.35,589.1,1,16.5,7,-263.01,627,DEV-922D6,0
TRX-53351,26.8,Beleza,Cartao_Credito,Mobile,110.62,1014.2,1,190.8,6,251.66,860,DEV-55BD0,0
TRX-53352,52.2,Beleza,Cartao_Credito,Mobile,71.17,760.3,0,21.1,7,138.19,398,DEV-2DEEB,0
TRX-53353,49.4,Vestuario,Cartao_Credito,Desktop,149.98,1575.6,0,195.3,4,-94.41,196,DEV-72A3D,0
TRX-53354,22.7,Eletronicos,Cartao_Credito,Mobile,158.04,985.8,0,266.7,0,229.18,660,DEV-1F89B,0
TRX-53355,49.0,Beleza,Pix,Desktop,1203.5,187.1,0,216.4,6,53.57,937,DEV-60FB2,0
TRX-53356,39.1, ELETRONICOS ,Cartao_Credito,Mobile,553.71,1155.4,1,280.8,4,-185.21,239,DEV-D071E,0
TRX-53357,28.4,Eletronicos,Boleto,Desktop,1323.23,883.1,0,0.1,3,-218.37,110,DEV-C9467,0
TRX-53358,51.9,Vestuario,Cartao_Credito,Mobile,1527.96,1760.9,0,388.2,2,-136.39,240,DEV-8CD94,1
TRX-53359,47.7, ELETRONICOS ,Boleto,Mobile,84.06,470.8,1,104.5,5,-200.96,216,DEV-285D9,0
TRX-53360,29.6, ELETRONICOS ,Cartao_Credito,Desktop,456.89,346.5,0,67.1,4,138.85,728,DEV-3E9B1,0
TRX-53361,45.0,Beleza,Cartao_Credito,Mobile,386.8,782.5,1,70.8,4,111.75,509,DEV-B4E84,0
TRX-53362,38.2,Eletronicos,Boleto,Desktop,397.86,517.1,2,77.4,4,-1.17,966,DEV-3736A,0
TRX-53363,38.5,eletronicos,Pix,Mobile,642.16,706.9,1,95.0,4,-105.78,299,DEV-5B5E3,0
TRX-53364,34.6,Eletronicos,Cartao_Credito,Mobile,2925.39,1364.8,0,14.5,4,-18.7,741,DEV-5DB9B,1
TRX-53365,38.0,eletronicos,Cartao_Credito,Desktop,22.98,920.5,1,279.6,1,0.54,218,DEV-8ABBA,0
TRX-53366,43.0,eletronicos,Cartao_Credito,Desktop,1205.54,131.7,1,338.8,3,-19.86,797,DEV-EBBBC,1
TRX-53367,34.8,Eletronicos,Cartao_Credito,Tablet,1036.48,982.3,1,141.9,0,-111.56,450,DEV-7D748,0
TRX-53368,48.8,Beleza,Voucher,Mobile,730.66,447.1,0,176.3,7,-51.85,518,DEV-98109,0
TRX-53369,49.5,Eletronicos,Cartao_Credito,Mobile,45.33,1648.7,0,23.1,3,55.73,874,DEV-575EC,0
TRX-53370,31.2,Eletronicos,Cartao_Credito,Mobile,821.64,69.8,1,261.9,3,-13.19,596,DEV-2E585,1
TRX-53371,23.3,Games,Cartao_Credito,Desktop,210.9,1486.9,1,25.2,3,114.99,829,DEV-6701E,0
TRX-53372,43.4,eletronicos,Cartao_Credito,Mobile,324.91,546.4,0,398.7,7,-81.7,507,DEV-A7A00,0
TRX-53373,22.2, ELETRONICOS ,Pix,Tablet,968.48,330.7,1,9.8,4,3.42,836,DEV-89B23,0
TRX-53374,52.7,Eletronicos,Boleto,Desktop,102.52,1270.8,0,25.9,2,32.81,369,DEV-C4C94,0
TRX-53375,42.1,Beleza,Pix,SmartTV,298.99,1076.0,0,13.1,1,5.78,720,DEV-3FDD4,0
TRX-53376,35.0,Vestuario,Voucher,Mobile,41.67,719.9,0,282.3,3,-5.14,622,DEV-6C35D,1
TRX-53377,31.3, ELETRONICOS ,Cartao_Credito,Desktop,37.95,1677.2,0,281.8,5,98.31,564,DEV-41B8E,0
TRX-53378,27.5,Eletronicos,Boleto,Mobile,1173.03,361.3,1,112.9,8,54.89,416,DEV-C3C64,0
TRX-53379,35.2,Vestuario,Pix,Mobile,1987.14,1370.2,2,5.6,2,-246.04,247,DEV-7EE4A,1
TRX-53380,39.0,Eletronicos,Cartao_Credito,Mobile,212.67,52.2,0,20.1,1,-162.07,835,DEV-DA975,0
TRX-53381,37.4,Eletronicos,Pix,Mobile,676.75,837.8,1,159.6,2,24.64,534,DEV-C4A8B,0
TRX-53382,21.7,Eletronicos,Boleto,Desktop,2262.31,1316.8,0,130.3,2,38.65,840,DEV-2E1C7,1
TRX-53383,36.6,Beleza,Pix,Mobile,558.13,949.4,0,150.1,3,-471.88,178,DEV-DCB57,0
TRX-53384,34.1,Vestuario,Pix,Mobile,1053.97,1028.2,0,79.2,4,-7.47,812,DEV-30697,0
TRX-53385,34.6, ELETRONICOS ,Cartao_Credito,Mobile,494.06,1095.3,1,187.7,5,144.36,258,DEV-75332,0
TRX-53386,, ELETRONICOS ,Cartao_Credito,Desktop,597.82,288.8,2,219.0,6,-279.26,789,DEV-8395B,1
TRX-53387,37.7,Beleza,Cartao_Credito,Mobile,531.55,956.7,0,115.1,5,370.67,202,DEV-5B911,0
TRX-53388,39.2,eletronicos,Pix,Mobile,1645.96,302.6,0,372.7,1,216.15,601,DEV-DCDC7,1
TRX-53389,37.8, ELETRONICOS ,Cartao_Credito,Desktop,1093.23,1138.7,1,16.6,1,23.25,594,DEV-6D91E,1
TRX-53390,45.3,Eletronicos,Pix,Mobile,1010.43,221.1,1,261.9,2,-203.7,946,DEV-26344,1
TRX-53391,33.7,Beleza,Boleto,Desktop,111.17,25.3,1,145.8,5,-188.15,651,DEV-97C2B,0
TRX-53392,39.5,Eletronicos,Pix,Mobile,,151.6,0,379.0,1,49.45,150,DEV-B3A80,1
TRX-53393,38.7,Vestuario,Boleto,Mobile,1732.5,80.4,0,74.6,1,35.78,536,DEV-D7E3B,1
TRX-53394,36.8,Beleza,Cartao_Credito,Mobile,206.58,1723.5,0,150.5,2,-2.8,198,DEV-27226,0
TRX-53395,38.3, ELETRONICOS ,Voucher,Tablet,1407.0,755.3,1,116.8,6,315.63,805,DEV-A31B2,1
TRX-53396,47.2,Beleza,Cartao_Credito,Desktop,683.32,593.2,1,204.3,6,-138.18,111,DEV-E4B2F,0
TRX-53397,45.1,Eletronicos,Cartao_Credito,Mobile,611.98,1671.6,0,113.9,4,-40.37,114,DEV-85ABE,0
TRX-53398,47.2,Eletronicos,Pix,Desktop,125.46,1746.0,0,65.5,2,125.95,366,DEV-5B476,0
TRX-53399,48.6,Eletronicos,Cartao_Credito,SmartTV,,1728.9,1,161.8,3,223.73,536,DEV-74D47,0
TRX-53400,35.9,Eletronicos,Pix,Mobile,398.8,1209.4,0,69.4,2,-51.73,721,DEV-A37DC,0
TRX-53401,40.5,Beleza,Cartao_Credito,Mobile,22.8,909.0,2,162.8,4,38.77,194,DEV-5489A,0
TRX-53402,47.7,Games,Boleto,Mobile,,1588.6,0,96.5,3,193.64,924,DEV-4BFEA,0
TRX-53403,30.5, ELETRONICOS ,Pix,Mobile,90.09,841.4,0,37.2,2,43.9,569,DEV-98709,0
TRX-53404,30.4,Vestuario,Boleto,Mobile,1388.41,1313.2,0,28.3,6,-72.85,690,DEV-93477,0
TRX-53405,34.9,eletronicos,Cartao_Credito,Mobile,475.9,1677.5,1,20.5,5,-7.67,279,DEV-A95C2,0
TRX-53406,64.1,Eletronicos,Cartao_Credito,Desktop,,238.2,1,177.3,2,133.3,269,DEV-881E7,0
TRX-53407,38.2,eletronicos,Boleto,Mobile,4052.5,670.1,0,588.8,3,-114.05,271,DEV-A1CA2,1
TRX-53408,35.8,Vestuario,Cartao_Credito,Mobile,60.76,1248.7,0,514.3,2,-57.89,664,DEV-D3898,1
TRX-53409,37.9,Eletronicos,Cartao_Credito,Mobile,253.9,258.8,0,365.8,1,81.24,374,DEV-283E5,1
TRX-53410,47.0,Games,Boleto,Desktop,234.37,684.8,0,9.1,3,6.29,917,DEV-A7C15,0
TRX-53411,32.0,eletronicos,Boleto,Mobile,377.0,1096.9,0,124.0,3,-49.9,789,DEV-277E6,0
TRX-53412,35.9,Eletronicos,Pix,Mobile,,606.5,0,14.9,3,37.06,163,DEV-1C222,0
TRX-53413,34.6,eletronicos,Cartao_Credito,Desktop,1145.58,1351.9,0,47.8,3,89.88,242,DEV-AE224,0
TRX-53414,47.3,eletronicos,Pix,Mobile,285.51,1247.8,1,7.6,1,-85.57,171,DEV-2DAFC,0
TRX-53415,41.9,eletronicos,Cartao_Credito,Mobile,59.91,459.9,1,195.0,1,54.89,934,DEV-6CD7F,0
TRX-53416,29.5,Vestuario,Cartao_Credito,Mobile,609.63,1397.8,0,27.6,4,-85.81,219,DEV-9B356,0
TRX-53417,18.8,Beleza,Voucher,Desktop,1159.07,622.1,2,93.9,5,-318.56,412,DEV-19BF4,1
TRX-53418,40.6,Eletronicos,Cartao_Credito,Mobile,229.63,482.2,1,542.1,2,22.41,690,DEV-931B3,1
TRX-53419,44.5,Games,Boleto,Desktop,70.64,69.0,2,103.4,5,-91.21,927,DEV-3B232,0
TRX-53420,30.3,Eletronicos,Cartao_Credito,Desktop,112.08,1370.9,0,107.8,1,-23.4,365,DEV-32A6A,0
TRX-53421,40.6,Vestuario,Cartao_Credito,Mobile,1810.09,956.4,0,220.3,2,-48.64,258,DEV-C8D10,1
TRX-53422,30.7,Games,Boleto,Mobile,510.71,964.6,1,65.1,4,137.28,405,DEV-8F116,0
TRX-53423,23.3,Games,Pix,Mobile,387.36,369.4,0,576.2,4,164.51,108,DEV-D7886,1
TRX-53424,39.8,Beleza,Cartao_Credito,Mobile,146.73,655.0,3,55.1,3,-209.33,202,DEV-732B0,1
TRX-53425,44.8,eletronicos,Cartao_Credito,Mobile,207.72,570.4,2,12.2,0,128.48,845,DEV-4D1EC,1
TRX-53426,32.5, ELETRONICOS ,Cartao_Credito,Tablet,1397.05,1711.7,2,99.6,3,-60.59,785,DEV-28B3E,0
TRX-53427,37.8, ELETRONICOS ,Cartao_Credito,Mobile,925.21,641.2,0,121.2,5,-28.25,181,DEV-A87C5,0
TRX-53428,37.2,Eletronicos,Pix,Tablet,52.6,434.9,0,657.2,8,171.59,896,DEV-3F1D1,0
TRX-53429,,Vestuario,Pix,Desktop,548.31,311.1,0,372.5,3,11.65,670,DEV-3D87C,1
TRX-53430,34.7,Eletronicos,Cartao_Credito,Mobile,420.64,957.8,0,87.0,4,-67.35,946,DEV-8665F,0
TRX-53431,33.6,Eletronicos,Pix,SmartTV,996.3,223.7,0,75.9,5,-55.79,566,DEV-410EF,1
TRX-53432,33.7,Eletronicos,Boleto,Desktop,468.42,52.9,0,13.1,5,-35.76,431,DEV-403F8,0
TRX-53433,25.9, ELETRONICOS ,Boleto,SmartTV,54.04,962.8,1,156.7,5,137.34,577,DEV-948E9,0
TRX-53434,22.1,Eletronicos,Cartao_Credito,Mobile,373.24,1060.8,1,143.0,5,-96.25,131,DEV-C4DA8,0
TRX-53435,40.2,Eletronicos,Voucher,Mobile,1834.55,695.1,0,475.8,1,-63.88,321,DEV-8F5B4,1
TRX-53436,42.4,eletronicos,Voucher,Desktop,960.64,788.8,0,237.5,4,-99.09,740,DEV-37FCA,0
TRX-53437,,eletronicos,Pix,Desktop,1977.87,1566.1,0,38.2,0,-151.69,186,DEV-53C89,1
TRX-53438,32.7,Beleza,Pix,Desktop,,1286.2,1,55.9,4,2.69,414,DEV-DC180,0
TRX-53439,33.8,Vestuario,Pix,Mobile,68.68,865.5,1,54.1,4,90.57,789,DEV-4EC59,0
TRX-53440,16.4,eletronicos,Pix,Desktop,720.2,1047.5,0,21.2,5,71.6,930,DEV-D9176,0
TRX-53441,41.3,Eletronicos,Cartao_Credito,Mobile,764.97,687.0,0,54.3,6,126.65,721,DEV-868FD,0
TRX-53442,30.3,Vestuario,Cartao_Credito,Desktop,1772.48,369.8,0,152.7,3,-90.27,411,DEV-E87C2,0
TRX-53443,28.9,Vestuario,Cartao_Credito,Mobile,1257.91,749.7,0,94.1,1,-23.99,815,DEV-6D6D0,1
TRX-53444,34.1,Beleza,Boleto,Desktop,982.31,37.8,2,139.5,6,229.73,610,DEV-B2E96,1
TRX-53445,37.9, ELETRONICOS ,Pix,Mobile,1638.8,1014.2,1,82.6,5,-116.1,544,DEV-45401,0
TRX-53446,41.8,Eletronicos,Cartao_Credito,SmartTV,523.82,87.5,1,85.6,6,-46.35,263,DEV-2D6BA,0
TRX-53447,35.2,eletronicos,Cartao_Credito,Desktop,1169.86,874.8,2,6.1,10,-182.33,115,DEV-442D8,0
TRX-53448,24.5,Eletronicos,Voucher,Tablet,136.07,568.2,0,309.4,5,37.4,832,DEV-AB97E,0
TRX-53449,35.5,Games,Cartao_Credito,SmartTV,216.89,1164.6,0,315.2,5,39.47,403,DEV-70C12,0
TRX-53450,31.7,Games,Boleto,Mobile,1611.77,662.8,0,39.7,3,-81.7,731,DEV-D7013,0
TRX-53451,,Vestuario,Cartao_Credito,Mobile,91.67,479.5,0,402.3,2,172.78,540,DEV-91349,0
TRX-53452,35.0,Games,Cartao_Credito,Mobile,395.18,99.6,0,155.4,5,-37.7,680,DEV-DCB22,0
TRX-53453,36.4,Eletronicos,Voucher,Mobile,744.79,652.3,2,102.0,8,263.49,472,DEV-B005E,1
TRX-53454,38.1, ELETRONICOS ,Cartao_Credito,Mobile,743.35,635.8,1,66.5,4,63.18,114,DEV-3408B,0
TRX-53455,26.6,Beleza,Cartao_Credito,Mobile,315.02,64.7,0,81.6,1,198.8,812,DEV-440B5,0
TRX-53456,51.5,eletronicos,Cartao_Credito,Mobile,1362.87,979.9,0,39.1,2,20.57,394,DEV-524A7,0
TRX-53457,37.9,Beleza,Cartao_Credito,Mobile,840.89,376.2,0,62.5,4,-181.81,146,DEV-C2A9F,0
TRX-53458,35.8,Eletronicos,Pix,Desktop,292.87,343.6,0,167.3,3,-37.13,910,DEV-E8EFE,0
TRX-53459,26.0,Eletronicos,Cartao_Credito,Mobile,182.44,832.1,0,225.0,4,218.21,162,DEV-1A7C6,0
TRX-53460,36.1,Beleza,Cartao_Credito,Mobile,,1146.6,0,148.5,2,-98.64,510,DEV-B8494,1
TRX-53461,46.9,Eletronicos,Cartao_Credito,Mobile,,101.0,1,48.7,2,55.28,969,DEV-27F40,1
TRX-53462,29.8,Eletronicos,Cartao_Credito,Mobile,768.33,434.6,1,39.2,3,-25.84,849,DEV-745F8,0
TRX-53463,30.4,Eletronicos,Pix,Mobile,187.1,16.8,1,154.2,5,166.02,652,DEV-C1400,0
TRX-53464,-1.1,Beleza,Cartao_Credito,Desktop,884.94,683.8,0,83.7,2,-2.78,838,DEV-C4C83,0
TRX-53465,26.7, ELETRONICOS ,Cartao_Credito,Mobile,,850.6,0,133.3,2,13.94,605,DEV-A1429,0
TRX-53466,53.9,eletronicos,Boleto,Mobile,104.92,578.1,1,71.3,2,53.64,363,DEV-E6E05,0
TRX-53467,33.6,Eletronicos,Cartao_Credito,Desktop,93.41,863.5,0,119.9,7,-103.78,268,DEV-BAA12,0
TRX-53468,49.7,Vestuario,Pix,Tablet,615.22,1148.7,0,31.8,3,31.38,157,DEV-C59BF,0
TRX-53469,27.6,Eletronicos,Pix,Mobile,106.26,380.0,3,144.0,4,25.48,891,DEV-98EFE,1
TRX-53470,34.1,Games,Boleto,Mobile,400.15,1432.9,1,164.7,2,-122.77,252,DEV-831CB,0
TRX-53471,29.6,Vestuario,Boleto,Mobile,482.9,1692.7,1,145.2,4,-297.24,815,DEV-57D24,0
TRX-53472,49.4,Beleza,Cartao_Credito,Mobile,1287.18,862.1,0,6.7,5,-17.84,525,DEV-CF773,0
TRX-53473,46.9, ELETRONICOS ,Cartao_Credito,Desktop,30.28,118.7,0,105.4,4,107.06,452,DEV-64C80,0
TRX-53474,33.3,Eletronicos,Boleto,Mobile,,1505.6,0,209.1,2,-43.38,817,DEV-4EACE,0
TRX-53475,28.4, ELETRONICOS ,Cartao_Credito,Tablet,1001.75,367.4,0,176.4,5,257.65,375,DEV-C0F1A,0
TRX-53476,32.6, ELETRONICOS ,Pix,Desktop,2215.13,1686.7,2,8.5,6,20.27,558,DEV-595D3,0
TRX-53477,27.2,Games,Boleto,Desktop,1125.56,51.7,1,355.8,3,84.63,784,DEV-9A1F0,1
TRX-53478,48.9,Eletronicos,Pix,Mobile,54.93,750.6,0,214.7,5,-49.07,504,DEV-32A68,0
TRX-53479,,Games,Cartao_Credito,Desktop,266.15,512.8,0,279.5,5,124.06,891,DEV-4A960,0
TRX-53480,33.3,Beleza,Voucher,Desktop,284.23,1241.8,0,60.2,2,-21.52,563,DEV-38C82,0
TRX-53481,29.3,Eletronicos,Cartao_Credito,Desktop,261.38,1451.1,1,83.2,1,-198.29,450,DEV-BFAE1,0
TRX-53482,36.1,Beleza,Cartao_Credito,Desktop,499.02,1442.7,0,29.7,3,-142.68,608,DEV-B0D7D,0
TRX-53483,41.5,Games,Cartao_Credito,Mobile,1494.19,1167.3,1,125.4,3,1.09,624,DEV-CEEF7,1
TRX-53484,28.4, ELETRONICOS ,Cartao_Credito,Mobile,567.21,736.3,1,133.2,2,-57.79,567,DEV-4CC3C,0
TRX-53485,38.7, ELETRONICOS ,Cartao_Credito,Tablet,730.11,140.3,0,140.9,2,-114.81,504,DEV-8CF16,1
TRX-53486,40.6, ELETRONICOS ,Pix,Tablet,87.99,1786.7,1,46.2,3,-33.44,753,DEV-7A2F5,0
TRX-53487,9.3,Beleza,Boleto,Mobile,240.3,576.8,0,300.4,4,-163.01,328,DEV-63F52,0
TRX-53488,47.4, ELETRONICOS ,Cartao_Credito,Mobile,48.2,146.4,0,109.7,3,-31.02,898,DEV-E3268,1
TRX-53489,35.5,eletronicos,Cartao_Credito,Mobile,458.35,265.0,0,141.0,5,123.18,553,DEV-1DBAC,0
TRX-53490,,Eletronicos,Cartao_Credito,Mobile,1674.69,671.3,0,68.0,5,211.51,358,DEV-BE8BA,0
TRX-53491,23.2,Games,Cartao_Credito,Desktop,36.67,1525.8,0,95.2,5,56.86,858,DEV-8003B,0
TRX-53492,48.1,Games,Boleto,Mobile,308.77,926.8,0,63.1,4,-51.1,125,DEV-4A942,0
TRX-53493,,eletronicos,Voucher,Desktop,80.57,160.4,2,379.5,1,-71.72,388,DEV-E76BB,1
TRX-53494,55.2,Beleza,Cartao_Credito,Mobile,1828.34,613.4,1,237.1,2,15.43,859,DEV-9BDA8,1
TRX-53495,,Vestuario,Cartao_Credito,SmartTV,591.91,783.9,1,345.9,2,-4.14,467,DEV-4394F,0
TRX-53496,34.6,Eletronicos,Cartao_Credito,Mobile,915.47,367.8,1,87.2,1,-210.72,636,DEV-45BB1,1
TRX-53497,30.7, ELETRONICOS ,Cartao_Credito,SmartTV,2016.18,229.9,0,137.9,3,31.86,136,DEV-537D4,1
TRX-53498,43.4,Vestuario,Cartao_Credito,Mobile,266.52,1009.2,1,4.0,5,24.54,320,DEV-68FC6,0
TRX-53499,43.5,Games,Cartao_Credito,Mobile,,1382.9,0,156.1,5,259.99,920,DEV-EEB87,0
TRX-53500,37.9,Eletronicos,Cartao_Credito,Mobile,878.76,594.9,0,89.7,5,-61.75,247,DEV-8F413,0
TRX-53501,35.9,Eletronicos,Boleto,Mobile,277.96,65.4,1,210.1,6,112.84,493,DEV-CB8AC,0
TRX-53502,34.5,Beleza,Boleto,Mobile,304.73,1474.3,0,91.7,2,202.89,848,DEV-CA685,0
TRX-53503,38.9,Eletronicos,Cartao_Credito,Mobile,790.0,1257.1,1,149.4,6,-45.59,637,DEV-DF773,0
TRX-53504,38.7,Games,Cartao_Credito,Mobile,770.64,1162.1,0,10.4,1,31.46,638,DEV-80EA1,0
TRX-53505,55.3,Eletronicos,Cartao_Credito,Mobile,655.13,869.9,1,447.1,3,-66.67,641,DEV-73151,1
TRX-53506,50.1,Games,Pix,Desktop,601.0,730.2,0,3.6,8,125.85,746,DEV-3567C,0
TRX-53507,27.2, ELETRONICOS ,Cartao_Credito,Mobile,131.72,1024.2,1,25.4,2,82.26,366,DEV-E5C44,0
TRX-53508,33.3,Games,Boleto,Desktop,931.04,193.3,1,565.4,6,-43.64,615,DEV-9DD2A,1
TRX-53509,54.6,Games,Boleto,Mobile,284.22,1246.2,0,201.9,4,101.4,633,DEV-574C2,0
TRX-53510,36.1,Beleza,Cartao_Credito,Desktop,184.19,259.3,0,60.2,6,-51.6,529,DEV-4037E,0
TRX-53511,44.3,Vestuario,Pix,SmartTV,588.12,897.9,2,216.7,3,21.86,916,DEV-92A41,0
TRX-53512,47.4,Vestuario,Pix,Mobile,154.57,959.8,0,70.8,6,-155.03,804,DEV-C7CBF,0
TRX-53513,42.9,Vestuario,Cartao_Credito,Mobile,703.52,290.6,1,95.4,6,69.95,952,DEV-7BBF0,0
TRX-53514,22.7,eletronicos,Cartao_Credito,Mobile,888.37,328.1,0,56.2,8,-17.87,486,DEV-82126,0
TRX-53515,40.3,Games,Cartao_Credito,Mobile,658.78,123.9,2,33.4,3,62.62,784,DEV-2D65F,1
TRX-53516,29.0,Eletronicos,Cartao_Credito,Mobile,386.94,1581.5,2,139.1,1,-112.41,627,DEV-4311C,1
TRX-53517,25.6,Beleza,Pix,Tablet,139.31,677.6,1,37.8,4,-26.47,250,DEV-C093D,0
TRX-53518,31.8,Eletronicos,Pix,Mobile,688.35,1409.3,0,129.3,0,-12.59,918,DEV-9BC41,0
TRX-53519,46.1,Vestuario,Pix,Tablet,148.79,73.4,0,45.9,1,126.99,446,DEV-1BBB5,0
TRX-53520,33.3, ELETRONICOS ,Cartao_Credito,Mobile,601.09,627.6,2,111.9,2,156.46,192,DEV-1CC42,0
TRX-53521,32.8, ELETRONICOS ,Cartao_Credito,Tablet,283.44,220.7,0,19.4,6,22.0,699,DEV-5814D,0
TRX-53522,18.2,Vestuario,Voucher,Tablet,716.62,129.5,0,524.9,5,240.58,629,DEV-89334,1
TRX-53523,45.8,Eletronicos,Voucher,Mobile,1386.38,1112.5,0,45.0,3,-106.6,257,DEV-44D21,0
TRX-53524,20.4,Eletronicos,Cartao_Credito,Desktop,388.38,933.1,1,197.0,1,-53.06,979,DEV-E6A17,0
TRX-53525,23.4,Vestuario,Pix,Mobile,449.35,800.9,3,115.2,2,-182.37,850,DEV-81580,0
TRX-53526,63.6,Beleza,Boleto,Mobile,345.99,347.6,1,459.6,6,-63.8,561,DEV-A7655,0
TRX-53527,25.2,Eletronicos,Pix,Mobile,603.48,332.2,2,719.2,2,-59.28,687,DEV-A8443,1
TRX-53528,54.6,eletronicos,Boleto,Desktop,438.17,1011.1,0,43.2,7,-177.76,674,DEV-5C242,0
TRX-53529,,Eletronicos,Cartao_Credito,Mobile,,55.9,0,235.3,5,-41.11,414,DEV-D1E1C,0
TRX-53530,38.5,eletronicos,Pix,Tablet,55.47,1476.6,0,130.5,0,-79.35,893,DEV-83DEC,0
TRX-53531,32.9,Vestuario,Pix,Mobile,1152.69,1783.7,0,380.4,1,-93.58,114,DEV-D04FD,1
TRX-53532,33.4,Eletronicos,Cartao_Credito,Tablet,1504.91,1470.9,0,0.1,2,46.01,621,DEV-A696F,0
TRX-53533,30.8,Vestuario,Cartao_Credito,Desktop,,479.0,0,214.1,7,27.16,796,DEV-192A8,0
TRX-53534,60.1,Games,Pix,Tablet,106.16,610.7,1,73.9,2,25.7,220,DEV-DF023,0
TRX-53535,27.6,Beleza,Boleto,Desktop,2067.07,670.9,0,87.7,7,14.05,169,DEV-5F69F,0
TRX-53536,36.0,Beleza,Cartao_Credito,Mobile,680.58,911.1,0,114.5,1,-72.89,548,DEV-503EC,1
TRX-53537,,Beleza,Cartao_Credito,Desktop,173.81,418.2,0,188.4,2,128.08,518,DEV-54D91,1
TRX-53538,21.0,eletronicos,Pix,Mobile,112.42,460.6,2,93.5,2,-102.8,299,DEV-CD175,0
TRX-53539,43.8,Beleza,Cartao_Credito,Tablet,928.66,996.3,0,25.6,5,59.74,611,DEV-87751,0
TRX-53540,28.5,Vestuario,Boleto,Mobile,244.75,904.7,1,21.9,4,-197.09,815,DEV-28069,0
TRX-53541,36.2,Eletronicos,Pix,Desktop,575.23,15.5,1,78.0,5,-251.4,497,DEV-C62D1,1
TRX-53542,40.2,Eletronicos,Boleto,Mobile,206.08,760.3,0,37.9,4,-140.1,496,DEV-7BE47,0
TRX-53543,45.9, ELETRONICOS ,Cartao_Credito,Desktop,71.17,702.0,2,67.7,3,-36.25,182,DEV-410CA,0
TRX-53544,26.2,Eletronicos,Voucher,Desktop,364.16,1544.7,0,61.8,3,334.74,478,DEV-B07FC,0
TRX-53545,32.7,Eletronicos,Cartao_Credito,Mobile,885.25,1296.5,1,11.1,7,115.42,893,DEV-615A2,0
TRX-53546,36.8,eletronicos,Pix,Tablet,856.37,1016.3,1,257.3,4,98.62,621,DEV-B518E,0
TRX-53547,47.3,eletronicos,Cartao_Credito,Mobile,154.96,1043.6,0,291.0,7,-49.85,637,DEV-AC395,0
TRX-53548,44.3,Beleza,Cartao_Credito,Mobile,210.86,1578.5,0,16.8,4,-146.08,132,DEV-86058,0
TRX-53549,18.7,Eletronicos,Cartao_Credito,Mobile,383.65,1372.6,1,131.1,5,27.63,460,DEV-2473B,0
TRX-53550,34.1,Games,Cartao_Credito,Mobile,1039.7,1739.1,0,15.7,3,169.05,111,DEV-24063,0
TRX-53551,27.5,Eletronicos,Boleto,Mobile,,896.1,0,234.4,5,-80.61,389,DEV-57E8E,0
TRX-53552,38.8,Beleza,Cartao_Credito,SmartTV,868.19,1542.6,0,26.6,5,141.59,269,DEV-1F940,0
TRX-53553,36.6,Beleza,Cartao_Credito,Mobile,316.17,464.1,0,48.9,4,-58.26,550,DEV-1E758,0
TRX-53554,24.4, ELETRONICOS ,Boleto,Tablet,1287.19,1598.4,0,164.1,3,44.35,370,DEV-C6D4A,0
TRX-53555,33.6,Games,Cartao_Credito,Tablet,1163.04,1579.2,1,4.4,4,203.81,705,DEV-6990D,0
TRX-53556,15.6,Eletronicos,Boleto,Mobile,142.08,1388.7,0,38.6,3,-164.61,664,DEV-95761,0
TRX-53557,42.6,eletronicos,Cartao_Credito,Desktop,323.91,1783.6,0,12.9,6,86.58,292,DEV-2632E,0
TRX-53558,48.8,Eletronicos,Pix,Mobile,918.76,1628.0,0,88.7,2,8.37,443,DEV-9C061,0
TRX-53559,41.4,Eletronicos,Cartao_Credito,Mobile,642.97,499.7,1,48.0,3,-46.05,249,DEV-85205,0
TRX-53560,37.8,Eletronicos,Pix,Desktop,928.49,957.5,0,107.5,3,-62.12,434,DEV-56736,0
TRX-53561,13.4,eletronicos,Voucher,Mobile,682.02,1103.3,0,130.9,3,88.53,215,DEV-98583,0
TRX-53562,39.0, ELETRONICOS ,Cartao_Credito,Mobile,323.02,537.1,1,82.7,2,-90.77,806,DEV-833D7,1
TRX-53563,53.0,Eletronicos,Cartao_Credito,Mobile,,948.5,1,205.2,2,27.29,499,DEV-9779C,0
TRX-53564,58.1,Vestuario,Boleto,Desktop,479.92,1073.0,0,74.3,1,-17.15,535,DEV-62ED8,0
TRX-53565,49.3,Games,Cartao_Credito,Mobile,319.16,1417.9,0,98.3,5,0.11,402,DEV-24B7D,0
TRX-53566,30.1,Eletronicos,Voucher,Tablet,125.72,689.7,1,8.1,4,114.25,900,DEV-7B29E,0
TRX-53567,37.3, ELETRONICOS ,Cartao_Credito,Mobile,357.1,383.3,1,89.1,4,38.39,171,DEV-1BA0C,0
TRX-53568,29.0, ELETRONICOS ,Boleto,Mobile,590.1,360.7,0,25.8,1,-140.74,336,DEV-DAA9B,1
TRX-53569,40.2,eletronicos,Cartao_Credito,Desktop,841.99,1016.5,0,453.7,4,-21.56,263,DEV-3DB30,1
TRX-53570,40.3,Eletronicos,Pix,Mobile,176.97,1282.5,1,68.1,3,39.9,112,DEV-C8AD3,1
TRX-53571,29.6,Eletronicos,Boleto,Mobile,1082.71,635.8,0,4.0,2,47.56,963,DEV-F0A2A,0
TRX-53572,27.1, ELETRONICOS ,Voucher,Mobile,,1153.7,2,136.8,2,-67.54,599,DEV-EAA17,0
TRX-53573,38.8, ELETRONICOS ,Boleto,Desktop,209.06,1095.9,1,63.3,3,97.95,262,DEV-A32EF,0
TRX-53574,46.2, ELETRONICOS ,Cartao_Credito,Tablet,281.5,401.0,0,318.1,6,25.09,195,DEV-D701E,0
TRX-53575,66.1,Beleza,Cartao_Credito,Desktop,905.85,1554.7,0,254.0,5,-64.38,689,DEV-D2E33,0
TRX-53576,24.0, ELETRONICOS ,Voucher,Mobile,695.45,12.3,1,377.5,4,-78.95,720,DEV-6E269,1
TRX-53577,45.8,Vestuario,Boleto,Mobile,487.73,1351.3,1,137.0,2,-76.93,156,DEV-5485D,0
TRX-53578,45.2,Beleza,Cartao_Credito,Desktop,331.26,946.5,0,280.0,4,6.55,286,DEV-AB1DB,0
TRX-53579,41.6,Eletronicos,Pix,Tablet,1060.82,395.0,0,285.9,3,-9.68,615,DEV-57A6B,1
TRX-53580,54.7,Games,Boleto,Mobile,75.93,214.4,1,24.9,1,-14.98,818,DEV-7A1FE,0
TRX-53581,29.2,Vestuario,Cartao_Credito,Mobile,126.02,425.0,1,0.4,3,-23.13,465,DEV-35A18,0
TRX-53582,27.1,Beleza,Boleto,Mobile,62.24,125.6,0,17.3,7,-88.03,696,DEV-5913D,0
TRX-53583,18.4, ELETRONICOS ,Boleto,Mobile,296.18,1240.8,0,65.6,3,-47.21,503,DEV-37233,0
TRX-53584,17.4,Beleza,Voucher,Desktop,990.36,124.6,1,140.9,5,-162.96,220,DEV-A44FB,0
TRX-53585,,eletronicos,Boleto,Desktop,2618.97,56.6,1,190.1,5,33.34,217,DEV-D04E8,1
TRX-53586,28.5,Eletronicos,Boleto,Mobile,1436.56,583.8,0,90.6,7,-0.63,266,DEV-3B528,0
TRX-53587,48.9,Eletronicos,Boleto,Desktop,244.64,1276.6,0,118.4,1,-162.02,270,DEV-C3AC2,0
TRX-53588,33.7,Eletronicos,Cartao_Credito,Mobile,757.56,1502.3,0,120.5,3,195.03,600,DEV-A8C41,0
TRX-53589,39.4,Games,Cartao_Credito,Mobile,274.31,418.0,0,55.1,5,-101.18,712,DEV-6F7CD,0
TRX-53590,21.0,Beleza,Cartao_Credito,Mobile,177.39,1147.3,2,186.4,2,-95.93,546,DEV-8404F,0
TRX-53591,37.6,Games,Cartao_Credito,Mobile,44.24,676.8,1,22.4,4,-35.98,298,DEV-CA101,0
TRX-53592,15.3, ELETRONICOS ,Boleto,Mobile,270.54,45.6,0,25.3,0,-5.78,925,DEV-EA7A9,0
TRX-53593,27.2,Eletronicos,Cartao_Credito,Mobile,190.07,1253.4,0,30.8,3,-41.37,638,DEV-8BD02,0
TRX-53594,35.4,Games,Pix,Mobile,91.6,326.4,0,8.5,5,128.39,937,DEV-E6FEF,0
TRX-53595,29.6,eletronicos,Pix,Mobile,3520.12,1538.6,1,116.0,4,-66.99,774,DEV-DEA4E,0
TRX-53596,47.2,Eletronicos,Cartao_Credito,Mobile,40.17,18.7,0,28.3,3,142.78,830,DEV-2C0A1,0
TRX-53597,16.8,Eletronicos,Voucher,Mobile,744.18,1297.2,0,60.1,6,-215.2,347,DEV-645C7,0
TRX-53598,41.4,Eletronicos,Cartao_Credito,Mobile,567.87,749.5,1,130.2,4,66.42,804,DEV-85E0E,0
TRX-53599,33.8,Beleza,Boleto,Mobile,258.26,8.8,2,520.9,5,115.33,257,DEV-9FCD7,1
TRX-53600,33.6,Eletronicos,Voucher,Desktop,754.99,1786.2,2,271.6,3,29.82,455,DEV-2B490,0
TRX-53601,57.9,Beleza,Cartao_Credito,Mobile,564.04,814.1,1,202.2,2,104.4,484,DEV-4EAF4,0
TRX-53602,31.9,Eletronicos,Voucher,Desktop,507.89,1635.7,1,170.2,3,-124.82,786,DEV-E7180,0
TRX-53603,29.6,Beleza,Boleto,Tablet,2081.75,1119.3,1,99.4,2,39.86,437,DEV-971EB,1
TRX-53604,39.9,Vestuario,Boleto,Mobile,492.81,560.4,1,55.3,3,-96.48,864,DEV-77F7F,0
TRX-53605,32.0,Beleza,Cartao_Credito,Desktop,1136.6,1419.7,2,987.6,2,-155.62,452,DEV-2CF6F,1
TRX-53606,52.7,Vestuario,Cartao_Credito,Mobile,501.94,1601.2,0,182.7,1,-36.03,267,DEV-2FB50,0
TRX-53607,30.3,Vestuario,Cartao_Credito,Mobile,1292.28,73.3,0,72.2,0,-5.75,897,DEV-7ECA1,1
TRX-53608,43.4,Eletronicos,Pix,Tablet,206.21,392.2,2,291.5,3,136.13,420,DEV-50BB5,1
TRX-53609,34.0,Beleza,Cartao_Credito,Mobile,806.33,1059.8,0,144.1,2,92.95,615,DEV-2312C,0
TRX-53610,27.8,Eletronicos,Pix,Desktop,124.57,1021.0,1,240.8,4,19.42,387,DEV-34B5B,0
TRX-53611,28.8,Games,Cartao_Credito,Mobile,541.35,1517.4,0,270.6,1,117.4,742,DEV-5816A,0
TRX-53612,29.6,Eletronicos,Cartao_Credito,Mobile,1637.41,599.4,0,322.4,4,1.31,787,DEV-F3117,1
TRX-53613,42.2, ELETRONICOS ,Cartao_Credito,Tablet,44.71,112.4,1,90.3,7,-11.05,660,DEV-58557,0
TRX-53614,24.0,Eletronicos,Cartao_Credito,Tablet,202.2,825.6,0,43.8,4,-106.64,898,DEV-44C36,0
TRX-53615,38.7,Games,Boleto,Desktop,2990.73,1347.0,0,254.8,3,-129.77,565,DEV-7119D,1
TRX-53616,34.1,Eletronicos,Boleto,Desktop,2159.96,961.8,1,29.5,3,-112.02,402,DEV-50E95,1
TRX-53617,,Beleza,Pix,Mobile,158.51,863.4,2,166.6,5,-32.69,796,DEV-4A713,0
TRX-53618,22.8,Games,Cartao_Credito,Desktop,293.56,90.6,0,29.3,0,65.31,310,DEV-BF9BE,0
TRX-53619,37.9,Beleza,Voucher,Mobile,3072.17,556.5,0,248.6,3,-109.75,903,DEV-B5276,1
TRX-53620,27.4,Games,Boleto,Mobile,651.16,1515.7,1,512.0,3,268.01,896,DEV-38517,1
TRX-53621,47.1,Vestuario,Boleto,Desktop,198.72,706.8,1,1031.4,3,31.12,138,DEV-BC6F0,1
TRX-53622,37.0, ELETRONICOS ,Cartao_Credito,Mobile,728.99,426.8,0,161.8,1,-62.29,278,DEV-5224A,0
TRX-53623,35.5,Beleza,Pix,Desktop,553.22,1188.3,2,46.1,4,44.09,839,DEV-AA1AA,0
TRX-53624,41.3, ELETRONICOS ,Cartao_Credito,Desktop,780.25,587.8,0,17.4,4,-310.07,137,DEV-94ADF,1
TRX-53625,51.4,Eletronicos,Boleto,Mobile,516.32,728.0,1,230.5,4,-143.56,997,DEV-5A93B,0
TRX-53626,24.4,Beleza,Boleto,Mobile,2150.18,16.0,0,8.2,3,121.24,162,DEV-7E5EF,1
TRX-53627,35.6,Vestuario,Boleto,Desktop,2480.46,563.4,0,62.6,5,-102.33,251,DEV-4B6E2,1
TRX-53628,37.1,Vestuario,Voucher,Tablet,239.17,1581.4,1,57.0,3,-4.7,306,DEV-F3B20,0
TRX-53629,32.0,Games,Boleto,Mobile,521.73,872.9,0,162.3,6,-17.84,758,DEV-2D3B7,0
TRX-53630,37.8,Beleza,Cartao_Credito,Desktop,297.06,1688.7,0,160.4,1,-17.63,742,DEV-DC3FB,0
TRX-53631,20.1,Games,Pix,Mobile,41.24,1116.7,1,61.6,5,-101.66,484,DEV-49258,0
TRX-53632,51.5,Eletronicos,Boleto,Mobile,100.46,1287.5,1,11.8,4,115.24,406,DEV-61B31,0
TRX-53633,32.5,Games,Cartao_Credito,Mobile,505.46,631.4,1,188.0,2,-1.91,856,DEV-69592,1
TRX-53634,29.9,Vestuario,Pix,Desktop,374.65,1248.2,0,71.7,3,56.97,607,DEV-CA0F0,0
TRX-53635,32.2,Eletronicos,Boleto,Mobile,790.44,898.6,1,49.7,4,33.42,894,DEV-2C1A3,0
TRX-53636,47.1, ELETRONICOS ,Cartao_Credito,Mobile,378.12,94.3,0,65.7,0,30.13,613,DEV-3F6A6,0
TRX-53637,39.6,Games,Cartao_Credito,Mobile,40.71,655.1,0,77.4,2,-57.67,705,DEV-82DC4,0
TRX-53638,44.4, ELETRONICOS ,Cartao_Credito,Mobile,338.87,815.5,0,162.3,6,131.51,259,DEV-3195C,0
TRX-53639,46.3,Games,Boleto,Mobile,50.99,421.1,2,49.2,1,53.13,728,DEV-94C06,0
TRX-53640,17.6,Games,Boleto,Mobile,794.64,287.5,0,3.8,4,127.87,181,DEV-D519F,0
TRX-53641,47.4,Vestuario,Pix,Mobile,548.23,831.0,2,123.5,3,-32.29,872,DEV-E7520,1
TRX-53642,30.3,Eletronicos,Pix,Mobile,1312.44,1470.0,0,14.9,3,29.9,140,DEV-4F7FB,0
TRX-53643,33.3,Vestuario,Boleto,Mobile,1107.88,1540.3,1,18.8,4,54.54,304,DEV-43822,0
TRX-53644,,Eletronicos,Boleto,Tablet,687.07,894.2,0,53.6,2,-97.08,803,DEV-474A2,0
TRX-53645,40.1, ELETRONICOS ,Cartao_Credito,Mobile,,48.9,0,471.4,3,31.07,330,DEV-833A5,1
TRX-53646,33.5,Eletronicos,Pix,Mobile,52.48,596.9,1,41.8,5,-52.63,285,DEV-911C8,0
TRX-53647,,Beleza,Cartao_Credito,Mobile,105.57,1724.7,2,98.6,10,-85.06,408,DEV-9AE62,0
TRX-53648,29.2,Vestuario,Pix,Mobile,49.08,902.2,2,246.9,1,-71.07,179,DEV-51C1A,1
TRX-53649,48.1,Eletronicos,Pix,Mobile,203.51,636.9,0,367.7,1,-3.85,488,DEV-C5BC5,1
TRX-53650,41.7,Games,Pix,Mobile,,1166.7,0,73.7,3,-59.68,770,DEV-B987F,0
TRX-53651,43.6,Eletronicos,Boleto,Mobile,,532.5,1,56.4,3,46.97,139,DEV-ED58A,0
TRX-53652,36.1,Eletronicos,Pix,Mobile,146.88,1123.9,1,158.7,3,-71.33,147,DEV-58CFE,0
TRX-53653,35.5, ELETRONICOS ,Boleto,Mobile,1106.55,1067.5,0,325.1,3,-73.1,362,DEV-9CB41,0
TRX-53654,48.8, ELETRONICOS ,Pix,Desktop,151.87,1547.5,1,198.6,2,-132.09,605,DEV-67BC9,0
TRX-53655,38.4,Vestuario,Cartao_Credito,Desktop,589.21,1167.9,0,624.3,3,154.24,738,DEV-A3F87,1
TRX-53656,43.7, ELETRONICOS ,Pix,Mobile,555.75,358.5,1,588.7,4,262.51,900,DEV-6B5EE,1
TRX-53657,27.0,Eletronicos,Cartao_Credito,Mobile,477.34,602.2,1,39.3,2,-73.08,207,DEV-8AF5D,1
TRX-53658,38.5,Beleza,Pix,Desktop,1923.6,607.4,1,108.7,6,26.84,486,DEV-3C6B0,1
TRX-53659,39.4,eletronicos,Cartao_Credito,Mobile,453.16,1747.5,1,221.2,3,-120.98,359,DEV-1C2E8,0
TRX-53660,33.7,Vestuario,Pix,Desktop,592.02,827.1,0,139.2,2,54.45,342,DEV-5BF45,0
TRX-53661,41.0,Eletronicos,Cartao_Credito,Desktop,684.97,520.0,0,10.2,3,-103.1,908,DEV-76B9C,0
TRX-53662,17.5,Vestuario,Voucher,Mobile,653.06,1393.5,0,130.2,6,117.65,583,DEV-98008,0
TRX-53663,22.4,Beleza,Boleto,Desktop,849.83,693.5,0,114.2,6,-78.81,403,DEV-2CEA0,0
TRX-53664,,Eletronicos,Boleto,Mobile,944.33,777.0,0,18.1,3,-58.48,535,DEV-E9347,0
TRX-53665,31.7,eletronicos,Cartao_Credito,Mobile,1445.97,1049.2,0,119.2,2,-96.49,721,DEV-3F591,0
TRX-53666,31.9,Games,Cartao_Credito,Mobile,67.79,660.9,0,38.0,6,184.52,469,DEV-C1296,0
TRX-53667,39.6,eletronicos,Cartao_Credito,Desktop,983.25,1562.0,1,90.5,3,-228.62,137,DEV-601F0,1
TRX-53668,26.0, ELETRONICOS ,Cartao_Credito,Mobile,415.48,889.0,1,259.8,4,-226.37,978,DEV-4B71E,0
TRX-53669,37.5,Games,Cartao_Credito,Tablet,275.61,628.8,0,61.9,2,158.22,245,DEV-CDF85,0
TRX-53670,28.4, ELETRONICOS ,Cartao_Credito,Desktop,105.68,92.1,2,45.5,1,86.11,984,DEV-3D7B6,0
TRX-53671,39.2,Eletronicos,Cartao_Credito,Mobile,1290.07,1093.6,1,95.5,2,-139.18,328,DEV-4693D,0
TRX-53672,28.8, ELETRONICOS ,Pix,Mobile,2075.58,1183.9,0,255.5,5,-139.1,646,DEV-9B607,0
TRX-53673,32.0,Eletronicos,Cartao_Credito,Desktop,420.17,1308.4,1,171.7,1,-30.22,345,DEV-38FC9,0
TRX-53674,22.2,Eletronicos,Cartao_Credito,Mobile,,332.3,1,238.4,7,150.29,377,DEV-710E9,0
TRX-53675,25.3,eletronicos,Boleto,Mobile,163.03,759.4,0,19.4,3,94.15,953,DEV-92C02,0
TRX-53676,29.0, ELETRONICOS ,Boleto,SmartTV,930.27,1261.2,0,3.5,1,69.39,579,DEV-45453,0
TRX-53677,31.4,Eletronicos,Pix,Desktop,845.84,750.7,3,314.8,1,-57.37,695,DEV-8C022,1
TRX-53678,21.7, ELETRONICOS ,Cartao_Credito,Tablet,256.27,1349.4,1,167.6,8,-24.34,141,DEV-BC3A2,0
TRX-53679,37.0, ELETRONICOS ,Cartao_Credito,Desktop,275.07,865.0,0,189.9,2,-99.74,296,DEV-27A75,0
TRX-53680,, ELETRONICOS ,Cartao_Credito,Desktop,466.71,750.1,0,590.6,5,-100.07,849,DEV-A991C,0
TRX-53681,45.9,Eletronicos,Cartao_Credito,Mobile,197.32,514.5,0,322.2,2,-72.53,944,DEV-B2604,0
TRX-53682,30.4,Eletronicos,Cartao_Credito,Desktop,959.17,813.3,0,15.9,3,147.12,728,DEV-B4C5C,0
TRX-53683,33.8, ELETRONICOS ,Cartao_Credito,Mobile,1775.05,906.6,0,0.9,3,64.33,598,DEV-18FEB,0
TRX-53684,32.1, ELETRONICOS ,Boleto,Mobile,795.15,381.3,1,22.3,5,-266.08,465,DEV-78E68,0
TRX-53685,,Eletronicos,Cartao_Credito,Mobile,85.32,437.0,1,96.4,4,-113.01,907,DEV-7E6E2,0
TRX-53686,35.3,Eletronicos,Pix,SmartTV,467.86,1722.4,0,69.3,1,-199.03,490,DEV-44B8F,0
TRX-53687,42.8,Games,Pix,Mobile,329.91,219.0,2,163.7,3,43.49,654,DEV-542E1,1
TRX-53688,47.0,Eletronicos,Cartao_Credito,Mobile,193.41,1410.6,1,338.0,2,-162.17,806,DEV-9B760,0
TRX-53689,35.1,Eletronicos,Boleto,Mobile,299.82,266.6,0,64.8,3,-34.44,153,DEV-7259F,0
TRX-53690,34.6, ELETRONICOS ,Boleto,Mobile,32.29,1380.6,0,35.4,3,-153.23,199,DEV-E7087,0
TRX-53691,44.8,Beleza,Cartao_Credito,Tablet,283.53,241.3,0,112.2,2,-111.15,923,DEV-C2778,0
TRX-53692,38.9,eletronicos,Cartao_Credito,Mobile,2132.79,1771.3,1,362.7,7,-152.72,712,DEV-B1490,1
TRX-53693,38.4,Eletronicos,Cartao_Credito,Mobile,864.13,1798.3,1,28.5,4,3.43,650,DEV-F0EF5,0
TRX-53694,25.9,Eletronicos,Voucher,Mobile,471.79,1249.0,1,38.0,8,-220.44,278,DEV-8A888,0
TRX-53695,10.3,Games,Pix,Desktop,1161.82,1636.0,0,140.3,3,105.46,862,DEV-E758B,0
TRX-53696,32.5,Vestuario,Boleto,Mobile,816.33,824.9,0,635.6,4,311.47,312,DEV-84FA4,1
TRX-53697,19.1,Eletronicos,Voucher,Desktop,1046.17,506.4,2,206.5,3,23.78,937,DEV-1964C,1
TRX-53698,58.2, ELETRONICOS ,Voucher,Mobile,1934.18,85.8,0,58.9,4,116.12,762,DEV-F1BBA,0
TRX-53699,34.3,eletronicos,Cartao_Credito,Mobile,471.58,599.3,0,296.9,3,54.57,809,DEV-6DD6A,0
TRX-53700,44.9,Eletronicos,Boleto,Desktop,909.42,906.6,1,288.3,1,-116.36,353,DEV-6EBAB,1
TRX-53701,,Eletronicos,Cartao_Credito,Mobile,682.4,408.6,0,94.5,5,149.37,517,DEV-213CD,0
TRX-53702,26.9,eletronicos,Pix,Mobile,1241.68,411.8,1,38.8,6,34.98,513,DEV-CBD32,0
TRX-53703,39.7, ELETRONICOS ,Cartao_Credito,Mobile,1932.26,1426.2,0,47.2,7,193.68,846,DEV-32770,0
TRX-53704,38.2,Beleza,Boleto,Desktop,515.21,674.6,4,168.9,4,-214.49,652,DEV-ABFD2,1
TRX-53705,34.6, ELETRONICOS ,Pix,Desktop,,850.7,0,49.1,6,-43.02,595,DEV-458C5,0
TRX-53706,37.6,Beleza,Pix,Mobile,1957.29,1756.2,0,274.8,4,55.02,833,DEV-C2482,0
TRX-53707,32.4,Games,Cartao_Credito,Mobile,1305.39,1668.3,1,225.8,2,-85.56,433,DEV-E6CAB,0
TRX-53708,30.8, ELETRONICOS ,Cartao_Credito,SmartTV,,1519.3,0,13.4,2,-110.13,232,DEV-F0ED5,0
TRX-53709,47.4,Eletronicos,Cartao_Credito,Mobile,622.8,170.3,1,8.3,5,43.91,875,DEV-7EE62,1
TRX-53710,51.0,Eletronicos,Cartao_Credito,Mobile,345.75,507.2,0,51.1,1,119.34,954,DEV-DC33F,0
TRX-53711,34.9,Eletronicos,Pix,Mobile,933.01,1213.5,0,109.3,6,102.61,937,DEV-6BD29,0
TRX-53712,19.9,Games,Cartao_Credito,Tablet,723.74,932.1,0,10.0,1,-167.72,334,DEV-687E8,0
TRX-53713,41.9, ELETRONICOS ,Cartao_Credito,Desktop,965.28,1723.0,0,45.9,2,-281.73,688,DEV-5B566,0
TRX-53714,35.2,Vestuario,Cartao_Credito,Mobile,852.31,427.0,2,86.2,4,-71.47,654,DEV-325A1,0
TRX-53715,42.1, ELETRONICOS ,Boleto,Mobile,1966.81,420.9,0,268.7,1,-66.4,843,DEV-41B78,1
TRX-53716,36.1,Eletronicos,Cartao_Credito,Mobile,913.35,1728.5,2,399.8,4,-37.66,258,DEV-39E88,1
TRX-53717,49.6,eletronicos,Boleto,Mobile,626.99,543.6,1,142.9,5,145.78,951,DEV-AEC0E,0
TRX-53718,17.6, ELETRONICOS ,Cartao_Credito,Mobile,138.71,1064.2,1,195.2,2,-108.6,141,DEV-7429E,1
TRX-53719,38.5,Eletronicos,Pix,Desktop,78.26,1219.1,0,251.2,1,-95.63,203,DEV-5A134,0
TRX-53720,39.3,Eletronicos,Boleto,Mobile,2074.6,866.6,1,186.1,6,-1.02,735,DEV-B6800,0
TRX-53721,39.2,Vestuario,Boleto,Desktop,933.31,330.8,1,78.2,5,113.15,208,DEV-51D29,0
TRX-53722,49.7, ELETRONICOS ,Boleto,Mobile,1766.83,762.7,1,480.8,2,-150.89,976,DEV-83C3F,1
TRX-53723,37.9,Eletronicos,Pix,Mobile,23.43,1615.6,1,71.9,2,-287.0,103,DEV-76236,0
TRX-53724,28.6,Eletronicos,Pix,Mobile,1365.16,1311.0,0,13.7,4,69.75,387,DEV-44D98,0
TRX-53725,,eletronicos,Cartao_Credito,Desktop,450.57,1678.5,1,239.4,2,-57.64,323,DEV-26D80,0
TRX-53726,35.0,Games,Boleto,Mobile,838.66,606.7,0,144.7,3,139.93,445,DEV-B7CEB,0
TRX-53727,37.4,eletronicos,Cartao_Credito,Mobile,147.54,1240.8,0,241.0,4,241.43,128,DEV-61AB1,0
TRX-53728,42.6,Eletronicos,Cartao_Credito,Desktop,284.56,1306.0,0,256.2,2,-171.65,448,DEV-3505F,0
TRX-53729,37.9, ELETRONICOS ,Cartao_Credito,Mobile,1445.33,399.8,0,8.1,3,-192.81,318,DEV-9C57E,1
TRX-53730,38.0,Eletronicos,Pix,Desktop,307.53,1408.9,1,221.4,3,-105.28,934,DEV-9A795,0
TRX-53731,19.2,Beleza,Pix,Mobile,1130.78,802.1,0,109.2,4,30.01,467,DEV-B4DC8,0
TRX-53732,43.1,Eletronicos,Pix,Mobile,118.41,1752.5,1,218.9,1,-145.14,634,DEV-4C166,0
TRX-53733,41.0, ELETRONICOS ,Cartao_Credito,Mobile,104.45,826.7,0,428.9,1,150.23,323,DEV-DDA8D,1
TRX-53734,36.4,Vestuario,Cartao_Credito,Mobile,1042.06,840.8,1,388.6,2,-140.3,303,DEV-5C9D3,1
TRX-53735,43.3, ELETRONICOS ,Pix,Mobile,422.24,835.3,1,171.2,4,147.01,164,DEV-F0222,0
TRX-53736,25.6,Vestuario,Cartao_Credito,Mobile,106.55,11.4,1,155.0,2,77.29,951,DEV-DCA91,0
TRX-53737,47.1, ELETRONICOS ,Cartao_Credito,Desktop,83.27,861.3,0,22.9,1,64.75,960,DEV-520D8,0
TRX-53738,45.2,Beleza,Cartao_Credito,Mobile,311.43,760.4,2,79.7,8,-47.29,221,DEV-494C6,0
TRX-53739,21.8,Beleza,Pix,Tablet,1874.04,171.4,1,105.4,3,-155.17,171,DEV-8D140,1
TRX-53740,42.6,Beleza,Pix,Desktop,1395.82,366.4,0,224.8,2,31.93,475,DEV-24E38,1
TRX-53741,26.8,Games,Boleto,Mobile,305.98,761.3,1,256.2,0,21.15,957,DEV-78391,1
TRX-53742,39.3,Games,Voucher,Tablet,204.18,850.9,0,220.8,4,121.9,776,DEV-AA19F,0
TRX-53743,43.6,Eletronicos,Cartao_Credito,Desktop,97.35,1150.7,2,354.8,0,-41.6,687,DEV-E6566,0
TRX-53744,41.4,Eletronicos,Boleto,Mobile,611.74,1610.6,0,7.0,2,4.48,737,DEV-628BA,0
TRX-53745,49.1,Games,Boleto,Mobile,184.31,241.5,0,102.3,3,-154.12,637,DEV-981C6,1
TRX-53746,28.8, ELETRONICOS ,Pix,Desktop,1276.57,126.8,1,303.0,5,-107.1,814,DEV-E4A0F,1
TRX-53747,41.3,Games,Cartao_Credito,Desktop,63.57,743.4,2,16.5,3,84.52,427,DEV-AFEA1,0
TRX-53748,45.3,Eletronicos,Cartao_Credito,Mobile,81.12,258.3,1,179.1,4,-95.84,643,DEV-1AB5E,0
TRX-53749,49.9,Beleza,Pix,Mobile,103.58,1439.4,2,55.4,3,22.45,723,DEV-C00ED,0
TRX-53750,42.8,Beleza,Pix,Mobile,79.24,1349.7,2,174.8,6,71.36,990,DEV-5484C,0
TRX-53751,33.4,Eletronicos,Boleto,Desktop,1321.54,866.3,1,100.3,3,-98.61,834,DEV-EF96D,0
TRX-53752,40.4,Eletronicos,Cartao_Credito,Mobile,636.61,484.2,0,7.0,5,-49.47,308,DEV-E79ED,0
TRX-53753,29.3,Games,Cartao_Credito,Mobile,445.68,780.5,0,254.0,3,-137.69,635,DEV-6BE93,0
TRX-53754,40.6,Vestuario,Boleto,Mobile,1243.19,440.8,2,98.2,3,-8.29,377,DEV-D7AE3,0
TRX-53755,35.9,Beleza,Cartao_Credito,Mobile,491.58,907.0,2,15.0,6,26.38,987,DEV-751EC,0
TRX-53756,21.5,Eletronicos,Cartao_Credito,Mobile,2140.58,175.1,1,107.6,4,-106.42,757,DEV-8A294,1
TRX-53757,34.5,Games,Cartao_Credito,Desktop,96.75,439.0,0,111.1,10,-23.85,538,DEV-72337,0
TRX-53758,48.7,Eletronicos,Pix,Desktop,461.51,1189.6,0,0.9,2,-17.06,249,DEV-E1A55,0
TRX-53759,39.2,Eletronicos,Boleto,Desktop,2217.39,243.4,0,186.5,4,-113.65,286,DEV-B472A,1
TRX-53760,27.6,Games,Pix,Mobile,61.45,1212.8,0,6.6,5,41.68,700,DEV-D47F4,0
TRX-53761,40.2,Eletronicos,Boleto,Desktop,1024.29,956.4,0,173.6,4,208.6,988,DEV-8B99D,0
TRX-53762,,Vestuario,Cartao_Credito,Mobile,891.52,862.9,0,96.1,4,-69.17,828,DEV-C8CE4,0
TRX-53763,35.8,Beleza,Pix,Desktop,1302.91,1439.4,1,213.3,4,-52.5,659,DEV-4B47F,0
TRX-53764,35.9,Vestuario,Voucher,Mobile,1241.54,723.6,3,155.5,5,41.37,403,DEV-B338F,1
TRX-53765,33.5,Eletronicos,Boleto,Mobile,702.23,407.9,1,28.0,4,-5.08,452,DEV-DDDC8,1
TRX-53766,31.7,Eletronicos,Pix,Desktop,138.29,1494.5,1,106.3,2,258.46,988,DEV-D6B79,0
TRX-53767,30.3,Vestuario,Cartao_Credito,Desktop,77.0,494.9,3,318.2,5,259.71,284,DEV-6A162,1
TRX-53768,29.1, ELETRONICOS ,Boleto,Mobile,797.04,1287.4,0,2.8,3,-37.01,342,DEV-504E3,0
TRX-53769,30.5,Games,Boleto,Mobile,299.6,1076.5,0,147.8,6,95.54,717,DEV-8BF4C,0
TRX-53770,52.3,Eletronicos,Cartao_Credito,Mobile,2614.23,606.1,0,66.6,1,62.26,851,DEV-86FEC,1
TRX-53771,34.8,Eletronicos,Pix,Mobile,86.03,902.1,0,884.7,2,64.03,790,DEV-A9DFB,1
TRX-53772,55.5,Eletronicos,Pix,Desktop,819.35,712.6,1,68.8,3,122.47,710,DEV-19699,0
TRX-53773,50.7, ELETRONICOS ,Cartao_Credito,Tablet,888.28,801.3,2,113.6,2,-75.78,215,DEV-A853F,0
TRX-53774,31.4,Vestuario,Cartao_Credito,Mobile,237.71,1344.7,0,57.0,5,44.64,625,DEV-1E70F,0
TRX-53775,39.9,Beleza,Boleto,Mobile,2085.16,1346.4,0,428.0,5,-16.14,114,DEV-903D7,1
TRX-53776,37.8, ELETRONICOS ,Cartao_Credito,Desktop,751.76,1118.5,0,137.3,5,13.01,639,DEV-AEBC4,0
TRX-53777,37.0,Vestuario,Cartao_Credito,Mobile,741.12,540.7,0,79.1,5,-55.47,262,DEV-A6D4F,0
TRX-53778,42.1,Eletronicos,Pix,Mobile,412.7,350.3,1,725.9,4,-80.12,466,DEV-27069,1
TRX-53779,26.4,Vestuario,Boleto,Desktop,163.99,851.2,0,370.6,5,-63.38,376,DEV-B9514,0
TRX-53780,39.1, ELETRONICOS ,Cartao_Credito,Desktop,408.12,231.4,0,136.8,4,-76.28,626,DEV-81D19,0
TRX-53781,28.8,Vestuario,Pix,Mobile,655.51,1146.8,1,13.3,4,148.8,882,DEV-EC2E3,0
TRX-53782,25.5,Eletronicos,Voucher,SmartTV,27.47,141.4,1,83.5,2,80.86,543,DEV-C816D,1
TRX-53783,52.5,eletronicos,Cartao_Credito,Desktop,352.23,850.6,0,53.6,1,165.63,429,DEV-35716,0
TRX-53784,51.8, ELETRONICOS ,Pix,Mobile,915.99,1772.1,1,199.4,1,118.65,402,DEV-CD434,1
TRX-53785,50.8,Vestuario,Pix,Desktop,1356.26,363.8,0,65.3,4,163.72,531,DEV-A80FE,0
TRX-53786,42.3, ELETRONICOS ,Cartao_Credito,Desktop,857.67,75.6,0,12.6,3,26.77,309,DEV-43CDB,0
TRX-53787,24.4,Eletronicos,Cartao_Credito,Mobile,1035.95,1382.8,1,38.6,5,139.4,886,DEV-BD56E,0
TRX-53788,23.7,Vestuario,Cartao_Credito,Mobile,1037.91,1139.9,3,259.8,4,19.21,883,DEV-9919E,1
TRX-53789,53.6,Vestuario,Boleto,Mobile,161.62,1262.4,1,461.7,2,-15.58,792,DEV-8822D,0
TRX-53790,45.4,eletronicos,Pix,Desktop,2979.01,269.1,0,136.9,1,0.68,963,DEV-361BE,1
TRX-53791,25.6,Eletronicos,Cartao_Credito,Mobile,234.16,1317.9,1,20.8,3,4.21,252,DEV-81368,0
TRX-53792,52.2,Vestuario,Cartao_Credito,Mobile,1040.17,917.3,1,40.1,2,-132.31,599,DEV-AD287,0
TRX-53793,27.3,Vestuario,Voucher,Mobile,111.51,1653.3,0,55.8,3,0.85,699,DEV-2BFB1,0
TRX-53794,22.9, ELETRONICOS ,Cartao_Credito,Mobile,394.68,1301.5,0,91.6,1,-123.64,207,DEV-20707,0
TRX-53795,39.8,Vestuario,Pix,Tablet,578.76,1519.7,1,188.0,0,30.67,835,DEV-B0A3A,1
TRX-53796,36.8, ELETRONICOS ,Cartao_Credito,SmartTV,6595.06,1160.5,1,26.5,4,90.39,502,DEV-7E3AA,1
TRX-53797,43.4,Vestuario,Cartao_Credito,Mobile,673.57,934.8,0,93.5,6,-33.06,200,DEV-69000,0
TRX-53798,34.2,Beleza,Boleto,Desktop,251.9,415.3,2,161.3,4,18.88,393,DEV-D7E29,1
TRX-53799,24.8,Vestuario,Cartao_Credito,Desktop,1179.77,110.4,0,149.8,5,-76.54,798,DEV-AAB06,0
TRX-53800,33.6,Games,Boleto,Mobile,119.61,636.5,0,169.6,2,-58.09,892,DEV-3F4DB,0
TRX-53801,34.8,Beleza,Cartao_Credito,Mobile,1524.0,1017.5,2,6.4,3,-222.92,266,DEV-438DD,1
TRX-53802,34.9,Games,Cartao_Credito,Desktop,293.65,34.7,0,69.0,5,221.71,459,DEV-A7FB8,0
TRX-53803,39.6,Beleza,Boleto,Desktop,423.02,690.4,1,145.3,9,-128.06,923,DEV-45750,0
TRX-53804,31.0,Vestuario,Cartao_Credito,Desktop,371.63,1072.6,0,101.2,5,-44.87,696,DEV-746A8,0
TRX-53805,30.8,Eletronicos,Cartao_Credito,Mobile,117.78,1191.4,1,349.4,2,156.33,204,DEV-20604,0
TRX-53806,40.1,Eletronicos,Pix,Desktop,406.45,350.0,1,218.2,4,136.35,712,DEV-43EB8,0
TRX-53807,15.1,Eletronicos,Cartao_Credito,Desktop,155.34,1230.2,1,74.7,5,74.82,366,DEV-40D55,0
TRX-53808,41.5,Eletronicos,Cartao_Credito,Desktop,980.53,409.6,3,154.5,2,-28.44,271,DEV-19E45,1
TRX-53809,30.9,Vestuario,Cartao_Credito,Mobile,319.4,1158.2,1,26.3,4,-84.25,275,DEV-546E7,0
TRX-53810,45.4, ELETRONICOS ,Pix,Mobile,616.17,217.2,1,21.7,4,68.85,802,DEV-D3086,1
TRX-53811,43.3,Eletronicos,Cartao_Credito,Mobile,1735.68,1404.4,0,2.3,2,-92.13,113,DEV-31756,0
TRX-53812,16.5,Beleza,Cartao_Credito,Mobile,696.38,100.3,0,278.1,3,-97.46,337,DEV-64F72,0
TRX-53813,34.6,Eletronicos,Boleto,Mobile,548.08,1261.8,3,41.4,5,73.8,665,DEV-242D0,0
TRX-53814,26.1,Eletronicos,Cartao_Credito,Mobile,2575.85,1536.2,0,321.9,4,152.89,647,DEV-621E4,1
TRX-53815,34.1,Eletronicos,Pix,Mobile,109.3,1205.5,0,13.5,4,-188.42,799,DEV-C143D,0
TRX-53816,47.7,Eletronicos,Cartao_Credito,Mobile,428.38,277.0,1,9.8,4,-125.21,489,DEV-55416,0
TRX-53817,41.3,Vestuario,Cartao_Credito,Mobile,295.6,329.8,1,35.7,3,105.66,119,DEV-A2D96,0
TRX-53818,10.7,Eletronicos,Boleto,Mobile,217.5,937.3,0,234.9,5,-4.89,266,DEV-EC356,0
TRX-53819,45.8,Games,Pix,Desktop,842.94,92.7,3,80.0,3,-72.55,117,DEV-4C12F,1
TRX-53820,35.1, ELETRONICOS ,Cartao_Credito,Desktop,509.07,163.4,1,488.2,2,67.29,260,DEV-329AC,0
TRX-53821,23.1,Eletronicos,Cartao_Credito,Desktop,2264.21,622.0,0,152.6,2,-0.07,921,DEV-930AA,1
TRX-53822,45.1,Eletronicos,Cartao_Credito,Mobile,,470.5,0,220.2,3,84.49,573,DEV-3E41D,0
TRX-53823,34.0,Vestuario,Voucher,Desktop,206.32,1090.9,0,93.7,5,-81.86,461,DEV-91CB2,0
TRX-53824,40.6,eletronicos,Pix,Mobile,777.02,1143.9,3,387.4,0,-50.63,443,DEV-BE9CE,1
TRX-53825,27.9, ELETRONICOS ,Cartao_Credito,Desktop,693.77,997.9,1,1.3,6,-32.46,275,DEV-40CE3,0
TRX-53826,26.1,Eletronicos,Cartao_Credito,Mobile,,1657.8,0,282.8,5,-114.62,714,DEV-8A40B,0
TRX-53827,39.9,Vestuario,Cartao_Credito,Desktop,504.68,920.8,3,50.6,3,23.57,243,DEV-91299,0
TRX-53828,45.1, ELETRONICOS ,Cartao_Credito,Mobile,2028.76,1392.9,0,373.9,2,-41.5,652,DEV-8CC5B,1
TRX-53829,44.8,Eletronicos,Pix,Mobile,1218.62,971.7,0,543.6,5,79.94,191,DEV-DE785,1
TRX-53830,25.3, ELETRONICOS ,Cartao_Credito,Mobile,541.7,207.8,1,159.6,2,116.55,823,DEV-E0B61,1
TRX-53831,37.2,eletronicos,Cartao_Credito,Tablet,1879.51,1347.0,0,66.9,4,-13.88,169,DEV-350E0,1
TRX-53832,41.3,Games,Cartao_Credito,Desktop,467.08,128.8,1,6.3,3,162.21,510,DEV-7024C,0
TRX-53833,12.1,eletronicos,Cartao_Credito,Desktop,37.15,239.6,0,89.2,2,43.72,397,DEV-AB0AD,0
TRX-53834,56.1,eletronicos,Cartao_Credito,Mobile,566.46,215.5,2,193.9,5,-171.03,902,DEV-3E743,0
TRX-53835,50.5,eletronicos,Cartao_Credito,Mobile,850.07,1711.4,2,141.7,3,42.16,673,DEV-6EA35,0
TRX-53836,39.9,Vestuario,Boleto,Desktop,349.23,1272.1,0,492.6,4,32.99,448,DEV-79A6B,0
TRX-53837,,Eletronicos,Cartao_Credito,Desktop,1226.29,1666.4,1,263.2,0,-21.46,295,DEV-AFC5E,1
TRX-53838,37.4,eletronicos,Pix,Mobile,101.3,745.9,1,17.0,6,-40.32,310,DEV-38A4E,0
TRX-53839,22.7,Beleza,Voucher,Mobile,503.24,1565.3,0,42.2,5,-0.41,946,DEV-888D7,0
TRX-53840,30.6,Games,Pix,Mobile,1230.83,1575.3,0,315.2,7,145.86,670,DEV-B727F,0
TRX-53841,54.1,Beleza,Pix,Mobile,32.55,766.8,0,17.0,3,-2.27,410,DEV-A0C0C,0
TRX-53842,46.3,Eletronicos,Pix,Mobile,727.13,47.2,0,203.5,2,-12.19,660,DEV-58287,1
TRX-53843,54.5,eletronicos,Boleto,Desktop,37.12,656.2,1,33.8,4,52.13,222,DEV-D959B,0
TRX-53844,40.7,Games,Cartao_Credito,Mobile,176.22,478.6,1,54.0,4,-202.99,641,DEV-CF938,0
TRX-53845,,Eletronicos,Pix,Mobile,495.84,309.4,0,62.2,5,-114.57,787,DEV-5EF41,0
TRX-53846,24.3,Games,Cartao_Credito,Desktop,518.4,1133.9,0,216.2,1,-130.19,199,DEV-B2116,0
TRX-53847,31.0,Eletronicos,Cartao_Credito,Mobile,1171.46,620.9,0,140.0,3,-301.6,155,DEV-B468F,0
TRX-53848,41.4,eletronicos,Cartao_Credito,SmartTV,399.52,1314.7,2,132.8,2,37.42,112,DEV-21F4E,0
TRX-53849,39.9,Eletronicos,Cartao_Credito,Mobile,236.59,975.7,0,45.1,4,31.19,281,DEV-CFE93,0
TRX-53850,29.6,Beleza,Pix,Mobile,574.18,1541.9,0,19.1,1,285.31,624,DEV-3EC39,0
TRX-53851,19.8,Beleza,Cartao_Credito,Mobile,530.68,90.6,0,45.0,3,-11.29,112,DEV-2538C,0
TRX-53852,44.9, ELETRONICOS ,Pix,Desktop,77.18,531.4,1,412.6,0,73.95,883,DEV-DB7E0,1
TRX-53853,12.1,Eletronicos,Cartao_Credito,Mobile,704.7,1382.4,1,103.7,3,-2.32,299,DEV-55CD1,0
TRX-53854,42.6, ELETRONICOS ,Cartao_Credito,Tablet,88.47,1254.8,1,1.9,6,197.76,126,DEV-A9C82,0
TRX-53855,52.8,Eletronicos,Boleto,Mobile,1023.47,1621.3,2,138.8,1,202.21,596,DEV-29708,0
TRX-53856,37.4,Vestuario,Cartao_Credito,Desktop,89.95,1428.0,0,650.3,3,140.89,229,DEV-D3EFF,0
TRX-53857,, ELETRONICOS ,Pix,Mobile,200.83,689.6,2,414.5,3,45.1,132,DEV-4D3A0,1
TRX-53858,50.4,Eletronicos,Cartao_Credito,Desktop,244.67,1247.4,0,76.4,4,156.3,637,DEV-6DDB3,0
TRX-53859,52.3, ELETRONICOS ,Cartao_Credito,Mobile,277.68,1024.0,1,85.1,2,-27.87,814,DEV-E9C57,0
TRX-53860,34.4,Vestuario,Cartao_Credito,Mobile,303.17,501.8,1,543.0,4,-59.92,309,DEV-BD3D9,1
TRX-53861,43.1,Vestuario,Cartao_Credito,Desktop,1110.29,483.4,0,11.7,5,-11.27,396,DEV-44BA8,0
TRX-53862,25.3,Eletronicos,Cartao_Credito,Mobile,,1069.9,1,62.0,3,-11.82,351,DEV-46006,0
TRX-53863,31.1,Games,Boleto,Mobile,66.65,116.4,1,161.8,5,205.31,723,DEV-727C2,0
TRX-53864,46.8,Vestuario,Pix,Desktop,437.59,157.1,1,56.2,7,72.85,411,DEV-70DF1,0
TRX-53865,21.4,Vestuario,Boleto,Tablet,43.21,1085.2,0,9.0,2,13.5,790,DEV-DE5EA,0
TRX-53866,35.8,Vestuario,Cartao_Credito,Mobile,446.85,167.8,2,14.4,5,-145.21,936,DEV-255AD,0
TRX-53867,-3.6,Vestuario,Pix,Desktop,338.31,25.8,0,144.3,3,-9.73,647,DEV-3223D,0
TRX-53868,34.5, ELETRONICOS ,Cartao_Credito,Desktop,391.53,1671.2,0,154.5,3,118.87,533,DEV-D744F,0
TRX-53869,26.3,eletronicos,Cartao_Credito,Mobile,309.52,1187.7,1,22.5,1,-139.1,572,DEV-77E1B,0
TRX-53870,49.7,eletronicos,Boleto,Mobile,87.68,483.4,1,178.4,2,206.85,858,DEV-25E37,0
TRX-53871,26.7,Vestuario,Cartao_Credito,Mobile,,1644.2,0,190.2,3,104.16,841,DEV-EE487,0
TRX-53872,38.3,Beleza,Pix,Tablet,477.17,1321.9,1,188.7,3,-53.51,665,DEV-8F65D,0
TRX-53873,32.5, ELETRONICOS ,Boleto,Mobile,590.79,904.7,0,376.6,4,70.27,237,DEV-8E001,0
TRX-53874,57.1,Beleza,Cartao_Credito,Mobile,471.33,72.2,0,116.3,3,15.9,145,DEV-9851C,0
TRX-53875,35.4,eletronicos,Cartao_Credito,Desktop,223.8,1064.2,1,130.1,5,-76.28,213,DEV-33DBB,1
TRX-53876,12.3,Eletronicos,Pix,SmartTV,1743.08,1444.0,0,52.8,4,96.51,991,DEV-590C8,0
TRX-53877,34.6,eletronicos,Pix,Mobile,1286.33,1357.5,0,18.5,4,67.67,540,DEV-D6E5F,0
TRX-53878,,Vestuario,Cartao_Credito,Mobile,549.39,47.4,2,45.0,8,45.85,836,DEV-A0096,0
TRX-53879,32.1,Vestuario,Cartao_Credito,Mobile,546.09,634.4,0,70.7,3,-39.77,416,DEV-D3860,0
TRX-53880,28.6,Eletronicos,Cartao_Credito,Desktop,261.63,167.0,1,62.8,2,-6.08,358,DEV-A4B14,1
TRX-53881,30.4, ELETRONICOS ,Cartao_Credito,Mobile,885.32,709.4,0,113.2,1,124.06,822,DEV-D4D6F,0
TRX-53882,33.5,Eletronicos,Pix,Mobile,1180.89,980.4,0,198.7,3,-177.73,264,DEV-BDBDB,0
TRX-53883,49.1,eletronicos,Cartao_Credito,Desktop,229.73,661.2,1,55.6,6,-145.26,174,DEV-AE400,0
TRX-53884,32.5,Beleza,Cartao_Credito,Mobile,828.07,1066.8,4,583.5,3,55.08,512,DEV-3935A,1
TRX-53885,43.0,Games,Cartao_Credito,Mobile,869.93,105.0,2,1.8,3,168.08,578,DEV-2A7DA,0
TRX-53886,18.9,Beleza,Cartao_Credito,Desktop,626.52,129.4,0,198.7,7,4.54,807,DEV-A1E90,0
TRX-53887,43.3,Games,Cartao_Credito,Mobile,642.25,1149.2,0,0.9,4,154.02,596,DEV-4B84E,0
TRX-53888,31.1, ELETRONICOS ,Cartao_Credito,Mobile,393.4,1529.6,0,113.2,0,78.99,451,DEV-95EC6,0
TRX-53889,45.3,Eletronicos,Pix,Mobile,434.91,954.4,2,712.1,2,-1.79,675,DEV-7F6B6,1
TRX-53890,40.3,Beleza,Cartao_Credito,Desktop,279.48,755.0,0,44.5,4,-37.03,679,DEV-1EBE3,0
TRX-53891,17.0,Beleza,Voucher,Mobile,199.55,1352.6,0,326.2,4,-113.55,927,DEV-3E9D0,0
TRX-53892,22.5, ELETRONICOS ,Cartao_Credito,Mobile,792.78,1688.6,0,968.0,1,75.8,560,DEV-1D691,1
TRX-53893,41.5,eletronicos,Cartao_Credito,Desktop,27.98,1522.5,0,482.0,5,-9.4,555,DEV-23C72,0
TRX-53894,24.2,Eletronicos,Pix,SmartTV,,159.9,0,89.3,3,68.81,920,DEV-983C7,0
TRX-53895,44.7,Eletronicos,Cartao_Credito,Mobile,1053.48,900.1,0,370.6,4,0.98,826,DEV-42256,0
TRX-53896,31.1,Games,Cartao_Credito,Mobile,537.58,98.1,0,244.4,2,2.39,298,DEV-D6FB0,1
TRX-53897,31.1,Eletronicos,Cartao_Credito,Mobile,,728.9,0,87.9,1,-171.15,675,DEV-DB39C,0
TRX-53898,36.4,Games,Cartao_Credito,Mobile,1127.72,1033.0,0,178.0,2,49.75,400,DEV-A0A65,1
TRX-53899,45.1,Eletronicos,Voucher,Mobile,227.91,253.1,0,35.1,2,-250.86,862,DEV-F1D10,0
TRX-53900,17.5,Beleza,Cartao_Credito,Mobile,430.01,491.6,1,65.6,7,128.57,677,DEV-6EFD3,0
TRX-53901,61.5,Eletronicos,Boleto,Mobile,858.66,1788.5,2,125.4,2,86.4,183,DEV-717BD,1
TRX-53902,40.4,Beleza,Pix,Mobile,1110.86,1331.3,0,76.8,5,-55.83,408,DEV-B52E8,0
TRX-53903,55.2,Games,Pix,Mobile,677.09,938.9,1,47.5,1,-76.18,882,DEV-CF3C9,0
TRX-53904,42.2,Beleza,Cartao_Credito,Desktop,1250.28,1645.3,1,128.2,8,55.9,578,DEV-29D44,0
TRX-53905,38.0,Eletronicos,Voucher,Mobile,921.12,1226.2,0,386.0,3,-86.93,815,DEV-C0D68,0
TRX-53906,27.8,Beleza,Cartao_Credito,Mobile,60.19,680.3,0,52.0,5,92.29,418,DEV-4750E,0
TRX-53907,44.0,Beleza,Cartao_Credito,SmartTV,329.95,124.5,1,822.0,1,217.04,891,DEV-28DB0,1
TRX-53908,45.1, ELETRONICOS ,Cartao_Credito,Desktop,283.94,1780.7,0,425.4,3,75.19,164,DEV-3EC79,0
TRX-53909,29.7,Beleza,Cartao_Credito,Tablet,1225.33,718.2,0,254.0,2,31.81,942,DEV-872DC,1
TRX-53910,25.0,Vestuario,Cartao_Credito,Mobile,197.84,154.6,1,170.2,4,79.09,224,DEV-89FD8,1
TRX-53911,36.4,eletronicos,Cartao_Credito,Mobile,528.78,718.0,1,26.4,3,-149.32,370,DEV-7548B,0
TRX-53912,30.3,Eletronicos,Cartao_Credito,Mobile,301.87,723.0,0,126.6,3,-15.36,578,DEV-7F292,0
TRX-53913,35.3,Vestuario,Boleto,Mobile,309.37,820.1,1,29.0,8,148.75,800,DEV-23DAB,0
TRX-53914,38.5,Beleza,Pix,Desktop,84.29,1285.2,0,267.5,5,-238.47,825,DEV-2E4BD,0
TRX-53915,31.6,Games,Cartao_Credito,Mobile,296.79,14.6,0,291.1,3,153.75,507,DEV-2DD81,0
TRX-53916,33.3,Vestuario,Pix,Desktop,974.75,973.6,0,43.4,6,31.36,771,DEV-D5380,0
TRX-53917,33.9,Eletronicos,Cartao_Credito,Tablet,411.81,421.9,1,12.2,3,-158.74,675,DEV-4976B,0
TRX-53918,49.6,Eletronicos,Cartao_Credito,Mobile,301.53,1499.8,0,205.8,1,81.95,525,DEV-2589B,0
TRX-53919,39.3,Vestuario,Cartao_Credito,SmartTV,102.6,630.5,0,116.0,1,-151.29,335,DEV-6BA3B,0
TRX-53920,31.2,Eletronicos,Pix,Desktop,1882.04,564.1,0,215.1,3,-37.53,420,DEV-7ABAE,1
TRX-53921,35.3,eletronicos,Voucher,SmartTV,827.85,315.7,0,65.7,6,144.16,350,DEV-C0224,0
TRX-53922,25.0,Eletronicos,Boleto,Mobile,899.55,1716.3,0,64.5,2,-200.71,477,DEV-993E8,0
TRX-53923,31.9,Beleza,Cartao_Credito,Desktop,657.24,1249.8,1,329.6,7,-4.7,484,DEV-1C7A2,0
TRX-53924,30.3,Eletronicos,Cartao_Credito,SmartTV,553.02,1211.5,1,73.4,4,100.89,459,DEV-59A36,0
TRX-53925,32.7, ELETRONICOS ,Boleto,SmartTV,65.53,361.6,0,18.3,2,-53.83,616,DEV-1C422,0
TRX-53926,44.1,Eletronicos,Cartao_Credito,Mobile,1114.91,1638.1,1,3.6,4,-22.1,171,DEV-8249E,0
TRX-53927,15.4,Eletronicos,Cartao_Credito,Mobile,169.22,781.3,1,24.9,3,-52.59,738,DEV-29EFB,0
TRX-53928,30.6,Eletronicos,Cartao_Credito,Mobile,324.22,196.2,2,120.0,4,-77.15,749,DEV-759EB,0
TRX-53929,48.8,eletronicos,Boleto,Mobile,163.15,839.6,0,77.6,5,166.13,716,DEV-405AA,0
TRX-53930,28.4,Eletronicos,Cartao_Credito,Desktop,97.35,1348.9,0,259.4,8,63.9,442,DEV-82043,0
TRX-53931,39.9,Vestuario,Pix,Desktop,678.09,555.2,0,52.7,3,-21.47,162,DEV-B4CE9,0
TRX-53932,29.5,Vestuario,Pix,Mobile,441.83,761.7,0,10.7,1,66.93,272,DEV-22B3C,0
TRX-53933,35.8,Beleza,Cartao_Credito,Mobile,1324.55,745.0,0,0.4,4,9.7,371,DEV-28B0D,0
TRX-53934,44.2,Vestuario,Cartao_Credito,Mobile,291.59,547.2,2,123.2,1,-99.22,773,DEV-8A378,1
TRX-53935,38.5, ELETRONICOS ,Cartao_Credito,Desktop,362.22,1204.4,0,76.8,2,0.99,237,DEV-5493B,0
TRX-53936,28.0,Vestuario,Cartao_Credito,Mobile,115.61,162.5,0,47.5,3,-38.49,753,DEV-A7276,0
TRX-53937,11.4,Vestuario,Cartao_Credito,Mobile,856.58,287.3,0,301.7,2,158.03,729,DEV-33C75,0
TRX-53938,,Vestuario,Pix,Desktop,858.12,1085.6,1,78.6,6,-102.07,490,DEV-636C0,0
TRX-53939,32.9, ELETRONICOS ,Pix,Tablet,796.65,469.0,2,54.8,3,-146.28,166,DEV-9BD5A,1
TRX-53940,,Beleza,Cartao_Credito,Desktop,1252.04,325.1,2,265.6,4,182.43,140,DEV-7BB14,1
TRX-53941,40.3, ELETRONICOS ,Cartao_Credito,Mobile,533.27,1190.6,1,226.3,4,-164.88,475,DEV-258FD,0
TRX-53942,40.2, ELETRONICOS ,Cartao_Credito,Desktop,294.13,1448.3,0,24.9,3,-54.15,743,DEV-9172B,0
TRX-53943,29.4, ELETRONICOS ,Pix,Desktop,961.38,818.0,2,148.6,4,162.64,570,DEV-7CFE4,0
TRX-53944,26.9,Vestuario,Cartao_Credito,Mobile,655.36,742.7,1,312.4,2,-44.8,307,DEV-1DA6D,1
TRX-53945,37.5,Eletronicos,Pix,Mobile,445.75,929.1,0,44.9,2,-29.17,331,DEV-546C5,0
TRX-53946,38.9,eletronicos,Cartao_Credito,Mobile,552.59,1732.9,0,85.3,3,-227.63,123,DEV-9BAAF,0
TRX-53947,50.9,eletronicos,Pix,Desktop,812.83,875.5,0,307.4,4,55.05,120,DEV-BB83E,0
TRX-53948,28.3, ELETRONICOS ,Cartao_Credito,Mobile,429.2,1459.9,0,168.0,1,74.99,733,DEV-9D24A,0
TRX-53949,32.1, ELETRONICOS ,Pix,Desktop,1217.37,1156.0,0,130.5,4,91.38,181,DEV-A5E9C,1
TRX-53950,39.1,eletronicos,Pix,Mobile,75.24,769.5,1,0.9,3,-50.18,322,DEV-E3C31,0
TRX-53951,20.4,Vestuario,Boleto,Mobile,30.16,1784.0,0,99.4,2,91.81,137,DEV-9CEE6,0
TRX-53952,,Eletronicos,Pix,Mobile,818.93,1303.3,1,368.4,2,-135.41,436,DEV-DDA69,1
TRX-53953,36.8,Eletronicos,Cartao_Credito,Mobile,675.24,1778.0,0,46.7,1,139.17,388,DEV-197D7,0
TRX-53954,29.9,Games,Cartao_Credito,Mobile,733.91,53.4,1,61.5,4,-96.3,777,DEV-33B85,1
TRX-53955,30.3, ELETRONICOS ,Cartao_Credito,Mobile,,330.4,0,201.7,8,-56.96,301,DEV-5E6E6,0
TRX-53956,31.8,Eletronicos,Pix,Desktop,110.36,1466.9,1,315.9,4,-98.88,424,DEV-C7999,0
TRX-53957,45.9, ELETRONICOS ,Boleto,Mobile,71.48,1008.5,1,66.2,3,13.95,660,DEV-B7D40,0
TRX-53958,24.6,Beleza,Cartao_Credito,Desktop,241.38,114.0,0,654.0,5,39.64,328,DEV-6BC89,1
TRX-53959,31.9,Vestuario,Cartao_Credito,Mobile,,445.0,2,13.1,5,248.28,570,DEV-28998,0
TRX-53960,42.1,Beleza,Boleto,Desktop,180.3,1732.6,0,71.3,2,-104.94,758,DEV-2A8E8,0
TRX-53961,32.1,Beleza,Cartao_Credito,Tablet,816.95,1330.0,1,103.1,2,-85.27,769,DEV-4C5C4,0
TRX-53962,37.0,Beleza,Cartao_Credito,Mobile,1083.73,1139.8,0,160.4,2,-113.81,614,DEV-3A07E,1
TRX-53963,30.6,Vestuario,Cartao_Credito,Desktop,286.15,260.5,0,150.8,1,47.87,217,DEV-E5693,0
TRX-53964,28.4,Eletronicos,Cartao_Credito,Mobile,9999999.0,1318.2,0,458.6,2,152.4,376,DEV-C4390,1
TRX-53965,38.8, ELETRONICOS ,Pix,Mobile,114.07,276.7,2,234.4,6,-135.98,394,DEV-D2711,0
TRX-53966,59.2,Vestuario,Boleto,Desktop,68.89,1788.3,0,213.0,4,-76.85,904,DEV-5F065,0
TRX-53967,44.4,Vestuario,Voucher,Desktop,190.89,515.4,2,84.3,4,50.44,527,DEV-7E8E8,0
TRX-53968,47.7,Eletronicos,Cartao_Credito,Mobile,2251.62,959.1,0,15.9,2,8.6,540,DEV-4AD43,1
TRX-53969,30.1,Games,Cartao_Credito,Mobile,233.42,208.7,1,43.4,3,-40.52,430,DEV-26C9E,1
TRX-53970,30.8,Beleza,Boleto,Mobile,137.99,1051.9,0,56.9,4,-91.9,240,DEV-D6263,0
TRX-53971,36.2,Beleza,Boleto,Mobile,356.14,526.4,0,15.6,7,4.6,793,DEV-8004A,0
TRX-53972,38.0,Games,Pix,SmartTV,616.04,74.3,0,106.0,4,-14.76,264,DEV-CD926,0
TRX-53973,41.2,Vestuario,Cartao_Credito,Mobile,988.89,1017.6,0,239.5,5,-104.21,323,DEV-BA70C,1
TRX-53974,37.4,eletronicos,Cartao_Credito,Mobile,775.98,1074.4,2,27.2,2,-270.93,113,DEV-96027,0
TRX-53975,41.5,eletronicos,Boleto,Desktop,1233.5,1440.2,0,157.4,4,-60.58,428,DEV-787A1,0
TRX-53976,27.4,Vestuario,Cartao_Credito,Mobile,121.5,1482.8,0,94.5,3,-7.99,994,DEV-50A6F,0
TRX-53977,40.2,Vestuario,Pix,Tablet,382.89,414.6,2,601.0,2,-11.25,146,DEV-761C6,1
TRX-53978,38.6,Eletronicos,Boleto,Mobile,132.72,1071.5,2,584.2,5,-90.83,527,DEV-F0401,1
TRX-53979,21.8,Vestuario,Cartao_Credito,Mobile,70.55,93.4,0,240.0,1,111.81,828,DEV-2D09C,0
TRX-53980,34.5,Vestuario,Cartao_Credito,Desktop,27.53,1392.3,0,1.5,3,-66.14,694,DEV-AFD34,0
TRX-53981,,Eletronicos,Cartao_Credito,Mobile,469.83,953.7,2,63.4,2,-92.41,592,DEV-3F224,1
TRX-53982,38.8,Eletronicos,Cartao_Credito,Mobile,317.59,1456.2,0,110.2,4,124.33,733,DEV-3019B,0
TRX-53983,48.4,Eletronicos,Cartao_Credito,Mobile,191.74,604.0,0,98.8,3,-25.09,876,DEV-EC391,0
TRX-53984,42.2,eletronicos,Pix,Mobile,1144.69,1419.2,0,44.8,5,33.19,417,DEV-49E32,0
TRX-53985,36.8,Eletronicos,Cartao_Credito,Desktop,948.26,543.9,1,39.2,4,-239.03,871,DEV-B8AEA,0
TRX-53986,46.7,Eletronicos,Cartao_Credito,Mobile,1351.53,1754.4,0,122.7,7,1.77,396,DEV-B5BD9,0
TRX-53987,29.0,Games,Cartao_Credito,Mobile,1460.02,1235.8,0,359.5,5,-126.12,286,DEV-5984E,0
TRX-53988,54.1,Beleza,Cartao_Credito,Mobile,909.98,1191.6,0,50.9,2,-8.13,601,DEV-D1DD2,0
TRX-53989,17.0,Beleza,Cartao_Credito,Mobile,1147.5,863.6,0,98.1,5,-46.7,246,DEV-D8D4F,0
TRX-53990,28.4,Eletronicos,Cartao_Credito,Mobile,1158.94,671.6,0,610.3,6,21.4,617,DEV-98773,1
TRX-53991,34.7,Eletronicos,Pix,Mobile,1731.96,1769.9,2,143.4,4,64.4,494,DEV-AB5A2,1
TRX-53992,38.1,eletronicos,Pix,Mobile,552.19,793.8,0,11.6,2,-57.89,979,DEV-696C7,0
TRX-53993,39.9,Beleza,Boleto,Desktop,830.72,136.9,3,22.3,4,40.69,282,DEV-D0EFF,0
TRX-53994,30.1,eletronicos,Boleto,Desktop,815.36,468.6,1,101.3,3,-70.13,898,DEV-7F534,1
TRX-53995,42.8,eletronicos,Boleto,Mobile,55.5,1101.4,0,60.4,3,15.59,467,DEV-DEF8D,0
TRX-53996,24.9,Eletronicos,Boleto,SmartTV,192.22,967.8,0,74.9,3,-16.54,248,DEV-22953,0
TRX-53997,38.5,Games,Cartao_Credito,Desktop,148.13,1795.6,0,55.3,1,-16.26,555,DEV-48235,0
TRX-53998,28.7,Eletronicos,Pix,SmartTV,135.23,695.1,0,124.3,1,62.56,613,DEV-52CBB,1
TRX-53999,42.8,eletronicos,Cartao_Credito,Desktop,288.13,1151.1,0,75.4,3,-11.34,864,DEV-5FFED,0
TRX-54000,13.6,Vestuario,Pix,Mobile,,324.7,0,214.2,1,240.4,378,DEV-F0B52,0
TRX-54001,44.4, ELETRONICOS ,Boleto,Mobile,922.94,461.6,1,105.8,6,138.71,951,DEV-A0B01,0
TRX-54002,35.1,Vestuario,Cartao_Credito,Desktop,102.36,45.9,0,89.4,5,-200.15,148,DEV-AC899,0
TRX-54003,45.1,Games,Boleto,Desktop,1060.56,242.2,0,209.0,3,-101.97,465,DEV-376EC,1
TRX-54004,36.9,Beleza,Cartao_Credito,Tablet,1543.78,637.4,2,113.7,6,-58.1,874,DEV-3F810,1
TRX-54005,59.4,Beleza,Cartao_Credito,Mobile,233.05,114.5,1,108.6,5,-156.63,579,DEV-81378,0
TRX-54006,44.3,Eletronicos,Pix,Desktop,2093.72,1724.4,1,321.9,2,116.49,895,DEV-CC367,1
TRX-54007,53.8,Beleza,Pix,Mobile,166.37,254.2,1,92.6,4,-116.55,692,DEV-1DF4F,0
TRX-54008,31.6,Beleza,Cartao_Credito,Mobile,1637.67,228.6,1,135.9,3,-51.99,463,DEV-6EE62,0
TRX-54009,39.0,Beleza,Pix,Mobile,169.75,1496.0,0,57.2,3,-17.22,773,DEV-230E8,0
TRX-54010,29.0, ELETRONICOS ,Cartao_Credito,Mobile,478.75,1372.6,1,339.1,2,-240.39,358,DEV-E1986,0
TRX-54011,23.7,Games,Cartao_Credito,Mobile,1201.93,977.8,0,391.3,6,-5.69,872,DEV-86D64,0
TRX-54012,22.7, ELETRONICOS ,Cartao_Credito,Mobile,1430.63,1558.2,1,133.8,2,153.82,468,DEV-1E06F,0
TRX-54013,42.3,eletronicos,Cartao_Credito,Desktop,337.5,1201.1,0,52.8,3,-132.54,948,DEV-ADB8D,0
TRX-54014,40.3, ELETRONICOS ,Voucher,Mobile,59.64,997.8,1,220.9,3,-31.99,353,DEV-D6E32,0
TRX-54015,43.0,Eletronicos,Cartao_Credito,Desktop,486.96,80.7,0,324.9,5,-24.3,540,DEV-95C47,1
TRX-54016,37.9, ELETRONICOS ,Cartao_Credito,Desktop,2367.9,547.9,0,295.7,4,-182.55,270,DEV-8620C,1
TRX-54017,23.5,eletronicos,Pix,Desktop,1652.13,595.3,1,246.9,5,49.05,202,DEV-83131,1
TRX-54018,51.3, ELETRONICOS ,Boleto,Desktop,866.17,864.0,2,494.3,3,61.35,830,DEV-54EAB,1
TRX-54019,33.5,Eletronicos,Pix,Desktop,56.97,1050.4,0,79.4,4,48.71,412,DEV-1C40F,0
TRX-54020,45.3,Eletronicos,Cartao_Credito,Mobile,60.41,1352.9,0,113.8,4,179.18,371,DEV-599E7,0
TRX-54021,47.0,Vestuario,Voucher,Mobile,1383.94,1533.3,0,395.5,6,7.43,953,DEV-6CA7B,1
TRX-54022,42.1,Beleza,Cartao_Credito,Tablet,696.64,128.1,1,105.1,3,-104.43,462,DEV-C9575,0
TRX-54023,39.2, ELETRONICOS ,Cartao_Credito,Tablet,157.63,740.5,2,372.8,2,71.25,768,DEV-4881A,1
TRX-54024,39.2,Vestuario,Cartao_Credito,Mobile,1423.89,665.1,1,8.9,4,78.05,476,DEV-29892,0
TRX-54025,51.0,Vestuario,Boleto,Mobile,213.07,211.5,1,70.1,2,-165.46,270,DEV-63424,1
TRX-54026,32.8,Eletronicos,Cartao_Credito,Mobile,277.62,537.6,1,58.5,3,2.35,598,DEV-2B115,0
TRX-54027,44.2,Eletronicos,Cartao_Credito,Desktop,2303.81,1122.3,0,519.9,0,-94.13,120,DEV-C927B,1
TRX-54028,38.8,Beleza,Cartao_Credito,Mobile,432.25,74.7,0,109.3,3,-13.27,613,DEV-3CD3E,1
TRX-54029,45.5,Eletronicos,Pix,Mobile,127.16,292.4,1,325.5,1,-174.26,586,DEV-75C0F,0
TRX-54030,41.7,Games,Boleto,Mobile,,451.1,1,33.9,3,-101.98,733,DEV-A6881,1
TRX-54031,,Eletronicos,Cartao_Credito,Mobile,584.31,241.7,0,190.7,3,87.3,419,DEV-D7B82,0
TRX-54032,39.6,Eletronicos,Cartao_Credito,Mobile,286.81,618.5,0,110.2,4,45.69,519,DEV-D9C82,0
TRX-54033,18.3,Vestuario,Cartao_Credito,Mobile,509.77,387.4,0,47.1,3,-143.53,511,DEV-2F7FB,0
TRX-54034,32.9,eletronicos,Cartao_Credito,Mobile,610.8,1214.5,0,40.5,2,-43.18,821,DEV-B0903,0
TRX-54035,18.3, ELETRONICOS ,Cartao_Credito,Mobile,262.91,902.2,0,30.3,4,-284.22,374,DEV-AA1CC,0
TRX-54036,22.9,Eletronicos,Pix,Mobile,186.01,1331.2,0,335.0,5,13.25,568,DEV-BD72A,0
TRX-54037,41.3,Eletronicos,Boleto,Mobile,1118.64,206.5,1,137.2,5,-179.49,824,DEV-629F2,1
TRX-54038,48.8,Games,Cartao_Credito,Desktop,363.63,489.3,0,173.7,3,-112.26,856,DEV-C1032,0
TRX-54039,37.1,eletronicos,Cartao_Credito,Tablet,502.36,1483.1,0,120.1,5,47.17,137,DEV-9C3B8,0
TRX-54040,32.5,Vestuario,Boleto,Mobile,46.04,1257.2,0,238.3,1,-179.5,100,DEV-E1280,0
TRX-54041,42.4,Eletronicos,Voucher,Mobile,127.22,281.1,0,329.8,5,-31.31,341,DEV-CBA0F,0
TRX-54042,31.4,Eletronicos,Cartao_Credito,Mobile,187.87,1583.1,0,70.3,2,-94.99,354,DEV-4EECF,0
TRX-54043,26.9,eletronicos,Cartao_Credito,Desktop,1521.28,436.9,0,335.6,4,30.05,744,DEV-E9BF4,1
TRX-54044,42.6,Eletronicos,Cartao_Credito,Mobile,255.03,175.7,0,40.9,2,-80.36,468,DEV-7A85C,0
TRX-54045,27.5,Vestuario,Pix,SmartTV,1210.06,1313.6,1,123.5,2,73.33,388,DEV-F3F38,0
TRX-54046,35.2, ELETRONICOS ,Cartao_Credito,Desktop,435.85,288.7,1,760.8,4,-74.57,292,DEV-BEC00,1
TRX-54047,37.9,Games,Cartao_Credito,Tablet,320.32,452.1,2,42.7,3,-81.09,896,DEV-D28F7,0
TRX-54048,47.4,Beleza,Pix,Desktop,31.22,640.8,0,1.6,5,-112.88,323,DEV-404B8,0
TRX-54049,25.8, ELETRONICOS ,Pix,Mobile,85.05,807.5,1,63.8,3,1.34,852,DEV-8D7CC,0
TRX-54050,29.7,Vestuario,Boleto,Mobile,835.24,1154.9,1,82.0,3,-132.33,935,DEV-590B7,0
TRX-54051,54.3,Vestuario,Cartao_Credito,Mobile,302.72,794.5,1,191.0,6,-73.52,437,DEV-E49F4,0
TRX-54052,33.9,Beleza,Boleto,Desktop,2223.23,554.0,1,267.8,5,206.91,722,DEV-2B7AB,1
TRX-54053,16.3,Beleza,Boleto,Mobile,569.37,602.2,0,134.3,3,84.51,182,DEV-BCC17,0
TRX-54054,29.0,Eletronicos,Boleto,Desktop,830.17,1092.1,0,116.1,3,-179.38,108,DEV-3D102,0
TRX-54055,52.7,Vestuario,Boleto,Desktop,1647.79,535.5,0,40.4,8,121.69,405,DEV-29304,0
TRX-54056,39.8,Eletronicos,Cartao_Credito,Mobile,1060.11,1106.4,1,222.5,1,93.31,194,DEV-91A67,1
TRX-54057,44.3, ELETRONICOS ,Cartao_Credito,Desktop,268.29,610.4,1,64.2,3,-53.5,481,DEV-B4638,0
TRX-54058,49.1,Eletronicos,Boleto,Mobile,293.38,1426.4,0,45.6,6,-156.93,285,DEV-6CBE9,0
TRX-54059,46.1, ELETRONICOS ,Boleto,Mobile,123.38,1320.7,0,202.7,4,-117.13,778,DEV-E3218,0
TRX-54060,33.9, ELETRONICOS ,Cartao_Credito,Mobile,308.07,970.3,0,400.0,4,-215.3,375,DEV-5A6A7,0
TRX-54061,43.0,Games,Boleto,Mobile,641.25,1388.4,1,220.6,1,-195.8,269,DEV-F2007,0
TRX-54062,27.7,Eletronicos,Cartao_Credito,Mobile,835.82,1366.4,1,151.9,4,254.59,804,DEV-8BB86,0
TRX-54063,35.4,Games,Cartao_Credito,Tablet,736.24,1552.1,3,258.2,2,55.5,589,DEV-38A87,1
TRX-54064,26.4,Eletronicos,Cartao_Credito,Desktop,427.04,372.8,2,26.8,7,-20.91,182,DEV-40F1E,0
TRX-54065,24.7, ELETRONICOS ,Cartao_Credito,Mobile,253.07,1739.9,0,0.7,6,78.51,599,DEV-64DF4,0
TRX-54066,35.9,Vestuario,Pix,Mobile,331.29,128.8,2,141.8,2,164.63,561,DEV-52A59,0
TRX-54067,36.8, ELETRONICOS ,Pix,SmartTV,298.83,276.2,2,23.3,2,-165.6,311,DEV-29F22,0
TRX-54068,19.5,Eletronicos,Pix,Tablet,143.52,408.2,0,117.6,3,5.68,119,DEV-26F5B,0
TRX-54069,31.8,Eletronicos,Cartao_Credito,Desktop,551.39,1534.2,0,43.6,6,94.59,271,DEV-71772,0
TRX-54070,38.2,Vestuario,Cartao_Credito,Mobile,559.03,1322.5,0,199.4,7,-29.47,488,DEV-3AA4C,0
TRX-54071,46.2,Vestuario,Boleto,Mobile,279.47,460.0,0,110.8,0,67.51,855,DEV-749A5,0
TRX-54072,22.0,Eletronicos,Cartao_Credito,Mobile,314.69,1055.2,1,147.7,5,-80.78,687,DEV-E2574,0
TRX-54073,44.7,Eletronicos,Pix,Mobile,642.62,582.8,0,184.3,3,41.88,689,DEV-6F9BA,0
TRX-54074,45.2,Vestuario,Voucher,Desktop,170.28,660.0,0,326.6,2,74.6,894,DEV-480AE,0
TRX-54075,40.7,Eletronicos,Cartao_Credito,Desktop,660.3,802.3,1,666.8,2,32.07,607,DEV-BDF48,1
TRX-54076,49.7,Vestuario,Cartao_Credito,Mobile,1602.77,201.9,1,87.6,4,18.06,835,DEV-8657F,1
TRX-54077,43.5,eletronicos,Pix,Mobile,123.83,833.4,0,255.1,5,-50.71,987,DEV-6CCB4,0
TRX-54078,36.5, ELETRONICOS ,Cartao_Credito,Desktop,155.21,1409.9,0,91.2,2,-4.25,529,DEV-A0152,0
TRX-54079,35.8,Eletronicos,Voucher,Tablet,1127.26,1379.6,2,107.5,1,122.84,378,DEV-CC3E6,1
TRX-54080,27.1,eletronicos,Cartao_Credito,Desktop,245.27,94.3,1,14.3,3,36.15,220,DEV-79E2B,0
TRX-54081,43.4, ELETRONICOS ,Cartao_Credito,Desktop,1157.72,420.4,1,185.1,2,-10.01,833,DEV-DDEBF,1
TRX-54082,16.6,Games,Cartao_Credito,Mobile,75.56,38.3,0,331.1,1,-125.2,417,DEV-BE934,1
TRX-54083,29.8, ELETRONICOS ,Cartao_Credito,Mobile,,1222.7,0,215.5,4,63.05,342,DEV-22CBE,0
TRX-54084,12.7,Games,Cartao_Credito,Mobile,288.92,38.4,2,297.2,3,-85.32,651,DEV-8852A,1
TRX-54085,29.4,Eletronicos,Cartao_Credito,Mobile,545.29,519.7,0,173.4,3,231.58,689,DEV-C73D3,0
TRX-54086,27.3,Beleza,Boleto,Mobile,432.54,1774.0,0,79.8,4,-32.61,462,DEV-26174,0
TRX-54087,50.1,Eletronicos,Cartao_Credito,Mobile,199.81,727.3,0,86.1,5,-19.1,954,DEV-64512,0
TRX-54088,43.5,Eletronicos,Cartao_Credito,SmartTV,765.26,976.9,0,56.5,5,253.35,988,DEV-543CB,0
TRX-54089,24.4,Beleza,Cartao_Credito,Desktop,1354.68,1292.5,0,663.6,3,146.23,868,DEV-A9D07,1
TRX-54090,39.3,Vestuario,Cartao_Credito,Mobile,270.04,1593.4,0,114.1,5,21.57,361,DEV-21A5F,0
TRX-54091,41.6,Vestuario,Boleto,SmartTV,515.14,850.7,0,485.5,1,-99.52,533,DEV-1A459,1
TRX-54092,45.6,Eletronicos,Cartao_Credito,Desktop,561.24,361.1,0,32.1,4,-50.15,411,DEV-41355,0
TRX-54093,48.3,Beleza,Cartao_Credito,SmartTV,123.9,488.5,0,56.9,3,142.66,980,DEV-9CB9C,0
TRX-54094,35.2,Vestuario,Cartao_Credito,Mobile,,822.3,0,78.3,1,124.78,262,DEV-9F3AF,1
TRX-54095,,Vestuario,Pix,Tablet,40.91,980.3,0,43.9,3,132.38,130,DEV-813DD,1
TRX-54096,30.5,Eletronicos,Cartao_Credito,Mobile,314.58,634.7,0,26.2,5,-63.09,221,DEV-E9FA9,0
TRX-54097,28.4,Vestuario,Boleto,Mobile,354.67,1481.6,1,84.4,4,14.38,495,DEV-7DCEE,0
TRX-54098,25.8,Eletronicos,Cartao_Credito,Mobile,56.39,724.9,0,85.9,1,152.45,291,DEV-B2C1F,1
TRX-54099,41.1,Eletronicos,Boleto,Mobile,238.72,1739.3,0,90.1,3,8.92,985,DEV-34311,0
TRX-54100,42.7,Beleza,Cartao_Credito,Mobile,977.51,464.0,1,153.7,1,137.08,174,DEV-58D04,0
TRX-54101,29.6,Eletronicos,Cartao_Credito,Desktop,642.37,494.5,0,113.3,3,-31.59,686,DEV-C373A,0
TRX-54102,29.8,Eletronicos,Cartao_Credito,Mobile,109.09,1587.5,1,37.8,5,-122.77,711,DEV-B2011,0
TRX-54103,36.3,Games,Pix,Desktop,1756.81,324.4,0,146.3,6,50.53,721,DEV-A9226,0
TRX-54104,18.7,Games,Cartao_Credito,Desktop,1309.87,536.1,0,70.6,4,-49.98,612,DEV-39266,0
TRX-54105,40.6,Eletronicos,Voucher,Desktop,41.26,331.9,1,47.8,4,-14.86,315,DEV-3EC21,0
TRX-54106,26.9,Beleza,Pix,Mobile,239.44,1483.8,0,62.1,3,-271.76,209,DEV-D562C,0
TRX-54107,30.8,Games,Pix,Tablet,1213.41,79.9,1,109.9,5,-43.48,848,DEV-1D93D,0
TRX-54108,36.8,Vestuario,Cartao_Credito,Mobile,64.01,417.3,0,45.2,2,-44.89,968,DEV-40079,0
TRX-54109,22.7,Vestuario,Voucher,Tablet,808.97,1557.3,0,110.6,4,-187.44,288,DEV-6F3A1,0
TRX-54110,24.5,Games,Cartao_Credito,Mobile,,1477.5,1,165.5,6,-284.0,884,DEV-1D80B,0
TRX-54111,1.2,Beleza,Pix,Desktop,743.36,140.0,1,171.8,3,203.7,359,DEV-8EBFD,1
TRX-54112,41.3,Beleza,Boleto,Desktop,1139.38,633.4,0,107.4,2,-395.23,223,DEV-B33AD,0
TRX-54113,21.9,Eletronicos,Pix,Mobile,1324.64,772.9,1,175.9,5,-101.07,228,DEV-9B282,0
TRX-54114,38.7,Beleza,Cartao_Credito,Tablet,147.18,819.5,0,47.8,1,12.25,857,DEV-3087E,0
TRX-54115,37.3,Beleza,Cartao_Credito,Mobile,148.61,501.2,0,582.9,6,54.2,637,DEV-7EBF0,0
TRX-54116,38.3,Beleza,Pix,Mobile,239.21,1591.6,1,0.8,4,111.59,437,DEV-9D382,0
TRX-54117,34.1,eletronicos,Pix,Desktop,59.26,371.5,0,115.4,3,133.33,652,DEV-1DF29,0
TRX-54118,26.0,Vestuario,Cartao_Credito,Mobile,228.79,1591.7,1,163.9,5,59.89,233,DEV-D5F54,0
TRX-54119,25.6,Vestuario,Cartao_Credito,Desktop,1612.02,1193.1,2,405.1,4,-299.23,590,DEV-E2955,1
TRX-54120,35.7, ELETRONICOS ,Boleto,Tablet,396.83,1332.8,2,264.1,1,-155.82,217,DEV-6E410,1
TRX-54121,56.2,Beleza,Pix,Mobile,24.36,220.8,1,86.4,5,-43.23,485,DEV-3335F,0
TRX-54122,51.2,eletronicos,Boleto,SmartTV,287.57,1416.4,1,56.1,3,-268.0,445,DEV-21FEC,0
TRX-54123,41.1,Beleza,Pix,Desktop,209.21,164.3,1,149.2,2,59.72,179,DEV-D15D0,1
TRX-54124,39.6, ELETRONICOS ,Cartao_Credito,Mobile,655.83,498.1,0,27.3,4,72.09,538,DEV-31839,0
TRX-54125,41.7,Vestuario,Boleto,Mobile,527.95,1006.1,0,20.0,2,90.32,699,DEV-B9113,0
TRX-54126,36.6,Games,Cartao_Credito,Tablet,33.25,829.4,0,4.3,1,62.66,913,DEV-A901F,0
TRX-54127,43.3,Eletronicos,Cartao_Credito,Mobile,192.07,802.2,0,42.0,7,-134.17,344,DEV-A586F,0
TRX-54128,38.9,Games,Cartao_Credito,Mobile,160.83,1738.5,1,277.8,6,-229.63,723,DEV-B9B04,0
TRX-54129,34.3,Eletronicos,Cartao_Credito,Mobile,580.01,380.5,0,156.0,4,-102.14,654,DEV-55FF4,0
TRX-54130,34.2,Eletronicos,Cartao_Credito,Desktop,234.97,163.8,0,246.2,2,-169.82,752,DEV-825AB,0
TRX-54131,51.5,Vestuario,Pix,Mobile,852.65,360.9,0,6.1,3,-151.41,455,DEV-26D07,0
TRX-54132,55.6,Beleza,Pix,Desktop,167.21,1152.4,0,50.1,6,162.91,607,DEV-9EA22,0
TRX-54133,40.5, ELETRONICOS ,Cartao_Credito,Mobile,547.99,299.4,1,15.5,4,28.36,847,DEV-425D5,0
TRX-54134,20.6,Eletronicos,Cartao_Credito,Mobile,1557.26,1712.3,4,154.7,3,53.11,913,DEV-7F6D3,1
TRX-54135,25.3,Vestuario,Pix,Desktop,1702.06,1025.4,0,423.5,1,125.49,798,DEV-1E93B,1
TRX-54136,25.7,Eletronicos,Cartao_Credito,Mobile,595.15,1063.9,1,390.4,5,188.43,539,DEV-A7476,1
TRX-54137,36.0,Beleza,Cartao_Credito,Mobile,,47.2,0,153.9,1,-216.73,365,DEV-DC62E,1
TRX-54138,34.2,Eletronicos,Boleto,Mobile,1056.8,836.7,0,4.8,2,174.71,201,DEV-D0985,0
TRX-54139,31.5,Vestuario,Cartao_Credito,Desktop,1188.65,481.7,1,148.0,3,122.81,134,DEV-A11D0,0
TRX-54140,14.4,Eletronicos,Cartao_Credito,Mobile,58.64,498.5,2,15.9,5,-115.27,468,DEV-25D6C,0
TRX-54141,53.0,Vestuario,Pix,SmartTV,281.2,1749.3,0,70.8,3,68.69,953,DEV-93F77,0
TRX-54142,36.5,Games,Boleto,Desktop,156.65,319.9,1,39.7,1,112.72,848,DEV-4849B,1
TRX-54143,49.7,Beleza,Voucher,Desktop,459.32,731.2,0,36.3,6,216.07,453,DEV-F176C,0
TRX-54144,37.3, ELETRONICOS ,Cartao_Credito,Desktop,,107.3,1,109.3,2,62.18,686,DEV-2CD6D,0
TRX-54145,53.1,eletronicos,Cartao_Credito,Mobile,720.78,740.3,0,77.3,1,131.97,845,DEV-28425,1
TRX-54146,48.6,eletronicos,Cartao_Credito,Mobile,1422.55,335.9,0,93.3,5,85.53,983,DEV-806C3,0
TRX-54147,46.0, ELETRONICOS ,Boleto,Desktop,296.37,251.6,0,167.3,6,72.94,908,DEV-9D766,0
TRX-54148,36.8,Vestuario,Pix,Mobile,,1651.4,2,7.1,2,69.79,789,DEV-2F086,0
TRX-54149,31.2,eletronicos,Cartao_Credito,Mobile,674.45,1572.0,0,79.6,2,-233.9,962,DEV-41FB0,0
TRX-54150,58.7, ELETRONICOS ,Boleto,Mobile,611.74,499.3,1,122.0,2,85.59,134,DEV-B4EBE,1
TRX-54151,34.3,Beleza,Cartao_Credito,Mobile,894.7,817.7,0,118.0,2,11.2,996,DEV-71339,0
TRX-54152,43.0,Eletronicos,Cartao_Credito,Desktop,358.75,789.7,0,144.5,4,-198.95,172,DEV-57CD7,0
TRX-54153,39.2,Games,Cartao_Credito,Desktop,614.78,588.6,0,0.1,4,208.99,873,DEV-97C10,0
TRX-54154,39.0,Games,Voucher,Mobile,146.79,393.2,0,248.9,2,-3.5,512,DEV-ADFA1,0
TRX-54155,45.4,Eletronicos,Boleto,Mobile,102.66,30.2,0,77.0,3,54.83,587,DEV-66CAC,0
TRX-54156,39.6,Vestuario,Boleto,Mobile,1737.73,1723.1,0,63.3,4,-141.72,832,DEV-BCA43,0
TRX-54157,26.8,Eletronicos,Voucher,Mobile,1062.0,788.7,0,81.3,6,-22.93,981,DEV-501AE,1
TRX-54158,17.2, ELETRONICOS ,Boleto,SmartTV,150.19,1437.0,0,60.3,6,-277.13,365,DEV-E069B,0
TRX-54159,42.1,Eletronicos,Cartao_Credito,Mobile,870.42,120.4,0,72.9,3,-68.59,569,DEV-B0E5A,0
TRX-54160,36.2,Games,Pix,Mobile,812.31,1480.5,0,296.4,5,-42.44,861,DEV-1EBD0,0
TRX-54161,31.7,eletronicos,Pix,Mobile,749.33,689.8,1,301.1,2,53.31,384,DEV-94502,1
TRX-54162,33.6,Eletronicos,Cartao_Credito,Mobile,,1331.5,0,251.4,1,179.07,749,DEV-C6DBB,0
TRX-54163,35.7,Vestuario,Boleto,Mobile,60.19,1246.8,2,244.6,3,-220.77,151,DEV-C5BCD,0
TRX-54164,15.4,Beleza,Boleto,Desktop,76.01,41.5,0,101.0,5,-71.18,252,DEV-7EFC1,0
TRX-54165,36.4,Beleza,Cartao_Credito,Desktop,99.36,1447.8,0,16.8,0,109.76,341,DEV-25131,0
TRX-54166,27.2,Eletronicos,Cartao_Credito,Mobile,62.86,139.6,1,48.9,4,131.05,763,DEV-D5519,0
TRX-54167,33.1,Eletronicos,Cartao_Credito,Tablet,263.49,1647.9,0,149.3,8,-138.25,343,DEV-C7BC4,0
TRX-54168,41.5,Beleza,Pix,Mobile,552.16,346.7,0,27.9,1,12.63,360,DEV-7F7F0,0
TRX-54169,42.0,Vestuario,Cartao_Credito,Desktop,291.19,440.2,0,107.4,3,-129.69,975,DEV-22246,0
TRX-54170,16.5,Vestuario,Cartao_Credito,Tablet,1439.11,458.1,0,132.1,3,-213.23,267,DEV-901C2,0
TRX-54171,38.6,Beleza,Cartao_Credito,Mobile,197.94,1057.6,0,171.0,3,-92.02,727,DEV-50F2C,0
TRX-54172,32.0,Beleza,Cartao_Credito,Desktop,53.11,1579.5,1,43.4,3,-145.12,574,DEV-B6BA4,0
TRX-54173,33.8,Games,Boleto,Mobile,165.81,1761.0,0,61.0,6,-77.17,213,DEV-3C5DD,0
TRX-54174,41.8,Eletronicos,Boleto,Desktop,602.89,891.1,0,129.4,1,-48.66,122,DEV-98F80,1
TRX-54175,33.9,Beleza,Boleto,Mobile,2180.89,876.7,1,138.6,2,45.59,521,DEV-4BCED,1
TRX-54176,,Eletronicos,Pix,Mobile,975.51,541.1,0,17.5,1,213.19,549,DEV-993E1,0
TRX-54177,22.9,Vestuario,Cartao_Credito,Mobile,618.42,721.2,1,7.6,7,33.79,688,DEV-BAAC2,0
TRX-54178,36.1,Beleza,Cartao_Credito,Mobile,71.14,950.3,2,25.2,5,-11.5,190,DEV-F23F7,0
TRX-54179,49.6, ELETRONICOS ,Cartao_Credito,Tablet,61.24,1581.6,1,143.6,3,-11.17,373,DEV-7EA48,0
TRX-54180,36.2,eletronicos,Boleto,Tablet,754.37,1205.2,1,151.7,6,277.92,347,DEV-83971,0
TRX-54181,30.6,Vestuario,Voucher,Mobile,528.95,1711.9,3,26.5,5,117.64,491,DEV-38604,0
TRX-54182,47.6,Vestuario,Cartao_Credito,Mobile,3388.61,71.9,2,94.2,4,6.87,968,DEV-21AE3,1
TRX-54183,61.4,Vestuario,Cartao_Credito,Mobile,437.37,28.5,1,160.6,5,99.76,362,DEV-DEC4C,0
TRX-54184,33.8,Eletronicos,Boleto,Desktop,2778.95,1651.8,0,96.1,2,-121.09,627,DEV-52732,1
TRX-54185,45.2,Vestuario,Cartao_Credito,Mobile,35.64,867.9,0,520.4,2,-35.66,416,DEV-6C17F,1
TRX-54186,36.1,Vestuario,Cartao_Credito,Desktop,1212.95,724.4,1,150.2,5,124.86,117,DEV-94A58,0
TRX-54187,26.0,Vestuario,Cartao_Credito,Mobile,568.31,1150.8,0,170.8,6,196.33,290,DEV-8E6E1,0
TRX-54188,32.3,Vestuario,Pix,Mobile,385.0,1034.3,1,566.7,3,-212.07,355,DEV-C4527,1
TRX-54189,56.1,eletronicos,Boleto,Tablet,1881.93,1413.3,2,54.6,1,-44.39,947,DEV-A129A,1
TRX-54190,23.9,Vestuario,Pix,Desktop,393.0,205.1,2,33.0,2,-252.08,398,DEV-E58AD,1
TRX-54191,34.4,Eletronicos,Boleto,Desktop,337.18,1382.1,3,180.3,4,-92.8,854,DEV-70A93,0
TRX-54192,41.4,Vestuario,Pix,Desktop,213.82,1174.3,0,37.9,5,-7.76,177,DEV-758A5,0
TRX-54193,36.4,Vestuario,Boleto,Desktop,1153.41,1279.9,0,74.3,4,-11.53,881,DEV-51489,1
TRX-54194,21.2, ELETRONICOS ,Pix,SmartTV,447.06,1772.1,0,227.7,1,-105.25,328,DEV-6131A,0
TRX-54195,47.5,Vestuario,Cartao_Credito,Mobile,1417.77,1409.3,2,11.6,4,-5.19,794,DEV-B6328,0
TRX-54196,29.3,Eletronicos,Voucher,Mobile,2053.54,504.2,1,392.5,5,-20.3,284,DEV-B71CA,1
TRX-54197,24.3,eletronicos,Voucher,Desktop,,159.7,0,114.1,3,-57.27,619,DEV-6B389,1
TRX-54198,29.1,eletronicos,Pix,Desktop,68.16,1008.4,0,11.6,1,46.89,395,DEV-F17C9,0
TRX-54199,38.3, ELETRONICOS ,Pix,Mobile,449.09,1170.7,2,316.2,4,-56.0,705,DEV-5D8F7,0
TRX-54200,35.2,Games,Pix,Mobile,89.99,1177.8,1,63.4,8,-159.27,476,DEV-9BD89,0
TRX-54201,23.9,Vestuario,Boleto,Desktop,1601.38,1621.8,0,21.4,7,2.08,424,DEV-9479C,0
TRX-54202,46.4, ELETRONICOS ,Cartao_Credito,Mobile,983.5,1003.0,0,155.3,4,-155.98,816,DEV-86DA9,0
TRX-54203,47.1,Eletronicos,Cartao_Credito,Mobile,179.71,776.9,0,313.7,1,-195.1,359,DEV-9917D,1
TRX-54204,63.6,Eletronicos,Pix,Mobile,995.1,987.1,0,660.7,5,126.87,330,DEV-B3D37,1
TRX-54205,31.4, ELETRONICOS ,Cartao_Credito,Mobile,201.19,209.0,0,52.0,0,18.46,425,DEV-D1B6A,0
TRX-54206,38.4,Games,Cartao_Credito,Mobile,1077.63,950.7,1,105.6,4,34.65,221,DEV-AAD03,0
TRX-54207,20.5,eletronicos,Cartao_Credito,Mobile,47.33,1482.3,2,394.0,4,76.71,722,DEV-DC621,0
TRX-54208,35.5,eletronicos,Cartao_Credito,Desktop,292.58,1563.3,0,17.9,4,145.68,144,DEV-A317D,0
TRX-54209,33.9,Vestuario,Boleto,Desktop,38.47,1470.0,0,142.6,4,-53.33,895,DEV-624F3,0
TRX-54210,40.6,Eletronicos,Boleto,Desktop,57.52,1726.3,0,54.6,3,-60.86,181,DEV-AEB80,0
TRX-54211,23.4,Eletronicos,Cartao_Credito,Mobile,307.5,1296.6,1,142.9,0,16.8,706,DEV-4CB46,0
TRX-54212,30.0,Eletronicos,Cartao_Credito,Mobile,43.07,1481.8,0,504.8,5,-31.6,569,DEV-8222B,0
TRX-54213,26.9,eletronicos,Pix,Desktop,698.24,14.6,1,91.3,7,-56.65,318,DEV-95CFF,0
TRX-54214,40.2,Games,Cartao_Credito,Mobile,258.49,1397.5,2,30.2,2,89.15,704,DEV-8CBD5,0
TRX-54215,40.6,eletronicos,Boleto,Desktop,969.63,187.3,2,133.0,2,10.73,454,DEV-65DAD,1
TRX-54216,28.1,Beleza,Cartao_Credito,Mobile,282.31,1109.7,0,193.5,0,-34.3,966,DEV-2E1DB,0
TRX-54217,31.2,Beleza,Cartao_Credito,Mobile,1835.76,874.7,0,397.0,2,33.26,905,DEV-900A8,1
TRX-54218,26.9,Games,Cartao_Credito,Mobile,2648.32,974.0,2,484.6,6,-177.19,560,DEV-53D47,1
TRX-54219,33.9,Beleza,Cartao_Credito,Desktop,264.22,702.5,2,14.8,4,-17.48,305,DEV-4419E,0
TRX-54220,34.1,Eletronicos,Cartao_Credito,Mobile,1933.41,1123.8,0,123.5,4,231.7,515,DEV-7F78F,0
TRX-54221,37.3,eletronicos,Boleto,Tablet,517.31,461.7,0,204.4,1,-4.82,947,DEV-6FAFB,0
TRX-54222,42.9, ELETRONICOS ,Pix,Desktop,873.32,11.4,1,104.1,5,-21.47,195,DEV-D2ECD,0
TRX-54223,32.5,eletronicos,Cartao_Credito,Mobile,345.43,1612.8,0,148.6,3,104.74,361,DEV-6E8FC,0
TRX-54224,30.3,eletronicos,Pix,Tablet,508.37,1533.6,1,185.5,7,60.16,652,DEV-253D6,0
TRX-54225,23.8,Games,Boleto,Mobile,85.33,1747.7,1,109.7,0,-31.76,275,DEV-D9B9C,0
TRX-54226,26.4,Eletronicos,Boleto,Tablet,1890.21,681.3,3,84.1,0,62.18,480,DEV-9B6D0,1
TRX-54227,39.0,Vestuario,Cartao_Credito,Mobile,572.54,1224.1,0,285.7,1,-157.08,780,DEV-AD4C3,0
TRX-54228,41.2,Games,Pix,Mobile,1154.51,292.5,0,21.4,4,56.67,162,DEV-C4EB7,0
TRX-54229,48.8,Eletronicos,Pix,Desktop,330.63,1291.8,1,34.3,10,-24.75,720,DEV-8BF99,0
TRX-54230,40.5,eletronicos,Boleto,Tablet,1013.18,250.2,1,197.0,2,-77.08,691,DEV-4730B,1
TRX-54231,38.0,eletronicos,Cartao_Credito,Mobile,878.86,610.4,0,49.1,2,15.41,350,DEV-8AE67,0
TRX-54232,37.3,Vestuario,Cartao_Credito,Mobile,118.8,480.3,0,38.3,3,-182.18,363,DEV-2BD0E,0
TRX-54233,,Vestuario,Pix,Mobile,566.99,38.1,0,154.4,1,110.25,647,DEV-3EE36,0
TRX-54234,29.3,Eletronicos,Pix,Mobile,1055.18,428.9,0,475.9,2,60.12,377,DEV-CED47,1
TRX-54235,27.1,Beleza,Cartao_Credito,Mobile,53.65,809.4,1,31.0,4,-19.65,993,DEV-8298D,0
TRX-54236,37.5,Games,Cartao_Credito,Mobile,954.13,120.1,0,76.2,4,26.39,331,DEV-7E5EB,0
TRX-54237,39.3,eletronicos,Pix,SmartTV,1776.81,795.6,2,33.3,0,70.36,376,DEV-D4812,1
TRX-54238,43.5,Eletronicos,Boleto,Mobile,2148.11,1580.5,2,121.2,4,-17.38,205,DEV-2BE8F,0
TRX-54239,32.0,Eletronicos,Cartao_Credito,Desktop,553.28,612.8,0,470.5,6,131.59,726,DEV-7287B,1
TRX-54240,46.7, ELETRONICOS ,Cartao_Credito,Desktop,2007.81,23.0,2,29.5,2,80.33,237,DEV-B0998,1
TRX-54241,31.0,Eletronicos,Cartao_Credito,Desktop,505.08,1016.5,1,103.3,6,-198.61,709,DEV-63F50,0
TRX-54242,38.1,Beleza,Cartao_Credito,Mobile,45.54,338.2,0,320.4,4,-80.95,432,DEV-51908,0
TRX-54243,43.8,Beleza,Cartao_Credito,Mobile,331.72,1652.8,0,50.9,3,-84.12,962,DEV-62178,0
TRX-54244,19.3,Beleza,Cartao_Credito,Mobile,189.97,507.4,0,145.8,3,-105.66,801,DEV-CBFA5,0
TRX-54245,44.6,Eletronicos,Cartao_Credito,Desktop,297.42,896.9,1,297.1,5,129.09,142,DEV-86879,0
TRX-54246,38.5, ELETRONICOS ,Pix,Tablet,179.55,1657.8,1,75.6,0,-59.73,501,DEV-8F3C8,0
TRX-54247,31.4,Eletronicos,Cartao_Credito,Tablet,43.91,980.8,1,67.8,0,-161.83,196,DEV-5499C,0
TRX-54248,34.0,Beleza,Cartao_Credito,Mobile,1505.86,188.5,1,197.0,4,-3.21,113,DEV-F37B7,1
TRX-54249,19.0,Beleza,Cartao_Credito,SmartTV,2380.94,902.2,1,15.1,3,-26.91,862,DEV-C264A,1
TRX-54250,34.3, ELETRONICOS ,Cartao_Credito,Desktop,174.94,1487.7,0,86.5,2,82.59,555,DEV-607C7,0
TRX-54251,19.1,Beleza,Boleto,Mobile,218.92,1585.5,3,259.2,2,0.41,242,DEV-93F94,0
TRX-54252,51.7, ELETRONICOS ,Voucher,Tablet,720.27,367.6,0,194.6,4,287.05,657,DEV-CF280,0
TRX-54253,17.1,Eletronicos,Cartao_Credito,Desktop,,591.0,0,11.0,3,-6.97,161,DEV-323A4,0
TRX-54254,20.9,eletronicos,Cartao_Credito,Desktop,615.4,1754.1,0,117.8,4,-24.54,738,DEV-6E26B,0
TRX-54255,49.7,eletronicos,Pix,Desktop,32.62,65.4,1,118.3,2,-178.47,385,DEV-39C75,0
TRX-54256,39.9,Eletronicos,Cartao_Credito,SmartTV,1322.55,1174.6,1,119.1,3,-35.57,393,DEV-D5414,0
TRX-54257,55.0,Vestuario,Boleto,Mobile,172.06,1117.4,1,160.9,3,110.18,839,DEV-B4273,0
TRX-54258,31.0,Eletronicos,Pix,Mobile,1661.25,1512.2,1,14.8,3,-79.28,266,DEV-65679,0
TRX-54259,32.4,Eletronicos,Boleto,Desktop,1412.85,1673.3,3,38.7,2,-43.04,868,DEV-68DA2,1
TRX-54260,42.8,Vestuario,Voucher,Mobile,667.69,87.0,0,72.4,4,149.86,463,DEV-B0B83,0
TRX-54261,33.4,Games,Pix,Tablet,2491.37,706.0,0,50.1,1,123.8,377,DEV-7BE93,1
TRX-54262,52.6,Games,Cartao_Credito,Desktop,967.41,1569.6,1,106.0,3,73.57,625,DEV-BEF59,1
TRX-54263,32.9,Games,Pix,Mobile,2397.61,362.0,1,428.8,6,149.31,539,DEV-35B7F,1
TRX-54264,36.8,Eletronicos,Cartao_Credito,Desktop,1182.24,1241.6,0,19.7,1,-14.05,883,DEV-9B4AA,0
TRX-54265,36.4, ELETRONICOS ,Cartao_Credito,Tablet,178.62,205.0,0,19.3,3,13.34,110,DEV-950E9,1
TRX-54266,38.4,Eletronicos,Boleto,Mobile,110.33,1217.7,0,58.0,2,4.66,525,DEV-5C533,0
TRX-54267,31.4,Beleza,Cartao_Credito,Tablet,,753.4,1,189.1,5,-30.6,677,DEV-4654E,0
TRX-54268,39.4,Vestuario,Cartao_Credito,Desktop,723.38,205.3,1,19.0,1,-155.63,868,DEV-D5754,0
TRX-54269,38.6,Eletronicos,Boleto,Mobile,239.28,165.6,2,55.4,1,-18.44,843,DEV-AF648,0
TRX-54270,25.4,Beleza,Cartao_Credito,Mobile,,316.5,0,118.0,3,290.8,888,DEV-190E2,1
TRX-54271,36.7,Eletronicos,Cartao_Credito,Mobile,197.4,764.0,3,46.1,4,-5.72,401,DEV-E10EE,1
TRX-54272,47.4,Eletronicos,Voucher,Mobile,559.56,1361.6,1,237.6,2,-29.33,231,DEV-B71BA,0
TRX-54273,25.6,Vestuario,Cartao_Credito,Tablet,78.9,744.2,0,33.7,3,2.3,701,DEV-21B56,0
TRX-54274,48.6,Eletronicos,Boleto,Desktop,1349.72,1335.8,2,26.4,4,123.0,600,DEV-B9CE2,0
TRX-54275,42.4,Vestuario,Pix,Mobile,359.05,1424.4,0,37.3,6,-144.41,528,DEV-A9B7A,0
TRX-54276,47.9, ELETRONICOS ,Cartao_Credito,Mobile,155.62,244.1,1,4.7,5,-80.59,240,DEV-AD47A,0
TRX-54277,33.1, ELETRONICOS ,Boleto,Mobile,296.14,438.2,0,168.8,2,-29.07,663,DEV-7A89D,0
TRX-54278,17.8,Eletronicos,Cartao_Credito,Mobile,623.74,184.5,0,88.7,4,-113.12,784,DEV-3F6BD,0
TRX-54279,45.9,Eletronicos,Cartao_Credito,Mobile,30.11,1386.4,1,204.5,5,-56.76,123,DEV-E16ED,0
TRX-54280,18.4,Vestuario,Pix,Mobile,1084.28,876.0,1,135.2,3,-64.38,735,DEV-31E12,1
TRX-54281,27.4, ELETRONICOS ,Cartao_Credito,Mobile,499.47,204.2,1,62.6,2,-13.24,586,DEV-2176A,0
TRX-54282,27.9,eletronicos,Pix,Mobile,48.6,1511.0,0,67.2,2,-73.93,115,DEV-28087,0
TRX-54283,30.0, ELETRONICOS ,Cartao_Credito,Tablet,1828.6,833.2,0,32.1,8,143.99,407,DEV-3DCCE,0
TRX-54284,,eletronicos,Boleto,Desktop,81.18,704.9,0,448.8,5,76.08,426,DEV-CB989,0
TRX-54285,54.4,Eletronicos,Cartao_Credito,Desktop,528.03,153.5,2,9.9,4,-91.05,896,DEV-1AB4F,0
TRX-54286,40.4,Eletronicos,Cartao_Credito,Tablet,27.97,951.1,2,15.7,7,-75.1,592,DEV-88137,0
TRX-54287,54.2, ELETRONICOS ,Pix,Desktop,219.23,1113.4,2,17.7,2,-97.84,132,DEV-A7608,1
TRX-54288,40.9, ELETRONICOS ,Pix,Desktop,179.13,898.8,1,16.4,6,-79.06,240,DEV-32239,0
TRX-54289,32.7,Vestuario,Cartao_Credito,Mobile,295.55,877.8,1,39.9,3,-10.28,178,DEV-C2393,0
TRX-54290,29.7,Games,Boleto,Tablet,304.28,800.4,0,149.0,3,-157.11,947,DEV-EA3BF,0
TRX-54291,32.2,Eletronicos,Cartao_Credito,Desktop,376.18,439.5,1,301.3,1,170.26,481,DEV-B8939,1
TRX-54292,49.7,eletronicos,Cartao_Credito,Desktop,545.33,1223.2,2,34.4,4,48.76,851,DEV-75BA5,0
TRX-54293,50.8, ELETRONICOS ,Pix,Desktop,810.55,1480.3,0,17.6,3,-44.41,407,DEV-1C201,0
TRX-54294,33.7,Eletronicos,Boleto,Mobile,1954.35,906.1,1,151.8,2,54.6,340,DEV-9455E,1
TRX-54295,48.4,Vestuario,Boleto,Mobile,257.46,507.3,1,175.0,0,53.59,657,DEV-399B2,0
TRX-54296,52.8,Eletronicos,Cartao_Credito,Mobile,1174.97,350.1,0,568.5,2,219.14,541,DEV-D9F03,1
TRX-54297,50.0,Beleza,Pix,Mobile,195.7,1634.9,1,136.5,2,159.67,343,DEV-6A4B9,0
TRX-54298,28.7,Beleza,Pix,Mobile,809.36,400.3,0,31.5,2,68.79,305,DEV-95EED,0
TRX-54299,32.7,Vestuario,Cartao_Credito,Desktop,57.89,940.6,1,71.7,4,166.6,684,DEV-8E5CB,0
TRX-54300,40.8,Eletronicos,Pix,Mobile,571.62,1569.6,0,0.2,0,-17.19,836,DEV-1E4C9,0
TRX-54301,35.7,Games,Pix,Mobile,548.9,1078.5,0,13.5,2,-94.86,262,DEV-7B03F,0
TRX-54302,44.2,Vestuario,Cartao_Credito,Mobile,81.67,1105.6,0,274.6,5,-45.78,500,DEV-25A7B,0
TRX-54303,36.1,Games,Cartao_Credito,Mobile,1302.69,681.5,0,71.9,3,72.58,963,DEV-52A15,0
TRX-54304,32.3, ELETRONICOS ,Cartao_Credito,Mobile,52.66,1473.1,1,5.4,4,113.3,262,DEV-EAE19,0
TRX-54305,,Beleza,Cartao_Credito,Desktop,,1585.8,1,127.2,6,17.35,692,DEV-C86F8,1
TRX-54306,65.9,Eletronicos,Cartao_Credito,Desktop,2006.86,1251.4,0,384.9,6,-180.31,233,DEV-82F49,1
TRX-54307,19.5,Beleza,Boleto,Mobile,275.6,1367.5,1,54.6,4,66.0,310,DEV-66872,0
TRX-54308,23.4,Beleza,Voucher,Mobile,,642.3,1,89.5,8,-64.16,353,DEV-8C07C,0
TRX-54309,41.9,Beleza,Pix,Desktop,702.34,232.3,0,130.1,4,39.31,198,DEV-D807D,1
TRX-54310,43.1,Beleza,Pix,Mobile,132.17,1503.8,1,230.5,3,-8.63,630,DEV-E9C03,1
TRX-54311,26.4,Eletronicos,Boleto,Desktop,123.12,1328.2,0,342.9,3,121.67,955,DEV-ADEE2,0
TRX-54312,43.9,Eletronicos,Cartao_Credito,Mobile,442.04,318.5,1,43.4,3,150.7,462,DEV-904CC,0
TRX-54313,40.2,Eletronicos,Cartao_Credito,Tablet,48.62,953.3,1,204.5,2,-35.65,273,DEV-E34A9,0
TRX-54314,40.6,eletronicos,Cartao_Credito,Mobile,187.35,1383.4,0,142.3,2,-35.97,321,DEV-22F90,0
TRX-54315,30.5,eletronicos,Cartao_Credito,Mobile,,588.6,2,72.0,3,-128.31,294,DEV-EB9D2,0
TRX-54316,16.0,Eletronicos,Boleto,Mobile,1464.6,658.6,1,84.7,4,21.95,551,DEV-D08F3,0
TRX-54317,37.9,eletronicos,Cartao_Credito,Mobile,55.29,743.3,0,226.2,2,-48.97,487,DEV-2F7D2,0
TRX-54318,39.3,Eletronicos,Boleto,Desktop,1134.49,1281.1,0,114.4,4,-10.09,735,DEV-9FFEA,0
TRX-54319,43.5, ELETRONICOS ,Boleto,Mobile,161.11,1487.7,0,54.9,1,25.66,105,DEV-9EC9B,0
TRX-54320,48.8,Eletronicos,Cartao_Credito,Mobile,278.29,96.5,0,317.2,2,-40.6,274,DEV-60A63,1
TRX-54321,52.8,Beleza,Pix,Mobile,185.64,511.5,0,437.1,6,-152.13,961,DEV-C3625,0
TRX-54322,44.6,Beleza,Voucher,Desktop,1843.97,1777.1,0,91.8,1,75.18,318,DEV-C255E,1
TRX-54323,50.4,Beleza,Cartao_Credito,Mobile,30.95,1372.1,2,801.2,1,-156.91,610,DEV-5BED3,1
TRX-54324,35.0,eletronicos,Boleto,Desktop,2001.17,204.7,2,6.5,2,-183.77,188,DEV-8BE8D,1
TRX-54325,42.4,Vestuario,Cartao_Credito,Mobile,215.11,777.2,0,92.5,7,166.11,266,DEV-61CE3,0
TRX-54326,37.5,Vestuario,Cartao_Credito,Desktop,280.05,1512.3,0,162.8,4,-201.86,468,DEV-1FDCF,0
TRX-54327,41.4,Eletronicos,Pix,Mobile,611.99,963.0,0,112.4,4,38.3,143,DEV-4EA21,0
TRX-54328,30.2, ELETRONICOS ,Pix,Mobile,1406.66,248.2,0,261.3,4,159.91,123,DEV-92F74,1
TRX-54329,25.8,Games,Cartao_Credito,Mobile,49.34,804.7,0,667.2,1,-129.6,301,DEV-C4B69,1
TRX-54330,26.7,Eletronicos,Boleto,Desktop,377.95,1352.2,1,119.5,4,76.16,394,DEV-9B44E,0
TRX-54331,36.9,Vestuario,Cartao_Credito,Desktop,188.44,1132.5,0,24.1,2,129.81,433,DEV-3C25F,0
TRX-54332,45.9,Vestuario,Pix,Mobile,2469.63,902.7,0,53.4,6,-178.46,855,DEV-66015,0
TRX-54333,50.2,Vestuario,Cartao_Credito,Desktop,514.71,1488.3,0,10.0,3,-15.46,102,DEV-680A5,0
TRX-54334,54.6,Eletronicos,Pix,Mobile,460.43,903.3,0,26.9,5,-221.34,810,DEV-51B87,0
TRX-54335,43.6,Games,Boleto,Mobile,253.1,1400.1,1,141.2,6,-66.66,878,DEV-AEDB9,0
TRX-54336,48.1,Games,Pix,Mobile,,684.6,0,376.7,2,85.29,310,DEV-D7E72,1
TRX-54337,45.8,eletronicos,Pix,Desktop,385.87,1435.5,0,15.3,0,72.1,847,DEV-EF8B5,0
TRX-54338,42.0, ELETRONICOS ,Boleto,Mobile,154.64,50.4,1,66.1,5,55.91,623,DEV-DC264,0
TRX-54339,34.3,Eletronicos,Cartao_Credito,Mobile,323.07,380.9,1,96.7,2,-92.94,825,DEV-A2626,0
TRX-54340,44.6, ELETRONICOS ,Cartao_Credito,Mobile,706.91,1615.7,0,39.1,2,59.97,144,DEV-20BA0,0
TRX-54341,22.3,Games,Cartao_Credito,Desktop,1061.44,766.2,1,130.5,6,52.75,288,DEV-7920C,0
TRX-54342,42.8,Eletronicos,Cartao_Credito,Mobile,1731.94,980.0,1,1.7,2,-42.93,341,DEV-9DE46,0
TRX-54343,30.7, ELETRONICOS ,Pix,Desktop,495.81,104.2,0,76.0,6,-200.6,170,DEV-C7664,0
TRX-54344,38.9,Beleza,Cartao_Credito,Mobile,546.15,174.3,0,332.4,3,-271.0,554,DEV-A0D70,0
TRX-54345,25.5,Vestuario,Cartao_Credito,Mobile,317.31,612.1,0,85.4,2,-48.39,904,DEV-9C008,1
TRX-54346,35.4,Vestuario,Boleto,Desktop,52.94,702.5,0,163.3,2,-8.68,950,DEV-9D0EA,0
TRX-54347,40.9,Beleza,Pix,Desktop,,567.3,0,177.0,8,-30.23,530,DEV-3F442,0
TRX-54348,13.3,Vestuario,Cartao_Credito,Mobile,1795.66,167.5,0,34.9,3,57.77,259,DEV-80B4F,1
TRX-54349,45.9,Vestuario,Boleto,Desktop,2548.36,1778.4,0,99.2,2,-107.44,971,DEV-91D93,0
TRX-54350,52.2,Vestuario,Boleto,Tablet,288.85,1545.7,1,74.6,7,-85.23,102,DEV-2C3CC,0
TRX-54351,49.1, ELETRONICOS ,Cartao_Credito,Mobile,120.07,1320.2,1,931.9,3,-43.22,750,DEV-DDB5F,1
TRX-54352,47.2,Vestuario,Boleto,Mobile,3858.62,580.1,0,19.7,6,79.66,723,DEV-E9974,1
TRX-54353,55.4,Eletronicos,Cartao_Credito,Desktop,1276.33,1711.4,0,67.9,2,-104.23,938,DEV-F3921,0
TRX-54354,47.1,Games,Boleto,Mobile,658.08,1462.3,1,150.3,2,48.41,865,DEV-2BCD9,0
TRX-54355,31.5,eletronicos,Cartao_Credito,Mobile,1439.29,147.2,0,133.5,6,250.21,842,DEV-44086,0
TRX-54356,41.4,Vestuario,Cartao_Credito,Desktop,315.05,456.9,1,485.8,4,151.75,725,DEV-C0BBC,1
TRX-54357,40.2,Eletronicos,Cartao_Credito,Mobile,420.01,188.5,0,9.4,4,63.88,127,DEV-D0B4E,0
TRX-54358,31.2,Vestuario,Cartao_Credito,Desktop,166.86,1127.6,0,31.4,2,-40.11,293,DEV-F1A6F,0
TRX-54359,45.0,Vestuario,Boleto,Mobile,1303.95,800.1,3,224.4,4,-379.6,256,DEV-E75BC,1
TRX-54360,28.1, ELETRONICOS ,Boleto,Desktop,29.88,1283.5,1,194.7,3,32.37,610,DEV-98011,0
TRX-54361,22.6,Games,Cartao_Credito,Mobile,216.69,718.5,0,222.1,2,80.43,677,DEV-BBEC7,0
TRX-54362,36.1,Beleza,Boleto,SmartTV,308.73,30.5,1,152.3,3,-120.57,560,DEV-82A33,0
TRX-54363,13.2,Eletronicos,Pix,Mobile,,343.0,0,307.6,2,15.8,280,DEV-451D7,1
TRX-54364,36.3,Vestuario,Cartao_Credito,Mobile,467.72,434.8,0,239.5,6,19.53,397,DEV-ABC22,0
TRX-54365,,Eletronicos,Cartao_Credito,Desktop,2026.0,1252.3,0,60.2,3,-55.14,212,DEV-E547A,0
TRX-54366,24.3,Beleza,Pix,Mobile,221.42,139.4,0,576.6,8,274.1,511,DEV-EC76C,0
TRX-54367,34.6, ELETRONICOS ,Cartao_Credito,Mobile,225.38,483.2,1,637.4,6,-125.52,234,DEV-690FF,1
TRX-54368,58.2,Games,Cartao_Credito,Mobile,84.17,238.3,1,91.1,3,67.87,702,DEV-D9EB6,0
TRX-54369,42.7,eletronicos,Pix,Desktop,564.05,105.9,0,86.2,1,93.14,676,DEV-29F38,0
TRX-54370,24.9, ELETRONICOS ,Boleto,Desktop,1394.11,200.2,1,4.5,4,-14.12,959,DEV-2BB16,0
TRX-54371,28.4, ELETRONICOS ,Cartao_Credito,Mobile,218.64,1430.4,0,426.5,4,98.59,568,DEV-ECB38,0
TRX-54372,36.1,eletronicos,Boleto,Mobile,190.07,1674.6,1,0.6,3,43.75,732,DEV-867E2,0
TRX-54373,33.0,Eletronicos,Cartao_Credito,SmartTV,246.65,1642.4,1,226.3,4,190.7,220,DEV-AF9F5,0
TRX-54374,36.1, ELETRONICOS ,Cartao_Credito,Desktop,406.41,1644.0,0,37.0,4,139.31,921,DEV-E8E43,0
TRX-54375,29.6,Beleza,Cartao_Credito,Mobile,567.44,449.7,0,689.4,2,-68.7,997,DEV-5AC9F,1
TRX-54376,42.6,Beleza,Cartao_Credito,Mobile,1034.12,1473.6,0,47.7,4,55.83,406,DEV-AC16D,0
TRX-54377,41.5,Vestuario,Cartao_Credito,Desktop,1132.55,255.0,0,63.4,6,-93.2,862,DEV-6803B,0
TRX-54378,35.3,Vestuario,Cartao_Credito,Mobile,20.98,89.9,0,55.0,5,-112.91,802,DEV-64FAC,0
TRX-54379,32.6,Eletronicos,Pix,Desktop,836.06,1479.1,0,52.6,6,99.15,971,DEV-1ECD7,0
TRX-54380,28.2,Vestuario,Pix,Desktop,141.03,1512.1,0,114.2,6,-140.31,634,DEV-A5168,0
TRX-54381,40.4,eletronicos,Boleto,Mobile,1609.13,1596.8,1,272.0,4,-145.35,309,DEV-89784,0
TRX-54382,53.3,Games,Pix,Desktop,894.28,1187.3,2,62.6,2,-205.57,283,DEV-F2847,0
TRX-54383,34.1,Games,Cartao_Credito,Mobile,731.28,1128.6,2,0.9,2,-97.06,209,DEV-3D985,0
TRX-54384,40.4,Beleza,Cartao_Credito,Mobile,,341.1,1,101.0,3,-83.94,985,DEV-2675B,1
TRX-54385,28.3,Eletronicos,Boleto,Mobile,313.59,390.3,0,179.7,4,89.45,399,DEV-59FDC,0
TRX-54386,32.2, ELETRONICOS ,Cartao_Credito,Mobile,521.58,1035.6,0,195.8,3,25.12,103,DEV-BC2B0,0
TRX-54387,12.2,Beleza,Cartao_Credito,Desktop,406.5,1174.1,0,12.8,2,81.82,490,DEV-EED65,0
TRX-54388,46.4, ELETRONICOS ,Boleto,Mobile,482.37,1398.2,2,156.9,3,-160.5,478,DEV-428FF,1
TRX-54389,24.0,Vestuario,Cartao_Credito,Tablet,54.74,1042.3,0,65.4,1,242.79,941,DEV-98B70,0
TRX-54390,39.5,Games,Pix,Desktop,170.11,1574.0,0,17.5,4,121.17,470,DEV-773A5,0
TRX-54391,27.8, ELETRONICOS ,Pix,Mobile,687.79,353.9,0,119.3,2,154.06,332,DEV-8A8D6,0
TRX-54392,34.4,Beleza,Pix,Mobile,1554.58,1283.5,0,9.2,4,-173.27,337,DEV-DF255,0
TRX-54393,48.3,eletronicos,Pix,Mobile,1480.17,472.8,2,721.9,4,-5.4,441,DEV-64B7C,1
TRX-54394,39.8,Vestuario,Cartao_Credito,Mobile,,843.0,1,105.4,3,137.86,116,DEV-BA7E6,0
TRX-54395,33.1,Vestuario,Cartao_Credito,Mobile,1045.42,1003.9,0,48.9,1,-3.69,470,DEV-D1D39,1
TRX-54396,28.7,Beleza,Pix,Mobile,306.77,544.4,1,52.7,3,16.45,838,DEV-601B1,1
TRX-54397,58.2,Eletronicos,Cartao_Credito,Tablet,60.9,488.2,0,458.0,5,141.73,263,DEV-4B0DA,0
TRX-54398,46.3,Eletronicos,Voucher,Mobile,1212.83,1661.4,1,263.5,3,-84.99,268,DEV-8B8EC,1
TRX-54399,43.8,Eletronicos,Boleto,Mobile,1339.64,1734.6,2,52.4,5,156.39,657,DEV-4E704,0
TRX-54400,40.0, ELETRONICOS ,Cartao_Credito,Desktop,596.27,814.7,0,106.2,5,-9.02,440,DEV-97A4E,0
TRX-54401,35.9,Eletronicos,Pix,Tablet,135.54,59.1,0,92.3,3,-8.31,838,DEV-4BA64,0
TRX-54402,27.1,Eletronicos,Voucher,Mobile,1271.76,1448.7,3,283.5,0,-74.85,369,DEV-A7309,1
TRX-54403,22.7,Eletronicos,Cartao_Credito,Tablet,311.53,918.2,1,67.9,2,238.03,960,DEV-CA9D7,0
TRX-54404,23.2,Eletronicos,Boleto,Mobile,283.23,1569.9,0,85.4,1,21.55,741,DEV-F3170,0
TRX-54405,27.7,eletronicos,Voucher,Mobile,1092.02,363.1,0,5.4,4,-130.41,639,DEV-4F67A,0
TRX-54406,33.6,Vestuario,Cartao_Credito,Mobile,1024.4,524.6,0,13.5,4,-40.59,799,DEV-98F66,0
TRX-54407,44.9,Eletronicos,Boleto,Mobile,1095.9,884.0,0,103.8,3,229.97,130,DEV-793D8,1
TRX-54408,38.2,Eletronicos,Pix,Mobile,768.65,1090.9,0,290.2,6,226.91,317,DEV-D9B5D,0
TRX-54409,28.0,Eletronicos,Boleto,Mobile,466.17,1077.1,1,62.4,2,-27.49,331,DEV-263AF,0
TRX-54410,51.4,Beleza,Cartao_Credito,Mobile,2307.58,1277.4,1,0.8,0,5.46,391,DEV-20D2D,1
TRX-54411,37.4, ELETRONICOS ,Cartao_Credito,Mobile,,688.2,1,267.1,3,-214.33,359,DEV-84B54,0
TRX-54412,38.0,Eletronicos,Cartao_Credito,Desktop,1385.36,1006.6,0,177.7,3,213.49,746,DEV-F1B34,1
TRX-54413,38.5,Games,Cartao_Credito,Mobile,923.56,636.0,0,700.3,3,63.73,207,DEV-1B504,1
TRX-54414,48.3,Eletronicos,Boleto,Mobile,105.0,1554.7,0,104.1,6,-204.25,917,DEV-4FDBD,0
TRX-54415,42.6,eletronicos,Boleto,Tablet,3088.58,461.0,0,121.8,2,-71.38,128,DEV-2AFBF,1
TRX-54416,38.0,eletronicos,Cartao_Credito,Mobile,1716.18,824.1,0,24.5,1,-320.93,414,DEV-49010,0
TRX-54417,26.1,eletronicos,Cartao_Credito,Mobile,556.47,1371.5,1,23.8,2,-140.69,612,DEV-2E208,0
TRX-54418,44.4,Games,Cartao_Credito,Mobile,1601.7,880.5,0,11.1,3,13.05,926,DEV-77FD1,0
TRX-54419,40.0,eletronicos,Cartao_Credito,Mobile,264.75,16.0,2,1.7,3,-47.65,566,DEV-3C97E,0
TRX-54420,43.8, ELETRONICOS ,Cartao_Credito,Mobile,779.37,50.3,0,233.3,1,61.02,112,DEV-7646F,1
TRX-54421,33.6,eletronicos,Cartao_Credito,Mobile,395.54,1666.5,2,148.9,4,69.45,771,DEV-6D4BA,0
TRX-54422,46.6,Beleza,Cartao_Credito,Mobile,,1287.9,0,48.6,4,95.19,409,DEV-DFE58,0
TRX-54423,40.0, ELETRONICOS ,Pix,Mobile,354.05,1032.7,1,72.4,7,263.4,681,DEV-24608,0
TRX-54424,38.8,Games,Cartao_Credito,Tablet,61.68,1336.7,0,14.6,4,38.94,515,DEV-58444,0
TRX-54425,23.4,Eletronicos,Pix,Mobile,39.47,454.1,1,267.5,4,112.52,186,DEV-7668F,0
TRX-54426,41.1,Games,Pix,Desktop,1490.06,1047.4,0,70.6,2,-113.59,888,DEV-3DFE8,0
TRX-54427,35.7,Vestuario,Cartao_Credito,Desktop,79.18,234.7,1,32.1,4,-4.84,479,DEV-DFB83,0
TRX-54428,34.7,Vestuario,Boleto,Mobile,201.06,1486.6,0,45.3,5,55.1,847,DEV-AB45A,0
TRX-54429,35.5,Beleza,Cartao_Credito,Mobile,140.63,1267.0,1,157.1,3,-58.94,761,DEV-DA69C,0
TRX-54430,32.4,Vestuario,Boleto,Mobile,394.96,1659.0,1,144.8,7,-64.64,348,DEV-3BB84,0
TRX-54431,37.7,Eletronicos,Cartao_Credito,Desktop,1453.02,1313.9,0,82.9,6,87.72,621,DEV-99B77,0
TRX-54432,22.5,Eletronicos,Cartao_Credito,Desktop,227.54,1589.3,0,393.8,4,105.26,281,DEV-8BA87,0
TRX-54433,35.2,Beleza,Cartao_Credito,Mobile,402.16,491.9,0,9.8,5,-160.17,205,DEV-4E302,0
TRX-54434,31.2,Games,Cartao_Credito,Desktop,2325.24,441.5,1,228.2,3,36.15,893,DEV-E1ECF,1
TRX-54435,59.8,Vestuario,Boleto,Mobile,386.69,1031.4,2,48.3,3,26.58,169,DEV-D3053,0
TRX-54436,16.5,eletronicos,Boleto,Mobile,852.37,630.9,2,359.9,5,37.31,590,DEV-D917B,0
TRX-54437,34.5,Beleza,Boleto,Mobile,203.2,1209.6,0,70.2,3,91.45,777,DEV-BD5DA,0
TRX-54438,40.7,Eletronicos,Pix,Mobile,805.38,1753.7,1,29.2,1,-33.21,244,DEV-6E35E,0
TRX-54439,40.5,eletronicos,Boleto,Mobile,199.31,190.8,1,541.8,4,-64.97,606,DEV-D358B,0
TRX-54440,42.7,Games,Boleto,Desktop,2566.68,1495.3,0,71.9,3,5.39,983,DEV-E7790,1
TRX-54441,32.6,Vestuario,Cartao_Credito,Desktop,254.99,626.7,2,81.4,5,-164.97,512,DEV-C1C74,0
TRX-54442,13.6,eletronicos,Boleto,Mobile,491.96,1018.5,0,73.9,4,126.53,989,DEV-4F614,0
TRX-54443,31.0,Vestuario,Cartao_Credito,Mobile,332.15,128.3,1,142.8,2,-31.93,636,DEV-7878E,1
TRX-54444,36.0,Eletronicos,Cartao_Credito,Mobile,63.37,164.3,1,534.7,4,177.26,582,DEV-2C677,0
TRX-54445,41.2,Vestuario,Boleto,Mobile,1607.15,1646.2,1,20.0,4,187.83,554,DEV-E4AFC,0
TRX-54446,38.7,Vestuario,Cartao_Credito,Mobile,745.54,339.8,0,164.2,4,-246.77,910,DEV-A2DAE,0
TRX-54447,31.6,Vestuario,Cartao_Credito,Mobile,1373.33,845.6,0,2.3,3,0.4,185,DEV-3BAA4,0
TRX-54448,35.7,Beleza,Cartao_Credito,Mobile,396.49,987.1,0,223.1,6,60.72,826,DEV-9CA28,0
TRX-54449,45.4, ELETRONICOS ,Boleto,Desktop,1672.07,804.8,1,53.3,6,-19.33,313,DEV-8F25C,0
TRX-54450,31.1,Eletronicos,Pix,Mobile,1072.2,1058.5,0,473.3,1,-38.55,371,DEV-33179,0
TRX-54451,40.6,Games,Cartao_Credito,Mobile,842.75,1355.2,1,79.6,0,245.69,825,DEV-4EC04,0
TRX-54452,33.2,Eletronicos,Cartao_Credito,Tablet,238.51,817.2,2,120.5,5,79.81,493,DEV-67010,0
TRX-54453,34.2,Eletronicos,Cartao_Credito,Mobile,477.99,668.5,0,168.1,3,39.0,410,DEV-2F923,0
TRX-54454,, ELETRONICOS ,Cartao_Credito,Mobile,593.21,466.8,1,31.9,5,69.42,338,DEV-632E3,0
TRX-54455,21.8, ELETRONICOS ,Cartao_Credito,Desktop,122.78,167.1,0,111.5,6,158.38,416,DEV-23091,0
TRX-54456,23.1,Vestuario,Voucher,SmartTV,943.57,921.7,0,60.1,5,-78.16,674,DEV-EB987,0
TRX-54457,25.9,eletronicos,Boleto,Desktop,,53.0,3,126.8,6,126.29,875,DEV-37279,0
TRX-54458,999.0,Eletronicos,Boleto,Mobile,274.07,1697.0,1,16.7,3,61.12,725,DEV-A7934,0
TRX-54459,29.8, ELETRONICOS ,Voucher,Mobile,769.8,72.7,1,78.1,3,-27.0,499,DEV-31F03,0
TRX-54460,26.2, ELETRONICOS ,Pix,Desktop,1097.93,663.9,0,23.4,4,54.25,855,DEV-2152D,0
TRX-54461,44.5,eletronicos,Cartao_Credito,Mobile,98.19,486.9,0,75.6,7,151.4,273,DEV-BBC11,0
TRX-54462,33.1,eletronicos,Pix,Mobile,37.55,19.7,1,903.2,3,23.19,833,DEV-B797B,1
TRX-54463,25.8,Vestuario,Boleto,Desktop,741.34,1105.8,0,50.8,2,64.46,279,DEV-297CB,0
TRX-54464,38.9,Eletronicos,Boleto,Mobile,463.43,261.0,0,37.7,1,215.16,963,DEV-ED40D,0
TRX-54465,52.1,Eletronicos,Boleto,SmartTV,722.63,1457.6,1,250.3,4,-93.58,372,DEV-9F579,0
TRX-54466,46.0, ELETRONICOS ,Cartao_Credito,Mobile,689.25,1033.9,1,72.6,5,-55.25,476,DEV-EE2B8,0
TRX-54467,23.5, ELETRONICOS ,Pix,Desktop,4428.39,1763.5,1,192.2,2,29.1,498,DEV-EBF14,1
TRX-54468,29.8,Vestuario,Boleto,Desktop,705.82,1448.7,1,354.8,2,21.88,581,DEV-A70BA,1
TRX-54469,32.8, ELETRONICOS ,Cartao_Credito,Mobile,643.04,786.6,0,253.9,4,185.04,424,DEV-5C8E3,0
TRX-54470,37.1,Eletronicos,Cartao_Credito,Tablet,,1651.3,0,193.3,0,159.46,576,DEV-B24C5,0
TRX-54471,36.2,Vestuario,Cartao_Credito,Mobile,736.64,1775.0,0,300.9,3,-178.31,126,DEV-9F6D8,0
TRX-54472,37.7, ELETRONICOS ,Cartao_Credito,Tablet,,1055.2,1,340.0,3,63.23,439,DEV-9027E,0
TRX-54473,53.1,Games,Pix,Mobile,2277.15,1043.0,1,16.0,3,-89.58,499,DEV-9194C,1
TRX-54474,30.1,Beleza,Pix,Desktop,2016.01,370.4,0,78.4,2,256.45,634,DEV-42D46,1
TRX-54475,30.2,Games,Boleto,Mobile,,1452.1,0,589.5,6,85.92,588,DEV-D5DAD,0
TRX-54476,,Eletronicos,Boleto,Mobile,1184.46,1668.1,1,108.8,1,52.64,950,DEV-538E9,0
TRX-54477,36.0,eletronicos,Cartao_Credito,Mobile,1854.1,634.0,0,62.4,1,10.69,571,DEV-40CD8,1
TRX-54478,27.6,Beleza,Pix,Mobile,232.67,509.6,1,144.8,3,-5.0,272,DEV-4A5DB,1
TRX-54479,25.5,Beleza,Boleto,Mobile,230.34,1616.5,1,214.7,2,-318.1,271,DEV-E639F,0
TRX-54480,44.8, ELETRONICOS ,Boleto,Desktop,23.37,153.2,0,120.0,6,72.13,537,DEV-3162F,0
TRX-54481,47.7,Eletronicos,Cartao_Credito,Mobile,67.21,174.3,1,62.2,4,44.52,683,DEV-C7280,0
TRX-54482,42.9,Beleza,Cartao_Credito,Mobile,171.32,1695.7,0,146.3,5,14.74,515,DEV-D9EC1,0
TRX-54483,38.5,eletronicos,Voucher,Tablet,942.08,1213.6,0,44.2,5,-17.18,641,DEV-DD175,0
TRX-54484,, ELETRONICOS ,Cartao_Credito,Mobile,639.94,979.8,0,68.2,4,-54.73,613,DEV-45EFB,0
TRX-54485,47.9,Beleza,Cartao_Credito,Mobile,796.83,1754.5,2,178.8,6,87.89,184,DEV-CCC1B,0
TRX-54486,41.2,Eletronicos,Pix,Mobile,329.52,163.5,0,416.7,0,15.71,724,DEV-75C99,1
TRX-54487,24.2,Eletronicos,Voucher,Mobile,991.24,1275.2,0,140.4,2,-110.39,873,DEV-D7AC9,0
TRX-54488,38.2,Eletronicos,Boleto,Mobile,134.02,823.2,0,125.0,1,191.0,328,DEV-38D56,0
TRX-54489,35.3,Beleza,Cartao_Credito,Desktop,65.26,1192.7,0,158.8,6,-190.18,654,DEV-E9FA0,0
TRX-54490,30.4,Eletronicos,Cartao_Credito,Mobile,1476.71,317.7,0,199.5,9,46.48,282,DEV-5F853,0
TRX-54491,39.0, ELETRONICOS ,Cartao_Credito,Tablet,429.79,1036.7,1,157.1,5,53.72,647,DEV-6FC04,0
TRX-54492,33.4,Vestuario,Cartao_Credito,Mobile,311.22,1504.7,2,97.4,2,53.37,182,DEV-E1ECB,0
TRX-54493,23.6,Eletronicos,Cartao_Credito,Mobile,595.26,1727.3,1,115.0,5,143.74,680,DEV-551DC,0
TRX-54494,36.4, ELETRONICOS ,Boleto,Tablet,594.3,379.9,4,111.0,2,-145.42,303,DEV-35AFE,1
TRX-54495,33.9,Beleza,Boleto,Tablet,357.34,1777.4,1,130.8,4,-97.84,111,DEV-75E31,0
TRX-54496,26.9,Vestuario,Cartao_Credito,Desktop,202.02,682.0,1,308.7,8,-186.73,492,DEV-39E73,0
TRX-54497,35.4,Eletronicos,Boleto,Desktop,208.14,1344.3,0,102.9,3,36.88,789,DEV-700F4,0
TRX-54498,53.9,eletronicos,Pix,Mobile,359.45,1086.6,2,94.1,4,20.63,267,DEV-EB386,0
TRX-54499,43.8,Beleza,Boleto,Mobile,1335.19,359.0,1,553.4,1,66.38,939,DEV-E8F35,1
TRX-54500,42.3,eletronicos,Pix,Desktop,2040.21,939.0,1,35.7,2,190.52,780,DEV-C33E5,1
TRX-54501,41.5,eletronicos,Boleto,Desktop,963.85,977.2,1,365.7,1,-100.49,542,DEV-496FB,1
TRX-54502,22.2,Beleza,Cartao_Credito,Tablet,820.09,1019.5,0,16.9,4,67.2,688,DEV-5721C,0
TRX-54503,51.0,Eletronicos,Boleto,Mobile,1588.06,395.0,1,36.3,4,-190.74,921,DEV-D448C,1
TRX-54504,38.4, ELETRONICOS ,Boleto,Desktop,85.39,1609.4,1,55.6,5,-78.51,898,DEV-A825C,0
TRX-54505,31.9,Games,Voucher,Mobile,622.47,248.8,0,3.6,2,67.05,762,DEV-D89B0,0
TRX-54506,35.0,Beleza,Cartao_Credito,Desktop,142.34,1366.3,0,1.1,4,77.13,170,DEV-D5438,0
TRX-54507,19.1,Eletronicos,Cartao_Credito,Desktop,463.17,530.8,0,88.1,2,-23.33,118,DEV-57C62,0
TRX-54508,38.3,Vestuario,Boleto,Desktop,241.67,102.4,0,34.7,4,39.94,701,DEV-AD730,0
TRX-54509,51.1,Eletronicos,Cartao_Credito,Mobile,117.23,1477.8,1,143.5,8,-34.41,127,DEV-5068C,0
TRX-54510,39.4,Beleza,Cartao_Credito,Desktop,1556.68,1676.1,1,66.6,6,-105.91,900,DEV-89CDB,0
TRX-54511,27.5,Beleza,Voucher,Desktop,174.85,996.4,1,51.9,3,37.9,443,DEV-CE34B,0
TRX-54512,54.1,Beleza,Cartao_Credito,Mobile,2563.87,1450.1,2,27.9,6,44.82,694,DEV-3F79B,0
TRX-54513,20.6,Eletronicos,Cartao_Credito,Mobile,30.74,1524.1,1,77.6,2,-15.4,709,DEV-DED62,0
TRX-54514,23.2,Games,Cartao_Credito,Desktop,1268.29,1217.7,0,442.2,0,76.4,966,DEV-DC7D2,1
TRX-54515,29.9,Beleza,Cartao_Credito,Mobile,1934.46,622.0,0,128.2,6,168.06,313,DEV-D7E5A,0
TRX-54516,49.1, ELETRONICOS ,Cartao_Credito,Tablet,431.66,1320.3,0,59.6,0,30.8,375,DEV-C5570,0
TRX-54517,37.2,eletronicos,Cartao_Credito,Tablet,1010.72,1755.4,0,73.4,3,-1.26,769,DEV-83A51,0
TRX-54518,41.2,Beleza,Cartao_Credito,Desktop,127.63,200.5,1,443.5,2,153.91,938,DEV-3C0E8,1
TRX-54519,23.5,Games,Voucher,Mobile,911.11,789.9,0,10.6,1,73.23,385,DEV-3C005,0
TRX-54520,60.4,Games,Boleto,Mobile,65.21,1285.4,0,89.6,2,135.48,332,DEV-D00A7,0
TRX-54521,19.5,Vestuario,Boleto,Desktop,1594.39,206.5,0,543.0,3,53.76,686,DEV-350CF,1
TRX-54522,22.5,eletronicos,Cartao_Credito,Mobile,1108.44,638.1,1,58.4,3,-67.88,753,DEV-C0A10,0
TRX-54523,15.1,Eletronicos,Pix,Mobile,1467.36,954.7,0,27.1,3,14.09,249,DEV-B45B2,1
TRX-54524,58.4, ELETRONICOS ,Cartao_Credito,Mobile,470.46,796.1,0,294.2,4,189.87,946,DEV-25545,0
TRX-54525,43.4,Eletronicos,Cartao_Credito,Desktop,943.0,1467.3,0,62.5,2,79.19,853,DEV-7DD39,0
TRX-54526,54.9,Vestuario,Boleto,Desktop,2317.73,768.6,0,177.0,0,135.57,599,DEV-ECA0E,1
TRX-54527,37.7, ELETRONICOS ,Cartao_Credito,Mobile,1312.72,469.9,2,23.6,5,37.21,759,DEV-A47B6,1
TRX-54528,35.6, ELETRONICOS ,Boleto,Mobile,259.58,1732.2,1,3.0,2,201.51,386,DEV-BA4D6,0
TRX-54529,28.9,Eletronicos,Pix,Mobile,579.74,1376.3,1,448.4,2,40.35,343,DEV-C7196,1
TRX-54530,27.3,Eletronicos,Cartao_Credito,Mobile,339.43,1378.2,0,26.4,3,-214.28,802,DEV-F3ADE,0
TRX-54531,35.5,Beleza,Voucher,SmartTV,1124.72,86.9,1,226.0,3,35.19,326,DEV-E3316,1
TRX-54532,46.1,eletronicos,Boleto,Mobile,2647.68,847.9,0,222.2,3,213.53,919,DEV-33101,1
TRX-54533,,Games,Cartao_Credito,Mobile,2331.17,891.6,1,28.5,5,219.28,972,DEV-A6834,1
TRX-54534,28.3,Eletronicos,Cartao_Credito,Desktop,622.4,1625.6,2,152.0,7,192.36,245,DEV-E1454,0
TRX-54535,43.4,Games,Boleto,Desktop,199.7,255.0,2,157.7,5,-29.18,116,DEV-2686E,0
TRX-54536,61.9,Vestuario,Cartao_Credito,Desktop,85.96,851.2,2,15.1,3,2.16,781,DEV-68B67,0
TRX-54537,42.2,Vestuario,Cartao_Credito,Mobile,1726.17,1430.7,0,26.2,4,58.14,897,DEV-2F90F,1
TRX-54538,43.4,Games,Boleto,Mobile,511.88,1189.0,0,69.0,3,-16.25,402,DEV-9A433,0
TRX-54539,37.9,Eletronicos,Cartao_Credito,Mobile,1812.59,881.1,0,14.5,5,189.3,346,DEV-27782,0
TRX-54540,32.0,Vestuario,Cartao_Credito,Mobile,1775.9,857.6,1,265.9,4,86.92,782,DEV-4E18E,1
TRX-54541,48.5,Beleza,Cartao_Credito,Mobile,451.77,295.2,2,185.4,4,-41.3,322,DEV-4B19F,0
TRX-54542,60.2,Beleza,Pix,Desktop,353.76,886.0,1,3.5,2,150.05,798,DEV-D9DC7,0
TRX-54543,37.4,Vestuario,Pix,Mobile,1670.66,1332.8,1,167.6,6,-5.03,720,DEV-EF847,0
TRX-54544,32.8,Eletronicos,Cartao_Credito,Tablet,249.25,1711.5,0,136.5,3,161.36,734,DEV-CF07A,0
TRX-54545,33.3,Eletronicos,Cartao_Credito,Mobile,334.52,1532.6,1,197.9,4,-42.29,555,DEV-8552C,0
TRX-54546,41.5, ELETRONICOS ,Boleto,Mobile,1158.7,1021.9,0,367.8,2,177.63,628,DEV-1A7CD,1
TRX-54547,27.3,Eletronicos,Cartao_Credito,Desktop,348.58,708.3,1,81.2,1,-121.89,882,DEV-EA43F,0
TRX-54548,52.2,Games,Boleto,Mobile,193.43,333.2,2,126.3,8,-145.01,522,DEV-7E468,1
TRX-54549,26.7, ELETRONICOS ,Boleto,Mobile,108.72,1465.8,0,60.7,3,-62.22,710,DEV-6FDED,0
TRX-54550,49.7,Vestuario,Boleto,Mobile,252.23,1500.6,0,334.2,4,6.16,895,DEV-757CA,0
TRX-54551,30.2,eletronicos,Boleto,Mobile,315.11,1018.4,0,379.2,0,86.87,641,DEV-3DFFF,1
TRX-54552,29.7,Eletronicos,Cartao_Credito,Mobile,164.76,1419.2,1,141.3,3,-137.87,111,DEV-26F82,0
TRX-54553,38.9,Beleza,Cartao_Credito,Mobile,388.89,1590.0,0,355.9,4,-96.37,868,DEV-A35A0,0
TRX-54554,31.4, ELETRONICOS ,Cartao_Credito,Mobile,377.13,1154.8,0,27.4,3,-61.01,799,DEV-CB70B,0
TRX-54555,,Vestuario,Cartao_Credito,Desktop,221.35,975.5,1,68.3,4,41.56,994,DEV-5F333,0
TRX-54556,48.2,Beleza,Cartao_Credito,Mobile,495.66,419.7,2,181.6,3,-100.03,541,DEV-A4DFD,1
TRX-54557,55.2,Beleza,Cartao_Credito,Mobile,262.82,1107.3,0,195.3,4,90.01,282,DEV-83916,0
TRX-54558,25.0,Eletronicos,Voucher,Tablet,1836.9,372.0,1,120.6,2,103.89,608,DEV-43F2F,1
TRX-54559,33.7,Beleza,Boleto,Desktop,865.69,405.3,0,77.8,5,-148.53,394,DEV-9B21B,0
TRX-54560,40.0,Eletronicos,Cartao_Credito,Mobile,38.09,155.6,1,139.5,6,342.23,990,DEV-CF32C,0
TRX-54561,35.7,Vestuario,Cartao_Credito,Desktop,2537.53,935.7,0,35.9,1,143.69,307,DEV-D194F,1
TRX-54562,43.8,Eletronicos,Cartao_Credito,Mobile,736.48,77.9,0,189.3,1,48.69,103,DEV-BC477,1
TRX-54563,33.7, ELETRONICOS ,Boleto,Mobile,,554.8,0,302.1,3,137.84,931,DEV-5E457,0
TRX-54564,31.7,Vestuario,Pix,Mobile,98.41,12.2,0,34.4,2,146.95,339,DEV-F17A6,0
TRX-54565,35.7,Eletronicos,Cartao_Credito,Mobile,568.3,1292.4,1,13.5,3,50.08,451,DEV-B46C7,0
TRX-54566,33.7,Games,Boleto,Tablet,591.54,304.7,0,91.7,1,-252.91,100,DEV-D4FD1,1
TRX-54567,49.7,Games,Cartao_Credito,Tablet,96.33,1316.7,0,59.6,1,-137.9,628,DEV-2A1D8,0
TRX-54568,38.2, ELETRONICOS ,Cartao_Credito,Desktop,328.79,963.5,0,76.9,3,-11.34,780,DEV-5767A,0
TRX-54569,41.1,Beleza,Cartao_Credito,Mobile,2737.77,1771.6,0,262.3,3,215.16,147,DEV-DE94B,1
TRX-54570,,Eletronicos,Pix,Desktop,358.73,1757.0,2,537.5,6,-19.49,970,DEV-86D1A,1
TRX-54571,32.4,Eletronicos,Pix,Mobile,369.53,507.0,2,11.9,3,-247.57,293,DEV-C38A8,0
TRX-54572,24.3,Beleza,Cartao_Credito,Mobile,1068.57,1736.1,0,1.8,4,-41.3,870,DEV-26015,0
TRX-54573,43.4, ELETRONICOS ,Boleto,Desktop,809.24,1314.3,0,143.8,5,-33.11,410,DEV-61801,0
TRX-54574,30.1,Vestuario,Pix,Mobile,554.41,894.2,0,175.4,2,-130.12,231,DEV-30D35,0
TRX-54575,47.0,Games,Boleto,Mobile,2327.11,353.8,0,53.2,2,154.42,134,DEV-695FE,1
TRX-54576,25.7,Games,Cartao_Credito,Mobile,206.36,1729.3,0,139.4,3,71.69,925,DEV-9E73F,0
TRX-54577,23.4,Beleza,Pix,Mobile,249.35,665.5,1,11.9,2,-179.26,961,DEV-7E851,0
TRX-54578,47.8, ELETRONICOS ,Cartao_Credito,Mobile,93.8,427.6,0,204.6,4,137.95,348,DEV-39368,0
TRX-54579,53.8,Beleza,Cartao_Credito,Mobile,162.16,616.1,2,242.5,8,59.54,341,DEV-413F0,0
TRX-54580,33.7,Vestuario,Cartao_Credito,Mobile,678.54,447.8,3,25.9,6,212.85,522,DEV-4C712,1
TRX-54581,45.4,Beleza,Boleto,Tablet,91.06,1521.0,0,100.3,3,123.3,669,DEV-8036A,0
TRX-54582,50.9,Beleza,Pix,Desktop,403.39,1646.7,0,30.0,4,-66.16,230,DEV-2FC9E,0
TRX-54583,40.5,Vestuario,Pix,Mobile,107.91,1375.1,0,99.9,3,73.26,688,DEV-69C11,0
TRX-54584,33.1,eletronicos,Pix,Desktop,826.5,1023.5,1,138.1,2,-75.12,289,DEV-C81F5,0
TRX-54585,41.3,Beleza,Cartao_Credito,Mobile,141.74,114.3,0,30.8,3,53.69,460,DEV-21054,0
TRX-54586,36.1,Vestuario,Cartao_Credito,Desktop,382.72,1100.7,0,106.0,6,20.28,239,DEV-6FC21,0
TRX-54587,62.5,Vestuario,Voucher,Mobile,858.91,856.6,0,142.3,6,233.89,989,DEV-5CF5B,0
TRX-54588,32.0,Eletronicos,Cartao_Credito,Desktop,70.9,1420.7,1,93.2,4,-45.2,975,DEV-8B82E,0
TRX-54589,48.6,Eletronicos,Boleto,Desktop,1010.3,610.2,1,134.6,2,-193.05,127,DEV-60065,0
TRX-54590,34.8, ELETRONICOS ,Cartao_Credito,Desktop,723.57,1167.8,0,171.6,4,-32.85,145,DEV-35A27,0
TRX-54591,33.2,Vestuario,Cartao_Credito,Mobile,419.02,919.7,1,58.7,4,-42.99,529,DEV-8D425,0
TRX-54592,26.0,Games,Cartao_Credito,Mobile,,498.5,1,156.4,5,115.69,913,DEV-B9300,0
TRX-54593,22.9,Vestuario,Pix,Desktop,257.53,187.1,1,491.3,1,-78.17,210,DEV-41251,1
TRX-54594,50.2, ELETRONICOS ,Pix,Mobile,1234.55,1213.8,0,53.3,3,58.46,717,DEV-EB170,0
TRX-54595,38.1, ELETRONICOS ,Cartao_Credito,Desktop,67.44,763.1,1,36.9,5,184.12,517,DEV-5EAAE,0
TRX-54596,25.2,eletronicos,Cartao_Credito,Mobile,1855.67,437.4,0,47.2,4,-80.39,561,DEV-1B19D,1
TRX-54597,35.0, ELETRONICOS ,Pix,Mobile,35.75,1664.7,2,123.8,2,11.46,396,DEV-E387C,0
TRX-54598,39.2,Eletronicos,Cartao_Credito,Mobile,186.48,895.0,3,111.5,5,205.93,516,DEV-9B1EE,0
TRX-54599,41.8,Eletronicos,Cartao_Credito,Mobile,168.53,1032.2,0,103.8,10,-63.04,624,DEV-D9F26,0
TRX-54600,31.1,Beleza,Cartao_Credito,Mobile,26.67,959.3,0,59.7,1,-62.63,913,DEV-5E6D6,0
TRX-54601,27.6, ELETRONICOS ,Pix,Mobile,1676.62,139.9,1,3.0,4,-256.67,167,DEV-D17C0,0
TRX-54602,23.3, ELETRONICOS ,Voucher,Desktop,324.14,807.6,2,90.5,5,183.22,427,DEV-86710,0
TRX-54603,41.9,Vestuario,Cartao_Credito,Mobile,1182.35,1062.6,1,41.7,8,104.03,584,DEV-3418C,0
TRX-54604,33.3, ELETRONICOS ,Boleto,Desktop,1779.01,879.4,2,148.1,7,107.82,660,DEV-BCB4F,1
TRX-54605,24.0,Eletronicos,Voucher,Desktop,786.63,968.1,1,17.1,4,-72.75,320,DEV-E49BA,0
TRX-54606,27.6, ELETRONICOS ,Boleto,Mobile,,588.6,0,251.6,7,145.54,669,DEV-7E423,0
TRX-54607,33.7, ELETRONICOS ,Cartao_Credito,Mobile,167.59,1583.8,0,183.0,2,54.49,890,DEV-D89F2,0
TRX-54608,52.2,Vestuario,Boleto,Mobile,172.35,782.3,1,100.3,6,-88.54,352,DEV-E6DF8,0
TRX-54609,35.2,Eletronicos,Cartao_Credito,Desktop,390.2,417.2,0,327.8,4,18.07,272,DEV-A499D,0
TRX-54610,43.1,Vestuario,Boleto,SmartTV,1287.56,1314.1,0,46.5,5,20.86,216,DEV-A4BD1,0
TRX-54611,35.4,Eletronicos,Boleto,Desktop,727.46,425.5,0,57.4,6,13.39,989,DEV-DBF32,0
TRX-54612,34.4,Beleza,Boleto,Mobile,905.13,1709.3,1,46.0,5,76.18,980,DEV-6D2D7,0
TRX-54613,54.3,Eletronicos,Pix,Desktop,3812.08,191.2,0,59.4,5,-11.19,163,DEV-3A192,1
TRX-54614,51.3,Games,Pix,Mobile,460.24,771.0,0,188.0,5,145.83,919,DEV-D9189,0
TRX-54615,26.4,eletronicos,Pix,Mobile,361.46,1578.4,0,10.3,4,111.92,621,DEV-CF116,0
TRX-54616,51.6, ELETRONICOS ,Boleto,Desktop,725.65,1683.7,0,91.5,1,-6.78,724,DEV-90314,0
TRX-54617,43.9,eletronicos,Boleto,Desktop,432.02,1058.3,0,368.8,3,-96.02,127,DEV-2C111,0
TRX-54618,35.4,Vestuario,Cartao_Credito,Mobile,1088.5,1215.2,1,3.1,5,-73.16,599,DEV-AF9C2,0
TRX-54619,32.1,Eletronicos,Cartao_Credito,Desktop,59.81,66.6,2,147.1,1,43.69,600,DEV-8BB8F,0
TRX-54620,32.3,Eletronicos,Boleto,Mobile,1204.43,791.4,0,16.3,1,-164.64,786,DEV-9C2E9,0
TRX-54621,27.8,Beleza,Cartao_Credito,SmartTV,,928.4,3,123.3,1,-52.56,671,DEV-3989F,1
TRX-54622,34.1,Games,Cartao_Credito,Mobile,811.16,900.3,1,175.0,9,83.83,457,DEV-303FE,0
TRX-54623,40.6,Eletronicos,Cartao_Credito,Desktop,147.29,1262.1,1,164.8,3,-76.81,690,DEV-8E06B,0
TRX-54624,39.2,Vestuario,Cartao_Credito,Desktop,739.47,716.1,0,7.0,1,90.86,250,DEV-51316,0
TRX-54625,21.3,Games,Cartao_Credito,Desktop,66.78,1250.6,0,214.1,0,149.61,358,DEV-73816,0
TRX-54626,41.8,Eletronicos,Cartao_Credito,Desktop,24.64,940.6,2,195.8,2,-46.98,635,DEV-A59BD,0
TRX-54627,28.6, ELETRONICOS ,Cartao_Credito,Mobile,566.61,178.1,0,352.2,2,-14.17,751,DEV-E64D5,1
TRX-54628,44.3,Beleza,Cartao_Credito,Tablet,712.59,573.8,1,91.8,2,3.39,614,DEV-65F79,0
TRX-54629,17.0,Beleza,Pix,Mobile,740.11,902.8,1,195.4,2,10.06,180,DEV-57F13,0
TRX-54630,22.7,Vestuario,Cartao_Credito,Mobile,712.54,798.3,0,540.5,1,47.46,651,DEV-8AE40,1
TRX-54631,41.9,Beleza,Cartao_Credito,Desktop,157.1,1198.9,0,200.3,1,-276.05,810,DEV-31972,0
TRX-54632,53.6,Eletronicos,Pix,Mobile,385.58,878.2,1,38.3,4,131.21,891,DEV-96133,0
TRX-54633,37.5,Eletronicos,Cartao_Credito,Mobile,925.81,713.5,0,53.7,1,-7.76,202,DEV-92714,0
TRX-54634,22.3,Eletronicos,Cartao_Credito,SmartTV,1526.74,441.3,0,305.3,4,134.83,448,DEV-A8988,1
TRX-54635,53.1, ELETRONICOS ,Cartao_Credito,Mobile,284.46,284.9,1,89.6,5,26.12,215,DEV-E8C9F,0
TRX-54636,39.1, ELETRONICOS ,Cartao_Credito,Mobile,387.79,167.4,0,316.7,2,-74.71,407,DEV-886DD,0
TRX-54637,41.7,Eletronicos,Cartao_Credito,Mobile,35.99,1673.8,2,39.5,8,122.31,538,DEV-8ADBD,0
TRX-54638,40.5,Games,Cartao_Credito,SmartTV,725.08,1646.2,2,70.1,1,-142.39,715,DEV-C8CFB,1
TRX-54639,39.1,Eletronicos,Cartao_Credito,Mobile,207.64,848.1,0,44.4,2,-166.8,650,DEV-C7EFF,0
TRX-54640,48.5,Beleza,Pix,Mobile,830.19,277.9,0,147.6,1,22.08,944,DEV-743E1,0
TRX-54641,47.6,Beleza,Cartao_Credito,Mobile,1790.12,1503.2,0,327.0,3,9.93,956,DEV-EA58E,1
TRX-54642,42.4, ELETRONICOS ,Pix,Desktop,85.59,840.5,0,115.4,4,84.73,347,DEV-CCBF7,0
TRX-54643,26.1,eletronicos,Cartao_Credito,Mobile,663.19,801.6,0,213.7,7,222.42,399,DEV-E0174,0
TRX-54644,49.4,Games,Boleto,Desktop,491.62,163.8,2,120.1,3,-97.01,870,DEV-791E7,1
TRX-54645,41.4,Eletronicos,Cartao_Credito,Mobile,,873.5,1,119.9,4,91.81,679,DEV-C75AC,1
TRX-54646,50.1,Eletronicos,Cartao_Credito,Desktop,77.72,91.6,1,258.9,2,-13.03,599,DEV-6051D,1
TRX-54647,,Eletronicos,Cartao_Credito,Mobile,4316.12,642.5,0,14.8,1,-192.29,292,DEV-53A8E,1
TRX-54648,30.1,Beleza,Pix,Mobile,412.09,570.6,1,143.5,0,119.24,790,DEV-55B3A,0
TRX-54649,47.2,Eletronicos,Cartao_Credito,Mobile,215.73,719.9,0,109.3,4,89.09,408,DEV-8E3CD,0
TRX-54650,32.9,eletronicos,Cartao_Credito,Mobile,406.02,514.5,0,39.6,7,-16.73,241,DEV-CF272,0
TRX-54651,30.1,Eletronicos,Cartao_Credito,Desktop,181.95,1285.1,0,54.3,3,285.98,717,DEV-E255A,0
TRX-54652,39.0,Games,Cartao_Credito,Desktop,727.16,1569.0,0,523.9,6,-88.77,761,DEV-3CE69,0
TRX-54653,34.6,Beleza,Cartao_Credito,Mobile,1090.34,669.8,2,250.8,4,121.02,601,DEV-E17C9,1
TRX-54654,38.4,Vestuario,Cartao_Credito,Mobile,139.85,28.3,1,93.6,4,54.29,589,DEV-26D97,0
TRX-54655,35.9,Games,Cartao_Credito,Mobile,176.05,1685.9,0,185.5,4,-73.23,492,DEV-31DCE,0
TRX-54656,24.7,Eletronicos,Cartao_Credito,SmartTV,59.86,884.9,0,109.9,4,197.7,184,DEV-485D9,0
TRX-54657,39.1,Eletronicos,Cartao_Credito,Desktop,403.56,1148.2,1,23.7,3,136.08,419,DEV-680DE,0
TRX-54658,28.0,Beleza,Cartao_Credito,Mobile,87.02,418.5,0,282.1,3,-81.05,520,DEV-63E1D,1
TRX-54659,48.1,Eletronicos,Cartao_Credito,Desktop,,1425.6,1,71.9,2,-5.99,372,DEV-6648C,1
TRX-54660,20.6,Vestuario,Voucher,Mobile,1560.33,123.0,3,316.9,1,22.36,636,DEV-80A32,1
TRX-54661,41.9,Vestuario,Cartao_Credito,Tablet,533.34,1169.8,0,15.4,2,-39.17,358,DEV-547E3,0
TRX-54662,31.5, ELETRONICOS ,Cartao_Credito,Tablet,159.33,285.9,1,102.2,4,-151.25,178,DEV-A688E,0
TRX-54663,38.4,Vestuario,Pix,Desktop,114.49,295.6,0,292.2,2,-125.08,401,DEV-4A20B,1
TRX-54664,26.7,Eletronicos,Boleto,Mobile,639.08,1701.3,0,843.8,1,-256.56,888,DEV-3DC1E,1
TRX-54665,37.4, ELETRONICOS ,Cartao_Credito,SmartTV,603.08,41.4,0,88.4,2,-62.31,261,DEV-9A1C4,0
TRX-54666,22.7,Vestuario,Pix,Desktop,244.12,1484.9,0,314.1,2,-70.7,894,DEV-826DE,0
TRX-54667,28.9,eletronicos,Cartao_Credito,Desktop,1443.04,475.0,1,159.4,1,20.39,468,DEV-893D0,1
TRX-54668,33.2,Vestuario,Cartao_Credito,Mobile,817.99,1453.5,1,8.9,4,-224.08,323,DEV-D84F7,0
TRX-54669,37.4,Vestuario,Pix,Tablet,,111.5,0,417.3,1,133.49,679,DEV-F0FE9,0
TRX-54670,41.5, ELETRONICOS ,Boleto,Mobile,86.73,814.4,0,132.0,4,-128.57,441,DEV-D269F,0
TRX-54671,24.8,Eletronicos,Boleto,Desktop,625.05,1388.0,0,351.9,4,26.17,605,DEV-CD269,0
TRX-54672,43.5,eletronicos,Cartao_Credito,Mobile,1345.79,668.5,0,213.7,4,-53.97,936,DEV-975CE,1
TRX-54673,26.1,Eletronicos,Boleto,Desktop,337.45,867.1,0,668.0,3,46.52,768,DEV-84667,1
TRX-54674,40.7,eletronicos,Cartao_Credito,Desktop,2433.21,1576.5,1,380.6,0,-117.83,631,DEV-C45C8,1
TRX-54675,26.0, ELETRONICOS ,Cartao_Credito,Desktop,25.06,929.0,1,248.7,4,146.81,479,DEV-1EFB4,0
TRX-54676,31.6,Eletronicos,Cartao_Credito,Mobile,173.99,65.6,3,193.5,2,20.1,324,DEV-7C299,1
TRX-54677,35.7,Vestuario,Pix,Mobile,820.4,883.8,0,206.0,2,-126.9,311,DEV-A56C7,1
TRX-54678,40.4,Eletronicos,Boleto,Mobile,1475.6,456.1,1,80.0,2,74.8,950,DEV-F0387,1
TRX-54679,60.0,Games,Boleto,Mobile,722.25,335.7,0,85.5,2,174.07,882,DEV-363FC,0
TRX-54680,46.1,Games,Cartao_Credito,Tablet,189.2,218.4,0,192.7,6,55.61,686,DEV-E1850,0
TRX-54681,29.8,Games,Cartao_Credito,Mobile,109.86,125.5,0,23.5,4,-126.31,424,DEV-E753D,0
TRX-54682,50.2,Vestuario,Pix,Mobile,1414.61,1496.0,2,59.3,1,-129.64,536,DEV-AF25B,0
TRX-54683,12.8,Eletronicos,Voucher,Desktop,208.3,1151.4,0,29.4,6,5.55,848,DEV-3FFDC,0
TRX-54684,37.1,Games,Pix,Mobile,1500.71,1346.4,0,23.4,5,46.42,171,DEV-BBE77,0
TRX-54685,39.0,Eletronicos,Cartao_Credito,Mobile,1028.34,1649.0,1,333.4,3,0.68,489,DEV-2675E,0
TRX-54686,41.1,Vestuario,Cartao_Credito,Desktop,,67.6,0,59.3,6,179.37,142,DEV-7B311,0
TRX-54687,26.2,Eletronicos,Cartao_Credito,Desktop,251.85,1331.1,0,51.1,5,-107.18,622,DEV-A59B7,0
TRX-54688,35.1,Beleza,Cartao_Credito,Desktop,273.25,1746.2,1,62.5,4,17.41,773,DEV-BC700,0
TRX-54689,23.8,eletronicos,Pix,Mobile,216.96,899.4,1,143.5,3,-55.18,253,DEV-23264,1
TRX-54690,25.7,Eletronicos,Cartao_Credito,Mobile,152.23,1434.5,0,3.3,3,13.05,803,DEV-E5518,0
TRX-54691,9.6,Eletronicos,Pix,Mobile,183.82,1033.0,1,214.9,3,-16.01,580,DEV-5797E,0
TRX-54692,39.6,Beleza,Cartao_Credito,Desktop,844.98,1177.3,1,29.6,5,-78.45,615,DEV-1EB37,0
TRX-54693,28.7,Eletronicos,Pix,Desktop,666.78,692.5,0,247.2,6,170.56,574,DEV-C58C5,0
TRX-54694,49.2,Vestuario,Cartao_Credito,Mobile,556.26,261.8,2,202.0,3,-157.78,573,DEV-C77E0,1
TRX-54695,40.5,Games,Voucher,Mobile,814.27,285.4,1,277.1,5,-108.74,869,DEV-A7E30,1
TRX-54696,34.0, ELETRONICOS ,Pix,Desktop,838.22,1710.6,1,915.0,0,37.48,169,DEV-72F71,1
TRX-54697,41.5,Eletronicos,Pix,Desktop,558.61,808.6,0,66.2,1,-94.46,383,DEV-84053,1
TRX-54698,40.2,Eletronicos,Cartao_Credito,Mobile,579.4,891.1,0,84.4,9,82.2,923,DEV-A2399,0
TRX-54699,54.4,Eletronicos,Voucher,Mobile,1056.85,1256.7,0,410.9,4,-66.73,145,DEV-975C0,0
TRX-54700,,eletronicos,Boleto,Mobile,479.59,1771.5,2,60.3,2,225.89,735,DEV-CAF1A,0
TRX-54701,26.0,Beleza,Boleto,Mobile,191.57,13.8,2,40.2,3,11.71,722,DEV-4F54E,0
TRX-54702,20.2,Vestuario,Cartao_Credito,Mobile,1579.96,1714.6,3,34.9,4,-78.02,442,DEV-61A95,1
TRX-54703,36.2,Vestuario,Pix,Mobile,419.26,106.3,2,317.4,3,39.31,614,DEV-95DD7,1
TRX-54704,36.4,eletronicos,Cartao_Credito,Mobile,964.71,626.6,0,604.8,6,115.08,187,DEV-70FD3,0
TRX-54705,10.9,Beleza,Boleto,Mobile,30.22,579.1,2,170.2,7,-101.91,115,DEV-63C74,0
TRX-54706,34.7,Beleza,Cartao_Credito,Desktop,352.4,244.3,1,55.1,8,-46.58,317,DEV-F3F18,0
TRX-54707,49.5,Eletronicos,Cartao_Credito,Desktop,307.1,223.2,0,101.6,6,-79.92,236,DEV-5FF38,0
TRX-54708,55.5,eletronicos,Boleto,Desktop,137.96,425.9,1,583.5,3,179.91,726,DEV-A8FDD,0
TRX-54709,44.3,Eletronicos,Cartao_Credito,Desktop,300.33,491.1,1,190.4,0,135.22,942,DEV-F283A,0
TRX-54710,36.9,eletronicos,Cartao_Credito,Mobile,1955.78,1774.9,0,63.0,5,-310.26,672,DEV-C88BE,0
TRX-54711,43.9,Games,Cartao_Credito,Desktop,2222.48,313.8,1,48.3,2,-104.21,346,DEV-8D7AA,1
TRX-54712,41.4,Vestuario,Cartao_Credito,Desktop,1904.47,1430.6,2,77.7,4,16.0,832,DEV-3B46E,1
TRX-54713,26.6,Eletronicos,Boleto,Mobile,2103.24,818.8,1,92.1,7,15.82,798,DEV-9B8A9,0
TRX-54714,27.2,Vestuario,Voucher,Desktop,1120.27,441.0,0,76.1,4,127.62,933,DEV-E2463,0
TRX-54715,39.6,Beleza,Cartao_Credito,Mobile,313.67,1670.9,1,3.0,2,87.38,747,DEV-2BF9D,1
TRX-54716,38.0,Vestuario,Cartao_Credito,Desktop,472.06,884.5,0,102.8,6,194.47,720,DEV-C46B8,0
TRX-54717,28.1,Eletronicos,Cartao_Credito,Mobile,,1681.2,1,379.3,7,29.56,277,DEV-A0442,0
TRX-54718,28.0,Eletronicos,Cartao_Credito,Desktop,443.23,1627.6,0,266.5,2,-13.01,271,DEV-F2A81,0
TRX-54719,34.4,Eletronicos,Cartao_Credito,Mobile,379.48,1137.6,2,187.8,1,-205.95,743,DEV-C5958,0
TRX-54720,31.6,Beleza,Boleto,Mobile,1105.99,1640.4,2,314.6,3,189.9,900,DEV-EF590,1
TRX-54721,38.8,Vestuario,Boleto,Desktop,144.93,842.4,1,297.2,2,82.21,892,DEV-8C64E,1
TRX-54722,42.8,Eletronicos,Boleto,Mobile,344.68,684.6,0,33.0,2,129.63,585,DEV-80A4E,0
TRX-54723,40.0,Beleza,Cartao_Credito,Mobile,627.91,152.5,0,75.4,2,-100.25,398,DEV-7C13E,1
TRX-54724,40.4,Eletronicos,Pix,SmartTV,825.51,1135.5,1,300.7,2,-16.1,577,DEV-37BB0,1
TRX-54725,42.2,Games,Boleto,Mobile,55.12,101.3,1,68.2,3,-311.14,982,DEV-76241,0
TRX-54726,34.8, ELETRONICOS ,Cartao_Credito,Mobile,126.84,6.2,0,35.1,1,125.18,886,DEV-EA6EE,0
TRX-54727,22.3,Eletronicos,Cartao_Credito,Mobile,216.15,1041.6,0,87.6,1,83.77,493,DEV-2AAA7,0
TRX-54728,29.9,Games,Cartao_Credito,Mobile,305.6,288.0,1,94.8,2,127.39,447,DEV-F3134,0
TRX-54729,15.0,Games,Pix,Desktop,350.11,938.2,0,101.4,2,-133.13,543,DEV-80F3A,0
TRX-54730,42.2,Games,Boleto,Tablet,119.15,1300.6,1,122.3,5,-81.89,716,DEV-45A86,0
TRX-54731,40.3,Eletronicos,Pix,Desktop,912.81,923.3,0,27.1,4,75.6,738,DEV-4B393,0
TRX-54732,32.4,Eletronicos,Pix,Mobile,114.5,1239.4,1,444.6,6,-234.6,992,DEV-276AF,0
TRX-54733,27.6,eletronicos,Boleto,Mobile,282.08,311.6,0,159.8,5,-0.78,529,DEV-73E7B,0
TRX-54734,38.1,Eletronicos,Cartao_Credito,Mobile,295.56,755.0,1,136.9,6,19.33,326,DEV-CFCC2,0
TRX-54735,44.0,eletronicos,Cartao_Credito,Desktop,321.32,11.1,0,78.4,5,80.46,401,DEV-AC956,0
TRX-54736,34.1,Beleza,Boleto,Desktop,253.55,53.0,0,450.2,1,21.25,465,DEV-E5DDC,1
TRX-54737,49.9,Eletronicos,Boleto,Mobile,79.32,909.4,0,342.5,1,59.64,714,DEV-CE3C5,1
TRX-54738,34.4,Eletronicos,Cartao_Credito,Mobile,298.74,594.5,1,299.0,4,156.86,477,DEV-32615,0
TRX-54739,39.0, ELETRONICOS ,Pix,Desktop,920.39,253.0,1,119.4,2,-116.83,497,DEV-9AE12,1
TRX-54740,33.9,Eletronicos,Pix,Mobile,1098.64,1312.4,1,76.8,4,9.1,316,DEV-F09A4,0
TRX-54741,38.3,Beleza,Boleto,Mobile,,1352.7,0,715.9,4,-70.93,341,DEV-5002F,0
TRX-54742,45.3, ELETRONICOS ,Cartao_Credito,Mobile,2021.37,34.2,0,116.7,2,-76.95,324,DEV-D78E9,1
TRX-54743,,Eletronicos,Boleto,Mobile,623.25,1677.4,1,207.2,3,-54.12,340,DEV-93939,0
TRX-54744,37.9,Eletronicos,Cartao_Credito,Desktop,152.06,910.1,1,3.9,4,2.63,216,DEV-CAB7B,0
TRX-54745,37.7, ELETRONICOS ,Pix,Desktop,950.64,397.8,1,270.3,3,85.07,567,DEV-682F1,0
TRX-54746,29.5,Beleza,Cartao_Credito,Desktop,24.32,995.3,1,265.5,1,19.2,242,DEV-81162,1
TRX-54747,31.7,Beleza,Cartao_Credito,SmartTV,494.22,1754.5,0,231.4,2,46.26,115,DEV-591CE,0
TRX-54748,47.4,Vestuario,Cartao_Credito,Desktop,1222.48,878.8,2,269.3,1,-78.09,653,DEV-354C2,1
TRX-54749,,Eletronicos,Cartao_Credito,Mobile,108.36,767.4,3,140.1,3,9.7,299,DEV-D7FCD,0
TRX-54750,42.3,Eletronicos,Pix,Desktop,647.79,511.2,1,229.1,2,69.67,843,DEV-B8A0E,0
TRX-54751,45.9,Vestuario,Boleto,Desktop,504.18,1231.0,1,103.5,1,258.05,321,DEV-C71BC,1
TRX-54752,35.0, ELETRONICOS ,Cartao_Credito,Mobile,463.21,402.3,0,228.9,2,22.21,801,DEV-65E32,1
TRX-54753,999.0,eletronicos,Cartao_Credito,Desktop,678.94,345.7,1,46.0,3,-0.68,587,DEV-AF383,0
TRX-54754,42.5,Eletronicos,Cartao_Credito,Mobile,384.01,1743.9,1,373.3,3,51.31,865,DEV-A1471,0
TRX-54755,46.3,Eletronicos,Cartao_Credito,SmartTV,251.92,1385.7,2,5.4,3,161.06,413,DEV-CB6D5,0
TRX-54756,34.7,Beleza,Pix,Mobile,988.05,765.5,0,118.6,3,128.6,444,DEV-28117,0
TRX-54757,31.2,Beleza,Boleto,SmartTV,385.14,438.5,0,144.1,4,148.29,599,DEV-29E89,0
TRX-54758,31.7,Beleza,Pix,Tablet,463.95,188.4,1,181.4,10,128.87,577,DEV-7AA08,0
TRX-54759,47.4,Beleza,Cartao_Credito,Mobile,216.64,590.6,0,30.5,1,82.72,975,DEV-B36E0,0
TRX-54760,33.6,Beleza,Cartao_Credito,Mobile,225.0,1135.8,1,2.9,3,-61.58,344,DEV-E1284,0
TRX-54761,33.6, ELETRONICOS ,Voucher,Desktop,821.99,755.5,0,116.7,2,-53.94,235,DEV-83AC1,0
TRX-54762,51.4,Vestuario,Cartao_Credito,Desktop,252.53,636.8,1,48.7,5,-41.78,322,DEV-BEDDC,0
TRX-54763,35.4,Eletronicos,Cartao_Credito,Mobile,2264.45,1154.0,1,51.1,2,178.1,680,DEV-C931F,1
TRX-54764,9.7, ELETRONICOS ,Pix,Mobile,120.06,1409.3,0,173.7,3,-81.23,573,DEV-9896F,0
TRX-54765,33.8,Eletronicos,Pix,Mobile,584.56,526.8,0,169.8,0,38.82,668,DEV-A56AC,1
TRX-54766,35.6,Eletronicos,Cartao_Credito,Mobile,1040.32,1257.4,3,26.2,1,38.99,341,DEV-1E934,0
TRX-54767,48.2,Games,Boleto,Desktop,581.75,1718.6,0,185.6,6,48.24,382,DEV-3F34B,0
TRX-54768,23.2, ELETRONICOS ,Boleto,Desktop,71.77,1403.0,1,56.1,1,-202.87,794,DEV-CE99F,0
TRX-54769,38.8,Beleza,Cartao_Credito,Mobile,603.59,1311.8,0,234.7,4,-60.31,422,DEV-AB30A,0
TRX-54770,33.0,eletronicos,Cartao_Credito,Mobile,87.61,356.3,0,72.4,6,-26.11,793,DEV-A1988,0
TRX-54771,39.3,Eletronicos,Cartao_Credito,Mobile,420.45,1280.2,0,35.4,1,43.49,258,DEV-64689,1
TRX-54772,,Beleza,Cartao_Credito,Desktop,933.18,635.0,0,1.4,2,-26.25,367,DEV-BB4EE,1
TRX-54773,34.9,Vestuario,Pix,Mobile,431.33,851.5,1,70.2,5,-210.39,125,DEV-61501,0
TRX-54774,38.0, ELETRONICOS ,Cartao_Credito,Mobile,1315.18,1581.6,0,169.4,3,103.96,483,DEV-307EE,0
TRX-54775,43.9,Eletronicos,Cartao_Credito,Tablet,,347.9,1,124.6,8,-27.72,748,DEV-48CD4,0
TRX-54776,24.6,Games,Cartao_Credito,Mobile,823.74,117.9,1,519.1,6,125.47,765,DEV-DF19D,1
TRX-54777,41.8,Beleza,Pix,Mobile,121.22,1752.0,1,18.0,4,-5.26,568,DEV-C0E59,0
TRX-54778,18.6,Vestuario,Pix,Mobile,1354.9,929.0,1,686.5,6,-223.31,682,DEV-BC6E3,1
TRX-54779,24.2,Games,Boleto,Mobile,1371.59,86.8,0,22.7,1,-29.7,654,DEV-2740A,0
TRX-54780,30.9,Beleza,Cartao_Credito,Mobile,41.27,815.6,0,897.8,3,-42.17,434,DEV-3F71C,1
TRX-54781,28.5, ELETRONICOS ,Cartao_Credito,Mobile,654.45,469.3,1,181.9,2,-143.36,123,DEV-A2242,0
TRX-54782,50.2,Eletronicos,Cartao_Credito,Desktop,310.42,16.3,0,85.4,2,116.72,873,DEV-597F9,0
TRX-54783,17.1,eletronicos,Pix,Mobile,210.48,1068.0,0,30.4,5,22.97,346,DEV-78E62,0
TRX-54784,34.0, ELETRONICOS ,Pix,Mobile,40.88,1294.0,1,10.4,1,202.27,157,DEV-47F83,0
TRX-54785,46.3,Eletronicos,Boleto,Tablet,82.85,1027.1,1,270.6,3,-84.21,573,DEV-7602F,0
TRX-54786,33.1,Vestuario,Boleto,Mobile,366.99,156.2,1,97.8,6,-59.59,962,DEV-AB7D0,1
TRX-54787,34.4,eletronicos,Cartao_Credito,Mobile,,153.8,1,3.6,1,-10.39,145,DEV-2720B,1
TRX-54788,30.0, ELETRONICOS ,Cartao_Credito,Mobile,982.19,1674.0,0,124.2,4,23.04,630,DEV-EA2E4,0
TRX-54789,18.3,Beleza,Cartao_Credito,Mobile,403.7,1233.0,0,50.7,3,-32.91,261,DEV-21237,0
TRX-54790,27.1, ELETRONICOS ,Cartao_Credito,Mobile,568.98,1561.4,1,487.5,5,-67.45,924,DEV-4F1F6,1
TRX-54791,49.1,Beleza,Boleto,SmartTV,75.35,374.6,0,180.8,5,-34.62,717,DEV-CA05D,0
TRX-54792,29.0,Eletronicos,Cartao_Credito,Mobile,342.9,595.9,0,5.9,2,16.09,367,DEV-3C6DF,0
TRX-54793,47.4,Eletronicos,Cartao_Credito,Mobile,545.59,240.3,0,71.0,5,116.62,627,DEV-8BEA6,0
TRX-54794,30.3,Eletronicos,Pix,Desktop,1026.08,380.3,3,163.1,3,-169.05,434,DEV-7AEE1,1
TRX-54795,, ELETRONICOS ,Cartao_Credito,Mobile,134.02,1566.1,0,65.0,1,-42.9,820,DEV-78932,0
TRX-54796,43.5,Beleza,Cartao_Credito,Tablet,729.43,1693.9,2,163.9,3,-60.52,852,DEV-DD448,0
TRX-54797,28.5,Vestuario,Voucher,Mobile,341.89,722.4,1,158.2,3,17.35,449,DEV-19FD6,0
TRX-54798,45.5, ELETRONICOS ,Boleto,Mobile,1896.39,1440.6,0,69.1,5,-126.29,337,DEV-3D07C,0
TRX-54799,39.0,Vestuario,Cartao_Credito,Mobile,573.87,1118.7,2,130.2,3,-164.56,883,DEV-D6313,1
TRX-54800,52.4, ELETRONICOS ,Cartao_Credito,Mobile,32.03,626.5,3,41.5,4,129.75,795,DEV-570CD,0
TRX-54801,25.9,Eletronicos,Pix,Desktop,422.93,1521.8,1,41.9,8,124.32,946,DEV-AD9AD,0
TRX-54802,49.2,Vestuario,Cartao_Credito,Desktop,392.55,751.7,0,11.0,3,86.46,623,DEV-E7FAF,0
TRX-54803,29.5,Eletronicos,Cartao_Credito,Desktop,62.5,564.6,1,54.3,3,-38.37,220,DEV-25B5A,0
TRX-54804,43.5,Eletronicos,Boleto,Mobile,162.83,1161.6,0,95.7,1,10.02,105,DEV-B3F2D,0
TRX-54805,34.5,Beleza,Cartao_Credito,Mobile,2157.89,669.5,2,178.8,6,86.38,925,DEV-47144,1
TRX-54806,25.9,Vestuario,Boleto,Mobile,339.72,311.7,1,92.5,7,-6.95,881,DEV-A4BF0,0
TRX-54807,43.9, ELETRONICOS ,Pix,Tablet,498.28,1157.6,2,4.4,6,-5.57,137,DEV-52933,0
TRX-54808,31.5,eletronicos,Cartao_Credito,Desktop,412.77,355.3,1,394.6,5,-174.56,651,DEV-83FE5,0
TRX-54809,41.0,Eletronicos,Boleto,Mobile,250.89,121.0,0,48.1,4,-92.28,941,DEV-765C8,0
TRX-54810,34.4,Games,Cartao_Credito,Mobile,446.21,580.6,1,2.9,4,-26.4,610,DEV-C7ED0,0
TRX-54811,35.6,Games,Pix,Mobile,3158.43,663.0,1,146.7,5,204.79,643,DEV-7D1F9,1
TRX-54812,39.8,Beleza,Cartao_Credito,Desktop,2569.82,1053.6,0,161.5,8,9.04,299,DEV-CA600,1
TRX-54813,39.6,Beleza,Cartao_Credito,Mobile,1454.46,1504.3,1,14.1,4,108.26,758,DEV-9165C,0
TRX-54814,37.5,Beleza,Cartao_Credito,Desktop,73.53,1195.8,0,249.8,4,2.55,827,DEV-A2A46,0
TRX-54815,21.1,Eletronicos,Pix,Mobile,27.04,1137.0,0,72.7,0,-7.07,376,DEV-B06C6,0
TRX-54816,34.7,Vestuario,Pix,Mobile,117.78,1568.2,0,49.8,3,-37.57,815,DEV-C2D14,0
TRX-54817,35.8,Vestuario,Pix,SmartTV,738.11,436.7,0,48.1,4,61.57,275,DEV-957BA,0
TRX-54818,27.8,Games,Cartao_Credito,Mobile,882.34,1195.3,1,2.1,3,-218.28,524,DEV-763F1,0
TRX-54819,47.4,Eletronicos,Pix,Desktop,74.12,916.0,0,26.4,2,98.99,712,DEV-E3221,0
TRX-54820,42.1,eletronicos,Cartao_Credito,Mobile,616.41,1270.1,1,351.7,2,-20.32,818,DEV-47D28,0
TRX-54821,43.5,Eletronicos,Cartao_Credito,Mobile,452.87,1486.0,0,175.5,1,-107.49,893,DEV-B6D96,0
TRX-54822,21.9,Eletronicos,Cartao_Credito,Mobile,662.5,1296.1,2,92.7,2,-48.41,381,DEV-C449F,0
TRX-54823,37.3,Eletronicos,Cartao_Credito,SmartTV,82.39,714.3,0,78.4,4,239.61,229,DEV-2600D,0
TRX-54824,25.3,Eletronicos,Cartao_Credito,Mobile,756.32,420.0,0,19.5,9,-229.33,717,DEV-EFE18,0
TRX-54825,36.9,Eletronicos,Boleto,Mobile,869.75,1451.5,0,61.8,0,169.02,935,DEV-746F2,0
TRX-54826,32.6,Beleza,Pix,Mobile,141.91,1564.4,2,179.4,2,78.77,864,DEV-7DA45,1
TRX-54827,48.3,eletronicos,Pix,Mobile,1214.37,1201.0,1,48.9,1,152.41,916,DEV-B29FA,1
TRX-54828,41.0,Beleza,Cartao_Credito,Mobile,62.81,905.7,0,205.6,4,131.91,323,DEV-B859F,0
TRX-54829,29.9,Eletronicos,Boleto,Desktop,23.42,365.7,1,79.2,6,64.66,810,DEV-9F1F6,0
TRX-54830,61.7,Vestuario,Pix,Mobile,1051.18,361.5,1,368.1,3,-81.1,430,DEV-DA8EF,1
TRX-54831,43.9, ELETRONICOS ,Pix,Mobile,499.58,1646.4,0,404.7,3,266.21,140,DEV-6A914,0
TRX-54832,45.3,Vestuario,Cartao_Credito,Tablet,260.56,239.0,1,35.8,1,-84.24,617,DEV-C1EE4,0
TRX-54833,37.3,eletronicos,Cartao_Credito,Mobile,130.26,208.3,1,160.0,4,-246.8,627,DEV-1FDC3,0
TRX-54834,40.4,Eletronicos,Pix,Mobile,1684.69,525.0,2,109.5,3,171.92,695,DEV-6C345,1
TRX-54835,34.5,Games,Pix,Tablet,395.44,1781.6,0,320.2,1,138.32,446,DEV-991F2,0
TRX-54836,38.6,Eletronicos,Boleto,SmartTV,302.03,848.5,0,310.1,5,2.15,209,DEV-9C71C,0
TRX-54837,25.8,eletronicos,Cartao_Credito,Mobile,37.71,1114.6,0,70.4,4,117.7,645,DEV-D7B37,0
TRX-54838,44.6,Vestuario,Cartao_Credito,Mobile,479.82,244.5,0,81.2,3,21.65,983,DEV-ECCBA,0
TRX-54839,49.6,Beleza,Boleto,Mobile,,688.8,1,144.1,4,-159.5,436,DEV-2FB83,0
TRX-54840,32.9,Games,Cartao_Credito,Mobile,592.56,594.0,1,301.0,5,94.61,997,DEV-C05D4,0
TRX-54841,52.0,Vestuario,Cartao_Credito,Desktop,547.39,1455.2,0,96.5,5,-37.73,775,DEV-70810,0
TRX-54842,31.3,Games,Cartao_Credito,Desktop,271.19,193.8,1,262.3,6,-138.58,757,DEV-75922,0
TRX-54843,,Vestuario,Cartao_Credito,Mobile,351.94,64.1,0,179.8,3,105.01,457,DEV-423E1,0
TRX-54844,40.5,Vestuario,Cartao_Credito,Desktop,512.66,1784.4,2,6.8,3,50.16,240,DEV-3A9A8,0
TRX-54845,37.2,Vestuario,Cartao_Credito,Mobile,395.17,926.2,1,9.3,4,-34.82,174,DEV-93F1D,0
TRX-54846,31.0,Vestuario,Boleto,Desktop,419.83,1589.0,0,56.3,4,-34.61,356,DEV-DBAAD,0
TRX-54847,33.5, ELETRONICOS ,Cartao_Credito,Desktop,533.95,1185.5,0,472.4,2,192.04,796,DEV-76CB2,0
TRX-54848,30.7,Games,Boleto,Mobile,1483.89,380.2,0,657.0,1,128.92,417,DEV-42FB2,1
TRX-54849,40.4, ELETRONICOS ,Cartao_Credito,Desktop,182.08,310.6,0,150.6,2,2.97,160,DEV-B2196,0
TRX-54850,39.7,Eletronicos,Cartao_Credito,Mobile,2549.96,1523.1,1,181.3,3,133.26,280,DEV-6A2EC,1
TRX-54851,23.7,Vestuario,Boleto,Mobile,67.14,1745.9,1,478.3,4,68.61,268,DEV-94718,0
TRX-54852,25.9, ELETRONICOS ,Cartao_Credito,Mobile,1357.24,1060.2,1,122.1,6,-143.43,890,DEV-B635F,0
TRX-54853,26.5,Eletronicos,Cartao_Credito,Mobile,394.49,473.1,1,70.4,5,231.5,315,DEV-CE2CF,0
TRX-54854,,Eletronicos,Pix,Desktop,226.78,638.9,2,275.7,6,101.96,878,DEV-A1DB6,0
TRX-54855,48.2,Beleza,Cartao_Credito,Mobile,666.83,1119.9,1,60.1,4,44.34,312,DEV-E1C71,0
TRX-54856,47.1,eletronicos,Boleto,Desktop,626.06,1646.6,0,459.6,7,-107.73,984,DEV-558A0,0
TRX-54857,24.3,Eletronicos,Cartao_Credito,Mobile,1336.39,371.0,1,19.8,1,288.65,978,DEV-63AE1,0
TRX-54858,40.1,Games,Voucher,Mobile,32.18,261.9,0,118.0,4,87.35,661,DEV-BA60C,0
TRX-54859,43.2,Eletronicos,Cartao_Credito,Desktop,619.46,1347.1,0,194.8,0,-114.81,637,DEV-DE550,0
TRX-54860,40.0,Vestuario,Cartao_Credito,Mobile,984.03,645.2,1,266.3,3,-99.65,611,DEV-D487D,1
TRX-54861,13.1,Beleza,Pix,Desktop,1256.12,1031.9,0,62.6,4,377.85,915,DEV-B5566,0
TRX-54862,51.7,Games,Pix,Tablet,835.54,33.5,2,56.0,3,-88.23,563,DEV-707AC,1
TRX-54863,59.9,Beleza,Cartao_Credito,Mobile,202.51,1085.5,1,84.0,1,-30.93,766,DEV-D7835,1
TRX-54864,37.5,Beleza,Pix,Mobile,655.04,763.5,1,68.7,5,175.46,405,DEV-20BC6,1
TRX-54865,29.6,Vestuario,Boleto,SmartTV,423.43,647.4,0,99.9,2,180.07,504,DEV-DA822,0
TRX-54866,27.2,Beleza,Pix,Mobile,571.42,447.9,2,292.5,1,-57.8,581,DEV-3AE7C,1
TRX-54867,49.2,Vestuario,Cartao_Credito,Desktop,187.58,1430.0,1,600.6,7,-169.21,655,DEV-A3254,0
TRX-54868,31.7,Eletronicos,Cartao_Credito,Mobile,80.91,538.3,1,71.9,4,57.3,111,DEV-54CA0,0
TRX-54869,28.7,Vestuario,Cartao_Credito,Mobile,381.84,257.2,0,248.3,3,38.1,649,DEV-F3D4F,1
TRX-54870,39.1,eletronicos,Pix,Desktop,444.54,1387.7,0,160.6,7,123.71,988,DEV-B0C4C,0
TRX-54871,,Vestuario,Cartao_Credito,Desktop,27.15,979.5,1,327.8,1,-21.64,806,DEV-64D1C,0
TRX-54872,25.5,Games,Cartao_Credito,Mobile,91.18,1205.1,0,329.2,3,100.17,221,DEV-765BC,0
TRX-54873,39.7,Eletronicos,Cartao_Credito,Mobile,2401.03,1643.7,2,56.0,4,-83.98,970,DEV-49AB3,1
TRX-54874,27.0,Beleza,Cartao_Credito,Mobile,567.46,361.9,0,94.0,5,-76.98,564,DEV-9FBCE,0
TRX-54875,18.1,Games,Voucher,Mobile,1560.74,911.2,1,24.0,2,-228.35,843,DEV-5F8FC,1
TRX-54876,44.8, ELETRONICOS ,Voucher,Mobile,455.33,1472.1,0,860.6,3,-185.86,521,DEV-9A99F,0
TRX-54877,45.4,Eletronicos,Pix,Mobile,919.55,790.7,0,535.5,6,45.55,570,DEV-D8C3B,0
TRX-54878,25.9,Games,Voucher,Desktop,155.89,1636.2,0,22.7,4,-16.42,306,DEV-A9ED1,0
TRX-54879,33.6,eletronicos,Voucher,Mobile,625.53,1249.9,1,195.8,1,55.05,974,DEV-5BEF9,0
TRX-54880,25.2,eletronicos,Pix,Desktop,804.39,468.4,0,25.4,5,14.34,880,DEV-DBEC7,0
TRX-54881,45.1,Eletronicos,Cartao_Credito,Mobile,280.81,1144.0,0,34.2,6,-37.93,661,DEV-43F17,0
TRX-54882,15.9,Eletronicos,Cartao_Credito,Mobile,566.06,550.4,0,208.7,3,-102.41,906,DEV-7A679,0
TRX-54883,22.6,Beleza,Cartao_Credito,Mobile,641.06,902.2,1,38.0,0,-114.98,444,DEV-A342F,1
TRX-54884,50.1,Eletronicos,Cartao_Credito,Tablet,486.92,525.8,2,15.5,3,130.1,559,DEV-4E611,0
TRX-54885,43.2, ELETRONICOS ,Boleto,Mobile,2053.26,1642.1,1,549.8,5,-50.53,893,DEV-E0E8F,1
TRX-54886,43.4,Eletronicos,Pix,Tablet,688.6,1446.1,0,129.5,1,-27.02,989,DEV-31510,0
TRX-54887,33.2,Eletronicos,Boleto,Desktop,79.86,1321.9,1,89.9,4,188.8,993,DEV-90BAC,0
TRX-54888,49.6,eletronicos,Boleto,Desktop,1310.52,1266.9,0,141.6,4,15.01,130,DEV-E2449,1
TRX-54889,37.1,Beleza,Boleto,Desktop,218.46,23.9,2,69.7,6,15.85,446,DEV-E0D67,0
TRX-54890,22.4,Eletronicos,Cartao_Credito,Desktop,321.06,712.0,0,30.6,3,-5.84,120,DEV-A4664,0
TRX-54891,41.3,Vestuario,Pix,Desktop,913.86,1466.5,1,62.2,2,-2.14,129,DEV-84BDD,0
TRX-54892,50.2,Vestuario,Pix,Mobile,884.47,1697.5,2,135.6,2,108.07,527,DEV-AB36E,0
TRX-54893,48.5,eletronicos,Cartao_Credito,SmartTV,545.94,807.3,0,155.1,3,-22.68,449,DEV-66630,1
TRX-54894,48.5,Eletronicos,Pix,Desktop,31.58,148.5,0,1.7,4,-141.77,332,DEV-29472,0
TRX-54895,16.3, ELETRONICOS ,Boleto,Mobile,171.48,657.6,1,154.4,2,-122.53,436,DEV-C7D7A,0
TRX-54896,34.6,Beleza,Cartao_Credito,Mobile,964.25,1059.7,0,80.3,4,131.68,851,DEV-BB491,0
TRX-54897,36.1,Eletronicos,Pix,Mobile,239.04,600.7,0,36.7,6,-204.05,418,DEV-1C894,0
TRX-54898,28.7,Vestuario,Pix,Mobile,856.34,1439.3,0,104.9,2,12.05,886,DEV-831A5,0
TRX-54899,38.2,Eletronicos,Pix,Mobile,69.03,1560.7,1,29.6,5,72.09,698,DEV-8914C,0
TRX-54900,29.6,Eletronicos,Cartao_Credito,Mobile,2323.94,75.2,0,25.1,3,-65.59,299,DEV-66609,0
TRX-54901,14.5,Vestuario,Pix,SmartTV,476.0,1186.8,1,99.0,5,-173.47,624,DEV-A28EB,0
TRX-54902,28.4,Vestuario,Cartao_Credito,Mobile,779.71,974.9,1,229.0,2,-34.68,590,DEV-A1152,0
TRX-54903,41.9,Beleza,Cartao_Credito,Desktop,758.9,41.3,1,2.1,4,75.17,465,DEV-F1679,0
TRX-54904,38.9,eletronicos,Pix,Desktop,1996.04,1396.4,0,154.3,0,-81.69,845,DEV-960A7,1
TRX-54905,, ELETRONICOS ,Cartao_Credito,Mobile,384.47,585.9,1,12.9,0,-92.66,925,DEV-D74E0,1
TRX-54906,42.9,Beleza,Cartao_Credito,Mobile,91.79,1353.4,1,202.1,4,-50.07,461,DEV-3C722,0
TRX-54907,45.3,Eletronicos,Cartao_Credito,Mobile,53.94,141.1,1,87.8,2,-70.33,240,DEV-B973A,0
TRX-54908,37.1,Beleza,Cartao_Credito,Desktop,795.1,78.9,1,12.9,3,-95.22,611,DEV-3CA63,1
TRX-54909,35.1,Eletronicos,Pix,Mobile,806.3,589.0,0,74.5,5,136.9,805,DEV-299C1,0
TRX-54910,39.5, ELETRONICOS ,Cartao_Credito,Mobile,106.81,433.9,1,358.7,2,-131.02,163,DEV-99C2C,0
TRX-54911,24.4,Beleza,Cartao_Credito,Mobile,,800.3,0,275.4,1,-49.14,840,DEV-206EF,0
TRX-54912,60.1,eletronicos,Pix,Mobile,114.92,485.2,2,107.5,4,-81.55,232,DEV-63FB8,0
TRX-54913,40.5,eletronicos,Cartao_Credito,Desktop,1018.36,1589.2,0,6.1,2,85.23,318,DEV-38905,0
TRX-54914,39.9, ELETRONICOS ,Pix,Desktop,278.69,1447.6,0,195.3,3,-119.15,947,DEV-68596,0
TRX-54915,20.8,Eletronicos,Cartao_Credito,Mobile,1098.81,266.9,1,162.2,4,26.91,628,DEV-C1458,0
TRX-54916,50.7,Games,Cartao_Credito,Desktop,950.39,578.7,0,987.3,3,125.55,218,DEV-3AFCF,1
TRX-54917,25.6,eletronicos,Cartao_Credito,Mobile,1351.96,482.3,0,1100.2,4,1.86,195,DEV-C8543,1
TRX-54918,31.1, ELETRONICOS ,Pix,Mobile,,331.3,0,291.7,3,-31.87,272,DEV-8642D,1
TRX-54919,35.3,Vestuario,Cartao_Credito,Mobile,2746.1,1045.7,1,110.1,5,-155.52,957,DEV-939D7,0
TRX-54920,29.5,Games,Boleto,Mobile,451.73,56.3,0,32.5,2,14.42,356,DEV-7416A,0
TRX-54921,34.5,Vestuario,Pix,Mobile,157.58,526.2,1,91.8,3,166.33,861,DEV-20D4C,0
TRX-54922,27.2,Beleza,Voucher,Desktop,35.94,1656.4,0,116.5,3,41.83,628,DEV-DAF44,0
TRX-54923,44.0, ELETRONICOS ,Cartao_Credito,Mobile,125.25,638.6,1,105.1,4,-57.8,104,DEV-43469,0
TRX-54924,40.4, ELETRONICOS ,Boleto,Mobile,500.81,170.6,1,71.8,3,-27.31,348,DEV-DA2D0,1
TRX-54925,31.8,Eletronicos,Cartao_Credito,Mobile,96.74,1222.3,0,50.6,9,-20.44,632,DEV-60CFC,0
TRX-54926,45.1,Vestuario,Cartao_Credito,Mobile,500.55,1706.1,1,272.4,3,-6.81,344,DEV-1F743,0
TRX-54927,37.4, ELETRONICOS ,Cartao_Credito,Desktop,337.49,1700.6,2,47.7,3,-105.4,401,DEV-B4B10,0
TRX-54928,24.2,Games,Boleto,Mobile,562.74,1157.1,0,20.4,6,62.6,806,DEV-4B43C,0
TRX-54929,28.6,Games,Pix,Mobile,1006.64,230.3,2,82.2,2,-62.8,619,DEV-205E9,1
TRX-54930,41.7,Eletronicos,Cartao_Credito,SmartTV,607.44,908.8,1,150.1,3,-108.34,519,DEV-C7EBE,0
TRX-54931,43.6,Beleza,Cartao_Credito,Mobile,895.53,1145.1,0,41.5,7,148.64,893,DEV-512B1,0
TRX-54932,40.5, ELETRONICOS ,Cartao_Credito,SmartTV,531.41,1739.0,0,260.6,6,7.91,695,DEV-9CE64,0
TRX-54933,34.6,Beleza,Cartao_Credito,Mobile,2380.95,1462.5,2,258.5,6,-52.53,119,DEV-EBFDF,1
TRX-54934,48.2,Vestuario,Pix,Mobile,286.15,1151.4,0,108.3,2,133.54,341,DEV-4A75C,0
TRX-54935,25.6,Beleza,Cartao_Credito,Mobile,425.01,553.4,0,96.4,3,31.9,843,DEV-DA295,0
TRX-54936,29.9,Eletronicos,Voucher,Mobile,368.8,451.2,0,16.0,1,-76.38,656,DEV-CA421,0
TRX-54937,34.9,Games,Pix,Desktop,2698.7,698.3,1,62.0,3,28.89,961,DEV-B8828,1
TRX-54938,39.7,Vestuario,Cartao_Credito,SmartTV,1017.02,464.0,2,165.2,3,49.19,159,DEV-B804B,1
TRX-54939,33.7,Eletronicos,Pix,Desktop,210.22,181.0,1,26.6,3,-3.7,964,DEV-1A427,0
TRX-54940,19.1,Eletronicos,Pix,Mobile,176.0,1265.9,0,35.7,5,-137.23,582,DEV-3C5E2,0
TRX-54941,28.1,eletronicos,Cartao_Credito,Desktop,1353.09,1382.9,0,50.3,2,21.91,218,DEV-1AD73,0
TRX-54942,19.0,Vestuario,Pix,Desktop,453.37,1338.1,0,110.2,3,-12.56,976,DEV-47AD2,0
TRX-54943,,Vestuario,Cartao_Credito,Tablet,98.48,448.8,0,160.7,1,156.13,295,DEV-C4F4C,0
TRX-54944,26.7,eletronicos,Cartao_Credito,Desktop,105.32,733.3,0,1.7,2,166.37,272,DEV-AB1C7,0
TRX-54945,53.3,Vestuario,Cartao_Credito,Mobile,428.35,584.1,0,7.4,3,170.72,562,DEV-78970,0
TRX-54946,47.0, ELETRONICOS ,Cartao_Credito,Mobile,549.96,288.0,0,30.6,2,-141.16,992,DEV-38EB5,0
TRX-54947,41.6,Vestuario,Cartao_Credito,Mobile,291.26,1186.1,0,106.4,7,-342.4,934,DEV-52A6E,0
TRX-54948,50.9,Games,Cartao_Credito,Mobile,918.7,451.4,1,79.0,4,23.14,524,DEV-BC4C2,1
TRX-54949,40.3,Beleza,Pix,Desktop,273.93,187.8,1,174.1,4,77.28,864,DEV-BCF4D,0
TRX-54950,13.5, ELETRONICOS ,Cartao_Credito,Desktop,335.04,1686.6,1,20.4,2,88.83,210,DEV-5D55B,0
TRX-54951,50.9, ELETRONICOS ,Boleto,Mobile,29.99,1779.8,1,57.6,5,-327.14,325,DEV-B69C0,0
TRX-54952,43.0,eletronicos,Cartao_Credito,Desktop,389.25,316.3,1,32.1,1,-86.33,608,DEV-26EA0,0
TRX-54953,51.5,Eletronicos,Pix,Mobile,44.71,352.1,3,186.7,2,2.01,609,DEV-9670D,0
TRX-54954,30.2,eletronicos,Pix,Tablet,913.62,115.9,0,123.3,4,0.95,969,DEV-E4E6C,1
TRX-54955,28.7,Vestuario,Cartao_Credito,Desktop,336.95,551.5,0,157.6,4,110.08,836,DEV-619A4,0
TRX-54956,37.7,Eletronicos,Boleto,Desktop,248.23,1525.8,1,0.5,4,10.72,813,DEV-5079A,0
TRX-54957,39.3,Eletronicos,Pix,Mobile,91.66,594.0,1,322.7,3,-100.4,423,DEV-4CBD4,0
TRX-54958,41.7,Eletronicos,Cartao_Credito,Desktop,142.77,1079.9,1,121.7,4,-57.06,646,DEV-C2CE0,0
TRX-54959,42.1,Beleza,Cartao_Credito,Mobile,1111.72,236.3,1,20.3,3,28.71,997,DEV-2A36A,0
TRX-54960,36.8,Games,Cartao_Credito,Mobile,791.6,611.8,0,360.5,1,-110.79,509,DEV-B2135,1
TRX-54961,38.1,Beleza,Pix,Mobile,,1232.6,1,50.4,5,1.78,203,DEV-460BA,0
TRX-54962,29.8,Eletronicos,Cartao_Credito,Mobile,344.81,1317.8,0,297.5,2,88.07,594,DEV-279C1,0
TRX-54963,34.7,Games,Cartao_Credito,Mobile,282.29,1376.8,0,16.6,6,7.44,364,DEV-D99D1,0
TRX-54964,46.2,Vestuario,Pix,Desktop,44.95,866.4,1,245.7,4,195.3,932,DEV-313BA,0
TRX-54965,39.2,Eletronicos,Pix,Desktop,51.13,1261.5,0,193.3,4,-109.21,381,DEV-CC1D5,0
TRX-54966,39.6,eletronicos,Cartao_Credito,Tablet,732.06,1461.8,0,323.5,7,-19.96,707,DEV-3EEEB,0
TRX-54967,22.9,Vestuario,Pix,Tablet,1249.93,323.0,0,102.0,4,-57.95,479,DEV-AEF9D,0
TRX-54968,37.9,Vestuario,Cartao_Credito,Mobile,1160.03,1562.5,0,379.1,6,-179.66,526,DEV-5E29D,0
TRX-54969,28.5,eletronicos,Cartao_Credito,Desktop,30.09,226.2,0,32.5,4,267.62,611,DEV-71429,0
TRX-54970,42.4,eletronicos,Cartao_Credito,Mobile,398.29,376.6,0,28.8,3,147.54,425,DEV-1BC7C,0
TRX-54971,28.1,Beleza,Cartao_Credito,Mobile,807.13,99.8,1,113.1,5,-261.82,850,DEV-D9948,0
TRX-54972,32.2,Games,Boleto,Mobile,171.59,452.6,1,211.7,0,-27.99,896,DEV-F21BB,0
TRX-54973,65.8,Vestuario,Cartao_Credito,Desktop,281.32,1295.9,1,510.0,2,-235.47,630,DEV-F1994,1
TRX-54974,41.9,Beleza,Cartao_Credito,Mobile,1324.6,1170.7,1,26.3,5,275.26,517,DEV-5A7A0,0
TRX-54975,51.2,Vestuario,Pix,Desktop,1203.62,1314.9,1,101.0,2,208.18,817,DEV-D4FD4,0
TRX-54976,34.2,Eletronicos,Pix,Mobile,1810.16,1400.8,0,120.9,2,183.15,259,DEV-6535B,1
TRX-54977,42.7,Vestuario,Cartao_Credito,Desktop,143.62,1226.6,0,51.7,3,159.45,527,DEV-5F018,0
TRX-54978,46.7,Vestuario,Boleto,Desktop,423.66,356.6,1,138.2,6,-55.29,921,DEV-6AFB4,0
TRX-54979,25.9,Vestuario,Cartao_Credito,Mobile,2862.44,892.4,0,85.1,3,170.81,435,DEV-8E4E5,1
TRX-54980,32.1,Eletronicos,Voucher,Desktop,686.18,1006.9,1,426.7,5,40.55,731,DEV-4D6C3,1
TRX-54981,39.9,Vestuario,Pix,Tablet,864.68,327.1,1,92.9,2,39.09,382,DEV-912E5,1
TRX-54982,37.6,Games,Cartao_Credito,Mobile,480.92,23.0,1,229.1,0,34.29,921,DEV-87D96,1
TRX-54983,47.1,eletronicos,Cartao_Credito,Mobile,915.99,624.0,0,291.0,2,-60.82,754,DEV-B1C5C,1
TRX-54984,29.2, ELETRONICOS ,Cartao_Credito,Mobile,24.11,611.3,2,27.9,3,-238.89,745,DEV-BAE53,0
TRX-54985,60.0,Vestuario,Boleto,Mobile,1477.15,1772.9,1,42.0,2,32.93,951,DEV-5DF77,1
TRX-54986,40.8,Vestuario,Cartao_Credito,Tablet,663.42,29.3,2,46.3,3,-88.24,929,DEV-5D941,0
TRX-54987,32.6,Eletronicos,Cartao_Credito,Mobile,853.59,1374.5,1,220.5,3,191.36,169,DEV-498F7,0
TRX-54988,37.5,Vestuario,Boleto,Desktop,1568.15,935.3,1,42.6,3,27.48,958,DEV-41D9D,1
TRX-54989,40.9,Beleza,Boleto,Mobile,575.01,808.9,0,139.9,4,88.13,718,DEV-49EDF,0
TRX-54990,41.8,eletronicos,Pix,Mobile,106.91,849.4,1,54.4,5,-75.67,172,DEV-7D709,0
TRX-54991,31.5,Beleza,Cartao_Credito,Desktop,434.03,1663.9,0,175.1,1,78.05,696,DEV-A4366,0
TRX-54992,29.1,Eletronicos,Boleto,Desktop,1077.42,901.9,0,127.2,3,-15.37,200,DEV-21DAA,0
TRX-54993,31.8, ELETRONICOS ,Cartao_Credito,Mobile,1151.67,583.0,0,238.2,7,9.77,213,DEV-9F650,0
TRX-54994,53.3,Eletronicos,Pix,Desktop,716.71,601.4,1,57.1,2,-96.88,518,DEV-30DEC,0
TRX-54995,34.3,Eletronicos,Boleto,Desktop,183.29,78.1,1,370.4,5,59.24,405,DEV-1A7D0,1
TRX-54996,33.3,Eletronicos,Cartao_Credito,Mobile,886.49,262.6,2,25.2,8,-50.59,585,DEV-B27C3,0
TRX-54997,34.7, ELETRONICOS ,Boleto,Mobile,680.09,886.6,1,305.3,1,-108.98,831,DEV-F1EFF,1
TRX-54998,40.9,Vestuario,Cartao_Credito,Mobile,40.31,1759.5,0,339.7,2,126.64,117,DEV-2AC45,0
TRX-54999,30.9,Vestuario,Pix,Desktop,405.61,563.9,0,256.7,4,112.92,144,DEV-6AEC1,0
TRX-55000,22.5,Vestuario,Pix,Mobile,589.72,1249.4,0,70.5,3,94.64,338,DEV-6EB30,0
TRX-55001,44.6,Vestuario,Boleto,Mobile,729.64,721.0,1,37.5,3,-83.65,271,DEV-30A17,0
TRX-55002,32.8,Games,Pix,Mobile,557.1,610.2,0,345.8,3,-20.89,520,DEV-98F5A,0
TRX-55003,48.1,Eletronicos,Cartao_Credito,Desktop,149.63,1008.0,3,40.4,2,29.91,337,DEV-9D6BD,1
TRX-55004,60.4,Eletronicos,Cartao_Credito,Desktop,36.0,1632.5,0,60.0,8,82.28,753,DEV-CA036,0
TRX-55005,28.1,Eletronicos,Boleto,SmartTV,368.87,639.6,3,4.5,1,52.69,566,DEV-91118,1
TRX-55006,30.2, ELETRONICOS ,Cartao_Credito,Desktop,1315.9,503.9,1,24.0,2,16.81,169,DEV-30DF7,1
TRX-55007,40.5,eletronicos,Cartao_Credito,Mobile,469.84,1467.3,1,13.4,3,32.57,284,DEV-4C25C,0
TRX-55008,35.1,Beleza,Pix,Mobile,1593.85,1463.9,1,651.2,3,-226.4,892,DEV-470C9,1
TRX-55009,51.4,Eletronicos,Cartao_Credito,Mobile,1155.59,213.7,2,208.6,4,-0.7,247,DEV-67CC2,1
TRX-55010,35.6,Eletronicos,Voucher,Mobile,680.6,1685.7,1,228.8,1,-28.11,762,DEV-79263,0
TRX-55011,30.6,Beleza,Cartao_Credito,Mobile,373.96,1735.8,0,119.1,4,167.39,828,DEV-EDEF3,0
TRX-55012,27.5,Eletronicos,Cartao_Credito,Mobile,1282.75,443.9,1,113.7,3,-131.16,701,DEV-BD055,1
TRX-55013,28.1,Eletronicos,Cartao_Credito,Mobile,373.93,399.8,0,47.1,3,-97.09,568,DEV-4DC39,0
TRX-55014,44.4,eletronicos,Boleto,Desktop,1351.99,1773.7,1,9.0,3,-13.45,458,DEV-6C8EB,0
TRX-55015,17.4,Games,Boleto,Mobile,3901.5,1354.0,0,93.0,3,-64.27,902,DEV-6BE6C,1
TRX-55016,43.2,Games,Cartao_Credito,Desktop,851.37,1382.7,2,13.3,5,108.37,338,DEV-9416E,0
TRX-55017,37.5,Vestuario,Cartao_Credito,Mobile,146.49,220.6,2,194.3,6,158.91,657,DEV-32A64,0
TRX-55018,37.5,eletronicos,Cartao_Credito,Desktop,460.85,880.9,0,496.2,3,114.33,622,DEV-3550A,1
TRX-55019,44.4,Eletronicos,Pix,Mobile,135.13,1220.6,1,1.1,5,61.28,948,DEV-EB708,1
TRX-55020,36.0,Eletronicos,Cartao_Credito,Desktop,976.01,1771.9,0,129.9,3,58.48,332,DEV-6D561,0
TRX-55021,28.2,Vestuario,Voucher,Desktop,,1771.2,4,53.7,2,-88.67,935,DEV-24C53,0
TRX-55022,18.0,Vestuario,Cartao_Credito,Mobile,259.39,515.8,1,119.5,6,-222.14,422,DEV-22447,0
TRX-55023,33.4,Beleza,Pix,Desktop,38.34,1562.2,1,535.6,6,47.38,840,DEV-848AE,0
TRX-55024,31.6,Eletronicos,Cartao_Credito,Tablet,154.98,345.0,0,28.8,4,-116.98,842,DEV-C01AB,0
TRX-55025,40.4,Eletronicos,Cartao_Credito,Tablet,237.42,109.2,0,368.0,1,-41.82,295,DEV-DF185,0
TRX-55026,45.6, ELETRONICOS ,Cartao_Credito,Desktop,622.12,1272.7,0,26.3,5,-20.23,280,DEV-EB6BA,0
TRX-55027,40.2,Vestuario,Cartao_Credito,Mobile,980.41,1277.6,1,66.1,3,-99.49,685,DEV-B3B42,0
TRX-55028,35.6,Eletronicos,Cartao_Credito,Mobile,163.68,911.9,0,46.3,3,-219.26,304,DEV-8C3E9,1
TRX-55029,48.3, ELETRONICOS ,Boleto,Mobile,39.61,107.5,0,149.0,5,146.07,556,DEV-84FD5,0
TRX-55030,29.3,Vestuario,Cartao_Credito,Desktop,24.98,608.4,1,65.8,1,-55.97,858,DEV-96358,0
TRX-55031,17.8,Beleza,Cartao_Credito,Mobile,185.83,1627.9,0,311.8,1,98.25,702,DEV-27DC0,0
TRX-55032,36.8,Eletronicos,Boleto,Mobile,201.03,597.3,1,70.2,2,178.01,613,DEV-905CC,0
TRX-55033,36.1,eletronicos,Pix,Tablet,2663.29,236.0,0,27.7,2,80.13,998,DEV-718C1,1
TRX-55034,26.5,Vestuario,Pix,Desktop,472.32,1087.5,0,39.8,2,-76.37,796,DEV-B374B,0
TRX-55035,31.7,Vestuario,Cartao_Credito,Mobile,,1655.5,1,6.6,4,-37.45,394,DEV-93567,1
TRX-55036,36.2, ELETRONICOS ,Cartao_Credito,Mobile,403.95,1797.3,0,199.5,2,260.22,245,DEV-99451,0
TRX-55037,38.8, ELETRONICOS ,Cartao_Credito,Mobile,1859.57,766.7,0,90.6,2,166.72,990,DEV-EF798,0
TRX-55038,24.4,Eletronicos,Cartao_Credito,Desktop,183.82,1730.8,0,149.4,3,0.81,554,DEV-1C064,0
TRX-55039,32.4,Eletronicos,Pix,Mobile,185.16,299.0,0,6.6,4,5.14,570,DEV-F24AF,0
TRX-55040,22.3,Eletronicos,Cartao_Credito,Mobile,1448.56,151.0,0,78.6,3,107.37,846,DEV-DCB04,0
TRX-55041,40.1,Vestuario,Boleto,Mobile,1899.68,219.9,3,5.6,3,188.78,280,DEV-83A42,1
TRX-55042,39.2, ELETRONICOS ,Boleto,Mobile,1291.84,1728.2,1,164.1,1,41.18,435,DEV-55C7D,1
TRX-55043,35.6,Games,Voucher,Mobile,684.16,1757.8,0,237.4,4,-129.6,604,DEV-1FF43,0
TRX-55044,35.6,Vestuario,Boleto,Desktop,1612.04,29.5,1,301.2,1,121.33,345,DEV-79F63,1
TRX-55045,50.4,Beleza,Boleto,Mobile,131.73,868.2,2,249.2,3,26.51,465,DEV-EC1E8,1
TRX-55046,23.1,Vestuario,Cartao_Credito,Mobile,400.32,1013.7,1,132.9,1,47.1,621,DEV-DC483,0
TRX-55047,45.0, ELETRONICOS ,Pix,Desktop,2226.49,1675.0,0,83.4,1,100.23,652,DEV-5F564,0
TRX-55048,60.2,Beleza,Cartao_Credito,Desktop,264.15,634.5,0,151.9,2,47.49,295,DEV-C975C,0
TRX-55049,30.2,Beleza,Cartao_Credito,Mobile,735.5,1309.2,1,148.6,4,154.36,207,DEV-9DBC0,0
TRX-55050,31.7,Beleza,Cartao_Credito,Mobile,174.99,499.8,0,80.5,0,122.92,303,DEV-56C20,1
TRX-55051,45.3,Eletronicos,Cartao_Credito,Desktop,169.19,1760.8,0,67.1,1,-70.24,107,DEV-43D31,0
TRX-55052,33.7,Eletronicos,Cartao_Credito,Mobile,29.48,972.3,2,197.6,4,-55.94,687,DEV-ED5D5,0
TRX-55053,51.0,Games,Boleto,Mobile,1629.06,786.7,0,23.0,5,-23.69,697,DEV-AFCBD,0
TRX-55054,23.3,Vestuario,Boleto,Desktop,582.7,1110.6,0,8.0,4,-7.9,541,DEV-665BA,0
TRX-55055,25.6,Beleza,Cartao_Credito,Tablet,46.93,403.6,0,68.8,5,-124.54,523,DEV-8BC49,0
TRX-55056,47.0,Games,Cartao_Credito,Mobile,459.57,714.7,1,160.6,3,51.86,709,DEV-8576F,0
TRX-55057,46.8,Games,Cartao_Credito,Mobile,254.86,1240.3,0,73.4,1,-71.33,318,DEV-DCC22,0
TRX-55058,27.0,Vestuario,Cartao_Credito,Desktop,,777.2,1,60.1,2,25.18,162,DEV-6E83C,1
TRX-55059,26.1,Games,Cartao_Credito,Mobile,458.26,727.6,1,89.6,2,40.36,695,DEV-5FFF1,0
TRX-55060,46.3,Beleza,Cartao_Credito,Mobile,1193.28,1349.0,0,194.5,2,96.78,979,DEV-4DF20,0
TRX-55061,30.0,Beleza,Pix,Tablet,20.85,1623.2,0,71.4,3,8.61,536,DEV-659B0,0
TRX-55062,29.1,Eletronicos,Cartao_Credito,Tablet,402.02,1698.6,1,12.7,6,161.77,569,DEV-4981E,0
TRX-55063,42.4,Games,Cartao_Credito,Mobile,607.96,1271.3,1,212.9,3,75.76,161,DEV-EF482,1
TRX-55064,45.4,Beleza,Boleto,Mobile,383.14,791.4,1,233.9,1,-146.09,703,DEV-27495,1
TRX-55065,34.2,Beleza,Pix,Mobile,612.6,688.8,0,66.9,4,-6.18,703,DEV-C5F10,0
TRX-55066,22.6, ELETRONICOS ,Cartao_Credito,Mobile,9999999.0,613.4,0,48.6,4,-257.97,257,DEV-9E93E,0
TRX-55067,13.4,eletronicos,Voucher,Mobile,80.55,458.3,0,13.8,5,-181.11,515,DEV-CDF6B,0
TRX-55068,26.8,Eletronicos,Pix,Mobile,1893.8,181.6,2,183.7,3,-182.14,782,DEV-77FEB,1
TRX-55069,34.4,Games,Cartao_Credito,Desktop,291.62,1214.2,1,38.0,2,-282.74,671,DEV-71B57,0
TRX-55070,28.6,Eletronicos,Pix,Desktop,969.77,1282.4,0,8.3,5,-42.61,628,DEV-EB08E,0
TRX-55071,31.8,Vestuario,Boleto,Mobile,647.12,648.6,0,37.2,2,30.84,569,DEV-1B0F3,0
TRX-55072,40.9,Eletronicos,Pix,Desktop,358.59,1246.7,0,43.0,0,-32.08,487,DEV-3B0BE,0
TRX-55073,42.5,Vestuario,Boleto,Mobile,520.73,1596.9,0,21.0,5,215.4,196,DEV-A057C,0
TRX-55074,37.8,Games,Cartao_Credito,Mobile,193.12,1053.7,1,122.8,4,-93.56,400,DEV-76183,0
TRX-55075,36.2, ELETRONICOS ,Voucher,Mobile,1360.28,1737.4,1,64.2,4,93.28,432,DEV-4DDAB,0
TRX-55076,45.1, ELETRONICOS ,Cartao_Credito,Tablet,1436.68,481.9,0,74.5,4,109.42,941,DEV-45E40,0
TRX-55077,42.3,Eletronicos,Cartao_Credito,Mobile,2241.72,479.1,2,175.8,3,-56.53,839,DEV-76039,1
TRX-55078,37.9,Beleza,Pix,Mobile,38.54,1189.1,0,102.7,5,-21.52,838,DEV-27651,0
TRX-55079,48.2,Vestuario,Boleto,Desktop,1151.47,1178.4,0,159.0,3,79.87,197,DEV-A22E3,0
TRX-55080,27.3,Games,Cartao_Credito,Desktop,2248.43,982.7,0,47.5,2,14.14,577,DEV-A6CFF,1
TRX-55081,45.8, ELETRONICOS ,Cartao_Credito,Mobile,318.78,335.1,2,698.3,6,9.68,416,DEV-71BF7,1
TRX-55082,35.1,Beleza,Pix,Desktop,157.43,1707.8,1,26.8,3,3.95,274,DEV-C7997,0
TRX-55083,39.5,Eletronicos,Boleto,Mobile,868.4,1084.4,0,158.6,5,168.62,836,DEV-711D7,0
TRX-55084,28.0,Vestuario,Cartao_Credito,Desktop,562.74,1470.1,0,362.6,5,26.98,111,DEV-94A06,0
TRX-55085,18.5,Eletronicos,Voucher,Mobile,625.18,1388.3,0,10.9,2,139.94,606,DEV-8112A,0
TRX-55086,29.0,eletronicos,Cartao_Credito,Tablet,1883.53,63.2,0,34.7,8,6.78,338,DEV-449BD,1
TRX-55087,29.1,Eletronicos,Cartao_Credito,Mobile,969.7,1444.1,1,263.3,7,-148.31,990,DEV-89048,0
TRX-55088,25.9,Vestuario,Cartao_Credito,Mobile,1727.54,464.2,1,44.9,3,-184.76,949,DEV-47076,0
TRX-55089,34.3,Games,Cartao_Credito,Mobile,438.94,1640.1,1,93.4,3,120.51,989,DEV-3F9DE,0
TRX-55090,41.2,Vestuario,Cartao_Credito,Mobile,137.88,1758.4,1,180.4,2,7.58,920,DEV-B15AD,0
TRX-55091,34.6,eletronicos,Cartao_Credito,Mobile,664.51,1081.7,1,178.6,5,85.04,719,DEV-CE80F,1
TRX-55092,39.4,Beleza,Cartao_Credito,Mobile,467.3,791.7,1,51.3,4,-30.68,136,DEV-653E9,0
TRX-55093,37.7,Beleza,Cartao_Credito,Desktop,93.2,1796.2,1,102.1,5,158.85,622,DEV-E24D2,0
TRX-55094,19.3,eletronicos,Pix,Desktop,352.65,147.6,0,2.4,5,-30.44,808,DEV-C611C,0
TRX-55095,41.6,Eletronicos,Pix,Mobile,182.52,900.8,0,0.7,7,120.9,581,DEV-44427,0
TRX-55096,44.1,Beleza,Pix,Mobile,620.21,389.4,1,40.0,2,68.89,691,DEV-96A44,0
TRX-55097,59.3,Vestuario,Boleto,Mobile,437.08,1764.7,0,184.6,8,-6.22,161,DEV-650A7,0
TRX-55098,29.3,Beleza,Pix,Desktop,79.15,1512.9,0,80.9,3,75.6,126,DEV-51005,0
TRX-55099,39.2,Vestuario,Cartao_Credito,Mobile,,1467.3,1,249.6,5,-113.9,391,DEV-ADDA4,0
TRX-55100,42.1,Vestuario,Boleto,Mobile,776.5,1543.8,2,167.2,2,-67.72,792,DEV-93CCC,1
TRX-55101,33.0,Eletronicos,Cartao_Credito,Desktop,367.5,1683.2,1,29.7,2,-67.24,619,DEV-43D55,0
TRX-55102,51.1,Beleza,Cartao_Credito,Desktop,843.88,1694.2,0,47.1,3,5.07,527,DEV-724FE,0
TRX-55103,31.5,Beleza,Cartao_Credito,Mobile,350.89,758.3,0,255.7,7,-65.29,474,DEV-D3811,0
TRX-55104,25.6,Vestuario,Cartao_Credito,Desktop,,561.4,2,139.6,7,-57.79,451,DEV-BF195,1
TRX-55105,26.4,Eletronicos,Cartao_Credito,Desktop,267.11,1240.3,0,59.9,5,-92.64,792,DEV-18857,0
TRX-55106,23.7, ELETRONICOS ,Pix,Mobile,1889.75,818.1,0,11.4,3,96.73,330,DEV-4131E,1
TRX-55107,24.8,eletronicos,Boleto,Mobile,363.59,406.7,1,317.4,4,111.47,377,DEV-8FD80,0
TRX-55108,41.4,Beleza,Cartao_Credito,Desktop,304.99,1305.5,2,10.9,4,52.55,996,DEV-DC250,0
TRX-55109,38.4, ELETRONICOS ,Boleto,SmartTV,2030.81,1097.3,1,145.5,5,-75.35,383,DEV-D8EC3,0
TRX-55110,38.6,Games,Cartao_Credito,Mobile,507.47,438.1,0,1.4,6,-3.67,296,DEV-2A19D,0
TRX-55111,29.8,Vestuario,Boleto,Mobile,2142.13,1529.0,1,9.0,4,-15.82,702,DEV-49E39,1
TRX-55112,31.6, ELETRONICOS ,Cartao_Credito,Desktop,,955.8,0,274.3,4,119.2,457,DEV-81DAC,0
TRX-55113,35.2,Eletronicos,Boleto,Tablet,173.74,1483.1,0,205.7,2,7.98,319,DEV-A2157,0
TRX-55114,46.6,Eletronicos,Boleto,Tablet,,212.3,1,1.1,2,14.48,738,DEV-77859,1
TRX-55115,43.1,Games,Cartao_Credito,Desktop,290.43,1533.8,1,91.8,6,-50.74,791,DEV-D987D,0
TRX-55116,37.2,eletronicos,Cartao_Credito,Mobile,,1435.0,4,75.8,5,-1.76,851,DEV-9A6F6,1
TRX-55117,38.3,Eletronicos,Cartao_Credito,Mobile,764.13,1376.2,1,205.0,1,-280.6,220,DEV-EA7CB,0
TRX-55118,54.5,Eletronicos,Cartao_Credito,Desktop,823.71,653.9,2,68.6,8,182.86,877,DEV-75813,0
TRX-55119,,Eletronicos,Cartao_Credito,Mobile,301.95,1071.9,1,103.3,3,82.1,460,DEV-1C17E,0
TRX-55120,41.0,eletronicos,Boleto,Mobile,,618.4,1,85.7,3,-90.0,930,DEV-F0AEA,1
TRX-55121,45.9, ELETRONICOS ,Pix,Mobile,335.69,733.3,0,40.9,1,-28.07,923,DEV-DAACB,0
TRX-55122,21.9, ELETRONICOS ,Boleto,Mobile,614.19,658.1,0,38.7,5,-31.76,723,DEV-D2E34,0
TRX-55123,36.1,Eletronicos,Cartao_Credito,Desktop,727.92,466.2,1,224.1,4,76.96,972,DEV-AD56C,0
TRX-55124,27.0,Games,Boleto,Desktop,930.41,856.1,1,194.9,3,106.87,253,DEV-C6B7D,0
TRX-55125,33.9,Vestuario,Cartao_Credito,Tablet,,306.8,0,70.0,3,-100.75,964,DEV-CA66D,1
TRX-55126,43.9, ELETRONICOS ,Cartao_Credito,Desktop,760.75,485.1,3,43.1,4,-58.76,160,DEV-9D256,1
TRX-55127,38.0, ELETRONICOS ,Boleto,Tablet,2009.95,1458.8,0,142.9,2,-35.45,622,DEV-68982,0
TRX-55128,45.6, ELETRONICOS ,Cartao_Credito,Mobile,829.53,849.8,2,259.7,3,-46.18,711,DEV-61139,0
TRX-55129,46.0,eletronicos,Cartao_Credito,Mobile,1343.27,46.4,1,80.4,4,23.72,876,DEV-236DD,0
TRX-55130,31.9,Vestuario,Cartao_Credito,Desktop,388.07,351.4,3,25.1,2,14.33,198,DEV-28EE9,1
TRX-55131,37.6,eletronicos,Pix,Mobile,,959.3,0,210.2,4,110.77,934,DEV-EB9CA,1
TRX-55132,41.7,Vestuario,Cartao_Credito,Desktop,149.07,1615.9,1,73.5,3,-131.68,366,DEV-50640,0
TRX-55133,26.3,eletronicos,Boleto,Mobile,167.65,1435.5,0,45.5,4,-205.71,699,DEV-B2E5A,0
TRX-55134,52.1,Beleza,Cartao_Credito,Tablet,209.62,1437.1,0,126.2,1,-141.11,519,DEV-89ED0,1
TRX-55135,43.1,Eletronicos,Pix,Desktop,83.91,105.0,1,32.1,5,180.28,379,DEV-D4E52,0
TRX-55136,,Vestuario,Cartao_Credito,Mobile,1179.61,255.8,0,61.7,3,-1.61,364,DEV-E0D82,1
TRX-55137,45.6,Vestuario,Cartao_Credito,Mobile,39.41,863.0,1,182.1,3,124.68,578,DEV-5809A,0
TRX-55138,38.2,Eletronicos,Cartao_Credito,Mobile,1278.86,494.2,2,35.5,5,-94.51,726,DEV-3AE9D,0
TRX-55139,35.3, ELETRONICOS ,Cartao_Credito,Mobile,294.35,249.7,0,887.2,3,132.53,123,DEV-5372B,1
TRX-55140,43.4,Vestuario,Pix,Desktop,94.68,1245.1,1,18.4,3,53.93,776,DEV-BEC7F,0
TRX-55141,49.4,Beleza,Boleto,Mobile,526.5,202.9,0,64.3,4,-43.62,678,DEV-E5643,0
TRX-55142,36.3,Beleza,Pix,Tablet,70.28,1136.1,0,25.1,5,-8.6,694,DEV-77740,0
TRX-55143,34.3, ELETRONICOS ,Cartao_Credito,Desktop,,923.0,0,166.0,1,-27.13,985,DEV-CDB37,0
TRX-55144,37.7,Vestuario,Voucher,Desktop,63.73,1083.4,2,361.8,1,7.5,659,DEV-ADABD,1
TRX-55145,48.4,Eletronicos,Boleto,Mobile,3649.23,390.6,0,90.9,2,-184.31,812,DEV-9E4E9,1
TRX-55146,29.4,Eletronicos,Boleto,Mobile,611.64,1278.0,1,9.0,4,5.73,481,DEV-BD064,0
TRX-55147,39.1, ELETRONICOS ,Cartao_Credito,Mobile,712.78,323.7,0,33.2,3,-49.6,809,DEV-B10B0,0
TRX-55148,28.6,Eletronicos,Cartao_Credito,Mobile,204.47,604.0,0,161.4,2,-172.69,960,DEV-CB4D9,0
TRX-55149,55.3,Beleza,Boleto,Desktop,1641.09,909.5,1,12.0,2,-205.39,110,DEV-C22EA,1
TRX-55150,36.4,Beleza,Cartao_Credito,Desktop,1091.35,864.4,0,19.5,3,-47.67,125,DEV-47330,0
TRX-55151,34.7,Eletronicos,Boleto,Mobile,617.42,398.4,1,36.6,3,190.81,961,DEV-3B508,1
TRX-55152,49.3, ELETRONICOS ,Pix,Desktop,2158.86,1176.0,0,284.6,2,138.1,847,DEV-443AE,1
TRX-55153,33.2,Vestuario,Cartao_Credito,SmartTV,,708.7,0,305.6,8,-21.71,212,DEV-2973A,0
TRX-55154,,Eletronicos,Cartao_Credito,Mobile,1823.28,1675.0,1,146.1,5,-82.68,786,DEV-88E57,0
TRX-55155,36.5,Eletronicos,Pix,Mobile,1123.32,819.8,0,8.1,5,-85.58,655,DEV-CF315,0
TRX-55156,22.4,Vestuario,Pix,Desktop,684.01,1528.6,0,34.4,3,-117.16,517,DEV-9F96D,0
TRX-55157,49.0,eletronicos,Voucher,Desktop,539.03,1468.3,1,15.4,4,221.03,329,DEV-784AC,0
TRX-55158,25.8,Eletronicos,Pix,Mobile,102.7,1152.5,0,4.8,6,-11.74,933,DEV-8F0C2,0
TRX-55159,30.9,Eletronicos,Cartao_Credito,Desktop,217.84,1214.0,1,83.1,2,59.61,595,DEV-CBC97,1
TRX-55160,43.3,Eletronicos,Boleto,Desktop,406.32,345.4,1,88.9,3,-58.6,980,DEV-648F7,0
TRX-55161,19.2,Beleza,Cartao_Credito,Mobile,156.28,387.2,0,252.1,5,-61.05,694,DEV-EE981,0
TRX-55162,13.5, ELETRONICOS ,Boleto,Mobile,142.82,390.5,0,170.1,2,66.85,780,DEV-8543B,0
TRX-55163,2.8,Beleza,Boleto,Mobile,355.23,838.0,0,46.6,4,166.56,824,DEV-DA0B1,0
TRX-55164,42.2,eletronicos,Boleto,Tablet,278.85,358.5,3,67.4,8,4.46,332,DEV-51A88,0
TRX-55165,34.5,Beleza,Cartao_Credito,Mobile,215.69,899.8,0,554.7,5,99.62,702,DEV-BB536,0
TRX-55166,55.3,Vestuario,Cartao_Credito,Mobile,459.57,1531.2,0,198.4,2,-16.71,324,DEV-5148B,1
TRX-55167,35.9,Beleza,Cartao_Credito,Mobile,162.03,1616.0,0,126.8,2,133.64,230,DEV-7DDB9,0
TRX-55168,25.2,Eletronicos,Cartao_Credito,Desktop,471.6,509.2,0,451.5,1,38.85,772,DEV-89737,1
TRX-55169,40.8,eletronicos,Boleto,Mobile,252.1,733.4,0,45.7,2,22.02,906,DEV-AB74C,0
TRX-55170,45.6,Vestuario,Cartao_Credito,Mobile,192.89,1090.8,1,55.2,3,19.17,328,DEV-AC5C3,0
TRX-55171,29.7,Games,Cartao_Credito,Mobile,828.5,1609.3,0,656.1,8,-50.0,638,DEV-7112A,0
TRX-55172,33.5,Beleza,Cartao_Credito,SmartTV,44.74,935.4,0,79.1,3,-110.19,835,DEV-75726,0
TRX-55173,56.1,Vestuario,Cartao_Credito,Mobile,1265.92,1089.7,2,167.6,3,35.02,829,DEV-644CD,0
TRX-55174,36.4,Eletronicos,Pix,Desktop,258.22,306.3,0,243.1,5,12.87,666,DEV-9360C,0
TRX-55175,26.4,Vestuario,Pix,Mobile,642.09,1743.7,0,131.4,2,-7.59,728,DEV-2697F,0
TRX-55176,21.0,Eletronicos,Boleto,Mobile,36.62,644.3,0,380.5,3,-186.9,892,DEV-23E78,0
TRX-55177,35.4,Games,Boleto,Desktop,858.13,385.9,1,63.1,6,88.04,949,DEV-DC2D7,0
TRX-55178,26.5,Vestuario,Pix,Desktop,791.75,169.0,0,306.4,1,75.65,974,DEV-9207B,1
TRX-55179,43.5,Games,Boleto,Mobile,415.42,295.8,0,117.8,2,-79.74,698,DEV-7D121,1
TRX-55180,56.7,Beleza,Pix,Mobile,428.58,318.4,0,212.6,3,-152.72,447,DEV-91A26,0
TRX-55181,52.1,Beleza,Cartao_Credito,Mobile,252.52,1431.2,1,83.0,3,83.59,106,DEV-C8FDB,0
TRX-55182,50.3,Games,Boleto,Desktop,,1240.6,1,22.2,4,-44.03,422,DEV-BE03E,0
TRX-55183,41.5, ELETRONICOS ,Boleto,Mobile,858.56,1507.7,1,100.5,5,-57.48,670,DEV-9385F,0
TRX-55184,27.0,Beleza,Cartao_Credito,Mobile,20.54,436.4,1,2.1,3,98.72,850,DEV-1B0B4,0
TRX-55185,45.4,Eletronicos,Pix,Mobile,6601.99,1025.8,0,17.9,1,137.37,758,DEV-AC182,1
TRX-55186,36.6,Beleza,Cartao_Credito,Mobile,479.66,1231.3,2,151.2,2,-3.25,661,DEV-CA137,1
TRX-55187,42.0,Vestuario,Cartao_Credito,Mobile,778.46,654.4,1,95.2,6,84.06,410,DEV-3FE64,0
TRX-55188,46.2,Eletronicos,Cartao_Credito,Desktop,184.95,1288.0,1,18.9,3,282.11,618,DEV-65547,0
TRX-55189,34.1,Eletronicos,Boleto,SmartTV,985.61,755.6,1,91.4,3,97.76,761,DEV-77393,1
TRX-55190,49.2,Eletronicos,Pix,Desktop,,322.5,1,204.0,2,60.24,562,DEV-1CC66,1
TRX-55191,29.3,Vestuario,Cartao_Credito,Mobile,,1168.1,1,110.2,3,113.19,924,DEV-397AE,1
TRX-55192,16.4,Eletronicos,Boleto,Desktop,1138.94,387.3,1,118.6,4,-91.73,633,DEV-BFE25,0
TRX-55193,26.8,Games,Boleto,Mobile,701.7,1239.1,0,22.5,5,-112.89,859,DEV-DEFDD,0
TRX-55194,7.1,Beleza,Cartao_Credito,Desktop,924.96,1091.4,2,88.9,2,-24.75,364,DEV-3174B,1
TRX-55195,44.4,Vestuario,Voucher,Mobile,200.23,381.3,0,42.2,2,6.31,391,DEV-C7406,0
TRX-55196,37.1, ELETRONICOS ,Pix,Desktop,744.18,624.5,0,143.9,2,-135.19,650,DEV-95515,1
TRX-55197,15.1,eletronicos,Cartao_Credito,Mobile,540.26,1290.8,0,666.5,5,116.61,234,DEV-55FC2,0
TRX-55198,32.3,Eletronicos,Boleto,Mobile,386.61,1300.2,0,140.6,3,-34.93,585,DEV-778DD,0
TRX-55199,33.8,Vestuario,Boleto,Mobile,93.2,126.7,0,83.7,3,-25.99,598,DEV-B223D,0
TRX-55200,40.8,Vestuario,Cartao_Credito,Mobile,372.38,1730.0,0,397.3,0,32.26,687,DEV-7149B,1
TRX-55201,37.0,Games,Voucher,Desktop,444.89,1693.8,0,31.7,4,56.35,314,DEV-33B96,0
TRX-55202,34.8,Eletronicos,Cartao_Credito,Desktop,226.58,902.5,0,23.4,5,179.24,848,DEV-B0A9E,0
TRX-55203,33.8,eletronicos,Cartao_Credito,Mobile,888.99,839.8,0,136.7,4,-27.86,760,DEV-83406,0
TRX-55204,38.8,Beleza,Cartao_Credito,Desktop,20.06,870.7,0,236.2,4,1.94,328,DEV-AF92F,0
TRX-55205,51.2,Beleza,Pix,Mobile,786.28,816.4,1,154.9,5,25.41,375,DEV-CCC14,0
TRX-55206,21.3,Eletronicos,Cartao_Credito,Mobile,695.14,32.9,0,3.5,1,203.12,561,DEV-3A3C9,0
TRX-55207,52.5,Eletronicos,Cartao_Credito,Mobile,981.77,142.2,1,78.2,5,98.99,599,DEV-AE421,1
TRX-55208,34.2,Eletronicos,Cartao_Credito,Desktop,1085.05,682.1,1,39.6,4,44.44,723,DEV-A0E77,0
TRX-55209,32.6,Eletronicos,Pix,Desktop,2944.89,444.4,0,295.0,2,-6.44,771,DEV-4ED1C,1
TRX-55210,47.7, ELETRONICOS ,Cartao_Credito,Mobile,1316.62,1212.7,1,67.4,2,-57.93,896,DEV-A4630,1
TRX-55211,32.4,Eletronicos,Cartao_Credito,Mobile,1655.12,1072.7,1,1.3,2,-10.49,734,DEV-C6BFB,1
TRX-55212,,eletronicos,Cartao_Credito,Mobile,608.6,168.0,1,26.1,3,135.39,488,DEV-5C655,0
TRX-55213,44.9,Eletronicos,Cartao_Credito,Mobile,1026.97,685.5,1,252.3,3,14.9,572,DEV-E04C4,0
TRX-55214,55.2,eletronicos,Boleto,Desktop,1389.37,1661.7,0,407.7,3,-118.64,339,DEV-B566A,0
TRX-55215,, ELETRONICOS ,Cartao_Credito,Desktop,82.06,797.7,2,5.1,6,48.34,669,DEV-2F652,0
TRX-55216,32.6,Vestuario,Cartao_Credito,Mobile,194.73,959.3,2,208.4,3,-154.18,535,DEV-BBA60,0
TRX-55217,28.5,eletronicos,Pix,Desktop,123.8,1404.1,1,31.8,2,-112.84,269,DEV-E2A1D,0
TRX-55218,33.5,Beleza,Pix,Mobile,188.95,1523.1,0,76.5,3,8.5,592,DEV-85940,0
TRX-55219,, ELETRONICOS ,Cartao_Credito,Mobile,611.78,209.9,1,183.0,3,-56.72,598,DEV-1D967,0
TRX-55220,42.4,Eletronicos,Cartao_Credito,Mobile,837.65,1077.6,0,275.3,4,-274.98,317,DEV-26E1D,1
TRX-55221,33.8,Beleza,Boleto,Mobile,793.03,542.5,1,3.3,4,-317.26,253,DEV-A8DE5,0
TRX-55222,33.8,Eletronicos,Cartao_Credito,Mobile,847.33,1129.1,2,395.5,1,-35.22,439,DEV-BF79A,1
TRX-55223,,Vestuario,Boleto,Mobile,1053.12,213.0,1,357.4,4,-148.18,700,DEV-888AC,1
TRX-55224,47.0,Games,Cartao_Credito,Mobile,569.72,1516.3,0,55.6,4,-62.0,799,DEV-39429,0
TRX-55225,21.7,Eletronicos,Cartao_Credito,Mobile,2820.18,739.9,2,181.3,4,-81.45,265,DEV-E619E,1
TRX-55226,30.2,Beleza,Cartao_Credito,Mobile,594.94,1171.8,3,31.4,5,-91.01,717,DEV-57F48,0
TRX-55227,42.8,eletronicos,Voucher,Mobile,270.74,1735.2,0,194.3,1,-229.7,670,DEV-774BC,0
TRX-55228,36.9,Eletronicos,Cartao_Credito,Mobile,277.99,1309.6,0,20.8,3,-43.96,586,DEV-762D5,0
TRX-55229,38.5,Vestuario,Boleto,Mobile,232.09,754.8,0,179.9,4,26.94,271,DEV-DEAA0,0
TRX-55230,40.3,Eletronicos,Boleto,Desktop,2096.94,300.2,1,61.6,7,-248.29,142,DEV-BA216,0
TRX-55231,38.0,Vestuario,Voucher,Mobile,64.77,1080.8,0,200.9,5,37.47,947,DEV-BF744,0
TRX-55232,25.8,Beleza,Boleto,Mobile,,670.0,1,293.4,4,-98.56,979,DEV-45739,0
TRX-55233,52.5, ELETRONICOS ,Cartao_Credito,Mobile,,439.9,3,15.3,5,102.52,710,DEV-970FE,1
TRX-55234,52.3,Vestuario,Cartao_Credito,Desktop,651.19,747.5,0,11.0,4,9.39,204,DEV-69103,0
TRX-55235,33.5,Vestuario,Cartao_Credito,Mobile,1043.6,1615.6,0,28.3,7,108.38,788,DEV-1936E,0
TRX-55236,,Vestuario,Pix,Mobile,157.31,1614.9,3,89.6,7,-15.27,592,DEV-ED9D1,0
TRX-55237,19.2,Vestuario,Pix,Desktop,262.56,533.0,1,298.3,3,-137.54,602,DEV-4CFC4,0
TRX-55238,26.7,Games,Pix,Desktop,146.94,1509.4,0,118.7,2,-72.61,514,DEV-9C7B9,0
TRX-55239,15.2,Vestuario,Boleto,Mobile,614.79,1385.3,1,20.8,2,72.06,851,DEV-1F63C,0
TRX-55240,-2.8,Vestuario,Pix,Mobile,105.52,656.4,1,6.6,4,-120.53,109,DEV-25153,0
TRX-55241,43.7,Games,Voucher,Desktop,854.16,1615.0,1,25.7,4,-40.21,103,DEV-7C44E,0
TRX-55242,26.9,Beleza,Boleto,Desktop,,101.9,0,51.7,6,-224.74,439,DEV-BADC4,0
TRX-55243,36.5, ELETRONICOS ,Boleto,Mobile,176.34,1413.2,1,161.7,5,203.72,664,DEV-5F496,0
TRX-55244,33.3,Beleza,Cartao_Credito,Mobile,1050.92,1110.5,1,299.8,1,-36.28,556,DEV-36491,1
TRX-55245,33.0,eletronicos,Voucher,Mobile,244.0,1224.8,1,171.3,0,48.48,310,DEV-7D05F,0
TRX-55246,49.6,Eletronicos,Cartao_Credito,Mobile,144.47,632.7,1,0.5,1,72.08,466,DEV-62188,0
TRX-55247,38.3,Eletronicos,Boleto,Mobile,2158.61,767.7,0,211.4,4,-7.46,903,DEV-539A0,1
TRX-55248,,Eletronicos,Cartao_Credito,Mobile,101.38,1174.5,2,201.5,6,38.76,307,DEV-EAC65,0
TRX-55249,33.7, ELETRONICOS ,Cartao_Credito,Mobile,351.6,498.8,1,3.0,3,-117.06,751,DEV-DF9EA,0
TRX-55250,37.6,Beleza,Cartao_Credito,Mobile,376.36,650.9,1,125.3,4,20.36,874,DEV-76643,0
TRX-55251,42.6,Games,Pix,Mobile,431.21,1116.8,0,713.6,4,-60.39,382,DEV-31A92,0
TRX-55252,41.9,Beleza,Cartao_Credito,Mobile,992.31,1239.5,1,350.9,4,-141.5,394,DEV-E1376,1
TRX-55253,27.5,Eletronicos,Cartao_Credito,Mobile,363.7,1555.8,0,46.0,4,-101.45,995,DEV-6971E,0
TRX-55254,32.0,Vestuario,Cartao_Credito,Desktop,518.29,645.4,0,63.8,5,-132.98,614,DEV-57950,0
TRX-55255,42.4,Eletronicos,Cartao_Credito,Desktop,32.81,1100.5,2,60.8,3,-37.16,265,DEV-690D2,0
TRX-55256,29.0,eletronicos,Boleto,Desktop,409.34,63.8,1,198.8,4,169.28,783,DEV-B3D78,0
TRX-55257,34.1,Vestuario,Cartao_Credito,Desktop,985.75,1209.4,0,21.7,2,93.22,816,DEV-74CCD,0
TRX-55258,45.5,Eletronicos,Cartao_Credito,Mobile,908.56,1438.9,1,13.1,1,17.57,111,DEV-2906E,0
TRX-55259,45.5, ELETRONICOS ,Cartao_Credito,Mobile,971.94,199.9,0,70.8,4,1.16,718,DEV-BA29A,0
TRX-55260,14.3,Vestuario,Cartao_Credito,Desktop,,62.6,0,12.3,3,164.04,604,DEV-59371,0
TRX-55261,44.9,Vestuario,Pix,Desktop,1201.66,1684.1,0,474.1,4,81.23,992,DEV-1FF17,0
TRX-55262,52.4,eletronicos,Pix,Mobile,952.71,1574.6,1,39.2,6,95.01,535,DEV-71F14,0
TRX-55263,27.8, ELETRONICOS ,Cartao_Credito,SmartTV,921.15,573.7,0,7.3,2,-42.45,535,DEV-B0063,0
TRX-55264,55.2,Eletronicos,Boleto,Tablet,343.9,665.2,0,40.9,5,-28.97,378,DEV-C6EBD,0
TRX-55265,43.5,Vestuario,Cartao_Credito,Desktop,284.04,723.6,1,144.9,1,31.08,753,DEV-B8F36,0
TRX-55266,34.0,Eletronicos,Cartao_Credito,Desktop,393.01,708.1,0,279.3,6,37.02,393,DEV-45E51,0
TRX-55267,34.7,Eletronicos,Pix,Mobile,206.68,1342.6,0,25.5,3,155.18,405,DEV-EC4C9,0
TRX-55268,37.8,eletronicos,Pix,Mobile,311.32,671.6,0,94.3,2,-172.87,475,DEV-B6031,0
TRX-55269,38.9,Games,Pix,Mobile,803.04,1078.3,2,30.5,1,16.43,268,DEV-46733,1
TRX-55270,54.4,Eletronicos,Cartao_Credito,Mobile,1079.26,1018.5,0,252.5,4,76.38,885,DEV-2187F,0
TRX-55271,30.4,Vestuario,Cartao_Credito,Mobile,91.27,804.1,0,53.3,6,-14.71,960,DEV-D9495,0
TRX-55272,48.5,Eletronicos,Cartao_Credito,Desktop,29.49,132.8,0,108.1,4,-106.84,843,DEV-3D5C4,0
TRX-55273,32.4,Games,Cartao_Credito,Mobile,187.41,1290.2,0,102.8,1,-16.15,790,DEV-B5ED7,0
TRX-55274,38.7,Beleza,Cartao_Credito,Mobile,291.64,192.5,1,15.5,5,-141.8,491,DEV-6BFAE,0
TRX-55275,30.8,eletronicos,Boleto,Desktop,482.53,1638.0,1,9.8,5,-53.32,225,DEV-4EBDA,0
TRX-55276,29.4,Beleza,Cartao_Credito,Tablet,826.98,1399.4,1,124.9,3,76.49,186,DEV-C0469,0
TRX-55277,35.5,Vestuario,Cartao_Credito,Mobile,781.86,227.1,0,201.6,6,118.74,383,DEV-A9EAB,0
TRX-55278,41.9,Games,Cartao_Credito,Mobile,1429.89,470.5,1,123.7,2,-218.96,268,DEV-B9563,1
TRX-55279,47.9,Eletronicos,Cartao_Credito,Desktop,728.16,1180.1,0,9.1,3,-122.91,887,DEV-25770,0
TRX-55280,20.1,eletronicos,Cartao_Credito,Mobile,470.94,310.2,0,8.6,2,139.4,393,DEV-52174,0
TRX-55281,33.0,Eletronicos,Boleto,Mobile,123.1,931.6,1,263.4,10,-38.29,680,DEV-AD512,0
TRX-55282,23.8,Beleza,Cartao_Credito,Mobile,235.89,1469.6,1,346.8,2,-280.34,688,DEV-20F5B,0
TRX-55283,39.3,eletronicos,Boleto,Mobile,705.55,882.6,0,155.4,4,51.51,375,DEV-78468,0
TRX-55284,37.8,Eletronicos,Boleto,Mobile,214.65,1074.3,1,22.7,6,-75.18,906,DEV-87243,0
TRX-55285,27.1,Vestuario,Cartao_Credito,Mobile,1039.38,825.9,1,44.1,4,-99.59,238,DEV-C0ACD,1
TRX-55286,41.8,eletronicos,Pix,Desktop,177.67,1778.3,0,261.6,3,92.04,592,DEV-5EB47,0
TRX-55287,30.0,Beleza,Cartao_Credito,Mobile,900.92,1409.7,0,47.5,4,-41.0,818,DEV-BF1C8,0
TRX-55288,,Eletronicos,Cartao_Credito,Mobile,35.0,367.3,0,168.9,5,91.06,554,DEV-73FCE,0
TRX-55289,40.1,Beleza,Cartao_Credito,Tablet,225.06,1585.4,0,124.8,5,-312.56,945,DEV-5DE17,0
TRX-55290,30.8,Games,Boleto,Mobile,175.35,1394.8,2,100.3,2,-19.39,593,DEV-D9FE1,1
TRX-55291,32.9, ELETRONICOS ,Boleto,Mobile,1902.58,277.7,1,12.2,3,-166.32,318,DEV-243EA,1
TRX-55292,,Beleza,Cartao_Credito,Mobile,594.0,567.8,0,81.9,6,-138.5,400,DEV-67640,0
TRX-55293,32.3,Eletronicos,Pix,Mobile,305.95,1092.0,0,163.7,3,5.59,199,DEV-1E567,0
TRX-55294,,Games,Cartao_Credito,Desktop,515.81,1039.6,0,108.5,1,2.64,827,DEV-B8A4B,0
TRX-55295,28.4,Eletronicos,Boleto,Mobile,4756.72,1452.2,0,29.5,5,-111.5,851,DEV-5A425,1
TRX-55296,41.6,Vestuario,Cartao_Credito,Desktop,309.88,44.1,0,44.9,2,-2.57,809,DEV-3F6BA,0
TRX-55297,38.9,Beleza,Pix,Mobile,174.14,464.8,0,123.5,1,-156.67,490,DEV-274AA,0
TRX-55298,28.2, ELETRONICOS ,Cartao_Credito,Desktop,99.88,1367.5,0,291.8,4,71.23,111,DEV-DEB40,0
TRX-55299,41.3,Eletronicos,Pix,Desktop,323.23,1413.8,0,88.6,5,61.75,513,DEV-575C0,0
TRX-55300,41.2,eletronicos,Boleto,Mobile,1958.87,1003.5,1,150.2,4,-14.34,594,DEV-528CF,1
TRX-55301,,Games,Pix,Mobile,129.97,1225.8,1,65.5,3,130.61,127,DEV-68A98,0
TRX-55302,,Vestuario,Boleto,Mobile,631.8,995.8,1,59.9,3,105.51,414,DEV-6383E,0
TRX-55303,58.1,Eletronicos,Cartao_Credito,Mobile,507.54,1616.3,0,205.5,9,42.46,197,DEV-4B0D2,0
TRX-55304,35.9,Eletronicos,Pix,Mobile,2701.2,1196.5,0,127.8,3,84.57,489,DEV-B66AE,1
TRX-55305,35.1,Eletronicos,Cartao_Credito,Mobile,39.12,261.5,2,302.4,2,26.49,534,DEV-EC857,1
TRX-55306,29.6,eletronicos,Boleto,Mobile,654.45,1561.3,0,14.9,4,1.83,554,DEV-52753,0
TRX-55307,30.0,Beleza,Cartao_Credito,Mobile,144.44,1095.6,0,224.4,4,64.13,496,DEV-B23C6,0
TRX-55308,26.2,Games,Cartao_Credito,Desktop,,1732.5,1,14.1,4,13.78,786,DEV-B2920,0
TRX-55309,37.0,Eletronicos,Boleto,Mobile,1514.65,968.5,1,44.5,5,-177.1,448,DEV-5C813,1
TRX-55310,37.0,Eletronicos,Pix,Mobile,478.45,932.1,0,244.6,5,13.84,467,DEV-D91DD,0
TRX-55311,30.6,Eletronicos,Pix,Mobile,1772.64,1264.8,0,61.9,8,71.53,514,DEV-A9A61,0
TRX-55312,27.8,Beleza,Pix,Mobile,124.49,1297.0,0,89.3,3,11.88,574,DEV-EA50B,0
TRX-55313,38.4, ELETRONICOS ,Cartao_Credito,Mobile,83.02,599.0,0,162.6,8,-23.42,125,DEV-A65ED,0
TRX-55314,40.5, ELETRONICOS ,Pix,SmartTV,270.56,397.1,0,230.8,0,273.2,424,DEV-38F59,1
TRX-55315,17.8, ELETRONICOS ,Cartao_Credito,Mobile,812.44,918.5,2,236.9,4,11.28,570,DEV-203B5,1
TRX-55316,37.9, ELETRONICOS ,Cartao_Credito,Mobile,518.63,291.7,1,92.4,1,125.55,846,DEV-860A4,1
TRX-55317,33.1,Vestuario,Pix,Mobile,480.9,180.2,0,153.6,6,-93.17,338,DEV-D4A02,0
TRX-55318,46.8,eletronicos,Boleto,Mobile,423.78,1700.1,0,100.2,3,242.97,435,DEV-A835B,0
TRX-55319,47.2,Vestuario,Cartao_Credito,Mobile,870.42,477.6,0,47.1,1,-220.13,817,DEV-8DB1F,0
TRX-55320,32.3, ELETRONICOS ,Pix,Desktop,153.54,1465.0,2,186.1,4,150.17,695,DEV-F28C1,0
TRX-55321,21.6,Eletronicos,Pix,Mobile,328.67,1317.6,1,406.9,6,-18.18,223,DEV-764ED,1
TRX-55322,41.1,Eletronicos,Boleto,SmartTV,382.96,720.5,1,201.5,4,15.0,492,DEV-46383,0
TRX-55323,32.8,Eletronicos,Pix,Mobile,343.15,686.2,0,74.4,3,-28.12,328,DEV-567D5,0
TRX-55324,20.8,Eletronicos,Cartao_Credito,Desktop,184.54,1389.4,0,165.8,3,-74.39,727,DEV-68D33,0
TRX-55325,21.3,eletronicos,Cartao_Credito,Mobile,85.11,1339.3,0,234.8,2,102.94,559,DEV-2F624,0
TRX-55326,35.2,eletronicos,Boleto,Desktop,45.81,79.2,0,792.5,1,10.83,767,DEV-6F6B2,1
TRX-55327,35.0,Eletronicos,Cartao_Credito,Mobile,1592.74,1700.4,2,46.0,4,-118.89,113,DEV-D813A,0
TRX-55328,,Games,Pix,Mobile,984.81,485.4,1,187.2,5,-322.29,730,DEV-EAD14,0
TRX-55329,53.6,Beleza,Cartao_Credito,Mobile,909.03,133.5,0,89.4,1,-137.38,594,DEV-7C2BF,1
TRX-55330,35.9,Vestuario,Boleto,Mobile,805.29,1685.5,1,265.0,2,-113.43,204,DEV-94C45,0
TRX-55331,28.2,Games,Pix,Mobile,217.54,1038.3,0,145.5,4,161.11,126,DEV-93A77,0
TRX-55332,34.2,Vestuario,Pix,Mobile,24.13,16.0,0,28.6,2,30.77,919,DEV-47E40,0
TRX-55333,44.7,Eletronicos,Cartao_Credito,Mobile,195.12,1582.2,1,361.9,4,156.99,580,DEV-4D84A,0
TRX-55334,31.5,Eletronicos,Pix,Desktop,562.36,1382.3,1,114.2,4,-72.41,992,DEV-237E4,0
TRX-55335,30.7,Eletronicos,Pix,Mobile,50.9,563.2,1,356.0,3,57.57,254,DEV-EDB58,1
TRX-55336,29.4,Eletronicos,Cartao_Credito,Mobile,1171.48,343.5,0,520.9,4,-163.28,332,DEV-335C8,0
TRX-55337,54.5,Eletronicos,Cartao_Credito,Desktop,886.54,706.2,0,82.7,4,126.18,162,DEV-C41D7,0
TRX-55338,51.3,Beleza,Voucher,Mobile,1173.12,1494.7,0,37.7,4,154.09,475,DEV-7FC9D,0
TRX-55339,38.1,Vestuario,Voucher,Mobile,36.87,684.6,2,176.2,3,42.2,494,DEV-5A6E8,1
TRX-55340,35.2,Games,Cartao_Credito,Desktop,,50.3,2,38.4,1,198.31,614,DEV-6B271,0
TRX-55341,59.9,Vestuario,Cartao_Credito,Mobile,429.97,612.1,2,127.0,4,-72.83,398,DEV-6A519,0
TRX-55342,45.9, ELETRONICOS ,Pix,Desktop,,472.3,1,317.6,5,-49.17,132,DEV-B4886,0
TRX-55343,37.6, ELETRONICOS ,Pix,Tablet,1537.69,1401.9,2,23.5,5,-138.88,288,DEV-DC652,0
TRX-55344,33.1,Vestuario,Cartao_Credito,Desktop,596.47,739.9,0,110.4,5,24.32,501,DEV-7FC3F,0
TRX-55345,30.7,Eletronicos,Cartao_Credito,Mobile,503.02,1280.5,0,45.6,5,-34.37,718,DEV-DDA6A,0
TRX-55346,48.5, ELETRONICOS ,Pix,Mobile,123.48,1498.9,0,107.4,6,209.37,585,DEV-1C6BA,0
TRX-55347,38.7,Vestuario,Cartao_Credito,Mobile,229.38,214.1,1,9.2,2,-269.65,110,DEV-DB5E3,1
TRX-55348,18.7,Games,Boleto,Mobile,222.21,610.6,2,8.3,1,155.64,477,DEV-C62FF,0
TRX-55349,,Vestuario,Pix,Desktop,778.31,1709.3,1,85.9,0,-112.37,869,DEV-EE72B,1
TRX-55350,47.2, ELETRONICOS ,Boleto,Desktop,419.0,724.6,0,158.4,3,161.08,361,DEV-EEC58,0
TRX-55351,44.1,Eletronicos,Cartao_Credito,Mobile,1398.37,1433.4,0,383.0,3,-184.68,228,DEV-1CFE7,1
TRX-55352,40.4,Games,Cartao_Credito,Mobile,515.92,1272.0,0,229.5,2,61.92,693,DEV-4E6FB,0
TRX-55353,26.6, ELETRONICOS ,Voucher,Mobile,135.83,1316.9,0,12.9,7,-6.72,869,DEV-D919E,0
TRX-55354,28.5,Vestuario,Cartao_Credito,Desktop,1216.37,231.2,1,43.7,4,107.68,547,DEV-DB882,1
TRX-55355,39.1, ELETRONICOS ,Cartao_Credito,Desktop,131.82,1596.4,1,243.5,4,137.42,255,DEV-453A6,0
TRX-55356,43.3,Eletronicos,Boleto,Mobile,183.93,927.6,1,93.4,5,163.25,368,DEV-A3247,0
TRX-55357,30.9,Vestuario,Cartao_Credito,Desktop,140.72,1703.6,1,116.3,3,-247.7,797,DEV-C2FD9,0
TRX-55358,30.6,Games,Cartao_Credito,Mobile,,912.5,1,196.4,1,-255.22,764,DEV-BD2B1,0
TRX-55359,49.4,Eletronicos,Cartao_Credito,Desktop,419.55,473.0,0,355.1,4,121.96,521,DEV-80B1D,1
TRX-55360,34.5,eletronicos,Cartao_Credito,Mobile,2301.4,1581.7,0,35.2,2,-76.91,715,DEV-C7FBF,1
TRX-55361,43.9,Beleza,Cartao_Credito,Mobile,21.34,1749.9,0,409.0,2,-66.17,286,DEV-5D1AE,1
TRX-55362,47.8,Eletronicos,Boleto,Mobile,603.41,308.7,0,30.6,6,54.77,418,DEV-C6DD9,0
TRX-55363,39.7,Beleza,Cartao_Credito,Mobile,68.51,1451.2,0,52.2,6,-15.18,183,DEV-57E91,0
TRX-55364,33.0,Beleza,Cartao_Credito,Mobile,1451.95,731.7,1,47.2,6,-102.59,745,DEV-6A2CD,1
TRX-55365,40.6,Vestuario,Boleto,Mobile,350.19,1453.8,4,5.5,3,110.97,927,DEV-CE9C4,1
TRX-55366,39.9,Vestuario,Voucher,Desktop,867.81,1605.0,0,113.2,1,-73.4,661,DEV-19254,0
TRX-55367,29.3,Eletronicos,Boleto,Mobile,2389.53,854.7,0,11.3,4,-39.49,831,DEV-7FAB7,0
TRX-55368,32.2,Beleza,Pix,Desktop,341.22,1606.0,0,1.8,3,-114.11,593,DEV-68FB8,0
TRX-55369,30.7,eletronicos,Cartao_Credito,Mobile,408.53,1557.8,1,114.0,7,-76.61,362,DEV-984DF,0
TRX-55370,39.0,Beleza,Cartao_Credito,Mobile,212.04,1285.1,1,18.5,1,10.37,995,DEV-CEE99,0
TRX-55371,43.6,Eletronicos,Voucher,Desktop,275.78,593.5,0,137.6,0,110.54,500,DEV-AFE5B,0
TRX-55372,56.3,Eletronicos,Cartao_Credito,Mobile,497.33,630.6,0,27.1,6,-36.22,373,DEV-EF6C1,0
TRX-55373,47.4,eletronicos,Boleto,Desktop,764.61,39.5,1,18.0,1,-228.34,799,DEV-45D08,0
TRX-55374,37.7,Eletronicos,Cartao_Credito,Mobile,973.29,355.3,2,305.2,3,98.79,565,DEV-B6A28,1
TRX-55375,32.3,eletronicos,Cartao_Credito,Mobile,197.65,611.1,1,257.2,4,46.29,318,DEV-33549,1
TRX-55376,45.5, ELETRONICOS ,Cartao_Credito,Mobile,385.63,1612.1,0,12.3,3,156.45,922,DEV-40114,0
TRX-55377,35.6,Eletronicos,Cartao_Credito,SmartTV,254.08,1244.1,1,68.2,4,-11.95,218,DEV-A4657,0
TRX-55378,13.0,Eletronicos,Boleto,Desktop,900.1,729.2,1,19.2,3,132.02,274,DEV-5B914,0
TRX-55379,45.9, ELETRONICOS ,Cartao_Credito,Mobile,2240.94,811.2,1,123.1,2,-113.02,149,DEV-9CF1F,1
TRX-55380,28.7, ELETRONICOS ,Cartao_Credito,Mobile,943.12,1686.7,0,6.6,1,-73.34,942,DEV-9CF3B,0
TRX-55381,,eletronicos,Pix,Mobile,315.67,992.1,0,172.9,5,195.05,976,DEV-E00E2,0
TRX-55382,34.7, ELETRONICOS ,Cartao_Credito,Mobile,68.36,319.0,2,120.5,3,65.21,728,DEV-80D6C,1
TRX-55383,20.5,Vestuario,Voucher,Mobile,147.69,425.4,1,341.1,1,49.23,178,DEV-AA9D4,1
TRX-55384,38.3,Beleza,Cartao_Credito,Desktop,456.48,1229.1,0,10.9,2,-169.72,710,DEV-653F8,0
TRX-55385,34.6,Vestuario,Cartao_Credito,Mobile,191.4,928.1,1,312.1,2,-19.12,360,DEV-87C30,0
TRX-55386,37.1,Games,Boleto,Mobile,40.63,1769.8,0,1.8,3,-82.41,182,DEV-EE126,0
TRX-55387,44.5,Vestuario,Pix,Mobile,495.42,1256.9,1,89.2,1,27.13,545,DEV-E1E35,0
TRX-55388,,Eletronicos,Pix,Mobile,,1370.7,2,251.9,1,-43.38,494,DEV-31672,0
TRX-55389,26.5,Eletronicos,Cartao_Credito,Desktop,809.77,1650.6,0,33.0,2,107.13,333,DEV-780F9,0
TRX-55390,42.8,Beleza,Boleto,Mobile,633.85,1268.7,2,163.2,4,-200.98,861,DEV-6BDFB,1
TRX-55391,46.8, ELETRONICOS ,Voucher,Desktop,1158.86,1510.8,3,121.8,5,-91.13,328,DEV-6A921,0
TRX-55392,27.5,Eletronicos,Cartao_Credito,Mobile,411.93,359.6,0,175.3,3,-99.55,419,DEV-4A35A,0
TRX-55393,45.2,Eletronicos,Cartao_Credito,Mobile,711.6,1372.7,1,68.9,3,-158.29,588,DEV-95EC6,1
TRX-55394,41.7,eletronicos,Pix,Mobile,457.96,1747.8,1,6.3,5,73.57,509,DEV-70463,0
TRX-55395,55.4,Beleza,Cartao_Credito,Desktop,38.64,699.5,1,151.5,3,108.56,189,DEV-45EA7,0
TRX-55396,50.3,Beleza,Cartao_Credito,Mobile,376.91,286.4,2,52.5,9,77.4,598,DEV-5810F,0
TRX-55397,31.3,Eletronicos,Boleto,SmartTV,100.02,148.7,1,56.7,6,-23.17,462,DEV-2E00F,0
TRX-55398,29.8,eletronicos,Pix,Desktop,123.93,1287.0,0,28.3,3,61.0,681,DEV-4F584,0
TRX-55399,47.0,Vestuario,Pix,Mobile,673.27,826.8,2,5.5,5,-134.79,664,DEV-98CF2,0
TRX-55400,39.3,eletronicos,Pix,Desktop,87.93,1734.7,1,58.4,2,90.04,971,DEV-320A1,0
TRX-55401,42.6,Beleza,Boleto,Mobile,347.52,1750.5,1,215.6,4,-146.78,276,DEV-33545,0
TRX-55402,35.7,Vestuario,Cartao_Credito,Mobile,74.27,1103.6,1,235.8,2,20.86,701,DEV-F2DFF,0
TRX-55403,31.8,Games,Pix,Mobile,1222.24,1489.2,0,189.5,5,364.11,926,DEV-5D2B0,0
TRX-55404,33.1,Vestuario,Cartao_Credito,Mobile,156.95,323.6,1,12.6,7,-72.36,299,DEV-86BE1,0
TRX-55405,33.7,Beleza,Cartao_Credito,Mobile,363.98,1228.3,0,34.1,2,24.82,194,DEV-E76E6,0
TRX-55406,25.8,Eletronicos,Cartao_Credito,Mobile,650.73,1329.3,0,12.6,4,69.95,394,DEV-E9B07,0
TRX-55407,46.9,Eletronicos,Cartao_Credito,Tablet,130.38,308.4,1,134.1,1,-309.14,854,DEV-A847A,1
TRX-55408,49.3,Beleza,Cartao_Credito,Tablet,757.87,19.8,0,68.1,2,-131.92,190,DEV-9AE16,1
TRX-55409,43.1, ELETRONICOS ,Cartao_Credito,Mobile,760.87,795.3,1,102.7,6,-18.52,727,DEV-A1CB8,0
TRX-55410,50.4,Eletronicos,Boleto,Mobile,360.89,573.8,0,39.7,6,-133.7,841,DEV-41A29,0
TRX-55411,54.4,Eletronicos,Pix,Desktop,1263.07,1748.7,0,116.0,0,-48.15,605,DEV-30434,0
TRX-55412,32.7,Vestuario,Cartao_Credito,Mobile,148.8,662.0,0,311.1,0,-61.66,559,DEV-F0C14,0
TRX-55413,48.0,eletronicos,Boleto,Mobile,333.81,1431.3,2,296.9,4,-4.23,623,DEV-2876A,1
TRX-55414,38.6,Vestuario,Voucher,Mobile,290.94,1464.1,0,13.9,2,-79.41,771,DEV-67F2B,0
TRX-55415,34.2,Eletronicos,Pix,Mobile,654.12,1266.0,0,99.2,7,-114.47,543,DEV-2E9C0,0
TRX-55416,44.1,Games,Boleto,Mobile,705.16,1534.9,1,146.0,4,-36.65,364,DEV-50FBE,0
TRX-55417,25.0,Vestuario,Boleto,SmartTV,988.04,858.6,1,104.8,3,27.87,631,DEV-52D60,0
TRX-55418,61.3, ELETRONICOS ,Pix,Mobile,1295.89,1288.2,0,317.8,1,-65.78,639,DEV-4251D,1
TRX-55419,48.6,Vestuario,Cartao_Credito,Desktop,58.52,808.3,1,164.3,4,146.62,339,DEV-F35DF,0
TRX-55420,23.2, ELETRONICOS ,Boleto,Mobile,519.62,1292.3,0,32.5,4,-57.24,382,DEV-43944,0
TRX-55421,33.6,Eletronicos,Boleto,Mobile,986.31,533.2,1,18.8,6,-75.76,578,DEV-4F034,1
TRX-55422,29.2, ELETRONICOS ,Cartao_Credito,Mobile,,1344.7,0,188.4,5,14.11,751,DEV-A1973,0
TRX-55423,34.2,Eletronicos,Cartao_Credito,Mobile,122.26,105.7,1,65.7,6,94.43,523,DEV-CB965,0
TRX-55424,35.0,Beleza,Cartao_Credito,Desktop,1641.01,1552.7,1,51.4,7,47.82,781,DEV-DB0CA,0
TRX-55425,51.6,Vestuario,Pix,Mobile,75.51,20.6,1,560.9,3,27.26,839,DEV-87612,1
TRX-55426,38.3,Vestuario,Cartao_Credito,Mobile,2709.17,683.3,1,82.1,5,-29.53,922,DEV-CE40B,1
TRX-55427,24.1,Eletronicos,Cartao_Credito,Mobile,149.76,1762.3,1,447.5,5,22.95,276,DEV-5638C,0
TRX-55428,26.3,Vestuario,Cartao_Credito,Mobile,209.43,217.3,1,24.9,1,-26.24,623,DEV-7B1E2,1
TRX-55429,39.6, ELETRONICOS ,Cartao_Credito,Desktop,316.76,1168.0,1,111.8,3,-127.98,747,DEV-A728D,0
TRX-55430,44.8,Games,Cartao_Credito,Tablet,21.9,1264.4,1,72.7,5,26.7,690,DEV-8CA84,0
TRX-55431,23.3,Games,Boleto,Mobile,714.0,265.0,0,150.7,4,-65.26,735,DEV-1B1FA,0
TRX-55432,22.8,Vestuario,Cartao_Credito,Desktop,113.94,1692.8,1,413.7,1,-110.39,770,DEV-3196B,1
TRX-55433,,Vestuario,Boleto,Tablet,548.08,1384.5,1,8.3,4,-48.73,179,DEV-A2F29,0
TRX-55434,38.9,Beleza,Cartao_Credito,Mobile,121.1,913.5,0,449.9,3,139.08,284,DEV-2E37A,0
TRX-55435,34.3,eletronicos,Cartao_Credito,Mobile,222.14,869.2,0,1.6,3,48.25,838,DEV-8CDE3,0
TRX-55436,25.8,eletronicos,Boleto,Mobile,113.02,73.7,0,25.6,5,-40.68,442,DEV-8E319,0
TRX-55437,46.4,Beleza,Cartao_Credito,Mobile,676.96,1786.0,0,445.8,7,-100.39,397,DEV-18DA1,1
TRX-55438,31.1,Games,Boleto,Mobile,1437.5,1234.5,0,80.7,5,88.13,391,DEV-3449A,0
TRX-55439,43.2,Games,Voucher,Desktop,65.57,157.3,0,161.6,4,-52.0,670,DEV-F314C,0
TRX-55440,20.3,Beleza,Pix,Mobile,408.02,1310.1,0,73.4,6,-5.45,276,DEV-60EC3,0
TRX-55441,36.8,Eletronicos,Pix,Mobile,714.98,263.8,0,117.5,4,7.38,433,DEV-8DEC2,1
TRX-55442,28.4,Vestuario,Cartao_Credito,Desktop,252.08,839.4,1,112.8,2,-50.33,972,DEV-AB7EE,0
TRX-55443,34.7,Games,Cartao_Credito,Desktop,410.22,1709.5,1,46.6,2,69.13,293,DEV-ED57F,0
TRX-55444,52.6,Vestuario,Pix,Mobile,1754.81,375.1,0,236.9,6,-141.88,824,DEV-2B4B8,0
TRX-55445,38.8,Vestuario,Pix,Desktop,633.79,843.2,1,162.0,0,178.2,847,DEV-34F43,0
TRX-55446,29.2,Games,Boleto,Mobile,937.07,613.1,0,116.5,6,84.68,889,DEV-1CBC6,0
TRX-55447,32.0,Games,Cartao_Credito,Mobile,837.97,1235.0,0,226.7,2,235.45,440,DEV-22019,0
TRX-55448,32.4,Eletronicos,Cartao_Credito,Mobile,352.18,250.3,0,198.5,1,-50.89,124,DEV-B3999,1
TRX-55449,38.0,Vestuario,Cartao_Credito,Mobile,511.18,1082.4,0,303.3,4,-75.07,266,DEV-EC285,0
TRX-55450,48.1,Vestuario,Boleto,Desktop,1246.04,1163.8,2,85.1,4,243.9,339,DEV-98801,0
TRX-55451,35.4,Games,Boleto,Desktop,270.44,170.0,1,117.3,4,-138.99,907,DEV-3B5DD,1
TRX-55452,31.9,Beleza,Cartao_Credito,Mobile,182.53,1134.9,0,11.8,2,47.02,657,DEV-320E0,0
TRX-55453,41.0,Vestuario,Cartao_Credito,Tablet,51.76,230.8,2,294.6,3,174.74,397,DEV-AD34C,0
TRX-55454,42.1,eletronicos,Cartao_Credito,Desktop,46.81,637.2,1,70.9,3,-116.77,582,DEV-77B57,0
TRX-55455,38.0,Beleza,Cartao_Credito,Mobile,352.78,1607.5,0,25.9,1,-79.85,704,DEV-27CE5,0
TRX-55456,28.6, ELETRONICOS ,Pix,Mobile,380.86,1279.6,1,82.8,3,-243.3,254,DEV-752DD,0
TRX-55457,22.7,Vestuario,Cartao_Credito,Tablet,663.45,872.3,1,2.9,7,-34.7,772,DEV-5BD35,0
TRX-55458,33.3,Beleza,Boleto,Mobile,420.87,257.7,1,164.1,3,-51.73,587,DEV-F27D7,1
TRX-55459,46.6, ELETRONICOS ,Cartao_Credito,Desktop,214.06,92.0,0,179.2,6,48.02,573,DEV-B3DF6,0
TRX-55460,46.3, ELETRONICOS ,Cartao_Credito,Tablet,253.11,44.2,1,381.2,4,-132.24,734,DEV-BB417,0
TRX-55461,36.8,Eletronicos,Boleto,Mobile,975.28,1315.2,0,277.1,3,154.35,613,DEV-9811E,0
TRX-55462,49.5,Vestuario,Boleto,Mobile,560.99,139.4,1,9.1,4,-175.37,356,DEV-637E7,0
TRX-55463,41.4, ELETRONICOS ,Cartao_Credito,Mobile,401.75,523.1,0,187.8,2,-206.18,922,DEV-69231,0
TRX-55464,43.3, ELETRONICOS ,Voucher,Desktop,609.9,1307.7,0,14.4,1,84.97,235,DEV-D79BE,1
TRX-55465,37.7,Beleza,Cartao_Credito,Desktop,890.46,718.7,2,13.7,3,-136.19,912,DEV-7B91B,0
TRX-55466,56.0,Eletronicos,Pix,Mobile,452.67,785.1,0,0.9,3,-128.33,584,DEV-9D919,0
TRX-55467,32.9,Games,Cartao_Credito,Desktop,106.24,370.6,0,20.3,1,3.63,606,DEV-C3EFB,0
TRX-55468,22.3,Beleza,Cartao_Credito,Desktop,402.71,224.2,2,11.6,8,69.94,803,DEV-8AAAC,0
TRX-55469,35.1,Eletronicos,Boleto,Mobile,732.06,249.4,0,220.2,0,-54.62,786,DEV-3CF5D,1
TRX-55470,39.4,Vestuario,Cartao_Credito,Desktop,1209.77,477.2,3,16.9,6,2.4,627,DEV-3EDD2,0
TRX-55471,51.9,Beleza,Boleto,Desktop,1308.86,701.2,2,177.4,1,16.63,242,DEV-40594,1
TRX-55472,30.0,Eletronicos,Cartao_Credito,Mobile,459.83,1406.1,1,59.8,3,-57.23,133,DEV-45AD3,0
TRX-55473,30.1, ELETRONICOS ,Boleto,Mobile,968.07,352.0,0,52.4,4,30.18,675,DEV-5381B,0
TRX-55474,36.0,Vestuario,Cartao_Credito,Mobile,484.46,244.3,1,40.7,6,76.3,550,DEV-B542E,0
TRX-55475,18.8, ELETRONICOS ,Cartao_Credito,Mobile,217.06,1344.9,0,429.5,1,61.04,109,DEV-5195B,0
TRX-55476,37.0,eletronicos,Boleto,Mobile,1038.14,340.4,0,65.3,1,24.21,456,DEV-C18C0,0
TRX-55477,,Vestuario,Pix,Desktop,192.37,399.1,1,102.8,5,211.98,642,DEV-7268D,0
TRX-55478,23.8,Beleza,Boleto,Mobile,519.72,1006.1,1,107.0,5,-11.54,970,DEV-5DC5A,0
TRX-55479,13.2,eletronicos,Cartao_Credito,Mobile,234.33,381.7,0,107.1,6,-44.3,676,DEV-426F3,0
TRX-55480,38.9,eletronicos,Cartao_Credito,Desktop,170.75,1166.4,0,108.2,6,-28.18,884,DEV-F10A5,0
TRX-55481,28.0,Beleza,Cartao_Credito,Mobile,164.02,1589.3,0,280.3,3,-101.15,616,DEV-35790,0
TRX-55482,42.2,Beleza,Boleto,Desktop,642.57,529.4,0,144.5,1,97.16,908,DEV-26ADE,0
TRX-55483,, ELETRONICOS ,Cartao_Credito,Mobile,273.13,594.4,3,241.5,3,-95.26,413,DEV-82EA6,0
TRX-55484,43.7,Games,Boleto,SmartTV,1668.82,1404.3,1,185.3,3,-91.54,219,DEV-40EA3,1
TRX-55485,55.3,Eletronicos,Pix,SmartTV,655.67,1572.8,0,64.3,5,193.69,126,DEV-DA169,0
TRX-55486,27.6,Eletronicos,Cartao_Credito,Mobile,931.67,1782.5,1,183.7,2,-89.84,649,DEV-D0C3F,1
TRX-55487,42.6,Vestuario,Cartao_Credito,Mobile,330.71,575.3,2,78.2,2,-110.45,837,DEV-EFBE3,1
TRX-55488,45.2,Beleza,Boleto,Mobile,611.04,464.5,0,262.7,6,-48.63,379,DEV-A0E1D,0
TRX-55489,44.2,eletronicos,Pix,Mobile,200.19,310.1,1,34.5,3,-80.5,699,DEV-B3CCD,0
TRX-55490,14.5,Games,Voucher,Mobile,,892.1,0,36.3,7,182.79,546,DEV-EBDAA,0
TRX-55491,38.2, ELETRONICOS ,Cartao_Credito,Mobile,711.08,1661.0,1,35.1,4,-15.06,326,DEV-C16C9,0
TRX-55492,30.1,Vestuario,Pix,Desktop,77.45,951.1,2,226.4,2,-49.1,547,DEV-9E281,1
TRX-55493,30.1, ELETRONICOS ,Pix,Desktop,506.75,1243.0,0,83.5,3,-141.07,806,DEV-2987A,0
TRX-55494,,Beleza,Cartao_Credito,Mobile,800.8,1191.8,0,235.9,3,-70.17,587,DEV-BA2CD,0
TRX-55495,23.8,Vestuario,Boleto,Tablet,1607.54,996.5,0,277.5,2,-23.66,473,DEV-EA8E8,0
TRX-55496,25.0, ELETRONICOS ,Boleto,Mobile,1036.43,1580.8,0,468.5,4,3.29,430,DEV-7D9ED,1
TRX-55497,32.5,Games,Cartao_Credito,Mobile,206.94,1281.9,0,118.0,2,-12.65,642,DEV-CF6E5,0
TRX-55498,31.7,eletronicos,Cartao_Credito,Mobile,612.1,325.2,3,46.2,2,8.26,679,DEV-8096F,1
TRX-55499,40.9,Games,Boleto,Mobile,98.09,1334.9,1,78.0,2,120.23,905,DEV-567F7,0
TRX-55500,42.6, ELETRONICOS ,Cartao_Credito,Mobile,1170.33,1120.9,0,706.1,0,73.81,252,DEV-F35A2,1
TRX-55501,40.1,Beleza,Boleto,Mobile,310.88,11.8,1,364.5,4,80.83,726,DEV-626AA,1
TRX-55502,56.4,Beleza,Cartao_Credito,Desktop,646.98,1422.9,1,46.9,3,-46.84,355,DEV-8505C,0
TRX-55503,39.0,eletronicos,Boleto,Mobile,160.72,77.2,0,110.1,3,87.69,711,DEV-6A43E,0
TRX-55504,44.5,Games,Cartao_Credito,Mobile,1391.8,410.7,0,166.5,10,157.19,467,DEV-3DF8A,0
TRX-55505,32.9,Beleza,Cartao_Credito,Mobile,622.42,1543.7,0,455.0,6,-48.16,679,DEV-735C8,0
TRX-55506,37.9,eletronicos,Boleto,Mobile,248.52,437.0,0,196.5,3,-105.42,306,DEV-89CA7,0
TRX-55507,30.4,Beleza,Cartao_Credito,Desktop,697.28,1644.9,1,93.0,9,-58.76,612,DEV-D94EE,0
TRX-55508,-5.0,Beleza,Cartao_Credito,Mobile,747.47,684.8,0,181.4,3,89.21,214,DEV-56CF0,1
TRX-55509,23.4,Vestuario,Pix,Desktop,116.15,111.8,0,133.9,5,207.35,748,DEV-D65E1,0
TRX-55510,45.5, ELETRONICOS ,Pix,Mobile,118.33,1595.9,0,192.4,2,-188.86,828,DEV-B8475,0
TRX-55511,50.1,Eletronicos,Cartao_Credito,Desktop,970.59,439.3,0,736.9,4,65.74,206,DEV-50268,1
TRX-55512,,eletronicos,Pix,Mobile,173.98,317.4,0,9.6,4,143.91,983,DEV-DCF2F,0
TRX-55513,41.7,Eletronicos,Cartao_Credito,Mobile,,1316.9,0,595.2,5,189.78,330,DEV-482F5,1
TRX-55514,25.3,Eletronicos,Voucher,Mobile,896.27,739.2,0,261.5,1,57.24,652,DEV-45C51,0
TRX-55515,38.9,Beleza,Cartao_Credito,Mobile,,105.1,1,191.8,5,41.51,946,DEV-CADA7,0
TRX-55516,26.8,Beleza,Voucher,Mobile,2736.29,1535.4,1,79.5,5,-28.24,906,DEV-E3D17,0
TRX-55517,33.4,eletronicos,Pix,Mobile,344.58,1183.9,0,43.4,3,74.14,306,DEV-427AF,0
TRX-55518,29.4,Vestuario,Cartao_Credito,Desktop,518.99,1504.0,2,565.8,4,-27.62,786,DEV-29D9E,0
TRX-55519,48.0,Eletronicos,Cartao_Credito,Desktop,26.79,1786.7,0,253.1,3,-44.29,644,DEV-384F4,0
TRX-55520,43.6, ELETRONICOS ,Cartao_Credito,Mobile,88.54,614.7,1,513.9,2,-146.01,381,DEV-31670,1
TRX-55521,39.8,Vestuario,Cartao_Credito,Mobile,,142.6,1,145.5,2,47.52,632,DEV-85952,0
TRX-55522,22.5,Games,Cartao_Credito,Mobile,118.59,844.2,1,93.8,1,-43.75,784,DEV-EEC3F,0
TRX-55523,41.3,Vestuario,Cartao_Credito,Desktop,1761.58,361.6,0,604.5,2,-53.97,694,DEV-7CE34,1
TRX-55524,33.7,Eletronicos,Pix,Mobile,663.91,815.9,1,176.7,8,141.83,483,DEV-38CEB,0
TRX-55525,25.3, ELETRONICOS ,Pix,Mobile,201.3,1180.8,0,6.7,5,-211.93,217,DEV-4444B,0
TRX-55526,36.7,Vestuario,Boleto,Tablet,188.82,1681.9,0,866.2,4,-190.22,816,DEV-7340A,1
TRX-55527,33.1, ELETRONICOS ,Pix,Desktop,276.09,1241.3,1,666.7,8,36.63,545,DEV-33578,0
TRX-55528,47.1,Eletronicos,Boleto,Mobile,1859.02,774.2,0,165.6,1,65.97,881,DEV-F17EB,1
TRX-55529,45.9, ELETRONICOS ,Pix,Tablet,541.37,1124.0,3,110.0,4,-79.86,180,DEV-25E44,0
TRX-55530,19.9,eletronicos,Pix,Mobile,92.89,1755.9,1,23.3,6,130.84,556,DEV-949FA,0
TRX-55531,54.6,Eletronicos,Cartao_Credito,Mobile,540.88,219.7,0,8.0,3,196.5,544,DEV-A4F7E,0
TRX-55532,22.8,Eletronicos,Cartao_Credito,Desktop,449.37,522.5,0,126.6,5,-14.26,853,DEV-940FA,1
TRX-55533,27.2,Games,Boleto,Desktop,70.28,419.7,0,354.4,3,-40.32,887,DEV-4E156,0
TRX-55534,39.6,Beleza,Cartao_Credito,Mobile,,664.6,0,107.8,2,147.66,149,DEV-3A8EA,1
TRX-55535,,Vestuario,Cartao_Credito,Desktop,1204.33,349.9,0,93.3,5,-247.19,432,DEV-65700,1
TRX-55536,22.8,Vestuario,Cartao_Credito,SmartTV,,1320.5,0,75.3,3,-140.36,858,DEV-3CF4C,0
TRX-55537,7.5,Vestuario,Cartao_Credito,Mobile,,516.1,0,27.5,2,-48.51,578,DEV-62639,0
TRX-55538,29.2, ELETRONICOS ,Cartao_Credito,Tablet,243.92,1685.3,0,315.1,5,80.88,230,DEV-8AD44,0
TRX-55539,40.6, ELETRONICOS ,Voucher,Mobile,188.08,1141.3,1,61.6,6,105.63,409,DEV-28312,0
TRX-55540,28.3,Beleza,Pix,Mobile,459.04,1591.2,0,1115.7,2,-43.2,297,DEV-AB37D,1
TRX-55541,29.3,eletronicos,Boleto,Mobile,,760.8,1,31.8,4,-30.96,321,DEV-ADE39,0
TRX-55542,39.9,Vestuario,Cartao_Credito,Mobile,471.27,1335.4,0,449.1,3,-41.37,175,DEV-99E0E,0
TRX-55543,24.4,Eletronicos,Cartao_Credito,Mobile,228.25,193.0,0,203.9,2,201.46,297,DEV-A8471,0
TRX-55544,37.4,Vestuario,Pix,Mobile,173.06,1310.8,1,448.5,1,111.4,154,DEV-DB203,0
TRX-55545,29.7,Beleza,Cartao_Credito,Mobile,623.18,243.2,0,103.1,4,144.64,202,DEV-60942,0
TRX-55546,53.8,Eletronicos,Cartao_Credito,Mobile,477.6,201.1,0,299.4,1,-38.1,876,DEV-A1C26,0
TRX-55547,30.6,Eletronicos,Boleto,Desktop,548.97,1353.0,2,21.1,5,-47.6,340,DEV-57D8F,0
TRX-55548,46.7,Beleza,Cartao_Credito,Mobile,1032.99,581.4,0,8.5,4,-1.61,420,DEV-24197,0
TRX-55549,10.9, ELETRONICOS ,Cartao_Credito,Mobile,,1400.9,0,82.6,5,263.2,729,DEV-9EB41,0
TRX-55550,42.4,Vestuario,Boleto,Mobile,1643.34,1734.9,0,357.0,3,125.19,426,DEV-8A0D7,0
TRX-55551,48.7, ELETRONICOS ,Cartao_Credito,Mobile,49.22,831.4,1,75.7,2,214.79,421,DEV-1EB9C,0
TRX-55552,47.9, ELETRONICOS ,Pix,Mobile,567.95,1398.8,1,219.6,0,-102.33,231,DEV-ECE21,1
TRX-55553,34.2,Games,Boleto,Mobile,123.04,295.8,1,94.2,2,201.29,980,DEV-4E93A,0
TRX-55554,27.2,Beleza,Voucher,Mobile,1885.41,47.9,0,64.8,3,100.42,890,DEV-B3180,1
TRX-55555,29.5, ELETRONICOS ,Boleto,Desktop,194.48,154.9,1,71.5,6,155.12,252,DEV-26809,0
TRX-55556,36.8,Eletronicos,Cartao_Credito,Mobile,46.82,46.8,0,2.6,3,-148.86,615,DEV-B6B31,0
TRX-55557,35.8,Eletronicos,Pix,Desktop,199.34,573.4,1,7.3,4,92.77,432,DEV-DB784,0
TRX-55558,,Eletronicos,Cartao_Credito,Desktop,633.44,536.4,1,67.4,6,-25.13,954,DEV-7DDAF,0
TRX-55559,34.1,eletronicos,Cartao_Credito,Mobile,621.05,960.7,0,52.0,1,-146.8,414,DEV-25308,0
TRX-55560,23.9,Eletronicos,Cartao_Credito,Desktop,348.04,729.7,0,43.5,4,157.06,311,DEV-B0577,0
TRX-55561,40.2,Beleza,Cartao_Credito,Mobile,609.82,790.6,0,78.6,4,-92.29,321,DEV-5654C,0
TRX-55562,44.5,eletronicos,Pix,Mobile,2093.57,1342.4,2,2.1,4,-146.61,417,DEV-33E4B,0
TRX-55563,41.2, ELETRONICOS ,Cartao_Credito,Mobile,638.3,961.3,0,323.7,6,-184.19,987,DEV-CC4A4,0
TRX-55564,51.2, ELETRONICOS ,Cartao_Credito,Mobile,244.98,1776.1,0,158.6,6,-102.58,334,DEV-505F0,0
TRX-55565,42.6,Eletronicos,Cartao_Credito,Mobile,966.41,687.8,1,17.7,5,-60.39,553,DEV-ECEFF,0
TRX-55566,28.2,Vestuario,Pix,Mobile,160.16,1499.1,1,173.1,0,-186.1,684,DEV-69486,1
TRX-55567,42.8,Vestuario,Boleto,Mobile,1597.36,1323.8,0,45.8,4,78.99,579,DEV-67427,0
TRX-55568,18.6,Beleza,Pix,Desktop,831.76,631.9,1,60.4,0,-345.01,589,DEV-38E19,1
TRX-55569,22.0,Eletronicos,Cartao_Credito,Desktop,3584.47,1057.6,0,83.3,2,49.93,661,DEV-55A0B,1
TRX-55570,25.7,Beleza,Boleto,Desktop,477.42,665.6,1,127.7,2,-240.88,293,DEV-9B612,0
TRX-55571,24.5,eletronicos,Boleto,Mobile,805.93,380.3,1,1.9,5,113.02,204,DEV-4E79C,0
TRX-55572,25.5,Beleza,Cartao_Credito,Mobile,297.19,870.7,1,182.2,1,-52.04,240,DEV-5ABD6,0
TRX-55573,46.6,Eletronicos,Boleto,Desktop,123.55,696.7,0,189.2,3,-35.73,804,DEV-EC5C5,0
TRX-55574,18.7, ELETRONICOS ,Pix,Mobile,799.03,981.5,0,3.6,1,-30.85,832,DEV-8775E,0
TRX-55575,46.1,Eletronicos,Boleto,Desktop,784.72,1226.7,0,22.6,2,54.97,562,DEV-3F321,0
TRX-55576,32.4,Eletronicos,Pix,Mobile,78.07,388.1,0,65.3,2,80.34,861,DEV-B1DD8,0
TRX-55577,37.7,Vestuario,Cartao_Credito,Desktop,153.18,210.6,0,9.5,5,51.85,167,DEV-1F99E,0
TRX-55578,53.3,Vestuario,Boleto,Mobile,2613.05,1104.9,0,89.4,6,-24.21,217,DEV-B0DBC,1
TRX-55579,35.6,Eletronicos,Cartao_Credito,Mobile,905.03,176.8,1,87.0,6,-1.98,148,DEV-343C2,0
TRX-55580,21.1,Vestuario,Cartao_Credito,Mobile,439.09,85.5,1,78.8,4,62.8,524,DEV-61076,0
TRX-55581,38.4,Vestuario,Pix,Desktop,2002.88,388.1,0,20.7,3,-128.74,840,DEV-B286A,0
TRX-55582,33.5,Vestuario,Cartao_Credito,Mobile,591.19,1778.8,2,506.7,6,85.65,976,DEV-5FFFA,1
TRX-55583,40.4,Vestuario,Pix,Mobile,86.27,715.6,0,59.6,2,60.46,803,DEV-3432C,0
TRX-55584,28.2,Games,Cartao_Credito,Mobile,618.26,865.3,2,226.0,8,-131.64,797,DEV-86BC3,0
TRX-55585,32.3,Games,Pix,Tablet,2158.5,1009.5,0,3.5,3,-79.46,331,DEV-668D7,0
TRX-55586,22.6, ELETRONICOS ,Cartao_Credito,Desktop,297.11,1191.9,2,23.9,4,-15.43,452,DEV-D3CD6,0
TRX-55587,22.1,Vestuario,Voucher,SmartTV,,95.9,0,43.4,3,-134.45,288,DEV-88BBF,0
TRX-55588,31.3,Vestuario,Cartao_Credito,Mobile,198.56,1271.1,1,117.2,3,-39.99,409,DEV-50FA3,0
TRX-55589,,Vestuario,Cartao_Credito,Desktop,218.95,1264.0,2,208.5,1,-219.61,321,DEV-E16F8,0
TRX-55590,37.7,Eletronicos,Cartao_Credito,Mobile,339.92,854.2,0,347.5,5,86.54,707,DEV-B004C,0
TRX-55591,46.7,Eletronicos,Pix,Desktop,166.23,1560.4,0,473.0,3,42.59,687,DEV-C7A84,0
TRX-55592,31.1,eletronicos,Cartao_Credito,Mobile,798.41,362.1,0,298.6,6,110.82,783,DEV-63DCB,0
TRX-55593,30.2,Eletronicos,Pix,Mobile,542.23,990.9,1,40.8,3,-84.51,437,DEV-9D156,0
TRX-55594,40.7,Vestuario,Boleto,Mobile,295.4,1692.9,1,215.7,6,200.0,472,DEV-C62CF,0
TRX-55595,46.2, ELETRONICOS ,Cartao_Credito,Desktop,133.06,1209.0,1,68.2,7,-58.23,344,DEV-D1FB2,0
TRX-55596,38.2,Eletronicos,Pix,Mobile,870.8,239.8,0,320.4,5,-192.72,901,DEV-77366,1
TRX-55597,36.5,Eletronicos,Cartao_Credito,Mobile,513.26,520.2,0,625.6,5,-47.16,610,DEV-71AC6,1
TRX-55598,32.4,Eletronicos,Cartao_Credito,Desktop,460.37,935.5,0,88.4,3,100.02,443,DEV-AF7D7,0
TRX-55599,47.9,Eletronicos,Cartao_Credito,Mobile,879.67,385.4,1,267.0,1,-101.83,655,DEV-78FBA,1
TRX-55600,23.0,Games,Cartao_Credito,Mobile,2563.6,1649.7,2,150.9,3,87.97,491,DEV-80B76,0
TRX-55601,59.0,Games,Cartao_Credito,Mobile,998.3,799.1,0,149.1,4,-158.82,158,DEV-4AB93,1
TRX-55602,26.7,Eletronicos,Voucher,Mobile,1059.26,464.5,1,63.2,6,-91.85,238,DEV-54D51,0
TRX-55603,53.8,eletronicos,Cartao_Credito,Mobile,558.3,153.1,1,17.1,3,-47.71,552,DEV-92983,0
TRX-55604,53.1,Eletronicos,Voucher,Mobile,592.58,320.3,0,79.9,8,-123.58,379,DEV-A2DB5,0
TRX-55605,,Games,Boleto,Mobile,429.91,495.2,0,40.1,1,36.54,835,DEV-50D5C,0
TRX-55606,35.1,Games,Cartao_Credito,Mobile,395.27,1047.0,1,4.3,3,-135.05,563,DEV-6F96C,0
TRX-55607,33.9,Eletronicos,Cartao_Credito,Mobile,417.77,877.5,1,165.6,3,-110.63,165,DEV-9E117,0
TRX-55608,49.8,Beleza,Cartao_Credito,Desktop,173.72,1666.7,1,114.1,1,-27.62,800,DEV-87718,0
TRX-55609,,Vestuario,Pix,Mobile,1225.17,1671.4,1,21.7,4,47.31,781,DEV-C1C31,0
TRX-55610,34.0, ELETRONICOS ,Cartao_Credito,Desktop,44.22,412.4,0,61.8,3,31.97,683,DEV-48B81,0
TRX-55611,32.8,Vestuario,Cartao_Credito,Desktop,482.67,944.8,2,155.0,3,15.67,128,DEV-6D01B,0
TRX-55612,47.0,Games,Cartao_Credito,Mobile,79.57,244.2,1,46.2,4,47.7,781,DEV-D187A,1
TRX-55613,30.7,Beleza,Cartao_Credito,Tablet,22.66,32.8,1,131.7,2,-34.84,119,DEV-358D7,0
TRX-55614,, ELETRONICOS ,Pix,Mobile,835.07,1524.8,0,164.3,3,-22.67,158,DEV-E5B9F,0
TRX-55615,32.0,Beleza,Boleto,Mobile,140.28,780.7,0,55.5,2,-67.27,779,DEV-45A80,0
TRX-55616,41.5,Beleza,Pix,Desktop,654.75,1578.3,2,124.5,5,-118.98,900,DEV-50214,0
TRX-55617,45.9, ELETRONICOS ,Cartao_Credito,Mobile,,1313.0,1,151.0,3,-82.56,211,DEV-DE28F,0
TRX-55618,30.3,Beleza,Cartao_Credito,Mobile,193.91,591.7,2,104.7,7,80.15,989,DEV-E6175,0
TRX-55619,29.0,Eletronicos,Pix,Mobile,252.62,321.3,0,1.8,4,-278.58,318,DEV-68170,0
TRX-55620,42.2,Eletronicos,Pix,Desktop,1337.05,489.3,0,14.0,6,-61.5,669,DEV-E58BB,0
TRX-55621,46.7,Eletronicos,Cartao_Credito,Mobile,528.91,1301.9,0,220.7,3,-60.91,305,DEV-92243,0
TRX-55622,32.4, ELETRONICOS ,Cartao_Credito,Mobile,1479.22,1540.1,0,57.3,1,-122.65,144,DEV-788C5,1
TRX-55623,37.6,Games,Boleto,Desktop,392.9,588.9,0,126.8,3,-41.33,657,DEV-A0AC5,0
TRX-55624,33.3,eletronicos,Cartao_Credito,Mobile,162.04,971.3,0,77.3,1,124.85,906,DEV-893DB,0
TRX-55625,38.8,Vestuario,Cartao_Credito,Mobile,618.29,923.2,0,453.1,6,-27.39,711,DEV-E6B81,1
TRX-55626,43.0, ELETRONICOS ,Cartao_Credito,Mobile,223.19,871.3,1,20.5,2,-63.0,488,DEV-E9286,0
TRX-55627,34.3,Beleza,Cartao_Credito,Mobile,801.49,218.5,0,16.5,7,30.21,620,DEV-39C3B,0
TRX-55628,35.0,Games,Cartao_Credito,Mobile,,491.7,0,41.4,2,-15.09,823,DEV-7B39C,0
TRX-55629,33.0,Vestuario,Cartao_Credito,Mobile,1533.6,464.2,1,33.1,3,-18.21,823,DEV-839D2,0
TRX-55630,40.6,Beleza,Cartao_Credito,Desktop,1269.97,177.5,1,106.0,1,-122.8,806,DEV-8361A,1
TRX-55631,32.6,Beleza,Cartao_Credito,Mobile,119.53,106.9,1,68.0,1,0.11,510,DEV-4BD45,0
TRX-55632,52.6,Games,Cartao_Credito,Desktop,213.1,451.1,0,198.5,2,-110.2,657,DEV-835DF,0
TRX-55633,38.7,Eletronicos,Cartao_Credito,Mobile,382.41,1596.5,2,224.2,4,73.22,697,DEV-E1F57,0
TRX-55634,29.3,Games,Cartao_Credito,Mobile,901.88,695.9,2,333.1,1,166.03,526,DEV-F1CDA,1
TRX-55635,28.0, ELETRONICOS ,Cartao_Credito,Mobile,22.62,1260.5,0,8.1,0,32.8,297,DEV-4FE20,0
TRX-55636,39.8,Eletronicos,Cartao_Credito,Desktop,475.51,1488.1,2,23.5,3,211.01,866,DEV-4E752,1
TRX-55637,51.6,Games,Cartao_Credito,Desktop,625.01,650.5,0,5.7,6,38.7,987,DEV-F1ED5,0
TRX-55638,31.6, ELETRONICOS ,Boleto,Mobile,547.66,995.1,0,120.7,2,-52.53,902,DEV-3A09F,0
TRX-55639,37.5,Eletronicos,Pix,Mobile,1286.04,841.3,1,83.2,4,-41.42,916,DEV-C9F46,1
TRX-55640,49.6,Vestuario,Cartao_Credito,Mobile,23.35,61.0,1,741.7,2,179.19,613,DEV-ABAD8,1
TRX-55641,,Vestuario,Pix,Mobile,244.13,1125.0,2,221.4,2,-56.81,652,DEV-784D8,0
TRX-55642,37.8,eletronicos,Pix,Mobile,631.37,1147.2,2,508.3,0,133.15,205,DEV-EE77A,1
TRX-55643,28.4,Eletronicos,Cartao_Credito,Mobile,1512.98,623.8,0,70.6,4,95.46,759,DEV-8983D,0
TRX-55644,20.9,Beleza,Cartao_Credito,Mobile,329.81,38.3,0,77.4,5,-199.85,513,DEV-65D68,0
TRX-55645,31.2,eletronicos,Boleto,Desktop,465.1,1535.1,1,99.8,4,101.47,915,DEV-B2656,0
TRX-55646,52.4,Vestuario,Cartao_Credito,Desktop,261.6,236.8,0,177.3,0,184.72,137,DEV-6BD78,1
TRX-55647,30.3,Eletronicos,Voucher,Desktop,66.39,958.1,0,299.7,4,-362.46,651,DEV-1EB77,0
TRX-55648,30.9,Vestuario,Voucher,Mobile,295.27,1053.5,1,72.7,5,82.78,350,DEV-38D66,0
TRX-55649,46.7, ELETRONICOS ,Boleto,Desktop,194.22,266.8,0,423.1,1,-120.68,722,DEV-7697F,1
TRX-55650,34.5,Eletronicos,Cartao_Credito,Desktop,210.42,1754.8,1,531.3,5,-1.86,450,DEV-19A8A,0
TRX-55651,35.1,Eletronicos,Boleto,Mobile,,735.8,1,209.7,4,-265.31,288,DEV-F2860,0
TRX-55652,30.2, ELETRONICOS ,Pix,Tablet,84.46,1798.5,1,123.2,5,3.85,631,DEV-2E458,0
TRX-55653,41.3,Vestuario,Pix,SmartTV,1913.55,1036.4,1,249.2,4,175.65,366,DEV-67C0C,0
TRX-55654,52.1,Eletronicos,Cartao_Credito,Mobile,261.27,1671.7,0,60.8,5,19.71,211,DEV-6B07F,0
TRX-55655,9.4,Eletronicos,Pix,Mobile,617.1,1567.3,0,107.4,3,135.93,460,DEV-2EEA6,0
TRX-55656,45.7, ELETRONICOS ,Cartao_Credito,Desktop,592.04,165.4,0,331.2,4,-44.97,105,DEV-37A9D,0
TRX-55657,39.7,Eletronicos,Cartao_Credito,Mobile,312.44,993.1,2,72.1,0,-87.9,981,DEV-ABA3D,0
TRX-55658,27.4, ELETRONICOS ,Cartao_Credito,Mobile,760.64,887.5,0,1106.0,2,188.89,883,DEV-5735A,1
TRX-55659,61.4,Eletronicos,Boleto,Tablet,474.55,136.5,1,22.5,4,111.59,668,DEV-660C2,1
TRX-55660,37.9,Eletronicos,Boleto,Mobile,1105.89,1653.3,1,165.4,6,-15.03,811,DEV-73775,0
TRX-55661,36.7,Eletronicos,Cartao_Credito,Desktop,313.95,1622.5,0,386.1,6,14.44,740,DEV-90BE5,0
TRX-55662,40.4,Vestuario,Voucher,Desktop,283.09,1468.7,0,38.6,4,-81.29,757,DEV-630E9,0
TRX-55663,34.9,Eletronicos,Cartao_Credito,Desktop,496.2,413.9,2,295.8,6,73.42,837,DEV-8CA26,0
TRX-55664,34.7,Eletronicos,Cartao_Credito,Desktop,256.57,1438.1,1,169.1,4,-189.41,344,DEV-BC454,0
TRX-55665,48.4,Vestuario,Cartao_Credito,Mobile,22.82,1376.4,0,606.0,1,-63.56,485,DEV-776D5,1
TRX-55666,20.3,Eletronicos,Cartao_Credito,Mobile,1168.92,403.5,1,95.1,4,76.19,643,DEV-1C962,1
TRX-55667,42.1,Eletronicos,Cartao_Credito,Mobile,910.7,151.4,0,31.0,6,-105.39,463,DEV-28C55,0
TRX-55668,48.1,Beleza,Cartao_Credito,Mobile,58.66,1364.9,0,29.5,5,-9.15,637,DEV-D9F5E,0
TRX-55669,36.2, ELETRONICOS ,Cartao_Credito,Mobile,210.31,150.6,1,37.2,2,82.47,230,DEV-BD551,1
TRX-55670,,Vestuario,Cartao_Credito,Mobile,115.47,523.6,0,416.8,0,5.05,395,DEV-68C7F,1
TRX-55671,33.9,Eletronicos,Cartao_Credito,Mobile,985.95,1221.4,1,37.5,3,204.13,654,DEV-D1B40,0
TRX-55672,33.5, ELETRONICOS ,Pix,Tablet,609.96,423.3,0,406.7,3,-54.91,229,DEV-E270C,1
TRX-55673,33.7, ELETRONICOS ,Cartao_Credito,Mobile,124.73,779.9,0,151.2,9,32.78,919,DEV-44381,0
TRX-55674,27.2,Beleza,Cartao_Credito,Mobile,1645.5,260.1,1,79.5,3,58.88,408,DEV-CD1A9,1
TRX-55675,56.0,Vestuario,Boleto,Mobile,219.06,1214.8,0,26.0,3,-211.97,529,DEV-5AA40,0
TRX-55676,,Games,Cartao_Credito,Desktop,1496.5,633.9,0,105.2,2,-84.12,776,DEV-AC54B,0
TRX-55677,40.5,Eletronicos,Cartao_Credito,Desktop,483.14,8.6,3,96.2,4,69.94,621,DEV-5E5EA,1
TRX-55678,39.6,Eletronicos,Pix,Desktop,,1486.7,1,269.2,3,132.52,201,DEV-9E31A,0
TRX-55679,23.4,Vestuario,Boleto,Tablet,222.94,985.1,1,28.6,2,16.34,431,DEV-53F79,0
TRX-55680,28.8,eletronicos,Pix,Tablet,1621.96,444.7,1,89.3,1,131.36,289,DEV-42C44,1
TRX-55681,20.7,Beleza,Boleto,Mobile,179.92,13.3,0,3.8,1,56.85,520,DEV-EEB1C,0
TRX-55682,32.3,Beleza,Pix,Mobile,462.91,477.0,1,76.1,2,81.86,108,DEV-C0C56,0
TRX-55683,24.5,Beleza,Voucher,Mobile,,769.4,0,91.6,7,152.52,222,DEV-4B988,0
TRX-55684,49.0,Vestuario,Cartao_Credito,Mobile,65.56,157.2,0,160.7,2,-47.71,804,DEV-40593,0
TRX-55685,23.3,eletronicos,Cartao_Credito,Mobile,265.09,1081.4,0,71.3,4,-200.03,112,DEV-4D29E,0
TRX-55686,49.0,Eletronicos,Cartao_Credito,Mobile,,682.5,0,383.8,3,104.06,222,DEV-B2A1C,0
TRX-55687,34.1,Eletronicos,Pix,Desktop,1040.02,1138.6,0,271.8,4,-111.44,202,DEV-C54B5,0
TRX-55688,25.8, ELETRONICOS ,Cartao_Credito,Desktop,,812.8,0,112.7,4,-135.95,511,DEV-D7298,0
TRX-55689,28.4, ELETRONICOS ,Cartao_Credito,Mobile,167.22,1756.0,0,25.4,3,34.87,381,DEV-C838E,0
TRX-55690,33.1,Eletronicos,Voucher,Mobile,412.06,441.7,1,32.0,4,-22.82,385,DEV-4A12C,0
TRX-55691,43.3,Games,Boleto,Mobile,152.41,248.3,1,182.2,2,183.43,123,DEV-B45F8,1
TRX-55692,41.0,Eletronicos,Cartao_Credito,Mobile,1924.71,566.6,0,384.0,5,87.46,372,DEV-8E624,1
TRX-55693,30.0,Eletronicos,Boleto,Tablet,3566.32,224.7,1,76.7,4,-146.83,256,DEV-7C5DD,1
TRX-55694,,Eletronicos,Cartao_Credito,Mobile,639.44,1359.4,0,188.7,6,37.9,131,DEV-CFC2F,0
TRX-55695,26.0,Vestuario,Cartao_Credito,Mobile,1123.28,1738.9,0,149.5,8,-92.63,251,DEV-C594B,0
TRX-55696,52.9, ELETRONICOS ,Cartao_Credito,Desktop,595.93,520.1,0,179.5,4,-161.68,842,DEV-9FF49,1
TRX-55697,30.2,Beleza,Boleto,Mobile,705.84,1630.6,0,142.8,3,71.05,299,DEV-242B1,0
TRX-55698,43.8,Games,Pix,Desktop,1025.62,1544.2,1,218.7,3,16.26,152,DEV-C42B8,0
TRX-55699,40.7,Eletronicos,Boleto,Desktop,,912.8,0,0.3,1,171.9,186,DEV-D43D5,0
TRX-55700,45.1,Eletronicos,Boleto,Mobile,64.1,1192.0,0,63.5,4,22.08,990,DEV-4FBD9,0
TRX-55701,40.9, ELETRONICOS ,Cartao_Credito,Mobile,31.7,1151.9,0,53.6,2,79.28,186,DEV-4BBEA,0
TRX-55702,29.6,Eletronicos,Cartao_Credito,Mobile,844.84,970.3,0,23.0,6,-234.12,661,DEV-BB683,0
TRX-55703,22.7,Vestuario,Cartao_Credito,Tablet,49.77,913.2,0,72.1,4,-118.76,806,DEV-B65DB,0
TRX-55704,40.2,Eletronicos,Boleto,Desktop,773.12,558.1,0,53.4,8,-78.35,757,DEV-E4699,0
TRX-55705,42.7,Vestuario,Cartao_Credito,Tablet,,1160.3,0,82.7,8,185.16,887,DEV-D48E3,0
TRX-55706,27.8, ELETRONICOS ,Voucher,Mobile,237.81,349.3,0,1.9,5,-115.02,475,DEV-DE7BA,0
TRX-55707,26.2,eletronicos,Cartao_Credito,Tablet,363.24,1713.4,1,131.0,4,-67.29,414,DEV-2E389,0
TRX-55708,26.5,Beleza,Cartao_Credito,Mobile,147.96,885.0,1,39.3,4,360.47,352,DEV-5575A,0
TRX-55709,33.5, ELETRONICOS ,Pix,SmartTV,2722.79,1197.1,4,212.8,2,65.16,983,DEV-A5E94,1
TRX-55710,32.2,Eletronicos,Cartao_Credito,Mobile,5112.49,1133.5,1,1.1,6,89.01,856,DEV-D7EDE,1
TRX-55711,39.8,eletronicos,Cartao_Credito,SmartTV,24.11,844.6,0,72.5,5,-40.37,292,DEV-51ED8,0
TRX-55712,32.9,Beleza,Cartao_Credito,Mobile,,387.1,0,90.0,5,-243.82,323,DEV-64419,0
TRX-55713,44.8,Vestuario,Boleto,Desktop,181.33,1636.9,0,67.8,2,-140.1,135,DEV-A96AA,0
TRX-55714,35.7,eletronicos,Voucher,Mobile,259.01,1110.3,0,256.4,3,117.11,349,DEV-39C8B,1
TRX-55715,35.0,Games,Boleto,Desktop,2266.53,1354.5,0,359.9,3,7.21,240,DEV-4C2C0,0
TRX-55716,29.5,Vestuario,Cartao_Credito,Mobile,817.24,1542.3,2,120.1,1,-5.02,193,DEV-36214,0
TRX-55717,34.8, ELETRONICOS ,Boleto,Mobile,257.81,713.0,0,10.1,6,-12.18,324,DEV-89E89,0
TRX-55718,37.2,Beleza,Cartao_Credito,Desktop,194.7,375.1,1,46.6,6,60.3,160,DEV-48E68,0
TRX-55719,13.4, ELETRONICOS ,Boleto,Mobile,775.73,594.7,0,20.0,2,237.33,375,DEV-E3DCC,0
TRX-55720,37.4,Beleza,Pix,Mobile,318.13,699.0,2,251.7,1,-102.49,190,DEV-2BB86,1
TRX-55721,26.8,Eletronicos,Cartao_Credito,Mobile,178.41,579.6,0,9.6,5,-57.96,393,DEV-86399,0
TRX-55722,32.6, ELETRONICOS ,Voucher,Desktop,33.25,540.8,1,305.8,4,178.67,334,DEV-CB02F,0
TRX-55723,35.0,Eletronicos,Cartao_Credito,Mobile,421.94,325.0,1,186.7,2,-47.58,495,DEV-621D7,0
TRX-55724,43.6,Eletronicos,Cartao_Credito,Mobile,240.63,161.4,0,164.1,4,86.99,909,DEV-29DEB,0
TRX-55725,20.6,Vestuario,Cartao_Credito,Desktop,631.81,783.8,1,83.0,5,-114.83,401,DEV-B2BDE,0
TRX-55726,, ELETRONICOS ,Cartao_Credito,Mobile,149.62,1423.8,1,13.1,2,170.38,307,DEV-56209,0
TRX-55727,43.0,Eletronicos,Cartao_Credito,Mobile,959.03,143.4,1,102.9,2,17.34,781,DEV-1D5F7,1
TRX-55728,35.6,Vestuario,Cartao_Credito,Mobile,479.62,685.3,0,12.0,2,71.41,393,DEV-CF7D4,0
TRX-55729,42.4,Eletronicos,Cartao_Credito,Mobile,279.04,1093.7,0,272.7,2,134.3,404,DEV-D0342,0
TRX-55730,42.9,eletronicos,Pix,Desktop,409.55,1204.6,1,63.7,4,34.24,655,DEV-3351A,0
TRX-55731,29.5,Vestuario,Cartao_Credito,Tablet,206.7,74.5,0,107.6,5,105.06,962,DEV-31B8D,0
TRX-55732,36.0,eletronicos,Cartao_Credito,Desktop,910.73,196.9,0,98.9,3,194.18,107,DEV-59D4C,0
TRX-55733,35.3,Beleza,Cartao_Credito,Mobile,868.83,38.8,1,620.5,1,-1.27,105,DEV-4CEAD,1
TRX-55734,24.8,Beleza,Pix,Mobile,178.96,1068.7,0,106.4,4,205.57,246,DEV-608AB,0
TRX-55735,29.4,Games,Pix,Desktop,126.23,493.9,0,30.3,4,90.33,874,DEV-9A85D,0
TRX-55736,21.1,Eletronicos,Boleto,Mobile,50.81,896.9,2,198.9,2,-34.74,653,DEV-A5A3A,1
TRX-55737,33.1,Eletronicos,Cartao_Credito,Desktop,303.26,67.1,0,247.3,5,-48.63,895,DEV-D6FBE,0
TRX-55738,31.1,Beleza,Boleto,Desktop,447.55,28.7,1,178.2,3,26.91,131,DEV-5D32D,0
TRX-55739,45.6,eletronicos,Cartao_Credito,Mobile,310.19,237.2,0,165.8,2,45.01,881,DEV-9BDC4,0
TRX-55740,19.1,Vestuario,Cartao_Credito,Mobile,638.4,1098.7,0,3.2,6,-30.92,596,DEV-E0A8E,0
TRX-55741,22.5,Games,Cartao_Credito,Mobile,4192.92,144.4,2,69.6,4,-95.12,630,DEV-7835C,1
TRX-55742,24.0,Eletronicos,Pix,Mobile,,829.6,3,31.1,4,-146.79,989,DEV-4E4B8,0
TRX-55743,46.2,Vestuario,Boleto,Mobile,163.93,1149.5,1,52.7,6,-225.69,749,DEV-4322E,0
TRX-55744,35.6,Eletronicos,Cartao_Credito,Desktop,367.06,609.0,1,110.4,2,-23.35,259,DEV-D56B8,1
TRX-55745,41.4,Beleza,Cartao_Credito,Mobile,436.92,973.4,1,210.6,4,90.4,982,DEV-F3F41,0
TRX-55746,27.5,Eletronicos,Pix,Desktop,,49.9,0,33.3,4,46.35,576,DEV-CBE0C,0
TRX-55747,31.0,Vestuario,Cartao_Credito,Mobile,1626.16,225.6,2,268.3,0,-145.24,704,DEV-ADE6A,1
TRX-55748,29.7,Beleza,Cartao_Credito,Mobile,225.18,69.9,2,86.2,7,-27.76,810,DEV-65CD6,1
TRX-55749,38.6,Eletronicos,Boleto,Mobile,912.87,1621.7,3,44.9,1,199.81,492,DEV-408C3,1
TRX-55750,42.7,Beleza,Cartao_Credito,Desktop,524.68,1621.1,2,159.2,4,-48.73,921,DEV-4838C,0
TRX-55751,38.2,Games,Cartao_Credito,Mobile,722.78,245.9,0,48.4,3,-37.82,744,DEV-E501F,0
TRX-55752,42.0,Beleza,Boleto,Mobile,900.05,433.1,0,60.5,4,-107.81,741,DEV-C3A1D,0
TRX-55753,28.2, ELETRONICOS ,Boleto,Desktop,27.36,1579.2,1,81.3,1,-110.37,371,DEV-A9852,0
TRX-55754,51.3,Beleza,Cartao_Credito,Mobile,38.63,1334.8,0,109.1,9,-58.26,830,DEV-8B773,0
TRX-55755,49.1,Vestuario,Cartao_Credito,Mobile,334.02,1548.7,0,139.6,4,-148.31,391,DEV-B6D32,0
TRX-55756,45.3,Eletronicos,Pix,Desktop,261.79,147.4,1,70.2,4,26.76,450,DEV-DB18D,0
TRX-55757,47.7, ELETRONICOS ,Cartao_Credito,Desktop,349.11,1415.1,1,2.1,3,91.63,829,DEV-E45B6,0
TRX-55758,30.9,Eletronicos,Cartao_Credito,Mobile,2157.01,1370.2,0,66.5,8,-96.89,373,DEV-A0B52,0
TRX-55759,35.4,Eletronicos,Cartao_Credito,Desktop,91.52,1220.6,1,31.2,5,-138.56,199,DEV-66054,0
TRX-55760,59.4,Vestuario,Voucher,Tablet,331.31,210.7,0,37.5,4,-77.35,439,DEV-ACB26,0
TRX-55761,41.6, ELETRONICOS ,Cartao_Credito,Mobile,1284.54,1695.8,1,22.6,1,-70.87,995,DEV-4F477,0
TRX-55762,45.0, ELETRONICOS ,Voucher,Mobile,738.99,1646.6,2,73.6,4,-67.57,426,DEV-D4DE7,0
TRX-55763,48.6,Vestuario,Boleto,Mobile,280.34,372.7,0,230.9,4,-46.68,253,DEV-AD577,0
TRX-55764,46.3,eletronicos,Cartao_Credito,Mobile,1132.46,1681.2,1,4.3,3,-71.34,241,DEV-E1E37,0
TRX-55765,49.7,eletronicos,Boleto,Mobile,532.42,943.8,1,92.8,3,174.85,779,DEV-3993F,0
TRX-55766,37.9,Eletronicos,Voucher,Mobile,1216.06,1348.0,0,502.2,2,13.02,262,DEV-CFA38,1
TRX-55767,24.2,Eletronicos,Cartao_Credito,Desktop,432.3,1502.7,0,71.9,4,82.68,561,DEV-B6342,0
TRX-55768,37.9,Beleza,Cartao_Credito,Mobile,465.57,255.0,0,138.0,2,-14.88,976,DEV-5BEF4,0
TRX-55769,35.8,Eletronicos,Voucher,Mobile,507.14,1303.1,0,24.0,3,116.64,898,DEV-F0EE8,0
TRX-55770,44.2,Eletronicos,Boleto,SmartTV,209.35,221.3,0,4.4,4,-131.99,604,DEV-B716B,0
TRX-55771,39.3,Vestuario,Boleto,Mobile,881.15,1102.9,1,18.4,6,56.27,139,DEV-BB8D4,0
TRX-55772,32.3,Games,Boleto,Tablet,74.99,972.8,0,37.9,10,-21.89,258,DEV-C253F,0
TRX-55773,28.8,Vestuario,Pix,Mobile,1387.16,238.9,0,31.2,3,-233.61,385,DEV-7ED58,0
TRX-55774,43.5,Vestuario,Pix,Mobile,487.83,1760.5,1,15.3,5,-187.6,361,DEV-DD21F,0
TRX-55775,43.7,Beleza,Cartao_Credito,Desktop,872.44,619.8,0,189.4,6,-106.82,604,DEV-1BEE9,0
TRX-55776,38.6,Vestuario,Cartao_Credito,Desktop,569.12,1581.2,1,164.3,1,41.24,338,DEV-72D05,0
TRX-55777,24.9,Beleza,Pix,Mobile,1068.0,1275.9,1,127.1,2,179.14,498,DEV-3BD6B,0
TRX-55778,42.9,Beleza,Cartao_Credito,Mobile,,242.7,0,235.3,2,92.57,202,DEV-F1E41,1
TRX-55779,22.0, ELETRONICOS ,Pix,Mobile,406.17,830.1,0,25.0,5,116.77,700,DEV-92E6F,0
TRX-55780,33.1,Vestuario,Pix,Desktop,340.09,1069.2,1,13.4,5,-71.95,804,DEV-1D44C,0
TRX-55781,25.5,Eletronicos,Cartao_Credito,Mobile,1053.24,1316.9,0,153.1,2,-170.5,964,DEV-EEA16,1
TRX-55782,34.0,eletronicos,Cartao_Credito,Desktop,110.69,649.2,0,66.2,4,-43.13,413,DEV-7A828,0
TRX-55783,20.0,Vestuario,Pix,Tablet,2314.68,437.9,0,93.8,3,51.03,225,DEV-D25FE,0
TRX-55784,46.3,Beleza,Cartao_Credito,Mobile,1347.66,365.9,0,153.8,0,-27.29,214,DEV-BC546,1
TRX-55785,31.7,eletronicos,Pix,Mobile,456.33,1263.9,1,113.2,6,-59.34,815,DEV-5FFA5,0
TRX-55786,41.0,Beleza,Cartao_Credito,Desktop,687.72,74.2,4,182.1,4,3.91,914,DEV-73EAA,1
TRX-55787,41.0,Beleza,Pix,SmartTV,1147.7,1748.8,1,37.7,3,-4.48,950,DEV-4AA75,0
TRX-55788,30.8, ELETRONICOS ,Cartao_Credito,Mobile,1273.21,291.8,1,190.5,4,-184.97,752,DEV-9E37B,1
TRX-55789,25.3,Vestuario,Pix,Mobile,825.83,1348.3,1,621.4,5,45.36,805,DEV-A0CD9,0
TRX-55790,42.8,Beleza,Pix,Desktop,683.21,563.9,2,139.8,3,-103.12,392,DEV-47D57,1
TRX-55791,33.6,Eletronicos,Cartao_Credito,Desktop,2631.42,146.4,1,249.1,7,-86.14,713,DEV-B5E82,1
TRX-55792,12.7,Eletronicos,Cartao_Credito,Mobile,288.72,1793.9,1,55.2,1,157.42,913,DEV-618BC,0
TRX-55793,32.1,Eletronicos,Boleto,Mobile,597.44,145.9,0,140.1,0,-52.43,971,DEV-40112,1
TRX-55794,52.8,Eletronicos,Cartao_Credito,Mobile,48.82,1706.0,2,57.2,2,66.6,353,DEV-9E504,0
TRX-55795,32.0, ELETRONICOS ,Pix,Mobile,422.15,1029.3,0,3.6,2,-70.76,685,DEV-23556,0
TRX-55796,41.0,eletronicos,Cartao_Credito,Mobile,426.37,1193.9,0,74.2,4,68.95,973,DEV-5E713,0
TRX-55797,31.3,Vestuario,Cartao_Credito,Mobile,658.22,281.8,1,105.1,6,115.46,273,DEV-25DCE,0
TRX-55798,49.5,Eletronicos,Cartao_Credito,Tablet,595.17,1641.7,0,3.8,6,168.43,210,DEV-EF961,0
TRX-55799,50.6, ELETRONICOS ,Boleto,Desktop,,1297.8,0,0.7,4,132.89,769,DEV-DA79D,0
TRX-55800,44.7,Beleza,Pix,Mobile,1203.13,1045.9,2,49.4,4,-40.57,383,DEV-893EB,0
TRX-55801,40.8,Vestuario,Cartao_Credito,Mobile,508.86,94.7,0,24.7,1,143.39,648,DEV-5752C,0
TRX-55802,29.0,Eletronicos,Boleto,SmartTV,71.01,546.7,1,502.6,6,17.01,813,DEV-36562,0
TRX-55803,18.8,Games,Cartao_Credito,Mobile,1155.06,700.6,2,183.5,6,-50.25,286,DEV-56760,0
TRX-55804,36.6,Eletronicos,Cartao_Credito,Desktop,615.89,576.8,2,30.6,2,-129.75,903,DEV-70185,0
TRX-55805,36.6, ELETRONICOS ,Boleto,Mobile,1231.07,544.2,1,85.0,5,187.73,394,DEV-D2620,0
TRX-55806,15.9,Eletronicos,Cartao_Credito,Mobile,1495.69,568.5,0,71.8,3,18.71,475,DEV-CF355,0
TRX-55807,40.5,Eletronicos,Boleto,Mobile,1220.25,1794.9,1,238.7,1,7.72,517,DEV-77BBF,0
TRX-55808,27.6,Vestuario,Pix,Desktop,3063.73,1520.1,1,50.2,1,168.74,113,DEV-637F9,1
TRX-55809,38.9,Eletronicos,Boleto,Mobile,472.13,781.6,0,312.4,2,90.93,377,DEV-7C8FB,0
TRX-55810,48.6,Games,Cartao_Credito,Desktop,32.33,158.0,0,1.7,4,-53.44,410,DEV-4D360,0
TRX-55811,43.2,Eletronicos,Cartao_Credito,Mobile,,233.5,0,8.0,4,47.97,127,DEV-A2EBD,1
TRX-55812,45.3,Games,Cartao_Credito,Tablet,937.23,451.1,1,374.8,4,203.22,588,DEV-BF1CF,1
TRX-55813,30.6,Eletronicos,Pix,Mobile,294.15,868.3,2,404.1,4,-90.84,771,DEV-C46C9,0
TRX-55814,47.5,Eletronicos,Cartao_Credito,Desktop,49.19,95.5,0,74.5,1,182.16,220,DEV-91AED,0
TRX-55815,35.3,Eletronicos,Cartao_Credito,Mobile,594.26,1130.6,0,1.0,4,-275.64,852,DEV-888B2,0
TRX-55816,30.2,Eletronicos,Cartao_Credito,Mobile,,1690.1,1,246.0,5,101.49,456,DEV-49345,0
TRX-55817,29.0,Vestuario,Boleto,Desktop,706.28,967.8,0,560.9,0,73.14,461,DEV-B65CC,1
TRX-55818,34.2,Vestuario,Cartao_Credito,Desktop,134.13,1160.9,0,9.7,1,-240.1,794,DEV-B0661,0
TRX-55819,32.6,Eletronicos,Pix,Mobile,24.5,131.4,1,158.6,4,132.12,574,DEV-656CB,0
TRX-55820,34.3,Eletronicos,Cartao_Credito,Mobile,73.28,1087.8,1,24.7,4,-59.89,168,DEV-B7984,0
TRX-55821,28.1,Eletronicos,Boleto,Mobile,539.91,1655.9,1,113.6,2,-111.89,885,DEV-73FBF,0
TRX-55822,37.9,Eletronicos,Cartao_Credito,Mobile,1613.43,1324.8,0,145.1,2,-151.27,141,DEV-DD4C8,0
TRX-55823,31.3,Eletronicos,Voucher,Mobile,267.1,1125.1,0,349.7,5,-12.46,699,DEV-7C377,0
TRX-55824,27.0,Eletronicos,Boleto,Mobile,131.9,1770.5,0,10.8,4,-253.59,240,DEV-38411,0
TRX-55825,40.0,Vestuario,Cartao_Credito,Desktop,435.75,1039.9,1,222.1,3,197.96,191,DEV-8D503,0
TRX-55826,29.0,Eletronicos,Cartao_Credito,Tablet,117.19,1275.7,2,431.6,5,-92.72,840,DEV-3B42F,1
TRX-55827,53.9, ELETRONICOS ,Pix,Mobile,313.5,1535.9,2,58.1,4,155.23,421,DEV-D0564,0
TRX-55828,37.6, ELETRONICOS ,Cartao_Credito,Desktop,71.34,1157.3,1,101.6,3,-49.51,288,DEV-892DF,0
TRX-55829,42.3,Eletronicos,Cartao_Credito,Mobile,653.93,449.3,1,4.1,5,-15.4,893,DEV-3841E,0
TRX-55830,40.4,Games,Boleto,Mobile,213.89,1227.1,0,366.3,2,-47.88,921,DEV-43BF4,0
TRX-55831,44.1,Eletronicos,Boleto,Mobile,45.22,401.4,2,102.3,5,-187.68,877,DEV-3B4AC,0
TRX-55832,24.3,Games,Pix,Mobile,941.78,420.8,0,69.0,2,-165.79,988,DEV-7D79E,0
TRX-55833,46.2,Eletronicos,Boleto,Desktop,96.34,580.1,1,108.5,2,120.87,945,DEV-1C8B2,0
TRX-55834,17.8, ELETRONICOS ,Pix,Tablet,1114.16,604.6,0,108.9,3,-233.69,577,DEV-AD09B,0
TRX-55835,41.8,eletronicos,Cartao_Credito,Mobile,689.88,1523.7,1,271.8,7,49.36,397,DEV-DF58B,0
TRX-55836,26.7,Games,Cartao_Credito,Mobile,1141.43,791.5,0,196.6,2,131.51,717,DEV-F1C9F,0
TRX-55837,47.2,Vestuario,Cartao_Credito,Mobile,949.51,1266.2,0,314.8,4,356.71,894,DEV-622A4,0
TRX-55838,41.4,Vestuario,Boleto,Tablet,,1382.6,0,121.5,1,-95.94,257,DEV-C7883,0
TRX-55839,27.8,eletronicos,Cartao_Credito,Desktop,314.64,1410.0,0,21.2,5,144.72,334,DEV-D6D34,0
TRX-55840,49.6,Beleza,Cartao_Credito,Desktop,154.61,1656.5,1,44.2,7,-98.27,436,DEV-C7BA0,0
TRX-55841,23.5,eletronicos,Cartao_Credito,Mobile,502.68,1772.8,2,69.3,1,-9.88,674,DEV-BC1DA,0
TRX-55842,40.9,Eletronicos,Cartao_Credito,Desktop,341.03,1318.1,0,124.6,1,141.79,392,DEV-7216F,0
TRX-55843,51.2,Eletronicos,Boleto,Mobile,467.04,429.0,0,130.2,3,3.21,517,DEV-1FF33,0
TRX-55844,43.8,Vestuario,Pix,Mobile,1110.22,888.7,1,139.2,1,98.83,582,DEV-DCE14,0
TRX-55845,48.4, ELETRONICOS ,Cartao_Credito,Mobile,109.29,1367.8,0,79.1,2,75.44,750,DEV-AA271,0
TRX-55846,37.3,Games,Cartao_Credito,Mobile,355.95,944.9,1,125.9,4,106.57,651,DEV-9C5A2,0
TRX-55847,13.9, ELETRONICOS ,Boleto,Mobile,1183.31,1097.1,0,163.5,5,-75.38,117,DEV-3B4B8,0
TRX-55848,42.0,Vestuario,Pix,Mobile,769.24,258.8,0,6.3,4,67.19,177,DEV-6E07C,0
TRX-55849,21.5,Beleza,Cartao_Credito,Mobile,220.37,331.3,0,365.1,2,44.23,480,DEV-8553B,0
TRX-55850,35.9,Eletronicos,Cartao_Credito,Desktop,120.28,704.4,0,85.1,5,115.41,354,DEV-578FA,0
TRX-55851,29.7,eletronicos,Cartao_Credito,Mobile,25.25,852.6,0,88.7,5,-16.88,349,DEV-751AF,0
TRX-55852,34.1,eletronicos,Cartao_Credito,Desktop,966.64,307.9,0,50.0,6,39.95,909,DEV-968D9,0
TRX-55853,37.6,Eletronicos,Pix,Mobile,1934.75,139.3,1,86.8,3,124.58,216,DEV-C5AC1,1
TRX-55854,42.5,Beleza,Boleto,Mobile,2008.43,733.4,1,153.0,4,65.75,203,DEV-EDA02,0
TRX-55855,44.8,Eletronicos,Pix,Mobile,45.95,298.3,0,206.8,2,175.52,188,DEV-32993,0
TRX-55856,29.9, ELETRONICOS ,Cartao_Credito,Desktop,2189.86,299.3,1,273.7,6,-168.34,542,DEV-EE826,1
TRX-55857,39.8, ELETRONICOS ,Boleto,Mobile,882.56,1052.2,0,540.6,4,158.05,428,DEV-C5A2D,0
TRX-55858,27.6, ELETRONICOS ,Cartao_Credito,Mobile,253.07,666.5,0,222.1,3,-155.2,262,DEV-DA9C2,0
TRX-55859,51.4,Eletronicos,Cartao_Credito,Mobile,1147.35,986.0,0,116.7,4,-120.88,635,DEV-9749E,0
TRX-55860,29.8,Beleza,Cartao_Credito,Mobile,976.27,172.9,0,41.3,5,-136.84,469,DEV-7F707,0
TRX-55861,54.0,Eletronicos,Boleto,Mobile,527.16,1515.3,3,203.9,3,-69.45,608,DEV-D5507,0
TRX-55862,42.2,Vestuario,Cartao_Credito,Desktop,143.57,229.6,0,114.6,7,-139.66,392,DEV-F3773,0
TRX-55863,31.5,Vestuario,Voucher,Mobile,1463.64,122.8,2,251.8,12,-154.77,300,DEV-4C861,0
TRX-55864,42.3,Eletronicos,Cartao_Credito,Mobile,513.48,1328.5,0,72.4,2,38.11,146,DEV-86824,0
TRX-55865,32.2,eletronicos,Cartao_Credito,Desktop,141.76,464.5,0,206.0,6,33.69,405,DEV-5CFFD,0
TRX-55866,42.9,Eletronicos,Cartao_Credito,Desktop,420.4,375.8,0,25.5,2,43.93,712,DEV-A8670,0
TRX-55867,18.9,Vestuario,Cartao_Credito,Mobile,687.8,822.6,2,68.6,0,64.01,493,DEV-E9DA8,1
TRX-55868,31.0,eletronicos,Cartao_Credito,Mobile,334.69,1755.6,2,148.9,2,-167.36,433,DEV-A1831,0
TRX-55869,46.1,Eletronicos,Pix,Mobile,1132.92,31.4,0,249.7,10,58.22,610,DEV-AAC0E,0
TRX-55870,49.1,Eletronicos,Cartao_Credito,Desktop,970.84,528.1,1,117.0,6,-139.92,114,DEV-77A26,1
TRX-55871,41.3, ELETRONICOS ,Boleto,Mobile,1782.0,899.7,0,233.5,3,-74.09,114,DEV-BC346,0
TRX-55872,19.4,Beleza,Cartao_Credito,Desktop,46.49,1001.5,1,306.9,3,-94.75,601,DEV-3A61A,0
TRX-55873,28.6,Beleza,Pix,Mobile,1154.62,1446.2,0,203.7,1,14.98,254,DEV-85C50,1
TRX-55874,40.8,Games,Cartao_Credito,Mobile,426.82,669.0,1,114.2,3,-9.27,459,DEV-6D98C,0
TRX-55875,21.9,Vestuario,Cartao_Credito,Mobile,356.44,1663.3,0,17.0,3,-216.4,473,DEV-A6057,0
TRX-55876,60.7, ELETRONICOS ,Voucher,Desktop,445.15,355.6,0,24.4,5,-70.88,611,DEV-67C46,0
TRX-55877,37.4, ELETRONICOS ,Cartao_Credito,Mobile,2606.39,29.5,1,96.3,3,-105.77,416,DEV-EE167,1
TRX-55878,44.5,Eletronicos,Pix,Mobile,1344.84,702.0,0,102.5,2,97.77,200,DEV-33678,0
TRX-55879,28.9,Eletronicos,Cartao_Credito,Mobile,181.19,630.1,1,41.8,3,-73.71,665,DEV-AAD13,1
TRX-55880,46.1,Vestuario,Cartao_Credito,Mobile,43.98,263.0,0,70.0,2,-132.21,937,DEV-9016B,0
TRX-55881,32.6,Vestuario,Cartao_Credito,Mobile,47.13,956.2,1,423.4,5,-70.5,310,DEV-22D89,0
TRX-55882,, ELETRONICOS ,Boleto,Mobile,393.93,1750.1,0,117.0,3,29.03,269,DEV-EE0FF,0
TRX-55883,33.1, ELETRONICOS ,Cartao_Credito,Mobile,652.84,1565.9,2,3.4,3,191.41,774,DEV-3E04E,0
TRX-55884,37.1,Vestuario,Cartao_Credito,SmartTV,1034.88,399.2,0,206.4,5,-167.6,899,DEV-C70BA,0
TRX-55885,31.1,eletronicos,Pix,SmartTV,176.46,1183.6,0,33.3,5,47.34,204,DEV-41247,0
TRX-55886,56.6, ELETRONICOS ,Cartao_Credito,Desktop,837.2,914.1,0,17.0,3,0.23,854,DEV-59915,0
TRX-55887,21.5,Eletronicos,Pix,Mobile,230.18,1139.6,0,154.8,4,65.37,336,DEV-CD988,0
TRX-55888,31.9,Eletronicos,Boleto,Mobile,69.64,979.2,1,40.4,5,36.41,904,DEV-F0940,0
TRX-55889,24.9,eletronicos,Cartao_Credito,Desktop,167.3,212.4,1,288.8,0,-7.96,850,DEV-71013,1
TRX-55890,15.6, ELETRONICOS ,Cartao_Credito,Mobile,111.59,1371.8,1,61.7,5,123.98,630,DEV-F2AB5,0
TRX-55891,25.5,Eletronicos,Cartao_Credito,Mobile,667.21,1093.9,0,401.5,1,23.58,605,DEV-70F56,1
TRX-55892,39.9,Games,Pix,Tablet,471.3,570.8,1,24.4,4,-91.28,253,DEV-7C741,0
TRX-55893,44.8, ELETRONICOS ,Boleto,Mobile,,740.3,0,112.0,3,-26.39,225,DEV-88AB4,0
TRX-55894,42.1,Vestuario,Cartao_Credito,Mobile,166.42,1176.9,1,264.3,4,-12.7,713,DEV-58CE3,0
TRX-55895,45.5,Eletronicos,Pix,Mobile,198.66,1613.9,1,7.7,4,56.1,988,DEV-8EA2D,0
TRX-55896,25.7,Eletronicos,Cartao_Credito,Desktop,730.51,1022.2,0,203.2,3,-256.02,131,DEV-D85BF,0
TRX-55897,33.6,Beleza,Cartao_Credito,Mobile,1831.47,596.2,0,94.3,4,19.39,302,DEV-B3277,0
TRX-55898,43.1,Beleza,Cartao_Credito,Mobile,236.14,476.3,1,119.4,2,99.77,723,DEV-392FB,0
TRX-55899,34.0,Eletronicos,Boleto,Mobile,151.52,508.6,0,232.3,2,43.77,167,DEV-DBC00,0
TRX-55900,15.7,Beleza,Cartao_Credito,Mobile,1866.7,1775.7,1,31.3,6,-53.93,745,DEV-958ED,0
TRX-55901,34.4,Games,Cartao_Credito,Desktop,267.88,1343.8,1,17.2,4,-9.62,808,DEV-37B2F,0
TRX-55902,50.8,Eletronicos,Cartao_Credito,Mobile,361.23,1559.5,0,67.3,8,-22.06,350,DEV-248E6,0
TRX-55903,36.4,Beleza,Boleto,Mobile,356.06,308.7,0,12.2,0,-325.43,945,DEV-BB154,0
TRX-55904,40.9,Vestuario,Boleto,Mobile,1377.52,1166.5,2,318.1,2,22.31,119,DEV-1B340,0
TRX-55905,58.9,Eletronicos,Cartao_Credito,Mobile,397.21,172.9,0,299.3,3,9.08,296,DEV-9E5BE,0
TRX-55906,36.6,Vestuario,Cartao_Credito,Desktop,775.12,1576.8,1,23.1,5,-74.0,925,DEV-CA2A1,0
TRX-55907,38.7, ELETRONICOS ,Boleto,Mobile,135.63,1614.5,0,203.5,1,-156.51,912,DEV-3863A,0
TRX-55908,39.2,Eletronicos,Cartao_Credito,Mobile,123.98,124.9,0,66.4,2,-164.32,599,DEV-3439A,0
TRX-55909,31.9,Eletronicos,Cartao_Credito,Mobile,379.49,1579.3,1,27.9,2,-38.65,468,DEV-38549,0
TRX-55910,38.5,Games,Cartao_Credito,Mobile,94.18,1222.8,0,115.7,2,129.47,286,DEV-F051D,0
TRX-55911,33.6,eletronicos,Cartao_Credito,Mobile,970.82,38.7,0,74.7,3,115.37,894,DEV-E60DF,1
TRX-55912,45.6,Eletronicos,Pix,Mobile,544.18,1392.6,2,96.2,3,-195.08,495,DEV-50FF3,0
TRX-55913,,Eletronicos,Boleto,Desktop,593.96,1370.7,0,56.1,5,-216.21,866,DEV-DCC56,0
TRX-55914,39.7,Eletronicos,Boleto,Mobile,,64.0,0,65.9,2,-95.66,463,DEV-776D1,0
TRX-55915,14.9,Vestuario,Boleto,Desktop,490.96,1093.0,0,65.2,1,104.67,920,DEV-61638,1
TRX-55916,51.9,Vestuario,Boleto,Mobile,173.6,1346.5,1,15.8,8,-242.19,605,DEV-21AF4,0
TRX-55917,56.0,Vestuario,Cartao_Credito,Mobile,553.32,734.5,2,129.0,6,80.88,286,DEV-D999E,0
TRX-55918,42.4,Eletronicos,Voucher,Mobile,862.36,1401.1,0,10.4,2,172.89,210,DEV-BF44C,0
TRX-55919,38.1, ELETRONICOS ,Voucher,Desktop,,1119.0,0,11.3,2,101.09,370,DEV-CAFD3,0
TRX-55920,32.6,Eletronicos,Boleto,Mobile,476.39,1491.0,1,167.9,2,80.36,164,DEV-869A7,1
TRX-55921,33.8,Eletronicos,Pix,SmartTV,101.88,1198.4,1,206.9,3,103.45,432,DEV-27780,0
TRX-55922,35.1,Eletronicos,Boleto,Mobile,391.32,240.8,0,194.9,1,-59.94,345,DEV-746F0,0
TRX-55923,27.3,Eletronicos,Boleto,SmartTV,273.53,685.4,2,204.9,1,158.53,433,DEV-35510,1
TRX-55924,,Eletronicos,Pix,Mobile,1116.51,304.4,1,94.1,5,-218.15,626,DEV-C6D4E,0
TRX-55925,35.9, ELETRONICOS ,Cartao_Credito,Tablet,177.84,1110.7,0,98.8,3,-83.05,251,DEV-994AB,0
TRX-55926,32.3, ELETRONICOS ,Pix,Mobile,85.47,923.8,0,379.5,4,68.34,911,DEV-C9D19,0
TRX-55927,27.7,Vestuario,Pix,Mobile,391.94,330.0,0,198.1,2,155.1,243,DEV-BD1BF,0
TRX-55928,29.7,Eletronicos,Cartao_Credito,Mobile,668.41,941.3,1,26.4,5,-78.11,345,DEV-B63DA,0
TRX-55929,40.9,Eletronicos,Cartao_Credito,Tablet,513.94,508.5,1,48.2,2,143.86,313,DEV-2B44C,0
TRX-55930,31.8, ELETRONICOS ,Voucher,Mobile,89.06,49.8,1,66.4,3,-70.29,319,DEV-D000C,0
TRX-55931,44.0,Vestuario,Cartao_Credito,Mobile,109.5,385.5,0,49.8,2,0.35,925,DEV-F13F5,0
TRX-55932,48.0,Games,Pix,Desktop,887.21,698.7,0,195.7,4,-23.78,473,DEV-D6F93,0
TRX-55933,24.8,Vestuario,Cartao_Credito,Mobile,,679.5,2,281.0,2,275.08,630,DEV-EFF03,1
TRX-55934,21.6,Eletronicos,Pix,Mobile,2965.45,1073.0,0,0.4,5,-104.09,627,DEV-E0ED9,0
TRX-55935,34.2,Beleza,Cartao_Credito,Mobile,352.28,1394.3,0,77.6,4,52.27,614,DEV-55072,0
TRX-55936,41.6, ELETRONICOS ,Pix,Desktop,58.51,1333.9,3,419.2,7,-45.49,307,DEV-E9B35,0
TRX-55937,25.3,Eletronicos,Cartao_Credito,Desktop,1553.96,1458.7,0,96.6,0,210.09,695,DEV-8768D,1
TRX-55938,45.3,Vestuario,Pix,Desktop,383.35,917.8,0,555.3,4,-63.82,293,DEV-2B946,1
TRX-55939,,Vestuario,Cartao_Credito,Mobile,430.44,47.2,1,524.8,4,20.55,107,DEV-32CFB,1
TRX-55940,36.3,eletronicos,Cartao_Credito,Desktop,644.99,45.5,1,201.1,3,-30.49,112,DEV-80DB6,0
TRX-55941,40.3,eletronicos,Pix,Mobile,,1259.5,0,35.6,4,49.03,782,DEV-626B3,0
TRX-55942,32.3,Vestuario,Boleto,Desktop,512.49,901.0,0,197.0,0,-91.27,982,DEV-9176A,1
TRX-55943,39.4,Games,Cartao_Credito,Mobile,601.31,755.0,2,96.2,10,238.13,167,DEV-64C9C,0
TRX-55944,40.9,Vestuario,Boleto,Mobile,36.34,1220.4,0,539.7,5,-114.09,577,DEV-EE114,0
TRX-55945,29.8,Eletronicos,Cartao_Credito,Desktop,461.74,1551.4,1,23.1,5,-169.69,684,DEV-B8E05,0
TRX-55946,37.9,Vestuario,Voucher,Desktop,620.67,487.1,0,35.1,4,57.39,537,DEV-B410C,0
TRX-55947,32.3,Beleza,Voucher,Mobile,129.33,925.8,0,198.1,3,-163.26,325,DEV-71D97,0
TRX-55948,31.0,Eletronicos,Cartao_Credito,Desktop,164.36,974.0,0,126.3,3,5.46,247,DEV-6C659,0
TRX-55949,29.3,Eletronicos,Pix,Mobile,1272.35,1339.3,0,124.0,2,-37.28,459,DEV-9BF30,1
TRX-55950,42.8,Beleza,Cartao_Credito,Mobile,92.82,46.3,1,66.7,5,7.82,157,DEV-2DF77,0
TRX-55951,31.6,Eletronicos,Cartao_Credito,Mobile,63.94,1290.2,1,168.4,3,-190.25,446,DEV-3AE5D,0
TRX-55952,32.5,Eletronicos,Cartao_Credito,Mobile,2231.31,1158.7,0,52.0,3,-119.25,342,DEV-8CE44,1
TRX-55953,32.7,Games,Pix,Mobile,298.59,808.7,0,145.7,3,92.37,397,DEV-2C182,0
TRX-55954,57.8,Eletronicos,Cartao_Credito,Desktop,104.83,714.9,0,166.7,2,-90.7,173,DEV-860FE,0
TRX-55955,44.5,Eletronicos,Voucher,Desktop,687.07,1170.2,0,417.0,4,-0.65,157,DEV-18B26,1
TRX-55956,32.0,Eletronicos,Cartao_Credito,Desktop,42.28,1579.2,2,33.0,2,53.79,836,DEV-E1BF0,0
TRX-55957,28.3,Vestuario,Cartao_Credito,SmartTV,,1724.8,0,71.0,2,-86.21,155,DEV-73A32,0
TRX-55958,43.7,Vestuario,Cartao_Credito,Desktop,183.74,1707.6,0,324.9,4,0.83,338,DEV-EF2AF,0
TRX-55959,41.7,Beleza,Boleto,Desktop,347.92,1325.9,0,46.6,1,103.32,952,DEV-99376,0
TRX-55960,38.1,Eletronicos,Pix,Tablet,334.89,264.8,0,166.6,4,-28.06,819,DEV-EE249,1
TRX-55961,39.2,Eletronicos,Cartao_Credito,Desktop,,1023.4,0,330.4,2,-160.02,685,DEV-2788F,1
TRX-55962,32.5,Beleza,Pix,Mobile,1364.42,472.5,0,11.3,5,39.77,884,DEV-82095,0
TRX-55963,35.1, ELETRONICOS ,Pix,Desktop,568.79,567.2,0,42.3,5,47.66,323,DEV-EF197,0
TRX-55964,35.4,Beleza,Cartao_Credito,Desktop,1700.79,604.5,0,113.1,4,76.04,853,DEV-DF99C,0
TRX-55965,45.2,Games,Cartao_Credito,Mobile,610.74,1768.1,0,168.0,4,51.14,400,DEV-3B9A8,0
TRX-55966,22.5,Eletronicos,Pix,Mobile,47.43,993.9,2,144.4,3,-50.66,713,DEV-BE1E6,0
TRX-55967,31.5,Vestuario,Cartao_Credito,Desktop,395.51,1609.6,0,50.1,2,3.37,665,DEV-37D39,0
TRX-55968,24.0,Beleza,Cartao_Credito,Desktop,125.25,719.8,1,289.9,2,241.63,467,DEV-269C7,0
TRX-55969,24.0,Vestuario,Cartao_Credito,Mobile,119.53,478.1,1,32.3,9,33.65,260,DEV-B65C7,0
TRX-55970,49.1,Beleza,Boleto,Mobile,1186.94,467.7,0,1.4,1,172.35,959,DEV-945D5,1
TRX-55971,52.8,Beleza,Boleto,Mobile,53.0,825.4,1,93.3,3,-86.71,103,DEV-61923,0
TRX-55972,26.2,Eletronicos,Cartao_Credito,Mobile,1062.34,696.2,2,511.5,5,-53.73,220,DEV-7C955,1
TRX-55973,19.3,Eletronicos,Boleto,Desktop,1040.28,79.6,0,87.8,5,-6.7,429,DEV-65872,0
TRX-55974,29.9,Eletronicos,Boleto,Mobile,1258.34,916.0,0,192.3,4,113.16,692,DEV-3603F,1
TRX-55975,23.2,Eletronicos,Cartao_Credito,Desktop,28.46,80.1,0,399.0,6,-22.84,297,DEV-E03B7,0
TRX-55976,48.5,eletronicos,Cartao_Credito,Desktop,,100.4,0,180.6,2,-68.06,828,DEV-E318E,0
TRX-55977,36.1,Vestuario,Pix,Mobile,269.72,1362.0,0,43.1,1,156.46,776,DEV-C4DDF,0
TRX-55978,26.1, ELETRONICOS ,Pix,Mobile,34.17,540.3,0,2.2,4,140.06,111,DEV-9F3E5,0
TRX-55979,20.0,Beleza,Pix,Desktop,1621.0,1740.1,0,226.6,4,195.37,938,DEV-C294A,0
TRX-55980,53.8,eletronicos,Cartao_Credito,Desktop,1312.11,1734.2,0,372.6,3,-100.94,319,DEV-7CC8C,0
TRX-55981,56.7, ELETRONICOS ,Cartao_Credito,Desktop,252.32,624.1,1,18.2,4,115.06,399,DEV-E7B5C,0
TRX-55982,40.6,Vestuario,Pix,Mobile,203.83,1747.7,0,278.8,1,-209.63,565,DEV-189C9,0
TRX-55983,29.3,Beleza,Pix,Mobile,61.26,1787.1,0,233.0,1,33.37,315,DEV-A1C88,0
TRX-55984,68.0,Beleza,Cartao_Credito,Desktop,362.21,975.3,0,133.8,1,128.87,732,DEV-4BCFF,0
TRX-55985,27.2,Eletronicos,Pix,Mobile,1074.22,1067.3,0,158.4,2,-206.13,463,DEV-8F923,0
TRX-55986,36.7,Eletronicos,Boleto,Mobile,1527.31,749.0,0,306.7,7,231.24,315,DEV-D9BD2,0
TRX-55987,37.8,Vestuario,Cartao_Credito,Mobile,474.1,219.8,2,55.7,4,184.87,704,DEV-3DEF0,0
TRX-55988,39.8, ELETRONICOS ,Cartao_Credito,Mobile,683.83,751.5,0,34.7,4,-43.41,673,DEV-EBEF5,0
TRX-55989,48.5,Vestuario,Cartao_Credito,Tablet,186.49,919.1,2,112.3,1,-102.67,315,DEV-2C06F,0
TRX-55990,41.1,eletronicos,Boleto,Mobile,124.22,916.1,1,64.7,2,-77.13,685,DEV-D2A85,0
TRX-55991,37.6,Vestuario,Pix,Desktop,37.93,1337.0,0,13.4,4,39.15,429,DEV-E8858,0
TRX-55992,46.0,Eletronicos,Pix,Desktop,223.56,549.0,1,82.4,4,46.79,917,DEV-B37DE,0
TRX-55993,38.5,eletronicos,Cartao_Credito,Mobile,263.1,716.1,0,26.7,2,-14.15,198,DEV-ADBFA,0
TRX-55994,35.4,eletronicos,Cartao_Credito,Mobile,801.02,383.6,0,240.6,2,-118.84,624,DEV-234E6,0
TRX-55995,56.6,Eletronicos,Boleto,Tablet,1205.84,1029.1,0,268.3,1,6.63,499,DEV-96470,0
TRX-55996,35.6,Vestuario,Cartao_Credito,Tablet,596.16,1733.0,0,23.0,5,33.79,587,DEV-8D72C,0
TRX-55997,55.3,Beleza,Pix,Desktop,450.57,1240.5,1,242.8,3,-2.31,927,DEV-C3624,1
TRX-55998,37.1,Eletronicos,Cartao_Credito,Desktop,196.96,1682.3,0,20.4,5,-73.08,113,DEV-B551E,0
TRX-55999,48.8,Vestuario,Cartao_Credito,Mobile,296.25,1443.2,0,48.8,4,-177.59,441,DEV-2E539,0
TRX-56000,55.4,Vestuario,Boleto,Mobile,780.5,150.8,0,26.5,2,8.6,726,DEV-681A6,0
TRX-56001,41.5,Beleza,Cartao_Credito,Mobile,879.16,226.8,0,215.6,4,-52.47,167,DEV-2DA21,0
TRX-56002,52.9, ELETRONICOS ,Cartao_Credito,SmartTV,967.79,674.9,0,31.9,5,-39.02,688,DEV-4B5E7,0
TRX-56003,39.4,eletronicos,Pix,Mobile,147.8,867.6,0,265.4,2,-17.66,626,DEV-4F473,0
TRX-56004,25.0, ELETRONICOS ,Boleto,Mobile,1431.26,1108.4,1,36.3,2,-240.3,171,DEV-7B494,0
TRX-56005,28.6,Beleza,Cartao_Credito,Mobile,,444.4,2,17.8,2,70.23,523,DEV-59025,1
TRX-56006,, ELETRONICOS ,Cartao_Credito,Desktop,148.86,306.8,2,137.4,5,-93.78,441,DEV-3F435,0
TRX-56007,43.2,Eletronicos,Cartao_Credito,Mobile,219.71,1628.8,0,69.4,2,90.45,467,DEV-4CA32,0
TRX-56008,50.3, ELETRONICOS ,Pix,Mobile,837.0,151.6,0,254.6,2,-43.45,208,DEV-D695B,1
TRX-56009,54.6,Vestuario,Boleto,Mobile,34.35,1674.8,1,247.9,1,77.87,291,DEV-5D3BE,0
TRX-56010,34.0,eletronicos,Pix,Desktop,2488.82,605.9,0,81.4,2,-168.01,347,DEV-D4C53,1
TRX-56011,34.7,Beleza,Pix,Mobile,1031.49,1012.4,0,131.6,6,256.89,931,DEV-B1A2C,0
TRX-56012,31.6,Vestuario,Pix,Desktop,2389.85,407.5,1,103.6,4,-222.77,987,DEV-46BE3,1
TRX-56013,33.2,Eletronicos,Cartao_Credito,Desktop,1034.74,920.9,1,18.3,6,-74.48,363,DEV-911DE,0
TRX-56014,32.6, ELETRONICOS ,Cartao_Credito,Mobile,191.27,844.2,1,2.3,8,-167.84,277,DEV-E4686,0
TRX-56015,30.6,eletronicos,Cartao_Credito,Mobile,,1109.2,1,198.9,1,146.56,255,DEV-1BD64,1
TRX-56016,37.2, ELETRONICOS ,Pix,Mobile,171.58,224.7,0,164.6,6,105.34,291,DEV-D9D96,0
TRX-56017,33.7,eletronicos,Cartao_Credito,Mobile,97.37,1570.5,2,242.6,3,-122.48,430,DEV-D4D9F,0
TRX-56018,31.7,Beleza,Boleto,Mobile,924.52,828.5,0,78.7,2,-6.45,454,DEV-68B1A,1
TRX-56019,41.2,Eletronicos,Cartao_Credito,Desktop,102.83,922.0,1,29.6,5,-63.27,905,DEV-6373E,0
TRX-56020,,Eletronicos,Pix,Desktop,119.08,358.2,1,269.2,2,77.31,526,DEV-B57C4,0
TRX-56021,31.6,Vestuario,Cartao_Credito,Mobile,413.86,1349.3,2,102.3,4,69.33,583,DEV-ECDEE,0
TRX-56022,49.2,Games,Cartao_Credito,Mobile,425.26,1588.0,0,3.0,2,116.45,763,DEV-306AE,0
TRX-56023,54.8,Games,Boleto,Mobile,1698.16,946.7,1,223.7,5,258.93,369,DEV-DFBC0,0
TRX-56024,32.6,Vestuario,Cartao_Credito,Desktop,463.55,51.8,1,109.0,4,177.59,244,DEV-A191F,0
TRX-56025,46.5,Beleza,Pix,Mobile,381.81,1066.2,1,218.2,2,109.01,191,DEV-1F70C,1
TRX-56026,27.8,Vestuario,Cartao_Credito,Mobile,194.18,456.4,3,128.3,0,-6.12,353,DEV-5AD49,1
TRX-56027,,Beleza,Pix,Desktop,206.35,1549.2,0,188.9,3,42.15,621,DEV-76493,0
TRX-56028,37.0,Vestuario,Cartao_Credito,Mobile,123.8,645.4,1,310.2,5,-51.26,442,DEV-B916A,1
TRX-56029,40.3,Vestuario,Cartao_Credito,Mobile,336.69,1790.0,0,66.2,2,-66.36,965,DEV-F033A,0
TRX-56030,40.0,Vestuario,Boleto,Mobile,763.96,33.2,2,225.1,3,-85.13,179,DEV-95D64,1
TRX-56031,28.3,Eletronicos,Cartao_Credito,Mobile,830.13,92.3,0,59.6,2,66.32,394,DEV-30DA6,0
TRX-56032,20.6,Eletronicos,Boleto,Desktop,715.59,668.9,1,40.4,6,2.46,808,DEV-4FD67,0
TRX-56033,53.5,Beleza,Cartao_Credito,Mobile,701.01,1454.8,1,11.9,2,-126.65,258,DEV-A0757,0
TRX-56034,28.0,Games,Cartao_Credito,Mobile,626.43,1410.5,1,247.4,5,80.8,496,DEV-66189,0
TRX-56035,,Vestuario,Pix,Mobile,804.28,1405.0,2,31.3,4,77.12,835,DEV-A279E,0
TRX-56036,, ELETRONICOS ,Pix,Mobile,282.12,949.8,0,13.8,2,3.64,628,DEV-6CB2D,0
TRX-56037,48.0,Beleza,Cartao_Credito,Mobile,684.73,452.9,0,63.7,3,67.91,701,DEV-6D473,1
TRX-56038,39.8,Beleza,Cartao_Credito,Mobile,361.93,1572.1,4,158.4,2,-28.15,258,DEV-B68F3,0
TRX-56039,21.8, ELETRONICOS ,Boleto,Desktop,413.63,1307.9,1,2.2,0,-47.54,506,DEV-23DC3,0
TRX-56040,30.4,Eletronicos,Pix,Mobile,649.83,174.5,0,283.6,1,-16.51,824,DEV-769C3,1
TRX-56041,40.2,eletronicos,Pix,Desktop,1649.3,1404.9,1,215.8,1,-28.24,929,DEV-85BA6,1
TRX-56042,38.4, ELETRONICOS ,Boleto,Tablet,337.94,1578.2,0,472.3,2,14.02,458,DEV-6820E,0
TRX-56043,31.4,Beleza,Pix,SmartTV,1089.13,951.9,0,107.1,3,11.18,209,DEV-4A82E,0
TRX-56044,34.5,Beleza,Pix,Desktop,,42.2,0,6.8,4,-102.07,405,DEV-229D9,0
TRX-56045,34.5,Vestuario,Cartao_Credito,Mobile,778.23,665.8,0,31.2,1,89.86,232,DEV-C2A63,0
TRX-56046,26.2, ELETRONICOS ,Boleto,Desktop,3847.32,294.2,0,34.2,4,212.21,148,DEV-2741A,1
TRX-56047,42.2,Eletronicos,Cartao_Credito,SmartTV,709.18,408.3,1,303.7,7,-37.51,556,DEV-8AD8C,0
TRX-56048,45.7, ELETRONICOS ,Cartao_Credito,Desktop,400.8,1476.0,0,103.2,5,18.14,554,DEV-A128E,0
TRX-56049,26.2,Beleza,Pix,Mobile,307.62,1709.6,1,47.1,8,-97.21,438,DEV-AA634,0
TRX-56050,51.9,Beleza,Voucher,Mobile,243.55,577.2,2,157.1,3,75.71,172,DEV-C12B3,1
TRX-56051,32.0,Eletronicos,Cartao_Credito,Mobile,1191.11,607.1,0,510.5,2,-110.36,688,DEV-849E0,1
TRX-56052,59.1,Games,Boleto,Desktop,419.93,1322.0,0,90.2,2,126.12,900,DEV-5B6F5,0
TRX-56053,40.3,Vestuario,Cartao_Credito,Desktop,217.32,789.9,0,226.7,3,32.96,529,DEV-EEB1F,0
TRX-56054,35.8,Eletronicos,Boleto,Mobile,1057.6,1393.2,0,149.2,1,36.95,545,DEV-9E2E5,0
TRX-56055,53.5,Vestuario,Cartao_Credito,Mobile,242.52,1281.1,0,150.5,5,71.57,521,DEV-56C05,0
TRX-56056,21.2,Eletronicos,Boleto,Desktop,69.52,1166.6,1,58.0,5,119.05,356,DEV-3FE61,0
TRX-56057,47.9,Vestuario,Pix,Mobile,409.12,1007.1,0,298.2,2,-7.98,796,DEV-65CDA,0
TRX-56058,26.5,Vestuario,Cartao_Credito,Mobile,1379.88,349.7,1,3.8,2,-201.43,343,DEV-AEF75,1
TRX-56059,28.2,Beleza,Cartao_Credito,Tablet,45.9,1571.4,1,125.1,2,-0.73,532,DEV-8F96E,0
TRX-56060,26.9,Games,Pix,Desktop,139.3,1191.2,1,10.0,4,38.9,224,DEV-A9C92,0
TRX-56061,21.5,Eletronicos,Boleto,Desktop,475.29,191.1,1,27.1,8,35.5,543,DEV-EFA9F,0
TRX-56062,40.5,Vestuario,Pix,Mobile,663.63,581.1,0,176.2,4,-223.6,725,DEV-DCCD4,0
TRX-56063,35.9,Eletronicos,Voucher,Mobile,152.8,1020.8,1,14.1,2,-27.82,133,DEV-C552C,0
TRX-56064,25.8,Eletronicos,Boleto,Mobile,695.12,190.6,1,24.8,2,-24.78,919,DEV-6EEED,1
TRX-56065,48.9,Eletronicos,Cartao_Credito,Mobile,71.07,52.4,1,31.3,4,-125.86,824,DEV-2CE96,0
TRX-56066,36.9,Eletronicos,Boleto,Mobile,1444.93,353.0,0,4.3,3,-33.67,856,DEV-80E99,0
TRX-56067,27.8,Vestuario,Cartao_Credito,Mobile,1195.7,598.4,0,124.5,2,-131.26,282,DEV-24947,0
TRX-56068,43.5,Eletronicos,Cartao_Credito,Mobile,170.86,1334.3,0,255.7,4,141.55,879,DEV-73DD1,0
TRX-56069,29.0,Vestuario,Cartao_Credito,Mobile,618.04,778.4,0,38.0,6,28.57,236,DEV-334C6,0
TRX-56070,38.5,Vestuario,Cartao_Credito,Mobile,979.51,115.0,0,225.3,5,210.59,994,DEV-E515A,0
TRX-56071,32.7,Beleza,Pix,Desktop,120.93,1121.5,0,185.2,3,-96.72,814,DEV-DEA36,0
TRX-56072,24.3,Eletronicos,Boleto,Mobile,53.98,1323.5,0,139.2,0,169.82,722,DEV-3C8A4,0
TRX-56073,42.0,Beleza,Cartao_Credito,Desktop,188.84,166.2,0,72.7,2,-171.11,789,DEV-B32D4,0
TRX-56074,57.6,Beleza,Cartao_Credito,Mobile,1846.93,1166.2,1,5.9,2,22.48,814,DEV-5CA9F,1
TRX-56075,16.3,Beleza,Voucher,Mobile,475.74,668.2,1,21.6,5,178.93,404,DEV-775AC,0
TRX-56076,34.6,Beleza,Pix,Desktop,549.22,1457.9,1,23.3,1,205.04,430,DEV-D7D69,1
TRX-56077,20.7,Games,Pix,Mobile,858.75,1147.9,0,283.3,4,-104.72,753,DEV-545EF,1
TRX-56078,,eletronicos,Cartao_Credito,Desktop,161.11,1084.8,1,101.3,6,-194.14,513,DEV-7909D,0
TRX-56079,56.8,Eletronicos,Cartao_Credito,SmartTV,469.07,796.9,0,369.8,2,-9.55,505,DEV-C7E00,1
TRX-56080,27.3,Vestuario,Pix,Desktop,,403.1,1,2.6,5,-26.47,370,DEV-ACF78,0
TRX-56081,38.2,Eletronicos,Boleto,Mobile,385.99,38.2,0,82.8,4,-56.3,583,DEV-37B9C,0
TRX-56082,40.3,eletronicos,Cartao_Credito,Desktop,2050.01,826.4,0,285.6,3,-3.4,585,DEV-D01CB,1
TRX-56083,34.0,Vestuario,Pix,Mobile,1560.8,673.6,1,69.9,6,62.79,471,DEV-635C8,0
TRX-56084,9.4,Vestuario,Cartao_Credito,Desktop,1203.08,444.8,0,40.8,2,151.68,331,DEV-A5921,1
TRX-56085,43.5,Beleza,Cartao_Credito,SmartTV,198.36,1296.7,0,114.3,4,-70.16,293,DEV-883D5,0
TRX-56086,36.7,Games,Pix,Mobile,1821.25,1636.2,1,96.0,5,-23.95,694,DEV-AF77D,0
TRX-56087,41.4,Games,Cartao_Credito,Mobile,612.72,703.7,0,54.2,6,73.42,407,DEV-5F81F,0
TRX-56088,39.0,Eletronicos,Pix,Tablet,133.71,826.2,0,312.2,3,-29.44,611,DEV-66501,0
TRX-56089,38.4,Games,Cartao_Credito,Mobile,130.39,1366.1,0,296.5,6,28.41,998,DEV-860C4,0
TRX-56090,48.4,Games,Pix,Desktop,173.92,943.3,0,54.9,1,99.24,581,DEV-A1E43,0
TRX-56091,30.8,Games,Boleto,Desktop,208.78,1302.5,1,301.2,4,-15.91,963,DEV-78F3F,0
TRX-56092,51.8,Vestuario,Cartao_Credito,Mobile,1799.26,1456.5,1,9.8,3,-73.73,103,DEV-28850,1
TRX-56093,16.5,Vestuario,Cartao_Credito,Mobile,843.01,649.0,1,39.5,4,72.43,168,DEV-8FF44,0
TRX-56094,29.8, ELETRONICOS ,Voucher,Mobile,1846.23,1516.3,0,130.4,7,-30.94,993,DEV-30E90,0
TRX-56095,32.4, ELETRONICOS ,Cartao_Credito,Mobile,366.34,1349.6,0,188.3,5,-51.16,745,DEV-197A4,0
TRX-56096,44.9,Vestuario,Cartao_Credito,SmartTV,311.36,1286.0,2,17.3,6,46.38,342,DEV-66D53,0
TRX-56097,36.0,Beleza,Boleto,Desktop,1206.54,920.8,1,24.8,4,-34.57,701,DEV-550B0,0
TRX-56098,25.5,Eletronicos,Cartao_Credito,Mobile,423.03,1258.9,1,68.5,1,73.35,760,DEV-92B39,0
TRX-56099,27.3,Vestuario,Cartao_Credito,Tablet,,1698.3,1,35.3,7,-160.5,980,DEV-8359D,0
TRX-56100,26.1,eletronicos,Cartao_Credito,Mobile,103.16,886.4,0,107.6,1,-64.02,427,DEV-AC90B,0
TRX-56101,45.4,Vestuario,Pix,Desktop,764.44,1279.5,1,6.2,4,-34.73,184,DEV-E346B,0
TRX-56102,46.2,Vestuario,Cartao_Credito,Mobile,1295.4,1419.5,1,41.8,0,-37.47,800,DEV-F25D2,1
TRX-56103,37.5,Beleza,Cartao_Credito,SmartTV,311.35,172.6,0,384.8,9,-107.95,282,DEV-86779,0
TRX-56104,34.2,Eletronicos,Pix,Desktop,355.08,757.7,0,234.1,4,32.6,927,DEV-B0F69,0
TRX-56105,41.9,Vestuario,Pix,Desktop,169.79,293.8,2,90.2,3,159.8,485,DEV-2EE66,0
TRX-56106,39.0,Beleza,Cartao_Credito,Tablet,3056.47,1647.6,0,323.2,4,17.73,990,DEV-E27C7,1
TRX-56107,27.8,Vestuario,Pix,Mobile,101.59,1455.5,1,203.1,4,185.05,909,DEV-5E3D5,0
TRX-56108,, ELETRONICOS ,Voucher,Desktop,656.47,672.8,0,451.5,1,-180.2,914,DEV-242FC,0
TRX-56109,36.8,Eletronicos,Pix,Mobile,546.99,551.7,0,13.1,4,-11.79,685,DEV-C8110,0
TRX-56110,50.3,Games,Cartao_Credito,Tablet,65.46,1176.0,0,153.8,4,230.83,867,DEV-C7E14,0
TRX-56111,29.8,Eletronicos,Pix,Mobile,,1460.8,0,342.6,5,-150.8,541,DEV-E6F15,0
TRX-56112,45.5, ELETRONICOS ,Cartao_Credito,Mobile,774.24,385.3,0,30.2,1,95.56,237,DEV-8F027,0
TRX-56113,46.9, ELETRONICOS ,Cartao_Credito,Mobile,1449.57,1163.6,0,196.1,4,126.0,369,DEV-55757,1
TRX-56114,40.0,eletronicos,Cartao_Credito,Mobile,1828.39,149.4,1,254.5,8,10.32,355,DEV-E7D9F,1
TRX-56115,32.4,eletronicos,Cartao_Credito,Desktop,2141.24,448.5,0,52.2,5,194.89,781,DEV-B1391,0
TRX-56116,39.5,Beleza,Cartao_Credito,Mobile,247.12,1672.2,2,26.7,8,-155.21,419,DEV-38F1E,0
TRX-56117,38.9,Beleza,Cartao_Credito,Mobile,97.94,1342.6,0,51.3,4,114.21,239,DEV-9C604,0
TRX-56118,33.3,Eletronicos,Cartao_Credito,Mobile,72.78,829.7,1,110.1,1,4.94,282,DEV-8C935,0
TRX-56119,35.9,Vestuario,Cartao_Credito,Mobile,240.33,322.1,1,148.0,7,12.54,312,DEV-C9978,0
TRX-56120,27.8,Beleza,Cartao_Credito,Mobile,463.73,474.7,1,40.3,3,-84.97,704,DEV-34E09,0
TRX-56121,27.5,Eletronicos,Cartao_Credito,Desktop,566.41,786.4,0,132.2,7,68.86,168,DEV-884F2,0
TRX-56122,26.3,Vestuario,Cartao_Credito,Mobile,210.62,207.1,1,43.0,1,-68.96,450,DEV-42F85,0
TRX-56123,27.7,eletronicos,Cartao_Credito,Desktop,1120.07,439.0,0,25.3,5,127.56,389,DEV-EA39F,0
TRX-56124,43.1,eletronicos,Cartao_Credito,Desktop,220.14,1155.2,1,12.2,1,104.12,772,DEV-940AD,0
TRX-56125,48.5,Games,Cartao_Credito,Mobile,713.91,1536.3,0,20.6,5,-14.54,741,DEV-C6C2E,0
TRX-56126,23.9,Eletronicos,Pix,Tablet,360.19,1446.3,0,173.9,1,-43.58,959,DEV-70FEA,0
TRX-56127,42.2,Eletronicos,Cartao_Credito,Mobile,597.72,915.2,0,54.9,5,-73.89,100,DEV-9300A,0
TRX-56128,54.5,Beleza,Cartao_Credito,Mobile,27.79,74.2,1,183.8,2,5.27,696,DEV-61E6E,1
TRX-56129,36.7,eletronicos,Voucher,Desktop,24.08,1109.5,0,197.7,2,-56.77,240,DEV-3B3F1,0
TRX-56130,46.2, ELETRONICOS ,Cartao_Credito,Mobile,475.14,883.9,0,39.6,4,-81.22,334,DEV-2E2AB,0
TRX-56131,35.3,Vestuario,Pix,Mobile,468.18,1397.7,0,70.1,4,-6.39,896,DEV-35ED4,0
TRX-56132,29.4, ELETRONICOS ,Voucher,Mobile,152.15,353.5,1,126.1,2,146.12,377,DEV-4AFD4,0
TRX-56133,21.6,eletronicos,Cartao_Credito,Desktop,1414.89,1531.1,0,111.2,2,-43.65,889,DEV-A072A,0
TRX-56134,39.6,Vestuario,Cartao_Credito,Mobile,349.48,1442.7,2,154.5,0,92.5,521,DEV-60CFC,0
TRX-56135,,Vestuario,Cartao_Credito,Mobile,182.85,251.7,0,508.8,1,38.2,411,DEV-79DE3,1
TRX-56136,32.8,Eletronicos,Cartao_Credito,Desktop,248.05,1734.8,0,362.7,2,146.51,925,DEV-8BDCC,0
TRX-56137,46.6,Beleza,Pix,Mobile,79.04,495.1,0,246.7,6,-83.5,762,DEV-B1DD6,0
TRX-56138,31.5,Beleza,Cartao_Credito,Desktop,1333.46,13.9,0,146.9,3,79.7,232,DEV-43B64,1
TRX-56139,24.8,Eletronicos,Cartao_Credito,Mobile,410.39,1594.4,1,121.4,0,179.6,630,DEV-3A6F0,0
TRX-56140,30.8,eletronicos,Cartao_Credito,Desktop,332.04,141.7,0,54.3,1,9.83,382,DEV-3EC41,0
TRX-56141,32.6, ELETRONICOS ,Cartao_Credito,Desktop,437.87,512.0,0,301.4,3,90.91,166,DEV-3DEDF,0
TRX-56142,42.3,Eletronicos,Boleto,Mobile,255.45,403.7,0,276.9,1,-207.93,710,DEV-2083C,1
TRX-56143,50.6, ELETRONICOS ,Cartao_Credito,Desktop,531.48,341.3,1,268.9,5,293.43,513,DEV-B325E,0
TRX-56144,37.4,Vestuario,Pix,Desktop,157.33,995.7,0,15.4,1,82.11,630,DEV-A9ECF,0
TRX-56145,30.6,Games,Pix,Mobile,,1403.9,2,363.7,5,-65.86,395,DEV-EB4CF,0
TRX-56146,38.8,Beleza,Cartao_Credito,Desktop,37.08,681.1,1,84.5,3,-110.17,346,DEV-66855,0
TRX-56147,26.9,Eletronicos,Cartao_Credito,Mobile,105.15,573.6,1,0.8,2,-49.01,851,DEV-B870E,0
TRX-56148,38.4,Eletronicos,Cartao_Credito,Mobile,81.91,836.4,1,0.5,3,-44.6,311,DEV-67F2C,0
TRX-56149,53.2, ELETRONICOS ,Cartao_Credito,Mobile,2067.51,776.7,1,165.6,4,-203.97,433,DEV-2B268,1
TRX-56150,19.2,Games,Cartao_Credito,Mobile,1071.31,1319.9,1,200.9,2,-249.82,739,DEV-23224,1
TRX-56151,27.2,Eletronicos,Cartao_Credito,Desktop,1812.07,994.0,1,55.3,4,-48.44,906,DEV-B4A95,1
TRX-56152,20.6,eletronicos,Cartao_Credito,Mobile,1402.84,1083.5,0,147.1,2,54.3,172,DEV-C143E,1
TRX-56153,48.6,Games,Cartao_Credito,SmartTV,1237.29,555.6,1,5.2,3,-148.61,452,DEV-29DB4,1
TRX-56154,22.4, ELETRONICOS ,Boleto,Mobile,1060.86,1261.2,1,219.1,4,-27.66,800,DEV-56F32,0
TRX-56155,36.2,Games,Cartao_Credito,Mobile,526.74,139.5,0,241.3,3,20.48,472,DEV-26B36,0
TRX-56156,35.3,Beleza,Boleto,Mobile,918.81,1775.0,0,45.3,4,-127.39,852,DEV-51359,0
TRX-56157,29.5,Eletronicos,Boleto,Mobile,776.16,8.6,0,163.1,2,56.58,402,DEV-E0E84,1
TRX-56158,39.6,Eletronicos,Cartao_Credito,Mobile,633.95,325.2,1,58.5,6,-20.84,220,DEV-DBF99,0
TRX-56159,41.6,Eletronicos,Cartao_Credito,Mobile,1307.9,111.3,1,276.8,2,-121.9,779,DEV-D8400,1
TRX-56160,36.6, ELETRONICOS ,Voucher,Mobile,2518.72,524.2,3,137.3,1,104.15,173,DEV-8DC09,1
TRX-56161,21.2,Beleza,Cartao_Credito,Mobile,1828.99,1451.1,1,334.4,5,307.29,513,DEV-5F6F8,1
TRX-56162,27.2,Eletronicos,Pix,SmartTV,180.21,113.9,1,201.1,8,-169.25,174,DEV-7F07A,0
TRX-56163,30.0,Eletronicos,Pix,Mobile,355.47,111.6,0,32.7,4,4.13,400,DEV-B6618,0
TRX-56164,50.9,Eletronicos,Cartao_Credito,Desktop,96.43,202.6,0,31.3,4,-21.85,498,DEV-609BA,0
TRX-56165,47.3,Games,Cartao_Credito,Tablet,121.65,1770.1,0,42.2,3,155.52,484,DEV-B592B,0
TRX-56166,24.6,Eletronicos,Cartao_Credito,Mobile,457.02,635.7,1,3.4,0,-12.22,274,DEV-DBFFF,0
TRX-56167,37.3,Vestuario,Boleto,Desktop,524.06,483.4,0,96.7,5,-51.35,917,DEV-8A824,0
TRX-56168,57.5, ELETRONICOS ,Boleto,Mobile,,174.2,1,196.3,9,289.08,712,DEV-844C0,0
TRX-56169,57.1,Vestuario,Cartao_Credito,Mobile,,66.7,0,211.1,6,-65.14,282,DEV-77647,1
TRX-56170,37.2, ELETRONICOS ,Pix,Desktop,1182.83,1608.3,1,167.9,2,91.42,123,DEV-5D11C,0
TRX-56171,37.3,Eletronicos,Cartao_Credito,Mobile,711.92,1560.6,0,6.1,2,155.96,425,DEV-908F1,0
TRX-56172,51.9,Eletronicos,Voucher,Mobile,207.64,605.3,1,38.8,6,-136.77,287,DEV-81B11,0
TRX-56173,24.9, ELETRONICOS ,Cartao_Credito,Mobile,952.38,1709.5,1,327.1,3,-26.44,492,DEV-F4029,0
TRX-56174,,Eletronicos,Boleto,Desktop,129.35,48.3,0,72.6,3,-101.47,737,DEV-5395A,0
TRX-56175,40.7,Vestuario,Boleto,Mobile,283.12,1649.0,0,22.5,6,-60.87,113,DEV-7A1E1,0
TRX-56176,32.5,Eletronicos,Cartao_Credito,Mobile,566.03,223.7,2,205.0,5,139.06,195,DEV-72DEA,1
TRX-56177,12.4, ELETRONICOS ,Cartao_Credito,Mobile,540.04,1548.4,2,29.2,1,-24.42,995,DEV-D7A89,1
TRX-56178,37.3,Vestuario,Cartao_Credito,Desktop,166.13,1698.4,0,88.8,4,47.76,834,DEV-40ED5,0
TRX-56179,35.0, ELETRONICOS ,Boleto,Mobile,1168.31,336.2,1,156.1,5,28.6,220,DEV-599CA,0
TRX-56180,, ELETRONICOS ,Cartao_Credito,Mobile,46.91,1655.7,1,20.0,7,-101.62,377,DEV-5ACB4,0
TRX-56181,28.0,eletronicos,Cartao_Credito,Desktop,108.03,360.7,0,9.1,8,198.28,587,DEV-2F83E,0
TRX-56182,26.2, ELETRONICOS ,Boleto,Mobile,597.83,1715.1,0,129.4,7,-140.09,490,DEV-8F9C0,0
TRX-56183,39.0,Beleza,Pix,Mobile,410.24,1438.9,1,30.3,1,9.91,754,DEV-88C7E,0
TRX-56184,30.1,Eletronicos,Cartao_Credito,Tablet,38.8,345.5,0,365.0,8,-225.47,663,DEV-474C3,0
TRX-56185,30.4,eletronicos,Cartao_Credito,Mobile,,936.0,1,155.0,3,56.3,188,DEV-66424,1
TRX-56186,41.0,eletronicos,Boleto,Mobile,3545.04,47.6,0,39.1,7,11.25,273,DEV-7DA06,1
TRX-56187,46.0, ELETRONICOS ,Cartao_Credito,Mobile,317.76,950.5,2,101.9,6,-150.36,347,DEV-80EF4,0
TRX-56188,37.4,Vestuario,Cartao_Credito,Mobile,28.45,427.4,0,66.1,4,-73.97,766,DEV-BA09B,0
TRX-56189,36.3,Games,Cartao_Credito,Mobile,657.15,361.1,1,40.0,8,-46.13,245,DEV-360F6,0
TRX-56190,38.4,Eletronicos,Cartao_Credito,Mobile,103.37,1189.5,2,32.5,3,10.51,698,DEV-51E32,0
TRX-56191,37.1,Eletronicos,Cartao_Credito,Mobile,2093.96,802.8,0,114.8,2,10.66,315,DEV-E027E,1
TRX-56192,49.4, ELETRONICOS ,Cartao_Credito,Mobile,386.14,768.9,0,87.0,7,-15.39,463,DEV-8D017,0
TRX-56193,33.6,Vestuario,Pix,Desktop,1058.43,1218.3,0,16.2,3,37.98,206,DEV-98990,0
TRX-56194,26.2,Games,Cartao_Credito,Mobile,439.46,868.2,0,104.3,0,89.47,424,DEV-1F66B,1
TRX-56195,26.2,Eletronicos,Pix,Mobile,136.85,1225.8,1,336.1,6,-46.24,548,DEV-514B1,0
TRX-56196,, ELETRONICOS ,Cartao_Credito,Mobile,457.92,1589.0,0,179.8,3,-299.46,453,DEV-B6AC7,0
TRX-56197,,Vestuario,Pix,Mobile,1340.82,1173.8,1,238.0,4,23.89,660,DEV-9981A,1
TRX-56198,26.3,eletronicos,Boleto,Mobile,579.05,322.7,0,123.3,4,-308.28,415,DEV-1B97A,0
TRX-56199,33.0,eletronicos,Boleto,Desktop,1077.03,1564.7,1,68.6,5,10.5,417,DEV-94186,1
TRX-56200,25.7, ELETRONICOS ,Cartao_Credito,Mobile,1221.82,574.7,1,181.8,5,-110.41,886,DEV-2B4CF,0
TRX-56201,30.6,Vestuario,Boleto,Desktop,116.48,715.1,0,7.9,4,111.78,638,DEV-1F5B7,0
TRX-56202,,Vestuario,Cartao_Credito,Mobile,823.27,364.4,3,60.4,6,140.08,557,DEV-1A92B,0
TRX-56203,43.2,Games,Cartao_Credito,Tablet,122.82,1428.1,0,38.6,3,126.35,994,DEV-9C243,0
TRX-56204,27.4,Eletronicos,Cartao_Credito,Mobile,458.17,400.4,2,94.6,3,47.7,688,DEV-5BE46,1
TRX-56205,34.8, ELETRONICOS ,Cartao_Credito,Mobile,515.06,585.9,0,1.8,4,-30.54,389,DEV-2AA26,0
TRX-56206,30.0,eletronicos,Boleto,Mobile,457.22,832.6,0,12.1,1,-1.75,313,DEV-95886,0
TRX-56207,48.6,Vestuario,Boleto,SmartTV,255.03,910.5,4,11.2,4,331.19,941,DEV-594A8,1
TRX-56208,42.0,Vestuario,Voucher,Desktop,1762.15,567.4,1,93.2,3,168.64,105,DEV-5ACD2,1
TRX-56209,45.5,Eletronicos,Cartao_Credito,Mobile,384.9,1526.2,1,26.1,1,12.04,507,DEV-63AAC,0
TRX-56210,28.3,Vestuario,Cartao_Credito,Mobile,871.23,285.1,1,222.7,2,-135.16,364,DEV-BE97B,1
TRX-56211,39.9,Vestuario,Cartao_Credito,Mobile,381.48,101.3,1,88.2,3,162.68,243,DEV-483EE,1
TRX-56212,41.4, ELETRONICOS ,Cartao_Credito,Desktop,433.02,562.6,3,19.8,2,-29.58,664,DEV-21D6F,0
TRX-56213,40.5,Beleza,Cartao_Credito,Mobile,255.2,1295.2,0,40.0,3,-30.98,403,DEV-5925C,0
TRX-56214,33.1,Eletronicos,Cartao_Credito,Desktop,229.49,753.8,2,107.4,2,285.06,325,DEV-54B4D,0
TRX-56215,44.6,Vestuario,Pix,Mobile,150.73,1522.4,1,164.1,3,-82.44,564,DEV-5C6F4,0
TRX-56216,44.0, ELETRONICOS ,Voucher,Mobile,56.78,186.5,1,23.6,7,-26.69,478,DEV-3627A,0
TRX-56217,43.6,Vestuario,Pix,Desktop,891.15,474.7,0,141.9,9,12.85,629,DEV-19F97,0
TRX-56218,54.3,Eletronicos,Cartao_Credito,Mobile,212.69,1256.3,1,185.2,2,64.51,873,DEV-5706F,0
TRX-56219,38.2,Vestuario,Cartao_Credito,Mobile,3200.57,1474.8,0,609.5,4,-0.78,814,DEV-BC271,1
TRX-56220,44.9,Vestuario,Cartao_Credito,Mobile,1521.8,1347.7,1,204.1,5,-50.11,366,DEV-EF4BA,0
TRX-56221,43.5,Eletronicos,Cartao_Credito,Mobile,820.72,52.3,1,36.6,5,47.5,308,DEV-DFAD6,0
TRX-56222,44.6, ELETRONICOS ,Pix,Desktop,1069.9,1556.4,0,59.2,2,124.79,764,DEV-5C25F,0
TRX-56223,35.1,Vestuario,Cartao_Credito,Desktop,1219.16,710.8,0,6.5,4,153.66,670,DEV-D8D8E,1
TRX-56224,43.4, ELETRONICOS ,Voucher,Mobile,369.16,194.3,1,15.0,3,-88.06,380,DEV-385C6,0
TRX-56225,,Games,Cartao_Credito,Desktop,464.93,588.7,0,28.5,4,59.47,514,DEV-5BCB5,0
TRX-56226,23.4,Eletronicos,Cartao_Credito,Mobile,104.04,28.7,0,49.3,5,13.79,425,DEV-917C7,0
TRX-56227,16.4,Eletronicos,Cartao_Credito,Mobile,190.58,309.4,0,237.0,3,-34.54,805,DEV-A0E89,0
TRX-56228,42.5,Beleza,Cartao_Credito,Desktop,270.97,1735.6,0,101.7,6,-96.8,356,DEV-BB454,0
TRX-56229,40.7,Eletronicos,Boleto,Tablet,52.27,635.4,0,393.5,6,-209.83,571,DEV-5B21F,0
TRX-56230,44.2,Vestuario,Pix,Mobile,661.52,875.9,1,375.6,3,134.29,914,DEV-62BF5,1
TRX-56231,55.0, ELETRONICOS ,Cartao_Credito,Mobile,739.68,398.0,1,35.6,4,92.83,295,DEV-29A8B,0
TRX-56232,23.0,Eletronicos,Pix,Desktop,117.23,1485.8,1,66.5,7,-12.29,166,DEV-4D91D,0
TRX-56233,15.7,eletronicos,Pix,Tablet,74.93,1432.3,2,36.8,8,11.31,410,DEV-B8C4C,0
TRX-56234,20.7,Games,Cartao_Credito,Desktop,1184.44,434.8,0,0.1,3,-65.55,944,DEV-75A0E,0
TRX-56235,43.3,Beleza,Boleto,Mobile,1257.4,565.1,1,96.7,5,142.92,797,DEV-CF00F,1
TRX-56236,20.5,eletronicos,Cartao_Credito,Desktop,456.14,1643.3,1,10.0,5,-54.12,211,DEV-95A2A,0
TRX-56237,34.1,eletronicos,Pix,Desktop,2247.59,1601.6,1,9.5,3,204.5,404,DEV-C8769,0
TRX-56238,28.8,Beleza,Cartao_Credito,Desktop,380.31,759.2,3,715.2,0,-43.04,971,DEV-7531F,1
TRX-56239,24.2,Vestuario,Cartao_Credito,Mobile,60.19,1525.2,0,16.2,6,-127.72,451,DEV-34A26,0
TRX-56240,37.4,Eletronicos,Boleto,Desktop,417.47,1342.1,0,40.7,2,63.92,395,DEV-E245A,0
TRX-56241,39.1,Vestuario,Voucher,Mobile,901.87,1405.8,0,82.2,0,71.2,633,DEV-1BD53,1
TRX-56242,29.3,eletronicos,Pix,Mobile,1136.22,176.0,1,28.7,6,-27.51,111,DEV-5639C,0
TRX-56243,26.8,Eletronicos,Cartao_Credito,Desktop,1073.77,697.7,1,7.4,4,-153.57,254,DEV-A665D,0
TRX-56244,40.9,Vestuario,Cartao_Credito,Mobile,46.77,936.9,0,53.5,5,11.98,139,DEV-87733,0
TRX-56245,39.8,Games,Pix,Mobile,2679.77,116.7,1,75.5,2,-62.64,424,DEV-8AF85,1
TRX-56246,34.0,Beleza,Cartao_Credito,Mobile,54.15,1749.9,1,199.2,5,-5.23,325,DEV-194E8,0
TRX-56247,38.8,Vestuario,Cartao_Credito,Mobile,79.45,1240.6,1,66.9,2,-162.93,750,DEV-58FAA,0
TRX-56248,,Beleza,Boleto,Tablet,100.33,790.5,2,437.2,6,-13.08,475,DEV-2C96E,0
TRX-56249,33.9,Vestuario,Cartao_Credito,Desktop,,546.8,0,165.4,3,-91.53,687,DEV-78B92,0
TRX-56250,37.2,eletronicos,Cartao_Credito,Mobile,452.99,69.6,1,209.3,5,-71.65,595,DEV-E9801,0
TRX-56251,42.2,Eletronicos,Cartao_Credito,Mobile,,997.7,0,2.7,4,-37.74,550,DEV-29A2E,0
TRX-56252,33.5,Vestuario,Cartao_Credito,Mobile,117.9,352.0,1,27.6,4,-28.26,280,DEV-B6FF7,0
TRX-56253,41.0,Vestuario,Voucher,Mobile,309.08,1382.0,0,74.8,5,-10.37,604,DEV-F3A75,0
TRX-56254,28.2,Vestuario,Pix,Mobile,603.42,1764.5,2,87.7,2,208.6,840,DEV-2B4BF,0
TRX-56255,49.6,Vestuario,Cartao_Credito,Tablet,1055.55,637.1,1,57.7,3,-47.35,508,DEV-89A3C,1
TRX-56256,26.7,Eletronicos,Voucher,Mobile,2024.55,129.2,1,182.0,6,-44.32,850,DEV-919AD,1
TRX-56257,45.0,Eletronicos,Pix,Desktop,2117.71,273.7,0,172.7,7,81.92,139,DEV-42CD2,1
TRX-56258,47.5,eletronicos,Pix,Desktop,596.24,773.1,0,101.0,5,102.68,326,DEV-4AA64,0
TRX-56259,20.4,Eletronicos,Cartao_Credito,Mobile,1721.8,1054.4,0,104.2,7,96.56,781,DEV-3E5FB,0
TRX-56260,26.6,Beleza,Boleto,Mobile,25.96,1495.6,1,59.8,3,115.54,457,DEV-519D2,0
TRX-56261,41.6,Eletronicos,Cartao_Credito,Mobile,1627.11,933.6,2,46.2,3,-155.62,805,DEV-F3D92,1
TRX-56262,45.8,Eletronicos,Cartao_Credito,Mobile,206.08,1198.9,1,120.8,2,-149.99,417,DEV-C2BC2,0
TRX-56263,21.6,Vestuario,Pix,Mobile,189.48,595.3,0,95.7,2,-120.32,991,DEV-645C7,0
TRX-56264,34.1, ELETRONICOS ,Pix,Tablet,2123.09,1744.2,0,67.7,3,34.3,617,DEV-65E55,0
TRX-56265,44.7,Vestuario,Cartao_Credito,Mobile,1713.02,516.4,3,471.1,2,149.13,664,DEV-1FDCC,1
TRX-56266,25.6,Eletronicos,Cartao_Credito,Mobile,743.84,1194.1,0,234.6,1,64.83,531,DEV-D7962,1
TRX-56267,33.2,Eletronicos,Pix,Tablet,763.05,464.8,0,180.9,1,-111.34,935,DEV-BC2FC,1
TRX-56268,27.4,eletronicos,Cartao_Credito,Desktop,36.94,284.9,1,115.6,6,100.23,802,DEV-B0279,0
TRX-56269,25.0,Eletronicos,Pix,Mobile,1976.26,1792.7,0,146.4,4,-84.78,576,DEV-4D82D,1
TRX-56270,44.5,Vestuario,Boleto,Mobile,433.99,799.3,1,59.6,6,-140.38,355,DEV-E9E1F,0
TRX-56271,33.7,Beleza,Cartao_Credito,Desktop,36.42,1451.7,0,218.7,4,-129.53,436,DEV-7A4AB,0
TRX-56272,39.0, ELETRONICOS ,Cartao_Credito,Mobile,229.65,60.1,1,187.3,2,5.91,710,DEV-C3D42,0
TRX-56273,48.3,Eletronicos,Boleto,Mobile,362.32,580.8,1,783.8,2,-13.15,126,DEV-F3FC5,1
TRX-56274,43.1,Vestuario,Boleto,SmartTV,56.35,405.4,1,63.5,2,63.75,672,DEV-21CE5,0
TRX-56275,29.7,Vestuario,Cartao_Credito,Mobile,201.9,607.9,1,19.9,6,53.95,272,DEV-DD386,0
TRX-56276,46.7,Eletronicos,Cartao_Credito,Mobile,337.92,76.1,1,54.0,4,-38.46,387,DEV-F0D70,0
TRX-56277,41.7,Eletronicos,Boleto,Desktop,294.58,950.0,0,7.7,2,66.59,381,DEV-58805,0
TRX-56278,34.3,Games,Cartao_Credito,Mobile,435.84,1556.5,0,33.4,4,-35.36,670,DEV-B02E8,0
TRX-56279,17.4,Vestuario,Cartao_Credito,Desktop,755.61,1597.9,1,53.3,2,-191.42,135,DEV-69955,0
TRX-56280,35.4,Eletronicos,Pix,Desktop,1049.22,1438.0,0,196.5,4,-144.05,338,DEV-4BB23,1
TRX-56281,22.8,Vestuario,Cartao_Credito,Tablet,538.17,1074.1,0,32.7,3,187.74,395,DEV-E41E9,0
TRX-56282,36.3,Eletronicos,Cartao_Credito,Mobile,148.72,1364.8,0,64.4,6,65.4,507,DEV-8E43F,0
TRX-56283,38.9,Beleza,Cartao_Credito,Desktop,615.58,288.4,1,58.8,3,-77.95,602,DEV-C99F9,0
TRX-56284,29.7,Vestuario,Pix,Desktop,853.85,1777.0,1,94.5,2,-90.49,801,DEV-BD1EC,0
TRX-56285,29.7, ELETRONICOS ,Cartao_Credito,Desktop,457.94,1271.8,1,122.6,5,-141.17,798,DEV-E0624,0
TRX-56286,34.7, ELETRONICOS ,Pix,Mobile,2258.33,1091.6,2,11.8,4,-70.87,480,DEV-B3E43,0
TRX-56287,30.5,Games,Cartao_Credito,Mobile,864.27,1299.8,0,48.6,5,-62.69,250,DEV-E37BF,0
TRX-56288,26.7,Vestuario,Boleto,Desktop,687.4,686.0,0,36.9,1,215.53,109,DEV-8D06E,0
TRX-56289,24.6,Vestuario,Voucher,Desktop,31.25,415.3,1,43.6,3,13.3,840,DEV-894B1,0
TRX-56290,46.7,Eletronicos,Pix,Mobile,,1081.7,1,211.6,2,104.6,518,DEV-87E00,0
TRX-56291,, ELETRONICOS ,Cartao_Credito,Mobile,764.79,449.3,0,435.2,4,-28.67,395,DEV-5AB0D,1
TRX-56292,34.5,Beleza,Cartao_Credito,Desktop,744.55,357.5,0,219.5,4,83.34,140,DEV-6BB69,0
TRX-56293,41.6,Vestuario,Boleto,Desktop,94.02,1169.3,0,41.3,5,178.86,982,DEV-420CF,0
TRX-56294,25.3,Vestuario,Pix,Tablet,1776.95,1712.0,1,4.8,6,106.39,473,DEV-A6D80,0
TRX-56295,24.5, ELETRONICOS ,Boleto,Mobile,303.29,1352.8,1,7.6,4,19.07,166,DEV-76595,0
TRX-56296,34.5,Beleza,Voucher,Mobile,625.46,1110.2,2,199.9,4,-83.33,563,DEV-7D072,1
TRX-56297,42.0, ELETRONICOS ,Cartao_Credito,Desktop,994.27,73.3,0,393.5,6,174.69,304,DEV-A94A4,1
TRX-56298,34.6,Eletronicos,Cartao_Credito,Desktop,,151.8,0,222.4,3,-68.98,826,DEV-CED8A,1
TRX-56299,39.0,Vestuario,Cartao_Credito,Mobile,106.76,61.1,0,169.3,5,-55.02,774,DEV-EF29E,0
TRX-56300,34.3,Beleza,Cartao_Credito,Mobile,249.92,1131.2,2,66.4,4,132.11,677,DEV-E71E7,0
TRX-56301,46.5,Eletronicos,Cartao_Credito,Mobile,595.33,106.0,1,148.4,5,-45.44,950,DEV-6D1F1,1
TRX-56302,32.8,eletronicos,Boleto,Mobile,163.25,722.3,1,169.4,6,-38.03,397,DEV-853F2,0
TRX-56303,62.4,Eletronicos,Pix,Tablet,,163.4,2,193.3,5,316.88,788,DEV-A9096,1
TRX-56304,31.0, ELETRONICOS ,Pix,Mobile,247.93,634.6,0,146.2,4,23.44,204,DEV-69A4D,0
TRX-56305,43.1,Vestuario,Cartao_Credito,Desktop,231.59,774.4,2,5.7,4,30.74,924,DEV-A7927,0
TRX-56306,32.8,Beleza,Pix,Mobile,236.19,1167.5,0,174.3,3,-160.71,121,DEV-39CB6,0
TRX-56307,30.7, ELETRONICOS ,Cartao_Credito,Mobile,186.28,517.2,1,195.8,3,-58.65,870,DEV-A0939,1
TRX-56308,14.1,eletronicos,Pix,Mobile,1125.71,632.6,0,46.6,3,-41.7,657,DEV-8B621,1
TRX-56309,31.3,Eletronicos,Cartao_Credito,Mobile,,936.6,1,304.5,5,-71.06,827,DEV-8BF2A,0
TRX-56310,28.0, ELETRONICOS ,Cartao_Credito,Mobile,65.84,937.5,0,40.3,2,-248.55,339,DEV-A3F05,0
TRX-56311,36.0,Vestuario,Pix,Mobile,400.34,298.8,0,113.6,3,140.31,505,DEV-27F90,0
TRX-56312,29.6,Vestuario,Cartao_Credito,Mobile,915.43,1327.9,2,98.5,2,146.19,896,DEV-7C371,1
TRX-56313,42.8,Beleza,Pix,Mobile,,893.4,0,64.3,2,15.74,368,DEV-DB6D4,0
TRX-56314,31.2,Vestuario,Cartao_Credito,Desktop,2313.35,727.7,1,73.5,2,165.72,151,DEV-D8183,1
TRX-56315,39.1,eletronicos,Boleto,Mobile,372.06,510.8,0,17.3,3,-179.77,815,DEV-9D787,1
TRX-56316,43.5,Vestuario,Cartao_Credito,Mobile,356.84,925.1,0,483.0,2,104.59,593,DEV-DC981,0
TRX-56317,38.3,Beleza,Cartao_Credito,Mobile,1630.82,425.2,1,18.9,1,60.2,541,DEV-320CF,1
TRX-56318,55.1,Eletronicos,Cartao_Credito,Desktop,1428.09,799.2,1,56.8,3,242.2,670,DEV-B12C5,1
TRX-56319,25.9,Vestuario,Cartao_Credito,Desktop,352.8,740.6,0,56.2,4,-22.92,591,DEV-F2B0D,0
TRX-56320,31.1,Eletronicos,Pix,Mobile,1017.85,1535.4,1,299.7,3,13.54,394,DEV-D8846,0
TRX-56321,49.7,Eletronicos,Cartao_Credito,Mobile,1824.87,794.0,0,238.3,0,-12.12,953,DEV-A72F2,1
TRX-56322,41.5,Vestuario,Boleto,Desktop,1056.4,1200.6,2,16.1,3,2.9,469,DEV-20B0A,0
TRX-56323,26.0,Beleza,Cartao_Credito,Mobile,2346.41,703.9,0,66.5,3,46.1,218,DEV-3852F,0
TRX-56324,42.7,Vestuario,Boleto,Mobile,,743.5,1,326.2,5,168.73,555,DEV-546AD,1
TRX-56325,47.1,eletronicos,Pix,Desktop,426.87,1096.2,0,209.1,3,-147.14,982,DEV-9CF7A,0
TRX-56326,29.6,Eletronicos,Cartao_Credito,Mobile,625.86,307.7,0,52.7,5,43.6,472,DEV-28361,1
TRX-56327,,Eletronicos,Cartao_Credito,Mobile,663.14,468.9,1,13.2,1,-41.73,179,DEV-9ED06,0
TRX-56328,35.3,eletronicos,Cartao_Credito,Mobile,475.42,698.0,2,156.2,6,163.07,387,DEV-B1FA0,0
TRX-56329,33.5,Beleza,Boleto,Desktop,60.39,1066.1,0,59.9,3,29.97,105,DEV-608D9,0
TRX-56330,49.1, ELETRONICOS ,Pix,Mobile,910.14,1153.8,1,338.4,4,33.06,782,DEV-3585D,0
TRX-56331,38.1,Eletronicos,Cartao_Credito,Mobile,168.1,496.4,1,35.0,1,14.2,876,DEV-60D31,0
TRX-56332,36.5,eletronicos,Cartao_Credito,Mobile,593.41,1207.0,0,63.5,1,82.18,988,DEV-D006A,0
TRX-56333,32.5,Eletronicos,Boleto,Mobile,112.51,1435.0,2,382.5,2,121.18,588,DEV-DA8E8,1
TRX-56334,43.6,Games,Cartao_Credito,Mobile,100.54,138.2,0,107.2,2,-74.48,906,DEV-79B58,0
TRX-56335,31.4,Vestuario,Pix,Mobile,1314.4,1481.7,1,473.6,3,-140.21,342,DEV-541BA,1
TRX-56336,39.1,eletronicos,Cartao_Credito,Mobile,256.68,1381.8,0,17.0,3,-64.45,930,DEV-E2184,0
TRX-56337,42.8,eletronicos,Cartao_Credito,Mobile,922.63,1632.6,1,508.9,3,-124.53,297,DEV-8742D,1
TRX-56338,38.0,Vestuario,Cartao_Credito,Mobile,1637.57,1613.6,0,140.1,1,-94.67,955,DEV-82949,0
TRX-56339,39.0,Games,Cartao_Credito,Desktop,128.94,1789.5,1,112.9,4,-65.85,368,DEV-93DF9,0
TRX-56340,15.9, ELETRONICOS ,Cartao_Credito,Mobile,23.76,656.9,0,340.8,2,33.79,470,DEV-A961E,0
TRX-56341,46.9,Eletronicos,Cartao_Credito,Desktop,34.95,906.9,0,696.8,5,75.44,352,DEV-A2BD5,0
TRX-56342,12.1,Games,Cartao_Credito,Mobile,381.06,191.8,0,123.6,5,-93.19,147,DEV-4E294,0
TRX-56343,50.9,Games,Cartao_Credito,Mobile,1530.39,473.4,1,54.0,3,105.19,856,DEV-5D122,1
TRX-56344,46.5,Vestuario,Cartao_Credito,Mobile,390.34,1059.2,0,235.9,7,142.91,813,DEV-AAF57,0
TRX-56345,37.3,Vestuario,Cartao_Credito,Desktop,420.4,293.4,1,4.5,4,68.97,346,DEV-C1942,0
TRX-56346,24.6,Eletronicos,Pix,Tablet,749.23,361.4,0,426.4,2,-17.96,415,DEV-8EEA7,1
TRX-56347,29.1,Eletronicos,Pix,Tablet,3383.13,317.1,0,5.5,3,127.06,595,DEV-ED317,1
TRX-56348,37.1,Vestuario,Boleto,Mobile,412.9,1414.1,0,84.5,3,-100.23,100,DEV-88E61,0
TRX-56349,34.2,Beleza,Cartao_Credito,Mobile,29.96,74.0,1,4.9,4,-49.49,923,DEV-6986F,0
TRX-56350,37.4,Eletronicos,Cartao_Credito,Desktop,220.82,1331.1,0,14.9,4,55.56,140,DEV-C8810,0
TRX-56351,32.2,Beleza,Pix,Mobile,853.93,294.6,1,148.4,4,121.03,921,DEV-C3DC2,0
TRX-56352,32.3,eletronicos,Boleto,Mobile,495.75,85.1,0,174.9,5,189.09,426,DEV-785D7,0
TRX-56353,39.0,Beleza,Cartao_Credito,Desktop,329.34,1040.2,1,30.8,6,-27.6,768,DEV-D439F,0
TRX-56354,44.0,Eletronicos,Boleto,Desktop,218.6,361.2,0,148.5,5,-98.04,294,DEV-ECEA4,1
TRX-56355,44.6,Vestuario,Cartao_Credito,Mobile,339.74,390.8,0,830.5,8,72.41,455,DEV-56D3A,0
TRX-56356,26.1,Vestuario,Cartao_Credito,Tablet,139.14,1024.8,0,131.1,3,6.88,922,DEV-AFF06,0
TRX-56357,24.1,eletronicos,Pix,Mobile,163.18,1310.5,0,40.7,2,169.33,359,DEV-BB4F5,0
TRX-56358,20.6,Vestuario,Cartao_Credito,Mobile,498.76,1306.7,0,58.5,1,-37.26,785,DEV-EC0B4,0
TRX-56359,,Vestuario,Cartao_Credito,Desktop,1976.54,912.4,2,12.5,2,63.27,501,DEV-C6470,1
TRX-56360,31.2, ELETRONICOS ,Pix,Mobile,,1125.3,0,101.0,5,-109.0,761,DEV-1C956,0
TRX-56361,41.8,Beleza,Cartao_Credito,Desktop,290.26,1385.0,1,191.3,2,22.29,557,DEV-EBF67,1
TRX-56362,34.4,Games,Cartao_Credito,Mobile,338.86,1791.6,0,174.7,1,-65.54,680,DEV-79D06,0
TRX-56363,15.2,Vestuario,Pix,Mobile,312.1,1752.8,1,352.5,1,100.37,119,DEV-AFBF8,0
TRX-56364,47.6,Eletronicos,Cartao_Credito,Mobile,706.24,684.4,2,291.2,4,227.84,551,DEV-3358A,1
TRX-56365,34.5,Vestuario,Boleto,Tablet,1223.6,1355.4,0,76.8,2,110.46,968,DEV-A6F4A,0
TRX-56366,70.6,Vestuario,Cartao_Credito,Tablet,510.49,1484.5,2,116.1,6,129.21,723,DEV-4A7B6,0
TRX-56367,31.7,Eletronicos,Boleto,Desktop,183.14,1500.9,0,58.6,4,204.91,856,DEV-A007D,0
TRX-56368,44.0,Beleza,Cartao_Credito,Mobile,1406.58,1340.1,1,13.2,0,38.27,425,DEV-A1803,0
TRX-56369,49.0,Vestuario,Cartao_Credito,Desktop,82.37,1295.9,0,20.0,4,48.97,848,DEV-5ADBF,0
TRX-56370,28.9,Beleza,Cartao_Credito,Mobile,196.2,240.1,2,157.0,3,-160.62,397,DEV-1E04D,0
TRX-56371,42.9,Vestuario,Cartao_Credito,Desktop,465.47,1660.1,1,411.5,4,81.74,527,DEV-4889B,0
TRX-56372,63.4,Eletronicos,Boleto,Mobile,126.04,1357.2,0,264.6,7,-7.29,152,DEV-BC96F,0
TRX-56373,48.1,Beleza,Pix,Mobile,554.25,1656.6,0,125.4,1,84.67,896,DEV-59034,0
TRX-56374,52.5,eletronicos,Pix,Desktop,279.16,1159.6,0,90.8,2,-6.31,729,DEV-DF8E0,0
TRX-56375,59.8,Eletronicos,Boleto,Desktop,,1537.0,0,41.1,4,-56.87,542,DEV-64F9A,0
TRX-56376,35.6, ELETRONICOS ,Pix,Desktop,406.02,1118.8,0,29.7,4,17.89,742,DEV-4F36B,0
TRX-56377,33.6,Eletronicos,Boleto,Desktop,761.74,660.3,0,239.6,7,-189.46,379,DEV-3C136,0
TRX-56378,40.6,Vestuario,Boleto,Tablet,130.28,553.8,0,5.5,4,-46.35,846,DEV-705A4,0
TRX-56379,28.6,Vestuario,Cartao_Credito,Mobile,2257.72,1244.1,1,30.1,6,111.89,170,DEV-70CDC,0
TRX-56380,32.8,Beleza,Pix,Mobile,145.9,1665.3,0,243.2,4,103.9,983,DEV-E736D,0
TRX-56381,30.3,Eletronicos,Cartao_Credito,Mobile,191.05,1298.3,0,346.4,4,132.12,741,DEV-5ACAC,0
TRX-56382,22.3,Eletronicos,Cartao_Credito,Mobile,21.11,764.3,1,72.0,4,-148.98,352,DEV-70BB4,0
TRX-56383,31.7,Eletronicos,Pix,Mobile,2181.35,1332.6,1,84.6,3,76.26,293,DEV-8ED7A,0
TRX-56384,27.7,Games,Boleto,SmartTV,400.41,918.8,0,11.2,2,-20.49,830,DEV-7EDD2,0
TRX-56385,38.2, ELETRONICOS ,Cartao_Credito,Mobile,546.7,872.6,0,114.4,3,0.92,513,DEV-9EEBA,0
TRX-56386,31.9,Eletronicos,Cartao_Credito,Desktop,2738.64,1057.8,1,31.0,3,103.05,754,DEV-F4087,1
TRX-56387,40.6,eletronicos,Boleto,Mobile,1204.36,1624.0,1,155.2,5,51.44,435,DEV-B415F,0
TRX-56388,43.7,Games,Cartao_Credito,Mobile,1735.43,1164.6,3,14.6,2,-76.74,660,DEV-D2236,0
TRX-56389,19.6,Games,Cartao_Credito,Mobile,1067.08,1641.2,1,422.4,7,-108.63,588,DEV-556FF,0
TRX-56390,34.7,Vestuario,Boleto,Mobile,692.73,534.0,1,299.7,5,29.13,881,DEV-D74BC,1
TRX-56391,24.4, ELETRONICOS ,Boleto,Mobile,297.99,353.3,0,30.4,3,15.18,196,DEV-1E931,0
TRX-56392,41.0,Eletronicos,Cartao_Credito,Mobile,178.51,660.9,0,297.1,3,39.14,620,DEV-B51AD,0
TRX-56393,,Eletronicos,Boleto,Mobile,378.02,1300.2,0,185.5,7,-72.6,503,DEV-AC2BE,0
TRX-56394,33.6,Eletronicos,Pix,Mobile,1241.22,1093.1,0,173.6,2,-100.56,325,DEV-76268,0
TRX-56395,39.3,Eletronicos,Cartao_Credito,Mobile,2419.41,1682.0,2,28.7,2,124.37,709,DEV-56929,1
TRX-56396,26.5,Vestuario,Cartao_Credito,Mobile,1750.14,160.4,2,154.4,3,6.28,630,DEV-8F5BC,1
TRX-56397,37.0, ELETRONICOS ,Boleto,Desktop,390.73,1415.3,0,106.3,4,50.44,189,DEV-18E16,0
TRX-56398,38.4,Beleza,Boleto,Desktop,156.18,170.8,1,180.3,1,109.86,965,DEV-293CF,0
TRX-56399,, ELETRONICOS ,Cartao_Credito,Desktop,338.83,1599.6,0,71.9,3,-4.86,848,DEV-2BFD7,0
TRX-56400,35.3, ELETRONICOS ,Pix,SmartTV,2131.5,937.9,0,113.4,6,-70.02,629,DEV-266E1,0
TRX-56401,35.2,Beleza,Pix,Mobile,1670.42,157.2,2,8.6,1,-62.55,635,DEV-86A57,1
TRX-56402,43.4,Vestuario,Voucher,Mobile,393.4,1469.6,0,166.2,0,74.35,394,DEV-7CBC7,0
TRX-56403,34.7,Games,Cartao_Credito,Mobile,145.11,928.3,1,62.0,3,-100.65,148,DEV-DC2D9,0
TRX-56404,39.8, ELETRONICOS ,Cartao_Credito,Mobile,1217.42,1280.0,0,39.4,3,-85.15,480,DEV-7461D,0
TRX-56405,39.3,Vestuario,Cartao_Credito,Desktop,705.45,1083.7,0,83.2,4,-108.29,495,DEV-E1855,0
TRX-56406,,Beleza,Cartao_Credito,Desktop,220.27,169.4,0,61.7,7,-95.46,582,DEV-DC119,0
TRX-56407,37.0,Vestuario,Cartao_Credito,Desktop,965.19,869.2,1,127.3,1,102.23,820,DEV-959EA,0
TRX-56408,28.0,Eletronicos,Pix,Mobile,1973.84,1215.3,1,8.4,1,83.22,191,DEV-78BC4,1
TRX-56409,37.4, ELETRONICOS ,Cartao_Credito,Desktop,153.86,266.6,0,178.0,3,227.82,357,DEV-1B6FE,0
TRX-56410,36.7,Vestuario,Cartao_Credito,SmartTV,163.71,43.7,0,155.6,3,158.94,504,DEV-CA774,0
TRX-56411,24.2,Eletronicos,Pix,Desktop,858.01,790.7,0,118.3,2,9.67,274,DEV-9A577,0
TRX-56412,37.5,eletronicos,Cartao_Credito,SmartTV,70.66,200.8,1,221.0,1,81.39,746,DEV-3A73D,1
TRX-56413,18.8,Vestuario,Cartao_Credito,Mobile,520.88,1384.2,0,113.8,4,-62.92,657,DEV-96F5A,0
TRX-56414,37.4, ELETRONICOS ,Cartao_Credito,Desktop,296.33,1185.0,0,222.6,4,-196.77,725,DEV-6BC1C,1
TRX-56415,,eletronicos,Voucher,Mobile,176.15,506.2,1,53.1,4,-92.2,551,DEV-92D35,0
TRX-56416,29.1,eletronicos,Pix,Mobile,266.88,1236.4,2,205.9,4,-152.32,568,DEV-3DF6D,0
TRX-56417,31.4,Games,Pix,Desktop,805.37,1769.2,2,21.9,3,-67.79,869,DEV-E08BC,0
TRX-56418,26.1,Vestuario,Boleto,Mobile,346.76,551.8,0,101.8,0,-155.17,642,DEV-A7A9E,1
TRX-56419,35.9,Vestuario,Pix,Mobile,1238.17,230.7,1,33.4,3,182.45,410,DEV-86A10,1
TRX-56420,30.7, ELETRONICOS ,Boleto,Desktop,,1143.7,1,468.9,7,104.46,775,DEV-32333,1
TRX-56421,44.7,Eletronicos,Pix,Tablet,695.12,1387.1,0,88.4,2,-11.47,176,DEV-39251,0
TRX-56422,41.0,eletronicos,Voucher,Tablet,645.55,569.0,0,40.2,4,-23.15,431,DEV-5729E,0
TRX-56423,36.8,eletronicos,Cartao_Credito,Mobile,70.97,364.7,0,139.1,1,144.7,528,DEV-90F87,0
TRX-56424,37.9,Eletronicos,Cartao_Credito,Mobile,1055.58,1190.9,1,249.9,3,-57.68,759,DEV-BCD91,1
TRX-56425,24.4, ELETRONICOS ,Boleto,Desktop,1625.57,1619.2,0,107.8,3,-90.52,386,DEV-6E392,0
TRX-56426,34.3, ELETRONICOS ,Voucher,Desktop,1214.42,1628.9,2,100.4,3,-76.69,946,DEV-A9EA8,0
TRX-56427,25.4,Beleza,Cartao_Credito,Mobile,184.98,976.1,0,151.9,2,172.44,251,DEV-3E2D6,0
TRX-56428,25.4,Beleza,Cartao_Credito,Mobile,140.52,488.1,0,112.9,1,120.07,945,DEV-C7994,0
TRX-56429,53.6,Eletronicos,Boleto,Mobile,359.91,979.6,0,1.2,3,22.53,142,DEV-4FB64,0
TRX-56430,55.6,Vestuario,Cartao_Credito,Desktop,1669.5,259.6,1,82.2,7,-22.37,261,DEV-253B4,1
TRX-56431,22.4,Vestuario,Cartao_Credito,Mobile,697.1,372.7,1,250.5,3,-5.86,240,DEV-639A0,1
TRX-56432,31.5,Vestuario,Pix,Tablet,387.17,604.6,0,149.4,6,167.88,772,DEV-83F4E,0
TRX-56433,41.1,Eletronicos,Boleto,Mobile,167.7,1405.7,1,67.3,2,-196.86,313,DEV-24678,0
TRX-56434,41.5, ELETRONICOS ,Pix,Mobile,1009.31,1675.8,1,69.1,4,-15.81,210,DEV-76D65,0
TRX-56435,40.1,Eletronicos,Boleto,Desktop,977.3,1074.3,1,164.5,4,-91.19,590,DEV-2346C,0
TRX-56436,45.0,Eletronicos,Boleto,Mobile,221.69,1299.8,0,196.0,7,123.83,952,DEV-DE5B0,0
TRX-56437,45.5,Beleza,Cartao_Credito,Mobile,734.06,550.3,0,228.1,11,239.96,184,DEV-39057,0
TRX-56438,31.4,Beleza,Cartao_Credito,Mobile,211.34,185.7,1,242.0,3,5.79,689,DEV-70FC6,1
TRX-56439,41.8,Vestuario,Cartao_Credito,Desktop,1005.65,771.8,1,23.2,2,79.75,495,DEV-CB6D7,0
TRX-56440,44.0,Games,Cartao_Credito,Mobile,39.29,1140.6,0,137.4,4,17.19,693,DEV-7EC71,0
TRX-56441,36.3,Eletronicos,Cartao_Credito,Desktop,1409.89,915.7,1,19.2,6,-6.32,340,DEV-967A9,0
TRX-56442,54.0,Eletronicos,Boleto,Mobile,,23.3,0,141.7,3,78.82,883,DEV-531CA,0
TRX-56443,21.1,Vestuario,Cartao_Credito,Mobile,162.47,1359.6,0,34.9,2,137.82,728,DEV-78538,0
TRX-56444,23.0,Vestuario,Boleto,Mobile,602.43,217.6,0,10.6,6,165.43,912,DEV-B79F8,1
TRX-56445,31.2,Beleza,Pix,Mobile,862.11,1442.9,1,63.5,4,70.97,945,DEV-301BD,0
TRX-56446,31.1,Beleza,Cartao_Credito,Mobile,893.21,1243.0,0,153.5,2,52.36,709,DEV-1BD38,0
TRX-56447,13.0,Eletronicos,Boleto,Mobile,1972.06,795.2,0,194.5,1,-44.4,809,DEV-C238E,0
TRX-56448,27.1,eletronicos,Pix,Mobile,338.38,65.5,0,67.1,7,155.27,510,DEV-B5631,0
TRX-56449,38.4,Beleza,Cartao_Credito,Desktop,1311.68,998.7,0,48.8,3,-87.41,309,DEV-4D3E0,0
TRX-56450,43.0,Vestuario,Cartao_Credito,Desktop,49.82,1288.5,2,198.9,1,-176.63,665,DEV-E9873,0
TRX-56451,36.6,Vestuario,Voucher,Mobile,258.08,1685.2,0,117.6,6,201.55,106,DEV-F0375,0
TRX-56452,33.2,Eletronicos,Cartao_Credito,Mobile,497.67,1071.7,0,47.2,3,106.23,597,DEV-48227,0
TRX-56453,35.4,Vestuario,Cartao_Credito,Tablet,,1390.4,0,10.3,2,-67.5,573,DEV-CC1E0,1
TRX-56454,,Games,Cartao_Credito,Mobile,453.45,1122.2,0,1.3,2,17.33,372,DEV-D8E17,0
TRX-56455,49.7,Eletronicos,Cartao_Credito,Mobile,611.01,488.8,0,249.5,6,-34.91,256,DEV-2034D,0
TRX-56456,39.9,Eletronicos,Pix,Mobile,192.93,367.7,0,58.4,5,-222.67,380,DEV-C6337,1
TRX-56457,34.0,Games,Cartao_Credito,Mobile,238.4,905.4,1,215.6,5,-27.16,293,DEV-A706D,0
TRX-56458,39.4,Vestuario,Cartao_Credito,Desktop,792.62,1222.7,0,616.4,1,146.53,295,DEV-8B523,1
TRX-56459,38.0,eletronicos,Boleto,Tablet,5407.89,586.9,0,217.6,4,-100.19,827,DEV-2A851,1
TRX-56460,61.7,Eletronicos,Cartao_Credito,Mobile,1499.03,54.9,0,291.4,2,-127.86,826,DEV-369EE,1
TRX-56461,43.0,Eletronicos,Cartao_Credito,Mobile,983.05,1078.7,0,241.3,3,21.03,369,DEV-879CC,0
TRX-56462,58.1,Eletronicos,Cartao_Credito,Mobile,131.81,306.5,0,253.6,6,-79.24,384,DEV-8114F,0
TRX-56463,33.1,Games,Boleto,Mobile,1086.17,119.1,2,253.6,1,201.1,124,DEV-9157B,1
TRX-56464,33.8,Eletronicos,Cartao_Credito,Mobile,955.33,1456.9,0,43.2,3,54.81,534,DEV-77327,0
TRX-56465,37.4, ELETRONICOS ,Cartao_Credito,Mobile,82.71,487.6,0,44.0,5,137.83,629,DEV-20B6B,0
TRX-56466,33.6,Beleza,Pix,Mobile,,567.3,2,3.5,2,-188.19,550,DEV-BEFF3,0
TRX-56467,24.2,Vestuario,Voucher,Desktop,295.74,1192.0,0,5.6,5,1.37,299,DEV-A7AB1,0
TRX-56468,48.6,Eletronicos,Boleto,Desktop,,393.3,0,82.5,2,-85.54,303,DEV-3911B,0
TRX-56469,35.4,Beleza,Cartao_Credito,Mobile,259.01,291.7,0,81.7,3,-181.82,803,DEV-BB4CE,0
TRX-56470,35.6,Vestuario,Cartao_Credito,Desktop,101.06,21.7,0,32.9,3,109.46,982,DEV-5865C,0
TRX-56471,45.2,Games,Cartao_Credito,Mobile,49.64,1376.4,1,174.5,6,162.93,744,DEV-BAF1A,0
TRX-56472,43.8,eletronicos,Cartao_Credito,Mobile,744.16,1448.2,0,338.1,5,36.18,863,DEV-39283,0
TRX-56473,22.5,Games,Cartao_Credito,Mobile,156.46,1318.1,0,277.5,2,-12.87,381,DEV-3448B,0
TRX-56474,25.4, ELETRONICOS ,Cartao_Credito,Mobile,1283.64,909.0,1,105.4,7,-75.94,513,DEV-54613,0
TRX-56475,41.8, ELETRONICOS ,Cartao_Credito,Mobile,2650.45,1144.3,0,67.7,3,-14.4,909,DEV-8EC79,1
TRX-56476,49.9,Games,Cartao_Credito,Mobile,292.3,121.3,0,237.5,3,111.17,879,DEV-2CCAD,1
TRX-56477,25.9,Vestuario,Cartao_Credito,Mobile,1630.89,510.1,1,308.2,3,1.91,819,DEV-BDC16,1
TRX-56478,35.2,Eletronicos,Cartao_Credito,Mobile,662.26,725.2,1,8.5,6,133.16,866,DEV-80C98,0
TRX-56479,45.4,Eletronicos,Cartao_Credito,Desktop,394.54,122.9,2,388.8,0,15.01,452,DEV-647CC,1
TRX-56480,34.2,Eletronicos,Cartao_Credito,Tablet,,751.5,1,291.9,3,90.19,796,DEV-C18E5,0
TRX-56481,30.7,Vestuario,Boleto,Mobile,345.27,532.6,0,291.2,3,69.86,396,DEV-68D73,1
TRX-56482,25.5,Eletronicos,Cartao_Credito,Mobile,1218.83,35.4,0,278.1,4,163.13,301,DEV-93F19,1
TRX-56483,32.4,Vestuario,Boleto,Mobile,1079.72,1081.7,1,305.1,2,-212.42,742,DEV-AC618,0
TRX-56484,23.0,Games,Boleto,Mobile,2285.05,1753.7,0,46.2,6,24.73,141,DEV-C86EF,0
TRX-56485,47.8,Eletronicos,Cartao_Credito,Mobile,857.15,1663.0,0,23.6,5,-50.71,473,DEV-E03EB,0
TRX-56486,46.8, ELETRONICOS ,Pix,Mobile,692.8,905.2,1,47.3,5,-91.35,916,DEV-7B699,0
TRX-56487,22.4,eletronicos,Cartao_Credito,Desktop,618.39,1115.1,1,2.5,2,-122.04,811,DEV-1CC42,0
TRX-56488,30.1,Beleza,Boleto,Mobile,118.27,1767.3,0,115.7,3,157.71,931,DEV-D5FAF,0
TRX-56489,52.1,Vestuario,Cartao_Credito,Mobile,53.99,884.0,0,237.3,4,-124.93,571,DEV-A510A,0
TRX-56490,46.6,Beleza,Cartao_Credito,Mobile,412.91,1340.3,0,119.7,4,-92.2,223,DEV-1CC72,0
TRX-56491,,Eletronicos,Boleto,SmartTV,1438.29,859.5,1,24.7,3,184.18,711,DEV-392FB,0
TRX-56492,21.6,Beleza,Voucher,Mobile,2018.41,951.4,0,159.2,4,170.21,773,DEV-731CC,0
TRX-56493,26.1,Eletronicos,Cartao_Credito,Mobile,1657.17,738.4,0,99.1,4,15.98,187,DEV-4E417,0
TRX-56494,42.1, ELETRONICOS ,Cartao_Credito,Mobile,172.49,821.1,0,190.9,4,124.66,916,DEV-2D46E,0
TRX-56495,53.5,Eletronicos,Boleto,Desktop,690.1,640.4,2,65.3,4,101.75,648,DEV-66455,0
TRX-56496,40.9,Vestuario,Cartao_Credito,Mobile,1331.76,1497.1,0,38.8,7,153.36,870,DEV-A424A,0
TRX-56497,38.6,Eletronicos,Cartao_Credito,Mobile,25.08,1049.0,1,12.7,7,-104.31,441,DEV-49889,0
TRX-56498,43.9, ELETRONICOS ,Boleto,Mobile,93.96,1001.0,1,265.5,1,15.49,825,DEV-955B0,0
TRX-56499,19.9,Vestuario,Pix,Desktop,1661.06,155.2,0,75.8,5,-238.5,865,DEV-5EC76,1
TRX-56500,39.0,Eletronicos,Pix,Mobile,2280.09,806.9,0,23.4,1,171.4,916,DEV-2546F,1
TRX-56501,20.0,Beleza,Cartao_Credito,Desktop,22.52,949.6,0,222.6,5,-265.44,310,DEV-71334,0
TRX-56502,16.5,Games,Pix,Mobile,271.7,1456.6,1,26.6,4,-154.84,137,DEV-AA4D6,0
TRX-56503,38.2,Vestuario,Pix,Mobile,1110.47,831.9,0,12.4,3,-41.13,127,DEV-795B2,0
TRX-56504,42.9,Eletronicos,Boleto,Mobile,72.56,1350.9,1,12.1,1,-85.55,659,DEV-8A255,0
TRX-56505,22.4, ELETRONICOS ,Cartao_Credito,Desktop,444.04,127.7,2,141.4,6,-126.37,554,DEV-6B4AA,0
TRX-56506,31.0,Games,Cartao_Credito,SmartTV,1921.09,1629.4,2,66.7,3,193.39,299,DEV-192B5,0
TRX-56507,30.6,Eletronicos,Boleto,Desktop,703.34,227.0,0,296.9,1,61.17,101,DEV-E0FEB,1
TRX-56508,39.7,Beleza,Pix,Mobile,1585.32,1620.2,0,2.3,7,16.41,144,DEV-55243,0
TRX-56509,39.1, ELETRONICOS ,Cartao_Credito,Mobile,768.46,629.0,2,84.6,2,-144.75,259,DEV-4373B,0
TRX-56510,31.4,Beleza,Cartao_Credito,Desktop,3466.22,821.3,2,38.8,3,270.22,146,DEV-F3884,1
TRX-56511,26.2,Eletronicos,Boleto,Tablet,148.8,454.9,1,72.6,4,-73.58,414,DEV-6725C,0
TRX-56512,33.7,Games,Cartao_Credito,Mobile,27.28,715.0,0,165.8,5,85.72,952,DEV-75A08,0
TRX-56513,32.2,Eletronicos,Boleto,Mobile,122.02,134.1,0,158.4,3,70.47,445,DEV-EB938,0
TRX-56514,42.0,Eletronicos,Pix,Mobile,,1162.7,0,250.4,4,-42.81,590,DEV-38ADB,0
TRX-56515,36.2,Eletronicos,Cartao_Credito,Mobile,265.43,1158.3,1,142.5,3,19.31,348,DEV-869DD,0
TRX-56516,46.0, ELETRONICOS ,Boleto,Mobile,90.08,778.0,0,81.3,5,-156.45,407,DEV-91F3C,0
TRX-56517,36.0,Eletronicos,Cartao_Credito,Desktop,60.0,891.7,1,54.7,3,26.85,776,DEV-73272,0
TRX-56518,35.5,Eletronicos,Cartao_Credito,SmartTV,35.73,63.2,2,110.8,3,-293.46,455,DEV-96F25,1
TRX-56519,29.3,Eletronicos,Boleto,Desktop,88.9,696.6,2,110.5,3,-44.01,561,DEV-48D56,1
TRX-56520,34.2, ELETRONICOS ,Cartao_Credito,Mobile,834.58,864.4,1,12.2,4,-7.31,625,DEV-327E0,0
TRX-56521,32.2, ELETRONICOS ,Cartao_Credito,Tablet,1044.81,63.1,0,218.8,0,80.74,593,DEV-93DFA,1
TRX-56522,34.6,Vestuario,Cartao_Credito,Mobile,949.45,1593.9,1,177.3,8,-79.59,110,DEV-A1B26,0
TRX-56523,31.3, ELETRONICOS ,Pix,Desktop,581.17,1692.1,1,74.5,9,-262.18,223,DEV-DF17C,0
TRX-56524,17.3, ELETRONICOS ,Cartao_Credito,Desktop,497.02,914.4,0,102.3,0,-118.9,907,DEV-9C8C1,0
TRX-56525,27.4,Beleza,Pix,Mobile,5637.27,1779.9,2,512.1,5,88.2,525,DEV-71188,1
TRX-56526,42.0,Beleza,Boleto,Mobile,1515.11,1128.0,0,62.6,6,-114.89,137,DEV-40B3C,0
TRX-56527,59.1,Games,Pix,Mobile,264.54,633.1,0,242.0,3,-91.59,378,DEV-D0CA9,0
TRX-56528,29.1, ELETRONICOS ,Cartao_Credito,Desktop,,1671.5,0,35.3,2,-45.64,119,DEV-4855F,0
TRX-56529,29.3,eletronicos,Cartao_Credito,Mobile,317.94,452.4,0,425.8,6,135.26,159,DEV-B7482,0
TRX-56530,19.8, ELETRONICOS ,Pix,Desktop,477.15,817.8,1,66.2,3,-102.86,667,DEV-3348E,0
TRX-56531,33.9,eletronicos,Cartao_Credito,Mobile,233.7,776.6,1,114.3,3,-8.13,278,DEV-5B137,0
TRX-56532,38.6,Vestuario,Cartao_Credito,Mobile,518.86,503.5,1,291.5,4,158.31,682,DEV-1E327,0
TRX-56533,36.4,Games,Pix,Mobile,514.04,1081.6,0,66.7,6,78.86,152,DEV-91793,0
TRX-56534,35.7,Eletronicos,Boleto,Mobile,215.07,1536.6,0,65.7,5,119.3,395,DEV-EB703,0
TRX-56535,34.9,eletronicos,Cartao_Credito,Tablet,71.55,145.9,0,824.4,2,101.41,998,DEV-516A9,1
TRX-56536,28.1,Eletronicos,Boleto,Mobile,419.75,981.4,1,141.0,0,-189.28,167,DEV-19CE8,0
TRX-56537,,Vestuario,Pix,Mobile,421.91,700.7,0,145.2,3,198.75,881,DEV-694D4,0
TRX-56538,20.2,Vestuario,Cartao_Credito,Mobile,31.28,1734.8,1,24.9,5,-148.25,562,DEV-667F1,0
TRX-56539,35.2,Beleza,Boleto,Mobile,873.89,1337.2,2,133.5,3,26.89,830,DEV-73F05,1
TRX-56540,28.8, ELETRONICOS ,Cartao_Credito,Mobile,314.03,1003.7,0,274.1,5,107.9,866,DEV-24C1D,0
TRX-56541,39.7,Vestuario,Cartao_Credito,Mobile,565.83,752.8,1,4.7,1,-50.76,170,DEV-74196,0
TRX-56542,35.4,Eletronicos,Pix,Mobile,28.96,1185.6,0,43.8,1,26.41,863,DEV-39492,0
TRX-56543,51.3,Games,Cartao_Credito,Desktop,86.69,1398.3,0,738.8,6,-37.02,907,DEV-7A5D8,0
TRX-56544,36.7,Eletronicos,Cartao_Credito,Tablet,272.25,1793.5,1,53.2,5,77.36,310,DEV-96BFA,0
TRX-56545,22.2,Games,Cartao_Credito,Desktop,,534.4,0,113.5,3,219.56,184,DEV-EB039,1
TRX-56546,35.6,Eletronicos,Pix,Mobile,1472.04,333.5,0,13.5,4,20.65,307,DEV-94532,0
TRX-56547,38.0,Vestuario,Cartao_Credito,Desktop,9999999.0,1636.8,3,5.6,1,-98.99,313,DEV-7D723,1
TRX-56548,57.9, ELETRONICOS ,Cartao_Credito,Mobile,395.24,1749.7,1,96.3,4,-186.66,707,DEV-83B0B,0
TRX-56549,39.8,Eletronicos,Cartao_Credito,Desktop,35.35,1267.7,0,32.5,2,-16.5,542,DEV-20E68,0
TRX-56550,,Eletronicos,Boleto,Mobile,385.74,673.1,1,75.6,5,88.6,105,DEV-60829,0
TRX-56551,46.4,Beleza,Pix,Mobile,388.14,1342.1,1,133.5,10,-148.39,168,DEV-DFD46,0
TRX-56552,51.8,Eletronicos,Cartao_Credito,Mobile,2493.71,1706.2,0,76.6,3,-231.05,465,DEV-9904D,0
TRX-56553,38.4, ELETRONICOS ,Cartao_Credito,Mobile,100.57,597.3,2,107.8,1,-310.36,441,DEV-4D9C0,1
TRX-56554,,Beleza,Cartao_Credito,Desktop,97.34,53.0,2,32.1,4,-78.2,425,DEV-1A2EC,0
TRX-56555,39.4,Games,Boleto,Desktop,365.63,638.6,1,7.7,1,-35.67,562,DEV-620EC,1
TRX-56556,54.1,Eletronicos,Cartao_Credito,Mobile,731.52,49.8,2,69.2,4,159.69,185,DEV-B8B9F,1
TRX-56557,47.7, ELETRONICOS ,Cartao_Credito,Desktop,1128.89,1171.6,0,42.3,7,-247.01,395,DEV-DB64B,0
TRX-56558,55.6,Beleza,Voucher,Desktop,693.95,1685.5,0,85.8,6,211.47,462,DEV-D9AA8,0
TRX-56559,39.8,Vestuario,Cartao_Credito,Mobile,1529.49,413.1,0,269.4,2,-99.4,363,DEV-5187B,1
TRX-56560,55.0, ELETRONICOS ,Cartao_Credito,Desktop,302.89,687.0,0,302.1,3,54.74,210,DEV-3846D,0
TRX-56561,32.9,eletronicos,Cartao_Credito,Desktop,752.35,350.1,0,211.4,6,124.56,215,DEV-C1D94,0
TRX-56562,18.7,Eletronicos,Cartao_Credito,Mobile,499.9,1636.2,1,210.1,4,-151.32,788,DEV-A6E1B,0
TRX-56563,20.3,Eletronicos,Cartao_Credito,Mobile,,333.8,0,77.9,4,-30.61,812,DEV-1E3FF,0
TRX-56564,46.1,Games,Cartao_Credito,Desktop,607.64,1091.9,0,138.1,4,-5.05,956,DEV-C839B,0
TRX-56565,39.5,Eletronicos,Pix,SmartTV,864.0,1124.3,0,32.1,3,19.08,270,DEV-4CE20,0
TRX-56566,42.3,Beleza,Pix,Mobile,1402.95,1185.4,0,1.1,3,158.12,813,DEV-9CB54,0
TRX-56567,46.9,Eletronicos,Pix,Desktop,,1243.2,1,131.8,6,144.61,369,DEV-B6542,0
TRX-56568,28.4,Beleza,Pix,Mobile,778.35,132.2,0,423.3,3,113.27,719,DEV-E5672,1
TRX-56569,47.4,Vestuario,Cartao_Credito,Mobile,74.02,790.8,3,519.7,2,-30.87,998,DEV-78D56,1
TRX-56570,19.1,Eletronicos,Cartao_Credito,Mobile,308.61,339.8,1,185.6,3,48.11,485,DEV-3D62C,1
TRX-56571,44.6,Eletronicos,Cartao_Credito,Mobile,506.93,1019.6,1,31.8,7,-7.78,777,DEV-ECA42,0
TRX-56572,30.0, ELETRONICOS ,Pix,Mobile,647.03,355.6,1,130.2,5,-276.57,765,DEV-43418,0
TRX-56573,41.3,Vestuario,Voucher,Mobile,372.97,1660.1,1,473.7,7,-6.56,214,DEV-BEF5A,0
TRX-56574,34.4,Games,Boleto,Mobile,1586.49,1115.4,0,37.1,4,-133.65,196,DEV-252B2,0
TRX-56575,30.0,Eletronicos,Cartao_Credito,Desktop,115.06,1490.3,1,92.6,4,304.05,560,DEV-27326,0
TRX-56576,53.6,Beleza,Pix,Tablet,965.0,1310.9,0,93.3,0,-23.27,692,DEV-A15D8,1
TRX-56577,33.4,Beleza,Pix,Desktop,457.33,1100.5,0,195.9,5,-246.28,262,DEV-71CDE,0
TRX-56578,39.1,eletronicos,Pix,Desktop,59.42,509.1,1,318.5,1,-15.18,889,DEV-B486B,0
TRX-56579,39.6,Games,Boleto,Mobile,203.8,15.9,0,132.3,8,-69.51,344,DEV-EF673,0
TRX-56580,37.4,Beleza,Cartao_Credito,Desktop,140.0,1026.6,0,65.8,2,113.04,581,DEV-E1BE1,0
TRX-56581,46.2,Beleza,Cartao_Credito,Mobile,46.99,1786.9,1,224.1,0,91.08,327,DEV-3671C,0
TRX-56582,34.2,eletronicos,Pix,Mobile,655.47,1224.2,0,53.7,5,-10.16,903,DEV-37C66,0
TRX-56583,15.2,Vestuario,Pix,Desktop,,1315.0,0,166.5,5,-107.12,500,DEV-4042A,0
TRX-56584,53.3,Beleza,Boleto,Tablet,886.56,142.0,0,215.4,4,55.73,553,DEV-36BBE,0
TRX-56585,25.1,Eletronicos,Boleto,Mobile,139.73,1106.1,1,95.0,3,-104.58,724,DEV-E8C1E,1
TRX-56586,26.9,Vestuario,Pix,Mobile,2090.06,739.2,0,75.0,2,-103.69,924,DEV-7B3F7,1
TRX-56587,39.4,eletronicos,Cartao_Credito,Desktop,206.59,1644.2,1,65.6,3,17.65,523,DEV-BFC2F,0
TRX-56588,27.5,Games,Voucher,Mobile,996.14,1724.0,0,9.8,3,-292.89,968,DEV-5920F,0
TRX-56589,41.3,eletronicos,Cartao_Credito,Mobile,2641.19,1254.7,2,314.7,5,-27.91,506,DEV-40656,1
TRX-56590,21.4,Eletronicos,Boleto,Mobile,120.54,1675.5,1,321.5,0,-176.33,927,DEV-6AA11,0
TRX-56591,31.5,Eletronicos,Pix,SmartTV,111.81,638.8,1,47.1,2,216.8,743,DEV-2B092,0
TRX-56592,41.1,Beleza,Cartao_Credito,Desktop,682.99,1000.1,2,118.0,6,2.03,957,DEV-5F49E,0
TRX-56593,43.0,Eletronicos,Boleto,Mobile,2196.49,1519.2,1,112.7,4,85.5,104,DEV-9BF88,1
TRX-56594,37.1,Eletronicos,Cartao_Credito,Mobile,142.19,170.7,0,108.0,3,-35.27,146,DEV-500F2,0
TRX-56595,48.6,Eletronicos,Cartao_Credito,Desktop,252.83,52.5,1,25.2,1,150.59,980,DEV-B60F2,0
TRX-56596,36.0,Beleza,Pix,Desktop,180.76,542.9,0,113.4,1,-90.67,835,DEV-9E572,0
TRX-56597,22.8,Games,Cartao_Credito,Desktop,648.37,843.0,2,22.1,4,-111.16,369,DEV-BC8CC,0
TRX-56598,39.8,Eletronicos,Pix,Desktop,333.82,1697.3,2,45.0,2,-169.04,744,DEV-DAEEF,0
TRX-56599,24.4,Vestuario,Boleto,Desktop,1002.11,1200.9,1,16.8,0,57.51,220,DEV-47A0C,1
TRX-56600,48.4,Vestuario,Cartao_Credito,Mobile,497.94,1031.9,0,938.1,5,9.27,689,DEV-80EE1,1
TRX-56601,49.7,Eletronicos,Boleto,Mobile,662.07,1694.8,1,32.0,2,42.62,772,DEV-2BEFF,0
TRX-56602,44.1,Eletronicos,Cartao_Credito,Mobile,116.71,152.0,2,60.3,2,170.01,854,DEV-97771,0
TRX-56603,34.2,Vestuario,Boleto,Mobile,168.05,322.6,0,280.5,5,59.48,245,DEV-653AA,0
TRX-56604,27.5,Eletronicos,Cartao_Credito,Tablet,2577.92,1469.8,1,75.6,4,-35.99,405,DEV-7C900,1
TRX-56605,27.8,Games,Pix,Desktop,620.41,1737.9,3,5.2,5,62.89,113,DEV-7EC3E,0
TRX-56606,53.0,Vestuario,Cartao_Credito,Desktop,1423.3,883.7,0,141.0,3,41.19,567,DEV-42B0B,0
TRX-56607,29.1, ELETRONICOS ,Cartao_Credito,Desktop,239.99,1286.1,0,0.3,1,76.05,639,DEV-6A59F,0
TRX-56608,43.6,eletronicos,Boleto,Mobile,286.3,973.5,1,189.1,4,58.78,747,DEV-7994E,1
TRX-56609,34.3,Eletronicos,Cartao_Credito,Mobile,57.92,1124.0,1,61.4,1,-4.88,150,DEV-49F4B,0
TRX-56610,30.7,Eletronicos,Cartao_Credito,Desktop,1517.54,1396.0,0,52.3,3,147.03,738,DEV-4C629,0
TRX-56611,16.1,Games,Cartao_Credito,Desktop,122.91,1495.0,0,58.9,2,-78.39,865,DEV-E13C8,0
TRX-56612,33.8,eletronicos,Boleto,Desktop,270.99,1795.4,0,357.0,5,60.39,809,DEV-79BFF,0
TRX-56613,59.5,Eletronicos,Cartao_Credito,Mobile,360.99,799.5,3,37.0,2,71.75,214,DEV-91A01,0
TRX-56614,22.6,Vestuario,Boleto,Mobile,1128.41,1222.6,0,1305.7,6,-54.43,617,DEV-A5AFB,1
TRX-56615,39.7, ELETRONICOS ,Pix,Mobile,659.61,595.2,1,213.5,0,21.71,669,DEV-9C755,1
TRX-56616,38.4,Beleza,Voucher,Desktop,35.87,120.4,1,25.2,3,30.08,712,DEV-E5209,0
TRX-56617,42.8,Beleza,Pix,Mobile,362.7,144.0,1,168.1,1,137.92,707,DEV-30203,0
TRX-56618,33.0, ELETRONICOS ,Cartao_Credito,Desktop,2805.14,981.0,0,160.4,4,-16.45,484,DEV-7F6D6,1
TRX-56619,22.0,Vestuario,Cartao_Credito,Desktop,870.67,515.0,0,66.1,3,-145.24,812,DEV-18BDA,1
TRX-56620,,Eletronicos,Pix,Desktop,180.08,1099.0,1,61.4,6,-269.37,982,DEV-D87F1,0
TRX-56621,27.2,Eletronicos,Boleto,Desktop,2454.49,924.8,1,42.1,0,28.94,923,DEV-F0265,1
TRX-56622,41.6,Games,Cartao_Credito,Desktop,718.41,1276.7,1,286.2,2,-101.05,221,DEV-D2D9A,0
TRX-56623,40.2,Eletronicos,Boleto,Mobile,268.01,1226.7,1,58.6,3,-181.61,353,DEV-561C2,0
TRX-56624,32.3,Eletronicos,Pix,Mobile,1357.9,1617.4,0,241.0,4,-125.45,919,DEV-6D105,0
TRX-56625,45.0, ELETRONICOS ,Boleto,Mobile,93.75,215.1,0,84.2,2,-21.62,198,DEV-69E84,0
TRX-56626,34.3,Vestuario,Cartao_Credito,Mobile,147.96,528.4,0,96.5,3,-164.88,872,DEV-8A7E6,0
TRX-56627,44.7,Eletronicos,Cartao_Credito,Mobile,112.82,944.9,0,293.1,2,68.26,367,DEV-2BA61,0
TRX-56628,38.1,Eletronicos,Cartao_Credito,Mobile,647.43,367.4,0,423.6,5,9.22,578,DEV-5E92E,0
TRX-56629,41.9,Beleza,Boleto,Mobile,572.45,67.7,1,80.5,5,-169.16,996,DEV-22C47,0
TRX-56630,36.8,Vestuario,Pix,Desktop,685.39,694.7,1,212.0,1,-186.58,321,DEV-B540F,1
TRX-56631,36.5,Vestuario,Cartao_Credito,Desktop,646.81,901.9,0,10.0,2,80.27,846,DEV-9C7EA,0
TRX-56632,33.7,Games,Boleto,Mobile,1593.93,1332.3,1,53.0,4,-41.29,582,DEV-D73C5,0
TRX-56633,27.4,eletronicos,Cartao_Credito,Mobile,96.48,748.6,2,204.6,5,28.23,855,DEV-5C4AF,0
TRX-56634,36.0,Eletronicos,Cartao_Credito,Mobile,380.18,1762.9,0,15.3,5,42.08,726,DEV-A173E,0
TRX-56635,43.0,Vestuario,Cartao_Credito,Tablet,135.24,42.6,2,59.1,3,151.28,585,DEV-AF23F,0
TRX-56636,28.6,Eletronicos,Boleto,Mobile,163.54,1579.3,0,58.6,2,-256.48,411,DEV-CFB7F,0
TRX-56637,46.3,eletronicos,Boleto,Mobile,2507.65,159.2,2,42.4,1,-172.86,310,DEV-3419E,1
TRX-56638,25.3,Vestuario,Pix,Mobile,254.48,1207.1,2,263.5,4,45.16,317,DEV-BEA84,1
TRX-56639,39.0, ELETRONICOS ,Cartao_Credito,Mobile,1033.82,499.8,0,177.2,1,-79.34,941,DEV-F11A4,1
TRX-56640,29.7, ELETRONICOS ,Cartao_Credito,Desktop,,125.0,1,392.0,6,97.62,838,DEV-638EC,1
TRX-56641,32.6,Eletronicos,Voucher,Mobile,49.59,640.4,0,146.7,3,-9.12,852,DEV-2390D,0
TRX-56642,25.3,eletronicos,Cartao_Credito,Mobile,230.46,163.5,1,38.7,3,83.57,963,DEV-32246,0
TRX-56643,41.9, ELETRONICOS ,Cartao_Credito,Desktop,1616.09,1629.8,1,235.6,6,98.72,555,DEV-8CBA5,0
TRX-56644,39.6,Beleza,Cartao_Credito,Tablet,150.81,596.5,0,33.1,5,41.37,356,DEV-30EAB,0
TRX-56645,31.8,Eletronicos,Pix,Desktop,1642.0,1712.9,0,93.8,5,-77.11,485,DEV-AFDAF,0
TRX-56646,53.3,eletronicos,Cartao_Credito,Mobile,189.6,1756.3,1,201.6,6,15.73,637,DEV-C44F8,0
TRX-56647,36.8,Eletronicos,Boleto,Mobile,56.14,1714.3,0,32.0,6,-175.49,460,DEV-26712,0
TRX-56648,,Vestuario,Boleto,Mobile,39.52,1030.4,1,79.5,3,129.52,211,DEV-BCE07,0
TRX-56649,31.3,eletronicos,Boleto,Desktop,,907.7,1,128.3,5,-162.12,929,DEV-35EDE,0
TRX-56650,44.7,Vestuario,Boleto,Tablet,132.13,1502.3,0,68.3,7,144.95,655,DEV-36D20,0
TRX-56651,38.4,Eletronicos,Cartao_Credito,Mobile,27.58,973.5,0,115.6,7,-66.44,577,DEV-4F052,0
TRX-56652,37.7,eletronicos,Pix,Mobile,520.75,1574.7,1,89.3,5,-53.37,466,DEV-85B8D,0
TRX-56653,53.9,Eletronicos,Cartao_Credito,Mobile,481.62,33.6,0,115.2,3,253.82,320,DEV-54010,0
TRX-56654,30.5,Beleza,Cartao_Credito,Mobile,655.73,1518.5,0,6.1,4,-100.54,314,DEV-6899E,0
TRX-56655,30.3, ELETRONICOS ,Pix,Mobile,2353.69,1210.1,1,128.7,4,246.53,362,DEV-1C864,1
TRX-56656,,Vestuario,Cartao_Credito,Desktop,1798.88,1609.0,0,253.1,3,-170.86,156,DEV-5394D,1
TRX-56657,42.0, ELETRONICOS ,Voucher,Tablet,75.96,106.9,0,99.3,4,-23.72,773,DEV-D6E3B,0
TRX-56658,23.3,Vestuario,Pix,Mobile,2257.84,397.4,1,7.3,4,-150.23,208,DEV-2C84C,1
TRX-56659,51.9,Beleza,Cartao_Credito,Mobile,705.13,1135.7,1,114.9,4,36.48,510,DEV-BE045,0
TRX-56660,30.6,Vestuario,Pix,Desktop,1980.97,255.6,1,61.5,3,-26.43,400,DEV-C80C2,1
TRX-56661,36.5, ELETRONICOS ,Cartao_Credito,Mobile,285.57,267.7,1,37.5,5,109.28,198,DEV-B4239,0
TRX-56662,46.6,Beleza,Boleto,Mobile,416.29,336.7,0,43.3,3,-112.51,100,DEV-7F2EB,0
TRX-56663,48.7,Vestuario,Voucher,Tablet,557.27,378.2,0,225.7,3,199.94,376,DEV-25971,0
TRX-56664,38.8,eletronicos,Cartao_Credito,Desktop,350.07,411.2,1,73.6,5,33.62,314,DEV-E151C,0
TRX-56665,34.4,Games,Boleto,Mobile,153.2,985.4,0,22.2,2,-37.5,494,DEV-9C1E9,0
TRX-56666,33.9,Beleza,Cartao_Credito,SmartTV,1294.97,1739.9,0,83.2,3,-47.2,603,DEV-3B29A,1
TRX-56667,13.9, ELETRONICOS ,Boleto,Desktop,866.99,313.5,0,110.9,4,-1.12,560,DEV-BC65C,1
TRX-56668,28.0,Eletronicos,Boleto,Mobile,2128.01,639.5,0,217.8,5,-42.29,783,DEV-D3793,1
TRX-56669,34.4, ELETRONICOS ,Cartao_Credito,Mobile,,777.7,0,434.0,3,-59.72,329,DEV-2F8DE,1
TRX-56670,41.5,Eletronicos,Pix,SmartTV,494.18,1680.5,1,267.4,3,201.72,376,DEV-9C425,0
TRX-56671,39.0, ELETRONICOS ,Pix,Tablet,485.77,1758.7,0,111.8,4,-59.32,703,DEV-A7B55,0
TRX-56672,29.4,Eletronicos,Cartao_Credito,Mobile,147.6,93.8,1,318.1,6,-210.35,267,DEV-54C81,1
TRX-56673,,eletronicos,Cartao_Credito,Mobile,992.75,887.7,0,124.6,3,77.78,391,DEV-2626D,0
TRX-56674,43.1,eletronicos,Cartao_Credito,Desktop,310.22,637.2,1,116.4,3,13.28,754,DEV-2DBCE,0
TRX-56675,23.8,Vestuario,Boleto,Mobile,962.83,433.4,0,317.1,3,71.59,829,DEV-8359B,1
TRX-56676,43.3, ELETRONICOS ,Boleto,Desktop,1218.46,1258.1,0,42.5,1,250.83,545,DEV-5F5E5,1
TRX-56677,36.5, ELETRONICOS ,Cartao_Credito,Mobile,194.34,551.8,1,55.6,5,-36.75,320,DEV-7ECDE,0
TRX-56678,36.2,Eletronicos,Pix,Desktop,47.3,1706.3,0,289.6,3,-108.01,153,DEV-EEDBC,0
TRX-56679,32.2, ELETRONICOS ,Cartao_Credito,Mobile,321.64,1207.3,1,322.9,8,-120.78,147,DEV-5474E,1
TRX-56680,41.5,Eletronicos,Boleto,Mobile,1725.8,767.9,0,121.9,5,48.01,364,DEV-2F5FE,0
TRX-56681,38.3, ELETRONICOS ,Pix,Mobile,695.76,146.7,1,39.6,2,82.91,408,DEV-61C5E,0
TRX-56682,40.6,Beleza,Cartao_Credito,Mobile,222.76,915.1,1,247.8,2,3.23,245,DEV-7FD91,0
TRX-56683,44.1,Beleza,Boleto,Mobile,545.61,960.3,0,2.6,0,204.47,186,DEV-27BE5,0
TRX-56684,42.7,Beleza,Pix,Mobile,1914.51,1409.8,0,6.3,0,0.43,422,DEV-4C369,1
TRX-56685,46.9,Beleza,Cartao_Credito,Desktop,440.28,1105.9,1,66.6,4,-146.59,426,DEV-CDE17,0
TRX-56686,29.6, ELETRONICOS ,Pix,Mobile,45.54,1272.8,0,19.8,4,2.9,516,DEV-E6799,0
TRX-56687,43.7,Games,Boleto,Mobile,514.95,1419.9,1,260.5,2,-195.64,451,DEV-68084,0
TRX-56688,44.5,Vestuario,Pix,Desktop,,252.0,1,141.5,3,-105.07,284,DEV-C3F67,0
TRX-56689,20.2,Eletronicos,Cartao_Credito,Tablet,338.25,1048.0,1,152.3,4,-169.22,365,DEV-C9139,0
TRX-56690,35.7,eletronicos,Boleto,Mobile,1578.7,211.8,1,120.6,6,-162.34,636,DEV-35017,0
TRX-56691,20.2,Games,Cartao_Credito,Desktop,675.2,893.1,1,145.8,1,-181.47,386,DEV-3C90A,0
TRX-56692,31.5,Eletronicos,Cartao_Credito,Mobile,153.76,838.7,2,196.8,3,168.66,376,DEV-E1380,0
TRX-56693,47.3,eletronicos,Cartao_Credito,Tablet,66.99,1582.3,1,14.0,5,152.77,916,DEV-5B1FC,0
TRX-56694,31.8,Beleza,Cartao_Credito,Desktop,298.93,549.7,0,220.5,11,6.71,432,DEV-CA9C9,0
TRX-56695,-5.0,Vestuario,Cartao_Credito,Mobile,1619.12,1454.2,1,243.2,3,98.78,214,DEV-42290,1
TRX-56696,30.9,Beleza,Cartao_Credito,Tablet,990.71,1212.3,1,28.4,5,159.47,174,DEV-75226,0
TRX-56697,19.6,Beleza,Cartao_Credito,Desktop,322.33,452.1,1,67.3,5,254.72,947,DEV-33634,0
TRX-56698,49.1,Vestuario,Cartao_Credito,Desktop,1783.01,1144.1,3,63.9,3,-16.52,952,DEV-67CEC,1
TRX-56699,,Eletronicos,Cartao_Credito,Mobile,1281.47,729.2,0,93.2,9,-48.76,964,DEV-B11F3,0
TRX-56700,31.3, ELETRONICOS ,Boleto,Mobile,420.51,652.3,1,293.5,3,-31.42,978,DEV-D4719,1
TRX-56701,40.5,Vestuario,Boleto,Mobile,180.64,1606.5,1,122.9,5,105.87,143,DEV-24F4E,0
TRX-56702,33.2,Games,Pix,Desktop,89.56,368.1,0,126.9,6,-75.79,289,DEV-E9D46,0
TRX-56703,30.0,Vestuario,Cartao_Credito,Tablet,1060.42,535.2,1,292.6,2,-85.8,245,DEV-C1D0D,1
TRX-56704,36.6,Beleza,Boleto,Mobile,157.12,1521.3,1,286.7,4,-102.52,820,DEV-CB516,0
TRX-56705,44.3, ELETRONICOS ,Boleto,Mobile,301.45,667.3,1,20.2,6,45.77,931,DEV-2DF3F,0
TRX-56706,38.5,Eletronicos,Pix,Mobile,1308.52,1618.0,1,168.5,2,20.73,367,DEV-32DF8,0
TRX-56707,32.3,Eletronicos,Pix,SmartTV,1057.07,1394.1,1,21.1,2,-16.45,930,DEV-291E7,1
TRX-56708,30.6,Beleza,Cartao_Credito,Mobile,86.2,82.4,0,154.3,3,-19.27,470,DEV-1FBF0,0
TRX-56709,37.0,Games,Cartao_Credito,Mobile,972.18,416.5,1,99.4,11,-19.76,688,DEV-58DA5,0
TRX-56710,54.8,eletronicos,Cartao_Credito,Desktop,1880.73,702.0,1,12.9,4,-177.97,726,DEV-BCA4A,1
TRX-56711,39.4,Beleza,Cartao_Credito,Mobile,1431.14,917.7,2,127.0,1,58.55,920,DEV-2B01A,1
TRX-56712,30.4,Vestuario,Cartao_Credito,Mobile,273.97,475.1,1,320.5,4,-58.74,831,DEV-B4A54,1
TRX-56713,39.9,Eletronicos,Cartao_Credito,Mobile,2851.65,1238.0,3,25.0,5,-109.06,323,DEV-4A305,1
TRX-56714,22.9,Beleza,Voucher,Desktop,102.91,1205.9,1,268.2,4,-29.79,701,DEV-4155C,0
TRX-56715,12.9,Games,Pix,Mobile,1291.35,893.5,1,19.4,5,55.31,795,DEV-8BA57,0
TRX-56716,28.5,Eletronicos,Cartao_Credito,Desktop,238.16,376.7,0,59.4,4,67.6,306,DEV-EDD6D,0
TRX-56717,36.9,Eletronicos,Pix,Mobile,155.6,1090.8,0,8.7,6,-3.97,677,DEV-567C1,0
TRX-56718,38.4,Eletronicos,Cartao_Credito,Mobile,2044.64,1768.9,0,375.0,5,39.43,791,DEV-E945D,0
TRX-56719,33.6,Eletronicos,Boleto,Mobile,916.68,366.5,0,144.2,6,-13.98,261,DEV-8B98F,0
TRX-56720,43.8,eletronicos,Cartao_Credito,Mobile,597.53,1584.7,1,970.2,4,112.48,685,DEV-49911,1
TRX-56721,37.2,Eletronicos,Cartao_Credito,Tablet,400.73,1297.1,1,8.9,4,-130.26,355,DEV-291E8,0
TRX-56722,30.9,Vestuario,Pix,Mobile,603.77,310.3,2,336.9,4,-47.09,455,DEV-E8730,0
TRX-56723,27.5,Eletronicos,Boleto,Desktop,404.44,718.1,1,85.1,2,-149.09,865,DEV-9B2C1,0
TRX-56724,30.5,Eletronicos,Voucher,SmartTV,856.5,1018.1,0,64.3,3,-110.91,392,DEV-1DAD6,0
TRX-56725,35.1,Beleza,Boleto,Mobile,1282.77,1373.7,2,156.2,6,-50.0,128,DEV-CD156,1
TRX-56726,30.5,eletronicos,Pix,SmartTV,20.42,966.9,0,3.9,1,122.96,385,DEV-C51B3,0
TRX-56727,25.6,Eletronicos,Boleto,Desktop,2564.17,129.5,0,272.0,4,184.35,203,DEV-92FF7,1
TRX-56728,15.8, ELETRONICOS ,Cartao_Credito,SmartTV,358.49,80.1,1,66.4,5,-68.24,814,DEV-F0332,0
TRX-56729,24.4,Eletronicos,Cartao_Credito,Tablet,107.96,278.0,1,490.3,3,-237.42,891,DEV-8A35A,1
TRX-56730,25.5,Eletronicos,Pix,Mobile,703.32,330.1,3,81.0,2,54.66,455,DEV-B78D6,1
TRX-56731,21.7,Beleza,Cartao_Credito,Mobile,,267.4,0,77.1,4,74.81,689,DEV-CBADC,0
TRX-56732,41.3,Vestuario,Cartao_Credito,Desktop,1047.42,255.0,0,202.8,4,91.65,749,DEV-32656,1
TRX-56733,28.0, ELETRONICOS ,Voucher,Mobile,1763.14,297.0,1,32.2,4,90.76,289,DEV-21052,1
TRX-56734,45.4,Games,Pix,Tablet,,919.0,0,246.3,4,-183.76,649,DEV-B8FFE,0
TRX-56735,47.3,Eletronicos,Cartao_Credito,Desktop,1326.19,170.1,0,80.8,3,-44.14,952,DEV-2E521,1
TRX-56736,, ELETRONICOS ,Boleto,Desktop,36.4,1020.6,0,140.9,1,-7.89,355,DEV-4B220,0
TRX-56737,35.8,Vestuario,Cartao_Credito,Tablet,459.24,170.2,1,210.8,3,65.26,953,DEV-BEE15,0
TRX-56738,,Beleza,Cartao_Credito,Mobile,856.55,1567.1,0,42.9,3,119.97,335,DEV-468C4,0
TRX-56739,35.2,Vestuario,Cartao_Credito,Desktop,32.67,909.3,0,73.1,5,44.9,657,DEV-79B70,0
TRX-56740,48.7,Eletronicos,Cartao_Credito,Mobile,177.24,855.3,3,33.7,3,119.26,575,DEV-DEFD3,0
TRX-56741,42.4,Eletronicos,Cartao_Credito,Desktop,1934.06,1640.2,0,815.2,1,-112.86,493,DEV-A3B72,1
TRX-56742,25.5, ELETRONICOS ,Pix,Mobile,637.43,1353.2,0,282.9,2,27.7,175,DEV-4F664,1
TRX-56743,18.5,Games,Cartao_Credito,Mobile,2442.09,837.7,2,29.9,4,141.93,252,DEV-A698A,1
TRX-56744,46.7,Beleza,Cartao_Credito,Desktop,57.39,1768.6,1,18.8,3,8.14,930,DEV-63EBE,0
TRX-56745,20.1,Beleza,Cartao_Credito,Tablet,757.05,968.6,0,155.9,6,151.84,170,DEV-6365C,0
TRX-56746,28.6,Vestuario,Pix,Mobile,,398.8,0,43.3,4,-30.53,133,DEV-93492,0
TRX-56747,25.1,Vestuario,Voucher,Mobile,1070.16,1457.3,2,30.2,3,-219.21,577,DEV-84979,0
TRX-56748,,Games,Cartao_Credito,Mobile,419.3,732.2,0,119.8,3,-265.57,971,DEV-3E513,0
TRX-56749,54.9,Vestuario,Boleto,Desktop,2558.19,704.3,2,182.1,3,97.26,820,DEV-955E8,1
TRX-56750,29.2,eletronicos,Boleto,Mobile,1137.94,378.2,1,397.3,3,2.66,648,DEV-375F2,1
TRX-56751,24.7, ELETRONICOS ,Cartao_Credito,Mobile,100.43,422.4,1,70.1,2,-134.35,863,DEV-B96B4,0
TRX-56752,45.7,Eletronicos,Voucher,Mobile,75.77,1742.7,1,106.4,3,-142.45,435,DEV-8E917,0
TRX-56753,30.5,Eletronicos,Boleto,Desktop,609.45,507.7,0,18.0,3,51.56,862,DEV-AC121,0
TRX-56754,53.2,Vestuario,Cartao_Credito,Mobile,258.03,317.5,0,267.6,0,-136.54,533,DEV-1C557,0
TRX-56755,17.7,Vestuario,Cartao_Credito,Desktop,421.36,498.5,3,30.2,1,-18.39,172,DEV-48CC6,1
TRX-56756,26.6,Vestuario,Cartao_Credito,Mobile,308.9,534.5,0,35.8,1,192.93,575,DEV-B94C0,0
TRX-56757,26.0,Beleza,Boleto,Mobile,1462.84,1707.4,1,19.2,4,41.74,726,DEV-29803,0
TRX-56758,33.1,Vestuario,Cartao_Credito,Desktop,88.39,1029.6,1,53.5,4,169.31,834,DEV-67DFA,0
TRX-56759,35.9, ELETRONICOS ,Cartao_Credito,Mobile,120.69,723.7,0,157.6,1,-113.51,251,DEV-8B034,0
TRX-56760,37.7,Games,Cartao_Credito,Mobile,215.76,607.0,0,128.9,2,-42.95,295,DEV-BD3C9,0
TRX-56761,33.7,Eletronicos,Cartao_Credito,Mobile,543.01,610.2,1,630.2,4,-16.9,743,DEV-A2BD2,1
TRX-56762,36.0,Vestuario,Cartao_Credito,Mobile,24.95,771.0,0,11.9,4,82.68,779,DEV-CF346,0
TRX-56763,33.6,Beleza,Cartao_Credito,Mobile,123.41,1382.6,0,65.1,7,-9.93,428,DEV-A86F7,0
TRX-56764,41.1,Vestuario,Boleto,Mobile,765.32,1541.8,1,90.9,5,-36.34,812,DEV-C0C1C,0
TRX-56765,51.5,Eletronicos,Cartao_Credito,Mobile,464.66,899.0,1,82.2,5,210.73,675,DEV-EA890,0
TRX-56766,32.4, ELETRONICOS ,Cartao_Credito,Desktop,1869.57,1738.3,0,376.2,6,-252.6,598,DEV-28EE6,0
TRX-56767,40.1, ELETRONICOS ,Boleto,Desktop,1171.13,251.0,1,99.3,4,-412.86,991,DEV-59AAC,1
TRX-56768,17.2,eletronicos,Cartao_Credito,Mobile,704.82,1778.4,0,85.1,5,-82.94,488,DEV-8F8CE,0
TRX-56769,38.4,Beleza,Cartao_Credito,Desktop,495.41,1681.4,0,13.1,5,23.67,428,DEV-CE34B,0
TRX-56770,53.2,Eletronicos,Pix,Mobile,889.95,440.1,0,83.3,2,-97.7,765,DEV-A5DE6,1
TRX-56771,48.5,Eletronicos,Cartao_Credito,Mobile,991.66,973.6,0,138.9,5,106.97,692,DEV-C844F,0
TRX-56772,42.4,Beleza,Cartao_Credito,Mobile,,1286.7,0,154.5,6,130.66,794,DEV-8AF66,1
TRX-56773,19.6,Eletronicos,Boleto,Mobile,1007.51,833.9,0,5.6,3,-131.89,995,DEV-345D1,0
TRX-56774,49.1,Games,Cartao_Credito,Mobile,778.99,715.0,0,166.4,1,100.05,628,DEV-C178C,1
TRX-56775,52.6,Vestuario,Cartao_Credito,Mobile,1686.48,791.6,0,49.3,3,-223.33,953,DEV-A20F1,0
TRX-56776,, ELETRONICOS ,Cartao_Credito,Mobile,24.74,1019.7,0,237.1,1,-106.02,622,DEV-3BE4C,0
TRX-56777,57.9, ELETRONICOS ,Pix,Desktop,2633.02,1452.5,0,50.1,3,103.55,727,DEV-E2AF7,0
TRX-56778,13.0,Games,Cartao_Credito,Mobile,465.35,999.5,0,45.9,4,-10.45,259,DEV-5A5DC,0
TRX-56779,,Games,Pix,Mobile,904.33,914.0,1,2.6,3,-1.29,395,DEV-DFFF8,1
TRX-56780,24.4, ELETRONICOS ,Boleto,SmartTV,425.17,673.8,1,495.7,4,84.17,436,DEV-C88D4,0
TRX-56781,32.4,Games,Cartao_Credito,Mobile,,1408.9,1,172.1,7,130.29,944,DEV-2DA1E,1
TRX-56782,37.5,Vestuario,Cartao_Credito,Desktop,1032.45,456.8,0,10.2,4,-147.74,122,DEV-8A692,0
TRX-56783,30.2, ELETRONICOS ,Cartao_Credito,Mobile,102.47,1226.5,0,302.3,9,29.36,437,DEV-580AD,0
TRX-56784,34.2,Games,Cartao_Credito,Mobile,134.98,1696.4,0,226.0,5,-272.99,105,DEV-50DE5,0
TRX-56785,11.1,Games,Cartao_Credito,Desktop,1941.07,1614.0,0,156.1,4,188.82,839,DEV-8B0CE,1
TRX-56786,44.5,Games,Cartao_Credito,Desktop,496.85,1457.2,0,113.6,0,76.37,622,DEV-30965,0
TRX-56787,58.2, ELETRONICOS ,Boleto,Mobile,119.65,151.8,0,402.5,4,-103.59,187,DEV-4E42A,0
TRX-56788,51.1,Beleza,Voucher,Mobile,929.1,1123.4,1,110.8,2,-18.07,330,DEV-7A773,1
TRX-56789,31.6,Games,Cartao_Credito,Mobile,442.19,1652.0,0,5.3,4,187.56,131,DEV-285F2,0
TRX-56790,30.1,Eletronicos,Cartao_Credito,Desktop,166.32,349.1,0,235.4,4,-85.16,781,DEV-A441D,0
TRX-56791,40.1,Eletronicos,Cartao_Credito,SmartTV,,789.5,0,42.9,7,-151.03,840,DEV-9620B,1
TRX-56792,42.7,Eletronicos,Pix,Mobile,106.5,1149.5,0,32.1,1,46.61,542,DEV-77F4F,0
TRX-56793,64.0, ELETRONICOS ,Cartao_Credito,Desktop,732.54,1023.2,0,169.2,8,-47.04,951,DEV-5965B,0
TRX-56794,53.8,Eletronicos,Voucher,Desktop,899.84,362.6,0,348.5,1,-53.6,134,DEV-3D9D9,1
TRX-56795,21.8,Games,Pix,Desktop,31.01,1575.4,0,318.9,4,-35.4,808,DEV-5B49B,0
TRX-56796,,eletronicos,Cartao_Credito,Mobile,735.65,1179.5,1,9.7,3,95.57,361,DEV-AFCED,0
TRX-56797,44.6,eletronicos,Cartao_Credito,Desktop,266.36,1303.0,1,4.4,3,-92.05,888,DEV-8B9B3,0
TRX-56798,35.4,Vestuario,Cartao_Credito,Tablet,1867.8,15.8,0,54.9,2,113.48,115,DEV-971BB,1
TRX-56799,30.5,Eletronicos,Cartao_Credito,Desktop,182.55,408.8,0,47.4,3,-60.74,866,DEV-73B3F,0
TRX-56800,34.9,Games,Cartao_Credito,Mobile,339.25,1130.2,1,248.0,5,188.95,798,DEV-C40E6,0
TRX-56801,48.4, ELETRONICOS ,Boleto,Mobile,2256.26,489.6,1,110.0,2,49.03,232,DEV-67103,1
TRX-56802,28.1,eletronicos,Boleto,Tablet,649.23,13.9,1,5.8,3,-94.62,811,DEV-ABADC,0
TRX-56803,42.1,Vestuario,Pix,Mobile,,1246.3,1,354.7,0,181.07,611,DEV-54E28,1
TRX-56804,36.6,Beleza,Cartao_Credito,Mobile,240.57,362.4,0,47.2,4,201.3,870,DEV-F299D,0
TRX-56805,,Beleza,Pix,Mobile,564.17,1130.2,1,44.0,3,8.35,121,DEV-6CC02,0
TRX-56806,27.5,Vestuario,Cartao_Credito,Mobile,642.48,647.2,0,168.1,5,-122.91,201,DEV-8BD88,0
TRX-56807,33.1,Beleza,Cartao_Credito,Desktop,46.68,202.1,1,209.8,2,-103.1,186,DEV-37606,0
TRX-56808,29.2, ELETRONICOS ,Pix,Mobile,777.13,490.5,0,123.2,3,-97.76,791,DEV-ED44F,0
TRX-56809,39.3, ELETRONICOS ,Cartao_Credito,Desktop,250.04,1543.5,0,298.7,3,88.2,899,DEV-EB83A,0
TRX-56810,,eletronicos,Cartao_Credito,Mobile,297.42,157.0,1,243.3,5,3.27,125,DEV-8B01A,0
TRX-56811,35.1,Games,Voucher,Mobile,605.76,783.6,0,111.7,5,94.38,407,DEV-AB3AA,0
TRX-56812,42.4,Eletronicos,Boleto,Mobile,557.63,1472.5,0,93.3,3,145.84,468,DEV-E4AAE,0
TRX-56813,45.3,Vestuario,Boleto,Desktop,146.27,545.1,2,312.5,5,-66.07,886,DEV-D17E5,0
TRX-56814,37.0,eletronicos,Cartao_Credito,Desktop,492.53,1089.7,2,592.1,1,95.41,371,DEV-B4454,1
TRX-56815,22.3,Beleza,Voucher,Desktop,747.84,30.2,1,531.3,4,-9.74,831,DEV-A6609,1
TRX-56816,36.6,Beleza,Cartao_Credito,Mobile,721.34,344.4,0,98.5,5,102.55,689,DEV-C732F,0
TRX-56817,40.1,Eletronicos,Boleto,Desktop,71.47,1399.3,0,109.5,1,29.95,398,DEV-DF930,0
TRX-56818,36.4, ELETRONICOS ,Pix,Mobile,810.97,564.0,0,221.8,4,-97.51,606,DEV-EF624,0
TRX-56819,27.7,Beleza,Cartao_Credito,Desktop,313.68,1190.0,0,105.0,3,-123.34,157,DEV-B4009,0
TRX-56820,38.0,Beleza,Cartao_Credito,Mobile,309.77,955.1,0,262.8,4,-51.49,261,DEV-56F58,0
TRX-56821,44.2,eletronicos,Voucher,Mobile,1776.14,370.3,2,131.9,1,65.95,299,DEV-48234,1
TRX-56822,31.9, ELETRONICOS ,Cartao_Credito,Mobile,1400.26,42.7,1,281.7,2,56.5,420,DEV-1D06F,1
TRX-56823,31.4,Eletronicos,Boleto,Tablet,269.58,924.7,0,109.5,6,-145.95,670,DEV-B58E9,0
TRX-56824,41.0,Beleza,Cartao_Credito,Mobile,256.47,1039.7,0,100.1,2,-140.91,448,DEV-A836E,0
TRX-56825,27.4,Vestuario,Cartao_Credito,Mobile,103.29,1390.2,0,550.7,3,9.94,135,DEV-7342D,0
TRX-56826,29.0, ELETRONICOS ,Pix,Mobile,92.8,487.8,1,4.4,2,-55.35,418,DEV-21F1E,0
TRX-56827,38.8,eletronicos,Pix,Mobile,88.29,1155.1,0,46.4,5,-200.78,181,DEV-3A339,0
TRX-56828,18.7,Eletronicos,Voucher,Mobile,129.75,1314.4,0,215.6,6,-127.81,252,DEV-26CCB,0
TRX-56829,33.7,Beleza,Cartao_Credito,Desktop,60.99,1288.4,0,62.2,4,11.64,882,DEV-4C0CF,0
TRX-56830,33.4,Vestuario,Cartao_Credito,Mobile,311.33,1062.6,0,134.1,4,259.61,881,DEV-4B49C,0
TRX-56831,24.5,Vestuario,Cartao_Credito,Desktop,722.79,1131.5,0,270.0,4,64.24,603,DEV-BB940,0
TRX-56832,32.7,Beleza,Cartao_Credito,SmartTV,710.21,561.2,1,53.8,4,91.86,489,DEV-5D92A,0
TRX-56833,36.3, ELETRONICOS ,Boleto,Desktop,251.04,264.0,4,92.5,2,98.85,375,DEV-D83BC,1
TRX-56834,58.6,Eletronicos,Cartao_Credito,Mobile,184.84,1038.3,0,3.2,2,79.44,411,DEV-CD4B9,0
TRX-56835,23.5,Vestuario,Cartao_Credito,Desktop,108.14,785.7,1,11.2,4,-28.9,112,DEV-5E434,0
TRX-56836,23.0,Eletronicos,Cartao_Credito,Mobile,438.49,1705.9,0,115.8,2,122.17,483,DEV-71883,0
TRX-56837,41.5, ELETRONICOS ,Boleto,Mobile,371.77,1425.1,0,95.6,3,41.72,674,DEV-BEF85,0
TRX-56838,34.7,eletronicos,Cartao_Credito,Mobile,970.51,1120.5,0,76.1,3,31.42,537,DEV-951DB,1
TRX-56839,37.9, ELETRONICOS ,Boleto,Mobile,1971.74,1191.7,1,362.9,2,28.18,723,DEV-B5326,1
TRX-56840,38.2,Games,Cartao_Credito,Mobile,749.87,528.2,0,43.4,6,-176.66,969,DEV-F0832,0
TRX-56841,53.5,Games,Cartao_Credito,Desktop,208.64,1303.8,0,16.1,1,221.21,451,DEV-7FE60,0
TRX-56842,44.0,Vestuario,Pix,Mobile,73.88,1028.1,0,3.5,3,-43.87,297,DEV-8D8F1,0
TRX-56843,42.8, ELETRONICOS ,Cartao_Credito,Mobile,335.06,455.7,0,148.9,3,114.2,974,DEV-689C0,0
TRX-56844,44.2, ELETRONICOS ,Pix,Mobile,525.91,1588.5,1,162.3,4,59.39,675,DEV-A203E,0
TRX-56845,35.3, ELETRONICOS ,Boleto,Mobile,1748.83,615.3,0,17.9,8,-115.46,595,DEV-5A7B6,0
TRX-56846,25.7,Beleza,Pix,Mobile,578.07,1535.5,2,89.1,4,-148.73,150,DEV-E53B7,0
TRX-56847,36.9,Eletronicos,Cartao_Credito,Mobile,529.24,607.9,0,277.7,3,7.05,774,DEV-E0B53,0
TRX-56848,43.3,Eletronicos,Pix,Desktop,401.82,690.8,1,89.6,6,100.34,554,DEV-82908,0
TRX-56849,42.3,eletronicos,Pix,Mobile,166.1,951.2,1,93.8,3,-54.67,601,DEV-2DC3A,0
TRX-56850,26.9,Vestuario,Pix,Desktop,45.14,344.7,2,61.3,4,-46.59,242,DEV-228C4,0
TRX-56851,39.1,Vestuario,Pix,Mobile,58.24,1566.7,0,215.9,3,-93.98,258,DEV-F1F50,0
TRX-56852,10.0,Eletronicos,Cartao_Credito,Desktop,421.72,1799.9,0,351.1,4,-112.04,860,DEV-3B530,0
TRX-56853,41.4, ELETRONICOS ,Cartao_Credito,Mobile,354.57,1473.3,1,4.1,2,27.16,194,DEV-7A90B,0
TRX-56854,29.8, ELETRONICOS ,Pix,Desktop,810.53,1406.1,0,148.3,4,129.51,756,DEV-44528,0
TRX-56855,42.6,Vestuario,Cartao_Credito,Mobile,1641.81,632.3,1,429.4,5,-318.91,516,DEV-B8959,1
TRX-56856,32.3,Eletronicos,Pix,Mobile,790.42,1328.2,1,50.9,3,101.54,197,DEV-60720,0
TRX-56857,26.5,Beleza,Cartao_Credito,Desktop,942.02,445.0,0,79.3,0,176.7,225,DEV-E2B86,1
TRX-56858,33.1,Beleza,Boleto,Mobile,549.54,352.8,0,83.7,2,47.76,869,DEV-C58EB,0
TRX-56859,30.0,eletronicos,Cartao_Credito,Desktop,267.27,71.3,1,147.7,5,-76.71,318,DEV-9EBFD,0
TRX-56860,44.1,eletronicos,Boleto,Tablet,451.06,268.1,0,92.4,5,-332.0,191,DEV-5D34F,0
TRX-56861,52.2,Eletronicos,Boleto,Desktop,139.79,751.1,0,544.9,5,29.92,634,DEV-DB530,1
TRX-56862,34.2,Vestuario,Cartao_Credito,Mobile,363.99,1130.2,1,7.7,3,82.25,897,DEV-1F5C1,0
TRX-56863,23.7,Beleza,Cartao_Credito,Mobile,,273.0,1,175.4,4,-86.96,478,DEV-7906B,0
TRX-56864,30.8,Vestuario,Cartao_Credito,Mobile,314.72,213.0,1,184.0,3,-36.64,801,DEV-50E12,1
TRX-56865,20.8,Vestuario,Cartao_Credito,Mobile,341.81,733.8,1,76.1,4,183.9,425,DEV-D20FA,0
TRX-56866,34.6,Vestuario,Boleto,Desktop,1350.88,1738.9,0,147.2,4,-10.37,404,DEV-B2886,0
TRX-56867,35.3,Eletronicos,Pix,Desktop,671.99,395.7,0,371.2,3,-20.81,488,DEV-2A79C,1
TRX-56868,43.4, ELETRONICOS ,Cartao_Credito,Desktop,36.13,367.2,0,169.9,6,206.03,525,DEV-4D265,0
TRX-56869,51.9,eletronicos,Cartao_Credito,Mobile,,597.9,2,113.7,6,-15.93,880,DEV-1AF93,0
TRX-56870,47.8,Eletronicos,Pix,Mobile,891.62,468.2,0,234.6,6,-75.24,396,DEV-3A53D,0
TRX-56871,45.6,Vestuario,Pix,Mobile,,1021.0,0,119.5,2,15.28,980,DEV-80ACE,1
TRX-56872,39.3,Beleza,Pix,Mobile,1772.03,1766.0,0,36.2,5,45.66,517,DEV-83A4E,0
TRX-56873,37.5,Games,Cartao_Credito,Mobile,,1694.6,0,41.0,8,10.9,927,DEV-BAC6E,0
TRX-56874,38.3,Beleza,Cartao_Credito,Mobile,385.34,441.4,0,245.6,0,-38.06,254,DEV-39486,1
TRX-56875,48.0,Eletronicos,Voucher,Desktop,349.41,829.0,0,68.8,5,103.22,467,DEV-28059,0
TRX-56876,38.6,Games,Cartao_Credito,Desktop,134.33,898.3,0,30.0,4,-40.05,540,DEV-C6D78,0
TRX-56877,,Beleza,Cartao_Credito,Mobile,,1438.4,0,140.4,3,40.54,495,DEV-541A7,0
TRX-56878,25.9,Eletronicos,Cartao_Credito,Mobile,125.75,801.4,1,33.2,1,-201.12,921,DEV-510AC,0
TRX-56879,36.5,Games,Pix,Mobile,600.98,1263.7,0,192.9,1,-76.73,375,DEV-3267C,1
TRX-56880,25.1,Vestuario,Cartao_Credito,Mobile,918.67,1196.6,0,243.7,4,-32.56,229,DEV-8827E,0
TRX-56881,27.4,Beleza,Cartao_Credito,Desktop,267.94,424.5,0,50.0,4,-3.25,438,DEV-D4883,0
TRX-56882,27.1,eletronicos,Pix,Desktop,,666.4,0,749.0,7,61.43,479,DEV-4A786,0
TRX-56883,43.7,Games,Pix,Mobile,154.68,557.8,0,29.8,4,-34.36,685,DEV-9B30A,0
TRX-56884,,Beleza,Cartao_Credito,Tablet,242.14,282.5,1,51.8,2,70.05,414,DEV-5D2E1,1
TRX-56885,26.4,Eletronicos,Cartao_Credito,Mobile,29.32,1762.8,2,52.3,5,2.99,375,DEV-B10BE,0
TRX-56886,40.6,Games,Cartao_Credito,Mobile,487.8,403.4,0,43.6,1,16.62,387,DEV-D0373,1
TRX-56887,42.6,Vestuario,Cartao_Credito,Mobile,948.87,757.5,1,80.6,5,-139.42,544,DEV-C8262,0
TRX-56888,53.9,eletronicos,Cartao_Credito,Mobile,245.24,300.5,0,60.6,3,111.9,234,DEV-44EFD,1
TRX-56889,27.5,eletronicos,Voucher,Tablet,572.23,1175.2,1,143.1,5,-68.46,921,DEV-9BD7C,0
TRX-56890,39.6,Eletronicos,Cartao_Credito,Mobile,,970.4,3,367.4,1,178.06,108,DEV-38F3E,0
TRX-56891,53.7,Beleza,Voucher,Mobile,139.38,986.4,0,37.9,2,159.03,542,DEV-5BE41,0
TRX-56892,43.6,Eletronicos,Cartao_Credito,Mobile,532.87,857.8,1,79.8,7,-109.53,683,DEV-B8B55,0
TRX-56893,41.2,Beleza,Cartao_Credito,Mobile,71.77,63.7,0,333.5,4,-31.71,757,DEV-C70E9,0
TRX-56894,40.8,Beleza,Cartao_Credito,Mobile,516.46,1381.6,0,69.6,1,76.4,210,DEV-B76B2,0
TRX-56895,41.6,Beleza,Pix,Mobile,3336.68,431.6,0,142.4,5,-229.09,704,DEV-64D38,1
TRX-56896,29.9,Beleza,Cartao_Credito,Mobile,352.96,624.6,1,104.9,2,-88.09,737,DEV-33659,1
TRX-56897,46.8,eletronicos,Pix,Desktop,264.86,1171.2,0,11.6,4,30.86,605,DEV-9E870,0
TRX-56898,22.6,Beleza,Cartao_Credito,Desktop,168.84,673.7,0,328.5,2,-7.59,506,DEV-1BE3B,1
TRX-56899,14.9,Vestuario,Pix,SmartTV,1056.96,1589.4,1,467.6,6,-249.62,591,DEV-4CA57,0
TRX-56900,49.4,eletronicos,Cartao_Credito,Mobile,416.47,1798.5,1,70.6,4,145.31,236,DEV-ECF21,0
TRX-56901,38.9,eletronicos,Pix,Desktop,1053.6,484.3,1,82.7,7,-247.62,430,DEV-D7C53,0
TRX-56902,29.0,Eletronicos,Cartao_Credito,Mobile,1629.62,726.0,1,69.0,1,-100.41,398,DEV-66D41,1
TRX-56903,39.6,Games,Cartao_Credito,Desktop,1323.76,1714.1,0,372.7,5,48.55,799,DEV-4813B,0
TRX-56904,36.1,Beleza,Cartao_Credito,Desktop,1265.39,1564.1,1,191.3,1,-1.94,966,DEV-E1AD8,1
TRX-56905,29.5,Vestuario,Pix,Tablet,178.89,1675.2,0,315.0,2,34.51,338,DEV-7ADCB,0
TRX-56906,35.5,Eletronicos,Boleto,Tablet,529.94,219.3,1,164.9,6,11.64,203,DEV-C8BE7,0
TRX-56907,33.5,Eletronicos,Boleto,Mobile,620.57,1194.9,0,78.9,4,-157.8,983,DEV-67902,0
TRX-56908,47.1,Eletronicos,Boleto,Mobile,137.9,838.7,1,40.3,2,-106.28,329,DEV-93A1B,0
TRX-56909,41.1, ELETRONICOS ,Cartao_Credito,Mobile,912.07,1334.6,0,69.9,4,93.29,744,DEV-EF671,0
TRX-56910,43.8,Eletronicos,Cartao_Credito,Mobile,55.66,1598.3,0,245.5,2,-55.5,410,DEV-4350D,0
TRX-56911,39.1,Eletronicos,Cartao_Credito,SmartTV,880.23,660.8,2,146.9,2,84.53,111,DEV-84FF8,1
TRX-56912,, ELETRONICOS ,Boleto,Mobile,224.06,230.7,0,57.7,2,50.72,539,DEV-4D027,0
TRX-56913,19.1, ELETRONICOS ,Cartao_Credito,Mobile,122.57,158.9,2,177.2,2,174.18,544,DEV-BF615,1
TRX-56914,16.1, ELETRONICOS ,Cartao_Credito,Mobile,153.82,868.9,0,72.7,4,-19.58,926,DEV-DB1A5,0
TRX-56915,,Vestuario,Boleto,Tablet,384.95,243.6,1,110.7,4,-22.34,741,DEV-32266,0
TRX-56916,30.3,Vestuario,Cartao_Credito,Mobile,413.27,169.7,1,56.6,4,-331.77,300,DEV-3C68F,1
TRX-56917,27.6,Eletronicos,Cartao_Credito,Mobile,437.2,8.1,0,2.1,3,-201.12,779,DEV-32EE0,0
TRX-56918,19.1,eletronicos,Cartao_Credito,Tablet,432.38,1630.5,0,50.3,5,60.39,961,DEV-47195,0
TRX-56919,32.9,Beleza,Cartao_Credito,SmartTV,757.88,420.4,0,281.0,6,-101.5,960,DEV-1F89A,0
TRX-56920,18.6,Beleza,Pix,Mobile,123.69,10.9,0,17.0,2,7.05,147,DEV-422FE,0
TRX-56921,40.6,Eletronicos,Cartao_Credito,Mobile,329.18,557.5,0,73.5,5,193.85,812,DEV-E6478,0
TRX-56922,22.0,Vestuario,Boleto,Mobile,272.32,1315.4,1,209.5,7,33.61,493,DEV-A979E,0
TRX-56923,41.7,eletronicos,Cartao_Credito,Desktop,97.03,477.7,0,221.8,5,-49.07,965,DEV-4F343,0
TRX-56924,46.7,eletronicos,Cartao_Credito,Mobile,1899.26,1581.5,0,120.4,3,84.62,471,DEV-2D4C8,0
TRX-56925,42.0, ELETRONICOS ,Cartao_Credito,Mobile,101.28,665.5,1,201.3,6,142.99,688,DEV-51851,0
TRX-56926,54.0,Games,Cartao_Credito,Mobile,2920.64,1235.4,1,26.9,4,239.45,120,DEV-5060E,1
TRX-56927,35.9,Beleza,Cartao_Credito,Mobile,213.45,45.6,1,282.1,2,137.11,921,DEV-C31DD,1
TRX-56928,33.2, ELETRONICOS ,Pix,Mobile,317.65,1568.2,1,86.4,4,6.44,948,DEV-E7067,0
TRX-56929,53.9,eletronicos,Cartao_Credito,SmartTV,1736.26,1547.0,0,48.1,1,119.37,541,DEV-3754A,0
TRX-56930,21.0,Beleza,Cartao_Credito,Mobile,723.44,1431.6,1,58.7,2,66.81,188,DEV-86110,0
TRX-56931,27.8,Vestuario,Cartao_Credito,Tablet,494.49,1403.7,1,65.1,8,151.06,567,DEV-8EC97,0
TRX-56932,29.5,Beleza,Pix,Mobile,694.72,603.7,0,12.5,6,4.5,684,DEV-ECBC4,0
TRX-56933,31.5,Beleza,Cartao_Credito,Mobile,74.65,1097.9,2,53.6,4,6.37,478,DEV-E8000,0
TRX-56934,43.1,Vestuario,Cartao_Credito,Mobile,64.19,1377.9,0,10.6,3,28.12,588,DEV-4CE56,0
TRX-56935,27.9,Vestuario,Cartao_Credito,Desktop,1845.15,435.3,0,24.2,4,-202.37,870,DEV-B2AA7,0
TRX-56936,38.4, ELETRONICOS ,Pix,SmartTV,605.53,539.1,0,17.2,2,164.21,842,DEV-D8F0C,0
TRX-56937,30.7,Eletronicos,Cartao_Credito,Mobile,969.47,226.8,0,175.7,1,-267.42,376,DEV-B9270,1
TRX-56938,43.1,eletronicos,Cartao_Credito,Mobile,1608.66,408.1,1,155.5,3,-128.46,415,DEV-9D6BB,1
TRX-56939,31.3,Games,Pix,Tablet,1091.38,1542.1,0,27.2,0,-108.39,461,DEV-6C1B1,0
TRX-56940,27.8, ELETRONICOS ,Pix,Mobile,189.89,399.7,1,12.2,4,222.26,174,DEV-A6108,0
TRX-56941,42.4,Beleza,Voucher,Desktop,41.49,624.6,1,70.4,5,31.33,670,DEV-7A241,0
TRX-56942,39.8,Vestuario,Voucher,Mobile,,317.3,0,31.3,1,-19.28,781,DEV-D29A6,0
TRX-56943,52.7,Beleza,Cartao_Credito,Mobile,132.95,1757.9,1,104.3,3,-93.52,398,DEV-E7DE8,0
TRX-56944,31.2,eletronicos,Cartao_Credito,Mobile,217.87,903.3,0,25.5,7,31.61,235,DEV-94AEA,0
TRX-56945,38.2,Vestuario,Cartao_Credito,Mobile,1719.05,919.2,0,266.1,8,146.9,259,DEV-A57A0,0
TRX-56946,19.6,Eletronicos,Cartao_Credito,Mobile,56.23,1476.2,0,42.1,7,192.97,492,DEV-6E783,0
TRX-56947,37.7, ELETRONICOS ,Boleto,Mobile,587.41,499.3,0,271.0,3,-100.39,318,DEV-3EB30,0
TRX-56948,35.5,Eletronicos,Cartao_Credito,Mobile,1563.85,1491.4,1,219.8,3,-192.01,717,DEV-EE192,1
TRX-56949,44.7, ELETRONICOS ,Pix,Desktop,878.43,328.9,1,193.3,4,-80.61,757,DEV-3800F,0
TRX-56950,36.4,Eletronicos,Cartao_Credito,Mobile,198.7,536.5,0,127.7,6,161.53,909,DEV-B22D7,0
TRX-56951,36.8,Eletronicos,Boleto,Desktop,223.91,1332.6,1,296.2,4,59.5,473,DEV-33F50,0
TRX-56952,34.9,Beleza,Cartao_Credito,Mobile,171.49,1108.8,3,62.5,0,-33.87,686,DEV-81B69,0
TRX-56953,39.2,Beleza,Boleto,Desktop,244.19,1616.5,1,305.8,4,-42.68,787,DEV-488B0,0
TRX-56954,24.1,Eletronicos,Pix,Mobile,388.83,972.5,0,42.2,3,56.38,568,DEV-466F1,1
TRX-56955,31.9,Eletronicos,Pix,Desktop,1963.75,85.0,0,71.3,4,27.78,466,DEV-8D3BD,1
TRX-56956,25.9,Games,Pix,Mobile,407.08,1401.6,1,4.3,3,81.95,836,DEV-426EB,0
TRX-56957,44.7,Vestuario,Pix,Mobile,61.45,1499.6,2,217.6,6,-143.67,335,DEV-7CAA0,0
TRX-56958,30.6,Games,Cartao_Credito,Desktop,74.75,902.8,0,41.5,3,-83.96,752,DEV-A2E6A,0
TRX-56959,21.2,Eletronicos,Boleto,Mobile,1818.87,1612.7,2,312.9,2,-169.47,353,DEV-E3B80,1
TRX-56960,45.1,Eletronicos,Pix,Mobile,317.3,145.4,1,141.5,1,110.62,358,DEV-265B3,1
TRX-56961,30.7,Vestuario,Cartao_Credito,Desktop,678.41,1481.2,0,46.6,1,-62.99,906,DEV-EE8E0,0
TRX-56962,18.3,Eletronicos,Boleto,Desktop,120.45,581.6,1,642.8,3,18.25,410,DEV-6BEA9,1
TRX-56963,43.9,Beleza,Cartao_Credito,Mobile,284.25,862.4,2,71.7,3,84.26,937,DEV-A9B1C,0
TRX-56964,39.5,Beleza,Boleto,Desktop,,287.7,0,318.6,3,-145.33,345,DEV-95F98,0
TRX-56965,31.5,Eletronicos,Voucher,Mobile,256.24,1029.4,2,104.5,3,73.69,142,DEV-77E53,0
TRX-56966,28.0,Beleza,Voucher,Desktop,84.23,1616.4,1,155.7,2,-35.53,572,DEV-A854F,0
TRX-56967,31.4,Beleza,Pix,Desktop,211.09,814.6,0,75.7,3,171.68,153,DEV-58067,0
TRX-56968,47.2,Vestuario,Pix,Tablet,306.57,262.3,1,162.2,2,-37.48,268,DEV-3663E,0
TRX-56969,38.6, ELETRONICOS ,Boleto,Mobile,1035.14,143.2,1,80.0,1,80.24,174,DEV-5E344,1
TRX-56970,32.2,Beleza,Cartao_Credito,Desktop,24.94,167.9,1,306.7,4,-35.59,307,DEV-F17F3,1
TRX-56971,38.2,Vestuario,Voucher,Desktop,2198.14,1604.1,0,97.9,0,-128.05,129,DEV-4E4DE,1
TRX-56972,48.8,Eletronicos,Cartao_Credito,Mobile,115.09,1224.3,1,127.5,4,-114.42,248,DEV-1B13A,0
TRX-56973,28.6,eletronicos,Cartao_Credito,Mobile,557.02,1084.8,2,228.4,4,-77.82,784,DEV-40C3D,1
TRX-56974,33.9,Beleza,Cartao_Credito,Mobile,1768.63,1359.6,0,88.5,4,-94.06,155,DEV-89DA4,1
TRX-56975,26.2,Vestuario,Pix,Desktop,421.45,10.2,2,15.7,6,36.93,803,DEV-D9382,0
TRX-56976,19.4, ELETRONICOS ,Cartao_Credito,Mobile,1937.45,835.5,1,2.7,1,373.07,346,DEV-C82BB,1
TRX-56977,39.6,Beleza,Cartao_Credito,Mobile,314.37,1472.5,1,6.9,1,-145.45,979,DEV-3687B,0
TRX-56978,35.9,Beleza,Cartao_Credito,Desktop,274.28,1084.7,0,54.6,4,-189.92,280,DEV-1E357,0
TRX-56979,41.6,Eletronicos,Cartao_Credito,Mobile,286.96,408.3,0,50.3,4,-97.87,408,DEV-B9718,0
TRX-56980,37.1,Eletronicos,Cartao_Credito,Desktop,853.3,749.0,2,318.6,4,63.01,906,DEV-C236B,1
TRX-56981,45.6, ELETRONICOS ,Cartao_Credito,Desktop,,707.6,0,29.9,4,-113.71,177,DEV-98762,0
TRX-56982,34.9,Games,Boleto,Mobile,709.61,1659.4,1,212.8,4,161.46,832,DEV-1F69F,0
TRX-56983,43.2, ELETRONICOS ,Cartao_Credito,Desktop,,1412.6,1,20.9,4,137.13,389,DEV-55F8E,0
TRX-56984,47.8,Eletronicos,Cartao_Credito,Desktop,,1231.1,1,181.6,5,65.78,872,DEV-3ACCF,0
TRX-56985,41.1,Vestuario,Cartao_Credito,Mobile,613.43,958.7,0,4.5,2,-303.52,432,DEV-1EAA1,0
TRX-56986,36.8,Vestuario,Pix,Tablet,63.18,409.1,0,150.3,3,55.45,979,DEV-870EC,0
TRX-56987,34.7,Vestuario,Cartao_Credito,Mobile,21.72,1455.5,1,1.9,1,52.89,729,DEV-EB445,0
TRX-56988,38.5,Games,Cartao_Credito,Desktop,84.42,551.2,4,99.6,4,-107.37,393,DEV-67444,1
TRX-56989,48.9,eletronicos,Pix,Desktop,,84.4,1,555.9,3,75.22,697,DEV-E8E42,1
TRX-56990,34.9,Eletronicos,Boleto,Mobile,195.74,133.8,0,415.1,3,-26.01,175,DEV-DA80E,1
TRX-56991,44.3,Eletronicos,Pix,Mobile,205.68,951.6,0,15.6,2,-100.12,869,DEV-7B1AC,0
TRX-56992,42.7,Eletronicos,Cartao_Credito,Mobile,712.6,351.9,1,264.1,6,139.27,274,DEV-7A769,0
TRX-56993,45.0,eletronicos,Voucher,Mobile,71.93,8.9,2,322.4,9,-114.15,975,DEV-AB5D9,1
TRX-56994,46.3, ELETRONICOS ,Boleto,Tablet,461.92,1499.7,0,453.3,3,-33.04,519,DEV-72571,0
TRX-56995,36.2,Beleza,Cartao_Credito,Mobile,298.09,859.6,0,180.8,7,114.18,840,DEV-B947E,0
TRX-56996,41.0,Games,Cartao_Credito,Desktop,761.78,1788.1,0,232.1,1,-76.34,319,DEV-AF610,0
TRX-56997,19.8,Vestuario,Boleto,Mobile,292.93,1573.0,0,125.8,4,-4.41,884,DEV-4D6CE,0
TRX-56998,42.0,Vestuario,Cartao_Credito,Desktop,565.72,299.9,1,1.4,4,-239.93,880,DEV-3867C,0
TRX-56999,32.1,Vestuario,Pix,Mobile,2277.61,613.4,2,15.7,3,-230.7,179,DEV-BE991,1
TRX-57000,45.9, ELETRONICOS ,Boleto,Desktop,3452.17,1079.0,1,192.6,2,201.49,550,DEV-B4ECA,1
TRX-57001,42.5,Beleza,Pix,Desktop,203.56,863.5,1,101.1,3,85.95,318,DEV-A04EF,0
TRX-57002,36.7,Beleza,Cartao_Credito,Mobile,199.36,1714.9,0,244.5,6,-79.22,885,DEV-931AF,0
TRX-57003,45.6,Vestuario,Cartao_Credito,Mobile,476.57,506.4,0,79.1,2,-112.84,478,DEV-6BF75,0
TRX-57004,36.7,Eletronicos,Pix,Desktop,67.07,791.2,1,115.6,5,-221.57,445,DEV-6179F,0
TRX-57005,39.1,eletronicos,Cartao_Credito,Mobile,,584.0,0,112.6,4,-43.69,831,DEV-9A741,1
TRX-57006,31.1, ELETRONICOS ,Pix,Desktop,203.28,187.3,1,93.5,2,-260.28,367,DEV-3A6F6,0
TRX-57007,37.7, ELETRONICOS ,Cartao_Credito,Mobile,836.83,1746.6,1,364.0,2,-28.15,700,DEV-E330D,0
TRX-57008,40.5,Vestuario,Pix,Mobile,,631.0,0,170.5,4,-146.99,667,DEV-E0985,0
TRX-57009,28.5,Eletronicos,Cartao_Credito,Tablet,,853.0,1,558.1,3,-35.3,903,DEV-CA57A,0
TRX-57010,39.9, ELETRONICOS ,Cartao_Credito,Mobile,323.17,44.9,0,12.9,2,-50.2,667,DEV-33944,0
TRX-57011,36.8,Vestuario,Boleto,Desktop,460.28,1098.6,0,144.1,5,-197.68,915,DEV-75542,1
TRX-57012,47.3,Beleza,Cartao_Credito,Desktop,941.07,311.8,1,262.5,4,85.19,455,DEV-D828A,0
TRX-57013,31.5, ELETRONICOS ,Boleto,Mobile,1120.7,58.5,0,213.6,3,-60.72,906,DEV-4CF04,0
TRX-57014,28.0,Eletronicos,Cartao_Credito,Mobile,1094.61,1675.8,0,126.6,1,-81.02,494,DEV-8A4B9,0
TRX-57015,41.9,Vestuario,Pix,Mobile,870.23,1181.5,0,96.4,3,50.15,835,DEV-4AB81,0
TRX-57016,31.4,Eletronicos,Cartao_Credito,Desktop,313.8,1548.3,2,102.7,2,8.36,228,DEV-1C514,1
TRX-57017,31.5,Vestuario,Cartao_Credito,Mobile,1181.28,1247.7,1,170.9,2,-20.48,458,DEV-258A9,0
TRX-57018,26.2,eletronicos,Cartao_Credito,Mobile,871.16,325.5,0,83.1,2,-126.85,914,DEV-8E10F,0
TRX-57019,32.6,Eletronicos,Cartao_Credito,SmartTV,262.46,849.5,1,4.4,1,169.28,711,DEV-35AE8,0
TRX-57020,,eletronicos,Boleto,Mobile,372.44,765.8,0,192.1,3,-115.1,579,DEV-6D88B,0
TRX-57021,44.4,eletronicos,Boleto,Mobile,181.68,1417.3,1,150.4,7,-132.43,585,DEV-C7FA2,1
TRX-57022,,eletronicos,Boleto,Desktop,38.01,363.2,1,109.1,0,-59.05,532,DEV-BAF94,0
TRX-57023,51.9,Vestuario,Cartao_Credito,Desktop,92.45,556.9,1,15.7,2,-24.82,841,DEV-76D19,0
TRX-57024,42.4,eletronicos,Pix,Mobile,106.14,1133.3,0,74.4,0,-37.26,413,DEV-A63E0,0
TRX-57025,48.9,Eletronicos,Pix,Mobile,315.29,543.7,2,110.5,5,-119.22,945,DEV-C9D5D,0
TRX-57026,,Eletronicos,Cartao_Credito,Mobile,124.59,1645.7,2,148.0,1,-13.98,183,DEV-BA58B,0
TRX-57027,34.6,eletronicos,Boleto,Mobile,850.41,1337.1,0,72.0,1,-111.41,632,DEV-DCC07,1
TRX-57028,6.9,Eletronicos,Cartao_Credito,Mobile,846.01,553.7,1,0.6,5,-82.1,937,DEV-4E9D4,0
TRX-57029,37.5,Vestuario,Cartao_Credito,Desktop,204.18,1522.8,1,29.6,2,100.72,861,DEV-E80D6,0
TRX-57030,17.3,Vestuario,Cartao_Credito,Mobile,243.0,692.9,2,178.0,2,-44.51,550,DEV-366F1,1
TRX-57031,50.4, ELETRONICOS ,Pix,Tablet,274.8,1079.4,1,442.2,3,25.49,475,DEV-5C971,1
TRX-57032,19.5,Games,Pix,Mobile,298.74,470.6,0,75.8,2,-72.17,809,DEV-1BF70,0
TRX-57033,50.2,Eletronicos,Cartao_Credito,Mobile,252.26,498.5,0,14.8,6,124.66,445,DEV-27195,0
TRX-57034,18.4,Eletronicos,Cartao_Credito,Desktop,39.09,1254.5,0,82.9,4,81.02,514,DEV-F1AEB,0
TRX-57035,40.5,Vestuario,Pix,Mobile,229.94,1682.1,2,272.4,2,270.27,546,DEV-92B23,0
TRX-57036,48.3,Eletronicos,Cartao_Credito,Desktop,63.61,183.3,2,231.7,6,-14.74,834,DEV-9F41C,1
TRX-57037,36.3,Vestuario,Cartao_Credito,Mobile,860.79,182.4,0,69.7,4,-21.3,806,DEV-63325,0
TRX-57038,37.2,Eletronicos,Cartao_Credito,Mobile,685.32,1391.4,1,0.3,4,-31.13,572,DEV-B3175,0
TRX-57039,26.8,Eletronicos,Cartao_Credito,Mobile,411.4,1644.1,2,60.8,4,-21.76,238,DEV-D529B,0
TRX-57040,39.4,Eletronicos,Cartao_Credito,SmartTV,227.54,859.2,0,216.7,4,-9.23,884,DEV-2F33B,0
TRX-57041,39.1,Vestuario,Boleto,Mobile,896.63,641.9,0,305.5,1,-28.22,210,DEV-F0CED,1
TRX-57042,44.8,Beleza,Cartao_Credito,Mobile,200.59,79.3,0,87.2,2,-169.41,929,DEV-D5B8F,0
TRX-57043,56.6,Beleza,Boleto,Mobile,70.94,616.7,3,4.1,2,-269.31,727,DEV-EA8DD,0
TRX-57044,30.5,Beleza,Cartao_Credito,Mobile,89.84,898.3,1,120.8,6,-66.97,274,DEV-335F2,0
TRX-57045,36.3,Vestuario,Boleto,Desktop,172.13,1107.4,0,15.1,2,245.63,710,DEV-48DDC,0
TRX-57046,49.1,Eletronicos,Cartao_Credito,Mobile,39.52,409.3,0,193.1,4,-101.61,198,DEV-517C9,0
TRX-57047,20.2, ELETRONICOS ,Pix,Mobile,1087.27,1074.5,0,147.3,1,-3.22,702,DEV-A641C,1
TRX-57048,26.4,Beleza,Cartao_Credito,Desktop,440.96,165.8,0,24.5,4,84.52,491,DEV-513E3,0
TRX-57049,29.4,Games,Cartao_Credito,Mobile,79.23,1162.7,0,244.3,2,94.51,362,DEV-B9B82,0
TRX-57050,41.0,Games,Boleto,Mobile,823.08,851.2,1,57.9,1,105.07,924,DEV-CFE27,0
TRX-57051,46.5,Vestuario,Cartao_Credito,Mobile,2420.33,1071.7,2,240.1,4,169.29,443,DEV-88AC9,1
TRX-57052,38.3,Games,Pix,Mobile,251.94,1428.1,1,422.1,2,-102.09,821,DEV-56FBA,0
TRX-57053,39.5,Beleza,Cartao_Credito,Mobile,1523.95,650.9,0,107.8,2,0.8,677,DEV-DA208,1
TRX-57054,37.0,Beleza,Boleto,Desktop,1095.82,1153.1,3,4.5,7,148.07,107,DEV-DAFAB,1
TRX-57055,28.3,Vestuario,Cartao_Credito,Desktop,430.3,751.4,1,86.2,1,102.59,794,DEV-ED506,1
TRX-57056,57.1,Beleza,Voucher,Desktop,54.14,1300.1,0,107.9,4,-233.03,395,DEV-3093B,0
TRX-57057,,Games,Pix,Desktop,116.78,1481.4,1,44.7,3,147.72,278,DEV-DBE1C,0
TRX-57058,34.8,Beleza,Boleto,Mobile,1053.37,757.7,1,59.7,4,45.02,765,DEV-B4D85,0
TRX-57059,32.8,Vestuario,Cartao_Credito,Mobile,1169.75,911.1,0,46.8,2,26.75,382,DEV-3E475,0
TRX-57060,35.0, ELETRONICOS ,Voucher,Desktop,22.11,24.0,0,100.9,1,44.74,754,DEV-CF8BD,0
TRX-57061,24.3, ELETRONICOS ,Cartao_Credito,Mobile,266.05,1388.9,1,22.8,5,-290.72,841,DEV-5CA37,0
TRX-57062,38.8,Vestuario,Cartao_Credito,Mobile,332.65,835.7,0,37.7,2,253.6,135,DEV-89D80,0
TRX-57063,44.7,Beleza,Cartao_Credito,Mobile,623.09,1672.8,1,121.1,1,-138.12,715,DEV-A822A,1
TRX-57064,42.4, ELETRONICOS ,Pix,Desktop,,1408.6,0,876.7,5,-8.54,620,DEV-D242F,0
TRX-57065,22.8,Vestuario,Cartao_Credito,Mobile,191.5,163.2,0,337.5,10,0.22,824,DEV-86B96,1
TRX-57066,43.5,Vestuario,Cartao_Credito,Mobile,4146.18,1074.7,1,84.7,2,-104.82,930,DEV-3320A,1
TRX-57067,60.9,Vestuario,Cartao_Credito,Desktop,943.54,290.7,0,3.0,6,-66.6,546,DEV-C8858,0
TRX-57068,30.5, ELETRONICOS ,Cartao_Credito,Desktop,1055.97,684.3,0,148.8,4,-159.44,361,DEV-586C5,1
TRX-57069,19.8,eletronicos,Boleto,Desktop,1661.0,525.1,0,114.0,3,156.66,574,DEV-3898E,0
TRX-57070,21.6,eletronicos,Pix,Mobile,2068.58,371.4,1,88.6,1,91.39,704,DEV-27C00,1
TRX-57071,31.5,Beleza,Boleto,Desktop,540.17,1009.5,1,111.2,2,137.16,104,DEV-7C8AC,0
TRX-57072,45.5,Beleza,Cartao_Credito,Mobile,,573.9,1,116.2,2,-60.99,510,DEV-47353,0
TRX-57073,42.1,eletronicos,Cartao_Credito,Mobile,1551.97,1178.6,0,129.6,4,-336.22,708,DEV-91FBF,0
TRX-57074,40.0,eletronicos,Cartao_Credito,Mobile,214.18,1681.4,1,6.0,1,-280.19,904,DEV-D5AE2,0
TRX-57075,,eletronicos,Cartao_Credito,Desktop,877.19,1346.8,1,81.2,5,1.47,110,DEV-8F534,0
TRX-57076,40.5,Beleza,Boleto,SmartTV,,463.0,2,126.5,2,-172.48,840,DEV-92645,0
TRX-57077,39.9, ELETRONICOS ,Cartao_Credito,Mobile,1171.55,283.5,2,105.4,3,181.92,687,DEV-332FE,1
TRX-57078,35.6, ELETRONICOS ,Pix,Mobile,484.22,1252.5,1,195.0,0,-16.2,525,DEV-94A13,1
TRX-57079,46.2,Vestuario,Pix,Mobile,337.26,1675.6,0,740.6,2,162.15,471,DEV-9518F,0
TRX-57080,41.1,Games,Cartao_Credito,Desktop,56.04,1455.5,2,43.5,4,139.71,453,DEV-7B4F0,0
TRX-57081,33.6,Vestuario,Boleto,Mobile,2791.22,655.8,0,126.3,4,56.92,792,DEV-2B5FD,1
TRX-57082,26.0,Beleza,Cartao_Credito,Mobile,794.61,1559.6,1,323.0,3,-149.51,824,DEV-440FC,1
TRX-57083,33.1, ELETRONICOS ,Pix,Mobile,,651.7,2,152.5,3,-143.34,721,DEV-ACD6B,1
TRX-57084,36.5,Vestuario,Boleto,Mobile,579.61,1575.8,1,186.6,1,-94.01,988,DEV-78FD7,0
TRX-57085,26.9, ELETRONICOS ,Boleto,Desktop,259.37,1778.8,1,1.8,2,-108.42,232,DEV-C3C29,0
TRX-57086,33.2,Eletronicos,Pix,Mobile,504.49,335.1,0,190.6,1,-5.44,119,DEV-A8ACD,0
TRX-57087,27.6,Eletronicos,Cartao_Credito,Mobile,153.64,448.2,0,217.3,2,-288.9,502,DEV-E761F,0
TRX-57088,26.7,Vestuario,Cartao_Credito,Mobile,832.61,1192.9,0,18.5,5,190.95,187,DEV-B2BA3,0
TRX-57089,20.3, ELETRONICOS ,Voucher,Mobile,863.42,1762.4,0,3.4,4,173.82,120,DEV-69F1F,0
TRX-57090,36.9,Vestuario,Cartao_Credito,Mobile,302.01,1272.7,1,95.4,3,93.44,255,DEV-E8676,0
TRX-57091,52.8,Eletronicos,Cartao_Credito,Mobile,1099.89,73.2,0,36.5,3,95.28,877,DEV-A6F00,0
TRX-57092,26.2,Eletronicos,Cartao_Credito,Mobile,807.9,481.8,0,274.3,3,79.8,162,DEV-75B39,0
TRX-57093,29.6,Vestuario,Pix,Mobile,245.31,1411.3,1,76.2,3,125.96,843,DEV-C6E96,0
TRX-57094,41.4,eletronicos,Cartao_Credito,Mobile,30.81,556.5,1,259.9,3,-127.71,579,DEV-71EEA,0
TRX-57095,,Vestuario,Pix,Mobile,1670.21,1036.8,0,100.6,5,120.09,961,DEV-3C6CF,0
TRX-57096,42.4,eletronicos,Boleto,Desktop,1034.79,373.7,0,20.9,2,5.8,369,DEV-9B95F,0
TRX-57097,39.0,Eletronicos,Cartao_Credito,Mobile,47.9,161.1,0,190.6,4,108.58,263,DEV-EA799,0
TRX-57098,57.4,Vestuario,Boleto,Mobile,144.1,823.2,0,324.4,7,31.9,305,DEV-1CD9F,0
TRX-57099,41.1,Games,Cartao_Credito,Mobile,587.21,200.0,1,37.6,3,-3.76,941,DEV-9E05E,0
TRX-57100,29.1,Vestuario,Cartao_Credito,Tablet,,1204.1,0,291.2,2,44.83,302,DEV-D1523,0
TRX-57101,,Vestuario,Boleto,Desktop,101.53,859.6,1,442.8,4,-114.75,941,DEV-490D6,1
TRX-57102,33.8,Vestuario,Boleto,Mobile,885.35,1048.2,0,71.5,3,-99.84,886,DEV-AE496,0
TRX-57103,,Eletronicos,Voucher,Mobile,3931.6,1141.9,1,560.8,2,84.21,719,DEV-298F7,1
TRX-57104,30.2,Games,Cartao_Credito,Desktop,1274.35,1328.0,0,269.0,5,-55.68,879,DEV-9621B,0
TRX-57105,32.0,Games,Pix,Mobile,672.61,251.1,0,37.1,4,152.02,299,DEV-7EBD0,0
TRX-57106,43.5,Vestuario,Cartao_Credito,Mobile,452.93,1517.3,0,357.9,5,-28.96,955,DEV-679DB,0
TRX-57107,24.0,Beleza,Cartao_Credito,Desktop,485.31,1527.8,1,919.3,4,-134.41,329,DEV-2B07B,1
TRX-57108,33.3,Beleza,Pix,Desktop,398.39,481.4,0,16.0,5,-109.98,516,DEV-27D82,0
TRX-57109,32.5,Games,Cartao_Credito,Mobile,1206.0,1789.4,1,237.0,2,84.45,789,DEV-3B431,0
TRX-57110,34.9, ELETRONICOS ,Cartao_Credito,Desktop,784.95,464.3,0,359.6,4,103.17,743,DEV-6F503,0
TRX-57111,30.5,Beleza,Boleto,Desktop,1437.74,408.1,0,144.2,2,-99.15,829,DEV-25276,1
TRX-57112,39.4,Eletronicos,Boleto,Desktop,273.85,775.8,1,82.9,6,-15.18,317,DEV-541B6,0
TRX-57113,25.4, ELETRONICOS ,Cartao_Credito,Mobile,1074.32,440.9,0,45.5,3,-179.53,533,DEV-D6024,0
TRX-57114,21.7, ELETRONICOS ,Boleto,Desktop,,344.9,0,210.6,2,262.17,931,DEV-E26DC,0
TRX-57115,41.5,Vestuario,Cartao_Credito,Mobile,1980.12,458.6,0,0.8,2,48.13,937,DEV-B8956,0
TRX-57116,59.1,Beleza,Pix,Desktop,287.38,322.7,1,495.5,5,22.88,693,DEV-E97D2,0
TRX-57117,34.5,Eletronicos,Cartao_Credito,Mobile,232.13,481.3,2,296.7,2,217.68,756,DEV-4CBC7,1
TRX-57118,20.6,Beleza,Cartao_Credito,Mobile,434.82,918.3,0,800.8,3,-77.0,577,DEV-6FEE0,1
TRX-57119,37.6, ELETRONICOS ,Voucher,Mobile,50.11,519.0,0,168.8,1,135.14,716,DEV-72244,0
TRX-57120,32.8,Eletronicos,Cartao_Credito,Mobile,895.21,676.7,0,274.9,4,-76.74,601,DEV-21929,0
TRX-57121,41.0,Eletronicos,Cartao_Credito,Mobile,966.41,1423.2,0,75.2,7,-196.95,390,DEV-23A4E,0
TRX-57122,51.3,eletronicos,Voucher,Desktop,79.0,395.9,2,46.0,1,28.69,128,DEV-4DB3C,1
TRX-57123,32.8,Games,Cartao_Credito,Desktop,1221.04,1400.3,1,27.2,0,-47.61,964,DEV-1A9AE,0
TRX-57124,19.6,Vestuario,Boleto,SmartTV,1732.45,1573.0,0,385.8,4,103.38,617,DEV-6905E,1
TRX-57125,31.3,eletronicos,Cartao_Credito,Desktop,943.61,1423.9,0,100.6,0,137.41,482,DEV-A9FD0,0
TRX-57126,8.3, ELETRONICOS ,Cartao_Credito,Mobile,676.48,90.7,0,82.1,2,74.65,573,DEV-B2DE5,0
TRX-57127,25.0,Eletronicos,Cartao_Credito,Mobile,1142.99,495.2,1,7.1,6,172.05,786,DEV-CCE9D,0
TRX-57128,45.4, ELETRONICOS ,Voucher,Desktop,1933.7,1321.0,0,178.1,5,-32.56,208,DEV-6885E,1
TRX-57129,36.5,Vestuario,Boleto,Desktop,2117.22,72.4,1,102.4,2,-13.03,887,DEV-7FA03,1
TRX-57130,36.5, ELETRONICOS ,Cartao_Credito,Mobile,272.13,19.0,0,90.3,1,79.81,641,DEV-85231,0
TRX-57131,26.2,Eletronicos,Boleto,Mobile,31.16,1637.4,2,10.3,4,217.68,690,DEV-D830A,0
TRX-57132,37.5,Eletronicos,Boleto,Desktop,344.84,6.8,0,8.9,8,14.66,967,DEV-CAC4F,0
TRX-57133,29.8,Eletronicos,Cartao_Credito,Mobile,2290.37,567.0,1,41.6,1,-186.38,866,DEV-3285D,1
TRX-57134,43.0, ELETRONICOS ,Voucher,Mobile,198.39,1180.5,0,78.2,6,58.68,773,DEV-6FF51,0
TRX-57135,37.5,Beleza,Cartao_Credito,Desktop,1168.99,1591.0,1,4.9,2,-82.08,178,DEV-673EB,0
TRX-57136,31.8,Eletronicos,Cartao_Credito,Desktop,583.08,300.2,2,87.7,4,159.89,760,DEV-C6289,0
TRX-57137,41.1,Eletronicos,Cartao_Credito,Mobile,853.8,1135.8,0,97.4,7,-101.92,591,DEV-339BD,0
TRX-57138,24.8, ELETRONICOS ,Cartao_Credito,Mobile,710.42,777.1,3,204.0,4,103.43,164,DEV-DCE79,0
TRX-57139,32.9,Vestuario,Pix,Mobile,747.24,1214.7,0,274.1,4,49.02,334,DEV-474A7,0
TRX-57140,43.5, ELETRONICOS ,Cartao_Credito,Mobile,205.89,1777.0,0,39.0,3,-123.55,115,DEV-C4F60,0
TRX-57141,, ELETRONICOS ,Cartao_Credito,Mobile,803.79,26.1,0,53.8,2,93.73,617,DEV-7D26F,0
TRX-57142,40.0, ELETRONICOS ,Cartao_Credito,Mobile,796.85,1135.6,0,340.0,5,47.9,628,DEV-328EF,1
TRX-57143,44.0,eletronicos,Cartao_Credito,Mobile,237.56,1282.2,0,208.8,6,-86.17,637,DEV-22E89,0
TRX-57144,44.1,Vestuario,Cartao_Credito,Desktop,1122.85,1184.0,1,64.9,5,2.71,126,DEV-74CEA,0
TRX-57145,15.7,Beleza,Cartao_Credito,Mobile,208.15,666.7,0,221.9,3,-138.23,385,DEV-E7A30,0
TRX-57146,26.5,eletronicos,Cartao_Credito,Mobile,877.77,1037.2,1,57.6,3,-104.28,634,DEV-C3E95,1
TRX-57147,31.8,eletronicos,Boleto,Mobile,440.98,864.3,1,34.3,3,122.06,829,DEV-39AFC,1
TRX-57148,44.9,Vestuario,Pix,Desktop,25.37,704.4,2,237.3,4,-115.12,465,DEV-5F089,1
TRX-57149,41.5,Eletronicos,Pix,Desktop,1216.78,928.0,1,306.1,1,-101.91,674,DEV-29191,1
TRX-57150,45.2,eletronicos,Cartao_Credito,Mobile,30.93,915.9,1,143.8,7,250.79,398,DEV-942E9,0
TRX-57151,51.4,Beleza,Cartao_Credito,Desktop,966.79,1349.2,1,8.3,6,149.81,778,DEV-B1654,0
TRX-57152,41.5,Eletronicos,Cartao_Credito,Desktop,681.21,1046.8,0,215.3,4,108.18,507,DEV-898DE,0
TRX-57153,26.1,Eletronicos,Boleto,Mobile,193.38,1488.7,0,15.5,6,-38.2,105,DEV-85F1D,0
TRX-57154,46.4, ELETRONICOS ,Cartao_Credito,Desktop,1822.55,1626.2,1,809.2,2,-125.63,272,DEV-6E023,1
TRX-57155,26.9,Eletronicos,Boleto,Desktop,183.47,982.4,0,79.6,5,9.12,634,DEV-8A67C,0
TRX-57156,36.5,Vestuario,Pix,Mobile,366.11,1795.9,0,103.7,4,-116.85,198,DEV-8D1E8,0
TRX-57157,50.9,eletronicos,Boleto,Mobile,170.34,34.2,0,467.9,5,-37.04,152,DEV-C9B7D,0
TRX-57158,29.7,Eletronicos,Cartao_Credito,Mobile,1699.99,436.5,1,122.2,3,54.77,703,DEV-B660E,0
TRX-57159,14.6,Beleza,Cartao_Credito,Mobile,1717.01,26.5,0,89.3,5,39.84,369,DEV-303C3,0
TRX-57160,36.5,eletronicos,Boleto,Desktop,251.67,1247.4,0,38.8,7,-132.81,921,DEV-C9494,0
TRX-57161,,eletronicos,Pix,Mobile,683.44,695.6,1,167.6,3,166.91,918,DEV-C72C8,1
TRX-57162,43.8,Vestuario,Boleto,Desktop,379.67,710.5,0,176.9,2,-19.65,264,DEV-1C112,0
TRX-57163,34.4,Beleza,Cartao_Credito,Desktop,925.87,1348.0,0,82.6,3,106.37,152,DEV-1A089,0
TRX-57164,18.4, ELETRONICOS ,Cartao_Credito,Desktop,806.09,794.0,0,50.1,7,47.62,493,DEV-19FF9,0
TRX-57165,29.4,eletronicos,Cartao_Credito,Desktop,196.52,1702.3,0,554.5,5,0.29,515,DEV-9B6E2,1
TRX-57166,32.3,Eletronicos,Cartao_Credito,Mobile,1391.03,991.7,0,296.7,1,149.43,171,DEV-C522F,1
TRX-57167,49.1,Eletronicos,Cartao_Credito,Mobile,265.66,298.2,0,55.7,6,-211.28,375,DEV-B6619,0
TRX-57168,21.3,Eletronicos,Cartao_Credito,Desktop,303.63,1352.3,1,7.0,4,116.55,930,DEV-78851,0
TRX-57169,39.4,Eletronicos,Boleto,Mobile,37.58,1592.5,0,77.6,6,-93.77,143,DEV-4261C,0
TRX-57170,46.2,Vestuario,Cartao_Credito,Mobile,2116.62,420.5,0,440.2,4,62.76,938,DEV-32069,1
TRX-57171,22.2, ELETRONICOS ,Cartao_Credito,Mobile,173.81,1707.2,1,133.1,3,129.5,742,DEV-B8290,0
TRX-57172,0.5, ELETRONICOS ,Cartao_Credito,Desktop,783.33,1435.5,1,55.2,9,-69.16,525,DEV-8FE82,0
TRX-57173,31.2,Beleza,Boleto,Desktop,259.72,1595.6,0,60.8,3,86.42,184,DEV-C1FEA,0
TRX-57174,26.8,Vestuario,Pix,Mobile,975.44,1061.4,2,83.5,7,5.43,863,DEV-52FC5,0
TRX-57175,36.1, ELETRONICOS ,Cartao_Credito,SmartTV,54.28,1107.5,0,248.6,5,-24.07,439,DEV-C12E9,0
TRX-57176,37.0, ELETRONICOS ,Boleto,Mobile,45.95,983.0,0,77.7,1,35.92,453,DEV-A16DF,0
TRX-57177,50.3, ELETRONICOS ,Pix,Mobile,1394.89,1712.0,2,189.2,1,194.66,718,DEV-EF417,1
TRX-57178,18.7,Eletronicos,Pix,SmartTV,734.02,1597.0,2,12.6,4,-129.96,994,DEV-CF7E0,0
TRX-57179,42.9, ELETRONICOS ,Cartao_Credito,Mobile,535.12,432.0,0,231.1,4,-51.86,249,DEV-52D3C,0
TRX-57180,33.7,Vestuario,Boleto,Desktop,1211.73,1299.4,0,27.8,1,-41.58,912,DEV-301D4,0
TRX-57181,38.1, ELETRONICOS ,Boleto,Mobile,904.08,173.2,0,18.0,7,-22.51,200,DEV-28176,0
TRX-57182,12.1,Eletronicos,Cartao_Credito,Desktop,199.93,22.6,1,68.9,1,-39.63,840,DEV-19964,0
TRX-57183,,Beleza,Cartao_Credito,Mobile,692.18,798.0,1,183.8,1,-7.66,547,DEV-89475,0
TRX-57184,15.5,Eletronicos,Pix,Mobile,34.31,581.4,1,140.6,6,10.97,602,DEV-D6F08,0
TRX-57185,16.0,Vestuario,Cartao_Credito,Desktop,719.62,1694.8,1,111.0,2,-208.45,114,DEV-957FA,0
TRX-57186,30.4,Eletronicos,Cartao_Credito,Mobile,1082.28,938.4,0,197.4,7,100.13,471,DEV-623DB,0
TRX-57187,42.4,Vestuario,Cartao_Credito,Mobile,386.51,17.5,1,98.9,6,133.58,429,DEV-52D32,0
TRX-57188,36.1,Eletronicos,Pix,Desktop,340.66,423.0,1,14.0,2,-74.98,217,DEV-A7B41,0
TRX-57189,40.7,eletronicos,Boleto,Mobile,337.2,559.7,0,271.1,3,23.46,273,DEV-84B19,0
TRX-57190,45.0,Beleza,Boleto,Desktop,30.16,39.6,2,98.0,4,-101.04,355,DEV-308BB,0
TRX-57191,49.9, ELETRONICOS ,Boleto,Desktop,190.17,1282.9,0,293.4,2,-71.95,117,DEV-3A090,0
TRX-57192,41.0,eletronicos,Boleto,SmartTV,52.22,1534.3,0,29.8,1,-150.78,891,DEV-70476,0
TRX-57193,36.0,Vestuario,Cartao_Credito,Desktop,718.47,337.8,0,11.9,7,12.9,977,DEV-8B226,0
TRX-57194,21.8,Beleza,Pix,Mobile,451.95,418.8,0,220.5,4,129.58,689,DEV-2A0C5,0
TRX-57195,34.6, ELETRONICOS ,Boleto,Desktop,344.86,1285.9,1,379.8,2,55.36,763,DEV-5E194,1
TRX-57196,35.2, ELETRONICOS ,Cartao_Credito,Desktop,1058.83,1728.2,1,55.2,1,-54.69,562,DEV-56870,0
TRX-57197,47.1,Vestuario,Voucher,Tablet,,929.3,1,382.7,5,112.51,503,DEV-D0A81,1
TRX-57198,,Eletronicos,Boleto,Mobile,851.6,32.0,2,413.2,7,59.28,288,DEV-AEE7C,1
TRX-57199,32.5,Beleza,Cartao_Credito,Mobile,72.87,1523.8,0,114.4,2,117.55,451,DEV-1E8DB,0
TRX-57200,26.8,Beleza,Cartao_Credito,Mobile,397.91,1660.2,0,378.7,4,18.15,441,DEV-B02D3,0
TRX-57201,49.6,Eletronicos,Pix,Mobile,313.54,1060.5,0,386.1,3,-110.03,206,DEV-5F5DD,0
TRX-57202,44.4,Vestuario,Cartao_Credito,Mobile,1400.45,1452.3,0,139.4,3,-105.42,843,DEV-A9BDA,0
TRX-57203,42.3,Beleza,Cartao_Credito,Mobile,621.09,47.0,1,398.8,3,149.47,130,DEV-B6433,1
TRX-57204,19.3,Vestuario,Boleto,Desktop,3899.95,634.6,0,10.5,2,9.64,606,DEV-26711,1
TRX-57205,21.0,Eletronicos,Cartao_Credito,Desktop,708.95,754.5,0,143.9,4,142.71,912,DEV-34618,0
TRX-57206,43.8,Eletronicos,Cartao_Credito,Mobile,74.24,1245.5,1,18.5,5,-58.08,464,DEV-7F6C7,0
TRX-57207,49.3,Eletronicos,Cartao_Credito,Mobile,877.37,1459.0,1,80.7,0,29.9,977,DEV-5D50B,0
TRX-57208,40.3,Eletronicos,Boleto,Mobile,,876.6,1,655.4,3,-83.02,657,DEV-D4E60,1
TRX-57209,22.8,Beleza,Pix,Desktop,235.61,1136.5,1,503.4,2,-131.74,114,DEV-A6D0B,1
TRX-57210,24.5,Vestuario,Cartao_Credito,Mobile,588.72,1776.3,1,58.2,4,56.35,535,DEV-45967,0
TRX-57211,20.7,Vestuario,Boleto,Mobile,718.2,484.2,0,214.5,1,109.04,214,DEV-C3085,1
TRX-57212,30.3,Eletronicos,Boleto,Desktop,1272.42,1544.0,3,33.6,2,16.18,184,DEV-CCA88,1
TRX-57213,45.7,eletronicos,Cartao_Credito,Mobile,198.5,169.8,0,3.4,5,-154.51,644,DEV-5971D,0
TRX-57214,40.0,Eletronicos,Boleto,SmartTV,508.94,120.7,1,202.3,2,-323.85,537,DEV-4474F,0
TRX-57215,28.3,Eletronicos,Boleto,Tablet,542.16,1545.9,2,71.1,6,92.76,651,DEV-55E45,0
TRX-57216,29.6,Eletronicos,Pix,Mobile,405.38,1162.3,0,70.1,0,-90.86,932,DEV-9E4FF,0
TRX-57217,50.0,Beleza,Cartao_Credito,Mobile,29.33,1623.4,0,180.1,7,-235.55,266,DEV-50B4A,0
TRX-57218,51.4,eletronicos,Cartao_Credito,Desktop,528.88,458.3,0,25.6,4,-94.2,866,DEV-7A8B6,0
TRX-57219,28.6,Beleza,Cartao_Credito,Mobile,271.82,1794.2,1,279.4,7,39.03,341,DEV-C274A,0
TRX-57220,28.0,Vestuario,Cartao_Credito,Tablet,98.86,1001.9,0,138.2,11,-16.25,674,DEV-ABDB2,0
TRX-57221,38.3,Beleza,Pix,Tablet,861.57,151.2,1,73.4,4,55.86,870,DEV-D30EE,1
TRX-57222,31.6,Eletronicos,Boleto,Mobile,867.29,798.4,1,68.1,2,90.94,688,DEV-26AF1,1
TRX-57223,34.3,Beleza,Pix,Mobile,1555.28,1653.8,0,30.0,3,113.23,905,DEV-36BE3,1
TRX-57224,23.8,Vestuario,Pix,Mobile,,318.0,2,181.6,3,-29.0,854,DEV-A3A25,1
TRX-57225,26.3, ELETRONICOS ,Boleto,SmartTV,221.78,1111.5,0,500.0,5,-4.42,195,DEV-D9875,0
TRX-57226,, ELETRONICOS ,Cartao_Credito,Mobile,686.32,774.9,1,33.7,1,22.88,427,DEV-5D0A1,1
TRX-57227,25.8,Games,Boleto,Desktop,1262.9,89.3,0,54.4,4,103.35,864,DEV-6C5A6,1
TRX-57228,29.5,Games,Pix,Mobile,120.11,1168.7,0,58.0,0,-52.14,447,DEV-40D24,0
TRX-57229,32.9,Vestuario,Cartao_Credito,Mobile,199.2,1390.0,1,51.4,4,-209.34,305,DEV-26BBF,0
TRX-57230,37.8,Beleza,Boleto,Mobile,539.91,518.8,0,98.0,2,124.99,985,DEV-1F927,0
TRX-57231,36.0,Vestuario,Voucher,Tablet,111.7,1786.2,1,98.6,2,2.33,925,DEV-338D7,0
TRX-57232,35.9,Beleza,Boleto,Mobile,198.13,1657.5,1,88.3,4,-45.97,177,DEV-7C098,0
TRX-57233,38.0,Vestuario,Boleto,Mobile,600.09,478.8,1,125.4,3,187.99,939,DEV-8A958,0
TRX-57234,46.9,Eletronicos,Boleto,Mobile,320.64,110.6,0,185.5,6,-99.65,654,DEV-8F1B7,0
TRX-57235,33.1,Vestuario,Boleto,Tablet,648.8,702.0,2,628.9,7,83.98,142,DEV-C94F0,1
TRX-57236,52.2,Vestuario,Cartao_Credito,Mobile,388.29,876.4,1,92.9,5,-131.32,492,DEV-6DF21,0
TRX-57237,40.7, ELETRONICOS ,Cartao_Credito,Mobile,1590.26,372.3,1,187.3,0,-88.12,991,DEV-7D25D,1
TRX-57238,54.5,Eletronicos,Cartao_Credito,Desktop,1534.48,110.8,0,184.6,3,-41.37,126,DEV-22BBA,1
TRX-57239,15.9,Vestuario,Pix,Mobile,3780.42,459.1,0,62.4,2,-197.4,452,DEV-AC539,1
TRX-57240,27.7,Eletronicos,Pix,Mobile,,121.1,0,138.9,0,-22.47,837,DEV-EC10F,0
TRX-57241,34.8,eletronicos,Cartao_Credito,Desktop,492.97,823.4,0,71.1,6,31.49,502,DEV-AA0F2,0
TRX-57242,8.5,Eletronicos,Cartao_Credito,Tablet,441.89,452.5,1,574.6,3,150.04,939,DEV-23863,1
TRX-57243,32.9,Eletronicos,Cartao_Credito,Mobile,726.43,1670.8,0,62.8,0,16.76,865,DEV-6F3F2,0
TRX-57244,20.2,eletronicos,Cartao_Credito,SmartTV,188.46,953.0,0,2.1,6,110.37,159,DEV-AEDC2,0
TRX-57245,37.8,Vestuario,Cartao_Credito,Mobile,41.2,1493.2,1,85.7,1,-121.75,524,DEV-DEEC7,0
TRX-57246,40.3,eletronicos,Cartao_Credito,Mobile,1109.82,1062.9,0,59.3,2,121.98,157,DEV-32D78,0
TRX-57247,46.7,eletronicos,Cartao_Credito,Mobile,3034.78,1231.0,0,193.1,3,-14.84,652,DEV-3380F,1
TRX-57248,31.7,Eletronicos,Cartao_Credito,Desktop,249.4,943.5,0,77.4,10,60.25,339,DEV-5A0C5,0
TRX-57249,50.8,Vestuario,Cartao_Credito,Mobile,999.56,1514.2,1,83.2,2,-22.93,398,DEV-C9586,0
TRX-57250,47.8,Eletronicos,Cartao_Credito,Desktop,507.41,57.9,2,226.1,6,68.07,506,DEV-A6249,0
TRX-57251,43.8, ELETRONICOS ,Cartao_Credito,Desktop,805.1,1215.4,1,703.9,5,32.89,678,DEV-9D9C1,1
TRX-57252,44.4,Beleza,Pix,Mobile,329.62,952.5,0,62.4,2,-7.98,761,DEV-19C0C,0
TRX-57253,36.7,Games,Cartao_Credito,Mobile,737.08,1046.8,0,4.2,2,322.44,399,DEV-CBF66,0
TRX-57254,30.1,Vestuario,Pix,Mobile,301.66,782.6,0,246.6,2,-6.15,480,DEV-67A5E,1
TRX-57255,37.4,eletronicos,Voucher,Desktop,206.54,779.4,2,50.0,1,176.53,317,DEV-6E25A,0
TRX-57256,40.1,Vestuario,Boleto,Mobile,88.21,1383.3,0,50.3,3,154.54,874,DEV-D3F41,0
TRX-57257,29.5,Vestuario,Cartao_Credito,Mobile,127.78,329.2,1,154.4,7,-158.79,976,DEV-70A4D,0
TRX-57258,25.3,Beleza,Pix,Desktop,202.02,704.6,1,98.0,5,157.45,548,DEV-7E986,0
TRX-57259,49.3,Games,Cartao_Credito,Mobile,869.69,1721.6,2,235.0,4,-112.43,768,DEV-74018,1
TRX-57260,36.6,Eletronicos,Cartao_Credito,Mobile,945.76,1002.4,0,14.7,3,-89.02,257,DEV-7CD8C,0
TRX-57261,8.1,Eletronicos,Cartao_Credito,Tablet,184.53,87.0,2,956.7,1,-69.68,635,DEV-46DC8,1
TRX-57262,44.1,Games,Boleto,Mobile,1553.41,1469.3,0,41.1,1,26.7,915,DEV-88DEE,0
TRX-57263,34.2,eletronicos,Cartao_Credito,Mobile,352.47,887.8,1,197.2,6,148.79,429,DEV-B5AD8,0
TRX-57264,33.8,Beleza,Cartao_Credito,Desktop,1064.64,46.2,0,225.9,6,39.8,900,DEV-34EFC,0
TRX-57265,30.0, ELETRONICOS ,Cartao_Credito,Mobile,187.77,631.9,0,17.2,5,41.49,464,DEV-AE1DF,1
TRX-57266,27.9,Beleza,Boleto,Mobile,865.72,970.0,0,29.6,0,-7.05,462,DEV-AFB6F,0
TRX-57267,28.3,Eletronicos,Cartao_Credito,Desktop,389.93,1775.4,1,210.9,2,-41.03,304,DEV-896E0,0
TRX-57268,42.9,Eletronicos,Pix,Mobile,,1115.0,2,375.4,3,15.18,919,DEV-B9F29,0
TRX-57269,27.0, ELETRONICOS ,Pix,Mobile,77.66,1167.2,1,166.4,1,-185.1,237,DEV-901CE,1
TRX-57270,46.8,Eletronicos,Boleto,Desktop,134.11,1011.9,0,60.5,5,3.7,118,DEV-BA16D,0
TRX-57271,28.7,Games,Cartao_Credito,Desktop,771.88,1597.1,0,150.0,5,-122.75,588,DEV-F03EE,0
TRX-57272,16.4,eletronicos,Voucher,Mobile,307.48,73.3,1,17.9,5,-19.2,827,DEV-55B3E,0
TRX-57273,47.0,Eletronicos,Pix,Desktop,2389.73,335.7,1,154.8,4,-95.49,223,DEV-76AF2,1
TRX-57274,17.5,Beleza,Boleto,Mobile,730.67,1344.6,0,119.0,5,13.38,728,DEV-EAD84,0
TRX-57275,30.2,Beleza,Cartao_Credito,Mobile,27.3,547.2,2,3.4,3,36.95,353,DEV-7BEA6,0
TRX-57276,37.8,Beleza,Pix,Mobile,98.39,301.4,1,298.1,4,268.49,160,DEV-1B5FE,1
TRX-57277,20.0,Eletronicos,Cartao_Credito,Mobile,953.09,246.4,0,158.7,3,142.52,582,DEV-6C866,0
TRX-57278,19.9,Games,Boleto,Mobile,233.85,97.0,0,2.3,4,-19.15,468,DEV-7C8F1,0
TRX-57279,34.0,Eletronicos,Boleto,Desktop,1250.25,1733.0,0,97.3,3,-52.08,593,DEV-4A398,0
TRX-57280,33.5, ELETRONICOS ,Pix,Mobile,584.2,1294.6,2,263.5,4,3.79,372,DEV-7C31A,0
TRX-57281,26.3, ELETRONICOS ,Cartao_Credito,Mobile,568.27,167.2,1,192.1,5,44.29,778,DEV-AC06C,0
TRX-57282,,Beleza,Cartao_Credito,Desktop,72.69,969.1,2,43.0,2,-163.65,866,DEV-6A56C,0
TRX-57283,42.4,Eletronicos,Cartao_Credito,Desktop,58.37,89.4,0,47.9,4,48.97,170,DEV-35D1A,0
TRX-57284,33.3,Beleza,Cartao_Credito,Desktop,24.54,1627.3,1,72.8,10,-63.02,175,DEV-31BC1,0
TRX-57285,23.8,Eletronicos,Boleto,Desktop,1257.66,191.2,0,37.9,2,49.48,977,DEV-9D4F9,0
TRX-57286,4.9,Games,Cartao_Credito,Mobile,1421.02,1378.8,1,169.7,4,54.03,680,DEV-B267D,0
TRX-57287,44.1,Games,Cartao_Credito,Mobile,495.88,1576.0,0,289.7,3,-30.42,547,DEV-D3999,0
TRX-57288,, ELETRONICOS ,Boleto,Mobile,275.14,1170.6,0,186.3,4,57.68,881,DEV-ED412,0
TRX-57289,40.9,Beleza,Pix,Mobile,583.92,1725.0,0,43.1,3,123.58,608,DEV-8C0B5,0
TRX-57290,38.5,Beleza,Cartao_Credito,Desktop,487.51,156.3,0,150.2,0,3.73,227,DEV-6C092,0
TRX-57291,23.4,Vestuario,Cartao_Credito,Mobile,1578.44,1610.5,0,266.2,3,-96.39,903,DEV-73876,0
TRX-57292,21.3,Vestuario,Cartao_Credito,Mobile,205.94,366.6,1,163.4,4,-83.79,908,DEV-8A5CD,0
TRX-57293,43.8,Beleza,Boleto,Desktop,2232.23,1038.2,0,61.6,7,-19.93,544,DEV-D8810,0
TRX-57294,45.9,Vestuario,Cartao_Credito,Mobile,44.9,1562.8,1,119.3,4,-93.73,341,DEV-F2F9C,0
TRX-57295,23.4,Vestuario,Cartao_Credito,Desktop,1034.79,1543.9,0,105.9,3,32.0,936,DEV-DB43C,0
TRX-57296,31.7,Eletronicos,Cartao_Credito,Mobile,1279.18,442.9,1,297.4,7,-104.33,547,DEV-DE648,0
TRX-57297,26.4,eletronicos,Cartao_Credito,Mobile,185.18,760.0,1,9.1,2,156.44,886,DEV-90305,0
TRX-57298,40.2,Eletronicos,Boleto,Mobile,45.29,1535.8,0,94.0,4,64.18,331,DEV-3749B,0
TRX-57299,21.6,Eletronicos,Boleto,Desktop,281.99,30.0,0,66.1,5,-37.07,391,DEV-D4EAB,0
TRX-57300,31.9,Vestuario,Cartao_Credito,Mobile,46.96,414.9,1,232.4,0,-4.77,563,DEV-D9989,1
TRX-57301,43.3,Vestuario,Cartao_Credito,Desktop,216.18,418.2,0,232.6,0,-38.47,843,DEV-82056,1
TRX-57302,26.3,eletronicos,Cartao_Credito,Desktop,,352.8,0,251.1,2,259.25,180,DEV-438E0,0
TRX-57303,24.7,Eletronicos,Boleto,Desktop,270.42,1359.2,0,175.4,5,-177.7,714,DEV-262BC,0
TRX-57304,33.6,Beleza,Voucher,Mobile,337.35,1555.0,0,149.2,4,-154.82,252,DEV-5B8D5,0
TRX-57305,38.9,Eletronicos,Cartao_Credito,Mobile,37.85,56.2,2,125.0,9,223.92,266,DEV-94347,0
TRX-57306,26.8,Beleza,Pix,Mobile,402.81,836.4,1,123.2,4,-11.86,829,DEV-B3732,1
TRX-57307,46.5,Beleza,Pix,Mobile,1504.51,804.5,0,8.0,5,25.78,448,DEV-9A973,0
TRX-57308,39.3, ELETRONICOS ,Pix,Desktop,,410.6,0,74.3,2,-49.93,572,DEV-58425,1
TRX-57309,45.2,eletronicos,Voucher,Desktop,1208.88,1251.8,1,188.6,7,-77.51,632,DEV-9F4B6,0
TRX-57310,37.4, ELETRONICOS ,Pix,Mobile,530.02,247.2,1,35.8,2,-165.49,390,DEV-BA413,0
TRX-57311,32.4,Vestuario,Pix,Mobile,212.99,1166.1,1,373.7,1,40.21,659,DEV-20C48,1
TRX-57312,36.0, ELETRONICOS ,Cartao_Credito,Desktop,153.99,149.9,1,4.0,5,-55.97,282,DEV-C21C2,0
TRX-57313,34.8,eletronicos,Cartao_Credito,Mobile,547.27,419.3,2,105.8,3,6.3,614,DEV-D37C8,1
TRX-57314,23.3,Beleza,Cartao_Credito,Mobile,122.1,45.8,0,1.5,2,15.41,945,DEV-91168,0
TRX-57315,36.7,Eletronicos,Boleto,Tablet,155.95,1370.0,0,50.1,2,-60.77,763,DEV-415A6,0
TRX-57316,27.7,Eletronicos,Cartao_Credito,Mobile,334.58,1230.3,0,11.5,5,12.63,519,DEV-28989,0
TRX-57317,21.2,Games,Boleto,Mobile,329.79,647.2,0,20.2,1,-229.68,601,DEV-CC1B8,0
TRX-57318,,Beleza,Boleto,Mobile,22.23,1204.6,1,79.3,3,29.93,861,DEV-ADFAE,0
TRX-57319,33.3,Eletronicos,Cartao_Credito,Mobile,2195.65,764.6,2,170.0,2,62.64,234,DEV-4D864,1
TRX-57320,44.1,Vestuario,Cartao_Credito,Mobile,1101.05,1481.7,0,20.0,3,-23.99,484,DEV-C6481,0
TRX-57321,32.9, ELETRONICOS ,Voucher,Mobile,582.08,491.5,1,37.8,3,88.92,631,DEV-25B70,0
TRX-57322,44.4,Eletronicos,Boleto,Desktop,135.02,873.0,1,8.2,3,206.07,719,DEV-1A8F7,0
TRX-57323,40.5,Vestuario,Cartao_Credito,Mobile,143.22,882.6,0,90.9,5,207.83,674,DEV-5EC60,0
TRX-57324,38.2,Games,Cartao_Credito,Desktop,741.98,1499.1,0,292.4,3,-140.72,470,DEV-86363,0
TRX-57325,35.2, ELETRONICOS ,Voucher,Mobile,252.93,1383.1,0,96.8,4,-222.94,886,DEV-424A4,0
TRX-57326,22.8,Games,Cartao_Credito,Mobile,766.52,94.7,0,223.2,4,145.01,362,DEV-9F17D,0
TRX-57327,36.4, ELETRONICOS ,Boleto,Desktop,1771.29,473.8,0,8.2,7,-10.15,893,DEV-ADD7C,0
TRX-57328,53.8,Vestuario,Boleto,Desktop,1188.81,1304.0,0,114.9,7,-16.09,723,DEV-264C7,0
TRX-57329,37.1, ELETRONICOS ,Boleto,Desktop,825.62,63.7,2,66.0,4,49.46,524,DEV-5B140,0
TRX-57330,42.9,Eletronicos,Cartao_Credito,Mobile,508.17,1215.1,1,71.6,3,-45.72,446,DEV-A3F49,0
TRX-57331,12.8,Eletronicos,Boleto,SmartTV,147.13,1455.7,0,118.5,3,-157.23,687,DEV-A2E9C,0
TRX-57332,24.4,Eletronicos,Boleto,Desktop,1213.56,1133.1,0,108.1,2,-75.83,141,DEV-E7D7D,1
TRX-57333,49.9,Beleza,Boleto,SmartTV,183.84,553.7,1,193.6,1,-18.2,594,DEV-8015F,0
TRX-57334,36.3,Eletronicos,Cartao_Credito,Mobile,,744.2,1,131.8,2,-64.27,723,DEV-9EA30,1
TRX-57335,37.8,Beleza,Boleto,Mobile,170.66,905.0,0,123.9,5,43.43,725,DEV-4A6B0,0
TRX-57336,54.3,Beleza,Pix,Mobile,964.65,806.6,2,26.7,4,-3.2,368,DEV-24AA8,1
TRX-57337,33.0,Beleza,Cartao_Credito,Tablet,133.22,833.9,0,273.1,3,-43.59,987,DEV-1B42C,0
TRX-57338,25.4,Vestuario,Pix,Mobile,236.88,161.9,0,322.3,4,21.29,478,DEV-676EA,1
TRX-57339,39.3,Eletronicos,Voucher,Mobile,80.88,127.1,0,96.1,3,-256.84,366,DEV-B69AC,0
TRX-57340,46.5, ELETRONICOS ,Cartao_Credito,Mobile,133.54,1004.4,1,237.8,4,4.69,785,DEV-93A76,0
TRX-57341,42.5,Beleza,Cartao_Credito,Mobile,50.74,1446.6,1,358.5,9,-95.85,508,DEV-5D7B7,0
TRX-57342,33.1,Eletronicos,Cartao_Credito,Mobile,155.93,416.7,0,172.8,1,-20.88,655,DEV-CF94D,0
TRX-57343,26.4,Vestuario,Boleto,Desktop,518.22,1466.3,0,129.2,6,54.07,744,DEV-2E008,0
TRX-57344,39.0,Games,Boleto,Mobile,1973.72,610.3,1,447.1,2,105.4,153,DEV-6C7EF,1
TRX-57345,37.1,Games,Boleto,Desktop,35.28,1457.5,0,456.4,4,-25.56,756,DEV-6114C,0
TRX-57346,,Vestuario,Cartao_Credito,Mobile,633.62,415.9,0,70.5,1,21.84,365,DEV-87A43,0
TRX-57347,41.0,eletronicos,Pix,Mobile,1522.89,880.8,2,21.4,4,-211.85,227,DEV-F3CAC,0
TRX-57348,37.2,Vestuario,Cartao_Credito,Mobile,263.33,1488.5,0,106.8,3,65.47,250,DEV-53016,0
TRX-57349,23.8,Vestuario,Cartao_Credito,Mobile,640.22,1250.6,0,220.0,4,65.87,470,DEV-545B6,0
TRX-57350,14.7,Games,Cartao_Credito,Mobile,694.73,1750.5,2,12.8,5,-25.24,552,DEV-B9E49,0
TRX-57351,38.5,Games,Cartao_Credito,Mobile,1430.67,533.6,0,3.6,3,139.43,256,DEV-35A9E,1
TRX-57352,45.9,Eletronicos,Boleto,Tablet,313.56,1482.5,0,61.8,3,69.94,826,DEV-A40F6,0
TRX-57353,26.6,eletronicos,Voucher,Mobile,,106.7,2,18.2,2,195.77,761,DEV-3F246,0
TRX-57354,33.9,Beleza,Cartao_Credito,Mobile,362.94,1745.1,0,9.6,4,16.21,764,DEV-5BE91,0
TRX-57355,48.1, ELETRONICOS ,Cartao_Credito,Desktop,34.49,47.3,0,18.6,5,178.8,778,DEV-90429,0
TRX-57356,42.2, ELETRONICOS ,Boleto,Mobile,,1704.3,1,35.3,8,-125.47,515,DEV-BE921,0
TRX-57357,37.8, ELETRONICOS ,Cartao_Credito,Mobile,408.62,65.7,0,94.9,4,7.68,585,DEV-84A27,0
TRX-57358,34.9, ELETRONICOS ,Cartao_Credito,Mobile,123.96,1353.5,1,468.9,4,-56.9,885,DEV-7118A,0
TRX-57359,42.1,Beleza,Boleto,Mobile,832.23,1215.8,0,26.8,2,-118.86,553,DEV-C08BC,0
TRX-57360,37.7,Games,Cartao_Credito,Desktop,342.85,686.2,0,58.1,1,131.67,525,DEV-39574,0
TRX-57361,52.8,eletronicos,Cartao_Credito,Desktop,,1637.6,0,91.5,6,-234.34,821,DEV-3A8EC,0
TRX-57362,42.6,Vestuario,Cartao_Credito,Mobile,2497.25,1687.2,0,95.7,6,-14.82,832,DEV-456CC,1
TRX-57363,41.3,Beleza,Cartao_Credito,Desktop,,1601.6,1,63.8,4,-111.69,861,DEV-54E6D,0
TRX-57364,32.5,Beleza,Cartao_Credito,Mobile,446.67,1789.7,0,182.3,2,-163.17,202,DEV-7993F,0
TRX-57365,37.0,Games,Cartao_Credito,Desktop,28.63,1026.5,1,147.7,2,19.68,217,DEV-F1608,0
TRX-57366,40.1,Vestuario,Cartao_Credito,Mobile,136.4,1144.8,0,80.4,3,-39.13,417,DEV-7B658,0
TRX-57367,50.9,Vestuario,Cartao_Credito,Mobile,1383.53,887.8,2,194.6,4,18.52,330,DEV-2FFFC,1
TRX-57368,,eletronicos,Cartao_Credito,Desktop,48.78,1689.7,0,27.9,5,5.29,306,DEV-35B9B,0
TRX-57369,38.0, ELETRONICOS ,Boleto,Mobile,830.06,1398.7,0,342.0,3,-19.46,411,DEV-E0A93,1
TRX-57370,11.9,Beleza,Boleto,Desktop,616.42,1674.4,0,157.5,2,73.41,837,DEV-B437F,0
TRX-57371,17.1,Eletronicos,Boleto,Desktop,730.75,1597.1,0,60.7,3,-94.71,357,DEV-C4939,0
TRX-57372,26.9,Eletronicos,Pix,Desktop,988.39,402.4,0,512.9,6,124.95,425,DEV-28895,0
TRX-57373,47.3,Eletronicos,Cartao_Credito,Mobile,306.34,472.2,0,289.5,4,58.07,627,DEV-24477,0
TRX-57374,38.4,Eletronicos,Cartao_Credito,Desktop,694.08,1508.2,0,7.1,2,166.11,823,DEV-7026A,0
TRX-57375,38.3,eletronicos,Cartao_Credito,Mobile,240.47,1167.1,0,10.0,0,-135.7,730,DEV-28637,0
TRX-57376,39.9,Eletronicos,Boleto,Mobile,339.44,1218.0,1,72.6,2,84.44,436,DEV-B5099,0
TRX-57377,58.5,Vestuario,Pix,Desktop,1037.46,555.7,0,159.5,5,182.27,791,DEV-70758,0
TRX-57378,32.4,Eletronicos,Boleto,Desktop,1207.3,1726.7,0,113.8,4,-88.35,865,DEV-9A3A8,0
TRX-57379,39.8,Eletronicos,Cartao_Credito,Desktop,76.44,639.6,1,150.1,2,94.41,369,DEV-C6D7F,0
TRX-57380,40.8,Eletronicos,Voucher,Mobile,,1324.8,1,116.3,2,-20.12,337,DEV-7083A,1
TRX-57381,32.1,Beleza,Cartao_Credito,Mobile,281.08,254.6,1,13.3,4,-92.51,927,DEV-EA8C5,0
TRX-57382,53.4, ELETRONICOS ,Boleto,Desktop,944.78,1272.6,0,267.0,3,261.47,512,DEV-910C8,0
TRX-57383,23.2,Vestuario,Cartao_Credito,Mobile,619.65,711.3,2,798.5,3,5.62,120,DEV-C6D78,1
TRX-57384,43.1,Eletronicos,Cartao_Credito,Desktop,1183.22,74.1,0,210.1,5,261.77,531,DEV-64808,1
TRX-57385,54.1,Beleza,Boleto,Tablet,129.03,117.1,1,197.5,2,-173.54,927,DEV-9D175,0
TRX-57386,33.1,Beleza,Voucher,Desktop,1215.86,1309.1,0,313.4,1,-102.77,173,DEV-709DE,0
TRX-57387,26.6,eletronicos,Cartao_Credito,Mobile,,243.9,2,138.5,2,18.65,275,DEV-AACD7,1
TRX-57388,50.2,eletronicos,Cartao_Credito,Desktop,1708.69,1673.5,0,230.5,4,19.66,433,DEV-A619C,0
TRX-57389,28.6,Vestuario,Pix,Desktop,139.45,1377.6,1,176.1,3,28.06,521,DEV-5D7E1,0
TRX-57390,54.7,Eletronicos,Cartao_Credito,SmartTV,78.7,1068.6,2,138.7,6,21.61,328,DEV-3D84C,0
TRX-57391,37.2,Eletronicos,Pix,Mobile,828.18,885.2,0,127.2,3,-2.81,683,DEV-3E32F,0
TRX-57392,31.4,Eletronicos,Cartao_Credito,Desktop,21.89,476.0,0,159.3,0,-138.66,643,DEV-5DBDE,1
TRX-57393,36.4,eletronicos,Cartao_Credito,Mobile,876.44,1238.4,1,161.7,3,-129.59,635,DEV-72D2D,0
TRX-57394,, ELETRONICOS ,Cartao_Credito,Mobile,161.2,1604.7,3,9.7,4,-45.58,106,DEV-8B5F8,0
TRX-57395,35.9,Games,Boleto,Tablet,793.59,635.6,0,330.6,5,99.02,769,DEV-CDFC4,0
TRX-57396,39.4,Games,Cartao_Credito,Mobile,1275.4,1022.4,1,56.6,3,93.03,822,DEV-6A93A,0
TRX-57397,46.6,Eletronicos,Cartao_Credito,Mobile,47.46,899.7,0,39.6,4,-112.94,318,DEV-6AEBB,0
TRX-57398,49.4,Eletronicos,Boleto,Mobile,314.7,592.0,1,180.9,1,17.81,883,DEV-48D52,1
TRX-57399,51.5,Eletronicos,Boleto,Mobile,,1019.9,1,123.0,0,1.35,259,DEV-EE367,0
TRX-57400,19.1,Eletronicos,Cartao_Credito,Desktop,676.89,960.5,0,7.9,1,-107.31,406,DEV-E7472,0
TRX-57401,32.2,Vestuario,Pix,Desktop,1096.69,1206.3,0,63.5,6,88.55,946,DEV-E05CC,0
TRX-57402,35.3,Vestuario,Cartao_Credito,Mobile,787.72,1102.0,1,281.2,3,-18.04,645,DEV-A67E5,0
TRX-57403,22.4,Beleza,Cartao_Credito,Mobile,147.1,1162.0,0,23.4,1,72.18,230,DEV-D3464,0
TRX-57404,15.6,Vestuario,Cartao_Credito,Desktop,75.46,701.6,0,666.5,1,56.35,823,DEV-5AB56,0
TRX-57405,55.5,Beleza,Voucher,Desktop,1750.19,1565.6,0,498.2,1,-49.18,648,DEV-95673,0
TRX-57406,46.9, ELETRONICOS ,Pix,Mobile,324.28,295.9,0,14.8,2,129.47,689,DEV-61B0A,0
TRX-57407,53.5,Eletronicos,Voucher,Mobile,457.76,280.7,0,901.1,7,21.36,892,DEV-1CB0D,1
TRX-57408,27.3,Eletronicos,Boleto,Mobile,228.66,1584.5,0,6.5,3,-16.18,865,DEV-82871,0
TRX-57409,31.9,Vestuario,Cartao_Credito,Tablet,295.78,1216.0,0,168.0,1,102.68,774,DEV-68C0C,0
TRX-57410,28.4,Games,Cartao_Credito,Mobile,566.33,10.9,1,185.0,7,-123.54,560,DEV-5F680,0
TRX-57411,27.1,Beleza,Cartao_Credito,Mobile,440.29,472.6,0,243.8,2,-101.73,417,DEV-40C2A,0
TRX-57412,40.4,eletronicos,Voucher,Desktop,2818.38,1238.9,0,3.8,5,21.88,405,DEV-69258,1
TRX-57413,38.3,Beleza,Cartao_Credito,Mobile,,347.8,0,282.6,5,-110.55,963,DEV-7E0AD,0
TRX-57414,32.2,Games,Pix,Mobile,547.96,176.1,1,48.8,3,-52.77,307,DEV-3733D,1
TRX-57415,26.4,Vestuario,Cartao_Credito,Tablet,1097.08,180.6,0,129.2,1,-197.82,396,DEV-3AAC0,0
TRX-57416,23.9,Beleza,Voucher,Mobile,1917.4,970.4,2,98.0,2,157.16,480,DEV-C2FD5,1
TRX-57417,28.0, ELETRONICOS ,Cartao_Credito,Mobile,1238.71,1555.8,0,351.2,8,158.84,416,DEV-E378D,0
TRX-57418,31.9,eletronicos,Pix,Mobile,670.75,560.3,0,33.5,5,88.38,910,DEV-6D29E,0
TRX-57419,38.0,Vestuario,Pix,Mobile,88.53,1106.8,0,152.3,3,-6.07,363,DEV-A9596,0
TRX-57420,41.9,Beleza,Cartao_Credito,Mobile,1704.51,1754.6,0,118.1,2,129.29,413,DEV-99350,1
TRX-57421,52.0,Beleza,Cartao_Credito,Mobile,2165.04,978.0,1,57.9,5,-60.17,776,DEV-AE7D5,0
TRX-57422,15.0,Vestuario,Pix,Desktop,568.33,180.5,0,48.5,4,156.07,334,DEV-35216,1
TRX-57423,69.1,Eletronicos,Pix,SmartTV,156.07,332.9,0,454.3,1,115.79,855,DEV-DD7E8,1
TRX-57424,47.2,Games,Cartao_Credito,Mobile,64.61,552.9,0,161.3,4,149.38,471,DEV-C6D1F,0
TRX-57425,37.8,eletronicos,Boleto,Mobile,27.24,290.0,0,0.0,1,245.4,504,DEV-46C53,0
TRX-57426,56.6, ELETRONICOS ,Cartao_Credito,Mobile,,620.9,0,46.3,6,-16.2,944,DEV-D8E90,0
TRX-57427,34.6,Eletronicos,Cartao_Credito,Mobile,320.04,912.8,0,157.7,3,-42.12,148,DEV-2B91C,0
TRX-57428,36.9, ELETRONICOS ,Pix,Mobile,291.69,751.9,0,418.7,3,117.39,320,DEV-EDA33,0
TRX-57429,28.0,Vestuario,Cartao_Credito,Desktop,144.78,559.3,0,17.6,2,83.56,868,DEV-E5D52,0
TRX-57430,39.7,Beleza,Cartao_Credito,Desktop,544.86,1720.1,1,243.8,2,-150.52,301,DEV-C993A,0
TRX-57431,36.2, ELETRONICOS ,Boleto,Mobile,2488.92,1398.2,1,636.1,3,-26.77,777,DEV-8A3F9,1
TRX-57432,36.4,Beleza,Pix,Mobile,304.33,1354.4,1,312.4,5,73.46,500,DEV-C8D5F,0
TRX-57433,44.6,Beleza,Cartao_Credito,Desktop,493.09,355.8,0,110.2,4,-19.09,976,DEV-1D36F,0
TRX-57434,35.4,Beleza,Cartao_Credito,Mobile,262.37,663.3,1,308.2,4,76.49,130,DEV-7CCC4,0
TRX-57435,38.4,Games,Pix,Mobile,119.0,1719.1,1,217.7,3,-50.76,977,DEV-DA8F6,0
TRX-57436,17.4,Beleza,Cartao_Credito,Mobile,,103.4,0,9.5,2,5.19,528,DEV-23A82,0
TRX-57437,40.9,eletronicos,Boleto,Mobile,158.22,824.8,0,99.3,3,-29.04,821,DEV-F207A,0
TRX-57438,53.8,Beleza,Cartao_Credito,Mobile,594.12,441.7,0,238.0,4,-82.65,414,DEV-B14A1,0
TRX-57439,49.0,Vestuario,Cartao_Credito,Mobile,217.21,1125.4,1,228.4,6,134.42,146,DEV-72336,0
TRX-57440,27.4,Eletronicos,Cartao_Credito,Mobile,386.12,870.7,0,258.6,0,132.29,570,DEV-A9764,0
TRX-57441,40.6,Eletronicos,Cartao_Credito,Desktop,1148.49,1454.4,0,151.7,3,-129.59,730,DEV-BE339,0
TRX-57442,29.6,Vestuario,Pix,Mobile,185.27,31.5,0,74.0,5,-88.39,591,DEV-4583B,0
TRX-57443,13.0,Eletronicos,Cartao_Credito,Desktop,,69.5,0,75.7,4,87.18,607,DEV-4CA0C,0
TRX-57444,42.7,Vestuario,Boleto,Mobile,681.66,779.8,1,75.3,3,-90.73,996,DEV-8B85D,0
TRX-57445,48.9,Vestuario,Cartao_Credito,Mobile,1365.3,1565.9,0,159.9,4,-38.19,719,DEV-BAC10,0
TRX-57446,15.8,Games,Cartao_Credito,Mobile,2341.71,874.6,0,290.9,1,-52.97,590,DEV-88C1F,1
TRX-57447,23.2,Eletronicos,Cartao_Credito,Desktop,140.17,1522.3,0,258.0,2,12.73,388,DEV-3A551,0
TRX-57448,38.3,Eletronicos,Boleto,Mobile,1676.07,1597.4,0,37.5,3,-61.18,151,DEV-20053,1
TRX-57449,51.3, ELETRONICOS ,Pix,Mobile,664.54,1030.6,0,235.4,3,183.46,705,DEV-368BA,0
TRX-57450,30.2,Beleza,Boleto,Mobile,429.55,515.6,1,77.6,3,81.83,872,DEV-80CD7,0
TRX-57451,40.3,Vestuario,Cartao_Credito,Mobile,623.71,1071.6,1,71.6,6,-73.54,516,DEV-D075F,0
TRX-57452,31.9,Beleza,Cartao_Credito,Mobile,496.26,346.2,1,116.1,2,186.64,824,DEV-CC0D4,0
TRX-57453,42.7,Vestuario,Cartao_Credito,Tablet,1989.99,902.0,2,95.6,3,-122.08,346,DEV-80CEF,1
TRX-57454,37.4,Games,Boleto,Mobile,160.6,141.8,1,348.0,5,-80.48,411,DEV-1A9A0,0
TRX-57455,19.8,Beleza,Cartao_Credito,Mobile,223.27,239.7,2,49.9,2,-55.4,374,DEV-B538B,0
TRX-57456,17.1,Eletronicos,Pix,Desktop,821.96,437.4,0,250.8,5,-9.38,964,DEV-ADEF7,0
TRX-57457,31.2, ELETRONICOS ,Pix,Desktop,,712.9,1,111.3,5,-75.3,409,DEV-B9D83,0
TRX-57458,24.3, ELETRONICOS ,Boleto,Mobile,,535.1,1,95.3,5,116.17,819,DEV-37DE3,0
TRX-57459,26.9,Vestuario,Pix,Desktop,595.23,193.2,2,57.6,0,179.4,545,DEV-2CDD3,1
TRX-57460,53.9,Vestuario,Pix,Desktop,162.64,32.1,0,38.2,4,-9.45,689,DEV-CF7AC,0
TRX-57461,25.9,Eletronicos,Cartao_Credito,Mobile,831.09,461.2,0,175.5,2,-239.35,350,DEV-1F83C,1
TRX-57462,15.1,Vestuario,Pix,Desktop,609.58,505.0,0,120.5,4,67.67,953,DEV-E590D,1
TRX-57463,17.6,Eletronicos,Cartao_Credito,Mobile,473.08,398.9,0,50.3,2,-161.5,331,DEV-BC79C,0
TRX-57464,20.4, ELETRONICOS ,Voucher,Desktop,508.98,1658.1,2,402.6,5,-50.23,519,DEV-4E333,0
TRX-57465,33.7,Eletronicos,Boleto,Mobile,165.5,260.1,1,193.2,6,59.16,223,DEV-26765,0
TRX-57466,52.0,Games,Cartao_Credito,Desktop,388.43,346.0,1,41.5,4,-211.21,600,DEV-DED5E,0
TRX-57467,34.4,Vestuario,Cartao_Credito,Mobile,872.67,620.1,0,167.0,2,302.29,661,DEV-9D957,1
TRX-57468,22.1,Vestuario,Voucher,Desktop,385.49,1351.9,0,292.4,6,261.07,572,DEV-53846,0
TRX-57469,40.3,Vestuario,Boleto,Mobile,1049.66,13.1,1,81.0,6,-21.62,509,DEV-ACFD6,1
TRX-57470,40.7,Vestuario,Cartao_Credito,Mobile,143.9,1456.9,0,48.1,5,12.14,878,DEV-B4ADF,0
TRX-57471,33.5,Eletronicos,Cartao_Credito,Tablet,546.62,49.0,1,156.9,2,43.35,776,DEV-9EC9D,0
TRX-57472,54.9,Eletronicos,Cartao_Credito,Desktop,408.72,828.5,1,214.6,2,-20.81,260,DEV-CBE61,0
TRX-57473,14.6,Beleza,Cartao_Credito,Desktop,1655.95,521.5,2,67.4,4,4.51,184,DEV-C7032,1
TRX-57474,,Eletronicos,Cartao_Credito,Mobile,404.15,99.4,0,5.0,5,203.09,637,DEV-6E966,0
TRX-57475,17.1, ELETRONICOS ,Cartao_Credito,Mobile,1382.13,278.0,1,351.8,3,40.65,809,DEV-EFEC5,1
TRX-57476,40.6,eletronicos,Pix,Mobile,64.21,1672.4,1,198.4,5,-255.05,853,DEV-6847C,0
TRX-57477,40.4,Eletronicos,Cartao_Credito,Mobile,39.53,487.1,0,99.1,4,30.1,487,DEV-5C3CE,0
TRX-57478,19.3,Eletronicos,Boleto,Desktop,393.84,1605.4,2,416.0,2,163.62,447,DEV-B5D0D,1
TRX-57479,49.1,eletronicos,Boleto,Desktop,659.02,1604.5,1,95.3,3,-26.73,568,DEV-A585B,0
TRX-57480,35.3,Eletronicos,Voucher,Mobile,432.95,1020.9,0,46.5,4,101.71,364,DEV-76159,0
TRX-57481,32.2,Vestuario,Boleto,Mobile,426.32,198.3,2,2.2,3,-22.57,855,DEV-79E08,0
TRX-57482,35.5, ELETRONICOS ,Boleto,Desktop,1753.39,1302.9,0,325.4,3,130.32,586,DEV-8A160,0
TRX-57483,34.9,Games,Cartao_Credito,Mobile,2986.98,721.2,0,20.8,5,-9.7,585,DEV-6D05B,1
TRX-57484,31.6,Eletronicos,Cartao_Credito,Desktop,265.14,1288.9,1,285.4,3,-159.75,113,DEV-3F9F0,0
TRX-57485,12.7,Eletronicos,Cartao_Credito,Desktop,793.64,454.4,0,62.5,5,-34.0,923,DEV-CCAF7,0
TRX-57486,38.1,Games,Cartao_Credito,Mobile,335.66,702.2,0,625.3,6,4.81,131,DEV-8027A,1
TRX-57487,48.2,Eletronicos,Boleto,SmartTV,164.94,1708.1,1,109.1,5,1.25,663,DEV-83F21,0
TRX-57488,-5.0,Vestuario,Cartao_Credito,Mobile,485.76,500.9,2,46.7,5,-201.16,164,DEV-3E838,0
TRX-57489,27.4,Vestuario,Boleto,Mobile,255.17,963.8,0,102.4,1,51.04,778,DEV-9CCD1,0
TRX-57490,46.1,Beleza,Pix,Tablet,114.68,74.0,0,47.2,5,295.67,705,DEV-B872D,0
TRX-57491,43.1,Games,Pix,Mobile,74.23,81.0,1,95.9,3,-20.75,873,DEV-F2FF1,0
TRX-57492,17.2,Vestuario,Cartao_Credito,Desktop,331.33,1174.9,1,79.5,3,10.76,113,DEV-3D233,0
TRX-57493,31.6,eletronicos,Pix,Mobile,83.81,639.2,0,414.4,3,-114.27,470,DEV-BD7D0,0
TRX-57494,, ELETRONICOS ,Pix,Mobile,861.0,1487.5,2,11.3,2,97.66,422,DEV-9804A,1
TRX-57495,51.8,eletronicos,Pix,Mobile,233.15,1725.5,1,293.6,0,6.73,350,DEV-255EC,0
TRX-57496,52.5,Beleza,Boleto,Mobile,386.84,1460.6,0,78.2,2,113.67,891,DEV-AE856,0
TRX-57497,42.8,Eletronicos,Cartao_Credito,Mobile,159.9,1406.9,0,99.4,4,-16.54,499,DEV-8D20F,0
TRX-57498,27.8,eletronicos,Cartao_Credito,Mobile,465.11,1179.6,0,30.6,5,-77.47,378,DEV-D4E37,0
TRX-57499,32.7,Beleza,Voucher,Desktop,381.11,1160.9,0,18.9,2,-38.76,198,DEV-5CCD2,0
TRX-57500,53.6,Eletronicos,Cartao_Credito,Mobile,1036.57,357.8,0,387.0,3,-268.57,120,DEV-99486,1
TRX-57501,30.1,Beleza,Boleto,Desktop,1459.89,1556.8,0,267.4,1,-166.41,717,DEV-85C52,1
TRX-57502,15.6,Games,Boleto,Desktop,67.31,1480.7,1,12.3,1,244.4,295,DEV-E3E31,0
TRX-57503,,Beleza,Cartao_Credito,Mobile,353.35,263.1,2,109.8,4,56.2,889,DEV-2025D,0
TRX-57504,31.9,Eletronicos,Pix,Desktop,1136.83,589.5,0,232.5,3,27.83,638,DEV-E93E8,0
TRX-57505,,Beleza,Boleto,Mobile,1001.58,1790.3,0,40.2,5,46.9,456,DEV-9F4C9,0
TRX-57506,46.4,Games,Pix,Mobile,270.08,411.0,0,3.9,2,4.46,870,DEV-3AB0A,0
TRX-57507,37.6, ELETRONICOS ,Cartao_Credito,Mobile,109.85,1438.4,0,61.3,3,69.25,691,DEV-6637D,0
TRX-57508,42.4,Eletronicos,Cartao_Credito,Mobile,465.17,467.4,0,120.4,3,-137.51,383,DEV-7C619,0
TRX-57509,,Vestuario,Cartao_Credito,Mobile,248.77,1380.4,1,6.1,3,20.68,539,DEV-730B8,0
TRX-57510,35.6,Games,Cartao_Credito,Desktop,754.11,695.7,0,22.1,4,-19.88,138,DEV-7DC7D,0
TRX-57511,28.5,eletronicos,Pix,Mobile,207.92,1068.4,1,260.0,5,26.98,593,DEV-E4C0F,0
TRX-57512,44.7,Beleza,Pix,SmartTV,21.99,1712.6,1,499.5,5,76.62,177,DEV-31F14,0
TRX-57513,47.0,Eletronicos,Cartao_Credito,Mobile,598.47,885.5,0,239.3,2,-158.85,854,DEV-BBF4A,0
TRX-57514,48.7,eletronicos,Boleto,Desktop,1233.15,1253.5,0,768.4,2,-89.02,591,DEV-99FEB,1
TRX-57515,48.3,Games,Boleto,Desktop,1243.07,1313.3,1,9.5,5,39.77,217,DEV-B8E7F,0
TRX-57516,41.7,Vestuario,Cartao_Credito,Desktop,116.51,1523.7,1,198.6,4,184.72,748,DEV-67701,0
TRX-57517,44.6,Eletronicos,Boleto,Mobile,643.14,1299.8,0,68.0,2,-44.22,398,DEV-E135E,0
TRX-57518,29.9,Eletronicos,Cartao_Credito,Desktop,969.48,1336.0,0,290.3,4,-4.05,292,DEV-C6EFC,0
TRX-57519,28.8,Vestuario,Pix,Mobile,156.44,30.1,0,71.4,1,1.98,206,DEV-4564B,0
TRX-57520,31.0,Games,Cartao_Credito,Mobile,318.17,49.8,0,78.4,4,36.82,873,DEV-BB566,0
TRX-57521,26.4,Beleza,Cartao_Credito,Desktop,409.91,1096.6,0,129.7,5,96.3,943,DEV-C87E6,0
TRX-57522,51.3, ELETRONICOS ,Pix,Mobile,182.95,12.8,0,5.7,5,-50.65,209,DEV-2D739,1
TRX-57523,44.9,Games,Boleto,Mobile,231.45,59.8,0,37.2,1,3.64,315,DEV-3C382,0
TRX-57524,32.9,Eletronicos,Cartao_Credito,Mobile,,959.6,1,266.9,2,22.15,168,DEV-462F9,1
TRX-57525,20.4,Eletronicos,Cartao_Credito,Desktop,185.33,313.6,1,115.7,4,105.15,504,DEV-87C65,0
TRX-57526,26.1,Vestuario,Cartao_Credito,Mobile,196.36,878.8,0,136.2,3,-3.06,666,DEV-5D7DA,0
TRX-57527,23.0,Eletronicos,Cartao_Credito,Mobile,526.38,1765.5,0,270.0,2,-24.03,673,DEV-6FA3F,0
TRX-57528,45.2, ELETRONICOS ,Cartao_Credito,Mobile,203.55,1099.4,0,137.5,1,-173.99,581,DEV-EECD0,0
TRX-57529,34.8,Beleza,Pix,Mobile,34.62,236.9,0,190.0,7,127.81,852,DEV-1BAA3,0
TRX-57530,28.2,eletronicos,Boleto,Desktop,877.11,1400.1,1,32.7,5,62.66,505,DEV-EF187,0
TRX-57531,33.0,Beleza,Cartao_Credito,Mobile,86.85,415.7,0,137.5,4,47.05,632,DEV-5A104,0
TRX-57532,58.4,Beleza,Pix,Mobile,76.67,1505.3,1,103.4,2,-130.23,402,DEV-25606,0
TRX-57533,29.6,Games,Pix,Mobile,366.63,1086.3,0,157.3,2,104.14,344,DEV-A9A31,0
TRX-57534,33.3,Vestuario,Cartao_Credito,Mobile,420.9,360.9,0,216.0,3,-134.21,354,DEV-5A852,1
TRX-57535,31.8,Beleza,Voucher,Mobile,749.12,559.2,1,188.6,1,-12.93,107,DEV-40A13,1
TRX-57536,27.9,Vestuario,Cartao_Credito,Mobile,132.1,241.3,0,297.6,2,-28.71,384,DEV-B7163,0
TRX-57537,26.6,eletronicos,Voucher,Desktop,504.25,642.6,0,54.2,4,224.38,844,DEV-9292F,0
TRX-57538,34.2, ELETRONICOS ,Boleto,Mobile,457.4,925.4,0,40.5,1,-109.94,390,DEV-BC871,1
TRX-57539,32.2,eletronicos,Cartao_Credito,SmartTV,1156.15,1095.0,1,163.5,1,39.48,950,DEV-A657D,0
TRX-57540,29.0,Games,Cartao_Credito,Mobile,161.81,1307.4,0,128.7,5,22.46,797,DEV-931E1,0
TRX-57541,21.5,Eletronicos,Cartao_Credito,Mobile,,563.2,1,70.6,5,-165.05,607,DEV-8ED6A,0
TRX-57542,17.0,eletronicos,Voucher,Mobile,695.04,730.3,0,275.0,3,-71.05,783,DEV-9BDBB,0
TRX-57543,49.2,Vestuario,Cartao_Credito,Desktop,123.48,791.4,1,215.1,2,71.51,191,DEV-203C7,0
TRX-57544,51.8,Eletronicos,Cartao_Credito,Mobile,269.05,310.8,1,54.4,4,-105.96,895,DEV-310E0,0
TRX-57545,44.3,Vestuario,Cartao_Credito,Mobile,193.88,1646.9,0,19.1,5,-125.85,802,DEV-C8842,0
TRX-57546,29.6,Beleza,Cartao_Credito,Desktop,46.03,444.8,2,163.3,4,37.83,883,DEV-B3F62,0
TRX-57547,37.3,Eletronicos,Cartao_Credito,Mobile,949.44,561.5,0,122.2,2,-11.14,223,DEV-1B8E7,1
TRX-57548,41.7,Vestuario,Boleto,Mobile,760.63,1285.6,0,83.4,1,3.95,273,DEV-77939,0
TRX-57549,29.3, ELETRONICOS ,Voucher,Tablet,82.29,188.9,0,35.2,6,-181.18,741,DEV-D0D6A,0
TRX-57550,31.0,Vestuario,Pix,Mobile,,382.4,2,219.1,3,41.95,645,DEV-7583E,1
TRX-57551,19.5,Beleza,Boleto,Mobile,41.94,1123.6,2,58.2,5,-26.98,436,DEV-53B9D,0
TRX-57552,33.1,Eletronicos,Cartao_Credito,Mobile,266.26,1426.4,0,79.8,5,-258.32,101,DEV-CE532,0
TRX-57553,31.7,Vestuario,Cartao_Credito,Tablet,488.4,242.3,1,150.9,5,-65.96,267,DEV-8D001,0
TRX-57554,34.1,Eletronicos,Cartao_Credito,Tablet,50.06,1228.6,0,80.4,3,-199.41,117,DEV-D54C7,0
TRX-57555,37.8,Eletronicos,Cartao_Credito,Desktop,138.97,258.1,0,557.3,4,42.93,668,DEV-C3F97,1
TRX-57556,,Vestuario,Cartao_Credito,Desktop,333.09,1092.1,0,63.0,5,-150.6,592,DEV-CE6AF,0
TRX-57557,47.0,Vestuario,Cartao_Credito,Mobile,204.91,1654.5,1,339.6,4,-85.25,745,DEV-DFFBE,1
TRX-57558,34.5,Eletronicos,Boleto,Mobile,228.9,670.1,0,295.6,2,27.67,145,DEV-6A413,0
TRX-57559,30.8,eletronicos,Cartao_Credito,Desktop,302.59,1572.8,1,396.6,5,5.68,583,DEV-6E728,0
TRX-57560,25.8,eletronicos,Cartao_Credito,Desktop,732.06,1254.8,2,18.5,3,-25.86,692,DEV-D2811,0
TRX-57561,33.7,Beleza,Boleto,Desktop,231.24,1452.6,0,29.6,4,6.45,250,DEV-59A81,0
TRX-57562,30.2,Games,Pix,Mobile,922.24,1286.2,1,13.2,3,-143.64,119,DEV-3D328,0
TRX-57563,30.8,Eletronicos,Cartao_Credito,Mobile,626.48,1373.2,0,56.0,0,-142.08,402,DEV-5D0C2,0
TRX-57564,21.8, ELETRONICOS ,Cartao_Credito,Mobile,2476.18,228.8,0,4.7,3,-62.47,782,DEV-9D157,0
TRX-57565,18.6,Games,Boleto,Mobile,942.92,550.7,1,310.3,2,181.07,852,DEV-2BDBB,1
TRX-57566,26.3, ELETRONICOS ,Cartao_Credito,Mobile,402.32,677.5,2,30.7,5,77.35,386,DEV-9C4C8,0
TRX-57567,39.7,Eletronicos,Boleto,Mobile,161.58,1034.8,0,178.9,3,4.66,168,DEV-20A85,0
TRX-57568,22.9,Vestuario,Boleto,Desktop,173.52,1086.3,0,285.3,1,59.88,528,DEV-BA83B,0
TRX-57569,42.7,Eletronicos,Pix,Desktop,62.98,87.9,0,38.9,3,-37.78,419,DEV-41EDA,0
TRX-57570,24.5,eletronicos,Cartao_Credito,Desktop,177.91,781.4,3,224.8,3,73.16,256,DEV-AAD74,1
TRX-57571,43.7,Eletronicos,Cartao_Credito,Desktop,883.76,371.1,0,56.1,8,-117.76,688,DEV-505B4,0
TRX-57572,30.4,eletronicos,Pix,Desktop,94.76,469.6,0,100.7,3,-15.74,463,DEV-B3457,0
TRX-57573,48.1,Eletronicos,Boleto,Mobile,140.14,93.3,0,303.2,5,63.65,776,DEV-6D5F7,0
TRX-57574,41.8,Games,Cartao_Credito,Mobile,786.47,14.7,0,90.1,5,-69.87,681,DEV-69F00,0
TRX-57575,36.9,Eletronicos,Boleto,Mobile,519.48,1358.2,0,355.3,0,68.19,474,DEV-7864A,1
TRX-57576,37.8, ELETRONICOS ,Boleto,Mobile,78.06,1384.4,0,3.3,2,111.83,862,DEV-AEC10,0
TRX-57577,38.3,Eletronicos,Cartao_Credito,SmartTV,58.46,17.2,0,318.2,4,99.26,825,DEV-41F98,0
TRX-57578,23.6,Beleza,Voucher,Desktop,2342.01,71.7,1,26.1,3,100.02,101,DEV-685CD,1
TRX-57579,32.0,Beleza,Pix,Desktop,,365.2,0,64.8,2,-95.24,861,DEV-D8514,1
TRX-57580,39.4,Games,Pix,Mobile,1540.93,641.5,0,116.3,1,-49.59,834,DEV-4FB4C,0
TRX-57581,41.0,Eletronicos,Cartao_Credito,Desktop,394.57,289.9,0,17.3,0,-101.45,429,DEV-9C457,0
TRX-57582,32.6,Beleza,Pix,Mobile,577.19,753.0,0,47.3,5,-171.91,824,DEV-C3549,0
TRX-57583,62.0,Eletronicos,Cartao_Credito,Mobile,456.51,1600.1,0,22.1,4,165.53,359,DEV-D4763,0
TRX-57584,61.4,Beleza,Pix,Mobile,,397.5,0,155.1,3,-86.8,549,DEV-DEC6A,0
TRX-57585,42.9,Beleza,Cartao_Credito,Mobile,1034.1,1617.4,0,36.7,4,-136.89,251,DEV-92D92,0
TRX-57586,45.8, ELETRONICOS ,Pix,Desktop,420.97,1365.2,1,22.5,1,147.71,944,DEV-ED2C6,0
TRX-57587,50.6,eletronicos,Cartao_Credito,Mobile,204.49,563.5,0,405.3,6,112.97,521,DEV-46634,0
TRX-57588,36.1,Beleza,Cartao_Credito,Mobile,427.9,1473.3,0,188.3,1,-22.2,152,DEV-BF71D,0
TRX-57589,42.5, ELETRONICOS ,Cartao_Credito,Tablet,473.91,902.5,0,17.4,6,80.01,627,DEV-F0C09,0
TRX-57590,30.1,eletronicos,Cartao_Credito,Mobile,578.18,1064.8,0,171.5,5,-159.52,417,DEV-1D346,0
TRX-57591,39.0,Vestuario,Boleto,Mobile,669.76,83.5,0,84.1,4,35.47,771,DEV-CA1B9,1
TRX-57592,28.8,Beleza,Cartao_Credito,Mobile,558.34,162.0,0,540.6,1,-59.52,513,DEV-79F73,1
TRX-57593,40.0,eletronicos,Cartao_Credito,Mobile,1172.27,1146.5,1,29.5,5,19.51,632,DEV-64B53,0
TRX-57594,29.9, ELETRONICOS ,Cartao_Credito,Mobile,126.41,1088.8,0,68.0,2,11.47,323,DEV-30603,0
TRX-57595,55.0,Vestuario,Voucher,Mobile,1144.12,737.1,1,18.4,3,64.46,558,DEV-A852C,0
TRX-57596,28.4,Vestuario,Boleto,Desktop,873.3,337.0,1,121.8,3,20.63,389,DEV-E022D,1
TRX-57597,46.9,Vestuario,Pix,Tablet,578.49,1396.2,2,12.1,5,-119.43,937,DEV-CCB9F,0
TRX-57598,20.9,Vestuario,Cartao_Credito,Desktop,86.16,1014.5,1,39.7,4,122.28,521,DEV-74CC2,0
TRX-57599,28.1, ELETRONICOS ,Boleto,Mobile,181.77,1705.7,0,69.9,4,39.96,363,DEV-BF4A7,0
TRX-57600,35.3, ELETRONICOS ,Cartao_Credito,Mobile,114.57,1558.0,1,353.8,3,-2.61,108,DEV-30605,0
TRX-57601,33.7,Beleza,Pix,Mobile,173.56,1139.3,0,121.5,0,158.64,602,DEV-E3C59,0
TRX-57602,55.7,Beleza,Cartao_Credito,Mobile,64.5,34.9,1,2.1,3,-141.51,655,DEV-CA8FA,0
TRX-57603,35.7, ELETRONICOS ,Cartao_Credito,Mobile,534.66,1769.4,0,10.1,6,124.03,773,DEV-F023E,0
TRX-57604,17.9,Vestuario,Pix,Tablet,466.62,284.1,0,70.1,5,-86.79,370,DEV-BD0C9,0
TRX-57605,29.6,Beleza,Pix,Mobile,540.87,283.5,3,31.8,2,215.31,512,DEV-2BD99,1
TRX-57606,25.0,Beleza,Cartao_Credito,Mobile,263.48,1006.3,0,454.1,4,217.35,770,DEV-B625A,0
TRX-57607,30.9, ELETRONICOS ,Cartao_Credito,Desktop,1041.56,992.0,1,173.3,4,11.44,686,DEV-22111,0
TRX-57608,33.5,Beleza,Pix,Mobile,332.33,447.7,0,208.0,6,97.53,982,DEV-3EE55,0
TRX-57609,47.2,Vestuario,Cartao_Credito,Mobile,74.61,937.3,4,27.0,1,107.42,863,DEV-DE234,1
TRX-57610,56.0,Beleza,Boleto,Mobile,191.91,1145.1,0,47.3,4,61.75,551,DEV-80FD6,0
TRX-57611,38.7,Eletronicos,Pix,Desktop,232.8,1150.9,0,129.6,2,148.59,387,DEV-EAB01,0
TRX-57612,37.4,eletronicos,Pix,Mobile,1515.6,733.7,0,135.1,3,13.99,348,DEV-9CCCC,1
TRX-57613,,Games,Boleto,Mobile,337.99,1463.6,0,50.3,6,137.28,366,DEV-3C03A,0
TRX-57614,45.5,Beleza,Pix,Mobile,141.06,852.7,2,77.2,4,-131.51,126,DEV-DFF46,1
TRX-57615,50.2,Eletronicos,Boleto,Mobile,437.3,900.8,0,89.7,1,115.06,664,DEV-38700,0
TRX-57616,44.4,Eletronicos,Cartao_Credito,Tablet,1203.34,190.7,2,43.8,3,-108.08,872,DEV-942F8,1
TRX-57617,39.4,Eletronicos,Cartao_Credito,Mobile,201.87,384.8,1,81.1,2,-55.4,976,DEV-A7B83,1
TRX-57618,46.7,Beleza,Pix,Tablet,254.35,1735.5,0,120.8,3,72.45,803,DEV-7CED1,0
TRX-57619,39.2,Vestuario,Boleto,Tablet,2040.04,1451.4,0,8.0,3,-45.51,364,DEV-E3DFC,1
TRX-57620,37.2,Vestuario,Pix,Mobile,250.25,1266.8,0,126.7,6,-19.36,617,DEV-D84F2,0
TRX-57621,43.4,Eletronicos,Cartao_Credito,Mobile,168.76,1060.9,1,50.0,2,73.75,135,DEV-31914,0
TRX-57622,41.8,eletronicos,Cartao_Credito,Mobile,1258.26,1517.8,0,204.8,2,115.29,422,DEV-1A0F0,1
TRX-57623,23.2,Vestuario,Cartao_Credito,Mobile,1057.36,1683.7,1,385.8,5,80.66,233,DEV-4391E,1
TRX-57624,33.2, ELETRONICOS ,Pix,Mobile,91.52,1274.6,0,163.2,3,-86.24,878,DEV-E232D,0
TRX-57625,30.3,Eletronicos,Cartao_Credito,Tablet,575.56,1500.5,1,115.7,7,-26.41,490,DEV-5FDE4,0
TRX-57626,39.1, ELETRONICOS ,Cartao_Credito,Mobile,368.41,1608.1,0,105.5,1,-65.42,416,DEV-C511F,0
TRX-57627,46.2,Vestuario,Pix,Tablet,363.29,1050.7,1,300.9,6,84.72,475,DEV-9A170,0
TRX-57628,46.9,Eletronicos,Boleto,Desktop,419.37,1410.7,1,65.0,4,-85.12,449,DEV-B7FCB,0
TRX-57629,30.2,Games,Boleto,Mobile,470.86,1171.7,0,4.0,8,-81.06,707,DEV-A874A,0
TRX-57630,22.4,Beleza,Cartao_Credito,Desktop,1243.41,1299.7,0,274.5,5,67.1,310,DEV-DA0F4,0
TRX-57631,71.1,Vestuario,Boleto,Mobile,40.66,1147.6,0,345.2,3,70.41,963,DEV-E6850,1
TRX-57632,34.1,Vestuario,Cartao_Credito,Tablet,3177.49,766.0,2,94.3,5,-143.58,508,DEV-39E79,1
TRX-57633,30.9, ELETRONICOS ,Pix,Tablet,382.76,1422.9,0,132.2,1,-45.06,524,DEV-85D5E,0
TRX-57634,40.7, ELETRONICOS ,Cartao_Credito,Mobile,320.59,1599.1,1,53.3,2,148.6,488,DEV-BE19F,0
TRX-57635,,Vestuario,Pix,Mobile,310.73,1017.2,1,61.8,3,-175.4,946,DEV-9D996,0
TRX-57636,48.5,Eletronicos,Cartao_Credito,Desktop,781.85,1620.7,0,89.7,0,19.36,953,DEV-97F24,0
TRX-57637,29.3, ELETRONICOS ,Cartao_Credito,Mobile,694.39,1276.3,0,61.5,4,24.29,155,DEV-8615C,0
TRX-57638,21.8,Eletronicos,Pix,Mobile,751.85,1417.0,1,561.5,4,387.5,213,DEV-6B2D4,1
TRX-57639,23.1,Games,Cartao_Credito,Desktop,736.1,1171.8,0,250.9,1,26.8,110,DEV-8A41E,0
TRX-57640,30.4,Eletronicos,Cartao_Credito,Desktop,507.11,605.2,0,52.4,3,152.31,921,DEV-9629B,0
TRX-57641,30.3,Vestuario,Cartao_Credito,Desktop,697.49,488.8,2,112.4,2,-85.68,610,DEV-E5FBD,0
TRX-57642,33.8,Games,Voucher,Desktop,55.63,1004.2,0,89.4,6,102.98,587,DEV-D268D,0
TRX-57643,31.9,Beleza,Cartao_Credito,Mobile,,1481.8,0,677.0,5,70.89,145,DEV-89038,1
TRX-57644,39.1,Beleza,Cartao_Credito,Desktop,31.51,1422.5,1,32.2,3,221.02,637,DEV-D74C6,0
TRX-57645,44.3,Eletronicos,Pix,Mobile,26.11,214.9,2,66.4,1,-171.08,375,DEV-ED520,0
TRX-57646,31.5,Vestuario,Cartao_Credito,Mobile,921.23,1167.1,1,69.6,5,151.28,878,DEV-8A932,0
TRX-57647,50.5, ELETRONICOS ,Boleto,Desktop,302.96,1259.3,0,170.4,7,64.08,181,DEV-E6F81,0
TRX-57648,52.1,eletronicos,Boleto,Mobile,406.59,593.0,1,183.2,5,-15.01,664,DEV-AB000,0
TRX-57649,52.5,Vestuario,Pix,Mobile,294.39,1373.5,0,39.6,6,-54.08,655,DEV-98871,0
TRX-57650,,Vestuario,Pix,Desktop,96.35,640.2,1,65.5,2,-62.27,697,DEV-C7BEB,0
TRX-57651,42.9,Vestuario,Cartao_Credito,Mobile,796.98,1785.4,0,55.9,6,11.65,872,DEV-2E693,0
TRX-57652,39.8, ELETRONICOS ,Voucher,Tablet,47.18,12.8,1,88.0,2,-40.17,334,DEV-561B4,1
TRX-57653,30.3,eletronicos,Boleto,Mobile,673.75,1187.8,1,8.2,1,9.72,513,DEV-800CD,0
TRX-57654,43.1,Eletronicos,Cartao_Credito,Desktop,,216.3,0,63.0,6,59.15,777,DEV-A40E4,0
TRX-57655,30.8, ELETRONICOS ,Pix,Desktop,357.69,195.4,0,86.2,6,-33.5,827,DEV-59658,0
TRX-57656,31.7,eletronicos,Pix,Desktop,244.82,1674.0,1,283.2,3,-246.26,576,DEV-72B2A,0
TRX-57657,33.8, ELETRONICOS ,Cartao_Credito,Mobile,506.08,1363.0,1,110.1,3,98.62,243,DEV-350B8,0
TRX-57658,45.3,eletronicos,Cartao_Credito,Mobile,,194.8,1,419.9,4,128.0,335,DEV-65379,1
TRX-57659,18.8, ELETRONICOS ,Pix,Mobile,1839.61,221.9,0,121.7,3,-8.08,253,DEV-3202C,1
TRX-57660,32.5,Games,Boleto,Mobile,629.33,794.9,0,159.7,4,-62.64,136,DEV-670E8,0
TRX-57661,47.0,Games,Cartao_Credito,Mobile,541.41,914.6,0,345.3,2,-102.86,566,DEV-706D8,0
TRX-57662,54.0,Eletronicos,Cartao_Credito,Desktop,81.49,986.3,0,19.8,3,-280.84,511,DEV-55173,0
TRX-57663,33.6,Vestuario,Boleto,Mobile,1433.29,776.2,0,238.6,4,167.19,806,DEV-D62A8,1
TRX-57664,27.0,Games,Boleto,SmartTV,1009.52,724.0,0,15.6,3,-172.8,429,DEV-D4B9F,0
TRX-57665,36.9, ELETRONICOS ,Boleto,Mobile,301.13,1660.7,1,102.0,4,-19.79,897,DEV-D1E12,0
TRX-57666,18.1,eletronicos,Boleto,Mobile,70.37,974.4,0,495.6,5,86.74,949,DEV-DD0D4,0
TRX-57667,48.3,Eletronicos,Cartao_Credito,Mobile,137.14,936.3,0,379.0,4,124.72,813,DEV-960A9,0
TRX-57668,41.9,Beleza,Boleto,Desktop,1126.75,559.5,1,126.1,1,35.19,255,DEV-AC72B,0
TRX-57669,32.1,Beleza,Cartao_Credito,SmartTV,1161.83,1501.9,3,162.2,4,-110.24,918,DEV-5759C,1
TRX-57670,19.7,Eletronicos,Cartao_Credito,Desktop,106.42,1377.1,3,199.2,8,103.72,149,DEV-3EC89,0
TRX-57671,49.6, ELETRONICOS ,Boleto,Mobile,384.19,680.2,1,26.2,3,43.33,447,DEV-34770,0
TRX-57672,23.5,eletronicos,Voucher,Mobile,630.58,142.2,0,50.6,4,206.15,446,DEV-DE5E9,0
TRX-57673,23.5,Games,Cartao_Credito,Desktop,299.09,632.2,2,59.1,0,-29.92,696,DEV-710FF,1
TRX-57674,51.6,Games,Pix,Mobile,480.68,1679.3,1,46.0,4,-30.14,574,DEV-BC7FB,0
TRX-57675,37.1, ELETRONICOS ,Cartao_Credito,Desktop,167.38,39.1,0,123.3,1,-295.7,259,DEV-55DA7,0
TRX-57676,43.7, ELETRONICOS ,Pix,Mobile,969.43,1664.8,3,264.2,3,199.96,961,DEV-33C2A,1
TRX-57677,,Eletronicos,Boleto,Tablet,1220.85,973.6,0,26.8,7,102.87,601,DEV-43D9A,0
TRX-57678,49.6,eletronicos,Pix,Tablet,,1070.9,0,61.2,3,-99.12,123,DEV-715C4,0
TRX-57679,28.4,Beleza,Cartao_Credito,Tablet,403.46,153.6,0,101.5,1,-85.69,187,DEV-D63AB,0
TRX-57680,35.4,Vestuario,Cartao_Credito,Mobile,847.19,227.6,1,31.9,1,-68.46,936,DEV-DABEA,1
TRX-57681,35.0,Eletronicos,Boleto,Desktop,1817.12,1422.4,0,335.2,1,0.13,144,DEV-B44E3,0
TRX-57682,22.8,Eletronicos,Cartao_Credito,Desktop,507.54,568.4,2,127.1,1,76.72,395,DEV-A1D39,1
TRX-57683,40.5, ELETRONICOS ,Cartao_Credito,Mobile,250.92,410.0,0,140.1,3,-17.32,591,DEV-A9910,0
TRX-57684,44.2,Vestuario,Cartao_Credito,Mobile,367.71,311.2,1,15.2,5,-80.32,618,DEV-73347,0
TRX-57685,33.4,Games,Cartao_Credito,Mobile,428.79,241.6,0,31.1,4,-4.41,421,DEV-37E68,0
TRX-57686,32.2, ELETRONICOS ,Boleto,Mobile,195.43,627.7,1,27.7,4,-97.1,808,DEV-ECCF9,0
TRX-57687,41.1,Beleza,Boleto,Mobile,118.96,1070.6,0,207.3,2,-172.95,805,DEV-79159,0
TRX-57688,26.1,eletronicos,Cartao_Credito,Mobile,524.02,793.8,0,159.7,5,266.65,720,DEV-BCF1E,0
TRX-57689,29.3,eletronicos,Boleto,Mobile,116.67,75.2,0,210.3,0,-155.14,395,DEV-C3259,0
TRX-57690,41.5,Vestuario,Cartao_Credito,Mobile,886.99,1069.1,0,30.2,6,-86.46,773,DEV-A91E7,0
TRX-57691,34.8,Eletronicos,Pix,Desktop,1008.11,1118.7,0,88.8,6,-252.94,934,DEV-385ED,0
TRX-57692,25.5,Eletronicos,Boleto,Desktop,568.37,1374.2,1,9.0,8,88.52,620,DEV-BFA7B,0
TRX-57693,40.9,Vestuario,Pix,SmartTV,2198.31,1223.7,1,28.3,4,-126.9,976,DEV-D2BC4,1
TRX-57694,36.7, ELETRONICOS ,Boleto,Mobile,,846.4,1,7.5,6,221.01,618,DEV-EE72C,0
TRX-57695,42.1, ELETRONICOS ,Cartao_Credito,Mobile,1148.71,1705.0,0,71.8,5,22.52,802,DEV-2BB8D,0
TRX-57696,63.7,Vestuario,Cartao_Credito,Mobile,670.96,125.0,0,267.6,3,-28.82,346,DEV-36F40,0
TRX-57697,14.9,Eletronicos,Cartao_Credito,Desktop,,763.3,0,39.2,4,-0.69,137,DEV-A018F,0
TRX-57698,40.4,Eletronicos,Pix,Mobile,216.07,738.7,0,103.1,3,136.06,692,DEV-F2504,0
TRX-57699,38.2,Eletronicos,Cartao_Credito,Desktop,335.81,593.0,2,129.9,4,71.45,223,DEV-4EF1D,0
TRX-57700,, ELETRONICOS ,Cartao_Credito,Desktop,79.23,1676.0,1,135.9,4,42.5,487,DEV-99FFB,0
TRX-57701,30.9,Games,Cartao_Credito,Tablet,1487.91,1561.0,0,54.0,2,-74.03,577,DEV-92A1D,0
TRX-57702,32.8,Games,Pix,Mobile,883.13,1573.1,1,43.4,5,40.97,554,DEV-71192,0
TRX-57703,40.0,eletronicos,Pix,Mobile,,175.1,0,92.2,7,11.45,365,DEV-480A4,0
TRX-57704,36.0,Eletronicos,Cartao_Credito,Mobile,386.03,570.7,0,217.9,3,43.05,215,DEV-98082,0
TRX-57705,32.3, ELETRONICOS ,Boleto,Mobile,1074.0,853.8,0,247.3,3,99.55,360,DEV-377C6,0
TRX-57706,52.6,Beleza,Voucher,Desktop,254.55,1326.9,1,18.7,3,12.36,282,DEV-E0A94,0
TRX-57707,42.3,Eletronicos,Cartao_Credito,Tablet,581.7,724.5,0,5.9,3,112.02,832,DEV-61B6E,0
TRX-57708,25.6,Beleza,Voucher,Mobile,2596.35,1660.1,0,51.4,2,-126.11,340,DEV-A0DBE,1
TRX-57709,,Games,Cartao_Credito,Desktop,176.12,366.8,0,240.1,4,-162.54,306,DEV-3E0FE,0
TRX-57710,34.5,Beleza,Cartao_Credito,Mobile,827.36,317.2,0,368.6,2,111.09,248,DEV-F1498,0
TRX-57711,47.7,Eletronicos,Boleto,Mobile,631.11,782.0,1,241.8,2,-56.57,204,DEV-6EEBA,1
TRX-57712,41.8,Beleza,Cartao_Credito,Mobile,375.83,819.3,1,17.5,1,27.84,377,DEV-199D4,0
TRX-57713,27.8,Beleza,Cartao_Credito,Tablet,54.66,141.4,1,461.2,2,18.96,164,DEV-A1178,1
TRX-57714,33.1,Eletronicos,Boleto,Mobile,427.14,513.3,0,82.3,2,-125.18,696,DEV-69B1D,1
TRX-57715,41.8,Vestuario,Boleto,Mobile,76.04,1089.4,1,111.9,0,59.99,815,DEV-7270D,0
TRX-57716,23.5,Eletronicos,Cartao_Credito,Mobile,368.29,597.6,2,93.3,3,-58.49,147,DEV-CCC59,0
TRX-57717,49.9, ELETRONICOS ,Boleto,Mobile,670.89,586.2,0,367.5,4,-71.42,307,DEV-EAB54,0
TRX-57718,46.1,Eletronicos,Boleto,Mobile,204.03,1545.6,0,216.2,7,48.87,390,DEV-7A502,0
TRX-57719,35.9, ELETRONICOS ,Pix,Mobile,1175.87,187.2,2,213.5,6,79.29,695,DEV-C7E31,1
TRX-57720,33.8,Eletronicos,Cartao_Credito,Desktop,982.55,923.7,1,273.3,3,80.76,198,DEV-C0195,1
TRX-57721,52.8,Games,Cartao_Credito,Desktop,30.69,1543.6,0,7.6,3,232.82,469,DEV-916DA,0
TRX-57722,43.0,Eletronicos,Cartao_Credito,Desktop,167.1,25.2,1,117.2,3,5.55,696,DEV-EFBD3,1
TRX-57723,39.9,Eletronicos,Pix,Desktop,576.27,1058.2,1,107.2,3,-105.52,960,DEV-BACEE,0
TRX-57724,50.0,eletronicos,Boleto,Desktop,545.39,773.6,1,65.2,3,-118.77,820,DEV-28FF2,0
TRX-57725,44.4,Beleza,Boleto,Mobile,83.03,412.3,0,126.7,3,-35.6,602,DEV-B4F5F,0
TRX-57726,32.0,Eletronicos,Cartao_Credito,Mobile,161.49,355.6,0,94.4,6,-16.11,855,DEV-CA504,0
TRX-57727,40.5,Vestuario,Cartao_Credito,Mobile,392.38,586.5,1,118.5,5,-16.49,211,DEV-66598,0
TRX-57728,27.3,Vestuario,Boleto,Mobile,677.65,518.2,1,190.0,2,-117.08,409,DEV-A8FCD,1
TRX-57729,27.2,Vestuario,Pix,Mobile,689.91,1631.8,0,172.1,5,-53.04,274,DEV-8D0ED,0
TRX-57730,36.7,Eletronicos,Boleto,Mobile,267.95,503.9,0,129.6,3,-158.43,411,DEV-EB014,0
TRX-57731,45.7, ELETRONICOS ,Cartao_Credito,Desktop,928.81,1506.2,1,75.6,5,-187.83,168,DEV-9090C,0
TRX-57732,49.4,Beleza,Boleto,Mobile,519.33,1476.2,0,37.0,2,-21.68,656,DEV-43174,0
TRX-57733,23.7,Games,Cartao_Credito,Mobile,194.97,211.4,1,388.9,3,132.01,994,DEV-95AA3,1
TRX-57734,56.7,Eletronicos,Boleto,Mobile,494.38,268.3,0,20.1,3,84.29,537,DEV-AF03A,0
TRX-57735,45.4,Eletronicos,Cartao_Credito,Desktop,231.45,1083.7,0,320.7,3,18.1,324,DEV-516F1,1
TRX-57736,34.4,Eletronicos,Cartao_Credito,Desktop,182.43,633.8,0,13.0,3,-143.4,616,DEV-4EAA9,0
TRX-57737,12.6, ELETRONICOS ,Cartao_Credito,Mobile,1469.08,37.2,0,88.6,1,116.7,368,DEV-ACE18,1
TRX-57738,45.7, ELETRONICOS ,Cartao_Credito,Mobile,896.77,1696.7,0,333.5,3,-1.17,735,DEV-BFC0A,0
TRX-57739,26.2,Eletronicos,Voucher,Mobile,625.98,656.6,1,32.5,3,290.52,598,DEV-58F88,0
TRX-57740,50.8,Vestuario,Pix,Mobile,25.05,1232.7,1,204.1,5,-26.51,160,DEV-A3472,0
TRX-57741,28.5,Vestuario,Cartao_Credito,Mobile,392.21,72.2,0,10.3,4,-30.94,167,DEV-9B974,0
TRX-57742,29.2,Games,Cartao_Credito,Mobile,702.68,961.8,1,291.9,2,-158.09,877,DEV-6277F,1
TRX-57743,42.6,Eletronicos,Boleto,Mobile,779.15,1464.4,1,1.6,2,-344.8,644,DEV-E0822,0
TRX-57744,34.3, ELETRONICOS ,Boleto,Desktop,1127.24,1208.8,0,150.8,3,-154.06,661,DEV-D01E7,0
TRX-57745,32.4, ELETRONICOS ,Cartao_Credito,Mobile,261.87,1539.1,0,117.0,2,-253.96,247,DEV-F39C1,0
TRX-57746,41.6, ELETRONICOS ,Cartao_Credito,Mobile,80.43,1529.5,2,280.2,0,-3.41,734,DEV-595DC,0
TRX-57747,36.1,Eletronicos,Pix,Desktop,1110.23,1270.9,0,126.7,5,-142.14,487,DEV-56378,0
TRX-57748,29.8,Games,Cartao_Credito,Mobile,,768.6,0,68.4,9,22.22,883,DEV-C870C,0
TRX-57749,43.0, ELETRONICOS ,Cartao_Credito,Mobile,94.89,866.8,1,39.7,2,99.26,622,DEV-46C47,0
TRX-57750,31.0,Vestuario,Boleto,Mobile,224.94,1278.1,1,63.7,2,23.72,247,DEV-B63CA,1
TRX-57751,,Vestuario,Cartao_Credito,Mobile,487.78,1633.1,0,64.3,4,-144.75,579,DEV-7E4BC,0
TRX-57752,29.6,Vestuario,Cartao_Credito,Desktop,53.89,1075.4,1,18.5,3,-213.12,750,DEV-52075,0
TRX-57753,27.3,Eletronicos,Pix,Mobile,412.37,1291.7,0,492.8,1,-39.49,179,DEV-4FF04,0
TRX-57754,23.3,Eletronicos,Cartao_Credito,SmartTV,231.54,1500.0,1,84.3,4,-41.91,438,DEV-2102C,0
TRX-57755,21.0,Beleza,Boleto,Desktop,29.87,161.1,1,21.1,9,69.96,244,DEV-5725F,0
TRX-57756,36.9,Beleza,Cartao_Credito,Desktop,2054.35,759.1,0,4.8,4,28.92,709,DEV-50C5E,0
TRX-57757,30.3,Vestuario,Cartao_Credito,Desktop,706.94,1104.6,0,289.3,1,75.65,952,DEV-594DC,0
TRX-57758,48.8, ELETRONICOS ,Cartao_Credito,Mobile,989.23,1340.1,1,142.8,3,8.71,315,DEV-D106E,1
TRX-57759,40.3,Eletronicos,Boleto,Desktop,437.38,1643.0,0,185.6,3,-26.24,660,DEV-99362,0
TRX-57760,28.3,eletronicos,Pix,Mobile,632.55,526.0,0,529.2,2,-272.47,566,DEV-1EBF0,1
TRX-57761,44.8,Eletronicos,Cartao_Credito,Desktop,97.06,994.5,1,32.5,5,-151.27,423,DEV-C85DC,0
TRX-57762,46.2, ELETRONICOS ,Pix,Mobile,575.38,1701.0,0,212.8,4,41.35,953,DEV-285C3,0
TRX-57763,27.7,Eletronicos,Pix,Mobile,98.72,1040.3,0,61.0,3,-139.16,722,DEV-F3D76,0
TRX-57764,35.4,Eletronicos,Cartao_Credito,Desktop,756.78,789.6,0,25.5,6,78.99,423,DEV-836E2,0
TRX-57765,45.8,Beleza,Cartao_Credito,Desktop,702.32,837.5,0,16.1,4,48.19,475,DEV-5EF83,0
TRX-57766,29.5, ELETRONICOS ,Pix,Mobile,382.08,1744.1,1,227.5,4,-53.35,810,DEV-214B7,0
TRX-57767,39.3,Beleza,Boleto,Mobile,246.11,492.9,0,316.0,2,-45.54,161,DEV-F24F0,1
TRX-57768,40.7,Vestuario,Boleto,Mobile,123.82,124.5,0,75.1,3,0.77,218,DEV-3F1D8,0
TRX-57769,36.4,Eletronicos,Boleto,Tablet,716.38,157.2,2,73.4,2,-80.15,668,DEV-64E3A,0
TRX-57770,24.8,Eletronicos,Cartao_Credito,Mobile,1877.87,810.3,1,102.8,5,-55.51,493,DEV-7EC2D,0
TRX-57771,48.4,Vestuario,Cartao_Credito,Mobile,401.32,521.4,1,115.8,2,78.9,899,DEV-4EBE7,0
TRX-57772,50.4,Eletronicos,Cartao_Credito,Desktop,1963.63,1516.8,0,106.4,3,39.32,413,DEV-3D6B2,1
TRX-57773,,Eletronicos,Cartao_Credito,Desktop,997.26,1764.8,0,171.4,0,65.46,957,DEV-33CCF,0
TRX-57774,34.2, ELETRONICOS ,Boleto,Desktop,1053.69,1094.5,0,9.0,5,-103.54,248,DEV-19E2A,0
TRX-57775,39.0,Beleza,Cartao_Credito,Desktop,972.46,1769.9,2,146.9,4,56.82,507,DEV-4A620,0
TRX-57776,27.3,Eletronicos,Cartao_Credito,Desktop,52.28,600.1,2,585.6,7,38.55,583,DEV-24205,0
TRX-57777,50.4,Beleza,Cartao_Credito,Mobile,1702.86,1212.4,1,125.4,4,-17.71,714,DEV-DAC92,1
TRX-57778,45.6,Eletronicos,Cartao_Credito,Desktop,941.27,1468.6,0,10.4,5,140.17,692,DEV-993F7,0
TRX-57779,47.2,Games,Pix,Desktop,,1349.7,1,364.0,3,56.68,639,DEV-9B47C,0
TRX-57780,25.7,Eletronicos,Pix,Desktop,162.61,790.9,0,532.9,3,91.43,178,DEV-B3E8E,0
TRX-57781,34.0,Vestuario,Cartao_Credito,Desktop,286.91,544.0,0,17.9,1,-35.1,261,DEV-74D3B,0
TRX-57782,42.0,Vestuario,Pix,Desktop,692.92,197.0,0,204.6,6,167.85,419,DEV-DC7C6,0
TRX-57783,29.7,Eletronicos,Pix,Mobile,696.52,428.0,0,37.6,4,102.22,223,DEV-EC411,0
TRX-57784,26.1,Eletronicos,Cartao_Credito,Desktop,509.79,983.3,0,56.1,2,57.5,367,DEV-A9227,0
TRX-57785,,Vestuario,Cartao_Credito,Mobile,734.35,507.9,1,15.1,7,83.5,270,DEV-828BD,0
TRX-57786,35.3,Beleza,Boleto,Mobile,332.0,106.0,0,91.5,8,78.85,462,DEV-EB8DB,0
TRX-57787,31.6,Eletronicos,Cartao_Credito,Mobile,1488.67,182.8,1,88.4,4,-55.02,817,DEV-8E747,1
TRX-57788,28.8,Beleza,Cartao_Credito,Mobile,20.52,659.0,1,47.9,1,181.78,603,DEV-E5F0E,0
TRX-57789,41.9,eletronicos,Cartao_Credito,Tablet,314.71,1588.6,1,88.6,3,1.9,391,DEV-506B9,0
TRX-57790,33.5,eletronicos,Cartao_Credito,Tablet,371.87,926.0,1,46.2,2,149.59,361,DEV-31671,0
TRX-57791,32.9,Beleza,Cartao_Credito,Mobile,386.82,1293.3,0,160.3,3,125.38,959,DEV-3666F,0
TRX-57792,26.0,Beleza,Pix,Desktop,215.43,990.4,1,195.0,3,91.08,598,DEV-29224,1
TRX-57793,53.2, ELETRONICOS ,Boleto,Mobile,509.97,1589.8,0,2.3,3,-228.55,373,DEV-7579A,0
TRX-57794,28.9,Eletronicos,Cartao_Credito,Mobile,393.71,513.2,0,49.2,5,211.71,323,DEV-AFD07,0
TRX-57795,54.6,Vestuario,Cartao_Credito,Mobile,366.8,1677.1,0,96.7,1,-101.49,478,DEV-A0238,0
TRX-57796,43.8, ELETRONICOS ,Boleto,Tablet,300.85,189.3,1,58.1,4,30.2,172,DEV-68490,0
TRX-57797,58.0,eletronicos,Boleto,SmartTV,1930.12,1541.2,0,139.2,1,-151.11,663,DEV-A494F,0
TRX-57798,29.9,Eletronicos,Pix,Tablet,1110.2,578.0,1,319.8,4,-226.13,592,DEV-5CFEE,1
TRX-57799,34.1,Eletronicos,Boleto,Desktop,597.16,1677.0,0,126.7,3,73.16,880,DEV-45C47,0
TRX-57800,46.1,Eletronicos,Pix,Tablet,212.83,647.8,0,178.2,0,217.25,641,DEV-624DD,0
TRX-57801,45.0, ELETRONICOS ,Boleto,Desktop,266.77,968.6,1,42.8,4,-159.46,276,DEV-CFA4A,0
TRX-57802,37.7,Games,Cartao_Credito,Mobile,115.9,1138.7,0,446.6,4,9.26,464,DEV-986B5,0
TRX-57803,25.9,Vestuario,Pix,Tablet,111.75,1351.6,1,40.2,3,118.44,375,DEV-A516D,0
TRX-57804,42.3,eletronicos,Cartao_Credito,Mobile,941.12,377.1,0,9.0,5,9.28,618,DEV-3C5B1,0
TRX-57805,32.2,Eletronicos,Cartao_Credito,Mobile,253.44,1248.5,0,161.1,3,-84.05,915,DEV-1A011,0
TRX-57806,35.5,Eletronicos,Pix,Mobile,182.65,822.1,0,359.7,2,9.51,918,DEV-67EC2,0
TRX-57807,28.4,Vestuario,Cartao_Credito,Mobile,334.67,379.0,0,125.0,3,-89.26,450,DEV-B2E67,0
TRX-57808,44.8,Vestuario,Voucher,Mobile,884.6,1695.1,0,59.2,6,36.09,595,DEV-1C64A,0
TRX-57809,4.7,Games,Boleto,Desktop,165.84,1438.9,0,361.0,4,-32.15,361,DEV-ABC3E,0
TRX-57810,28.2, ELETRONICOS ,Boleto,Desktop,390.23,713.0,1,153.6,4,123.98,343,DEV-678C4,0
TRX-57811,39.6, ELETRONICOS ,Cartao_Credito,Mobile,521.37,944.8,0,150.6,2,157.34,249,DEV-1A078,0
TRX-57812,46.2,Beleza,Pix,Mobile,900.07,1171.4,0,8.3,2,-9.53,765,DEV-69864,1
TRX-57813,42.3,Vestuario,Pix,Desktop,46.95,458.1,0,2.8,6,105.72,143,DEV-513B7,0
TRX-57814,33.4,Eletronicos,Boleto,Desktop,320.82,488.0,1,193.3,3,153.28,688,DEV-BED3A,0
TRX-57815,21.3,Vestuario,Boleto,Mobile,630.54,601.2,0,11.8,5,-2.68,554,DEV-9BA04,0
TRX-57816,49.4,Beleza,Cartao_Credito,Desktop,1233.61,59.3,1,63.6,1,-178.01,958,DEV-2A829,1
TRX-57817,35.5,Eletronicos,Boleto,Desktop,1594.67,1612.1,0,119.4,2,-109.76,788,DEV-5ACCE,0
TRX-57818,39.0,eletronicos,Pix,SmartTV,336.06,1672.1,0,163.3,5,-45.63,289,DEV-C5DC6,0
TRX-57819,19.8,Vestuario,Voucher,Tablet,34.14,90.4,0,40.2,4,-47.82,589,DEV-E478F,0
TRX-57820,37.8,Games,Boleto,Mobile,54.24,1352.3,0,308.1,1,-18.92,764,DEV-E27E5,0
TRX-57821,33.3,Eletronicos,Cartao_Credito,Desktop,520.9,1597.8,0,31.2,2,113.26,603,DEV-97439,0
TRX-57822,34.7,Beleza,Pix,Mobile,487.05,806.7,1,190.7,3,202.12,198,DEV-E68CA,1
TRX-57823,39.4,Games,Pix,Tablet,204.13,38.9,0,1.6,4,-229.77,262,DEV-C6816,0
TRX-57824,37.3,Eletronicos,Pix,Desktop,495.47,1616.8,1,2.5,4,-143.56,874,DEV-A5B8C,0
TRX-57825,18.1,Vestuario,Cartao_Credito,Desktop,733.5,796.0,0,132.1,3,61.21,758,DEV-CE7D3,0
TRX-57826,22.5,Vestuario,Cartao_Credito,Desktop,389.18,109.9,1,72.6,3,129.66,342,DEV-2786D,0
TRX-57827,33.5,Beleza,Pix,Mobile,85.88,1379.5,0,122.3,3,-33.16,900,DEV-A2B99,0
TRX-57828,31.0,Beleza,Voucher,Tablet,277.3,1243.3,0,23.1,5,38.27,826,DEV-C22A8,0
TRX-57829,40.9,Vestuario,Cartao_Credito,Tablet,704.52,1183.1,1,27.8,4,-97.87,619,DEV-2C638,0
TRX-57830,26.8, ELETRONICOS ,Voucher,Mobile,322.21,560.9,1,518.2,5,-173.14,820,DEV-6A105,0
TRX-57831,28.8,Eletronicos,Cartao_Credito,Mobile,83.75,963.0,0,113.1,3,-33.36,342,DEV-43312,0
TRX-57832,27.8,Beleza,Cartao_Credito,Mobile,411.48,118.2,0,13.9,4,-7.89,240,DEV-24655,0
TRX-57833,29.2,Games,Pix,Mobile,446.84,1535.8,0,105.6,5,-176.72,931,DEV-1F7F2,0
TRX-57834,63.5,Eletronicos,Cartao_Credito,Desktop,472.43,1046.8,0,8.9,1,65.53,798,DEV-6C0F5,0
TRX-57835,53.3,Beleza,Pix,Desktop,446.74,554.6,1,53.6,1,188.38,878,DEV-21BC4,0
TRX-57836,62.2,Eletronicos,Cartao_Credito,Mobile,297.87,609.5,0,334.9,5,126.99,899,DEV-2D5F5,0
TRX-57837,41.4,Beleza,Cartao_Credito,Mobile,543.66,746.0,1,146.3,6,-0.58,612,DEV-F0CA8,0
TRX-57838,,Eletronicos,Cartao_Credito,Mobile,112.49,335.9,1,67.6,7,244.89,992,DEV-5C43F,0
TRX-57839,23.0,Beleza,Cartao_Credito,Mobile,328.67,1107.7,0,140.6,2,283.58,320,DEV-D8DDC,0
TRX-57840,28.4,Eletronicos,Boleto,Desktop,244.7,1693.1,0,476.9,5,-50.49,311,DEV-254A7,0
TRX-57841,20.9,Beleza,Cartao_Credito,SmartTV,199.04,1709.7,2,125.2,7,108.51,837,DEV-21F8C,0
TRX-57842,,eletronicos,Pix,Desktop,426.12,238.6,0,285.1,6,-151.08,249,DEV-A4E49,0
TRX-57843,-5.0,Beleza,Boleto,Desktop,998.38,544.7,0,34.6,2,-176.89,870,DEV-50E09,0
TRX-57844,33.7,Beleza,Pix,Mobile,664.95,1496.0,0,261.8,3,-25.35,270,DEV-C78EB,0
TRX-57845,38.6, ELETRONICOS ,Cartao_Credito,Mobile,86.88,1405.3,0,467.8,5,29.31,444,DEV-EABB7,0
TRX-57846,33.1,Beleza,Cartao_Credito,Mobile,445.72,776.3,0,16.9,4,-95.85,582,DEV-B692E,0
TRX-57847,39.2,Vestuario,Cartao_Credito,Desktop,1329.13,805.3,0,252.7,1,65.49,129,DEV-7F297,1
TRX-57848,31.4,Eletronicos,Cartao_Credito,Desktop,1803.54,1072.9,2,114.5,4,34.65,365,DEV-B148E,1
TRX-57849,35.9,Eletronicos,Cartao_Credito,Desktop,632.49,362.1,1,45.0,4,-60.21,264,DEV-712F7,0
TRX-57850,,Beleza,Boleto,Tablet,585.89,1304.0,0,348.3,3,-161.79,403,DEV-C10F8,0
TRX-57851,63.2,Beleza,Cartao_Credito,Mobile,593.43,980.3,0,9.1,2,-65.12,766,DEV-1AE94,0
TRX-57852,44.6,Vestuario,Voucher,Mobile,955.01,315.9,0,554.5,7,-263.46,871,DEV-CFDCD,1
TRX-57853,41.8,Beleza,Cartao_Credito,Mobile,1259.38,1326.8,1,30.4,2,12.57,334,DEV-F3E98,0
TRX-57854,48.5,Vestuario,Boleto,Mobile,501.38,1546.0,0,506.7,6,-6.75,962,DEV-56D08,0
TRX-57855,39.1,Vestuario,Pix,Mobile,339.3,122.0,1,51.9,5,-62.85,151,DEV-F001F,0
TRX-57856,37.0, ELETRONICOS ,Cartao_Credito,Mobile,2042.59,1098.5,1,160.2,2,105.76,346,DEV-89782,1
TRX-57857,36.8, ELETRONICOS ,Pix,Mobile,222.8,633.7,1,480.1,5,-19.48,743,DEV-4D7DA,0
TRX-57858,39.8,Eletronicos,Cartao_Credito,Mobile,347.01,1264.0,0,558.5,4,-81.63,817,DEV-27869,0
TRX-57859,42.7,Beleza,Boleto,Desktop,1081.49,14.0,1,123.8,3,-88.53,633,DEV-8B82B,1
TRX-57860,25.9,Eletronicos,Pix,Mobile,64.61,1536.5,0,285.0,5,-127.93,547,DEV-8227B,0
TRX-57861,44.3,eletronicos,Pix,Desktop,400.24,786.0,5,173.1,5,21.07,503,DEV-63868,1
TRX-57862,36.5, ELETRONICOS ,Cartao_Credito,Tablet,399.61,1777.3,0,2.4,4,-125.38,351,DEV-50D57,0
TRX-57863,29.9,eletronicos,Voucher,Mobile,1045.42,1085.7,1,11.9,5,-94.62,494,DEV-9AFC4,0
TRX-57864,22.3,Vestuario,Cartao_Credito,Mobile,650.7,288.5,2,200.0,2,64.73,827,DEV-23C57,1
TRX-57865,24.5,Beleza,Cartao_Credito,Desktop,134.37,1024.3,2,3.7,3,16.33,249,DEV-70A01,1
TRX-57866,49.4,Eletronicos,Cartao_Credito,Mobile,273.35,906.6,2,0.6,4,27.99,575,DEV-9F46D,0
TRX-57867,35.1,Eletronicos,Boleto,Mobile,727.57,1299.1,0,133.8,6,-103.94,992,DEV-761ED,0
TRX-57868,26.5,Beleza,Cartao_Credito,Mobile,232.37,739.1,0,32.8,6,20.29,407,DEV-9460D,0
TRX-57869,42.6,Vestuario,Pix,Desktop,740.85,188.1,0,223.6,7,87.24,494,DEV-9CE39,0
TRX-57870,49.2,Beleza,Pix,Tablet,87.37,1242.8,1,43.9,3,-124.59,246,DEV-CF5C4,0
TRX-57871,47.1,Vestuario,Cartao_Credito,Mobile,174.73,1781.8,0,11.6,3,-8.86,738,DEV-CEC66,0
TRX-57872,38.3,Beleza,Cartao_Credito,Desktop,687.11,673.8,1,9.6,6,48.15,530,DEV-50E35,0
TRX-57873,50.4,Vestuario,Boleto,Tablet,61.51,32.8,0,14.8,2,-227.89,429,DEV-EB492,0
TRX-57874,,Eletronicos,Pix,Mobile,2142.58,340.9,0,218.4,5,-4.64,664,DEV-D091D,1
TRX-57875,15.5,Eletronicos,Cartao_Credito,Desktop,1081.74,1493.9,1,1.9,2,97.59,611,DEV-99BFD,0
TRX-57876,35.4,Vestuario,Boleto,Desktop,610.72,1595.2,1,238.9,3,190.23,431,DEV-97F68,0
TRX-57877,58.6, ELETRONICOS ,Cartao_Credito,Mobile,214.76,1008.0,1,12.0,2,-127.04,393,DEV-E5DA5,0
TRX-57878,,Vestuario,Cartao_Credito,Mobile,738.83,1547.5,0,36.0,2,12.32,692,DEV-8CABE,0
TRX-57879,37.3, ELETRONICOS ,Boleto,SmartTV,503.34,1050.2,2,38.6,4,154.52,145,DEV-1FE2D,0
TRX-57880,53.3,Beleza,Cartao_Credito,Mobile,,829.5,1,4.8,4,-65.43,864,DEV-DAB0F,0
TRX-57881,24.7,Beleza,Cartao_Credito,Mobile,566.19,1418.7,2,40.9,6,-62.45,118,DEV-A77FF,0
TRX-57882,39.2,Games,Pix,Mobile,71.18,789.4,0,36.8,5,64.41,578,DEV-2A9AB,0
TRX-57883,54.9,Beleza,Pix,Mobile,1329.7,81.7,0,346.3,6,-108.83,953,DEV-96AEE,1
TRX-57884,49.8,eletronicos,Cartao_Credito,Mobile,230.18,316.8,4,54.8,2,-75.64,208,DEV-1D511,1
TRX-57885,22.6,Games,Boleto,Mobile,,221.2,3,38.6,3,-132.74,961,DEV-EF93C,0
TRX-57886,37.9,Eletronicos,Voucher,Mobile,241.0,45.7,1,248.3,4,53.63,370,DEV-8104D,0
TRX-57887,38.2,Eletronicos,Boleto,Desktop,310.35,400.2,0,266.6,2,36.18,346,DEV-80AC0,0
TRX-57888,52.0,Eletronicos,Cartao_Credito,Mobile,123.19,563.4,1,145.7,6,84.66,331,DEV-1B897,0
TRX-57889,42.7,eletronicos,Cartao_Credito,Mobile,204.31,1425.6,0,98.4,3,278.54,332,DEV-492F9,0
TRX-57890,29.2,Beleza,Cartao_Credito,Desktop,292.15,725.2,1,10.6,3,26.6,831,DEV-74350,0
TRX-57891,22.5,Vestuario,Cartao_Credito,Mobile,118.37,1780.6,0,6.0,3,-151.79,431,DEV-233EA,0
TRX-57892,46.9,Beleza,Voucher,Desktop,541.7,435.3,0,312.6,3,-121.48,758,DEV-94B19,0
TRX-57893,36.8,eletronicos,Boleto,Mobile,110.24,426.8,0,30.9,2,-120.98,513,DEV-B7AAE,0
TRX-57894,47.7,Beleza,Pix,Mobile,112.51,1156.2,1,61.6,6,84.14,787,DEV-B2042,0
TRX-57895,48.0,Beleza,Pix,Mobile,,1579.5,0,162.8,4,-180.19,448,DEV-4D810,0
TRX-57896,31.5,Eletronicos,Boleto,Desktop,1851.32,1363.0,2,34.9,1,-62.08,916,DEV-5FDC5,1
TRX-57897,35.7,Games,Cartao_Credito,Mobile,414.36,1579.7,0,33.7,6,196.55,989,DEV-19EA7,0
TRX-57898,41.1, ELETRONICOS ,Cartao_Credito,Desktop,293.31,1312.3,0,341.8,2,-7.05,840,DEV-76CD2,0
TRX-57899,36.0,Beleza,Boleto,Mobile,901.42,159.6,0,106.0,6,48.31,716,DEV-75468,1
TRX-57900,44.2,eletronicos,Pix,Mobile,539.15,800.7,0,38.1,3,-67.67,471,DEV-6EBF9,0
TRX-57901,40.7,Eletronicos,Cartao_Credito,Mobile,450.55,251.0,0,202.7,1,-79.02,351,DEV-4E8EE,1
TRX-57902,15.8,Eletronicos,Cartao_Credito,Desktop,,1680.8,0,28.8,2,135.68,565,DEV-932D8,0
TRX-57903,43.7,Eletronicos,Cartao_Credito,Mobile,2490.09,463.0,0,18.1,3,-9.54,286,DEV-925AA,1
TRX-57904,39.4,Eletronicos,Cartao_Credito,Mobile,1149.11,880.9,1,14.8,4,112.09,826,DEV-DE846,0
TRX-57905,,Eletronicos,Boleto,SmartTV,2204.9,182.3,0,75.3,2,48.47,862,DEV-22526,1
TRX-57906,28.0,Eletronicos,Cartao_Credito,Mobile,,1250.2,2,118.6,9,-105.52,697,DEV-BF450,0
TRX-57907,38.2,Games,Pix,Desktop,733.92,668.2,0,122.9,3,33.8,689,DEV-2D16C,0
TRX-57908,34.4,Games,Cartao_Credito,Mobile,850.1,987.8,0,687.0,8,67.34,965,DEV-91974,0
TRX-57909,28.7,Games,Cartao_Credito,Mobile,35.21,56.6,0,106.9,2,50.81,995,DEV-AFEA7,0
TRX-57910,25.2,Vestuario,Pix,Mobile,589.0,103.8,1,19.7,1,130.95,976,DEV-1BC6F,0
TRX-57911,24.8,Beleza,Voucher,Desktop,324.51,1323.7,1,133.3,4,-118.22,121,DEV-8ECBB,0
TRX-57912,,Eletronicos,Pix,Mobile,1324.94,1237.8,0,182.0,7,62.52,184,DEV-761F6,0
TRX-57913,40.0,Games,Voucher,Desktop,96.79,25.1,0,20.5,4,-76.88,746,DEV-B454E,0
TRX-57914,54.1,Eletronicos,Voucher,Mobile,33.08,1770.1,0,7.8,5,-11.44,151,DEV-BF4B3,0
TRX-57915,31.5, ELETRONICOS ,Cartao_Credito,Mobile,518.04,1626.6,0,166.8,3,-161.54,996,DEV-CCA54,0
TRX-57916,50.6,Eletronicos,Boleto,Tablet,755.27,13.6,0,484.5,5,159.73,748,DEV-B15AF,0
TRX-57917,20.6,eletronicos,Cartao_Credito,Mobile,608.19,740.1,0,36.5,4,46.14,790,DEV-3B148,0
TRX-57918,35.5,Games,Boleto,Mobile,423.92,307.3,1,187.7,8,-85.33,992,DEV-B0247,0
TRX-57919,31.7,Eletronicos,Boleto,Mobile,1718.41,269.5,1,204.5,2,9.07,647,DEV-2CA0F,1
TRX-57920,43.1, ELETRONICOS ,Cartao_Credito,Mobile,24.03,675.3,1,231.1,3,62.74,987,DEV-8AA51,0
TRX-57921,32.8,Eletronicos,Cartao_Credito,Desktop,150.0,490.1,1,4.0,5,-32.1,767,DEV-BA415,0
TRX-57922,28.1,Eletronicos,Cartao_Credito,Mobile,390.98,248.2,0,14.8,3,66.6,844,DEV-775FC,0
TRX-57923,49.6,Vestuario,Cartao_Credito,Mobile,51.91,1658.8,0,168.6,4,-60.72,158,DEV-BBD86,0
TRX-57924,53.7,Games,Pix,Tablet,2439.47,335.1,1,399.4,5,196.89,365,DEV-27485,1
TRX-57925,16.0, ELETRONICOS ,Cartao_Credito,Mobile,264.07,1168.2,0,102.2,6,249.36,396,DEV-6B2FE,0
TRX-57926,,eletronicos,Pix,Mobile,257.47,180.5,2,58.5,5,-99.73,857,DEV-23321,1
TRX-57927,46.5, ELETRONICOS ,Cartao_Credito,Mobile,912.75,889.2,1,125.7,1,141.37,905,DEV-AA689,0
TRX-57928,18.9,Vestuario,Pix,Tablet,474.69,71.8,2,19.9,7,91.9,725,DEV-AD2BE,0
TRX-57929,55.7,eletronicos,Boleto,Desktop,250.22,304.4,2,64.8,2,-50.68,832,DEV-90C9E,1
TRX-57930,38.5,Beleza,Pix,Mobile,533.82,672.9,0,73.2,5,-79.34,397,DEV-22028,0
TRX-57931,24.4,Vestuario,Cartao_Credito,Desktop,884.05,886.0,0,186.7,2,-85.6,352,DEV-6E226,1
TRX-57932,22.9,Games,Cartao_Credito,Mobile,25.91,1175.3,0,31.1,1,-4.57,904,DEV-40DD7,0
TRX-57933,40.0,Eletronicos,Cartao_Credito,Mobile,9999999.0,317.8,0,297.4,3,-7.46,756,DEV-E635C,1
TRX-57934,,Beleza,Cartao_Credito,Desktop,1745.9,338.6,1,262.0,5,31.56,536,DEV-7E5FC,1
TRX-57935,39.3,Vestuario,Pix,Mobile,1552.18,119.5,1,65.0,2,3.61,639,DEV-9F607,1
TRX-57936,34.8,Games,Cartao_Credito,SmartTV,217.79,274.5,0,374.7,3,-90.2,969,DEV-5F03D,0
TRX-57937,44.9,Vestuario,Cartao_Credito,Desktop,191.05,1039.9,0,21.8,5,-28.51,453,DEV-D33EC,0
TRX-57938,28.5,Games,Cartao_Credito,Desktop,74.38,129.8,1,13.8,2,-116.11,810,DEV-3D7C7,0
TRX-57939,30.1,Beleza,Cartao_Credito,Desktop,75.08,211.2,0,750.6,3,-93.88,308,DEV-CE20F,1
TRX-57940,41.0,Eletronicos,Cartao_Credito,Mobile,545.6,237.9,0,107.1,6,107.26,429,DEV-DE212,0
TRX-57941,46.0, ELETRONICOS ,Voucher,Mobile,37.71,1118.3,0,237.6,5,-26.36,688,DEV-64C84,0
TRX-57942,32.8, ELETRONICOS ,Pix,Mobile,397.79,949.3,0,100.5,8,87.06,117,DEV-BFCA5,0
TRX-57943,34.1,Vestuario,Cartao_Credito,Mobile,618.01,551.5,0,15.7,5,85.29,834,DEV-5658E,0
TRX-57944,29.4,eletronicos,Cartao_Credito,Tablet,229.64,1660.4,0,48.5,4,138.08,586,DEV-793CC,0
TRX-57945,57.4,Games,Cartao_Credito,Desktop,717.26,1335.8,1,15.7,1,-151.56,396,DEV-DBCEE,0
TRX-57946,34.0,Games,Cartao_Credito,Mobile,76.85,68.3,1,149.3,3,300.55,111,DEV-6BBFA,0
TRX-57947,49.7,eletronicos,Cartao_Credito,Mobile,96.78,1778.0,1,83.0,1,-46.26,626,DEV-F1C40,0
TRX-57948,44.0, ELETRONICOS ,Boleto,Mobile,698.1,991.1,1,29.0,2,173.99,111,DEV-3506D,0
TRX-57949,,Eletronicos,Boleto,Tablet,557.29,828.9,0,21.9,2,-140.74,865,DEV-E4922,0
TRX-57950,25.1,Eletronicos,Cartao_Credito,Mobile,229.49,454.5,0,75.0,2,90.6,133,DEV-E37E4,0
TRX-57951,48.0,Eletronicos,Cartao_Credito,Desktop,766.98,824.9,1,188.2,6,-82.96,620,DEV-55FDC,0
TRX-57952,38.1,Games,Cartao_Credito,Mobile,200.43,1271.8,2,21.5,8,-20.39,248,DEV-A0EDA,0
TRX-57953,24.8,Beleza,Pix,Mobile,,1438.3,0,289.9,3,93.53,339,DEV-C0381,0
TRX-57954,53.7,Eletronicos,Cartao_Credito,Desktop,152.91,1336.3,1,311.3,2,315.16,990,DEV-8A936,1
TRX-57955,45.5, ELETRONICOS ,Cartao_Credito,Desktop,726.83,1595.1,1,98.0,2,135.78,496,DEV-4AC44,0
TRX-57956,999.0, ELETRONICOS ,Cartao_Credito,Tablet,,805.8,1,235.9,2,-69.75,105,DEV-8CB9A,1
TRX-57957,34.8,Eletronicos,Cartao_Credito,Tablet,688.52,1326.9,0,366.4,6,-6.66,701,DEV-3DF85,1
TRX-57958,35.3,eletronicos,Cartao_Credito,Desktop,364.82,1213.1,0,223.9,3,-61.25,855,DEV-DEEED,0
TRX-57959,51.3,Eletronicos,Pix,Mobile,431.01,661.2,1,1.9,3,-0.34,505,DEV-5D5C6,0
TRX-57960,44.3,eletronicos,Voucher,Mobile,55.45,384.0,1,218.9,3,88.45,946,DEV-E53F0,0
TRX-57961,31.3, ELETRONICOS ,Cartao_Credito,Mobile,1399.57,1705.4,1,2.4,4,264.83,252,DEV-AFC7F,0
TRX-57962,40.8,eletronicos,Boleto,Mobile,135.79,670.0,0,46.8,3,74.81,386,DEV-77D77,0
TRX-57963,58.8,Eletronicos,Pix,Mobile,,21.4,1,790.5,3,58.06,600,DEV-86E04,1
TRX-57964,42.2, ELETRONICOS ,Cartao_Credito,Desktop,617.41,257.2,2,3.1,3,208.06,939,DEV-F201B,0
TRX-57965,44.9,Beleza,Cartao_Credito,Desktop,258.48,461.2,0,119.4,3,114.53,937,DEV-C6614,0
TRX-57966,33.9,Vestuario,Cartao_Credito,Mobile,1850.55,1120.3,1,48.8,3,26.62,665,DEV-A9F96,0
TRX-57967,39.3,Eletronicos,Cartao_Credito,Mobile,276.29,174.7,0,161.8,4,-117.88,439,DEV-24B94,0
TRX-57968,38.7,Eletronicos,Cartao_Credito,Mobile,1832.49,790.0,3,90.0,7,186.17,158,DEV-2B1A2,0
TRX-57969,30.3,Beleza,Pix,Mobile,603.12,1321.8,0,30.0,3,-130.11,301,DEV-B8916,0
TRX-57970,32.6,eletronicos,Cartao_Credito,Mobile,2329.1,911.8,1,341.0,5,-38.72,657,DEV-3018B,1
TRX-57971,47.0,Eletronicos,Pix,Mobile,75.39,1141.7,1,187.7,2,-41.56,891,DEV-D804F,0
TRX-57972,23.1,eletronicos,Cartao_Credito,Desktop,2448.58,233.0,0,167.5,4,179.45,325,DEV-9CA15,1
TRX-57973,41.9,Eletronicos,Cartao_Credito,Tablet,417.12,102.9,0,104.6,7,-135.21,611,DEV-CE938,0
TRX-57974,47.3,eletronicos,Pix,Mobile,,1588.1,1,362.3,5,-27.57,625,DEV-1B687,0
TRX-57975,42.0, ELETRONICOS ,Boleto,Mobile,740.59,865.9,2,119.6,5,42.88,739,DEV-91936,1
TRX-57976,46.3, ELETRONICOS ,Boleto,Mobile,1092.38,740.7,2,386.1,4,-107.8,941,DEV-F2FBD,1
TRX-57977,,eletronicos,Boleto,Desktop,1528.88,914.0,2,101.2,6,30.78,135,DEV-8AEB7,1
TRX-57978,41.4,Beleza,Pix,Desktop,1017.23,999.6,0,15.6,1,-34.22,514,DEV-1ECC7,0
TRX-57979,34.2,Vestuario,Boleto,Desktop,486.28,431.7,1,68.1,2,-57.56,844,DEV-433AB,0
TRX-57980,35.5,Vestuario,Cartao_Credito,Mobile,1134.98,291.3,1,15.6,4,145.42,584,DEV-DD9BE,1
TRX-57981,47.0,Games,Boleto,Tablet,793.57,767.7,1,180.7,3,-159.42,228,DEV-8F3B1,0
TRX-57982,,Games,Cartao_Credito,Mobile,649.66,432.0,1,140.9,3,-8.01,471,DEV-B7305,0
TRX-57983,53.9,Vestuario,Boleto,SmartTV,488.95,651.4,0,272.9,2,106.08,816,DEV-E51C8,0
TRX-57984,29.1, ELETRONICOS ,Boleto,Desktop,334.79,1117.4,1,49.4,4,-198.24,887,DEV-75999,0
TRX-57985,55.7,Beleza,Pix,Mobile,39.03,1145.6,0,19.1,6,-76.47,837,DEV-AFD13,0
TRX-57986,25.3,Vestuario,Pix,Mobile,21.41,1355.3,1,29.7,5,25.02,638,DEV-B92D0,0
TRX-57987,41.6,Eletronicos,Boleto,Tablet,159.09,654.2,0,47.0,3,127.5,424,DEV-64844,0
TRX-57988,28.9,Eletronicos,Cartao_Credito,Mobile,708.95,763.5,0,79.1,5,17.91,365,DEV-21DEA,0
TRX-57989,36.0,Beleza,Pix,Desktop,918.21,715.5,1,73.7,3,-0.75,889,DEV-D1621,1
TRX-57990,39.1,Vestuario,Cartao_Credito,Desktop,2748.46,27.7,2,119.1,8,-171.39,830,DEV-44E1B,1
TRX-57991,,eletronicos,Cartao_Credito,Mobile,1806.75,1543.7,2,61.6,7,-244.59,851,DEV-38BC1,0
TRX-57992,38.6,eletronicos,Pix,Tablet,1738.6,339.1,2,246.7,5,142.31,722,DEV-EE3D1,1
TRX-57993,55.1,Eletronicos,Cartao_Credito,Mobile,90.89,443.7,1,71.0,4,-303.18,730,DEV-70210,0
TRX-57994,34.9,Vestuario,Voucher,Mobile,1452.01,679.9,0,200.4,4,77.65,713,DEV-BFF30,0
TRX-57995,32.7, ELETRONICOS ,Cartao_Credito,Tablet,1404.17,1402.1,1,112.4,2,25.19,329,DEV-C48CE,0
TRX-57996,47.4,Vestuario,Pix,Desktop,137.71,1671.2,0,188.9,1,27.94,678,DEV-E2BB3,0
TRX-57997,36.6,Beleza,Cartao_Credito,Mobile,495.9,905.6,0,536.0,3,-5.1,252,DEV-A6A9F,1
TRX-57998,31.7,Games,Cartao_Credito,Mobile,1449.63,1586.5,0,158.1,6,-130.55,150,DEV-EB93F,0
TRX-57999,40.4, ELETRONICOS ,Cartao_Credito,Mobile,81.49,896.9,0,533.3,2,-7.5,141,DEV-58373,1
TRX-58000,35.0, ELETRONICOS ,Voucher,Tablet,58.7,1156.9,0,224.0,6,29.51,929,DEV-732A0,0
TRX-58001,48.7,Games,Boleto,Mobile,1282.72,383.7,0,157.6,2,-148.13,850,DEV-336C5,1
TRX-58002,40.1,Games,Cartao_Credito,Mobile,1376.3,560.7,1,116.0,2,-80.34,908,DEV-F35F9,0
TRX-58003,46.6,Beleza,Cartao_Credito,Desktop,50.89,816.5,1,48.3,5,-26.2,157,DEV-84EA8,0
TRX-58004,25.5,Vestuario,Cartao_Credito,Mobile,173.4,64.8,0,192.8,2,171.56,730,DEV-7DFE0,0
TRX-58005,32.3,Eletronicos,Cartao_Credito,Mobile,1511.39,1590.5,0,100.4,2,-62.61,510,DEV-9A3AF,0
TRX-58006,, ELETRONICOS ,Pix,Mobile,139.48,1399.9,0,7.3,6,91.45,481,DEV-4E4A0,0
TRX-58007,27.7,Eletronicos,Cartao_Credito,Mobile,853.5,420.6,0,210.5,2,-65.67,341,DEV-1E17D,0
TRX-58008,29.3,Games,Boleto,Desktop,240.69,1656.0,2,149.5,3,-70.69,440,DEV-AF8F0,0
TRX-58009,26.9,Beleza,Cartao_Credito,Desktop,1690.1,1783.3,2,39.3,3,-155.57,751,DEV-B984C,0
TRX-58010,36.1,eletronicos,Cartao_Credito,Mobile,643.49,1052.3,0,30.1,3,138.07,886,DEV-CE14E,0
TRX-58011,42.8,Beleza,Cartao_Credito,Mobile,1856.26,652.6,0,70.1,4,-260.68,537,DEV-C9B44,0
TRX-58012,40.0,Beleza,Cartao_Credito,Mobile,1022.73,585.9,0,18.7,3,108.38,330,DEV-EC346,0
TRX-58013,49.7,Eletronicos,Cartao_Credito,Desktop,362.13,954.1,0,73.2,4,-141.12,970,DEV-73911,0
TRX-58014,19.5, ELETRONICOS ,Cartao_Credito,Mobile,2013.49,1788.0,0,50.2,5,-70.35,998,DEV-BF8DF,0
TRX-58015,54.1,Beleza,Voucher,Mobile,373.59,834.9,0,729.1,4,-34.94,800,DEV-9F1FD,1
TRX-58016,41.0,eletronicos,Cartao_Credito,Mobile,213.67,21.8,0,118.3,2,-48.32,455,DEV-BB8D3,0
TRX-58017,26.6,Vestuario,Cartao_Credito,SmartTV,1176.31,397.0,3,94.4,4,90.24,556,DEV-B3EB2,1
TRX-58018,27.5,Eletronicos,Cartao_Credito,Mobile,715.6,221.0,0,327.2,4,99.34,826,DEV-B25BA,1
TRX-58019,40.4,Eletronicos,Cartao_Credito,Mobile,105.88,1214.9,1,364.5,4,0.22,352,DEV-9A182,0
TRX-58020,49.7,Eletronicos,Cartao_Credito,Mobile,29.43,24.0,1,34.2,2,-22.54,459,DEV-44623,1
TRX-58021,55.2,eletronicos,Cartao_Credito,Mobile,415.36,1721.2,0,20.6,7,-161.89,465,DEV-AAF2B,0
TRX-58022,24.9, ELETRONICOS ,Cartao_Credito,Desktop,768.54,217.1,0,240.6,6,-82.34,346,DEV-3FD64,0
TRX-58023,48.2,Games,Cartao_Credito,Mobile,1269.57,87.5,3,31.7,2,-112.26,323,DEV-2E8A8,1
TRX-58024,49.9, ELETRONICOS ,Voucher,Mobile,2055.89,70.1,0,86.1,5,57.45,193,DEV-231EE,0
TRX-58025,33.6,Eletronicos,Cartao_Credito,Desktop,999.14,1474.6,0,33.2,2,188.84,524,DEV-C7856,1
TRX-58026,46.8,Eletronicos,Boleto,Desktop,1280.04,599.9,2,314.7,3,86.52,622,DEV-4B484,1
TRX-58027,16.9,Eletronicos,Pix,Desktop,354.52,161.4,1,115.6,4,-186.5,990,DEV-969EE,0
TRX-58028,22.8, ELETRONICOS ,Voucher,Mobile,62.08,1376.3,0,366.7,7,-48.38,960,DEV-5031D,0
TRX-58029,36.5,eletronicos,Cartao_Credito,Mobile,481.4,1715.6,0,28.3,1,99.67,730,DEV-C9594,0
TRX-58030,40.8,Eletronicos,Boleto,Mobile,558.22,669.7,1,591.2,4,334.73,395,DEV-CC2F4,1
TRX-58031,28.7,Eletronicos,Cartao_Credito,Mobile,472.36,1709.3,0,643.8,3,22.33,377,DEV-500E8,0
TRX-58032,29.9,Vestuario,Boleto,Desktop,73.31,101.3,1,459.5,3,19.13,723,DEV-C7696,1
TRX-58033,7.1,eletronicos,Boleto,Mobile,328.5,668.2,0,13.5,0,-111.26,927,DEV-E8D6D,0
TRX-58034,32.8, ELETRONICOS ,Pix,Desktop,83.05,1469.5,2,223.4,6,-181.26,120,DEV-AEE77,0
TRX-58035,31.7,Eletronicos,Cartao_Credito,Mobile,2264.51,1257.4,0,3.3,1,-72.06,839,DEV-70A0C,1
TRX-58036,, ELETRONICOS ,Boleto,Mobile,145.91,444.1,2,160.2,5,214.28,315,DEV-9A964,1
TRX-58037,25.2,Eletronicos,Boleto,Desktop,215.93,660.1,2,137.3,3,9.22,526,DEV-A4378,1
TRX-58038,26.2,Games,Pix,Mobile,232.26,1412.4,1,129.6,4,-65.66,336,DEV-ED2A6,0
TRX-58039,18.4, ELETRONICOS ,Boleto,Mobile,,1111.2,0,12.5,2,-87.86,795,DEV-199E3,0
TRX-58040,24.1, ELETRONICOS ,Cartao_Credito,Mobile,966.91,310.1,2,236.9,6,-16.69,252,DEV-48C0E,1
TRX-58041,39.6,Beleza,Cartao_Credito,Mobile,203.31,1649.2,0,47.5,3,166.05,873,DEV-98FD9,0
TRX-58042,27.1,Beleza,Cartao_Credito,Desktop,1128.0,1431.8,0,247.2,4,-40.93,160,DEV-296E8,0
TRX-58043,44.2,Eletronicos,Boleto,Mobile,57.12,1230.2,0,38.2,5,-17.13,692,DEV-AC937,0
TRX-58044,35.7,eletronicos,Pix,Mobile,819.47,695.6,1,301.9,1,-250.52,498,DEV-72EE4,1
TRX-58045,51.3,Vestuario,Cartao_Credito,Mobile,,417.0,0,337.6,8,123.22,363,DEV-C0887,0
TRX-58046,25.3,Beleza,Cartao_Credito,Desktop,26.06,1502.3,0,32.1,5,-49.18,948,DEV-E209C,0
TRX-58047,16.5,Vestuario,Pix,Desktop,162.29,729.9,1,86.6,4,-5.41,386,DEV-8AA77,0
TRX-58048,25.7,Vestuario,Cartao_Credito,Desktop,340.68,113.2,1,203.7,4,-83.32,595,DEV-E7164,0
TRX-58049,54.7,Eletronicos,Cartao_Credito,Desktop,158.11,436.6,0,77.5,0,354.18,547,DEV-53165,0
TRX-58050,40.5,Eletronicos,Boleto,Mobile,1266.75,1255.3,1,14.1,4,141.41,983,DEV-EC812,1
TRX-58051,28.2,Vestuario,Boleto,Mobile,225.3,1795.8,0,190.6,3,205.02,859,DEV-C7CCF,0
TRX-58052,44.7,Vestuario,Boleto,Desktop,156.08,1032.2,1,796.3,3,-103.08,253,DEV-65F37,1
TRX-58053,29.9,Eletronicos,Boleto,Desktop,128.01,1526.0,0,310.0,6,-30.08,193,DEV-CA6C0,0
TRX-58054,44.0,eletronicos,Pix,SmartTV,853.46,789.9,2,15.3,2,226.68,742,DEV-7E02F,0
TRX-58055,33.7, ELETRONICOS ,Cartao_Credito,Tablet,1299.13,1175.8,0,19.4,4,-182.2,409,DEV-984D2,0
TRX-58056,23.6, ELETRONICOS ,Cartao_Credito,Tablet,82.86,656.0,1,11.6,4,-93.52,940,DEV-AC8B7,0
TRX-58057,36.0,eletronicos,Pix,Mobile,1700.21,13.4,1,586.1,4,150.34,606,DEV-7627E,1
TRX-58058,38.3,Eletronicos,Boleto,Desktop,1065.71,567.8,0,88.1,2,-103.4,388,DEV-96D47,0
TRX-58059,35.6,Vestuario,Pix,Mobile,102.62,1686.6,1,120.5,4,-44.58,381,DEV-49051,0
TRX-58060,29.6,Vestuario,Boleto,Mobile,855.01,1185.9,0,175.0,5,236.21,718,DEV-5E5FB,1
TRX-58061,32.8,Eletronicos,Cartao_Credito,Mobile,3029.96,655.1,0,62.8,3,-47.22,326,DEV-45FC7,1
TRX-58062,35.1,Beleza,Cartao_Credito,Mobile,306.42,754.4,1,18.9,7,-118.03,972,DEV-C74E3,0
TRX-58063,35.7,Games,Cartao_Credito,Desktop,855.89,825.7,0,32.9,3,-53.51,475,DEV-8AF6F,0
TRX-58064,51.4,eletronicos,Cartao_Credito,Mobile,68.09,825.9,0,290.9,3,-117.21,904,DEV-D1EF4,1
TRX-58065,35.9,eletronicos,Cartao_Credito,Mobile,1417.07,217.7,0,247.3,3,209.97,243,DEV-70E42,1
TRX-58066,20.6,Eletronicos,Boleto,Desktop,581.46,395.5,0,1.1,6,222.43,310,DEV-E4791,0
TRX-58067,51.6,Vestuario,Cartao_Credito,Mobile,269.54,1030.8,0,176.7,4,-56.08,883,DEV-9E2F4,0
TRX-58068,30.3,Games,Pix,Desktop,,360.6,0,136.0,6,-9.23,374,DEV-6CBE7,0
TRX-58069,32.4,Eletronicos,Cartao_Credito,Mobile,1365.57,331.0,2,44.9,0,-41.3,952,DEV-6E5D6,1
TRX-58070,22.8,Eletronicos,Pix,Mobile,200.75,516.7,0,244.5,3,122.15,133,DEV-D1702,0
TRX-58071,25.7,Games,Boleto,Mobile,,1356.2,0,252.1,4,81.8,650,DEV-9E2FE,0
TRX-58072,21.8,Games,Pix,Mobile,193.1,1391.4,0,471.2,4,45.22,370,DEV-DA757,0
TRX-58073,36.5,Beleza,Cartao_Credito,Mobile,98.08,1550.0,0,377.2,6,23.31,842,DEV-BB4A8,0
TRX-58074,57.2,Eletronicos,Pix,Mobile,456.09,955.4,0,387.4,2,-180.94,326,DEV-61BD9,0
TRX-58075,28.2,Eletronicos,Boleto,Desktop,602.89,475.1,0,100.8,2,201.18,248,DEV-81C76,0
TRX-58076,33.6,eletronicos,Pix,Desktop,399.4,1046.1,0,179.7,5,112.96,170,DEV-C5C88,0
TRX-58077,39.5, ELETRONICOS ,Boleto,Mobile,59.66,1353.5,1,238.5,1,-53.5,919,DEV-9880D,0
TRX-58078,31.0,Eletronicos,Pix,Desktop,568.56,1690.0,0,428.5,1,29.77,750,DEV-E8821,1
TRX-58079,14.3,Beleza,Pix,Mobile,375.32,1108.7,0,130.4,1,-105.73,743,DEV-9E545,0
TRX-58080,36.1,Eletronicos,Pix,Mobile,1038.4,1263.9,0,43.2,6,-87.19,451,DEV-A45B4,0
TRX-58081,57.8, ELETRONICOS ,Cartao_Credito,Mobile,1330.64,1673.0,1,759.3,4,-201.78,702,DEV-78475,1
TRX-58082,36.6,Eletronicos,Cartao_Credito,Desktop,,161.5,2,409.9,2,-120.75,189,DEV-C8C2F,1
TRX-58083,25.6,Eletronicos,Cartao_Credito,Desktop,655.76,24.5,2,17.4,0,-147.99,531,DEV-316E9,1
TRX-58084,31.3,Eletronicos,Pix,Desktop,1442.21,1387.2,1,20.1,2,180.31,815,DEV-312AB,0
TRX-58085,42.1,Vestuario,Cartao_Credito,Desktop,348.12,250.7,1,518.0,5,15.47,217,DEV-E513A,0
TRX-58086,43.5,Vestuario,Boleto,Mobile,934.25,995.8,0,160.9,4,17.69,505,DEV-5DCF8,1
TRX-58087,29.3, ELETRONICOS ,Boleto,Mobile,23.08,1534.1,0,78.2,1,71.94,817,DEV-1A2DB,0
TRX-58088,27.0,Vestuario,Voucher,Desktop,60.33,333.4,0,403.4,4,-102.26,422,DEV-4EB52,0
TRX-58089,40.5, ELETRONICOS ,Cartao_Credito,Mobile,742.02,1291.8,1,5.7,7,-53.59,370,DEV-4ECE4,0
TRX-58090,15.3,Games,Cartao_Credito,Mobile,1928.99,679.2,0,104.1,5,-71.7,576,DEV-A19AF,0
TRX-58091,37.4,eletronicos,Pix,Desktop,949.6,412.6,2,156.5,3,-56.18,693,DEV-CA74F,0
TRX-58092,38.9,Eletronicos,Voucher,Mobile,34.28,807.7,1,1.2,2,21.86,264,DEV-64F6C,0
TRX-58093,42.8, ELETRONICOS ,Boleto,Mobile,3041.41,580.6,1,47.1,6,-0.08,885,DEV-49A71,1
TRX-58094,24.9,Eletronicos,Boleto,Mobile,655.34,1413.8,2,143.2,5,-61.85,715,DEV-D591D,1
TRX-58095,40.2,Eletronicos,Cartao_Credito,Desktop,127.2,1792.4,0,1.5,1,86.6,959,DEV-7B6D7,0
TRX-58096,,Vestuario,Boleto,Mobile,168.8,1006.6,0,360.9,0,-34.21,644,DEV-ABC73,0
TRX-58097,31.9,eletronicos,Cartao_Credito,Desktop,878.65,1441.5,0,317.2,5,176.12,323,DEV-5B930,0
TRX-58098,50.8,Beleza,Pix,Desktop,303.87,714.5,0,301.1,5,-20.66,764,DEV-282D9,0
TRX-58099,50.4,Vestuario,Pix,Mobile,2356.55,286.2,0,0.0,4,-59.24,150,DEV-456D2,1
TRX-58100,48.5,Beleza,Cartao_Credito,Mobile,922.8,824.1,0,106.9,1,-82.74,147,DEV-C402E,1
TRX-58101,50.4,Beleza,Cartao_Credito,Tablet,657.5,987.2,1,289.7,6,266.85,624,DEV-C4BCF,0
TRX-58102,5.4,Beleza,Cartao_Credito,Desktop,1063.89,732.0,1,159.3,3,-74.22,150,DEV-BFBC2,0
TRX-58103,17.0,Vestuario,Pix,Mobile,285.55,809.8,1,15.0,8,-78.05,273,DEV-A4974,0
TRX-58104,50.0,Eletronicos,Cartao_Credito,Mobile,310.67,928.5,1,142.0,0,-165.53,409,DEV-6957C,1
TRX-58105,31.0,Eletronicos,Pix,Mobile,751.13,607.8,0,153.6,4,-117.77,147,DEV-441A0,1
TRX-58106,36.2,Vestuario,Cartao_Credito,Mobile,1142.6,41.2,0,115.0,3,-102.12,237,DEV-3FFCE,0
TRX-58107,25.9,Games,Cartao_Credito,Mobile,104.55,1505.0,0,432.7,1,157.09,880,DEV-A9E6A,0
TRX-58108,38.6,Eletronicos,Cartao_Credito,Mobile,,361.3,0,38.3,2,-149.47,897,DEV-5DC06,0
TRX-58109,19.8,Eletronicos,Cartao_Credito,Desktop,34.63,582.4,0,136.7,3,-206.92,442,DEV-70AFA,0
TRX-58110,34.3,eletronicos,Cartao_Credito,Mobile,2893.43,1521.9,3,76.8,4,16.26,411,DEV-268A3,1
TRX-58111,36.1,Eletronicos,Pix,Mobile,720.65,1001.3,0,82.3,2,-185.83,347,DEV-9CEB5,0
TRX-58112,17.1,Vestuario,Cartao_Credito,Mobile,2054.64,253.9,0,12.8,6,9.62,584,DEV-A61FB,0
TRX-58113,35.4,eletronicos,Cartao_Credito,Desktop,412.88,1018.5,2,77.1,7,-234.25,925,DEV-906C3,0
TRX-58114,28.4, ELETRONICOS ,Boleto,Mobile,705.09,536.8,1,291.6,0,54.91,997,DEV-1F5BC,1
TRX-58115,37.8,Beleza,Boleto,Tablet,631.56,1710.0,1,3.1,5,-101.99,335,DEV-910B5,0
TRX-58116,40.3,Vestuario,Boleto,Mobile,905.73,1674.3,0,57.1,9,195.43,805,DEV-98708,0
TRX-58117,, ELETRONICOS ,Pix,Desktop,392.13,1283.4,1,435.0,3,52.72,651,DEV-3A747,0
TRX-58118,48.3,Games,Boleto,SmartTV,175.41,109.3,0,86.6,2,-314.77,949,DEV-66B5C,0
TRX-58119,23.0,Beleza,Cartao_Credito,Desktop,1512.9,1039.3,0,91.6,1,168.31,978,DEV-1ECAB,0
TRX-58120,44.3,Vestuario,Boleto,Mobile,412.65,567.5,0,3.5,5,41.27,325,DEV-69329,0
TRX-58121,37.0,Eletronicos,Cartao_Credito,SmartTV,92.65,798.9,0,123.1,3,165.71,375,DEV-48856,0
TRX-58122,33.9,eletronicos,Boleto,Desktop,,1624.5,0,213.8,4,192.99,901,DEV-E3EF8,0
TRX-58123,57.3,Vestuario,Cartao_Credito,Tablet,656.26,722.5,0,61.4,3,33.49,505,DEV-50738,0
TRX-58124,35.6,Beleza,Boleto,Mobile,55.1,1265.8,0,79.7,6,-52.31,540,DEV-A9817,0
TRX-58125,40.6, ELETRONICOS ,Cartao_Credito,Mobile,682.94,1474.3,0,61.4,4,237.2,945,DEV-6D0EC,0
TRX-58126,49.6,eletronicos,Boleto,Mobile,94.14,68.3,0,217.5,6,-217.31,758,DEV-CDDDD,0
TRX-58127,27.3,Vestuario,Cartao_Credito,Desktop,864.97,1455.6,1,103.3,4,196.55,627,DEV-DDE9F,0
TRX-58128,20.5, ELETRONICOS ,Cartao_Credito,Desktop,171.43,1367.2,0,55.4,3,41.6,385,DEV-9BDCD,0
TRX-58129,28.2,Eletronicos,Pix,Mobile,1063.39,281.9,2,29.2,3,249.23,347,DEV-765FB,0
TRX-58130,28.1,Games,Cartao_Credito,Desktop,298.56,1514.0,1,286.4,2,59.73,314,DEV-25465,0
TRX-58131,31.4,Eletronicos,Boleto,Desktop,776.73,667.1,0,46.6,6,-183.87,697,DEV-9359E,0
TRX-58132,36.2,Vestuario,Cartao_Credito,Mobile,445.16,237.2,0,132.0,3,-48.23,539,DEV-3F1CA,0
TRX-58133,60.4,eletronicos,Cartao_Credito,Mobile,3615.07,221.4,0,59.2,1,19.35,108,DEV-19B9F,1
TRX-58134,42.4,Beleza,Cartao_Credito,SmartTV,370.33,1389.1,1,676.4,1,80.95,672,DEV-3F794,1
TRX-58135,39.3,Games,Cartao_Credito,Desktop,1320.31,1528.9,0,67.4,3,-6.48,344,DEV-F0B4A,0
TRX-58136,36.0,Vestuario,Cartao_Credito,Desktop,1614.83,823.1,2,82.4,3,69.62,726,DEV-F2BEF,1
TRX-58137,15.2,Vestuario,Pix,Mobile,620.11,53.9,1,43.5,7,68.43,658,DEV-3B5F6,1
TRX-58138,34.7, ELETRONICOS ,Cartao_Credito,Mobile,176.26,1413.5,0,191.6,2,-54.69,412,DEV-792D3,0
TRX-58139,28.8,eletronicos,Cartao_Credito,Desktop,1196.21,1031.5,1,49.8,6,71.9,862,DEV-A7706,1
TRX-58140,31.3,Eletronicos,Cartao_Credito,Mobile,1288.94,1120.3,1,432.7,4,66.06,985,DEV-84561,1
TRX-58141,53.2,Vestuario,Cartao_Credito,Desktop,44.01,1686.4,0,69.2,2,98.12,426,DEV-D146A,0
TRX-58142,46.9,Eletronicos,Cartao_Credito,Mobile,2156.5,1117.0,2,9.1,2,-49.01,298,DEV-EFF4E,1
TRX-58143,35.1,Vestuario,Pix,Mobile,,163.5,0,12.3,1,-99.32,414,DEV-86E07,0
TRX-58144,38.4,Eletronicos,Cartao_Credito,Mobile,323.96,1785.9,0,286.0,5,-100.0,426,DEV-B377F,0
TRX-58145,35.4,eletronicos,Voucher,Desktop,1020.69,1406.9,0,417.4,2,179.8,671,DEV-9E713,0
TRX-58146,45.4,Vestuario,Cartao_Credito,Desktop,486.85,141.3,2,257.1,1,41.78,125,DEV-E4F57,1
TRX-58147,43.2,Eletronicos,Boleto,Mobile,46.02,1372.5,0,4.8,2,-138.09,864,DEV-80652,0
TRX-58148,40.2,Games,Cartao_Credito,Mobile,161.74,982.8,0,447.8,5,-144.89,610,DEV-3D67E,0
TRX-58149,, ELETRONICOS ,Cartao_Credito,Mobile,634.53,445.7,0,214.5,4,18.35,426,DEV-68920,0
TRX-58150,28.9,Eletronicos,Pix,Mobile,739.69,225.2,0,26.5,6,-67.18,275,DEV-37059,0
TRX-58151,29.4,Beleza,Cartao_Credito,Desktop,1593.29,960.3,2,4.8,4,168.59,229,DEV-D622F,1
TRX-58152,35.1,Vestuario,Pix,Desktop,1006.9,496.6,0,194.3,6,-13.0,181,DEV-2032D,0
TRX-58153,37.3,Vestuario,Boleto,Tablet,895.29,700.7,0,15.6,2,62.87,648,DEV-2D556,0
TRX-58154,26.7,Games,Cartao_Credito,Mobile,544.69,1450.6,2,102.6,4,-190.2,618,DEV-5F56D,0
TRX-58155,40.7,Eletronicos,Cartao_Credito,Mobile,143.07,306.6,2,202.4,5,282.71,358,DEV-7643B,0
TRX-58156,44.0,Games,Boleto,Mobile,,726.7,0,187.8,5,16.41,714,DEV-24C2C,0
TRX-58157,30.2,Eletronicos,Boleto,Mobile,408.75,60.1,0,15.3,4,82.77,211,DEV-C2E31,0
TRX-58158,42.6, ELETRONICOS ,Boleto,Mobile,134.66,347.4,2,127.3,7,-58.83,277,DEV-CEF05,0
TRX-58159,39.8,Beleza,Pix,Mobile,326.11,1708.4,0,303.7,3,-166.28,408,DEV-7EE12,0
TRX-58160,49.8,Eletronicos,Cartao_Credito,Desktop,751.6,607.4,0,140.6,4,-34.27,481,DEV-34C0A,0
TRX-58161,50.2,eletronicos,Cartao_Credito,Desktop,523.93,465.5,0,54.9,4,51.37,401,DEV-8A006,0
TRX-58162,12.3,Vestuario,Cartao_Credito,Desktop,935.56,485.3,0,473.7,5,-84.31,534,DEV-A03EB,0
TRX-58163,54.2, ELETRONICOS ,Cartao_Credito,Mobile,1004.27,696.5,0,22.0,4,-57.27,972,DEV-E0A96,0
TRX-58164,51.9,Games,Boleto,Desktop,2145.86,1114.9,1,6.9,3,51.98,480,DEV-3C3E2,0
TRX-58165,27.9,Eletronicos,Cartao_Credito,Mobile,179.48,288.1,1,14.2,5,-205.13,229,DEV-53DAB,0
TRX-58166,27.7, ELETRONICOS ,Pix,Desktop,164.72,1208.1,0,230.4,4,-125.08,755,DEV-1A8F8,0
TRX-58167,20.6,Vestuario,Pix,Desktop,667.88,221.1,1,143.6,4,310.42,264,DEV-E2481,0
TRX-58168,21.0,Eletronicos,Voucher,Desktop,246.46,1056.2,0,5.0,3,9.63,645,DEV-3A562,0
TRX-58169,35.1,Beleza,Cartao_Credito,Tablet,,405.8,0,193.0,5,-88.88,309,DEV-84F60,0
TRX-58170,52.5,eletronicos,Pix,Mobile,137.5,35.7,1,79.9,5,109.1,222,DEV-1B6CF,0
TRX-58171,46.1,Games,Cartao_Credito,Mobile,318.81,749.3,0,131.3,7,133.87,263,DEV-647C1,0
TRX-58172,55.3,Eletronicos,Cartao_Credito,Mobile,458.87,459.8,1,23.5,4,-14.24,850,DEV-A0882,0
TRX-58173,25.7,Vestuario,Pix,Desktop,82.03,1062.5,0,49.0,4,-33.19,621,DEV-66320,0
TRX-58174,28.4,Beleza,Cartao_Credito,Mobile,527.04,1704.5,0,463.4,2,-42.22,586,DEV-A36CE,1
TRX-58175,37.9, ELETRONICOS ,Cartao_Credito,Mobile,576.6,242.1,1,19.1,4,128.48,766,DEV-CA692,0
TRX-58176,32.2,Games,Boleto,Mobile,495.42,473.6,0,190.8,2,80.47,733,DEV-77C37,0
TRX-58177,22.7,Vestuario,Cartao_Credito,Tablet,,1377.6,0,66.9,5,-24.98,887,DEV-31BF0,0
TRX-58178,38.2,Vestuario,Cartao_Credito,Mobile,,1201.9,2,60.8,4,164.83,498,DEV-8C470,1
TRX-58179,39.0,eletronicos,Pix,Mobile,1055.73,1437.9,0,104.6,4,-118.48,486,DEV-EF5CE,0
TRX-58180,44.4,Vestuario,Cartao_Credito,Desktop,925.54,514.0,2,284.2,9,7.83,225,DEV-E948F,0
TRX-58181,34.5,Eletronicos,Cartao_Credito,Tablet,188.57,997.1,1,80.9,4,133.24,829,DEV-9D0AD,0
TRX-58182,,Beleza,Cartao_Credito,Desktop,120.08,866.4,1,39.1,6,59.34,195,DEV-48CD6,0
TRX-58183,51.4,Beleza,Pix,Desktop,198.95,743.6,0,174.9,3,-46.16,751,DEV-A4F51,0
TRX-58184,34.9,Eletronicos,Cartao_Credito,Desktop,1177.06,483.1,1,52.5,3,11.35,105,DEV-4AED7,1
TRX-58185,26.5,Eletronicos,Cartao_Credito,Desktop,911.14,1374.4,0,51.2,4,13.18,548,DEV-F014A,0
TRX-58186,33.0,Vestuario,Cartao_Credito,Desktop,591.38,789.2,0,288.4,4,27.99,707,DEV-7A9DE,0
TRX-58187,38.0,Beleza,Boleto,Tablet,1140.66,223.7,0,105.8,3,-57.53,687,DEV-55D22,0
TRX-58188,46.5,Games,Cartao_Credito,SmartTV,1162.48,307.0,1,185.6,4,16.2,209,DEV-7A62C,0
TRX-58189,29.1,Eletronicos,Boleto,Mobile,2123.49,540.2,0,43.9,4,-137.92,662,DEV-6A25A,1
TRX-58190,39.5,Games,Cartao_Credito,Mobile,44.75,903.1,1,80.3,3,-68.5,891,DEV-91B51,0
TRX-58191,21.3,Eletronicos,Boleto,Mobile,93.49,1300.7,0,14.8,7,31.07,176,DEV-C08ED,0
TRX-58192,22.0,Games,Cartao_Credito,Mobile,,442.5,1,161.5,3,-159.0,175,DEV-397CB,1
TRX-58193,60.3,Eletronicos,Cartao_Credito,Desktop,977.81,1272.6,3,167.6,7,-164.26,972,DEV-D2125,0
TRX-58194,14.7,eletronicos,Cartao_Credito,Mobile,1836.81,1542.6,0,62.1,4,149.07,879,DEV-235D5,0
TRX-58195,25.6,Eletronicos,Pix,Mobile,,434.3,0,96.1,4,-235.61,765,DEV-4E505,0
TRX-58196,51.1,eletronicos,Cartao_Credito,Desktop,731.6,1788.8,0,27.5,2,-96.23,109,DEV-5D5BA,0
TRX-58197,47.2,Eletronicos,Cartao_Credito,Mobile,404.85,1541.8,0,49.0,7,-220.32,315,DEV-76589,0
TRX-58198,27.7,Vestuario,Boleto,Tablet,308.31,346.5,0,230.5,0,-69.24,890,DEV-3DB01,0
TRX-58199,39.3,Games,Pix,Mobile,2195.48,32.2,2,134.0,5,63.71,434,DEV-B5075,1
TRX-58200,31.9,Beleza,Boleto,Mobile,208.4,1664.1,2,17.7,8,-59.26,637,DEV-EE79C,0
TRX-58201,15.6, ELETRONICOS ,Cartao_Credito,Mobile,225.13,231.5,1,4.3,1,102.83,645,DEV-50403,0
TRX-58202,36.8,Vestuario,Pix,Mobile,105.19,1114.6,0,211.5,1,-190.16,988,DEV-AAF64,0
TRX-58203,38.1, ELETRONICOS ,Cartao_Credito,Desktop,353.43,920.7,1,165.8,5,44.4,849,DEV-967F1,0
TRX-58204,58.2,Eletronicos,Cartao_Credito,Desktop,240.14,601.7,2,122.3,3,67.26,920,DEV-E7D1F,0
TRX-58205,33.2,Eletronicos,Voucher,Mobile,513.38,1654.5,2,69.4,4,128.45,679,DEV-E8DC6,0
TRX-58206,39.9,Vestuario,Cartao_Credito,Mobile,811.16,1338.1,0,138.6,3,39.55,235,DEV-C76C1,0
TRX-58207,51.9,Vestuario,Boleto,Mobile,,219.1,0,318.8,3,3.91,612,DEV-80681,1
TRX-58208,33.6,Games,Boleto,Desktop,388.86,1145.4,0,13.6,5,-156.43,196,DEV-DF9C4,0
TRX-58209,44.5,Vestuario,Pix,Mobile,113.99,1598.1,1,130.2,3,70.86,624,DEV-AE2E0,0
TRX-58210,35.6,Games,Boleto,Mobile,812.67,1345.0,0,264.1,2,65.74,302,DEV-A67EE,1
TRX-58211,19.8,eletronicos,Voucher,Desktop,931.12,501.6,1,487.6,7,-77.46,330,DEV-38FCE,1
TRX-58212,42.0,Games,Pix,Tablet,167.74,1525.0,0,214.6,2,171.54,608,DEV-89A1B,0
TRX-58213,29.5,Beleza,Cartao_Credito,Mobile,261.17,1579.7,0,405.4,7,-77.17,728,DEV-B3440,0
TRX-58214,38.2,Eletronicos,Cartao_Credito,Desktop,182.31,1284.1,0,97.9,3,180.14,152,DEV-51A6F,0
TRX-58215,38.8,Eletronicos,Pix,Desktop,925.16,1659.0,0,133.0,3,-54.11,116,DEV-42733,0
TRX-58216,42.5,Eletronicos,Cartao_Credito,Desktop,301.55,306.1,1,70.5,5,110.41,139,DEV-51C47,0
TRX-58217,24.3,Eletronicos,Pix,Mobile,3447.68,370.2,0,170.0,5,172.9,392,DEV-E5CDA,1
TRX-58218,36.0,Games,Cartao_Credito,Desktop,562.7,1356.2,1,313.4,3,-163.07,718,DEV-805A7,0
TRX-58219,36.6,Beleza,Cartao_Credito,Mobile,1028.36,1215.9,0,115.0,11,118.02,648,DEV-BA5EB,0
TRX-58220,27.1,Beleza,Pix,Desktop,324.95,1784.7,2,63.4,1,-43.23,386,DEV-34920,0
TRX-58221,17.3,Vestuario,Pix,Desktop,612.63,916.8,0,51.4,3,-131.69,259,DEV-BC8E7,0
TRX-58222,38.7, ELETRONICOS ,Cartao_Credito,Desktop,9999999.0,398.4,1,83.2,3,48.71,650,DEV-4AD57,0
TRX-58223,29.8,Vestuario,Cartao_Credito,Mobile,553.64,1689.2,0,54.3,2,74.34,375,DEV-2A2FC,0
TRX-58224,,Beleza,Cartao_Credito,Tablet,64.19,1139.6,1,225.4,4,28.33,817,DEV-5689E,0
TRX-58225,29.9, ELETRONICOS ,Cartao_Credito,Mobile,1313.41,864.6,0,177.9,3,61.2,452,DEV-A1CF5,0
TRX-58226,,Eletronicos,Pix,Tablet,86.14,1347.3,0,465.1,4,-201.05,326,DEV-1F358,1
TRX-58227,40.7,Vestuario,Cartao_Credito,Mobile,194.0,741.7,1,22.5,5,103.71,235,DEV-9C9A3,0
TRX-58228,46.2,Eletronicos,Boleto,Mobile,894.03,1130.3,3,169.8,2,112.38,896,DEV-75212,1
TRX-58229,41.0,Beleza,Cartao_Credito,Desktop,475.62,1751.7,0,153.6,1,41.27,612,DEV-6EBE8,1
TRX-58230,,eletronicos,Pix,Desktop,2001.0,1485.1,0,228.1,3,21.17,111,DEV-E6B58,0
TRX-58231,28.7, ELETRONICOS ,Pix,Mobile,67.41,1638.6,0,28.5,4,47.01,476,DEV-DFC6D,0
TRX-58232,33.6,Beleza,Cartao_Credito,SmartTV,1025.88,627.1,0,329.3,5,57.04,949,DEV-33702,1
TRX-58233,31.2,Eletronicos,Cartao_Credito,Desktop,880.81,440.8,1,237.9,0,-57.91,671,DEV-E6098,1
TRX-58234,43.4,Vestuario,Boleto,Mobile,233.8,1208.3,0,436.6,4,-137.87,182,DEV-A5FBD,0
TRX-58235,31.5,Eletronicos,Cartao_Credito,Mobile,203.75,415.4,0,12.1,3,61.7,755,DEV-4419B,0
TRX-58236,27.9,Vestuario,Boleto,Mobile,271.68,1375.9,1,8.5,4,199.37,166,DEV-5C294,0
TRX-58237,50.1,Eletronicos,Boleto,Desktop,370.03,1213.5,1,6.2,1,241.05,669,DEV-42078,0
TRX-58238,,Games,Cartao_Credito,Mobile,896.99,1438.4,1,402.0,1,-73.77,889,DEV-AAC93,0
TRX-58239,30.8, ELETRONICOS ,Pix,Tablet,599.08,1603.3,0,174.7,7,319.71,645,DEV-2FFBF,0
TRX-58240,39.2,Eletronicos,Pix,Mobile,,71.6,0,9.4,5,241.62,125,DEV-33C81,0
TRX-58241,23.3,Vestuario,Boleto,Desktop,42.4,1012.9,0,210.2,2,32.98,251,DEV-96AFE,0
TRX-58242,38.1,Eletronicos,Cartao_Credito,Desktop,1255.15,551.3,1,392.2,3,-105.47,851,DEV-931BC,1
TRX-58243,39.7,Vestuario,Cartao_Credito,Mobile,514.85,866.7,1,38.5,1,11.11,706,DEV-6E329,0
TRX-58244,33.3,Vestuario,Cartao_Credito,Mobile,1446.5,892.8,0,425.8,2,-38.46,282,DEV-CF8E1,1
TRX-58245,31.0,Beleza,Cartao_Credito,Desktop,84.67,1192.0,1,2.5,3,-54.45,618,DEV-EF8AB,0
TRX-58246,38.6,Beleza,Boleto,Mobile,188.31,776.9,3,30.2,1,-3.58,845,DEV-796B6,1
TRX-58247,50.4,Eletronicos,Voucher,Tablet,487.36,1697.8,0,176.3,2,-135.6,914,DEV-F261B,0
TRX-58248,26.3,eletronicos,Boleto,Mobile,281.01,1509.3,1,124.3,3,143.39,400,DEV-DC260,0
TRX-58249,37.5,eletronicos,Boleto,Mobile,270.35,1416.4,1,276.1,3,201.23,200,DEV-C6531,0
TRX-58250,40.1,Beleza,Cartao_Credito,Mobile,1038.73,1523.4,0,234.6,1,57.97,171,DEV-ECFC7,1
TRX-58251,34.2,Vestuario,Voucher,Mobile,226.33,326.9,0,198.6,4,111.94,254,DEV-CD48B,0
TRX-58252,21.0,Beleza,Cartao_Credito,Mobile,252.14,1751.7,0,0.9,3,-33.61,804,DEV-BDBA6,0
TRX-58253,18.7,Beleza,Cartao_Credito,Desktop,260.03,999.7,1,194.3,7,-84.54,669,DEV-EEB0C,0
TRX-58254,40.6,Eletronicos,Cartao_Credito,Mobile,250.82,449.8,0,15.2,6,-27.2,293,DEV-D8E68,0
TRX-58255,53.8,Beleza,Boleto,Desktop,159.26,976.7,0,2.4,4,-134.33,130,DEV-96F51,0
TRX-58256,42.1,Eletronicos,Cartao_Credito,Mobile,846.36,286.4,1,13.9,0,22.25,130,DEV-A0890,1
TRX-58257,19.9,Eletronicos,Cartao_Credito,Desktop,290.91,1477.5,3,6.6,2,-20.53,953,DEV-BF55B,0
TRX-58258,25.5,Eletronicos,Pix,Mobile,243.32,720.2,1,3.9,5,157.39,896,DEV-CB95E,0
TRX-58259,49.1,Eletronicos,Boleto,Desktop,1161.99,1590.3,0,8.3,5,-67.61,906,DEV-D6592,0
TRX-58260,31.0,Eletronicos,Cartao_Credito,Desktop,506.04,152.9,0,384.8,6,216.38,771,DEV-288E9,0
TRX-58261,54.4,Vestuario,Cartao_Credito,Mobile,592.14,680.5,0,216.2,6,-1.16,480,DEV-52DCD,0
TRX-58262,27.3,eletronicos,Cartao_Credito,Mobile,,452.7,0,19.5,2,-71.01,775,DEV-9B0C0,0
TRX-58263,40.9, ELETRONICOS ,Pix,Mobile,646.45,1237.1,1,47.9,3,-52.16,618,DEV-B1AA6,0
TRX-58264,44.7,Eletronicos,Cartao_Credito,Mobile,373.39,1466.7,1,160.6,0,160.22,122,DEV-C2DF9,0
TRX-58265,40.6,Eletronicos,Pix,Mobile,612.78,94.9,0,255.5,3,49.93,128,DEV-BB48B,0
TRX-58266,32.2,Games,Pix,Mobile,1194.22,469.2,1,241.7,3,-12.05,484,DEV-E8FA5,0
TRX-58267,30.9, ELETRONICOS ,Cartao_Credito,SmartTV,649.4,1099.2,0,146.4,4,244.51,386,DEV-7A844,1
TRX-58268,26.1,Games,Boleto,Mobile,300.25,218.7,0,263.5,6,-25.95,517,DEV-3548F,0
TRX-58269,36.0, ELETRONICOS ,Pix,Mobile,95.72,332.0,1,8.2,3,4.54,529,DEV-CB064,0
TRX-58270,18.6,Beleza,Boleto,Mobile,343.67,1625.5,1,68.2,3,-161.92,948,DEV-A2506,0
TRX-58271,41.9,Beleza,Cartao_Credito,Desktop,,699.6,1,74.4,4,-97.44,585,DEV-78053,1
TRX-58272,28.2,Beleza,Pix,Tablet,597.6,1274.0,1,530.7,2,20.35,371,DEV-DE70F,1
TRX-58273,18.4,Eletronicos,Boleto,Mobile,2944.81,1310.8,0,269.4,2,48.34,886,DEV-D4DD5,1
TRX-58274,38.9,Games,Cartao_Credito,Desktop,172.12,1455.8,0,67.5,5,110.18,442,DEV-CA6C9,0
TRX-58275,39.4,Beleza,Boleto,Mobile,174.65,839.1,1,44.6,3,11.08,756,DEV-6AF56,0
TRX-58276,48.2,Beleza,Cartao_Credito,Mobile,277.47,477.7,2,127.4,5,-141.59,566,DEV-1C525,0
TRX-58277,26.4,Eletronicos,Boleto,SmartTV,1477.54,683.8,2,46.4,3,-101.22,821,DEV-91E39,0
TRX-58278,42.3, ELETRONICOS ,Cartao_Credito,Desktop,29.73,1379.2,0,506.5,2,183.68,795,DEV-375C1,0
TRX-58279,25.3, ELETRONICOS ,Boleto,Tablet,698.56,299.8,0,176.1,1,178.7,876,DEV-91C28,0
TRX-58280,17.4, ELETRONICOS ,Pix,Mobile,724.38,1213.7,1,131.7,3,20.53,102,DEV-44BBF,0
TRX-58281,42.1,Beleza,Cartao_Credito,Mobile,76.03,771.5,1,15.8,4,-62.64,124,DEV-3E07B,0
TRX-58282,33.8,Games,Cartao_Credito,Desktop,1751.98,422.2,0,15.6,2,51.02,946,DEV-2083C,1
TRX-58283,29.4,Beleza,Pix,Mobile,795.19,1366.8,0,154.8,3,-56.57,865,DEV-40543,0
TRX-58284,45.7,Vestuario,Pix,Mobile,392.75,677.4,0,27.0,3,274.9,251,DEV-79AF0,0
TRX-58285,33.4,Beleza,Cartao_Credito,Mobile,2424.57,1663.0,0,91.5,3,56.7,170,DEV-B6A42,1
TRX-58286,42.9,Games,Pix,Mobile,506.71,959.7,1,42.0,3,-65.73,410,DEV-A02F4,1
TRX-58287,31.9, ELETRONICOS ,Cartao_Credito,Desktop,278.86,128.7,0,93.5,2,85.04,592,DEV-BB9E7,1
TRX-58288,30.7,Eletronicos,Boleto,Desktop,500.24,1342.7,0,26.4,2,35.25,416,DEV-4A83A,0
TRX-58289,37.1,Eletronicos,Cartao_Credito,Mobile,804.56,1724.4,0,63.3,3,31.38,552,DEV-5B82A,0
TRX-58290,50.5,Vestuario,Voucher,Mobile,2339.07,1303.0,0,89.7,2,-30.27,660,DEV-B4D39,1
TRX-58291,46.9,Eletronicos,Cartao_Credito,Tablet,407.81,40.6,0,17.8,6,108.29,418,DEV-56C77,0
TRX-58292,29.1,Vestuario,Pix,Mobile,319.7,1257.7,1,64.9,3,137.88,989,DEV-19A6C,0
TRX-58293,36.4, ELETRONICOS ,Cartao_Credito,Desktop,1803.98,1778.4,0,312.5,3,-42.45,168,DEV-5A8B4,1
TRX-58294,35.8,Eletronicos,Cartao_Credito,Desktop,999.37,1737.6,0,138.4,5,-16.14,472,DEV-812C5,0
TRX-58295,34.8,Eletronicos,Voucher,Mobile,416.77,1198.1,0,150.7,2,81.46,404,DEV-BFEE0,0
TRX-58296,46.8,Eletronicos,Cartao_Credito,Desktop,321.86,755.5,0,3.0,5,-243.53,696,DEV-891D8,0
TRX-58297,27.9,Beleza,Boleto,Desktop,367.0,557.4,1,28.7,2,-81.39,697,DEV-431C8,0
TRX-58298,24.9,Vestuario,Cartao_Credito,Tablet,30.12,1524.3,1,277.9,4,-9.24,136,DEV-9C7ED,0
TRX-58299,22.6,Eletronicos,Voucher,Tablet,433.99,1349.1,0,196.4,3,-31.69,720,DEV-5B7C0,0
TRX-58300,28.8,Eletronicos,Cartao_Credito,Mobile,61.45,806.1,0,259.3,3,-64.92,527,DEV-984C7,0
TRX-58301,41.8,Games,Boleto,Mobile,762.77,717.6,0,76.8,4,14.01,481,DEV-A346A,0
TRX-58302,,Eletronicos,Cartao_Credito,Mobile,1691.63,309.7,1,131.9,2,-38.28,870,DEV-2B6A0,1
TRX-58303,28.4,Games,Boleto,Mobile,2627.96,299.8,0,128.5,4,38.31,190,DEV-5A621,1
TRX-58304,45.1,Beleza,Boleto,SmartTV,679.4,836.5,0,228.5,1,59.76,664,DEV-98E24,0
TRX-58305,42.8,Games,Cartao_Credito,Desktop,,1495.6,1,111.8,5,-10.52,241,DEV-5E953,0
TRX-58306,32.6,Eletronicos,Cartao_Credito,Desktop,529.02,349.5,0,27.4,3,87.44,373,DEV-3002A,0
TRX-58307,28.7,Beleza,Cartao_Credito,Desktop,1290.64,657.2,0,263.1,7,-15.26,129,DEV-1B5FF,0
TRX-58308,21.4, ELETRONICOS ,Cartao_Credito,Mobile,804.12,1319.6,1,1.5,5,3.33,262,DEV-3F26C,0
TRX-58309,34.9,Games,Cartao_Credito,Mobile,484.28,911.3,2,42.8,4,-125.75,331,DEV-9FF99,1
TRX-58310,39.7,Eletronicos,Cartao_Credito,Tablet,214.62,88.2,2,113.9,2,-14.8,649,DEV-84FE9,1
TRX-58311,38.0, ELETRONICOS ,Cartao_Credito,Desktop,616.19,237.3,0,125.3,3,50.24,593,DEV-D2246,1
TRX-58312,29.6,Eletronicos,Cartao_Credito,Tablet,119.25,886.3,0,242.6,3,-77.5,827,DEV-681D8,0
TRX-58313,52.1,Eletronicos,Cartao_Credito,Mobile,487.15,1524.1,1,31.8,3,92.03,497,DEV-79D77,0
TRX-58314,47.9,Eletronicos,Pix,Desktop,859.89,546.6,1,15.7,2,-44.57,669,DEV-61C93,0
TRX-58315,34.3,eletronicos,Cartao_Credito,Mobile,136.62,769.7,0,536.9,5,181.65,241,DEV-DF6EA,0
TRX-58316,53.3,Eletronicos,Cartao_Credito,Tablet,791.35,1615.7,1,72.2,3,-135.57,437,DEV-26195,0
TRX-58317,21.0,Games,Pix,Mobile,124.39,284.2,1,55.8,3,130.57,811,DEV-A86AB,1
TRX-58318,51.9,Vestuario,Boleto,Mobile,1176.98,1021.0,1,159.4,2,-96.0,643,DEV-3C0C3,1
TRX-58319,20.5,Vestuario,Pix,Desktop,1356.47,507.8,0,372.8,2,116.16,322,DEV-C4F7D,1
TRX-58320,15.8,Beleza,Pix,Mobile,414.42,1451.1,0,243.9,5,-76.67,225,DEV-CDD39,0
TRX-58321,22.9,Beleza,Cartao_Credito,Mobile,732.34,1542.3,0,171.1,3,78.25,143,DEV-AC22A,0
TRX-58322,44.5,Vestuario,Boleto,Mobile,80.82,1685.3,1,48.0,3,69.08,786,DEV-25330,0
TRX-58323,33.3,Eletronicos,Boleto,Mobile,28.95,237.2,0,228.5,6,-112.63,569,DEV-D819F,0
TRX-58324,27.1,eletronicos,Pix,Mobile,140.19,1601.1,3,39.3,3,-10.61,488,DEV-8F886,0
TRX-58325,30.2,Eletronicos,Cartao_Credito,Desktop,776.8,66.9,1,290.0,3,-88.02,290,DEV-75D0E,1
TRX-58326,41.8,Eletronicos,Cartao_Credito,Mobile,562.36,714.9,1,119.3,2,12.46,546,DEV-DC6B9,1
TRX-58327,59.5,Games,Boleto,Desktop,369.09,132.6,0,177.5,3,-15.51,513,DEV-45F50,1
TRX-58328,26.0, ELETRONICOS ,Boleto,Mobile,876.61,95.6,0,85.3,3,22.31,831,DEV-A72E0,0
TRX-58329,41.6,Beleza,Cartao_Credito,Mobile,682.01,640.6,0,155.3,3,161.69,120,DEV-60DE3,0
TRX-58330,52.4, ELETRONICOS ,Cartao_Credito,Mobile,496.36,697.2,2,38.5,7,-83.6,497,DEV-C8416,0
TRX-58331,32.0,Beleza,Cartao_Credito,Mobile,,404.5,0,242.3,0,101.41,698,DEV-258B1,0
TRX-58332,36.2,Vestuario,Boleto,Tablet,318.53,799.4,0,69.9,3,-132.34,259,DEV-647F6,0
TRX-58333,42.3,Eletronicos,Cartao_Credito,Mobile,558.28,820.1,0,138.3,4,1.55,530,DEV-CBD0A,0
TRX-58334,40.7,eletronicos,Pix,Tablet,294.12,1116.5,1,70.7,2,-190.85,234,DEV-641E0,0
TRX-58335,24.1,Games,Cartao_Credito,Desktop,345.62,27.7,2,90.9,5,13.63,515,DEV-57DFF,0
TRX-58336,34.6,Vestuario,Cartao_Credito,Desktop,986.02,1339.3,0,764.8,2,-130.79,208,DEV-E4808,1
TRX-58337,25.6,Eletronicos,Cartao_Credito,Desktop,732.62,181.9,2,14.9,5,53.75,675,DEV-1FEDE,0
TRX-58338,31.2,Games,Cartao_Credito,Mobile,722.89,567.1,2,164.5,4,60.54,349,DEV-88136,0
TRX-58339,29.7, ELETRONICOS ,Voucher,Mobile,1398.99,903.8,2,183.6,2,-22.09,412,DEV-A389F,0
TRX-58340,39.5,Vestuario,Cartao_Credito,Mobile,424.95,925.5,0,147.7,6,108.21,228,DEV-1CA0B,0
TRX-58341,,eletronicos,Voucher,SmartTV,1137.23,436.1,1,239.7,1,67.94,637,DEV-5294F,1
TRX-58342,28.2,Eletronicos,Cartao_Credito,Mobile,197.55,914.9,1,30.2,8,-76.65,776,DEV-ADCD5,0
TRX-58343,41.5,Games,Pix,Tablet,1108.03,238.2,0,50.9,4,151.83,531,DEV-78D1F,1
TRX-58344,35.5,Vestuario,Pix,Mobile,69.94,642.4,0,312.7,5,104.94,629,DEV-7307F,0
TRX-58345,28.7,Vestuario,Cartao_Credito,Mobile,883.53,425.2,0,656.8,2,-114.11,541,DEV-D423B,1
TRX-58346,50.5, ELETRONICOS ,Cartao_Credito,Mobile,653.77,801.9,0,6.6,3,155.78,286,DEV-BCF59,0
TRX-58347,35.9,Eletronicos,Boleto,Desktop,1992.48,761.0,0,15.2,1,226.32,303,DEV-9A0F1,1
TRX-58348,23.1,eletronicos,Pix,Mobile,174.44,1270.6,0,437.1,2,90.85,523,DEV-59978,0
TRX-58349,50.9,eletronicos,Boleto,Mobile,1154.75,1275.3,1,4.9,3,49.05,735,DEV-E8533,0
TRX-58350,50.8, ELETRONICOS ,Cartao_Credito,Mobile,256.93,1211.1,0,78.0,4,-95.79,191,DEV-94865,0
TRX-58351,52.0,Eletronicos,Cartao_Credito,Mobile,1429.17,116.6,2,67.8,10,-77.86,531,DEV-37DF4,0
TRX-58352,48.3,Beleza,Pix,Tablet,437.42,1370.5,1,19.1,4,156.63,293,DEV-B9421,0
TRX-58353,43.4,Eletronicos,Cartao_Credito,Mobile,95.23,564.5,0,308.7,5,-199.59,702,DEV-D3343,0
TRX-58354,46.2,Eletronicos,Cartao_Credito,Mobile,71.64,449.6,0,10.1,7,71.9,488,DEV-C534B,0
TRX-58355,38.3,Eletronicos,Pix,Desktop,180.29,769.8,0,116.3,0,-44.67,427,DEV-27CEE,0
TRX-58356,36.4,Games,Boleto,Mobile,332.01,6.4,0,64.6,7,-19.26,693,DEV-578DB,0
TRX-58357,47.0,Beleza,Pix,Desktop,796.01,962.9,1,39.7,2,187.72,635,DEV-8407B,0
TRX-58358,25.4,Beleza,Cartao_Credito,Mobile,301.15,183.0,1,134.1,6,-65.78,375,DEV-DA04A,0
TRX-58359,44.6,Vestuario,Boleto,Desktop,,416.3,0,83.0,1,38.19,195,DEV-9C80C,0
TRX-58360,34.9,Beleza,Cartao_Credito,Mobile,2578.26,1315.8,2,62.9,5,164.14,564,DEV-19F10,1
TRX-58361,48.9,Vestuario,Cartao_Credito,Mobile,289.51,800.7,1,55.7,4,48.83,848,DEV-3B205,0
TRX-58362,43.3,Eletronicos,Boleto,Mobile,1110.2,1196.9,0,163.5,3,168.25,490,DEV-DDD18,0
TRX-58363,40.0,Games,Cartao_Credito,Mobile,134.9,382.5,1,126.9,0,121.3,404,DEV-D8DD2,1
TRX-58364,49.2,Beleza,Pix,Mobile,332.66,144.9,1,129.1,2,73.14,283,DEV-62F10,1
TRX-58365,52.5, ELETRONICOS ,Cartao_Credito,Desktop,54.79,651.1,1,38.0,1,-154.52,728,DEV-404D7,0
TRX-58366,37.9,Vestuario,Pix,Desktop,1155.57,1153.5,0,120.6,5,74.02,869,DEV-3369F,0
TRX-58367,31.6,Vestuario,Pix,Desktop,348.19,127.7,0,109.6,2,-115.35,561,DEV-5D8FC,1
TRX-58368,45.5,Vestuario,Boleto,Mobile,309.67,539.9,0,207.8,4,-38.88,377,DEV-4E383,0
TRX-58369,32.2,Vestuario,Pix,Desktop,3058.71,1414.0,0,133.3,2,-17.34,613,DEV-3816F,1
TRX-58370,, ELETRONICOS ,Voucher,Mobile,,1521.8,0,83.3,2,76.25,158,DEV-A91D9,0
TRX-58371,34.2,Beleza,Cartao_Credito,Mobile,125.95,387.0,0,201.2,4,-8.08,137,DEV-D1B71,0
TRX-58372,40.1,Eletronicos,Cartao_Credito,Desktop,493.87,1183.9,0,43.2,3,-126.74,764,DEV-AC1A8,0
TRX-58373,43.9,Eletronicos,Boleto,Tablet,76.11,1789.3,2,4.3,7,16.89,786,DEV-B1B22,0
TRX-58374,34.5,Eletronicos,Voucher,Mobile,865.18,199.7,1,172.2,1,-75.78,417,DEV-7B551,1
TRX-58375,33.5, ELETRONICOS ,Cartao_Credito,Mobile,34.18,841.5,3,107.6,6,164.17,443,DEV-1E0A7,0
TRX-58376,45.0,Vestuario,Cartao_Credito,Mobile,929.37,227.2,0,36.6,4,-4.25,372,DEV-815D0,0
TRX-58377,27.8,Games,Cartao_Credito,Mobile,117.75,618.3,0,82.2,1,-285.46,909,DEV-E9BB1,0
TRX-58378,38.5,Games,Voucher,Desktop,1629.64,968.8,1,283.1,4,-22.48,792,DEV-EC280,0
TRX-58379,44.2,Eletronicos,Cartao_Credito,Desktop,2015.59,1073.0,0,174.1,4,51.63,963,DEV-DE343,0
TRX-58380,28.6,Eletronicos,Boleto,Mobile,326.03,320.0,1,42.9,6,-15.69,167,DEV-9FCAE,0
TRX-58381,24.1,Vestuario,Pix,Mobile,888.0,1619.0,1,122.7,6,-194.16,276,DEV-C883A,0
TRX-58382,27.1,Beleza,Cartao_Credito,Mobile,2993.61,1029.1,0,26.4,2,-100.19,943,DEV-297C2,1
TRX-58383,36.6,Beleza,Cartao_Credito,Tablet,1360.29,1703.6,1,30.5,4,-223.92,530,DEV-922DE,0
TRX-58384,40.6,Games,Boleto,Mobile,1842.12,88.4,1,17.7,3,-262.78,467,DEV-EC38A,1
TRX-58385,47.5,eletronicos,Cartao_Credito,Desktop,2036.32,1740.6,1,34.8,1,5.39,894,DEV-2D764,1
TRX-58386,37.4,Games,Cartao_Credito,Tablet,1283.13,1772.9,1,67.2,0,-146.91,810,DEV-9D1F6,1
TRX-58387,35.1,Beleza,Cartao_Credito,Mobile,412.98,978.0,1,635.7,1,-260.8,171,DEV-1D583,1
TRX-58388,29.4,Eletronicos,Cartao_Credito,Desktop,640.96,1162.5,1,33.3,0,5.26,800,DEV-8E1CB,0
TRX-58389,36.4, ELETRONICOS ,Cartao_Credito,Mobile,465.17,1471.7,2,471.5,1,-52.06,442,DEV-5F442,1
TRX-58390,33.8,Games,Cartao_Credito,Desktop,933.81,958.4,1,41.4,4,-74.23,602,DEV-EB9BA,0
TRX-58391,54.3, ELETRONICOS ,Cartao_Credito,Desktop,508.31,8.3,0,55.6,2,-32.1,106,DEV-83F02,0
TRX-58392,,Vestuario,Cartao_Credito,Mobile,978.29,207.8,0,16.6,9,154.32,346,DEV-50FEC,0
TRX-58393,34.3,Vestuario,Pix,Mobile,261.64,1381.7,0,610.2,5,43.69,661,DEV-4D447,0
TRX-58394,34.1,Eletronicos,Voucher,Mobile,54.66,1240.2,2,147.8,7,-86.36,234,DEV-65B98,0
TRX-58395,44.2,Beleza,Cartao_Credito,Mobile,1289.53,135.1,0,41.9,4,143.03,987,DEV-9E306,0
TRX-58396,42.1,Beleza,Cartao_Credito,Desktop,1275.13,632.3,1,78.4,3,141.85,652,DEV-E29B9,1
TRX-58397,16.8,eletronicos,Cartao_Credito,Desktop,944.98,914.0,1,121.2,0,26.71,851,DEV-6F864,1
TRX-58398,36.3, ELETRONICOS ,Cartao_Credito,Mobile,588.16,1173.7,1,161.5,4,-55.38,681,DEV-6CF89,0
TRX-58399,25.7,Vestuario,Cartao_Credito,Mobile,664.88,654.8,0,41.7,2,65.68,474,DEV-A8980,0
TRX-58400,26.5,Eletronicos,Boleto,Desktop,253.16,1447.1,2,63.8,7,73.64,762,DEV-BBFE7,0
TRX-58401,38.2,Vestuario,Boleto,Desktop,434.86,681.1,0,104.1,5,222.78,841,DEV-5CF5A,0
TRX-58402,39.6,Vestuario,Cartao_Credito,Mobile,1341.34,698.4,1,150.1,7,-21.27,415,DEV-3B1F2,0
TRX-58403,38.1,Beleza,Pix,Tablet,1407.34,599.2,1,160.4,3,-202.26,363,DEV-524F1,1
TRX-58404,33.1,Eletronicos,Cartao_Credito,Desktop,599.34,488.2,1,559.4,6,-13.67,940,DEV-E2E58,0
TRX-58405,44.6,Eletronicos,Cartao_Credito,Mobile,314.17,555.3,2,164.5,6,-24.9,453,DEV-85533,0
TRX-58406,39.4,eletronicos,Cartao_Credito,Desktop,2001.7,183.1,1,157.6,2,-89.85,163,DEV-8B85D,1
TRX-58407,56.2,eletronicos,Cartao_Credito,Desktop,191.09,933.3,1,14.8,3,120.02,938,DEV-2A548,0
TRX-58408,37.4, ELETRONICOS ,Cartao_Credito,Mobile,875.8,760.3,1,109.2,2,-157.77,746,DEV-7537C,1
TRX-58409,23.1,Beleza,Voucher,Desktop,1335.74,621.4,1,141.8,5,-76.22,948,DEV-EA1B1,1
TRX-58410,23.2,eletronicos,Voucher,Mobile,2092.69,52.7,0,97.8,6,-93.48,129,DEV-693F9,0
TRX-58411,30.4,Beleza,Cartao_Credito,Desktop,43.61,1732.1,0,76.2,1,-148.29,141,DEV-DE0FF,0
TRX-58412,38.9, ELETRONICOS ,Boleto,Mobile,651.09,636.2,1,9.8,4,83.82,345,DEV-7F7F4,0
TRX-58413,,Games,Cartao_Credito,Mobile,204.03,1036.8,1,198.0,4,-181.67,753,DEV-18F73,0
TRX-58414,26.0,Beleza,Boleto,Mobile,101.66,575.2,0,60.6,2,-34.77,807,DEV-59E91,0
TRX-58415,41.8,eletronicos,Cartao_Credito,Desktop,140.38,1519.0,2,129.0,1,-42.04,580,DEV-2729A,0
TRX-58416,51.3,Vestuario,Cartao_Credito,Mobile,46.21,95.5,0,79.2,4,181.23,322,DEV-5503C,0
TRX-58417,29.3,Eletronicos,Cartao_Credito,Mobile,357.53,732.3,0,27.2,3,-128.82,399,DEV-93A2A,0
TRX-58418,31.1,Games,Boleto,Desktop,333.0,94.4,0,143.3,3,-90.32,314,DEV-C0AC9,0
TRX-58419,26.9,Vestuario,Cartao_Credito,Desktop,344.08,386.1,1,50.8,0,47.09,408,DEV-39095,1
TRX-58420,32.7, ELETRONICOS ,Cartao_Credito,Mobile,709.01,1496.2,2,128.1,5,-77.52,890,DEV-865F7,0
TRX-58421,49.2,Vestuario,Cartao_Credito,Desktop,121.67,893.8,2,80.1,4,-35.21,453,DEV-C6CA7,0
TRX-58422,46.3,Vestuario,Cartao_Credito,Desktop,496.45,287.5,0,65.5,6,131.51,397,DEV-31B3F,0
TRX-58423,42.6,Eletronicos,Cartao_Credito,Mobile,243.35,110.6,1,50.6,5,-204.4,636,DEV-443FB,0
TRX-58424,27.2,eletronicos,Cartao_Credito,Mobile,322.24,92.7,1,190.0,2,-1.53,960,DEV-ECC03,1
TRX-58425,40.4,Eletronicos,Pix,Mobile,640.85,465.5,1,152.7,4,72.93,780,DEV-C9251,0
TRX-58426,44.5,Vestuario,Pix,Desktop,764.58,1384.7,0,139.1,2,-108.35,343,DEV-A41E8,0
TRX-58427,40.2,Vestuario,Pix,Mobile,508.09,962.3,0,495.9,7,33.49,843,DEV-BD2A6,0
TRX-58428,32.0,Eletronicos,Cartao_Credito,Mobile,1433.15,1074.4,2,59.3,2,-13.25,356,DEV-1A330,1
TRX-58429,26.2,Eletronicos,Cartao_Credito,Mobile,,271.3,0,201.2,1,114.2,928,DEV-25AAF,1
TRX-58430,42.0,eletronicos,Cartao_Credito,Mobile,1091.15,1215.0,1,94.2,3,214.0,944,DEV-68029,0
TRX-58431,30.4,Beleza,Pix,SmartTV,63.74,98.5,3,194.2,3,178.49,329,DEV-204F2,1
TRX-58432,41.4,Beleza,Cartao_Credito,Desktop,2439.87,1322.3,0,20.0,5,134.95,714,DEV-95749,1
TRX-58433,35.6, ELETRONICOS ,Boleto,Mobile,424.81,811.7,1,127.7,2,-3.04,667,DEV-1E9A6,0
TRX-58434,51.1,eletronicos,Cartao_Credito,Mobile,1148.98,358.9,0,27.1,1,-52.44,873,DEV-5D21B,1
TRX-58435,31.0,Vestuario,Cartao_Credito,Mobile,358.86,1627.2,1,152.8,2,0.62,555,DEV-7C9AB,0
TRX-58436,54.4,Eletronicos,Cartao_Credito,Desktop,273.12,1086.9,1,150.9,4,-84.67,769,DEV-9E5EF,0
TRX-58437,42.2,Eletronicos,Boleto,Mobile,,821.9,1,301.1,0,109.58,524,DEV-534DE,0
TRX-58438,36.6,Vestuario,Boleto,Mobile,789.07,676.8,1,40.3,5,131.32,131,DEV-CA01B,0
TRX-58439,31.5, ELETRONICOS ,Pix,Desktop,208.47,1317.3,1,125.4,4,102.88,656,DEV-A5644,0
TRX-58440,42.9,eletronicos,Pix,Mobile,220.19,1561.2,2,9.6,2,-6.88,859,DEV-292C6,0
TRX-58441,29.6,Beleza,Boleto,Desktop,26.33,554.6,0,57.5,9,-234.13,694,DEV-74AAD,0
TRX-58442,44.4,Eletronicos,Voucher,Mobile,223.93,713.7,0,186.1,7,-15.66,464,DEV-A3703,0
TRX-58443,28.8,Eletronicos,Cartao_Credito,Mobile,1017.45,637.6,1,23.9,2,-17.09,977,DEV-7A2DB,1
TRX-58444,27.4, ELETRONICOS ,Cartao_Credito,Mobile,140.5,1437.1,1,1458.9,1,-140.95,848,DEV-8AEAA,1
TRX-58445,28.3, ELETRONICOS ,Pix,Mobile,266.53,1543.2,3,0.4,5,-149.8,619,DEV-9A643,0
TRX-58446,49.3,Games,Cartao_Credito,Mobile,301.8,1136.6,0,23.0,2,-27.96,219,DEV-B5CC2,0
TRX-58447,27.1,Eletronicos,Cartao_Credito,Mobile,1255.12,471.2,0,191.0,6,-62.67,637,DEV-1D3C2,0
TRX-58448,28.7,Beleza,Boleto,Desktop,103.74,1467.7,0,16.0,6,-65.12,895,DEV-C6F1C,0
TRX-58449,28.7, ELETRONICOS ,Pix,Desktop,61.46,866.5,1,38.0,4,-85.83,905,DEV-632BB,0
TRX-58450,42.6,Beleza,Cartao_Credito,Desktop,80.62,567.4,0,414.6,6,-125.64,854,DEV-EB2DC,0
TRX-58451,33.3, ELETRONICOS ,Boleto,Mobile,307.66,652.1,0,6.6,5,29.88,642,DEV-42179,0
TRX-58452,44.2,Eletronicos,Pix,Mobile,102.69,1335.0,0,7.5,3,98.06,620,DEV-C45DC,0
TRX-58453,22.2,Eletronicos,Boleto,Desktop,911.28,399.5,0,235.1,1,79.82,841,DEV-D7460,1
TRX-58454,31.3,Eletronicos,Pix,Desktop,210.43,59.9,0,38.6,5,-14.69,719,DEV-B8848,0
TRX-58455,32.2,Vestuario,Cartao_Credito,Mobile,386.43,931.2,0,228.6,3,-278.11,437,DEV-426CC,0
TRX-58456,34.1,Eletronicos,Cartao_Credito,Desktop,373.44,670.1,0,141.7,3,-206.75,663,DEV-478D2,0
TRX-58457,20.8,Vestuario,Boleto,Desktop,87.28,1308.5,0,373.5,3,16.68,687,DEV-AABB1,1
TRX-58458,31.1,Eletronicos,Cartao_Credito,Mobile,1202.14,1292.6,0,45.0,3,29.9,329,DEV-6A337,0
TRX-58459,43.8,Vestuario,Boleto,Mobile,1873.2,984.8,0,198.6,7,134.08,193,DEV-8F2AB,1
TRX-58460,32.0,Games,Cartao_Credito,Mobile,508.31,1490.0,0,9.9,4,275.35,941,DEV-9F9A7,0
TRX-58461,52.4,Vestuario,Cartao_Credito,Mobile,94.39,67.5,1,71.4,4,27.28,929,DEV-47173,0
TRX-58462,33.9,Eletronicos,Boleto,Mobile,2431.45,1250.3,1,15.7,0,-211.66,425,DEV-5073B,0
TRX-58463,33.2,Beleza,Cartao_Credito,Desktop,20.71,478.2,2,201.8,2,111.9,664,DEV-2666A,0
TRX-58464,24.1,Beleza,Cartao_Credito,Mobile,1856.56,124.2,0,137.1,4,236.23,356,DEV-7A23F,1
TRX-58465,21.8,Beleza,Cartao_Credito,Desktop,541.92,1240.1,0,195.3,6,103.62,384,DEV-D6FCF,0
TRX-58466,21.3, ELETRONICOS ,Cartao_Credito,Desktop,490.89,1184.9,1,226.3,3,101.54,238,DEV-B2CB8,0
TRX-58467,44.4,Eletronicos,Pix,Mobile,1278.05,759.6,0,19.1,6,-120.85,299,DEV-A88D0,0
TRX-58468,30.9,Vestuario,Pix,Tablet,2478.68,1634.3,1,131.6,4,-145.15,738,DEV-33799,1
TRX-58469,35.1,Eletronicos,Pix,Mobile,431.05,824.8,0,30.6,5,-255.22,215,DEV-3AEB3,0
TRX-58470,32.1,Eletronicos,Cartao_Credito,Mobile,729.27,1170.1,1,250.8,4,-53.52,901,DEV-C786F,1
TRX-58471,14.2,Eletronicos,Cartao_Credito,Mobile,222.6,600.3,0,5.2,5,8.32,412,DEV-C318A,0
TRX-58472,42.6, ELETRONICOS ,Voucher,Mobile,4888.58,1779.4,1,622.1,4,-34.36,839,DEV-C6E5A,1
TRX-58473,22.2,Eletronicos,Cartao_Credito,Mobile,771.18,247.8,0,15.0,6,114.06,562,DEV-C358E,0
TRX-58474,17.9,Vestuario,Cartao_Credito,Mobile,410.06,863.7,2,80.6,3,35.54,335,DEV-6C651,1
TRX-58475,26.4,Beleza,Cartao_Credito,Mobile,423.46,1260.6,0,203.3,3,-78.9,692,DEV-B44B8,0
TRX-58476,27.7,Eletronicos,Cartao_Credito,SmartTV,1484.68,1365.3,0,368.8,2,-84.52,589,DEV-2E75A,0
TRX-58477,27.8,Games,Pix,Desktop,1240.74,674.8,1,31.3,8,-19.76,739,DEV-DF5CF,0
TRX-58478,34.0,eletronicos,Pix,Mobile,130.99,1519.4,0,360.1,4,118.77,373,DEV-926E5,0
TRX-58479,20.6,Vestuario,Cartao_Credito,Mobile,280.93,1290.1,2,190.6,3,-86.94,279,DEV-EEE54,1
TRX-58480,34.2,Vestuario,Cartao_Credito,Mobile,239.1,1389.2,0,359.8,1,-24.39,704,DEV-48A4D,0
TRX-58481,38.9,Eletronicos,Cartao_Credito,Mobile,279.14,883.2,1,221.9,4,-50.17,716,DEV-1C06B,0
TRX-58482,,Eletronicos,Boleto,Mobile,211.51,987.1,1,231.7,6,-69.92,293,DEV-D1BC2,0
TRX-58483,28.3,Eletronicos,Pix,Desktop,33.16,64.1,1,131.5,3,-64.0,970,DEV-4DC79,1
TRX-58484,28.5, ELETRONICOS ,Cartao_Credito,Mobile,,914.6,1,235.0,7,-105.58,838,DEV-A8824,0
TRX-58485,47.8,Eletronicos,Cartao_Credito,Mobile,2545.77,34.7,0,224.4,1,-147.87,272,DEV-77A34,1
TRX-58486,33.4,Vestuario,Cartao_Credito,Mobile,557.72,1610.5,0,307.9,5,-39.84,992,DEV-587FA,0
TRX-58487,35.6,Eletronicos,Boleto,Mobile,306.28,1410.6,0,49.1,2,14.78,812,DEV-8E3E1,0
TRX-58488,35.8,Vestuario,Pix,Desktop,203.15,1053.2,1,86.3,2,66.66,632,DEV-343F2,0
TRX-58489,33.8,Eletronicos,Cartao_Credito,Mobile,483.13,436.7,0,283.0,0,-30.67,125,DEV-25475,1
TRX-58490,42.3,Eletronicos,Pix,Mobile,1554.13,672.2,0,351.7,2,118.15,923,DEV-228F0,1
TRX-58491,25.3,Games,Boleto,Mobile,2207.18,511.2,0,155.6,1,9.74,299,DEV-EABE2,1
TRX-58492,27.5,Beleza,Cartao_Credito,Mobile,1147.04,1086.3,0,182.0,3,-216.77,484,DEV-99D1D,0
TRX-58493,52.6, ELETRONICOS ,Cartao_Credito,Mobile,160.29,238.4,0,126.0,7,-208.1,160,DEV-EE685,0
TRX-58494,25.6, ELETRONICOS ,Cartao_Credito,Mobile,209.69,1162.1,2,86.7,3,41.76,170,DEV-56AB7,0
TRX-58495,35.1,Games,Cartao_Credito,Mobile,366.7,1067.6,1,333.8,1,-67.8,216,DEV-97385,0
TRX-58496,36.8,eletronicos,Cartao_Credito,Mobile,509.64,1621.7,1,679.8,1,185.78,249,DEV-AC606,1
TRX-58497,38.5,Eletronicos,Voucher,Desktop,168.3,814.9,1,107.3,4,23.7,286,DEV-D3F88,0
TRX-58498,36.1, ELETRONICOS ,Cartao_Credito,Mobile,44.04,273.9,2,222.7,2,-63.22,798,DEV-3FFCC,0
TRX-58499,47.2,Eletronicos,Cartao_Credito,Mobile,435.44,624.3,1,12.7,4,52.04,979,DEV-A55B7,0
