peca_id,tipo_maquina,material_peca,fluido_corte,turno_operacao,rotacao_rpm,avancao_mm_min,profundidade_corte_mm,desgaste_ferramenta_um,temperatura_mancal_c,pressao_hidraulica_bar,tempo_ciclo_robo_seg,dias_desde_calibracao,ruido_sensor_vibracao_hz,codigo_lote_materia_prima,clp_ip_hash,peca_defeituosa
PEC-80000, TORNO_CNC ,Aco_Carbono,Soluvel,Turno_2,3500.5,235.2,1.82,5.3,51.9,117.8,34.3,44,-10.77,1784,CLP-E30F6,1
PEC-80001,Celula_Robotica,Aluminio,Soluvel,Turno_2,2923.3,276.8,0.92,11.3,72.5,111.7,44.4,122,17.66,9106,CLP-AA648,1
PEC-80002,Fresadora,Aco_Inox,Soluvel,Turno_1,3102.2,279.8,2.24,163.7,76.5,127.0,38.9,161,1.57,2330,CLP-88F27,1
PEC-80003,torno_cnc,Latao,Soluvel,Turno_3,3565.6,279.2,3.06,56.2,74.5,122.7,41.9,14,-3.19,1025,CLP-A2F77,1
PEC-80004,Torno_CNC,Aluminio,Seco,Turno_3,3989.3,318.6,2.61,38.4,76.6,128.8,41.5,18,-6.37,9767,CLP-E04E5,1
PEC-80005,Torno_CNC,Aco_Inox,Soluvel,Turno_2,3442.1,269.3,0.62,10.0,56.0,138.7,40.0,178,-10.17,2625,CLP-92604,1
PEC-80006,Torno_CNC,Aco_Carbono,Soluvel,Turno_2,3260.1,316.3,2.82,23.8,75.2,104.9,38.9,107,11.43,5967,CLP-972FA,1
PEC-80007,Centro_Usinagem,Aco_Inox,Soluvel,Turno_2,2967.6,261.5,1.43,,63.1,116.9,37.5,170,2.5,8942,CLP-9AE3F,1
PEC-80008,Fresadora,Aluminio,Sintetico,Turno_1,2745.2,325.6,1.87,84.2,89.5,107.3,42.0,33,-12.3,2911,CLP-BCACA,1
PEC-80009,Fresadora,Aco_Inox,Soluvel,Turno_1,3699.3,310.3,1.75,21.8,75.7,106.2,33.3,11,13.6,5951,CLP-6913D,1
PEC-80010,Torno_CNC,Aco_Carbono,Soluvel,Turno_2,3130.9,296.1,3.93,287.7,70.2,149.0,49.8,65,-5.45,8627,CLP-1E799,1
PEC-80011,Celula_Robotica,Aluminio,Soluvel,Turno_3,3717.8,289.5,0.69,10.3,85.6,101.0,37.9,90,18.88,5699,CLP-94422,1
PEC-80012,Centro_Usinagem,Aluminio,Soluvel,Turno_1,3051.7,365.1,1.89,22.1,58.9,107.7,48.6,71,-6.55,5256,CLP-4D671,1
PEC-80013,Torno_CNC,Aco_Inox,Seco,Turno_2,2907.8,303.8,2.08,77.9,71.6,152.9,39.7,162,-12.23,9494,CLP-AC8EC,1
PEC-80014,Torno_CNC,Aluminio,Soluvel,Turno_3,3389.4,207.5,2.98,41.7,91.8,118.1,53.3,136,-6.76,1139,CLP-9FC30,1
PEC-80015,Torno_CNC,Aco_Carbono,Sintetico,Turno_1,3165.6,262.3,3.66,,74.8,119.0,45.3,64,16.85,6260,CLP-6ADF4,1
PEC-80016,Torno_CNC,Aluminio,Seco,Turno_1,2657.5,236.8,3.41,88.4,66.8,126.0,36.4,93,3.85,9932,CLP-56B6B,1
PEC-80017,torno_cnc,Aluminio,Semi_Sintetico,Turno_3,4017.8,353.2,3.51,29.8,61.8,101.9,65.0,122,-0.97,3949,CLP-C59EF,1
PEC-80018, TORNO_CNC ,Aluminio,Seco,Turno_1,2917.9,312.6,1.27,14.4,53.4,106.2,41.7,35,-10.68,1306,CLP-B31DB,1
PEC-80019,Torno_CNC,Aco_Carbono,Seco,Turno_1,3617.4,351.6,4.15,46.4,61.5,110.8,40.5,116,54.33,3018,CLP-94FA9,1
PEC-80020,Fresadora,Aluminio,Soluvel,Turno_1,3578.8,212.0,2.16,,55.2,135.6,41.1,46,6.29,7329,CLP-969B0,1
PEC-80021,Torno_CNC,Aco_Carbono,Sintetico,Turno_1,2633.2,305.1,0.54,56.8,62.2,130.1,48.2,147,23.92,4203,CLP-CAA32,1
PEC-80022,Torno_CNC,Aco_Carbono,Soluvel,Turno_3,2748.9,181.8,3.17,30.1,63.7,110.5,33.4,40,12.64,9156,CLP-3E628,1
PEC-80023, TORNO_CNC ,Aluminio,Soluvel,Turno_2,3064.3,170.4,2.92,63.3,76.9,118.0,46.1,123,-13.81,5068,CLP-6955F,1
PEC-80024, TORNO_CNC ,Aco_Inox,Semi_Sintetico,Turno_2,2810.5,230.2,1.0,86.3,60.1,131.7,31.5,42,12.77,9189,CLP-4F74D,1
PEC-80025,Fresadora,Aluminio,Sintetico,Turno_2,3976.9,325.6,4.34,53.5,57.8,84.2,44.4,44,0.06,6344,CLP-7995A,1
PEC-80026,Torno_CNC,Aco_Carbono,Sintetico,Turno_3,3109.9,200.4,2.75,52.6,75.6,124.5,54.0,174,3.47,6175,CLP-AE165,1
PEC-80027,torno_cnc,Aco_Inox,Sintetico,Turno_1,3600.4,249.2,2.38,36.0,73.4,131.4,40.6,84,14.58,5930,CLP-72E17,1
PEC-80028,torno_cnc,Aluminio,Soluvel,Turno_1,3431.1,309.4,2.09,,62.1,106.2,52.1,169,15.2,2973,CLP-2F01E,1
PEC-80029,Torno_CNC,Aco_Carbono,Semi_Sintetico,Turno_3,3318.8,292.3,1.34,130.9,72.2,129.8,31.6,143,-17.89,8259,CLP-3E34F,1
PEC-80030,Fresadora,Aco_Inox,Soluvel,Turno_3,3218.1,360.8,4.31,41.3,61.9,120.2,40.0,145,-5.33,7729,CLP-5D671,1
PEC-80031,Torno_CNC,Aluminio,Soluvel,Turno_1,3756.7,250.2,3.31,69.2,62.4,147.2,35.2,52,20.21,5211,CLP-4BD00,1
PEC-80032,Torno_CNC,Aco_Inox,Semi_Sintetico,Turno_1,2828.7,227.9,2.77,,83.6,112.2,60.3,68,-18.43,1016,CLP-59124,1
PEC-80033,Celula_Robotica,Aco_Inox,Soluvel,Turno_2,3976.9,195.3,3.02,33.3,63.3,128.9,41.7,130,7.48,8359,CLP-3BE95,1
PEC-80034,Celula_Robotica,Aco_Carbono,Semi_Sintetico,Turno_1,2620.7,231.6,3.86,43.1,60.1,98.0,39.8,135,0.72,5306,CLP-586DE,1
PEC-80035,Centro_Usinagem,Aco_Inox,Sintetico,Turno_2,3551.7,194.8,3.04,50.6,65.2,121.1,42.9,147,-18.19,3905,CLP-C4BCA,1
PEC-80036,Torno_CNC,Aco_Inox,Soluvel,Turno_1,2567.7,160.2,0.96,25.8,41.4,132.2,45.1,76,-10.04,4883,CLP-AB8A7,1
PEC-80037,Torno_CNC,Aco_Carbono,Semi_Sintetico,Turno_1,,348.2,3.29,20.4,63.0,112.1,42.0,78,8.89,1312,CLP-50B19,1
PEC-80038,Fresadora,Aco_Inox,Sintetico,Turno_2,3242.0,252.4,2.76,14.6,68.1,136.8,35.5,126,-8.03,3838,CLP-2BD8C,1
PEC-80039, TORNO_CNC ,Latao,Soluvel,Turno_3,2981.0,379.6,4.37,24.3,88.8,133.8,55.8,5,15.88,9782,CLP-7776F,1
PEC-80040,Torno_CNC,Latao,Soluvel,Turno_2,3118.2,208.0,3.43,13.3,66.1,122.2,53.7,154,-7.37,1421,CLP-2DC48,1
PEC-80041, TORNO_CNC ,Aco_Inox,Semi_Sintetico,Turno_1,2575.9,228.6,1.88,23.9,70.3,115.9,47.7,148,10.03,8315,CLP-B4AED,1
PEC-80042,Torno_CNC,Aco_Inox,Soluvel,Turno_3,2755.6,211.2,1.04,77.7,69.2,73.7,47.2,12,-25.51,4442,CLP-62F53,1
PEC-80043,Centro_Usinagem,Aco_Carbono,Semi_Sintetico,Turno_2,3424.2,218.0,2.43,137.1,92.2,110.3,46.7,71,-3.04,9626,CLP-53224,1
PEC-80044,Torno_CNC,Aluminio,Soluvel,Turno_1,3213.4,293.7,3.22,35.1,77.0,136.5,41.3,24,-6.1,7640,CLP-2583C,1
PEC-80045,Fresadora,Aco_Inox,Sintetico,Turno_1,2889.3,278.3,1.21,10.5,47.6,115.9,40.5,1,2.33,9784,CLP-96732,0
PEC-80046,Torno_CNC,Aco_Carbono,Seco,Turno_1,3795.9,293.8,3.1,24.5,79.7,126.8,57.8,23,23.68,7245,CLP-52B16,1
PEC-80047,torno_cnc,Aco_Inox,Soluvel,Turno_2,2651.0,317.1,3.8,37.3,53.7,113.0,50.0,114,7.88,1813,CLP-9EF39,1
PEC-80048,torno_cnc,Aco_Carbono,Sintetico,Turno_2,,305.4,1.13,21.2,57.2,98.6,34.4,137,-9.13,7699,CLP-285FC,0
PEC-80049,Torno_CNC,Aco_Inox,Semi_Sintetico,Turno_1,2972.5,199.6,3.32,13.0,49.4,131.2,41.4,140,-10.58,8907,CLP-F15CB,1
PEC-80050,Celula_Robotica,Aco_Inox,Semi_Sintetico,Turno_1,3476.8,223.8,0.77,14.0,86.9,101.6,48.9,68,-8.97,5402,CLP-9857C,1
PEC-80051,Fresadora,Aco_Inox,Sintetico,Turno_1,999999.0,256.1,0.53,27.5,79.2,116.1,47.9,104,24.01,8254,CLP-852C6,1
PEC-80052,Celula_Robotica,Latao,Sintetico,Turno_2,3151.3,436.4,0.63,13.5,79.8,125.5,49.2,4,-17.19,5511,CLP-D8594,0
PEC-80053,Centro_Usinagem,Aluminio,Semi_Sintetico,Turno_1,2370.1,288.6,3.03,15.0,77.4,109.8,33.1,55,28.81,7142,CLP-6A887,1
PEC-80054,torno_cnc,Aco_Carbono,Semi_Sintetico,Turno_1,3589.3,255.3,4.39,77.2,73.3,143.6,47.6,59,-25.5,1113,CLP-C0DC8,1
PEC-80055,Celula_Robotica,Aco_Inox,Semi_Sintetico,Turno_3,3102.0,283.7,3.59,57.8,61.2,149.6,53.9,134,-10.38,9853,CLP-2A489,1
PEC-80056,Torno_CNC,Aco_Inox,Soluvel,Turno_2,3252.0,219.8,1.52,7.0,67.5,107.9,33.0,44,26.39,2626,CLP-C0A9A,1
PEC-80057,Torno_CNC,Aco_Inox,Seco,Turno_1,2863.1,263.1,0.79,18.5,58.8,108.4,58.9,65,22.6,6682,CLP-B733D,0
PEC-80058,Torno_CNC,Aluminio,Soluvel,Turno_2,2792.4,297.7,2.97,31.6,54.8,113.4,47.6,72,0.16,8075,CLP-64F59,0
PEC-80059,Torno_CNC,Aluminio,Soluvel,Turno_1,3874.7,248.6,0.51,7.2,57.3,137.3,45.9,77,24.82,2226,CLP-C957F,0
PEC-80060, TORNO_CNC ,Aluminio,Soluvel,Turno_2,2402.0,212.2,3.67,45.2,93.3,127.3,37.4,82,17.42,3441,CLP-44552,1
PEC-80061,Torno_CNC,Aco_Inox,Soluvel,Turno_2,2725.6,246.1,1.47,22.0,60.4,131.3,39.9,23,3.1,5841,CLP-DFE04,0
PEC-80062,Centro_Usinagem,Latao,Soluvel,Turno_2,3866.2,234.0,1.7,22.7,77.0,139.7,42.0,111,0.37,9785,CLP-5907C,1
PEC-80063, TORNO_CNC ,Aco_Inox,Soluvel,Turno_2,3488.3,182.1,1.88,15.8,89.9,106.4,33.6,153,-8.65,8796,CLP-CE38E,1
PEC-80064,Torno_CNC,Latao,Soluvel,Turno_1,3053.5,221.4,3.55,19.2,74.4,127.5,42.5,58,5.67,9425,CLP-D56D5,1
PEC-80065,torno_cnc,Aco_Inox,Sintetico,Turno_2,3761.0,180.4,1.56,74.2,55.5,120.8,37.9,178,-11.43,8153,CLP-C164E,1
PEC-80066,Torno_CNC,Aluminio,Soluvel,Turno_1,3401.1,188.2,1.64,59.4,56.2,126.5,50.5,75,-2.64,5832,CLP-8C5CC,1
PEC-80067,Centro_Usinagem,Aco_Inox,Soluvel,Turno_1,3304.7,193.0,2.66,101.1,66.4,137.2,20.6,178,13.8,3292,CLP-82787,1
PEC-80068,Torno_CNC,Aluminio,Soluvel,Turno_3,3301.5,297.7,2.35,47.0,92.1,117.7,43.0,54,-20.54,5144,CLP-5C3F5,1
PEC-80069,Celula_Robotica,Aluminio,Soluvel,Turno_2,,324.5,4.32,35.2,82.1,109.5,37.3,15,21.37,8355,CLP-7880E,1
PEC-80070,Fresadora,Aluminio,Soluvel,Turno_3,3427.6,173.2,1.55,15.5,71.4,104.2,45.0,178,7.74,8948,CLP-B34D4,1
PEC-80071,Torno_CNC,Aluminio,Sintetico,Turno_1,4188.2,329.0,0.87,43.5,62.5,146.3,63.8,161,22.16,7014,CLP-53C62,1
PEC-80072,Torno_CNC,Aco_Carbono,Seco,Turno_2,,193.7,2.66,87.8,69.6,119.4,58.4,119,-17.45,3759,CLP-D65EC,1
PEC-80073,Centro_Usinagem,Aluminio,Semi_Sintetico,Turno_1,3126.2,287.3,1.24,7.5,67.3,99.5,41.0,147,5.72,8266,CLP-2B661,1
PEC-80074,Fresadora,Aco_Carbono,Semi_Sintetico,Turno_2,2643.4,262.9,2.15,25.5,67.2,140.7,43.5,177,-5.09,1471,CLP-A84CB,1
PEC-80075,Fresadora,Aco_Inox,Soluvel,Turno_1,3176.6,281.8,1.25,10.7,54.5,94.4,38.3,52,-17.11,2110,CLP-EDD91,0
PEC-80076,Fresadora,Aluminio,Soluvel,Turno_1,,191.7,4.02,63.2,54.3,96.8,43.8,101,-15.31,9603,CLP-6B24F,1
PEC-80077,Torno_CNC,Aluminio,Soluvel,Turno_1,3643.0,159.4,1.81,38.3,68.9,115.3,50.9,166,8.85,1708,CLP-69F68,1
PEC-80078, TORNO_CNC ,Aco_Inox,Semi_Sintetico,Turno_2,2955.3,209.9,3.6,79.1,51.1,111.8,34.5,88,-9.43,4044,CLP-466C6,1
PEC-80079,Torno_CNC,Aluminio,Soluvel,Turno_1,3213.5,271.3,4.29,7.3,57.5,124.7,57.5,106,13.04,5583,CLP-4AE60,1
PEC-80080,Centro_Usinagem,Aco_Inox,Sintetico,Turno_3,2616.6,347.8,4.26,87.7,65.4,91.1,52.3,91,-2.19,1487,CLP-E4E44,1
PEC-80081,Fresadora,Aco_Inox,Soluvel,Turno_1,2763.9,198.5,2.6,7.4,69.0,124.9,52.0,93,21.23,1195,CLP-225B0,1
PEC-80082,Torno_CNC,Aco_Inox,Soluvel,Turno_1,3267.2,245.1,4.43,,78.4,139.2,48.1,149,-35.41,5335,CLP-AF3AA,1
PEC-80083,Torno_CNC,Aco_Inox,Seco,Turno_1,2977.5,212.5,3.12,10.9,50.0,105.3,37.8,24,-6.03,8721,CLP-707AA,1
PEC-80084,Torno_CNC,Aluminio,Semi_Sintetico,Turno_3,2729.9,249.1,1.01,10.5,50.0,114.3,53.1,167,12.13,8057,CLP-D1DD5,0
PEC-80085,Torno_CNC,Aluminio,Semi_Sintetico,Turno_1,3420.4,153.5,4.05,11.6,80.7,108.0,42.4,157,-16.42,9973,CLP-95E61,1
PEC-80086,Fresadora,Latao,Sintetico,Turno_1,3163.0,324.9,2.37,27.9,85.1,124.8,31.5,138,-4.01,4794,CLP-C65A7,1
PEC-80087,Fresadora,Aco_Carbono,Semi_Sintetico,Turno_3,2494.6,251.2,1.11,58.7,52.5,103.9,45.6,145,0.03,7952,CLP-7112D,1
PEC-80088,Centro_Usinagem,Aco_Inox,Sintetico,Turno_1,,295.9,3.67,85.0,54.9,102.0,35.7,161,16.62,8277,CLP-5CDCD,1
PEC-80089, TORNO_CNC ,Aco_Carbono,Seco,Turno_2,2943.5,238.4,3.0,34.3,71.5,117.7,40.2,43,-11.14,7595,CLP-6AD0A,1
PEC-80090,Torno_CNC,Aco_Carbono,Soluvel,Turno_1,2485.3,259.5,4.03,11.0,65.6,125.1,50.7,133,15.52,1191,CLP-7142F,1
PEC-80091,Fresadora,Aluminio,Sintetico,Turno_2,2359.0,306.4,3.81,7.9,65.7,122.3,44.0,103,-17.15,9028,CLP-A1DE6,1
PEC-80092,Fresadora,Aluminio,Sintetico,Turno_1,3708.0,256.6,1.78,28.9,55.6,113.4,44.7,46,9.65,8379,CLP-D5940,1
PEC-80093,torno_cnc,Latao,Soluvel,Turno_2,3156.0,258.4,1.53,55.7,73.6,130.0,54.3,128,-11.16,8117,CLP-B5D25,1
PEC-80094,Fresadora,Aluminio,Semi_Sintetico,Turno_3,3080.5,210.3,3.44,38.9,62.2,123.5,27.0,129,-2.18,1386,CLP-3EE53,1
PEC-80095, TORNO_CNC ,Latao,Seco,Turno_3,3115.2,223.3,2.79,,61.8,102.5,54.0,164,-0.32,5078,CLP-97527,1
PEC-80096,torno_cnc,Aco_Inox,Soluvel,Turno_2,2688.0,199.4,0.78,6.7,51.4,79.9,46.2,62,14.23,3914,CLP-C8596,0
PEC-80097, TORNO_CNC ,Aco_Inox,Soluvel,Turno_3,3384.9,213.1,1.23,23.6,74.5,127.8,44.4,115,27.92,9439,CLP-52E3D,1
PEC-80098,Torno_CNC,Aluminio,Soluvel,Turno_1,3141.2,312.6,1.11,33.0,60.7,116.2,44.7,21,8.86,4959,CLP-7BF11,0
PEC-80099,Torno_CNC,Aluminio,Semi_Sintetico,Turno_1,2859.2,340.4,2.86,36.9,64.5,103.4,50.1,149,1.37,3112,CLP-B28B2,1
PEC-80100,Torno_CNC,Aco_Carbono,Sintetico,Turno_2,2926.6,187.6,0.84,5.2,79.3,144.4,53.2,15,11.96,9650,CLP-98CDE,1
PEC-80101,Fresadora,Latao,Soluvel,Turno_2,2647.6,269.8,1.33,12.8,52.4,144.2,43.1,50,-3.76,9811,CLP-E48A2,0
PEC-80102,Torno_CNC,Aco_Inox,Sintetico,Turno_1,3017.2,234.1,2.68,109.7,64.0,139.1,43.9,53,8.21,9073,CLP-A2A69,1
PEC-80103,torno_cnc,Aco_Inox,Soluvel,Turno_2,3092.2,319.8,1.03,29.9,46.3,123.4,49.9,123,44.24,4160,CLP-4FF3E,1
PEC-80104,Centro_Usinagem,Aco_Carbono,Semi_Sintetico,Turno_1,3005.5,256.7,1.49,47.6,58.7,72.5,28.2,156,4.27,1783,CLP-69A4E,1
PEC-80105,Torno_CNC,Aluminio,Soluvel,Turno_2,3224.8,249.6,4.13,17.9,80.5,137.6,44.2,145,12.28,7915,CLP-B0D9C,1
PEC-80106, TORNO_CNC ,Aco_Inox,Soluvel,Turno_3,3164.7,212.8,3.29,35.8,46.5,106.2,49.0,68,-35.47,9304,CLP-B9AAC,0
PEC-80107,Fresadora,Aluminio,Semi_Sintetico,Turno_2,3303.8,173.4,1.73,20.4,67.8,111.6,41.1,121,6.61,7762,CLP-5DEFE,1
PEC-80108,Torno_CNC,Aco_Carbono,Soluvel,Turno_1,3624.4,288.0,4.01,17.3,84.2,133.5,38.6,42,-6.48,5144,CLP-3814A,1
PEC-80109,Torno_CNC,Aco_Carbono,Soluvel,Turno_2,3466.9,267.6,1.5,23.6,71.6,150.5,43.8,106,2.31,3915,CLP-42D68,1
PEC-80110,Torno_CNC,Aluminio,Soluvel,Turno_2,3629.6,268.9,2.86,26.6,58.0,143.1,40.3,58,-6.07,1631,CLP-3F132,1
PEC-80111,Torno_CNC,Aco_Inox,Soluvel,Turno_1,2818.5,220.0,1.97,19.1,51.7,122.6,43.0,38,-3.84,2848,CLP-B863A,0
PEC-80112,Celula_Robotica,Latao,Soluvel,Turno_2,2971.1,242.7,3.51,15.4,41.8,131.1,41.2,174,-13.88,7822,CLP-24C41,1
PEC-80113,Centro_Usinagem,Aluminio,Seco,Turno_3,3494.1,289.6,1.99,39.2,83.7,103.4,57.5,63,0.19,7174,CLP-2B983,1
PEC-80114,Fresadora,Aluminio,Semi_Sintetico,Turno_1,,299.1,1.5,21.8,59.9,95.7,35.9,44,-8.97,8970,CLP-EF9B2,1
PEC-80115,Centro_Usinagem,Aco_Inox,Semi_Sintetico,Turno_1,2894.6,191.1,2.93,12.9,43.4,136.2,51.7,40,13.38,6595,CLP-E2DB1,0
PEC-80116,Centro_Usinagem,Aco_Carbono,Seco,Turno_1,3475.2,218.3,3.48,54.7,52.7,124.8,40.3,11,-22.72,4760,CLP-66BE0,1
PEC-80117,Torno_CNC,Aco_Inox,Soluvel,Turno_2,2775.4,180.5,2.65,,52.1,98.3,47.6,152,16.74,4800,CLP-8551F,1
PEC-80118,Centro_Usinagem,Aco_Inox,Soluvel,Turno_3,3416.5,260.1,3.37,81.3,59.1,119.3,50.2,93,-14.89,4985,CLP-36AFC,1
PEC-80119,torno_cnc,Aluminio,Soluvel,Turno_2,3188.2,294.2,2.19,33.3,93.7,129.3,57.2,127,20.29,5458,CLP-91692,1
PEC-80120,Centro_Usinagem,Aco_Inox,Semi_Sintetico,Turno_1,2577.0,236.1,3.68,16.5,76.1,133.6,48.1,14,-5.8,2174,CLP-865CF,1
PEC-80121,Centro_Usinagem,Aluminio,Sintetico,Turno_2,3004.7,216.9,2.84,74.8,70.8,129.4,41.8,88,-35.12,9502,CLP-C4A2B,1
PEC-80122,Torno_CNC,Aco_Inox,Soluvel,Turno_2,4182.0,233.2,1.28,16.5,79.4,114.6,45.5,65,-14.27,8553,CLP-CF987,1
PEC-80123,Torno_CNC,Aluminio,Soluvel,Turno_2,3291.3,365.3,4.06,42.3,87.0,107.3,60.3,96,-7.64,7020,CLP-E73E5,1
PEC-80124,Torno_CNC,Aco_Inox,Sintetico,Turno_1,4235.2,309.6,3.85,12.4,71.3,121.8,46.3,142,28.66,3953,CLP-3568A,1
PEC-80125, TORNO_CNC ,Aco_Inox,Sintetico,Turno_2,2550.2,286.5,4.36,39.7,82.3,132.0,34.5,5,-11.05,6045,CLP-C6E32,1
PEC-80126,Centro_Usinagem,Aco_Inox,Semi_Sintetico,Turno_2,3537.8,266.0,2.78,69.3,57.3,133.6,41.9,71,15.3,8154,CLP-A9439,1
PEC-80127,Centro_Usinagem,Latao,Soluvel,Turno_1,2059.5,249.4,3.2,,54.6,143.7,41.7,105,-8.59,8474,CLP-85EC5,1
PEC-80128,Torno_CNC,Aco_Carbono,Seco,Turno_2,3199.9,204.7,3.95,27.3,52.6,120.5,50.8,127,-7.63,8695,CLP-4FBB8,1
PEC-80129,torno_cnc,Aco_Inox,Soluvel,Turno_3,3484.0,196.9,0.71,181.1,68.5,103.3,35.2,68,8.4,3874,CLP-81370,1
PEC-80130, TORNO_CNC ,Aco_Carbono,Sintetico,Turno_1,3577.1,221.6,4.15,5.8,33.4,136.3,40.9,69,10.26,4008,CLP-E35AB,0
PEC-80131,Torno_CNC,Aluminio,Seco,Turno_3,2840.3,202.3,1.58,19.1,80.9,121.2,46.7,67,-3.66,6932,CLP-F0D73,1
PEC-80132,Torno_CNC,Latao,Seco,Turno_1,,219.6,0.73,92.8,59.1,100.8,42.8,49,5.35,1550,CLP-53EDE,1
PEC-80133,Torno_CNC,Aco_Inox,Soluvel,Turno_2,2959.8,244.9,1.45,41.0,74.9,129.4,45.7,93,-21.14,3470,CLP-DDF47,1
PEC-80134,Celula_Robotica,Aluminio,Soluvel,Turno_1,3126.2,248.7,2.85,32.3,48.3,141.2,46.2,38,19.83,3802,CLP-34A3B,0
PEC-80135,Torno_CNC,Aco_Inox,Soluvel,Turno_1,3005.0,219.0,0.69,40.5,78.3,125.7,46.7,48,-23.15,9476,CLP-98925,1
PEC-80136,torno_cnc,Aco_Inox,Soluvel,Turno_2,999999.0,274.8,0.5,18.6,81.6,141.4,37.6,30,-6.06,2105,CLP-C555B,1
PEC-80137,Fresadora,Latao,Sintetico,Turno_2,3906.4,240.5,3.06,7.6,66.2,112.7,51.4,102,3.65,2914,CLP-8859C,1
PEC-80138, TORNO_CNC ,Aluminio,Seco,Turno_3,3221.6,260.7,2.31,16.3,71.3,109.1,40.7,115,14.48,5721,CLP-E640F,1
PEC-80139,Celula_Robotica,Aco_Inox,Soluvel,Turno_2,,212.8,3.88,19.4,52.7,132.8,44.9,150,-12.97,1352,CLP-55853,1
PEC-80140,Celula_Robotica,Aco_Inox,Soluvel,Turno_2,3670.1,284.6,1.53,27.9,65.5,114.7,35.3,170,-20.93,5410,CLP-6649E,1
PEC-80141,Torno_CNC,Aco_Carbono,Soluvel,Turno_3,2764.4,223.3,1.62,22.5,76.7,138.1,45.3,74,14.53,6004,CLP-E2936,1
PEC-80142, TORNO_CNC ,Aluminio,Semi_Sintetico,Turno_2,3747.3,330.4,0.81,30.8,61.4,122.6,46.5,152,6.62,4429,CLP-53F21,1
PEC-80143,Torno_CNC,Aco_Inox,Seco,Turno_1,3426.5,238.8,2.65,12.6,83.3,138.3,45.3,11,10.31,2737,CLP-C4A80,1
PEC-80144,Torno_CNC,Latao,Soluvel,Turno_1,2731.6,245.3,1.96,12.1,43.6,129.5,38.8,113,12.44,3430,CLP-E5368,0
PEC-80145,Torno_CNC,Aco_Inox,Soluvel,Turno_1,3402.0,279.7,1.86,20.2,61.1,106.5,54.0,7,8.36,1628,CLP-C0B39,1
PEC-80146,Fresadora,Aco_Inox,Semi_Sintetico,Turno_2,2739.7,290.6,2.33,27.5,41.9,90.1,49.7,120,-2.8,3175,CLP-37930,1
PEC-80147,torno_cnc,Latao,Sintetico,Turno_1,3922.9,296.0,3.9,,68.8,131.7,43.9,22,5.34,5967,CLP-BBF0C,1
PEC-80148,Torno_CNC,Aco_Inox,Soluvel,Turno_1,3566.2,338.8,0.92,35.1,62.4,128.5,43.8,86,-16.04,6949,CLP-DF9BD,1
PEC-80149,Torno_CNC,Aco_Inox,Semi_Sintetico,Turno_1,3168.0,283.1,2.59,18.0,62.9,104.7,39.1,159,26.69,8452,CLP-7AE84,1
PEC-80150,Centro_Usinagem,Aluminio,Seco,Turno_2,3769.2,246.7,1.29,11.8,73.9,132.0,40.0,168,-10.05,2813,CLP-8C47D,1
PEC-80151,Torno_CNC,Aco_Carbono,Sintetico,Turno_1,2488.1,223.5,1.35,74.5,61.6,140.9,56.7,131,-8.83,7835,CLP-7D28D,1
PEC-80152,Torno_CNC,Aco_Inox,Sintetico,Turno_1,2862.8,243.3,1.53,12.8,98.7,109.4,42.1,89,0.53,4536,CLP-59213,1
PEC-80153, TORNO_CNC ,Latao,Soluvel,Turno_2,3086.4,324.2,2.34,124.0,74.7,91.0,67.1,42,7.98,1901,CLP-E226F,1
PEC-80154,Celula_Robotica,Aco_Carbono,Sintetico,Turno_3,,180.7,2.48,158.1,65.4,134.6,35.7,92,-4.27,5983,CLP-3E812,1
PEC-80155,Torno_CNC,Aco_Inox,Soluvel,Turno_1,2718.3,209.0,3.99,46.8,56.9,139.1,48.0,17,24.88,2360,CLP-96F19,0
PEC-80156,Fresadora,Aco_Carbono,Soluvel,Turno_2,2431.7,239.1,4.07,29.4,54.1,109.0,46.8,4,10.75,8670,CLP-631BA,1
PEC-80157,Fresadora,Aco_Inox,Soluvel,Turno_1,2550.0,208.4,2.85,60.5,70.2,131.6,45.3,84,-12.61,4718,CLP-D5F64,1
PEC-80158,Torno_CNC,Aluminio,Soluvel,Turno_3,3607.8,229.6,1.63,77.3,58.7,125.0,32.3,136,16.32,8776,CLP-843EC,1
PEC-80159,Fresadora,Aco_Carbono,Soluvel,Turno_1,2932.6,340.3,3.77,48.3,76.9,118.4,34.0,152,-2.3,8402,CLP-63E39,1
PEC-80160, TORNO_CNC ,Latao,Sintetico,Turno_3,3128.4,235.1,3.67,,64.0,128.7,46.6,41,-1.1,9969,CLP-3305C,1
PEC-80161,Fresadora,Aco_Inox,Sintetico,Turno_3,,270.6,3.69,5.1,64.1,112.5,36.8,113,28.81,4258,CLP-58EF3,1
PEC-80162,Fresadora,Aluminio,Sintetico,Turno_3,3128.9,167.1,0.57,12.5,66.4,103.5,54.7,90,-29.91,5658,CLP-9F8A4,1
PEC-80163,torno_cnc,Aluminio,Soluvel,Turno_1,3291.9,194.9,3.52,12.3,63.2,126.1,43.2,156,12.91,5200,CLP-ED9AC,1
PEC-80164,Torno_CNC,Aco_Inox,Soluvel,Turno_2,3440.8,296.6,3.91,12.1,68.3,124.0,47.0,34,-10.18,4424,CLP-18CDD,1
PEC-80165,Centro_Usinagem,Aco_Inox,Semi_Sintetico,Turno_1,3006.2,333.4,2.92,30.0,89.8,81.8,44.7,72,3.98,6394,CLP-7C1D9,1
PEC-80166,Torno_CNC,Aco_Inox,Soluvel,Turno_3,3125.2,261.1,3.5,30.7,71.5,102.3,44.5,101,-23.53,8473,CLP-63E47,1
PEC-80167,Torno_CNC,Aluminio,Seco,Turno_3,3308.9,234.7,3.6,49.9,70.1,109.9,57.2,112,11.53,6647,CLP-D5844,1
PEC-80168,Torno_CNC,Aluminio,Soluvel,Turno_3,3590.7,274.8,2.53,12.9,74.4,127.9,53.7,111,6.77,1906,CLP-BA8CF,1
PEC-80169,torno_cnc,Aco_Inox,Sintetico,Turno_2,2843.4,120.1,3.75,8.4,63.7,97.2,46.2,4,16.79,1013,CLP-49D48,0
PEC-80170,Fresadora,Aco_Carbono,Soluvel,Turno_2,1840.7,261.5,3.67,43.4,53.4,115.2,50.4,146,21.57,9435,CLP-33B4C,1
PEC-80171,Torno_CNC,Aco_Carbono,Sintetico,Turno_2,3505.8,197.7,4.16,28.2,28.8,149.1,54.4,34,9.32,8205,CLP-77BAE,0
PEC-80172,torno_cnc,Aluminio,Semi_Sintetico,Turno_1,3617.5,289.7,4.19,,40.4,121.0,40.2,128,-5.32,5055,CLP-C9968,1
PEC-80173,Torno_CNC,Aco_Inox,Seco,Turno_2,,140.4,2.62,,74.0,121.9,32.6,156,-10.78,6217,CLP-A0C5B,1
PEC-80174,Fresadora,Aluminio,Seco,Turno_2,3320.7,218.6,0.63,53.6,69.4,119.1,49.4,166,-30.3,6711,CLP-4DFB6,1
PEC-80175,Torno_CNC,Aco_Inox,Soluvel,Turno_3,2946.1,248.0,0.58,45.2,63.2,134.7,55.0,114,0.99,5616,CLP-2F898,1
PEC-80176,Fresadora,Aco_Inox,Sintetico,Turno_2,,211.9,4.26,41.8,93.3,120.6,31.3,69,-4.96,2255,CLP-A2DB4,1
PEC-80177, TORNO_CNC ,Aco_Carbono,Soluvel,Turno_3,,231.2,1.85,6.0,64.6,116.7,40.1,121,-10.15,6641,CLP-BA052,1
PEC-80178,Celula_Robotica,Aco_Inox,Sintetico,Turno_3,3225.4,295.2,2.01,73.3,36.7,122.3,43.1,157,-17.46,8990,CLP-4C543,1
PEC-80179,Torno_CNC,Aco_Inox,Soluvel,Turno_2,4321.1,248.8,2.38,21.5,74.0,139.9,37.1,164,-2.06,3984,CLP-4F241,1
PEC-80180,Torno_CNC,Aco_Inox,Semi_Sintetico,Turno_1,2496.3,203.5,1.56,10.1,78.9,126.0,43.8,43,-8.42,1726,CLP-3A261,1
PEC-80181,Torno_CNC,Aco_Inox,Seco,Turno_2,3273.3,297.0,2.86,54.3,73.6,120.9,36.1,6,3.19,2971,CLP-B9771,1
PEC-80182,Celula_Robotica,Aco_Inox,Soluvel,Turno_2,2671.5,262.5,3.64,28.3,79.1,137.7,42.4,52,-4.28,1200,CLP-9593A,1
PEC-80183,Centro_Usinagem,Latao,Soluvel,Turno_1,3595.9,264.6,1.53,6.1,43.9,112.2,50.6,120,12.23,5014,CLP-6C591,0
PEC-80184,Torno_CNC,Aco_Inox,Soluvel,Turno_1,2488.3,205.4,3.47,58.3,66.1,72.0,28.4,39,-17.86,8510,CLP-499A0,1
PEC-80185,Fresadora,Aco_Inox,Sintetico,Turno_3,2599.7,122.6,3.19,25.0,55.0,126.7,36.6,110,-8.68,9214,CLP-3EBF3,1
PEC-80186,Centro_Usinagem,Aco_Inox,Soluvel,Turno_1,2915.1,204.7,2.6,54.2,71.3,126.5,56.2,142,19.12,4527,CLP-19776,1
PEC-80187,torno_cnc,Latao,Seco,Turno_2,3319.6,199.6,1.8,54.3,83.2,110.7,38.4,113,-1.04,1652,CLP-99B45,1
PEC-80188,torno_cnc,Aluminio,Sintetico,Turno_3,2932.0,219.3,3.99,8.7,60.6,116.0,24.2,45,19.16,8135,CLP-ABB11,1
PEC-80189,Torno_CNC,Aco_Inox,Sintetico,Turno_2,2936.6,207.9,2.11,38.2,72.8,138.9,46.4,90,5.36,9220,CLP-E1B46,1
PEC-80190,Torno_CNC,Aco_Carbono,Sintetico,Turno_2,3118.6,255.6,2.0,20.6,54.5,126.8,44.4,173,1.34,9222,CLP-62FBB,0
PEC-80191,Centro_Usinagem,Aco_Inox,Soluvel,Turno_2,,294.0,3.07,32.7,64.8,142.1,46.2,124,5.02,1581,CLP-8F214,1
PEC-80192,Centro_Usinagem,Aco_Inox,Seco,Turno_2,3869.4,303.8,4.18,8.2,58.8,124.0,45.5,138,-7.82,7152,CLP-37B8E,1
PEC-80193,Fresadora,Aco_Inox,Sintetico,Turno_1,3508.7,291.9,2.53,36.1,86.6,117.7,55.2,135,-13.14,2668,CLP-26C3C,1
PEC-80194,Torno_CNC,Aco_Inox,Seco,Turno_3,3053.9,205.1,3.39,57.6,52.0,130.6,39.4,16,17.09,4479,CLP-42190,0
PEC-80195,Torno_CNC,Aco_Inox,Sintetico,Turno_2,4143.7,252.9,2.33,156.5,66.1,125.5,44.2,14,9.78,3292,CLP-404E4,1
PEC-80196,Fresadora,Aluminio,Sintetico,Turno_2,3421.2,328.3,1.38,18.5,81.4,126.6,41.5,105,14.04,4792,CLP-5F0C1,1
PEC-80197,Centro_Usinagem,Aco_Inox,Soluvel,Turno_2,2764.0,170.8,1.0,10.9,41.7,116.5,50.4,125,27.48,6688,CLP-E218D,0
PEC-80198,Centro_Usinagem,Aluminio,Sintetico,Turno_1,3315.4,317.4,1.05,20.9,70.2,111.4,51.2,26,-0.1,6539,CLP-3B6C2,0
PEC-80199,Fresadora,Aco_Inox,Semi_Sintetico,Turno_3,3441.0,200.2,0.59,5.7,66.3,112.0,48.0,170,11.92,7637,CLP-66432,1
PEC-80200,Fresadora,Aco_Inox,Semi_Sintetico,Turno_3,2890.6,264.7,2.71,23.4,56.8,127.8,62.2,65,-18.62,8984,CLP-C20D9,1
PEC-80201,Torno_CNC,Aluminio,Semi_Sintetico,Turno_1,2726.4,270.6,1.02,91.1,79.6,129.7,49.4,127,16.54,3808,CLP-7431C,1
PEC-80202,Torno_CNC,Latao,Soluvel,Turno_3,3238.9,259.5,3.96,12.6,85.6,80.6,55.0,51,-20.56,8403,CLP-46557,1
PEC-80203,Centro_Usinagem,Aco_Inox,Seco,Turno_2,3037.9,361.4,4.43,27.7,72.9,109.0,37.9,63,-8.61,8588,CLP-3E56A,1
PEC-80204,Fresadora,Aluminio,Seco,Turno_2,3865.6,235.0,2.48,34.8,61.4,96.1,39.4,130,-8.56,4049,CLP-E3DDC,1
PEC-80205,Torno_CNC,Aco_Inox,Soluvel,Turno_2,3533.5,168.0,2.3,11.9,47.6,112.5,60.8,4,8.54,2884,CLP-97B5D,1
PEC-80206,Torno_CNC,Aco_Inox,Seco,Turno_1,2911.7,267.8,1.89,19.0,67.2,111.0,34.2,90,-5.58,9253,CLP-E413D,0
PEC-80207,Fresadora,Aco_Inox,Soluvel,Turno_2,3391.7,241.5,3.05,89.8,63.2,122.2,51.1,62,-3.8,7698,CLP-A5E10,1
PEC-80208,Torno_CNC,Aco_Inox,Sintetico,Turno_1,3770.2,277.7,2.93,17.3,63.9,122.8,55.3,43,-4.64,4213,CLP-63AE0,1
PEC-80209,Torno_CNC,Aco_Inox,Soluvel,Turno_2,2572.8,294.1,1.87,40.3,59.0,152.0,54.4,46,2.57,7962,CLP-C464A,0
PEC-80210,torno_cnc,Aco_Inox,Seco,Turno_2,2739.7,248.3,1.87,10.2,58.0,125.6,32.2,14,2.44,8419,CLP-89F16,0
PEC-80211,Fresadora,Aco_Carbono,Soluvel,Turno_3,3195.0,271.8,3.08,43.8,65.3,129.6,42.2,108,-8.56,9631,CLP-5EC70,1
PEC-80212,Fresadora,Aco_Inox,Soluvel,Turno_2,3216.0,257.2,2.72,16.5,50.2,98.7,50.0,78,9.85,1399,CLP-DB796,1
PEC-80213,Torno_CNC,Aluminio,Soluvel,Turno_1,3176.5,339.6,3.37,14.2,77.4,115.0,50.9,43,-2.87,6139,CLP-49FA9,1
PEC-80214,Fresadora,Aco_Inox,Soluvel,Turno_3,3060.2,231.5,4.27,9.6,55.8,103.8,44.9,129,-0.14,8498,CLP-85CEB,1
PEC-80215,Torno_CNC,Aluminio,Sintetico,Turno_2,3053.3,215.6,3.62,6.7,66.3,129.0,39.4,28,15.93,8968,CLP-2215E,1
PEC-80216,Torno_CNC,Aluminio,Soluvel,Turno_2,3372.9,294.0,1.72,125.3,61.1,120.8,42.8,84,1.49,3109,CLP-DBBDD,1
PEC-80217,Fresadora,Aco_Inox,Sintetico,Turno_1,3710.3,203.5,3.54,23.7,72.8,114.9,40.1,19,-12.35,9163,CLP-8897D,1
PEC-80218,Fresadora,Aco_Inox,Seco,Turno_3,2983.6,269.6,2.3,57.6,72.1,134.3,35.1,67,-6.47,4166,CLP-44767,1
PEC-80219,Centro_Usinagem,Aco_Carbono,Semi_Sintetico,Turno_3,4297.3,241.5,3.61,93.4,71.1,116.0,42.6,78,19.74,5818,CLP-7BB40,1
PEC-80220,Fresadora,Aco_Carbono,Semi_Sintetico,Turno_3,4082.3,244.9,4.05,13.0,51.0,140.0,59.8,8,-13.57,4135,CLP-CAE59,1
PEC-80221,torno_cnc,Aco_Inox,Soluvel,Turno_3,3798.2,371.9,1.5,76.4,62.7,139.8,42.8,103,-6.63,7256,CLP-497D8,1
PEC-80222,Torno_CNC,Aco_Inox,Soluvel,Turno_1,,311.7,1.45,48.1,84.2,110.5,32.9,60,16.38,3311,CLP-202D8,1
PEC-80223, TORNO_CNC ,Aco_Carbono,Sintetico,Turno_3,4103.6,301.1,2.23,35.2,60.9,136.7,42.1,113,-3.2,2587,CLP-B05D5,1
PEC-80224,Torno_CNC,Aco_Inox,Soluvel,Turno_2,3069.4,276.5,0.71,63.0,77.6,121.7,58.8,44,6.54,6586,CLP-6EBAC,1
PEC-80225,Torno_CNC,Aluminio,Seco,Turno_1,2825.3,215.4,3.24,9.1,64.9,114.1,32.3,125,-9.03,1688,CLP-D7DC1,1
PEC-80226,Celula_Robotica,Aco_Inox,Soluvel,Turno_2,2963.3,263.1,3.5,15.7,61.3,125.9,45.0,177,0.66,3798,CLP-C2035,1
PEC-80227, TORNO_CNC ,Aco_Inox,Seco,Turno_2,2748.7,279.2,1.88,9.9,67.2,96.2,50.9,86,-15.39,8392,CLP-70BCA,1
PEC-80228,Centro_Usinagem,Aluminio,Soluvel,Turno_1,3254.8,259.9,2.36,84.2,55.0,111.9,35.9,111,5.19,3656,CLP-8ADAF,1
PEC-80229,Fresadora,Aluminio,Semi_Sintetico,Turno_1,3334.9,254.7,2.86,8.6,75.8,126.3,46.5,176,8.07,6403,CLP-27EE9,1
PEC-80230,Fresadora,Aco_Inox,Soluvel,Turno_1,3290.4,230.1,0.79,141.8,54.8,115.6,37.7,102,1.97,7228,CLP-733F9,1
PEC-80231,torno_cnc,Aluminio,Soluvel,Turno_1,3194.4,263.7,3.35,9.1,71.6,136.2,35.2,23,-14.89,2952,CLP-510C7,1
PEC-80232,torno_cnc,Aco_Carbono,Sintetico,Turno_1,3259.9,223.7,2.61,42.9,77.9,114.0,50.0,50,12.5,3158,CLP-92204,1
PEC-80233, TORNO_CNC ,Aluminio,Soluvel,Turno_1,3981.3,285.2,3.0,42.8,70.1,121.8,59.6,179,6.46,3240,CLP-84F48,1
PEC-80234,Torno_CNC,Aco_Inox,Sintetico,Turno_1,3479.0,149.2,3.4,,58.2,118.2,41.9,69,21.66,2336,CLP-92A54,1
PEC-80235,Fresadora,Aluminio,Sintetico,Turno_3,3615.1,317.9,3.2,18.7,67.2,97.1,49.6,129,-13.49,2662,CLP-C4451,0
PEC-80236,Torno_CNC,Aco_Carbono,Soluvel,Turno_3,3285.9,184.4,0.88,19.1,56.2,125.9,48.9,90,-17.7,5071,CLP-D579A,1
PEC-80237,Torno_CNC,Aco_Carbono,Seco,Turno_1,2473.0,196.6,3.63,70.5,62.5,124.8,46.4,15,-7.51,9228,CLP-64DD2,0
PEC-80238,Fresadora,Aluminio,Soluvel,Turno_3,2383.8,270.4,2.94,139.5,58.7,91.0,39.5,179,19.64,4020,CLP-983A2,1
PEC-80239,Torno_CNC,Aco_Inox,Sintetico,Turno_2,4137.3,277.0,3.36,6.1,55.9,83.0,36.9,76,54.95,6761,CLP-AF29F,1
PEC-80240,Celula_Robotica,Aco_Carbono,Sintetico,Turno_2,,353.9,1.55,40.3,72.6,113.2,38.6,85,-6.78,7687,CLP-E3263,1
PEC-80241,Celula_Robotica,Aluminio,Sintetico,Turno_2,2922.5,264.8,1.39,14.8,76.8,138.5,43.6,101,25.9,8788,CLP-EFA8E,1
PEC-80242,Centro_Usinagem,Aco_Inox,Soluvel,Turno_2,3310.5,248.0,3.8,50.6,77.6,160.8,41.6,17,-7.36,5997,CLP-F0D05,1
PEC-80243, TORNO_CNC ,Aluminio,Soluvel,Turno_1,3447.7,259.6,2.06,56.9,67.9,92.7,35.8,129,-7.98,4922,CLP-CEA95,1
PEC-80244,Torno_CNC,Aco_Inox,Sintetico,Turno_1,3504.6,329.5,2.8,55.3,82.6,144.4,43.4,95,10.09,9848,CLP-B6296,1
PEC-80245,Celula_Robotica,Aluminio,Soluvel,Turno_2,3998.5,371.2,2.71,25.0,56.9,137.4,39.9,84,-8.73,3770,CLP-6E16D,1
PEC-80246, TORNO_CNC ,Aco_Inox,Soluvel,Turno_2,3875.3,240.8,2.84,11.0,80.4,111.2,49.5,53,-10.19,9744,CLP-1AFE0,1
PEC-80247,Celula_Robotica,Aluminio,Sintetico,Turno_3,2835.1,277.1,0.78,35.8,75.9,148.2,41.9,4,2.66,3501,CLP-8D0C3,1
PEC-80248,Celula_Robotica,Latao,Sintetico,Turno_1,3635.9,246.3,1.71,59.5,65.5,127.0,51.8,153,3.04,4378,CLP-5F837,1
PEC-80249,Centro_Usinagem,Aco_Carbono,Soluvel,Turno_2,3027.2,245.3,0.77,,67.7,116.6,46.8,98,29.22,1189,CLP-B5F68,1
PEC-80250,Torno_CNC,Latao,Soluvel,Turno_2,3138.1,344.0,2.42,26.1,77.4,93.3,41.0,135,-25.68,6632,CLP-3DCB2,1
PEC-80251, TORNO_CNC ,Latao,Soluvel,Turno_3,2707.7,203.7,4.11,14.9,72.9,121.5,43.7,91,10.36,1949,CLP-B3612,1
PEC-80252,Centro_Usinagem,Aco_Inox,Soluvel,Turno_1,2438.1,133.3,2.06,9.4,68.1,120.6,43.9,130,0.1,3749,CLP-2BABD,1
PEC-80253,Torno_CNC,Aluminio,Soluvel,Turno_3,3185.8,265.9,3.63,60.9,59.6,153.6,46.3,45,-5.71,8131,CLP-4D1BD,1
PEC-80254,Torno_CNC,Aluminio,Soluvel,Turno_3,2769.8,310.1,1.65,31.8,53.9,105.8,47.9,133,25.81,7302,CLP-9B3CB,1
PEC-80255,torno_cnc,Aco_Carbono,Seco,Turno_2,3617.5,261.0,3.93,44.2,66.3,106.7,41.4,112,16.9,5649,CLP-9A860,1
PEC-80256,Celula_Robotica,Aco_Inox,Sintetico,Turno_2,3073.5,275.1,2.18,11.1,51.3,112.3,43.1,153,29.02,5283,CLP-56CFA,1
PEC-80257,Fresadora,Latao,Soluvel,Turno_1,3338.9,287.6,1.92,5.2,73.8,159.8,45.9,49,-27.65,9345,CLP-48F45,1
PEC-80258,torno_cnc,Aluminio,Soluvel,Turno_3,3815.4,255.5,3.29,125.0,43.7,102.7,21.3,26,-32.29,4733,CLP-75212,1
PEC-80259,Torno_CNC,Aco_Carbono,Sintetico,Turno_1,2531.6,277.8,2.55,63.3,68.7,139.6,49.4,91,10.89,8306,CLP-C6B17,1
PEC-80260,Fresadora,Aco_Inox,Soluvel,Turno_2,2873.9,277.0,1.85,22.9,61.7,96.6,37.4,44,-4.32,3501,CLP-AF9A0,1
PEC-80261,Celula_Robotica,Aco_Inox,Semi_Sintetico,Turno_1,3281.4,152.1,0.73,26.4,59.7,126.5,42.7,104,19.92,5899,CLP-6CFC3,1
PEC-80262,Torno_CNC,Aco_Carbono,Seco,Turno_2,,255.7,1.17,97.6,61.7,121.5,39.6,161,-8.58,1073,CLP-BB928,1
PEC-80263,torno_cnc,Aco_Inox,Sintetico,Turno_2,3696.6,171.4,3.59,13.1,30.4,109.5,51.0,9,-4.6,5065,CLP-31BA2,0
PEC-80264,Centro_Usinagem,Aco_Carbono,Soluvel,Turno_3,3590.2,248.1,4.18,,59.7,130.8,53.2,163,-35.99,6654,CLP-84D10,1
PEC-80265,Fresadora,Aco_Inox,Semi_Sintetico,Turno_2,3243.6,225.2,1.18,5.6,54.6,108.0,44.1,8,0.36,8793,CLP-58256,0
PEC-80266,Fresadora,Aluminio,Seco,Turno_3,3336.5,301.7,2.78,78.0,54.7,95.8,44.2,141,-8.37,7623,CLP-53E8A,1
PEC-80267,Fresadora,Aco_Inox,Sintetico,Turno_2,3349.0,262.2,0.64,36.1,102.5,115.3,44.7,169,-5.62,7442,CLP-AD136,1
PEC-80268, TORNO_CNC ,Aluminio,Sintetico,Turno_1,2538.6,273.7,1.66,27.7,48.3,106.2,44.9,133,5.28,1762,CLP-9F9D6,1
PEC-80269,Torno_CNC,Aluminio,Soluvel,Turno_1,3129.6,240.4,2.3,47.9,69.8,123.9,53.0,108,6.66,9872,CLP-AE7A7,1
PEC-80270,Centro_Usinagem,Aco_Inox,Soluvel,Turno_2,3311.8,302.6,3.44,7.5,55.5,115.7,69.1,14,18.76,9778,CLP-C542D,0
PEC-80271,Centro_Usinagem,Aco_Inox,Sintetico,Turno_1,3406.3,170.1,0.68,12.6,54.1,143.5,43.6,76,1.74,2557,CLP-CE785,1
PEC-80272,Centro_Usinagem,Aco_Inox,Seco,Turno_2,2784.0,205.2,3.62,23.3,48.8,115.2,49.5,20,-29.68,3136,CLP-C7F8C,0
PEC-80273,Centro_Usinagem,Aluminio,Sintetico,Turno_1,2629.0,314.3,1.31,38.7,78.5,124.1,38.2,5,5.69,4369,CLP-9C22C,1
PEC-80274,torno_cnc,Aluminio,Semi_Sintetico,Turno_2,3094.5,228.2,3.54,10.5,79.5,102.6,39.0,141,-10.51,8282,CLP-C4486,1
PEC-80275,torno_cnc,Aco_Carbono,Soluvel,Turno_2,4085.3,142.7,3.0,21.7,57.6,113.6,36.8,23,-10.13,8633,CLP-4336A,1
PEC-80276,Fresadora,Aluminio,Soluvel,Turno_2,,322.6,1.86,15.6,75.9,106.3,55.7,42,31.81,3683,CLP-6692B,0
PEC-80277,Fresadora,Aluminio,Sintetico,Turno_1,3728.3,303.8,3.4,41.3,52.6,137.8,50.6,173,-10.08,6271,CLP-2496B,1
PEC-80278,Fresadora,Aco_Inox,Soluvel,Turno_1,3913.1,285.5,1.45,,60.2,108.6,41.9,37,-27.95,7539,CLP-9B2DD,1
PEC-80279,Fresadora,Aco_Inox,Sintetico,Turno_1,3220.5,254.7,1.38,11.4,73.1,110.2,46.7,63,-4.51,5115,CLP-8CE46,1
PEC-80280,Centro_Usinagem,Aco_Inox,Soluvel,Turno_1,2894.1,333.0,0.75,12.3,53.0,124.5,51.1,113,4.59,3151,CLP-3B1A8,1
PEC-80281,Torno_CNC,Latao,Semi_Sintetico,Turno_2,3430.8,312.9,2.07,37.1,56.1,109.3,54.6,56,-0.97,3217,CLP-F071C,1
PEC-80282, TORNO_CNC ,Aco_Carbono,Semi_Sintetico,Turno_2,3287.7,327.4,0.89,26.2,65.3,141.1,48.3,31,1.03,7645,CLP-96FB6,0
PEC-80283,Torno_CNC,Aco_Inox,Soluvel,Turno_1,2813.4,284.8,2.18,49.3,65.4,149.4,45.7,38,6.4,1398,CLP-B1633,1
PEC-80284,torno_cnc,Aluminio,Soluvel,Turno_2,2903.5,256.1,0.54,,52.1,106.5,55.6,91,-12.78,6297,CLP-4D34F,1
PEC-80285,Torno_CNC,Aco_Carbono,Sintetico,Turno_2,3404.1,230.0,1.12,32.5,91.8,132.7,36.2,105,-3.71,1406,CLP-654C2,1
PEC-80286, TORNO_CNC ,Aluminio,Seco,Turno_1,3620.0,186.6,4.23,22.1,54.9,107.3,29.6,174,18.46,7271,CLP-8D3BA,1
PEC-80287,torno_cnc,Aco_Inox,Sintetico,Turno_2,,275.1,3.68,16.6,76.4,114.7,55.0,119,2.95,5128,CLP-1CA81,1
PEC-80288,Torno_CNC,Aco_Inox,Soluvel,Turno_1,3168.9,279.3,1.44,50.7,72.2,130.4,41.4,66,1.91,7712,CLP-4C45C,1
PEC-80289,torno_cnc,Aluminio,Soluvel,Turno_2,3500.9,232.5,3.37,60.6,55.3,122.1,55.7,84,-37.51,2063,CLP-57AD5,1
PEC-80290,Torno_CNC,Latao,Soluvel,Turno_3,3122.4,280.7,3.17,19.0,70.6,122.5,60.4,156,23.81,3625,CLP-4E821,1
PEC-80291,Torno_CNC,Aluminio,Soluvel,Turno_1,3065.3,233.4,1.21,39.1,54.9,136.5,59.8,121,-11.89,8857,CLP-2AD8A,1
PEC-80292,Centro_Usinagem,Aco_Inox,Semi_Sintetico,Turno_2,2860.1,293.4,1.98,11.9,65.9,136.4,20.9,35,11.93,5068,CLP-AD4AE,1
PEC-80293, TORNO_CNC ,Aco_Inox,Semi_Sintetico,Turno_2,2852.3,205.9,4.15,59.8,74.9,120.8,51.4,1,43.38,2099,CLP-82A34,1
PEC-80294,Torno_CNC,Aco_Carbono,Soluvel,Turno_1,4401.0,197.2,3.45,16.6,58.3,110.5,40.9,111,6.78,4017,CLP-46F8B,1
PEC-80295,torno_cnc,Aco_Carbono,Soluvel,Turno_2,3111.7,238.0,3.54,11.6,69.9,120.0,39.8,157,-20.55,3360,CLP-B6F58,1
PEC-80296,Fresadora,Aluminio,Soluvel,Turno_2,3814.3,291.4,2.76,103.4,58.1,104.9,48.0,43,28.53,2102,CLP-8DFAC,1
PEC-80297,Torno_CNC,Aluminio,Seco,Turno_2,3957.8,192.1,3.16,24.2,67.1,131.8,40.0,55,-0.75,8727,CLP-39B5E,1
PEC-80298,Fresadora,Aco_Inox,Sintetico,Turno_2,3117.4,302.5,2.53,41.1,66.3,117.2,51.0,90,-21.33,8787,CLP-D7796,1
PEC-80299,Torno_CNC,Aco_Carbono,Sintetico,Turno_3,,167.9,3.46,63.0,60.6,103.4,55.6,83,13.69,2896,CLP-53D01,1
PEC-80300,Torno_CNC,Aco_Carbono,Soluvel,Turno_3,3246.1,237.7,3.43,45.6,43.0,140.1,43.4,34,19.6,1667,CLP-43F91,1
PEC-80301,torno_cnc,Aco_Inox,Sintetico,Turno_2,2474.5,179.3,0.62,34.1,74.4,119.8,47.9,148,9.64,1705,CLP-73E90,1
PEC-80302,torno_cnc,Aco_Carbono,Soluvel,Turno_3,2501.6,119.5,3.03,21.3,88.9,108.8,41.3,65,-0.07,8788,CLP-E9F35,1
PEC-80303,Fresadora,Aco_Inox,Soluvel,Turno_1,3222.0,268.3,3.02,92.8,66.7,137.1,48.7,41,32.82,3061,CLP-5517C,1
PEC-80304,Fresadora,Aco_Inox,Sintetico,Turno_2,3008.8,241.1,0.77,10.0,57.6,138.9,56.3,77,-5.22,4186,CLP-C4B2F,0
PEC-80305,Celula_Robotica,Aco_Inox,Sintetico,Turno_1,4051.2,180.1,2.14,80.4,67.5,91.7,48.3,88,31.31,3103,CLP-2F015,1
PEC-80306,torno_cnc,Aco_Inox,Soluvel,Turno_1,3093.5,224.2,4.1,48.3,78.8,136.6,44.0,88,17.26,1010,CLP-21356,1
PEC-80307,Torno_CNC,Aco_Inox,Soluvel,Turno_2,4077.9,272.1,4.31,34.7,80.4,122.4,55.5,25,-22.8,9005,CLP-AAEFB,1
PEC-80308,Fresadora,Aluminio,Soluvel,Turno_2,2985.6,231.6,3.63,18.7,75.9,134.6,41.7,99,0.02,1633,CLP-B8F75,1
PEC-80309,Torno_CNC,Aluminio,Soluvel,Turno_2,4060.5,240.1,1.11,10.5,70.3,119.0,41.9,159,-27.68,9039,CLP-CE61D,1
PEC-80310, TORNO_CNC ,Aluminio,Sintetico,Turno_2,3427.9,230.1,2.0,,73.1,125.7,39.7,167,-3.76,4015,CLP-CBCEC,1
PEC-80311,Torno_CNC,Aco_Inox,Seco,Turno_2,3453.5,220.9,1.23,58.6,66.4,115.4,32.5,81,0.54,4710,CLP-8DB85,1
PEC-80312,Torno_CNC,Aco_Inox,Soluvel,Turno_2,2969.7,220.2,3.11,52.9,53.5,134.9,38.1,173,-12.5,8088,CLP-99171,1
PEC-80313,Celula_Robotica,Aluminio,Soluvel,Turno_1,3459.6,218.8,3.59,41.3,60.5,109.9,45.4,177,4.94,2740,CLP-E3948,1
PEC-80314,Centro_Usinagem,Aco_Inox,Soluvel,Turno_1,3961.7,212.3,4.04,176.2,61.1,135.4,46.8,103,0.12,5646,CLP-ED8BC,1
PEC-80315,Fresadora,Aco_Inox,Sintetico,Turno_1,3134.8,199.1,3.94,130.9,68.5,122.7,37.3,22,14.56,7970,CLP-57434,1
PEC-80316, TORNO_CNC ,Aco_Carbono,Soluvel,Turno_2,3047.3,231.0,0.9,22.9,43.8,131.4,40.9,105,-8.57,2041,CLP-3788B,0
PEC-80317,Torno_CNC,Aco_Carbono,Sintetico,Turno_1,3089.0,218.0,1.0,12.5,71.1,104.9,29.9,8,-9.99,1179,CLP-2A62C,1
PEC-80318,Torno_CNC,Aco_Carbono,Soluvel,Turno_1,3929.1,196.4,4.14,26.8,40.8,126.3,62.5,1,-12.19,4547,CLP-8C897,1
PEC-80319,Torno_CNC,Aluminio,Sintetico,Turno_2,3584.9,288.3,3.88,,69.9,128.0,56.7,139,4.62,4075,CLP-2FC3A,1
PEC-80320,torno_cnc,Aco_Inox,Semi_Sintetico,Turno_2,3851.5,311.6,2.34,26.5,79.0,147.8,39.3,122,17.91,8756,CLP-D979F,1
PEC-80321,Fresadora,Aluminio,Seco,Turno_2,3341.1,250.0,2.22,,9999.0,130.5,46.1,157,-0.41,4585,CLP-9E10C,1
PEC-80322,Fresadora,Aco_Inox,Seco,Turno_1,3217.7,253.3,2.71,52.3,54.3,111.2,38.0,79,-0.95,7895,CLP-C8B9E,1
PEC-80323,Torno_CNC,Aluminio,Semi_Sintetico,Turno_2,3390.8,215.4,2.89,41.8,72.5,110.6,53.2,117,9.4,2926,CLP-70A64,1
PEC-80324,Celula_Robotica,Aco_Inox,Seco,Turno_3,3681.6,303.4,1.52,126.2,73.5,131.4,50.1,108,-14.34,3242,CLP-98828,1
PEC-80325,Fresadora,Aco_Carbono,Soluvel,Turno_3,3088.8,336.9,2.11,32.9,85.5,111.9,34.5,145,-21.72,4002,CLP-6C91D,1
PEC-80326,torno_cnc,Aco_Inox,Soluvel,Turno_2,3815.9,241.8,2.98,124.9,69.4,112.2,37.2,27,5.95,5070,CLP-78C53,1
PEC-80327,Fresadora,Latao,Soluvel,Turno_1,,223.9,1.33,17.0,77.3,107.1,44.4,83,-1.52,9456,CLP-5C36F,0
PEC-80328, TORNO_CNC ,Aco_Carbono,Sintetico,Turno_2,2117.2,267.1,4.5,75.0,59.8,122.0,56.1,67,-8.27,7861,CLP-C664E,1
PEC-80329,Torno_CNC,Aluminio,Seco,Turno_1,3597.6,256.4,1.63,20.1,54.8,123.3,42.0,42,0.1,9724,CLP-23FF2,1
PEC-80330, TORNO_CNC ,Aco_Carbono,Soluvel,Turno_1,2627.5,225.0,2.71,63.1,75.4,115.1,55.5,40,-7.15,7025,CLP-5F676,1
PEC-80331,Fresadora,Aluminio,Sintetico,Turno_1,3586.6,273.6,2.72,96.1,75.5,145.4,47.5,115,-18.87,3166,CLP-9353F,1
PEC-80332,Torno_CNC,Aco_Carbono,Sintetico,Turno_3,3605.7,296.9,2.31,39.2,57.4,128.6,38.3,83,16.54,6162,CLP-EDA62,1
PEC-80333,Torno_CNC,Aluminio,Seco,Turno_2,3348.5,210.7,1.47,50.6,50.5,146.4,41.7,118,-7.71,4217,CLP-91907,1
PEC-80334,Torno_CNC,Aco_Carbono,Sintetico,Turno_2,3444.7,377.1,2.76,116.5,66.5,122.0,50.1,110,-5.76,4194,CLP-8C227,1
PEC-80335,Torno_CNC,Aluminio,Seco,Turno_2,3694.5,173.4,0.86,21.5,65.5,109.0,51.7,63,4.43,7212,CLP-A9C49,1
PEC-80336,Centro_Usinagem,Latao,Soluvel,Turno_1,2977.0,207.4,2.05,,67.8,105.1,52.5,136,1.8,5136,CLP-35130,1
PEC-80337,Fresadora,Aluminio,Soluvel,Turno_2,3557.0,261.7,1.4,85.0,75.6,118.2,46.7,69,-3.8,6416,CLP-489C8,1
PEC-80338, TORNO_CNC ,Aluminio,Sintetico,Turno_2,3723.4,362.3,1.0,,77.3,131.3,48.6,93,-18.4,5249,CLP-7F8C0,1
PEC-80339,Torno_CNC,Aco_Carbono,Soluvel,Turno_2,3992.0,221.9,4.2,77.4,65.1,115.5,63.1,93,-4.17,8539,CLP-E1CC3,1
PEC-80340, TORNO_CNC ,Aco_Carbono,Soluvel,Turno_3,2702.4,196.7,3.3,38.7,53.1,132.9,64.3,29,-6.54,8720,CLP-9377E,0
PEC-80341, TORNO_CNC ,Aluminio,Sintetico,Turno_1,3383.8,277.5,1.18,52.1,56.3,141.0,45.4,35,0.7,3154,CLP-7EC4C,1
PEC-80342,Torno_CNC,Aco_Inox,Semi_Sintetico,Turno_3,2767.3,237.6,4.3,5.5,57.8,107.9,30.9,151,0.41,8296,CLP-C0028,1
PEC-80343, TORNO_CNC ,Aluminio,Sintetico,Turno_2,2748.2,283.3,1.36,19.5,63.6,103.5,46.0,140,13.88,3101,CLP-E09B2,0
PEC-80344, TORNO_CNC ,Latao,Soluvel,Turno_2,3361.6,246.5,1.44,56.5,58.8,134.2,45.9,17,-2.72,5833,CLP-888F8,1
PEC-80345,Fresadora,Aco_Carbono,Sintetico,Turno_2,3234.9,207.1,1.03,23.1,62.1,124.0,34.9,59,6.78,8271,CLP-EDDF2,1
PEC-80346,Fresadora,Aco_Carbono,Soluvel,Turno_3,3715.3,367.4,3.41,20.8,65.9,124.9,46.0,83,22.22,9412,CLP-E74C5,1
PEC-80347,Torno_CNC,Aco_Inox,Soluvel,Turno_1,,102.3,2.78,111.0,57.3,130.5,36.6,19,-8.44,5691,CLP-D4FCA,1
PEC-80348, TORNO_CNC ,Aluminio,Sintetico,Turno_2,3139.7,341.0,0.73,33.1,68.9,97.1,48.0,29,5.68,8952,CLP-682E9,1
PEC-80349,Fresadora,Aluminio,Soluvel,Turno_2,3295.2,296.7,0.6,12.5,86.9,126.6,49.8,120,-1.23,7541,CLP-BD345,1
PEC-80350,torno_cnc,Aco_Carbono,Soluvel,Turno_1,2812.2,212.7,2.63,27.4,63.0,122.7,49.2,43,6.89,5502,CLP-E6CE8,0
PEC-80351,Centro_Usinagem,Aco_Inox,Semi_Sintetico,Turno_1,2874.6,343.6,3.11,30.6,56.8,126.9,52.9,115,-2.75,3495,CLP-D0AE7,1
PEC-80352,Fresadora,Aco_Carbono,Soluvel,Turno_3,3702.2,181.4,3.79,162.0,68.7,105.7,48.8,5,-5.65,9674,CLP-CA607,1
PEC-80353,Torno_CNC,Aluminio,Seco,Turno_1,2953.0,300.4,2.41,49.3,55.5,121.2,51.3,118,35.21,5393,CLP-25E94,1
PEC-80354,Torno_CNC,Aco_Inox,Sintetico,Turno_1,3732.1,145.9,3.21,30.6,63.2,112.7,55.3,38,1.69,3833,CLP-EAADB,0
PEC-80355,Fresadora,Aco_Inox,Seco,Turno_3,3473.3,192.7,3.43,,56.9,135.7,41.5,139,-31.26,6882,CLP-68E20,1
PEC-80356,Torno_CNC,Aco_Inox,Soluvel,Turno_2,2503.6,192.6,2.95,91.5,52.2,118.7,43.8,150,19.55,5628,CLP-77B34,1
PEC-80357,torno_cnc,Aluminio,Sintetico,Turno_1,,212.5,1.91,41.3,54.5,111.0,42.2,141,14.27,7052,CLP-8F65D,1
PEC-80358,Celula_Robotica,Aco_Inox,Soluvel,Turno_2,3435.1,250.6,1.03,20.4,57.1,105.1,39.0,26,3.18,1737,CLP-30487,0
PEC-80359,torno_cnc,Aco_Inox,Semi_Sintetico,Turno_2,3390.3,208.7,3.09,26.9,52.5,133.1,42.6,106,-9.6,5152,CLP-667A3,1
PEC-80360, TORNO_CNC ,Aco_Carbono,Soluvel,Turno_3,3136.2,148.2,3.57,16.4,80.3,134.7,51.7,112,-2.61,9994,CLP-9C092,1
PEC-80361,Fresadora,Aco_Inox,Soluvel,Turno_2,2777.0,273.2,1.26,118.0,70.2,148.9,50.8,127,14.0,2611,CLP-5C64C,1
PEC-80362, TORNO_CNC ,Aco_Inox,Semi_Sintetico,Turno_3,3805.8,252.4,2.48,47.4,76.3,115.2,31.4,165,12.54,3364,CLP-3C9F1,1
PEC-80363,torno_cnc,Aluminio,Soluvel,Turno_1,3154.3,270.4,2.09,22.4,48.7,104.8,58.7,179,-15.7,7090,CLP-9848D,1
PEC-80364,Celula_Robotica,Aluminio,Soluvel,Turno_2,2802.5,258.6,1.32,12.1,61.5,118.1,51.8,33,31.73,5547,CLP-BB489,0
PEC-80365, TORNO_CNC ,Aco_Carbono,Soluvel,Turno_1,3405.9,297.7,1.48,11.8,70.0,109.5,46.8,56,2.56,3659,CLP-1A7ED,1
PEC-80366,Celula_Robotica,Aluminio,Sintetico,Turno_1,2865.7,246.2,1.45,27.7,84.8,110.6,34.0,86,-13.59,9322,CLP-3CB1A,1
PEC-80367,Centro_Usinagem,Aco_Carbono,Soluvel,Turno_2,2772.9,300.6,2.18,27.1,56.0,127.1,35.5,61,-28.68,7039,CLP-CBB33,0
PEC-80368,Torno_CNC,Aluminio,Soluvel,Turno_1,3031.0,211.2,2.06,23.9,49.6,136.4,57.0,7,3.46,7774,CLP-739C3,0
PEC-80369,Torno_CNC,Aco_Inox,Soluvel,Turno_2,2900.6,214.1,2.72,71.8,67.3,126.2,53.0,28,0.55,9640,CLP-F0CA1,1
PEC-80370,Torno_CNC,Aco_Inox,Sintetico,Turno_3,2789.5,318.8,0.87,140.5,56.9,121.7,54.0,102,5.55,9960,CLP-4D84F,1
PEC-80371,Torno_CNC,Aluminio,Semi_Sintetico,Turno_1,3562.9,317.8,2.83,20.3,85.5,132.3,43.9,5,2.58,5279,CLP-6176E,1
PEC-80372,Torno_CNC,Aco_Inox,Soluvel,Turno_1,3148.8,278.7,0.59,17.2,71.5,116.6,55.5,123,23.75,4748,CLP-304B1,1
PEC-80373,Fresadora,Aco_Carbono,Soluvel,Turno_2,3763.5,205.5,1.53,56.5,61.6,141.7,34.0,58,-1.29,7379,CLP-281F8,1
PEC-80374,Torno_CNC,Aluminio,Soluvel,Turno_3,2815.5,201.5,2.51,25.9,61.6,165.0,35.1,33,-1.52,7550,CLP-CC23D,1
PEC-80375,Torno_CNC,Aco_Inox,Soluvel,Turno_2,2422.6,316.4,3.25,13.6,63.5,110.6,53.1,66,11.1,5015,CLP-88802,1
PEC-80376,Centro_Usinagem,Aco_Inox,Soluvel,Turno_2,3266.9,313.6,3.59,12.0,43.1,138.1,37.7,105,-2.51,6489,CLP-F261C,1
PEC-80377,Torno_CNC,Aco_Inox,Soluvel,Turno_1,4035.2,246.8,0.64,16.5,65.5,138.2,44.7,165,19.03,2320,CLP-D6427,1
PEC-80378,Centro_Usinagem,Aluminio,Sintetico,Turno_1,3438.9,367.1,2.65,5.0,59.2,127.9,30.8,134,-2.06,3664,CLP-C7C97,1
PEC-80379,Torno_CNC,Aluminio,Seco,Turno_2,,272.9,1.92,104.3,72.6,139.3,22.2,44,-17.07,1345,CLP-60BE6,1
PEC-80380,Torno_CNC,Aluminio,Soluvel,Turno_1,3349.4,194.6,3.28,24.7,54.2,125.3,36.8,70,16.85,8825,CLP-F0EF0,1
PEC-80381,Fresadora,Aco_Inox,Sintetico,Turno_3,3306.0,236.2,1.64,,73.2,129.7,42.0,92,-39.72,4309,CLP-9097F,0
PEC-80382,Fresadora,Aluminio,Sintetico,Turno_2,2230.1,250.3,3.47,11.3,71.5,121.2,37.6,77,2.67,5375,CLP-B3D38,0
PEC-80383,Centro_Usinagem,Aco_Carbono,Sintetico,Turno_2,3392.6,254.3,2.91,18.7,66.9,122.1,50.0,71,9.74,6714,CLP-5F8C5,1
PEC-80384,Fresadora,Aco_Inox,Semi_Sintetico,Turno_3,3275.9,312.5,3.66,33.1,80.0,129.5,53.1,38,-2.15,5343,CLP-EECA7,1
PEC-80385,Centro_Usinagem,Aluminio,Soluvel,Turno_3,3016.7,202.2,4.44,47.6,42.4,126.3,49.9,96,-12.7,8954,CLP-712DB,1
PEC-80386,Torno_CNC,Latao,Soluvel,Turno_2,3138.4,183.4,4.13,17.9,70.3,104.3,35.7,63,19.23,4130,CLP-B9BB5,1
PEC-80387,Torno_CNC,Aco_Inox,Sintetico,Turno_3,,280.1,2.87,115.6,64.5,127.6,49.2,118,-2.61,4480,CLP-89745,1
PEC-80388,Fresadora,Aluminio,Soluvel,Turno_3,3119.0,224.7,4.08,55.0,64.1,116.3,35.2,99,-40.82,4996,CLP-637E5,1
PEC-80389,Centro_Usinagem,Aco_Inox,Soluvel,Turno_3,4140.4,371.2,1.11,66.2,53.2,111.7,59.9,40,10.31,2000,CLP-C636B,1
PEC-80390,Celula_Robotica,Aluminio,Soluvel,Turno_3,3033.1,297.2,0.67,18.7,48.0,134.5,45.4,147,5.24,5265,CLP-71B7D,1
PEC-80391, TORNO_CNC ,Aco_Inox,Soluvel,Turno_2,3276.2,223.7,2.63,21.8,75.7,106.0,38.2,152,-6.84,8401,CLP-1FE5B,1
PEC-80392, TORNO_CNC ,Latao,Sintetico,Turno_2,3018.2,310.6,4.4,32.0,74.5,115.9,45.4,97,-10.24,1737,CLP-7887F,1
PEC-80393,Fresadora,Aco_Carbono,Soluvel,Turno_1,3552.5,286.5,3.34,26.0,86.6,104.0,46.3,1,9.28,4079,CLP-8A5A7,1
PEC-80394,Torno_CNC,Aco_Carbono,Soluvel,Turno_1,3279.5,281.7,1.72,15.5,88.6,114.0,50.7,53,-9.45,4316,CLP-A059C,1
PEC-80395,Celula_Robotica,Aco_Carbono,Soluvel,Turno_1,3074.0,243.9,3.18,211.6,46.4,155.9,29.9,84,3.65,5367,CLP-97912,1
PEC-80396,Centro_Usinagem,Aluminio,Soluvel,Turno_1,2333.3,271.0,0.66,71.0,63.1,108.5,39.4,7,19.02,9392,CLP-E2F1D,0
PEC-80397, TORNO_CNC ,Aluminio,Seco,Turno_2,3309.5,144.9,2.38,14.5,68.0,117.7,48.9,47,34.53,7897,CLP-38C90,1
PEC-80398,Fresadora,Aco_Carbono,Soluvel,Turno_1,3060.7,315.9,1.45,83.0,76.5,140.9,51.2,43,5.36,4696,CLP-1F89F,1
PEC-80399,Fresadora,Latao,Seco,Turno_3,3172.7,78.2,0.7,35.9,82.1,126.6,71.2,130,-12.35,4795,CLP-22479,1
PEC-80400,Torno_CNC,Aluminio,Sintetico,Turno_3,2667.9,227.9,1.5,5.4,52.7,117.9,56.0,38,-3.61,1237,CLP-65F50,0
PEC-80401,Centro_Usinagem,Latao,Semi_Sintetico,Turno_1,,170.2,3.39,19.9,58.5,109.6,39.5,32,-17.13,2481,CLP-28955,0
PEC-80402,torno_cnc,Aluminio,Soluvel,Turno_1,3585.5,225.0,2.7,5.9,81.5,130.1,59.2,69,9.51,6483,CLP-D26B4,1
PEC-80403,Centro_Usinagem,Aluminio,Soluvel,Turno_3,3843.8,246.3,0.59,8.2,44.9,115.1,49.6,168,11.58,8394,CLP-1B4D6,1
PEC-80404,Torno_CNC,Aluminio,Semi_Sintetico,Turno_3,3716.1,190.2,2.14,11.9,52.1,152.6,55.9,41,8.88,5828,CLP-F0883,1
PEC-80405,Centro_Usinagem,Aco_Inox,Semi_Sintetico,Turno_3,3466.5,111.3,3.51,28.2,70.3,115.8,48.7,108,-4.67,3462,CLP-6A4AC,1
PEC-80406, TORNO_CNC ,Aco_Inox,Soluvel,Turno_3,2686.0,260.4,4.32,21.8,89.7,145.3,56.5,130,3.3,2262,CLP-45BA5,1
PEC-80407,Torno_CNC,Aco_Inox,Soluvel,Turno_3,4029.5,354.3,4.0,10.6,44.9,133.2,53.7,43,5.91,9534,CLP-C7735,1
PEC-80408,Centro_Usinagem,Aluminio,Soluvel,Turno_2,2782.6,232.4,0.51,22.6,65.7,133.0,49.4,115,-4.15,6345,CLP-481EF,1
PEC-80409,Torno_CNC,Aco_Inox,Seco,Turno_1,3079.2,298.0,1.37,17.7,71.7,117.6,41.5,3,3.82,8136,CLP-4D971,0
PEC-80410,Torno_CNC,Aluminio,Soluvel,Turno_3,3518.1,325.2,1.33,23.5,82.6,113.1,41.5,78,6.96,5621,CLP-1E51D,1
PEC-80411,Celula_Robotica,Latao,Sintetico,Turno_1,3540.4,155.0,2.15,11.6,70.4,116.1,37.4,114,-0.86,3761,CLP-44230,1
PEC-80412,Celula_Robotica,Aco_Inox,Sintetico,Turno_3,3457.5,227.1,3.08,37.9,42.9,135.7,44.4,164,-2.67,4026,CLP-E4290,1
PEC-80413,torno_cnc,Aluminio,Semi_Sintetico,Turno_2,3019.9,186.2,1.11,6.6,49.6,127.9,53.9,143,-12.85,7395,CLP-D3B07,0
PEC-80414,Fresadora,Aco_Inox,Sintetico,Turno_3,2926.9,209.7,4.16,22.2,81.5,92.0,49.6,82,1.37,7753,CLP-5A09D,1
PEC-80415, TORNO_CNC ,Aco_Inox,Soluvel,Turno_1,4340.5,335.1,3.61,83.8,70.3,100.7,38.8,97,7.34,3191,CLP-AC147,1
PEC-80416,Torno_CNC,Aco_Carbono,Seco,Turno_2,3182.3,261.2,2.18,24.0,51.5,118.0,52.7,15,-2.28,6493,CLP-B081E,0
PEC-80417,Torno_CNC,Aluminio,Sintetico,Turno_2,3127.2,289.4,2.84,25.4,70.9,128.0,35.6,95,-0.87,5205,CLP-5DB12,1
PEC-80418,Fresadora,Aco_Carbono,Sintetico,Turno_3,2878.9,247.8,2.67,7.5,68.7,116.6,47.7,28,7.86,3539,CLP-236C7,0
PEC-80419,Fresadora,Aco_Inox,Soluvel,Turno_1,,189.5,2.83,37.5,35.1,112.5,56.2,120,10.59,4271,CLP-8E214,1
PEC-80420,Fresadora,Aluminio,Sintetico,Turno_3,3289.1,283.9,3.94,101.4,39.8,105.2,35.6,44,-32.98,8946,CLP-49B0A,1
PEC-80421,Fresadora,Aco_Inox,Soluvel,Turno_3,3192.7,312.6,1.3,17.1,68.7,133.7,46.4,36,7.47,4674,CLP-D7F4B,1
PEC-80422,Torno_CNC,Aco_Inox,Soluvel,Turno_2,3371.8,265.9,3.23,22.5,89.4,121.5,39.4,176,8.19,3360,CLP-8411A,1
PEC-80423, TORNO_CNC ,Aco_Inox,Sintetico,Turno_3,3993.6,274.5,0.93,,68.2,145.2,58.0,104,21.59,2880,CLP-D13D7,1
PEC-80424,Torno_CNC,Aco_Inox,Sintetico,Turno_2,2932.2,188.3,2.34,8.4,35.6,100.5,63.0,9,6.85,8233,CLP-6BFB0,0
PEC-80425,torno_cnc,Aco_Inox,Sintetico,Turno_1,3219.4,285.3,3.04,,45.7,130.4,49.4,167,-4.77,4852,CLP-908B0,1
PEC-80426, TORNO_CNC ,Aco_Inox,Soluvel,Turno_1,,317.3,0.55,27.1,72.5,128.2,52.0,167,17.14,9916,CLP-CA4AF,1
PEC-80427,Centro_Usinagem,Latao,Sintetico,Turno_3,3332.6,270.2,0.93,9.3,73.8,132.7,55.9,81,1.63,8505,CLP-E0770,0
PEC-80428, TORNO_CNC ,Aco_Inox,Soluvel,Turno_2,2944.2,160.2,0.87,19.3,62.7,132.4,51.1,147,-1.19,5285,CLP-62B75,1
PEC-80429,Torno_CNC,Aco_Inox,Sintetico,Turno_1,2963.6,331.8,2.0,21.4,59.2,112.4,38.4,144,-1.83,8780,CLP-4ECBB,1
PEC-80430,Torno_CNC,Aco_Inox,Soluvel,Turno_2,2543.2,202.8,2.99,19.8,74.5,117.3,41.4,96,13.0,7344,CLP-D5A4D,1
PEC-80431,Fresadora,Aluminio,Sintetico,Turno_2,3244.0,269.4,4.48,46.4,78.3,122.5,41.4,155,-7.0,7358,CLP-DDF2E,1
PEC-80432,Fresadora,Aco_Inox,Semi_Sintetico,Turno_1,3393.4,297.6,1.52,19.8,73.3,105.0,31.1,21,5.08,1960,CLP-E2C18,1
PEC-80433,Torno_CNC,Aco_Carbono,Soluvel,Turno_2,4037.2,304.0,1.04,18.7,53.6,135.5,52.8,77,6.97,3693,CLP-64506,1
PEC-80434,Torno_CNC,Latao,Soluvel,Turno_1,3411.3,160.0,2.16,18.6,75.8,82.9,35.0,101,-18.45,9320,CLP-7A235,1
PEC-80435,Fresadora,Aco_Inox,Sintetico,Turno_1,,255.9,1.08,57.7,60.8,102.6,51.6,145,34.14,9269,CLP-76DD9,1
PEC-80436,Torno_CNC,Aluminio,Sintetico,Turno_2,2588.1,252.6,0.6,17.9,57.8,94.8,39.2,116,4.04,2322,CLP-99234,0
PEC-80437,Centro_Usinagem,Aco_Inox,Sintetico,Turno_2,2650.4,322.0,2.76,5.5,57.3,136.5,43.2,22,-10.53,1478,CLP-EC3EA,0
PEC-80438,Fresadora,Aluminio,Sintetico,Turno_1,2617.0,272.9,4.02,20.9,65.3,123.2,49.5,37,2.9,4417,CLP-27D6C,1
PEC-80439,Torno_CNC,Aluminio,Soluvel,Turno_2,4045.1,322.4,3.94,,71.8,112.0,57.2,148,2.71,7527,CLP-DDDC3,1
PEC-80440,Torno_CNC,Aco_Inox,Soluvel,Turno_1,3329.5,277.0,0.9,88.9,40.8,121.4,52.0,49,7.42,9459,CLP-93D33,0
PEC-80441,Celula_Robotica,Aco_Inox,Soluvel,Turno_1,2937.7,246.3,1.09,27.7,56.2,124.0,44.1,125,-22.11,9997,CLP-27984,1
PEC-80442, TORNO_CNC ,Aluminio,Soluvel,Turno_1,2768.1,259.7,2.46,14.4,59.5,101.4,44.7,125,-5.18,7967,CLP-D46E5,1
PEC-80443, TORNO_CNC ,Aluminio,Sintetico,Turno_1,2814.8,326.2,1.97,144.8,77.4,122.2,35.6,149,-16.45,7667,CLP-25D12,1
PEC-80444,Centro_Usinagem,Aco_Inox,Soluvel,Turno_1,2925.8,185.2,3.31,14.9,54.6,140.8,50.1,45,23.52,9896,CLP-32020,1
PEC-80445,Celula_Robotica,Aluminio,Seco,Turno_3,3792.3,295.3,2.48,,61.0,143.5,44.3,139,12.53,1850,CLP-20AB5,1
PEC-80446,Celula_Robotica,Aluminio,Semi_Sintetico,Turno_2,3186.5,218.6,0.58,41.7,74.7,132.8,37.6,18,7.72,8086,CLP-D78A5,1
PEC-80447,Fresadora,Aco_Carbono,Semi_Sintetico,Turno_1,2548.6,207.9,1.64,26.7,65.5,123.9,51.2,4,-11.47,7762,CLP-959F2,1
PEC-80448, TORNO_CNC ,Aco_Inox,Seco,Turno_1,4239.7,301.2,4.11,23.2,83.4,133.9,56.4,168,-17.69,7128,CLP-7E0FD,1
PEC-80449,Torno_CNC,Aco_Carbono,Soluvel,Turno_1,2686.9,205.8,2.55,,63.2,130.6,43.6,178,18.84,7968,CLP-65A0D,1
PEC-80450,Fresadora,Aluminio,Semi_Sintetico,Turno_3,2934.1,268.9,3.69,27.6,87.6,103.1,40.5,2,-14.14,1166,CLP-8E66A,1
PEC-80451,torno_cnc,Aco_Inox,Soluvel,Turno_1,3789.6,225.6,2.11,21.5,89.8,106.3,40.4,69,8.08,6038,CLP-50A70,1
PEC-80452, TORNO_CNC ,Aluminio,Soluvel,Turno_1,3386.8,132.2,3.21,,70.5,129.5,48.2,179,19.4,1324,CLP-24A5E,1
PEC-80453,Centro_Usinagem,Aluminio,Semi_Sintetico,Turno_2,2988.5,273.9,1.18,16.3,70.0,110.0,35.5,121,-24.69,1852,CLP-287BC,1
PEC-80454,Torno_CNC,Latao,Soluvel,Turno_2,2645.9,256.3,3.45,23.4,71.7,104.6,45.6,71,-4.79,8412,CLP-EF34F,1
PEC-80455, TORNO_CNC ,Aco_Inox,Seco,Turno_1,2765.0,154.5,3.65,9.5,74.8,139.3,41.8,105,6.1,5262,CLP-D884E,1
PEC-80456,Torno_CNC,Aluminio,Sintetico,Turno_2,2792.1,215.1,0.86,7.4,66.5,120.9,49.0,77,3.3,5791,CLP-2D84B,1
PEC-80457, TORNO_CNC ,Aco_Inox,Semi_Sintetico,Turno_1,3203.2,159.7,1.23,32.3,79.0,119.0,49.7,97,4.11,8556,CLP-937EB,1
PEC-80458,Torno_CNC,Latao,Soluvel,Turno_1,,286.6,2.35,26.2,71.0,102.0,36.0,75,13.82,7711,CLP-DA85B,1
PEC-80459,Torno_CNC,Aco_Inox,Sintetico,Turno_2,3133.1,319.4,3.05,11.7,81.6,113.3,50.3,76,5.67,8942,CLP-62E18,1
PEC-80460,Torno_CNC,Latao,Soluvel,Turno_2,3182.4,292.5,3.05,9.0,47.6,114.8,48.7,157,6.35,9231,CLP-CEB74,1
PEC-80461,Fresadora,Latao,Semi_Sintetico,Turno_2,2727.2,299.5,3.17,10.4,67.6,106.4,43.5,155,-2.5,1542,CLP-A385A,1
PEC-80462,Fresadora,Aco_Inox,Soluvel,Turno_1,3331.9,224.1,3.36,18.3,77.2,101.8,41.6,13,4.59,2657,CLP-5CB5E,1
PEC-80463,torno_cnc,Aco_Carbono,Sintetico,Turno_2,3776.2,277.3,2.52,26.0,51.3,146.2,41.6,148,-18.77,3106,CLP-A087D,1
PEC-80464,Celula_Robotica,Latao,Soluvel,Turno_1,3126.7,249.5,2.8,12.5,70.2,141.1,43.6,17,24.58,4524,CLP-A3898,1
PEC-80465, TORNO_CNC ,Aco_Inox,Soluvel,Turno_2,3118.0,259.3,0.53,54.3,72.3,118.4,37.5,168,-3.24,3076,CLP-66C60,1
PEC-80466,Torno_CNC,Aluminio,Soluvel,Turno_2,3237.4,297.9,1.17,12.5,85.7,100.1,39.5,123,9.58,4862,CLP-66570,1
PEC-80467,Centro_Usinagem,Aluminio,Soluvel,Turno_1,3703.2,308.8,2.49,9.6,60.9,94.1,46.6,142,-3.46,2735,CLP-94CBD,1
PEC-80468,Torno_CNC,Aco_Inox,Sintetico,Turno_2,2797.4,230.5,3.48,187.5,67.5,113.2,40.4,142,3.4,1479,CLP-A1734,1
PEC-80469,Celula_Robotica,Aco_Inox,Soluvel,Turno_2,3852.9,179.6,3.74,25.8,58.3,86.2,52.0,91,-12.11,5079,CLP-5FF98,1
PEC-80470,Torno_CNC,Aco_Inox,Soluvel,Turno_1,3389.6,240.6,3.42,11.5,63.3,113.2,43.9,88,9.37,2532,CLP-598FB,1
PEC-80471,Celula_Robotica,Aco_Inox,Sintetico,Turno_3,3212.9,239.0,2.45,83.7,84.4,89.7,41.2,3,-10.23,8387,CLP-6C933,1
PEC-80472,Torno_CNC,Aluminio,Soluvel,Turno_3,3746.0,264.2,1.63,14.2,64.6,118.6,47.7,5,4.96,1595,CLP-C6E32,1
PEC-80473,Centro_Usinagem,Aco_Inox,Soluvel,Turno_1,2668.1,291.6,2.28,95.9,56.5,122.9,41.8,53,33.01,5750,CLP-8F31C,1
PEC-80474,torno_cnc,Aco_Carbono,Semi_Sintetico,Turno_3,3434.9,154.3,0.54,9.4,62.8,117.2,38.8,133,8.03,5390,CLP-ECBF7,1
PEC-80475,Celula_Robotica,Aco_Carbono,Soluvel,Turno_2,3393.6,216.5,2.89,69.5,58.8,152.6,42.3,98,-17.88,9743,CLP-C0FAA,1
PEC-80476,Torno_CNC,Aco_Inox,Soluvel,Turno_2,2779.0,201.8,0.8,12.1,59.7,116.9,28.7,71,3.13,7820,CLP-BDC39,0
PEC-80477,torno_cnc,Aluminio,Soluvel,Turno_3,-50.0,312.5,1.08,102.5,58.5,146.0,29.2,9,1.53,7578,CLP-A17C7,1
PEC-80478,Celula_Robotica,Aluminio,Soluvel,Turno_2,3327.5,239.6,3.0,34.9,59.0,124.4,37.6,162,-13.25,6859,CLP-773DB,1
PEC-80479,torno_cnc,Latao,Sintetico,Turno_1,3119.6,224.4,0.55,12.4,50.8,150.2,35.5,28,-20.33,5679,CLP-348CC,0
PEC-80480,Fresadora,Aco_Inox,Soluvel,Turno_3,3588.3,276.9,2.79,70.2,65.8,93.7,50.2,58,27.9,8857,CLP-6B305,1
PEC-80481,Fresadora,Aco_Inox,Semi_Sintetico,Turno_1,2942.7,220.3,3.05,22.3,53.3,103.8,55.1,66,-7.4,3720,CLP-9B6AE,1
PEC-80482, TORNO_CNC ,Latao,Soluvel,Turno_1,3321.6,249.2,3.65,51.2,78.7,115.7,47.6,114,-7.29,7574,CLP-373AC,1
PEC-80483,Fresadora,Latao,Soluvel,Turno_1,3140.7,340.7,0.77,41.1,61.3,144.0,29.8,156,10.29,3844,CLP-1E7F0,1
PEC-80484,torno_cnc,Aco_Carbono,Soluvel,Turno_3,2923.4,339.3,0.51,48.8,69.9,116.4,33.7,45,-24.56,4859,CLP-EBF6D,0
PEC-80485,Centro_Usinagem,Aco_Carbono,Sintetico,Turno_3,3426.3,229.6,3.57,19.7,69.9,109.8,47.8,102,3.98,5015,CLP-69472,0
PEC-80486,Torno_CNC,Aco_Inox,Seco,Turno_1,3106.5,240.9,1.66,102.8,43.0,129.1,43.6,4,11.08,3486,CLP-C1549,1
PEC-80487,Torno_CNC,Aluminio,Sintetico,Turno_3,2537.1,219.0,4.05,,61.8,133.6,30.1,125,-0.91,1236,CLP-ED83A,1
PEC-80488,Celula_Robotica,Aco_Inox,Seco,Turno_1,2389.5,153.7,1.24,7.8,85.6,108.5,38.1,128,-1.55,7402,CLP-2EFE1,1
PEC-80489,Centro_Usinagem,Aco_Inox,Soluvel,Turno_3,3555.1,301.8,2.84,7.4,55.7,109.7,36.4,66,15.3,6890,CLP-32D20,1
PEC-80490, TORNO_CNC ,Aco_Carbono,Soluvel,Turno_2,2650.7,371.1,0.94,51.9,92.3,145.4,56.7,62,10.78,9517,CLP-F08F4,1
PEC-80491,Fresadora,Aco_Inox,Soluvel,Turno_1,3325.7,227.8,2.11,71.4,71.5,138.7,50.6,166,-32.02,9015,CLP-A367F,1
PEC-80492,Torno_CNC,Aluminio,Soluvel,Turno_1,3224.7,209.2,4.03,46.6,71.2,142.7,42.7,59,-8.45,4262,CLP-DA617,1
PEC-80493,Torno_CNC,Latao,Soluvel,Turno_1,3034.2,236.4,2.93,16.4,67.9,134.1,46.8,33,5.15,2338,CLP-328D4,1
PEC-80494, TORNO_CNC ,Aco_Inox,Soluvel,Turno_1,4080.5,254.3,3.26,14.0,77.6,107.2,46.2,24,-6.28,8226,CLP-8A8C8,1
PEC-80495, TORNO_CNC ,Latao,Soluvel,Turno_3,3280.9,193.2,1.4,34.2,78.2,119.5,45.6,97,-4.52,6791,CLP-191C6,1
PEC-80496,torno_cnc,Latao,Soluvel,Turno_1,3540.0,227.1,4.19,12.7,64.8,104.1,59.6,46,19.86,3265,CLP-CD597,1
PEC-80497,Torno_CNC,Aluminio,Soluvel,Turno_3,3328.2,300.7,2.99,,59.8,134.6,56.3,84,-9.41,9040,CLP-6CA64,1
PEC-80498,Celula_Robotica,Aco_Inox,Soluvel,Turno_2,3095.8,256.4,0.92,39.7,47.9,111.8,57.2,44,29.86,7543,CLP-B7094,0
PEC-80499,Celula_Robotica,Aco_Inox,Semi_Sintetico,Turno_2,3191.4,313.5,0.56,16.7,74.8,94.3,47.6,149,-0.6,7884,CLP-CCCBB,1
PEC-80500,Fresadora,Aluminio,Soluvel,Turno_1,3856.3,268.2,0.56,21.5,65.8,121.7,42.3,38,-56.53,7052,CLP-4C32A,1
PEC-80501,torno_cnc,Aco_Inox,Sintetico,Turno_3,3689.6,195.6,0.7,20.6,54.9,136.9,35.1,17,-9.08,8992,CLP-29615,0
PEC-80502,Torno_CNC,Aco_Inox,Sintetico,Turno_2,4078.4,221.2,4.15,26.6,58.0,99.3,37.0,19,4.48,6311,CLP-23D86,1
PEC-80503,Centro_Usinagem,Latao,Soluvel,Turno_3,3299.7,262.4,1.93,44.3,64.2,118.1,53.1,27,12.55,5030,CLP-70990,1
PEC-80504,Fresadora,Aco_Inox,Soluvel,Turno_3,2805.4,193.9,1.69,58.4,53.2,111.7,34.8,61,2.51,5264,CLP-E4842,1
PEC-80505,Torno_CNC,Aco_Carbono,Soluvel,Turno_1,3001.8,187.4,2.17,43.3,65.6,134.9,43.6,146,-14.29,6315,CLP-BCC6C,1
PEC-80506,Centro_Usinagem,Aco_Inox,Sintetico,Turno_1,2665.5,190.4,2.14,5.9,45.6,89.3,33.9,87,3.65,1528,CLP-5809F,0
PEC-80507,Centro_Usinagem,Aluminio,Soluvel,Turno_3,3545.2,275.8,1.45,84.5,58.6,137.0,44.2,52,-16.13,7263,CLP-39F3A,1
PEC-80508,Celula_Robotica,Latao,Soluvel,Turno_3,2936.3,231.7,0.87,35.5,51.1,109.4,36.5,172,-16.11,8634,CLP-DA920,1
PEC-80509,Fresadora,Aco_Inox,Soluvel,Turno_2,1825.1,309.1,0.93,93.5,67.4,117.6,50.3,9,8.45,6377,CLP-9D156,0
PEC-80510,Fresadora,Aco_Inox,Semi_Sintetico,Turno_1,4308.7,205.2,2.9,121.2,53.3,132.9,43.0,83,-5.57,8243,CLP-50312,1
PEC-80511, TORNO_CNC ,Aluminio,Soluvel,Turno_2,2943.2,127.1,2.09,27.1,58.3,142.2,38.5,39,-5.97,1327,CLP-76A50,1
PEC-80512,Celula_Robotica,Aco_Carbono,Sintetico,Turno_1,2940.5,243.5,4.11,91.8,92.1,120.8,37.3,47,-5.37,3183,CLP-805C7,1
PEC-80513,Centro_Usinagem,Aluminio,Soluvel,Turno_1,3952.2,332.4,2.35,20.9,75.4,109.1,46.1,37,5.08,2320,CLP-D26A8,1
PEC-80514,Torno_CNC,Aco_Inox,Semi_Sintetico,Turno_2,2656.3,251.7,2.51,15.6,72.2,112.0,45.4,130,-8.09,5826,CLP-7DB96,1
PEC-80515,Torno_CNC,Aco_Inox,Sintetico,Turno_1,3711.5,181.4,4.21,,80.6,137.5,40.6,95,10.23,8507,CLP-37083,1
PEC-80516, TORNO_CNC ,Latao,Soluvel,Turno_2,2935.7,168.8,2.51,26.0,71.1,106.7,42.5,96,7.27,6472,CLP-DD80B,1
PEC-80517,Centro_Usinagem,Latao,Seco,Turno_3,2604.3,309.9,2.51,45.8,48.1,124.9,41.1,81,-17.31,7693,CLP-78765,1
PEC-80518,Celula_Robotica,Aluminio,Sintetico,Turno_3,3967.6,209.6,1.95,136.8,49.2,120.1,27.6,26,5.82,2395,CLP-7DE81,1
PEC-80519,Torno_CNC,Aco_Carbono,Soluvel,Turno_3,3615.4,327.1,3.34,30.8,32.5,131.4,44.7,106,10.02,4828,CLP-67D46,1
PEC-80520,torno_cnc,Aluminio,Soluvel,Turno_3,3614.0,282.7,2.07,51.4,67.4,120.5,32.6,125,-23.12,2091,CLP-9C0A5,1
PEC-80521, TORNO_CNC ,Aluminio,Semi_Sintetico,Turno_1,3365.4,211.5,2.85,84.3,52.3,113.5,37.9,79,5.38,9992,CLP-D159B,1
PEC-80522,Celula_Robotica,Aco_Inox,Semi_Sintetico,Turno_3,3469.6,308.4,2.29,32.4,58.2,112.4,47.6,61,16.01,4734,CLP-7BF83,1
PEC-80523,Centro_Usinagem,Aluminio,Sintetico,Turno_3,2645.5,203.8,2.61,11.4,61.2,112.2,43.1,103,-4.09,7841,CLP-B910F,1
PEC-80524,Centro_Usinagem,Aluminio,Sintetico,Turno_3,3250.2,177.6,3.81,71.0,57.7,99.3,57.2,105,-9.24,8505,CLP-EBFE2,1
PEC-80525, TORNO_CNC ,Aco_Inox,Sintetico,Turno_2,,206.7,2.15,34.9,64.6,127.6,38.6,68,9.9,3520,CLP-F1565,1
PEC-80526, TORNO_CNC ,Aluminio,Soluvel,Turno_1,2575.0,288.4,1.42,54.7,61.6,123.1,41.7,137,-5.04,3047,CLP-98DDF,1
PEC-80527,Torno_CNC,Aco_Carbono,Sintetico,Turno_1,3384.9,306.9,2.78,42.6,60.4,98.0,46.3,27,7.31,5318,CLP-4D327,1
PEC-80528,Torno_CNC,Aluminio,Soluvel,Turno_1,3721.2,230.2,4.25,,46.4,113.9,44.7,131,9.99,8552,CLP-D3077,1
PEC-80529,Centro_Usinagem,Aluminio,Seco,Turno_3,3027.5,156.6,3.27,11.5,67.9,115.9,53.4,4,24.9,6839,CLP-EB94E,1
PEC-80530,Centro_Usinagem,Latao,Semi_Sintetico,Turno_2,3104.6,172.2,1.73,16.8,91.1,111.2,50.1,52,11.95,9633,CLP-9EF97,0
PEC-80531,Celula_Robotica,Aco_Inox,Sintetico,Turno_3,2687.8,196.6,4.35,16.7,68.3,118.2,56.1,65,-10.04,9610,CLP-A5458,1
PEC-80532,Celula_Robotica,Aluminio,Soluvel,Turno_2,3203.2,185.3,1.87,69.0,92.2,118.4,32.1,126,-5.36,5287,CLP-64ED3,1
PEC-80533,torno_cnc,Aco_Carbono,Soluvel,Turno_2,3542.0,263.3,4.43,36.9,58.2,133.4,51.3,100,-17.04,8732,CLP-AF2BB,1
PEC-80534,Fresadora,Aluminio,Soluvel,Turno_1,3556.2,346.9,1.27,8.0,62.0,119.9,37.1,15,-3.76,6776,CLP-65E57,0
PEC-80535,Celula_Robotica,Aco_Inox,Sintetico,Turno_1,3445.3,289.8,4.5,22.1,64.8,128.9,48.6,42,7.98,8404,CLP-8FC68,1
PEC-80536,Centro_Usinagem,Aco_Inox,Sintetico,Turno_2,2921.7,193.6,0.8,33.4,63.0,99.1,43.0,56,-28.42,6066,CLP-C12C0,0
PEC-80537,Torno_CNC,Aco_Carbono,Soluvel,Turno_2,2907.4,215.3,3.35,15.1,79.0,104.1,39.5,86,-24.52,5090,CLP-D3DFB,1
PEC-80538, TORNO_CNC ,Aluminio,Sintetico,Turno_1,,225.0,3.46,6.4,38.7,99.4,54.4,77,18.12,2098,CLP-5F5E9,0
PEC-80539,Torno_CNC,Aco_Carbono,Semi_Sintetico,Turno_3,3565.4,269.5,3.22,21.7,59.5,114.1,31.6,76,3.83,4856,CLP-22A12,1
PEC-80540,Celula_Robotica,Aluminio,Soluvel,Turno_1,,328.6,3.61,26.6,85.0,120.8,59.5,82,10.49,1610,CLP-9E538,1
PEC-80541,Fresadora,Aluminio,Soluvel,Turno_3,3008.2,226.6,2.39,87.3,59.0,145.0,50.0,2,1.12,8079,CLP-C5163,0
PEC-80542,Torno_CNC,Aco_Carbono,Semi_Sintetico,Turno_1,3725.3,326.9,0.72,88.6,76.1,107.6,46.4,173,4.3,2825,CLP-75A3E,1
PEC-80543,Fresadora,Aluminio,Sintetico,Turno_2,3038.0,355.2,1.93,29.3,72.2,132.7,43.8,63,14.2,3666,CLP-5BF2C,1
PEC-80544,Fresadora,Aco_Inox,Sintetico,Turno_1,3535.7,232.5,3.07,,64.1,107.5,42.0,175,-27.66,4798,CLP-EC739,1
PEC-80545, TORNO_CNC ,Aluminio,Sintetico,Turno_3,3138.4,231.2,3.08,40.8,68.8,120.4,48.7,124,-10.74,6415,CLP-99FC2,1
PEC-80546,Torno_CNC,Aco_Carbono,Seco,Turno_2,2728.6,232.0,1.28,15.5,64.0,117.7,33.8,71,18.29,3438,CLP-80C26,1
PEC-80547,Fresadora,Aco_Inox,Soluvel,Turno_2,3925.5,253.1,1.51,16.8,39.5,106.1,20.4,83,6.66,7775,CLP-4EDA1,1
PEC-80548,torno_cnc,Aco_Inox,Soluvel,Turno_3,3254.0,232.1,2.45,,70.5,107.3,45.7,34,15.63,6539,CLP-825D6,1
PEC-80549,Fresadora,Aco_Inox,Soluvel,Turno_1,2880.2,294.2,3.41,7.9,57.6,144.0,39.0,129,0.23,8719,CLP-68228,1
PEC-80550,torno_cnc,Latao,Soluvel,Turno_1,2574.1,172.6,3.91,11.9,48.5,112.0,37.7,59,10.95,2735,CLP-C9C85,0
PEC-80551,Centro_Usinagem,Aco_Inox,Soluvel,Turno_3,2619.5,223.3,0.85,40.8,69.6,135.0,32.4,110,-6.46,2646,CLP-253B0,1
PEC-80552,torno_cnc,Aluminio,Soluvel,Turno_2,3032.2,266.5,4.2,13.4,68.9,130.2,54.6,82,-18.79,5329,CLP-70A8E,1
PEC-80553,torno_cnc,Aluminio,Seco,Turno_1,4066.3,293.5,4.21,,76.8,110.8,59.6,175,14.77,1158,CLP-D6D93,1
PEC-80554,Centro_Usinagem,Aluminio,Seco,Turno_2,2936.9,359.8,0.53,,61.9,119.9,44.6,133,-7.39,5582,CLP-26388,1
PEC-80555, TORNO_CNC ,Aluminio,Soluvel,Turno_1,3851.4,185.5,2.53,41.9,75.3,121.8,43.8,124,-1.37,6046,CLP-2CBD6,1
PEC-80556,Torno_CNC,Aco_Inox,Sintetico,Turno_1,3141.2,217.4,2.85,7.2,65.3,127.3,48.4,157,1.75,9912,CLP-8AA74,1
PEC-80557,Torno_CNC,Aluminio,Sintetico,Turno_2,2668.5,136.7,2.71,56.9,69.1,113.9,47.9,127,2.7,2637,CLP-D32BC,1
PEC-80558,Fresadora,Aco_Carbono,Semi_Sintetico,Turno_3,2987.1,194.5,2.96,37.6,70.1,97.4,40.8,11,5.3,6052,CLP-AB67F,1
PEC-80559,Fresadora,Aco_Carbono,Sintetico,Turno_2,2623.6,161.6,2.51,22.7,49.0,109.5,54.7,91,1.23,1538,CLP-544C6,0
PEC-80560,Fresadora,Aco_Inox,Soluvel,Turno_2,2814.8,223.9,1.68,148.0,69.5,137.5,54.1,22,-15.34,7233,CLP-992C3,1
PEC-80561,Torno_CNC,Aco_Carbono,Semi_Sintetico,Turno_3,2801.4,238.6,0.88,5.4,66.2,119.5,50.9,45,-11.01,3856,CLP-1BBA7,0
PEC-80562,Torno_CNC,Aluminio,Sintetico,Turno_1,2343.3,273.5,1.33,32.5,61.7,113.7,59.2,75,-12.47,7954,CLP-D9F74,0
PEC-80563,Torno_CNC,Aco_Carbono,Sintetico,Turno_2,,235.1,3.46,11.1,66.4,97.9,51.2,121,17.52,4532,CLP-4975C,1
PEC-80564, TORNO_CNC ,Aluminio,Seco,Turno_3,3295.0,273.5,1.46,19.0,95.6,138.6,39.8,21,-13.88,4462,CLP-D2985,1
PEC-80565,torno_cnc,Aluminio,Seco,Turno_1,2891.2,255.7,3.82,10.0,42.0,116.9,45.6,54,-12.79,8534,CLP-97B09,1
PEC-80566, TORNO_CNC ,Latao,Sintetico,Turno_1,3299.8,198.3,2.11,43.6,63.4,136.3,52.5,164,2.35,1152,CLP-F1599,1
PEC-80567, TORNO_CNC ,Aco_Carbono,Sintetico,Turno_3,2824.0,165.7,2.16,23.0,74.7,130.2,36.6,145,-4.51,1214,CLP-F0C2C,1
PEC-80568,Centro_Usinagem,Aluminio,Seco,Turno_3,1998.0,279.2,3.97,155.2,50.0,131.9,42.8,2,0.35,6087,CLP-1B034,1
PEC-80569,Torno_CNC,Aco_Inox,Soluvel,Turno_1,4530.5,332.3,1.36,42.1,69.5,144.9,32.3,125,-2.69,7091,CLP-2DA24,1
PEC-80570,torno_cnc,Aco_Inox,Soluvel,Turno_1,,376.8,1.26,92.3,68.6,121.8,61.1,148,13.04,2722,CLP-60524,1
PEC-80571,Fresadora,Aco_Inox,Soluvel,Turno_1,2934.9,296.8,4.44,14.6,45.9,118.0,48.3,11,-18.12,4508,CLP-E0F48,1
PEC-80572, TORNO_CNC ,Aco_Inox,Semi_Sintetico,Turno_1,2329.7,322.9,2.66,18.4,58.0,143.5,49.8,98,2.1,9121,CLP-A9E3B,1
PEC-80573,Fresadora,Aco_Inox,Sintetico,Turno_2,2527.6,273.1,1.26,20.8,86.4,132.5,32.9,66,4.9,1127,CLP-90900,0
PEC-80574,Centro_Usinagem,Aco_Carbono,Soluvel,Turno_2,3944.5,265.1,1.16,68.8,45.9,109.4,53.9,116,-17.16,2166,CLP-A3EDA,1
PEC-80575,Celula_Robotica,Aco_Inox,Seco,Turno_3,,255.6,3.95,13.3,59.7,135.7,47.5,123,-6.49,4407,CLP-E6DA3,1
PEC-80576,Torno_CNC,Aluminio,Sintetico,Turno_1,3538.9,244.7,2.9,107.6,63.0,142.7,30.6,173,-7.8,6494,CLP-AD1D7,1
PEC-80577,Celula_Robotica,Aco_Inox,Semi_Sintetico,Turno_3,2698.2,280.4,0.96,6.6,65.1,85.5,48.7,52,-30.5,4876,CLP-888C4,1
PEC-80578, TORNO_CNC ,Aco_Inox,Soluvel,Turno_1,3879.5,224.0,4.05,82.2,60.0,101.3,37.2,121,0.02,8752,CLP-A5C03,1
PEC-80579,Torno_CNC,Aco_Inox,Sintetico,Turno_1,3402.4,242.6,2.28,26.0,66.0,107.8,45.5,25,11.88,9992,CLP-E5547,1
PEC-80580, TORNO_CNC ,Aco_Inox,Sintetico,Turno_2,3494.7,191.1,4.46,31.1,64.6,130.8,51.0,141,-26.24,8733,CLP-37604,1
PEC-80581,Celula_Robotica,Aco_Carbono,Sintetico,Turno_1,3400.8,273.7,1.63,213.3,73.5,131.8,46.6,145,-3.26,1279,CLP-A5885,1
PEC-80582, TORNO_CNC ,Aco_Carbono,Sintetico,Turno_1,2521.9,202.0,2.62,76.4,75.1,127.8,30.2,32,10.83,5995,CLP-CAE28,1
PEC-80583,Torno_CNC,Aco_Inox,Semi_Sintetico,Turno_3,2660.8,251.7,1.19,,70.3,133.1,47.1,56,-3.11,5608,CLP-D9FC7,1
PEC-80584,Fresadora,Aluminio,Soluvel,Turno_1,2970.4,275.0,2.26,35.8,67.8,103.4,51.8,47,15.28,9766,CLP-C0782,1
PEC-80585,Torno_CNC,Aluminio,Semi_Sintetico,Turno_2,3489.6,279.3,1.21,114.6,46.2,101.9,43.4,118,-27.52,6407,CLP-2CB19,1
PEC-80586,Torno_CNC,Aco_Carbono,Soluvel,Turno_1,2578.8,288.6,1.73,45.7,66.4,138.8,49.1,142,-4.6,6485,CLP-437C0,1
PEC-80587,Torno_CNC,Aco_Carbono,Soluvel,Turno_1,3121.1,239.3,1.58,64.9,78.4,121.6,49.3,149,-12.05,4086,CLP-69E7A,1
PEC-80588,Torno_CNC,Aluminio,Soluvel,Turno_2,3120.5,274.3,1.63,49.7,45.7,138.1,28.8,161,-18.99,6967,CLP-92F15,1
PEC-80589,Torno_CNC,Aluminio,Soluvel,Turno_3,3556.7,225.7,4.38,58.1,49.2,109.5,55.0,144,33.31,6548,CLP-CF999,1
PEC-80590,Torno_CNC,Aco_Carbono,Soluvel,Turno_2,3503.6,151.5,0.65,40.6,82.9,104.2,40.5,112,4.02,9968,CLP-CF051,1
PEC-80591,Fresadora,Aco_Inox,Semi_Sintetico,Turno_2,2745.4,276.5,2.49,50.4,47.0,100.9,39.2,86,15.5,8683,CLP-EFD45,1
PEC-80592,Torno_CNC,Aluminio,Sintetico,Turno_3,3851.0,264.9,3.02,25.0,63.8,132.0,39.4,139,4.89,8890,CLP-6BB87,1
PEC-80593,Torno_CNC,Latao,Soluvel,Turno_3,2676.5,300.7,3.14,47.9,58.4,137.0,54.8,123,30.49,6337,CLP-5D000,1
PEC-80594,Centro_Usinagem,Aco_Carbono,Sintetico,Turno_1,3691.5,248.7,3.52,16.3,82.2,128.1,56.8,149,12.17,8799,CLP-DEA83,1
PEC-80595, TORNO_CNC ,Aluminio,Soluvel,Turno_2,,169.8,3.54,40.3,68.6,112.7,48.8,147,-24.9,6884,CLP-EE2F7,1
PEC-80596,Fresadora,Aluminio,Soluvel,Turno_2,3273.8,245.4,4.32,31.0,74.5,129.6,41.2,167,14.35,6295,CLP-4D8C9,1
PEC-80597,Torno_CNC,Aco_Inox,Sintetico,Turno_2,3301.7,294.3,3.52,85.1,65.7,129.1,68.3,15,15.14,4693,CLP-369B0,1
PEC-80598,Torno_CNC,Aluminio,Sintetico,Turno_2,3289.0,273.8,3.79,44.1,88.9,89.6,44.9,52,-4.86,1936,CLP-41ED5,1
PEC-80599,Torno_CNC,Aluminio,Semi_Sintetico,Turno_1,3503.5,242.7,2.63,36.8,56.1,114.7,39.8,31,21.8,4686,CLP-F1611,1
PEC-80600,Torno_CNC,Aluminio,Soluvel,Turno_2,3376.2,166.8,3.13,18.1,69.1,124.2,53.2,123,-9.14,6651,CLP-7C3AA,1
PEC-80601,Torno_CNC,Aco_Carbono,Sintetico,Turno_2,3552.6,198.7,2.41,74.5,80.1,136.6,44.0,170,-22.35,1158,CLP-45474,1
PEC-80602,Torno_CNC,Aco_Carbono,Sintetico,Turno_2,3409.1,273.9,1.61,6.9,82.8,118.7,61.7,62,1.56,1395,CLP-C3D32,0
PEC-80603,Torno_CNC,Aco_Inox,Seco,Turno_3,2631.0,166.7,1.75,85.5,61.8,122.2,38.2,177,1.39,3776,CLP-7E316,1
PEC-80604,Torno_CNC,Aluminio,Soluvel,Turno_3,3321.4,234.1,1.94,42.0,40.7,119.0,43.6,159,-8.84,3913,CLP-E1CF2,1
PEC-80605, TORNO_CNC ,Aluminio,Sintetico,Turno_2,2946.3,251.9,1.86,12.4,60.4,124.0,57.3,50,27.55,4893,CLP-E48D3,0
PEC-80606,Torno_CNC,Aluminio,Sintetico,Turno_2,2700.8,307.5,2.63,86.7,85.9,99.5,48.9,27,-13.68,7617,CLP-A37C6,1
PEC-80607, TORNO_CNC ,Aco_Inox,Seco,Turno_2,3069.6,280.7,1.49,18.8,55.8,110.9,42.6,7,28.95,7782,CLP-6A4DB,1
PEC-80608,torno_cnc,Aluminio,Soluvel,Turno_2,3282.5,298.1,2.57,11.4,68.5,86.5,37.6,78,-9.1,6168,CLP-9931E,1
PEC-80609,Fresadora,Aco_Carbono,Sintetico,Turno_3,3312.4,265.1,4.16,18.5,61.3,113.4,35.9,1,-16.55,8798,CLP-3B401,0
PEC-80610,Torno_CNC,Aluminio,Soluvel,Turno_2,3675.2,207.7,2.12,118.6,64.1,127.4,34.6,145,-11.55,3471,CLP-B50E2,1
PEC-80611,Fresadora,Latao,Sintetico,Turno_1,3788.3,219.3,1.39,,80.7,108.1,52.8,65,2.9,5399,CLP-8F35C,1
PEC-80612,Fresadora,Latao,Soluvel,Turno_2,3351.3,203.4,1.89,92.0,68.1,116.2,51.3,61,-13.67,9795,CLP-29247,1
PEC-80613,Torno_CNC,Aco_Inox,Soluvel,Turno_2,3432.7,279.5,4.01,17.4,89.5,125.9,49.2,146,25.24,8076,CLP-39BC7,1
PEC-80614,Centro_Usinagem,Aco_Inox,Sintetico,Turno_2,3242.9,215.3,4.27,8.0,76.7,160.8,36.2,45,35.47,4161,CLP-CE7FA,1
PEC-80615,Celula_Robotica,Latao,Soluvel,Turno_2,3545.3,230.3,4.05,34.0,66.6,118.8,42.7,173,3.57,2311,CLP-B33E2,1
PEC-80616,Torno_CNC,Latao,Soluvel,Turno_1,3419.1,251.1,1.65,28.1,63.9,130.8,47.6,82,0.2,5677,CLP-496E6,1
PEC-80617,Torno_CNC,Aco_Inox,Soluvel,Turno_1,3175.5,332.1,2.05,49.6,69.0,117.2,55.1,20,5.04,7562,CLP-3C11B,1
PEC-80618,Centro_Usinagem,Aco_Inox,Soluvel,Turno_1,4168.4,282.9,4.4,32.4,50.2,125.3,47.9,50,4.87,6999,CLP-984A2,1
PEC-80619,Fresadora,Aco_Inox,Seco,Turno_2,2954.2,211.4,1.8,22.7,52.3,119.6,46.1,166,-12.57,1149,CLP-B1B92,1
PEC-80620,Torno_CNC,Latao,Sintetico,Turno_1,3854.5,257.6,1.05,5.2,74.1,113.7,37.6,141,-24.46,2830,CLP-EDC84,1
PEC-80621,Torno_CNC,Aco_Inox,Semi_Sintetico,Turno_3,2590.6,332.6,1.63,27.1,76.0,117.0,52.2,125,16.55,1450,CLP-49A31,1
PEC-80622, TORNO_CNC ,Aluminio,Soluvel,Turno_1,3566.1,280.8,4.36,9.5,49.1,138.7,42.8,168,8.32,8359,CLP-C90CB,1
PEC-80623, TORNO_CNC ,Aco_Carbono,Seco,Turno_3,3846.5,170.1,2.16,94.3,75.3,124.3,33.7,178,3.07,7107,CLP-EF0FA,1
PEC-80624,Fresadora,Aco_Inox,Soluvel,Turno_1,,204.2,4.24,94.2,62.9,102.0,37.9,33,5.38,3801,CLP-7E6E9,1
PEC-80625, TORNO_CNC ,Aluminio,Sintetico,Turno_1,3262.5,200.4,0.92,62.0,55.0,113.6,50.5,64,-10.0,9710,CLP-DF60A,1
PEC-80626, TORNO_CNC ,Aco_Inox,Soluvel,Turno_2,3521.9,322.0,3.56,,61.2,106.6,50.7,172,-10.23,5328,CLP-3B3F8,1
PEC-80627,Fresadora,Aco_Carbono,Sintetico,Turno_1,3313.4,312.8,0.87,10.6,75.7,133.9,23.6,110,4.05,7448,CLP-1DC7E,1
PEC-80628,Torno_CNC,Aco_Inox,Sintetico,Turno_3,3370.2,218.7,1.29,34.0,72.3,108.6,44.3,165,4.32,4183,CLP-49D00,1
PEC-80629,Torno_CNC,Aluminio,Soluvel,Turno_1,3261.3,217.7,2.96,50.5,68.6,132.9,34.7,12,38.66,1172,CLP-57DB3,1
PEC-80630,Fresadora,Aluminio,Soluvel,Turno_2,2707.6,252.2,2.24,87.2,69.5,134.6,48.2,85,-18.88,6513,CLP-E9E6B,1
PEC-80631,Centro_Usinagem,Aco_Inox,Sintetico,Turno_3,4265.6,253.7,3.17,83.6,51.3,122.2,49.7,66,1.48,5991,CLP-3D03D,1
PEC-80632,torno_cnc,Aco_Inox,Soluvel,Turno_1,2973.4,201.9,4.39,10.9,71.6,128.2,36.4,6,21.78,8635,CLP-DB381,0
PEC-80633,torno_cnc,Aluminio,Soluvel,Turno_1,3395.4,237.5,0.71,193.9,59.5,112.5,45.1,64,-27.01,6003,CLP-1ED01,1
PEC-80634,Torno_CNC,Aco_Inox,Soluvel,Turno_1,2908.9,177.3,1.27,11.0,89.3,132.7,51.7,2,-41.42,1929,CLP-36AE8,1
PEC-80635, TORNO_CNC ,Aco_Carbono,Sintetico,Turno_2,2175.9,313.6,3.06,69.2,60.4,101.4,53.2,123,-5.27,4504,CLP-A4777,1
PEC-80636,torno_cnc,Aco_Carbono,Semi_Sintetico,Turno_1,2784.0,162.0,4.09,35.9,91.7,113.1,38.2,178,-12.95,6181,CLP-334D4,1
PEC-80637,Torno_CNC,Aluminio,Soluvel,Turno_2,2548.6,161.4,3.69,44.7,63.1,115.4,53.6,64,-21.21,5849,CLP-21E64,1
PEC-80638,Torno_CNC,Aluminio,Soluvel,Turno_3,3691.2,271.8,2.36,37.4,63.9,134.8,47.1,102,1.6,5207,CLP-7B426,1
PEC-80639, TORNO_CNC ,Aluminio,Semi_Sintetico,Turno_3,2926.9,188.2,3.48,76.3,61.5,145.6,41.1,17,2.12,3575,CLP-2BDC0,1
PEC-80640,Torno_CNC,Aco_Carbono,Sintetico,Turno_1,2968.7,225.0,1.33,40.5,49.9,113.2,44.3,10,-6.93,4042,CLP-A21DB,0
PEC-80641,Torno_CNC,Aluminio,Soluvel,Turno_1,2721.1,253.2,0.55,71.1,80.9,118.5,51.4,75,26.22,5571,CLP-9014F,1
PEC-80642,Torno_CNC,Aco_Inox,Semi_Sintetico,Turno_1,3242.3,283.8,2.78,10.9,66.2,102.3,51.3,127,24.49,9803,CLP-6CD66,1
PEC-80643,Torno_CNC,Aco_Inox,Soluvel,Turno_2,2877.6,238.9,3.75,75.5,72.5,118.8,52.3,118,-16.37,7115,CLP-7D80C,1
PEC-80644,Torno_CNC,Aluminio,Soluvel,Turno_1,3646.6,339.0,2.23,178.4,84.4,136.5,39.6,168,11.03,1384,CLP-2972C,1
PEC-80645,Centro_Usinagem,Aluminio,Seco,Turno_3,3335.9,250.0,2.78,42.9,63.4,93.1,46.8,159,-27.75,2260,CLP-4D3E3,1
PEC-80646,torno_cnc,Aluminio,Seco,Turno_2,2942.7,309.5,2.19,136.1,63.9,120.3,43.1,159,-11.8,9350,CLP-6C115,1
PEC-80647,Fresadora,Aco_Inox,Soluvel,Turno_1,3582.6,263.9,2.56,13.7,66.7,130.8,46.7,123,1.11,9660,CLP-DBC71,1
PEC-80648,Fresadora,Aco_Carbono,Soluvel,Turno_2,3203.6,356.6,4.04,66.9,49.6,120.9,40.9,49,-16.12,7741,CLP-23A4A,1
PEC-80649, TORNO_CNC ,Aco_Inox,Soluvel,Turno_1,3209.7,302.9,2.41,11.5,43.1,117.2,57.7,151,15.47,5930,CLP-68F3A,1
PEC-80650,Torno_CNC,Aco_Inox,Soluvel,Turno_1,2541.8,252.2,0.53,30.4,47.0,133.1,44.9,24,-26.88,2124,CLP-F1E3B,0
PEC-80651,torno_cnc,Aluminio,Soluvel,Turno_1,3168.0,281.4,3.7,43.2,79.9,107.9,43.9,64,-17.64,4832,CLP-B9CD1,1
PEC-80652,torno_cnc,Aco_Inox,Soluvel,Turno_1,3344.7,237.0,2.97,42.8,61.1,108.3,48.6,54,-7.81,7333,CLP-DE737,1
PEC-80653,Fresadora,Aluminio,Seco,Turno_2,3800.1,236.5,3.42,43.9,74.4,92.3,53.9,81,-0.08,7637,CLP-D3EED,1
PEC-80654, TORNO_CNC ,Aco_Inox,Semi_Sintetico,Turno_2,2861.6,184.8,4.1,18.5,61.9,124.9,45.4,72,-6.27,5020,CLP-5716B,1
PEC-80655,Torno_CNC,Aluminio,Sintetico,Turno_1,4225.1,209.6,1.64,132.4,46.1,123.3,42.5,98,-5.55,9788,CLP-39A28,1
PEC-80656,Torno_CNC,Aluminio,Sintetico,Turno_3,3450.6,353.0,2.51,5.2,75.4,111.4,52.1,61,3.76,1236,CLP-200EC,1
PEC-80657, TORNO_CNC ,Aco_Inox,Soluvel,Turno_2,2516.3,189.8,2.91,39.0,54.3,106.6,58.9,121,20.54,1874,CLP-AD97A,1
PEC-80658,Fresadora,Aco_Inox,Soluvel,Turno_1,2819.7,217.2,1.88,75.4,72.0,119.3,56.4,15,11.9,6341,CLP-739E9,1
PEC-80659,torno_cnc,Aco_Carbono,Soluvel,Turno_1,3839.4,245.3,3.88,82.6,76.1,121.4,37.1,145,15.03,4866,CLP-D675E,1
PEC-80660, TORNO_CNC ,Aluminio,Semi_Sintetico,Turno_2,3759.5,247.0,3.29,49.6,64.5,102.0,51.2,86,1.18,7078,CLP-CC5E4,1
PEC-80661,Celula_Robotica,Aluminio,Soluvel,Turno_3,3208.1,269.2,3.43,34.9,70.7,90.8,44.4,5,-26.21,1325,CLP-61A4B,1
PEC-80662,Fresadora,Aco_Inox,Semi_Sintetico,Turno_2,3267.5,226.5,3.73,,47.9,94.1,55.2,166,5.87,7079,CLP-61A80,1
PEC-80663,Torno_CNC,Aluminio,Sintetico,Turno_3,2675.9,272.3,1.53,25.9,100.1,98.2,59.7,157,-7.41,9223,CLP-F3BD2,1
PEC-80664,Torno_CNC,Aluminio,Soluvel,Turno_2,3794.6,307.1,3.48,24.4,70.3,101.9,26.0,11,20.76,4911,CLP-44EEB,1
PEC-80665,Torno_CNC,Aluminio,Soluvel,Turno_2,2755.5,313.3,3.6,,74.4,118.7,45.1,26,-6.78,4631,CLP-5427F,1
PEC-80666,Torno_CNC,Aco_Carbono,Sintetico,Turno_2,3580.1,236.6,3.87,51.0,76.2,121.3,41.3,104,-0.92,2767,CLP-2BBDF,1
PEC-80667,Torno_CNC,Aco_Inox,Seco,Turno_2,3808.4,280.6,2.45,30.3,63.3,117.5,39.3,57,18.15,5456,CLP-DB70E,1
PEC-80668,Torno_CNC,Aco_Inox,Sintetico,Turno_1,3221.7,192.7,2.52,52.3,65.9,125.4,37.6,72,-24.77,4085,CLP-27D23,1
PEC-80669,Torno_CNC,Aco_Carbono,Soluvel,Turno_3,3635.4,213.9,0.89,31.3,78.0,126.0,41.4,161,16.31,4627,CLP-7ECA8,1
PEC-80670,Torno_CNC,Latao,Sintetico,Turno_1,4031.4,191.3,3.91,,60.6,124.9,42.7,48,12.31,5853,CLP-B1C88,1
PEC-80671,Centro_Usinagem,Aco_Inox,Soluvel,Turno_2,3320.6,247.7,2.63,71.8,69.7,121.3,42.2,72,17.7,2732,CLP-C34E8,1
PEC-80672,Torno_CNC,Aluminio,Seco,Turno_2,3121.1,207.0,2.88,76.5,70.6,104.2,28.8,160,23.25,8636,CLP-6C9A8,1
PEC-80673,torno_cnc,Aco_Inox,Sintetico,Turno_2,3169.9,174.0,0.99,15.8,56.2,100.0,46.0,116,-2.77,4981,CLP-3609B,1
PEC-80674, TORNO_CNC ,Aco_Inox,Sintetico,Turno_1,,230.7,2.91,59.0,70.3,111.6,53.4,152,7.57,8379,CLP-83C0C,1
PEC-80675,Celula_Robotica,Aco_Inox,Soluvel,Turno_2,2855.5,163.6,0.67,30.1,44.7,137.0,40.5,83,16.09,8876,CLP-A50D2,1
PEC-80676,Torno_CNC,Aco_Inox,Sintetico,Turno_2,3399.1,316.4,4.19,9.6,76.0,155.2,31.9,163,-0.36,8880,CLP-A3FD2,1
PEC-80677, TORNO_CNC ,Aco_Carbono,Soluvel,Turno_2,3126.2,222.1,3.95,22.8,83.8,128.4,45.8,151,-5.12,3976,CLP-27A17,1
PEC-80678,Celula_Robotica,Aluminio,Soluvel,Turno_3,3347.4,299.3,1.28,7.8,75.9,125.4,53.5,96,14.08,5636,CLP-D29C5,1
PEC-80679,Centro_Usinagem,Aco_Inox,Soluvel,Turno_2,2529.5,225.4,2.88,59.0,83.0,136.0,46.3,47,-2.26,2953,CLP-486DC,1
PEC-80680,Centro_Usinagem,Aco_Inox,Seco,Turno_1,3158.3,190.3,2.91,12.6,55.9,142.7,39.2,126,-35.14,8604,CLP-1E921,1
PEC-80681,Torno_CNC,Aco_Carbono,Sintetico,Turno_3,3663.6,308.8,3.71,11.3,62.3,106.2,36.6,89,2.9,6483,CLP-62959,1
PEC-80682,Torno_CNC,Aco_Inox,Soluvel,Turno_3,2696.5,254.4,3.53,13.2,66.5,163.5,50.6,145,12.79,6193,CLP-D60E9,1
PEC-80683,Fresadora,Aluminio,Semi_Sintetico,Turno_1,3207.4,344.3,4.47,14.0,66.5,143.8,43.1,120,-24.79,6843,CLP-A7084,1
PEC-80684,Celula_Robotica,Aco_Inox,Soluvel,Turno_1,2365.4,226.7,1.9,44.2,59.8,99.5,40.8,115,-20.41,5801,CLP-827C6,1
PEC-80685,torno_cnc,Aluminio,Soluvel,Turno_1,2612.5,227.8,1.0,40.6,54.0,105.0,40.1,169,9.53,4348,CLP-B4CCA,1
PEC-80686,torno_cnc,Aco_Inox,Soluvel,Turno_2,3563.4,300.2,2.79,9.8,85.7,162.3,46.8,55,7.95,3789,CLP-952E2,1
PEC-80687,Torno_CNC,Aco_Inox,Sintetico,Turno_3,3060.8,300.6,3.56,50.1,55.0,135.6,45.9,170,-4.23,2693,CLP-5EB22,1
PEC-80688,Fresadora,Aco_Inox,Sintetico,Turno_3,4019.9,257.7,1.64,20.0,84.9,111.0,45.4,39,15.31,8891,CLP-B6C2F,1
PEC-80689,Torno_CNC,Aco_Inox,Soluvel,Turno_3,,416.8,1.44,26.4,70.9,121.2,37.3,112,-12.85,1329,CLP-A7349,1
PEC-80690,Torno_CNC,Aluminio,Sintetico,Turno_1,,236.0,3.71,9.7,67.4,131.3,36.8,170,22.59,8331,CLP-5D576,1
PEC-80691, TORNO_CNC ,Aluminio,Soluvel,Turno_2,2715.6,186.5,3.51,48.2,71.5,133.3,39.8,17,-11.44,9271,CLP-77CA0,1
PEC-80692,torno_cnc,Aco_Inox,Semi_Sintetico,Turno_1,3026.7,199.9,1.31,21.5,83.3,140.5,47.3,172,21.32,6874,CLP-41D7F,1
PEC-80693,Torno_CNC,Aco_Inox,Soluvel,Turno_1,2870.3,236.3,3.98,40.0,33.5,123.6,49.4,145,13.64,4154,CLP-6C981,1
PEC-80694,Torno_CNC,Aluminio,Semi_Sintetico,Turno_2,2720.6,325.9,1.04,24.5,69.3,124.2,56.7,119,-22.64,1404,CLP-70D88,1
PEC-80695,Fresadora,Aluminio,Sintetico,Turno_1,3498.8,240.7,0.94,6.8,66.8,114.5,38.3,156,-19.73,4912,CLP-6D782,1
PEC-80696,Torno_CNC,Latao,Sintetico,Turno_2,3589.0,328.3,1.9,47.5,67.2,106.1,50.8,25,8.26,7478,CLP-3443D,1
PEC-80697,torno_cnc,Aluminio,Soluvel,Turno_2,3379.5,271.7,4.05,33.1,76.3,105.4,31.2,146,-6.25,1524,CLP-A0ABB,1
PEC-80698,Torno_CNC,Aluminio,Sintetico,Turno_3,2827.4,304.2,3.28,24.9,57.7,117.8,47.8,167,30.36,1520,CLP-509FF,1
PEC-80699, TORNO_CNC ,Aluminio,Soluvel,Turno_1,3348.8,269.4,2.08,12.9,51.2,125.2,32.9,95,16.72,8377,CLP-54D48,1
PEC-80700,torno_cnc,Latao,Semi_Sintetico,Turno_3,2339.3,269.0,1.13,39.3,48.4,98.2,35.2,104,5.02,4005,CLP-1C98E,0
PEC-80701,Torno_CNC,Aco_Carbono,Soluvel,Turno_3,3795.4,287.6,3.35,,54.1,150.7,51.0,111,-28.48,4402,CLP-62433,1
PEC-80702,Torno_CNC,Aco_Inox,Soluvel,Turno_3,,221.7,2.9,24.6,73.2,109.6,46.2,39,-16.51,1382,CLP-A0706,1
PEC-80703,Torno_CNC,Aco_Inox,Sintetico,Turno_3,,222.2,4.45,7.0,71.1,107.1,42.5,177,-5.43,8778,CLP-A2F63,1
PEC-80704,Torno_CNC,Aco_Inox,Sintetico,Turno_2,3251.9,267.5,3.56,57.5,75.6,119.6,33.8,165,-20.92,7671,CLP-F0E3F,1
PEC-80705,Celula_Robotica,Aluminio,Soluvel,Turno_2,3291.9,347.1,0.91,8.3,59.5,84.5,48.0,14,-18.91,7001,CLP-998C2,1
PEC-80706,Torno_CNC,Aco_Carbono,Seco,Turno_2,3167.3,173.0,3.41,82.5,60.0,125.4,45.7,67,-19.33,2065,CLP-E4243,1
PEC-80707,Centro_Usinagem,Aluminio,Seco,Turno_2,2700.4,148.5,1.53,75.8,84.8,105.1,50.8,53,-11.44,8330,CLP-B46BB,1
PEC-80708,Torno_CNC,Aco_Inox,Sintetico,Turno_2,3710.0,236.8,4.35,129.0,77.2,91.2,31.1,136,7.25,8489,CLP-3232D,1
PEC-80709,Fresadora,Aco_Carbono,Soluvel,Turno_3,2441.3,301.5,0.58,88.7,74.0,122.2,50.0,30,0.71,7447,CLP-B549A,0
PEC-80710,Fresadora,Aco_Carbono,Sintetico,Turno_2,2532.5,252.6,1.45,129.4,43.1,122.1,40.7,101,1.51,7485,CLP-AF462,1
PEC-80711,torno_cnc,Aco_Inox,Soluvel,Turno_1,3151.9,191.5,2.5,81.4,88.5,149.2,47.3,67,-9.33,7220,CLP-B38BB,1
PEC-80712, TORNO_CNC ,Aluminio,Soluvel,Turno_2,2631.1,254.0,0.82,9.2,63.9,122.7,44.5,125,-1.43,9946,CLP-B4E10,0
PEC-80713, TORNO_CNC ,Aluminio,Seco,Turno_1,3750.2,163.4,1.88,25.1,67.1,122.6,38.2,1,8.25,5933,CLP-AAE66,1
PEC-80714,Torno_CNC,Aco_Carbono,Seco,Turno_1,2669.8,281.4,2.49,7.8,70.4,120.6,41.7,123,-14.55,3915,CLP-E696E,1
PEC-80715,Celula_Robotica,Aco_Carbono,Seco,Turno_1,3900.7,234.5,2.29,32.6,67.0,81.3,38.0,86,1.69,1927,CLP-3B6B8,1
PEC-80716,Centro_Usinagem,Aluminio,Soluvel,Turno_1,3665.8,245.9,2.34,31.4,62.9,121.2,40.8,127,-25.57,9646,CLP-3F926,1
PEC-80717,Celula_Robotica,Aluminio,Soluvel,Turno_3,3755.8,271.4,4.02,94.4,66.7,119.3,37.7,164,21.16,8314,CLP-91EB7,1
PEC-80718,Torno_CNC,Aco_Carbono,Soluvel,Turno_2,4049.2,260.3,2.52,127.4,72.6,117.8,48.2,107,0.0,7395,CLP-5A4D6,1
PEC-80719,Fresadora,Aluminio,Soluvel,Turno_1,3236.6,222.9,4.26,15.5,75.2,107.5,38.1,174,26.65,9755,CLP-9E110,1
PEC-80720,Celula_Robotica,Aco_Inox,Soluvel,Turno_2,2744.2,301.7,1.09,35.6,79.6,128.5,49.5,126,3.62,8544,CLP-CAB83,1
PEC-80721,Torno_CNC,Aco_Carbono,Soluvel,Turno_1,3153.6,289.8,1.62,26.9,51.8,105.4,71.1,44,14.06,5829,CLP-8A16E,1
PEC-80722,Torno_CNC,Aco_Inox,Sintetico,Turno_2,2945.0,161.3,3.13,32.7,58.4,130.6,42.9,10,-2.98,5013,CLP-BF9AB,1
PEC-80723,Fresadora,Aco_Inox,Semi_Sintetico,Turno_2,2880.9,238.5,1.63,31.6,75.2,125.8,32.3,136,-6.59,7325,CLP-62577,1
PEC-80724,torno_cnc,Aco_Carbono,Sintetico,Turno_3,3267.9,196.0,1.89,90.9,46.2,141.0,61.8,56,6.99,8185,CLP-78A95,1
PEC-80725,Centro_Usinagem,Aco_Carbono,Semi_Sintetico,Turno_1,3059.7,186.6,4.1,84.3,66.9,113.0,47.8,145,22.56,6753,CLP-65B66,1
PEC-80726,Torno_CNC,Aluminio,Soluvel,Turno_2,2861.5,276.8,2.65,9.6,55.6,140.1,44.0,56,-5.52,7231,CLP-C873C,1
PEC-80727,Fresadora,Aco_Inox,Soluvel,Turno_3,3089.6,229.0,1.84,19.8,71.6,123.2,42.0,75,9.8,7845,CLP-5DBF4,1
PEC-80728,Torno_CNC,Aco_Inox,Semi_Sintetico,Turno_3,3447.0,242.9,3.61,53.9,54.9,118.9,36.6,53,-3.11,8538,CLP-3743C,1
PEC-80729,Torno_CNC,Aco_Inox,Sintetico,Turno_1,3630.4,216.5,0.78,,60.7,107.2,42.3,11,15.38,3500,CLP-9B5D1,0
PEC-80730,Torno_CNC,Aco_Inox,Sintetico,Turno_2,2478.7,268.5,2.75,39.9,61.5,125.9,38.8,154,11.83,2609,CLP-F299E,1
PEC-80731,Centro_Usinagem,Aco_Carbono,Soluvel,Turno_1,3063.6,283.9,0.9,183.0,68.0,112.9,38.8,56,9.68,2174,CLP-8464F,1
PEC-80732,Fresadora,Aco_Inox,Soluvel,Turno_2,3136.4,358.5,1.21,19.4,76.5,119.6,49.7,96,-31.31,5638,CLP-56708,1
PEC-80733,torno_cnc,Aluminio,Sintetico,Turno_1,2667.9,241.0,0.75,30.3,77.4,131.7,52.8,81,16.77,8735,CLP-75A44,1
PEC-80734, TORNO_CNC ,Aco_Inox,Semi_Sintetico,Turno_3,3146.1,177.6,4.11,140.5,67.5,119.5,43.2,114,-21.9,4217,CLP-40FB2,1
PEC-80735,Centro_Usinagem,Latao,Seco,Turno_1,3266.6,224.8,0.69,46.6,51.7,124.8,49.0,96,-28.67,5424,CLP-18894,1
PEC-80736, TORNO_CNC ,Aco_Inox,Sintetico,Turno_2,3433.5,292.4,2.57,41.6,96.0,142.7,61.8,6,30.5,6155,CLP-DC998,1
PEC-80737,Centro_Usinagem,Aco_Inox,Sintetico,Turno_2,3234.7,211.4,1.4,10.9,64.0,128.4,38.3,103,0.84,5174,CLP-54B7D,1
PEC-80738, TORNO_CNC ,Aco_Inox,Semi_Sintetico,Turno_3,2803.6,175.9,2.03,14.9,68.3,109.8,31.9,13,21.54,4158,CLP-EC038,1
PEC-80739, TORNO_CNC ,Aluminio,Sintetico,Turno_2,4105.4,212.4,2.47,,67.9,113.9,51.7,79,-15.87,5832,CLP-218BD,1
PEC-80740, TORNO_CNC ,Aluminio,Sintetico,Turno_1,3573.1,223.3,2.3,26.9,69.2,122.1,39.1,119,12.28,2335,CLP-87D57,1
PEC-80741,Torno_CNC,Aluminio,Seco,Turno_1,3448.7,195.9,3.49,29.1,54.8,151.8,40.8,52,-27.83,7378,CLP-CFB14,1
PEC-80742,Fresadora,Aluminio,Semi_Sintetico,Turno_1,3652.2,260.9,4.15,86.3,70.3,100.0,46.0,178,-16.49,9928,CLP-78651,1
PEC-80743,torno_cnc,Aco_Inox,Seco,Turno_3,3310.1,246.0,1.7,9.0,86.9,122.9,54.9,79,24.26,1407,CLP-6933E,1
PEC-80744,Torno_CNC,Aluminio,Soluvel,Turno_2,3778.8,289.5,0.6,15.0,40.9,140.5,46.0,154,-5.1,5813,CLP-6F136,1
PEC-80745,Centro_Usinagem,Aluminio,Sintetico,Turno_2,3225.6,227.7,4.08,10.4,65.4,129.2,28.0,153,0.46,9334,CLP-3D229,1
PEC-80746, TORNO_CNC ,Aco_Inox,Semi_Sintetico,Turno_1,3200.8,277.9,4.42,51.5,51.5,118.0,47.9,160,19.83,9081,CLP-C2716,1
PEC-80747,torno_cnc,Aco_Inox,Soluvel,Turno_3,3485.9,225.4,2.23,128.4,76.9,94.2,46.9,165,-1.48,6491,CLP-A60D9,1
PEC-80748,Centro_Usinagem,Aco_Inox,Semi_Sintetico,Turno_2,3909.4,193.5,2.32,83.5,78.7,142.7,38.1,175,-15.81,8164,CLP-18927,1
PEC-80749,Fresadora,Aco_Inox,Soluvel,Turno_3,3880.4,222.8,1.08,50.0,63.5,112.9,31.4,45,-13.57,7293,CLP-D9A4F,1
PEC-80750,Torno_CNC,Aluminio,Semi_Sintetico,Turno_2,,169.1,2.4,5.8,65.7,105.7,41.9,71,-10.78,4468,CLP-CFAA5,1
PEC-80751,Celula_Robotica,Aco_Inox,Sintetico,Turno_1,,339.4,1.71,19.9,54.4,123.8,26.6,93,16.38,3758,CLP-A6EE1,1
PEC-80752,Fresadora,Aco_Inox,Soluvel,Turno_1,3513.2,257.1,4.48,74.7,36.7,141.4,30.7,55,17.62,9832,CLP-5319C,1
PEC-80753,Torno_CNC,Aco_Inox,Soluvel,Turno_1,3643.5,210.2,1.24,42.1,61.8,126.1,34.2,161,-6.08,4201,CLP-AEED7,1
PEC-80754,Torno_CNC,Latao,Sintetico,Turno_2,3784.4,231.1,2.01,13.2,62.4,114.5,35.0,116,-8.87,1220,CLP-26683,1
PEC-80755,Fresadora,Aco_Carbono,Sintetico,Turno_2,3093.5,127.5,2.97,27.0,65.5,123.7,52.0,165,-9.45,9943,CLP-E46AE,1
PEC-80756,Fresadora,Aco_Inox,Soluvel,Turno_1,3793.1,321.7,1.88,8.2,25.7,121.8,43.8,118,-6.33,6604,CLP-8C444,0
PEC-80757,torno_cnc,Aco_Inox,Semi_Sintetico,Turno_1,3354.3,316.8,2.4,,44.3,113.0,47.8,87,4.58,1225,CLP-232B8,0
PEC-80758,Centro_Usinagem,Aco_Inox,Sintetico,Turno_1,3492.9,255.4,4.39,86.0,47.2,121.0,46.7,20,16.61,3166,CLP-6F355,1
PEC-80759,Fresadora,Aluminio,Sintetico,Turno_3,3821.9,266.0,2.53,6.4,66.0,107.6,32.7,145,5.1,3553,CLP-3AD6E,1
PEC-80760,Torno_CNC,Aco_Inox,Soluvel,Turno_1,3536.2,186.6,4.14,38.3,72.0,105.2,40.5,39,-5.88,8596,CLP-E51A7,1
PEC-80761,Torno_CNC,Aluminio,Seco,Turno_1,3612.2,190.3,0.67,14.3,51.0,128.3,43.2,127,-17.92,8438,CLP-73F26,1
PEC-80762,Torno_CNC,Aluminio,Soluvel,Turno_1,3024.8,165.1,0.98,167.6,61.7,114.1,43.9,17,-17.54,7963,CLP-3B569,1
PEC-80763,Fresadora,Aco_Carbono,Sintetico,Turno_2,3874.2,241.9,4.28,7.4,58.1,119.6,48.8,129,16.21,8060,CLP-C8B1B,1
PEC-80764,Torno_CNC,Aco_Inox,Semi_Sintetico,Turno_2,3513.1,303.1,1.01,38.6,89.4,108.4,52.4,154,6.61,2858,CLP-75C8B,1
PEC-80765,torno_cnc,Aco_Carbono,Soluvel,Turno_3,3256.7,230.8,3.45,15.4,60.4,111.5,48.0,130,3.15,5163,CLP-4242F,1
PEC-80766,Fresadora,Aco_Carbono,Sintetico,Turno_1,3695.5,267.4,2.28,79.9,59.9,112.7,59.1,173,-9.55,5324,CLP-50D02,1
PEC-80767,Centro_Usinagem,Aco_Inox,Soluvel,Turno_2,4364.5,298.9,2.13,9.6,55.2,111.2,48.5,179,17.65,9396,CLP-6C276,1
PEC-80768,Torno_CNC,Aco_Inox,Semi_Sintetico,Turno_1,2674.0,168.8,3.14,24.6,42.2,113.9,40.7,12,-0.46,6195,CLP-AD3A2,0
PEC-80769,Centro_Usinagem,Aco_Inox,Sintetico,Turno_3,2838.3,342.3,3.41,12.2,72.8,123.0,55.3,10,-6.68,7838,CLP-A2FA1,1
PEC-80770,Torno_CNC,Aco_Inox,Semi_Sintetico,Turno_1,,307.9,4.23,61.2,61.8,140.8,35.2,13,1.32,6950,CLP-502BD,1
PEC-80771,Centro_Usinagem,Aco_Inox,Semi_Sintetico,Turno_1,3392.0,275.7,1.53,20.2,60.3,131.4,49.3,167,-34.51,6663,CLP-90758,1
PEC-80772,Torno_CNC,Aluminio,Sintetico,Turno_2,3285.9,296.2,3.29,,67.2,115.0,43.8,25,0.31,5943,CLP-6835F,1
PEC-80773, TORNO_CNC ,Aluminio,Sintetico,Turno_1,3148.1,298.6,1.87,50.3,46.1,110.5,38.1,114,-4.5,1536,CLP-77A4B,0
PEC-80774,Fresadora,Latao,Sintetico,Turno_1,3743.8,264.6,3.37,64.5,86.2,93.3,46.7,37,25.85,8635,CLP-AF028,1
PEC-80775,Torno_CNC,Aco_Inox,Soluvel,Turno_2,,321.4,1.07,26.7,43.2,109.9,42.7,64,-12.47,7850,CLP-A51C2,1
PEC-80776,Torno_CNC,Latao,Sintetico,Turno_2,2900.7,227.4,2.33,21.7,86.3,103.5,30.2,70,11.88,8114,CLP-D5209,0
PEC-80777,Fresadora,Aco_Inox,Seco,Turno_2,3156.4,273.1,1.23,40.0,64.8,120.8,46.5,64,-8.6,8512,CLP-7880F,0
PEC-80778,Fresadora,Aco_Carbono,Soluvel,Turno_2,3042.2,316.1,1.85,41.9,60.4,145.0,36.7,27,19.44,9283,CLP-F15B7,1
PEC-80779,Fresadora,Aco_Inox,Soluvel,Turno_2,3529.8,115.4,3.36,42.8,73.1,114.1,46.0,78,21.32,3307,CLP-2F061,1
PEC-80780,Fresadora,Aco_Inox,Soluvel,Turno_2,3750.1,271.9,1.43,16.3,60.8,98.2,44.0,123,-11.73,3269,CLP-36FA1,1
PEC-80781,torno_cnc,Aco_Carbono,Soluvel,Turno_2,3929.4,286.2,3.24,104.2,76.2,117.1,48.4,155,-4.85,5993,CLP-608B2,1
PEC-80782,Torno_CNC,Aco_Inox,Soluvel,Turno_2,3545.0,164.6,2.48,13.4,68.7,113.4,26.8,100,-7.85,9391,CLP-C5BAA,1
PEC-80783,Torno_CNC,Aluminio,Soluvel,Turno_1,4333.7,264.1,0.87,21.4,73.6,138.9,37.1,7,29.76,9043,CLP-CE1F7,1
PEC-80784,Torno_CNC,Aluminio,Soluvel,Turno_1,2941.4,210.3,2.05,16.7,77.5,91.7,45.9,173,-1.84,9382,CLP-9B991,1
PEC-80785,Centro_Usinagem,Aluminio,Sintetico,Turno_2,2824.5,269.8,3.98,98.6,62.9,105.1,68.1,109,9.0,6421,CLP-3A7AF,1
PEC-80786,torno_cnc,Aluminio,Soluvel,Turno_2,3861.2,245.3,4.46,66.7,76.6,131.4,46.1,159,-8.82,8537,CLP-BACBF,1
PEC-80787, TORNO_CNC ,Aco_Carbono,Sintetico,Turno_3,3255.3,202.7,1.98,63.4,71.2,96.5,41.5,13,6.04,5028,CLP-750D9,1
PEC-80788, TORNO_CNC ,Aco_Inox,Semi_Sintetico,Turno_1,,305.5,0.72,,81.0,128.6,52.0,113,-3.93,8555,CLP-B50F8,1
PEC-80789,Celula_Robotica,Aluminio,Seco,Turno_1,3057.8,229.1,1.02,45.5,60.6,110.0,40.3,22,1.03,6937,CLP-84354,1
PEC-80790,Torno_CNC,Aco_Carbono,Sintetico,Turno_1,,263.5,3.65,14.2,81.4,135.4,48.5,15,-22.79,4312,CLP-B5ED2,1
PEC-80791,torno_cnc,Aco_Inox,Soluvel,Turno_1,2909.2,315.7,3.12,125.2,55.7,119.3,45.4,171,-6.95,2062,CLP-22C07,1
PEC-80792,torno_cnc,Aco_Inox,Seco,Turno_2,2743.4,204.2,1.64,31.5,40.9,117.6,53.6,114,17.0,9954,CLP-8CD59,1
PEC-80793,Fresadora,Aco_Carbono,Sintetico,Turno_2,3106.6,250.4,2.07,34.1,48.6,129.0,50.3,95,-22.54,7034,CLP-D67E6,0
PEC-80794,Torno_CNC,Aluminio,Soluvel,Turno_2,2721.0,225.2,3.74,20.4,61.0,120.3,41.2,85,-19.11,5569,CLP-ECD1B,1
PEC-80795,Centro_Usinagem,Aluminio,Soluvel,Turno_2,3485.8,236.4,2.15,,68.2,101.5,33.0,129,-10.97,9242,CLP-44BA7,1
PEC-80796,Celula_Robotica,Aco_Inox,Soluvel,Turno_3,2325.3,357.8,3.52,53.5,65.2,112.2,36.4,43,5.24,4594,CLP-8C84B,1
PEC-80797,torno_cnc,Aluminio,Soluvel,Turno_3,3240.7,272.8,1.68,33.9,74.4,95.6,47.4,63,26.77,3278,CLP-C2B12,1
PEC-80798,Fresadora,Aco_Inox,Soluvel,Turno_2,3433.8,265.7,3.4,40.9,50.6,107.0,44.6,29,-20.95,6661,CLP-E8DBF,1
PEC-80799,Celula_Robotica,Aluminio,Seco,Turno_3,3159.3,276.2,2.37,27.4,85.7,87.9,45.2,126,22.68,4786,CLP-9D423,1
PEC-80800,Fresadora,Aco_Carbono,Sintetico,Turno_2,3692.0,271.5,2.68,49.1,81.1,155.1,47.0,92,-12.83,6634,CLP-73DF4,1
PEC-80801,Torno_CNC,Aco_Inox,Sintetico,Turno_3,2583.2,158.7,2.89,85.4,76.2,119.6,38.4,122,-12.52,1746,CLP-6236C,1
PEC-80802,torno_cnc,Aluminio,Semi_Sintetico,Turno_3,2884.5,364.8,2.3,,80.2,128.0,44.2,167,4.08,4839,CLP-50680,1
PEC-80803,Fresadora,Latao,Semi_Sintetico,Turno_3,3051.5,176.8,2.36,9.0,46.4,107.5,44.9,8,-11.39,9899,CLP-1EFF7,0
PEC-80804, TORNO_CNC ,Aluminio,Semi_Sintetico,Turno_2,3520.7,336.6,1.56,45.5,73.4,127.9,33.5,52,-4.64,6077,CLP-C9C51,1
PEC-80805,Fresadora,Aco_Carbono,Seco,Turno_3,3298.3,280.9,4.44,21.6,73.9,131.6,40.1,35,-9.19,3872,CLP-C93A5,1
PEC-80806,Celula_Robotica,Aluminio,Soluvel,Turno_2,4164.5,259.0,4.12,16.6,76.6,134.0,48.1,177,2.52,7550,CLP-79F3E,1
PEC-80807,Celula_Robotica,Aco_Carbono,Seco,Turno_1,,234.7,2.61,11.9,75.2,118.8,50.6,151,16.71,2507,CLP-C5E4B,1
PEC-80808, TORNO_CNC ,Aco_Inox,Sintetico,Turno_1,2572.3,380.3,0.64,34.8,70.3,135.2,38.5,128,-23.96,4576,CLP-CC90B,1
PEC-80809,Torno_CNC,Aco_Inox,Soluvel,Turno_3,4005.1,280.2,1.17,19.9,69.9,110.9,49.0,136,-4.42,7798,CLP-5181A,1
PEC-80810,Celula_Robotica,Aco_Inox,Sintetico,Turno_1,2556.1,250.9,3.92,29.8,79.3,125.6,40.1,162,7.57,3878,CLP-4F8D9,1
PEC-80811,Centro_Usinagem,Aluminio,Sintetico,Turno_2,3507.4,223.2,4.22,116.4,57.5,120.7,38.0,114,18.37,6907,CLP-B7E68,1
PEC-80812,Torno_CNC,Aco_Carbono,Seco,Turno_1,2759.6,217.2,1.15,54.7,69.4,102.4,60.3,91,-25.31,4240,CLP-3E960,1
PEC-80813,Celula_Robotica,Aco_Inox,Soluvel,Turno_1,2268.8,252.5,3.44,60.6,58.4,92.6,41.7,82,3.1,4630,CLP-EFEB2,1
PEC-80814,Centro_Usinagem,Aluminio,Sintetico,Turno_3,3031.3,203.5,2.99,9.6,63.2,115.5,33.2,129,-16.21,6637,CLP-18F21,1
PEC-80815,torno_cnc,Aco_Carbono,Soluvel,Turno_3,3604.8,284.0,1.71,18.8,32.9,115.6,41.5,96,-12.07,6697,CLP-D3773,1
PEC-80816,torno_cnc,Aluminio,Soluvel,Turno_2,2650.2,217.7,2.24,8.9,54.6,116.0,42.9,84,19.21,6547,CLP-D7FD6,0
PEC-80817, TORNO_CNC ,Aco_Inox,Soluvel,Turno_1,3459.2,300.2,3.21,,59.8,135.7,52.3,68,23.76,2309,CLP-7E8E4,1
PEC-80818,Torno_CNC,Aluminio,Sintetico,Turno_2,,299.1,0.91,45.1,59.9,140.6,42.1,168,-7.53,8280,CLP-3D4C3,1
PEC-80819,Torno_CNC,Aco_Inox,Semi_Sintetico,Turno_2,2627.7,247.2,1.26,,61.0,129.9,48.0,157,-14.72,4873,CLP-47470,1
PEC-80820,Centro_Usinagem,Aco_Inox,Soluvel,Turno_1,3097.5,279.0,0.63,27.6,50.8,128.8,53.5,133,-34.32,5533,CLP-6F35C,1
PEC-80821,Torno_CNC,Latao,Sintetico,Turno_1,,281.5,4.11,15.7,61.0,118.8,40.3,164,8.02,9786,CLP-616AB,1
PEC-80822,Torno_CNC,Aco_Inox,Soluvel,Turno_2,3492.8,176.9,2.8,,78.0,122.6,47.3,153,-24.2,1351,CLP-9DEF5,1
PEC-80823, TORNO_CNC ,Aco_Inox,Soluvel,Turno_1,3082.3,336.6,2.59,11.9,61.4,126.4,44.5,124,26.78,2947,CLP-C0A8C,1
PEC-80824,torno_cnc,Aco_Carbono,Sintetico,Turno_2,3386.9,237.2,3.32,7.0,80.6,122.1,46.8,81,4.1,6689,CLP-74C07,1
PEC-80825,Centro_Usinagem,Aco_Inox,Soluvel,Turno_1,2891.6,284.8,4.45,18.7,79.8,128.9,45.8,158,-9.99,2914,CLP-CA178,1
PEC-80826,Torno_CNC,Aluminio,Sintetico,Turno_2,3701.2,286.2,1.19,17.3,58.0,120.7,46.2,39,-0.55,9104,CLP-8AF04,0
PEC-80827,Torno_CNC,Aco_Inox,Soluvel,Turno_1,3701.0,125.5,1.03,,71.8,112.6,42.7,24,1.08,5548,CLP-D645B,1
PEC-80828,Fresadora,Aco_Inox,Soluvel,Turno_3,3254.4,217.2,1.68,27.5,49.2,123.9,45.2,4,7.6,4406,CLP-5CEBD,0
PEC-80829, TORNO_CNC ,Aco_Inox,Sintetico,Turno_2,3303.8,292.0,4.12,17.1,52.4,116.5,42.8,3,-6.57,5292,CLP-3CC68,0
PEC-80830,Torno_CNC,Aco_Inox,Sintetico,Turno_1,2750.5,253.1,2.15,34.6,66.3,141.8,63.6,159,-11.43,3510,CLP-9E250,1
PEC-80831, TORNO_CNC ,Aluminio,Soluvel,Turno_2,2591.6,284.4,3.67,7.6,71.1,113.6,49.8,145,-21.44,9132,CLP-857CE,1
PEC-80832,Torno_CNC,Aco_Carbono,Sintetico,Turno_3,3030.5,254.6,1.31,43.0,84.4,162.9,45.0,136,8.83,8416,CLP-25559,1
PEC-80833,Torno_CNC,Aluminio,Semi_Sintetico,Turno_3,3160.7,311.5,2.47,10.6,63.0,144.6,42.3,153,-19.07,4857,CLP-D01A6,1
PEC-80834, TORNO_CNC ,Latao,Sintetico,Turno_2,3678.2,255.7,1.01,16.5,67.1,103.0,52.8,139,-31.66,3039,CLP-B81B5,1
PEC-80835, TORNO_CNC ,Aco_Inox,Soluvel,Turno_1,,321.2,2.15,16.6,66.2,138.8,38.5,154,-12.15,6734,CLP-D8218,1
PEC-80836,Centro_Usinagem,Aluminio,Sintetico,Turno_2,3283.2,201.0,1.55,26.9,86.5,118.1,34.7,158,-3.44,9497,CLP-D60F4,1
PEC-80837, TORNO_CNC ,Aluminio,Sintetico,Turno_3,3735.7,243.6,2.7,112.1,81.1,128.5,34.1,138,-6.33,1450,CLP-CF4FB,1
PEC-80838,torno_cnc,Latao,Soluvel,Turno_2,2775.4,220.3,3.62,18.7,69.6,143.7,55.4,137,15.92,7420,CLP-49D79,1
PEC-80839,Fresadora,Aco_Inox,Semi_Sintetico,Turno_3,3684.8,269.4,4.25,16.6,74.5,108.4,55.0,5,-7.73,3289,CLP-56583,1
PEC-80840,Torno_CNC,Aluminio,Seco,Turno_1,,236.1,1.64,11.5,69.2,113.0,46.3,101,-9.37,1328,CLP-34DB9,0
PEC-80841,Fresadora,Aco_Carbono,Semi_Sintetico,Turno_1,3757.9,238.5,3.47,22.4,77.9,131.3,40.5,118,14.19,6455,CLP-A5AF9,1
PEC-80842,Torno_CNC,Aco_Inox,Semi_Sintetico,Turno_3,3194.0,214.8,4.04,12.0,75.3,114.5,40.6,16,-0.77,1112,CLP-C8286,1
PEC-80843,Celula_Robotica,Aco_Carbono,Sintetico,Turno_2,2300.8,227.0,1.0,,61.4,86.6,61.3,77,21.32,1273,CLP-93FC2,0
PEC-80844,Torno_CNC,Aco_Inox,Sintetico,Turno_1,3528.6,249.5,2.84,73.2,66.2,134.5,44.3,2,-6.22,9680,CLP-6FC31,1
PEC-80845, TORNO_CNC ,Aco_Carbono,Sintetico,Turno_1,3564.3,148.9,2.95,6.9,66.9,125.5,47.7,18,0.53,5845,CLP-E68F1,1
PEC-80846,Torno_CNC,Latao,Semi_Sintetico,Turno_3,2994.5,134.9,1.59,48.4,66.8,119.6,41.5,37,-26.25,8991,CLP-2A3DF,1
PEC-80847,Celula_Robotica,Aluminio,Sintetico,Turno_1,,253.0,0.59,12.9,58.9,121.9,45.7,49,-2.85,6616,CLP-DE970,0
PEC-80848,torno_cnc,Aluminio,Soluvel,Turno_1,3128.2,111.5,1.53,5.4,69.0,153.6,48.0,9,-4.72,1233,CLP-1D0B9,1
PEC-80849,torno_cnc,Aco_Inox,Soluvel,Turno_1,2333.7,240.3,2.84,60.5,58.9,135.2,59.5,158,-31.28,2076,CLP-5AF01,1
PEC-80850,Torno_CNC,Latao,Semi_Sintetico,Turno_3,2135.9,231.1,1.29,47.4,58.0,107.1,44.3,55,-7.51,7937,CLP-36A52,0
PEC-80851,Fresadora,Aluminio,Soluvel,Turno_3,3785.7,277.1,1.65,19.2,63.6,121.8,49.1,18,3.33,5274,CLP-9EF4D,1
PEC-80852,Torno_CNC,Aco_Inox,Sintetico,Turno_2,2829.2,216.4,3.33,7.9,68.2,137.8,42.1,168,-23.73,4356,CLP-EC884,1
PEC-80853,Centro_Usinagem,Aluminio,Seco,Turno_2,4034.9,328.5,2.09,20.7,79.7,137.5,46.5,108,12.42,6080,CLP-E9495,1
PEC-80854,Torno_CNC,Aluminio,Sintetico,Turno_1,3816.7,292.4,0.76,12.0,73.5,97.5,47.7,38,-18.59,1331,CLP-4E902,1
PEC-80855,Torno_CNC,Aco_Inox,Seco,Turno_1,3905.2,174.4,2.1,99.3,78.3,112.5,43.4,13,2.28,8549,CLP-D25D1,1
PEC-80856,Torno_CNC,Aco_Inox,Sintetico,Turno_3,2907.4,235.8,4.5,31.4,86.3,103.0,46.9,125,27.03,8995,CLP-AEE2F,1
PEC-80857, TORNO_CNC ,Aco_Inox,Soluvel,Turno_1,2476.2,326.4,1.54,121.2,58.0,129.6,39.3,26,4.02,2047,CLP-E5974,1
PEC-80858,torno_cnc,Aluminio,Semi_Sintetico,Turno_2,2710.9,215.1,1.56,20.1,73.5,106.4,49.0,31,-6.39,3407,CLP-D8A9A,1
PEC-80859,Torno_CNC,Aluminio,Soluvel,Turno_2,2999.1,247.4,1.18,33.5,74.0,143.3,45.4,55,0.09,3068,CLP-2C070,1
PEC-80860,Fresadora,Aluminio,Soluvel,Turno_1,2132.0,320.2,1.59,12.4,68.1,139.4,40.6,64,17.74,7839,CLP-BBC5F,0
PEC-80861, TORNO_CNC ,Aco_Carbono,Soluvel,Turno_2,2986.1,223.0,2.8,62.8,75.7,116.3,44.1,75,-3.5,1066,CLP-29ADC,1
PEC-80862,torno_cnc,Aco_Carbono,Soluvel,Turno_2,3109.2,306.1,4.36,6.5,66.1,101.0,55.5,136,-21.42,4790,CLP-707A0,1
PEC-80863, TORNO_CNC ,Aluminio,Soluvel,Turno_2,,204.5,2.93,46.6,73.0,108.2,44.2,96,-10.57,4750,CLP-1BDD3,1
PEC-80864, TORNO_CNC ,Aco_Inox,Soluvel,Turno_1,2731.8,105.6,2.14,22.4,48.0,126.8,48.4,120,-8.92,1039,CLP-99D84,1
PEC-80865,torno_cnc,Aluminio,Sintetico,Turno_1,3100.7,311.4,2.06,35.2,65.0,132.8,48.4,31,-4.72,2545,CLP-D3FC8,1
PEC-80866,Torno_CNC,Aluminio,Semi_Sintetico,Turno_2,3360.3,271.9,0.6,,73.5,119.4,49.6,142,19.66,2265,CLP-BE674,1
PEC-80867,Torno_CNC,Aluminio,Soluvel,Turno_3,2799.1,275.2,0.51,48.4,77.3,81.5,36.2,57,-8.21,8722,CLP-1DF0E,1
PEC-80868,Centro_Usinagem,Aluminio,Soluvel,Turno_1,3331.5,195.4,3.69,13.0,54.7,130.2,36.7,78,30.19,5319,CLP-519E3,1
PEC-80869,Celula_Robotica,Aco_Inox,Sintetico,Turno_3,3261.6,199.3,2.46,,64.0,89.7,39.0,76,-9.43,2348,CLP-55471,1
PEC-80870, TORNO_CNC ,Latao,Sintetico,Turno_2,3221.1,307.5,0.63,24.5,52.2,88.2,49.9,16,-20.97,8848,CLP-4EEA9,0
PEC-80871,Torno_CNC,Aco_Inox,Seco,Turno_3,,262.2,1.64,16.6,60.3,135.0,47.1,158,-11.4,5683,CLP-3CB3C,0
PEC-80872,Fresadora,Aluminio,Soluvel,Turno_1,2600.0,244.1,1.93,29.0,68.8,102.2,46.7,22,-0.95,4567,CLP-3BE88,0
PEC-80873, TORNO_CNC ,Aco_Inox,Semi_Sintetico,Turno_1,3963.4,261.0,3.63,111.3,77.4,123.8,44.0,178,-13.61,6474,CLP-C0E91,1
PEC-80874,Torno_CNC,Latao,Sintetico,Turno_1,3483.6,325.4,2.24,109.1,75.8,121.4,34.4,99,24.66,2875,CLP-B6321,1
PEC-80875,Torno_CNC,Aco_Inox,Sintetico,Turno_1,3652.6,286.2,3.66,16.4,67.7,107.9,40.2,145,-27.66,1039,CLP-B5D67,1
PEC-80876,Fresadora,Aco_Inox,Soluvel,Turno_3,3162.4,226.3,3.03,80.5,57.2,123.1,46.7,167,-17.3,4767,CLP-AEDDA,1
PEC-80877,Fresadora,Aco_Inox,Soluvel,Turno_1,3126.2,179.8,0.63,78.3,63.3,111.7,43.6,170,-32.46,3123,CLP-84001,1
PEC-80878,Torno_CNC,Aco_Inox,Soluvel,Turno_2,3420.8,279.4,4.37,15.0,95.4,120.7,46.4,119,-5.76,1755,CLP-8BB18,1
PEC-80879,Torno_CNC,Aco_Inox,Soluvel,Turno_1,2374.4,203.8,1.23,37.0,48.2,114.2,32.5,23,4.45,9263,CLP-E30EA,1
PEC-80880,Torno_CNC,Aluminio,Sintetico,Turno_2,2698.4,190.9,1.6,76.4,50.5,112.5,44.9,137,-15.8,9401,CLP-E1E8B,1
PEC-80881,Fresadora,Aluminio,Semi_Sintetico,Turno_1,2841.0,315.8,3.74,30.3,67.1,110.1,28.3,98,-4.04,7516,CLP-EC769,1
PEC-80882,Torno_CNC,Aco_Inox,Sintetico,Turno_1,2995.4,293.6,1.26,21.2,73.5,106.5,34.6,136,-14.01,5968,CLP-7A8C0,1
PEC-80883,Torno_CNC,Aco_Inox,Sintetico,Turno_1,2804.1,269.3,2.1,41.8,75.4,132.8,37.2,64,-1.19,3823,CLP-568D0,1
PEC-80884,Fresadora,Aco_Carbono,Sintetico,Turno_3,3349.8,188.1,3.96,11.6,68.5,113.2,30.3,40,8.99,2102,CLP-8BE9C,1
PEC-80885,Torno_CNC,Aluminio,Soluvel,Turno_1,,339.5,3.05,11.2,46.8,103.0,38.6,143,-1.54,8675,CLP-5C0A3,1
PEC-80886,Fresadora,Aco_Carbono,Seco,Turno_1,3826.8,301.4,1.71,,62.4,113.9,47.2,82,19.44,8026,CLP-67713,1
PEC-80887,Torno_CNC,Aluminio,Sintetico,Turno_1,4313.2,234.8,3.08,6.5,43.8,112.1,54.3,140,-18.04,9771,CLP-D94D3,1
PEC-80888,Torno_CNC,Aco_Inox,Soluvel,Turno_3,2631.7,224.2,3.75,62.0,69.7,114.1,40.7,144,17.63,2317,CLP-25B1D,1
PEC-80889,Torno_CNC,Aco_Inox,Soluvel,Turno_2,3266.3,253.9,2.12,17.0,70.5,130.7,39.7,28,-25.36,1184,CLP-C6CD6,1
PEC-80890,Fresadora,Aco_Inox,Sintetico,Turno_2,3265.5,226.1,2.79,28.1,63.5,110.6,44.0,156,9.04,3747,CLP-1DF75,1
PEC-80891,Centro_Usinagem,Aco_Carbono,Sintetico,Turno_2,3193.6,360.6,4.45,32.4,50.8,114.3,42.9,152,-19.58,5800,CLP-D6964,1
PEC-80892,Centro_Usinagem,Latao,Soluvel,Turno_1,2711.8,230.7,4.36,,55.2,129.6,36.9,102,-33.97,3344,CLP-E3E87,1
PEC-80893, TORNO_CNC ,Aluminio,Semi_Sintetico,Turno_2,2787.3,196.6,2.54,80.4,45.5,126.7,49.3,131,2.23,4033,CLP-2A71D,1
PEC-80894,Fresadora,Aco_Inox,Sintetico,Turno_1,3308.2,329.4,0.88,62.1,64.4,109.7,42.6,151,-0.51,1906,CLP-CE84F,1
PEC-80895,Torno_CNC,Aco_Inox,Sintetico,Turno_2,2774.6,221.5,3.3,,103.0,134.5,39.7,98,-43.54,4243,CLP-A504C,1
PEC-80896,Torno_CNC,Aco_Inox,Soluvel,Turno_2,3271.7,289.3,1.57,20.0,63.8,133.6,40.4,90,-10.68,6423,CLP-C893B,1
PEC-80897,Centro_Usinagem,Aluminio,Soluvel,Turno_2,3089.3,283.8,3.18,31.2,60.0,132.6,63.8,50,-2.09,4053,CLP-4A3DC,1
PEC-80898,Torno_CNC,Aco_Inox,Seco,Turno_1,3263.7,247.1,1.91,6.1,67.6,124.5,51.2,131,9.56,6534,CLP-ED9CD,1
PEC-80899,Torno_CNC,Latao,Semi_Sintetico,Turno_1,2771.0,201.4,3.38,14.8,51.2,117.4,42.3,103,16.72,7626,CLP-73D6B,1
PEC-80900,Torno_CNC,Aco_Inox,Soluvel,Turno_3,3270.9,247.6,1.97,,51.6,103.9,25.5,34,-5.06,6595,CLP-9844D,1
PEC-80901,Torno_CNC,Latao,Soluvel,Turno_2,2803.6,191.5,4.26,18.5,57.6,99.2,31.4,157,2.04,4582,CLP-AC263,1
PEC-80902,Torno_CNC,Aco_Carbono,Soluvel,Turno_1,3272.3,248.8,1.05,8.5,75.6,118.7,45.7,86,10.74,7427,CLP-4D5C7,1
PEC-80903,torno_cnc,Aco_Carbono,Soluvel,Turno_1,3802.7,288.6,0.77,,69.0,120.2,42.7,91,10.62,5764,CLP-48972,1
PEC-80904, TORNO_CNC ,Aluminio,Sintetico,Turno_3,3317.4,335.9,3.62,24.1,63.1,116.1,35.8,45,7.37,2073,CLP-B9D9E,1
PEC-80905,Centro_Usinagem,Aluminio,Seco,Turno_3,3344.8,195.6,2.11,7.7,74.0,118.3,43.9,104,18.93,1642,CLP-EAD78,1
PEC-80906,Centro_Usinagem,Aluminio,Soluvel,Turno_3,3567.7,237.5,2.36,16.8,85.5,140.5,39.0,152,16.23,2260,CLP-B0C31,1
PEC-80907,Torno_CNC,Aluminio,Soluvel,Turno_1,2568.4,223.8,4.24,27.5,73.8,144.4,39.9,84,0.63,8575,CLP-9F40C,1
PEC-80908,Torno_CNC,Aluminio,Semi_Sintetico,Turno_2,3973.5,263.7,2.86,13.2,52.8,103.4,43.6,37,-12.66,7229,CLP-88B0E,1
PEC-80909, TORNO_CNC ,Latao,Soluvel,Turno_1,2725.0,173.9,3.14,7.9,42.4,124.3,36.9,162,2.56,9562,CLP-7A570,1
PEC-80910,torno_cnc,Aco_Carbono,Seco,Turno_2,3595.8,203.6,0.58,,44.1,120.8,33.9,91,19.68,2353,CLP-B01AF,1
PEC-80911,Torno_CNC,Aco_Carbono,Sintetico,Turno_1,3536.1,165.4,3.18,25.8,75.4,130.1,34.2,49,-13.99,4606,CLP-75AD4,1
PEC-80912,Fresadora,Aco_Carbono,Seco,Turno_1,2794.0,178.1,2.05,91.5,55.9,146.0,41.8,80,19.68,2218,CLP-54631,1
PEC-80913, TORNO_CNC ,Aco_Inox,Soluvel,Turno_1,3654.0,217.0,2.34,9.8,74.8,152.8,32.3,149,-5.83,4399,CLP-8B543,1
PEC-80914,torno_cnc,Aco_Inox,Soluvel,Turno_2,3424.0,333.5,3.73,38.4,59.5,130.8,62.5,15,-34.53,5143,CLP-6A858,1
PEC-80915, TORNO_CNC ,Aluminio,Soluvel,Turno_2,4050.5,267.4,2.6,18.5,69.7,120.6,52.5,13,-9.86,9976,CLP-1DF81,1
PEC-80916,Torno_CNC,Aluminio,Soluvel,Turno_2,,253.2,4.45,9.6,73.4,114.6,50.8,144,-20.01,5720,CLP-2768C,1
PEC-80917,Celula_Robotica,Aco_Carbono,Soluvel,Turno_3,3151.2,317.3,3.69,22.5,55.6,157.3,37.9,29,-16.29,7227,CLP-75AC1,0
PEC-80918,Fresadora,Aluminio,Seco,Turno_2,2968.4,269.2,3.41,24.5,74.9,108.5,38.2,36,37.1,4767,CLP-50E5E,1
PEC-80919,Torno_CNC,Aluminio,Semi_Sintetico,Turno_2,2415.5,273.9,2.85,20.8,57.1,132.3,33.7,44,-7.73,1103,CLP-A20FC,0
PEC-80920,Centro_Usinagem,Aluminio,Sintetico,Turno_3,3056.8,226.3,2.15,55.8,56.6,116.0,59.7,143,2.6,2465,CLP-98515,1
PEC-80921, TORNO_CNC ,Aco_Inox,Soluvel,Turno_2,3075.8,218.1,0.71,69.0,74.9,99.9,55.7,11,4.76,8111,CLP-251CF,1
PEC-80922,Centro_Usinagem,Aluminio,Sintetico,Turno_1,3317.9,184.4,0.57,10.6,72.6,145.7,50.4,11,-3.47,3869,CLP-EBA54,0
PEC-80923,Fresadora,Aco_Carbono,Sintetico,Turno_3,2559.6,219.9,0.69,11.4,70.5,93.9,44.0,28,-21.71,8347,CLP-56CE9,1
PEC-80924, TORNO_CNC ,Aco_Inox,Soluvel,Turno_1,3092.4,236.0,4.34,24.1,51.8,87.8,41.9,81,-15.92,6370,CLP-6755E,1
PEC-80925,Torno_CNC,Aluminio,Seco,Turno_2,3459.3,267.2,1.79,18.5,60.4,130.5,49.0,65,-11.97,8211,CLP-F3628,1
PEC-80926,Torno_CNC,Aluminio,Soluvel,Turno_1,3504.0,248.2,3.3,64.9,73.3,115.4,57.8,84,-11.72,3329,CLP-4960E,1
PEC-80927,torno_cnc,Aco_Inox,Soluvel,Turno_2,2363.1,231.7,2.88,206.2,92.4,126.5,50.1,59,4.79,6184,CLP-5E3F1,1
PEC-80928,Fresadora,Aco_Inox,Soluvel,Turno_2,3517.9,204.4,2.79,12.0,86.7,119.9,36.1,114,-1.04,9516,CLP-1FEB6,1
PEC-80929,Torno_CNC,Latao,Semi_Sintetico,Turno_1,3089.0,270.0,2.82,55.3,59.4,129.0,38.9,52,-5.68,8570,CLP-7E344,1
PEC-80930,Torno_CNC,Aco_Inox,Sintetico,Turno_2,3116.7,225.1,1.71,37.7,57.1,115.6,48.7,99,0.51,8564,CLP-3471E,1
PEC-80931,Centro_Usinagem,Aco_Inox,Soluvel,Turno_3,2136.0,267.7,4.05,41.2,85.8,133.5,38.1,59,-16.98,1115,CLP-74335,1
PEC-80932,Celula_Robotica,Aco_Inox,Soluvel,Turno_1,3872.1,154.3,4.18,15.7,72.2,134.0,41.2,14,-18.57,2184,CLP-AC27B,1
PEC-80933,torno_cnc,Aluminio,Soluvel,Turno_1,3279.6,266.8,3.08,8.6,59.4,143.2,57.1,35,2.78,6814,CLP-D1167,0
PEC-80934,Torno_CNC,Aluminio,Soluvel,Turno_1,2510.8,287.3,3.96,32.4,66.5,139.0,42.5,3,-10.12,6609,CLP-9E983,0
PEC-80935,Torno_CNC,Aluminio,Soluvel,Turno_3,3368.8,281.0,0.74,38.3,50.0,118.4,32.4,95,5.16,6781,CLP-38C27,1
PEC-80936,Torno_CNC,Aco_Inox,Soluvel,Turno_2,3355.0,240.2,0.9,120.4,77.1,130.4,68.1,39,23.15,6401,CLP-D6C28,1
PEC-80937,Centro_Usinagem,Aco_Carbono,Soluvel,Turno_3,3750.1,295.8,2.74,,81.8,126.3,53.7,71,18.7,6206,CLP-E5839,1
PEC-80938,Torno_CNC,Aco_Inox,Semi_Sintetico,Turno_1,3060.6,186.4,3.89,25.5,83.5,126.3,44.5,89,2.26,9292,CLP-92CCE,1
PEC-80939,torno_cnc,Aco_Inox,Sintetico,Turno_1,3205.4,245.5,1.76,184.1,78.5,100.1,44.9,94,1.81,4788,CLP-52DD0,1
PEC-80940,Torno_CNC,Aluminio,Sintetico,Turno_1,2910.7,240.3,2.69,21.4,61.2,131.3,28.0,93,16.22,4562,CLP-F19BD,1
PEC-80941,torno_cnc,Aco_Inox,Soluvel,Turno_1,3469.1,301.8,0.54,11.2,75.7,129.1,41.9,17,22.87,8673,CLP-72DCB,0
PEC-80942,Fresadora,Aco_Carbono,Soluvel,Turno_2,2847.4,149.0,4.45,38.7,82.5,147.3,39.0,149,4.64,6293,CLP-E3242,1
PEC-80943,Centro_Usinagem,Latao,Soluvel,Turno_3,2798.2,197.1,3.57,15.8,76.3,137.5,45.8,144,30.01,9309,CLP-C78DD,1
PEC-80944,Torno_CNC,Aco_Inox,Soluvel,Turno_1,3169.5,337.4,1.95,94.4,75.2,122.2,58.0,50,11.83,9461,CLP-D8913,1
PEC-80945,Torno_CNC,Aco_Carbono,Soluvel,Turno_3,2648.4,128.5,4.43,24.5,67.3,118.5,48.5,153,3.41,7773,CLP-4F5C5,1
PEC-80946,Torno_CNC,Aco_Carbono,Semi_Sintetico,Turno_1,3921.0,290.7,0.87,10.7,54.1,104.9,61.2,42,-16.43,7888,CLP-7A89F,1
PEC-80947,Centro_Usinagem,Latao,Seco,Turno_3,4067.3,215.0,2.36,,87.3,147.3,33.8,87,16.07,4250,CLP-92027,1
PEC-80948,Centro_Usinagem,Aco_Inox,Soluvel,Turno_1,2995.9,262.7,0.74,41.7,64.6,104.0,32.7,135,-7.42,4714,CLP-C94D7,1
PEC-80949,torno_cnc,Aluminio,Soluvel,Turno_3,2576.0,320.7,1.84,20.9,79.6,92.0,54.9,132,3.9,4431,CLP-24999,1
PEC-80950,Fresadora,Aco_Inox,Seco,Turno_1,3351.5,264.7,1.38,20.8,94.7,133.5,45.8,60,-33.13,3725,CLP-A2F65,1
PEC-80951,Fresadora,Aco_Carbono,Soluvel,Turno_3,2983.1,321.7,1.77,38.2,75.9,121.3,48.7,67,-14.53,3946,CLP-D6791,1
PEC-80952,Torno_CNC,Aco_Inox,Sintetico,Turno_1,,225.4,4.29,13.8,79.1,124.0,44.8,174,16.84,8724,CLP-932C5,1
PEC-80953,Centro_Usinagem,Aluminio,Seco,Turno_1,2845.8,232.0,2.21,10.5,53.8,122.8,46.6,61,-22.63,6943,CLP-7E4B1,1
PEC-80954, TORNO_CNC ,Aco_Inox,Seco,Turno_2,3445.0,289.3,1.8,42.5,56.3,104.1,50.5,1,12.93,4182,CLP-2F4A0,1
PEC-80955, TORNO_CNC ,Aco_Inox,Soluvel,Turno_1,3251.3,228.0,3.06,5.2,80.2,125.5,47.0,99,-16.19,4940,CLP-281A7,1
PEC-80956,torno_cnc,Aluminio,Soluvel,Turno_2,2895.7,279.9,3.23,88.3,58.4,115.2,40.4,31,-20.85,9909,CLP-DF890,1
PEC-80957,Torno_CNC,Aco_Carbono,Soluvel,Turno_3,3308.0,309.2,4.44,12.1,48.9,113.1,63.6,91,-4.4,1361,CLP-B6BAB,1
PEC-80958,Torno_CNC,Aluminio,Semi_Sintetico,Turno_2,3595.3,293.4,2.68,25.8,45.1,141.3,45.8,125,-28.23,4898,CLP-82BDB,1
PEC-80959,Fresadora,Aco_Carbono,Seco,Turno_2,3239.1,171.1,3.51,,62.4,131.9,43.4,31,-15.62,5849,CLP-463FC,1
PEC-80960,Torno_CNC,Aco_Inox,Sintetico,Turno_1,3243.8,232.9,2.03,13.6,62.2,85.5,42.2,165,9.8,2408,CLP-A3582,1
PEC-80961,Fresadora,Aluminio,Semi_Sintetico,Turno_2,2807.2,264.1,1.18,68.1,77.0,123.2,47.7,118,17.32,6081,CLP-4A830,1
PEC-80962,Torno_CNC,Aluminio,Sintetico,Turno_2,3714.9,237.8,2.22,35.8,53.1,136.0,43.1,14,-4.7,1962,CLP-DA0E5,0
PEC-80963, TORNO_CNC ,Aco_Inox,Sintetico,Turno_3,3670.0,254.0,2.18,18.1,81.5,101.3,28.8,67,17.71,1909,CLP-35718,1
PEC-80964,Torno_CNC,Aluminio,Semi_Sintetico,Turno_1,3015.2,264.8,2.18,15.1,50.4,107.0,43.0,40,-12.06,2654,CLP-F2235,0
PEC-80965, TORNO_CNC ,Aluminio,Sintetico,Turno_2,3144.1,223.7,3.28,13.4,50.8,135.0,36.3,9,-9.83,4099,CLP-C554E,0
PEC-80966,Fresadora,Aluminio,Sintetico,Turno_1,3836.4,240.3,2.12,33.3,66.7,113.2,47.1,117,-19.4,1518,CLP-438E7,1
PEC-80967,Torno_CNC,Aco_Carbono,Soluvel,Turno_1,2689.9,190.9,4.32,50.9,65.6,90.3,44.8,45,-19.34,2758,CLP-EB583,1
PEC-80968,torno_cnc,Aluminio,Sintetico,Turno_1,3471.9,226.1,4.43,15.2,72.0,138.0,39.7,23,4.39,5707,CLP-D5EA4,0
PEC-80969, TORNO_CNC ,Aco_Inox,Soluvel,Turno_1,2948.6,173.7,2.59,19.1,50.9,117.4,52.5,150,-15.79,1947,CLP-D523E,1
PEC-80970,Fresadora,Aco_Inox,Soluvel,Turno_1,4000.1,255.8,2.73,49.6,69.2,125.6,44.4,159,0.01,5222,CLP-795BD,1
PEC-80971,Celula_Robotica,Aluminio,Semi_Sintetico,Turno_1,3228.6,240.3,2.13,51.8,44.9,119.3,42.0,50,-12.75,4117,CLP-AAB15,1
PEC-80972,Fresadora,Aco_Inox,Sintetico,Turno_3,3767.2,204.2,1.92,13.1,38.7,136.8,42.1,160,18.07,1682,CLP-18A6C,0
PEC-80973,Torno_CNC,Aco_Inox,Seco,Turno_1,2857.4,339.3,4.44,21.9,86.9,103.5,41.9,12,-6.21,9055,CLP-525CC,1
PEC-80974,Torno_CNC,Aluminio,Soluvel,Turno_3,2638.2,237.7,0.66,76.4,77.6,130.0,49.1,6,4.7,1584,CLP-DF048,1
PEC-80975,Torno_CNC,Aluminio,Sintetico,Turno_1,3094.6,264.3,2.14,52.2,65.0,139.8,38.8,32,-21.91,3848,CLP-2753C,1
PEC-80976,torno_cnc,Aco_Inox,Soluvel,Turno_1,3318.2,218.1,1.11,11.2,40.7,99.8,45.6,136,5.34,2950,CLP-1AC48,1
PEC-80977,Torno_CNC,Aco_Carbono,Seco,Turno_2,2970.2,229.3,3.41,22.1,59.5,108.9,41.0,163,-9.4,6669,CLP-B81A9,1
PEC-80978, TORNO_CNC ,Aluminio,Soluvel,Turno_2,3541.2,266.2,1.28,131.8,70.4,144.7,39.9,79,3.72,5351,CLP-EA017,1
PEC-80979,torno_cnc,Aco_Inox,Sintetico,Turno_2,3105.5,233.4,4.04,31.1,59.5,136.2,48.8,58,-1.42,9867,CLP-BCBCE,0
PEC-80980,Torno_CNC,Aco_Carbono,Semi_Sintetico,Turno_2,2263.4,250.2,2.0,49.5,83.7,107.7,37.5,22,-0.71,2148,CLP-C6A32,1
PEC-80981,Fresadora,Aluminio,Soluvel,Turno_1,3448.8,290.3,4.17,8.4,72.6,101.8,49.2,59,13.55,3237,CLP-99208,1
PEC-80982,Torno_CNC,Aluminio,Seco,Turno_2,2802.9,224.1,4.45,67.5,53.9,124.2,47.5,46,-4.08,6835,CLP-9A068,1
PEC-80983,Torno_CNC,Aluminio,Semi_Sintetico,Turno_2,3037.3,183.4,3.58,37.5,45.9,124.9,55.6,95,21.97,8319,CLP-77E5F,0
PEC-80984,Fresadora,Aco_Inox,Soluvel,Turno_1,3898.9,173.7,2.99,11.8,75.5,119.1,30.9,9,-4.05,2023,CLP-ACFCF,1
PEC-80985, TORNO_CNC ,Aluminio,Soluvel,Turno_3,3997.8,321.9,1.1,21.7,75.1,155.0,53.2,43,-7.4,8203,CLP-1E4CB,1
PEC-80986,Fresadora,Aco_Inox,Soluvel,Turno_2,2941.0,296.6,4.23,8.0,74.1,129.7,42.6,3,15.97,1542,CLP-E4E7A,1
PEC-80987, TORNO_CNC ,Latao,Soluvel,Turno_1,3460.0,282.8,3.61,57.5,85.2,107.4,30.7,73,-14.79,4462,CLP-2E811,1
PEC-80988,Torno_CNC,Aco_Carbono,Semi_Sintetico,Turno_3,2951.5,228.2,1.65,52.8,70.5,135.9,39.7,6,2.57,6275,CLP-8344F,1
PEC-80989,Centro_Usinagem,Aluminio,Seco,Turno_3,3070.9,183.3,2.37,28.6,66.1,120.9,49.1,76,22.1,4136,CLP-1F4CE,1
PEC-80990,Fresadora,Aco_Inox,Soluvel,Turno_2,2927.4,235.9,0.77,26.1,74.2,109.8,44.3,98,-14.05,1792,CLP-BBE46,1
PEC-80991,Fresadora,Aco_Inox,Soluvel,Turno_1,2424.0,245.3,3.14,26.8,79.8,133.5,55.8,28,-25.69,3638,CLP-50894,1
PEC-80992,Torno_CNC,Aco_Inox,Sintetico,Turno_3,3242.8,193.4,1.0,6.3,73.2,142.1,42.3,42,21.9,8267,CLP-B54E5,1
PEC-80993,torno_cnc,Aluminio,Soluvel,Turno_1,3329.7,176.5,3.11,,65.4,123.2,44.7,150,20.81,8844,CLP-9810F,1
PEC-80994, TORNO_CNC ,Aco_Inox,Soluvel,Turno_1,2898.0,163.5,3.19,9.8,76.6,105.3,43.5,98,0.04,6463,CLP-77A98,1
PEC-80995,Torno_CNC,Aluminio,Soluvel,Turno_1,3689.5,282.9,1.8,12.2,66.2,121.7,36.8,155,-20.12,2083,CLP-63AF2,1
PEC-80996,Centro_Usinagem,Aco_Inox,Sintetico,Turno_2,3003.8,189.7,4.29,119.6,59.1,105.7,44.8,117,23.53,3920,CLP-B773E,1
PEC-80997,Torno_CNC,Latao,Sintetico,Turno_3,2913.3,265.5,3.62,15.6,66.5,123.4,43.2,156,6.35,4663,CLP-23A3F,1
PEC-80998,Celula_Robotica,Aco_Inox,Sintetico,Turno_2,3436.9,230.1,2.49,28.1,61.2,131.3,45.7,103,10.9,4235,CLP-45F52,1
PEC-80999, TORNO_CNC ,Latao,Soluvel,Turno_3,2505.8,279.5,4.17,81.6,64.0,90.4,45.5,146,-0.82,6265,CLP-7851A,1
PEC-81000,Torno_CNC,Latao,Semi_Sintetico,Turno_1,3608.0,266.8,3.92,,54.8,130.7,45.0,118,18.48,1838,CLP-643A2,1
PEC-81001,torno_cnc,Aluminio,Sintetico,Turno_1,3019.0,238.4,3.27,31.3,77.0,114.4,45.8,134,13.78,4520,CLP-71175,1
PEC-81002,Centro_Usinagem,Aco_Carbono,Semi_Sintetico,Turno_2,3645.2,256.5,1.11,11.5,67.6,111.6,53.8,28,16.96,8459,CLP-8D4AA,1
PEC-81003,Fresadora,Aluminio,Soluvel,Turno_3,3779.7,244.5,2.49,16.7,73.5,100.1,37.2,65,4.24,6165,CLP-BD80F,1
PEC-81004,Centro_Usinagem,Aluminio,Semi_Sintetico,Turno_2,3488.1,219.2,3.96,29.7,70.8,103.9,39.2,83,-4.37,2238,CLP-2E523,1
PEC-81005,Fresadora,Aco_Inox,Semi_Sintetico,Turno_1,2834.6,299.0,2.94,20.9,54.2,146.5,56.3,146,-1.31,2452,CLP-DCA89,1
PEC-81006,Fresadora,Aco_Inox,Soluvel,Turno_1,2637.1,228.8,2.68,6.4,80.9,132.7,55.2,80,-2.7,1262,CLP-1CB54,1
PEC-81007,Centro_Usinagem,Aluminio,Soluvel,Turno_1,2554.7,245.7,4.32,22.9,62.3,139.4,47.1,177,-14.54,7788,CLP-9C6EB,1
PEC-81008,Torno_CNC,Aluminio,Seco,Turno_1,3696.3,179.2,0.57,64.1,60.7,107.1,61.2,132,-15.82,6593,CLP-BA71E,1
PEC-81009, TORNO_CNC ,Aluminio,Sintetico,Turno_1,3139.3,263.7,0.55,9.3,67.6,147.0,48.9,94,-32.17,4019,CLP-9D37C,0
PEC-81010,Torno_CNC,Aco_Inox,Seco,Turno_3,2930.4,219.5,4.07,5.7,67.8,119.0,60.0,116,-35.05,7932,CLP-1FAA3,1
PEC-81011,Celula_Robotica,Aco_Inox,Semi_Sintetico,Turno_2,3140.6,226.2,0.65,9.4,96.2,108.2,56.7,152,14.81,7960,CLP-3B68F,1
PEC-81012,Celula_Robotica,Aco_Inox,Sintetico,Turno_2,3686.3,208.0,1.83,45.6,72.2,103.8,58.0,12,1.89,5007,CLP-DC30F,1
PEC-81013,Torno_CNC,Aco_Inox,Soluvel,Turno_1,3550.4,243.8,4.2,60.4,59.2,104.3,35.8,139,10.38,3473,CLP-C8A36,1
PEC-81014,Fresadora,Aco_Inox,Soluvel,Turno_1,3397.3,149.7,3.26,6.7,87.8,108.8,50.3,138,-15.11,7087,CLP-67669,1
PEC-81015,Celula_Robotica,Aco_Inox,Seco,Turno_2,3487.0,284.1,3.09,81.5,45.4,106.6,44.3,143,-1.25,4998,CLP-28457,1
PEC-81016,Torno_CNC,Aco_Inox,Soluvel,Turno_3,3281.1,248.1,3.13,39.5,59.2,133.6,34.3,61,-3.17,3712,CLP-D2A7C,1
PEC-81017,torno_cnc,Aco_Carbono,Soluvel,Turno_2,3336.0,226.6,1.77,,58.3,159.0,55.7,147,9.71,4710,CLP-A7B84,1
PEC-81018,Centro_Usinagem,Aco_Inox,Sintetico,Turno_3,,172.6,2.62,15.2,64.9,116.3,54.6,7,-9.81,6102,CLP-8F489,1
PEC-81019,Torno_CNC,Aluminio,Sintetico,Turno_3,3200.0,271.7,3.02,21.3,69.2,116.6,43.8,68,8.81,9738,CLP-4422B,1
PEC-81020,Fresadora,Aco_Inox,Soluvel,Turno_1,3539.0,218.3,1.72,107.8,70.2,92.1,40.1,99,3.95,3115,CLP-1A88C,1
PEC-81021,Torno_CNC,Aco_Carbono,Soluvel,Turno_1,,315.3,3.68,89.9,70.0,106.1,45.5,82,7.63,1580,CLP-BEE46,1
PEC-81022,Celula_Robotica,Aluminio,Soluvel,Turno_2,2803.7,274.3,1.79,39.4,72.6,95.7,30.5,79,16.32,6444,CLP-85471,1
PEC-81023,Celula_Robotica,Aco_Inox,Soluvel,Turno_2,3438.0,326.7,0.79,35.3,64.3,132.2,34.2,118,-11.78,2167,CLP-1E9F2,1
PEC-81024,Celula_Robotica,Aluminio,Semi_Sintetico,Turno_1,3311.3,256.8,1.31,13.3,80.5,149.0,42.6,128,-15.01,2502,CLP-4B1F0,0
PEC-81025, TORNO_CNC ,Aco_Inox,Soluvel,Turno_2,3475.1,303.9,2.13,112.2,45.7,103.8,49.9,147,-10.3,8293,CLP-4E449,1
PEC-81026,Centro_Usinagem,Aluminio,Semi_Sintetico,Turno_2,3153.1,273.1,4.13,54.3,34.4,117.0,43.5,98,-8.73,9617,CLP-80809,1
PEC-81027,Centro_Usinagem,Aco_Inox,Semi_Sintetico,Turno_3,3565.3,227.5,2.16,21.9,73.9,116.3,40.6,82,25.93,5397,CLP-DBAA4,1
PEC-81028,Torno_CNC,Latao,Sintetico,Turno_1,3172.4,259.4,0.86,64.2,61.0,130.3,38.4,91,-34.49,5393,CLP-5CBAE,1
PEC-81029,Centro_Usinagem,Aluminio,Soluvel,Turno_1,3525.7,208.3,1.29,13.3,85.6,121.6,64.5,19,4.64,7545,CLP-55999,1
PEC-81030,Torno_CNC,Aco_Inox,Sintetico,Turno_2,2994.6,353.4,2.68,13.4,77.5,151.7,36.4,151,2.32,9707,CLP-88A5E,1
PEC-81031,torno_cnc,Aco_Carbono,Soluvel,Turno_2,3025.7,245.0,1.21,59.8,72.1,108.8,30.4,171,5.68,4961,CLP-6FD39,1
PEC-81032,Torno_CNC,Aco_Inox,Soluvel,Turno_2,3470.9,251.3,0.76,33.7,59.2,133.5,40.4,68,-16.2,2568,CLP-94907,1
PEC-81033,Torno_CNC,Aco_Carbono,Semi_Sintetico,Turno_3,3050.7,269.5,3.36,33.4,73.1,111.1,49.1,7,11.29,6531,CLP-5C037,1
PEC-81034,Torno_CNC,Aluminio,Soluvel,Turno_3,4192.6,195.7,3.64,34.8,60.2,96.0,45.9,46,29.02,5426,CLP-E88CA,1
PEC-81035,Fresadora,Aco_Carbono,Semi_Sintetico,Turno_2,3454.9,316.1,3.9,9.7,65.7,141.4,39.0,89,-8.46,3929,CLP-98873,1
PEC-81036,Torno_CNC,Aco_Inox,Soluvel,Turno_1,3211.2,198.7,3.88,20.1,61.1,148.1,46.5,174,-37.65,7065,CLP-B1113,1
PEC-81037,Fresadora,Aco_Carbono,Soluvel,Turno_2,3569.0,187.4,2.02,34.8,68.1,126.1,53.9,159,-20.35,3280,CLP-9B674,1
PEC-81038,Torno_CNC,Aco_Carbono,Seco,Turno_2,2983.7,241.7,3.44,15.0,62.0,110.5,46.6,78,-18.78,8928,CLP-B3602,1
PEC-81039,Torno_CNC,Aco_Inox,Sintetico,Turno_3,3615.4,186.0,2.83,,77.0,102.9,46.2,140,-4.5,6839,CLP-8C0FA,1
PEC-81040,torno_cnc,Aco_Inox,Sintetico,Turno_3,3602.9,328.1,0.59,33.5,70.4,128.4,46.3,121,-12.8,4409,CLP-57043,1
PEC-81041,Fresadora,Aco_Inox,Sintetico,Turno_2,3764.1,238.5,2.11,105.2,58.9,88.1,39.0,116,-16.45,2746,CLP-DBC69,1
PEC-81042,Torno_CNC,Latao,Soluvel,Turno_2,3001.6,88.9,0.71,,59.6,133.1,48.6,22,0.21,8437,CLP-34004,1
PEC-81043,Fresadora,Aco_Inox,Sintetico,Turno_1,2649.8,260.0,0.83,25.3,49.8,113.7,53.3,65,8.26,2756,CLP-EA101,0
PEC-81044,Centro_Usinagem,Aluminio,Soluvel,Turno_1,2925.4,277.7,0.72,144.7,41.6,113.4,55.8,29,-11.14,8452,CLP-D1B8B,1
PEC-81045,Fresadora,Aco_Inox,Sintetico,Turno_1,3073.3,228.9,4.34,12.2,76.2,103.9,48.4,121,11.94,2842,CLP-97839,1
PEC-81046,Torno_CNC,Aco_Inox,Sintetico,Turno_1,3950.2,182.2,3.88,58.0,60.7,98.4,45.1,109,25.31,7337,CLP-1CD5F,1
PEC-81047,Torno_CNC,Aluminio,Seco,Turno_2,4187.8,244.8,2.26,11.8,50.4,119.1,60.0,14,-20.15,3661,CLP-60314,0
PEC-81048,Centro_Usinagem,Latao,Sintetico,Turno_1,3355.1,225.9,1.49,,70.3,122.9,46.0,80,-9.73,4219,CLP-5C3D3,1
PEC-81049,Torno_CNC,Aluminio,Soluvel,Turno_2,3204.2,201.2,0.79,28.4,56.3,118.6,41.1,6,-21.07,7955,CLP-E7698,0
PEC-81050,Centro_Usinagem,Aco_Carbono,Sintetico,Turno_2,3042.5,196.8,2.22,130.3,64.2,136.4,39.5,92,18.42,9442,CLP-99EC0,1
PEC-81051,torno_cnc,Aluminio,Soluvel,Turno_2,,257.8,2.9,11.5,49.5,120.9,38.6,65,-1.3,2874,CLP-6EE13,1
PEC-81052,Celula_Robotica,Aco_Inox,Soluvel,Turno_2,4184.9,295.2,3.69,45.8,72.8,130.7,41.0,130,7.98,2234,CLP-994A5,1
PEC-81053,Fresadora,Aco_Inox,Soluvel,Turno_1,4003.6,273.1,0.71,46.6,66.1,98.0,60.4,60,3.69,5491,CLP-5B2A1,1
PEC-81054,Celula_Robotica,Aluminio,Sintetico,Turno_3,3712.1,163.6,2.17,49.4,71.0,113.4,38.9,125,-0.45,9793,CLP-4610E,1
PEC-81055, TORNO_CNC ,Latao,Soluvel,Turno_1,3705.5,280.8,4.41,8.7,59.9,142.3,57.2,157,7.73,1172,CLP-D6DE8,1
PEC-81056,Fresadora,Aco_Carbono,Soluvel,Turno_3,3574.5,288.6,0.98,16.9,68.0,134.6,43.4,69,22.95,1233,CLP-8A5FF,1
PEC-81057, TORNO_CNC ,Aco_Inox,Seco,Turno_1,3178.7,319.7,2.1,19.4,47.5,125.0,53.3,160,-30.32,4000,CLP-DE113,1
PEC-81058, TORNO_CNC ,Aco_Inox,Sintetico,Turno_2,2868.6,202.5,1.6,18.7,92.3,114.3,36.4,79,9.05,1227,CLP-7B6B2,1
PEC-81059,Fresadora,Aco_Inox,Soluvel,Turno_1,3190.6,247.2,1.04,44.3,70.0,106.0,44.9,59,-7.18,7644,CLP-CDEF8,1
PEC-81060,Centro_Usinagem,Latao,Soluvel,Turno_1,3390.1,278.4,3.86,7.0,85.5,112.1,32.1,10,19.01,1213,CLP-79970,1
PEC-81061,Celula_Robotica,Aco_Carbono,Sintetico,Turno_2,2545.9,223.6,3.29,50.8,61.8,129.6,45.2,31,1.26,8030,CLP-AB56C,1
PEC-81062,Fresadora,Aco_Carbono,Semi_Sintetico,Turno_2,3131.2,277.6,2.15,31.2,52.4,90.3,51.3,124,16.27,4464,CLP-6E738,1
PEC-81063, TORNO_CNC ,Aco_Inox,Soluvel,Turno_1,,248.8,1.98,11.6,59.1,146.9,52.7,146,7.88,1930,CLP-DCC92,1
PEC-81064, TORNO_CNC ,Aluminio,Semi_Sintetico,Turno_2,,207.7,3.81,14.0,64.5,138.6,45.0,44,-2.38,9686,CLP-DC52D,0
PEC-81065,Fresadora,Aluminio,Sintetico,Turno_1,2952.6,211.9,0.86,8.6,63.6,138.2,42.1,59,-0.4,9610,CLP-2B827,0
PEC-81066,Torno_CNC,Aco_Inox,Sintetico,Turno_1,3347.7,312.5,1.09,26.5,87.3,129.2,45.7,5,-0.52,2130,CLP-2200A,0
PEC-81067,Torno_CNC,Aluminio,Seco,Turno_3,2885.0,200.2,4.13,36.6,54.7,121.6,40.4,20,30.82,2108,CLP-9A9F4,0
PEC-81068, TORNO_CNC ,Aco_Inox,Sintetico,Turno_3,3919.0,191.6,3.77,35.4,57.7,125.7,40.4,26,-22.53,3536,CLP-825EE,1
PEC-81069,Torno_CNC,Aco_Inox,Semi_Sintetico,Turno_2,2434.7,267.2,3.6,119.8,73.6,114.5,41.7,145,13.55,7207,CLP-C55B0,1
PEC-81070,Torno_CNC,Aco_Carbono,Soluvel,Turno_1,3414.1,248.5,3.0,17.3,46.0,151.8,46.8,42,-11.95,3228,CLP-35DC5,0
PEC-81071,Torno_CNC,Aco_Carbono,Sintetico,Turno_1,2625.2,184.4,1.67,55.3,64.5,117.9,56.5,125,0.07,1255,CLP-BB4F9,1
PEC-81072,Torno_CNC,Aluminio,Sintetico,Turno_3,2970.8,224.0,4.24,49.9,66.7,112.9,55.4,169,-12.82,3584,CLP-3EC2D,1
PEC-81073,Torno_CNC,Aluminio,Soluvel,Turno_1,3292.8,209.2,2.47,7.2,70.2,116.0,42.5,142,-0.26,8334,CLP-D85CF,1
PEC-81074,Celula_Robotica,Aco_Inox,Sintetico,Turno_3,3314.9,217.9,1.62,98.1,69.2,109.2,38.5,82,-24.83,3986,CLP-CE549,1
PEC-81075, TORNO_CNC ,Aco_Carbono,Soluvel,Turno_1,3303.2,376.2,1.96,98.7,88.9,132.1,39.1,155,9.45,1518,CLP-B0B12,1
PEC-81076, TORNO_CNC ,Aco_Carbono,Soluvel,Turno_3,3268.3,234.9,0.57,22.7,54.4,112.2,33.2,95,-13.43,4505,CLP-AF1AE,1
PEC-81077,Fresadora,Aco_Carbono,Soluvel,Turno_1,2911.2,205.9,1.52,,57.3,118.1,50.8,55,6.14,7346,CLP-6BA77,0
PEC-81078,Torno_CNC,Aco_Carbono,Sintetico,Turno_1,3126.2,351.1,1.25,64.9,72.3,140.0,33.9,143,-3.95,5651,CLP-99FB4,1
PEC-81079,Celula_Robotica,Aco_Inox,Seco,Turno_2,3214.2,294.4,1.04,28.9,67.7,136.1,26.9,107,32.71,7428,CLP-1F1B1,1
PEC-81080,Fresadora,Aco_Inox,Soluvel,Turno_3,3287.9,286.2,0.63,61.2,69.2,104.6,50.8,33,17.57,2366,CLP-C21E6,1
PEC-81081,Torno_CNC,Aluminio,Sintetico,Turno_3,3170.4,208.3,1.41,6.3,48.1,137.7,50.5,130,-6.43,2471,CLP-C8B71,1
PEC-81082, TORNO_CNC ,Aco_Inox,Soluvel,Turno_2,3528.3,309.6,0.91,15.1,91.2,98.8,36.4,84,-13.59,6417,CLP-9A220,1
PEC-81083,Centro_Usinagem,Aco_Carbono,Seco,Turno_3,3242.0,290.8,0.68,8.3,70.4,97.5,47.4,2,5.02,4712,CLP-D2476,1
PEC-81084,Celula_Robotica,Aco_Inox,Sintetico,Turno_2,3290.6,257.4,1.05,26.2,46.0,115.1,34.5,128,36.03,6758,CLP-3EF66,1
PEC-81085, TORNO_CNC ,Aco_Inox,Semi_Sintetico,Turno_3,3027.8,164.2,1.31,72.4,72.3,124.4,44.2,152,17.76,8472,CLP-917DF,1
PEC-81086,Fresadora,Aco_Inox,Semi_Sintetico,Turno_3,2726.4,249.0,2.16,34.5,51.8,116.6,47.9,155,7.56,5142,CLP-895B3,1
PEC-81087,Torno_CNC,Latao,Soluvel,Turno_2,3269.3,336.5,2.83,30.7,76.1,126.6,50.5,150,14.68,9032,CLP-DE4DB,1
PEC-81088,Celula_Robotica,Aco_Inox,Sintetico,Turno_2,3743.4,261.0,1.79,21.0,49.2,114.4,48.2,65,4.0,9898,CLP-AE81E,0
PEC-81089,Torno_CNC,Aluminio,Seco,Turno_2,3399.7,231.2,1.07,7.3,77.1,89.1,29.8,31,17.11,8170,CLP-4773F,1
PEC-81090,Celula_Robotica,Aluminio,Soluvel,Turno_2,2832.1,238.6,4.26,55.9,50.4,117.1,47.4,13,5.97,5975,CLP-E431E,1
PEC-81091,Fresadora,Aco_Inox,Sintetico,Turno_3,,242.0,2.56,34.6,53.3,97.2,62.4,101,-8.73,5826,CLP-2A04B,0
PEC-81092,Fresadora,Aluminio,Seco,Turno_1,3049.2,210.0,3.47,98.6,66.7,120.0,48.1,149,-21.15,1763,CLP-46935,1
PEC-81093,torno_cnc,Aco_Carbono,Soluvel,Turno_1,3521.6,247.9,3.28,24.8,57.7,101.2,33.9,53,18.97,1594,CLP-B373F,1
PEC-81094,Torno_CNC,Aluminio,Semi_Sintetico,Turno_2,3034.0,322.1,1.64,23.0,58.3,127.8,39.3,40,1.04,8867,CLP-C0EC9,1
PEC-81095,Torno_CNC,Aco_Carbono,Seco,Turno_1,3359.0,316.5,2.74,133.2,46.6,140.3,40.9,27,0.87,6708,CLP-E7266,1
PEC-81096,Torno_CNC,Aco_Inox,Sintetico,Turno_2,2966.7,212.3,2.91,10.3,61.0,94.1,26.3,101,-1.78,3155,CLP-C9266,1
PEC-81097,Torno_CNC,Aco_Inox,Soluvel,Turno_3,2978.1,313.8,1.91,15.2,75.6,89.4,45.8,40,26.05,3109,CLP-60852,1
PEC-81098,Fresadora,Latao,Soluvel,Turno_2,2495.2,288.1,3.18,28.4,87.5,115.5,42.2,100,-15.72,3235,CLP-AAAB4,0
PEC-81099, TORNO_CNC ,Aco_Inox,Soluvel,Turno_3,3430.4,281.7,3.66,30.9,74.9,136.9,42.6,45,-11.05,4540,CLP-C50E8,1
PEC-81100,Torno_CNC,Aluminio,Semi_Sintetico,Turno_1,3366.6,271.6,1.96,32.8,73.2,122.3,44.0,125,7.03,8278,CLP-8EDCB,1
PEC-81101,Celula_Robotica,Aco_Carbono,Semi_Sintetico,Turno_3,3391.9,203.5,0.56,13.3,44.7,113.6,39.2,113,15.42,7233,CLP-A9DD5,0
PEC-81102,Centro_Usinagem,Aco_Inox,Sintetico,Turno_2,3323.9,229.7,1.9,96.5,64.7,103.9,51.8,64,-17.44,6364,CLP-2CA19,1
PEC-81103,Celula_Robotica,Aco_Carbono,Soluvel,Turno_1,2857.0,291.6,0.97,47.6,57.2,130.9,46.5,36,8.19,6124,CLP-71C5A,1
PEC-81104,Celula_Robotica,Aco_Inox,Soluvel,Turno_2,3634.7,189.7,1.12,15.5,46.9,143.1,40.7,167,4.09,1568,CLP-71E0D,1
PEC-81105,Torno_CNC,Aco_Inox,Semi_Sintetico,Turno_3,3646.8,198.0,1.96,17.2,49.7,92.0,48.6,1,0.47,2939,CLP-9134B,1
PEC-81106, TORNO_CNC ,Aco_Inox,Sintetico,Turno_1,2845.3,265.3,1.33,79.3,73.0,124.4,47.8,126,28.83,3270,CLP-703DA,1
PEC-81107,Fresadora,Aco_Carbono,Seco,Turno_2,3439.5,210.5,4.24,21.8,58.3,158.2,37.4,176,-29.75,4485,CLP-34A8E,1
PEC-81108,Fresadora,Aco_Inox,Sintetico,Turno_3,3593.7,291.2,3.11,33.4,47.3,110.9,43.6,106,-19.21,8227,CLP-E17AE,1
PEC-81109,Torno_CNC,Aco_Carbono,Semi_Sintetico,Turno_1,2988.5,212.3,2.57,,57.4,117.1,43.6,122,19.04,1083,CLP-3F950,0
PEC-81110,Centro_Usinagem,Latao,Sintetico,Turno_2,3066.8,262.2,0.54,15.1,68.5,119.5,40.3,72,-1.04,9079,CLP-EBEB9,1
PEC-81111,Torno_CNC,Aluminio,Sintetico,Turno_2,3440.4,266.4,0.91,23.9,56.9,113.9,34.1,66,23.73,6547,CLP-62FE7,0
PEC-81112,Torno_CNC,Aluminio,Soluvel,Turno_1,2520.4,225.9,3.65,42.4,50.5,136.5,40.1,151,31.43,2537,CLP-30AA1,1
PEC-81113,torno_cnc,Aluminio,Seco,Turno_2,2710.2,238.0,2.06,16.5,54.0,147.0,55.1,61,10.98,9509,CLP-C3168,0
PEC-81114,torno_cnc,Aco_Inox,Sintetico,Turno_1,2754.6,216.0,0.68,110.4,75.6,94.4,39.8,115,-1.92,9475,CLP-75903,1
PEC-81115,torno_cnc,Aluminio,Soluvel,Turno_3,2391.7,249.1,3.8,13.7,40.1,106.0,52.2,85,20.81,5789,CLP-5BF71,1
PEC-81116,Torno_CNC,Aluminio,Soluvel,Turno_1,3688.2,201.9,1.71,57.8,61.8,138.7,44.7,35,10.11,5554,CLP-321B7,0
PEC-81117,Centro_Usinagem,Latao,Soluvel,Turno_1,2305.3,238.8,2.05,20.9,63.6,129.0,46.3,148,-21.63,6909,CLP-442A2,1
PEC-81118,Torno_CNC,Latao,Sintetico,Turno_2,3354.4,287.4,4.4,67.7,55.9,126.6,35.2,102,11.23,5907,CLP-BF318,1
PEC-81119,Torno_CNC,Aco_Carbono,Soluvel,Turno_1,,193.2,0.56,94.8,53.5,130.4,54.3,175,45.09,3450,CLP-F404C,1
PEC-81120,Centro_Usinagem,Aco_Carbono,Soluvel,Turno_1,3067.9,225.6,3.39,12.2,76.8,121.4,61.5,49,6.73,9643,CLP-70634,1
PEC-81121,Celula_Robotica,Aluminio,Sintetico,Turno_3,2899.2,275.9,4.3,28.7,76.8,127.2,39.4,130,-2.87,6147,CLP-CBF1E,1
PEC-81122,Centro_Usinagem,Aluminio,Soluvel,Turno_3,3304.8,146.1,0.76,,66.3,115.1,55.4,144,-7.51,1707,CLP-D1560,1
PEC-81123,Centro_Usinagem,Aco_Carbono,Semi_Sintetico,Turno_3,3200.8,342.8,3.96,47.8,58.5,116.6,34.8,24,-5.1,5166,CLP-4F19F,1
PEC-81124,Fresadora,Aco_Inox,Soluvel,Turno_2,3651.6,302.3,2.16,67.5,66.4,118.6,44.6,93,-3.79,6150,CLP-A7CCB,1
PEC-81125,torno_cnc,Latao,Sintetico,Turno_3,2017.2,173.1,4.01,,69.9,113.9,35.6,133,-2.6,8069,CLP-5FD90,1
PEC-81126,Torno_CNC,Aluminio,Soluvel,Turno_3,2786.6,144.8,1.73,22.7,63.7,127.0,48.0,12,-4.72,8467,CLP-E7D25,1
PEC-81127, TORNO_CNC ,Aluminio,Soluvel,Turno_2,3452.7,251.5,4.43,13.0,70.2,124.5,43.4,67,16.57,1434,CLP-AACE6,1
PEC-81128, TORNO_CNC ,Aco_Carbono,Soluvel,Turno_1,3222.7,194.0,3.09,17.8,60.8,92.0,44.6,66,6.67,8627,CLP-2BF63,1
PEC-81129,Torno_CNC,Latao,Semi_Sintetico,Turno_1,3538.4,298.1,3.01,18.7,27.2,117.0,55.5,166,15.98,2552,CLP-6CF0D,0
PEC-81130,Fresadora,Aco_Inox,Semi_Sintetico,Turno_2,3317.9,269.7,3.72,10.9,62.7,120.3,54.9,60,-14.26,5282,CLP-2E19B,1
PEC-81131, TORNO_CNC ,Aco_Carbono,Soluvel,Turno_3,3139.4,256.2,2.25,18.0,73.2,143.0,43.6,95,-0.91,8345,CLP-54DB6,1
PEC-81132,Torno_CNC,Aluminio,Sintetico,Turno_2,3064.0,221.5,1.53,88.2,65.4,115.7,53.9,70,0.97,4573,CLP-B8811,1
PEC-81133,Torno_CNC,Aco_Inox,Soluvel,Turno_2,4246.3,330.0,1.55,18.8,69.1,121.4,54.2,93,-7.85,2615,CLP-1E554,1
PEC-81134,Fresadora,Aco_Carbono,Seco,Turno_1,3890.7,287.7,1.82,16.2,61.7,118.8,53.9,52,-3.93,6447,CLP-90107,1
PEC-81135,Torno_CNC,Aluminio,Seco,Turno_1,3423.0,280.2,2.97,22.0,62.7,139.8,46.2,62,-20.7,3744,CLP-2A2DD,1
PEC-81136,Centro_Usinagem,Aluminio,Sintetico,Turno_2,3235.3,310.0,3.85,117.9,67.1,102.1,47.6,163,-14.3,1568,CLP-E8517,1
PEC-81137, TORNO_CNC ,Aco_Inox,Sintetico,Turno_3,3442.2,199.1,2.5,55.6,88.3,108.2,42.7,155,10.26,9397,CLP-CF5AD,1
PEC-81138, TORNO_CNC ,Aluminio,Semi_Sintetico,Turno_1,3572.1,314.2,2.11,12.9,75.1,107.2,63.7,1,10.32,3917,CLP-4D356,1
PEC-81139,torno_cnc,Aluminio,Sintetico,Turno_3,3388.5,236.8,3.68,53.9,73.5,120.2,48.2,41,-19.28,7740,CLP-45784,1
PEC-81140,Centro_Usinagem,Aluminio,Sintetico,Turno_1,2861.9,266.7,1.66,55.9,67.5,97.6,44.3,153,-4.45,1852,CLP-F3240,1
PEC-81141,Torno_CNC,Aco_Inox,Seco,Turno_2,4003.0,242.2,3.26,109.9,49.0,142.0,49.0,151,-14.61,1554,CLP-EDD0D,1
PEC-81142,Fresadora,Latao,Sintetico,Turno_2,,156.1,0.92,82.6,79.7,126.2,47.2,115,-12.24,2983,CLP-3E617,1
PEC-81143,torno_cnc,Aluminio,Sintetico,Turno_3,,297.9,0.95,8.5,75.9,128.8,61.5,178,-32.82,5644,CLP-4AB0D,1
PEC-81144,Torno_CNC,Aco_Carbono,Semi_Sintetico,Turno_1,3284.2,158.8,3.08,,69.4,151.5,44.8,20,-17.26,2999,CLP-B764C,1
PEC-81145,Centro_Usinagem,Aluminio,Sintetico,Turno_1,3089.5,201.7,0.83,47.5,64.5,114.8,51.1,11,-13.83,5811,CLP-6C68C,0
PEC-81146,Fresadora,Aco_Inox,Sintetico,Turno_1,3822.9,227.4,1.12,131.9,71.6,132.8,44.0,105,3.42,8619,CLP-71DF6,1
PEC-81147,Fresadora,Aluminio,Soluvel,Turno_3,3335.5,152.3,3.0,8.1,62.2,128.7,31.5,89,3.54,5459,CLP-3D7AE,1
PEC-81148,Centro_Usinagem,Aluminio,Soluvel,Turno_1,3260.0,195.0,2.25,21.1,73.7,143.1,45.0,71,-1.49,1308,CLP-B8F0E,1
PEC-81149,Centro_Usinagem,Aluminio,Soluvel,Turno_1,2659.8,262.2,2.75,28.7,54.9,130.4,51.8,132,12.5,7328,CLP-76D81,1
PEC-81150,Fresadora,Aluminio,Sintetico,Turno_2,3497.1,232.7,4.41,23.7,42.1,112.4,46.1,134,12.78,5274,CLP-D1BDC,0
PEC-81151,Centro_Usinagem,Aluminio,Soluvel,Turno_2,2978.0,236.8,3.03,26.3,50.6,126.4,35.8,141,6.68,3919,CLP-D6C54,1
PEC-81152,Fresadora,Aco_Inox,Seco,Turno_3,2998.5,204.2,2.86,21.1,66.7,110.3,57.7,117,4.22,9568,CLP-EDBD8,1
PEC-81153,Fresadora,Aluminio,Sintetico,Turno_3,2979.3,252.3,2.02,128.5,61.4,113.0,35.5,148,-20.71,6783,CLP-85CE2,1
PEC-81154,Fresadora,Aco_Inox,Semi_Sintetico,Turno_2,3397.6,233.7,3.02,61.9,63.2,119.8,38.8,114,10.45,3116,CLP-5C7FD,1
PEC-81155,Fresadora,Aco_Inox,Soluvel,Turno_3,2509.1,168.0,0.55,,49.4,117.2,36.0,62,10.55,9670,CLP-27FEF,1
PEC-81156,Torno_CNC,Latao,Semi_Sintetico,Turno_2,3105.1,240.0,2.73,23.5,68.6,106.6,36.7,127,2.04,5082,CLP-3CFAD,1
PEC-81157,Centro_Usinagem,Aluminio,Sintetico,Turno_1,3641.1,187.9,0.78,79.7,52.6,86.0,45.4,34,14.26,1816,CLP-490B4,1
PEC-81158,Centro_Usinagem,Aluminio,Sintetico,Turno_3,2639.4,294.9,1.38,8.4,71.0,124.4,49.9,118,-11.9,1792,CLP-B9CD0,1
PEC-81159,Torno_CNC,Aluminio,Soluvel,Turno_2,3277.8,230.4,2.75,10.4,48.0,125.5,40.3,6,1.7,5306,CLP-353B3,0
PEC-81160,Centro_Usinagem,Latao,Sintetico,Turno_2,2915.9,376.1,3.17,112.8,54.9,125.5,49.5,73,-1.74,8121,CLP-41A1B,1
PEC-81161,Torno_CNC,Aluminio,Sintetico,Turno_2,3018.3,298.3,2.04,34.3,53.3,148.6,51.2,94,23.77,2204,CLP-A1331,1
PEC-81162,Torno_CNC,Aco_Carbono,Sintetico,Turno_2,3944.8,243.5,2.18,11.1,71.9,97.0,42.4,27,-5.39,3189,CLP-8D8D3,1
PEC-81163,Fresadora,Aco_Inox,Seco,Turno_1,2457.3,279.0,2.49,109.3,59.5,143.3,32.9,137,-4.19,9308,CLP-BAFB0,1
PEC-81164,Torno_CNC,Latao,Semi_Sintetico,Turno_2,3544.5,145.5,3.54,133.9,70.1,157.4,57.1,74,2.78,1235,CLP-E9FED,1
PEC-81165,Centro_Usinagem,Aco_Carbono,Seco,Turno_3,2984.9,298.1,0.57,,78.7,146.5,39.6,38,14.17,3440,CLP-6F7AC,1
PEC-81166,Centro_Usinagem,Aco_Carbono,Sintetico,Turno_2,2962.6,209.0,2.29,14.5,86.4,114.8,27.3,129,-20.47,3368,CLP-B6CA5,1
PEC-81167,torno_cnc,Aco_Inox,Seco,Turno_1,2699.8,254.5,0.56,16.4,67.8,126.8,41.9,131,9.33,1490,CLP-4DD42,1
PEC-81168,Torno_CNC,Aco_Inox,Semi_Sintetico,Turno_3,3539.3,213.6,1.78,23.3,51.8,108.4,49.7,34,-18.1,8487,CLP-6FB82,0
PEC-81169,Torno_CNC,Aco_Inox,Soluvel,Turno_1,3113.9,218.9,2.58,35.3,80.0,109.9,50.9,55,2.67,5637,CLP-C4E31,1
PEC-81170,Fresadora,Aco_Inox,Soluvel,Turno_1,3057.0,240.9,0.82,174.8,83.1,145.8,35.9,113,-22.66,2272,CLP-CB7C1,1
PEC-81171,Celula_Robotica,Aco_Carbono,Soluvel,Turno_1,3249.4,253.8,2.44,114.4,64.3,130.5,30.2,164,-7.24,2152,CLP-CE743,1
PEC-81172,Fresadora,Aco_Inox,Soluvel,Turno_1,3123.4,248.7,4.2,93.9,80.8,131.4,47.4,33,6.63,3284,CLP-32035,1
PEC-81173,Torno_CNC,Aco_Inox,Soluvel,Turno_2,2299.7,249.9,3.24,8.3,69.0,103.2,49.1,44,-7.38,2287,CLP-19C0B,0
PEC-81174,Fresadora,Aco_Inox,Soluvel,Turno_2,2979.1,168.7,3.63,54.5,45.1,97.9,53.9,48,16.37,5859,CLP-1E0E3,1
PEC-81175,torno_cnc,Aco_Inox,Sintetico,Turno_3,3602.9,366.6,2.82,78.3,57.4,135.8,53.0,173,8.83,7967,CLP-240DE,1
PEC-81176,Fresadora,Aco_Inox,Soluvel,Turno_3,2522.0,261.6,4.09,19.2,58.9,126.3,46.2,159,-5.51,2060,CLP-E3991,1
PEC-81177,Torno_CNC,Aco_Carbono,Soluvel,Turno_3,2709.5,271.9,1.09,13.7,60.6,115.5,37.7,6,16.78,5633,CLP-8C0C8,0
PEC-81178,Fresadora,Aluminio,Semi_Sintetico,Turno_2,3007.9,233.0,2.3,53.3,53.8,146.0,41.1,16,12.23,2527,CLP-D347C,1
PEC-81179,torno_cnc,Aco_Inox,Semi_Sintetico,Turno_2,2873.5,206.3,2.89,8.3,53.4,128.9,43.1,171,13.39,7225,CLP-9D7D7,1
PEC-81180,Celula_Robotica,Aluminio,Seco,Turno_3,3187.5,257.6,3.99,104.0,81.2,107.2,37.7,77,12.15,9701,CLP-78BBF,1
PEC-81181,Torno_CNC,Aluminio,Sintetico,Turno_2,2708.1,264.5,1.73,10.9,44.2,90.9,53.6,46,-16.28,2694,CLP-99A6C,0
PEC-81182,Fresadora,Aco_Inox,Soluvel,Turno_3,3025.5,315.1,0.5,26.4,56.3,129.0,53.2,137,3.14,1392,CLP-62A77,0
PEC-81183,Celula_Robotica,Aluminio,Soluvel,Turno_2,3178.4,353.9,4.4,147.2,72.5,113.0,33.8,178,7.22,9840,CLP-8572F,1
PEC-81184,Torno_CNC,Aco_Carbono,Soluvel,Turno_1,3492.0,323.9,0.6,160.4,58.3,117.9,42.4,111,18.13,9618,CLP-78FE0,1
PEC-81185,Celula_Robotica,Aco_Carbono,Soluvel,Turno_2,3760.2,161.7,1.11,57.4,69.8,116.7,61.5,125,-15.5,9871,CLP-4DBF9,1
PEC-81186,Fresadora,Aco_Carbono,Soluvel,Turno_2,3082.3,227.0,2.19,69.0,60.2,141.5,54.3,98,19.62,8654,CLP-80C2F,1
PEC-81187,Torno_CNC,Aco_Inox,Seco,Turno_2,4049.6,266.8,2.49,124.6,70.2,132.6,46.5,162,5.21,1366,CLP-571CC,1
PEC-81188,Torno_CNC,Latao,Soluvel,Turno_1,3117.2,230.0,3.84,,52.5,118.6,53.8,37,-11.23,5927,CLP-D83CF,1
PEC-81189,Fresadora,Aco_Carbono,Soluvel,Turno_2,3573.0,247.8,2.29,39.1,42.7,118.2,58.2,23,-7.59,4513,CLP-1C6CA,0
PEC-81190,Torno_CNC,Latao,Soluvel,Turno_3,4069.2,142.7,2.69,51.4,60.2,124.3,45.8,123,29.59,2154,CLP-2EB7B,1
PEC-81191,torno_cnc,Aco_Inox,Sintetico,Turno_3,3262.7,295.7,1.3,36.5,43.5,139.8,34.1,146,-15.81,1393,CLP-34833,0
PEC-81192,Torno_CNC,Latao,Soluvel,Turno_1,2581.9,156.2,2.78,29.7,64.2,121.2,51.9,140,-3.93,7920,CLP-1F366,1
PEC-81193,Fresadora,Aco_Carbono,Soluvel,Turno_1,3240.9,171.4,1.89,79.5,51.4,111.4,52.3,110,-6.7,1748,CLP-20665,1
PEC-81194,Torno_CNC,Aco_Carbono,Soluvel,Turno_2,2924.8,199.3,0.89,51.9,51.5,101.9,37.0,133,7.41,4957,CLP-BA9B2,1
PEC-81195,Centro_Usinagem,Aco_Inox,Soluvel,Turno_2,3076.5,245.1,4.29,73.8,82.7,118.7,47.1,20,-9.13,7777,CLP-AE827,1
PEC-81196,Celula_Robotica,Aco_Carbono,Soluvel,Turno_1,4093.2,168.9,0.83,8.5,68.3,102.0,38.7,83,13.44,2044,CLP-BCFF0,1
PEC-81197,Celula_Robotica,Latao,Sintetico,Turno_1,2649.8,197.0,3.21,35.1,46.6,125.1,31.8,4,21.92,9183,CLP-1CB72,0
PEC-81198,Fresadora,Aluminio,Soluvel,Turno_3,3335.2,307.4,4.13,19.0,64.4,126.8,46.8,27,-35.16,3092,CLP-E4C8D,1
PEC-81199,Torno_CNC,Aluminio,Semi_Sintetico,Turno_3,2805.0,244.4,1.22,30.2,63.3,137.9,56.6,162,-24.72,8743,CLP-29550,1
PEC-81200,Fresadora,Latao,Sintetico,Turno_2,,271.7,1.45,38.2,40.2,116.9,47.6,117,20.08,8266,CLP-770A8,1
PEC-81201,Torno_CNC,Aluminio,Sintetico,Turno_2,-50.0,188.2,2.21,70.4,69.2,135.5,46.4,102,1.1,7342,CLP-D14C1,1
PEC-81202,Torno_CNC,Aluminio,Soluvel,Turno_2,3343.2,247.3,1.68,6.1,76.4,144.2,34.3,29,22.3,5575,CLP-70541,0
PEC-81203,Torno_CNC,Aluminio,Soluvel,Turno_1,3098.7,243.2,3.54,11.3,59.9,121.1,50.0,40,8.7,9821,CLP-22C01,0
PEC-81204, TORNO_CNC ,Latao,Soluvel,Turno_2,2907.6,210.2,1.85,94.0,61.5,153.5,40.6,55,-2.38,6346,CLP-56E61,1
PEC-81205,Fresadora,Aco_Inox,Sintetico,Turno_1,3342.2,247.4,4.44,124.7,58.3,141.6,38.8,106,-25.6,6609,CLP-B2A30,1
PEC-81206,Fresadora,Aluminio,Sintetico,Turno_2,3968.5,155.4,3.94,7.0,69.6,112.8,52.1,169,-21.83,5125,CLP-E0B1A,1
PEC-81207, TORNO_CNC ,Aluminio,Soluvel,Turno_1,2794.4,271.9,4.08,19.1,62.0,164.2,35.3,11,15.4,3392,CLP-8E190,0
PEC-81208,Torno_CNC,Aco_Carbono,Sintetico,Turno_2,4060.2,230.0,0.75,5.3,62.5,119.0,43.3,41,18.55,5924,CLP-33929,1
PEC-81209,Celula_Robotica,Aluminio,Semi_Sintetico,Turno_2,,237.1,1.21,,55.3,141.0,35.8,134,1.06,8179,CLP-CB49E,1
PEC-81210, TORNO_CNC ,Latao,Semi_Sintetico,Turno_1,3816.2,292.6,1.18,45.1,89.5,129.4,42.6,64,-22.32,9531,CLP-6099C,1
PEC-81211, TORNO_CNC ,Latao,Soluvel,Turno_1,3338.8,271.6,3.19,34.1,61.9,124.6,27.5,157,25.95,1694,CLP-59E87,1
PEC-81212,Torno_CNC,Aco_Inox,Sintetico,Turno_1,3727.0,234.1,0.55,46.2,73.4,139.6,49.3,14,30.81,7493,CLP-E1D5F,0
PEC-81213,Fresadora,Aluminio,Soluvel,Turno_2,2746.0,194.2,3.73,32.0,68.2,122.3,48.1,79,17.81,6996,CLP-74136,1
PEC-81214,Fresadora,Aco_Inox,Sintetico,Turno_1,2899.4,316.4,2.69,14.6,34.3,118.9,62.4,179,9.64,5496,CLP-950F6,0
PEC-81215,Torno_CNC,Aco_Inox,Soluvel,Turno_1,3544.6,183.0,2.77,54.1,60.6,119.3,46.9,47,8.96,3857,CLP-BA5E8,1
PEC-81216,Torno_CNC,Aluminio,Soluvel,Turno_2,3333.1,281.5,2.65,58.5,51.2,102.8,37.8,176,-30.27,6669,CLP-C8427,1
PEC-81217,Fresadora,Latao,Semi_Sintetico,Turno_3,3133.2,170.1,2.64,72.4,76.7,136.0,52.9,47,25.19,3567,CLP-87D4D,1
PEC-81218,Fresadora,Aco_Carbono,Sintetico,Turno_1,2073.8,295.9,1.29,112.8,49.8,110.1,52.8,133,28.2,7832,CLP-65F46,1
PEC-81219,Torno_CNC,Aco_Inox,Soluvel,Turno_2,3004.0,300.5,1.63,53.2,70.9,123.2,55.5,75,20.4,5038,CLP-41031,1
PEC-81220,Celula_Robotica,Aco_Inox,Soluvel,Turno_3,2671.7,154.4,2.45,7.0,77.0,120.3,29.3,101,-23.35,5945,CLP-27563,1
PEC-81221,Torno_CNC,Aluminio,Sintetico,Turno_3,3422.1,272.5,3.21,5.7,68.4,129.1,39.4,87,18.08,9682,CLP-D97B0,1
PEC-81222, TORNO_CNC ,Aluminio,Seco,Turno_1,3114.0,268.3,1.59,52.1,65.0,119.8,37.7,113,-4.85,2276,CLP-B6FE5,1
PEC-81223,Celula_Robotica,Aco_Inox,Sintetico,Turno_3,2917.3,285.2,3.72,7.0,60.2,116.0,57.2,146,-0.53,9419,CLP-7079D,1
PEC-81224, TORNO_CNC ,Aco_Carbono,Seco,Turno_2,,268.3,3.74,18.3,63.5,126.2,51.4,74,-22.09,8575,CLP-2D876,1
PEC-81225,Fresadora,Latao,Soluvel,Turno_3,3667.2,201.9,1.6,10.1,48.9,124.9,54.0,123,-27.23,1172,CLP-20C27,0
PEC-81226, TORNO_CNC ,Aluminio,Sintetico,Turno_2,3675.1,239.1,2.74,126.5,67.1,104.1,36.3,47,-27.38,1829,CLP-A4957,1
PEC-81227,Torno_CNC,Aco_Carbono,Semi_Sintetico,Turno_3,4191.0,333.2,1.9,18.3,77.6,118.4,46.1,85,-5.37,3048,CLP-E4CDB,1
PEC-81228,Celula_Robotica,Aco_Inox,Sintetico,Turno_3,3561.0,194.6,1.26,,54.5,139.0,32.0,112,-29.51,6899,CLP-D7907,0
PEC-81229, TORNO_CNC ,Aco_Carbono,Soluvel,Turno_2,2853.1,266.1,3.72,109.6,65.2,156.9,36.2,76,-13.46,1776,CLP-8AF52,1
PEC-81230,Centro_Usinagem,Aluminio,Sintetico,Turno_3,2800.4,307.6,4.47,37.8,63.8,94.4,46.0,134,-1.46,4968,CLP-A86F0,1
PEC-81231,Torno_CNC,Aco_Inox,Sintetico,Turno_1,3634.2,200.5,2.76,6.3,68.8,132.4,46.8,140,-2.36,4730,CLP-7CC8C,1
PEC-81232,Torno_CNC,Latao,Sintetico,Turno_1,2273.3,179.2,4.16,,58.6,121.6,48.1,103,-3.15,7561,CLP-75AAE,1
PEC-81233,Torno_CNC,Aluminio,Semi_Sintetico,Turno_2,3165.0,186.7,3.07,10.8,46.9,111.1,39.8,2,-4.67,9273,CLP-77A4B,0
PEC-81234,Fresadora,Aco_Carbono,Semi_Sintetico,Turno_3,2223.0,269.7,2.76,,51.6,113.6,48.4,76,-4.58,6973,CLP-1CAB0,1
PEC-81235, TORNO_CNC ,Aco_Inox,Sintetico,Turno_2,3244.5,186.3,2.42,37.3,37.2,105.9,45.0,131,-9.66,5937,CLP-2FEBA,1
PEC-81236,Centro_Usinagem,Aco_Inox,Soluvel,Turno_2,3584.3,243.2,1.44,11.8,74.3,99.6,57.6,153,-2.36,2194,CLP-B740E,1
PEC-81237, TORNO_CNC ,Aco_Inox,Soluvel,Turno_2,3325.7,318.6,0.84,53.9,69.8,125.8,41.6,24,5.52,1338,CLP-DFE4E,1
PEC-81238,Celula_Robotica,Aluminio,Semi_Sintetico,Turno_1,3622.1,247.4,2.27,26.2,64.8,146.7,30.3,63,-19.65,6954,CLP-DDE73,1
PEC-81239,Torno_CNC,Aluminio,Seco,Turno_1,4084.2,211.1,2.75,40.6,56.6,125.3,49.9,174,16.72,5481,CLP-246C2,1
PEC-81240,Centro_Usinagem,Aco_Inox,Soluvel,Turno_2,3135.4,256.3,2.54,76.3,63.1,122.6,47.7,161,-7.91,4410,CLP-2F63C,1
PEC-81241,Fresadora,Aluminio,Sintetico,Turno_3,4463.4,246.6,3.28,15.6,64.7,110.6,37.9,11,-22.67,9265,CLP-6FE2C,1
PEC-81242,Fresadora,Aluminio,Soluvel,Turno_1,3295.7,272.6,1.27,20.9,58.7,106.0,42.4,6,4.21,9608,CLP-883B7,1
PEC-81243,Centro_Usinagem,Aco_Carbono,Soluvel,Turno_2,3627.1,331.0,1.92,,59.2,120.3,46.6,89,18.69,4461,CLP-4F9B1,1
PEC-81244,Fresadora,Aluminio,Sintetico,Turno_1,,269.8,2.16,29.8,80.7,104.6,42.0,116,-25.48,2224,CLP-46382,1
PEC-81245,Fresadora,Latao,Sintetico,Turno_1,3928.7,351.7,1.25,33.6,50.0,136.8,36.1,50,-27.28,5855,CLP-2300B,1
PEC-81246,Torno_CNC,Aluminio,Soluvel,Turno_1,3668.8,272.8,4.13,16.8,76.9,111.3,43.4,108,20.7,3289,CLP-D145D,1
PEC-81247,Torno_CNC,Aluminio,Semi_Sintetico,Turno_2,3862.2,211.6,3.23,23.8,45.6,107.3,52.1,76,-20.41,9055,CLP-3CE8D,1
PEC-81248,Celula_Robotica,Aco_Inox,Semi_Sintetico,Turno_1,3224.5,364.4,0.87,29.4,84.3,153.8,42.1,85,-21.05,5540,CLP-8B72D,1
PEC-81249,Fresadora,Aco_Inox,Seco,Turno_1,2635.1,243.8,3.35,15.5,36.3,139.5,46.7,114,8.34,3461,CLP-5199D,0
PEC-81250,Fresadora,Aco_Inox,Soluvel,Turno_3,3407.2,197.3,2.69,14.5,70.6,102.1,43.5,98,-23.66,8183,CLP-2A6AE,1
PEC-81251, TORNO_CNC ,Aluminio,Sintetico,Turno_3,2436.3,366.2,2.6,37.1,57.1,106.8,35.1,62,7.02,7318,CLP-9A9DF,1
PEC-81252,Torno_CNC,Aco_Inox,Soluvel,Turno_1,3048.7,213.3,4.46,12.1,63.0,117.1,44.1,79,6.24,4093,CLP-9CCBC,1
PEC-81253,Torno_CNC,Aco_Inox,Soluvel,Turno_2,3286.0,211.4,2.97,33.2,63.4,117.6,41.4,17,-26.46,5097,CLP-79385,1
PEC-81254,Fresadora,Aco_Carbono,Sintetico,Turno_1,4269.8,222.4,4.09,47.9,72.3,113.1,51.1,70,-34.46,9320,CLP-F2672,1
PEC-81255, TORNO_CNC ,Aco_Inox,Semi_Sintetico,Turno_3,3343.3,258.2,4.15,12.7,41.5,140.1,54.9,22,-19.39,1292,CLP-E45EA,0
PEC-81256,Torno_CNC,Aco_Inox,Soluvel,Turno_2,3262.8,296.5,0.91,52.9,64.6,123.2,52.1,23,21.32,1870,CLP-63CEA,1
PEC-81257, TORNO_CNC ,Aco_Inox,Seco,Turno_3,3171.6,117.6,0.53,20.6,67.2,119.4,39.1,46,-8.93,3610,CLP-E9FEF,1
PEC-81258,Torno_CNC,Aco_Carbono,Semi_Sintetico,Turno_1,2596.1,296.3,2.24,176.3,57.1,110.9,35.7,49,-14.47,9062,CLP-DE194,1
PEC-81259,torno_cnc,Aco_Inox,Semi_Sintetico,Turno_2,3238.6,222.3,3.58,140.3,63.7,104.2,32.9,148,-16.92,3069,CLP-DE42F,1
PEC-81260,Torno_CNC,Aluminio,Semi_Sintetico,Turno_2,3246.3,229.4,3.8,61.1,57.0,110.6,46.4,154,7.22,5181,CLP-8B9BA,1
PEC-81261,Fresadora,Aluminio,Soluvel,Turno_1,2764.1,335.8,3.65,19.7,71.7,106.9,39.3,112,1.23,5253,CLP-F2E8B,1
PEC-81262,Torno_CNC,Aluminio,Semi_Sintetico,Turno_1,2666.0,260.7,2.29,101.9,69.4,101.1,36.1,126,-9.99,2890,CLP-5CD25,1
PEC-81263, TORNO_CNC ,Aluminio,Soluvel,Turno_2,2983.3,272.4,3.5,239.8,67.6,136.2,60.7,19,-24.86,6734,CLP-AB0EA,1
PEC-81264,Torno_CNC,Aco_Carbono,Semi_Sintetico,Turno_2,3229.2,247.6,3.38,26.7,72.9,134.0,48.9,4,5.09,9674,CLP-29529,1
PEC-81265,Torno_CNC,Aco_Inox,Soluvel,Turno_1,2994.1,288.2,1.76,38.4,80.0,114.4,47.7,72,-13.44,4501,CLP-31FC2,1
PEC-81266, TORNO_CNC ,Aco_Inox,Soluvel,Turno_2,2727.1,330.9,1.17,5.2,53.1,139.8,47.3,56,2.6,2006,CLP-CFD10,0
PEC-81267, TORNO_CNC ,Aco_Inox,Sintetico,Turno_1,3330.2,126.2,2.99,6.6,91.7,128.9,58.0,35,-24.83,6154,CLP-BE439,1
PEC-81268,Fresadora,Aco_Inox,Soluvel,Turno_1,3442.5,304.2,3.21,29.3,69.7,103.8,43.7,92,21.45,4488,CLP-B2D37,1
PEC-81269,Torno_CNC,Aco_Inox,Soluvel,Turno_2,3254.6,327.4,2.77,37.9,59.0,98.1,49.9,171,-6.22,2992,CLP-E9956,1
PEC-81270,Fresadora,Aco_Inox,Soluvel,Turno_1,2946.7,275.1,1.35,18.1,92.6,124.6,52.2,115,7.81,1612,CLP-DD0D2,1
PEC-81271,Centro_Usinagem,Aluminio,Semi_Sintetico,Turno_2,3467.7,216.1,1.61,8.7,60.0,127.1,59.9,51,10.95,4642,CLP-5325C,1
PEC-81272,Fresadora,Aluminio,Sintetico,Turno_1,,192.4,3.33,58.4,50.5,100.6,45.0,154,-33.02,9961,CLP-85F29,1
PEC-81273,Torno_CNC,Aco_Inox,Soluvel,Turno_2,2664.9,368.1,4.35,24.0,58.9,112.1,54.9,48,-19.29,3963,CLP-EAC4F,1
PEC-81274, TORNO_CNC ,Aco_Carbono,Soluvel,Turno_2,3666.3,204.8,4.28,41.6,58.3,132.8,30.4,160,0.74,2412,CLP-1F5B6,1
PEC-81275,Torno_CNC,Aco_Inox,Soluvel,Turno_3,3359.1,325.9,2.58,41.8,78.0,143.6,61.9,115,-39.58,1234,CLP-C37FB,1
PEC-81276,Torno_CNC,Aco_Inox,Sintetico,Turno_1,3146.3,269.5,4.05,32.7,63.6,121.3,48.4,94,-23.0,1273,CLP-C2BCA,1
PEC-81277,Celula_Robotica,Aluminio,Sintetico,Turno_2,2493.0,352.3,0.62,11.9,66.2,120.8,51.0,150,15.55,6603,CLP-2CF83,1
PEC-81278,Torno_CNC,Aco_Inox,Soluvel,Turno_1,2864.8,234.1,3.94,38.5,65.8,113.2,34.7,51,6.71,2719,CLP-B2246,1
PEC-81279, TORNO_CNC ,Aco_Inox,Soluvel,Turno_2,4108.4,169.6,2.4,18.6,79.0,142.3,34.2,117,3.83,6199,CLP-B50A8,1
PEC-81280,Fresadora,Aluminio,Soluvel,Turno_2,2521.2,250.1,3.63,64.8,61.1,128.3,39.8,160,16.98,6778,CLP-9F971,1
PEC-81281,Fresadora,Latao,Soluvel,Turno_1,3086.9,175.7,0.52,12.5,62.5,107.4,45.2,14,20.43,3671,CLP-8B7F0,1
PEC-81282,torno_cnc,Aco_Carbono,Soluvel,Turno_2,3192.6,383.9,3.97,17.0,56.7,131.7,43.0,1,19.12,2437,CLP-7D1B9,0
PEC-81283,Torno_CNC,Aco_Inox,Semi_Sintetico,Turno_1,3344.2,281.5,2.88,25.3,60.0,109.5,41.7,107,-2.43,3120,CLP-8DAFC,1
PEC-81284,Torno_CNC,Aco_Carbono,Soluvel,Turno_1,2526.3,288.9,1.46,52.1,71.3,105.7,43.4,171,-27.17,5993,CLP-C90B5,1
PEC-81285,torno_cnc,Aco_Carbono,Sintetico,Turno_1,3278.4,288.9,1.89,49.6,73.7,113.3,26.3,23,-15.9,9877,CLP-F3623,1
PEC-81286,Torno_CNC,Aluminio,Sintetico,Turno_2,2441.3,215.3,1.3,19.4,85.4,107.1,48.4,28,-7.4,3774,CLP-35D4B,1
PEC-81287, TORNO_CNC ,Aco_Carbono,Soluvel,Turno_3,3243.8,243.4,2.2,30.0,63.8,106.4,43.6,150,9.37,9745,CLP-E1CCE,1
PEC-81288,Torno_CNC,Aluminio,Sintetico,Turno_1,2906.4,255.5,1.82,14.3,61.8,99.0,52.6,177,-27.08,3628,CLP-E5430,1
PEC-81289,Torno_CNC,Aco_Inox,Sintetico,Turno_2,2810.4,347.2,2.64,,69.8,109.5,41.2,138,8.65,3298,CLP-2F0B2,1
PEC-81290, TORNO_CNC ,Aluminio,Soluvel,Turno_1,,192.1,3.76,12.7,59.4,112.0,42.0,123,-0.55,6326,CLP-D54C2,1
PEC-81291,Torno_CNC,Aluminio,Semi_Sintetico,Turno_1,3094.0,213.6,4.43,64.9,57.3,99.7,46.3,164,-4.54,8552,CLP-7F038,1
PEC-81292,torno_cnc,Aluminio,Soluvel,Turno_3,3413.2,231.9,1.51,101.7,68.9,128.1,50.5,89,44.38,4573,CLP-1D064,1
PEC-81293,Fresadora,Aluminio,Semi_Sintetico,Turno_2,3428.1,216.3,0.93,172.4,60.3,93.5,54.2,32,-16.4,6964,CLP-9C6DD,1
PEC-81294,Centro_Usinagem,Latao,Sintetico,Turno_1,3771.5,177.1,2.08,73.1,61.5,114.3,44.7,151,11.18,3506,CLP-AFF62,1
PEC-81295,Torno_CNC,Latao,Sintetico,Turno_1,2656.3,114.8,1.07,,72.3,129.9,48.4,174,-10.46,1587,CLP-DABCC,1
PEC-81296,Torno_CNC,Aco_Carbono,Semi_Sintetico,Turno_3,3613.6,158.7,3.84,23.9,68.7,137.0,45.3,145,13.03,6534,CLP-97C73,1
PEC-81297,Torno_CNC,Aco_Carbono,Semi_Sintetico,Turno_1,3207.4,305.0,2.5,8.3,89.0,111.4,42.6,113,-27.59,1100,CLP-44BB0,1
PEC-81298,Fresadora,Latao,Sintetico,Turno_1,3029.8,249.6,2.98,11.3,76.1,135.2,29.6,52,-6.66,6919,CLP-9B6CB,1
PEC-81299,Fresadora,Aco_Inox,Semi_Sintetico,Turno_2,2682.8,291.8,1.1,6.8,55.8,114.5,46.6,178,-3.48,2373,CLP-5B27B,0
PEC-81300,Torno_CNC,Aco_Inox,Soluvel,Turno_2,3473.0,220.9,3.5,40.9,60.2,153.8,37.7,42,10.73,7822,CLP-D5474,1
PEC-81301,Celula_Robotica,Aluminio,Sintetico,Turno_2,2785.0,245.1,4.39,31.7,48.5,98.1,52.0,114,-8.21,1260,CLP-7C2EF,1
PEC-81302,Torno_CNC,Aco_Carbono,Soluvel,Turno_3,3433.0,330.7,2.43,92.1,53.3,104.9,38.1,62,9.23,6758,CLP-D605F,1
PEC-81303,torno_cnc,Aluminio,Soluvel,Turno_1,4067.5,327.6,4.35,26.8,80.1,122.4,40.5,24,-30.05,4204,CLP-7367A,1
PEC-81304,Fresadora,Aco_Carbono,Semi_Sintetico,Turno_2,3641.0,297.1,0.64,41.0,61.7,101.1,38.4,57,0.22,2411,CLP-256E0,1
PEC-81305,Centro_Usinagem,Aco_Inox,Soluvel,Turno_1,3826.1,260.1,0.64,23.0,48.4,109.4,49.3,134,-4.78,1772,CLP-6EC88,1
PEC-81306,Fresadora,Aco_Inox,Soluvel,Turno_2,2876.4,275.9,4.34,66.9,41.6,126.8,42.6,83,8.83,3053,CLP-8B8E7,1
PEC-81307,Centro_Usinagem,Aco_Carbono,Semi_Sintetico,Turno_3,3543.2,268.5,3.3,96.3,47.3,122.9,49.5,115,24.21,7365,CLP-6512F,1
PEC-81308,Torno_CNC,Aco_Inox,Soluvel,Turno_2,2685.1,241.7,1.25,24.8,55.4,119.5,23.6,83,-3.5,4818,CLP-3C035,1
PEC-81309,Centro_Usinagem,Aco_Inox,Soluvel,Turno_2,3094.9,229.8,1.96,8.0,65.0,119.6,61.0,115,4.75,9613,CLP-48E9F,1
PEC-81310,Torno_CNC,Aco_Inox,Sintetico,Turno_3,3983.6,306.1,2.53,11.3,60.2,83.1,36.9,76,-16.1,2777,CLP-9BB9F,1
PEC-81311,Centro_Usinagem,Aco_Inox,Sintetico,Turno_1,2926.5,185.2,3.31,49.6,73.4,122.2,51.1,160,-17.94,9554,CLP-BA88A,1
PEC-81312,torno_cnc,Aco_Carbono,Semi_Sintetico,Turno_2,3700.1,324.4,3.87,18.8,53.8,110.5,49.0,153,5.23,8557,CLP-64D3B,1
PEC-81313,Centro_Usinagem,Aco_Inox,Sintetico,Turno_3,3657.0,236.2,0.83,58.9,79.7,114.5,50.7,64,6.06,7828,CLP-CD264,1
PEC-81314, TORNO_CNC ,Aluminio,Sintetico,Turno_2,3683.6,184.3,3.13,,63.4,96.1,38.5,4,-18.91,8834,CLP-86C3F,1
PEC-81315,Fresadora,Aco_Inox,Sintetico,Turno_1,2629.8,222.7,2.41,,70.5,130.1,42.3,167,-8.57,9657,CLP-9A62B,1
PEC-81316,torno_cnc,Aco_Carbono,Soluvel,Turno_1,3436.3,206.3,2.89,63.9,58.8,128.3,48.2,130,-5.34,6060,CLP-657BA,1
PEC-81317,Fresadora,Aco_Inox,Sintetico,Turno_1,3129.5,221.2,2.53,54.5,77.2,102.5,45.0,151,3.04,7265,CLP-422CF,1
PEC-81318,Torno_CNC,Aluminio,Semi_Sintetico,Turno_1,3689.8,220.3,2.3,40.0,49.1,122.7,37.7,84,13.73,1345,CLP-C90B2,1
PEC-81319,Torno_CNC,Aco_Carbono,Soluvel,Turno_2,2455.2,218.3,1.32,5.1,50.2,144.7,49.6,36,-10.14,1153,CLP-8D64D,0
PEC-81320,Torno_CNC,Aco_Inox,Soluvel,Turno_1,3365.5,234.6,2.39,30.4,53.4,122.1,63.3,17,-13.54,9060,CLP-869F4,1
PEC-81321,Torno_CNC,Aco_Carbono,Soluvel,Turno_1,3301.9,246.8,1.26,36.7,79.1,89.8,41.6,86,6.1,5775,CLP-A794C,1
PEC-81322,Centro_Usinagem,Aluminio,Sintetico,Turno_2,2304.4,288.2,0.68,118.2,62.2,111.4,48.9,71,-19.26,7403,CLP-89EF7,1
PEC-81323,Torno_CNC,Aluminio,Soluvel,Turno_2,2801.6,237.8,2.0,41.8,53.6,121.9,46.8,104,4.15,5015,CLP-1D8CB,1
PEC-81324,Celula_Robotica,Aco_Inox,Sintetico,Turno_2,2376.4,266.3,0.6,35.0,62.6,151.7,42.0,87,-7.64,5749,CLP-79323,0
PEC-81325,Torno_CNC,Latao,Semi_Sintetico,Turno_2,2873.1,250.4,2.75,32.3,67.1,101.9,51.5,74,58.5,4527,CLP-4A921,1
PEC-81326,Torno_CNC,Aco_Carbono,Sintetico,Turno_1,3447.1,277.0,0.79,8.8,52.1,117.8,51.3,60,-4.04,9766,CLP-C2B78,0
PEC-81327,Fresadora,Aco_Inox,Soluvel,Turno_1,3287.9,252.3,2.25,24.5,66.9,104.0,40.6,110,-1.83,1091,CLP-2C6B1,1
PEC-81328,Fresadora,Aco_Inox,Semi_Sintetico,Turno_1,3276.2,217.7,4.42,10.0,63.4,133.2,56.5,40,-1.9,7804,CLP-71902,1
PEC-81329, TORNO_CNC ,Aco_Carbono,Soluvel,Turno_2,2732.1,204.1,0.54,6.9,58.9,114.5,45.1,49,22.11,5971,CLP-36E63,0
PEC-81330,torno_cnc,Aluminio,Sintetico,Turno_1,3704.2,260.5,1.97,19.0,49.8,79.0,53.6,56,11.76,1021,CLP-771D2,1
PEC-81331,Fresadora,Aco_Carbono,Sintetico,Turno_2,3191.5,313.7,3.19,41.3,75.7,114.1,47.8,81,5.64,1021,CLP-A2A22,1
PEC-81332,Torno_CNC,Aluminio,Soluvel,Turno_1,3215.2,238.5,1.14,75.6,59.4,118.3,45.3,10,7.5,1012,CLP-3687D,1
PEC-81333,Celula_Robotica,Aco_Carbono,Seco,Turno_3,3623.2,215.0,2.74,63.2,29.8,125.8,44.9,122,-23.31,4714,CLP-BB6A6,1
PEC-81334,Celula_Robotica,Aco_Inox,Soluvel,Turno_2,2753.9,237.2,1.53,17.2,69.3,122.7,50.4,163,3.25,3488,CLP-709D0,1
PEC-81335,Fresadora,Aco_Inox,Seco,Turno_2,3302.8,221.9,1.39,6.6,69.6,129.9,36.2,138,9.79,1465,CLP-275CA,1
PEC-81336,Torno_CNC,Aluminio,Soluvel,Turno_3,3390.6,216.7,4.08,23.0,76.2,118.1,48.0,43,-2.83,2229,CLP-6336C,1
PEC-81337,Fresadora,Latao,Soluvel,Turno_2,2954.5,177.8,1.31,18.2,70.0,121.3,55.5,20,15.27,6390,CLP-44A77,0
PEC-81338,Torno_CNC,Aco_Inox,Soluvel,Turno_2,3493.6,237.8,2.01,21.2,66.7,120.2,49.1,145,4.24,6681,CLP-92895,1
PEC-81339,Torno_CNC,Aluminio,Soluvel,Turno_3,3414.7,261.8,1.18,33.7,59.2,113.8,31.0,39,12.2,3882,CLP-C50B1,1
PEC-81340,Torno_CNC,Aluminio,Sintetico,Turno_2,3154.5,195.9,1.64,6.1,59.2,128.5,33.9,50,5.3,9989,CLP-54636,0
PEC-81341, TORNO_CNC ,Aluminio,Sintetico,Turno_3,3140.5,206.1,1.67,21.2,73.1,132.7,45.2,92,20.22,9454,CLP-A54FE,1
PEC-81342,Centro_Usinagem,Aco_Carbono,Semi_Sintetico,Turno_1,3435.6,202.6,1.81,33.6,63.1,119.3,38.7,73,8.55,5685,CLP-E1D3C,1
PEC-81343,Fresadora,Aco_Carbono,Soluvel,Turno_3,3554.8,180.7,3.06,24.7,47.8,112.6,52.1,176,-26.48,2842,CLP-A319C,1
PEC-81344,Fresadora,Aco_Inox,Soluvel,Turno_1,3228.3,202.2,3.47,,60.9,103.8,41.2,161,13.52,8891,CLP-BE961,1
PEC-81345, TORNO_CNC ,Latao,Sintetico,Turno_1,3704.1,240.1,2.54,12.2,64.3,125.3,49.4,35,18.21,2615,CLP-C04C4,1
PEC-81346,Torno_CNC,Aco_Carbono,Soluvel,Turno_2,3496.3,182.9,2.94,10.8,41.1,104.9,60.5,150,-6.05,6064,CLP-D4EF2,1
PEC-81347, TORNO_CNC ,Aco_Carbono,Sintetico,Turno_1,2395.2,243.1,3.75,17.9,74.0,122.4,45.2,151,-0.43,3357,CLP-95D1B,1
PEC-81348,Celula_Robotica,Aluminio,Sintetico,Turno_1,2567.8,214.8,4.5,8.8,65.0,122.0,36.9,46,11.19,1664,CLP-DE034,1
PEC-81349,Torno_CNC,Aco_Carbono,Soluvel,Turno_1,3732.0,203.6,2.33,14.4,48.6,136.0,48.2,89,2.08,7732,CLP-3BE71,1
PEC-81350,Centro_Usinagem,Aco_Inox,Semi_Sintetico,Turno_2,3089.0,268.9,4.25,8.2,61.4,140.8,47.3,119,2.81,7353,CLP-EF190,1
PEC-81351,torno_cnc,Aco_Inox,Sintetico,Turno_3,3273.9,218.0,2.46,23.0,63.8,74.4,47.0,7,35.76,8617,CLP-B1AFE,1
PEC-81352, TORNO_CNC ,Aco_Carbono,Sintetico,Turno_2,3712.7,226.5,3.63,48.5,76.4,117.0,55.9,15,-0.12,7430,CLP-E7305,1
PEC-81353,Fresadora,Aco_Inox,Soluvel,Turno_3,3197.1,314.9,2.79,,76.0,88.5,35.5,93,-0.39,1798,CLP-72EE2,1
PEC-81354, TORNO_CNC ,Aco_Inox,Soluvel,Turno_2,3216.8,204.0,4.04,,77.9,137.4,53.0,165,-2.71,8753,CLP-1894E,1
PEC-81355,Centro_Usinagem,Aco_Carbono,Soluvel,Turno_1,2809.1,328.3,2.29,33.5,69.5,119.7,40.2,74,2.81,3302,CLP-9AE32,1
PEC-81356,Centro_Usinagem,Aco_Carbono,Soluvel,Turno_1,,232.6,3.28,46.2,57.2,137.3,56.0,60,-9.25,4927,CLP-942D2,1
PEC-81357, TORNO_CNC ,Aco_Inox,Soluvel,Turno_2,3463.9,193.2,2.37,22.4,54.1,123.9,28.0,178,12.42,8059,CLP-B302C,1
PEC-81358,Torno_CNC,Aco_Carbono,Semi_Sintetico,Turno_1,2940.0,222.3,3.93,17.3,56.6,99.7,62.8,109,-27.02,4989,CLP-BEC69,1
PEC-81359,torno_cnc,Aluminio,Sintetico,Turno_1,2785.1,253.4,4.48,28.6,64.2,105.5,42.8,13,6.14,2910,CLP-68FF8,1
PEC-81360,Centro_Usinagem,Aluminio,Sintetico,Turno_2,4381.8,312.7,1.47,,64.7,118.0,35.3,147,9.5,5466,CLP-81030,1
PEC-81361,Torno_CNC,Aco_Carbono,Soluvel,Turno_2,3158.2,289.9,2.4,41.1,77.3,128.5,52.3,49,-5.77,8483,CLP-3DB5A,1
PEC-81362,Fresadora,Aluminio,Seco,Turno_1,2892.3,253.2,0.83,51.3,61.9,120.9,49.1,23,-15.3,9572,CLP-6E4AA,0
PEC-81363,Fresadora,Aco_Inox,Soluvel,Turno_3,3518.0,313.0,1.06,47.7,40.7,122.7,48.6,55,10.27,5381,CLP-BCBA4,1
PEC-81364,Fresadora,Aco_Inox,Semi_Sintetico,Turno_2,3177.1,155.9,4.22,18.9,50.7,114.6,52.4,143,25.53,3915,CLP-4FD38,1
PEC-81365,Torno_CNC,Aluminio,Seco,Turno_2,2711.4,262.5,2.67,69.7,53.3,136.9,45.3,10,-45.02,3923,CLP-CBE6E,1
PEC-81366,Fresadora,Aluminio,Sintetico,Turno_3,3417.4,265.5,2.08,107.7,53.3,122.2,42.7,116,13.59,6487,CLP-3664F,1
PEC-81367,Centro_Usinagem,Aco_Carbono,Seco,Turno_1,2816.1,266.1,3.19,17.3,31.3,120.7,35.7,104,17.32,6720,CLP-DFA9B,1
PEC-81368,Torno_CNC,Aco_Carbono,Sintetico,Turno_2,3909.4,169.5,2.74,,83.8,124.4,44.1,63,-15.78,6907,CLP-AB329,1
PEC-81369,Torno_CNC,Aluminio,Soluvel,Turno_3,3422.5,199.2,1.65,47.6,38.8,113.8,40.9,46,22.98,3340,CLP-94F78,1
PEC-81370,Celula_Robotica,Aco_Carbono,Soluvel,Turno_2,3075.4,241.7,1.41,48.1,58.1,114.7,44.9,161,0.24,7416,CLP-C38A9,1
PEC-81371,Torno_CNC,Aco_Inox,Soluvel,Turno_3,3249.2,305.7,2.86,30.0,72.9,127.2,45.9,56,-23.64,3842,CLP-DFC2D,1
PEC-81372,Centro_Usinagem,Aco_Inox,Soluvel,Turno_2,,345.8,1.25,94.9,72.1,131.6,58.9,109,5.99,2091,CLP-1C36D,1
PEC-81373, TORNO_CNC ,Aco_Carbono,Sintetico,Turno_2,3283.7,216.8,1.06,10.5,47.4,133.2,39.0,18,3.84,4648,CLP-A9D3B,0
PEC-81374,Torno_CNC,Aco_Inox,Soluvel,Turno_1,4154.9,184.5,1.77,27.7,79.5,117.1,43.9,68,-10.05,9639,CLP-56718,1
PEC-81375,Centro_Usinagem,Aco_Inox,Semi_Sintetico,Turno_3,3711.1,290.8,3.95,6.3,77.7,121.8,41.5,59,22.39,8825,CLP-27FC1,1
PEC-81376, TORNO_CNC ,Aluminio,Soluvel,Turno_3,3419.4,380.7,0.65,6.9,62.8,110.9,33.8,132,-4.13,4368,CLP-CC452,1
PEC-81377,torno_cnc,Aluminio,Soluvel,Turno_3,2778.4,305.3,3.83,6.9,65.3,131.8,68.3,143,7.73,1168,CLP-356F8,1
PEC-81378, TORNO_CNC ,Aco_Carbono,Seco,Turno_2,3133.9,212.6,2.98,28.7,54.0,105.8,37.5,159,-6.79,3407,CLP-7CC9B,1
PEC-81379,torno_cnc,Aco_Inox,Soluvel,Turno_1,3415.5,393.1,0.66,36.1,68.0,123.3,48.0,2,-7.94,6324,CLP-B5051,0
PEC-81380,Torno_CNC,Aco_Inox,Sintetico,Turno_1,2829.7,284.3,2.91,5.1,67.7,133.2,58.6,62,-16.85,2665,CLP-798C0,0
PEC-81381, TORNO_CNC ,Aco_Inox,Semi_Sintetico,Turno_3,3782.0,210.4,2.2,40.0,59.2,121.9,35.1,161,25.29,4844,CLP-81ABB,1
PEC-81382,Celula_Robotica,Aluminio,Soluvel,Turno_1,2761.6,346.7,3.86,28.5,72.7,124.5,52.0,174,7.37,4101,CLP-641FF,1
PEC-81383,Torno_CNC,Aco_Inox,Sintetico,Turno_1,2913.2,206.5,4.13,13.9,69.0,115.9,32.7,178,-10.1,3584,CLP-5879A,1
PEC-81384,Fresadora,Aluminio,Soluvel,Turno_2,2947.0,218.9,1.65,,103.6,92.2,38.6,148,2.0,4314,CLP-DE23C,1
PEC-81385,Torno_CNC,Aco_Carbono,Semi_Sintetico,Turno_2,3534.7,286.3,3.64,10.9,54.2,109.9,49.5,65,17.1,7743,CLP-63C5A,1
PEC-81386,Fresadora,Latao,Sintetico,Turno_2,2837.8,248.8,1.74,37.1,81.0,120.7,42.8,84,-1.5,4122,CLP-57300,1
PEC-81387,Torno_CNC,Aco_Inox,Soluvel,Turno_2,2390.0,251.9,1.68,42.6,54.8,109.7,56.6,24,8.08,9769,CLP-89A24,0
PEC-81388,Celula_Robotica,Aluminio,Semi_Sintetico,Turno_2,3689.6,251.9,1.27,41.5,71.3,127.3,46.0,142,-10.71,4386,CLP-82D86,1
PEC-81389, TORNO_CNC ,Aluminio,Soluvel,Turno_3,3000.0,305.7,3.21,10.8,33.8,98.0,49.2,49,-0.16,4247,CLP-94F5C,0
PEC-81390,Torno_CNC,Latao,Semi_Sintetico,Turno_1,2719.2,133.8,1.55,89.8,58.9,90.9,39.5,101,-27.14,6931,CLP-45B49,1
PEC-81391,Torno_CNC,Latao,Semi_Sintetico,Turno_1,2860.3,264.2,2.36,23.5,70.7,130.4,36.7,169,-1.44,4376,CLP-2912C,1
PEC-81392,Torno_CNC,Aco_Inox,Semi_Sintetico,Turno_2,3972.5,235.5,3.75,56.1,67.9,115.3,35.8,157,-10.41,6660,CLP-37184,1
PEC-81393,torno_cnc,Aco_Carbono,Semi_Sintetico,Turno_3,2904.3,212.4,3.67,11.4,40.9,125.2,37.5,149,19.43,8555,CLP-4B714,1
PEC-81394,Torno_CNC,Aco_Inox,Soluvel,Turno_1,3144.5,212.2,3.92,27.3,60.1,112.2,39.4,32,-9.95,5596,CLP-7551A,1
PEC-81395,Centro_Usinagem,Aco_Inox,Seco,Turno_1,2998.9,118.1,1.14,30.8,82.7,128.5,54.3,128,-13.03,8436,CLP-4A63D,1
PEC-81396, TORNO_CNC ,Aco_Inox,Soluvel,Turno_2,2645.3,210.1,2.85,56.5,77.3,140.4,48.2,53,12.05,3528,CLP-C3439,1
PEC-81397,Torno_CNC,Aluminio,Sintetico,Turno_2,,314.5,4.16,39.0,76.5,141.4,34.8,87,-11.67,1000,CLP-31581,1
PEC-81398,Fresadora,Aluminio,Soluvel,Turno_3,2614.5,291.6,0.67,22.8,93.2,110.3,41.7,63,0.66,2728,CLP-52BE5,1
PEC-81399,Fresadora,Aco_Inox,Seco,Turno_3,3630.1,240.4,3.68,16.6,44.1,113.7,44.8,151,-2.18,7048,CLP-35F44,1
PEC-81400,Torno_CNC,Aluminio,Sintetico,Turno_2,3245.4,179.4,1.48,131.4,60.3,122.6,68.5,81,-3.05,5628,CLP-8FED1,1
PEC-81401,Torno_CNC,Aco_Inox,Semi_Sintetico,Turno_2,4317.2,291.1,3.18,16.7,65.4,148.1,45.1,34,-14.84,7611,CLP-9D9FF,1
PEC-81402,Torno_CNC,Aluminio,Soluvel,Turno_1,2881.0,315.5,3.37,9.9,56.2,102.7,48.6,165,15.49,4056,CLP-8A55C,1
PEC-81403,Fresadora,Aco_Inox,Semi_Sintetico,Turno_2,2813.5,301.7,4.2,17.5,66.5,102.8,37.1,133,-10.51,8315,CLP-CE0B1,1
PEC-81404,Fresadora,Aco_Inox,Semi_Sintetico,Turno_2,3890.2,201.6,2.54,18.9,80.6,133.0,50.8,42,6.83,9627,CLP-60220,1
PEC-81405, TORNO_CNC ,Aluminio,Sintetico,Turno_1,3676.1,206.8,3.89,9.8,66.3,110.0,56.0,72,5.69,8432,CLP-C5ACE,1
PEC-81406,Centro_Usinagem,Aco_Inox,Soluvel,Turno_1,3373.1,332.8,0.68,48.1,38.6,129.9,43.8,88,9.72,1446,CLP-49081,1
PEC-81407,Centro_Usinagem,Aluminio,Soluvel,Turno_3,2698.8,189.5,2.18,38.8,73.1,111.2,49.9,153,-7.49,2820,CLP-1C772,1
PEC-81408,torno_cnc,Aco_Inox,Soluvel,Turno_2,3985.2,273.9,2.26,18.3,64.8,125.3,49.6,46,-7.08,4150,CLP-4D74F,1
PEC-81409,Centro_Usinagem,Aluminio,Soluvel,Turno_2,3167.6,161.1,2.65,178.7,38.8,112.4,45.6,27,8.6,6545,CLP-45DDB,1
PEC-81410,Torno_CNC,Aco_Inox,Soluvel,Turno_1,3006.2,235.0,2.43,42.2,57.6,104.9,55.3,96,-9.82,7430,CLP-5CAA9,1
PEC-81411,Torno_CNC,Aluminio,Soluvel,Turno_2,3714.3,279.3,4.37,47.5,44.2,122.2,38.6,135,-7.38,1239,CLP-924E1,1
PEC-81412,Torno_CNC,Aco_Carbono,Soluvel,Turno_3,3190.0,248.5,0.81,33.5,61.5,101.8,38.0,12,-6.67,1879,CLP-31898,1
PEC-81413,Torno_CNC,Aco_Inox,Soluvel,Turno_1,2675.4,276.2,1.56,33.1,59.0,126.8,45.0,112,-1.67,7066,CLP-E5E54,0
PEC-81414,torno_cnc,Aluminio,Soluvel,Turno_2,3218.1,188.7,4.37,5.7,46.7,116.5,42.0,135,-5.29,1376,CLP-78E60,1
PEC-81415,Celula_Robotica,Aco_Inox,Seco,Turno_1,2848.4,209.0,2.28,56.6,68.0,99.6,21.7,109,-2.0,7757,CLP-927E0,1
PEC-81416,Torno_CNC,Aluminio,Sintetico,Turno_2,1845.8,274.1,2.78,89.6,52.0,124.5,39.1,173,-15.13,6098,CLP-CE526,1
PEC-81417,Torno_CNC,Aco_Inox,Soluvel,Turno_3,2803.2,284.8,0.82,9.6,80.9,124.2,28.0,136,0.48,2921,CLP-92056,1
PEC-81418, TORNO_CNC ,Aluminio,Sintetico,Turno_2,2962.5,261.0,1.64,60.6,67.0,84.7,42.4,132,13.15,3425,CLP-B2ADE,1
PEC-81419,Celula_Robotica,Aluminio,Sintetico,Turno_3,2680.0,297.4,0.66,,61.9,119.2,50.7,156,-11.35,2418,CLP-1DF5E,0
PEC-81420,Torno_CNC,Latao,Seco,Turno_3,3458.9,167.1,1.05,16.8,80.0,120.1,45.4,46,7.58,3062,CLP-43968,1
PEC-81421,torno_cnc,Aluminio,Soluvel,Turno_3,2850.1,226.7,3.03,93.8,68.1,121.4,46.1,112,29.88,7510,CLP-A8EE8,1
PEC-81422,Torno_CNC,Aluminio,Soluvel,Turno_3,3415.3,341.1,3.55,5.6,69.2,92.7,43.8,40,-18.22,1138,CLP-A2223,1
PEC-81423,Torno_CNC,Aluminio,Seco,Turno_1,2645.0,314.2,3.98,16.2,64.2,125.3,46.7,34,-1.88,6200,CLP-A9ADD,1
PEC-81424,Celula_Robotica,Latao,Soluvel,Turno_3,3609.1,281.7,1.51,81.1,61.2,127.7,67.6,116,2.65,3087,CLP-216C6,1
PEC-81425,Celula_Robotica,Aco_Carbono,Soluvel,Turno_1,2625.6,242.2,1.83,28.0,69.9,105.9,42.2,27,-3.29,6593,CLP-1D980,1
PEC-81426,Torno_CNC,Aco_Inox,Soluvel,Turno_1,2146.3,301.7,2.78,37.0,83.3,99.0,44.9,154,-17.96,4679,CLP-E2A5E,1
PEC-81427,Celula_Robotica,Aco_Carbono,Soluvel,Turno_1,3756.8,271.5,0.83,53.5,24.0,105.3,38.1,139,1.04,4763,CLP-61970,0
PEC-81428,Fresadora,Aluminio,Seco,Turno_1,2814.8,174.1,3.73,10.6,87.4,121.9,29.8,1,-9.97,6526,CLP-D67E8,1
PEC-81429,Centro_Usinagem,Aco_Carbono,Soluvel,Turno_2,3990.6,299.8,2.43,13.5,52.9,101.4,47.1,149,8.41,2171,CLP-76F3C,1
PEC-81430, TORNO_CNC ,Aco_Carbono,Seco,Turno_2,3454.1,206.7,4.36,235.7,67.3,99.7,54.1,32,30.77,7939,CLP-49C44,1
PEC-81431,torno_cnc,Aco_Inox,Seco,Turno_1,3555.6,288.0,0.97,14.5,44.4,151.5,63.6,68,2.24,3431,CLP-CF631,1
PEC-81432, TORNO_CNC ,Aco_Carbono,Sintetico,Turno_2,3670.5,169.2,1.03,32.1,82.9,119.9,43.5,130,23.97,8270,CLP-ACB2A,1
PEC-81433,Fresadora,Aco_Inox,Soluvel,Turno_2,3250.7,330.0,1.89,17.4,48.4,115.3,42.9,84,-15.34,4974,CLP-A2669,0
PEC-81434,Torno_CNC,Aco_Inox,Soluvel,Turno_3,3255.8,236.3,1.33,71.7,78.5,109.9,52.5,54,3.57,8963,CLP-6B608,1
PEC-81435,Torno_CNC,Aco_Inox,Soluvel,Turno_1,3776.6,194.5,3.29,119.2,62.1,113.7,58.7,137,6.73,7866,CLP-B303F,1
PEC-81436,Torno_CNC,Aco_Carbono,Soluvel,Turno_1,3250.1,215.6,4.29,10.3,63.0,147.0,35.1,138,-16.89,2388,CLP-ABEC5,1
PEC-81437,Fresadora,Aco_Inox,Sintetico,Turno_1,2872.3,233.2,0.86,37.1,49.9,132.2,50.3,73,-20.25,3033,CLP-F34CC,1
PEC-81438,Torno_CNC,Aco_Inox,Soluvel,Turno_1,3463.6,249.7,1.47,63.4,79.6,155.8,59.6,3,-3.74,1236,CLP-B6B0E,1
PEC-81439,Fresadora,Aco_Carbono,Seco,Turno_2,2248.9,315.9,1.45,65.6,63.2,125.9,43.0,31,-31.23,6080,CLP-50624,0
PEC-81440,Celula_Robotica,Aco_Inox,Sintetico,Turno_2,3793.8,253.5,2.54,25.3,73.6,105.7,35.7,99,14.14,6474,CLP-416E2,1
PEC-81441,Torno_CNC,Aco_Inox,Sintetico,Turno_1,3803.2,141.5,2.31,13.9,40.2,124.1,51.3,132,-8.47,5492,CLP-EA472,1
PEC-81442,Fresadora,Aco_Inox,Semi_Sintetico,Turno_1,3739.2,188.5,3.41,22.1,54.3,128.2,34.2,135,5.76,7014,CLP-20EC7,1
PEC-81443, TORNO_CNC ,Aco_Inox,Soluvel,Turno_1,3721.9,387.9,3.43,53.7,68.0,129.2,54.5,16,8.56,4779,CLP-3A815,1
PEC-81444,Centro_Usinagem,Aluminio,Soluvel,Turno_3,3162.1,256.8,2.79,182.8,46.1,113.4,60.9,16,-0.4,3273,CLP-4F036,1
PEC-81445,Torno_CNC,Aco_Inox,Soluvel,Turno_1,3152.0,297.5,2.86,33.3,69.3,147.1,41.0,92,-20.34,6408,CLP-A74FE,1
PEC-81446,Fresadora,Latao,Soluvel,Turno_3,2646.7,234.6,3.87,12.6,57.1,101.0,58.3,103,-20.85,6675,CLP-42BC0,1
PEC-81447,Centro_Usinagem,Aco_Carbono,Sintetico,Turno_2,3986.6,199.8,2.09,6.5,55.7,125.1,50.1,114,0.51,8248,CLP-C8135,1
PEC-81448,Celula_Robotica,Aco_Inox,Soluvel,Turno_1,2981.7,225.9,0.55,105.7,71.2,115.6,56.1,13,-21.25,1647,CLP-2C80D,1
PEC-81449,Fresadora,Aco_Inox,Soluvel,Turno_3,3352.9,256.4,1.35,28.1,67.0,108.3,39.8,173,-13.79,1815,CLP-31EEC,1
PEC-81450, TORNO_CNC ,Aluminio,Seco,Turno_3,3314.3,227.0,0.64,49.1,51.5,123.7,50.0,152,-8.51,1048,CLP-45AEB,1
PEC-81451,Fresadora,Aluminio,Soluvel,Turno_2,2596.8,345.9,2.07,42.8,78.5,138.8,46.9,86,-22.4,6428,CLP-472CD,1
PEC-81452,Centro_Usinagem,Aco_Inox,Sintetico,Turno_2,2414.9,219.2,1.93,82.5,71.1,126.1,38.7,126,7.39,6890,CLP-3F20B,1
PEC-81453,torno_cnc,Aco_Inox,Soluvel,Turno_2,3202.5,197.3,0.89,15.8,40.8,124.1,42.2,5,-3.13,7561,CLP-5C628,0
PEC-81454,Torno_CNC,Aco_Carbono,Soluvel,Turno_1,2995.8,290.4,3.52,25.4,61.4,89.7,49.6,121,17.29,5879,CLP-979A4,1
PEC-81455,Celula_Robotica,Aco_Inox,Sintetico,Turno_1,3159.8,296.6,2.71,90.7,69.5,133.8,36.0,98,27.68,2276,CLP-A6E14,1
PEC-81456,Fresadora,Aco_Inox,Seco,Turno_3,3679.4,251.5,1.4,35.8,63.7,113.9,35.4,104,-18.71,9374,CLP-91E96,1
PEC-81457,Fresadora,Aco_Carbono,Soluvel,Turno_3,3301.2,219.9,3.54,7.6,25.1,128.0,34.8,160,-34.0,6010,CLP-C135C,0
PEC-81458,Torno_CNC,Aluminio,Soluvel,Turno_1,3541.3,155.0,3.17,12.6,65.8,133.8,38.8,88,-5.21,1536,CLP-64607,1
PEC-81459,Fresadora,Aco_Inox,Soluvel,Turno_3,3400.4,311.0,1.27,14.5,74.1,122.9,47.3,101,-0.53,3502,CLP-76802,1
PEC-81460, TORNO_CNC ,Aluminio,Soluvel,Turno_2,3057.6,293.4,4.43,182.8,64.0,90.0,40.9,136,-23.34,6195,CLP-B41CB,1
PEC-81461,Fresadora,Aco_Inox,Soluvel,Turno_1,2749.2,228.0,1.21,13.9,65.7,141.2,55.2,175,4.19,7767,CLP-74CDE,1
PEC-81462,Torno_CNC,Aco_Carbono,Sintetico,Turno_2,3319.1,253.0,3.59,76.3,77.2,147.1,33.4,73,-6.02,5969,CLP-913A3,1
PEC-81463,Fresadora,Aluminio,Soluvel,Turno_2,3237.8,238.7,4.37,7.8,46.0,132.2,49.1,130,22.86,9447,CLP-2A310,1
PEC-81464,Celula_Robotica,Aco_Carbono,Soluvel,Turno_3,3611.8,331.4,3.4,12.0,73.8,109.1,42.1,65,-11.82,9785,CLP-43B39,1
PEC-81465,Torno_CNC,Latao,Sintetico,Turno_3,3132.1,198.1,3.16,77.0,69.1,138.4,44.2,117,-25.14,7867,CLP-EEAD0,1
PEC-81466,Celula_Robotica,Latao,Soluvel,Turno_1,3066.2,219.0,4.11,85.2,45.5,115.8,50.5,170,-29.61,7671,CLP-F1A27,1
PEC-81467, TORNO_CNC ,Latao,Soluvel,Turno_2,3096.7,214.2,1.58,11.8,73.4,119.0,23.9,20,-17.36,1980,CLP-2E73B,0
PEC-81468,Centro_Usinagem,Aluminio,Seco,Turno_3,2786.6,265.5,1.61,14.1,86.7,138.0,27.9,139,13.32,3199,CLP-9C9BB,1
PEC-81469,Fresadora,Aco_Inox,Soluvel,Turno_3,3851.1,252.8,3.06,31.5,69.0,129.7,44.5,109,5.15,5119,CLP-5C8D4,1
PEC-81470,torno_cnc,Aluminio,Semi_Sintetico,Turno_1,3712.8,260.0,4.03,6.9,71.7,84.7,43.2,2,-0.92,9764,CLP-6CB5D,1
PEC-81471,Fresadora,Aluminio,Soluvel,Turno_2,2654.1,206.0,2.97,106.7,52.2,123.1,33.6,97,-6.73,8917,CLP-D0EFD,1
PEC-81472,Centro_Usinagem,Aco_Carbono,Soluvel,Turno_3,3561.8,324.2,4.41,20.7,57.6,137.8,61.0,86,4.21,6033,CLP-81F76,1
PEC-81473, TORNO_CNC ,Aco_Inox,Soluvel,Turno_1,2369.7,227.3,1.39,,52.8,99.5,35.7,92,-12.26,7651,CLP-4949D,0
PEC-81474,Torno_CNC,Latao,Soluvel,Turno_2,3643.4,309.4,3.8,8.9,69.7,134.7,40.7,159,19.0,6833,CLP-96C55,1
PEC-81475,Fresadora,Aco_Carbono,Soluvel,Turno_3,,407.0,4.21,6.2,58.8,95.0,54.2,10,-21.62,3350,CLP-8A639,0
PEC-81476,Centro_Usinagem,Latao,Soluvel,Turno_1,3362.0,206.3,2.21,27.1,58.0,116.8,39.6,86,8.21,6433,CLP-A1B4C,0
PEC-81477,Fresadora,Aco_Carbono,Semi_Sintetico,Turno_3,,267.1,4.35,9.5,73.4,128.1,38.1,59,-5.99,5138,CLP-77BA6,0
PEC-81478,Fresadora,Aco_Inox,Sintetico,Turno_1,2660.6,243.4,1.31,39.8,85.0,116.2,48.1,107,23.19,8661,CLP-30EA9,1
PEC-81479, TORNO_CNC ,Aco_Inox,Soluvel,Turno_1,3410.9,351.5,4.31,60.4,63.9,137.7,39.1,114,-13.08,5618,CLP-1A48A,1
PEC-81480,Centro_Usinagem,Aco_Inox,Sintetico,Turno_1,2884.6,236.0,4.11,6.1,46.1,98.8,48.2,135,-4.9,5540,CLP-39CA7,0
PEC-81481,Torno_CNC,Aco_Inox,Semi_Sintetico,Turno_1,2822.0,262.4,0.76,38.2,65.5,132.2,49.1,37,-19.36,4818,CLP-B59A6,0
PEC-81482,torno_cnc,Aluminio,Sintetico,Turno_1,3828.1,261.3,2.59,64.2,67.3,120.8,48.0,13,-1.54,2756,CLP-5DE1C,1
PEC-81483,Torno_CNC,Aco_Carbono,Soluvel,Turno_2,4194.9,245.0,2.62,25.3,75.0,107.2,54.4,118,14.34,4339,CLP-E8068,1
PEC-81484,Torno_CNC,Aco_Carbono,Semi_Sintetico,Turno_1,3621.7,287.8,0.73,117.4,61.1,126.6,41.9,154,-2.95,3512,CLP-4C5AE,1
PEC-81485, TORNO_CNC ,Aluminio,Soluvel,Turno_3,2708.7,254.7,0.66,9.1,75.6,118.9,41.0,3,8.89,9614,CLP-AB247,0
PEC-81486, TORNO_CNC ,Aco_Inox,Soluvel,Turno_2,3993.6,274.1,0.52,18.7,73.7,142.2,44.3,39,-19.21,6753,CLP-F3780,1
PEC-81487,Fresadora,Aco_Inox,Sintetico,Turno_2,2497.4,260.7,2.6,14.2,61.4,128.8,22.4,138,31.36,6786,CLP-57C5A,1
PEC-81488, TORNO_CNC ,Aco_Inox,Semi_Sintetico,Turno_2,,219.8,2.36,,74.8,126.2,46.7,165,-0.91,8834,CLP-2BA69,1
PEC-81489, TORNO_CNC ,Aco_Inox,Seco,Turno_2,3224.6,236.6,4.26,17.2,76.2,109.9,42.4,23,-16.35,5803,CLP-2BFE1,1
PEC-81490,Torno_CNC,Aluminio,Seco,Turno_2,4065.8,277.8,1.87,22.2,51.9,122.2,48.1,20,-17.3,1007,CLP-7AD5D,0
PEC-81491, TORNO_CNC ,Aco_Inox,Soluvel,Turno_1,3610.7,277.6,3.13,70.8,76.5,111.4,37.8,34,-7.98,8909,CLP-8449C,1
PEC-81492,Torno_CNC,Aco_Inox,Seco,Turno_3,2991.3,312.3,0.53,98.1,63.6,119.1,55.8,4,-24.95,4574,CLP-32976,1
PEC-81493,Torno_CNC,Aco_Inox,Soluvel,Turno_2,2774.8,343.0,3.15,102.2,62.0,138.7,43.3,160,-8.79,7008,CLP-7EACF,1
PEC-81494,Fresadora,Aluminio,Soluvel,Turno_1,3651.0,223.9,4.15,33.6,63.7,115.7,51.7,109,9.42,4282,CLP-7C148,1
PEC-81495,Fresadora,Aluminio,Sintetico,Turno_2,2960.0,256.7,1.92,43.1,79.9,98.3,40.9,170,-6.37,1299,CLP-76432,1
PEC-81496,Fresadora,Aluminio,Soluvel,Turno_2,3297.5,240.3,1.76,20.0,79.9,127.4,48.7,146,11.07,3318,CLP-7D98B,1
PEC-81497, TORNO_CNC ,Aluminio,Sintetico,Turno_1,2583.6,194.6,3.0,37.7,70.7,131.8,32.6,52,16.7,3545,CLP-4F922,1
PEC-81498, TORNO_CNC ,Latao,Soluvel,Turno_3,3456.2,278.2,1.81,17.6,68.2,143.8,27.4,129,-19.09,3579,CLP-7CFCC,1
PEC-81499,Centro_Usinagem,Aco_Inox,Seco,Turno_2,3419.9,288.9,2.11,53.0,63.7,133.0,43.3,87,-9.61,1360,CLP-7F9B1,0
PEC-81500,torno_cnc,Aluminio,Soluvel,Turno_2,2641.3,196.2,1.59,17.8,97.4,115.9,44.8,108,-21.03,3019,CLP-A0250,1
PEC-81501, TORNO_CNC ,Aco_Carbono,Soluvel,Turno_2,3664.2,231.3,1.88,79.0,56.8,123.9,44.2,132,12.49,6191,CLP-AEAE4,1
PEC-81502,Torno_CNC,Aluminio,Seco,Turno_3,3449.6,226.4,3.22,10.4,59.6,125.8,42.7,174,-1.8,2834,CLP-EAD10,1
PEC-81503,Torno_CNC,Latao,Soluvel,Turno_1,3533.0,174.6,4.19,34.7,68.6,126.5,41.8,159,24.87,5663,CLP-4AEE5,1
PEC-81504, TORNO_CNC ,Aco_Inox,Sintetico,Turno_2,3029.6,248.2,2.83,30.7,54.1,82.9,50.4,66,8.84,5513,CLP-715E0,1
PEC-81505, TORNO_CNC ,Aluminio,Sintetico,Turno_1,3280.5,192.7,0.54,15.7,77.6,111.4,59.3,178,-1.1,6512,CLP-BE549,1
PEC-81506,torno_cnc,Aco_Inox,Sintetico,Turno_2,3228.5,257.9,1.56,6.0,47.3,127.2,65.7,80,16.06,8141,CLP-A6925,0
PEC-81507,torno_cnc,Aluminio,Sintetico,Turno_1,3133.3,263.5,4.31,10.6,56.4,136.5,53.8,105,24.56,6687,CLP-D35E9,1
PEC-81508,Fresadora,Aco_Inox,Soluvel,Turno_1,3276.7,269.7,4.14,125.4,60.2,110.5,26.7,149,-3.73,3395,CLP-AC005,1
PEC-81509,Fresadora,Aco_Inox,Semi_Sintetico,Turno_3,3765.4,272.1,0.96,104.2,52.9,113.8,53.4,120,-6.62,5402,CLP-34C95,1
PEC-81510,Centro_Usinagem,Aluminio,Soluvel,Turno_2,3683.7,326.5,4.13,,77.5,116.4,53.3,149,-3.05,8377,CLP-AC774,1
PEC-81511,Fresadora,Aluminio,Soluvel,Turno_1,,209.6,4.36,21.4,49.2,118.0,44.2,52,-18.54,5931,CLP-C2A05,1
PEC-81512,Celula_Robotica,Aco_Inox,Soluvel,Turno_2,3643.4,212.1,1.8,26.9,53.4,132.8,52.4,36,4.03,2846,CLP-ABC17,1
PEC-81513,Torno_CNC,Aluminio,Sintetico,Turno_2,3736.0,282.8,3.3,27.8,56.9,108.9,47.9,71,0.31,9931,CLP-E32BF,1
PEC-81514,Torno_CNC,Aluminio,Sintetico,Turno_1,3132.0,243.4,2.74,17.4,75.1,133.0,44.9,143,-13.78,6447,CLP-7FAB8,1
PEC-81515,Torno_CNC,Aco_Inox,Seco,Turno_1,3428.8,306.3,1.85,90.4,82.4,141.3,47.0,101,21.58,9525,CLP-2423A,1
PEC-81516,Fresadora,Aluminio,Sintetico,Turno_3,3422.3,278.1,1.11,88.7,71.3,114.1,40.6,73,-1.34,5748,CLP-EED91,1
PEC-81517,Centro_Usinagem,Aco_Carbono,Sintetico,Turno_2,2817.5,345.9,1.97,5.7,49.2,113.6,30.3,129,21.85,8878,CLP-944B6,1
PEC-81518,Torno_CNC,Aluminio,Seco,Turno_1,3028.1,245.4,4.21,41.7,57.6,122.4,30.0,16,1.74,2620,CLP-C456D,1
PEC-81519,Celula_Robotica,Aco_Inox,Soluvel,Turno_3,3537.9,175.9,3.74,7.7,83.9,111.2,52.3,138,-5.89,9718,CLP-B9DB0,1
PEC-81520,Torno_CNC,Aco_Inox,Sintetico,Turno_2,2976.9,267.0,1.82,36.9,65.3,118.7,36.8,39,-4.35,3901,CLP-6A558,1
PEC-81521,Celula_Robotica,Aluminio,Sintetico,Turno_1,3639.0,246.4,2.69,75.6,47.7,98.0,32.8,11,-9.83,9375,CLP-798C2,1
PEC-81522, TORNO_CNC ,Latao,Soluvel,Turno_1,3787.2,276.7,2.12,41.7,91.3,132.8,32.6,30,13.09,5976,CLP-357FF,1
PEC-81523,Torno_CNC,Aluminio,Semi_Sintetico,Turno_1,3714.7,283.1,2.36,27.1,58.2,144.9,41.2,168,19.94,7644,CLP-A6FB9,1
PEC-81524, TORNO_CNC ,Aco_Inox,Soluvel,Turno_3,4090.9,223.3,3.54,115.9,64.1,109.9,57.1,161,-20.62,6203,CLP-DE228,1
PEC-81525,Torno_CNC,Aluminio,Sintetico,Turno_1,3159.2,199.5,2.67,53.0,56.8,95.3,43.8,135,1.07,3136,CLP-95A8F,1
PEC-81526,Torno_CNC,Aco_Carbono,Sintetico,Turno_1,3279.7,242.7,1.22,15.0,53.5,133.8,33.6,134,4.57,5907,CLP-76223,0
PEC-81527,Torno_CNC,Aco_Inox,Seco,Turno_3,3344.3,130.9,1.58,22.1,80.6,113.7,56.9,124,-7.8,3802,CLP-97C07,1
PEC-81528,Centro_Usinagem,Latao,Semi_Sintetico,Turno_1,3172.8,254.0,2.77,54.9,67.4,110.0,47.6,178,-6.63,3089,CLP-7190A,1
PEC-81529,torno_cnc,Latao,Sintetico,Turno_2,3444.0,229.6,3.27,,68.8,118.2,42.2,177,12.34,6184,CLP-A30C2,1
PEC-81530,Torno_CNC,Aco_Inox,Sintetico,Turno_1,2430.0,293.1,2.53,7.3,49.6,101.7,48.9,124,-15.75,9238,CLP-34C2C,0
PEC-81531,Fresadora,Latao,Soluvel,Turno_2,3292.2,150.7,2.98,73.7,61.4,127.2,45.1,21,-28.71,1501,CLP-C7D88,1
PEC-81532,Fresadora,Aco_Inox,Soluvel,Turno_1,2580.2,250.3,3.66,6.5,57.5,101.0,39.3,68,10.37,1557,CLP-A319D,1
PEC-81533,Torno_CNC,Aco_Carbono,Seco,Turno_1,2766.8,328.8,2.68,44.7,55.1,102.2,40.6,111,-8.45,2504,CLP-93FA3,1
PEC-81534, TORNO_CNC ,Aluminio,Seco,Turno_2,3529.8,283.8,4.41,18.4,70.6,102.0,35.1,91,18.81,1995,CLP-68A37,1
PEC-81535,Torno_CNC,Aluminio,Semi_Sintetico,Turno_2,3110.4,299.0,1.44,66.2,60.9,122.5,41.2,35,-3.49,5106,CLP-B2A90,0
PEC-81536,Torno_CNC,Aluminio,Soluvel,Turno_2,3513.9,267.0,4.18,70.8,73.3,92.8,52.4,124,8.36,9260,CLP-48E8B,1
PEC-81537,Fresadora,Aco_Carbono,Semi_Sintetico,Turno_2,3100.7,166.9,1.49,112.3,73.6,151.3,52.2,129,9.68,2960,CLP-3C8C6,1
PEC-81538,Torno_CNC,Aco_Inox,Seco,Turno_2,3697.9,258.3,2.63,8.5,59.8,114.4,43.6,144,-2.29,2463,CLP-9190F,1
PEC-81539,torno_cnc,Aluminio,Soluvel,Turno_2,3092.4,270.4,2.32,24.2,70.4,88.3,43.7,31,-7.28,8017,CLP-CF805,1
PEC-81540,Fresadora,Aco_Inox,Sintetico,Turno_2,2320.3,196.1,1.99,34.9,59.5,104.1,36.7,59,-14.02,6006,CLP-9DDC9,1
PEC-81541,Torno_CNC,Aco_Inox,Semi_Sintetico,Turno_2,3301.4,243.7,4.35,,55.5,129.0,48.2,18,9.24,7664,CLP-88EE5,1
PEC-81542,torno_cnc,Aco_Inox,Sintetico,Turno_2,2224.0,104.9,1.59,15.8,52.3,140.2,33.9,37,34.02,1133,CLP-DE8D9,0
PEC-81543,Torno_CNC,Aluminio,Seco,Turno_2,2546.3,233.3,3.2,7.6,66.0,122.4,51.7,121,8.59,3526,CLP-51EAB,1
PEC-81544,Celula_Robotica,Aco_Inox,Soluvel,Turno_1,,228.2,3.72,12.9,56.1,121.3,48.3,138,7.62,6601,CLP-3BC82,1
PEC-81545, TORNO_CNC ,Aco_Inox,Sintetico,Turno_1,2746.5,320.1,1.29,29.0,81.5,97.0,42.9,49,-13.72,1613,CLP-1D0BF,1
PEC-81546,Centro_Usinagem,Aco_Inox,Semi_Sintetico,Turno_1,2954.7,219.8,4.39,45.0,84.5,142.3,48.5,23,11.96,2307,CLP-79B50,1
PEC-81547,torno_cnc,Aco_Inox,Soluvel,Turno_3,2731.1,236.7,2.69,46.1,70.7,128.3,42.3,19,19.01,9499,CLP-465A2,1
PEC-81548,Torno_CNC,Aluminio,Semi_Sintetico,Turno_3,2567.3,246.0,4.16,7.7,67.9,124.8,46.5,113,-3.41,2470,CLP-2C65D,1
PEC-81549,Fresadora,Latao,Sintetico,Turno_2,3893.8,220.5,3.16,55.2,65.2,120.3,46.7,42,-7.45,7044,CLP-3DCA9,1
PEC-81550,Celula_Robotica,Aco_Inox,Soluvel,Turno_1,2894.8,286.0,3.1,42.8,93.5,128.0,54.3,135,-4.53,5864,CLP-7004B,1
PEC-81551,Fresadora,Latao,Soluvel,Turno_1,2196.2,150.4,1.88,23.3,88.5,108.0,48.9,166,-10.66,3729,CLP-D13AF,1
PEC-81552,Centro_Usinagem,Aco_Carbono,Soluvel,Turno_3,3037.6,306.8,3.58,34.6,62.5,134.1,53.4,41,26.62,3706,CLP-198D2,1
PEC-81553,Centro_Usinagem,Aluminio,Sintetico,Turno_3,2693.9,249.4,0.62,56.1,62.6,132.1,48.1,43,30.67,1132,CLP-6B552,1
PEC-81554,Torno_CNC,Aluminio,Seco,Turno_1,2801.8,315.1,2.72,15.6,68.9,118.5,44.5,108,9.95,7200,CLP-59AAE,0
PEC-81555,Torno_CNC,Aco_Carbono,Soluvel,Turno_3,3519.7,112.6,0.63,103.5,50.8,115.9,49.1,11,8.07,4750,CLP-66F29,1
PEC-81556,Fresadora,Aco_Inox,Soluvel,Turno_2,2998.3,128.2,1.73,10.2,43.4,87.6,47.8,176,-11.53,8751,CLP-413C5,1
PEC-81557, TORNO_CNC ,Aluminio,Soluvel,Turno_1,2681.3,235.4,0.89,86.4,48.9,94.0,42.1,130,3.82,2990,CLP-5371C,1
PEC-81558,Centro_Usinagem,Aluminio,Sintetico,Turno_2,3400.8,275.3,4.15,52.3,61.4,128.2,33.7,92,-10.18,1766,CLP-9A5CF,1
PEC-81559,Centro_Usinagem,Aluminio,Seco,Turno_2,3717.5,222.3,3.01,42.8,53.7,133.6,40.8,77,1.92,2380,CLP-EFA36,1
PEC-81560, TORNO_CNC ,Aco_Carbono,Sintetico,Turno_3,3441.6,279.2,3.17,8.0,82.5,136.1,40.8,108,28.64,7809,CLP-9D744,1
PEC-81561,Torno_CNC,Aco_Inox,Sintetico,Turno_1,2095.9,299.1,3.9,93.0,47.4,99.8,49.4,24,-7.28,3081,CLP-C1388,1
PEC-81562,Fresadora,Aluminio,Sintetico,Turno_1,,283.3,3.43,17.3,49.0,154.4,44.5,77,0.28,2172,CLP-84DC0,0
PEC-81563,Torno_CNC,Aluminio,Soluvel,Turno_1,3221.4,255.2,1.0,52.9,43.0,135.0,38.5,155,-10.84,6792,CLP-D7870,1
PEC-81564,Centro_Usinagem,Aco_Inox,Sintetico,Turno_1,,254.8,2.97,80.6,57.3,111.4,43.7,143,-4.3,3067,CLP-E6500,1
PEC-81565, TORNO_CNC ,Aco_Inox,Sintetico,Turno_2,3052.7,219.3,4.41,14.8,60.2,122.4,42.4,103,1.82,6525,CLP-607C2,1
PEC-81566,Fresadora,Aluminio,Sintetico,Turno_1,2757.8,247.2,1.36,91.1,64.0,94.5,37.6,2,-5.25,4415,CLP-21B28,1
PEC-81567,Torno_CNC,Aco_Carbono,Semi_Sintetico,Turno_2,2567.5,198.8,2.98,,64.6,110.7,56.7,138,13.35,2124,CLP-2A40F,1
PEC-81568,Fresadora,Aluminio,Semi_Sintetico,Turno_1,4103.5,210.8,2.75,42.7,57.5,128.1,43.5,179,-11.13,5033,CLP-D54AD,1
PEC-81569, TORNO_CNC ,Aco_Carbono,Semi_Sintetico,Turno_2,3212.2,275.7,2.07,91.1,52.4,120.9,38.7,120,-5.46,7557,CLP-2B248,1
PEC-81570,torno_cnc,Aluminio,Seco,Turno_2,3489.0,226.9,4.32,31.2,70.0,146.1,31.7,73,0.62,8009,CLP-745F1,1
PEC-81571,Torno_CNC,Aco_Inox,Seco,Turno_2,3202.8,213.1,1.93,25.3,54.2,97.8,45.7,76,3.86,2586,CLP-F3319,0
PEC-81572,Fresadora,Aco_Inox,Sintetico,Turno_1,3220.9,272.5,0.87,40.1,74.4,118.2,49.1,18,27.14,4586,CLP-E6174,0
PEC-81573,Centro_Usinagem,Aco_Inox,Soluvel,Turno_1,,269.0,4.35,33.3,47.2,103.0,39.8,117,20.56,8954,CLP-8345D,1
PEC-81574,Torno_CNC,Aco_Inox,Soluvel,Turno_1,2695.8,239.2,3.42,7.2,56.0,143.0,46.1,109,-27.4,2607,CLP-DF0DE,1
PEC-81575,Torno_CNC,Aco_Inox,Semi_Sintetico,Turno_1,2518.5,242.6,1.87,12.0,89.5,124.0,36.3,20,-19.32,6525,CLP-58264,1
PEC-81576,Torno_CNC,Aco_Carbono,Soluvel,Turno_1,3373.8,270.8,1.62,5.5,91.1,120.1,43.2,35,-18.54,6971,CLP-86F5C,1
PEC-81577,Fresadora,Aco_Carbono,Soluvel,Turno_1,3284.5,298.4,4.21,9.0,48.7,118.0,53.7,94,2.7,3042,CLP-3B00C,1
PEC-81578,Fresadora,Aco_Inox,Soluvel,Turno_2,3622.2,260.1,1.59,50.8,79.5,106.8,43.1,67,-0.97,9146,CLP-1C5A5,1
PEC-81579,torno_cnc,Aco_Inox,Sintetico,Turno_3,3530.9,190.4,2.65,5.2,84.4,138.0,39.8,15,39.42,5084,CLP-F133C,1
PEC-81580,Torno_CNC,Aco_Inox,Sintetico,Turno_1,2836.2,238.9,1.36,17.7,77.8,122.6,55.7,146,6.1,8039,CLP-AFA5A,1
PEC-81581, TORNO_CNC ,Aluminio,Soluvel,Turno_3,,229.6,4.48,25.9,64.2,123.7,46.6,60,-7.68,3880,CLP-35D41,1
PEC-81582,torno_cnc,Aco_Inox,Soluvel,Turno_1,3544.3,197.4,3.58,102.2,41.8,128.7,41.0,10,-1.06,6365,CLP-1FBC6,1
PEC-81583, TORNO_CNC ,Aco_Inox,Sintetico,Turno_2,3510.9,274.9,2.77,18.9,66.0,107.1,38.1,43,-1.74,4953,CLP-673CD,1
PEC-81584,Celula_Robotica,Latao,Soluvel,Turno_2,4212.2,278.7,3.48,58.5,69.9,149.9,35.8,104,-2.41,7705,CLP-F25D9,1
PEC-81585,Torno_CNC,Aco_Carbono,Soluvel,Turno_3,4119.8,286.3,4.17,23.4,67.9,143.5,48.4,72,-18.92,5152,CLP-A08E0,1
PEC-81586,Fresadora,Aco_Inox,Sintetico,Turno_1,3510.5,200.5,4.35,8.6,70.7,119.5,51.1,42,-14.97,3345,CLP-6F9B9,1
PEC-81587, TORNO_CNC ,Aluminio,Sintetico,Turno_1,3454.3,257.9,3.64,8.6,55.3,115.5,45.0,117,12.09,9329,CLP-5D233,1
PEC-81588, TORNO_CNC ,Aco_Inox,Soluvel,Turno_1,,249.7,3.9,24.8,59.2,129.6,43.4,28,3.25,1147,CLP-9DF67,1
PEC-81589,Fresadora,Aco_Carbono,Sintetico,Turno_2,2937.2,265.4,2.09,7.1,36.3,136.8,49.7,57,-17.27,2144,CLP-7DBDC,0
PEC-81590,Fresadora,Aluminio,Soluvel,Turno_3,2943.6,256.5,2.07,34.7,75.7,146.3,33.7,141,5.63,2356,CLP-1E66B,1
PEC-81591,Celula_Robotica,Aco_Inox,Semi_Sintetico,Turno_3,3503.0,249.4,3.73,28.8,54.2,129.7,45.6,19,2.07,4512,CLP-56592,0
PEC-81592,Torno_CNC,Aco_Carbono,Soluvel,Turno_2,,243.4,3.54,47.4,62.0,122.0,45.1,110,18.67,6043,CLP-A7777,1
PEC-81593,Torno_CNC,Aco_Inox,Soluvel,Turno_2,3466.7,305.3,4.1,12.2,68.0,122.1,48.3,39,29.68,7938,CLP-DF256,1
PEC-81594,Fresadora,Aco_Inox,Semi_Sintetico,Turno_3,3270.6,206.9,1.03,36.5,58.3,91.8,48.8,113,-26.81,3502,CLP-6D805,1
PEC-81595,torno_cnc,Aco_Inox,Sintetico,Turno_2,2814.7,241.3,3.26,11.7,52.1,113.5,41.7,79,-3.33,9501,CLP-B6116,0
PEC-81596,Torno_CNC,Aluminio,Soluvel,Turno_1,3211.6,304.1,3.09,49.8,68.1,125.4,59.8,37,0.82,9921,CLP-DE0CB,1
PEC-81597,Torno_CNC,Aco_Inox,Soluvel,Turno_3,3787.3,209.4,3.69,17.8,43.6,86.1,36.3,11,1.76,1144,CLP-8274C,0
PEC-81598,Torno_CNC,Aco_Inox,Semi_Sintetico,Turno_1,3237.1,212.0,0.6,38.4,74.2,122.7,41.2,97,36.62,8788,CLP-5D28D,1
PEC-81599,Centro_Usinagem,Aco_Inox,Semi_Sintetico,Turno_1,3238.9,286.7,3.81,80.0,72.9,107.8,51.9,144,-29.96,8832,CLP-A5EE8,1
PEC-81600,Torno_CNC,Aco_Inox,Soluvel,Turno_1,3348.0,178.8,1.81,28.4,58.4,143.7,39.9,129,-0.28,9827,CLP-90C62,0
PEC-81601,Torno_CNC,Aco_Carbono,Sintetico,Turno_2,3406.6,283.0,3.25,12.5,59.1,115.7,45.9,150,8.85,5525,CLP-8EB5A,1
PEC-81602,Torno_CNC,Aco_Inox,Soluvel,Turno_2,3051.1,225.5,2.97,81.0,53.1,116.0,40.7,176,0.23,2999,CLP-1F75D,1
PEC-81603, TORNO_CNC ,Aco_Inox,Sintetico,Turno_1,3357.6,270.5,2.26,20.5,60.4,117.9,41.9,47,1.62,5442,CLP-960C7,0
PEC-81604,Torno_CNC,Aluminio,Soluvel,Turno_2,,189.0,3.48,50.9,62.6,119.9,34.6,54,3.32,2858,CLP-8BA40,1
PEC-81605,torno_cnc,Aco_Carbono,Soluvel,Turno_3,2840.4,309.3,4.34,18.5,61.2,131.9,51.1,147,6.19,7595,CLP-3E1E3,1
PEC-81606,Torno_CNC,Aco_Carbono,Soluvel,Turno_3,2898.0,189.1,1.79,17.4,82.4,114.8,51.3,119,3.83,1910,CLP-98359,1
PEC-81607,Centro_Usinagem,Aluminio,Soluvel,Turno_2,3411.4,286.2,3.49,41.0,44.0,120.4,51.2,64,-12.99,4451,CLP-96F4C,1
PEC-81608,Torno_CNC,Aco_Inox,Soluvel,Turno_3,3272.1,191.2,1.76,10.9,54.1,132.0,41.6,66,-1.95,9324,CLP-C70E7,0
PEC-81609,torno_cnc,Aco_Carbono,Soluvel,Turno_3,3139.5,340.4,3.88,75.6,73.8,120.1,47.7,16,5.31,2769,CLP-4483B,1
PEC-81610,Centro_Usinagem,Aluminio,Soluvel,Turno_1,3510.8,246.4,2.25,22.2,89.7,129.8,61.0,167,-12.53,5946,CLP-3CA44,1
PEC-81611,Fresadora,Aco_Inox,Soluvel,Turno_1,3370.5,347.5,2.3,5.7,54.6,113.3,47.3,149,-4.66,5626,CLP-B7D6C,1
PEC-81612,torno_cnc,Latao,Semi_Sintetico,Turno_2,3069.5,209.1,3.59,17.8,77.1,125.3,35.8,45,-28.54,3070,CLP-8088B,1
PEC-81613,Torno_CNC,Aco_Inox,Soluvel,Turno_1,,227.9,2.48,58.8,51.2,139.6,38.2,23,1.63,1566,CLP-E1DEF,1
PEC-81614,Torno_CNC,Latao,Sintetico,Turno_1,2831.1,310.5,1.57,73.7,60.3,129.0,37.8,126,-10.4,6430,CLP-2D117,1
PEC-81615,Fresadora,Aco_Carbono,Soluvel,Turno_2,2539.9,178.7,4.48,34.4,65.1,91.9,55.6,170,9.6,7200,CLP-F27B6,1
PEC-81616,Celula_Robotica,Aluminio,Soluvel,Turno_1,3263.3,215.0,2.98,17.2,56.7,128.3,48.2,10,-8.76,2988,CLP-AA667,1
PEC-81617,Fresadora,Latao,Sintetico,Turno_1,2812.0,274.8,3.08,31.3,60.0,102.7,32.4,84,23.04,9895,CLP-7B9C0,1
PEC-81618,torno_cnc,Aco_Carbono,Seco,Turno_2,2977.1,199.1,3.09,68.4,48.6,106.1,55.4,12,1.7,1862,CLP-BD784,0
PEC-81619,Fresadora,Aco_Inox,Soluvel,Turno_2,3142.6,276.1,4.03,18.3,73.1,127.4,49.5,95,10.11,7133,CLP-8126B,1
PEC-81620, TORNO_CNC ,Aluminio,Soluvel,Turno_3,3669.8,258.5,1.24,22.0,54.2,105.5,46.4,41,-4.83,1901,CLP-E1B5A,0
PEC-81621,Torno_CNC,Aco_Inox,Sintetico,Turno_2,3618.0,174.3,0.74,32.2,57.0,103.4,57.1,119,7.68,6837,CLP-58465,0
PEC-81622,torno_cnc,Aco_Inox,Seco,Turno_2,3175.4,298.4,2.05,81.4,55.6,119.9,43.2,56,8.79,3806,CLP-1A066,1
PEC-81623,Celula_Robotica,Aco_Carbono,Seco,Turno_1,3769.5,186.9,2.76,35.5,56.3,110.8,55.9,134,-16.7,9380,CLP-463FE,1
PEC-81624,Torno_CNC,Aco_Inox,Soluvel,Turno_1,2294.4,288.6,1.64,13.1,66.7,95.6,27.3,37,-19.06,6151,CLP-9EAB0,0
PEC-81625,Fresadora,Aco_Inox,Soluvel,Turno_1,4044.7,256.4,3.26,8.3,65.8,128.3,39.1,108,-25.33,6164,CLP-78593,1
PEC-81626,Torno_CNC,Aluminio,Sintetico,Turno_3,3511.6,227.2,0.8,8.5,95.2,134.8,51.3,154,12.78,7533,CLP-39695,1
PEC-81627,torno_cnc,Aco_Carbono,Sintetico,Turno_2,3246.3,194.7,3.66,110.0,62.1,133.6,58.4,2,-11.43,7692,CLP-CD7B6,1
PEC-81628,Torno_CNC,Aco_Inox,Sintetico,Turno_3,2798.9,266.5,3.37,65.5,63.8,106.5,35.3,1,6.08,1623,CLP-97D01,1
PEC-81629, TORNO_CNC ,Aco_Inox,Semi_Sintetico,Turno_2,3002.9,206.4,1.36,55.8,81.0,126.2,41.7,87,1.15,5357,CLP-BEA62,1
PEC-81630,Fresadora,Aco_Inox,Sintetico,Turno_1,3474.2,310.4,1.69,29.0,67.7,112.6,46.3,3,-9.26,5352,CLP-E724C,1
PEC-81631,Torno_CNC,Aluminio,Soluvel,Turno_2,3484.4,312.2,3.73,44.1,63.8,101.0,37.5,3,-15.43,6245,CLP-DEBC4,1
PEC-81632,Fresadora,Aco_Inox,Soluvel,Turno_2,3500.8,332.1,3.59,9.8,63.4,108.8,42.9,157,5.19,5582,CLP-34462,1
PEC-81633,Fresadora,Aluminio,Sintetico,Turno_2,2872.2,264.0,3.76,38.9,67.3,77.7,57.7,22,-5.21,4383,CLP-33C25,1
PEC-81634,Celula_Robotica,Aco_Inox,Soluvel,Turno_2,,229.8,1.79,63.3,76.7,104.1,36.7,14,-15.72,5242,CLP-9A813,1
PEC-81635,Torno_CNC,Aco_Inox,Soluvel,Turno_3,3287.8,235.2,4.38,7.2,81.1,98.0,43.1,57,-8.75,3488,CLP-DE495,1
PEC-81636, TORNO_CNC ,Latao,Soluvel,Turno_3,3546.4,231.5,3.36,17.3,77.4,123.0,47.2,76,-26.09,5505,CLP-9EB13,1
PEC-81637,Torno_CNC,Aco_Inox,Soluvel,Turno_3,3201.4,262.4,0.76,9.1,70.6,124.4,48.7,173,19.61,6426,CLP-2B6DF,1
PEC-81638,Celula_Robotica,Aluminio,Soluvel,Turno_1,3866.7,271.8,2.41,15.5,67.5,94.7,38.1,160,8.69,8076,CLP-86DE9,1
PEC-81639,Celula_Robotica,Aco_Inox,Semi_Sintetico,Turno_1,3214.9,311.6,3.16,56.8,89.5,132.4,43.6,132,10.29,1950,CLP-1BFB2,1
PEC-81640,torno_cnc,Aluminio,Soluvel,Turno_1,,251.0,1.17,19.1,59.3,110.9,42.7,6,6.13,9889,CLP-1B8DC,0
PEC-81641,Centro_Usinagem,Aluminio,Sintetico,Turno_1,3501.8,179.8,4.11,46.0,73.4,104.0,47.4,121,20.68,2723,CLP-33253,1
PEC-81642,torno_cnc,Aco_Inox,Soluvel,Turno_2,3748.7,229.6,3.52,56.9,79.1,93.1,35.6,101,-0.41,8794,CLP-DD1E9,1
PEC-81643,Fresadora,Aco_Inox,Soluvel,Turno_2,2592.8,327.8,0.83,64.4,77.5,108.0,55.2,38,-11.45,7976,CLP-CD2EE,1
PEC-81644,Torno_CNC,Aco_Inox,Seco,Turno_2,2696.9,172.2,4.15,77.3,55.9,117.9,47.1,150,-10.58,9116,CLP-52954,1
PEC-81645,Fresadora,Aluminio,Semi_Sintetico,Turno_3,3059.0,287.0,2.12,36.9,98.8,134.9,53.5,39,12.28,4361,CLP-A667B,1
PEC-81646,Torno_CNC,Aco_Carbono,Soluvel,Turno_3,4621.5,230.5,2.31,16.5,85.0,118.4,40.4,117,-19.76,1040,CLP-974E8,1
PEC-81647,Centro_Usinagem,Aluminio,Sintetico,Turno_1,3082.3,205.8,3.63,10.7,77.7,115.3,35.2,20,16.41,8686,CLP-6FD97,1
PEC-81648,Fresadora,Aluminio,Soluvel,Turno_3,3145.2,269.8,3.08,29.5,52.9,128.7,37.4,8,-5.36,5480,CLP-50893,1
PEC-81649,Fresadora,Aco_Inox,Seco,Turno_2,3478.3,328.0,2.25,8.8,76.8,122.1,50.6,27,14.2,9545,CLP-C72FA,1
PEC-81650,Torno_CNC,Aco_Inox,Soluvel,Turno_2,3639.6,267.0,1.54,89.6,37.3,97.4,41.5,152,1.5,2358,CLP-E9438,1
PEC-81651,Torno_CNC,Aco_Inox,Soluvel,Turno_3,3276.4,236.9,2.57,25.4,62.2,113.4,32.0,91,-8.31,8032,CLP-BC495,1
PEC-81652,Torno_CNC,Aco_Inox,Sintetico,Turno_1,3724.0,185.2,2.82,77.2,66.3,111.4,46.4,84,21.91,5505,CLP-91D7C,1
PEC-81653, TORNO_CNC ,Aco_Inox,Semi_Sintetico,Turno_3,2662.7,245.1,3.02,48.2,59.6,117.8,42.4,106,0.11,4992,CLP-8217F,1
PEC-81654,Torno_CNC,Aluminio,Soluvel,Turno_2,2855.3,183.4,2.92,73.1,84.0,112.9,42.6,84,-17.53,3825,CLP-38EDD,1
PEC-81655,Celula_Robotica,Aluminio,Sintetico,Turno_3,3723.1,234.5,2.97,80.4,66.2,107.9,31.3,65,-14.97,1073,CLP-E9E9D,1
PEC-81656,torno_cnc,Latao,Soluvel,Turno_3,3204.9,246.8,2.4,6.9,53.5,142.0,32.9,107,3.12,9777,CLP-DD1F1,1
PEC-81657,Torno_CNC,Aco_Inox,Seco,Turno_2,2631.9,132.0,2.75,50.2,74.0,119.3,40.6,76,-14.12,9741,CLP-3E867,1
PEC-81658, TORNO_CNC ,Aluminio,Soluvel,Turno_1,2604.9,319.4,1.65,14.0,69.8,127.2,37.6,138,-3.75,1731,CLP-E165E,1
PEC-81659, TORNO_CNC ,Aco_Carbono,Seco,Turno_1,2835.1,188.1,1.13,163.8,44.0,118.2,40.4,61,0.25,5701,CLP-858FD,1
PEC-81660,Fresadora,Aluminio,Soluvel,Turno_1,3201.0,240.7,2.93,57.7,81.1,132.2,51.7,81,-5.4,4362,CLP-3749F,1
PEC-81661,torno_cnc,Aco_Inox,Soluvel,Turno_1,3410.3,276.7,0.69,5.1,66.2,118.6,36.5,127,27.67,3970,CLP-815A9,1
PEC-81662,Centro_Usinagem,Aco_Inox,Seco,Turno_3,3051.9,315.4,0.76,96.8,76.8,134.6,37.8,142,15.25,6960,CLP-55FD7,1
PEC-81663, TORNO_CNC ,Aco_Inox,Seco,Turno_1,3373.2,210.4,1.49,,69.9,76.9,40.8,62,-15.26,1585,CLP-44408,1
PEC-81664,Celula_Robotica,Aco_Inox,Sintetico,Turno_3,3003.3,124.5,1.28,23.9,61.0,121.5,37.3,90,5.82,8188,CLP-84CDD,1
PEC-81665,Centro_Usinagem,Aco_Carbono,Soluvel,Turno_2,3750.8,303.9,2.0,,70.1,123.9,43.3,71,18.69,1222,CLP-53BBB,1
PEC-81666,Torno_CNC,Aco_Inox,Sintetico,Turno_1,4348.3,187.5,1.99,91.8,63.8,124.6,53.2,140,-11.41,7839,CLP-29E73,1
PEC-81667,Celula_Robotica,Aco_Inox,Sintetico,Turno_2,3023.3,268.0,0.97,96.8,68.5,103.7,42.7,72,-20.67,2465,CLP-9A7BC,1
PEC-81668,Torno_CNC,Aco_Carbono,Sintetico,Turno_2,3416.0,271.1,1.49,34.0,72.2,109.2,47.1,141,11.43,7162,CLP-768B9,1
PEC-81669,Centro_Usinagem,Aco_Carbono,Sintetico,Turno_2,3379.3,87.4,0.52,18.3,66.8,104.4,26.4,88,-4.14,4664,CLP-5AC94,1
PEC-81670, TORNO_CNC ,Aluminio,Soluvel,Turno_2,3262.4,169.3,1.9,16.5,70.6,127.3,45.7,159,-8.86,8068,CLP-51099,1
PEC-81671,Centro_Usinagem,Aluminio,Sintetico,Turno_1,3494.0,227.0,3.69,20.9,60.5,133.6,56.8,14,8.79,8496,CLP-413CD,1
PEC-81672,Centro_Usinagem,Aco_Inox,Sintetico,Turno_2,3415.5,120.8,1.56,12.0,58.1,95.3,45.8,104,-1.99,4201,CLP-7A54D,1
PEC-81673,Centro_Usinagem,Aco_Inox,Soluvel,Turno_2,2988.0,183.1,3.07,43.8,74.3,123.1,46.0,128,6.56,2729,CLP-BE4C9,1
PEC-81674,Fresadora,Aco_Inox,Sintetico,Turno_3,3792.4,256.1,0.89,31.3,82.4,107.0,47.3,67,28.39,1510,CLP-68BFF,1
PEC-81675,Torno_CNC,Aluminio,Sintetico,Turno_3,3290.7,245.6,0.55,57.0,58.8,146.2,57.5,165,22.75,4298,CLP-A6C4E,1
PEC-81676,Torno_CNC,Latao,Sintetico,Turno_1,3026.8,265.1,2.49,8.5,68.8,128.4,55.8,93,17.98,5147,CLP-561CF,1
PEC-81677, TORNO_CNC ,Aco_Inox,Soluvel,Turno_1,4299.4,272.5,2.35,,48.1,114.7,36.8,12,22.39,7670,CLP-E69BF,1
PEC-81678,Torno_CNC,Aluminio,Sintetico,Turno_2,3147.7,165.9,1.27,14.6,86.7,118.0,54.6,13,16.73,2331,CLP-5FB91,0
PEC-81679,Fresadora,Aco_Inox,Soluvel,Turno_3,3314.7,185.8,1.65,31.8,78.8,139.5,56.0,135,12.83,3879,CLP-28003,1
PEC-81680,Torno_CNC,Aluminio,Sintetico,Turno_2,3278.9,288.1,0.62,27.1,58.0,120.9,31.3,55,1.13,3556,CLP-95655,0
PEC-81681,Celula_Robotica,Aco_Inox,Semi_Sintetico,Turno_1,3141.5,326.2,3.69,25.9,60.8,93.2,45.2,86,-4.29,8245,CLP-B6F72,1
PEC-81682,Fresadora,Aco_Inox,Sintetico,Turno_1,3401.9,201.6,1.71,18.3,79.5,142.8,49.2,106,11.34,6504,CLP-6F4DA,1
PEC-81683,Centro_Usinagem,Aco_Carbono,Soluvel,Turno_1,2819.8,262.9,1.38,50.4,67.1,132.2,22.6,178,-20.8,7404,CLP-58199,1
PEC-81684,Torno_CNC,Aluminio,Sintetico,Turno_1,3468.4,290.4,3.72,28.0,72.6,111.9,39.6,120,-6.72,2645,CLP-338B0,1
PEC-81685,Centro_Usinagem,Aluminio,Seco,Turno_2,2408.7,261.9,0.66,12.9,53.2,129.0,39.3,37,-3.91,6471,CLP-D9C64,0
PEC-81686,Celula_Robotica,Aco_Inox,Soluvel,Turno_2,2615.9,237.6,1.64,32.7,71.9,110.8,39.8,44,12.33,6451,CLP-93C83,0
PEC-81687, TORNO_CNC ,Aco_Inox,Semi_Sintetico,Turno_1,4021.6,218.0,1.55,36.8,63.2,110.4,53.4,11,-1.8,2916,CLP-58745,1
PEC-81688,Fresadora,Aco_Inox,Sintetico,Turno_1,2634.7,349.3,1.55,5.8,68.6,118.2,44.5,9,14.26,6340,CLP-C57FA,0
PEC-81689,Fresadora,Aco_Carbono,Semi_Sintetico,Turno_1,2318.0,254.8,0.55,13.0,60.2,129.0,48.4,120,-0.57,2811,CLP-81625,1
PEC-81690,Torno_CNC,Latao,Soluvel,Turno_3,2645.9,269.4,4.24,14.7,62.5,127.1,45.7,11,-28.88,2393,CLP-76294,1
PEC-81691,torno_cnc,Aluminio,Soluvel,Turno_2,,266.2,3.96,15.0,66.2,134.1,64.7,44,13.1,6736,CLP-96728,1
PEC-81692, TORNO_CNC ,Aco_Inox,Seco,Turno_3,2393.7,209.4,2.16,14.6,58.0,127.1,53.0,123,-8.83,2327,CLP-85EE1,1
PEC-81693,Torno_CNC,Aco_Carbono,Soluvel,Turno_2,2769.9,252.5,2.28,16.1,92.2,141.8,44.9,160,-19.06,8985,CLP-5D633,1
PEC-81694, TORNO_CNC ,Aluminio,Soluvel,Turno_1,2543.8,233.9,2.6,15.7,52.3,145.9,42.9,21,11.22,2866,CLP-5FC10,1
PEC-81695,Torno_CNC,Aluminio,Sintetico,Turno_1,3076.6,233.0,2.41,80.4,71.0,124.5,39.4,93,-29.83,7237,CLP-6A322,1
PEC-81696,Torno_CNC,Aco_Inox,Soluvel,Turno_2,3003.8,265.8,3.62,18.5,68.6,115.0,37.2,88,0.09,5699,CLP-94E81,1
PEC-81697,Torno_CNC,Aco_Carbono,Semi_Sintetico,Turno_2,2983.7,204.2,2.45,,74.1,117.3,35.4,170,2.3,9233,CLP-9DCDC,1
PEC-81698,Celula_Robotica,Aluminio,Sintetico,Turno_2,4035.3,189.8,1.26,15.8,35.0,91.1,52.9,24,13.98,5854,CLP-C8CFD,0
PEC-81699,torno_cnc,Aco_Carbono,Semi_Sintetico,Turno_3,2660.4,275.1,0.97,125.0,44.8,120.3,37.8,121,-23.22,7207,CLP-BAEB9,1
PEC-81700,Celula_Robotica,Aco_Carbono,Semi_Sintetico,Turno_2,3154.0,223.4,4.17,31.8,58.4,110.7,50.1,155,6.47,7698,CLP-7B382,1
PEC-81701, TORNO_CNC ,Aco_Inox,Soluvel,Turno_1,3352.4,232.7,0.69,38.0,76.0,109.4,41.0,45,17.63,5983,CLP-6530B,0
PEC-81702,Torno_CNC,Aco_Carbono,Soluvel,Turno_3,2758.9,153.6,4.09,51.5,61.8,119.4,39.0,134,-9.54,5261,CLP-CDC5C,1
PEC-81703,torno_cnc,Aco_Carbono,Semi_Sintetico,Turno_2,,298.2,3.26,19.2,61.3,88.5,42.4,7,-8.67,1231,CLP-1A8A0,1
PEC-81704, TORNO_CNC ,Aco_Inox,Soluvel,Turno_1,3020.1,276.2,2.12,126.3,65.2,117.3,59.3,138,11.28,4930,CLP-8FE7E,1
PEC-81705,Torno_CNC,Aco_Inox,Seco,Turno_2,3368.4,285.4,1.25,10.8,54.9,123.1,69.3,105,7.02,7002,CLP-C463D,0
PEC-81706,Fresadora,Aco_Inox,Sintetico,Turno_2,,269.4,1.74,26.4,70.6,97.0,42.1,122,-8.48,6829,CLP-EFB32,1
PEC-81707,Torno_CNC,Aluminio,Soluvel,Turno_1,2277.3,174.2,2.62,10.5,67.3,140.3,41.3,131,4.15,1433,CLP-A391A,1
PEC-81708,Fresadora,Aco_Inox,Semi_Sintetico,Turno_2,3787.7,261.4,3.13,59.7,71.0,126.6,52.6,150,17.68,2911,CLP-B4C7C,1
PEC-81709,Fresadora,Aluminio,Soluvel,Turno_1,4131.7,219.5,3.27,9.0,83.2,139.4,46.2,31,-16.94,4228,CLP-1A7D9,1
PEC-81710,Torno_CNC,Aco_Inox,Soluvel,Turno_1,3120.5,201.9,2.29,33.3,62.2,126.5,39.8,42,-4.63,8974,CLP-8115B,0
PEC-81711,Torno_CNC,Aco_Carbono,Sintetico,Turno_1,2795.9,275.0,2.0,8.9,66.3,125.4,48.9,46,27.24,9519,CLP-A91F9,0
PEC-81712,Fresadora,Aco_Inox,Semi_Sintetico,Turno_1,3877.7,332.9,3.57,,53.2,142.8,51.1,4,-8.25,1081,CLP-E7E36,0
PEC-81713, TORNO_CNC ,Aco_Inox,Sintetico,Turno_1,4050.7,324.7,4.2,16.5,50.0,139.7,43.1,66,-4.09,7650,CLP-4D6D4,1
PEC-81714,Torno_CNC,Aluminio,Soluvel,Turno_1,3124.0,281.1,4.16,86.8,64.9,149.1,43.3,85,16.25,5182,CLP-670F6,1
PEC-81715,Celula_Robotica,Aluminio,Soluvel,Turno_3,3101.6,248.5,2.71,6.9,66.2,118.1,58.7,47,-24.03,5749,CLP-D5984,1
PEC-81716,Torno_CNC,Aco_Inox,Soluvel,Turno_1,3164.0,239.2,0.82,41.7,73.3,108.1,38.4,164,-6.88,3758,CLP-778B2,1
PEC-81717,Fresadora,Aco_Inox,Soluvel,Turno_2,2446.5,204.8,0.79,46.6,71.9,102.6,40.7,131,9.61,8074,CLP-81E46,1
PEC-81718,Celula_Robotica,Aco_Inox,Soluvel,Turno_1,3069.0,236.5,2.11,81.9,68.1,105.3,41.3,46,-15.19,9025,CLP-D2C7F,1
PEC-81719,Torno_CNC,Aco_Carbono,Sintetico,Turno_3,3971.7,295.4,3.43,78.6,85.2,130.2,58.6,74,4.96,9261,CLP-A283B,1
PEC-81720,Torno_CNC,Aco_Carbono,Seco,Turno_1,3124.1,341.2,2.49,137.1,61.3,160.9,29.2,139,-7.47,1682,CLP-E8822,1
PEC-81721,Torno_CNC,Aluminio,Soluvel,Turno_1,2732.0,209.2,3.01,15.3,62.7,142.6,51.6,59,-22.91,5532,CLP-F3BB2,1
PEC-81722,Torno_CNC,Aco_Carbono,Soluvel,Turno_1,3423.5,150.2,3.87,16.2,68.4,117.3,44.8,63,-25.18,7851,CLP-2ADB7,1
PEC-81723,Torno_CNC,Aco_Carbono,Semi_Sintetico,Turno_3,2899.8,223.5,0.66,22.7,50.8,131.5,59.5,99,-29.16,5490,CLP-1E957,0
PEC-81724,Fresadora,Aco_Inox,Sintetico,Turno_2,3170.1,295.2,4.2,32.0,73.3,111.7,47.8,27,4.69,8191,CLP-227FA,1
PEC-81725,Torno_CNC,Latao,Seco,Turno_1,2629.0,353.6,1.82,,65.9,112.6,27.8,31,-0.3,7237,CLP-D41F5,1
PEC-81726,torno_cnc,Aco_Carbono,Soluvel,Turno_1,2733.5,315.5,0.69,52.2,66.1,104.5,57.9,85,-14.92,7536,CLP-2A870,1
PEC-81727,Celula_Robotica,Aco_Inox,Soluvel,Turno_1,,314.3,3.84,5.3,71.5,105.5,43.1,108,6.99,1317,CLP-1EF7E,1
PEC-81728,Centro_Usinagem,Aco_Inox,Sintetico,Turno_1,3252.1,207.5,4.24,5.6,69.5,128.3,28.7,72,1.06,4141,CLP-3B652,1
PEC-81729,Fresadora,Aco_Inox,Sintetico,Turno_3,2850.8,208.9,3.57,49.1,69.9,142.2,41.8,28,10.85,7772,CLP-535DB,1
PEC-81730,Torno_CNC,Aco_Inox,Soluvel,Turno_2,,183.8,3.72,,60.3,135.6,45.3,22,7.59,2996,CLP-82B71,1
PEC-81731,Fresadora,Aco_Carbono,Sintetico,Turno_2,2926.8,216.7,3.99,57.4,83.8,141.9,36.6,90,7.79,2891,CLP-A7ADC,1
PEC-81732,torno_cnc,Aluminio,Soluvel,Turno_1,2847.3,295.7,2.59,9.4,47.5,131.8,32.7,111,19.73,9647,CLP-375F5,0
PEC-81733, TORNO_CNC ,Aco_Carbono,Soluvel,Turno_2,3723.8,331.2,3.22,100.7,56.8,119.5,47.4,131,3.28,6759,CLP-E1166,1
PEC-81734,Torno_CNC,Aco_Carbono,Sintetico,Turno_1,3552.3,267.3,1.65,30.8,58.4,112.1,35.0,122,1.73,5279,CLP-2953A,1
PEC-81735,Centro_Usinagem,Aluminio,Soluvel,Turno_1,3190.4,237.2,1.5,52.5,56.4,128.7,36.8,103,2.13,2058,CLP-348C4,0
PEC-81736, TORNO_CNC ,Aluminio,Sintetico,Turno_2,3265.0,196.7,2.94,12.9,44.0,94.8,55.9,159,17.91,4538,CLP-D7CD2,0
PEC-81737,Torno_CNC,Aco_Inox,Soluvel,Turno_1,3196.2,244.4,3.44,32.9,84.7,110.9,42.4,62,26.8,6057,CLP-753C2,1
PEC-81738, TORNO_CNC ,Aco_Inox,Soluvel,Turno_2,3419.2,260.2,2.09,19.0,72.7,108.2,35.3,173,-12.44,7231,CLP-A2BCC,1
PEC-81739, TORNO_CNC ,Aluminio,Soluvel,Turno_3,2840.2,176.8,2.1,133.8,57.4,138.7,37.8,112,-1.09,2465,CLP-9E3A2,1
PEC-81740,Centro_Usinagem,Aco_Inox,Soluvel,Turno_1,3588.1,296.1,4.32,27.5,73.4,99.3,48.1,84,34.17,5940,CLP-7E761,1
PEC-81741,Fresadora,Aco_Inox,Soluvel,Turno_3,3359.1,228.8,2.57,54.3,63.1,133.9,48.4,18,-5.94,2849,CLP-4DF74,1
PEC-81742,Fresadora,Aco_Carbono,Sintetico,Turno_1,3081.6,293.1,4.45,37.4,61.5,125.8,50.3,29,-33.47,7230,CLP-CE29A,0
PEC-81743,Torno_CNC,Aluminio,Semi_Sintetico,Turno_1,2980.5,249.5,3.95,8.5,53.5,126.0,51.4,82,-19.53,7169,CLP-B88C4,1
PEC-81744, TORNO_CNC ,Aco_Inox,Soluvel,Turno_2,3578.5,264.9,3.06,32.4,65.2,113.0,47.7,101,-9.84,2700,CLP-3699A,1
PEC-81745, TORNO_CNC ,Aluminio,Soluvel,Turno_2,3132.3,214.9,0.54,32.2,57.4,98.1,49.9,69,-19.37,1751,CLP-2AD20,0
PEC-81746,Torno_CNC,Aco_Carbono,Seco,Turno_1,2885.5,232.8,1.68,49.0,53.3,127.5,41.2,34,14.25,1613,CLP-2719B,1
PEC-81747,Torno_CNC,Aco_Inox,Soluvel,Turno_3,3026.9,282.1,2.17,18.6,76.5,133.3,36.1,104,16.0,3776,CLP-21B32,1
PEC-81748,Fresadora,Aco_Inox,Soluvel,Turno_3,3546.1,243.4,3.11,74.0,55.1,127.5,55.9,178,-12.41,7582,CLP-39AD3,1
PEC-81749,Torno_CNC,Latao,Soluvel,Turno_1,,194.8,2.08,39.1,81.9,117.8,52.0,47,0.51,5428,CLP-527BB,1
PEC-81750,torno_cnc,Aco_Inox,Sintetico,Turno_3,3040.1,255.6,3.81,6.4,56.4,102.9,42.7,90,-22.11,9103,CLP-62669,0
PEC-81751,Torno_CNC,Aco_Inox,Soluvel,Turno_2,3681.8,269.3,3.15,47.9,47.0,110.7,39.7,70,11.66,6482,CLP-A670A,1
PEC-81752,Torno_CNC,Aluminio,Sintetico,Turno_3,3124.3,318.6,1.89,88.1,71.3,126.8,63.3,39,10.84,6678,CLP-ADBC4,1
PEC-81753,Torno_CNC,Aco_Carbono,Soluvel,Turno_1,3322.8,307.6,3.64,45.2,59.6,108.1,37.8,86,-17.08,6558,CLP-6CF32,1
PEC-81754,Celula_Robotica,Aco_Inox,Soluvel,Turno_3,3689.0,246.8,1.71,21.7,46.0,105.6,46.8,4,15.78,3809,CLP-3C594,0
PEC-81755,Centro_Usinagem,Aco_Inox,Soluvel,Turno_1,3601.5,222.6,0.75,36.3,68.1,98.3,39.6,176,-7.37,1451,CLP-BEFED,1
PEC-81756,Celula_Robotica,Aco_Inox,Sintetico,Turno_3,3002.0,238.6,1.19,11.6,49.3,128.0,41.7,64,-6.56,8211,CLP-74BDB,0
PEC-81757, TORNO_CNC ,Latao,Sintetico,Turno_2,3141.3,223.8,0.51,37.2,41.1,127.7,39.0,68,-12.16,9779,CLP-DF9A0,0
PEC-81758,Torno_CNC,Aco_Inox,Soluvel,Turno_1,3607.1,275.3,3.83,29.3,73.1,137.3,27.7,57,-7.34,8235,CLP-8ECFA,1
PEC-81759,torno_cnc,Aluminio,Soluvel,Turno_1,3622.8,302.1,3.01,5.9,82.9,87.8,48.1,127,-19.41,4361,CLP-40E2B,1
PEC-81760, TORNO_CNC ,Latao,Sintetico,Turno_3,3160.4,312.0,2.78,18.6,60.3,137.6,50.3,2,-25.16,6199,CLP-64DCA,0
PEC-81761,Centro_Usinagem,Aco_Inox,Semi_Sintetico,Turno_2,3175.9,229.4,3.15,12.4,79.5,136.7,39.7,27,7.47,2905,CLP-E5756,1
PEC-81762,Torno_CNC,Latao,Soluvel,Turno_1,3320.5,224.4,3.11,22.3,74.6,138.1,65.9,13,17.15,7295,CLP-E2884,0
PEC-81763, TORNO_CNC ,Latao,Sintetico,Turno_2,3815.1,229.0,2.76,14.7,73.0,121.8,47.3,105,-9.39,5010,CLP-E2E78,0
PEC-81764,Torno_CNC,Aco_Carbono,Soluvel,Turno_3,3680.4,153.4,3.87,67.9,63.0,123.3,46.3,147,2.24,1765,CLP-8F3E6,1
PEC-81765,Torno_CNC,Aco_Inox,Soluvel,Turno_1,3512.0,189.9,2.26,46.9,57.8,123.3,48.1,149,-18.97,7051,CLP-3F70A,1
PEC-81766,Fresadora,Aluminio,Soluvel,Turno_1,2714.6,248.3,3.72,52.2,69.1,106.3,40.3,73,-16.25,7387,CLP-1D09B,1
PEC-81767, TORNO_CNC ,Aco_Carbono,Semi_Sintetico,Turno_3,3076.3,269.0,3.65,20.7,72.8,106.9,37.2,139,3.68,1723,CLP-A5CBD,1
PEC-81768, TORNO_CNC ,Latao,Soluvel,Turno_1,3100.0,274.6,1.3,5.1,49.9,123.4,38.9,35,-14.14,8923,CLP-987FB,0
PEC-81769, TORNO_CNC ,Aco_Inox,Semi_Sintetico,Turno_1,3838.3,211.0,2.32,13.7,61.1,116.3,40.6,74,9.53,8957,CLP-388A7,1
PEC-81770, TORNO_CNC ,Aco_Carbono,Sintetico,Turno_1,,225.4,3.84,54.3,62.7,130.7,49.5,41,-12.29,5962,CLP-73776,1
PEC-81771,Fresadora,Aco_Inox,Semi_Sintetico,Turno_3,3764.0,236.5,3.82,37.3,61.6,114.7,42.0,6,24.1,5141,CLP-53BAB,1
PEC-81772,Centro_Usinagem,Aco_Inox,Soluvel,Turno_1,2943.2,230.9,0.6,32.1,56.9,98.0,49.9,120,20.15,7490,CLP-E92F8,0
PEC-81773,Celula_Robotica,Aluminio,Soluvel,Turno_2,2979.1,284.4,1.39,16.5,49.0,98.7,34.9,21,27.28,8835,CLP-339E8,1
PEC-81774,Fresadora,Aco_Carbono,Seco,Turno_3,3416.7,184.6,2.2,7.8,61.3,108.6,39.8,142,9.66,1540,CLP-B328D,1
PEC-81775,Torno_CNC,Aluminio,Sintetico,Turno_1,3905.7,192.5,0.69,58.8,61.7,130.9,39.3,43,-23.86,4347,CLP-D213F,1
PEC-81776,Fresadora,Aluminio,Semi_Sintetico,Turno_3,3104.7,235.1,1.54,6.4,59.3,112.2,14.5,50,6.23,6446,CLP-BFC30,0
PEC-81777, TORNO_CNC ,Latao,Soluvel,Turno_2,2046.8,181.7,1.53,7.1,72.8,124.5,41.3,167,4.07,3976,CLP-9E411,1
PEC-81778,Torno_CNC,Aco_Inox,Soluvel,Turno_2,2496.1,155.0,1.36,17.2,48.6,94.9,36.7,45,-4.27,9908,CLP-D9F05,1
PEC-81779,Centro_Usinagem,Aluminio,Sintetico,Turno_1,3334.1,175.3,2.09,34.8,68.4,122.4,48.7,112,-7.78,5040,CLP-AAA4B,1
PEC-81780,Torno_CNC,Aco_Inox,Soluvel,Turno_2,2536.3,237.9,3.75,175.0,43.5,120.6,50.9,76,-5.3,3703,CLP-50011,1
PEC-81781,Centro_Usinagem,Aco_Inox,Sintetico,Turno_1,,281.5,1.48,8.3,64.2,137.9,33.8,98,-16.24,1872,CLP-EB645,1
PEC-81782, TORNO_CNC ,Aluminio,Soluvel,Turno_1,3205.6,282.6,2.83,27.4,37.9,122.3,43.0,39,-2.03,2596,CLP-85DFD,0
PEC-81783,Fresadora,Latao,Soluvel,Turno_3,2097.8,329.4,2.73,,54.3,131.4,34.8,179,-14.34,7596,CLP-A31F7,1
PEC-81784,Fresadora,Aluminio,Soluvel,Turno_1,3029.1,255.1,3.77,65.6,64.7,149.2,47.6,138,-19.68,1011,CLP-562E1,1
PEC-81785,Centro_Usinagem,Aco_Carbono,Soluvel,Turno_3,2675.8,261.8,2.08,45.9,47.9,120.6,39.5,166,-11.17,3353,CLP-18DD0,1
PEC-81786,Fresadora,Aco_Inox,Soluvel,Turno_1,2525.4,237.5,1.39,62.7,48.0,143.0,40.7,89,-8.37,7541,CLP-BAA86,1
PEC-81787,Fresadora,Aco_Inox,Sintetico,Turno_1,2839.0,239.9,4.07,30.9,76.8,121.9,43.3,116,-0.7,5986,CLP-57559,1
PEC-81788,Torno_CNC,Aluminio,Soluvel,Turno_3,2718.9,354.0,3.83,,45.9,112.0,47.3,12,9.17,6274,CLP-A5FA8,0
PEC-81789,torno_cnc,Aco_Inox,Soluvel,Turno_1,3411.3,263.1,2.99,38.7,63.6,118.4,45.4,164,-32.49,4248,CLP-6D177,1
PEC-81790,Torno_CNC,Aco_Inox,Semi_Sintetico,Turno_3,3738.4,267.4,0.87,85.9,82.7,112.4,48.1,13,14.69,6429,CLP-2286E,1
PEC-81791,Fresadora,Aluminio,Soluvel,Turno_2,3036.0,192.7,0.56,33.0,66.7,112.9,50.8,19,32.93,7217,CLP-5F026,0
PEC-81792,torno_cnc,Aco_Inox,Soluvel,Turno_1,2931.7,270.5,1.23,37.6,65.3,111.4,43.9,101,33.88,9517,CLP-9A9D7,1
PEC-81793,Fresadora,Aco_Inox,Sintetico,Turno_2,3013.6,282.9,1.29,19.4,56.4,115.4,36.7,56,-18.35,7355,CLP-60657,1
PEC-81794,Torno_CNC,Aluminio,Seco,Turno_1,2701.3,305.5,1.04,36.7,56.5,130.7,32.2,159,-3.97,7192,CLP-9DCB3,1
PEC-81795,Torno_CNC,Aluminio,Soluvel,Turno_1,2620.1,281.5,1.55,39.6,63.0,94.5,38.9,155,-8.58,7423,CLP-E6C92,1
PEC-81796,Fresadora,Latao,Soluvel,Turno_2,2459.5,243.7,1.85,54.0,41.0,124.3,46.8,83,-0.18,7596,CLP-3A49B,0
PEC-81797,Torno_CNC,Aluminio,Sintetico,Turno_1,2601.7,241.5,3.52,34.7,77.2,121.8,33.9,53,34.83,7963,CLP-C2843,1
PEC-81798,Torno_CNC,Aluminio,Soluvel,Turno_1,3934.4,246.4,3.34,12.7,67.5,140.8,53.6,140,-9.74,6190,CLP-8906E,1
PEC-81799,Torno_CNC,Latao,Semi_Sintetico,Turno_3,2889.3,255.4,0.92,35.5,44.0,114.5,36.6,60,-18.8,2401,CLP-A59C7,0
PEC-81800,Celula_Robotica,Aco_Carbono,Seco,Turno_3,1876.3,313.4,4.41,17.4,77.3,137.0,44.1,88,16.53,6361,CLP-A1536,1
PEC-81801,Fresadora,Aco_Inox,Seco,Turno_2,2935.8,303.6,3.51,,73.2,107.1,56.8,103,7.77,2304,CLP-67D64,1
PEC-81802, TORNO_CNC ,Aco_Inox,Soluvel,Turno_2,2484.3,287.6,1.15,66.1,70.3,113.2,43.5,149,-3.52,5987,CLP-A2C71,1
PEC-81803,Torno_CNC,Aluminio,Soluvel,Turno_2,3226.8,351.5,1.0,7.4,91.8,126.2,36.3,24,3.18,6241,CLP-F1375,1
PEC-81804,Torno_CNC,Aluminio,Seco,Turno_2,3178.2,117.2,0.85,40.0,66.2,129.1,24.9,62,27.61,5936,CLP-E2AC1,1
PEC-81805,Fresadora,Aco_Carbono,Soluvel,Turno_2,3225.1,227.0,3.43,161.3,83.4,116.0,48.2,22,0.68,7570,CLP-211DA,1
PEC-81806,Fresadora,Aco_Carbono,Soluvel,Turno_3,3181.7,249.4,1.45,8.2,65.3,123.3,47.5,103,-1.65,5776,CLP-2FFE0,1
PEC-81807,Torno_CNC,Aluminio,Sintetico,Turno_1,3032.3,216.4,0.79,13.7,70.4,117.5,49.6,159,-16.03,6104,CLP-F1015,1
PEC-81808,Torno_CNC,Latao,Soluvel,Turno_2,2544.8,203.5,2.19,55.1,58.4,131.9,45.9,83,1.96,2252,CLP-C66FD,1
PEC-81809,Torno_CNC,Aluminio,Soluvel,Turno_3,3166.4,164.1,3.33,8.6,42.4,117.8,40.7,141,-11.68,4547,CLP-E9DF2,1
PEC-81810,Fresadora,Aco_Inox,Semi_Sintetico,Turno_2,3658.5,234.4,1.72,67.6,43.1,116.7,38.7,98,-7.62,9393,CLP-975E2,1
PEC-81811,Fresadora,Aco_Carbono,Soluvel,Turno_3,4016.2,294.7,2.43,5.0,64.0,134.9,45.3,170,3.29,3102,CLP-D397B,1
PEC-81812,Torno_CNC,Aco_Inox,Soluvel,Turno_1,,288.7,1.27,82.2,62.2,123.2,52.9,34,6.98,6299,CLP-34BE9,1
PEC-81813,Torno_CNC,Aco_Carbono,Soluvel,Turno_1,3141.7,212.4,2.22,7.4,50.8,130.0,21.3,162,0.49,4562,CLP-6CF3B,0
PEC-81814,Torno_CNC,Latao,Sintetico,Turno_3,3425.2,261.0,1.94,94.3,61.7,157.5,52.5,155,26.74,1665,CLP-194AA,1
PEC-81815,Celula_Robotica,Aluminio,Soluvel,Turno_1,3872.0,317.9,2.24,75.0,70.4,90.2,42.7,97,5.81,8145,CLP-1AEAF,1
PEC-81816,Torno_CNC,Aluminio,Soluvel,Turno_2,2981.2,174.0,2.36,32.1,80.5,104.6,43.7,71,-8.23,2519,CLP-C20B6,1
PEC-81817,Fresadora,Aluminio,Sintetico,Turno_1,3511.7,242.1,0.87,57.7,56.7,106.1,50.6,90,13.2,9734,CLP-BDF42,1
PEC-81818,Fresadora,Aco_Inox,Semi_Sintetico,Turno_3,2829.7,264.3,0.87,7.7,69.7,107.2,43.6,26,16.64,1279,CLP-20495,0
PEC-81819, TORNO_CNC ,Aco_Inox,Soluvel,Turno_2,3348.4,250.5,1.54,10.1,85.9,141.3,46.8,178,-9.49,4861,CLP-A9D6A,1
PEC-81820,Torno_CNC,Aluminio,Semi_Sintetico,Turno_1,3636.8,292.5,0.96,21.1,74.0,80.0,31.9,121,15.08,7992,CLP-9EAB7,1
PEC-81821,Torno_CNC,Aco_Carbono,Soluvel,Turno_2,,175.1,1.51,,55.8,127.2,42.8,21,-3.18,7611,CLP-92D42,0
PEC-81822,Fresadora,Aluminio,Sintetico,Turno_2,2963.7,199.7,0.6,75.9,66.2,97.0,49.1,145,1.21,5330,CLP-AE294,1
PEC-81823,Fresadora,Aco_Inox,Soluvel,Turno_1,3629.7,284.1,1.9,32.4,67.2,120.4,41.9,160,-12.64,2924,CLP-C02B4,1
PEC-81824,Fresadora,Aluminio,Soluvel,Turno_2,,164.9,1.35,43.3,72.6,123.9,42.3,155,-38.92,7498,CLP-A24ED,1
PEC-81825,torno_cnc,Aco_Carbono,Sintetico,Turno_2,3666.2,290.6,4.07,44.9,65.5,133.6,46.3,44,15.08,4152,CLP-2933A,1
PEC-81826,Torno_CNC,Aluminio,Soluvel,Turno_1,3581.8,272.5,3.93,78.5,70.8,116.0,48.4,66,-10.6,7447,CLP-2BE4C,1
PEC-81827,Celula_Robotica,Aluminio,Soluvel,Turno_3,3046.5,287.1,1.7,57.5,77.2,117.4,57.2,108,3.02,3598,CLP-654BA,1
PEC-81828,Fresadora,Aco_Carbono,Soluvel,Turno_1,4189.6,226.5,2.4,137.1,52.4,89.3,48.5,168,5.18,6093,CLP-A9ECC,1
PEC-81829,Torno_CNC,Aluminio,Sintetico,Turno_1,3261.6,275.5,4.32,5.7,49.2,154.2,55.8,163,12.47,7302,CLP-57144,1
PEC-81830,Celula_Robotica,Aluminio,Soluvel,Turno_2,1824.9,191.4,2.6,13.2,72.3,124.6,44.2,149,-15.36,9592,CLP-D78B9,1
PEC-81831,Fresadora,Aco_Carbono,Soluvel,Turno_2,3072.9,229.3,3.89,98.3,63.2,126.6,26.1,6,-8.21,4213,CLP-3BF51,1
PEC-81832,torno_cnc,Aco_Inox,Soluvel,Turno_3,2988.9,251.8,3.81,,75.4,136.1,41.6,32,5.11,5297,CLP-A2A18,1
PEC-81833,Fresadora,Latao,Soluvel,Turno_1,3557.9,205.1,4.27,15.9,78.1,119.0,38.5,140,14.34,7831,CLP-F1845,1
PEC-81834,Centro_Usinagem,Aco_Inox,Soluvel,Turno_1,2997.0,260.9,1.72,133.1,42.8,126.4,44.5,82,10.16,3064,CLP-3981A,1
PEC-81835,Fresadora,Aco_Inox,Soluvel,Turno_1,3694.5,192.8,0.67,76.4,55.0,130.7,42.4,142,-14.97,7737,CLP-9EE91,1
PEC-81836,Torno_CNC,Aco_Carbono,Soluvel,Turno_3,3451.1,263.4,0.92,7.3,63.5,97.9,47.1,2,8.14,9927,CLP-E3199,1
PEC-81837,Torno_CNC,Aco_Inox,Soluvel,Turno_2,2750.0,337.1,2.79,63.4,52.7,128.0,39.6,151,-5.01,5678,CLP-32E15,1
PEC-81838,Celula_Robotica,Aco_Carbono,Semi_Sintetico,Turno_2,3136.8,187.2,2.62,58.7,59.3,151.1,46.7,127,11.65,2537,CLP-5C38E,1
PEC-81839,Torno_CNC,Aco_Carbono,Sintetico,Turno_1,2851.0,248.9,1.69,13.7,49.7,146.2,48.0,118,4.88,1889,CLP-ED9EA,1
PEC-81840, TORNO_CNC ,Aco_Carbono,Semi_Sintetico,Turno_3,3283.1,169.1,1.49,43.7,59.7,143.0,45.3,144,-10.35,9215,CLP-3B664,1
PEC-81841, TORNO_CNC ,Latao,Soluvel,Turno_2,2848.3,208.4,3.34,128.0,53.4,148.7,33.3,146,22.49,4796,CLP-3B924,1
PEC-81842, TORNO_CNC ,Aco_Inox,Seco,Turno_3,3233.5,285.1,1.86,44.4,69.1,101.1,52.2,2,7.13,1717,CLP-D6BEF,1
PEC-81843,Fresadora,Aco_Carbono,Soluvel,Turno_1,3077.5,228.5,2.92,,75.8,112.1,50.0,173,7.11,4714,CLP-C17AD,1
PEC-81844,Celula_Robotica,Aco_Inox,Seco,Turno_2,3131.5,287.1,3.35,8.7,69.9,106.3,43.5,117,1.26,2632,CLP-52197,1
PEC-81845,Torno_CNC,Aluminio,Soluvel,Turno_3,4122.9,267.8,2.22,50.5,96.2,172.4,30.5,109,4.98,9835,CLP-BB940,1
PEC-81846,Torno_CNC,Aco_Carbono,Soluvel,Turno_2,3037.8,246.8,1.27,13.0,76.3,123.7,47.4,109,-2.87,4967,CLP-315D3,1
PEC-81847,Torno_CNC,Aco_Inox,Soluvel,Turno_1,2329.5,198.5,3.94,7.6,75.8,98.8,40.8,176,29.55,3627,CLP-9E437,1
PEC-81848,Centro_Usinagem,Aluminio,Soluvel,Turno_3,3657.1,284.3,0.87,33.1,64.0,103.5,40.6,66,-5.73,1892,CLP-7FDA4,0
PEC-81849,Fresadora,Aluminio,Semi_Sintetico,Turno_1,3653.6,265.2,3.82,53.6,61.3,121.6,44.4,138,-3.15,1567,CLP-8D4C9,1
PEC-81850,Torno_CNC,Aluminio,Sintetico,Turno_1,2309.5,173.6,3.85,32.7,80.3,99.6,56.6,16,-2.92,9667,CLP-CC3CD,1
PEC-81851,Centro_Usinagem,Latao,Seco,Turno_2,2884.6,201.8,2.78,98.9,62.0,148.0,46.2,107,24.36,4517,CLP-9963E,1
PEC-81852,Centro_Usinagem,Aco_Inox,Sintetico,Turno_2,3396.1,111.5,3.02,46.6,65.4,131.9,44.1,150,-3.44,3777,CLP-9ED30,1
PEC-81853,Centro_Usinagem,Aluminio,Soluvel,Turno_3,3435.9,181.7,1.93,9.4,62.9,124.7,40.8,107,17.48,6565,CLP-8C6DC,1
PEC-81854,Centro_Usinagem,Aco_Carbono,Soluvel,Turno_1,3197.9,234.3,3.87,100.4,71.5,104.2,45.2,16,-2.4,7881,CLP-CD0EB,1
PEC-81855,Torno_CNC,Aluminio,Seco,Turno_2,3208.0,197.2,1.55,10.8,75.7,100.2,45.0,111,8.26,5038,CLP-7F443,1
PEC-81856,Fresadora,Aco_Inox,Sintetico,Turno_2,2777.6,208.4,2.74,54.7,77.8,125.2,49.8,161,28.86,3240,CLP-A1646,1
PEC-81857, TORNO_CNC ,Aluminio,Sintetico,Turno_1,2120.1,319.5,0.51,10.6,61.4,122.1,40.7,40,-11.76,1472,CLP-6EBE6,0
PEC-81858,Centro_Usinagem,Aco_Inox,Soluvel,Turno_3,4122.3,301.4,4.26,234.5,67.2,100.7,38.5,153,15.48,1117,CLP-A861B,1
PEC-81859,Fresadora,Aco_Inox,Sintetico,Turno_3,2764.1,215.3,4.29,19.1,69.0,119.2,41.5,169,-22.11,1113,CLP-45AD7,1
PEC-81860,Fresadora,Aco_Carbono,Seco,Turno_2,3279.4,289.7,3.34,29.0,82.6,119.2,44.3,11,-5.99,5775,CLP-18D8E,1
PEC-81861,Fresadora,Aluminio,Soluvel,Turno_1,3128.5,310.7,2.19,27.0,43.6,131.1,44.8,167,-4.1,1026,CLP-6BEF4,0
PEC-81862,Torno_CNC,Latao,Soluvel,Turno_3,3603.7,280.9,1.21,8.8,65.1,151.6,44.9,12,-1.0,8601,CLP-E4F8C,1
PEC-81863,torno_cnc,Aco_Carbono,Soluvel,Turno_1,3251.7,264.9,2.47,28.8,57.3,88.8,37.1,134,-8.25,4202,CLP-D7083,1
PEC-81864,Celula_Robotica,Aluminio,Semi_Sintetico,Turno_1,3269.0,304.9,3.67,10.7,58.6,132.0,44.3,132,5.32,6853,CLP-5F6D2,1
PEC-81865,Celula_Robotica,Aco_Inox,Soluvel,Turno_1,2014.6,288.5,2.92,61.7,54.8,109.6,50.5,54,-5.39,5446,CLP-7BCDE,0
PEC-81866,Torno_CNC,Aluminio,Soluvel,Turno_1,2825.0,189.3,2.61,116.2,71.5,126.3,55.2,77,-4.67,5182,CLP-2688A,1
PEC-81867,Torno_CNC,Aco_Inox,Soluvel,Turno_3,3535.1,240.6,3.9,62.8,35.6,122.0,52.9,176,-5.21,5937,CLP-85A8A,1
PEC-81868,Torno_CNC,Latao,Sintetico,Turno_2,3494.6,222.4,1.75,24.7,63.3,127.5,44.5,66,-6.11,8369,CLP-9D7B9,1
PEC-81869,Fresadora,Aco_Inox,Soluvel,Turno_3,2771.8,307.6,3.94,5.1,43.1,101.4,43.7,161,3.49,7184,CLP-EA294,1
PEC-81870,Centro_Usinagem,Aco_Inox,Soluvel,Turno_1,2489.9,221.0,2.26,6.3,56.7,134.5,54.9,120,-0.67,5264,CLP-1CA1A,0
PEC-81871,Torno_CNC,Aluminio,Seco,Turno_2,3257.0,212.4,0.51,28.9,62.4,120.6,44.1,56,6.01,8583,CLP-B3AEC,1
PEC-81872,torno_cnc,Aco_Inox,Seco,Turno_3,1892.0,301.3,3.43,44.8,60.1,140.9,51.9,175,9.73,4089,CLP-C496B,1
PEC-81873,Centro_Usinagem,Aco_Inox,Soluvel,Turno_3,2683.1,263.0,4.01,64.9,73.2,143.9,44.8,41,0.16,8646,CLP-24804,1
PEC-81874,Fresadora,Aluminio,Sintetico,Turno_2,3992.1,355.6,2.44,37.0,80.0,123.6,25.8,88,-10.84,4072,CLP-4FEF3,1
PEC-81875,torno_cnc,Aco_Inox,Sintetico,Turno_1,3850.3,206.9,2.32,,88.5,134.8,50.3,86,-11.18,6944,CLP-7FF48,1
PEC-81876,torno_cnc,Aco_Inox,Soluvel,Turno_3,3419.3,224.1,3.72,28.8,64.9,133.6,52.7,23,-5.09,5609,CLP-261F7,1
PEC-81877,torno_cnc,Aco_Inox,Soluvel,Turno_1,3338.3,306.1,4.04,37.1,78.9,140.1,42.4,36,32.66,4385,CLP-739AC,1
PEC-81878,Torno_CNC,Aco_Carbono,Soluvel,Turno_2,2322.4,186.0,4.4,14.2,82.6,139.0,35.7,77,-20.13,9824,CLP-A2C27,1
PEC-81879,torno_cnc,Aluminio,Soluvel,Turno_2,2866.7,316.0,1.88,19.5,59.3,102.5,57.2,18,-5.67,9291,CLP-DD394,0
PEC-81880,Fresadora,Aluminio,Soluvel,Turno_2,3067.2,189.6,2.88,45.2,79.8,124.2,43.8,7,-9.09,6003,CLP-29C7E,1
PEC-81881,Centro_Usinagem,Aluminio,Semi_Sintetico,Turno_2,2876.3,280.5,3.79,37.2,38.9,99.2,42.2,168,-18.71,8654,CLP-6388C,1
PEC-81882,Fresadora,Aco_Inox,Soluvel,Turno_2,3042.4,157.8,2.63,21.2,68.6,112.2,48.6,68,-6.34,6179,CLP-451BE,1
PEC-81883,Fresadora,Latao,Sintetico,Turno_1,3784.7,252.3,2.35,,84.3,112.8,66.9,110,1.82,3793,CLP-C31E0,1
PEC-81884,Torno_CNC,Aco_Inox,Soluvel,Turno_2,2956.2,181.5,2.79,19.7,66.2,128.8,48.9,74,21.53,4257,CLP-CF1C2,1
PEC-81885, TORNO_CNC ,Aluminio,Sintetico,Turno_2,3046.6,346.3,1.93,6.6,62.7,116.5,46.4,167,-9.47,6136,CLP-60917,1
PEC-81886,Torno_CNC,Aco_Carbono,Soluvel,Turno_1,3532.8,196.4,1.27,35.4,62.7,117.6,45.6,171,27.38,3763,CLP-D289F,1
PEC-81887,Torno_CNC,Aco_Carbono,Sintetico,Turno_1,2561.2,208.6,0.77,18.7,82.6,135.0,58.2,25,-22.31,4160,CLP-C5B4B,1
PEC-81888,Fresadora,Aco_Inox,Semi_Sintetico,Turno_1,2821.9,276.8,2.94,,45.9,133.2,49.2,83,5.69,1816,CLP-6BC70,1
PEC-81889,Celula_Robotica,Aco_Inox,Semi_Sintetico,Turno_2,2868.0,220.0,2.02,35.0,60.3,124.1,51.9,172,-13.78,4025,CLP-8A2D8,1
PEC-81890,Torno_CNC,Aco_Carbono,Soluvel,Turno_3,3225.0,285.0,4.03,35.5,75.1,131.2,47.4,104,5.24,2182,CLP-C89F5,1
PEC-81891, TORNO_CNC ,Aco_Inox,Sintetico,Turno_1,3044.8,214.5,1.39,36.1,68.8,129.7,49.3,127,33.99,3210,CLP-31C10,1
PEC-81892,Centro_Usinagem,Aco_Carbono,Seco,Turno_2,3059.0,210.6,1.74,28.7,79.2,149.5,42.8,84,-4.47,6540,CLP-B9E3C,1
PEC-81893,Torno_CNC,Aco_Carbono,Sintetico,Turno_2,2900.8,248.6,4.38,28.4,73.2,116.9,46.4,69,4.69,3573,CLP-EDDDA,1
PEC-81894,torno_cnc,Aco_Carbono,Soluvel,Turno_1,2718.1,189.2,2.73,65.3,59.3,108.7,39.5,94,5.47,1498,CLP-347AB,1
PEC-81895,Fresadora,Aco_Inox,Sintetico,Turno_3,3474.1,269.8,1.89,27.1,72.0,123.1,40.9,156,-0.87,2408,CLP-58277,1
PEC-81896,Fresadora,Aco_Carbono,Soluvel,Turno_1,3048.0,293.9,3.94,31.9,49.2,105.7,48.9,167,34.85,5260,CLP-99924,1
PEC-81897,Torno_CNC,Aluminio,Semi_Sintetico,Turno_3,3478.6,277.6,3.47,160.5,40.8,114.5,39.4,113,1.84,4223,CLP-DD171,1
PEC-81898, TORNO_CNC ,Aco_Carbono,Sintetico,Turno_1,2699.8,282.2,2.79,12.0,57.7,126.8,46.0,104,-0.24,6200,CLP-44999,1
PEC-81899,Fresadora,Aco_Inox,Soluvel,Turno_1,2900.6,153.8,4.06,50.4,66.0,112.4,42.1,92,-10.87,5267,CLP-2B839,0
PEC-81900,torno_cnc,Aco_Inox,Soluvel,Turno_1,3100.5,226.9,0.88,27.4,55.3,116.6,36.0,60,-14.27,2359,CLP-C0866,0
PEC-81901,Torno_CNC,Aco_Inox,Soluvel,Turno_1,3142.5,238.6,2.08,67.1,67.1,115.9,46.8,26,17.81,7144,CLP-6F7EE,0
PEC-81902,Fresadora,Aco_Inox,Seco,Turno_3,3539.5,322.7,3.74,23.1,65.7,113.5,51.2,129,26.6,4958,CLP-C15A4,1
PEC-81903,Torno_CNC,Aluminio,Soluvel,Turno_1,3006.3,220.9,2.04,17.6,42.7,103.6,34.5,11,25.97,3541,CLP-D0A68,0
PEC-81904,Fresadora,Latao,Soluvel,Turno_2,3536.0,134.9,4.21,13.2,58.5,135.2,49.9,1,7.22,9890,CLP-5A974,1
PEC-81905,Torno_CNC,Aco_Inox,Seco,Turno_1,3368.7,199.8,1.11,77.0,76.3,140.6,36.1,45,-9.83,7171,CLP-5C594,1
PEC-81906,Celula_Robotica,Aco_Carbono,Soluvel,Turno_3,3151.9,216.9,1.85,49.3,70.8,134.3,55.8,14,-15.39,8035,CLP-3E688,1
PEC-81907, TORNO_CNC ,Aco_Inox,Soluvel,Turno_3,2771.9,142.2,2.2,7.8,56.6,134.1,49.5,85,1.88,6387,CLP-E958E,1
PEC-81908,Torno_CNC,Aco_Inox,Sintetico,Turno_2,3540.6,298.4,3.25,48.7,72.4,113.8,34.5,142,9.26,1904,CLP-31701,1
PEC-81909,Torno_CNC,Aco_Inox,Soluvel,Turno_1,2783.1,171.5,1.28,6.2,86.1,122.6,51.8,138,-1.81,6215,CLP-24D38,1
PEC-81910,Torno_CNC,Aco_Inox,Soluvel,Turno_2,3190.4,272.3,0.54,12.0,59.9,108.3,40.1,99,-15.39,2097,CLP-186A1,1
PEC-81911,Centro_Usinagem,Latao,Soluvel,Turno_1,3175.7,195.4,4.41,36.4,73.9,118.0,37.3,117,-8.19,9753,CLP-A5DCF,1
PEC-81912,Celula_Robotica,Aco_Inox,Sintetico,Turno_1,3106.8,325.3,4.1,26.8,72.0,119.3,50.8,84,9.97,7351,CLP-8C6EC,1
PEC-81913, TORNO_CNC ,Aluminio,Seco,Turno_2,3024.8,236.2,1.7,69.2,59.3,99.2,54.7,131,4.75,9333,CLP-EDD2D,1
PEC-81914, TORNO_CNC ,Aluminio,Soluvel,Turno_3,2830.1,226.0,2.43,37.8,51.4,122.0,48.8,89,19.24,2168,CLP-2EFE1,1
PEC-81915,Fresadora,Latao,Soluvel,Turno_3,2472.4,276.4,2.46,122.3,84.8,112.0,42.0,50,22.35,8596,CLP-8A600,1
PEC-81916,Centro_Usinagem,Aco_Inox,Soluvel,Turno_2,3831.7,199.6,3.98,72.6,78.1,124.0,46.4,24,40.49,7995,CLP-D119E,1
PEC-81917,torno_cnc,Aco_Inox,Semi_Sintetico,Turno_2,2978.7,278.8,2.89,19.6,61.7,116.5,40.3,51,-6.94,6883,CLP-511B1,0
PEC-81918, TORNO_CNC ,Aco_Inox,Soluvel,Turno_3,3142.3,225.9,3.81,67.9,79.6,125.2,43.6,70,14.03,4156,CLP-B86AA,1
PEC-81919, TORNO_CNC ,Aluminio,Semi_Sintetico,Turno_2,3139.6,220.3,4.15,76.4,71.7,130.5,48.3,66,-15.06,4901,CLP-A4CC7,1
PEC-81920,Fresadora,Aco_Inox,Soluvel,Turno_2,3693.0,245.6,2.76,127.4,79.5,101.2,33.6,94,5.51,9936,CLP-897AE,1
PEC-81921,Torno_CNC,Aco_Carbono,Seco,Turno_3,4069.9,195.5,1.64,5.4,43.5,115.2,48.6,116,-0.51,8944,CLP-22444,1
PEC-81922,Fresadora,Aluminio,Sintetico,Turno_1,3271.9,240.5,2.49,,60.1,110.3,33.7,4,0.37,9045,CLP-1DF90,1
PEC-81923, TORNO_CNC ,Aluminio,Sintetico,Turno_1,3129.3,267.0,3.9,7.5,83.9,137.7,34.8,84,6.13,1097,CLP-A3356,1
PEC-81924,Fresadora,Aluminio,Soluvel,Turno_2,2694.4,134.6,2.83,31.3,96.8,145.5,50.2,114,-15.85,7406,CLP-826D8,1
PEC-81925,Torno_CNC,Aco_Inox,Semi_Sintetico,Turno_1,2550.4,304.6,4.08,23.7,60.3,120.6,38.2,146,-25.57,9133,CLP-39003,1
PEC-81926,torno_cnc,Aluminio,Soluvel,Turno_1,,290.8,4.08,93.3,60.1,126.1,37.1,69,-7.81,2613,CLP-E6531,1
PEC-81927, TORNO_CNC ,Latao,Soluvel,Turno_2,2841.9,157.3,1.99,23.2,73.2,97.9,42.6,143,-2.52,7014,CLP-C556C,1
PEC-81928,Fresadora,Aco_Carbono,Soluvel,Turno_2,,149.5,2.29,36.7,69.1,124.5,40.3,34,1.25,7940,CLP-672B1,1
PEC-81929,Torno_CNC,Aco_Carbono,Semi_Sintetico,Turno_3,3685.5,292.1,3.21,46.2,71.4,116.1,46.9,40,-9.2,2667,CLP-B1CBC,1
PEC-81930,torno_cnc,Aco_Carbono,Semi_Sintetico,Turno_1,3390.4,288.2,0.94,5.7,39.1,140.4,46.4,166,-11.13,1907,CLP-71EF6,1
PEC-81931,torno_cnc,Aco_Inox,Sintetico,Turno_1,3086.8,281.2,2.36,36.3,62.1,116.6,37.1,147,1.96,3670,CLP-BEE0E,1
PEC-81932,torno_cnc,Aco_Inox,Sintetico,Turno_1,,178.7,1.1,,74.7,107.7,31.3,124,10.81,4189,CLP-D5E8A,1
PEC-81933,Fresadora,Aco_Inox,Soluvel,Turno_2,2718.0,341.4,3.89,36.5,36.7,99.9,43.4,107,-2.91,6425,CLP-3BA22,1
PEC-81934,Fresadora,Aco_Inox,Semi_Sintetico,Turno_2,2831.0,212.2,4.27,7.8,45.6,122.7,53.8,64,-29.54,2795,CLP-8B935,0
PEC-81935,Centro_Usinagem,Aco_Inox,Semi_Sintetico,Turno_2,2329.8,262.0,1.07,,43.7,111.8,44.5,68,-13.0,1384,CLP-82F5A,1
PEC-81936,Torno_CNC,Aluminio,Sintetico,Turno_1,3548.5,262.6,3.17,11.8,72.8,138.3,42.2,21,-17.71,6935,CLP-DD4E8,1
PEC-81937,Centro_Usinagem,Aluminio,Soluvel,Turno_2,2835.3,329.6,3.05,76.3,53.8,129.5,58.8,31,4.85,4220,CLP-8597C,1
PEC-81938, TORNO_CNC ,Aco_Carbono,Seco,Turno_2,3207.1,256.3,3.54,20.4,50.6,118.5,51.0,116,23.82,6016,CLP-85575,1
PEC-81939,Torno_CNC,Aco_Carbono,Semi_Sintetico,Turno_1,3651.2,270.8,3.28,24.9,65.7,129.4,31.2,136,-8.78,6260,CLP-F0146,1
PEC-81940,Torno_CNC,Latao,Sintetico,Turno_2,3816.9,246.1,1.37,22.3,50.1,146.1,42.8,82,-1.48,9119,CLP-C09E3,1
PEC-81941,Torno_CNC,Aco_Inox,Soluvel,Turno_2,3186.9,190.2,1.66,48.9,70.4,102.6,46.8,116,-26.0,5714,CLP-2FCBE,1
PEC-81942,Fresadora,Aco_Inox,Sintetico,Turno_3,3372.9,134.1,1.16,15.5,94.0,110.5,36.5,121,26.76,7435,CLP-85B7C,1
PEC-81943,Fresadora,Aluminio,Sintetico,Turno_3,2793.3,251.6,4.18,7.5,60.6,149.1,42.7,146,5.39,8089,CLP-B42AD,1
PEC-81944,Fresadora,Aco_Inox,Soluvel,Turno_2,3957.5,179.4,2.59,21.6,41.7,108.7,45.2,123,-20.57,6210,CLP-D7066,1
PEC-81945,torno_cnc,Aco_Inox,Soluvel,Turno_3,3125.2,267.5,4.4,50.5,59.6,129.9,43.2,58,34.27,5899,CLP-DB9A9,0
PEC-81946, TORNO_CNC ,Aco_Inox,Soluvel,Turno_2,3236.1,257.4,2.3,91.3,70.9,137.8,35.3,138,-7.96,2257,CLP-D987E,1
PEC-81947,Torno_CNC,Aco_Inox,Sintetico,Turno_3,3016.9,256.2,2.71,6.8,69.7,119.8,56.7,177,-13.71,3570,CLP-A8F0A,1
PEC-81948,Torno_CNC,Aluminio,Soluvel,Turno_1,3739.7,197.4,3.66,63.2,75.1,130.3,47.1,113,11.29,6276,CLP-20501,1
PEC-81949, TORNO_CNC ,Aluminio,Soluvel,Turno_2,3289.8,301.8,3.69,7.4,57.9,115.6,38.1,45,-3.1,8760,CLP-C7D07,1
PEC-81950,Torno_CNC,Aluminio,Semi_Sintetico,Turno_2,3542.4,273.7,1.42,19.1,61.6,147.2,52.0,104,8.0,9044,CLP-5D2AC,1
PEC-81951,Torno_CNC,Aluminio,Sintetico,Turno_2,3359.3,190.9,1.65,5.8,35.6,113.4,44.4,14,30.73,5259,CLP-71C5E,0
PEC-81952,torno_cnc,Aco_Inox,Soluvel,Turno_1,3100.8,353.4,0.89,89.9,72.4,105.7,52.9,123,32.31,1503,CLP-E3691,1
PEC-81953,Fresadora,Aco_Inox,Soluvel,Turno_1,3618.3,239.5,3.72,47.9,49.3,133.3,44.2,44,2.09,6337,CLP-76274,1
PEC-81954,Celula_Robotica,Aco_Inox,Semi_Sintetico,Turno_1,3355.4,183.3,3.68,21.1,67.4,130.6,33.2,79,-5.86,1555,CLP-9EB8D,1
PEC-81955,Celula_Robotica,Aco_Inox,Semi_Sintetico,Turno_1,2767.6,212.1,0.83,21.6,54.5,122.2,36.5,173,-22.08,5154,CLP-39863,1
PEC-81956,Fresadora,Aco_Carbono,Soluvel,Turno_1,2754.9,174.6,1.53,40.7,64.0,120.5,54.1,127,-29.83,9750,CLP-837DD,1
PEC-81957, TORNO_CNC ,Aco_Carbono,Seco,Turno_2,3267.0,318.0,2.3,8.3,76.5,112.6,53.3,164,14.53,4475,CLP-ACD4D,1
PEC-81958,Fresadora,Aluminio,Soluvel,Turno_3,3608.4,304.0,2.67,10.5,59.8,109.0,34.4,167,-1.48,9301,CLP-D5464,1
PEC-81959,Fresadora,Aco_Inox,Seco,Turno_2,3937.7,287.0,2.59,70.8,56.1,110.9,56.1,74,-9.25,9386,CLP-21E71,1
PEC-81960,Torno_CNC,Aluminio,Soluvel,Turno_3,2400.3,277.6,4.43,12.9,65.0,124.7,53.2,124,5.41,4745,CLP-C391E,1
PEC-81961, TORNO_CNC ,Aluminio,Soluvel,Turno_3,3211.5,312.4,3.56,50.4,57.3,116.9,39.9,57,-6.87,6454,CLP-F3322,1
PEC-81962,Centro_Usinagem,Aluminio,Soluvel,Turno_2,3420.3,237.9,0.95,14.0,53.7,97.6,44.4,31,7.9,2873,CLP-4D054,0
PEC-81963, TORNO_CNC ,Aluminio,Soluvel,Turno_1,3333.1,271.1,1.67,8.2,87.4,113.7,27.4,25,0.09,5134,CLP-30383,1
PEC-81964,torno_cnc,Aluminio,Sintetico,Turno_1,3654.2,209.4,1.88,85.6,42.7,116.8,39.4,149,-20.46,6542,CLP-8FFF5,1
PEC-81965,torno_cnc,Aluminio,Semi_Sintetico,Turno_3,3495.0,242.3,1.76,86.2,72.8,127.6,43.3,110,-11.65,3632,CLP-5D7D5,1
PEC-81966,Torno_CNC,Aco_Carbono,Semi_Sintetico,Turno_1,2756.5,272.5,3.64,37.5,63.4,124.4,47.5,8,9.85,9520,CLP-3F348,1
PEC-81967, TORNO_CNC ,Aco_Inox,Soluvel,Turno_2,2743.3,95.9,1.94,26.7,55.1,146.3,44.1,136,-10.31,2335,CLP-244EC,1
PEC-81968,Torno_CNC,Aco_Carbono,Soluvel,Turno_1,3340.6,219.0,2.47,33.2,69.2,105.3,46.1,146,-11.53,3607,CLP-9865E,1
PEC-81969,Torno_CNC,Aco_Inox,Soluvel,Turno_3,3645.7,258.2,2.63,23.4,65.4,128.3,37.3,17,23.94,4492,CLP-94C0E,1
PEC-81970,Torno_CNC,Aco_Inox,Soluvel,Turno_2,3264.5,246.1,1.58,54.5,80.8,129.5,47.6,39,1.28,4313,CLP-4B580,1
PEC-81971,Centro_Usinagem,Latao,Sintetico,Turno_3,2489.9,227.4,1.79,54.2,51.4,124.2,58.5,74,12.41,9019,CLP-D92B8,1
PEC-81972,Torno_CNC,Latao,Soluvel,Turno_1,2728.8,279.5,3.62,64.8,58.8,115.5,48.5,128,17.81,5915,CLP-BAE0F,1
PEC-81973,torno_cnc,Aco_Inox,Sintetico,Turno_1,3511.2,214.6,3.97,30.9,77.1,109.7,45.3,123,7.57,5605,CLP-2A49A,1
PEC-81974,Torno_CNC,Aluminio,Sintetico,Turno_2,3043.1,188.9,0.65,61.6,62.5,119.4,39.1,140,-11.88,8642,CLP-3E1F3,1
PEC-81975,Celula_Robotica,Aco_Inox,Soluvel,Turno_3,3253.1,309.2,2.92,10.9,71.6,93.2,42.1,54,6.89,9522,CLP-7B66D,1
PEC-81976,Torno_CNC,Aluminio,Sintetico,Turno_2,3679.4,302.1,3.03,6.1,79.6,106.1,34.5,69,36.58,4274,CLP-D5D9C,1
PEC-81977, TORNO_CNC ,Aco_Carbono,Soluvel,Turno_3,2659.0,220.0,3.45,41.5,71.7,105.4,33.4,20,-7.73,2127,CLP-B64A8,1
PEC-81978,Centro_Usinagem,Latao,Soluvel,Turno_3,3013.6,246.6,3.28,8.9,57.7,127.6,44.4,42,15.86,7513,CLP-71DAB,1
PEC-81979,Centro_Usinagem,Aluminio,Semi_Sintetico,Turno_3,2964.7,292.3,4.01,33.0,60.8,129.4,49.4,96,15.56,2362,CLP-ABCA7,1
PEC-81980,Torno_CNC,Aco_Inox,Soluvel,Turno_2,3359.9,252.2,0.81,49.7,79.7,103.9,38.2,124,-10.81,2810,CLP-F16D5,1
PEC-81981,Centro_Usinagem,Aluminio,Soluvel,Turno_1,3547.8,276.5,2.05,23.3,66.9,100.4,54.6,37,-24.75,3411,CLP-1B033,1
PEC-81982, TORNO_CNC ,Aco_Inox,Sintetico,Turno_1,2533.9,273.8,3.63,6.6,62.6,98.1,40.5,98,-1.84,1326,CLP-491DB,0
PEC-81983, TORNO_CNC ,Latao,Soluvel,Turno_3,3197.5,234.0,3.89,81.4,69.6,134.7,44.3,101,-19.81,5506,CLP-F28E3,1
PEC-81984,Torno_CNC,Aco_Carbono,Sintetico,Turno_3,3591.2,275.8,1.56,6.5,49.6,133.7,52.6,155,-41.99,9736,CLP-33F03,1
PEC-81985,Torno_CNC,Aluminio,Soluvel,Turno_2,2365.3,201.8,2.84,87.3,62.2,129.7,42.5,71,-10.53,7249,CLP-B0B13,1
PEC-81986,Fresadora,Aco_Inox,Soluvel,Turno_1,3171.0,269.7,1.22,6.9,64.1,142.5,50.0,16,1.48,7924,CLP-B5951,0
PEC-81987, TORNO_CNC ,Aco_Inox,Semi_Sintetico,Turno_1,,246.3,3.9,51.5,63.9,146.7,49.6,15,25.21,9398,CLP-68FD9,1
PEC-81988, TORNO_CNC ,Aco_Inox,Sintetico,Turno_3,2911.3,232.0,3.42,95.6,60.3,105.1,39.6,61,-16.71,8602,CLP-E1071,1
PEC-81989,Fresadora,Aco_Carbono,Soluvel,Turno_1,2072.7,187.7,1.39,88.1,61.3,114.1,39.8,129,-2.47,7470,CLP-5696A,1
PEC-81990,Fresadora,Aluminio,Soluvel,Turno_3,3826.7,256.6,3.0,83.3,63.6,131.7,54.8,18,9.99,7833,CLP-BEE55,1
PEC-81991,Torno_CNC,Aco_Inox,Semi_Sintetico,Turno_1,3039.9,251.9,2.54,80.1,82.5,78.6,55.6,89,-24.37,7945,CLP-4839E,1
PEC-81992,Fresadora,Aluminio,Soluvel,Turno_2,2836.8,208.0,1.54,30.0,38.6,116.2,50.0,169,-1.56,4871,CLP-2AA89,1
PEC-81993,Torno_CNC,Aco_Carbono,Sintetico,Turno_3,3347.7,170.2,4.07,33.6,73.4,134.4,38.1,138,-4.31,5883,CLP-E6D91,1
PEC-81994,Fresadora,Aco_Inox,Sintetico,Turno_1,2731.0,167.8,1.09,38.8,64.0,114.8,51.9,111,-26.27,7431,CLP-790A0,1
PEC-81995,Fresadora,Aco_Carbono,Sintetico,Turno_1,2688.2,237.3,2.37,84.2,64.3,131.0,42.8,103,-9.96,2831,CLP-CE7E2,1
PEC-81996,Celula_Robotica,Aco_Carbono,Semi_Sintetico,Turno_3,3879.6,265.3,2.83,68.7,60.1,90.0,34.9,57,-20.58,2772,CLP-8630B,1
PEC-81997,Torno_CNC,Latao,Sintetico,Turno_2,4013.9,342.5,3.79,58.5,71.0,124.3,39.9,31,5.01,3727,CLP-A039E,1
PEC-81998,Torno_CNC,Aco_Inox,Sintetico,Turno_3,2933.6,247.7,1.1,44.4,76.4,113.1,43.2,117,-2.35,8956,CLP-8F7E3,1
PEC-81999,Torno_CNC,Aco_Inox,Semi_Sintetico,Turno_3,,168.7,2.94,38.7,42.2,116.6,53.7,149,-0.33,5363,CLP-9B653,1
PEC-82000,Torno_CNC,Aco_Inox,Sintetico,Turno_1,3360.2,239.7,0.53,94.5,90.1,105.8,38.6,129,-2.45,3083,CLP-BFDAC,1
PEC-82001,Torno_CNC,Aco_Inox,Soluvel,Turno_1,2563.8,312.6,3.79,12.5,66.7,144.0,37.3,88,-6.94,9972,CLP-330CF,1
PEC-82002,Centro_Usinagem,Aco_Inox,Soluvel,Turno_2,2782.3,215.9,1.44,12.5,66.3,121.0,41.1,125,1.83,3155,CLP-B31B2,1
PEC-82003,Torno_CNC,Aluminio,Sintetico,Turno_1,3898.0,305.9,3.38,146.5,48.3,122.2,44.0,33,3.75,9112,CLP-3EE89,1
PEC-82004,Torno_CNC,Aluminio,Semi_Sintetico,Turno_2,,258.8,2.91,33.2,58.1,150.9,50.4,90,-10.99,1562,CLP-5B1E8,0
PEC-82005,Fresadora,Aco_Carbono,Soluvel,Turno_3,4226.4,282.3,0.7,28.1,81.3,106.1,49.6,101,7.99,2903,CLP-D0D7D,1
PEC-82006, TORNO_CNC ,Aco_Inox,Soluvel,Turno_1,2942.9,342.9,1.23,71.5,65.8,122.1,27.0,147,-22.23,2561,CLP-E3CC1,1
PEC-82007,Fresadora,Aluminio,Seco,Turno_2,,158.1,1.57,71.3,70.0,109.8,42.2,146,5.82,4979,CLP-535DE,1
PEC-82008,Torno_CNC,Aco_Carbono,Sintetico,Turno_1,3062.5,294.8,4.05,11.8,59.5,109.1,46.0,46,20.44,4423,CLP-36B37,1
PEC-82009, TORNO_CNC ,Aco_Carbono,Soluvel,Turno_1,3560.0,245.3,2.42,11.7,88.6,124.6,38.0,139,1.19,3990,CLP-EDC84,1
PEC-82010,Torno_CNC,Aco_Carbono,Sintetico,Turno_2,3827.8,202.5,4.15,60.5,63.2,115.8,38.8,126,-22.17,5394,CLP-A5A7E,1
PEC-82011,Torno_CNC,Aco_Carbono,Seco,Turno_3,3825.5,245.0,0.69,58.9,78.6,149.7,50.0,75,-5.58,4022,CLP-82FC8,1
PEC-82012,Centro_Usinagem,Latao,Semi_Sintetico,Turno_1,2937.0,334.5,0.53,13.9,63.2,146.7,50.5,96,-1.56,2393,CLP-EB26F,1
PEC-82013,Torno_CNC,Aco_Inox,Sintetico,Turno_2,2814.2,316.7,4.29,69.5,69.2,117.6,43.6,99,-29.29,2697,CLP-D53B0,1
PEC-82014,torno_cnc,Aluminio,Soluvel,Turno_2,3163.5,150.0,3.4,27.9,69.2,96.9,48.2,126,7.45,4150,CLP-B57A7,1
PEC-82015, TORNO_CNC ,Aco_Inox,Semi_Sintetico,Turno_1,2614.8,211.5,3.63,27.2,76.1,115.6,48.7,157,17.26,9947,CLP-18B12,1
PEC-82016,Torno_CNC,Aco_Inox,Sintetico,Turno_2,3307.7,297.1,4.16,153.6,73.9,135.7,36.2,3,16.43,5635,CLP-93241,1
PEC-82017,Centro_Usinagem,Aco_Inox,Semi_Sintetico,Turno_3,2830.6,248.9,4.44,30.6,59.3,106.7,36.3,147,-19.18,1553,CLP-52C5F,1
PEC-82018,Torno_CNC,Aco_Inox,Soluvel,Turno_2,3687.2,249.1,0.89,10.2,78.9,144.1,41.9,68,7.58,2467,CLP-6F54C,1
PEC-82019,Fresadora,Aco_Inox,Soluvel,Turno_1,2943.4,171.6,1.13,16.5,53.1,128.7,39.5,99,26.35,4226,CLP-CCB71,0
PEC-82020,Celula_Robotica,Aco_Inox,Soluvel,Turno_2,2416.0,212.7,1.25,19.2,50.8,102.4,40.2,163,-9.45,2651,CLP-22B43,1
PEC-82021,torno_cnc,Aco_Inox,Soluvel,Turno_2,3830.4,182.1,3.77,,61.5,110.1,44.2,45,12.81,4307,CLP-CC0BF,1
PEC-82022,Celula_Robotica,Latao,Sintetico,Turno_1,3282.5,167.3,1.92,15.7,69.7,112.2,44.3,139,-11.79,3863,CLP-518D9,1
PEC-82023,Torno_CNC,Aco_Inox,Seco,Turno_1,3213.1,187.1,2.87,24.7,52.7,107.9,24.5,110,12.4,1195,CLP-3D03D,1
PEC-82024, TORNO_CNC ,Aco_Carbono,Sintetico,Turno_1,3692.5,203.6,3.92,53.5,64.1,102.8,45.8,50,-14.92,2706,CLP-E4D34,1
PEC-82025,Torno_CNC,Aco_Inox,Semi_Sintetico,Turno_1,3592.2,211.9,3.23,16.2,48.4,111.4,43.0,153,1.66,1641,CLP-719A9,1
PEC-82026,Fresadora,Latao,Soluvel,Turno_1,2857.2,207.9,0.76,47.3,61.8,114.3,46.8,84,12.43,1461,CLP-24AF1,1
PEC-82027,Celula_Robotica,Aco_Carbono,Semi_Sintetico,Turno_2,2997.6,301.0,2.28,13.1,76.7,139.5,39.9,144,6.46,5297,CLP-6F122,0
PEC-82028,Torno_CNC,Aluminio,Semi_Sintetico,Turno_1,2699.2,204.6,0.77,,54.9,126.6,39.9,118,-0.33,7547,CLP-32FBE,1
PEC-82029,Fresadora,Aluminio,Sintetico,Turno_3,2541.0,321.3,2.42,155.2,50.3,127.5,41.9,26,4.17,9066,CLP-70A02,1
PEC-82030,Torno_CNC,Aco_Inox,Sintetico,Turno_2,3460.4,225.8,1.38,21.1,69.5,125.2,53.5,74,7.2,2942,CLP-612E2,1
PEC-82031,torno_cnc,Latao,Sintetico,Turno_3,3376.5,272.0,0.51,50.8,55.5,108.1,41.7,71,-11.7,2210,CLP-90C73,1
PEC-82032, TORNO_CNC ,Aco_Carbono,Sintetico,Turno_2,3542.4,273.6,3.75,69.2,94.1,137.2,53.9,133,-27.88,8809,CLP-99CDC,1
PEC-82033,Celula_Robotica,Aco_Carbono,Soluvel,Turno_1,3776.7,205.1,4.38,19.9,67.3,113.5,52.8,1,-19.06,6408,CLP-F3744,1
PEC-82034,Fresadora,Aluminio,Semi_Sintetico,Turno_2,3548.5,233.6,4.36,20.5,77.3,115.0,42.3,158,-1.64,9368,CLP-22822,1
PEC-82035,Torno_CNC,Aco_Inox,Seco,Turno_3,3588.6,224.9,1.7,56.9,49.2,125.7,40.9,152,23.88,4436,CLP-34100,1
PEC-82036,Torno_CNC,Aco_Carbono,Soluvel,Turno_1,2264.9,268.6,3.82,37.7,70.5,157.5,41.2,20,-24.78,6871,CLP-7326B,1
PEC-82037,Torno_CNC,Aco_Inox,Sintetico,Turno_1,3061.9,243.6,3.22,20.7,52.9,111.5,43.8,91,-19.14,5244,CLP-5DD5E,1
PEC-82038,Torno_CNC,Aluminio,Sintetico,Turno_1,3634.1,212.6,3.7,53.5,62.9,95.6,40.5,177,25.54,5925,CLP-A4DA2,1
PEC-82039,Torno_CNC,Aco_Inox,Sintetico,Turno_1,2674.3,256.0,3.88,74.8,56.0,124.3,50.9,143,0.45,8836,CLP-A9CA4,1
PEC-82040,Centro_Usinagem,Latao,Sintetico,Turno_1,3241.3,267.0,4.42,14.4,77.5,130.3,39.8,47,-13.19,5477,CLP-8856A,1
PEC-82041,torno_cnc,Aco_Inox,Semi_Sintetico,Turno_1,3433.8,342.5,1.11,5.9,68.9,113.5,51.9,166,-2.14,7934,CLP-5FDE5,1
PEC-82042,torno_cnc,Aco_Inox,Soluvel,Turno_1,3399.3,253.4,3.58,16.2,66.4,111.1,37.5,71,-9.03,6088,CLP-62F46,1
PEC-82043,Torno_CNC,Aluminio,Soluvel,Turno_2,3366.0,250.5,3.44,44.3,81.3,100.9,31.7,139,-5.95,6244,CLP-5E24D,1
PEC-82044,Centro_Usinagem,Aco_Carbono,Semi_Sintetico,Turno_1,3469.5,271.4,1.65,91.4,65.2,125.1,30.6,173,3.87,5044,CLP-42EF1,1
PEC-82045,Fresadora,Aluminio,Sintetico,Turno_2,3281.3,202.5,2.07,74.6,77.4,149.2,40.7,13,-3.2,8182,CLP-43BB4,1
PEC-82046,Torno_CNC,Aco_Inox,Semi_Sintetico,Turno_2,2541.7,163.7,1.21,,86.6,145.7,38.5,116,8.12,2084,CLP-44DA2,1
PEC-82047,Fresadora,Aco_Inox,Soluvel,Turno_2,3428.1,234.4,4.15,79.5,66.7,124.5,38.2,176,-11.78,5825,CLP-283AB,1
PEC-82048,torno_cnc,Aco_Carbono,Soluvel,Turno_1,3328.1,303.6,4.02,63.3,68.1,113.8,52.9,55,8.96,9335,CLP-B8A8A,1
PEC-82049,Torno_CNC,Latao,Seco,Turno_2,2547.6,311.7,2.96,51.4,76.5,125.7,39.1,132,-4.42,6265,CLP-63BCF,1
PEC-82050, TORNO_CNC ,Aco_Carbono,Soluvel,Turno_1,3820.9,156.0,2.55,45.8,82.2,115.1,29.3,113,22.7,2292,CLP-36937,1
PEC-82051, TORNO_CNC ,Aluminio,Semi_Sintetico,Turno_2,3440.2,283.3,1.43,62.6,66.5,110.4,49.5,158,15.86,3315,CLP-990D0,1
PEC-82052,Torno_CNC,Latao,Semi_Sintetico,Turno_2,2578.8,140.8,3.66,74.2,57.4,122.4,55.7,48,11.82,8391,CLP-D36F2,1
PEC-82053,Celula_Robotica,Aluminio,Sintetico,Turno_1,2832.2,273.0,0.53,64.8,75.4,139.2,48.6,70,0.7,6662,CLP-9A1F6,1
PEC-82054,Centro_Usinagem,Aluminio,Soluvel,Turno_1,2946.2,270.0,2.35,9.5,71.9,117.2,39.6,103,-7.36,6295,CLP-A74A6,1
PEC-82055,Fresadora,Aluminio,Sintetico,Turno_1,2945.9,163.8,3.94,49.8,75.3,117.0,46.4,45,-11.79,1378,CLP-462F7,1
PEC-82056, TORNO_CNC ,Aluminio,Semi_Sintetico,Turno_1,3331.9,300.0,2.97,69.4,73.4,116.0,38.6,131,-10.63,2330,CLP-7AF73,1
PEC-82057, TORNO_CNC ,Aco_Carbono,Soluvel,Turno_1,2760.6,337.2,3.04,12.2,67.5,131.9,37.2,144,10.0,6774,CLP-AEFBD,1
PEC-82058,Fresadora,Aluminio,Soluvel,Turno_3,3707.7,246.9,0.78,13.4,68.2,132.8,43.4,11,-4.39,3919,CLP-A0450,0
PEC-82059,torno_cnc,Aco_Inox,Soluvel,Turno_1,3670.6,257.0,1.65,59.0,73.4,103.9,44.5,121,14.07,1517,CLP-8B7FA,1
PEC-82060,Torno_CNC,Aco_Inox,Soluvel,Turno_2,3478.7,324.0,3.2,19.8,47.6,117.4,43.4,90,1.92,3331,CLP-DC87A,1
PEC-82061,torno_cnc,Aco_Inox,Semi_Sintetico,Turno_2,3219.9,193.7,0.7,22.9,81.0,136.6,58.4,179,-7.77,7884,CLP-B4A9E,1
PEC-82062,Centro_Usinagem,Aluminio,Semi_Sintetico,Turno_2,3621.9,194.9,1.82,21.6,70.4,115.0,45.3,110,-1.74,1955,CLP-D68D0,1
PEC-82063, TORNO_CNC ,Aco_Inox,Seco,Turno_3,3075.8,208.0,1.92,13.4,54.8,140.9,52.7,138,-0.47,7871,CLP-6D320,1
PEC-82064,Torno_CNC,Aco_Inox,Sintetico,Turno_3,2874.0,251.9,2.49,102.8,67.2,130.3,62.9,97,-2.22,6775,CLP-DA00C,1
PEC-82065,Fresadora,Aluminio,Semi_Sintetico,Turno_3,3735.5,251.7,1.95,62.4,80.8,146.3,41.2,121,-17.63,1455,CLP-71A26,1
PEC-82066,Torno_CNC,Aluminio,Soluvel,Turno_3,3342.9,222.3,2.32,15.1,68.5,115.3,46.2,34,-3.77,8167,CLP-9BEB0,1
PEC-82067,Torno_CNC,Aco_Carbono,Sintetico,Turno_1,2892.2,235.0,2.69,8.9,56.2,130.5,51.5,83,1.23,9433,CLP-81DC9,1
PEC-82068,Torno_CNC,Aluminio,Sintetico,Turno_2,3012.0,223.0,1.01,21.3,49.7,131.0,46.0,25,-9.37,8630,CLP-B123E,0
PEC-82069,Torno_CNC,Aco_Carbono,Seco,Turno_3,2868.6,225.4,1.22,23.8,94.6,136.2,42.8,22,0.43,9940,CLP-B0A84,1
PEC-82070,Fresadora,Latao,Semi_Sintetico,Turno_2,4110.0,211.6,3.83,5.2,44.1,125.3,63.7,122,4.33,4576,CLP-CD12C,0
PEC-82071,torno_cnc,Aco_Carbono,Seco,Turno_3,3201.8,212.0,2.34,81.4,69.0,136.7,54.6,91,8.43,7023,CLP-7AD2A,1
PEC-82072,Torno_CNC,Aluminio,Semi_Sintetico,Turno_1,3271.0,150.0,1.92,71.7,58.0,110.5,28.2,103,0.24,6237,CLP-9393B,1
PEC-82073,Centro_Usinagem,Aco_Inox,Semi_Sintetico,Turno_2,3524.5,238.8,2.24,71.4,77.5,119.2,55.9,106,-12.85,8281,CLP-49DA7,1
PEC-82074,Centro_Usinagem,Latao,Soluvel,Turno_3,2653.1,152.2,1.2,62.4,50.4,97.7,57.8,102,-13.58,6577,CLP-51A2E,1
PEC-82075,Centro_Usinagem,Aco_Inox,Semi_Sintetico,Turno_1,3693.4,287.5,1.46,51.2,84.3,116.0,54.6,143,15.06,5867,CLP-72FF1,1
PEC-82076,Torno_CNC,Aco_Inox,Sintetico,Turno_2,2926.5,222.0,2.56,40.2,63.5,107.2,51.0,145,8.49,5236,CLP-1D7E3,1
PEC-82077, TORNO_CNC ,Aluminio,Soluvel,Turno_1,4023.5,244.0,1.94,117.9,62.4,125.0,57.4,1,-15.09,2367,CLP-5FBEE,1
PEC-82078,Celula_Robotica,Aco_Inox,Soluvel,Turno_2,3059.3,231.3,2.4,48.5,61.2,134.8,52.1,135,-7.28,6499,CLP-350A6,1
PEC-82079,Fresadora,Latao,Sintetico,Turno_3,3666.9,237.8,1.1,39.8,57.9,128.5,49.6,105,20.47,2089,CLP-B265F,1
PEC-82080,Torno_CNC,Aluminio,Soluvel,Turno_1,2076.4,313.2,1.13,59.4,60.6,131.7,46.1,41,-12.56,6858,CLP-DB35D,0
PEC-82081,Torno_CNC,Aluminio,Soluvel,Turno_1,2671.2,182.4,2.04,14.9,73.6,121.4,36.4,83,46.61,5599,CLP-B0F94,1
PEC-82082, TORNO_CNC ,Aluminio,Sintetico,Turno_1,3067.9,168.8,2.02,124.5,44.3,117.9,34.0,53,7.64,7309,CLP-CC037,1
PEC-82083,Centro_Usinagem,Aluminio,Seco,Turno_3,2286.1,256.0,4.03,5.7,56.0,102.4,51.2,135,4.45,7245,CLP-64FEE,1
PEC-82084,torno_cnc,Aco_Inox,Semi_Sintetico,Turno_2,3470.4,225.2,0.63,41.6,82.9,91.1,51.0,160,14.09,2268,CLP-EFBE2,1
PEC-82085, TORNO_CNC ,Aluminio,Soluvel,Turno_1,3340.8,268.0,4.47,7.8,63.9,97.4,44.7,39,-8.75,3511,CLP-E7E76,1
PEC-82086,Torno_CNC,Aco_Carbono,Soluvel,Turno_1,2754.1,285.8,4.33,72.2,58.1,110.1,38.1,25,15.92,4433,CLP-5344A,1
PEC-82087,Fresadora,Aluminio,Soluvel,Turno_3,3192.8,194.7,2.67,125.1,49.7,133.7,36.0,139,11.03,9050,CLP-43566,1
PEC-82088,Centro_Usinagem,Aco_Carbono,Soluvel,Turno_3,3562.9,280.2,3.38,23.4,51.0,101.6,42.1,117,6.3,4804,CLP-792A1,1
PEC-82089, TORNO_CNC ,Aco_Inox,Soluvel,Turno_1,2253.6,198.9,4.24,73.1,76.8,107.7,50.6,148,7.38,5782,CLP-E8A9F,1
PEC-82090,Fresadora,Aco_Inox,Seco,Turno_1,2626.9,253.7,1.5,19.3,55.1,112.9,62.9,164,28.73,6560,CLP-A3140,0
PEC-82091,Celula_Robotica,Aco_Inox,Sintetico,Turno_3,,188.2,1.76,11.1,74.7,139.3,44.8,61,16.98,7872,CLP-2AD71,0
PEC-82092,Torno_CNC,Aco_Inox,Soluvel,Turno_2,,256.6,0.94,16.3,53.2,119.4,47.3,38,-9.69,3217,CLP-270C9,0
PEC-82093,torno_cnc,Aco_Carbono,Soluvel,Turno_3,3173.6,249.0,2.76,17.6,63.5,122.0,54.0,134,-8.49,7467,CLP-C615A,1
PEC-82094,Torno_CNC,Aco_Carbono,Sintetico,Turno_2,3600.2,194.9,1.14,39.9,64.2,126.2,44.5,108,14.56,8848,CLP-7AB82,1
PEC-82095,Fresadora,Aco_Inox,Sintetico,Turno_2,3414.7,182.1,4.22,60.7,56.0,140.9,47.9,125,1.19,5252,CLP-CE25B,1
PEC-82096,torno_cnc,Aluminio,Soluvel,Turno_2,3513.5,287.5,2.23,13.0,65.9,121.3,51.6,173,3.6,2893,CLP-9FA46,1
PEC-82097,Fresadora,Aco_Carbono,Seco,Turno_3,2574.6,227.3,4.18,8.2,39.6,93.5,53.8,122,-3.0,4129,CLP-3DB6E,1
PEC-82098,Fresadora,Aco_Inox,Soluvel,Turno_1,3265.2,300.6,1.32,13.8,63.9,121.9,45.4,27,-6.05,9559,CLP-B1820,0
PEC-82099, TORNO_CNC ,Aco_Inox,Soluvel,Turno_1,3061.8,222.8,3.28,17.3,70.3,141.6,41.2,67,8.79,1883,CLP-DB6F9,1
PEC-82100,Centro_Usinagem,Latao,Soluvel,Turno_1,3857.9,315.1,3.09,16.5,55.0,129.6,46.6,138,2.43,6826,CLP-6E8C0,1
PEC-82101,torno_cnc,Aluminio,Sintetico,Turno_3,3278.5,202.6,2.1,13.7,67.6,123.2,31.4,118,-18.09,6351,CLP-5E9C8,0
PEC-82102,Torno_CNC,Latao,Soluvel,Turno_2,,323.6,4.09,27.0,66.8,125.3,47.3,122,-8.62,6738,CLP-EA024,1
PEC-82103,Fresadora,Aco_Inox,Soluvel,Turno_1,3583.6,258.7,2.24,72.8,67.3,92.4,51.9,10,15.73,4325,CLP-7B778,1
PEC-82104,Fresadora,Aco_Carbono,Soluvel,Turno_2,,270.0,1.29,,48.9,90.4,58.6,126,-4.61,5172,CLP-9397F,1
PEC-82105,Torno_CNC,Aco_Inox,Sintetico,Turno_1,2830.3,199.8,4.41,74.3,66.1,133.4,52.4,55,-1.68,4119,CLP-195DA,1
PEC-82106,Centro_Usinagem,Aco_Inox,Soluvel,Turno_1,3043.2,286.5,2.27,29.1,44.3,139.3,24.5,31,18.73,3701,CLP-A30F8,1
PEC-82107,Centro_Usinagem,Aluminio,Soluvel,Turno_1,3050.8,288.2,1.33,42.8,57.4,110.6,56.1,134,5.41,4534,CLP-68444,1
PEC-82108,Torno_CNC,Aco_Inox,Soluvel,Turno_2,3752.4,233.8,1.95,64.1,65.0,122.9,56.7,152,0.32,2708,CLP-5BEF9,1
PEC-82109,Celula_Robotica,Aco_Inox,Soluvel,Turno_2,3291.5,143.3,2.95,17.7,67.5,129.3,37.6,79,-22.82,7659,CLP-5B208,1
PEC-82110,Torno_CNC,Aco_Inox,Sintetico,Turno_3,3527.1,194.3,2.55,112.9,50.5,144.9,41.8,79,7.02,5783,CLP-5D95B,1
PEC-82111,Torno_CNC,Aco_Inox,Soluvel,Turno_3,2978.0,194.3,3.04,8.1,61.6,118.8,56.5,3,-15.0,6353,CLP-22C4B,0
PEC-82112,Torno_CNC,Aco_Carbono,Soluvel,Turno_2,3350.7,272.5,3.15,31.3,74.5,131.1,45.4,34,8.59,4378,CLP-39FE0,1
PEC-82113,Centro_Usinagem,Aluminio,Sintetico,Turno_2,3786.5,226.7,0.99,15.3,53.2,149.9,40.3,47,-28.28,9312,CLP-9D711,1
PEC-82114,Fresadora,Aco_Inox,Soluvel,Turno_1,3037.5,227.7,1.76,23.3,39.2,115.8,39.0,19,-17.26,6540,CLP-3E613,0
PEC-82115,Torno_CNC,Aco_Inox,Soluvel,Turno_1,3251.8,221.7,3.49,25.9,71.4,121.0,66.1,30,4.35,8193,CLP-861BD,1
PEC-82116, TORNO_CNC ,Aco_Inox,Soluvel,Turno_1,2586.5,323.5,3.1,91.1,53.7,103.4,51.3,162,18.92,7584,CLP-1C03B,1
PEC-82117,Fresadora,Aluminio,Seco,Turno_2,2855.5,252.3,0.85,25.4,57.3,104.2,42.8,85,-32.22,7690,CLP-C7686,1
PEC-82118,Torno_CNC,Aco_Inox,Sintetico,Turno_1,3049.5,259.9,1.76,46.9,66.6,133.1,56.4,67,4.39,8756,CLP-C9DFA,1
PEC-82119,Centro_Usinagem,Aco_Carbono,Semi_Sintetico,Turno_1,2722.6,219.0,4.23,111.1,65.9,137.9,44.3,97,5.39,1290,CLP-40093,1
PEC-82120,Centro_Usinagem,Aco_Inox,Semi_Sintetico,Turno_2,3794.9,248.5,3.95,28.9,77.3,137.5,54.7,81,16.57,2056,CLP-1F016,1
PEC-82121,torno_cnc,Aco_Inox,Seco,Turno_1,2822.9,201.2,3.18,23.4,62.1,104.5,49.6,162,10.37,5174,CLP-C8E1B,1
PEC-82122,Celula_Robotica,Aco_Carbono,Semi_Sintetico,Turno_2,3554.1,267.2,0.79,131.4,65.8,116.9,42.3,119,-9.08,2360,CLP-BE308,1
PEC-82123, TORNO_CNC ,Aco_Carbono,Sintetico,Turno_2,3284.1,192.7,2.93,66.5,44.7,127.2,49.0,112,-16.4,1050,CLP-7AC28,1
PEC-82124,Celula_Robotica,Aco_Inox,Soluvel,Turno_1,3213.9,287.2,0.55,103.3,72.5,85.9,49.3,55,-14.22,2039,CLP-E8549,1
PEC-82125,Fresadora,Aco_Carbono,Soluvel,Turno_1,3868.8,213.3,3.14,22.7,56.7,126.9,51.4,98,-30.08,3512,CLP-84741,1
PEC-82126,Fresadora,Aluminio,Sintetico,Turno_1,2182.7,297.4,3.42,46.7,103.8,148.2,58.0,124,-16.63,3537,CLP-C9263,1
PEC-82127,Torno_CNC,Aco_Carbono,Seco,Turno_1,3111.7,345.4,2.49,15.1,62.4,137.1,62.7,129,27.82,7128,CLP-597B1,1
PEC-82128,Centro_Usinagem,Aluminio,Soluvel,Turno_2,2713.8,250.1,0.52,75.3,70.1,83.8,48.3,71,35.71,8869,CLP-826C7,1
PEC-82129, TORNO_CNC ,Aluminio,Sintetico,Turno_3,2317.4,315.6,3.17,99.6,72.7,126.0,29.7,161,-13.35,7572,CLP-603D9,1
PEC-82130,Torno_CNC,Latao,Soluvel,Turno_1,2662.4,287.6,3.78,15.9,63.9,123.2,52.0,37,-3.34,7717,CLP-371CF,1
PEC-82131,Torno_CNC,Aco_Inox,Soluvel,Turno_1,3207.8,178.4,2.84,8.9,70.2,124.1,42.9,50,20.14,5152,CLP-3892F,0
PEC-82132,torno_cnc,Aluminio,Soluvel,Turno_3,2873.6,255.5,3.34,12.8,92.1,121.6,31.5,70,-8.87,4695,CLP-9FFE5,1
PEC-82133,torno_cnc,Aluminio,Sintetico,Turno_1,3603.5,275.1,0.86,40.1,56.0,115.1,50.5,3,33.15,6389,CLP-81B54,1
PEC-82134,Fresadora,Aco_Inox,Soluvel,Turno_1,3103.8,279.9,3.36,16.1,38.1,85.1,48.5,163,20.01,5811,CLP-6167D,1
PEC-82135,Centro_Usinagem,Aco_Inox,Sintetico,Turno_2,3053.9,258.9,2.96,40.6,49.4,124.7,38.6,144,2.59,7294,CLP-BDEEA,1
PEC-82136,Torno_CNC,Aco_Inox,Semi_Sintetico,Turno_2,3055.9,258.3,1.82,20.1,77.0,129.4,35.5,47,4.07,9115,CLP-D1B06,1
PEC-82137,Fresadora,Aluminio,Semi_Sintetico,Turno_2,3155.7,250.3,3.24,92.0,59.3,111.7,56.2,162,19.19,7983,CLP-89C22,1
PEC-82138,Torno_CNC,Aluminio,Soluvel,Turno_2,3011.7,256.7,3.08,26.1,93.0,138.9,49.0,35,0.13,2686,CLP-2F7DF,1
PEC-82139,Centro_Usinagem,Aluminio,Semi_Sintetico,Turno_1,2816.9,188.8,2.9,29.1,73.7,95.4,38.7,104,-23.39,6171,CLP-7F34C,1
PEC-82140,Centro_Usinagem,Aco_Inox,Soluvel,Turno_2,3645.1,238.2,1.23,20.0,57.2,94.1,50.3,41,-3.38,5984,CLP-5281E,1
PEC-82141,torno_cnc,Aluminio,Soluvel,Turno_1,2919.2,177.4,1.68,7.7,55.7,121.3,41.6,107,20.94,8004,CLP-D8584,0
PEC-82142,Fresadora,Latao,Sintetico,Turno_3,3027.4,225.1,4.47,28.8,59.6,109.8,49.4,174,-3.96,9404,CLP-D48E1,1
PEC-82143,Torno_CNC,Aco_Inox,Soluvel,Turno_3,3393.2,220.5,2.23,57.1,40.2,134.6,47.5,133,9.19,7104,CLP-F10A6,1
PEC-82144, TORNO_CNC ,Aluminio,Soluvel,Turno_1,3343.4,217.3,0.74,112.0,68.3,113.6,24.5,50,-3.47,1420,CLP-3FF0B,1
PEC-82145,Centro_Usinagem,Aco_Carbono,Soluvel,Turno_1,2798.0,197.4,4.1,,73.3,140.4,45.9,18,17.95,4749,CLP-CA4CD,0
PEC-82146, TORNO_CNC ,Aco_Carbono,Sintetico,Turno_1,3539.7,263.5,1.19,60.9,53.4,109.2,43.7,177,4.75,7231,CLP-498DC,1
PEC-82147, TORNO_CNC ,Aluminio,Soluvel,Turno_1,,234.1,2.11,15.9,46.4,122.2,39.1,169,17.69,9030,CLP-8C027,1
PEC-82148, TORNO_CNC ,Aco_Carbono,Sintetico,Turno_1,3280.1,229.0,1.61,65.6,54.1,90.2,34.9,24,-0.71,8701,CLP-6E27E,1
PEC-82149,Centro_Usinagem,Aco_Inox,Sintetico,Turno_2,3005.9,179.6,4.36,19.6,77.0,119.2,43.3,158,13.53,4995,CLP-4CF99,1
PEC-82150,Torno_CNC,Aco_Carbono,Sintetico,Turno_3,3017.0,235.1,2.01,9.3,74.6,121.1,42.2,15,-8.6,8278,CLP-E21E0,1
PEC-82151,Torno_CNC,Aco_Inox,Semi_Sintetico,Turno_1,3109.2,307.3,3.33,38.1,67.6,138.1,50.2,144,9.52,2442,CLP-5516A,1
PEC-82152,Fresadora,Aco_Inox,Soluvel,Turno_1,2645.7,308.0,2.89,83.5,84.7,97.3,43.8,146,12.31,1941,CLP-7CA1F,1
PEC-82153,Centro_Usinagem,Aco_Inox,Soluvel,Turno_1,3182.3,268.7,0.67,12.0,44.7,115.8,45.7,1,19.84,8083,CLP-CF105,0
PEC-82154,Torno_CNC,Aco_Carbono,Soluvel,Turno_1,3601.4,235.2,2.04,5.8,62.5,141.8,47.6,139,-3.09,6897,CLP-5835C,1
PEC-82155,Torno_CNC,Aluminio,Soluvel,Turno_1,3594.4,277.9,2.06,,71.7,143.8,41.3,167,-1.68,5721,CLP-E591E,1
PEC-82156,Torno_CNC,Aco_Inox,Sintetico,Turno_3,3028.6,216.6,4.46,46.9,74.5,107.5,37.0,137,-21.29,7311,CLP-37B96,1
PEC-82157,Torno_CNC,Aco_Inox,Soluvel,Turno_1,3678.8,235.0,3.75,62.9,74.6,109.7,62.7,117,17.04,1694,CLP-628A4,1
PEC-82158, TORNO_CNC ,Latao,Soluvel,Turno_3,4057.7,212.9,3.93,7.2,73.7,94.5,44.4,167,-21.35,2627,CLP-B6FBE,1
PEC-82159,Fresadora,Aco_Carbono,Semi_Sintetico,Turno_2,3057.7,295.4,1.75,82.4,80.8,88.2,43.3,145,-38.82,6509,CLP-38272,1
PEC-82160,Fresadora,Aluminio,Sintetico,Turno_2,3511.2,289.0,1.82,24.0,74.1,114.2,56.3,163,0.59,2945,CLP-C4F8F,1
PEC-82161,Fresadora,Aluminio,Sintetico,Turno_1,2181.7,248.3,2.56,,51.1,110.3,60.1,161,-8.6,6541,CLP-DDF4F,1
PEC-82162, TORNO_CNC ,Aluminio,Semi_Sintetico,Turno_2,2633.8,336.6,3.02,,59.5,150.9,56.6,79,14.82,3366,CLP-B7A81,0
PEC-82163,Centro_Usinagem,Aco_Inox,Semi_Sintetico,Turno_2,3241.0,270.6,3.41,80.6,44.7,125.2,41.9,53,14.37,5890,CLP-749AA,1
PEC-82164, TORNO_CNC ,Latao,Sintetico,Turno_1,2747.0,267.8,3.78,44.2,77.0,116.9,47.8,27,-30.34,2232,CLP-48BAA,1
PEC-82165,Celula_Robotica,Aco_Inox,Soluvel,Turno_1,4117.6,262.5,3.99,33.3,79.3,129.8,49.7,150,13.91,9419,CLP-66F8B,1
PEC-82166,Fresadora,Aluminio,Seco,Turno_3,3469.0,186.9,0.6,7.2,50.4,135.4,62.9,103,-15.93,8524,CLP-72504,1
PEC-82167,Torno_CNC,Aco_Inox,Sintetico,Turno_1,3634.6,205.3,3.68,45.8,60.4,138.2,48.4,170,4.85,8002,CLP-555A7,1
PEC-82168,Fresadora,Aluminio,Soluvel,Turno_2,3186.9,247.3,2.94,36.9,43.9,123.9,48.7,128,29.28,4719,CLP-79079,0
PEC-82169,Torno_CNC,Aluminio,Soluvel,Turno_1,2748.6,247.7,2.63,50.3,63.5,119.6,36.9,96,-3.53,4707,CLP-4ABBF,1
PEC-82170,Fresadora,Aluminio,Sintetico,Turno_1,2966.5,279.5,3.01,49.1,55.1,122.4,35.0,104,10.39,4553,CLP-A9454,1
PEC-82171,Torno_CNC,Aco_Inox,Seco,Turno_1,3314.5,216.6,4.03,25.5,51.0,119.1,55.8,81,3.94,8190,CLP-7B589,1
PEC-82172,Torno_CNC,Aluminio,Soluvel,Turno_1,2912.9,253.5,2.68,13.0,64.7,112.1,47.8,65,-5.34,5588,CLP-7C0D8,1
PEC-82173,Centro_Usinagem,Aco_Inox,Soluvel,Turno_2,3502.0,254.4,1.15,93.0,87.6,135.6,48.6,174,-2.68,6026,CLP-328BC,1
PEC-82174,Torno_CNC,Aco_Inox,Semi_Sintetico,Turno_2,3520.1,256.4,2.25,95.9,74.5,117.1,53.6,142,-14.22,5301,CLP-74372,1
PEC-82175,Centro_Usinagem,Aco_Inox,Seco,Turno_3,3202.2,250.8,4.2,13.3,62.0,104.8,51.8,31,-4.94,8128,CLP-80457,1
PEC-82176,Torno_CNC,Aco_Carbono,Soluvel,Turno_2,2378.5,179.8,3.76,39.9,64.4,120.3,50.8,141,18.03,8712,CLP-AE46F,1
PEC-82177,Fresadora,Aluminio,Soluvel,Turno_1,3971.7,136.9,1.31,12.9,87.5,130.7,50.1,133,8.25,5028,CLP-C9977,1
PEC-82178,Fresadora,Aluminio,Sintetico,Turno_2,3104.3,202.9,3.36,74.1,80.1,98.2,46.1,28,6.76,8359,CLP-DE407,1
PEC-82179,torno_cnc,Aco_Carbono,Soluvel,Turno_2,4419.2,223.4,1.52,8.6,61.3,116.0,46.7,132,27.71,1446,CLP-BC1DF,1
PEC-82180,Torno_CNC,Aluminio,Semi_Sintetico,Turno_2,3493.6,191.1,1.89,166.9,71.0,108.0,52.3,112,20.63,8920,CLP-ABCB2,1
PEC-82181,Torno_CNC,Aluminio,Soluvel,Turno_2,3105.5,247.2,2.38,38.0,53.0,152.7,37.5,29,0.84,5636,CLP-5130A,1
PEC-82182,Torno_CNC,Aco_Inox,Soluvel,Turno_2,3401.5,304.5,2.26,5.8,65.3,121.4,36.6,106,-20.57,7166,CLP-DCE63,1
PEC-82183,Torno_CNC,Aco_Inox,Soluvel,Turno_1,2291.3,286.3,0.62,,74.2,143.3,45.7,108,-8.48,1939,CLP-97C78,1
PEC-82184,Fresadora,Aluminio,Soluvel,Turno_2,3661.8,273.3,3.6,45.4,77.2,123.7,46.2,75,-24.34,6073,CLP-BD77E,1
PEC-82185,Celula_Robotica,Aluminio,Soluvel,Turno_1,4355.1,299.3,3.89,46.8,57.3,125.0,50.8,160,-3.57,6429,CLP-80CE0,1
PEC-82186,Centro_Usinagem,Aco_Carbono,Soluvel,Turno_2,2259.8,203.8,2.62,16.3,77.0,119.1,43.2,43,24.21,7751,CLP-459D2,1
PEC-82187,Fresadora,Aco_Carbono,Semi_Sintetico,Turno_1,3070.7,227.2,1.19,19.4,66.8,116.7,38.8,142,-18.61,7765,CLP-57016,1
PEC-82188,Fresadora,Aco_Inox,Soluvel,Turno_3,3152.6,280.7,1.49,91.0,61.5,118.9,49.8,63,8.11,7250,CLP-8AEF0,1
PEC-82189,Fresadora,Aco_Inox,Seco,Turno_2,3593.9,226.3,1.01,40.3,87.9,110.1,55.8,3,-11.87,8300,CLP-BE47F,1
PEC-82190,Torno_CNC,Aluminio,Soluvel,Turno_2,,229.0,1.18,5.6,60.7,119.8,47.9,174,-3.72,8730,CLP-C1706,1
PEC-82191,Centro_Usinagem,Aco_Inox,Sintetico,Turno_3,3372.3,343.1,4.01,,51.7,95.6,33.4,85,12.55,4826,CLP-3E367,1
PEC-82192,Fresadora,Aco_Inox,Soluvel,Turno_3,4163.8,254.8,2.42,36.9,56.9,122.6,47.2,162,-26.08,7820,CLP-2D398,1
PEC-82193,torno_cnc,Aco_Carbono,Soluvel,Turno_2,3276.7,338.2,0.94,10.6,73.7,101.9,29.5,172,10.02,8037,CLP-D04D6,1
PEC-82194,Torno_CNC,Aco_Inox,Sintetico,Turno_1,3403.1,158.8,1.52,8.6,53.2,121.4,44.7,14,-0.7,4543,CLP-81851,0
PEC-82195, TORNO_CNC ,Latao,Sintetico,Turno_3,3347.7,218.5,4.3,7.1,75.0,124.8,28.9,18,-3.93,8475,CLP-5084F,1
PEC-82196, TORNO_CNC ,Aco_Carbono,Semi_Sintetico,Turno_2,3749.1,270.4,2.54,39.9,54.8,141.3,41.6,173,-6.23,1141,CLP-C9609,1
PEC-82197,Centro_Usinagem,Aco_Carbono,Semi_Sintetico,Turno_2,3010.0,254.7,2.56,18.5,64.1,124.8,49.1,173,3.46,1327,CLP-3F3D8,1
PEC-82198,torno_cnc,Aco_Inox,Sintetico,Turno_3,3568.2,147.2,2.6,21.4,91.5,116.0,42.7,102,13.22,9240,CLP-79B0E,1
PEC-82199, TORNO_CNC ,Aco_Inox,Soluvel,Turno_1,2646.1,238.5,0.95,7.2,54.4,110.6,54.2,153,-3.3,4196,CLP-7E659,0
PEC-82200,Celula_Robotica,Aluminio,Semi_Sintetico,Turno_1,3072.0,373.7,4.38,,40.8,130.7,46.8,54,6.9,3978,CLP-48D48,1
PEC-82201,Torno_CNC,Aco_Inox,Sintetico,Turno_2,,262.3,0.84,55.9,81.4,118.5,36.0,130,21.56,5647,CLP-94142,1
PEC-82202, TORNO_CNC ,Aco_Inox,Seco,Turno_3,3239.6,280.2,3.3,66.9,48.2,108.7,52.2,33,-2.08,1994,CLP-832BC,1
PEC-82203,Torno_CNC,Aco_Inox,Semi_Sintetico,Turno_2,3057.8,217.8,0.73,41.9,55.3,122.3,50.5,44,-20.38,1043,CLP-34492,1
PEC-82204,Fresadora,Aco_Inox,Soluvel,Turno_2,3709.5,262.2,2.27,56.9,73.7,92.1,55.2,43,11.37,1883,CLP-433FF,1
PEC-82205,Centro_Usinagem,Aco_Inox,Soluvel,Turno_2,2804.6,249.4,4.1,35.1,73.3,121.2,50.7,128,27.88,5053,CLP-2692E,1
PEC-82206,Torno_CNC,Aco_Carbono,Sintetico,Turno_2,2420.9,305.9,3.57,28.7,36.5,108.3,48.8,168,4.84,6463,CLP-BDA88,1
PEC-82207,Centro_Usinagem,Aco_Inox,Sintetico,Turno_3,2589.2,304.4,1.84,15.5,60.9,115.1,37.1,85,-5.21,5707,CLP-2C4B4,1
PEC-82208,Torno_CNC,Aco_Inox,Sintetico,Turno_1,3647.4,270.4,2.71,6.9,75.2,149.9,51.5,130,-5.99,6536,CLP-DDD1C,1
PEC-82209,Centro_Usinagem,Aluminio,Semi_Sintetico,Turno_2,2763.7,253.5,1.16,17.1,89.3,112.7,43.8,6,-8.76,7539,CLP-C1554,1
PEC-82210,Fresadora,Latao,Soluvel,Turno_3,3379.0,166.0,4.32,45.3,50.1,131.8,51.4,54,-7.3,3478,CLP-5F1EC,1
PEC-82211,Centro_Usinagem,Aco_Inox,Soluvel,Turno_2,3067.3,164.3,3.33,96.5,77.8,135.7,62.8,151,-9.01,7630,CLP-9DEB5,1
PEC-82212,Torno_CNC,Aco_Inox,Soluvel,Turno_1,3570.9,254.1,2.0,15.4,57.1,132.8,54.7,111,15.32,7447,CLP-53D55,1
PEC-82213,Celula_Robotica,Aluminio,Sintetico,Turno_1,3096.2,293.7,1.77,43.8,77.5,125.6,47.3,58,6.49,4601,CLP-945D7,1
PEC-82214,Fresadora,Latao,Sintetico,Turno_3,4444.0,316.6,1.45,27.8,52.5,103.4,45.6,98,-25.78,3200,CLP-5C3BE,1
PEC-82215,Torno_CNC,Aco_Carbono,Soluvel,Turno_1,4054.2,205.5,3.65,39.6,62.2,110.2,41.7,135,6.76,9218,CLP-E4DEC,1
PEC-82216,Centro_Usinagem,Aluminio,Sintetico,Turno_1,3058.2,174.5,2.24,5.1,69.6,102.5,26.4,115,-19.0,9532,CLP-ACD35,1
PEC-82217,Torno_CNC,Aco_Inox,Soluvel,Turno_1,2996.5,296.6,1.82,9.6,76.5,114.7,45.4,5,2.85,1112,CLP-D6D27,0
PEC-82218,Centro_Usinagem,Aluminio,Soluvel,Turno_2,4609.5,209.3,4.12,13.6,71.8,114.9,40.9,175,5.71,4795,CLP-C31DB,1
PEC-82219,Torno_CNC,Aco_Inox,Sintetico,Turno_2,2714.5,171.1,1.1,83.4,59.8,106.3,47.6,124,12.94,6684,CLP-E763E,1
PEC-82220,Fresadora,Aluminio,Soluvel,Turno_3,3175.2,225.3,1.56,6.4,59.0,128.2,40.9,48,11.37,6929,CLP-B5EFA,1
PEC-82221,torno_cnc,Aco_Carbono,Sintetico,Turno_1,3210.1,224.4,1.88,34.5,86.3,112.6,46.8,131,8.71,3174,CLP-D85F8,1
PEC-82222,Torno_CNC,Latao,Semi_Sintetico,Turno_2,3198.9,316.0,1.54,97.4,68.3,114.6,55.0,79,14.82,5674,CLP-71BC4,1
PEC-82223,Torno_CNC,Aco_Inox,Semi_Sintetico,Turno_2,2417.6,293.3,2.84,42.0,59.3,96.5,46.3,31,7.9,7084,CLP-2E4B1,1
PEC-82224,Torno_CNC,Aco_Inox,Soluvel,Turno_1,3423.5,213.1,2.9,28.2,71.5,121.0,36.3,151,0.74,2038,CLP-7AABF,1
PEC-82225, TORNO_CNC ,Aluminio,Soluvel,Turno_1,2763.3,319.9,0.72,22.1,72.5,118.6,38.4,177,-10.11,3134,CLP-6168B,1
PEC-82226,Torno_CNC,Aco_Carbono,Sintetico,Turno_3,3846.2,256.3,1.08,39.3,48.8,111.0,50.5,37,-7.31,6336,CLP-3A644,1
PEC-82227,torno_cnc,Aco_Carbono,Semi_Sintetico,Turno_2,2544.8,303.0,1.29,27.9,70.8,125.7,51.0,93,-8.35,7142,CLP-86A32,1
PEC-82228,Torno_CNC,Aco_Inox,Semi_Sintetico,Turno_2,3226.8,316.4,0.78,47.8,46.9,121.8,38.0,112,-2.13,6198,CLP-88519,1
PEC-82229,Torno_CNC,Aco_Inox,Soluvel,Turno_1,,236.9,1.0,38.7,57.3,128.8,44.8,19,18.19,9535,CLP-EB825,0
PEC-82230,Fresadora,Aluminio,Soluvel,Turno_3,2230.5,278.6,1.46,34.3,53.2,129.5,52.2,73,8.71,5264,CLP-703A4,0
PEC-82231,Torno_CNC,Aco_Inox,Sintetico,Turno_2,2822.3,229.7,1.88,115.0,63.4,130.7,58.8,32,-11.17,2633,CLP-A5339,1
PEC-82232,Centro_Usinagem,Aco_Carbono,Sintetico,Turno_3,2885.8,296.5,3.67,68.2,59.8,145.0,46.4,20,4.83,8435,CLP-6FCB2,1
PEC-82233,Centro_Usinagem,Aluminio,Soluvel,Turno_3,3859.6,254.5,1.37,37.9,62.6,121.9,43.4,60,10.57,4290,CLP-CDCA6,1
PEC-82234,Fresadora,Aco_Carbono,Soluvel,Turno_3,3181.7,298.0,3.18,32.1,42.3,105.8,42.0,139,-3.27,4281,CLP-370FC,1
PEC-82235,torno_cnc,Aluminio,Sintetico,Turno_3,3781.6,326.2,0.73,,64.1,113.6,46.1,162,6.44,4398,CLP-B12A5,1
PEC-82236,Centro_Usinagem,Aco_Carbono,Soluvel,Turno_1,3029.1,277.4,3.13,62.0,51.8,114.0,56.1,96,-13.94,5887,CLP-945E4,1
PEC-82237,Torno_CNC,Aco_Inox,Soluvel,Turno_3,3472.7,245.3,3.68,,92.4,106.2,46.2,53,-2.38,2886,CLP-55E18,1
PEC-82238,Torno_CNC,Aco_Carbono,Soluvel,Turno_1,2873.5,246.2,2.92,43.5,60.2,82.3,49.0,177,-2.43,8946,CLP-5716A,1
PEC-82239,Torno_CNC,Aco_Inox,Soluvel,Turno_3,2842.9,102.1,1.31,10.1,61.9,123.5,33.6,65,-10.69,1998,CLP-5170E,1
PEC-82240,Fresadora,Aluminio,Sintetico,Turno_1,2380.6,214.4,1.82,24.7,73.3,120.5,57.8,167,16.7,4140,CLP-E3D90,1
PEC-82241,Torno_CNC,Aco_Inox,Soluvel,Turno_2,3351.1,296.6,3.72,102.6,80.9,148.7,55.7,96,11.96,6018,CLP-E79A3,1
PEC-82242,torno_cnc,Aluminio,Soluvel,Turno_1,3317.9,298.5,2.23,18.8,50.9,147.8,42.6,68,5.16,5175,CLP-83A1E,1
PEC-82243,Celula_Robotica,Aco_Inox,Soluvel,Turno_3,3549.8,213.3,1.52,10.9,71.9,130.2,44.2,111,-15.85,4396,CLP-D5E95,1
PEC-82244,Centro_Usinagem,Aco_Inox,Soluvel,Turno_1,3296.7,258.2,4.23,10.5,76.6,128.4,54.4,151,20.75,4120,CLP-C9EDD,1
PEC-82245,torno_cnc,Latao,Sintetico,Turno_2,4111.8,240.5,3.05,22.5,67.2,107.6,68.6,164,1.68,1874,CLP-6EB80,1
PEC-82246,Torno_CNC,Aco_Inox,Soluvel,Turno_3,3279.2,284.5,3.72,13.9,67.0,122.8,31.5,52,0.0,7737,CLP-F1638,1
PEC-82247,Centro_Usinagem,Aco_Carbono,Sintetico,Turno_2,3646.3,360.4,0.6,24.5,58.9,118.3,40.9,99,26.53,5931,CLP-84BFC,1
PEC-82248,torno_cnc,Latao,Soluvel,Turno_1,3054.2,285.4,1.86,49.4,61.1,122.2,41.8,124,7.69,1909,CLP-8C389,1
PEC-82249,Torno_CNC,Aco_Inox,Soluvel,Turno_2,2791.2,216.5,2.34,81.7,63.7,108.5,53.3,147,-5.17,3069,CLP-54E6E,1
PEC-82250,Torno_CNC,Aluminio,Soluvel,Turno_1,3523.0,246.1,2.85,9.1,59.9,126.3,47.8,21,-7.8,1579,CLP-5B560,1
PEC-82251,Centro_Usinagem,Aco_Inox,Soluvel,Turno_2,3159.9,320.1,1.26,56.2,75.7,99.5,40.9,84,-10.82,3015,CLP-2C6B4,1
PEC-82252,Fresadora,Aco_Inox,Sintetico,Turno_3,3574.4,179.6,2.49,8.8,54.5,165.5,33.7,172,4.92,7156,CLP-1A929,1
PEC-82253,Centro_Usinagem,Aluminio,Soluvel,Turno_2,3358.8,219.2,3.24,21.7,75.3,141.7,53.1,160,30.21,6899,CLP-ED8B0,1
PEC-82254,Centro_Usinagem,Latao,Semi_Sintetico,Turno_1,2843.1,285.5,1.88,203.4,80.9,139.9,43.4,161,-0.56,5450,CLP-E93F8,1
PEC-82255,torno_cnc,Aco_Inox,Soluvel,Turno_1,3683.5,314.7,3.27,7.5,69.4,100.9,35.7,60,-14.48,7450,CLP-8EEA0,1
PEC-82256,torno_cnc,Aluminio,Soluvel,Turno_3,2808.0,280.4,2.06,5.8,43.5,95.7,39.5,134,-10.8,6607,CLP-1A0BD,1
PEC-82257, TORNO_CNC ,Aluminio,Soluvel,Turno_1,3481.4,219.7,2.38,19.2,72.3,124.1,41.6,129,-8.03,7324,CLP-C9372,1
PEC-82258,Torno_CNC,Aco_Carbono,Semi_Sintetico,Turno_2,3776.7,276.8,1.04,110.6,57.3,115.4,42.6,107,11.36,3171,CLP-A8BA0,1
PEC-82259, TORNO_CNC ,Aco_Inox,Soluvel,Turno_2,3026.9,270.7,3.11,,58.7,147.7,36.6,15,7.51,2318,CLP-40890,1
PEC-82260,Fresadora,Aluminio,Soluvel,Turno_3,3720.2,267.5,1.4,13.8,69.3,129.4,36.7,103,1.06,2920,CLP-C1D57,1
PEC-82261,Fresadora,Aluminio,Soluvel,Turno_3,3378.9,245.1,3.82,37.3,78.3,119.4,64.0,57,14.19,9219,CLP-BC125,1
PEC-82262,Centro_Usinagem,Aluminio,Soluvel,Turno_1,3583.4,252.6,2.71,14.3,45.1,142.2,47.6,108,15.71,9187,CLP-54ACA,1
PEC-82263, TORNO_CNC ,Latao,Seco,Turno_2,2823.5,204.6,2.74,6.9,65.7,122.7,41.7,1,-4.25,2237,CLP-AE55E,0
PEC-82264,Fresadora,Aco_Carbono,Sintetico,Turno_2,3296.4,374.0,4.15,6.9,88.9,123.4,48.0,19,-5.11,4270,CLP-215D6,1
PEC-82265,Fresadora,Aco_Inox,Semi_Sintetico,Turno_1,2566.4,257.8,1.17,,51.8,135.6,46.3,150,14.67,1027,CLP-A927F,1
PEC-82266,torno_cnc,Aluminio,Sintetico,Turno_1,3970.1,277.4,2.62,33.9,62.6,109.8,37.7,26,15.33,9959,CLP-E2A52,1
PEC-82267,Fresadora,Aco_Inox,Sintetico,Turno_2,2293.7,239.1,2.03,47.9,57.6,135.3,29.7,6,-3.37,8679,CLP-40F03,0
PEC-82268,Torno_CNC,Aco_Inox,Soluvel,Turno_1,,292.3,4.37,9.9,73.4,128.5,40.8,175,-34.84,7937,CLP-D338C,1
PEC-82269,torno_cnc,Aluminio,Sintetico,Turno_3,2780.7,185.1,3.67,29.2,50.0,106.2,43.5,46,14.38,7859,CLP-38619,1
PEC-82270,Torno_CNC,Aco_Inox,Soluvel,Turno_1,3503.6,162.7,3.53,37.2,46.2,149.4,44.1,104,-3.14,9054,CLP-C93C1,1
PEC-82271, TORNO_CNC ,Aluminio,Soluvel,Turno_1,4065.8,248.5,1.32,,75.0,113.1,30.3,178,-17.37,4692,CLP-82B24,1
PEC-82272, TORNO_CNC ,Latao,Sintetico,Turno_1,3494.7,352.7,1.45,,67.9,95.5,64.8,21,13.7,7295,CLP-978C0,1
PEC-82273,Fresadora,Aco_Inox,Semi_Sintetico,Turno_1,4532.6,310.4,0.62,48.1,50.8,108.3,64.2,26,16.63,2219,CLP-8A749,1
PEC-82274,Celula_Robotica,Latao,Sintetico,Turno_2,2579.9,209.6,3.05,169.3,9999.0,104.5,48.6,4,10.49,6429,CLP-3FD66,1
PEC-82275,Fresadora,Aluminio,Sintetico,Turno_1,2614.5,275.8,1.98,36.8,49.6,122.9,45.2,99,11.6,2183,CLP-C9E9F,0
PEC-82276,Fresadora,Aluminio,Soluvel,Turno_2,2798.1,218.2,1.75,,76.1,144.3,40.5,109,15.49,9044,CLP-BA36D,1
PEC-82277,torno_cnc,Aco_Carbono,Soluvel,Turno_3,,271.3,3.05,67.8,68.3,123.7,49.6,29,-6.37,9069,CLP-98681,1
PEC-82278,Fresadora,Aco_Inox,Soluvel,Turno_3,2737.9,275.2,3.81,103.6,56.4,143.8,44.1,119,16.78,1447,CLP-5DB6B,1
PEC-82279,Torno_CNC,Aluminio,Sintetico,Turno_1,2861.8,296.3,1.03,49.9,58.0,136.0,55.0,24,-4.76,3689,CLP-2EC8B,0
PEC-82280,Torno_CNC,Aluminio,Seco,Turno_3,3479.2,171.7,4.17,13.4,59.5,80.0,52.3,66,-15.49,3276,CLP-830FD,1
PEC-82281, TORNO_CNC ,Aco_Inox,Soluvel,Turno_1,2642.4,186.7,0.64,,52.1,133.5,38.2,10,7.04,4004,CLP-1CAF7,0
PEC-82282, TORNO_CNC ,Latao,Soluvel,Turno_2,2690.1,246.2,0.88,58.7,81.1,111.3,39.5,103,-10.78,2183,CLP-39A26,1
PEC-82283,Torno_CNC,Aco_Carbono,Soluvel,Turno_2,,198.4,3.85,30.7,79.0,127.7,52.8,20,-1.08,2365,CLP-8AF63,1
PEC-82284,Torno_CNC,Aco_Inox,Semi_Sintetico,Turno_1,3063.0,194.5,2.47,15.1,60.2,119.1,50.6,166,-16.46,9484,CLP-A2467,1
PEC-82285,Torno_CNC,Aco_Inox,Sintetico,Turno_3,3654.5,263.6,4.26,42.4,61.2,161.8,36.1,100,-9.27,4438,CLP-310BA,1
PEC-82286,Celula_Robotica,Aluminio,Soluvel,Turno_1,2794.7,204.2,2.35,88.0,51.5,126.5,41.3,100,8.44,1998,CLP-9F438,1
PEC-82287,Torno_CNC,Aco_Inox,Seco,Turno_2,2875.9,362.9,4.2,20.5,63.1,128.8,43.8,144,11.43,9540,CLP-5FB42,1
PEC-82288, TORNO_CNC ,Aluminio,Semi_Sintetico,Turno_1,3461.8,223.3,1.46,36.7,70.9,136.2,44.7,123,0.92,9677,CLP-C8AC1,1
PEC-82289,Torno_CNC,Aco_Inox,Soluvel,Turno_3,3560.6,236.5,2.97,35.5,79.2,97.7,44.4,131,-10.63,7217,CLP-43159,1
PEC-82290,Fresadora,Aluminio,Seco,Turno_3,3842.9,264.9,4.48,9.8,54.2,136.3,52.2,64,11.71,8367,CLP-36024,1
PEC-82291,Torno_CNC,Aco_Inox,Soluvel,Turno_1,3411.1,174.6,2.0,8.3,44.8,116.8,46.2,125,21.46,9125,CLP-EB123,1
PEC-82292,Torno_CNC,Aco_Inox,Soluvel,Turno_2,3258.7,275.4,0.51,82.1,52.9,109.6,45.6,93,-14.31,2077,CLP-5F917,1
PEC-82293,torno_cnc,Aluminio,Soluvel,Turno_2,3458.8,267.1,0.76,99.9,71.7,132.3,38.9,28,-4.45,7518,CLP-BF57A,1
PEC-82294,Torno_CNC,Aluminio,Semi_Sintetico,Turno_2,3079.7,232.5,3.94,87.1,64.5,97.7,46.3,58,-5.01,6882,CLP-D71B5,1
PEC-82295,Torno_CNC,Latao,Sintetico,Turno_2,3076.4,263.7,2.47,22.7,76.9,134.1,44.8,158,-15.58,7293,CLP-7BA95,1
PEC-82296,Torno_CNC,Aco_Carbono,Soluvel,Turno_2,2401.7,271.4,2.65,16.9,65.5,117.6,41.2,42,-11.35,8758,CLP-336E2,0
PEC-82297,Torno_CNC,Aco_Inox,Seco,Turno_1,3602.0,321.8,3.7,104.8,84.4,118.5,35.8,75,-0.25,8846,CLP-7DE34,1
PEC-82298,Torno_CNC,Aco_Inox,Soluvel,Turno_2,3295.2,375.0,3.75,80.0,46.0,86.3,55.2,154,4.82,8656,CLP-89244,1
PEC-82299,Torno_CNC,Aco_Carbono,Sintetico,Turno_2,3549.7,196.9,2.41,,35.1,133.5,59.2,57,25.72,8967,CLP-97626,1
PEC-82300,Centro_Usinagem,Latao,Sintetico,Turno_2,1932.9,185.1,3.93,19.2,81.2,123.7,47.0,80,-12.42,7863,CLP-95187,0
PEC-82301,torno_cnc,Aco_Carbono,Soluvel,Turno_3,3178.8,255.1,2.37,40.6,55.5,113.0,56.5,13,-18.49,2030,CLP-25A0C,1
PEC-82302,torno_cnc,Aco_Inox,Soluvel,Turno_1,2814.9,146.1,3.2,53.6,66.7,106.1,46.8,41,-28.05,3409,CLP-46E14,1
PEC-82303,Torno_CNC,Latao,Semi_Sintetico,Turno_1,3875.6,282.5,0.63,35.0,66.6,131.7,33.9,81,6.35,6566,CLP-60EFC,1
PEC-82304,Celula_Robotica,Aco_Inox,Soluvel,Turno_1,,255.7,1.05,37.2,68.9,125.2,47.4,97,11.75,7798,CLP-CB38C,1
PEC-82305, TORNO_CNC ,Aco_Carbono,Sintetico,Turno_1,3305.4,268.4,3.91,54.5,59.3,120.1,42.3,176,-6.42,9995,CLP-7FB0C,1
PEC-82306,Torno_CNC,Latao,Sintetico,Turno_1,3005.6,234.8,1.75,56.0,53.6,105.2,48.8,112,-0.01,4836,CLP-E3774,0
PEC-82307,Fresadora,Aco_Inox,Sintetico,Turno_3,3378.7,262.8,1.84,14.6,52.6,124.5,57.6,118,-13.94,9434,CLP-83DCC,1
PEC-82308,Torno_CNC,Latao,Soluvel,Turno_1,2782.3,273.6,3.15,22.3,72.2,123.6,40.9,45,-3.83,2099,CLP-BF344,0
PEC-82309,Torno_CNC,Aco_Inox,Soluvel,Turno_2,3155.1,260.0,2.87,58.2,74.3,139.7,48.1,80,5.08,6953,CLP-42AF3,1
PEC-82310,torno_cnc,Latao,Soluvel,Turno_1,2939.7,182.7,0.83,15.6,62.0,102.0,51.9,7,35.32,6943,CLP-1C065,0
PEC-82311,Centro_Usinagem,Aco_Inox,Semi_Sintetico,Turno_2,4219.9,258.6,3.56,91.5,57.8,109.3,55.8,31,-17.07,7328,CLP-51D3E,1
PEC-82312, TORNO_CNC ,Latao,Soluvel,Turno_3,3861.5,342.7,2.97,68.9,71.8,149.2,52.9,108,-17.86,5252,CLP-44F99,1
PEC-82313,Fresadora,Aco_Inox,Soluvel,Turno_1,3678.4,262.0,3.92,84.0,47.2,122.9,36.1,90,-17.22,5443,CLP-8F9CC,1
PEC-82314,Celula_Robotica,Aco_Carbono,Seco,Turno_3,2529.4,256.9,2.64,17.3,88.4,123.8,36.1,86,-4.15,9353,CLP-96D66,1
PEC-82315,Torno_CNC,Aluminio,Semi_Sintetico,Turno_3,3588.9,328.0,2.16,8.9,70.4,134.5,51.1,105,22.21,4965,CLP-C95BA,1
PEC-82316,Torno_CNC,Aluminio,Soluvel,Turno_2,3284.5,212.7,1.99,8.7,63.1,147.2,41.9,175,-3.58,1294,CLP-76361,1
PEC-82317, TORNO_CNC ,Aco_Inox,Seco,Turno_1,3750.6,294.5,0.52,33.4,75.0,102.6,37.1,17,4.32,7274,CLP-58C82,1
PEC-82318, TORNO_CNC ,Aco_Carbono,Sintetico,Turno_2,3345.1,223.5,0.66,17.8,72.6,152.7,54.5,32,-21.83,5009,CLP-7A4BC,0
PEC-82319, TORNO_CNC ,Aco_Inox,Soluvel,Turno_3,3197.0,304.3,1.02,15.7,67.8,119.3,42.0,153,-19.42,8075,CLP-6480D,1
PEC-82320,Centro_Usinagem,Aluminio,Soluvel,Turno_1,3305.2,289.9,4.22,13.8,42.3,124.0,58.0,88,-4.22,7434,CLP-A21DC,1
PEC-82321,Fresadora,Aco_Inox,Sintetico,Turno_2,2387.5,229.4,4.02,33.9,69.9,120.9,41.5,101,37.12,7685,CLP-BD5C1,1
PEC-82322,Fresadora,Latao,Semi_Sintetico,Turno_1,2854.7,236.7,2.49,32.8,82.5,142.5,39.0,166,-24.35,8594,CLP-7BAB1,1
PEC-82323,Torno_CNC,Aco_Inox,Soluvel,Turno_1,3368.0,298.9,1.22,24.2,58.3,134.4,44.5,137,17.99,9626,CLP-5E43B,1
PEC-82324,Centro_Usinagem,Aco_Inox,Soluvel,Turno_3,3712.7,157.2,1.08,10.2,76.5,117.8,51.1,95,-4.84,8080,CLP-CC7BD,1
PEC-82325,Celula_Robotica,Aco_Inox,Soluvel,Turno_2,2952.3,227.9,1.52,97.5,75.2,103.1,47.3,128,-20.95,7734,CLP-C4335,1
PEC-82326,Centro_Usinagem,Aluminio,Sintetico,Turno_1,3181.6,281.0,4.13,24.5,68.5,116.4,60.1,173,-19.95,8333,CLP-5BE88,1
PEC-82327,Torno_CNC,Aco_Inox,Soluvel,Turno_2,2479.6,234.6,2.59,9.6,67.0,99.9,46.4,107,23.75,2180,CLP-9481E,0
PEC-82328,Fresadora,Aluminio,Soluvel,Turno_1,3856.7,256.7,3.72,6.3,71.7,133.4,43.6,9,-6.25,8975,CLP-3DB22,1
PEC-82329,Torno_CNC,Aco_Carbono,Sintetico,Turno_1,3701.2,147.9,2.53,10.8,70.0,109.8,57.1,66,-0.38,7541,CLP-9B284,1
PEC-82330,Torno_CNC,Aco_Carbono,Semi_Sintetico,Turno_2,3493.4,207.3,2.94,17.3,87.7,118.5,49.8,113,18.56,4245,CLP-9EE9A,1
PEC-82331,Torno_CNC,Aluminio,Sintetico,Turno_2,3383.1,284.0,2.94,39.8,76.6,137.6,41.7,30,2.08,8235,CLP-D7CB6,1
PEC-82332,Fresadora,Aco_Inox,Soluvel,Turno_1,3898.6,212.4,0.63,,73.5,132.1,46.9,100,12.99,3021,CLP-655E0,1
PEC-82333,Fresadora,Aluminio,Soluvel,Turno_1,2837.7,184.9,2.28,16.1,77.7,125.7,46.7,112,-1.32,6299,CLP-90D34,1
PEC-82334,Torno_CNC,Aco_Inox,Soluvel,Turno_2,2789.1,303.1,3.96,59.6,73.5,108.1,43.4,11,-9.48,1673,CLP-4D47D,1
PEC-82335, TORNO_CNC ,Aco_Carbono,Seco,Turno_3,3677.7,275.8,2.46,89.8,40.0,127.3,46.5,146,-9.12,8184,CLP-603CD,1
PEC-82336, TORNO_CNC ,Aco_Inox,Semi_Sintetico,Turno_3,3647.4,195.6,2.24,22.4,63.6,108.1,34.7,34,18.73,6235,CLP-C95FF,1
PEC-82337, TORNO_CNC ,Aluminio,Soluvel,Turno_1,2662.9,256.9,2.61,15.2,57.6,127.4,42.2,176,5.95,2740,CLP-ACE4E,1
PEC-82338,Torno_CNC,Aco_Inox,Soluvel,Turno_2,2960.9,197.2,2.02,28.6,68.9,100.4,48.5,6,1.17,4405,CLP-32577,1
PEC-82339, TORNO_CNC ,Aco_Carbono,Sintetico,Turno_3,3960.1,242.4,2.56,84.5,58.3,138.1,40.8,25,-24.82,2091,CLP-7F44F,1
PEC-82340,Fresadora,Aco_Inox,Sintetico,Turno_2,3385.3,258.8,1.04,5.4,72.1,123.0,37.9,123,12.13,9570,CLP-38F44,1
PEC-82341,Torno_CNC,Aluminio,Soluvel,Turno_3,3554.2,209.6,4.37,28.3,59.9,119.8,44.7,25,33.22,2341,CLP-41A7A,1
PEC-82342,Torno_CNC,Aco_Inox,Semi_Sintetico,Turno_3,2678.4,287.1,0.64,54.6,85.4,125.9,41.2,147,7.97,9592,CLP-D6705,1
PEC-82343, TORNO_CNC ,Aco_Carbono,Semi_Sintetico,Turno_1,3495.5,294.9,2.43,37.2,84.8,118.3,34.4,111,-5.5,6684,CLP-C3E42,1
PEC-82344,Celula_Robotica,Latao,Sintetico,Turno_1,2561.2,263.2,1.34,29.1,47.6,121.0,34.6,62,9.32,3621,CLP-B44AF,0
PEC-82345,Fresadora,Aluminio,Semi_Sintetico,Turno_1,2309.1,270.7,0.73,33.2,68.9,139.4,48.3,110,18.83,4875,CLP-2E53D,1
PEC-82346,Fresadora,Aluminio,Semi_Sintetico,Turno_1,3527.1,177.4,3.11,38.8,59.5,135.9,45.7,161,-22.15,5889,CLP-9EDB1,1
PEC-82347, TORNO_CNC ,Latao,Semi_Sintetico,Turno_3,3845.5,318.1,4.44,45.1,68.0,130.7,47.5,166,-16.49,2741,CLP-42725,1
PEC-82348,torno_cnc,Aluminio,Seco,Turno_3,3085.8,245.4,3.5,20.4,72.0,123.8,42.6,54,-8.37,8236,CLP-6AF4D,0
PEC-82349,Torno_CNC,Aluminio,Soluvel,Turno_1,2954.1,203.2,1.52,,49.7,115.3,32.9,114,5.37,3084,CLP-1A9C8,0
PEC-82350,Fresadora,Aluminio,Soluvel,Turno_2,3969.9,257.3,2.47,16.2,53.3,136.1,38.0,155,-13.59,5580,CLP-C3E4F,1
PEC-82351,Centro_Usinagem,Aluminio,Semi_Sintetico,Turno_2,3112.3,287.3,0.7,,54.8,106.3,42.4,95,1.6,7575,CLP-69C2E,1
PEC-82352,Fresadora,Aco_Inox,Semi_Sintetico,Turno_1,-50.0,275.6,2.63,12.3,58.4,146.8,48.5,33,-33.85,5308,CLP-BC4A6,1
PEC-82353,Centro_Usinagem,Aco_Carbono,Seco,Turno_2,3962.3,195.8,0.9,10.7,58.7,130.7,31.0,90,0.05,2450,CLP-A2606,1
PEC-82354,Fresadora,Aluminio,Soluvel,Turno_3,3040.9,287.9,3.68,16.0,74.6,137.7,26.5,50,13.31,3491,CLP-D1FC4,1
PEC-82355,Torno_CNC,Aco_Inox,Sintetico,Turno_1,2905.7,247.0,0.73,93.4,67.7,127.0,56.6,144,2.64,1506,CLP-3F2B9,1
PEC-82356,Centro_Usinagem,Aco_Carbono,Soluvel,Turno_1,3567.0,275.1,0.54,42.6,54.5,118.2,49.8,51,20.01,2001,CLP-92086,1
PEC-82357,Torno_CNC,Aco_Inox,Sintetico,Turno_1,2879.7,209.9,3.95,26.3,61.2,134.2,38.0,154,-2.07,5215,CLP-E60E0,1
PEC-82358,torno_cnc,Aco_Inox,Soluvel,Turno_1,3134.9,302.3,4.27,95.8,36.6,98.9,43.1,50,9.57,3683,CLP-A2F8D,1
PEC-82359,Torno_CNC,Aluminio,Soluvel,Turno_1,2606.4,259.1,0.85,85.6,89.2,111.2,41.6,31,-0.21,3453,CLP-AAB39,1
PEC-82360,Torno_CNC,Aco_Carbono,Soluvel,Turno_2,3283.4,309.4,1.62,23.0,65.2,117.1,47.3,95,27.46,7447,CLP-3D6D1,1
PEC-82361, TORNO_CNC ,Aco_Carbono,Sintetico,Turno_2,3230.6,173.3,3.47,34.0,76.9,99.3,40.9,163,-3.67,8510,CLP-7D916,1
PEC-82362,Torno_CNC,Latao,Soluvel,Turno_3,3635.6,179.9,2.66,87.5,74.5,129.6,35.8,68,-34.22,2952,CLP-81CBD,1
PEC-82363, TORNO_CNC ,Aco_Carbono,Soluvel,Turno_1,3585.8,238.0,4.3,,64.6,139.0,48.9,8,-15.02,7493,CLP-6BEF6,1
PEC-82364,torno_cnc,Aco_Inox,Soluvel,Turno_1,3448.2,323.4,2.06,23.3,36.4,94.4,59.5,70,12.62,4006,CLP-31ECD,0
PEC-82365,Torno_CNC,Aco_Inox,Soluvel,Turno_3,3377.4,348.1,0.51,60.1,58.3,113.8,49.2,80,12.8,5071,CLP-F1CE2,0
PEC-82366,Torno_CNC,Aco_Carbono,Seco,Turno_3,3167.0,205.6,0.58,47.0,69.2,117.5,45.6,144,-6.61,2615,CLP-51B9B,1
PEC-82367,torno_cnc,Aco_Inox,Soluvel,Turno_1,3474.3,252.7,2.76,6.7,65.7,124.8,43.3,49,-20.62,1730,CLP-4EEB2,1
PEC-82368,Torno_CNC,Aluminio,Soluvel,Turno_1,2699.5,257.8,3.51,9.4,77.5,132.8,38.7,108,6.28,9745,CLP-61F59,1
PEC-82369,Fresadora,Aluminio,Semi_Sintetico,Turno_3,2143.0,285.9,3.66,70.5,65.0,115.8,41.7,78,-8.48,9127,CLP-B81BE,1
PEC-82370,Fresadora,Aco_Inox,Sintetico,Turno_1,3722.9,294.2,4.15,6.1,87.1,134.1,48.1,134,2.75,3555,CLP-35D92,1
PEC-82371,Centro_Usinagem,Latao,Sintetico,Turno_1,3503.4,194.3,1.42,93.4,52.3,121.3,54.5,61,-2.18,8934,CLP-DD486,1
PEC-82372,Fresadora,Aluminio,Sintetico,Turno_2,3142.9,253.2,3.45,16.1,71.2,111.0,54.9,82,-1.44,6707,CLP-46C0C,1
PEC-82373, TORNO_CNC ,Aluminio,Seco,Turno_1,3683.6,149.6,3.81,36.9,52.7,123.5,46.4,44,8.96,4392,CLP-1952C,1
PEC-82374,Fresadora,Latao,Soluvel,Turno_1,2870.8,290.5,3.85,34.1,76.0,101.1,46.5,161,-30.02,8031,CLP-62254,1
PEC-82375,Torno_CNC,Aluminio,Seco,Turno_2,2882.5,233.1,2.15,,56.0,116.2,45.4,160,3.8,5810,CLP-B6869,1
PEC-82376,Torno_CNC,Aco_Inox,Semi_Sintetico,Turno_3,2820.1,189.7,3.0,6.1,43.9,117.4,49.6,26,0.35,1762,CLP-A08BE,0
PEC-82377,Fresadora,Aluminio,Sintetico,Turno_3,3455.4,266.6,2.71,12.5,47.2,110.9,45.4,95,14.19,8758,CLP-6F153,1
PEC-82378, TORNO_CNC ,Aco_Carbono,Sintetico,Turno_3,2487.7,231.5,2.89,38.4,59.3,158.0,45.5,3,-2.08,2096,CLP-AF348,1
PEC-82379,Fresadora,Aco_Carbono,Sintetico,Turno_1,2854.9,313.1,1.63,25.7,83.7,139.5,38.1,100,6.55,2644,CLP-CF87B,1
PEC-82380,Centro_Usinagem,Aco_Carbono,Soluvel,Turno_1,3330.4,205.4,3.23,23.7,73.9,123.0,37.9,122,3.63,5886,CLP-BADD8,1
PEC-82381,Centro_Usinagem,Aco_Carbono,Soluvel,Turno_3,,361.1,3.34,8.6,70.4,126.4,39.5,94,-8.97,3759,CLP-36627,1
PEC-82382,Centro_Usinagem,Aco_Inox,Seco,Turno_2,2902.9,292.7,1.28,19.9,64.2,127.8,46.9,35,-5.12,9841,CLP-96D86,1
PEC-82383, TORNO_CNC ,Aco_Carbono,Sintetico,Turno_1,2204.8,314.4,2.27,31.2,51.5,129.4,42.5,26,13.15,5165,CLP-6EC7C,0
PEC-82384,Torno_CNC,Aco_Carbono,Soluvel,Turno_1,3472.6,198.6,2.19,7.8,53.8,143.4,65.7,29,-13.07,7795,CLP-91696,0
PEC-82385,torno_cnc,Aco_Inox,Semi_Sintetico,Turno_1,2890.5,339.4,3.5,7.4,58.4,133.9,48.1,173,4.42,3696,CLP-F21D5,1
PEC-82386, TORNO_CNC ,Aco_Inox,Sintetico,Turno_2,2705.3,189.4,3.17,28.7,57.3,90.2,57.6,117,-5.85,3316,CLP-2176C,1
PEC-82387,Fresadora,Latao,Soluvel,Turno_1,2617.2,239.5,2.4,33.8,57.1,132.5,56.9,149,0.28,7058,CLP-34657,1
PEC-82388,Fresadora,Aco_Carbono,Sintetico,Turno_3,3011.8,315.2,3.11,15.4,53.6,107.4,48.4,100,3.23,1062,CLP-A91BA,1
PEC-82389,Fresadora,Aco_Carbono,Sintetico,Turno_1,2488.9,275.3,1.55,18.8,65.1,111.7,44.7,142,-17.53,9823,CLP-A33DE,1
PEC-82390, TORNO_CNC ,Aco_Carbono,Soluvel,Turno_3,4074.1,188.0,1.43,60.8,56.0,134.7,37.8,83,22.16,4361,CLP-67D62,1
PEC-82391,Torno_CNC,Aluminio,Seco,Turno_3,2126.9,306.8,1.46,76.2,78.6,92.1,40.2,138,6.69,7810,CLP-342B9,1
PEC-82392, TORNO_CNC ,Aluminio,Soluvel,Turno_2,2997.2,267.0,0.62,,78.5,145.7,51.7,135,-1.33,1507,CLP-5B57B,1
PEC-82393,Torno_CNC,Aluminio,Soluvel,Turno_2,3248.1,229.2,3.26,20.4,72.2,132.3,47.2,62,-7.35,4478,CLP-788D6,1
PEC-82394,Centro_Usinagem,Aco_Inox,Soluvel,Turno_2,2851.1,172.9,4.44,67.1,70.8,125.0,39.9,45,21.25,1834,CLP-D6BCB,1
PEC-82395,Torno_CNC,Aco_Carbono,Sintetico,Turno_1,3295.5,271.7,1.74,132.5,46.4,132.5,43.3,160,40.66,2137,CLP-BEBE9,1
PEC-82396,Torno_CNC,Aluminio,Soluvel,Turno_1,2840.2,241.8,4.22,18.5,92.5,137.2,47.6,80,-13.78,1039,CLP-A4372,1
PEC-82397,Torno_CNC,Aluminio,Soluvel,Turno_2,3888.5,257.8,2.93,59.4,61.6,123.3,45.2,153,-0.51,8630,CLP-7136F,1
PEC-82398,Fresadora,Aluminio,Semi_Sintetico,Turno_2,2696.5,170.7,1.4,27.9,74.5,131.6,43.1,169,2.31,6989,CLP-50049,1
PEC-82399,Fresadora,Aluminio,Soluvel,Turno_2,2141.9,229.1,0.55,15.7,75.0,105.3,44.6,45,-1.35,4053,CLP-382FC,1
PEC-82400,Torno_CNC,Aco_Inox,Semi_Sintetico,Turno_2,2615.7,274.0,3.39,45.1,52.5,132.2,25.7,130,8.04,7774,CLP-21780,1
PEC-82401,Torno_CNC,Aco_Inox,Sintetico,Turno_2,3373.9,343.8,3.29,26.7,57.5,129.1,45.1,4,-8.97,6729,CLP-D6B99,1
PEC-82402, TORNO_CNC ,Aco_Inox,Seco,Turno_2,3146.9,239.7,1.42,15.9,69.8,141.6,36.5,115,6.7,7700,CLP-8F534,1
PEC-82403,Torno_CNC,Aco_Inox,Sintetico,Turno_2,3538.5,322.2,1.83,9.0,46.4,122.6,47.9,10,-9.79,4479,CLP-A7C85,0
PEC-82404,Fresadora,Latao,Soluvel,Turno_2,3425.8,289.4,4.09,75.6,63.9,124.6,46.1,103,-7.15,2762,CLP-A8197,1
PEC-82405,Fresadora,Aco_Inox,Soluvel,Turno_3,2913.7,261.7,1.13,78.8,36.3,106.2,51.0,149,-11.05,5941,CLP-78EB8,1
PEC-82406, TORNO_CNC ,Aco_Inox,Semi_Sintetico,Turno_2,2979.9,199.4,3.84,7.7,65.1,120.0,51.1,133,2.97,1288,CLP-C64EF,1
PEC-82407,Torno_CNC,Aluminio,Semi_Sintetico,Turno_2,3026.6,201.5,1.18,43.1,81.5,129.2,58.8,45,17.86,3998,CLP-C385A,1
PEC-82408,Celula_Robotica,Aluminio,Soluvel,Turno_2,4048.0,280.9,2.43,11.2,65.0,130.6,29.1,176,-13.52,9040,CLP-9E146,1
PEC-82409, TORNO_CNC ,Aco_Inox,Sintetico,Turno_2,3510.9,223.7,2.5,41.4,47.4,145.7,44.0,6,-6.59,6389,CLP-D5661,0
PEC-82410,Fresadora,Aco_Carbono,Soluvel,Turno_2,4051.3,219.2,2.39,88.4,58.4,126.9,28.7,26,-12.63,8982,CLP-23A49,1
PEC-82411,Torno_CNC,Aco_Carbono,Seco,Turno_1,3578.4,241.0,1.65,15.5,72.4,118.6,48.9,147,41.8,3939,CLP-3D135,1
PEC-82412, TORNO_CNC ,Aco_Inox,Seco,Turno_3,3171.4,241.8,1.51,20.0,67.0,128.3,43.7,178,10.2,3770,CLP-67C21,1
PEC-82413,Torno_CNC,Aco_Inox,Seco,Turno_1,2741.3,295.0,3.43,60.5,70.4,111.6,41.2,171,-20.09,2441,CLP-8395A,1
PEC-82414,torno_cnc,Latao,Semi_Sintetico,Turno_1,3290.7,224.7,1.6,51.5,62.9,139.9,47.1,79,8.39,3400,CLP-E772A,1
PEC-82415,Celula_Robotica,Aco_Carbono,Seco,Turno_1,3172.6,290.1,2.94,23.4,55.8,109.6,36.6,23,28.25,5098,CLP-4C270,1
PEC-82416, TORNO_CNC ,Aluminio,Soluvel,Turno_1,3157.9,272.0,3.89,71.1,66.5,113.9,59.8,121,-18.01,4348,CLP-DFA48,1
PEC-82417,Torno_CNC,Aco_Inox,Semi_Sintetico,Turno_3,3105.9,166.3,3.85,93.7,65.8,103.9,43.0,41,12.22,7829,CLP-2C77B,1
PEC-82418,Torno_CNC,Aluminio,Sintetico,Turno_2,2276.4,264.7,1.17,26.1,77.3,121.2,45.6,142,-7.45,6275,CLP-4D723,0
PEC-82419, TORNO_CNC ,Aluminio,Seco,Turno_3,3767.4,116.6,3.12,6.4,59.4,129.7,44.0,113,-8.85,8994,CLP-3393A,1
PEC-82420,Torno_CNC,Aco_Inox,Sintetico,Turno_1,3177.3,205.2,2.91,29.9,65.6,144.8,52.4,18,-0.61,6486,CLP-CAC4D,0
PEC-82421,Torno_CNC,Aluminio,Soluvel,Turno_1,2563.6,273.2,1.63,,63.3,119.1,35.4,149,11.41,9123,CLP-A96E1,1
PEC-82422,Fresadora,Aluminio,Sintetico,Turno_1,3416.8,249.5,2.07,13.7,92.3,116.6,51.6,89,-14.74,5286,CLP-39A8A,1
PEC-82423, TORNO_CNC ,Aco_Inox,Sintetico,Turno_2,2814.9,161.6,1.64,8.7,56.0,80.0,40.9,67,14.47,5159,CLP-8B183,1
PEC-82424,Torno_CNC,Aco_Carbono,Soluvel,Turno_3,3453.0,194.0,2.65,16.8,60.4,123.3,40.9,81,10.8,6489,CLP-A4D56,1
PEC-82425,Centro_Usinagem,Aco_Carbono,Soluvel,Turno_2,3596.7,119.6,3.71,5.4,53.5,120.4,52.0,15,5.92,8027,CLP-2ED45,0
PEC-82426,Torno_CNC,Aco_Inox,Sintetico,Turno_1,3658.8,182.9,4.01,49.0,80.6,120.2,42.9,14,12.31,3604,CLP-A4483,1
PEC-82427,Celula_Robotica,Aco_Carbono,Soluvel,Turno_3,3127.6,279.0,3.39,10.5,81.5,142.6,49.9,164,2.3,8243,CLP-50824,1
PEC-82428,Torno_CNC,Aco_Inox,Soluvel,Turno_1,3013.8,222.1,2.43,50.0,62.4,128.2,50.1,143,23.28,7864,CLP-C443B,1
PEC-82429,Centro_Usinagem,Aco_Carbono,Soluvel,Turno_2,2918.5,258.5,4.33,14.4,79.2,113.8,42.2,86,-21.52,6392,CLP-BF7A8,1
PEC-82430,Fresadora,Aco_Inox,Seco,Turno_2,2874.8,250.7,2.76,174.3,68.9,106.4,46.9,128,-10.92,7915,CLP-644F4,1
PEC-82431,Centro_Usinagem,Aco_Inox,Semi_Sintetico,Turno_1,3192.2,251.6,2.41,31.6,73.4,102.6,41.1,77,-6.88,2496,CLP-5E359,1
PEC-82432,Celula_Robotica,Aluminio,Soluvel,Turno_1,3105.8,301.2,3.93,6.5,53.1,113.3,44.8,16,-3.02,5060,CLP-4EF97,1
PEC-82433,Torno_CNC,Aluminio,Semi_Sintetico,Turno_1,2828.6,239.9,1.24,,66.9,125.6,48.8,145,-18.21,7930,CLP-A2DEB,1
PEC-82434,Celula_Robotica,Latao,Sintetico,Turno_3,2685.3,295.5,1.13,23.5,87.5,88.4,37.3,134,-2.41,6315,CLP-A21D4,1
PEC-82435, TORNO_CNC ,Aco_Inox,Soluvel,Turno_2,3151.1,126.1,3.63,37.7,82.7,118.0,48.5,37,5.21,7137,CLP-D124E,1
PEC-82436, TORNO_CNC ,Aco_Inox,Soluvel,Turno_3,3004.6,305.6,3.98,110.7,74.7,132.0,47.5,156,-1.74,4548,CLP-B402E,1
PEC-82437,Torno_CNC,Aluminio,Sintetico,Turno_2,2686.4,185.5,0.79,30.5,76.4,104.5,33.1,152,-13.26,9467,CLP-E1CEA,1
PEC-82438,torno_cnc,Aluminio,Soluvel,Turno_2,3573.8,196.4,3.56,,94.2,117.3,39.0,96,-5.42,3538,CLP-254F3,1
PEC-82439,Torno_CNC,Aco_Inox,Semi_Sintetico,Turno_2,3997.4,214.8,2.2,17.6,74.4,105.1,39.5,116,-6.69,1243,CLP-5353A,1
PEC-82440,torno_cnc,Aluminio,Soluvel,Turno_3,3633.2,304.2,3.31,48.9,57.1,79.4,41.4,67,3.65,1531,CLP-27EBF,1
PEC-82441,torno_cnc,Aco_Carbono,Soluvel,Turno_1,2875.9,205.5,1.04,8.7,79.6,108.0,37.4,38,10.52,7686,CLP-E12D8,0
PEC-82442,Fresadora,Aco_Carbono,Seco,Turno_1,3177.4,217.2,4.39,83.3,64.1,104.0,52.5,58,-23.06,7758,CLP-E9310,1
PEC-82443,Centro_Usinagem,Latao,Soluvel,Turno_2,3893.2,201.9,4.03,12.8,70.9,131.6,53.5,91,1.7,8665,CLP-4F318,1
PEC-82444, TORNO_CNC ,Aco_Inox,Sintetico,Turno_3,2671.8,262.8,2.12,17.6,66.4,127.2,38.7,23,-16.26,1198,CLP-648D0,0
PEC-82445,Torno_CNC,Aco_Carbono,Soluvel,Turno_3,3552.2,287.2,4.07,116.1,56.5,104.4,35.8,20,1.57,9747,CLP-72217,1
PEC-82446,Torno_CNC,Aco_Inox,Soluvel,Turno_2,2548.4,335.2,4.08,10.9,68.7,139.4,44.9,67,33.91,9152,CLP-B6351,1
PEC-82447,Torno_CNC,Aluminio,Soluvel,Turno_1,3957.8,370.0,2.35,15.3,76.6,130.9,55.6,83,-11.3,8252,CLP-2C5AC,1
PEC-82448,Torno_CNC,Aluminio,Soluvel,Turno_1,3006.4,282.5,4.29,35.4,73.9,116.2,62.2,40,-8.87,7198,CLP-4D963,1
PEC-82449,Torno_CNC,Latao,Soluvel,Turno_3,4203.1,268.3,4.41,143.2,70.8,125.0,39.6,126,4.07,3853,CLP-6445B,1
PEC-82450,Torno_CNC,Aco_Carbono,Soluvel,Turno_2,3977.6,189.1,1.37,46.2,62.6,105.8,26.8,1,14.66,1989,CLP-D90ED,1
PEC-82451,Celula_Robotica,Latao,Sintetico,Turno_1,3152.1,345.5,0.77,9.2,45.1,83.1,33.1,149,10.95,4028,CLP-D2FE2,0
PEC-82452,torno_cnc,Aco_Carbono,Sintetico,Turno_3,2876.3,260.8,1.82,53.3,64.4,121.4,30.7,50,21.72,9783,CLP-4657D,1
PEC-82453,Torno_CNC,Latao,Soluvel,Turno_1,3287.6,235.5,2.46,24.4,71.7,99.5,48.3,10,-16.97,7248,CLP-55C49,1
PEC-82454,torno_cnc,Aco_Carbono,Semi_Sintetico,Turno_2,3118.9,269.4,0.87,175.5,39.1,116.6,45.8,30,-6.32,7251,CLP-6C71D,1
PEC-82455,Torno_CNC,Aluminio,Soluvel,Turno_2,3019.3,218.2,1.06,39.7,64.2,126.2,46.7,29,-3.86,3202,CLP-1EA6B,1
PEC-82456, TORNO_CNC ,Aco_Inox,Soluvel,Turno_1,,133.1,4.39,31.6,63.9,90.8,54.0,3,6.35,3146,CLP-67E25,1
PEC-82457,Fresadora,Aco_Inox,Sintetico,Turno_1,2968.5,278.6,3.45,33.5,54.0,123.1,58.0,140,-12.42,4436,CLP-9AC38,1
PEC-82458, TORNO_CNC ,Aco_Inox,Soluvel,Turno_1,2700.3,317.1,4.0,40.9,74.1,132.4,51.7,93,15.46,9553,CLP-DB79B,1
PEC-82459, TORNO_CNC ,Aluminio,Soluvel,Turno_2,,277.8,4.38,51.1,76.3,88.8,50.9,44,0.41,9906,CLP-4CFFA,1
PEC-82460,Celula_Robotica,Aluminio,Soluvel,Turno_2,3646.0,249.6,2.01,7.9,86.8,130.6,33.2,77,0.05,7429,CLP-56750,1
PEC-82461,Centro_Usinagem,Aluminio,Semi_Sintetico,Turno_1,3533.3,250.7,3.25,9.9,64.7,148.5,40.9,3,-14.24,3175,CLP-E2B42,1
PEC-82462,Fresadora,Latao,Sintetico,Turno_3,3354.1,258.6,1.24,17.5,80.5,116.2,56.1,146,15.03,9557,CLP-23D1B,1
PEC-82463,torno_cnc,Latao,Soluvel,Turno_1,2816.2,257.1,2.71,27.8,55.2,131.1,40.6,58,4.67,3901,CLP-5BF26,0
PEC-82464,Fresadora,Aco_Inox,Soluvel,Turno_1,3292.4,247.0,1.34,18.0,60.5,104.9,53.8,72,-19.62,2421,CLP-91573,1
PEC-82465,Torno_CNC,Aco_Inox,Semi_Sintetico,Turno_1,3556.7,251.3,1.14,13.4,73.2,133.8,46.0,167,3.32,8022,CLP-1B30A,1
PEC-82466, TORNO_CNC ,Aluminio,Sintetico,Turno_1,2936.2,327.8,0.89,95.7,57.1,127.7,51.3,57,3.51,1822,CLP-53569,1
PEC-82467,Torno_CNC,Aco_Inox,Soluvel,Turno_3,3253.5,273.6,2.82,6.2,63.1,123.3,38.0,143,15.07,4427,CLP-E912A,1
PEC-82468, TORNO_CNC ,Aco_Carbono,Soluvel,Turno_1,3134.5,255.3,4.3,102.7,75.1,122.4,51.1,17,0.94,4136,CLP-CED5B,1
PEC-82469,torno_cnc,Aluminio,Soluvel,Turno_2,3948.1,283.0,0.99,88.2,64.9,125.9,39.9,97,7.83,7347,CLP-67B08,1
PEC-82470,Torno_CNC,Aluminio,Sintetico,Turno_3,3583.2,283.0,2.51,45.3,54.0,119.0,46.8,16,-4.62,5111,CLP-82B26,1
PEC-82471,Celula_Robotica,Aco_Carbono,Semi_Sintetico,Turno_2,3474.1,297.3,3.25,6.2,57.9,105.4,44.8,42,-16.15,9073,CLP-4DD6F,1
PEC-82472,Centro_Usinagem,Aco_Carbono,Soluvel,Turno_1,2427.5,212.2,2.48,13.9,61.7,117.8,54.5,100,-6.62,4896,CLP-1E262,1
PEC-82473,Fresadora,Aco_Inox,Soluvel,Turno_3,3277.8,226.0,4.15,140.4,72.1,119.3,51.7,64,16.02,2737,CLP-99CB8,1
PEC-82474,torno_cnc,Aco_Carbono,Seco,Turno_2,3130.2,209.3,1.17,87.7,61.1,102.4,30.9,120,16.48,7202,CLP-26B7B,1
PEC-82475,Centro_Usinagem,Aluminio,Sintetico,Turno_1,3126.4,288.3,0.6,121.9,35.6,118.3,38.5,4,-16.35,4263,CLP-AD113,0
PEC-82476,Torno_CNC,Aco_Inox,Sintetico,Turno_2,2496.5,285.9,2.03,199.3,74.4,119.1,39.9,150,-23.51,2579,CLP-A49A3,1
PEC-82477,Fresadora,Aco_Inox,Soluvel,Turno_3,2710.5,186.3,2.72,7.3,72.7,112.2,50.5,117,-9.46,1160,CLP-EB097,1
PEC-82478,Torno_CNC,Aluminio,Sintetico,Turno_2,3169.4,269.5,1.52,34.6,52.2,125.3,41.0,122,-20.61,8513,CLP-6E2D2,0
PEC-82479,Fresadora,Aco_Inox,Sintetico,Turno_2,3701.5,318.6,1.17,67.9,51.4,128.8,36.3,70,46.99,6008,CLP-6D7CA,1
PEC-82480,Torno_CNC,Aco_Inox,Soluvel,Turno_3,2934.3,238.2,3.72,,81.2,110.0,34.1,120,8.24,4801,CLP-EBACC,1
PEC-82481,Centro_Usinagem,Aluminio,Seco,Turno_2,3020.0,265.7,1.25,25.0,62.1,122.2,50.8,143,13.56,4124,CLP-E92CA,1
PEC-82482,Celula_Robotica,Aco_Carbono,Semi_Sintetico,Turno_1,4001.5,286.5,2.27,16.7,74.0,133.6,28.4,29,14.61,2045,CLP-65927,1
PEC-82483,Torno_CNC,Aco_Inox,Sintetico,Turno_1,3066.4,184.0,4.32,6.4,56.7,104.8,53.4,115,-9.05,8495,CLP-51B51,1
PEC-82484, TORNO_CNC ,Aco_Inox,Sintetico,Turno_2,3142.0,257.6,2.95,7.6,72.9,95.1,34.7,83,-25.31,1322,CLP-9CCFD,1
PEC-82485,Celula_Robotica,Aco_Carbono,Soluvel,Turno_1,3148.1,313.6,2.49,5.8,53.9,105.9,41.4,67,15.48,3302,CLP-30B03,1
PEC-82486, TORNO_CNC ,Aco_Inox,Soluvel,Turno_3,2594.5,220.3,1.94,31.2,70.1,127.9,35.7,32,-7.28,9204,CLP-9385B,1
PEC-82487,Centro_Usinagem,Latao,Soluvel,Turno_2,3457.3,291.6,2.58,,69.3,113.1,37.6,33,17.41,5083,CLP-3DD3E,0
PEC-82488,torno_cnc,Aluminio,Semi_Sintetico,Turno_2,2906.2,251.4,3.44,17.9,40.2,101.4,43.2,99,-28.49,1940,CLP-633BF,0
PEC-82489, TORNO_CNC ,Aco_Inox,Soluvel,Turno_2,3186.5,216.3,3.79,66.2,66.5,139.0,43.9,83,-8.89,4045,CLP-3A6C4,1
PEC-82490,Torno_CNC,Aco_Inox,Semi_Sintetico,Turno_2,3400.0,245.2,3.1,81.6,56.4,102.3,32.6,1,-2.93,2786,CLP-88D83,1
PEC-82491,Torno_CNC,Aco_Inox,Soluvel,Turno_1,4074.2,223.7,3.66,10.3,78.1,117.4,41.8,80,4.88,2318,CLP-7B891,1
PEC-82492,Fresadora,Aco_Inox,Sintetico,Turno_1,2607.0,205.6,0.85,6.9,67.8,131.0,45.8,65,-6.73,4017,CLP-F2803,0
PEC-82493, TORNO_CNC ,Aco_Inox,Sintetico,Turno_2,3589.2,237.3,0.56,18.5,62.0,130.1,48.7,154,2.6,2191,CLP-9981A,1
PEC-82494,torno_cnc,Aluminio,Sintetico,Turno_3,3590.9,253.4,3.44,48.7,83.2,126.3,28.7,171,-5.51,8090,CLP-E8F45,1
PEC-82495, TORNO_CNC ,Aco_Inox,Semi_Sintetico,Turno_2,2912.8,241.7,1.55,29.8,42.2,110.0,41.2,27,29.65,6084,CLP-85E13,0
PEC-82496,torno_cnc,Aluminio,Seco,Turno_1,3469.8,236.7,4.01,28.4,88.1,128.4,28.6,54,9.11,6469,CLP-4C69F,1
PEC-82497,Centro_Usinagem,Aluminio,Soluvel,Turno_1,3939.5,261.3,2.64,10.8,87.5,120.2,40.9,46,28.31,6730,CLP-7D23A,1
PEC-82498,Celula_Robotica,Aco_Inox,Soluvel,Turno_3,2855.8,276.6,2.41,20.2,60.3,126.1,41.6,25,6.72,1505,CLP-DA052,1
PEC-82499, TORNO_CNC ,Aco_Inox,Soluvel,Turno_3,3308.7,192.8,3.59,116.7,75.7,140.6,50.0,19,9.72,5582,CLP-CB49D,1
PEC-82500,Centro_Usinagem,Aco_Inox,Sintetico,Turno_1,3382.2,237.4,3.46,19.6,70.8,102.1,52.8,137,-15.05,5012,CLP-6375E,1
PEC-82501,Fresadora,Aco_Inox,Soluvel,Turno_2,3440.4,151.3,3.32,36.3,35.2,125.8,36.8,158,8.88,9804,CLP-4CE27,1
PEC-82502,torno_cnc,Aco_Carbono,Sintetico,Turno_2,3546.2,241.9,3.26,7.1,63.7,122.1,47.4,173,-2.72,7601,CLP-6BA01,1
PEC-82503,Celula_Robotica,Aco_Inox,Soluvel,Turno_2,3274.8,257.5,2.56,7.3,49.8,134.2,50.2,139,31.95,7362,CLP-20FEE,1
PEC-82504,Torno_CNC,Aco_Carbono,Sintetico,Turno_3,3431.0,278.5,4.21,24.3,48.7,146.7,39.0,163,-3.66,2741,CLP-E0254,1
PEC-82505,Torno_CNC,Aluminio,Semi_Sintetico,Turno_1,2789.8,257.7,4.06,37.4,61.6,146.2,51.2,145,22.43,7601,CLP-646A6,1
PEC-82506,Centro_Usinagem,Aluminio,Sintetico,Turno_2,3273.8,277.4,1.82,21.3,62.0,132.5,46.1,58,-39.93,1673,CLP-E1563,1
PEC-82507, TORNO_CNC ,Aluminio,Sintetico,Turno_1,2985.6,253.3,3.72,11.9,79.6,111.0,42.8,28,-1.03,9726,CLP-C8B88,1
PEC-82508,Centro_Usinagem,Aco_Carbono,Soluvel,Turno_1,2646.6,216.2,4.06,51.6,56.0,113.7,46.1,98,0.67,6998,CLP-C7B4E,1
PEC-82509,Centro_Usinagem,Aco_Inox,Soluvel,Turno_2,2970.9,194.2,2.97,10.3,60.3,130.8,32.4,130,3.45,4779,CLP-40282,1
PEC-82510,Torno_CNC,Aco_Inox,Sintetico,Turno_1,3321.3,236.8,2.72,,81.4,100.7,46.1,77,0.44,6300,CLP-DDCCF,1
PEC-82511,Centro_Usinagem,Aluminio,Soluvel,Turno_2,3396.1,211.7,3.19,114.9,62.8,116.5,38.2,21,24.77,1346,CLP-826F6,1
PEC-82512, TORNO_CNC ,Aco_Inox,Seco,Turno_1,2629.2,244.0,1.15,27.3,58.8,108.9,45.2,170,11.06,8633,CLP-D0611,1
PEC-82513,torno_cnc,Aluminio,Seco,Turno_2,2778.0,225.4,0.85,12.8,75.3,102.3,41.8,117,0.98,5643,CLP-7FC3E,1
PEC-82514,Fresadora,Aluminio,Semi_Sintetico,Turno_1,3526.1,271.0,3.78,69.6,71.4,123.7,47.3,122,10.78,9432,CLP-1FDCF,1
PEC-82515,Celula_Robotica,Aluminio,Soluvel,Turno_2,3428.7,252.4,2.79,29.6,66.2,131.8,54.5,87,-10.23,3849,CLP-CE939,0
PEC-82516,Torno_CNC,Aluminio,Sintetico,Turno_2,3599.2,272.4,0.99,94.8,76.1,129.0,46.0,67,-4.61,4737,CLP-75BEF,1
PEC-82517, TORNO_CNC ,Aluminio,Soluvel,Turno_3,3815.5,272.1,2.17,49.6,50.0,121.8,53.0,19,-2.11,8990,CLP-793CA,1
PEC-82518,Fresadora,Aco_Carbono,Soluvel,Turno_3,,241.0,1.69,24.7,58.0,114.7,36.8,5,7.75,1574,CLP-746D1,0
PEC-82519,Fresadora,Aco_Carbono,Soluvel,Turno_1,3013.3,244.1,4.0,38.6,89.0,112.1,56.5,34,-36.38,1325,CLP-7F756,1
PEC-82520,Fresadora,Aluminio,Soluvel,Turno_1,3251.7,275.1,2.53,11.5,28.6,133.1,36.9,51,5.8,8981,CLP-E2334,0
PEC-82521,Torno_CNC,Aluminio,Soluvel,Turno_2,3947.0,372.3,2.81,22.1,56.9,112.3,35.0,170,-8.63,9740,CLP-1CD2C,1
PEC-82522,Torno_CNC,Aco_Carbono,Soluvel,Turno_2,4444.0,200.5,1.44,36.5,50.8,111.9,42.8,43,13.12,1790,CLP-8E7D5,0
PEC-82523, TORNO_CNC ,Aluminio,Seco,Turno_1,3408.4,252.1,3.7,36.2,65.9,126.2,41.4,33,13.77,9171,CLP-7CED2,1
PEC-82524,Centro_Usinagem,Aluminio,Soluvel,Turno_1,3441.0,190.2,4.22,36.0,72.3,105.3,32.3,73,-0.37,8686,CLP-239A4,1
PEC-82525,Torno_CNC,Aco_Carbono,Seco,Turno_2,3526.6,249.0,3.67,52.6,78.3,121.3,36.0,67,-30.4,4499,CLP-D9C6A,1
PEC-82526,Torno_CNC,Aluminio,Soluvel,Turno_3,3210.7,216.3,2.47,8.9,60.1,112.1,16.2,94,-3.59,4502,CLP-ECE0D,1
PEC-82527,Celula_Robotica,Aco_Inox,Soluvel,Turno_3,3723.7,244.0,3.84,7.7,53.9,109.9,34.2,21,-18.86,8760,CLP-DB3D3,1
PEC-82528,Torno_CNC,Aco_Carbono,Sintetico,Turno_1,3653.6,257.8,1.25,10.6,47.6,116.3,39.7,147,-1.03,5747,CLP-3F7A0,1
PEC-82529,Celula_Robotica,Aco_Inox,Sintetico,Turno_1,3359.5,225.5,0.95,60.0,65.6,131.3,56.9,110,2.37,8769,CLP-3A3A9,1
PEC-82530,Fresadora,Aco_Carbono,Soluvel,Turno_1,3056.9,160.8,2.25,7.3,90.5,122.7,50.7,63,-1.76,1583,CLP-8D671,1
PEC-82531,Centro_Usinagem,Aco_Carbono,Soluvel,Turno_2,2515.7,321.3,1.23,13.9,57.9,124.4,47.6,67,-4.22,6128,CLP-CC76D,1
PEC-82532,Torno_CNC,Latao,Soluvel,Turno_3,3529.6,292.0,1.54,15.3,64.1,131.4,62.3,11,-0.16,4807,CLP-62F47,1
PEC-82533,Torno_CNC,Aco_Inox,Soluvel,Turno_3,3295.8,243.5,2.84,41.5,66.6,129.4,30.7,153,-4.07,9711,CLP-64765,1
PEC-82534,Fresadora,Aluminio,Sintetico,Turno_2,2868.0,205.3,2.12,23.0,59.9,117.3,44.5,39,20.39,3843,CLP-28D36,0
PEC-82535,Centro_Usinagem,Aluminio,Sintetico,Turno_1,2691.5,254.3,3.96,12.8,82.1,128.3,61.3,123,12.91,3978,CLP-D063A,1
PEC-82536,Fresadora,Aco_Inox,Soluvel,Turno_1,3497.6,268.0,1.4,25.9,79.5,117.5,40.9,60,-9.8,2044,CLP-69EE1,1
PEC-82537,Torno_CNC,Aco_Inox,Semi_Sintetico,Turno_3,2479.4,288.5,4.49,45.5,74.8,126.6,38.4,173,-23.14,7176,CLP-68230,1
PEC-82538,Fresadora,Aluminio,Soluvel,Turno_1,3334.8,293.1,1.94,59.0,76.5,135.6,51.5,1,22.58,7085,CLP-6D1F8,1
PEC-82539,Fresadora,Aluminio,Sintetico,Turno_1,3579.6,302.5,2.56,9.6,56.8,127.8,40.5,123,6.37,1073,CLP-2D3BC,1
PEC-82540,Fresadora,Aco_Inox,Semi_Sintetico,Turno_2,3447.5,163.0,1.03,48.9,51.2,101.3,55.1,175,-13.11,3808,CLP-C0DA1,1
PEC-82541,Fresadora,Aluminio,Seco,Turno_2,3024.2,234.8,2.82,,56.9,112.5,51.7,50,-25.15,9117,CLP-A51EA,1
PEC-82542,Centro_Usinagem,Aco_Carbono,Soluvel,Turno_3,2637.8,299.7,4.35,50.1,68.4,129.7,43.5,128,-2.98,5813,CLP-3EC13,1
PEC-82543,Fresadora,Aco_Carbono,Sintetico,Turno_1,3464.2,203.8,3.5,42.9,61.1,87.7,52.8,71,0.22,3433,CLP-3766E,1
PEC-82544,Torno_CNC,Latao,Soluvel,Turno_2,3740.2,311.0,1.48,27.1,71.8,124.9,43.1,145,5.58,8072,CLP-95E63,1
PEC-82545, TORNO_CNC ,Aluminio,Sintetico,Turno_2,2942.3,340.5,2.27,10.2,66.3,124.0,46.1,31,15.61,1230,CLP-83F18,0
PEC-82546,Torno_CNC,Latao,Soluvel,Turno_3,3428.1,309.6,2.2,,48.9,160.9,49.7,155,-3.47,8985,CLP-53941,1
PEC-82547, TORNO_CNC ,Aco_Carbono,Soluvel,Turno_3,3911.7,283.1,0.89,7.6,79.9,126.5,41.9,102,-9.89,2580,CLP-ADA81,1
PEC-82548, TORNO_CNC ,Aco_Inox,Semi_Sintetico,Turno_3,3352.5,227.6,4.04,84.1,58.9,118.4,57.1,159,11.32,3338,CLP-8D651,1
PEC-82549,Torno_CNC,Aco_Inox,Soluvel,Turno_1,3021.4,264.1,2.03,57.0,74.4,137.5,45.6,112,-5.73,6404,CLP-74388,1
PEC-82550,Torno_CNC,Aluminio,Semi_Sintetico,Turno_3,3668.4,182.7,2.48,,54.8,114.8,47.3,90,7.4,8724,CLP-67842,1
PEC-82551,Torno_CNC,Aluminio,Semi_Sintetico,Turno_2,2868.1,210.9,1.66,,54.4,120.6,34.5,146,-5.82,5347,CLP-780FE,1
PEC-82552,Centro_Usinagem,Aluminio,Sintetico,Turno_1,2615.8,214.5,1.11,7.4,53.9,121.3,39.8,108,5.42,9796,CLP-5DD40,0
PEC-82553,Celula_Robotica,Aluminio,Soluvel,Turno_1,3565.5,253.1,4.11,166.0,47.8,129.0,46.3,73,-11.92,7140,CLP-82541,1
PEC-82554,Torno_CNC,Aco_Carbono,Soluvel,Turno_2,3017.2,230.4,0.65,73.5,48.1,106.2,51.9,92,8.34,6228,CLP-BC8F6,1
PEC-82555,Celula_Robotica,Aluminio,Seco,Turno_1,3057.6,263.1,2.1,29.8,69.6,132.5,56.3,176,11.43,6665,CLP-9F510,1
PEC-82556,torno_cnc,Aco_Inox,Soluvel,Turno_3,2917.9,293.9,3.42,49.5,53.9,112.1,36.5,26,10.5,2428,CLP-2F4BA,1
PEC-82557,Torno_CNC,Aco_Carbono,Sintetico,Turno_2,2987.2,214.5,1.74,,69.2,150.9,38.4,117,-0.63,4344,CLP-DEA45,1
PEC-82558,Torno_CNC,Aco_Inox,Sintetico,Turno_1,3831.4,257.4,2.28,67.0,66.2,97.3,35.2,112,2.28,7709,CLP-40AD6,1
PEC-82559,torno_cnc,Latao,Seco,Turno_2,3948.1,229.2,2.76,15.3,75.6,108.6,48.9,96,-1.93,2301,CLP-AC960,1
PEC-82560,Fresadora,Aco_Inox,Semi_Sintetico,Turno_1,4007.7,259.5,4.48,21.3,52.8,89.6,56.3,29,-4.5,2034,CLP-BC4F7,0
PEC-82561,Fresadora,Latao,Sintetico,Turno_2,3690.6,284.3,3.53,61.3,77.7,164.5,43.7,99,-23.58,1837,CLP-6DFD7,1
PEC-82562,Torno_CNC,Aco_Inox,Soluvel,Turno_2,3409.8,296.1,4.37,56.3,54.1,101.6,45.5,56,-27.22,8787,CLP-8894E,1
PEC-82563,Torno_CNC,Aco_Inox,Soluvel,Turno_3,2555.5,283.5,3.27,30.9,32.1,131.4,46.1,91,-4.84,5104,CLP-2CE71,0
PEC-82564, TORNO_CNC ,Aco_Inox,Soluvel,Turno_2,3115.6,270.7,1.58,22.7,67.3,130.9,41.2,58,-12.62,5845,CLP-B066D,1
PEC-82565,Torno_CNC,Aco_Carbono,Semi_Sintetico,Turno_3,4170.5,179.0,1.65,126.0,54.5,106.4,35.2,68,-21.54,6070,CLP-BBF42,1
PEC-82566,Torno_CNC,Aco_Carbono,Sintetico,Turno_3,3004.0,195.9,3.79,23.8,83.0,131.6,53.5,31,-0.95,2786,CLP-C3ADB,1
PEC-82567,Torno_CNC,Aluminio,Semi_Sintetico,Turno_2,3881.4,208.8,2.21,55.5,68.6,104.0,46.2,98,28.06,1846,CLP-68DA5,1
PEC-82568,Centro_Usinagem,Latao,Sintetico,Turno_2,3224.8,267.9,1.98,23.6,64.0,107.8,40.6,174,-16.59,4329,CLP-A5722,1
PEC-82569,Celula_Robotica,Aluminio,Sintetico,Turno_2,1994.8,185.4,4.28,18.0,67.4,96.6,69.0,141,24.54,9188,CLP-33DFF,1
PEC-82570, TORNO_CNC ,Aluminio,Soluvel,Turno_1,3488.2,266.9,0.55,40.9,59.0,130.0,45.0,65,-9.69,3212,CLP-B1B63,1
PEC-82571,Centro_Usinagem,Aco_Carbono,Soluvel,Turno_3,,263.2,2.6,62.7,85.2,90.6,31.3,34,9.86,3776,CLP-3ABCC,1
PEC-82572,Torno_CNC,Aco_Inox,Soluvel,Turno_3,3178.0,153.2,3.6,144.4,9999.0,125.9,50.2,31,-18.31,3827,CLP-E40E2,1
PEC-82573, TORNO_CNC ,Aco_Inox,Sintetico,Turno_1,3754.9,195.6,3.44,10.6,70.6,118.1,30.3,170,20.06,8144,CLP-EE262,1
PEC-82574,Torno_CNC,Latao,Soluvel,Turno_3,2449.5,302.2,1.97,78.1,55.2,146.1,48.7,118,-3.43,1210,CLP-A4C30,1
PEC-82575,Fresadora,Latao,Sintetico,Turno_1,2576.5,284.9,2.64,31.0,65.0,120.5,48.5,61,18.39,7231,CLP-42AC5,1
PEC-82576,Celula_Robotica,Latao,Sintetico,Turno_3,3292.2,207.5,0.52,9.0,50.2,132.7,56.0,91,0.73,4165,CLP-55A60,0
PEC-82577,Fresadora,Latao,Soluvel,Turno_1,3414.7,198.3,2.64,60.4,67.7,127.7,37.0,90,-10.86,3798,CLP-51C61,1
PEC-82578, TORNO_CNC ,Aco_Inox,Soluvel,Turno_3,3810.5,127.5,2.86,19.1,65.8,118.5,42.7,143,-23.99,9351,CLP-57120,1
PEC-82579,Fresadora,Aco_Carbono,Soluvel,Turno_2,3487.5,323.6,4.0,75.9,71.6,136.7,44.4,27,14.32,3653,CLP-5AEAA,1
PEC-82580,Torno_CNC,Aluminio,Soluvel,Turno_2,2662.9,252.1,1.34,,70.6,125.7,51.9,42,1.9,6776,CLP-628DD,1
PEC-82581,Centro_Usinagem,Latao,Sintetico,Turno_1,3295.9,344.2,3.8,48.5,65.3,133.5,48.5,64,-3.18,3195,CLP-90DA8,1
PEC-82582,torno_cnc,Aluminio,Soluvel,Turno_1,3470.3,240.4,3.37,17.5,89.5,106.1,49.2,167,-21.71,2842,CLP-1F124,1
PEC-82583, TORNO_CNC ,Aluminio,Semi_Sintetico,Turno_1,2356.6,264.1,3.16,15.4,64.8,127.9,54.8,120,3.06,8412,CLP-A2DD8,1
PEC-82584,torno_cnc,Aluminio,Semi_Sintetico,Turno_3,3180.4,294.6,2.08,6.8,65.5,132.0,43.2,129,2.96,8699,CLP-E649B,1
PEC-82585,Fresadora,Aco_Inox,Soluvel,Turno_1,3049.0,331.9,1.97,28.0,64.0,103.7,56.7,94,-20.11,9195,CLP-B3FC0,1
PEC-82586,Torno_CNC,Aco_Inox,Sintetico,Turno_2,2905.4,275.1,3.31,22.4,67.4,118.9,44.3,76,16.7,1181,CLP-DF245,1
PEC-82587,Fresadora,Aco_Carbono,Sintetico,Turno_3,3424.4,250.1,4.46,7.2,61.6,93.9,52.2,9,-16.62,3994,CLP-31C57,1
PEC-82588,Torno_CNC,Aco_Carbono,Sintetico,Turno_3,2682.6,251.4,2.12,14.0,60.6,96.2,41.0,31,-6.24,8690,CLP-C121E,1
PEC-82589,Fresadora,Aco_Inox,Soluvel,Turno_1,3387.6,197.7,4.17,28.4,74.0,119.1,49.8,49,-31.94,6737,CLP-52405,1
PEC-82590,Centro_Usinagem,Aco_Carbono,Soluvel,Turno_3,3451.8,230.9,2.85,62.8,64.4,147.0,54.3,168,-0.93,5839,CLP-B3496,1
PEC-82591,Centro_Usinagem,Aluminio,Soluvel,Turno_1,3687.7,252.6,3.97,97.8,77.6,148.2,36.3,3,-10.49,9955,CLP-61272,1
PEC-82592,torno_cnc,Aluminio,Soluvel,Turno_2,2694.5,319.1,1.37,30.4,42.3,115.4,52.6,145,16.17,7481,CLP-A4597,0
PEC-82593,torno_cnc,Aco_Inox,Semi_Sintetico,Turno_2,,228.5,3.55,23.1,83.3,105.7,46.4,162,-11.98,9976,CLP-D0ABD,1
PEC-82594,Torno_CNC,Aco_Carbono,Sintetico,Turno_1,3325.5,303.1,3.84,113.3,75.7,133.9,61.3,170,-6.59,9992,CLP-5079C,1
PEC-82595,Fresadora,Aco_Carbono,Seco,Turno_1,3071.2,245.9,3.83,120.3,64.4,89.9,42.9,160,21.81,2520,CLP-4C040,1
PEC-82596,Torno_CNC,Aluminio,Soluvel,Turno_2,4506.2,312.2,3.64,12.4,64.1,114.0,47.3,167,6.03,3588,CLP-8431E,1
PEC-82597, TORNO_CNC ,Aluminio,Soluvel,Turno_2,3406.3,283.8,1.72,31.5,72.7,108.8,43.8,105,-6.41,4134,CLP-49085,1
PEC-82598,Torno_CNC,Aco_Inox,Sintetico,Turno_3,3226.2,280.5,2.59,65.2,52.7,118.7,50.3,171,-21.09,1488,CLP-577F4,1
PEC-82599,Torno_CNC,Aluminio,Soluvel,Turno_1,3122.2,298.9,1.7,,65.5,140.6,27.5,11,0.7,8695,CLP-DD863,1
PEC-82600,Fresadora,Aco_Inox,Soluvel,Turno_3,2651.9,291.7,1.87,45.4,66.9,81.2,33.7,8,-10.05,7313,CLP-D029A,0
PEC-82601,Torno_CNC,Aco_Inox,Sintetico,Turno_2,3453.7,303.2,1.7,27.3,40.5,124.7,50.3,35,-4.14,8108,CLP-4329E,0
PEC-82602,Fresadora,Aluminio,Soluvel,Turno_3,3164.4,356.6,1.64,23.1,69.2,125.1,45.2,27,-0.47,1286,CLP-89A35,0
PEC-82603,Torno_CNC,Latao,Sintetico,Turno_2,3164.8,330.8,3.27,62.5,48.8,119.1,29.0,93,29.01,8562,CLP-A31B6,1
PEC-82604,Torno_CNC,Aluminio,Soluvel,Turno_3,3242.5,273.3,3.1,,78.0,124.4,39.9,73,-11.48,3177,CLP-4F484,1
PEC-82605,torno_cnc,Aco_Inox,Sintetico,Turno_1,3299.5,227.9,1.32,24.6,81.1,127.7,41.9,73,1.73,4021,CLP-34C68,1
PEC-82606,Torno_CNC,Aluminio,Semi_Sintetico,Turno_2,2417.3,268.3,3.27,34.3,83.1,122.4,41.1,145,-16.08,5804,CLP-A5A35,1
PEC-82607,Torno_CNC,Aco_Carbono,Soluvel,Turno_1,3576.7,153.7,1.66,67.4,61.1,89.5,52.5,130,15.55,8291,CLP-50A5C,1
PEC-82608,Fresadora,Aco_Carbono,Seco,Turno_1,,291.4,1.31,21.4,61.0,106.7,55.1,150,-3.9,8375,CLP-866C3,1
PEC-82609,Torno_CNC,Aco_Carbono,Sintetico,Turno_2,3137.9,197.0,3.49,32.8,41.3,144.0,27.1,61,-17.62,3768,CLP-66C9A,0
PEC-82610,Centro_Usinagem,Aluminio,Seco,Turno_2,3778.7,306.1,1.95,,73.2,102.5,44.0,2,-5.43,2136,CLP-9919B,1
PEC-82611,Torno_CNC,Aco_Carbono,Soluvel,Turno_1,4000.8,349.0,2.78,68.5,46.9,121.2,45.9,90,14.98,8560,CLP-37720,1
PEC-82612,Torno_CNC,Aco_Inox,Sintetico,Turno_2,2434.8,177.5,1.3,58.9,47.6,109.2,33.1,145,-20.9,4038,CLP-B8BEB,1
PEC-82613,Fresadora,Aco_Inox,Soluvel,Turno_2,3213.6,247.5,2.95,65.0,61.4,128.9,55.0,150,14.66,6687,CLP-A6A7F,1
PEC-82614,Torno_CNC,Aco_Inox,Semi_Sintetico,Turno_1,3322.8,196.8,1.33,7.1,51.7,117.0,48.0,161,-12.45,3037,CLP-51BE2,0
PEC-82615,Torno_CNC,Aluminio,Sintetico,Turno_2,2521.6,163.6,1.17,28.4,53.5,129.8,51.8,55,2.52,2658,CLP-37638,0
PEC-82616, TORNO_CNC ,Latao,Soluvel,Turno_2,3561.2,244.7,2.05,10.1,65.6,125.7,41.4,170,19.25,1673,CLP-69272,1
PEC-82617,Torno_CNC,Aco_Carbono,Seco,Turno_1,3252.3,281.8,3.66,44.2,75.6,114.2,38.8,40,3.87,1896,CLP-A3D64,1
PEC-82618,Centro_Usinagem,Aco_Inox,Soluvel,Turno_3,3287.4,287.7,1.21,18.1,71.5,86.6,40.4,76,2.47,4088,CLP-7E0FC,1
PEC-82619,Torno_CNC,Aco_Inox,Soluvel,Turno_2,2787.1,257.7,0.97,,67.3,107.0,44.1,17,-2.67,1353,CLP-997F0,1
PEC-82620,Fresadora,Aco_Inox,Sintetico,Turno_3,3385.8,166.8,0.63,7.4,78.8,101.9,41.6,33,-20.29,3607,CLP-C0052,1
PEC-82621,Centro_Usinagem,Aco_Inox,Sintetico,Turno_1,3577.2,256.2,2.16,30.2,66.5,101.8,52.2,167,3.49,9048,CLP-8CFB5,1
PEC-82622, TORNO_CNC ,Aluminio,Soluvel,Turno_3,3257.3,175.4,1.63,9.6,58.7,127.6,66.3,112,4.87,1070,CLP-6B458,1
PEC-82623,Centro_Usinagem,Latao,Soluvel,Turno_1,2968.7,178.7,1.67,33.6,55.8,150.4,49.7,113,-3.67,5442,CLP-28CFD,1
PEC-82624, TORNO_CNC ,Latao,Seco,Turno_2,3003.8,200.2,4.43,37.7,71.6,83.0,29.4,153,-27.13,7460,CLP-B8A4A,1
PEC-82625,Celula_Robotica,Aluminio,Sintetico,Turno_1,3299.2,302.5,1.28,26.7,51.8,97.4,46.2,58,-3.03,8857,CLP-97987,0
PEC-82626,Torno_CNC,Aco_Carbono,Soluvel,Turno_3,3222.0,277.3,2.33,16.5,69.2,123.5,35.5,96,-8.89,9627,CLP-3CF57,1
PEC-82627,Fresadora,Aluminio,Soluvel,Turno_2,3607.2,266.1,4.45,6.2,59.9,116.2,41.7,78,-22.04,2885,CLP-F0034,1
PEC-82628, TORNO_CNC ,Aco_Inox,Seco,Turno_1,2983.9,206.9,0.62,43.0,54.9,126.8,44.7,96,-2.02,5985,CLP-24926,1
PEC-82629, TORNO_CNC ,Aluminio,Sintetico,Turno_1,2651.7,230.6,3.29,76.5,54.7,119.3,42.9,174,-14.33,6408,CLP-4C608,1
PEC-82630,Fresadora,Aluminio,Seco,Turno_1,3361.7,181.5,1.98,51.3,76.6,139.8,36.7,96,-0.83,8545,CLP-23D0D,1
PEC-82631,Fresadora,Aco_Carbono,Soluvel,Turno_1,2985.1,318.2,4.12,83.2,54.7,128.6,49.2,134,-4.71,2349,CLP-4CE33,1
PEC-82632,Torno_CNC,Aco_Inox,Sintetico,Turno_2,3552.7,359.9,4.15,97.8,61.6,133.2,29.0,94,-9.37,5734,CLP-542DF,1
PEC-82633,Torno_CNC,Aco_Inox,Sintetico,Turno_2,3203.4,277.8,2.05,25.9,59.4,135.3,48.1,34,-18.75,6550,CLP-56891,1
PEC-82634,Fresadora,Aco_Inox,Soluvel,Turno_3,3494.7,286.6,1.39,46.9,77.7,102.1,37.8,140,21.87,8999,CLP-72C2D,1
PEC-82635,Fresadora,Latao,Sintetico,Turno_3,2743.6,242.1,2.21,22.7,83.5,128.8,47.2,118,15.04,8057,CLP-60DAF,1
PEC-82636,Celula_Robotica,Aluminio,Sintetico,Turno_2,3264.5,169.0,4.36,93.2,75.9,129.6,34.2,48,-13.1,9555,CLP-96C2F,1
PEC-82637,Fresadora,Aco_Carbono,Soluvel,Turno_1,2885.3,207.8,1.63,34.0,60.5,114.9,46.9,50,1.59,7497,CLP-E232E,1
PEC-82638,Celula_Robotica,Aco_Carbono,Semi_Sintetico,Turno_1,,226.7,4.43,53.9,69.1,114.8,56.0,110,5.62,2315,CLP-4D462,1
PEC-82639,Fresadora,Aco_Inox,Semi_Sintetico,Turno_2,2812.5,230.7,3.78,5.5,54.1,115.2,40.2,149,6.96,1921,CLP-791A4,1
PEC-82640,Torno_CNC,Aluminio,Semi_Sintetico,Turno_2,2955.0,219.2,1.57,35.0,67.5,106.8,40.1,46,5.13,5652,CLP-50224,1
PEC-82641,Torno_CNC,Aco_Carbono,Semi_Sintetico,Turno_2,3760.1,252.4,3.66,52.4,43.9,99.3,48.5,39,3.12,6060,CLP-EB9CC,1
PEC-82642,Fresadora,Aluminio,Soluvel,Turno_3,2943.1,207.5,0.7,15.4,67.8,152.2,46.7,59,13.88,2100,CLP-3CCF8,1
PEC-82643,Fresadora,Latao,Soluvel,Turno_3,2627.8,358.4,2.69,5.5,64.3,136.2,33.9,9,-27.85,2814,CLP-CF403,0
PEC-82644,Torno_CNC,Aco_Inox,Semi_Sintetico,Turno_1,3259.2,181.7,1.93,52.6,70.3,120.4,53.9,115,-4.28,7718,CLP-25A7A,1
PEC-82645, TORNO_CNC ,Aco_Inox,Soluvel,Turno_1,3213.1,294.4,2.21,19.4,64.9,98.0,51.5,101,21.82,7820,CLP-F029A,1
PEC-82646,Celula_Robotica,Aco_Carbono,Soluvel,Turno_3,2978.6,236.9,2.39,24.6,75.0,128.2,55.3,110,-17.56,7425,CLP-4DC7A,1
PEC-82647,torno_cnc,Aco_Carbono,Sintetico,Turno_3,3127.4,273.1,2.51,33.9,55.8,114.5,49.4,147,1.53,1681,CLP-F3C79,1
PEC-82648, TORNO_CNC ,Latao,Soluvel,Turno_1,3639.3,275.4,3.13,9.1,74.1,117.7,60.1,135,-21.92,2972,CLP-6A892,1
PEC-82649, TORNO_CNC ,Aluminio,Sintetico,Turno_2,3501.8,257.9,3.29,8.8,70.7,153.7,30.0,97,0.28,9181,CLP-CDC2D,1
PEC-82650,Torno_CNC,Latao,Soluvel,Turno_2,3462.9,193.3,4.4,,78.1,148.5,57.2,75,-23.04,4952,CLP-D6F0D,1
PEC-82651, TORNO_CNC ,Aco_Carbono,Soluvel,Turno_2,2667.3,233.4,3.55,19.5,78.9,84.5,41.9,74,-9.18,1231,CLP-5AFE0,1
PEC-82652, TORNO_CNC ,Aco_Carbono,Seco,Turno_1,4498.9,258.5,3.25,,53.6,125.5,40.6,78,-8.89,7733,CLP-8114B,1
PEC-82653,Torno_CNC,Aluminio,Semi_Sintetico,Turno_3,3673.1,255.3,2.07,6.7,71.2,122.5,39.3,21,11.56,6369,CLP-F3FB1,1
PEC-82654,Fresadora,Aco_Inox,Semi_Sintetico,Turno_2,3432.7,198.8,0.97,11.7,51.0,125.3,49.1,55,-8.81,1189,CLP-EDBE7,0
PEC-82655, TORNO_CNC ,Latao,Sintetico,Turno_1,2676.1,314.6,0.74,24.7,78.9,111.6,51.4,111,1.8,1980,CLP-27351,1
PEC-82656,Centro_Usinagem,Aluminio,Semi_Sintetico,Turno_2,3626.5,125.3,2.41,19.7,54.8,120.0,41.3,41,-4.8,4835,CLP-776FC,1
PEC-82657,Centro_Usinagem,Aluminio,Semi_Sintetico,Turno_2,2974.5,237.5,3.17,24.3,60.4,103.6,47.2,39,23.85,8979,CLP-64ECB,1
PEC-82658,Torno_CNC,Aluminio,Sintetico,Turno_3,3112.6,203.9,3.1,47.6,67.6,135.6,67.1,103,-22.8,8678,CLP-1F159,1
PEC-82659,Fresadora,Aluminio,Seco,Turno_1,2443.6,259.1,4.31,,73.9,135.1,39.6,27,-29.59,1163,CLP-C07F3,1
PEC-82660, TORNO_CNC ,Aluminio,Soluvel,Turno_3,2641.3,300.8,2.03,28.8,69.5,144.6,41.8,41,-8.28,8427,CLP-73B70,0
PEC-82661,Centro_Usinagem,Aco_Inox,Seco,Turno_1,3397.3,179.7,3.01,64.0,74.2,108.4,56.4,24,25.6,3036,CLP-B19CB,1
PEC-82662,Torno_CNC,Aco_Carbono,Soluvel,Turno_2,3652.8,367.7,4.05,73.2,65.1,124.0,32.4,60,-13.44,3088,CLP-6C0A0,1
PEC-82663,Fresadora,Aluminio,Sintetico,Turno_2,3508.2,260.1,2.12,36.3,67.9,150.7,47.0,78,14.7,2529,CLP-1E46E,1
PEC-82664,Fresadora,Aluminio,Soluvel,Turno_2,3492.9,269.1,2.41,9.4,43.8,109.9,25.7,178,0.2,8535,CLP-513A1,1
PEC-82665,Torno_CNC,Aco_Inox,Sintetico,Turno_2,3170.9,178.0,4.19,23.2,77.3,104.9,34.0,58,8.58,1312,CLP-31FA7,1
PEC-82666,Torno_CNC,Aco_Inox,Sintetico,Turno_3,3017.0,247.7,2.7,40.2,61.5,124.5,35.5,138,25.53,8873,CLP-A509B,1
PEC-82667,Fresadora,Aco_Inox,Seco,Turno_2,3330.0,298.6,3.7,7.3,59.8,137.5,38.0,96,10.94,9741,CLP-B497B,1
PEC-82668,Fresadora,Aco_Carbono,Seco,Turno_2,3569.6,260.5,4.24,5.7,88.2,110.0,35.0,115,22.54,6169,CLP-1E729,1
PEC-82669,Torno_CNC,Aco_Inox,Seco,Turno_1,3202.2,257.0,2.78,108.7,32.5,149.0,46.6,11,29.77,2242,CLP-7BFA8,1
PEC-82670,Fresadora,Latao,Soluvel,Turno_1,3744.6,247.4,0.94,50.8,66.1,106.3,56.2,94,-0.1,1251,CLP-DDBA6,1
PEC-82671, TORNO_CNC ,Aco_Inox,Seco,Turno_1,3103.2,181.1,3.79,10.8,38.1,129.9,61.3,114,-1.18,6824,CLP-B9342,0
PEC-82672,Fresadora,Aco_Inox,Soluvel,Turno_3,2758.9,180.8,3.77,25.6,69.1,109.9,36.8,58,15.18,6696,CLP-E7343,1
PEC-82673,Torno_CNC,Aco_Inox,Semi_Sintetico,Turno_3,3195.3,308.5,0.96,12.5,56.6,113.0,50.8,126,-15.43,7699,CLP-61C67,1
PEC-82674,Centro_Usinagem,Aco_Inox,Soluvel,Turno_3,3247.7,294.1,2.69,5.4,29.8,132.3,54.7,36,-2.78,2675,CLP-29869,0
PEC-82675,Torno_CNC,Aco_Carbono,Sintetico,Turno_1,3163.1,301.5,2.45,22.4,78.1,116.9,46.0,86,16.71,5196,CLP-34556,1
PEC-82676, TORNO_CNC ,Aco_Carbono,Seco,Turno_2,3776.3,208.9,3.89,41.6,49.5,97.2,50.7,122,25.48,7452,CLP-BC7A1,1
PEC-82677,Torno_CNC,Aluminio,Seco,Turno_1,3562.4,242.1,1.6,112.9,76.4,108.0,48.7,158,17.82,1700,CLP-55AB6,1
PEC-82678,Torno_CNC,Aco_Inox,Sintetico,Turno_3,2556.1,311.6,2.21,56.4,53.3,130.8,48.7,135,-0.39,4369,CLP-BB189,1
PEC-82679,torno_cnc,Aco_Inox,Semi_Sintetico,Turno_1,3890.5,188.6,2.92,14.2,59.4,126.0,39.1,97,9.79,7317,CLP-E13F3,1
PEC-82680,Torno_CNC,Aluminio,Soluvel,Turno_1,1966.4,306.5,2.57,,37.6,130.9,29.0,12,-9.43,5304,CLP-73076,0
PEC-82681,Centro_Usinagem,Latao,Sintetico,Turno_2,4168.0,220.7,4.32,30.7,70.1,111.0,42.2,165,8.39,4576,CLP-53F75,1
PEC-82682,Torno_CNC,Aco_Inox,Sintetico,Turno_1,3070.7,207.2,4.34,,58.1,104.1,38.9,81,-17.65,1143,CLP-EE9F4,1
PEC-82683, TORNO_CNC ,Aco_Carbono,Soluvel,Turno_2,3114.7,248.4,0.83,67.6,60.6,107.7,42.8,9,34.19,8015,CLP-1FC11,1
PEC-82684,Torno_CNC,Aluminio,Soluvel,Turno_2,3173.0,194.1,1.69,11.4,63.9,108.7,52.7,175,19.07,3813,CLP-2929E,1
PEC-82685,Torno_CNC,Aco_Inox,Soluvel,Turno_2,,155.2,0.53,17.0,45.2,119.3,56.5,74,5.62,9300,CLP-B9A8C,0
PEC-82686,Torno_CNC,Aluminio,Sintetico,Turno_3,3199.9,253.8,2.17,35.2,73.3,102.2,46.2,132,-6.63,9005,CLP-467FF,1
PEC-82687, TORNO_CNC ,Aco_Inox,Soluvel,Turno_1,3140.0,276.7,3.15,,58.2,136.0,35.5,91,18.43,7677,CLP-22613,1
PEC-82688, TORNO_CNC ,Aco_Carbono,Soluvel,Turno_2,3789.0,310.8,2.39,39.3,92.5,127.7,41.9,79,-23.13,2826,CLP-CDBB6,1
PEC-82689, TORNO_CNC ,Aco_Inox,Soluvel,Turno_3,3454.5,280.3,0.77,106.0,59.2,107.0,38.8,31,-17.97,9296,CLP-B948D,1
PEC-82690,torno_cnc,Aco_Carbono,Sintetico,Turno_2,2768.5,348.3,1.28,46.2,60.3,117.0,46.0,113,-16.13,9390,CLP-D20ED,0
PEC-82691,torno_cnc,Aco_Inox,Sintetico,Turno_1,3533.3,318.1,1.19,63.6,48.7,106.7,41.3,170,30.91,8412,CLP-A2544,1
PEC-82692,Torno_CNC,Latao,Sintetico,Turno_3,3435.8,286.9,2.54,25.2,45.6,117.8,52.2,12,-19.48,2822,CLP-B1E92,0
PEC-82693, TORNO_CNC ,Aco_Inox,Sintetico,Turno_1,2954.6,273.4,3.21,20.9,75.5,107.5,38.2,10,-17.37,2152,CLP-953BD,1
PEC-82694,Celula_Robotica,Aco_Carbono,Soluvel,Turno_1,3556.5,311.5,1.77,18.9,77.7,152.1,62.5,20,23.87,7803,CLP-5E3DE,1
PEC-82695,torno_cnc,Aco_Carbono,Soluvel,Turno_1,,139.3,1.02,42.8,58.2,96.1,33.2,113,-13.88,2364,CLP-E99BE,1
PEC-82696,Fresadora,Latao,Semi_Sintetico,Turno_1,3100.2,226.0,3.69,,66.5,101.0,47.4,59,-2.97,7344,CLP-A5772,1
PEC-82697,Torno_CNC,Aluminio,Soluvel,Turno_1,3088.0,157.1,3.93,27.4,79.9,116.4,32.1,151,14.49,9943,CLP-9CC49,1
PEC-82698,Fresadora,Aco_Carbono,Soluvel,Turno_1,2107.3,283.2,1.61,8.7,68.5,121.4,53.4,67,-15.26,5487,CLP-B0C15,1
PEC-82699,Fresadora,Aco_Inox,Sintetico,Turno_2,2963.0,212.9,2.18,44.2,70.8,121.5,45.4,135,11.62,3657,CLP-E80F7,0
PEC-82700,torno_cnc,Aco_Inox,Soluvel,Turno_1,3520.9,401.0,0.83,50.2,66.0,133.8,46.6,48,-3.37,3021,CLP-84203,1
PEC-82701,Celula_Robotica,Aluminio,Semi_Sintetico,Turno_1,3189.9,224.1,1.41,12.6,57.2,126.6,37.8,26,-39.15,2295,CLP-C1491,1
PEC-82702,Torno_CNC,Aco_Inox,Soluvel,Turno_2,2621.7,255.3,3.57,54.9,69.6,106.2,53.7,15,-3.22,5790,CLP-CD8D6,1
PEC-82703,Torno_CNC,Latao,Sintetico,Turno_1,3634.1,229.9,1.96,79.0,87.4,135.9,50.1,66,29.04,2049,CLP-AD9CE,1
PEC-82704,Fresadora,Aco_Inox,Soluvel,Turno_1,3065.6,225.6,2.92,11.7,58.8,129.4,40.6,140,-22.95,4156,CLP-E26FF,1
PEC-82705,Centro_Usinagem,Aluminio,Soluvel,Turno_2,2650.3,187.7,4.28,26.1,75.4,140.8,44.9,54,31.91,8780,CLP-E5320,1
PEC-82706,Torno_CNC,Aluminio,Soluvel,Turno_1,4192.7,186.0,3.39,78.1,67.2,120.8,37.9,95,1.29,5525,CLP-91FD7,1
PEC-82707,Torno_CNC,Aluminio,Semi_Sintetico,Turno_1,2726.1,141.0,2.31,28.4,57.9,136.4,37.2,134,-11.05,2333,CLP-6E7AA,1
PEC-82708,Torno_CNC,Aluminio,Seco,Turno_2,3595.8,277.3,1.97,64.1,75.7,79.2,40.1,71,-4.74,1252,CLP-290FB,1
PEC-82709,Torno_CNC,Aco_Inox,Soluvel,Turno_2,2853.8,228.8,1.26,13.5,74.3,112.7,42.8,47,29.15,1821,CLP-B857D,1
PEC-82710,Fresadora,Aluminio,Semi_Sintetico,Turno_2,3261.1,346.7,3.52,7.3,72.0,106.3,45.0,32,-18.91,9916,CLP-A16B8,1
PEC-82711,torno_cnc,Aco_Inox,Sintetico,Turno_3,2794.0,187.8,0.95,7.1,86.0,130.5,44.6,25,2.27,3381,CLP-6804A,0
PEC-82712,Torno_CNC,Latao,Seco,Turno_2,2642.3,323.8,0.75,130.6,87.0,108.9,38.1,117,-7.26,4272,CLP-A501B,1
PEC-82713, TORNO_CNC ,Aco_Carbono,Semi_Sintetico,Turno_2,3435.0,328.6,0.92,11.3,65.6,134.6,51.1,128,3.14,6805,CLP-F338C,1
PEC-82714,Torno_CNC,Latao,Soluvel,Turno_1,3382.4,313.9,1.47,,63.7,131.8,53.7,118,6.09,8514,CLP-18839,1
PEC-82715,Torno_CNC,Aco_Inox,Sintetico,Turno_3,3715.1,261.7,3.01,18.3,47.9,110.9,52.3,59,-3.73,9320,CLP-57A39,1
PEC-82716,Fresadora,Aco_Inox,Sintetico,Turno_1,3184.5,233.1,3.95,6.4,83.4,123.6,50.6,19,4.54,2067,CLP-BACA7,1
PEC-82717,Celula_Robotica,Aco_Inox,Soluvel,Turno_2,4199.2,313.8,4.47,14.7,64.1,116.8,25.0,121,-4.65,6763,CLP-D6888,1
PEC-82718,Centro_Usinagem,Aco_Inox,Soluvel,Turno_2,3320.8,210.4,3.43,29.6,57.7,121.7,37.0,103,-6.12,1542,CLP-96311,1
PEC-82719,Torno_CNC,Aco_Inox,Seco,Turno_2,3455.0,263.5,1.08,9.0,53.8,131.2,33.1,165,1.42,5878,CLP-C2063,1
PEC-82720,Centro_Usinagem,Aluminio,Seco,Turno_3,2588.7,247.8,1.61,94.4,53.7,115.1,30.8,48,0.34,6632,CLP-48E62,1
PEC-82721,Fresadora,Aco_Inox,Semi_Sintetico,Turno_3,2923.7,205.4,1.03,85.6,86.1,95.2,54.2,142,-2.2,6831,CLP-85F5A,1
PEC-82722,Fresadora,Aluminio,Seco,Turno_1,3433.9,263.9,0.96,10.7,75.8,128.9,58.6,26,9.97,5078,CLP-DF24A,1
PEC-82723, TORNO_CNC ,Aco_Carbono,Semi_Sintetico,Turno_1,3162.1,287.1,2.77,51.8,47.1,136.1,45.1,53,13.69,7906,CLP-A9A4A,1
PEC-82724, TORNO_CNC ,Aluminio,Soluvel,Turno_3,3284.5,203.5,4.13,26.6,47.6,94.5,48.8,135,15.67,9474,CLP-E0AAD,1
PEC-82725,Torno_CNC,Aco_Inox,Soluvel,Turno_2,2832.6,273.0,3.24,145.9,66.5,119.5,42.1,10,-14.3,1921,CLP-CF727,1
PEC-82726,Torno_CNC,Aco_Inox,Soluvel,Turno_2,3254.9,138.5,3.7,7.0,52.8,106.0,54.4,73,-0.6,6441,CLP-45DA2,1
PEC-82727,Torno_CNC,Aluminio,Soluvel,Turno_2,3253.3,197.5,2.53,27.3,62.0,136.9,47.2,4,-27.02,2036,CLP-3F076,1
PEC-82728,Torno_CNC,Aco_Inox,Soluvel,Turno_2,2668.8,227.1,2.4,16.8,83.6,137.7,40.8,118,-5.52,1989,CLP-DCE70,1
PEC-82729, TORNO_CNC ,Aluminio,Sintetico,Turno_3,3489.1,267.9,4.25,50.4,77.8,107.9,49.5,23,-4.0,7854,CLP-813C9,1
PEC-82730,Fresadora,Aco_Inox,Semi_Sintetico,Turno_2,2435.0,293.5,3.39,9.1,44.5,100.3,43.5,75,1.68,7742,CLP-B3142,1
PEC-82731, TORNO_CNC ,Aco_Carbono,Semi_Sintetico,Turno_2,3282.9,254.1,2.34,39.6,52.9,123.7,46.6,89,5.23,6031,CLP-979CC,1
PEC-82732,Torno_CNC,Aco_Carbono,Sintetico,Turno_2,3994.5,278.3,1.83,108.5,67.9,103.4,50.5,97,-6.32,8375,CLP-32012,1
PEC-82733,Celula_Robotica,Aluminio,Seco,Turno_3,3506.2,242.0,0.87,26.2,78.6,132.9,75.1,136,-4.63,7742,CLP-8F69D,0
PEC-82734,Celula_Robotica,Aco_Inox,Sintetico,Turno_2,3503.4,270.2,3.78,26.2,55.1,118.0,59.3,94,-10.88,9280,CLP-EE602,1
PEC-82735,Fresadora,Aco_Inox,Semi_Sintetico,Turno_2,2796.2,267.6,1.18,,69.4,144.1,46.2,117,-20.52,8302,CLP-3C171,1
PEC-82736,Celula_Robotica,Aco_Carbono,Soluvel,Turno_3,3996.1,224.5,2.56,23.8,59.5,144.7,37.5,67,6.02,7950,CLP-5B7A1,1
PEC-82737,torno_cnc,Aluminio,Soluvel,Turno_2,3819.5,232.2,3.05,25.8,86.0,143.3,27.0,115,12.07,5824,CLP-D90EC,1
PEC-82738,Celula_Robotica,Aco_Inox,Seco,Turno_1,2820.4,280.0,3.48,26.8,72.5,126.0,55.3,179,-21.0,1236,CLP-E9107,1
PEC-82739,Torno_CNC,Aco_Inox,Soluvel,Turno_2,2986.4,340.6,0.83,223.7,62.7,105.8,54.0,134,-16.88,3595,CLP-CE44F,1
PEC-82740, TORNO_CNC ,Aco_Inox,Sintetico,Turno_2,3764.6,310.3,0.54,9.3,47.1,97.8,40.0,166,-6.41,8885,CLP-ED760,1
PEC-82741,Torno_CNC,Aco_Carbono,Soluvel,Turno_1,4008.3,193.5,3.32,,52.3,128.9,44.3,20,-4.34,6841,CLP-60D66,1
PEC-82742,Torno_CNC,Aco_Inox,Sintetico,Turno_2,2630.9,193.7,2.32,13.3,34.7,130.0,46.7,121,-1.33,6251,CLP-576CF,1
PEC-82743,Torno_CNC,Aluminio,Seco,Turno_2,2748.3,223.2,1.22,32.5,68.3,123.9,49.8,141,16.97,9653,CLP-9D290,1
PEC-82744,Fresadora,Aluminio,Soluvel,Turno_2,3135.3,254.9,4.43,5.1,73.0,100.1,58.2,123,-15.7,7366,CLP-A3E6A,1
PEC-82745,Fresadora,Aluminio,Semi_Sintetico,Turno_3,2223.0,252.4,3.67,93.9,73.6,108.0,34.6,101,19.71,8701,CLP-52F66,1
PEC-82746,torno_cnc,Aco_Carbono,Soluvel,Turno_2,3208.6,312.0,2.81,,57.6,121.2,50.4,30,-23.81,3691,CLP-646D1,1
PEC-82747,Torno_CNC,Aco_Carbono,Soluvel,Turno_3,3733.6,314.8,3.31,,80.4,110.8,46.8,167,-2.64,7677,CLP-CF362,1
PEC-82748,Centro_Usinagem,Aluminio,Soluvel,Turno_1,2552.6,250.3,1.12,19.8,84.0,108.4,40.9,21,-2.39,4773,CLP-BF689,1
PEC-82749,Fresadora,Aco_Inox,Semi_Sintetico,Turno_1,3257.2,238.6,4.35,10.7,57.0,105.5,51.5,61,21.21,7096,CLP-B1A8E,1
PEC-82750, TORNO_CNC ,Aluminio,Soluvel,Turno_2,2938.2,275.8,4.49,12.5,79.2,118.0,44.1,19,-8.7,7024,CLP-B39E4,1
PEC-82751,Fresadora,Aluminio,Sintetico,Turno_2,3938.0,303.2,3.09,27.3,66.7,116.9,44.4,89,-3.91,9432,CLP-AC9B8,1
PEC-82752,Torno_CNC,Aluminio,Soluvel,Turno_1,2943.6,277.6,3.17,6.4,58.7,107.6,47.5,34,23.77,2517,CLP-88199,1
PEC-82753,Torno_CNC,Aluminio,Soluvel,Turno_1,,228.4,3.32,58.3,79.8,120.2,41.3,168,9.56,1698,CLP-9C5CD,1
PEC-82754,Centro_Usinagem,Aco_Inox,Semi_Sintetico,Turno_2,2931.1,219.4,3.16,59.7,50.5,123.7,50.2,4,-8.51,3061,CLP-9892B,1
PEC-82755,Torno_CNC,Aluminio,Soluvel,Turno_1,3547.0,194.5,2.25,47.4,47.2,125.3,41.8,141,18.69,6269,CLP-F1DA9,1
PEC-82756, TORNO_CNC ,Aco_Inox,Soluvel,Turno_2,3313.4,259.7,2.66,84.3,60.2,105.6,58.5,62,-8.63,6294,CLP-55231,1
PEC-82757,Centro_Usinagem,Aco_Carbono,Soluvel,Turno_3,3137.8,281.2,1.63,32.9,62.3,115.4,46.8,56,-15.12,5163,CLP-7900F,1
PEC-82758,Fresadora,Aco_Inox,Sintetico,Turno_3,2844.3,286.7,2.29,27.8,45.3,120.2,39.6,114,15.49,4943,CLP-19C83,1
PEC-82759,Torno_CNC,Aco_Carbono,Sintetico,Turno_1,,307.6,2.24,31.4,70.9,121.9,47.5,119,-11.2,7032,CLP-3B59E,1
PEC-82760,Torno_CNC,Aco_Inox,Soluvel,Turno_2,3001.8,324.0,1.65,12.0,55.6,100.0,52.9,139,-7.66,8649,CLP-5651F,1
PEC-82761,Torno_CNC,Aluminio,Soluvel,Turno_2,2889.6,181.3,3.65,30.1,49.3,114.9,32.4,165,12.01,5447,CLP-E485F,1
PEC-82762,Fresadora,Aco_Carbono,Soluvel,Turno_3,,270.2,2.14,32.3,72.8,128.9,55.1,63,14.68,5126,CLP-F3479,1
PEC-82763, TORNO_CNC ,Aco_Inox,Soluvel,Turno_3,3446.4,272.0,2.71,55.6,59.8,111.1,47.7,112,-16.76,6133,CLP-AED18,1
PEC-82764,Torno_CNC,Aco_Carbono,Semi_Sintetico,Turno_1,3489.6,246.3,1.12,20.0,77.7,125.3,44.8,148,15.41,1108,CLP-7C0FD,1
PEC-82765,Celula_Robotica,Aluminio,Semi_Sintetico,Turno_1,3023.8,208.6,2.4,,70.5,120.2,39.5,98,-11.51,6580,CLP-202B2,1
PEC-82766,torno_cnc,Aluminio,Sintetico,Turno_1,3116.3,322.2,3.55,36.8,62.6,113.1,47.8,61,-22.19,8782,CLP-9C01F,1
PEC-82767,Torno_CNC,Aco_Inox,Soluvel,Turno_1,3088.1,220.6,2.28,59.3,78.2,138.9,37.9,136,-1.78,1962,CLP-8A03B,1
PEC-82768,torno_cnc,Aluminio,Sintetico,Turno_2,3351.8,140.4,2.73,127.2,70.0,115.5,29.1,56,-9.54,1532,CLP-69695,1
PEC-82769,Fresadora,Aluminio,Semi_Sintetico,Turno_2,3488.8,251.0,3.31,8.3,64.8,116.8,39.3,170,4.13,3481,CLP-45C37,1
PEC-82770,Torno_CNC,Aluminio,Sintetico,Turno_1,3186.4,238.1,2.06,53.0,71.1,112.7,42.8,23,10.74,6246,CLP-C4188,1
PEC-82771,Torno_CNC,Aluminio,Semi_Sintetico,Turno_2,2843.3,342.9,1.91,,71.5,142.2,49.9,60,-0.62,2091,CLP-DE7DF,1
PEC-82772,Centro_Usinagem,Aluminio,Sintetico,Turno_3,3542.3,274.5,0.84,5.5,51.9,140.9,43.2,6,-11.15,7155,CLP-DFDEF,0
PEC-82773, TORNO_CNC ,Aco_Inox,Sintetico,Turno_2,3215.0,234.7,2.83,49.3,93.3,137.2,35.8,136,3.81,2071,CLP-33750,1
PEC-82774,torno_cnc,Aco_Inox,Soluvel,Turno_1,2551.6,240.2,3.33,5.9,65.8,133.0,39.7,55,-10.67,8783,CLP-5D0F8,0
PEC-82775, TORNO_CNC ,Aco_Inox,Sintetico,Turno_2,2239.1,239.6,2.83,58.8,66.1,106.7,45.2,78,7.6,7126,CLP-D8E84,1
PEC-82776,Torno_CNC,Aco_Inox,Soluvel,Turno_2,3334.1,360.9,1.63,49.7,43.9,113.3,50.2,120,19.25,7286,CLP-3AFDA,1
PEC-82777,Torno_CNC,Aco_Carbono,Semi_Sintetico,Turno_3,2826.7,283.8,1.55,45.8,66.5,108.4,51.5,22,7.94,5879,CLP-88E07,1
PEC-82778, TORNO_CNC ,Aco_Carbono,Semi_Sintetico,Turno_1,3394.0,179.6,1.14,9.5,67.1,135.5,34.1,150,-14.45,8270,CLP-9448B,1
PEC-82779,Torno_CNC,Aco_Inox,Semi_Sintetico,Turno_2,2851.0,237.8,0.69,,51.2,155.0,45.4,154,18.54,4949,CLP-E7AE7,0
PEC-82780,Torno_CNC,Latao,Soluvel,Turno_2,3259.9,248.8,2.21,85.2,52.5,130.2,51.2,11,-30.48,7471,CLP-7D0BC,1
PEC-82781,Centro_Usinagem,Aluminio,Soluvel,Turno_2,3029.7,194.6,1.14,85.7,54.2,145.1,38.0,64,-20.98,9369,CLP-85373,1
PEC-82782,Celula_Robotica,Latao,Soluvel,Turno_2,3988.4,160.9,3.26,20.6,61.5,126.9,59.4,14,-2.26,4880,CLP-83522,1
PEC-82783,Fresadora,Aco_Carbono,Sintetico,Turno_1,3627.6,279.8,4.35,28.7,67.6,124.8,41.0,146,3.08,7147,CLP-F3BA1,1
PEC-82784,Centro_Usinagem,Aco_Carbono,Semi_Sintetico,Turno_2,3806.3,209.8,0.79,9.3,62.3,111.3,53.2,136,2.75,1088,CLP-5AD86,1
PEC-82785,Torno_CNC,Aco_Inox,Sintetico,Turno_1,3210.8,312.4,4.07,6.8,68.6,129.2,50.5,54,23.17,5337,CLP-375ED,1
PEC-82786,Celula_Robotica,Aco_Inox,Soluvel,Turno_1,3570.1,250.4,3.13,7.1,73.1,133.7,39.5,114,-3.4,6934,CLP-58BDB,1
PEC-82787,Torno_CNC,Aco_Inox,Seco,Turno_2,,226.3,3.94,34.4,71.5,135.8,45.1,139,0.76,5089,CLP-625D4,1
PEC-82788,Celula_Robotica,Aco_Carbono,Seco,Turno_1,3861.3,129.2,1.12,18.6,69.4,121.6,55.9,162,-16.53,5569,CLP-387B6,1
PEC-82789,Celula_Robotica,Aco_Inox,Soluvel,Turno_1,3167.3,311.1,4.13,35.3,68.4,123.0,40.7,140,10.53,6124,CLP-BD3D3,1
PEC-82790,Fresadora,Aco_Carbono,Sintetico,Turno_2,2571.1,264.7,4.33,36.4,68.5,119.1,46.4,54,-20.97,4035,CLP-7F60A,1
PEC-82791,Celula_Robotica,Aco_Inox,Semi_Sintetico,Turno_2,2300.6,227.6,4.13,88.2,63.2,111.5,33.0,21,-39.93,6571,CLP-80295,1
PEC-82792,torno_cnc,Aco_Carbono,Sintetico,Turno_1,3950.7,205.5,3.64,,57.1,133.2,47.9,68,-0.62,5832,CLP-BAA33,1
PEC-82793,Torno_CNC,Aco_Inox,Seco,Turno_2,3415.3,330.0,0.86,,63.9,91.6,41.8,162,8.26,5634,CLP-9ABC1,1
PEC-82794, TORNO_CNC ,Aco_Inox,Soluvel,Turno_1,3444.9,196.8,1.38,64.7,72.8,94.9,49.2,176,22.24,7722,CLP-6B73F,1
PEC-82795,torno_cnc,Aco_Inox,Sintetico,Turno_1,3870.3,231.6,4.15,5.1,72.8,111.8,38.2,92,-7.04,7749,CLP-A4CBA,1
PEC-82796,Torno_CNC,Aluminio,Sintetico,Turno_2,2456.7,278.5,1.42,5.5,71.1,100.9,47.6,148,15.08,9740,CLP-9C470,1
PEC-82797,Fresadora,Aco_Inox,Semi_Sintetico,Turno_1,3038.6,322.5,1.89,26.5,59.3,136.3,42.2,114,-3.2,7090,CLP-45529,1
PEC-82798,Celula_Robotica,Aco_Carbono,Semi_Sintetico,Turno_3,3093.8,239.2,0.7,42.1,62.4,113.4,23.9,91,16.21,5342,CLP-9501C,1
PEC-82799,Torno_CNC,Aco_Inox,Seco,Turno_1,3534.0,213.3,3.01,60.3,62.4,133.2,45.7,147,1.28,6249,CLP-CCD41,1
PEC-82800,Fresadora,Aco_Inox,Sintetico,Turno_3,2888.3,244.7,2.75,25.8,57.7,139.6,55.1,150,18.07,7180,CLP-8E415,1
PEC-82801,Centro_Usinagem,Aco_Carbono,Semi_Sintetico,Turno_3,2659.4,295.2,4.35,103.6,75.7,120.9,36.2,131,19.86,9695,CLP-40E3F,1
PEC-82802,Celula_Robotica,Aco_Inox,Soluvel,Turno_3,2655.3,306.5,4.07,64.1,42.9,124.9,39.8,32,-2.44,3398,CLP-8E49D,1
PEC-82803,Celula_Robotica,Latao,Soluvel,Turno_2,3717.2,181.2,2.52,8.8,89.3,138.4,55.6,121,42.71,7859,CLP-E3218,1
PEC-82804,torno_cnc,Latao,Soluvel,Turno_3,2865.9,255.7,2.94,25.3,89.9,135.0,49.5,141,17.58,5807,CLP-4E568,1
PEC-82805,Celula_Robotica,Aco_Inox,Semi_Sintetico,Turno_3,2951.6,178.3,2.15,189.6,65.6,88.9,42.4,77,-7.97,1459,CLP-73D49,1
PEC-82806,Fresadora,Aco_Inox,Seco,Turno_1,3485.5,294.2,1.03,23.5,69.9,113.8,47.4,154,-11.19,8343,CLP-6752C,1
PEC-82807,Torno_CNC,Aco_Inox,Soluvel,Turno_2,2885.5,271.1,3.97,22.1,75.2,127.7,40.0,163,3.87,6424,CLP-3ABBB,1
PEC-82808, TORNO_CNC ,Aco_Carbono,Soluvel,Turno_1,2432.8,203.9,2.7,17.2,55.9,123.2,64.8,179,-4.88,8854,CLP-CC114,1
PEC-82809,Fresadora,Aluminio,Semi_Sintetico,Turno_2,2488.2,326.7,2.2,28.3,71.8,105.1,52.1,43,1.91,1970,CLP-9A73E,1
PEC-82810,Torno_CNC,Aluminio,Sintetico,Turno_2,3174.4,266.8,0.77,50.8,80.8,94.4,58.7,119,-4.51,8043,CLP-F0927,1
PEC-82811,Fresadora,Aco_Carbono,Seco,Turno_1,3423.8,261.3,3.16,6.7,43.4,129.2,45.7,78,-6.43,4586,CLP-EBDF7,0
PEC-82812,Fresadora,Aco_Inox,Soluvel,Turno_3,3109.0,241.0,2.1,68.2,47.7,107.3,34.8,163,-0.13,5259,CLP-3822B,1
PEC-82813,Torno_CNC,Aco_Carbono,Soluvel,Turno_1,,249.6,1.51,,74.0,118.0,49.0,138,9.69,8585,CLP-EE181,1
PEC-82814,torno_cnc,Aco_Carbono,Soluvel,Turno_3,2474.2,230.9,4.01,58.2,61.8,122.2,55.0,9,-3.46,3867,CLP-380E6,1
PEC-82815,Fresadora,Aluminio,Soluvel,Turno_1,2504.6,212.9,1.23,,60.4,117.6,55.4,118,9.84,3131,CLP-F1C11,1
PEC-82816, TORNO_CNC ,Aco_Carbono,Soluvel,Turno_2,4214.3,311.5,2.56,8.5,61.1,106.0,31.5,139,-18.42,2510,CLP-D6E17,1
PEC-82817,Torno_CNC,Aco_Carbono,Soluvel,Turno_1,3754.8,225.4,3.68,25.9,51.5,118.8,46.7,107,12.16,1030,CLP-60402,1
PEC-82818,Torno_CNC,Aco_Inox,Soluvel,Turno_1,3546.0,223.7,3.9,,60.1,111.8,32.2,116,-9.03,6206,CLP-EF33D,1
PEC-82819, TORNO_CNC ,Aluminio,Soluvel,Turno_2,2903.1,243.5,3.77,68.5,49.2,144.8,40.3,85,2.59,5521,CLP-51903,1
PEC-82820,Celula_Robotica,Aluminio,Seco,Turno_1,3092.9,321.2,4.09,111.7,80.7,123.2,49.7,76,-17.4,4503,CLP-24574,1
PEC-82821,Torno_CNC,Aco_Inox,Soluvel,Turno_2,3199.2,306.6,1.07,17.4,66.6,158.5,55.7,58,-23.79,8735,CLP-5822E,1
PEC-82822,Fresadora,Latao,Soluvel,Turno_3,3791.5,230.3,4.26,31.8,66.3,100.2,46.8,170,-1.48,5369,CLP-EFE65,1
PEC-82823,Torno_CNC,Aco_Inox,Semi_Sintetico,Turno_1,3381.3,311.3,0.54,,73.0,115.5,35.8,2,-29.56,4292,CLP-4254F,0
PEC-82824,Torno_CNC,Aluminio,Sintetico,Turno_3,,255.4,1.52,21.7,98.5,115.4,49.8,16,-0.0,9388,CLP-48A2F,1
PEC-82825,Centro_Usinagem,Aluminio,Sintetico,Turno_1,3124.6,207.8,0.84,27.7,52.4,108.3,38.2,136,32.19,7841,CLP-EC5AD,1
PEC-82826,Fresadora,Aco_Inox,Sintetico,Turno_1,3556.7,226.2,4.28,59.8,42.9,114.7,42.7,113,29.57,8633,CLP-4116B,1
PEC-82827,Torno_CNC,Latao,Semi_Sintetico,Turno_1,3336.0,318.7,2.2,10.6,64.6,112.8,45.7,102,-9.65,6701,CLP-2ECC0,1
PEC-82828, TORNO_CNC ,Aco_Carbono,Semi_Sintetico,Turno_3,3219.8,354.1,1.76,11.0,43.1,105.3,39.6,82,-2.85,1484,CLP-7D795,0
PEC-82829,Torno_CNC,Aluminio,Sintetico,Turno_1,2865.6,266.0,1.17,12.9,60.9,146.9,50.1,70,17.66,1951,CLP-9C84D,0
PEC-82830, TORNO_CNC ,Aco_Inox,Semi_Sintetico,Turno_3,3148.9,221.7,1.12,6.9,75.5,118.7,51.0,95,16.41,2716,CLP-9F71F,1
PEC-82831,Fresadora,Aco_Inox,Sintetico,Turno_3,,243.8,2.96,41.1,83.3,133.9,53.2,132,-1.2,7006,CLP-CFF19,1
PEC-82832,Torno_CNC,Aco_Inox,Soluvel,Turno_1,,211.9,0.69,12.4,46.2,134.9,56.4,152,-0.15,2272,CLP-7430D,0
PEC-82833,Torno_CNC,Aco_Inox,Semi_Sintetico,Turno_2,3240.0,219.2,2.88,25.1,53.7,141.4,43.9,138,-0.84,4899,CLP-372F0,1
PEC-82834, TORNO_CNC ,Aluminio,Sintetico,Turno_3,2118.0,214.2,3.6,45.5,69.4,105.3,35.2,166,-0.86,6151,CLP-D0CC0,1
PEC-82835,Centro_Usinagem,Latao,Seco,Turno_1,3096.3,246.0,2.9,25.9,74.0,139.0,36.0,173,-3.33,2838,CLP-4DB45,1
PEC-82836,Celula_Robotica,Aluminio,Soluvel,Turno_1,2670.9,256.0,3.81,87.8,74.7,118.9,58.9,12,5.79,6848,CLP-1A6DD,1
PEC-82837,Torno_CNC,Aco_Carbono,Soluvel,Turno_2,3424.4,242.6,1.56,56.3,82.7,150.5,57.9,131,-24.48,4686,CLP-E8D98,1
PEC-82838,Fresadora,Aluminio,Seco,Turno_3,3486.7,238.9,0.81,16.2,73.7,127.9,55.7,119,-14.2,3108,CLP-F253B,1
PEC-82839, TORNO_CNC ,Aluminio,Soluvel,Turno_3,3008.1,288.0,3.38,9.9,63.6,102.7,40.3,54,-1.24,5510,CLP-C7949,1
PEC-82840, TORNO_CNC ,Aco_Carbono,Seco,Turno_1,3447.1,238.5,3.81,83.7,77.7,138.9,58.5,176,28.6,5480,CLP-EEE34,1
PEC-82841,Fresadora,Aluminio,Seco,Turno_1,3466.0,241.7,2.51,22.7,65.8,137.4,43.6,94,4.8,4541,CLP-B4C5C,1
PEC-82842,Centro_Usinagem,Aco_Carbono,Semi_Sintetico,Turno_3,3096.6,241.2,3.78,21.9,68.3,100.6,47.7,175,2.56,7883,CLP-5FBFF,1
PEC-82843,Celula_Robotica,Aco_Inox,Sintetico,Turno_1,3890.4,327.2,2.33,63.1,59.1,131.2,51.6,89,14.71,9160,CLP-F0EEE,1
PEC-82844,torno_cnc,Aco_Inox,Sintetico,Turno_2,2873.7,225.4,1.29,5.3,66.9,144.1,55.1,129,4.84,6857,CLP-595D9,0
PEC-82845, TORNO_CNC ,Aco_Carbono,Semi_Sintetico,Turno_1,3862.1,279.8,2.4,26.0,45.4,127.2,49.3,115,-8.68,1339,CLP-6F6B8,1
PEC-82846,Fresadora,Aluminio,Semi_Sintetico,Turno_3,3098.7,212.6,1.36,48.9,77.4,105.4,56.0,175,7.87,3783,CLP-AE183,1
PEC-82847,Torno_CNC,Aco_Carbono,Sintetico,Turno_3,2820.5,267.5,2.39,71.1,52.9,135.2,45.1,101,10.38,8941,CLP-EDBF6,1
PEC-82848,torno_cnc,Latao,Seco,Turno_1,3041.8,277.3,1.09,80.8,54.3,130.0,43.4,173,-0.52,5629,CLP-A8E9C,1
PEC-82849, TORNO_CNC ,Aco_Inox,Sintetico,Turno_1,2705.3,304.2,1.24,26.9,37.1,116.5,42.4,34,15.82,2931,CLP-B0081,0
PEC-82850,Fresadora,Aluminio,Seco,Turno_2,3553.1,230.8,4.03,70.9,55.1,113.1,35.8,53,30.52,8830,CLP-8896B,1
PEC-82851,Torno_CNC,Aco_Inox,Soluvel,Turno_1,2478.8,194.3,0.96,6.3,53.5,129.9,22.6,79,-2.37,7285,CLP-BD495,0
PEC-82852,Torno_CNC,Aluminio,Soluvel,Turno_2,3825.3,210.8,1.4,17.8,67.6,106.3,53.3,14,-4.15,1271,CLP-D2CA6,0
PEC-82853,Centro_Usinagem,Aco_Carbono,Soluvel,Turno_2,2778.9,298.2,4.48,5.4,49.5,123.0,43.1,169,5.35,8789,CLP-22D99,1
PEC-82854,Torno_CNC,Aco_Inox,Soluvel,Turno_1,3576.5,354.1,2.8,11.3,59.7,138.0,50.9,41,23.15,2129,CLP-1D13F,1
PEC-82855,torno_cnc,Aluminio,Semi_Sintetico,Turno_1,3210.9,291.7,2.84,50.2,56.8,142.8,49.8,6,-6.24,2478,CLP-4605E,0
PEC-82856,Torno_CNC,Aco_Carbono,Soluvel,Turno_3,3321.9,186.9,3.88,5.2,43.9,112.1,46.3,105,-2.78,8935,CLP-DEEB7,1
PEC-82857,Torno_CNC,Aco_Inox,Seco,Turno_2,2934.5,290.0,2.6,30.9,67.9,96.2,52.6,46,-1.36,6013,CLP-BCFB6,1
PEC-82858,Torno_CNC,Aco_Carbono,Soluvel,Turno_1,3358.8,202.8,1.39,23.7,62.4,109.4,53.6,37,5.85,6310,CLP-A6C46,1
PEC-82859,Torno_CNC,Aluminio,Soluvel,Turno_2,3260.7,232.5,2.19,,65.5,132.2,37.4,66,-1.09,6883,CLP-AEF81,1
PEC-82860,Centro_Usinagem,Latao,Soluvel,Turno_3,2543.9,259.4,3.52,45.5,75.0,108.9,57.3,134,18.12,8002,CLP-BA57F,1
PEC-82861,Torno_CNC,Aco_Inox,Sintetico,Turno_2,2766.9,267.8,3.99,46.3,65.1,136.2,51.9,129,9.53,6725,CLP-4332C,1
PEC-82862,Celula_Robotica,Aco_Inox,Soluvel,Turno_1,2956.6,253.3,1.59,50.4,61.0,108.9,38.0,35,1.03,4687,CLP-4064D,1
PEC-82863,torno_cnc,Aluminio,Soluvel,Turno_1,2860.3,219.9,1.55,55.7,76.1,111.6,39.8,87,-14.15,1020,CLP-2A36A,1
PEC-82864, TORNO_CNC ,Aco_Inox,Sintetico,Turno_3,3763.8,303.0,1.81,18.2,61.1,117.4,35.1,59,-4.1,7426,CLP-24CE7,1
PEC-82865,torno_cnc,Latao,Soluvel,Turno_3,3203.2,223.6,2.88,184.8,58.9,134.2,50.0,6,5.2,4248,CLP-A29DD,1
PEC-82866,torno_cnc,Aco_Inox,Soluvel,Turno_2,2849.6,312.7,1.61,7.7,73.0,96.2,43.6,2,0.46,1825,CLP-E6BBF,1
PEC-82867,Fresadora,Aco_Carbono,Semi_Sintetico,Turno_1,2979.2,182.0,4.07,,55.6,124.2,25.1,23,-1.4,4555,CLP-EB471,1
PEC-82868,Torno_CNC,Aluminio,Soluvel,Turno_2,2973.0,260.8,4.41,128.6,79.0,123.9,40.6,119,8.03,3200,CLP-D8AF2,1
PEC-82869, TORNO_CNC ,Aco_Inox,Soluvel,Turno_3,3070.4,188.7,3.22,13.9,66.9,105.1,42.0,173,3.65,6708,CLP-E5666,1
PEC-82870,Centro_Usinagem,Aco_Inox,Soluvel,Turno_1,2716.1,208.3,4.38,16.4,83.8,125.3,45.8,114,-30.88,4943,CLP-804F1,1
PEC-82871,Celula_Robotica,Aluminio,Soluvel,Turno_1,2833.7,224.3,1.65,35.0,64.3,117.3,32.7,22,23.26,1599,CLP-1D61E,1
PEC-82872,Centro_Usinagem,Aluminio,Sintetico,Turno_2,3545.0,326.0,3.76,58.2,76.4,103.0,45.9,164,-8.91,1881,CLP-ACA97,1
PEC-82873, TORNO_CNC ,Aco_Inox,Soluvel,Turno_3,3283.4,315.4,3.21,19.0,45.3,118.9,57.0,2,-0.61,5193,CLP-7BF05,1
PEC-82874,Fresadora,Latao,Semi_Sintetico,Turno_1,3131.4,293.7,1.55,68.4,80.4,104.4,46.5,145,7.77,1633,CLP-A0908,1
PEC-82875, TORNO_CNC ,Aco_Inox,Seco,Turno_2,3201.2,251.7,1.77,14.7,73.3,110.4,49.7,99,18.51,1203,CLP-E8570,1
PEC-82876, TORNO_CNC ,Aluminio,Soluvel,Turno_2,,259.4,2.45,77.6,57.3,133.2,57.5,175,5.07,7933,CLP-94BCA,1
PEC-82877,Torno_CNC,Aluminio,Seco,Turno_2,3105.9,313.3,3.67,15.2,75.4,115.3,44.2,11,-27.2,5817,CLP-271C2,1
PEC-82878,torno_cnc,Aco_Inox,Soluvel,Turno_2,3432.7,285.1,3.99,38.6,49.8,132.9,44.0,150,15.3,7263,CLP-DFBE8,1
PEC-82879,Torno_CNC,Latao,Soluvel,Turno_2,3399.4,250.9,3.04,20.5,59.0,117.6,47.8,117,9.83,8518,CLP-A3A9F,1
PEC-82880,Torno_CNC,Aco_Inox,Soluvel,Turno_1,2492.7,324.3,3.39,18.6,54.8,105.6,37.9,9,27.66,4787,CLP-3D7CE,0
PEC-82881,Centro_Usinagem,Aco_Inox,Soluvel,Turno_1,3140.8,290.7,1.56,20.3,76.0,127.2,39.4,117,2.99,7117,CLP-4A204,1
PEC-82882,Torno_CNC,Aco_Inox,Sintetico,Turno_2,2522.4,262.1,3.46,,80.0,128.4,28.7,2,1.81,3145,CLP-66CD4,0
PEC-82883,Torno_CNC,Aluminio,Soluvel,Turno_1,3486.0,227.1,2.92,70.3,59.6,101.5,63.3,70,15.41,6390,CLP-5DA28,1
PEC-82884,Torno_CNC,Aluminio,Semi_Sintetico,Turno_2,3545.4,222.5,1.39,54.8,49.7,137.0,51.6,101,11.9,3599,CLP-94FEE,1
PEC-82885,Celula_Robotica,Aluminio,Sintetico,Turno_2,2925.1,233.2,4.3,25.9,53.3,142.8,37.4,173,-6.5,9384,CLP-235F5,1
PEC-82886,torno_cnc,Aco_Inox,Soluvel,Turno_1,3147.5,272.8,2.55,16.6,66.1,129.4,53.2,75,-24.54,9884,CLP-B6340,1
PEC-82887, TORNO_CNC ,Aco_Inox,Sintetico,Turno_2,2249.9,291.8,3.68,72.4,65.4,121.2,38.5,11,14.04,3462,CLP-9C7C0,1
PEC-82888,Centro_Usinagem,Aco_Carbono,Seco,Turno_2,3637.8,177.8,2.6,76.5,60.9,150.2,45.5,170,-4.04,9457,CLP-D089B,1
PEC-82889,Centro_Usinagem,Aco_Inox,Soluvel,Turno_1,3519.4,152.7,4.23,26.2,55.0,128.1,45.5,53,15.88,7049,CLP-8003A,1
PEC-82890,Torno_CNC,Aco_Carbono,Soluvel,Turno_2,3717.5,202.4,1.07,46.7,84.5,123.0,41.4,165,-0.79,9484,CLP-6410D,1
PEC-82891,Fresadora,Aco_Inox,Soluvel,Turno_3,3868.9,229.6,2.68,21.1,57.6,145.5,38.5,133,12.95,7281,CLP-D0DC0,1
PEC-82892,Fresadora,Aco_Carbono,Soluvel,Turno_2,2649.2,309.8,0.6,10.7,55.0,144.0,54.7,25,-12.74,8662,CLP-A2100,0
PEC-82893,Fresadora,Aco_Inox,Sintetico,Turno_2,3599.6,236.0,1.29,18.6,78.8,98.4,45.7,73,19.03,9469,CLP-48FF7,1
PEC-82894,Torno_CNC,Aluminio,Soluvel,Turno_1,3865.7,262.7,1.62,45.1,61.6,112.4,58.5,172,29.04,8993,CLP-86613,1
PEC-82895,Centro_Usinagem,Aco_Inox,Sintetico,Turno_1,2527.4,270.9,2.39,56.3,71.1,128.8,36.7,67,4.09,4481,CLP-71A60,1
PEC-82896,torno_cnc,Aco_Inox,Sintetico,Turno_1,3123.0,198.8,3.78,71.8,54.5,138.4,41.2,119,-7.1,4146,CLP-E729F,1
PEC-82897,Torno_CNC,Aco_Inox,Sintetico,Turno_3,3036.5,323.0,2.37,5.6,71.1,102.5,44.6,56,-6.75,2632,CLP-DAC68,1
PEC-82898, TORNO_CNC ,Aco_Inox,Soluvel,Turno_1,3585.0,216.8,2.74,28.3,73.8,133.6,53.8,26,-3.66,5717,CLP-7D6F6,1
PEC-82899,Torno_CNC,Aco_Inox,Soluvel,Turno_1,2122.7,328.0,4.2,16.2,51.6,113.9,38.7,145,-10.22,5952,CLP-8AC27,1
PEC-82900,Torno_CNC,Aluminio,Soluvel,Turno_2,4017.2,243.7,3.53,45.3,58.6,130.8,49.6,15,-13.67,7717,CLP-2FA3C,1
PEC-82901,Fresadora,Aluminio,Soluvel,Turno_1,3149.4,233.1,0.7,14.9,54.1,111.5,47.7,29,3.12,3184,CLP-1A8B1,0
PEC-82902,Torno_CNC,Aco_Carbono,Seco,Turno_1,3612.2,194.5,1.21,34.2,58.7,85.0,56.4,64,5.98,5817,CLP-66A8F,1
PEC-82903, TORNO_CNC ,Aluminio,Soluvel,Turno_2,3172.9,259.9,0.65,48.6,84.2,93.4,49.0,157,-7.3,5381,CLP-7C767,1
PEC-82904,torno_cnc,Aluminio,Soluvel,Turno_1,,362.7,0.78,56.4,68.1,103.1,30.6,55,-12.75,9980,CLP-9A0D8,0
PEC-82905,Torno_CNC,Aluminio,Soluvel,Turno_2,,270.7,1.86,16.0,88.4,111.1,36.9,31,-1.96,5636,CLP-317A9,0
PEC-82906,Celula_Robotica,Aluminio,Semi_Sintetico,Turno_1,3026.8,263.5,3.41,8.2,82.8,119.9,37.3,83,-6.06,3556,CLP-B48C2,1
PEC-82907,Torno_CNC,Aluminio,Semi_Sintetico,Turno_1,3581.5,216.7,1.48,13.6,78.6,112.2,41.4,168,-29.31,9800,CLP-605EF,1
PEC-82908,Torno_CNC,Aco_Carbono,Sintetico,Turno_3,3329.9,279.6,2.07,37.0,82.5,119.3,55.6,165,11.29,1063,CLP-8F2F7,1
PEC-82909,Torno_CNC,Aco_Inox,Soluvel,Turno_3,2463.4,257.9,2.08,6.4,78.9,112.6,42.9,70,-16.75,4350,CLP-85A27,1
PEC-82910,Torno_CNC,Aco_Inox,Soluvel,Turno_3,3227.6,246.9,2.86,11.1,85.5,119.9,45.3,1,8.8,1902,CLP-8E42A,1
PEC-82911,Torno_CNC,Aluminio,Sintetico,Turno_3,2831.6,274.7,4.07,193.9,71.5,134.0,43.2,73,9.84,5967,CLP-62824,1
PEC-82912,Fresadora,Aco_Inox,Seco,Turno_2,2792.6,159.2,4.43,21.9,73.2,119.8,49.3,109,-22.07,7898,CLP-E87B7,1
PEC-82913,Celula_Robotica,Aco_Carbono,Sintetico,Turno_2,2515.7,245.0,2.92,29.0,72.9,128.1,39.2,106,33.97,7362,CLP-57FC3,1
PEC-82914,Torno_CNC,Aco_Carbono,Sintetico,Turno_2,3478.4,190.1,2.52,5.4,59.7,130.7,43.6,167,-30.33,3179,CLP-37C99,1
PEC-82915,Fresadora,Aco_Inox,Soluvel,Turno_3,3700.9,251.4,3.23,36.4,75.2,117.6,43.5,21,1.85,9385,CLP-F1593,1
PEC-82916,Fresadora,Aco_Inox,Soluvel,Turno_2,4154.1,213.8,3.17,18.8,80.1,93.1,44.4,106,30.65,8748,CLP-CCF3D,1
PEC-82917,Centro_Usinagem,Aluminio,Semi_Sintetico,Turno_1,2536.7,217.2,2.6,,57.8,123.8,40.5,156,-11.97,4902,CLP-53F14,1
PEC-82918, TORNO_CNC ,Aluminio,Soluvel,Turno_3,,183.3,3.45,31.1,54.7,109.9,34.3,63,25.02,5004,CLP-9336A,1
PEC-82919,Torno_CNC,Aco_Inox,Seco,Turno_3,3574.9,305.8,2.47,,58.4,132.9,52.5,148,9.13,1456,CLP-DFA45,1
PEC-82920,Torno_CNC,Aco_Carbono,Soluvel,Turno_3,2938.8,216.1,4.49,15.9,81.3,140.5,44.1,177,-0.23,2991,CLP-CE50E,1
PEC-82921,Fresadora,Aluminio,Soluvel,Turno_1,2787.1,218.8,0.7,34.6,62.2,116.1,54.0,97,-5.73,8298,CLP-D5DB9,1
PEC-82922,Centro_Usinagem,Aco_Inox,Sintetico,Turno_1,2711.4,326.5,2.27,21.8,51.8,122.5,48.8,48,14.94,9142,CLP-81946,0
PEC-82923,Torno_CNC,Aco_Inox,Soluvel,Turno_1,2962.7,278.4,2.09,24.2,52.5,130.0,49.1,97,9.72,3237,CLP-EC107,1
PEC-82924, TORNO_CNC ,Aco_Carbono,Soluvel,Turno_2,3291.2,148.3,3.58,7.0,54.2,107.8,54.0,45,-5.1,9480,CLP-B6D91,1
PEC-82925,Centro_Usinagem,Aco_Inox,Soluvel,Turno_1,3812.1,319.3,1.26,45.8,56.4,120.1,65.8,163,-10.76,5047,CLP-C4D44,1
PEC-82926,Centro_Usinagem,Aco_Carbono,Sintetico,Turno_1,,332.4,2.24,12.6,48.2,96.8,55.4,4,-26.96,6882,CLP-C456C,0
PEC-82927,Celula_Robotica,Aluminio,Soluvel,Turno_1,2473.1,327.7,3.29,27.1,72.3,135.7,52.1,52,20.02,5607,CLP-4E02D,1
PEC-82928,Fresadora,Aluminio,Soluvel,Turno_1,2845.0,283.4,2.91,24.9,62.7,145.3,47.3,92,-16.65,3281,CLP-42AF9,1
PEC-82929, TORNO_CNC ,Aco_Carbono,Sintetico,Turno_2,,194.9,2.68,27.1,71.4,121.5,55.1,117,-5.41,3181,CLP-523E9,1
PEC-82930,torno_cnc,Aco_Carbono,Soluvel,Turno_3,2871.0,247.5,2.24,21.5,37.4,108.7,39.0,44,-10.74,3555,CLP-9462A,0
PEC-82931,Fresadora,Aco_Inox,Seco,Turno_1,3174.4,177.6,3.51,14.7,77.9,123.9,49.7,164,-13.77,1688,CLP-E0FE3,1
PEC-82932,Torno_CNC,Aco_Inox,Soluvel,Turno_2,2432.6,206.7,3.09,25.8,64.0,100.9,55.2,21,-9.5,7727,CLP-27471,0
PEC-82933,torno_cnc,Aco_Carbono,Sintetico,Turno_1,3718.9,194.5,4.0,6.7,71.0,113.5,52.6,142,24.4,6492,CLP-BCAC1,1
PEC-82934,Fresadora,Aluminio,Soluvel,Turno_1,2339.3,218.6,3.43,14.7,83.3,113.7,44.4,115,-20.93,5986,CLP-F0DED,1
PEC-82935,Torno_CNC,Aco_Inox,Semi_Sintetico,Turno_2,2460.7,258.2,1.06,58.8,69.4,112.2,48.6,12,4.37,3300,CLP-83C78,1
PEC-82936,Fresadora,Latao,Sintetico,Turno_2,3672.9,227.8,2.98,69.8,90.3,123.3,42.4,164,17.08,5877,CLP-8CF61,1
PEC-82937,torno_cnc,Aco_Inox,Seco,Turno_3,4064.0,225.6,0.68,49.0,42.4,126.5,38.9,140,33.93,5167,CLP-7CBF1,1
PEC-82938,Celula_Robotica,Aco_Inox,Soluvel,Turno_2,,235.5,2.05,40.0,61.2,120.2,56.6,65,-17.55,9352,CLP-AB9F1,1
PEC-82939,Torno_CNC,Aco_Inox,Soluvel,Turno_3,3178.9,325.0,2.15,63.4,43.4,133.5,41.5,88,-10.8,2785,CLP-8F209,0
PEC-82940,Torno_CNC,Aluminio,Sintetico,Turno_1,3608.7,358.2,3.92,9.8,68.8,125.9,41.5,81,-28.6,8196,CLP-33876,1
PEC-82941,Fresadora,Aluminio,Soluvel,Turno_1,3330.3,227.5,1.22,31.1,65.9,112.6,41.6,163,-11.02,6585,CLP-8B661,1
PEC-82942,Torno_CNC,Aco_Inox,Soluvel,Turno_1,3032.1,266.8,3.07,9.3,51.9,118.4,39.4,73,6.7,4821,CLP-249F4,1
PEC-82943,Fresadora,Aco_Inox,Seco,Turno_3,2981.5,207.9,1.27,57.7,91.1,118.8,39.2,170,-2.52,4285,CLP-5FFA0,1
PEC-82944,Fresadora,Aco_Inox,Soluvel,Turno_1,2494.9,288.4,4.29,30.7,60.7,114.3,31.2,16,26.11,6483,CLP-E191D,1
PEC-82945,Torno_CNC,Aluminio,Seco,Turno_1,3304.8,226.2,2.62,63.1,38.5,127.6,32.6,136,14.74,8212,CLP-DF997,1
PEC-82946,torno_cnc,Aco_Inox,Soluvel,Turno_2,3158.6,214.4,3.33,61.2,73.2,88.0,43.5,31,-6.16,3191,CLP-B1FBC,1
PEC-82947,torno_cnc,Latao,Sintetico,Turno_1,3003.0,350.1,3.09,27.0,73.3,120.5,48.7,61,-18.91,2010,CLP-EFD58,1
PEC-82948, TORNO_CNC ,Aco_Inox,Sintetico,Turno_1,2749.2,182.2,1.71,29.0,59.2,124.6,31.6,174,3.76,4061,CLP-EAB5E,0
PEC-82949,Celula_Robotica,Latao,Sintetico,Turno_1,,127.4,4.1,6.0,74.5,129.0,46.5,111,-2.13,8414,CLP-56C7F,1
PEC-82950,Centro_Usinagem,Aco_Inox,Seco,Turno_1,3478.3,286.7,3.01,,53.6,136.6,55.3,42,12.73,3862,CLP-3C64F,1
PEC-82951,Fresadora,Aco_Carbono,Soluvel,Turno_2,3596.7,231.6,2.54,44.6,60.0,117.9,41.2,150,-1.27,7552,CLP-9FC16,0
PEC-82952,Fresadora,Aco_Inox,Semi_Sintetico,Turno_2,3052.8,217.7,2.61,14.3,69.7,132.5,37.1,116,6.8,3788,CLP-3C8C3,1
PEC-82953, TORNO_CNC ,Aco_Inox,Sintetico,Turno_1,,386.6,4.06,155.7,76.1,129.2,44.5,84,0.03,5408,CLP-95E6C,1
PEC-82954,Celula_Robotica,Aco_Carbono,Soluvel,Turno_1,2815.9,286.5,0.74,133.9,62.3,124.0,49.2,114,11.12,3213,CLP-8506C,1
PEC-82955,Fresadora,Aco_Carbono,Seco,Turno_3,3621.6,247.1,2.06,16.6,59.2,99.1,40.5,84,25.93,5223,CLP-95A22,0
PEC-82956,Fresadora,Aluminio,Soluvel,Turno_2,3213.9,214.6,3.87,48.7,64.5,136.4,52.6,55,-11.16,7209,CLP-9CCD0,1
PEC-82957,Centro_Usinagem,Aco_Carbono,Semi_Sintetico,Turno_2,3365.6,272.3,0.65,6.1,40.4,121.4,48.8,17,4.19,3040,CLP-95559,0
PEC-82958,Torno_CNC,Aluminio,Soluvel,Turno_2,3361.3,163.4,3.06,43.4,61.6,116.2,58.8,46,-22.05,3435,CLP-4647D,1
PEC-82959,Centro_Usinagem,Aco_Carbono,Semi_Sintetico,Turno_1,3061.5,224.2,2.11,39.2,41.2,102.6,31.5,162,14.03,9665,CLP-A3605,1
PEC-82960,Torno_CNC,Aco_Inox,Sintetico,Turno_3,2675.6,248.1,1.32,65.4,54.9,83.3,33.7,38,-7.39,6194,CLP-6479A,0
PEC-82961,Torno_CNC,Aluminio,Soluvel,Turno_2,2751.7,260.7,2.95,17.7,47.9,148.5,41.7,115,20.73,7387,CLP-90078,1
PEC-82962,Torno_CNC,Aluminio,Sintetico,Turno_1,3707.5,242.9,3.82,78.6,71.3,124.6,34.3,16,-4.97,2872,CLP-6F243,1
PEC-82963,Celula_Robotica,Aco_Inox,Soluvel,Turno_2,2873.4,215.3,2.37,73.3,56.2,103.4,57.6,103,13.6,3559,CLP-D87CC,1
PEC-82964,Centro_Usinagem,Aco_Carbono,Soluvel,Turno_1,3015.3,296.0,1.09,43.8,79.9,101.1,46.9,91,0.64,8018,CLP-30E11,1
PEC-82965,Fresadora,Aco_Inox,Soluvel,Turno_1,2689.5,167.4,1.72,27.4,42.8,115.8,42.4,4,-27.46,9907,CLP-D5994,0
PEC-82966,Fresadora,Aco_Inox,Soluvel,Turno_3,2652.8,236.1,4.43,38.7,62.1,132.1,57.4,138,-10.16,5287,CLP-B7341,1
PEC-82967,torno_cnc,Aluminio,Soluvel,Turno_3,2853.9,224.1,0.94,50.8,66.0,129.5,47.3,66,-0.95,9208,CLP-526B5,1
PEC-82968,Celula_Robotica,Aluminio,Sintetico,Turno_1,3959.8,300.6,1.14,,70.9,130.2,43.3,59,-8.34,6519,CLP-9E3E0,1
PEC-82969, TORNO_CNC ,Aco_Inox,Soluvel,Turno_1,,227.1,4.46,9.5,90.8,106.7,38.7,82,20.53,8119,CLP-521DD,1
PEC-82970, TORNO_CNC ,Aco_Inox,Sintetico,Turno_3,2962.9,271.9,4.03,18.1,41.4,117.3,49.4,164,27.07,9450,CLP-47C92,1
PEC-82971,Torno_CNC,Latao,Soluvel,Turno_1,3687.3,266.7,3.33,58.1,55.9,121.9,49.2,104,-5.28,5599,CLP-510D3,1
PEC-82972,Fresadora,Aco_Inox,Sintetico,Turno_2,3131.5,158.2,1.1,23.4,89.0,119.1,50.5,90,2.19,4244,CLP-D14F6,1
PEC-82973,Fresadora,Aluminio,Sintetico,Turno_2,3809.5,246.7,1.46,44.1,53.9,128.2,51.4,107,-22.67,3395,CLP-EA8B9,1
PEC-82974, TORNO_CNC ,Aco_Carbono,Soluvel,Turno_2,,162.9,1.22,10.0,70.3,143.6,56.6,76,-1.11,7519,CLP-86AF4,1
PEC-82975,Torno_CNC,Aluminio,Semi_Sintetico,Turno_2,3662.7,267.6,3.02,48.2,53.7,123.2,38.4,131,17.45,9584,CLP-B64E4,1
PEC-82976,Centro_Usinagem,Latao,Sintetico,Turno_2,3242.5,213.5,2.1,44.2,48.3,111.2,62.9,38,-9.47,3430,CLP-A3AA5,0
PEC-82977,Torno_CNC,Aco_Carbono,Sintetico,Turno_3,,309.3,0.69,35.9,55.2,98.2,59.4,94,-4.59,2779,CLP-89E0B,1
PEC-82978,Fresadora,Aluminio,Soluvel,Turno_1,3206.8,241.0,1.67,55.7,88.7,122.6,58.7,36,-32.15,1971,CLP-D84F3,1
PEC-82979,Celula_Robotica,Aluminio,Soluvel,Turno_3,2373.8,211.5,3.94,79.2,51.0,110.1,43.4,77,-8.0,3872,CLP-8A943,1
PEC-82980, TORNO_CNC ,Aluminio,Semi_Sintetico,Turno_1,2905.4,310.0,3.68,66.9,61.4,126.4,39.3,67,-34.48,6868,CLP-C0CCD,1
PEC-82981,Torno_CNC,Aluminio,Semi_Sintetico,Turno_1,2771.8,206.4,3.07,,61.9,125.5,45.8,132,-23.36,9702,CLP-E2134,1
PEC-82982,Fresadora,Aco_Carbono,Soluvel,Turno_1,2895.4,294.7,0.84,52.7,76.0,143.5,47.3,12,29.27,4682,CLP-C8B56,1
PEC-82983,Centro_Usinagem,Aco_Inox,Soluvel,Turno_2,4007.2,273.4,4.03,25.9,78.5,123.2,51.9,111,-8.54,1444,CLP-AB9CA,1
PEC-82984,torno_cnc,Aco_Inox,Sintetico,Turno_1,3705.0,231.7,2.64,19.2,66.3,126.8,43.7,139,16.99,6392,CLP-19E42,1
PEC-82985,Celula_Robotica,Aco_Inox,Sintetico,Turno_3,3398.4,183.2,2.48,79.1,26.7,110.2,52.4,139,-6.8,5720,CLP-4FFAD,1
PEC-82986,Torno_CNC,Aco_Inox,Semi_Sintetico,Turno_2,3565.6,312.1,4.24,33.7,54.3,98.5,42.2,171,-9.26,2081,CLP-A7587,1
PEC-82987,torno_cnc,Aco_Inox,Soluvel,Turno_1,2348.5,275.0,0.54,29.3,50.6,136.1,45.4,175,10.38,5805,CLP-1B1B8,1
PEC-82988,Fresadora,Aco_Carbono,Soluvel,Turno_2,3527.7,211.4,2.72,58.7,78.9,138.1,50.8,149,7.06,8921,CLP-82F8E,1
PEC-82989,Centro_Usinagem,Aluminio,Soluvel,Turno_3,3622.8,262.2,3.66,33.2,53.9,115.0,46.0,23,-15.63,6613,CLP-A5A62,0
PEC-82990,Torno_CNC,Aluminio,Soluvel,Turno_2,2192.1,300.3,0.75,73.3,85.2,91.0,39.6,61,-13.68,7123,CLP-1B386,1
PEC-82991,Centro_Usinagem,Aluminio,Soluvel,Turno_1,3544.4,255.6,1.93,8.8,69.9,140.4,37.8,175,-15.1,5819,CLP-731E9,1
PEC-82992,torno_cnc,Aco_Carbono,Semi_Sintetico,Turno_3,2559.2,261.9,4.41,57.4,78.6,137.8,53.5,81,15.65,7007,CLP-7D0E5,1
PEC-82993, TORNO_CNC ,Aluminio,Sintetico,Turno_2,2313.5,301.6,1.35,11.3,92.1,118.2,49.0,65,20.45,6222,CLP-6FDD8,0
PEC-82994,Torno_CNC,Aco_Carbono,Semi_Sintetico,Turno_1,3796.8,326.9,2.62,13.9,53.7,136.0,56.1,166,12.74,2763,CLP-24484,1
PEC-82995,Centro_Usinagem,Aco_Inox,Soluvel,Turno_1,2746.8,244.0,3.48,11.9,45.6,119.4,54.2,135,1.64,5998,CLP-D825B,1
PEC-82996,Torno_CNC,Latao,Soluvel,Turno_2,2877.8,183.1,2.06,,67.2,123.3,42.7,142,-4.61,4841,CLP-C2D7B,1
PEC-82997,Torno_CNC,Aluminio,Soluvel,Turno_3,3645.3,184.9,2.13,51.1,76.4,95.6,53.1,116,5.98,5769,CLP-BAD43,1
PEC-82998,Torno_CNC,Aco_Inox,Soluvel,Turno_1,3062.6,215.5,0.75,42.3,57.0,138.3,47.8,166,6.42,6680,CLP-BB0E0,1
PEC-82999,Centro_Usinagem,Aluminio,Semi_Sintetico,Turno_1,3118.9,203.3,1.26,14.1,65.4,93.7,44.1,50,-7.9,2936,CLP-9125E,1
PEC-83000,Fresadora,Aluminio,Soluvel,Turno_3,3109.1,165.9,4.02,16.0,79.6,145.8,66.2,30,-8.31,7347,CLP-46D45,1
PEC-83001,Fresadora,Aco_Inox,Soluvel,Turno_1,3356.4,342.4,3.77,8.7,78.4,147.3,63.8,34,2.51,9265,CLP-C23BE,1
PEC-83002,Torno_CNC,Aluminio,Soluvel,Turno_3,3098.1,276.4,1.72,23.7,58.0,81.7,50.2,26,10.49,8339,CLP-B2775,0
PEC-83003,Fresadora,Aco_Inox,Soluvel,Turno_1,3251.4,223.8,2.03,21.7,68.3,143.4,38.2,145,-14.08,3480,CLP-39D41,1
PEC-83004,torno_cnc,Aco_Inox,Semi_Sintetico,Turno_2,2973.4,248.4,2.26,10.5,53.8,116.4,41.2,147,12.82,1068,CLP-60281,1
PEC-83005,Centro_Usinagem,Latao,Soluvel,Turno_1,,160.7,1.88,68.0,47.6,126.3,40.7,13,-1.51,5261,CLP-C88D3,1
PEC-83006,Centro_Usinagem,Aluminio,Sintetico,Turno_3,3341.2,307.9,3.12,72.0,81.3,98.8,51.5,80,-6.09,1753,CLP-D174A,1
PEC-83007,Torno_CNC,Aco_Carbono,Sintetico,Turno_2,4054.0,152.5,0.55,9.0,39.4,115.2,48.1,44,7.54,4274,CLP-32EBC,0
PEC-83008,Fresadora,Aluminio,Soluvel,Turno_3,3028.4,275.5,4.02,15.8,67.3,102.3,42.5,28,2.75,3131,CLP-BA435,1
PEC-83009,Torno_CNC,Aco_Inox,Soluvel,Turno_2,3117.1,158.1,1.7,51.6,60.6,108.2,61.5,104,-29.0,6362,CLP-28C82,1
PEC-83010,torno_cnc,Aluminio,Semi_Sintetico,Turno_1,3307.5,229.3,3.99,76.4,71.6,138.3,41.6,174,22.45,7806,CLP-EF58D,1
PEC-83011,Torno_CNC,Aluminio,Sintetico,Turno_1,3634.0,312.1,2.32,7.6,56.8,135.0,59.9,76,-5.32,2857,CLP-3359B,0
PEC-83012,Torno_CNC,Latao,Soluvel,Turno_2,,168.3,3.61,86.4,78.7,132.3,54.4,81,2.03,4692,CLP-4FA45,1
PEC-83013, TORNO_CNC ,Aco_Inox,Soluvel,Turno_2,3246.6,242.6,3.8,,62.3,111.9,50.2,83,7.53,1480,CLP-D7FDD,1
PEC-83014,Fresadora,Aco_Carbono,Soluvel,Turno_3,2071.5,281.4,1.71,40.2,82.4,109.6,38.8,106,-2.2,4204,CLP-2D219,1
PEC-83015,Torno_CNC,Latao,Soluvel,Turno_1,3077.8,273.2,3.06,5.8,67.6,95.3,57.8,58,-14.62,9086,CLP-44B6F,1
PEC-83016,Fresadora,Aluminio,Soluvel,Turno_2,,253.5,2.93,97.2,52.4,130.2,60.8,124,8.88,7808,CLP-83042,1
PEC-83017, TORNO_CNC ,Latao,Soluvel,Turno_3,2873.2,274.8,2.4,,71.5,149.0,46.9,164,0.92,5119,CLP-349D6,1
PEC-83018,Torno_CNC,Aco_Inox,Soluvel,Turno_1,3279.6,219.5,2.38,41.6,70.0,141.8,55.0,39,19.54,2330,CLP-64069,1
PEC-83019,Fresadora,Latao,Soluvel,Turno_3,2962.0,346.6,1.72,12.1,63.7,120.5,45.8,147,-17.85,8197,CLP-5A44B,0
PEC-83020,Torno_CNC,Aco_Carbono,Soluvel,Turno_2,2813.3,169.5,1.74,18.6,56.0,127.4,57.0,108,-0.46,5835,CLP-694A5,1
PEC-83021, TORNO_CNC ,Aco_Inox,Semi_Sintetico,Turno_2,3637.2,308.1,2.69,53.1,75.3,123.7,37.4,37,-3.58,8580,CLP-705B2,1
PEC-83022,Fresadora,Latao,Sintetico,Turno_1,2729.6,259.5,0.63,131.4,53.4,133.6,52.9,65,37.12,3805,CLP-63FAB,1
PEC-83023,Torno_CNC,Aluminio,Seco,Turno_1,3331.8,280.9,4.23,174.2,54.7,146.1,24.9,101,-14.01,5157,CLP-985BA,1
PEC-83024,Torno_CNC,Aluminio,Soluvel,Turno_1,3338.8,289.7,3.1,63.1,71.3,111.5,35.6,51,-2.57,2622,CLP-E6C40,1
PEC-83025, TORNO_CNC ,Aluminio,Sintetico,Turno_3,2816.7,277.8,2.27,70.8,62.5,112.0,36.5,176,3.07,6148,CLP-6348B,1
PEC-83026,Celula_Robotica,Aco_Inox,Soluvel,Turno_3,3270.1,209.4,0.75,127.0,41.4,115.7,45.1,148,8.23,9868,CLP-878C4,1
PEC-83027,Fresadora,Aluminio,Sintetico,Turno_1,2779.3,235.7,3.02,6.4,53.5,119.5,37.9,45,-27.53,3393,CLP-ED1F7,0
PEC-83028,Fresadora,Aco_Carbono,Soluvel,Turno_3,,177.4,0.57,11.5,69.9,130.9,38.0,154,1.28,4564,CLP-943D9,1
PEC-83029,Fresadora,Aco_Inox,Soluvel,Turno_2,2608.3,235.1,3.22,6.9,61.8,119.0,43.6,39,-0.9,3647,CLP-6B4BE,1
PEC-83030,Torno_CNC,Aco_Inox,Seco,Turno_3,3047.2,266.1,0.79,29.3,63.8,107.2,44.0,131,-0.24,7695,CLP-7D34E,1
PEC-83031, TORNO_CNC ,Aco_Inox,Sintetico,Turno_1,3086.3,280.4,3.12,116.4,68.1,107.4,35.8,76,19.6,1505,CLP-D59E1,1
PEC-83032,Fresadora,Aluminio,Seco,Turno_1,3700.8,269.6,2.12,35.6,70.5,102.4,34.3,161,-6.49,7810,CLP-C6DF5,1
PEC-83033,Torno_CNC,Aco_Carbono,Soluvel,Turno_2,3263.0,162.2,3.15,33.4,66.4,118.4,38.2,152,3.83,3506,CLP-E8B96,1
PEC-83034,Torno_CNC,Aco_Carbono,Soluvel,Turno_1,3629.8,221.9,1.05,66.3,25.1,135.5,53.0,84,-7.64,2016,CLP-B751B,1
PEC-83035,Torno_CNC,Latao,Soluvel,Turno_2,3449.6,216.9,0.97,97.6,64.3,126.3,66.1,51,-1.23,2754,CLP-7AD1F,1
PEC-83036, TORNO_CNC ,Aluminio,Sintetico,Turno_2,3446.7,184.5,1.49,47.0,58.8,128.5,56.7,150,1.81,4190,CLP-5A071,1
PEC-83037,Celula_Robotica,Aco_Inox,Sintetico,Turno_1,3050.6,208.2,2.15,84.0,65.4,103.7,42.1,20,9.42,2856,CLP-DC1B3,1
PEC-83038,Torno_CNC,Latao,Seco,Turno_1,3659.4,250.1,1.51,11.7,77.8,102.4,48.3,151,-24.82,6797,CLP-CB888,1
PEC-83039,torno_cnc,Aco_Carbono,Soluvel,Turno_3,3039.7,320.7,0.83,29.5,52.1,122.7,45.0,87,31.04,1730,CLP-F2A71,0
PEC-83040,Torno_CNC,Aluminio,Sintetico,Turno_1,2421.6,202.3,1.8,20.9,65.8,138.7,43.9,50,-3.06,8694,CLP-B1E3C,1
PEC-83041,Celula_Robotica,Aluminio,Soluvel,Turno_1,3103.3,193.6,3.32,19.1,70.7,132.7,45.9,32,-31.62,8516,CLP-9BE93,1
PEC-83042,Torno_CNC,Latao,Soluvel,Turno_2,3404.1,220.0,2.83,13.4,61.3,109.9,47.2,52,28.87,8389,CLP-5C890,1
PEC-83043, TORNO_CNC ,Aco_Carbono,Sintetico,Turno_2,2477.0,266.9,4.35,83.5,49.3,154.4,31.0,74,2.59,9726,CLP-DCBB8,1
PEC-83044,Fresadora,Aco_Inox,Sintetico,Turno_2,2801.7,311.2,2.24,25.9,50.6,89.6,40.0,118,4.04,6721,CLP-3F86A,1
PEC-83045,Fresadora,Aco_Carbono,Soluvel,Turno_3,2646.2,245.7,1.83,31.4,64.6,120.4,44.7,59,-17.96,1946,CLP-8C083,1
PEC-83046, TORNO_CNC ,Aco_Inox,Soluvel,Turno_1,3554.0,177.7,3.27,16.3,57.6,121.5,64.1,83,-27.92,4665,CLP-894AB,1
PEC-83047,Torno_CNC,Aco_Inox,Soluvel,Turno_1,3952.8,188.3,2.15,120.2,41.9,116.9,50.1,159,16.61,1590,CLP-870FB,1
PEC-83048, TORNO_CNC ,Aluminio,Soluvel,Turno_3,3105.6,259.4,2.97,38.1,55.4,127.9,53.8,4,10.26,6479,CLP-BCA5E,1
PEC-83049,Torno_CNC,Aco_Inox,Soluvel,Turno_3,3439.2,299.8,4.29,5.0,49.4,117.0,44.1,148,5.79,8061,CLP-E25E2,0
PEC-83050,Torno_CNC,Aco_Inox,Soluvel,Turno_2,3427.5,340.8,2.5,15.9,74.0,97.6,56.5,73,-16.9,2857,CLP-58EDC,1
PEC-83051, TORNO_CNC ,Aco_Inox,Soluvel,Turno_1,3899.2,190.9,2.49,261.7,47.2,118.7,47.3,44,-9.48,2908,CLP-4CE07,1
PEC-83052,Torno_CNC,Aluminio,Seco,Turno_1,2906.4,257.0,3.6,133.8,82.0,122.5,51.6,26,30.7,4638,CLP-AE1EA,1
PEC-83053,Torno_CNC,Aco_Carbono,Seco,Turno_1,3101.1,198.5,3.52,32.5,90.9,133.7,46.4,19,-19.42,5930,CLP-5FB7D,1
PEC-83054,Fresadora,Latao,Soluvel,Turno_2,3046.7,205.1,2.56,34.1,56.1,141.3,49.4,167,-22.0,4353,CLP-48B3B,1
PEC-83055,Celula_Robotica,Aco_Inox,Seco,Turno_1,3233.9,200.8,0.76,86.2,57.6,107.2,41.2,19,4.53,6212,CLP-9CA13,1
PEC-83056,Fresadora,Aluminio,Sintetico,Turno_1,4326.9,233.3,4.42,48.2,76.3,145.1,59.6,96,4.68,1121,CLP-7917F,1
PEC-83057,Torno_CNC,Latao,Soluvel,Turno_2,3213.9,205.9,2.01,99.2,78.0,113.6,41.1,47,-2.54,2574,CLP-9652E,1
PEC-83058,Torno_CNC,Aco_Inox,Soluvel,Turno_2,2815.4,373.9,1.77,,59.1,112.3,37.4,36,0.12,2430,CLP-76ED7,1
PEC-83059,Celula_Robotica,Aco_Carbono,Seco,Turno_2,2680.5,227.0,4.43,135.4,59.7,113.8,46.3,88,-12.62,3907,CLP-CD06F,1
PEC-83060,Torno_CNC,Aco_Carbono,Sintetico,Turno_2,3763.7,299.4,3.99,32.1,59.8,90.7,60.0,165,-35.09,7767,CLP-5E924,1
PEC-83061,Torno_CNC,Aco_Inox,Semi_Sintetico,Turno_2,2813.3,217.0,1.82,41.2,54.8,113.7,39.5,164,-7.62,6825,CLP-4AE5D,1
PEC-83062,torno_cnc,Aco_Carbono,Semi_Sintetico,Turno_1,3498.6,361.7,1.73,8.0,75.9,139.7,43.6,105,-13.1,7299,CLP-9ED23,1
PEC-83063,Fresadora,Aco_Carbono,Soluvel,Turno_2,2894.1,267.0,3.38,38.1,66.9,127.2,47.1,105,25.03,4899,CLP-97E3A,1
PEC-83064,Fresadora,Aco_Inox,Soluvel,Turno_1,2630.0,291.8,1.84,56.1,56.3,123.4,34.4,51,12.91,5546,CLP-A3223,1
PEC-83065,Torno_CNC,Aco_Inox,Soluvel,Turno_1,3472.3,220.4,1.51,,65.8,125.3,34.0,88,-0.27,1509,CLP-77C70,1
PEC-83066,Torno_CNC,Aco_Inox,Soluvel,Turno_2,2916.2,298.8,4.42,29.4,60.5,138.9,54.0,142,-20.91,1512,CLP-F142D,1
PEC-83067,Celula_Robotica,Aco_Inox,Soluvel,Turno_2,3391.4,266.7,2.76,22.5,95.0,106.8,45.6,38,-30.87,1932,CLP-2DBA0,1
PEC-83068,Torno_CNC,Aluminio,Soluvel,Turno_2,3424.7,231.1,3.55,126.6,62.0,133.6,36.5,53,4.39,5857,CLP-46AE8,1
PEC-83069,Fresadora,Aluminio,Soluvel,Turno_2,3445.8,196.0,3.35,27.7,73.9,121.0,42.5,139,2.97,7214,CLP-6D6BE,1
PEC-83070,Fresadora,Aco_Inox,Soluvel,Turno_3,3079.3,238.1,3.52,9.7,70.2,108.2,40.5,22,-1.86,7349,CLP-8A11D,1
PEC-83071,Fresadora,Latao,Soluvel,Turno_2,3508.8,233.8,4.11,,63.2,127.0,45.1,4,20.36,3105,CLP-DD22B,1
PEC-83072,Torno_CNC,Aco_Inox,Soluvel,Turno_2,2784.9,293.5,2.5,56.8,70.3,121.3,46.6,57,-15.99,1527,CLP-6DE86,1
PEC-83073,Torno_CNC,Aco_Inox,Soluvel,Turno_2,2095.7,238.4,3.51,32.8,67.5,107.9,27.8,88,13.4,4163,CLP-84F36,0
PEC-83074,torno_cnc,Aco_Inox,Soluvel,Turno_1,3518.1,153.9,3.69,5.1,94.8,104.0,55.7,26,-0.72,6695,CLP-77A60,1
PEC-83075,Centro_Usinagem,Aluminio,Sintetico,Turno_1,3274.5,282.3,4.29,21.9,63.8,113.5,45.6,5,-6.15,1411,CLP-CB860,1
PEC-83076,Celula_Robotica,Aluminio,Seco,Turno_2,2925.5,314.7,3.35,90.9,33.7,112.3,39.9,102,-3.65,3117,CLP-727ED,1
PEC-83077,Torno_CNC,Aco_Inox,Soluvel,Turno_1,2538.0,166.7,4.07,108.3,91.3,138.3,52.1,63,1.22,7033,CLP-8F959,1
PEC-83078,Torno_CNC,Aco_Inox,Soluvel,Turno_2,2283.5,340.2,0.88,6.9,58.9,116.8,36.7,140,0.46,5689,CLP-554CD,0
PEC-83079,Celula_Robotica,Aco_Carbono,Semi_Sintetico,Turno_2,3223.3,319.8,1.0,9.6,66.0,114.4,42.5,2,-9.86,6326,CLP-27986,0
PEC-83080,Fresadora,Latao,Sintetico,Turno_3,3942.0,218.5,1.13,5.2,58.5,136.9,35.3,166,17.01,1909,CLP-60486,1
PEC-83081,Centro_Usinagem,Aco_Inox,Semi_Sintetico,Turno_3,3137.6,194.1,1.08,76.1,57.8,140.2,51.0,57,19.65,5749,CLP-40CFF,1
PEC-83082,Torno_CNC,Aco_Inox,Soluvel,Turno_1,3037.4,302.6,0.85,,51.6,107.5,54.5,39,-7.2,2042,CLP-D177B,0
PEC-83083,torno_cnc,Aluminio,Semi_Sintetico,Turno_2,3189.0,181.5,0.99,9.0,41.0,101.3,48.1,158,-3.29,1274,CLP-3FADD,1
PEC-83084,Fresadora,Aco_Carbono,Seco,Turno_1,4180.6,216.6,4.48,14.0,56.4,127.7,43.5,28,-16.38,5991,CLP-F3D43,1
PEC-83085,Fresadora,Aco_Inox,Sintetico,Turno_1,3538.4,184.2,1.59,92.2,71.2,116.9,34.8,171,31.52,4238,CLP-D1400,1
PEC-83086, TORNO_CNC ,Latao,Soluvel,Turno_3,2779.9,250.3,2.41,45.8,45.2,111.8,41.3,69,15.62,3213,CLP-BF480,1
PEC-83087,Torno_CNC,Aluminio,Semi_Sintetico,Turno_1,3212.6,323.3,3.79,38.6,71.1,135.6,46.9,169,-10.49,1031,CLP-3FAA2,1
PEC-83088,torno_cnc,Aluminio,Semi_Sintetico,Turno_1,3349.6,268.7,0.97,58.7,92.8,116.1,40.4,155,25.5,4085,CLP-D95B3,1
PEC-83089,Torno_CNC,Aluminio,Semi_Sintetico,Turno_3,2724.6,300.9,1.77,46.4,68.4,148.8,41.4,169,-20.7,4937,CLP-A285F,1
PEC-83090, TORNO_CNC ,Latao,Soluvel,Turno_3,3541.6,232.4,1.14,53.0,48.3,120.7,36.0,161,-4.2,9854,CLP-46891,1
PEC-83091,Celula_Robotica,Aco_Carbono,Semi_Sintetico,Turno_3,,254.9,0.75,7.7,69.8,122.5,39.1,142,-2.43,9018,CLP-C2A02,0
PEC-83092, TORNO_CNC ,Aco_Inox,Soluvel,Turno_3,2520.1,188.7,4.34,36.2,76.5,153.6,33.3,44,-5.92,3648,CLP-3A644,1
PEC-83093,Centro_Usinagem,Aco_Inox,Soluvel,Turno_2,3234.3,245.2,3.93,54.0,80.7,124.6,47.2,106,-15.41,8125,CLP-813DD,1
PEC-83094,Torno_CNC,Aluminio,Sintetico,Turno_1,3163.0,212.7,4.02,34.2,67.3,109.4,45.4,19,8.62,5042,CLP-AF6AD,1
PEC-83095,Fresadora,Aco_Inox,Soluvel,Turno_2,3199.5,242.0,3.97,5.4,72.3,104.7,45.8,110,23.52,6937,CLP-BFF99,1
PEC-83096,Celula_Robotica,Aco_Carbono,Sintetico,Turno_2,2855.9,238.5,1.12,13.3,75.2,113.1,42.1,17,-7.15,4422,CLP-D0E6A,1
PEC-83097,Torno_CNC,Aco_Carbono,Sintetico,Turno_1,2918.7,234.3,3.64,120.3,72.2,123.5,40.3,94,-34.44,8876,CLP-19C1F,1
PEC-83098,Torno_CNC,Aco_Carbono,Soluvel,Turno_3,3707.8,355.4,3.41,47.7,68.8,133.7,42.6,101,-18.04,8541,CLP-44B48,1
PEC-83099, TORNO_CNC ,Latao,Sintetico,Turno_2,3398.5,338.4,4.2,45.8,57.3,97.4,41.6,76,4.45,7507,CLP-43A14,0
PEC-83100,Torno_CNC,Aco_Inox,Seco,Turno_1,2769.5,320.8,1.38,42.8,76.5,120.0,46.2,71,-14.05,4010,CLP-80461,1
PEC-83101,Fresadora,Aco_Carbono,Soluvel,Turno_1,2322.2,339.8,2.16,9.8,58.6,139.2,59.7,86,-14.35,8607,CLP-6AB9A,0
PEC-83102,Centro_Usinagem,Aco_Carbono,Sintetico,Turno_1,2788.5,321.0,1.68,5.1,96.2,123.9,43.5,117,-1.23,9334,CLP-81316,1
PEC-83103, TORNO_CNC ,Aco_Inox,Soluvel,Turno_3,3270.8,248.9,1.53,25.3,57.3,140.3,40.3,153,-1.62,8480,CLP-559A3,1
PEC-83104,Torno_CNC,Aco_Carbono,Soluvel,Turno_2,2915.6,243.8,3.11,25.6,74.6,97.4,43.0,160,-22.32,9862,CLP-2439C,1
PEC-83105, TORNO_CNC ,Aco_Inox,Soluvel,Turno_2,2880.7,261.8,1.16,63.5,49.7,116.6,41.1,23,4.84,1580,CLP-47D29,0
PEC-83106,Fresadora,Aco_Carbono,Soluvel,Turno_2,2934.9,239.5,2.36,12.0,59.3,121.8,41.0,164,-5.5,3061,CLP-6E5E6,1
PEC-83107,Torno_CNC,Aluminio,Soluvel,Turno_2,3167.3,198.0,3.09,16.3,57.9,128.3,40.3,169,0.95,1850,CLP-9D0BA,1
PEC-83108,torno_cnc,Aco_Inox,Seco,Turno_3,3553.1,264.8,1.02,7.9,48.6,107.2,50.5,143,5.92,1105,CLP-3D6E4,1
PEC-83109,Fresadora,Aluminio,Sintetico,Turno_2,,171.7,1.53,22.9,58.1,126.2,50.4,51,-17.31,5329,CLP-20447,0
PEC-83110,Fresadora,Aluminio,Sintetico,Turno_3,3227.9,256.9,4.37,15.3,69.3,127.4,52.2,26,-24.08,1127,CLP-7F97D,1
PEC-83111,Torno_CNC,Aco_Inox,Soluvel,Turno_3,3098.8,200.3,3.68,15.7,62.0,118.9,53.9,116,9.06,2271,CLP-53FC7,1
PEC-83112,Fresadora,Aco_Inox,Sintetico,Turno_3,2975.3,245.9,3.21,15.3,79.3,127.0,42.1,7,-16.4,1501,CLP-5B888,1
PEC-83113,Torno_CNC,Aluminio,Soluvel,Turno_2,3602.4,259.6,3.92,14.2,53.8,124.7,32.5,94,6.05,7788,CLP-F28B9,1
PEC-83114,Torno_CNC,Aluminio,Soluvel,Turno_3,3534.1,232.4,0.56,18.5,73.4,110.1,60.8,123,-8.57,2047,CLP-3A368,1
PEC-83115,Centro_Usinagem,Aco_Carbono,Soluvel,Turno_2,4120.4,168.0,0.52,31.9,57.9,117.6,26.9,153,10.89,5049,CLP-ACA52,1
PEC-83116,Fresadora,Latao,Soluvel,Turno_3,3474.8,190.6,1.12,25.2,78.6,101.3,42.3,23,9.86,7524,CLP-D53C2,1
PEC-83117,Torno_CNC,Aluminio,Soluvel,Turno_3,2975.7,272.9,2.48,7.3,74.4,97.6,33.6,27,-0.72,6369,CLP-4E925,1
PEC-83118,Torno_CNC,Aco_Carbono,Sintetico,Turno_3,2792.9,222.1,2.78,24.4,77.2,123.8,48.2,165,22.91,3900,CLP-20A5C,1
PEC-83119,Torno_CNC,Aluminio,Semi_Sintetico,Turno_3,3628.8,278.0,0.95,70.5,63.1,91.6,37.3,29,7.07,4536,CLP-A9278,1
PEC-83120,Torno_CNC,Aco_Carbono,Soluvel,Turno_2,2833.3,250.5,0.79,8.7,81.0,116.4,54.1,81,-10.16,6173,CLP-C7A91,1
PEC-83121,Torno_CNC,Aco_Inox,Soluvel,Turno_1,3564.4,240.1,3.81,106.1,45.1,126.2,46.9,49,21.03,2974,CLP-9B28A,1
PEC-83122,Torno_CNC,Aco_Inox,Soluvel,Turno_1,2858.0,267.4,2.36,17.9,70.4,120.2,57.1,68,-4.3,5838,CLP-7240B,0
PEC-83123, TORNO_CNC ,Aluminio,Seco,Turno_3,3357.1,216.3,4.47,5.5,66.7,152.8,45.8,99,-10.78,5947,CLP-1BF5C,1
PEC-83124,Fresadora,Aco_Inox,Semi_Sintetico,Turno_1,2723.1,270.0,1.42,15.2,75.0,126.4,54.3,18,-1.26,1509,CLP-2819B,1
PEC-83125,Fresadora,Aco_Carbono,Sintetico,Turno_2,3550.9,229.0,3.09,7.5,64.1,116.0,36.3,40,-7.27,9689,CLP-35C32,1
PEC-83126,Fresadora,Aco_Carbono,Seco,Turno_2,2644.8,376.8,3.72,34.2,53.2,129.1,52.9,49,-24.18,5942,CLP-EB2C2,1
PEC-83127,Torno_CNC,Aco_Inox,Soluvel,Turno_2,3322.8,193.3,3.99,18.3,51.9,100.3,43.9,33,8.2,3411,CLP-D1106,1
PEC-83128,Celula_Robotica,Aluminio,Seco,Turno_3,3111.0,232.1,1.73,62.6,64.9,135.0,46.9,7,10.35,1767,CLP-36F39,1
PEC-83129,Centro_Usinagem,Aco_Carbono,Soluvel,Turno_2,3245.8,234.2,1.27,51.2,61.9,112.4,52.4,171,0.55,9880,CLP-AFA8C,1
PEC-83130,Centro_Usinagem,Aco_Carbono,Soluvel,Turno_3,3021.9,182.4,1.4,27.1,75.3,136.6,48.1,179,11.6,7080,CLP-8A2C2,1
PEC-83131,Centro_Usinagem,Aco_Inox,Sintetico,Turno_2,3011.3,286.3,3.17,33.8,76.4,126.0,38.7,61,12.49,9037,CLP-7235B,1
PEC-83132,Celula_Robotica,Aco_Inox,Soluvel,Turno_3,3269.7,228.6,2.59,37.8,65.6,129.4,41.1,86,14.03,8359,CLP-5DC92,1
PEC-83133,torno_cnc,Aluminio,Sintetico,Turno_1,2749.0,131.0,2.9,16.0,65.3,111.7,36.5,44,-9.77,6030,CLP-8ABE2,1
PEC-83134,Torno_CNC,Aluminio,Soluvel,Turno_1,2746.4,284.8,0.58,10.3,77.8,102.8,50.7,91,4.58,6726,CLP-40924,1
PEC-83135,Fresadora,Aco_Inox,Sintetico,Turno_3,3038.7,218.2,2.06,21.5,62.1,102.6,42.2,1,-8.78,4836,CLP-3594C,0
PEC-83136,Fresadora,Aco_Inox,Soluvel,Turno_2,3021.1,244.8,1.74,8.5,62.6,94.3,41.4,107,-19.95,2316,CLP-38668,1
PEC-83137,Fresadora,Aco_Carbono,Soluvel,Turno_2,2747.6,283.8,3.96,,49.1,114.2,46.6,141,-30.46,8073,CLP-3905B,1
PEC-83138,torno_cnc,Aluminio,Seco,Turno_2,3615.9,231.8,3.61,33.2,75.5,111.2,43.1,138,23.64,1085,CLP-6A5BC,1
PEC-83139,Torno_CNC,Latao,Semi_Sintetico,Turno_1,3049.5,231.4,2.22,32.2,63.9,135.2,54.4,151,-0.9,7179,CLP-6BA94,1
PEC-83140, TORNO_CNC ,Aco_Carbono,Seco,Turno_2,3098.0,373.2,3.02,9.5,78.6,104.5,51.3,76,-16.67,2855,CLP-B9D92,1
PEC-83141,Celula_Robotica,Latao,Sintetico,Turno_1,2602.6,142.3,0.69,5.3,50.5,152.9,50.8,124,-17.8,9656,CLP-3474B,0
PEC-83142,torno_cnc,Aco_Inox,Sintetico,Turno_2,4132.2,185.7,3.05,,59.1,105.0,41.7,47,-26.11,9905,CLP-31399,1
PEC-83143,torno_cnc,Aco_Carbono,Sintetico,Turno_2,4292.2,195.4,0.89,6.3,76.4,106.4,50.7,15,2.29,8935,CLP-88F81,0
PEC-83144,Torno_CNC,Aco_Inox,Soluvel,Turno_2,2848.8,339.5,3.36,22.9,68.9,97.8,49.0,12,29.6,2648,CLP-E5DB3,1
PEC-83145, TORNO_CNC ,Aluminio,Soluvel,Turno_2,3751.7,217.8,2.8,22.3,50.8,120.1,35.3,24,-9.95,2545,CLP-DE8EF,1
PEC-83146,Centro_Usinagem,Aluminio,Soluvel,Turno_3,3158.7,262.0,1.7,14.7,76.1,115.2,43.0,113,-9.86,9952,CLP-5CB55,1
PEC-83147,Fresadora,Aco_Inox,Semi_Sintetico,Turno_2,3921.7,226.3,1.98,13.5,49.3,118.4,43.6,160,-22.14,8626,CLP-DEC80,1
PEC-83148,Fresadora,Aco_Carbono,Soluvel,Turno_3,3351.3,280.2,0.86,,74.9,126.1,57.0,144,8.64,1030,CLP-EC857,1
PEC-83149, TORNO_CNC ,Aco_Carbono,Seco,Turno_2,3244.9,249.4,1.79,8.2,53.2,134.7,41.6,99,3.22,6403,CLP-A1D47,0
PEC-83150,Fresadora,Aco_Inox,Sintetico,Turno_2,2075.3,262.7,4.37,13.4,79.5,102.5,48.9,118,-2.19,9610,CLP-59235,1
PEC-83151,Torno_CNC,Aluminio,Sintetico,Turno_1,2804.6,314.4,2.44,23.2,66.4,120.3,55.4,18,6.08,6375,CLP-D7ACE,0
PEC-83152,Fresadora,Aco_Inox,Soluvel,Turno_1,3209.2,272.0,2.4,8.5,69.1,132.8,37.6,18,-22.9,1722,CLP-F3CEE,1
PEC-83153, TORNO_CNC ,Aluminio,Soluvel,Turno_2,3289.4,213.2,3.02,69.3,64.0,103.6,47.2,143,-29.76,2525,CLP-3255B,1
PEC-83154, TORNO_CNC ,Aco_Carbono,Seco,Turno_1,2653.3,265.6,2.44,44.4,66.1,161.5,61.3,87,-19.97,5684,CLP-9E443,1
PEC-83155,Fresadora,Aco_Inox,Soluvel,Turno_3,2872.1,370.9,1.92,21.9,66.0,155.1,32.4,99,-16.35,5158,CLP-E1791,1
PEC-83156,Celula_Robotica,Latao,Soluvel,Turno_2,3449.1,278.2,1.06,10.7,73.5,118.9,40.1,135,1.21,7560,CLP-8A8F5,1
PEC-83157,Torno_CNC,Aco_Inox,Soluvel,Turno_3,2577.6,257.6,3.02,12.6,64.2,103.4,47.2,136,-11.5,9374,CLP-AFAC1,1
PEC-83158,Centro_Usinagem,Aluminio,Soluvel,Turno_3,3260.2,181.5,3.5,9.5,82.5,105.3,47.9,116,21.62,6681,CLP-30B98,1
PEC-83159,Torno_CNC,Aluminio,Soluvel,Turno_1,3757.1,286.2,4.19,11.1,56.2,123.5,46.3,114,23.33,7707,CLP-BD6F8,1
PEC-83160, TORNO_CNC ,Aco_Inox,Sintetico,Turno_1,3373.5,293.6,0.51,24.2,75.3,129.6,49.4,28,-8.2,8982,CLP-DA8C1,1
PEC-83161,Torno_CNC,Aco_Inox,Soluvel,Turno_2,3351.0,265.6,0.77,14.9,71.8,92.4,55.1,158,-2.4,3390,CLP-9FFF4,1
PEC-83162,Torno_CNC,Aco_Carbono,Sintetico,Turno_1,2290.9,255.7,4.1,80.6,79.8,105.8,45.4,154,-14.19,5201,CLP-1A13A,1
PEC-83163,torno_cnc,Aco_Carbono,Soluvel,Turno_1,2830.1,391.6,3.02,118.5,66.5,122.1,44.4,141,4.33,5465,CLP-407BC,1
PEC-83164,Torno_CNC,Aco_Inox,Semi_Sintetico,Turno_3,4124.4,292.8,4.33,46.1,69.0,98.9,49.8,169,12.81,8983,CLP-6FE97,1
PEC-83165, TORNO_CNC ,Aluminio,Semi_Sintetico,Turno_3,2930.4,312.0,2.22,,68.8,115.5,60.9,145,12.29,4267,CLP-46CBF,1
PEC-83166,Celula_Robotica,Aco_Inox,Soluvel,Turno_3,3769.0,253.3,2.17,15.3,50.4,126.5,49.8,46,-4.61,5941,CLP-BFCD8,1
PEC-83167,Torno_CNC,Aco_Inox,Soluvel,Turno_2,2925.1,243.4,1.88,43.3,69.7,117.6,53.3,45,-8.19,1380,CLP-66C2C,1
PEC-83168,Fresadora,Aluminio,Soluvel,Turno_2,3075.0,281.6,1.07,7.1,104.2,109.0,32.4,61,-9.8,5200,CLP-DEF6C,1
PEC-83169, TORNO_CNC ,Aco_Inox,Semi_Sintetico,Turno_2,3432.0,243.4,2.01,117.9,84.3,121.3,43.6,106,22.91,2275,CLP-D74C3,1
PEC-83170,Fresadora,Aco_Carbono,Sintetico,Turno_2,3245.3,247.5,0.56,43.8,55.6,127.6,35.3,7,-8.11,4550,CLP-711AC,0
PEC-83171,Torno_CNC,Aco_Carbono,Seco,Turno_2,3371.7,273.2,2.54,18.3,43.4,106.2,45.1,78,12.81,7363,CLP-26124,1
PEC-83172,Torno_CNC,Latao,Soluvel,Turno_1,,224.4,3.89,56.9,65.6,125.2,56.4,164,-5.0,5126,CLP-83A19,1
PEC-83173,Torno_CNC,Aluminio,Soluvel,Turno_3,2688.7,261.0,1.78,5.6,78.0,124.9,34.7,144,-27.48,8493,CLP-C48D4,1
PEC-83174,Torno_CNC,Latao,Soluvel,Turno_3,2801.4,254.0,0.88,21.5,64.5,127.8,58.9,15,-1.48,6607,CLP-28BE9,0
PEC-83175,Torno_CNC,Aluminio,Soluvel,Turno_2,2960.5,298.4,4.4,84.1,87.7,123.9,45.0,168,-22.36,7150,CLP-7FC0E,1
PEC-83176,Fresadora,Aluminio,Sintetico,Turno_3,3096.8,219.4,1.02,15.7,55.6,122.0,52.1,110,-8.54,2433,CLP-C066D,0
PEC-83177,Centro_Usinagem,Latao,Soluvel,Turno_1,3666.8,150.0,2.61,43.6,67.7,117.7,53.2,36,-13.14,8819,CLP-7F0B0,1
PEC-83178,Centro_Usinagem,Aluminio,Sintetico,Turno_1,3239.3,234.5,3.74,20.6,63.7,115.5,61.0,97,0.92,2677,CLP-92121,1
PEC-83179,Fresadora,Aco_Inox,Sintetico,Turno_3,3418.1,269.9,1.51,22.4,73.8,130.8,49.6,173,-8.18,1808,CLP-D8881,1
PEC-83180,Torno_CNC,Aco_Carbono,Semi_Sintetico,Turno_3,3263.7,298.2,3.87,53.0,74.6,118.6,38.0,171,-13.03,6405,CLP-A1DEF,1
PEC-83181,Torno_CNC,Latao,Soluvel,Turno_2,2698.1,215.4,2.73,89.4,79.3,128.0,53.1,1,9.78,3056,CLP-C0438,1
PEC-83182,Torno_CNC,Aco_Carbono,Seco,Turno_1,3207.8,277.1,1.83,11.4,63.5,127.8,23.6,163,-7.77,8501,CLP-27CA6,1
PEC-83183,Torno_CNC,Aluminio,Seco,Turno_3,3258.9,306.8,3.96,16.3,80.1,105.9,37.7,39,1.93,8571,CLP-82041,1
PEC-83184,torno_cnc,Aluminio,Seco,Turno_1,3542.0,287.6,2.99,28.4,69.1,115.2,40.4,134,1.34,1501,CLP-245F5,1
PEC-83185,torno_cnc,Latao,Semi_Sintetico,Turno_2,2719.1,210.5,2.96,38.3,81.3,119.2,28.2,10,-12.55,1130,CLP-3EB39,1
PEC-83186, TORNO_CNC ,Aco_Inox,Semi_Sintetico,Turno_1,2281.8,215.8,2.52,27.1,83.0,121.4,58.5,15,-1.01,6156,CLP-39BD9,0
PEC-83187, TORNO_CNC ,Aluminio,Sintetico,Turno_3,3279.3,271.8,1.6,62.3,65.2,126.4,55.6,12,-10.41,3459,CLP-AD4DC,0
PEC-83188,Centro_Usinagem,Aco_Inox,Soluvel,Turno_2,3359.2,331.3,1.72,56.1,56.9,122.7,48.6,32,-2.78,4657,CLP-35213,1
PEC-83189,Fresadora,Aluminio,Sintetico,Turno_3,3119.3,250.7,0.85,23.2,67.4,120.6,52.8,55,-8.05,5539,CLP-75433,1
PEC-83190,Torno_CNC,Aluminio,Sintetico,Turno_1,3212.6,241.7,1.47,6.5,76.9,113.5,47.9,69,5.1,9521,CLP-40C89,1
PEC-83191,Centro_Usinagem,Aco_Inox,Seco,Turno_1,3595.4,181.5,1.61,12.6,46.9,135.9,51.9,170,7.87,3235,CLP-224E0,1
PEC-83192,Celula_Robotica,Aco_Inox,Sintetico,Turno_3,2993.5,231.8,0.73,28.4,59.1,125.2,55.1,130,-26.77,1235,CLP-612E8,1
PEC-83193,Torno_CNC,Aluminio,Soluvel,Turno_1,3074.6,214.2,0.94,96.9,73.2,118.3,33.4,41,-15.46,8315,CLP-37A12,1
PEC-83194, TORNO_CNC ,Aco_Inox,Sintetico,Turno_2,3235.6,251.4,1.58,34.3,33.9,114.2,52.3,42,-13.87,6885,CLP-3AB35,0
PEC-83195,torno_cnc,Aco_Inox,Seco,Turno_1,2651.1,174.4,3.21,31.5,52.6,124.2,54.0,134,-5.1,6327,CLP-5CC1A,1
PEC-83196,Celula_Robotica,Aco_Carbono,Soluvel,Turno_3,3131.6,233.6,1.24,50.1,57.6,120.4,40.3,154,21.14,1887,CLP-3AAFE,1
PEC-83197,Centro_Usinagem,Aco_Inox,Soluvel,Turno_1,3171.3,199.6,2.59,10.8,64.0,97.1,43.2,72,-26.43,9583,CLP-2B030,1
PEC-83198,Torno_CNC,Aluminio,Sintetico,Turno_2,3936.7,297.0,2.53,10.6,61.1,105.1,38.8,23,6.84,4788,CLP-BFA5E,0
PEC-83199, TORNO_CNC ,Latao,Soluvel,Turno_2,3065.8,207.0,3.84,19.8,61.4,139.6,47.5,166,13.04,7101,CLP-E7F14,1
PEC-83200,torno_cnc,Aco_Inox,Soluvel,Turno_2,3290.0,221.4,2.94,189.4,49.0,125.6,48.1,17,-8.85,9775,CLP-3F761,1
PEC-83201,torno_cnc,Aco_Inox,Soluvel,Turno_1,3613.4,264.1,4.17,78.0,86.2,110.4,46.6,179,2.82,2823,CLP-7292F,1
PEC-83202,Torno_CNC,Aluminio,Semi_Sintetico,Turno_2,,227.3,3.01,44.9,57.7,114.4,38.9,80,8.7,1107,CLP-A1056,1
PEC-83203,Centro_Usinagem,Aco_Carbono,Soluvel,Turno_2,3819.1,368.0,0.6,22.4,42.2,107.1,56.0,173,-9.81,1663,CLP-AF457,1
PEC-83204,Fresadora,Latao,Soluvel,Turno_1,3993.7,296.5,2.03,33.3,78.6,112.1,40.3,110,-14.89,4541,CLP-AAA4A,1
PEC-83205,Centro_Usinagem,Latao,Semi_Sintetico,Turno_2,3187.0,250.9,3.3,17.7,55.7,135.4,49.4,91,31.09,4287,CLP-65069,1
PEC-83206,Centro_Usinagem,Aco_Carbono,Seco,Turno_3,2957.3,268.4,2.4,44.3,50.5,117.3,51.3,96,-12.55,7399,CLP-229DB,1
PEC-83207,Fresadora,Aco_Inox,Seco,Turno_1,3932.2,132.2,2.18,24.0,73.1,132.5,31.3,153,1.19,1531,CLP-E3EF8,1
PEC-83208, TORNO_CNC ,Aco_Inox,Soluvel,Turno_2,3558.0,311.6,3.19,9.5,58.8,144.4,47.7,32,-15.87,8476,CLP-A0015,1
PEC-83209,Fresadora,Aco_Inox,Seco,Turno_2,3236.9,275.6,1.64,13.5,67.0,114.1,55.0,19,13.84,5595,CLP-27D02,1
PEC-83210,Torno_CNC,Aco_Inox,Soluvel,Turno_1,3842.1,246.3,4.14,37.8,57.4,100.6,44.9,83,-30.05,4184,CLP-459AE,1
PEC-83211,Fresadora,Aco_Carbono,Sintetico,Turno_1,3794.4,278.3,2.15,46.5,59.4,126.5,52.2,139,-2.65,9959,CLP-AA372,1
PEC-83212,Torno_CNC,Aluminio,Sintetico,Turno_2,3048.7,284.4,3.02,8.5,53.1,107.7,39.6,86,-6.26,4174,CLP-33623,1
PEC-83213,Fresadora,Aco_Inox,Soluvel,Turno_3,3311.9,229.2,4.43,62.8,50.4,120.0,53.4,175,-2.52,1284,CLP-B904E,1
PEC-83214,Torno_CNC,Aco_Carbono,Sintetico,Turno_1,3459.6,269.0,3.64,65.9,106.7,122.5,35.9,80,25.42,3010,CLP-71F96,1
PEC-83215,Torno_CNC,Aco_Inox,Soluvel,Turno_3,3212.9,302.4,2.63,49.9,55.1,147.9,44.8,171,1.93,2838,CLP-3F1B5,1
PEC-83216,Torno_CNC,Aluminio,Semi_Sintetico,Turno_2,,272.7,3.94,,47.4,124.8,54.9,75,-28.56,5430,CLP-69EC3,0
PEC-83217,Torno_CNC,Aluminio,Soluvel,Turno_1,2777.8,237.4,2.74,14.2,78.6,113.1,54.4,111,-8.71,8887,CLP-9BEB5,1
PEC-83218,Fresadora,Aluminio,Sintetico,Turno_2,2588.8,264.8,2.27,93.2,68.2,129.4,34.6,134,-8.16,3041,CLP-E1D32,1
PEC-83219,Fresadora,Aluminio,Soluvel,Turno_3,3421.8,319.1,3.99,15.9,65.2,132.2,43.3,105,22.55,6981,CLP-902E8,1
PEC-83220,torno_cnc,Aco_Inox,Soluvel,Turno_1,2667.0,289.2,0.61,12.1,59.1,138.1,40.2,61,-5.64,8587,CLP-E3E9E,0
PEC-83221,Torno_CNC,Aluminio,Seco,Turno_2,3286.6,191.8,2.13,40.6,60.1,106.2,54.4,62,-6.36,6126,CLP-222AA,1
PEC-83222,Torno_CNC,Aco_Carbono,Semi_Sintetico,Turno_2,4024.4,279.3,1.87,20.8,61.4,139.4,44.4,19,9.74,9696,CLP-28667,1
PEC-83223,Torno_CNC,Latao,Seco,Turno_1,3842.5,272.7,3.36,99.6,78.6,154.3,46.2,106,45.73,5802,CLP-9B19F,1
PEC-83224,Torno_CNC,Aluminio,Soluvel,Turno_1,,308.2,0.55,26.6,62.0,139.0,48.9,32,-33.04,2008,CLP-76BF5,0
PEC-83225,Centro_Usinagem,Aluminio,Soluvel,Turno_1,2624.6,251.6,3.14,11.3,78.7,141.8,35.3,31,-9.32,8404,CLP-4968E,1
PEC-83226,Torno_CNC,Aco_Carbono,Sintetico,Turno_1,2850.6,231.5,1.89,115.6,64.4,113.5,47.4,101,-15.16,5199,CLP-77C61,1
PEC-83227, TORNO_CNC ,Latao,Soluvel,Turno_1,2673.9,181.6,0.89,30.4,62.5,145.3,36.9,132,-8.5,9546,CLP-F20AE,1
PEC-83228,Torno_CNC,Aco_Inox,Soluvel,Turno_3,2455.8,215.3,4.42,30.6,52.7,112.9,41.1,123,0.51,8417,CLP-AFFBC,0
PEC-83229,Torno_CNC,Aluminio,Sintetico,Turno_3,3195.1,310.4,1.35,22.1,90.7,119.4,41.5,109,30.16,4767,CLP-70D2E,1
PEC-83230,torno_cnc,Aco_Carbono,Soluvel,Turno_1,3517.3,259.9,1.9,68.3,65.2,113.0,48.9,163,18.98,4108,CLP-C9E0A,1
PEC-83231,Fresadora,Aluminio,Soluvel,Turno_2,3629.3,245.0,1.33,16.9,65.0,111.3,38.7,13,-8.94,5278,CLP-29EF1,1
PEC-83232,Torno_CNC,Aco_Inox,Soluvel,Turno_1,2986.5,314.8,3.15,5.5,87.3,119.9,41.2,167,19.79,6539,CLP-C17E9,1
PEC-83233,Torno_CNC,Aluminio,Sintetico,Turno_1,3077.6,304.5,3.63,29.1,70.0,102.7,47.6,76,10.25,3678,CLP-70556,1
PEC-83234, TORNO_CNC ,Aco_Inox,Sintetico,Turno_1,,213.2,3.94,96.1,71.3,109.7,56.1,87,19.26,1460,CLP-F1910,1
PEC-83235,Torno_CNC,Aluminio,Soluvel,Turno_1,3151.2,310.0,1.74,16.2,65.7,105.4,48.5,58,22.25,6862,CLP-D45DA,0
PEC-83236,Torno_CNC,Aluminio,Sintetico,Turno_3,3564.8,167.1,2.6,15.8,55.7,143.0,54.0,131,-24.11,8346,CLP-7CA5C,1
PEC-83237,Celula_Robotica,Aco_Carbono,Soluvel,Turno_1,3393.7,273.0,3.15,51.9,79.6,144.3,28.0,114,-9.71,6636,CLP-C0BE9,1
PEC-83238,Fresadora,Aluminio,Seco,Turno_2,3030.7,267.1,3.02,57.3,48.0,158.2,56.5,145,4.91,2765,CLP-A6A58,1
PEC-83239,torno_cnc,Aco_Inox,Seco,Turno_1,2364.5,307.5,3.36,25.0,53.3,119.0,38.1,58,-3.31,1864,CLP-52BFA,0
PEC-83240, TORNO_CNC ,Aco_Inox,Sintetico,Turno_1,3874.6,269.1,3.58,67.8,55.7,120.4,40.1,46,9.12,2310,CLP-C0235,1
PEC-83241, TORNO_CNC ,Aco_Carbono,Soluvel,Turno_3,2891.3,237.8,0.89,11.6,68.0,131.6,60.5,157,-15.79,7323,CLP-49E10,1
PEC-83242,torno_cnc,Aco_Inox,Sintetico,Turno_1,3360.9,241.7,1.17,21.0,64.8,100.9,46.4,91,5.93,3787,CLP-C543D,1
PEC-83243,Fresadora,Aluminio,Sintetico,Turno_3,2337.5,384.7,3.44,23.1,42.6,105.3,39.0,107,-5.08,1028,CLP-BC0B8,0
PEC-83244,Fresadora,Aco_Inox,Seco,Turno_1,3194.9,254.1,2.41,18.1,92.8,96.0,40.1,117,0.99,3668,CLP-5536E,1
PEC-83245,Torno_CNC,Aco_Carbono,Seco,Turno_2,,279.9,2.21,,74.1,132.6,33.9,135,28.69,1155,CLP-91FE2,1
PEC-83246,torno_cnc,Aluminio,Semi_Sintetico,Turno_3,3266.9,148.9,2.32,19.4,59.1,107.1,45.1,179,-0.35,4176,CLP-C7D28,1
PEC-83247, TORNO_CNC ,Aco_Inox,Soluvel,Turno_1,4556.2,208.6,1.99,5.6,70.2,135.0,42.3,68,8.48,8854,CLP-EBA41,1
PEC-83248,Centro_Usinagem,Aco_Inox,Seco,Turno_2,2916.0,275.9,2.86,47.5,70.4,113.1,50.4,11,-5.17,7645,CLP-E1880,1
PEC-83249,Fresadora,Aco_Carbono,Sintetico,Turno_3,,169.3,1.79,45.3,61.0,120.1,58.8,97,-29.78,3503,CLP-682DF,1
PEC-83250,torno_cnc,Aluminio,Semi_Sintetico,Turno_1,3435.5,277.5,3.05,25.9,69.7,117.4,35.0,163,-0.3,3357,CLP-35136,1
PEC-83251,Torno_CNC,Aco_Carbono,Soluvel,Turno_2,2894.6,213.7,1.31,18.6,69.9,122.9,49.8,59,8.86,1597,CLP-72729,0
PEC-83252,Fresadora,Aco_Carbono,Soluvel,Turno_1,3562.6,198.3,3.53,24.9,78.1,112.7,32.7,156,10.38,6951,CLP-34A1C,1
PEC-83253,Torno_CNC,Latao,Soluvel,Turno_1,3126.1,213.6,3.63,101.5,65.8,135.6,48.5,82,-7.55,3059,CLP-41281,1
PEC-83254,Torno_CNC,Aco_Inox,Soluvel,Turno_1,3593.9,326.4,2.81,37.4,68.9,117.5,35.6,134,-10.94,3999,CLP-E694D,1
PEC-83255,Torno_CNC,Latao,Soluvel,Turno_3,4082.4,266.7,1.98,51.0,62.5,125.5,34.2,98,26.91,4730,CLP-543D2,1
PEC-83256,Fresadora,Aco_Inox,Semi_Sintetico,Turno_1,3267.9,204.5,0.56,14.1,59.8,121.6,65.4,16,32.97,5899,CLP-3BCDD,1
PEC-83257,Torno_CNC,Aco_Inox,Soluvel,Turno_1,3073.5,288.8,0.99,8.5,55.8,104.8,62.2,87,-25.17,5044,CLP-B00C6,1
PEC-83258, TORNO_CNC ,Aco_Carbono,Soluvel,Turno_2,3673.2,291.5,0.82,8.0,55.4,140.2,39.3,163,2.31,5237,CLP-687E0,0
PEC-83259,Centro_Usinagem,Aco_Inox,Soluvel,Turno_1,3828.5,230.9,0.54,27.4,59.4,110.2,60.2,134,7.79,8299,CLP-E1DE7,1
PEC-83260,Torno_CNC,Aco_Inox,Soluvel,Turno_2,2802.5,298.0,3.39,49.1,62.2,132.1,44.7,143,6.59,5740,CLP-C8406,1
PEC-83261,torno_cnc,Aco_Inox,Seco,Turno_1,2996.2,300.3,4.32,57.1,77.1,130.9,34.0,114,11.8,4369,CLP-626ED,1
PEC-83262, TORNO_CNC ,Aluminio,Soluvel,Turno_2,3503.9,292.6,0.54,49.6,60.4,97.5,50.2,9,6.04,4620,CLP-36462,1
PEC-83263,Torno_CNC,Aluminio,Soluvel,Turno_2,3140.6,216.3,0.95,90.4,61.0,117.3,52.6,46,-22.18,8547,CLP-4F36B,1
PEC-83264,Fresadora,Aco_Carbono,Seco,Turno_1,2770.6,191.0,3.94,6.9,61.5,128.7,51.0,136,-1.58,5019,CLP-C8DED,1
PEC-83265,Torno_CNC,Aco_Carbono,Semi_Sintetico,Turno_1,3443.3,165.4,3.25,72.7,64.4,115.7,31.5,161,4.32,4313,CLP-2E4D4,1
PEC-83266, TORNO_CNC ,Aluminio,Soluvel,Turno_2,3502.2,217.2,2.12,42.8,85.4,118.1,35.9,154,-20.26,7698,CLP-EB84A,1
PEC-83267,torno_cnc,Aco_Inox,Semi_Sintetico,Turno_3,3049.5,231.6,4.47,11.8,60.5,123.3,52.5,17,-16.6,7857,CLP-B271D,1
PEC-83268,Fresadora,Latao,Sintetico,Turno_1,3227.6,235.7,2.79,45.1,71.7,114.4,35.8,139,-18.28,7454,CLP-76E1B,1
PEC-83269,Fresadora,Aco_Inox,Semi_Sintetico,Turno_1,,247.6,3.18,30.1,69.2,125.4,53.1,154,-27.33,8432,CLP-B79B1,1
PEC-83270,Torno_CNC,Aco_Inox,Soluvel,Turno_1,2707.1,336.6,3.11,20.6,65.7,120.6,42.1,68,5.34,3380,CLP-558C1,1
PEC-83271,Torno_CNC,Aco_Inox,Seco,Turno_2,2976.3,233.0,1.39,15.0,53.5,117.0,31.8,88,-15.63,7432,CLP-1DBA8,1
PEC-83272,Fresadora,Aluminio,Soluvel,Turno_3,3233.3,247.6,2.45,,71.3,105.4,34.4,87,2.99,9193,CLP-B4E19,1
PEC-83273,torno_cnc,Aco_Inox,Soluvel,Turno_1,2536.2,159.1,1.37,14.6,41.9,126.1,48.6,78,-10.42,5630,CLP-B9221,0
PEC-83274,Centro_Usinagem,Aco_Inox,Soluvel,Turno_1,3009.2,361.4,2.54,8.0,52.8,83.9,49.0,39,24.52,1783,CLP-E3C2E,1
PEC-83275,Centro_Usinagem,Aco_Inox,Soluvel,Turno_1,3239.5,184.2,0.62,70.5,58.5,123.9,57.5,83,-6.09,5343,CLP-EAC28,1
PEC-83276,Centro_Usinagem,Aco_Inox,Seco,Turno_1,3737.6,214.7,2.03,36.4,62.3,120.2,45.2,66,-3.43,1213,CLP-867DB,1
PEC-83277, TORNO_CNC ,Aluminio,Sintetico,Turno_2,3059.3,284.8,1.99,20.8,66.0,107.8,43.4,108,-3.98,5593,CLP-6F52A,1
PEC-83278,Torno_CNC,Aco_Carbono,Soluvel,Turno_3,2639.3,262.3,1.67,,81.7,99.2,59.4,119,-8.55,3155,CLP-5515C,1
PEC-83279,Fresadora,Aco_Carbono,Soluvel,Turno_1,3105.7,332.2,0.82,75.0,72.6,126.3,38.3,122,-20.62,9230,CLP-2555D,1
PEC-83280, TORNO_CNC ,Aco_Inox,Soluvel,Turno_3,2945.0,286.0,3.58,18.5,67.0,116.3,42.7,139,7.3,2005,CLP-62734,1
PEC-83281,Torno_CNC,Aco_Inox,Seco,Turno_1,3448.5,245.9,2.18,21.7,61.0,122.1,48.8,126,7.81,5467,CLP-ECEE0,1
PEC-83282,Centro_Usinagem,Latao,Sintetico,Turno_3,3047.9,302.2,3.76,55.8,61.1,92.4,37.8,50,-16.71,8189,CLP-5EE33,1
PEC-83283,Centro_Usinagem,Aco_Inox,Sintetico,Turno_2,1980.2,308.1,3.84,12.8,51.4,127.1,48.6,52,-1.58,9379,CLP-863F9,0
PEC-83284, TORNO_CNC ,Aco_Carbono,Sintetico,Turno_1,4861.2,217.0,1.35,42.7,39.7,134.1,45.0,50,22.33,3211,CLP-70893,0
PEC-83285,Torno_CNC,Aco_Inox,Semi_Sintetico,Turno_3,3264.1,298.2,2.19,24.9,49.7,117.7,54.1,33,11.21,3736,CLP-45F68,1
PEC-83286, TORNO_CNC ,Latao,Sintetico,Turno_1,3240.1,238.9,3.38,29.3,79.1,106.5,41.7,53,7.16,2998,CLP-79DEF,1
PEC-83287,Centro_Usinagem,Aco_Inox,Soluvel,Turno_2,2506.4,244.8,2.5,59.1,56.5,126.5,39.9,13,-12.41,3258,CLP-BF8D2,0
PEC-83288,Centro_Usinagem,Aluminio,Semi_Sintetico,Turno_3,,257.1,3.92,179.3,58.7,115.7,60.4,105,5.45,9850,CLP-C6079,1
PEC-83289,Torno_CNC,Aco_Carbono,Sintetico,Turno_1,3158.6,231.0,2.79,67.3,77.3,133.0,51.8,3,-12.22,1838,CLP-9FD1C,1
PEC-83290,Torno_CNC,Aluminio,Sintetico,Turno_2,3351.3,228.3,3.02,11.1,33.3,120.3,53.7,143,17.57,2886,CLP-D8E27,1
PEC-83291,Centro_Usinagem,Aco_Inox,Seco,Turno_3,3516.0,299.2,3.65,13.9,58.0,87.9,51.7,106,-0.94,6312,CLP-75DFA,1
PEC-83292, TORNO_CNC ,Aluminio,Semi_Sintetico,Turno_3,,173.6,0.99,23.5,51.8,84.8,39.6,156,19.93,2228,CLP-66FE9,1
PEC-83293,torno_cnc,Aco_Carbono,Semi_Sintetico,Turno_2,2666.3,196.9,2.84,49.5,68.5,109.3,37.3,39,0.99,9397,CLP-624CE,1
PEC-83294,Celula_Robotica,Aco_Inox,Seco,Turno_1,2073.0,283.7,0.84,29.9,71.7,126.8,37.4,124,-18.85,6901,CLP-331AE,1
PEC-83295,Torno_CNC,Aco_Inox,Soluvel,Turno_2,3154.9,246.4,1.54,86.2,71.9,112.6,40.4,158,-6.51,6995,CLP-EDC32,1
PEC-83296,Fresadora,Aluminio,Soluvel,Turno_2,2959.7,299.6,1.35,6.7,83.1,127.4,54.6,176,-22.22,4427,CLP-C1B37,1
PEC-83297,Torno_CNC,Aco_Inox,Sintetico,Turno_2,2631.8,267.9,2.77,15.5,71.6,110.1,44.8,112,-19.7,2616,CLP-DA1AC,1
PEC-83298, TORNO_CNC ,Aluminio,Soluvel,Turno_3,3572.6,183.3,3.88,13.7,68.0,150.9,52.5,78,-15.27,5685,CLP-DD59D,1
PEC-83299,Centro_Usinagem,Aco_Inox,Semi_Sintetico,Turno_1,2491.0,253.1,1.03,52.7,94.2,117.2,51.6,64,-11.52,4413,CLP-5B7CB,1
PEC-83300, TORNO_CNC ,Aluminio,Semi_Sintetico,Turno_1,3477.6,276.7,3.57,26.9,39.5,124.0,57.8,55,5.08,3404,CLP-3FC26,0
PEC-83301,Celula_Robotica,Aco_Inox,Sintetico,Turno_2,2565.4,261.7,1.07,5.5,91.4,105.6,51.4,97,-1.22,1591,CLP-924E6,0
PEC-83302,torno_cnc,Aluminio,Seco,Turno_3,3260.3,226.6,1.26,57.0,85.9,113.7,46.7,68,-17.1,2733,CLP-CA583,1
PEC-83303,Torno_CNC,Aco_Inox,Soluvel,Turno_2,,236.3,4.17,20.7,63.2,127.4,34.6,104,-0.39,3863,CLP-B35CF,1
PEC-83304,Torno_CNC,Aco_Inox,Sintetico,Turno_3,3047.9,222.0,0.54,15.6,56.5,119.3,60.5,36,-10.31,2582,CLP-196FB,0
PEC-83305, TORNO_CNC ,Aco_Inox,Sintetico,Turno_3,3960.5,183.7,1.29,12.1,57.1,78.3,53.5,157,-18.57,6788,CLP-68203,1
PEC-83306, TORNO_CNC ,Latao,Soluvel,Turno_3,4063.0,176.9,1.36,107.2,61.5,127.5,48.4,42,8.96,4080,CLP-AC5AE,1
PEC-83307,Torno_CNC,Aco_Inox,Soluvel,Turno_3,3306.7,269.5,1.63,104.7,79.4,129.1,46.7,118,-11.55,8151,CLP-DDD02,1
PEC-83308, TORNO_CNC ,Aco_Carbono,Semi_Sintetico,Turno_3,3443.6,206.4,1.95,7.8,35.4,131.0,30.8,49,9.06,8745,CLP-5A42B,1
PEC-83309, TORNO_CNC ,Aco_Inox,Sintetico,Turno_3,3677.3,278.8,0.91,14.3,89.1,136.5,48.4,16,8.7,5834,CLP-1C0BB,0
PEC-83310,Fresadora,Aco_Inox,Semi_Sintetico,Turno_2,3445.0,220.2,2.37,41.4,65.0,122.7,40.8,110,-0.34,1836,CLP-5FCD9,1
PEC-83311,Fresadora,Aluminio,Sintetico,Turno_1,3396.8,184.3,2.1,43.8,79.1,155.9,31.9,102,40.51,6519,CLP-3F9EB,1
PEC-83312,Fresadora,Aluminio,Soluvel,Turno_1,2964.2,229.6,3.0,23.9,50.2,123.5,41.1,161,-1.23,3546,CLP-CAFF0,1
PEC-83313,Torno_CNC,Latao,Soluvel,Turno_1,2440.7,354.7,3.97,34.4,73.7,85.5,46.9,113,-4.13,4214,CLP-B3200,1
PEC-83314,Torno_CNC,Latao,Soluvel,Turno_1,2574.5,245.2,1.69,47.4,69.6,123.4,48.0,11,-17.57,7556,CLP-45759,1
PEC-83315,Fresadora,Aco_Carbono,Seco,Turno_1,4272.1,282.3,2.69,110.2,71.8,136.8,35.6,179,20.71,1492,CLP-E1D87,1
PEC-83316, TORNO_CNC ,Aluminio,Soluvel,Turno_3,3345.1,258.4,1.99,50.2,56.7,99.3,34.1,62,10.95,8951,CLP-6DF76,1
PEC-83317,Torno_CNC,Aluminio,Seco,Turno_2,3089.4,179.7,0.66,9.1,60.4,115.9,42.6,68,9.87,2987,CLP-995ED,0
PEC-83318,Centro_Usinagem,Aco_Inox,Seco,Turno_1,3768.5,322.4,3.78,49.3,50.2,138.2,49.6,34,-13.36,8010,CLP-8BE75,1
PEC-83319,Fresadora,Latao,Seco,Turno_3,2862.7,237.6,3.04,7.5,74.2,111.5,38.7,38,7.15,6645,CLP-E67C8,0
PEC-83320,torno_cnc,Aluminio,Soluvel,Turno_2,3462.4,184.5,0.51,29.4,81.1,116.4,41.4,122,-2.97,9998,CLP-64709,1
PEC-83321,Torno_CNC,Aluminio,Seco,Turno_1,3234.7,224.4,1.5,31.2,68.4,131.7,46.5,111,7.47,4032,CLP-F35E8,0
PEC-83322,Fresadora,Aco_Inox,Soluvel,Turno_3,3407.0,239.7,1.74,57.7,32.8,100.8,38.4,126,-0.09,2222,CLP-BF403,1
PEC-83323,torno_cnc,Aco_Inox,Soluvel,Turno_1,3048.6,287.5,3.75,5.4,81.3,119.8,28.9,43,0.29,1531,CLP-32635,1
PEC-83324,Fresadora,Latao,Soluvel,Turno_2,2765.9,216.0,3.54,77.7,66.4,105.4,47.5,50,-7.51,6681,CLP-6FED0,1
PEC-83325,Fresadora,Aco_Inox,Seco,Turno_1,2829.7,381.0,2.08,43.2,33.1,116.0,31.0,103,-12.03,5774,CLP-D467E,0
PEC-83326,Centro_Usinagem,Aluminio,Soluvel,Turno_2,2847.3,203.1,1.13,6.1,44.6,123.6,47.6,158,-8.63,1775,CLP-A5EBE,1
PEC-83327,torno_cnc,Aco_Inox,Sintetico,Turno_3,3198.7,280.6,2.04,11.1,52.4,135.9,43.2,20,14.15,3938,CLP-B55C7,0
PEC-83328,Torno_CNC,Aco_Carbono,Soluvel,Turno_1,2499.7,151.3,3.74,6.4,65.0,124.7,43.2,15,24.38,5854,CLP-DD80B,0
PEC-83329,Fresadora,Aco_Inox,Soluvel,Turno_3,,243.8,2.31,55.8,52.7,111.5,36.2,132,12.19,1230,CLP-EACB3,1
PEC-83330,Fresadora,Aco_Carbono,Soluvel,Turno_1,3261.0,268.4,0.96,11.6,54.3,138.0,42.3,27,15.8,9851,CLP-A0BE8,1
PEC-83331,Fresadora,Aco_Inox,Semi_Sintetico,Turno_2,3142.5,194.0,0.65,6.6,76.0,129.2,38.0,164,-18.87,3885,CLP-894F3,1
PEC-83332,Torno_CNC,Aco_Carbono,Sintetico,Turno_3,3285.6,325.0,1.83,10.2,79.2,90.9,67.8,162,5.83,6011,CLP-94973,1
PEC-83333,Torno_CNC,Aco_Carbono,Seco,Turno_3,3179.7,271.7,1.09,33.7,76.4,132.6,38.6,104,-15.45,7694,CLP-A491C,1
PEC-83334,Centro_Usinagem,Aco_Inox,Sintetico,Turno_1,4333.5,234.1,3.48,28.9,45.4,121.0,53.3,48,-3.55,7433,CLP-3B3C3,1
PEC-83335,Fresadora,Aluminio,Seco,Turno_1,3257.0,271.2,1.62,14.9,76.3,119.5,40.5,149,1.18,4896,CLP-E6FE0,1
PEC-83336,Centro_Usinagem,Aco_Inox,Sintetico,Turno_2,3029.4,220.3,4.01,105.2,59.3,137.9,46.9,42,-3.89,8342,CLP-797CA,1
PEC-83337,Fresadora,Aco_Inox,Sintetico,Turno_1,3245.5,312.6,2.97,72.5,88.6,116.9,45.1,53,21.28,1316,CLP-2FB82,1
PEC-83338,torno_cnc,Aco_Carbono,Sintetico,Turno_2,3659.0,300.8,2.07,18.2,68.1,133.4,43.7,149,-20.27,5217,CLP-32548,1
PEC-83339,Fresadora,Aluminio,Soluvel,Turno_3,3177.7,268.7,2.94,27.5,79.6,139.2,43.4,25,-34.41,6109,CLP-CC7EA,1
PEC-83340,Centro_Usinagem,Aco_Inox,Semi_Sintetico,Turno_2,3508.1,280.6,1.68,30.5,71.7,120.9,47.0,81,-17.32,4504,CLP-BE21B,1
PEC-83341,torno_cnc,Aco_Inox,Sintetico,Turno_1,3378.2,176.1,1.07,54.4,70.2,126.7,56.0,82,-4.94,6566,CLP-C5562,1
PEC-83342,Fresadora,Aco_Inox,Semi_Sintetico,Turno_2,3069.3,323.3,4.36,24.5,60.6,130.4,36.0,120,9.3,6040,CLP-8B7CF,1
PEC-83343,Torno_CNC,Aco_Carbono,Semi_Sintetico,Turno_3,3249.9,245.0,2.75,32.7,79.5,126.9,30.9,61,3.61,1144,CLP-89A65,1
PEC-83344, TORNO_CNC ,Aco_Inox,Soluvel,Turno_2,,301.3,0.53,23.6,76.2,133.3,38.4,107,17.21,8094,CLP-B4774,1
PEC-83345,Fresadora,Latao,Sintetico,Turno_2,3309.4,287.5,1.74,55.4,61.0,104.3,46.0,27,-30.53,3804,CLP-814E8,1
PEC-83346,Torno_CNC,Latao,Soluvel,Turno_1,2756.3,300.5,1.14,33.4,59.7,110.4,42.6,132,10.68,5373,CLP-5F111,1
PEC-83347,Torno_CNC,Aco_Inox,Sintetico,Turno_1,3056.2,197.6,1.53,66.6,56.5,101.1,57.3,60,4.64,5368,CLP-600F3,1
PEC-83348,Torno_CNC,Aco_Inox,Sintetico,Turno_1,2248.6,204.0,0.72,6.9,74.8,145.3,56.4,95,-1.98,3297,CLP-A4BF2,0
PEC-83349,Torno_CNC,Aco_Carbono,Seco,Turno_2,3261.8,362.4,1.48,87.1,67.8,94.9,41.4,19,-1.93,8315,CLP-7B279,1
PEC-83350,Torno_CNC,Aco_Inox,Soluvel,Turno_1,3790.4,174.0,3.23,64.9,68.5,139.8,57.4,145,10.5,4469,CLP-B7BDC,1
PEC-83351, TORNO_CNC ,Aco_Inox,Soluvel,Turno_2,2596.4,195.1,3.78,64.7,60.7,127.1,48.4,61,14.11,6534,CLP-79A2D,1
PEC-83352,Centro_Usinagem,Aco_Inox,Soluvel,Turno_2,3267.4,252.2,1.89,10.3,82.5,106.9,39.2,162,-4.23,4038,CLP-62C37,1
PEC-83353,torno_cnc,Aluminio,Soluvel,Turno_2,3643.4,252.2,2.59,15.7,47.1,100.9,44.0,179,8.31,1565,CLP-B8BE2,1
PEC-83354,Torno_CNC,Aco_Carbono,Semi_Sintetico,Turno_1,3691.0,223.0,0.67,142.4,74.4,119.4,43.5,17,-16.14,1026,CLP-199FB,1
PEC-83355,Torno_CNC,Aco_Inox,Semi_Sintetico,Turno_3,3775.9,280.8,0.86,110.0,76.8,116.6,39.1,69,21.41,9169,CLP-9E686,0
PEC-83356,Fresadora,Aco_Inox,Sintetico,Turno_2,2359.3,295.1,2.71,14.0,61.2,125.9,39.9,98,5.24,4543,CLP-36D4B,1
PEC-83357, TORNO_CNC ,Latao,Semi_Sintetico,Turno_1,3427.2,249.1,3.86,24.9,47.6,87.0,48.6,39,-6.64,4358,CLP-26460,1
PEC-83358,Centro_Usinagem,Aco_Carbono,Soluvel,Turno_1,2522.5,236.6,0.85,10.9,69.6,117.2,41.8,71,21.97,4039,CLP-A1D68,1
PEC-83359,Fresadora,Aluminio,Soluvel,Turno_2,2750.8,248.9,2.17,15.7,79.4,106.9,42.7,14,13.53,6798,CLP-769E0,1
PEC-83360,Fresadora,Aco_Carbono,Soluvel,Turno_1,3569.5,225.1,4.38,12.1,86.3,139.1,43.3,144,6.6,8151,CLP-443FE,1
PEC-83361,Torno_CNC,Aluminio,Semi_Sintetico,Turno_1,3271.1,165.1,3.46,8.0,72.9,126.1,43.7,152,-15.33,3616,CLP-768EA,1
PEC-83362,Fresadora,Aco_Carbono,Sintetico,Turno_1,3526.9,265.0,1.29,35.3,57.6,112.4,52.4,50,-16.28,7136,CLP-D0303,1
PEC-83363,Torno_CNC,Aco_Inox,Sintetico,Turno_1,2781.9,288.3,1.64,14.6,73.3,141.3,38.4,26,-12.49,2370,CLP-5F03D,1
PEC-83364,Celula_Robotica,Aco_Inox,Soluvel,Turno_3,3863.1,242.3,4.29,175.1,71.0,113.5,46.8,145,-1.47,3336,CLP-EF692,1
PEC-83365,Fresadora,Aco_Carbono,Soluvel,Turno_2,3509.8,136.7,1.38,30.4,68.9,118.4,32.9,26,0.46,3107,CLP-1DCB7,1
PEC-83366,Torno_CNC,Aluminio,Seco,Turno_2,3600.2,221.4,2.26,20.6,54.4,124.1,40.8,172,18.64,8581,CLP-48845,1
PEC-83367,Torno_CNC,Latao,Soluvel,Turno_3,2713.9,295.3,1.92,90.5,72.2,133.6,34.5,43,-34.31,6516,CLP-A5E3A,1
PEC-83368,Torno_CNC,Aco_Inox,Semi_Sintetico,Turno_2,3727.1,178.1,2.46,38.9,70.6,120.2,57.9,57,-7.16,9339,CLP-C22F6,1
PEC-83369,Fresadora,Latao,Soluvel,Turno_2,3057.7,284.8,1.45,,94.1,141.3,46.1,106,8.67,7219,CLP-7D641,1
PEC-83370,Torno_CNC,Latao,Soluvel,Turno_1,2924.9,227.7,3.17,29.1,66.1,114.0,41.6,3,-3.27,7284,CLP-6B355,1
PEC-83371,torno_cnc,Aco_Inox,Sintetico,Turno_2,3481.5,249.1,1.44,25.4,85.3,105.3,31.1,69,6.81,6877,CLP-55E26,1
PEC-83372,Torno_CNC,Aco_Carbono,Soluvel,Turno_1,3462.4,215.7,2.91,55.7,81.7,143.9,34.3,148,-19.0,6149,CLP-9878C,1
PEC-83373,Fresadora,Aluminio,Sintetico,Turno_2,2818.9,193.2,1.93,46.4,65.6,115.3,51.8,102,2.18,1477,CLP-E2DDB,1
PEC-83374,Centro_Usinagem,Latao,Sintetico,Turno_1,,321.7,1.51,21.2,79.8,128.9,47.8,168,-15.89,6305,CLP-507E7,1
PEC-83375,Fresadora,Aluminio,Sintetico,Turno_1,4016.5,290.8,3.28,27.2,55.6,131.5,33.5,133,5.67,6933,CLP-25717,0
PEC-83376,Fresadora,Aco_Carbono,Semi_Sintetico,Turno_1,3472.3,282.2,4.36,30.6,62.7,151.2,33.5,153,-0.26,5097,CLP-4D97A,1
PEC-83377,Torno_CNC,Aluminio,Sintetico,Turno_1,3393.7,295.4,3.98,24.2,58.6,115.5,59.8,137,-12.87,2158,CLP-3207A,1
PEC-83378,Torno_CNC,Aco_Inox,Soluvel,Turno_3,3348.4,275.1,0.85,,63.1,127.9,55.8,142,-13.9,6338,CLP-4ED90,1
PEC-83379,Fresadora,Aco_Inox,Sintetico,Turno_1,2502.5,297.2,2.32,87.6,40.9,108.3,47.4,11,8.76,6259,CLP-B33A8,0
PEC-83380, TORNO_CNC ,Aluminio,Sintetico,Turno_3,3250.8,216.8,3.28,44.1,86.6,112.8,45.9,146,-2.14,7544,CLP-24494,1
PEC-83381, TORNO_CNC ,Aco_Carbono,Soluvel,Turno_2,3244.8,318.9,2.75,27.2,61.3,108.6,43.7,110,16.35,5039,CLP-7D29A,1
PEC-83382,Torno_CNC,Aluminio,Seco,Turno_2,2940.8,314.4,3.41,34.5,74.4,132.7,34.9,120,-1.96,3888,CLP-DEA25,1
PEC-83383,Torno_CNC,Aluminio,Sintetico,Turno_1,3060.8,269.0,4.4,13.4,67.9,133.8,51.9,134,3.32,4812,CLP-7CF21,1
PEC-83384,Torno_CNC,Aco_Inox,Semi_Sintetico,Turno_3,2128.4,235.6,1.87,31.5,61.7,125.5,43.4,3,6.85,7413,CLP-B2F28,1
PEC-83385,Centro_Usinagem,Aluminio,Semi_Sintetico,Turno_1,2706.2,188.8,3.58,53.0,49.7,108.4,50.8,74,20.35,8531,CLP-F32D0,1
PEC-83386,Torno_CNC,Aco_Inox,Soluvel,Turno_2,3614.8,261.4,0.88,31.7,54.0,110.2,41.8,149,6.75,2928,CLP-65DE5,1
PEC-83387,torno_cnc,Aco_Carbono,Sintetico,Turno_2,3979.0,334.2,3.98,27.9,62.2,109.5,47.9,41,6.3,6125,CLP-6C26A,1
PEC-83388,Torno_CNC,Latao,Soluvel,Turno_2,2775.5,192.0,3.61,26.7,59.3,125.4,41.2,60,-4.85,2761,CLP-48802,1
PEC-83389,Fresadora,Aluminio,Soluvel,Turno_1,3282.3,300.9,2.58,55.2,53.3,96.3,45.6,162,7.73,3347,CLP-4A9A9,1
PEC-83390,Torno_CNC,Aco_Inox,Semi_Sintetico,Turno_2,3694.3,226.4,3.78,54.0,56.8,114.0,51.4,114,-0.43,3844,CLP-4AF54,1
PEC-83391,Centro_Usinagem,Aco_Inox,Semi_Sintetico,Turno_3,2965.9,230.7,3.17,53.5,70.5,99.9,40.7,78,16.48,5628,CLP-87733,1
PEC-83392,Centro_Usinagem,Aluminio,Soluvel,Turno_3,3504.3,191.2,2.71,14.9,75.5,127.6,61.2,101,4.86,6697,CLP-95D49,1
PEC-83393,Torno_CNC,Aluminio,Sintetico,Turno_3,3184.8,212.4,4.28,38.7,51.0,105.1,40.4,92,1.62,7435,CLP-3B4B2,1
PEC-83394,Centro_Usinagem,Aco_Carbono,Seco,Turno_1,3735.7,282.3,1.02,57.8,54.4,149.4,46.1,78,-3.92,8096,CLP-E3CEA,1
PEC-83395,Celula_Robotica,Aco_Inox,Sintetico,Turno_1,2622.9,288.6,4.47,33.9,67.6,135.7,56.1,87,6.24,4824,CLP-52EFA,1
PEC-83396,Centro_Usinagem,Aco_Carbono,Semi_Sintetico,Turno_1,2702.9,261.8,1.12,57.8,63.0,118.7,56.6,179,11.3,3651,CLP-E82D0,1
PEC-83397,Centro_Usinagem,Aluminio,Semi_Sintetico,Turno_3,3325.8,225.0,2.42,72.4,60.6,126.2,48.7,81,8.02,7577,CLP-A3AFC,1
PEC-83398,Torno_CNC,Aco_Inox,Soluvel,Turno_1,3243.3,194.8,1.43,11.7,76.1,127.0,47.2,164,-14.22,6133,CLP-57AF3,1
PEC-83399,torno_cnc,Aluminio,Soluvel,Turno_2,,253.1,1.59,17.8,67.2,105.6,45.6,163,-2.12,8062,CLP-27D67,1
PEC-83400,Torno_CNC,Aco_Inox,Sintetico,Turno_3,3459.1,231.8,3.03,37.2,45.5,138.6,55.9,116,16.85,6799,CLP-E998E,1
PEC-83401,Torno_CNC,Aluminio,Soluvel,Turno_2,2781.2,260.6,0.64,17.0,55.4,118.6,52.7,74,-13.37,3780,CLP-D06EC,1
PEC-83402,Celula_Robotica,Aco_Carbono,Sintetico,Turno_2,2583.8,233.9,4.26,104.3,45.1,108.5,53.7,107,21.4,2965,CLP-8ED27,1
PEC-83403,Torno_CNC,Aluminio,Sintetico,Turno_1,2975.0,235.2,1.62,12.6,62.8,128.1,58.1,142,6.87,5527,CLP-67ED6,1
PEC-83404,Fresadora,Aco_Carbono,Semi_Sintetico,Turno_2,3025.3,257.9,1.59,20.5,49.1,103.2,48.7,89,-4.57,1984,CLP-AB032,0
PEC-83405,Centro_Usinagem,Aluminio,Soluvel,Turno_3,3072.3,267.6,3.95,185.9,43.9,129.8,41.7,21,10.42,5381,CLP-AFD40,1
PEC-83406,Centro_Usinagem,Aco_Inox,Soluvel,Turno_2,3771.1,311.2,3.56,12.3,40.3,125.1,47.8,169,-9.3,7055,CLP-65B94,0
PEC-83407,Celula_Robotica,Aluminio,Soluvel,Turno_1,3546.7,233.2,3.19,25.8,88.8,110.2,45.4,60,4.34,7441,CLP-ED788,1
PEC-83408,Torno_CNC,Aluminio,Sintetico,Turno_1,3440.0,277.3,1.09,18.2,48.6,134.3,43.5,57,-3.47,3011,CLP-48C86,0
PEC-83409,Torno_CNC,Aco_Inox,Soluvel,Turno_1,3299.9,340.2,3.58,63.1,61.2,130.6,41.8,94,1.23,1498,CLP-4FDB7,1
PEC-83410, TORNO_CNC ,Aco_Inox,Sintetico,Turno_2,3004.6,278.6,1.94,17.7,65.7,115.2,49.4,103,-5.06,9400,CLP-E4100,1
PEC-83411,Torno_CNC,Aluminio,Soluvel,Turno_1,2815.7,308.2,4.48,11.2,66.4,128.1,50.1,12,-24.21,7458,CLP-E7511,1
PEC-83412,Torno_CNC,Aco_Inox,Sintetico,Turno_2,2661.3,219.0,3.18,99.7,72.5,100.0,39.4,40,-2.62,9384,CLP-7E9D0,1
PEC-83413, TORNO_CNC ,Aco_Inox,Soluvel,Turno_2,2887.5,214.0,3.84,18.4,64.4,127.4,47.5,138,2.57,2850,CLP-C5783,1
PEC-83414,Fresadora,Aluminio,Sintetico,Turno_3,3180.7,242.0,3.44,52.4,59.6,98.1,58.0,62,5.02,5989,CLP-3B3E2,1
PEC-83415,torno_cnc,Aco_Inox,Soluvel,Turno_1,2680.3,247.4,2.88,17.0,67.6,121.9,39.0,13,21.76,6435,CLP-B9D54,1
PEC-83416,Torno_CNC,Latao,Soluvel,Turno_3,3276.3,303.5,3.37,11.9,67.5,130.3,56.0,67,31.64,9065,CLP-EC120,1
PEC-83417,Fresadora,Aco_Inox,Seco,Turno_2,3112.5,213.5,2.89,61.8,65.6,125.1,38.0,170,-9.54,4776,CLP-C813A,1
PEC-83418,Torno_CNC,Aco_Carbono,Soluvel,Turno_1,3021.2,245.6,0.7,7.0,72.7,143.3,47.9,123,-3.95,2927,CLP-2879C,1
PEC-83419,Torno_CNC,Aluminio,Sintetico,Turno_3,3722.7,303.7,1.88,19.1,57.5,108.1,30.8,46,5.4,8081,CLP-93F06,1
PEC-83420,Fresadora,Aco_Carbono,Seco,Turno_1,2092.7,260.8,1.77,58.0,62.6,126.1,50.1,94,34.62,5339,CLP-CA482,0
PEC-83421,Fresadora,Aco_Inox,Sintetico,Turno_2,3027.3,249.5,3.36,30.1,49.1,88.0,43.2,68,30.81,5520,CLP-DCE10,0
PEC-83422,Fresadora,Latao,Semi_Sintetico,Turno_1,2141.4,261.9,2.8,45.9,62.1,112.3,31.0,116,4.94,2515,CLP-D1481,1
PEC-83423,Torno_CNC,Aluminio,Soluvel,Turno_2,3307.4,193.6,2.94,7.4,57.3,115.5,41.2,165,-13.99,1228,CLP-AB3D2,1
PEC-83424,Centro_Usinagem,Aco_Carbono,Soluvel,Turno_2,3543.0,192.8,3.89,,77.7,143.5,59.1,58,-21.52,1642,CLP-D4B79,1
PEC-83425,Fresadora,Aco_Inox,Soluvel,Turno_1,2592.0,170.6,2.6,11.6,47.5,119.6,49.6,62,-20.31,2674,CLP-E638B,0
PEC-83426,torno_cnc,Aco_Inox,Soluvel,Turno_2,2649.6,260.3,1.37,62.9,59.3,133.7,45.9,175,11.25,1139,CLP-A381E,1
PEC-83427,Fresadora,Aluminio,Soluvel,Turno_2,2435.8,295.9,0.55,34.1,58.7,106.4,49.2,103,6.03,9064,CLP-4AC3E,1
PEC-83428,Centro_Usinagem,Aco_Inox,Soluvel,Turno_3,3228.6,288.3,1.14,52.0,73.0,115.0,53.1,118,13.5,8975,CLP-8C03B,1
PEC-83429,torno_cnc,Aluminio,Sintetico,Turno_1,3046.6,307.2,0.62,13.4,49.7,107.4,57.2,101,17.17,7182,CLP-61083,0
PEC-83430,torno_cnc,Aco_Inox,Seco,Turno_1,3074.6,322.7,1.45,22.6,65.0,105.1,42.7,31,11.53,5607,CLP-8AEAF,0
PEC-83431,Celula_Robotica,Aluminio,Soluvel,Turno_2,3034.4,257.2,3.04,61.7,65.9,106.1,49.7,158,8.5,3931,CLP-E818C,1
PEC-83432,Fresadora,Latao,Soluvel,Turno_1,2761.9,246.8,1.11,89.6,76.1,110.8,48.8,154,11.67,2432,CLP-43CF3,1
PEC-83433, TORNO_CNC ,Aluminio,Soluvel,Turno_2,3709.3,323.8,0.83,14.0,54.7,150.6,45.9,122,-16.65,6019,CLP-A3D28,1
PEC-83434,Fresadora,Aco_Carbono,Soluvel,Turno_1,3322.6,214.9,4.38,,49.3,119.1,43.5,122,17.96,2798,CLP-89ABF,1
PEC-83435, TORNO_CNC ,Aluminio,Semi_Sintetico,Turno_1,2666.9,191.1,4.49,9.0,70.7,99.7,57.8,59,-0.56,7992,CLP-C9C94,1
PEC-83436,Torno_CNC,Aluminio,Soluvel,Turno_3,2884.8,233.1,3.05,24.4,48.3,112.1,47.1,110,13.18,5347,CLP-19CE0,1
PEC-83437,torno_cnc,Latao,Soluvel,Turno_3,2807.6,227.2,0.93,102.7,58.7,135.2,35.3,107,6.37,1668,CLP-47EE0,1
PEC-83438,Celula_Robotica,Aco_Carbono,Sintetico,Turno_2,3832.7,252.4,3.79,106.6,62.1,109.5,21.8,13,17.38,4274,CLP-BE800,1
PEC-83439,Celula_Robotica,Aco_Carbono,Semi_Sintetico,Turno_3,3520.0,207.5,2.66,17.3,72.4,142.3,52.6,153,16.78,7225,CLP-84AB7,1
PEC-83440,Torno_CNC,Aco_Inox,Sintetico,Turno_2,3143.1,268.5,1.23,12.5,46.5,135.4,41.6,56,8.59,8801,CLP-F3104,0
PEC-83441,torno_cnc,Aluminio,Sintetico,Turno_2,3968.2,221.5,2.8,10.7,61.4,117.1,43.8,81,13.46,8499,CLP-18790,1
PEC-83442,Torno_CNC,Aco_Inox,Soluvel,Turno_3,3853.4,311.4,0.66,27.9,65.3,110.2,48.3,53,29.98,7846,CLP-CD7FD,0
PEC-83443,Celula_Robotica,Aluminio,Soluvel,Turno_2,3096.2,190.3,4.39,8.4,54.7,105.7,64.7,168,7.95,2662,CLP-91498,1
PEC-83444,Celula_Robotica,Aluminio,Soluvel,Turno_2,3015.2,243.0,3.8,20.4,60.7,122.9,55.8,80,-22.3,5891,CLP-6A631,1
PEC-83445,Fresadora,Aco_Carbono,Soluvel,Turno_2,3036.9,233.3,1.54,5.6,75.7,126.2,43.2,21,11.78,6238,CLP-E053B,1
PEC-83446,Centro_Usinagem,Aco_Carbono,Seco,Turno_3,2771.3,261.5,2.18,15.5,58.9,140.1,50.8,103,-5.74,5237,CLP-39C6E,1
PEC-83447,Fresadora,Aluminio,Sintetico,Turno_1,3980.3,296.3,2.08,85.7,60.6,125.4,40.2,109,16.82,9728,CLP-41EC2,1
PEC-83448,torno_cnc,Aco_Inox,Soluvel,Turno_1,2747.1,263.3,3.95,25.7,75.6,114.7,51.2,27,5.63,6405,CLP-3CC6D,0
PEC-83449,Torno_CNC,Aco_Carbono,Soluvel,Turno_1,3590.7,243.6,1.92,7.7,62.4,140.6,38.4,63,-7.28,5007,CLP-E5714,1
PEC-83450, TORNO_CNC ,Aco_Inox,Soluvel,Turno_1,3510.7,284.6,0.69,41.4,81.1,132.3,46.5,28,10.15,8774,CLP-8CDE1,1
PEC-83451,Fresadora,Aluminio,Sintetico,Turno_1,3062.8,292.2,1.36,,45.3,109.7,46.7,97,22.75,1121,CLP-A22A1,1
PEC-83452,Fresadora,Aco_Inox,Soluvel,Turno_3,4014.5,263.5,1.36,26.8,61.7,118.8,36.6,124,-3.09,2666,CLP-31289,1
PEC-83453, TORNO_CNC ,Aco_Inox,Soluvel,Turno_2,2498.4,269.4,4.3,39.3,74.3,129.9,40.3,172,-19.62,9777,CLP-B7877,1
PEC-83454,Celula_Robotica,Latao,Sintetico,Turno_1,3164.1,282.3,4.2,93.1,56.4,124.6,27.6,121,7.2,7636,CLP-8ED0F,1
PEC-83455,Torno_CNC,Aco_Inox,Soluvel,Turno_3,2979.9,167.8,1.7,24.0,62.2,104.9,42.0,170,0.54,7675,CLP-7FC5B,1
PEC-83456,torno_cnc,Aluminio,Soluvel,Turno_2,3632.3,232.5,0.51,43.2,80.2,122.6,53.9,167,-9.42,2477,CLP-F2BF2,1
PEC-83457,Fresadora,Aco_Inox,Soluvel,Turno_2,3359.1,268.8,2.57,25.3,55.7,109.9,61.0,88,-17.84,3168,CLP-BA19D,1
PEC-83458,Fresadora,Latao,Soluvel,Turno_1,2422.7,235.4,3.69,119.6,70.8,121.0,56.9,58,-17.8,9266,CLP-5A660,1
PEC-83459,Fresadora,Aco_Carbono,Soluvel,Turno_3,3757.8,235.6,1.57,29.5,74.0,100.5,41.9,164,8.77,5419,CLP-4B4BB,1
PEC-83460,Torno_CNC,Aco_Inox,Soluvel,Turno_1,3418.5,268.7,2.26,80.9,65.9,106.6,44.9,70,-3.47,8621,CLP-790BA,1
PEC-83461,Torno_CNC,Aco_Inox,Semi_Sintetico,Turno_1,2734.0,269.9,1.19,29.8,65.5,151.5,44.4,124,-19.31,9497,CLP-E332B,1
PEC-83462,Fresadora,Aluminio,Sintetico,Turno_1,3042.6,273.4,1.81,,52.7,113.6,43.3,97,29.37,1823,CLP-CF680,0
PEC-83463,torno_cnc,Aco_Inox,Sintetico,Turno_2,2615.1,210.4,3.54,22.1,73.8,136.7,52.8,117,3.25,9458,CLP-7B146,1
PEC-83464,Torno_CNC,Aluminio,Semi_Sintetico,Turno_2,,179.1,2.21,92.3,49.9,118.1,40.6,176,7.83,7685,CLP-4625C,1
PEC-83465,Fresadora,Aco_Inox,Soluvel,Turno_1,3267.6,290.2,2.29,41.4,69.7,102.0,56.6,172,5.53,6688,CLP-29D70,1
PEC-83466, TORNO_CNC ,Aco_Inox,Semi_Sintetico,Turno_1,3049.4,212.9,3.66,5.7,58.8,103.8,46.1,44,0.81,1061,CLP-E08D2,1
PEC-83467,Fresadora,Aluminio,Soluvel,Turno_2,2997.3,209.4,3.55,5.6,60.3,108.1,35.7,135,-31.91,1390,CLP-86618,1
PEC-83468,Centro_Usinagem,Aco_Inox,Soluvel,Turno_2,2474.3,204.9,1.25,44.5,62.6,152.2,44.2,37,-1.69,8044,CLP-BDECD,0
PEC-83469,Torno_CNC,Aco_Carbono,Soluvel,Turno_1,3351.8,307.6,2.16,9.2,71.0,116.5,48.8,80,16.73,3003,CLP-84EAD,1
PEC-83470,Torno_CNC,Aco_Inox,Soluvel,Turno_3,2334.0,260.6,3.9,49.1,83.7,122.7,52.8,87,-2.93,1850,CLP-49619,1
PEC-83471,Fresadora,Aco_Inox,Seco,Turno_3,3214.0,267.1,2.33,18.6,66.3,130.2,51.0,169,-16.39,9294,CLP-8A992,1
PEC-83472,Fresadora,Latao,Soluvel,Turno_1,2390.4,284.5,3.15,32.1,56.4,127.6,42.5,167,-2.64,2035,CLP-5B1FD,1
PEC-83473,Fresadora,Aluminio,Soluvel,Turno_2,3222.7,247.9,1.72,11.7,47.7,133.0,40.9,96,23.29,6111,CLP-E16F9,0
PEC-83474,Centro_Usinagem,Aco_Carbono,Soluvel,Turno_1,3197.2,300.6,0.74,14.9,78.9,112.1,58.8,164,2.85,5971,CLP-A75EF,1
PEC-83475,Centro_Usinagem,Aco_Inox,Soluvel,Turno_2,3381.5,190.2,1.16,25.1,67.1,102.2,45.2,8,-28.87,2096,CLP-F2E3F,0
PEC-83476,Celula_Robotica,Aluminio,Soluvel,Turno_2,3588.0,195.7,2.11,43.3,62.2,105.8,35.9,107,-15.39,4496,CLP-5C3A6,1
PEC-83477,torno_cnc,Aco_Carbono,Soluvel,Turno_1,3671.4,193.0,1.91,10.9,65.7,97.0,40.3,43,-27.22,6584,CLP-56C77,1
PEC-83478, TORNO_CNC ,Aco_Inox,Soluvel,Turno_3,2475.5,271.1,4.08,16.6,74.2,112.2,29.3,15,-4.34,9711,CLP-7094A,1
PEC-83479, TORNO_CNC ,Aco_Carbono,Semi_Sintetico,Turno_3,3173.8,275.3,2.68,13.1,60.1,64.1,32.0,54,33.14,2843,CLP-2E9E0,1
PEC-83480,Torno_CNC,Aluminio,Soluvel,Turno_1,4104.9,226.4,3.01,74.5,57.0,130.9,40.8,6,0.31,2162,CLP-8E034,1
PEC-83481,torno_cnc,Aco_Inox,Soluvel,Turno_1,,238.4,3.25,41.5,49.3,128.6,38.6,51,-14.33,6259,CLP-34779,1
PEC-83482,Torno_CNC,Aluminio,Sintetico,Turno_1,2825.9,313.4,2.63,27.1,52.0,105.4,39.5,141,13.96,2268,CLP-F0D3D,0
PEC-83483,Celula_Robotica,Aluminio,Seco,Turno_2,3164.1,215.3,3.58,107.8,60.9,99.3,51.2,27,-21.52,6938,CLP-3ECB9,1
PEC-83484,torno_cnc,Aco_Inox,Soluvel,Turno_3,3027.4,264.8,3.63,51.6,77.9,142.9,52.0,34,4.85,2539,CLP-C7A4A,1
PEC-83485,torno_cnc,Aluminio,Soluvel,Turno_2,2670.6,215.7,1.91,99.2,58.9,134.5,35.7,179,-18.81,3673,CLP-53C02,1
PEC-83486, TORNO_CNC ,Aco_Inox,Seco,Turno_2,,304.8,0.84,,68.1,116.1,60.1,75,20.32,5892,CLP-2DFDC,1
PEC-83487,Torno_CNC,Aluminio,Soluvel,Turno_3,3463.0,281.4,4.45,10.2,78.5,109.9,45.8,156,-3.3,8789,CLP-313D3,1
PEC-83488,Torno_CNC,Aco_Carbono,Sintetico,Turno_2,2599.5,180.1,3.07,44.4,69.6,120.6,45.1,71,-10.72,3454,CLP-73E58,0
PEC-83489, TORNO_CNC ,Aluminio,Soluvel,Turno_2,3158.0,237.0,3.34,12.9,88.7,98.4,38.7,99,-4.31,6181,CLP-B3E3D,1
PEC-83490,Torno_CNC,Latao,Seco,Turno_2,2945.1,146.0,3.53,19.9,65.8,124.4,42.6,119,-1.51,7783,CLP-4A6C5,0
PEC-83491,Fresadora,Aco_Inox,Seco,Turno_3,2479.3,295.0,2.95,29.9,63.1,102.0,61.2,35,-12.63,7222,CLP-49506,1
PEC-83492,Centro_Usinagem,Aluminio,Semi_Sintetico,Turno_1,2563.3,352.4,2.38,11.0,60.4,84.1,36.3,127,-34.85,1139,CLP-C1443,1
PEC-83493,Centro_Usinagem,Aco_Carbono,Soluvel,Turno_1,2630.3,141.0,4.44,5.7,88.9,107.8,47.1,20,4.98,7703,CLP-3D86A,1
PEC-83494,Fresadora,Aluminio,Soluvel,Turno_1,3173.7,178.6,3.41,18.9,79.6,104.8,40.7,2,9.58,9674,CLP-6D9D1,0
PEC-83495,Torno_CNC,Aluminio,Soluvel,Turno_3,2993.9,258.4,3.88,65.9,47.5,147.1,30.5,21,16.67,4237,CLP-AAC6D,1
PEC-83496,Centro_Usinagem,Aco_Inox,Semi_Sintetico,Turno_2,2768.4,249.1,2.26,5.5,90.3,145.1,32.7,91,30.1,6240,CLP-3E8AB,1
PEC-83497,Centro_Usinagem,Aco_Inox,Seco,Turno_1,3023.7,229.5,4.12,9.1,71.0,103.3,49.9,170,17.71,2006,CLP-AC7BD,1
PEC-83498,Torno_CNC,Aco_Inox,Soluvel,Turno_3,3536.4,163.1,3.43,62.6,66.5,118.5,31.2,150,8.54,3764,CLP-E8E6E,1
PEC-83499,Fresadora,Latao,Sintetico,Turno_3,3360.5,266.2,3.48,17.8,71.2,110.2,35.1,36,20.83,5209,CLP-D1D55,1
PEC-83500,Torno_CNC,Aco_Inox,Soluvel,Turno_3,3650.8,294.4,0.85,102.4,53.5,147.6,51.6,95,-7.04,2502,CLP-68C8C,1
PEC-83501,Centro_Usinagem,Aco_Carbono,Soluvel,Turno_1,3097.3,392.3,2.97,,67.4,92.7,50.6,144,-20.79,1892,CLP-45D99,1
PEC-83502,Celula_Robotica,Aluminio,Sintetico,Turno_3,3921.2,315.4,1.84,60.8,61.3,127.0,45.5,112,7.23,7411,CLP-92EE2,1
PEC-83503,Torno_CNC,Aco_Inox,Soluvel,Turno_1,3356.6,185.1,3.18,15.5,60.7,139.2,35.6,37,-20.28,8894,CLP-42B76,1
PEC-83504,Centro_Usinagem,Aluminio,Soluvel,Turno_1,2980.0,249.4,2.77,7.2,76.5,111.8,35.5,149,-2.16,6850,CLP-CC6CD,1
PEC-83505,Fresadora,Aco_Carbono,Soluvel,Turno_1,3241.8,279.6,0.94,79.7,61.8,120.4,34.4,93,-5.29,3002,CLP-91551,1
PEC-83506,Celula_Robotica,Aco_Carbono,Semi_Sintetico,Turno_2,2638.4,215.6,2.62,96.7,66.2,135.8,43.9,65,2.2,9304,CLP-D31B9,1
PEC-83507, TORNO_CNC ,Aco_Inox,Semi_Sintetico,Turno_1,3062.2,289.0,2.31,48.1,68.9,103.4,50.1,67,2.95,5610,CLP-BFCDE,1
PEC-83508,Centro_Usinagem,Aco_Inox,Seco,Turno_2,3393.5,285.2,3.61,56.4,76.3,129.5,41.6,126,1.88,2159,CLP-CEC80,1
PEC-83509,Torno_CNC,Aco_Inox,Sintetico,Turno_3,3475.3,311.9,2.51,5.3,80.2,96.8,52.1,109,-13.14,8034,CLP-BE2BC,1
PEC-83510,Torno_CNC,Aco_Inox,Sintetico,Turno_1,3015.4,290.1,2.42,54.1,65.2,96.1,57.9,154,-14.77,1765,CLP-E5F96,1
PEC-83511,Torno_CNC,Aluminio,Soluvel,Turno_1,4430.3,264.3,3.38,27.4,60.5,132.8,48.1,163,-4.69,6209,CLP-44160,1
PEC-83512,Celula_Robotica,Aco_Carbono,Seco,Turno_1,3122.5,218.1,3.17,26.1,87.8,105.5,35.0,137,3.54,6064,CLP-9B473,1
PEC-83513,Centro_Usinagem,Aco_Inox,Sintetico,Turno_3,,185.3,4.47,32.2,34.0,122.7,45.7,92,3.05,4229,CLP-CC0E7,1
PEC-83514,Centro_Usinagem,Aco_Carbono,Sintetico,Turno_1,3746.0,261.0,1.91,16.1,75.4,102.3,55.8,137,-20.73,6930,CLP-4E907,1
PEC-83515,Celula_Robotica,Aluminio,Sintetico,Turno_2,3473.2,229.8,3.25,46.7,63.3,124.2,40.0,77,0.31,1016,CLP-A94FB,1
PEC-83516,Torno_CNC,Aco_Inox,Semi_Sintetico,Turno_1,3304.3,234.6,1.17,17.3,71.8,95.1,39.7,151,-6.78,7141,CLP-2ACFE,1
PEC-83517, TORNO_CNC ,Aco_Inox,Soluvel,Turno_3,2990.8,306.1,3.72,33.6,65.5,139.4,54.1,53,-1.17,2959,CLP-2BF1F,0
PEC-83518,Torno_CNC,Aco_Carbono,Soluvel,Turno_1,3377.0,318.4,3.64,10.2,80.4,132.2,33.5,177,8.58,8636,CLP-C095D,1
PEC-83519,Torno_CNC,Aco_Carbono,Sintetico,Turno_2,3928.6,188.2,3.4,,70.0,111.0,46.6,108,4.31,8047,CLP-3ECEE,1
PEC-83520,Torno_CNC,Aluminio,Semi_Sintetico,Turno_2,3290.7,239.5,0.98,,47.9,92.1,40.1,166,-2.21,4557,CLP-E2B1F,1
PEC-83521, TORNO_CNC ,Aco_Inox,Sintetico,Turno_3,2538.5,228.3,4.45,11.5,47.4,116.9,41.5,131,-3.38,3961,CLP-3A9EB,1
PEC-83522,Torno_CNC,Aco_Inox,Soluvel,Turno_1,,265.7,4.27,5.9,62.4,114.6,58.6,21,-29.47,6350,CLP-B5216,0
PEC-83523,Torno_CNC,Aco_Inox,Soluvel,Turno_2,3373.1,136.7,1.98,9.5,72.3,111.8,41.2,107,5.78,9184,CLP-655C2,1
PEC-83524,Torno_CNC,Aluminio,Sintetico,Turno_1,2756.3,177.0,2.81,14.3,80.7,135.8,46.0,159,1.6,7273,CLP-C1BE4,1
PEC-83525,Torno_CNC,Aco_Carbono,Sintetico,Turno_3,3155.1,244.1,4.06,13.8,57.0,138.2,53.3,173,-19.28,7587,CLP-A3A94,1
PEC-83526,Celula_Robotica,Aco_Inox,Sintetico,Turno_2,2835.9,289.3,2.48,18.9,38.5,126.4,34.7,121,9.75,1635,CLP-EA5A0,1
PEC-83527,Fresadora,Aco_Carbono,Soluvel,Turno_2,2803.6,253.8,2.9,7.0,70.2,142.4,51.7,174,0.34,5316,CLP-D8782,1
PEC-83528,Celula_Robotica,Aluminio,Seco,Turno_2,2855.6,283.6,2.91,100.8,65.5,78.0,41.4,15,4.66,3160,CLP-77055,1
PEC-83529, TORNO_CNC ,Aluminio,Sintetico,Turno_1,2896.3,259.9,3.1,9.4,66.7,115.4,34.8,81,22.63,4334,CLP-27B8C,0
PEC-83530,Torno_CNC,Latao,Semi_Sintetico,Turno_1,3549.3,313.8,2.8,47.4,51.8,114.7,41.1,16,10.38,4101,CLP-369B2,1
PEC-83531,Fresadora,Aco_Inox,Soluvel,Turno_2,3458.1,324.3,2.12,31.8,79.3,132.6,45.5,17,7.08,4618,CLP-A32E4,1
PEC-83532,Torno_CNC,Latao,Soluvel,Turno_3,2656.4,212.0,2.66,33.2,55.2,115.2,46.9,26,-11.51,9181,CLP-7A2E4,1
PEC-83533,Torno_CNC,Aco_Inox,Semi_Sintetico,Turno_1,2717.7,294.2,3.99,8.9,68.7,128.3,39.0,112,-5.37,1445,CLP-EDFC7,1
PEC-83534,Torno_CNC,Aco_Inox,Soluvel,Turno_3,3370.6,275.4,3.96,14.8,68.3,112.8,43.3,78,-7.67,3990,CLP-83064,1
PEC-83535,Torno_CNC,Aco_Carbono,Sintetico,Turno_1,3673.6,375.2,3.59,58.0,71.6,109.9,33.9,45,7.73,8988,CLP-1CF85,1
PEC-83536,Torno_CNC,Latao,Soluvel,Turno_3,3666.7,210.1,2.16,26.8,56.1,132.0,39.3,150,12.1,1636,CLP-875D1,1
PEC-83537, TORNO_CNC ,Aluminio,Semi_Sintetico,Turno_1,2748.7,244.2,3.64,26.4,53.9,120.0,34.1,68,-5.04,8081,CLP-B7523,0
PEC-83538,Fresadora,Aluminio,Soluvel,Turno_1,3645.2,198.4,2.05,32.6,75.2,124.6,44.4,32,-9.52,1175,CLP-47519,1
PEC-83539,Torno_CNC,Aco_Carbono,Soluvel,Turno_2,2400.7,201.4,3.16,24.9,71.6,101.4,38.3,144,3.81,9765,CLP-2638E,1
PEC-83540,Torno_CNC,Aco_Carbono,Seco,Turno_2,3108.7,269.3,2.77,62.4,69.0,130.2,61.6,60,-9.36,6218,CLP-6ECAD,1
PEC-83541,Centro_Usinagem,Aco_Inox,Sintetico,Turno_2,3419.2,260.3,1.7,53.3,78.5,103.8,48.1,158,-6.97,3790,CLP-AD4AF,1
PEC-83542,Torno_CNC,Aco_Carbono,Soluvel,Turno_2,2264.5,277.1,2.31,18.3,69.1,145.7,32.0,165,18.65,9886,CLP-5EEE0,0
PEC-83543,Torno_CNC,Aluminio,Soluvel,Turno_2,4141.8,276.0,3.82,,60.6,116.2,39.0,136,-17.2,3276,CLP-CA7A9,1
PEC-83544,Centro_Usinagem,Aluminio,Seco,Turno_1,3797.0,238.2,4.15,30.6,71.2,113.8,50.6,31,-0.64,9357,CLP-E9E10,1
PEC-83545,Torno_CNC,Aluminio,Soluvel,Turno_1,3491.2,237.9,1.32,39.6,70.4,133.4,47.0,131,24.89,3372,CLP-B7806,0
PEC-83546,Torno_CNC,Aluminio,Sintetico,Turno_1,2765.7,201.5,2.32,75.4,70.7,119.2,32.4,84,-30.53,6876,CLP-E3D31,1
PEC-83547, TORNO_CNC ,Latao,Soluvel,Turno_2,3169.4,214.9,2.23,27.6,54.4,130.8,38.7,133,-6.95,8206,CLP-8686F,1
PEC-83548,Torno_CNC,Aluminio,Semi_Sintetico,Turno_2,3555.7,247.2,2.46,,53.3,115.5,50.1,46,3.56,5508,CLP-22008,1
PEC-83549,torno_cnc,Latao,Semi_Sintetico,Turno_2,2694.8,259.9,4.41,39.6,75.6,130.7,48.0,171,28.22,3559,CLP-77D0D,1
PEC-83550,Centro_Usinagem,Aco_Inox,Sintetico,Turno_2,3118.8,285.5,2.57,24.5,63.2,118.9,49.6,69,-17.12,7812,CLP-6D67E,0
PEC-83551,Torno_CNC,Aco_Carbono,Soluvel,Turno_1,3609.7,280.4,3.82,59.5,41.7,133.0,42.8,179,-3.59,9300,CLP-7E15B,1
PEC-83552,torno_cnc,Aco_Carbono,Semi_Sintetico,Turno_3,2527.4,327.9,3.16,8.9,48.5,137.3,38.1,144,-10.7,3918,CLP-5336B,0
PEC-83553,torno_cnc,Aluminio,Soluvel,Turno_1,3349.6,201.4,0.93,35.5,49.2,96.2,34.8,168,28.45,6558,CLP-68DAF,1
PEC-83554,Torno_CNC,Aluminio,Seco,Turno_2,2410.4,238.4,3.28,6.7,77.8,125.4,52.6,125,-4.44,2083,CLP-D5877,1
PEC-83555,Fresadora,Aluminio,Soluvel,Turno_1,2775.3,205.7,3.09,10.9,64.4,147.4,60.5,177,-11.18,5585,CLP-28F5F,1
PEC-83556,Torno_CNC,Aco_Carbono,Sintetico,Turno_2,2972.9,313.9,3.53,37.0,65.4,129.3,47.2,96,-0.41,1193,CLP-CD05B,1
PEC-83557, TORNO_CNC ,Aco_Carbono,Soluvel,Turno_2,3431.1,224.9,0.8,17.9,60.8,156.6,52.5,91,8.85,5099,CLP-B9DF4,1
PEC-83558,Torno_CNC,Aco_Inox,Sintetico,Turno_2,2884.6,307.8,1.47,15.7,52.3,106.1,38.6,108,22.89,5627,CLP-8CADA,1
PEC-83559, TORNO_CNC ,Aco_Carbono,Soluvel,Turno_2,3256.5,322.6,3.58,114.2,74.1,123.9,44.8,45,-15.68,3769,CLP-B1F90,1
PEC-83560,Torno_CNC,Aluminio,Soluvel,Turno_1,2890.7,270.7,1.98,20.9,72.8,127.3,44.5,79,15.13,6353,CLP-D362F,1
PEC-83561,Centro_Usinagem,Aco_Inox,Soluvel,Turno_1,2961.2,264.7,4.14,34.1,56.5,112.1,48.1,23,4.85,2581,CLP-40DF8,1
PEC-83562,Torno_CNC,Aco_Carbono,Soluvel,Turno_2,3762.8,251.9,2.57,31.7,81.8,101.5,45.6,129,9.29,8214,CLP-8F85D,1
PEC-83563, TORNO_CNC ,Aluminio,Soluvel,Turno_3,2682.4,234.1,0.5,7.2,73.9,152.5,67.2,121,-18.68,9789,CLP-D3534,1
PEC-83564, TORNO_CNC ,Aco_Carbono,Soluvel,Turno_1,3541.6,228.1,3.3,,54.8,136.8,51.4,163,-10.95,5421,CLP-D87A3,1
PEC-83565,Fresadora,Aco_Inox,Semi_Sintetico,Turno_1,3199.5,242.6,2.55,30.2,61.6,128.4,55.4,93,-12.72,6005,CLP-B1696,1
PEC-83566,torno_cnc,Aco_Inox,Soluvel,Turno_2,2941.0,341.2,1.77,21.8,60.6,120.7,47.2,22,-9.52,8377,CLP-3E545,0
PEC-83567,Fresadora,Aluminio,Sintetico,Turno_2,2652.1,197.9,0.58,7.4,68.7,122.1,28.0,29,13.17,5054,CLP-63437,0
PEC-83568,Fresadora,Aco_Inox,Soluvel,Turno_2,,260.2,1.29,17.1,47.9,129.4,48.6,86,7.46,6586,CLP-B22E5,0
PEC-83569,Centro_Usinagem,Aco_Carbono,Sintetico,Turno_3,,285.6,1.15,80.4,56.5,141.6,53.8,139,-8.01,3847,CLP-1A108,1
PEC-83570,Torno_CNC,Aco_Inox,Soluvel,Turno_2,3132.5,235.8,2.83,11.7,74.5,109.4,56.1,116,-29.99,9569,CLP-B4BA6,1
PEC-83571,torno_cnc,Aluminio,Seco,Turno_1,3471.6,270.8,3.58,13.7,46.0,121.6,44.5,85,-6.37,4929,CLP-9109F,1
PEC-83572,Centro_Usinagem,Aco_Inox,Semi_Sintetico,Turno_1,3064.9,174.8,1.44,13.0,62.6,114.5,33.5,117,-14.77,8408,CLP-CC211,1
PEC-83573,Celula_Robotica,Aco_Inox,Soluvel,Turno_2,,316.3,3.29,82.5,50.3,104.1,42.7,109,23.29,5085,CLP-A348B,1
PEC-83574,Centro_Usinagem,Aco_Carbono,Semi_Sintetico,Turno_2,3162.2,306.6,4.1,47.1,76.0,110.8,33.4,75,-12.98,1403,CLP-8FABE,1
PEC-83575, TORNO_CNC ,Aco_Inox,Soluvel,Turno_1,3414.5,245.1,2.99,79.8,69.1,123.2,55.3,86,10.19,7956,CLP-27678,1
PEC-83576,Torno_CNC,Aluminio,Sintetico,Turno_3,3490.2,206.0,3.6,90.8,47.4,115.5,48.6,51,15.39,9104,CLP-AD92D,1
PEC-83577, TORNO_CNC ,Latao,Soluvel,Turno_1,2575.9,289.6,1.32,97.1,52.5,120.4,40.9,46,2.79,1241,CLP-39B43,1
PEC-83578,Fresadora,Aluminio,Soluvel,Turno_2,3073.1,192.6,0.8,28.3,65.2,130.9,50.9,137,-11.34,7633,CLP-C885F,1
PEC-83579, TORNO_CNC ,Aco_Carbono,Soluvel,Turno_1,3752.3,199.8,1.96,27.6,37.3,137.3,56.8,135,-8.87,1951,CLP-A2393,1
PEC-83580, TORNO_CNC ,Aco_Inox,Sintetico,Turno_3,,247.3,3.34,66.8,51.8,159.8,51.3,4,21.12,5751,CLP-DE98A,1
PEC-83581,Centro_Usinagem,Aco_Inox,Soluvel,Turno_3,3233.4,325.9,3.24,,55.1,131.6,61.0,163,11.9,2068,CLP-AD2CB,1
PEC-83582, TORNO_CNC ,Aco_Carbono,Semi_Sintetico,Turno_1,3123.1,282.0,4.32,5.8,80.4,110.7,37.9,140,33.05,2966,CLP-DA195,1
PEC-83583,Centro_Usinagem,Aco_Carbono,Sintetico,Turno_3,2945.0,217.7,3.02,19.1,58.1,136.5,52.8,101,-15.13,7443,CLP-E11E4,1
PEC-83584, TORNO_CNC ,Aluminio,Soluvel,Turno_1,3915.9,165.9,2.15,49.1,72.9,115.2,33.3,93,7.7,9049,CLP-1976B,1
PEC-83585,Torno_CNC,Aluminio,Sintetico,Turno_2,3216.6,252.1,3.69,9.6,59.3,109.5,60.2,144,8.85,9006,CLP-7A41E,1
PEC-83586, TORNO_CNC ,Aluminio,Semi_Sintetico,Turno_3,3880.0,262.6,1.11,58.8,73.9,129.3,50.8,50,0.96,8865,CLP-6B963,1
PEC-83587,Fresadora,Aco_Inox,Seco,Turno_2,3202.5,246.4,3.75,64.1,46.4,141.2,42.0,115,10.12,8350,CLP-73012,1
PEC-83588,Torno_CNC,Aco_Carbono,Sintetico,Turno_3,3407.1,340.3,1.96,8.7,56.3,110.9,35.8,71,7.21,4538,CLP-D137C,0
PEC-83589,Torno_CNC,Aluminio,Semi_Sintetico,Turno_3,2940.3,243.4,1.12,8.6,63.7,124.7,40.7,61,7.65,2522,CLP-1993C,1
PEC-83590,Celula_Robotica,Aluminio,Semi_Sintetico,Turno_3,,135.9,1.15,12.8,67.1,126.8,42.9,138,-9.01,8435,CLP-C9D19,1
PEC-83591,Torno_CNC,Aco_Carbono,Soluvel,Turno_1,3384.2,229.6,4.43,20.4,68.9,105.8,46.7,165,-16.96,5544,CLP-C9075,1
PEC-83592,torno_cnc,Aco_Inox,Soluvel,Turno_1,3392.5,272.7,2.99,31.6,67.3,98.5,44.9,167,-27.9,1846,CLP-D1939,1
PEC-83593,torno_cnc,Aco_Inox,Soluvel,Turno_2,3469.1,269.3,1.2,,71.1,99.0,39.9,158,-16.33,4509,CLP-56875,1
PEC-83594, TORNO_CNC ,Aco_Carbono,Soluvel,Turno_2,3369.5,241.2,1.57,72.1,64.9,139.2,54.3,100,33.78,6646,CLP-7D9E0,1
PEC-83595,Fresadora,Aco_Carbono,Soluvel,Turno_2,2598.6,232.9,1.99,10.4,67.1,113.0,31.4,174,-7.7,6840,CLP-C9900,1
PEC-83596,Torno_CNC,Aluminio,Seco,Turno_1,2837.1,150.0,0.72,46.9,52.8,110.5,49.6,76,21.03,3402,CLP-444C6,1
PEC-83597,torno_cnc,Aco_Inox,Soluvel,Turno_3,,254.3,0.93,32.9,45.6,124.8,46.5,47,-1.05,5997,CLP-62C39,1
PEC-83598, TORNO_CNC ,Aco_Inox,Sintetico,Turno_3,2318.7,233.1,3.55,,9999.0,139.5,44.9,65,-5.58,6017,CLP-D4A00,1
PEC-83599,Fresadora,Aluminio,Sintetico,Turno_2,3331.7,262.5,3.65,19.6,44.8,102.5,50.0,23,15.8,9554,CLP-336FA,1
PEC-83600,Torno_CNC,Aco_Inox,Soluvel,Turno_1,3149.7,274.6,4.45,27.3,67.7,91.7,39.7,153,-1.12,8808,CLP-5F5A8,1
PEC-83601,torno_cnc,Aco_Carbono,Soluvel,Turno_1,3582.3,312.1,0.77,6.0,76.3,142.1,38.8,125,-3.91,9655,CLP-39067,0
PEC-83602,Torno_CNC,Latao,Sintetico,Turno_1,3387.5,202.2,4.06,9.3,53.6,127.7,42.7,102,0.22,1412,CLP-C62D1,1
PEC-83603,Torno_CNC,Aco_Carbono,Sintetico,Turno_2,2901.2,185.3,1.77,21.4,77.1,103.9,40.8,144,-7.43,4982,CLP-BC34D,1
PEC-83604,Torno_CNC,Aco_Inox,Seco,Turno_3,2880.8,221.3,1.81,28.0,70.4,113.4,43.1,35,20.69,1813,CLP-D0662,1
PEC-83605,Torno_CNC,Aco_Carbono,Soluvel,Turno_1,2964.7,213.2,1.01,8.1,58.4,105.0,50.8,64,-9.39,2444,CLP-56567,0
PEC-83606,Centro_Usinagem,Aco_Inox,Semi_Sintetico,Turno_2,,208.7,4.45,66.0,60.8,129.6,45.9,93,8.11,3486,CLP-6EDAE,1
PEC-83607,Torno_CNC,Aco_Inox,Soluvel,Turno_2,2164.0,322.2,4.42,107.2,78.4,135.3,45.2,49,24.11,8991,CLP-E049E,1
PEC-83608,Celula_Robotica,Aco_Inox,Sintetico,Turno_1,3270.8,257.4,3.96,,37.1,130.0,46.8,101,8.48,3704,CLP-460DB,0
PEC-83609,Celula_Robotica,Aco_Inox,Sintetico,Turno_2,2802.6,348.6,0.86,,78.3,122.5,42.4,163,4.3,6886,CLP-45EA1,1
PEC-83610,torno_cnc,Latao,Soluvel,Turno_2,3285.9,249.8,3.87,52.0,75.8,125.7,52.2,57,-12.32,1711,CLP-DB6FD,1
PEC-83611,Torno_CNC,Aco_Inox,Soluvel,Turno_3,3355.0,191.4,3.04,13.6,57.9,108.9,49.5,68,-8.31,7072,CLP-88A4B,1
PEC-83612, TORNO_CNC ,Aco_Inox,Soluvel,Turno_2,2452.0,209.6,1.02,51.3,63.9,113.3,45.0,5,14.77,6909,CLP-1B544,1
PEC-83613,Fresadora,Latao,Soluvel,Turno_2,3097.9,301.2,1.55,24.9,84.5,120.1,35.9,28,-23.72,1134,CLP-957FA,1
PEC-83614, TORNO_CNC ,Aco_Inox,Sintetico,Turno_1,3270.0,193.3,3.26,6.9,49.3,115.8,55.5,46,30.74,1584,CLP-4D97A,1
PEC-83615,Torno_CNC,Aco_Carbono,Soluvel,Turno_1,3239.6,277.9,3.71,16.4,62.8,120.0,50.3,16,-3.11,7914,CLP-2A695,1
PEC-83616,torno_cnc,Aco_Inox,Sintetico,Turno_1,3145.0,232.2,3.89,24.5,72.8,95.7,49.5,7,30.08,4263,CLP-B8425,0
PEC-83617,Centro_Usinagem,Aco_Inox,Soluvel,Turno_1,2650.6,203.5,2.68,51.6,67.5,133.2,58.6,165,-10.81,5872,CLP-2B8E8,1
PEC-83618,Fresadora,Latao,Semi_Sintetico,Turno_1,2719.1,319.3,2.64,10.0,65.6,103.9,50.6,145,-2.03,6706,CLP-C0B15,1
PEC-83619,Torno_CNC,Aco_Inox,Semi_Sintetico,Turno_1,2579.9,220.6,3.24,16.8,86.8,88.4,44.6,107,-12.66,8217,CLP-E5F7C,1
PEC-83620,Fresadora,Aluminio,Semi_Sintetico,Turno_2,3449.3,208.6,3.61,8.1,51.7,109.3,40.9,17,-20.22,4079,CLP-AE5D0,1
PEC-83621,Torno_CNC,Aco_Inox,Sintetico,Turno_2,3148.0,246.1,1.18,38.5,52.2,116.8,40.6,155,14.11,6428,CLP-C13D8,1
PEC-83622,Torno_CNC,Aco_Inox,Soluvel,Turno_1,3176.7,224.6,3.46,27.5,34.8,150.3,47.2,149,-1.12,3224,CLP-8999F,0
PEC-83623,Centro_Usinagem,Aco_Inox,Semi_Sintetico,Turno_1,2432.5,360.7,1.87,97.6,52.1,112.7,52.7,162,22.32,6109,CLP-D3732,1
PEC-83624,Torno_CNC,Aco_Inox,Soluvel,Turno_2,3184.9,303.0,2.04,,57.0,123.1,52.8,58,6.31,6894,CLP-51277,1
PEC-83625,Torno_CNC,Aco_Inox,Soluvel,Turno_1,3485.1,220.5,0.81,57.7,68.8,124.8,34.0,49,-16.15,1419,CLP-3B233,1
PEC-83626,Torno_CNC,Aco_Carbono,Soluvel,Turno_2,2371.2,226.2,2.85,11.3,76.5,97.3,52.4,104,-1.43,9353,CLP-5403F,1
PEC-83627,Centro_Usinagem,Aluminio,Sintetico,Turno_2,2959.1,149.0,0.87,15.9,53.4,118.4,42.6,84,-15.49,8860,CLP-24D0D,0
PEC-83628,Fresadora,Aco_Inox,Sintetico,Turno_1,2493.3,256.9,4.15,30.2,63.3,116.0,40.3,32,5.97,3940,CLP-1F21F,1
PEC-83629,Fresadora,Aluminio,Sintetico,Turno_1,3010.9,212.6,2.98,5.5,81.8,121.3,47.9,109,-12.34,9258,CLP-DF798,1
PEC-83630,Fresadora,Latao,Soluvel,Turno_1,2794.6,254.4,4.46,76.4,62.8,126.3,51.3,53,-4.47,6792,CLP-E6159,1
PEC-83631,Torno_CNC,Latao,Soluvel,Turno_1,3371.4,151.7,1.48,57.6,71.2,132.8,35.1,38,0.95,6989,CLP-B401C,1
PEC-83632, TORNO_CNC ,Aco_Carbono,Seco,Turno_3,3276.2,248.7,3.22,7.1,78.5,107.2,46.7,22,-17.51,8413,CLP-8A342,1
PEC-83633, TORNO_CNC ,Aco_Carbono,Sintetico,Turno_1,3781.2,334.9,4.36,71.2,53.8,127.2,32.0,143,-4.14,7385,CLP-259D2,1
PEC-83634,Torno_CNC,Aco_Inox,Soluvel,Turno_2,3175.7,252.7,1.69,5.2,51.4,109.1,51.3,50,20.89,1617,CLP-7DC23,0
PEC-83635, TORNO_CNC ,Aco_Inox,Sintetico,Turno_2,3352.3,211.3,0.89,9.2,84.5,106.3,36.1,64,8.29,3357,CLP-8BCAC,1
PEC-83636,Celula_Robotica,Aluminio,Soluvel,Turno_1,2949.0,249.0,3.04,7.0,72.0,146.3,46.5,37,16.4,3812,CLP-87064,1
PEC-83637,Torno_CNC,Aluminio,Soluvel,Turno_1,2703.6,246.8,1.96,27.8,49.1,92.8,42.1,150,-17.89,6316,CLP-C5144,0
PEC-83638,Torno_CNC,Aluminio,Soluvel,Turno_3,3575.6,359.6,1.59,58.6,52.3,112.3,40.4,92,-4.97,1050,CLP-DC152,1
PEC-83639,Torno_CNC,Aluminio,Soluvel,Turno_3,3759.5,233.4,4.47,11.9,62.6,123.3,29.0,74,-12.93,8898,CLP-2285E,1
PEC-83640,Torno_CNC,Latao,Soluvel,Turno_1,3517.5,189.8,3.52,56.7,81.7,111.0,33.8,80,7.68,4864,CLP-26ED9,1
PEC-83641,Centro_Usinagem,Aco_Carbono,Semi_Sintetico,Turno_1,3259.1,251.1,2.44,12.2,76.8,122.3,44.4,178,-24.7,3529,CLP-76EAA,1
PEC-83642, TORNO_CNC ,Aluminio,Sintetico,Turno_3,2761.7,259.8,0.7,168.1,77.8,99.9,37.6,14,7.5,5629,CLP-E0DAF,1
PEC-83643, TORNO_CNC ,Aco_Carbono,Soluvel,Turno_1,3713.7,278.1,1.27,72.2,59.8,92.3,42.5,51,16.48,9739,CLP-9690F,0
PEC-83644,Fresadora,Aco_Inox,Sintetico,Turno_1,3460.8,287.8,1.7,51.8,64.9,106.9,38.7,99,6.35,3285,CLP-EA6B2,1
PEC-83645,Torno_CNC,Aco_Inox,Seco,Turno_1,4111.2,347.8,2.45,36.4,55.4,122.3,42.8,139,-5.44,4604,CLP-E2C39,1
PEC-83646, TORNO_CNC ,Aco_Inox,Soluvel,Turno_1,2680.5,220.2,2.49,14.7,60.0,117.4,35.4,135,20.09,1476,CLP-F3D87,0
PEC-83647, TORNO_CNC ,Aluminio,Semi_Sintetico,Turno_1,3588.2,215.7,0.6,9.4,51.5,129.5,41.2,168,-7.74,8813,CLP-8335F,1
PEC-83648,torno_cnc,Aco_Inox,Sintetico,Turno_2,3447.1,157.3,4.27,26.6,54.5,98.6,42.9,171,1.13,8987,CLP-6DEC2,1
PEC-83649,Celula_Robotica,Aco_Carbono,Soluvel,Turno_2,3046.1,283.1,2.67,23.0,56.3,111.4,45.2,61,5.92,4407,CLP-CA6E2,1
PEC-83650,Fresadora,Aco_Inox,Soluvel,Turno_2,3813.7,205.6,0.58,44.3,63.3,118.9,30.4,162,-16.31,2159,CLP-E117C,1
PEC-83651, TORNO_CNC ,Aluminio,Soluvel,Turno_1,3381.1,294.6,3.31,11.5,70.0,105.5,45.4,133,23.43,5157,CLP-2D6F4,1
PEC-83652,Centro_Usinagem,Aco_Inox,Sintetico,Turno_2,2778.4,225.4,0.79,33.9,85.0,122.1,36.1,103,4.43,3953,CLP-A7FFF,1
PEC-83653,Torno_CNC,Aco_Inox,Soluvel,Turno_2,3146.7,336.3,3.38,46.4,60.6,115.8,34.1,152,10.38,2990,CLP-85175,1
PEC-83654,Torno_CNC,Aco_Carbono,Sintetico,Turno_1,2773.0,178.3,3.31,17.4,72.1,127.3,54.9,163,-5.34,4186,CLP-4F763,1
PEC-83655,Torno_CNC,Aluminio,Sintetico,Turno_1,2989.2,301.1,4.44,58.0,62.8,124.3,50.8,110,1.17,5007,CLP-BF0EF,1
PEC-83656,Torno_CNC,Latao,Soluvel,Turno_1,3516.7,295.2,1.87,24.8,76.6,92.2,49.4,169,2.97,3082,CLP-AA060,1
PEC-83657,torno_cnc,Latao,Semi_Sintetico,Turno_1,3645.2,276.3,1.08,11.2,49.9,142.1,43.2,84,-0.03,4580,CLP-9A581,0
PEC-83658,Fresadora,Aco_Inox,Semi_Sintetico,Turno_3,3299.5,194.1,0.87,12.6,58.6,87.4,40.4,3,8.63,8125,CLP-581FB,0
PEC-83659,Centro_Usinagem,Aco_Inox,Soluvel,Turno_2,,276.6,0.79,16.4,73.0,96.7,56.9,115,-0.96,1585,CLP-986D7,1
PEC-83660,torno_cnc,Aco_Carbono,Seco,Turno_1,3371.7,256.3,3.74,11.0,72.0,118.9,46.1,4,-14.11,1319,CLP-CF06A,0
PEC-83661,torno_cnc,Latao,Soluvel,Turno_2,3525.5,158.5,3.37,34.0,72.2,124.4,37.8,178,-9.26,8939,CLP-4F70D,1
PEC-83662,Torno_CNC,Aluminio,Soluvel,Turno_1,2312.5,327.9,4.4,109.3,81.9,115.8,37.0,122,-14.25,6702,CLP-58348,1
PEC-83663,Torno_CNC,Aco_Carbono,Soluvel,Turno_1,3252.4,232.7,1.74,84.2,44.2,111.9,47.5,88,1.66,2667,CLP-C5D84,1
PEC-83664,torno_cnc,Aco_Carbono,Sintetico,Turno_1,3114.4,324.1,3.71,18.7,49.9,118.8,42.2,68,32.19,5364,CLP-D7969,0
PEC-83665, TORNO_CNC ,Aco_Inox,Sintetico,Turno_2,3629.2,246.6,0.87,75.0,71.7,127.9,53.3,95,1.23,8394,CLP-BC1EF,1
PEC-83666,Centro_Usinagem,Aluminio,Soluvel,Turno_1,3373.6,299.1,4.12,112.8,74.8,102.8,45.6,84,-17.31,3737,CLP-7D83B,1
PEC-83667,Torno_CNC,Aco_Carbono,Soluvel,Turno_1,3418.0,207.0,0.71,17.2,72.9,103.3,35.4,164,-3.02,1322,CLP-E693C,1
PEC-83668,Torno_CNC,Aluminio,Soluvel,Turno_1,,260.7,3.65,87.5,97.5,107.0,59.9,67,2.78,1514,CLP-D8353,1
PEC-83669, TORNO_CNC ,Aco_Inox,Semi_Sintetico,Turno_1,3200.7,257.2,1.73,213.7,54.0,139.8,36.8,92,20.68,6214,CLP-D14F5,1
PEC-83670,Torno_CNC,Aco_Inox,Semi_Sintetico,Turno_2,3624.7,233.8,1.22,60.9,69.4,125.6,35.2,54,23.17,1549,CLP-35028,1
PEC-83671,Torno_CNC,Aco_Inox,Sintetico,Turno_3,3170.8,206.5,3.32,22.3,64.1,128.6,44.3,157,3.83,7338,CLP-1D1CF,1
PEC-83672,Fresadora,Aco_Inox,Sintetico,Turno_2,3278.6,96.7,4.08,37.8,72.5,143.9,48.7,82,21.29,5589,CLP-87D85,1
PEC-83673,Torno_CNC,Latao,Sintetico,Turno_2,2508.8,207.7,3.56,20.8,69.5,131.8,37.8,121,-18.0,6414,CLP-1D56B,1
PEC-83674,Fresadora,Aco_Inox,Soluvel,Turno_3,3169.2,285.0,1.75,197.9,58.8,122.3,50.6,77,-2.2,5662,CLP-EEBBB,1
PEC-83675,Torno_CNC,Aco_Inox,Soluvel,Turno_1,2294.6,180.2,1.91,7.5,69.7,143.4,41.1,101,21.52,8066,CLP-B9FE4,0
PEC-83676,Torno_CNC,Aco_Inox,Sintetico,Turno_1,2967.7,190.6,1.26,83.2,66.0,105.4,64.6,33,-8.89,8985,CLP-580B2,0
PEC-83677, TORNO_CNC ,Aluminio,Sintetico,Turno_2,3228.6,178.3,3.8,7.7,66.5,116.0,47.7,66,-23.69,6350,CLP-7FF5D,1
PEC-83678,Centro_Usinagem,Aluminio,Soluvel,Turno_1,3545.2,260.4,0.93,6.5,78.6,137.3,36.3,30,-11.29,3349,CLP-30E12,1
PEC-83679, TORNO_CNC ,Aco_Inox,Seco,Turno_2,,205.3,4.11,103.4,94.8,87.1,39.4,163,10.48,2658,CLP-D18AB,1
PEC-83680,Fresadora,Aco_Inox,Semi_Sintetico,Turno_1,,311.0,2.9,75.7,42.0,108.0,48.9,30,-11.28,4497,CLP-3066B,1
PEC-83681,Torno_CNC,Aco_Inox,Soluvel,Turno_1,3860.8,286.7,2.86,20.7,80.5,131.8,38.5,20,-19.69,5912,CLP-CD4D6,1
PEC-83682,Fresadora,Aluminio,Sintetico,Turno_2,2911.7,260.0,3.85,115.6,72.7,121.6,44.4,51,-19.94,6973,CLP-243E0,1
PEC-83683,Torno_CNC,Aco_Inox,Seco,Turno_3,2503.8,265.2,3.17,74.3,56.1,127.7,60.8,98,9.81,9263,CLP-B6CDD,1
PEC-83684,Fresadora,Latao,Soluvel,Turno_1,3330.4,211.9,1.72,86.3,60.6,91.3,50.1,46,34.29,4373,CLP-6AA13,1
PEC-83685,torno_cnc,Aluminio,Sintetico,Turno_1,2663.6,211.9,1.9,36.6,75.6,107.4,49.8,54,-1.27,1857,CLP-3EE56,1
PEC-83686,Celula_Robotica,Aco_Inox,Soluvel,Turno_2,2831.5,285.6,1.19,116.2,65.6,129.7,60.9,113,-3.36,3251,CLP-28A3B,1
PEC-83687, TORNO_CNC ,Aco_Carbono,Soluvel,Turno_1,3615.5,295.7,2.36,63.0,64.4,106.5,38.9,145,0.15,6062,CLP-49EB2,1
PEC-83688,Torno_CNC,Aco_Inox,Semi_Sintetico,Turno_1,4044.6,285.1,0.94,103.4,56.8,132.4,44.9,98,-33.45,4876,CLP-BF73E,1
PEC-83689,Torno_CNC,Aluminio,Soluvel,Turno_1,2749.7,226.5,3.11,16.6,55.9,124.3,42.6,84,0.05,4542,CLP-F29A9,1
PEC-83690,Centro_Usinagem,Aco_Inox,Soluvel,Turno_2,2868.2,230.4,1.18,31.6,53.4,102.4,40.0,52,10.13,6456,CLP-EDE20,1
PEC-83691,torno_cnc,Aluminio,Soluvel,Turno_3,3002.1,203.4,3.96,75.8,58.9,125.2,43.0,6,3.66,2214,CLP-438CF,1
PEC-83692,Fresadora,Aco_Carbono,Soluvel,Turno_2,2953.5,288.4,3.3,35.3,63.5,131.2,41.4,8,7.17,8419,CLP-42D6B,0
PEC-83693,Torno_CNC,Latao,Soluvel,Turno_1,4070.0,151.9,4.07,61.5,69.3,125.4,39.7,176,-3.29,5272,CLP-D8D5A,1
PEC-83694,Torno_CNC,Aco_Inox,Sintetico,Turno_1,2961.2,139.8,0.85,131.5,55.1,128.1,42.6,130,-28.31,1727,CLP-A8E5F,1
PEC-83695,Torno_CNC,Aco_Inox,Soluvel,Turno_1,3025.5,149.8,3.69,62.1,74.1,94.1,39.8,137,-9.38,9915,CLP-920AC,1
PEC-83696,Celula_Robotica,Aluminio,Sintetico,Turno_3,3927.3,142.9,4.02,18.3,54.1,153.8,47.6,86,9.69,9333,CLP-57177,1
PEC-83697,Fresadora,Latao,Sintetico,Turno_2,3459.5,317.9,0.68,9.4,74.2,162.3,37.4,14,6.16,1985,CLP-ECEBD,1
PEC-83698,Celula_Robotica,Latao,Soluvel,Turno_1,3643.7,289.3,4.5,16.1,54.6,141.4,53.1,149,5.36,6748,CLP-E104C,1
PEC-83699,Torno_CNC,Aco_Inox,Sintetico,Turno_2,2792.2,190.1,1.7,43.0,89.2,121.7,50.8,117,9.49,4096,CLP-C48C9,1
PEC-83700,Fresadora,Aco_Inox,Sintetico,Turno_2,2961.4,244.7,1.35,5.4,72.8,113.9,48.6,126,6.72,3447,CLP-1CCD0,1
PEC-83701,Fresadora,Aluminio,Soluvel,Turno_3,2732.1,323.3,2.16,12.4,75.1,114.2,41.3,167,13.88,5390,CLP-F3EE5,1
PEC-83702,Torno_CNC,Aco_Inox,Soluvel,Turno_3,3560.6,275.0,0.53,18.9,62.9,131.8,45.4,100,9.89,1029,CLP-3DD7D,0
PEC-83703,Centro_Usinagem,Aco_Inox,Sintetico,Turno_1,3751.4,355.7,4.04,77.8,72.3,136.0,44.0,151,20.95,9468,CLP-9F8DE,1
PEC-83704,Celula_Robotica,Aco_Inox,Seco,Turno_2,,244.3,1.57,,50.0,110.3,45.2,171,11.66,7215,CLP-956D4,1
PEC-83705,Centro_Usinagem,Aluminio,Soluvel,Turno_2,,217.2,2.59,6.8,53.3,119.7,34.3,114,-0.8,3730,CLP-C2D1F,1
PEC-83706,Fresadora,Latao,Soluvel,Turno_1,3055.8,195.9,2.99,33.1,61.3,138.9,45.8,59,18.62,1220,CLP-69484,0
PEC-83707,Torno_CNC,Latao,Soluvel,Turno_2,2503.7,251.2,3.66,11.9,83.2,118.5,47.6,50,17.74,8390,CLP-36CBF,1
PEC-83708,Torno_CNC,Aco_Inox,Soluvel,Turno_2,2896.8,296.8,1.5,14.7,77.1,121.7,56.6,178,6.48,7332,CLP-5CA08,1
PEC-83709,Celula_Robotica,Aluminio,Sintetico,Turno_1,3548.0,255.0,3.37,12.1,38.2,140.6,36.9,62,14.91,6352,CLP-DB344,0
PEC-83710,Torno_CNC,Aco_Carbono,Soluvel,Turno_2,2806.1,232.1,0.97,35.5,53.2,138.2,35.5,78,-1.73,4687,CLP-1C2D0,0
PEC-83711,Fresadora,Aco_Inox,Soluvel,Turno_2,3241.8,312.8,3.32,7.0,64.0,132.1,52.9,43,-13.74,8598,CLP-2FB24,0
PEC-83712,Fresadora,Aluminio,Soluvel,Turno_1,,276.4,4.18,103.5,80.1,104.0,32.9,126,21.39,5671,CLP-94AF7,1
PEC-83713,Fresadora,Aluminio,Soluvel,Turno_1,3135.2,244.3,0.84,9.6,67.9,104.1,56.6,27,20.9,4987,CLP-9C7E4,1
PEC-83714,Celula_Robotica,Aco_Inox,Soluvel,Turno_2,2946.5,211.7,0.97,111.0,34.6,109.0,54.5,175,-29.21,4921,CLP-DD7DC,1
PEC-83715,Torno_CNC,Aluminio,Soluvel,Turno_1,,237.3,2.73,57.7,50.9,112.2,49.6,80,-8.94,2383,CLP-DB63F,1
PEC-83716,Torno_CNC,Aco_Inox,Soluvel,Turno_3,3555.7,273.6,0.69,66.6,73.6,123.2,32.9,25,13.76,7208,CLP-B0831,1
PEC-83717,Torno_CNC,Aluminio,Semi_Sintetico,Turno_1,3581.0,211.0,1.25,11.6,67.4,118.6,43.7,28,-27.08,4398,CLP-2EBD8,1
PEC-83718, TORNO_CNC ,Aco_Inox,Seco,Turno_1,2763.7,188.3,1.26,43.8,66.6,117.6,44.6,153,24.99,1857,CLP-79461,1
PEC-83719,Torno_CNC,Aco_Inox,Soluvel,Turno_1,3102.7,226.0,2.42,64.5,78.3,116.1,47.3,159,27.78,2256,CLP-26942,1
PEC-83720,Torno_CNC,Aco_Inox,Sintetico,Turno_2,3219.9,247.5,1.49,33.6,60.8,106.8,49.4,87,-21.18,6192,CLP-6FAFA,1
PEC-83721,Centro_Usinagem,Aco_Carbono,Soluvel,Turno_2,2383.4,318.2,2.4,33.0,73.4,113.1,39.0,75,10.81,9124,CLP-81EBB,1
PEC-83722,Celula_Robotica,Aluminio,Soluvel,Turno_2,2571.3,192.0,2.58,11.1,84.7,156.5,53.5,46,-8.23,6035,CLP-2A1EB,1
PEC-83723,Torno_CNC,Aluminio,Soluvel,Turno_1,3778.8,261.3,3.42,23.7,67.7,130.5,49.2,106,-3.09,8854,CLP-21821,1
PEC-83724, TORNO_CNC ,Aluminio,Soluvel,Turno_3,2720.7,236.1,4.28,10.7,54.3,120.3,49.1,34,-22.68,4533,CLP-377A6,1
PEC-83725,Celula_Robotica,Aluminio,Sintetico,Turno_1,3766.2,238.6,2.51,131.2,59.9,97.5,43.2,12,6.17,3847,CLP-3ABB3,1
PEC-83726,Torno_CNC,Aco_Inox,Soluvel,Turno_1,2594.6,327.0,1.92,45.4,54.2,105.1,48.1,91,5.49,2384,CLP-EBDE1,1
PEC-83727,Torno_CNC,Aco_Carbono,Soluvel,Turno_1,3496.5,254.1,1.53,6.7,38.1,119.4,27.9,27,-5.41,4459,CLP-D3729,0
PEC-83728,Torno_CNC,Aco_Inox,Semi_Sintetico,Turno_1,3059.9,204.3,3.04,27.7,55.5,140.4,48.2,108,22.04,8488,CLP-C8051,1
PEC-83729,torno_cnc,Aco_Inox,Sintetico,Turno_1,3123.2,294.4,4.27,40.6,72.6,123.4,58.3,45,30.95,3556,CLP-53DAC,1
PEC-83730,Torno_CNC,Aco_Carbono,Soluvel,Turno_1,4035.2,290.8,3.56,8.5,65.1,123.2,51.2,148,-2.86,9605,CLP-1E4EF,1
PEC-83731,Celula_Robotica,Aco_Inox,Soluvel,Turno_1,2635.6,199.9,1.32,43.3,81.3,136.7,50.3,49,-17.8,5578,CLP-B35CF,1
PEC-83732, TORNO_CNC ,Aco_Inox,Soluvel,Turno_3,3467.7,190.4,4.07,11.8,66.7,105.4,51.2,13,-30.03,8001,CLP-D327B,1
PEC-83733,torno_cnc,Aluminio,Soluvel,Turno_1,3449.1,270.5,3.44,23.3,75.6,141.1,54.7,169,26.73,5911,CLP-F227C,1
PEC-83734,Torno_CNC,Aluminio,Soluvel,Turno_3,4709.6,248.4,1.01,39.4,43.9,114.2,43.4,124,-4.99,3626,CLP-B826A,1
PEC-83735, TORNO_CNC ,Aco_Carbono,Soluvel,Turno_2,2715.3,226.5,3.35,20.9,59.7,137.4,52.9,65,0.35,3629,CLP-6F42F,0
PEC-83736,Fresadora,Aluminio,Sintetico,Turno_1,2918.3,302.8,1.66,21.8,61.8,145.1,48.7,170,-9.0,8030,CLP-CCEA7,1
PEC-83737,Fresadora,Aluminio,Sintetico,Turno_2,3567.2,220.4,2.47,69.9,9999.0,106.4,45.5,55,-9.55,8460,CLP-81F4C,1
PEC-83738,Fresadora,Aco_Carbono,Sintetico,Turno_2,3109.9,271.1,1.7,17.9,83.3,120.0,55.8,34,8.64,5277,CLP-49F16,0
PEC-83739,torno_cnc,Aco_Inox,Soluvel,Turno_1,2991.6,308.7,0.84,,41.8,131.8,39.5,159,-2.39,7485,CLP-94BA5,1
PEC-83740,Centro_Usinagem,Aco_Inox,Soluvel,Turno_3,3630.9,233.0,3.57,71.2,63.6,115.7,39.8,4,-24.83,4813,CLP-46ECB,1
PEC-83741,Centro_Usinagem,Aluminio,Soluvel,Turno_2,3080.0,158.5,3.81,10.8,78.6,116.1,26.1,61,4.2,4439,CLP-894DB,1
PEC-83742,Fresadora,Aco_Inox,Sintetico,Turno_3,2798.7,229.8,1.43,6.6,74.2,114.0,37.6,143,-13.91,1508,CLP-428EA,1
PEC-83743,Torno_CNC,Latao,Soluvel,Turno_3,3526.8,259.5,1.46,66.1,60.4,92.1,41.5,56,10.72,2409,CLP-350B9,0
PEC-83744,Torno_CNC,Aco_Carbono,Semi_Sintetico,Turno_1,3368.9,300.2,2.22,33.0,54.2,135.9,44.6,103,-7.3,2701,CLP-682AB,1
PEC-83745,Torno_CNC,Aco_Inox,Sintetico,Turno_1,3059.2,223.9,3.75,66.5,78.1,104.9,48.6,4,-12.37,1835,CLP-4E121,1
PEC-83746,Fresadora,Aco_Inox,Semi_Sintetico,Turno_1,3037.9,336.2,0.81,13.4,58.7,85.7,52.0,142,-9.6,2669,CLP-596C6,1
PEC-83747, TORNO_CNC ,Aco_Inox,Sintetico,Turno_3,2788.3,185.1,3.73,67.6,55.0,135.7,34.4,25,-25.3,5641,CLP-4EAFB,1
PEC-83748, TORNO_CNC ,Aco_Inox,Seco,Turno_3,3526.3,258.2,4.19,8.5,77.0,127.3,45.9,8,9.18,8006,CLP-7ACC6,1
PEC-83749,Centro_Usinagem,Aco_Inox,Sintetico,Turno_2,3038.0,238.0,2.75,80.2,68.7,100.2,37.1,154,24.92,4064,CLP-254E6,1
PEC-83750,Centro_Usinagem,Aluminio,Seco,Turno_1,2853.6,317.4,0.74,65.5,60.8,136.3,34.4,46,9.88,5229,CLP-410EF,1
PEC-83751,Centro_Usinagem,Aco_Carbono,Soluvel,Turno_1,2621.5,176.3,1.58,34.3,68.9,130.0,47.6,116,-0.16,4111,CLP-B8E2C,0
PEC-83752,Torno_CNC,Aco_Carbono,Soluvel,Turno_3,3376.5,271.3,0.95,37.8,70.3,120.0,45.8,74,-1.29,3575,CLP-9699C,1
PEC-83753,Fresadora,Aco_Inox,Sintetico,Turno_3,2971.1,237.8,1.54,19.9,64.4,114.7,48.9,114,-6.31,5673,CLP-3A90D,1
PEC-83754,Torno_CNC,Aco_Inox,Seco,Turno_1,2294.3,326.5,3.75,12.9,66.8,118.2,49.6,141,-17.02,4593,CLP-274B5,1
PEC-83755,Torno_CNC,Aluminio,Soluvel,Turno_1,2658.5,208.6,0.72,26.3,39.0,123.1,41.1,144,17.52,4409,CLP-2ECC5,0
PEC-83756,Torno_CNC,Aco_Carbono,Soluvel,Turno_1,3094.9,270.8,1.64,42.5,63.7,108.2,53.8,123,-7.38,7301,CLP-BBF03,1
PEC-83757,Torno_CNC,Aco_Carbono,Sintetico,Turno_1,3107.5,208.1,2.57,231.8,57.3,136.8,37.7,157,-0.39,5163,CLP-AB757,1
PEC-83758, TORNO_CNC ,Latao,Sintetico,Turno_3,3090.4,259.4,4.0,64.5,55.4,128.3,36.6,112,27.53,4622,CLP-5EA83,1
PEC-83759,Centro_Usinagem,Aluminio,Soluvel,Turno_2,3027.8,231.5,1.5,24.9,56.8,118.0,48.2,18,-4.43,1319,CLP-28EED,1
PEC-83760,Torno_CNC,Aluminio,Sintetico,Turno_2,2535.9,230.7,3.61,52.6,59.0,146.1,46.7,29,4.88,5058,CLP-5373B,1
PEC-83761,Fresadora,Aco_Inox,Seco,Turno_2,2806.5,150.6,2.83,9.0,61.4,115.5,38.5,146,36.68,8694,CLP-41691,1
PEC-83762,torno_cnc,Aluminio,Semi_Sintetico,Turno_1,3732.7,270.7,3.21,23.8,67.0,143.2,38.3,132,-7.42,8625,CLP-A2EEF,1
PEC-83763,Torno_CNC,Aco_Inox,Soluvel,Turno_1,3666.3,195.9,3.95,24.4,56.2,124.4,48.0,151,14.84,1580,CLP-B7721,1
PEC-83764, TORNO_CNC ,Aluminio,Soluvel,Turno_3,3460.1,194.2,0.61,241.1,71.2,131.4,47.0,81,-5.46,1170,CLP-9244B,1
PEC-83765,Torno_CNC,Aluminio,Soluvel,Turno_2,3420.3,172.2,2.62,22.4,73.8,114.5,36.7,101,16.55,8054,CLP-73250,1
PEC-83766,torno_cnc,Aco_Inox,Soluvel,Turno_1,3607.1,197.2,3.49,8.0,73.7,92.0,39.9,159,9.6,1461,CLP-6B48D,1
PEC-83767, TORNO_CNC ,Aco_Inox,Soluvel,Turno_1,2695.6,275.0,4.04,7.4,76.2,127.2,37.7,163,39.03,8350,CLP-58382,1
PEC-83768,Torno_CNC,Aco_Inox,Semi_Sintetico,Turno_1,3214.8,272.6,1.03,47.0,58.2,102.2,28.0,120,-23.32,4458,CLP-84433,1
PEC-83769,Torno_CNC,Aco_Inox,Soluvel,Turno_1,2695.9,283.2,1.87,16.9,61.8,110.8,55.9,172,-8.93,6257,CLP-9BBB1,1
PEC-83770,torno_cnc,Aco_Inox,Semi_Sintetico,Turno_2,2703.7,198.7,0.81,76.1,68.0,121.1,46.9,100,-15.41,1023,CLP-301A7,1
PEC-83771,Centro_Usinagem,Aco_Inox,Seco,Turno_2,3365.6,260.7,3.84,28.1,59.9,110.4,54.3,27,-2.1,7518,CLP-4D536,1
PEC-83772,Torno_CNC,Aco_Inox,Soluvel,Turno_2,3626.0,219.2,3.93,19.0,51.1,119.5,42.6,124,14.0,8763,CLP-6D815,1
PEC-83773,Fresadora,Aco_Inox,Seco,Turno_3,3112.8,297.7,2.43,54.8,59.0,123.0,37.2,22,-27.36,4137,CLP-E5F0C,1
PEC-83774,Fresadora,Latao,Sintetico,Turno_2,3942.1,271.3,0.58,23.9,84.6,97.9,38.0,74,7.4,6837,CLP-909CE,1
PEC-83775,Celula_Robotica,Aco_Inox,Sintetico,Turno_1,3295.3,217.2,0.91,51.8,56.1,124.1,38.0,49,1.07,9689,CLP-523D2,1
PEC-83776,Centro_Usinagem,Aco_Inox,Soluvel,Turno_1,2850.4,302.0,3.0,48.8,55.5,110.7,40.9,152,-2.12,9388,CLP-3511A,1
PEC-83777,torno_cnc,Aluminio,Sintetico,Turno_3,2711.0,275.4,4.43,50.0,58.4,104.0,32.6,70,-3.17,6688,CLP-86BF6,1
PEC-83778,Fresadora,Aco_Carbono,Soluvel,Turno_2,3658.2,180.6,3.86,73.1,71.7,90.0,41.9,120,-17.36,5231,CLP-65738,1
PEC-83779,Centro_Usinagem,Aluminio,Sintetico,Turno_1,3257.8,166.4,3.69,71.0,69.2,96.7,40.4,157,44.16,2701,CLP-BD408,1
PEC-83780, TORNO_CNC ,Aco_Inox,Soluvel,Turno_2,3504.2,182.6,2.17,43.2,73.5,120.4,52.0,150,-32.18,4688,CLP-D4103,1
PEC-83781,Torno_CNC,Aluminio,Sintetico,Turno_2,2003.9,332.5,4.44,115.1,95.4,120.6,49.3,131,-0.33,8241,CLP-9FB22,1
PEC-83782,Torno_CNC,Aco_Carbono,Soluvel,Turno_3,3310.1,199.2,3.8,5.7,74.9,127.8,41.9,165,4.91,7297,CLP-6583C,1
PEC-83783,Centro_Usinagem,Aco_Carbono,Soluvel,Turno_3,2969.7,343.8,1.84,98.3,75.8,145.7,48.8,164,6.62,2417,CLP-9E812,1
PEC-83784,Centro_Usinagem,Aluminio,Sintetico,Turno_2,2572.8,196.6,3.49,10.6,99.3,140.3,36.2,134,16.06,3926,CLP-87A95,1
PEC-83785,Torno_CNC,Aco_Carbono,Sintetico,Turno_2,3171.8,191.3,2.23,,70.9,134.9,34.9,145,2.93,5792,CLP-CAB37,1
PEC-83786,torno_cnc,Aco_Carbono,Soluvel,Turno_1,3691.3,294.0,3.14,64.5,60.3,137.8,44.2,2,25.03,8986,CLP-421FC,1
PEC-83787, TORNO_CNC ,Aluminio,Soluvel,Turno_2,4219.8,296.3,4.38,22.9,61.4,122.7,45.8,120,-12.89,3840,CLP-1AC95,1
PEC-83788,Torno_CNC,Aluminio,Semi_Sintetico,Turno_3,3309.0,277.8,1.49,24.4,77.7,122.4,43.9,170,14.3,3808,CLP-9C5EB,1
PEC-83789,Celula_Robotica,Aluminio,Sintetico,Turno_2,2880.9,283.8,3.68,15.6,50.0,143.1,55.8,70,-9.11,3531,CLP-D4308,1
PEC-83790,Torno_CNC,Aco_Carbono,Soluvel,Turno_2,2853.7,209.9,2.86,,41.6,123.2,50.5,24,-11.91,3089,CLP-AECAC,0
PEC-83791,Torno_CNC,Aco_Inox,Sintetico,Turno_3,3633.4,291.7,4.3,8.9,55.1,123.6,53.3,144,11.61,9162,CLP-89C2D,1
PEC-83792,torno_cnc,Latao,Soluvel,Turno_1,2751.4,262.0,1.04,12.7,74.8,137.5,40.6,113,-9.48,4317,CLP-F2141,1
PEC-83793,Fresadora,Aco_Inox,Soluvel,Turno_1,3480.1,231.7,3.38,34.3,72.1,115.9,47.7,164,-59.56,7420,CLP-C3CB9,1
PEC-83794,Torno_CNC,Aluminio,Sintetico,Turno_2,3332.2,254.7,0.65,47.9,63.1,118.0,36.7,34,9.34,5122,CLP-A3F56,0
PEC-83795,Fresadora,Aco_Carbono,Semi_Sintetico,Turno_3,3282.4,303.0,1.49,52.0,77.8,99.6,39.1,51,-2.69,2086,CLP-8E455,1
PEC-83796,torno_cnc,Aco_Inox,Sintetico,Turno_3,2494.3,269.6,1.78,21.2,72.3,113.1,47.6,135,25.63,3226,CLP-C91A7,1
PEC-83797,Torno_CNC,Aluminio,Soluvel,Turno_2,3039.4,142.1,2.23,94.3,69.1,115.1,37.9,105,7.54,1671,CLP-283FB,1
PEC-83798,Torno_CNC,Aco_Inox,Semi_Sintetico,Turno_3,2543.8,294.6,4.36,19.0,64.8,115.9,38.7,55,3.84,2767,CLP-97E99,1
PEC-83799,torno_cnc,Aco_Inox,Soluvel,Turno_2,2935.3,290.7,0.77,9.1,75.8,132.2,48.4,124,13.07,7551,CLP-79505,0
PEC-83800,Torno_CNC,Aco_Inox,Seco,Turno_1,3612.7,231.0,1.18,106.7,74.1,104.9,38.9,177,-8.07,9169,CLP-38D26,1
PEC-83801,Celula_Robotica,Aco_Inox,Soluvel,Turno_3,3754.0,255.8,1.31,32.2,61.7,142.3,52.7,22,27.3,5266,CLP-348D3,1
PEC-83802,Centro_Usinagem,Aco_Inox,Soluvel,Turno_1,,255.6,2.2,129.4,74.8,89.1,43.3,47,0.32,8977,CLP-B60FC,1
PEC-83803,Celula_Robotica,Latao,Sintetico,Turno_1,,151.0,0.74,22.5,57.2,129.0,43.6,149,-6.4,9266,CLP-94B7C,1
PEC-83804,Torno_CNC,Latao,Soluvel,Turno_1,3914.6,229.9,4.36,54.6,67.8,132.2,47.0,81,11.27,4037,CLP-79FFD,1
PEC-83805,Celula_Robotica,Aco_Inox,Semi_Sintetico,Turno_1,2937.4,231.9,2.74,,69.8,130.4,43.9,117,7.84,1282,CLP-647DD,1
PEC-83806, TORNO_CNC ,Aco_Carbono,Sintetico,Turno_1,2688.9,242.1,3.75,72.4,61.0,136.4,47.2,91,-7.02,4597,CLP-38A8A,1
PEC-83807,Torno_CNC,Aco_Inox,Soluvel,Turno_1,3513.4,223.7,3.59,11.6,66.6,116.8,37.7,109,11.49,1982,CLP-8EB58,1
PEC-83808,Torno_CNC,Aco_Inox,Sintetico,Turno_1,3406.0,283.1,3.14,,72.3,138.8,23.2,101,-9.32,7648,CLP-B3489,0
PEC-83809,Torno_CNC,Aco_Inox,Soluvel,Turno_1,2955.8,209.5,4.12,8.6,52.0,109.6,33.7,149,7.05,9503,CLP-6859D,1
PEC-83810,Fresadora,Latao,Soluvel,Turno_2,3245.1,295.5,4.11,33.5,67.2,110.9,41.4,86,-23.82,9551,CLP-C720C,1
PEC-83811, TORNO_CNC ,Latao,Seco,Turno_3,3399.0,280.8,1.01,17.1,91.6,151.0,48.9,110,1.74,1320,CLP-B373F,1
PEC-83812,Torno_CNC,Aco_Inox,Semi_Sintetico,Turno_3,3291.7,318.0,4.11,118.5,55.1,122.7,62.3,169,-11.36,1448,CLP-53E91,1
PEC-83813,Fresadora,Aco_Inox,Soluvel,Turno_3,3406.5,336.7,2.6,72.0,77.4,134.3,40.3,90,-15.22,1453,CLP-DA565,1
PEC-83814,Torno_CNC,Aco_Inox,Sintetico,Turno_2,2972.4,337.0,1.57,61.9,63.9,127.4,39.8,153,-16.09,6562,CLP-EA64A,1
PEC-83815,torno_cnc,Aluminio,Soluvel,Turno_2,3436.8,190.7,2.93,63.1,79.2,130.8,47.7,4,-18.76,9234,CLP-A2209,1
PEC-83816, TORNO_CNC ,Aluminio,Semi_Sintetico,Turno_1,3207.9,267.2,1.62,,56.3,89.9,46.8,140,3.85,7053,CLP-8960B,1
PEC-83817,Centro_Usinagem,Aco_Inox,Seco,Turno_1,2987.7,214.1,2.42,75.1,65.1,125.6,47.0,3,8.53,8836,CLP-97F48,1
PEC-83818,Centro_Usinagem,Aco_Carbono,Soluvel,Turno_2,3089.4,414.0,3.77,97.2,91.5,120.2,43.0,135,7.75,5480,CLP-B6F66,1
PEC-83819, TORNO_CNC ,Aco_Inox,Semi_Sintetico,Turno_2,3155.9,280.7,0.63,100.3,62.9,134.6,29.2,116,-11.73,8551,CLP-A15B1,1
PEC-83820, TORNO_CNC ,Latao,Soluvel,Turno_3,2549.6,320.8,1.23,17.4,72.6,108.1,46.6,38,-0.01,4973,CLP-7A47E,0
PEC-83821, TORNO_CNC ,Aluminio,Soluvel,Turno_2,2913.5,271.8,4.33,13.7,72.1,137.9,44.6,54,5.66,7780,CLP-D88E4,1
PEC-83822,Centro_Usinagem,Aluminio,Seco,Turno_1,,118.2,2.28,41.1,40.7,101.9,32.3,120,18.95,1291,CLP-9C3DB,1
PEC-83823,Torno_CNC,Aco_Carbono,Sintetico,Turno_3,2592.1,210.8,1.71,,70.4,113.2,49.7,57,34.01,6115,CLP-66572,1
PEC-83824,Torno_CNC,Aco_Carbono,Soluvel,Turno_2,2921.0,215.7,4.19,13.3,50.1,96.3,50.8,175,-9.86,1063,CLP-50CC9,1
PEC-83825,Torno_CNC,Aco_Inox,Sintetico,Turno_3,4273.1,230.5,4.14,56.9,72.6,103.8,49.5,55,12.23,9521,CLP-7D143,1
PEC-83826, TORNO_CNC ,Aco_Inox,Soluvel,Turno_3,2691.8,268.0,0.68,41.7,66.4,120.1,41.7,22,-11.75,4200,CLP-B99ED,1
PEC-83827, TORNO_CNC ,Latao,Soluvel,Turno_1,3027.3,275.1,1.95,41.8,51.6,140.5,46.8,61,-19.49,5689,CLP-D8AE9,0
PEC-83828,Centro_Usinagem,Aco_Inox,Seco,Turno_1,2824.8,118.6,4.15,110.3,50.7,120.5,37.8,161,-15.74,7093,CLP-4FD4F,1
PEC-83829,Torno_CNC,Aco_Inox,Sintetico,Turno_1,3147.4,238.2,1.22,43.6,64.1,100.7,33.9,100,3.63,8896,CLP-EB107,1
PEC-83830, TORNO_CNC ,Aluminio,Semi_Sintetico,Turno_1,2833.3,225.7,2.81,24.7,94.8,88.3,44.2,130,-0.78,3501,CLP-CE03B,1
PEC-83831,Centro_Usinagem,Aco_Carbono,Soluvel,Turno_1,3090.5,319.1,1.78,16.5,84.5,130.1,33.0,166,9.0,9833,CLP-42652,1
PEC-83832,Centro_Usinagem,Aco_Carbono,Sintetico,Turno_2,2876.7,279.6,3.45,19.5,69.3,110.1,43.9,130,-39.34,1563,CLP-3BEC7,1
PEC-83833, TORNO_CNC ,Latao,Seco,Turno_3,3674.8,240.8,1.13,16.4,71.2,112.1,44.6,5,1.48,5608,CLP-2B41E,1
PEC-83834, TORNO_CNC ,Aluminio,Soluvel,Turno_3,3236.7,261.2,2.88,6.2,72.2,136.1,38.5,118,-12.9,9731,CLP-AE434,1
PEC-83835,Torno_CNC,Aco_Inox,Soluvel,Turno_2,2748.7,165.6,0.5,15.6,58.6,118.0,60.5,148,-33.34,1229,CLP-F0022,1
PEC-83836,Celula_Robotica,Aluminio,Sintetico,Turno_1,3578.4,283.1,1.51,68.1,56.7,115.5,40.2,117,-8.94,8977,CLP-2A72B,1
PEC-83837,Torno_CNC,Aco_Carbono,Soluvel,Turno_1,2768.8,230.2,1.15,50.6,75.2,122.4,46.7,46,-6.54,1433,CLP-B3064,1
PEC-83838,Celula_Robotica,Aco_Inox,Soluvel,Turno_2,2496.2,209.6,1.34,39.0,57.8,142.2,43.5,45,27.94,3621,CLP-D6A9C,1
PEC-83839,Fresadora,Aco_Inox,Semi_Sintetico,Turno_1,3198.6,315.7,3.94,86.4,82.3,123.8,52.5,173,-10.08,5351,CLP-2B7BA,1
PEC-83840,torno_cnc,Aco_Inox,Seco,Turno_3,4058.3,263.7,4.16,15.7,48.8,87.6,42.3,104,-11.96,5195,CLP-B99A9,1
PEC-83841,Torno_CNC,Aluminio,Sintetico,Turno_3,2377.6,216.7,3.52,35.2,54.2,107.7,34.9,122,-4.38,4401,CLP-93E91,0
PEC-83842, TORNO_CNC ,Aco_Carbono,Semi_Sintetico,Turno_1,2601.1,219.8,2.86,6.1,82.0,115.7,48.3,155,34.87,9240,CLP-205C5,1
PEC-83843, TORNO_CNC ,Aluminio,Semi_Sintetico,Turno_2,3538.6,268.3,1.42,82.9,61.6,133.0,33.0,79,34.71,5999,CLP-C00EC,1
PEC-83844,Torno_CNC,Latao,Sintetico,Turno_1,2911.0,264.4,1.6,25.8,63.5,101.4,38.2,159,-7.16,5508,CLP-D3979,1
PEC-83845,Fresadora,Aco_Inox,Soluvel,Turno_2,3475.4,251.5,1.74,,72.7,122.2,40.9,13,-15.12,3162,CLP-8E54F,1
PEC-83846,Celula_Robotica,Latao,Soluvel,Turno_1,2823.1,189.8,3.61,14.6,78.9,118.8,41.2,134,4.23,1677,CLP-4973A,1
PEC-83847,torno_cnc,Aco_Carbono,Soluvel,Turno_1,3263.9,197.2,1.51,,72.3,135.2,42.2,93,-8.54,6580,CLP-66014,1
PEC-83848,Fresadora,Aco_Inox,Soluvel,Turno_2,3985.0,212.6,4.39,9.0,68.4,105.0,41.6,153,27.41,5915,CLP-EF8DF,1
PEC-83849,Torno_CNC,Latao,Soluvel,Turno_2,2662.4,240.2,3.69,95.8,74.6,122.5,46.0,4,25.21,2006,CLP-C4088,1
PEC-83850, TORNO_CNC ,Aco_Inox,Soluvel,Turno_2,3660.7,247.9,4.5,21.4,69.9,143.0,39.6,71,-12.78,1595,CLP-8E24E,1
PEC-83851,Torno_CNC,Aco_Carbono,Soluvel,Turno_2,3505.9,242.0,2.34,15.1,78.0,133.5,48.5,11,-1.31,1145,CLP-1DFA7,1
PEC-83852,Fresadora,Aco_Carbono,Soluvel,Turno_2,2529.8,244.3,2.86,19.1,99.3,129.0,38.3,64,-2.19,2217,CLP-1FF76,1
PEC-83853,Celula_Robotica,Aco_Carbono,Sintetico,Turno_3,3451.5,344.1,1.62,23.4,71.1,115.3,34.8,86,-5.58,3128,CLP-7C007,1
PEC-83854,Fresadora,Aluminio,Soluvel,Turno_3,3232.8,292.5,2.91,32.8,54.7,122.3,35.9,68,1.45,2152,CLP-2BCDF,1
PEC-83855,Torno_CNC,Aco_Inox,Semi_Sintetico,Turno_3,3241.0,309.4,4.4,35.9,77.5,118.3,41.7,174,-9.82,7756,CLP-E0F15,1
PEC-83856, TORNO_CNC ,Aluminio,Soluvel,Turno_3,3351.4,273.2,0.62,25.8,63.2,132.8,52.8,74,15.21,8620,CLP-F1474,1
PEC-83857,torno_cnc,Aco_Inox,Semi_Sintetico,Turno_2,3042.3,253.6,1.66,25.7,69.0,127.9,44.8,169,23.02,8115,CLP-568E0,1
PEC-83858, TORNO_CNC ,Aco_Carbono,Seco,Turno_2,3231.5,270.5,1.63,16.8,69.4,110.6,41.3,89,15.2,2675,CLP-BC721,1
PEC-83859,Centro_Usinagem,Aco_Carbono,Sintetico,Turno_1,3308.7,261.3,4.43,21.9,58.0,146.2,44.7,93,-13.02,8560,CLP-2DCF8,1
PEC-83860,Centro_Usinagem,Latao,Sintetico,Turno_1,3535.7,290.4,1.03,27.0,60.6,138.1,35.3,134,-0.36,2520,CLP-55916,1
PEC-83861,Fresadora,Aco_Inox,Seco,Turno_3,,201.2,3.75,36.9,37.3,107.0,31.3,6,2.01,2778,CLP-21AC7,0
PEC-83862, TORNO_CNC ,Aco_Carbono,Soluvel,Turno_3,3780.9,286.2,1.6,,63.8,114.8,37.1,13,8.84,9752,CLP-2D1AB,1
PEC-83863,Torno_CNC,Latao,Seco,Turno_2,2680.1,258.4,3.94,55.5,71.7,117.6,36.6,25,-12.15,7530,CLP-6C14B,1
PEC-83864,Torno_CNC,Aco_Carbono,Semi_Sintetico,Turno_2,3542.7,159.6,2.45,44.9,65.2,132.2,64.2,140,-10.77,3024,CLP-264C4,1
PEC-83865, TORNO_CNC ,Aco_Inox,Sintetico,Turno_1,3235.8,254.3,1.47,,59.5,107.9,60.4,72,-2.94,2359,CLP-2156F,0
PEC-83866, TORNO_CNC ,Aco_Inox,Soluvel,Turno_1,2623.5,184.7,3.34,26.5,69.5,110.0,60.3,72,-8.28,3905,CLP-8FEAB,0
PEC-83867,Fresadora,Aco_Inox,Sintetico,Turno_2,3437.7,223.3,3.87,107.8,53.7,133.2,35.3,92,22.42,1805,CLP-7C72B,1
PEC-83868,Fresadora,Aluminio,Sintetico,Turno_2,2774.6,242.0,2.38,5.7,52.3,128.4,59.0,86,25.05,9984,CLP-ECAE6,0
PEC-83869,Torno_CNC,Aluminio,Sintetico,Turno_3,3681.0,174.6,3.36,63.4,71.3,90.8,39.3,131,11.93,2925,CLP-56A05,1
PEC-83870, TORNO_CNC ,Latao,Sintetico,Turno_1,2880.1,247.3,1.23,30.1,72.0,129.9,58.2,82,6.52,4186,CLP-503E8,0
PEC-83871,Torno_CNC,Aco_Inox,Soluvel,Turno_2,2527.3,253.4,4.25,38.8,71.1,97.9,48.5,74,17.22,9942,CLP-45079,1
PEC-83872,Torno_CNC,Aco_Inox,Soluvel,Turno_1,3890.2,287.8,0.89,45.4,61.4,110.5,37.1,100,-0.39,5043,CLP-D7BC5,1
PEC-83873,Centro_Usinagem,Aluminio,Soluvel,Turno_3,3281.6,227.3,1.39,26.3,78.1,114.5,58.2,61,11.08,9228,CLP-C3F6F,1
PEC-83874,Torno_CNC,Aco_Carbono,Soluvel,Turno_3,3590.2,263.7,1.65,12.5,51.5,113.0,57.9,157,-28.52,8628,CLP-3EBB0,1
PEC-83875, TORNO_CNC ,Latao,Soluvel,Turno_2,2816.8,245.2,1.11,89.1,61.4,110.3,36.5,98,4.41,5835,CLP-8D24E,1
PEC-83876,Torno_CNC,Aco_Carbono,Soluvel,Turno_3,2348.7,229.1,2.13,52.2,74.0,104.4,47.6,105,4.93,9249,CLP-4F9F5,1
PEC-83877,Centro_Usinagem,Aluminio,Soluvel,Turno_2,3953.8,166.5,2.33,33.7,75.3,127.7,29.5,118,-14.13,9466,CLP-1ED84,1
PEC-83878,torno_cnc,Aluminio,Soluvel,Turno_1,3197.1,244.4,2.57,,55.7,95.8,41.8,176,15.5,2674,CLP-56B4C,1
PEC-83879,Torno_CNC,Aco_Carbono,Soluvel,Turno_2,3421.1,287.2,0.66,29.2,90.7,112.0,41.9,14,-15.01,5659,CLP-45A06,1
PEC-83880,torno_cnc,Aluminio,Seco,Turno_1,3495.5,203.3,1.38,65.7,63.4,131.9,41.7,44,-21.88,8475,CLP-B0561,1
PEC-83881,Fresadora,Aco_Inox,Semi_Sintetico,Turno_2,3049.1,239.1,3.73,5.4,66.1,126.0,57.9,99,12.07,6772,CLP-DCCC6,1
PEC-83882,Celula_Robotica,Aco_Inox,Sintetico,Turno_3,3301.8,246.5,3.74,75.2,76.7,99.2,34.3,145,3.85,1921,CLP-61EF2,1
PEC-83883,Torno_CNC,Aco_Inox,Soluvel,Turno_3,,305.1,1.82,6.7,83.6,91.1,43.2,41,0.45,4765,CLP-B6FC7,1
PEC-83884,Centro_Usinagem,Aco_Carbono,Sintetico,Turno_1,3185.4,251.5,2.34,38.5,65.7,103.7,51.0,91,-3.16,2372,CLP-9DB0D,1
PEC-83885,Celula_Robotica,Aco_Inox,Sintetico,Turno_1,3623.9,264.4,1.23,19.2,79.1,87.3,34.5,168,14.51,2808,CLP-455B6,1
PEC-83886,Centro_Usinagem,Aco_Inox,Seco,Turno_1,2303.9,249.6,3.79,44.7,59.5,121.4,37.9,122,-14.29,9198,CLP-32D45,1
PEC-83887,Fresadora,Aco_Inox,Sintetico,Turno_1,3705.7,225.4,4.33,8.1,85.0,113.1,53.9,88,8.46,5777,CLP-39022,1
PEC-83888,Fresadora,Aluminio,Sintetico,Turno_1,2515.1,193.3,1.67,33.4,65.5,114.3,55.8,153,-18.68,7535,CLP-9011B,1
PEC-83889, TORNO_CNC ,Aco_Inox,Semi_Sintetico,Turno_2,3654.2,235.7,3.63,72.6,68.8,127.7,41.5,108,-5.04,1487,CLP-857F5,1
PEC-83890,Fresadora,Aluminio,Soluvel,Turno_2,3375.8,269.7,1.91,28.9,60.8,133.1,51.9,76,7.81,5711,CLP-5CCC8,1
PEC-83891,torno_cnc,Aco_Inox,Soluvel,Turno_3,3156.8,256.2,0.51,8.1,67.6,123.6,57.5,85,-3.41,9551,CLP-F1F45,0
PEC-83892,Fresadora,Aco_Inox,Sintetico,Turno_1,,324.0,2.9,6.3,56.2,116.7,41.7,169,4.48,7607,CLP-B71F1,1
PEC-83893, TORNO_CNC ,Aluminio,Soluvel,Turno_1,3086.3,297.3,2.14,39.0,64.3,109.5,51.3,69,11.66,5322,CLP-2C68F,1
PEC-83894,Fresadora,Aco_Inox,Soluvel,Turno_1,2830.7,312.0,3.53,,65.2,114.7,41.6,173,3.95,4045,CLP-E919B,1
PEC-83895,Centro_Usinagem,Aco_Inox,Sintetico,Turno_1,3107.3,148.4,3.5,7.6,52.3,123.1,34.2,82,-7.38,1579,CLP-B45FC,1
PEC-83896,Torno_CNC,Aco_Inox,Soluvel,Turno_1,4193.6,329.0,4.28,24.4,58.1,133.9,45.0,37,-16.97,8983,CLP-A347C,1
PEC-83897,Centro_Usinagem,Aco_Carbono,Sintetico,Turno_1,3786.0,263.3,2.25,13.2,39.8,99.2,43.0,144,-5.83,6530,CLP-B2151,1
PEC-83898,torno_cnc,Aluminio,Seco,Turno_2,2808.0,270.4,2.43,13.0,50.1,103.1,37.6,105,29.47,3445,CLP-5D397,0
PEC-83899,Centro_Usinagem,Aco_Inox,Soluvel,Turno_3,3320.5,294.8,2.1,28.0,64.8,119.9,42.3,161,-15.02,7404,CLP-2B982,1
PEC-83900, TORNO_CNC ,Aco_Inox,Soluvel,Turno_2,3243.2,251.1,1.69,16.5,76.5,88.3,43.2,7,-14.17,3664,CLP-91EFE,0
PEC-83901, TORNO_CNC ,Latao,Soluvel,Turno_2,3136.0,196.5,3.05,13.7,60.7,124.3,47.2,61,-33.96,8983,CLP-50E84,1
PEC-83902,Centro_Usinagem,Aluminio,Soluvel,Turno_1,2748.8,322.4,3.81,30.3,64.6,135.8,53.3,62,-6.13,4042,CLP-AFE1B,1
PEC-83903,Torno_CNC,Aluminio,Soluvel,Turno_3,3400.7,211.6,1.13,17.0,78.9,155.4,53.3,74,-2.37,8296,CLP-54BDE,1
PEC-83904,Centro_Usinagem,Aco_Carbono,Soluvel,Turno_1,3580.7,200.7,4.43,7.9,75.0,121.2,44.3,68,-14.93,4048,CLP-63C3C,1
PEC-83905, TORNO_CNC ,Aco_Carbono,Soluvel,Turno_1,2824.7,238.3,3.24,45.2,74.8,132.9,40.6,84,-17.91,9254,CLP-F1B1A,1
PEC-83906,torno_cnc,Aco_Carbono,Soluvel,Turno_1,4080.0,230.7,3.62,35.8,66.4,120.3,55.7,76,-11.7,3314,CLP-B9505,1
PEC-83907,Torno_CNC,Aluminio,Sintetico,Turno_1,3884.9,250.2,4.5,13.3,59.1,144.3,44.2,16,-17.18,7864,CLP-9DD31,1
PEC-83908,torno_cnc,Aluminio,Semi_Sintetico,Turno_2,3446.7,245.1,2.52,35.6,69.7,113.7,40.2,82,-11.85,2893,CLP-390FB,1
PEC-83909,Torno_CNC,Aco_Inox,Semi_Sintetico,Turno_3,2645.7,317.4,0.79,114.0,80.4,124.9,46.4,99,1.88,5995,CLP-92692,1
PEC-83910,Torno_CNC,Latao,Sintetico,Turno_3,3380.6,273.0,3.66,114.7,86.7,129.1,30.4,156,-1.03,2139,CLP-59679,1
PEC-83911,Torno_CNC,Aluminio,Soluvel,Turno_1,3326.9,207.1,3.98,31.6,93.9,125.8,41.2,7,-11.59,8835,CLP-3E5CC,1
PEC-83912,Torno_CNC,Aco_Inox,Sintetico,Turno_2,3430.9,214.0,1.15,8.6,83.4,108.4,40.7,26,-15.04,5313,CLP-4BC05,1
PEC-83913,Celula_Robotica,Latao,Soluvel,Turno_2,3915.7,230.6,0.6,26.4,65.5,99.4,38.7,59,10.46,2498,CLP-E3B54,1
PEC-83914,Celula_Robotica,Latao,Soluvel,Turno_3,3120.8,230.8,1.04,6.0,50.6,135.3,48.0,29,-40.92,4313,CLP-B18C5,1
PEC-83915, TORNO_CNC ,Latao,Semi_Sintetico,Turno_2,4121.5,224.3,1.8,23.8,72.2,123.8,53.6,127,13.86,4818,CLP-EB885,1
PEC-83916,Fresadora,Aco_Carbono,Soluvel,Turno_2,3382.9,194.9,4.2,89.1,78.2,121.1,58.5,72,27.4,5089,CLP-E8185,1
PEC-83917,Torno_CNC,Latao,Soluvel,Turno_2,3069.3,264.5,0.51,27.1,34.4,133.4,41.0,137,-6.49,7031,CLP-1BC8B,1
PEC-83918,Fresadora,Aco_Inox,Semi_Sintetico,Turno_2,4279.7,227.2,3.72,33.0,47.3,132.7,42.7,66,-11.31,1729,CLP-BCA14,1
PEC-83919,Centro_Usinagem,Aco_Carbono,Seco,Turno_1,3573.5,202.4,3.92,11.0,59.5,125.4,39.6,90,36.12,6188,CLP-2FB7D,1
PEC-83920,Celula_Robotica,Aco_Carbono,Soluvel,Turno_1,2995.4,274.3,3.74,5.6,55.8,129.5,49.3,104,8.82,5401,CLP-6C555,1
PEC-83921, TORNO_CNC ,Aco_Inox,Soluvel,Turno_2,3237.9,292.4,0.83,180.6,45.7,112.1,30.1,76,-23.76,4040,CLP-DC6AD,1
PEC-83922,Fresadora,Aco_Inox,Sintetico,Turno_3,3485.9,237.7,3.22,19.5,69.6,128.0,41.9,84,-3.68,9400,CLP-E1B29,1
PEC-83923,Torno_CNC,Latao,Sintetico,Turno_2,3132.1,339.1,4.32,16.5,79.9,96.5,47.3,89,-15.87,1136,CLP-1D4C0,1
PEC-83924,Celula_Robotica,Aco_Inox,Soluvel,Turno_3,3260.3,360.8,0.98,34.6,62.7,120.3,40.0,28,-6.03,9783,CLP-60017,1
PEC-83925,Torno_CNC,Aco_Carbono,Sintetico,Turno_1,2832.3,274.8,0.63,52.9,45.1,131.2,41.6,20,-12.11,2037,CLP-41E58,0
PEC-83926,Fresadora,Aco_Inox,Seco,Turno_2,2441.7,226.6,3.99,15.1,67.5,109.2,52.9,162,18.23,4124,CLP-B7ABD,1
PEC-83927,Fresadora,Aco_Inox,Soluvel,Turno_1,3247.9,263.4,3.08,31.0,51.7,122.1,44.5,53,8.7,6480,CLP-5BC49,1
PEC-83928,Fresadora,Aluminio,Seco,Turno_3,3263.0,188.8,3.09,19.2,52.9,124.5,54.6,87,10.13,6731,CLP-D7ED9,1
PEC-83929,Torno_CNC,Aco_Inox,Seco,Turno_1,3437.2,206.4,4.36,28.0,76.5,106.6,58.1,34,-18.89,2711,CLP-E519B,1
PEC-83930,Celula_Robotica,Aluminio,Soluvel,Turno_2,2940.7,165.9,3.58,11.2,79.4,136.9,49.2,129,-8.93,4765,CLP-635E0,1
PEC-83931,Torno_CNC,Aluminio,Semi_Sintetico,Turno_1,2596.8,218.6,2.09,30.0,61.5,124.8,42.7,176,-23.95,8682,CLP-DCBB2,1
PEC-83932,Fresadora,Aco_Inox,Soluvel,Turno_2,2765.6,188.4,2.24,6.7,73.8,94.9,57.7,144,-19.67,2589,CLP-2220F,1
PEC-83933,Torno_CNC,Aco_Inox,Sintetico,Turno_3,3675.0,281.2,1.08,69.1,52.1,121.4,24.8,105,7.51,2006,CLP-47AB2,1
PEC-83934,Torno_CNC,Aco_Inox,Semi_Sintetico,Turno_1,2900.0,212.5,1.72,39.6,71.3,141.8,32.6,36,-4.96,8683,CLP-9D424,0
PEC-83935,torno_cnc,Aco_Inox,Soluvel,Turno_3,3001.1,263.8,2.28,104.3,60.4,119.9,51.2,147,-5.14,7783,CLP-C9238,1
PEC-83936, TORNO_CNC ,Aco_Carbono,Sintetico,Turno_3,3059.4,287.4,1.54,,49.1,110.2,64.8,57,16.01,4434,CLP-21D93,0
PEC-83937,Torno_CNC,Aluminio,Semi_Sintetico,Turno_1,,308.6,4.16,12.0,54.1,111.8,50.5,107,15.68,6674,CLP-1C940,1
PEC-83938,Torno_CNC,Aco_Inox,Soluvel,Turno_3,,232.3,0.55,28.2,69.9,117.6,46.5,39,12.15,1401,CLP-66DD7,1
PEC-83939, TORNO_CNC ,Aluminio,Soluvel,Turno_1,2808.0,265.5,2.85,,47.2,101.8,41.3,162,-3.03,8023,CLP-61198,1
PEC-83940,Fresadora,Aco_Inox,Soluvel,Turno_1,3830.3,267.1,3.59,21.4,61.6,141.0,49.4,115,-5.12,7221,CLP-37774,1
PEC-83941,Centro_Usinagem,Aco_Inox,Sintetico,Turno_2,3506.0,313.6,3.43,33.2,77.8,133.9,54.3,62,-2.47,7885,CLP-1C853,1
PEC-83942,Torno_CNC,Aco_Inox,Seco,Turno_2,3761.5,289.2,3.07,11.2,59.1,136.2,51.0,30,-6.62,3904,CLP-91E6D,0
PEC-83943, TORNO_CNC ,Aco_Carbono,Semi_Sintetico,Turno_1,3852.2,315.2,2.14,57.5,46.5,97.4,45.5,137,-11.0,5293,CLP-53C5F,1
PEC-83944,Torno_CNC,Latao,Soluvel,Turno_1,2142.6,166.8,4.17,89.1,61.7,121.9,53.3,79,-34.61,7872,CLP-D4A13,1
PEC-83945,Torno_CNC,Aco_Carbono,Sintetico,Turno_3,3354.6,216.8,1.82,18.2,73.1,136.2,47.4,138,-0.12,9177,CLP-8DD3E,1
PEC-83946,Fresadora,Aco_Inox,Soluvel,Turno_2,2936.2,301.6,3.5,60.2,49.4,105.8,49.1,131,27.35,1157,CLP-A3347,1
PEC-83947,Fresadora,Aco_Inox,Soluvel,Turno_1,3702.6,279.0,4.21,8.4,79.2,118.9,52.8,172,-12.55,1790,CLP-8C8F8,1
PEC-83948,Torno_CNC,Aluminio,Soluvel,Turno_2,2866.3,243.7,1.01,14.9,74.2,103.5,37.5,16,-1.51,9113,CLP-54115,0
PEC-83949,Torno_CNC,Aco_Carbono,Soluvel,Turno_1,2725.6,226.3,4.29,26.7,69.2,132.5,44.8,38,1.64,6192,CLP-BEB64,1
PEC-83950,Torno_CNC,Latao,Sintetico,Turno_1,2554.7,289.4,3.6,22.1,71.9,116.8,45.9,137,21.38,9825,CLP-6C938,1
PEC-83951,Centro_Usinagem,Aco_Inox,Seco,Turno_2,3063.8,151.0,2.97,38.8,66.5,118.6,35.4,67,15.14,2839,CLP-B1EFE,1
PEC-83952,Celula_Robotica,Aco_Inox,Sintetico,Turno_2,3611.7,289.6,1.99,34.0,69.0,103.1,36.3,119,-6.44,9678,CLP-B5BEE,1
PEC-83953,Torno_CNC,Aluminio,Sintetico,Turno_1,3315.3,254.5,4.12,8.2,65.9,143.2,40.0,178,-16.77,8689,CLP-55D06,1
PEC-83954,Torno_CNC,Aco_Carbono,Soluvel,Turno_3,2658.8,225.6,0.68,9.9,75.6,120.8,53.3,134,16.29,8163,CLP-5939B,1
PEC-83955,Centro_Usinagem,Aco_Carbono,Seco,Turno_1,4168.7,275.1,2.23,6.9,80.5,131.9,43.4,27,18.1,5717,CLP-41292,1
PEC-83956,Celula_Robotica,Aluminio,Semi_Sintetico,Turno_2,,230.7,3.53,111.7,55.2,125.8,46.0,56,-0.5,1379,CLP-42208,1
PEC-83957, TORNO_CNC ,Latao,Semi_Sintetico,Turno_1,3549.8,251.5,3.74,41.3,56.6,106.4,47.5,114,0.46,2164,CLP-55C88,1
PEC-83958,Torno_CNC,Aluminio,Soluvel,Turno_2,3778.3,247.7,1.31,72.7,60.3,95.4,50.0,143,17.06,6645,CLP-CFCEB,1
PEC-83959,Torno_CNC,Latao,Sintetico,Turno_1,2461.9,287.2,0.69,32.3,57.7,117.1,49.0,97,-11.95,3926,CLP-6C51A,1
PEC-83960,torno_cnc,Latao,Sintetico,Turno_2,2789.9,258.0,3.71,12.5,78.6,136.6,45.5,24,3.61,8391,CLP-63C6D,1
PEC-83961, TORNO_CNC ,Aco_Carbono,Soluvel,Turno_2,3570.4,154.5,2.19,,47.0,90.5,43.9,24,-24.43,6151,CLP-B3BDD,1
PEC-83962,Torno_CNC,Aco_Inox,Sintetico,Turno_1,2835.2,180.4,1.07,29.6,71.5,149.2,53.8,19,-0.83,3073,CLP-7F879,1
PEC-83963,torno_cnc,Aco_Inox,Seco,Turno_1,3076.2,195.8,0.84,23.4,81.6,132.5,41.1,87,-0.88,4130,CLP-E6319,1
PEC-83964,Torno_CNC,Aluminio,Soluvel,Turno_2,3165.0,272.8,3.06,21.3,58.1,122.9,55.9,156,-12.96,2401,CLP-278A6,1
PEC-83965,Fresadora,Aluminio,Soluvel,Turno_1,2625.2,277.8,2.83,41.8,82.7,118.3,40.4,119,-15.35,6863,CLP-210A2,1
PEC-83966,Torno_CNC,Aco_Carbono,Sintetico,Turno_2,3037.6,333.5,3.92,38.7,78.9,132.9,42.7,110,-11.19,9807,CLP-71739,1
PEC-83967,Torno_CNC,Aco_Inox,Soluvel,Turno_2,3611.5,199.3,0.63,10.8,60.8,101.7,50.7,68,-23.46,1140,CLP-F1CD5,0
PEC-83968,torno_cnc,Aco_Inox,Sintetico,Turno_2,3528.3,315.5,3.97,64.3,74.8,126.6,63.9,107,-21.57,2326,CLP-ED5E1,1
PEC-83969, TORNO_CNC ,Aco_Carbono,Sintetico,Turno_3,3700.9,153.1,4.05,40.4,55.1,124.6,29.5,48,6.11,7708,CLP-651BF,1
PEC-83970,Celula_Robotica,Aco_Inox,Soluvel,Turno_2,3654.4,250.9,2.29,31.9,51.8,146.9,51.9,120,7.85,6455,CLP-798C6,1
PEC-83971,torno_cnc,Aco_Inox,Semi_Sintetico,Turno_3,3382.6,262.3,0.81,53.4,59.4,114.5,48.8,122,9.94,4135,CLP-57CAC,1
PEC-83972,Torno_CNC,Aco_Inox,Sintetico,Turno_3,3347.0,262.1,4.29,10.8,81.2,120.7,41.4,50,32.66,1670,CLP-1ABEA,1
PEC-83973,Fresadora,Aluminio,Semi_Sintetico,Turno_3,3314.0,234.5,0.79,93.3,59.5,119.0,47.9,66,8.19,4178,CLP-6C244,0
PEC-83974,Torno_CNC,Aco_Inox,Semi_Sintetico,Turno_1,2917.8,255.9,2.86,16.0,65.5,112.2,35.4,106,-4.56,9213,CLP-22A18,1
PEC-83975,Centro_Usinagem,Aco_Carbono,Semi_Sintetico,Turno_3,2736.5,188.2,2.47,15.7,52.9,142.2,38.7,52,14.97,2386,CLP-8C183,0
PEC-83976, TORNO_CNC ,Aluminio,Soluvel,Turno_3,2889.7,293.3,3.84,64.0,75.4,105.4,48.4,73,-6.34,5267,CLP-E739C,1
PEC-83977,torno_cnc,Latao,Soluvel,Turno_1,3053.3,262.5,2.51,19.2,75.0,97.2,36.9,133,25.78,4423,CLP-8E1F1,1
PEC-83978,Torno_CNC,Aluminio,Soluvel,Turno_1,2904.9,268.1,2.38,67.2,56.5,123.7,46.2,18,10.4,2105,CLP-602AE,1
PEC-83979, TORNO_CNC ,Aco_Inox,Soluvel,Turno_3,3386.2,236.0,4.02,18.9,37.2,109.1,39.7,121,34.24,4299,CLP-8BCF6,0
PEC-83980,Centro_Usinagem,Aco_Inox,Semi_Sintetico,Turno_2,,233.6,4.36,33.0,60.7,123.8,41.4,29,-14.88,3791,CLP-E656D,1
PEC-83981,Centro_Usinagem,Aco_Inox,Soluvel,Turno_1,3339.2,276.2,2.7,14.2,70.3,129.5,53.6,40,-3.94,8928,CLP-5D9DA,1
PEC-83982,Torno_CNC,Aluminio,Semi_Sintetico,Turno_3,3358.1,329.5,2.32,51.0,64.8,122.2,35.7,163,5.47,2249,CLP-5E2FD,1
PEC-83983,Torno_CNC,Aco_Inox,Soluvel,Turno_1,3738.0,180.3,3.82,11.4,66.0,120.4,44.7,84,19.24,4276,CLP-959E8,1
PEC-83984,Centro_Usinagem,Aco_Inox,Soluvel,Turno_1,3196.1,177.8,3.82,85.4,69.2,89.1,48.8,20,-14.42,3224,CLP-DCF9D,1
PEC-83985,Celula_Robotica,Aluminio,Semi_Sintetico,Turno_2,,263.3,1.78,21.3,58.9,128.4,47.1,59,10.02,3951,CLP-49392,0
PEC-83986,Torno_CNC,Aco_Inox,Soluvel,Turno_2,3432.5,233.4,2.8,,49.9,122.9,40.3,105,7.17,9782,CLP-C8B97,1
PEC-83987, TORNO_CNC ,Aco_Inox,Semi_Sintetico,Turno_3,3708.3,256.2,1.12,5.9,73.9,148.1,47.9,104,-6.31,7731,CLP-7CCF8,1
PEC-83988,Torno_CNC,Aco_Carbono,Soluvel,Turno_2,3926.6,248.8,3.04,135.2,54.4,137.1,36.8,140,-30.03,4259,CLP-372CE,1
PEC-83989,Centro_Usinagem,Latao,Seco,Turno_3,3459.5,281.1,3.84,63.7,50.6,97.8,41.1,67,30.16,4218,CLP-E2CCD,1
PEC-83990,Torno_CNC,Aco_Inox,Sintetico,Turno_1,3246.7,235.7,1.25,25.7,71.0,135.9,57.7,38,-2.34,3937,CLP-435F6,1
PEC-83991,Torno_CNC,Aco_Inox,Semi_Sintetico,Turno_2,3243.8,189.6,1.79,93.5,51.7,100.5,50.1,54,-12.87,9664,CLP-90359,1
PEC-83992,Fresadora,Latao,Soluvel,Turno_1,,210.5,2.3,98.6,55.2,132.5,45.0,36,-9.06,7481,CLP-42BEA,1
PEC-83993,Torno_CNC,Aco_Inox,Soluvel,Turno_1,2973.3,242.0,3.88,31.7,84.0,141.8,48.6,148,4.65,8286,CLP-86665,1
PEC-83994, TORNO_CNC ,Latao,Seco,Turno_3,3606.0,187.3,3.43,14.3,84.1,148.0,38.6,167,0.78,9358,CLP-AA6D3,1
PEC-83995, TORNO_CNC ,Aco_Inox,Semi_Sintetico,Turno_1,2766.3,248.2,1.77,28.4,79.3,114.1,47.3,66,-6.91,7851,CLP-7F26A,1
PEC-83996,Torno_CNC,Aco_Carbono,Soluvel,Turno_3,3926.6,253.0,1.47,18.7,74.1,130.6,41.4,94,9.27,9465,CLP-DE8CC,1
PEC-83997, TORNO_CNC ,Aco_Inox,Soluvel,Turno_1,3131.7,232.1,3.28,25.8,78.9,135.1,40.4,80,-4.2,4829,CLP-2F71E,1
PEC-83998,torno_cnc,Latao,Soluvel,Turno_1,4487.9,260.5,2.42,89.8,88.6,127.1,44.0,98,-24.66,7652,CLP-6C793,1
PEC-83999,Torno_CNC,Aco_Inox,Soluvel,Turno_1,2888.1,169.3,2.87,16.6,78.1,94.9,40.2,107,11.44,1943,CLP-4331B,0
PEC-84000,torno_cnc,Aluminio,Sintetico,Turno_2,3312.6,202.3,3.09,68.9,68.0,122.3,46.1,174,-11.58,4908,CLP-A826B,1
PEC-84001,Centro_Usinagem,Aco_Inox,Soluvel,Turno_1,3041.7,192.9,2.73,100.8,75.5,128.5,48.3,25,-5.81,9527,CLP-4877F,1
PEC-84002,Fresadora,Aco_Inox,Soluvel,Turno_2,2843.1,294.0,2.95,62.2,59.4,120.0,42.8,20,-10.98,7494,CLP-B8147,1
PEC-84003,Torno_CNC,Aco_Carbono,Sintetico,Turno_2,3678.7,365.3,4.05,31.2,66.8,107.1,22.2,44,-1.59,5569,CLP-7B092,1
PEC-84004,Torno_CNC,Aluminio,Soluvel,Turno_1,2702.5,206.0,3.97,34.1,67.3,117.0,38.1,104,-15.22,4930,CLP-4C52B,1
PEC-84005,Torno_CNC,Latao,Sintetico,Turno_2,2895.8,238.2,1.1,64.9,63.3,133.5,36.3,81,-2.38,4868,CLP-678F0,1
PEC-84006, TORNO_CNC ,Aluminio,Seco,Turno_2,3463.8,215.3,2.85,6.6,61.2,125.9,48.0,81,17.02,8080,CLP-48AD4,1
PEC-84007, TORNO_CNC ,Aco_Carbono,Soluvel,Turno_3,3535.2,261.1,2.26,51.6,80.5,127.0,39.2,101,19.96,3399,CLP-C51DA,1
PEC-84008,Fresadora,Aluminio,Sintetico,Turno_1,2573.7,219.6,1.64,31.3,53.6,116.3,41.0,56,-14.47,6258,CLP-83D92,1
PEC-84009,Torno_CNC,Latao,Soluvel,Turno_1,3461.8,264.1,3.02,22.7,66.8,126.4,51.7,125,6.44,1615,CLP-B9D3A,1
PEC-84010,Torno_CNC,Latao,Soluvel,Turno_1,3258.0,283.3,2.54,56.0,49.5,88.4,38.8,116,10.6,4243,CLP-CE54D,1
PEC-84011, TORNO_CNC ,Aco_Inox,Soluvel,Turno_2,2787.0,188.8,3.6,15.8,40.9,119.3,46.6,121,0.2,8388,CLP-90C9F,1
PEC-84012,Fresadora,Aco_Carbono,Soluvel,Turno_2,2845.0,263.6,0.87,84.1,79.3,114.3,40.1,49,-6.91,2185,CLP-69EBD,1
PEC-84013,Torno_CNC,Aco_Carbono,Soluvel,Turno_3,2284.9,160.3,1.71,45.8,80.4,120.4,41.2,165,-18.78,2491,CLP-E2768,1
PEC-84014,Fresadora,Aco_Inox,Soluvel,Turno_3,3972.8,237.2,0.6,38.0,59.2,102.4,35.7,22,12.42,2230,CLP-CF761,0
PEC-84015,Torno_CNC,Aluminio,Semi_Sintetico,Turno_1,3656.9,233.8,3.48,30.9,65.6,125.6,40.8,167,11.7,9737,CLP-3A7B8,1
PEC-84016,Centro_Usinagem,Aco_Inox,Sintetico,Turno_2,2619.9,238.5,4.15,13.4,61.5,148.8,49.1,62,-2.91,7843,CLP-73319,1
PEC-84017,Centro_Usinagem,Aco_Carbono,Seco,Turno_2,3559.5,234.4,2.85,38.6,61.5,121.2,37.3,58,-8.51,1565,CLP-2724B,1
PEC-84018,Torno_CNC,Aco_Inox,Sintetico,Turno_3,2941.7,225.3,2.97,50.2,59.1,120.7,39.3,110,-11.47,5231,CLP-BFE35,1
PEC-84019,Torno_CNC,Aco_Inox,Soluvel,Turno_1,3611.7,236.7,0.69,5.4,70.5,157.6,62.5,83,-35.67,8160,CLP-4E1F0,1
PEC-84020, TORNO_CNC ,Aluminio,Soluvel,Turno_2,2976.8,261.9,2.52,21.0,60.4,105.8,47.1,72,-16.14,2298,CLP-4F97B,1
PEC-84021,Torno_CNC,Aluminio,Soluvel,Turno_3,,263.3,2.61,67.5,70.0,127.4,47.7,18,2.12,2408,CLP-97A8F,1
PEC-84022,Fresadora,Aco_Carbono,Soluvel,Turno_1,3070.2,255.8,0.66,40.0,85.0,143.7,40.0,74,-5.21,1825,CLP-EE383,1
PEC-84023,Centro_Usinagem,Latao,Sintetico,Turno_2,2904.2,221.3,3.63,38.4,69.7,114.1,53.3,166,-38.69,6496,CLP-C78D2,1
PEC-84024,Fresadora,Aluminio,Sintetico,Turno_3,3829.7,304.0,1.61,,66.5,132.8,54.6,149,21.05,3969,CLP-97E05,1
PEC-84025,Centro_Usinagem,Aco_Inox,Soluvel,Turno_3,3604.3,326.3,3.39,40.0,58.1,122.5,40.2,98,-19.12,8729,CLP-2D7BE,1
PEC-84026, TORNO_CNC ,Aco_Carbono,Soluvel,Turno_1,3249.5,185.6,2.11,,64.8,103.9,53.5,82,4.99,8001,CLP-5332B,1
PEC-84027,Torno_CNC,Aluminio,Soluvel,Turno_1,3661.1,258.2,4.48,23.0,45.0,117.5,55.7,34,28.09,1755,CLP-E5DAB,1
PEC-84028,Fresadora,Aluminio,Soluvel,Turno_1,2467.8,226.6,1.35,12.0,83.5,119.5,28.4,112,-3.27,7339,CLP-A07D0,1
PEC-84029, TORNO_CNC ,Aco_Inox,Soluvel,Turno_3,2647.2,296.3,0.73,,53.5,110.5,51.9,98,9.05,1441,CLP-A9EEC,1
PEC-84030,Fresadora,Aluminio,Semi_Sintetico,Turno_3,3413.5,249.4,4.42,29.7,42.0,95.9,38.9,54,12.2,6227,CLP-6426B,1
PEC-84031,Torno_CNC,Aco_Inox,Soluvel,Turno_3,3531.0,252.7,1.48,45.3,63.7,113.8,55.6,31,-18.81,5122,CLP-82684,0
PEC-84032,Torno_CNC,Aco_Carbono,Sintetico,Turno_2,3325.7,274.7,3.04,11.2,69.3,97.6,38.6,80,4.06,1077,CLP-D4E14,1
PEC-84033,Celula_Robotica,Aluminio,Soluvel,Turno_1,2352.8,235.1,2.0,24.2,80.9,128.1,49.9,98,-17.73,4557,CLP-7C100,1
PEC-84034,Torno_CNC,Aco_Carbono,Soluvel,Turno_2,2721.9,333.9,3.06,34.4,67.9,128.2,30.9,99,-12.49,2860,CLP-B57FA,1
PEC-84035,Celula_Robotica,Aluminio,Semi_Sintetico,Turno_1,3387.5,275.5,2.88,10.9,76.1,100.9,53.9,115,-6.09,3515,CLP-DFC6C,1
PEC-84036,Celula_Robotica,Aco_Inox,Sintetico,Turno_2,4291.9,296.6,3.33,,76.2,121.2,45.6,58,-15.28,8381,CLP-A5E1B,1
PEC-84037,Fresadora,Aco_Carbono,Soluvel,Turno_2,3748.1,239.0,0.57,37.8,75.0,99.8,55.3,131,-9.43,1927,CLP-CD307,1
PEC-84038,Fresadora,Aluminio,Semi_Sintetico,Turno_2,3909.8,243.9,3.84,50.2,51.4,114.6,39.3,77,-7.58,2385,CLP-2F293,1
PEC-84039,torno_cnc,Aco_Inox,Soluvel,Turno_3,,290.6,2.41,40.4,71.1,110.0,46.7,162,2.19,2000,CLP-A2C11,1
PEC-84040,Centro_Usinagem,Aluminio,Soluvel,Turno_1,3349.6,285.6,2.58,48.8,48.4,127.2,57.2,12,4.96,7678,CLP-40094,0
PEC-84041,Torno_CNC,Aco_Inox,Semi_Sintetico,Turno_2,2734.9,187.6,2.14,35.5,88.9,95.7,44.8,44,18.74,8697,CLP-66B23,1
PEC-84042, TORNO_CNC ,Aco_Carbono,Sintetico,Turno_2,3628.3,256.4,4.46,68.2,73.4,134.7,48.4,123,-2.48,9567,CLP-AABE3,1
PEC-84043,Fresadora,Aluminio,Soluvel,Turno_2,3167.1,273.7,3.71,66.4,57.5,138.4,50.6,105,2.61,6818,CLP-1B37E,1
PEC-84044, TORNO_CNC ,Aco_Carbono,Soluvel,Turno_2,3511.7,243.5,1.75,60.7,69.5,117.8,32.6,172,30.72,9125,CLP-62CFE,1
PEC-84045, TORNO_CNC ,Aco_Inox,Semi_Sintetico,Turno_1,3213.8,268.9,3.63,35.0,52.9,99.8,40.8,124,-5.08,3254,CLP-2E0DB,1
PEC-84046,Torno_CNC,Aco_Inox,Soluvel,Turno_1,3325.6,245.6,2.25,184.8,46.3,88.6,54.1,178,27.91,1127,CLP-75F68,1
PEC-84047,torno_cnc,Latao,Soluvel,Turno_1,,137.7,3.98,,75.5,136.4,28.6,73,15.4,5216,CLP-DB5DC,1
PEC-84048,Centro_Usinagem,Aco_Carbono,Sintetico,Turno_1,3301.1,184.5,0.62,,53.2,149.8,53.9,78,-2.22,8132,CLP-ED1E4,1
PEC-84049,Torno_CNC,Aco_Inox,Seco,Turno_2,,298.7,1.92,62.9,62.8,120.7,40.3,166,-21.85,8831,CLP-48ECA,1
PEC-84050,Celula_Robotica,Aco_Inox,Soluvel,Turno_1,2630.2,237.8,2.22,66.3,67.5,102.6,61.4,90,-4.1,2036,CLP-663F7,1
PEC-84051,Fresadora,Aco_Inox,Semi_Sintetico,Turno_2,,259.5,3.48,64.8,62.8,103.6,48.5,176,-24.78,3397,CLP-7271D,1
PEC-84052,Centro_Usinagem,Aluminio,Sintetico,Turno_1,3391.6,249.8,1.23,77.1,52.7,137.7,38.6,34,1.06,1712,CLP-B05E2,1
PEC-84053,torno_cnc,Aco_Carbono,Soluvel,Turno_2,3848.3,208.7,1.65,24.2,65.7,122.5,52.8,172,33.99,5737,CLP-2344A,1
PEC-84054,Fresadora,Aco_Carbono,Sintetico,Turno_2,3961.7,226.6,3.4,99.0,66.8,105.5,56.5,55,-4.65,1266,CLP-DC383,1
PEC-84055,Torno_CNC,Aluminio,Seco,Turno_1,2649.0,266.4,0.81,13.2,75.5,154.5,49.8,60,10.6,9182,CLP-CD42A,1
PEC-84056,Centro_Usinagem,Aco_Carbono,Soluvel,Turno_2,3018.7,271.5,1.3,101.7,94.3,135.7,41.4,160,-3.23,6686,CLP-80824,1
PEC-84057,Torno_CNC,Aluminio,Soluvel,Turno_3,2534.4,359.4,3.51,33.5,41.3,128.2,56.5,107,17.42,3967,CLP-6B761,1
PEC-84058,Centro_Usinagem,Aco_Inox,Seco,Turno_1,2952.2,226.1,4.0,11.3,55.4,111.6,37.6,16,-17.18,3806,CLP-90785,1
PEC-84059,Celula_Robotica,Aluminio,Sintetico,Turno_2,999999.0,333.5,3.42,51.6,67.7,138.6,53.6,159,-0.51,4079,CLP-7E0D5,1
PEC-84060,Torno_CNC,Latao,Soluvel,Turno_1,3194.2,207.0,2.61,17.3,77.1,133.2,25.7,170,-19.83,2128,CLP-93BAC,1
PEC-84061,Torno_CNC,Aco_Carbono,Sintetico,Turno_1,3031.8,274.4,0.9,13.7,69.2,118.4,45.9,109,20.9,6041,CLP-9702B,0
PEC-84062,Fresadora,Aluminio,Sintetico,Turno_2,3445.3,258.9,3.81,11.6,78.5,136.3,40.5,38,0.63,8108,CLP-C91C5,1
PEC-84063,Torno_CNC,Aluminio,Semi_Sintetico,Turno_1,2842.2,243.7,1.0,6.0,47.2,135.7,34.0,93,7.69,9688,CLP-5016F,0
PEC-84064,Centro_Usinagem,Latao,Seco,Turno_3,3916.8,249.7,2.04,55.6,61.2,124.1,55.4,86,7.77,7659,CLP-A68EA,0
PEC-84065,Torno_CNC,Aluminio,Soluvel,Turno_1,3203.3,218.9,0.7,28.3,82.5,102.8,27.8,132,-22.26,3566,CLP-22368,1
PEC-84066,Torno_CNC,Aco_Inox,Soluvel,Turno_1,3019.2,295.2,3.34,139.8,54.7,104.7,56.1,94,-19.53,5395,CLP-EC937,1
PEC-84067,Celula_Robotica,Latao,Sintetico,Turno_2,3464.1,207.9,2.51,25.2,30.2,96.2,32.7,160,9.31,5055,CLP-83702,1
PEC-84068,Fresadora,Aco_Carbono,Soluvel,Turno_2,3622.7,265.9,4.13,69.9,55.2,139.9,53.4,113,5.47,8993,CLP-78885,1
PEC-84069,Centro_Usinagem,Aco_Inox,Sintetico,Turno_2,3918.2,287.8,1.05,125.6,70.2,98.1,38.8,122,5.74,5305,CLP-CF7B7,1
PEC-84070,Torno_CNC,Aluminio,Soluvel,Turno_1,3105.5,319.2,3.78,5.8,64.2,120.5,29.4,1,11.27,6048,CLP-5A413,1
PEC-84071,Fresadora,Aluminio,Soluvel,Turno_3,3688.7,298.6,2.54,,49.6,96.1,41.4,164,-2.96,9526,CLP-3DFC5,1
PEC-84072,torno_cnc,Aco_Inox,Soluvel,Turno_3,3245.5,278.6,1.96,20.0,56.3,145.3,49.5,104,-7.9,6023,CLP-ACDFD,0
PEC-84073,Fresadora,Latao,Sintetico,Turno_2,2924.9,218.1,3.07,,49.0,102.6,37.8,114,-22.01,2577,CLP-2C889,1
PEC-84074,Fresadora,Aluminio,Semi_Sintetico,Turno_3,2850.4,210.7,3.66,68.7,50.4,124.8,47.1,7,21.16,4497,CLP-A8F42,1
PEC-84075,torno_cnc,Aco_Carbono,Soluvel,Turno_2,2706.4,193.1,2.26,21.0,54.5,96.5,50.5,44,1.07,2698,CLP-654B4,0
PEC-84076, TORNO_CNC ,Aco_Inox,Soluvel,Turno_1,2866.2,188.3,1.43,12.8,66.3,133.1,56.9,152,-23.97,4155,CLP-DDE15,1
PEC-84077,Torno_CNC,Aluminio,Soluvel,Turno_1,3702.1,249.9,4.16,61.7,36.3,136.3,45.5,33,-16.75,2544,CLP-50993,1
PEC-84078,Fresadora,Aco_Inox,Semi_Sintetico,Turno_1,3518.0,213.6,1.75,36.8,81.4,120.3,54.3,79,-1.94,7638,CLP-5DD30,1
PEC-84079,Torno_CNC,Aco_Carbono,Soluvel,Turno_3,2641.5,310.0,4.49,6.1,63.8,119.0,51.8,89,3.01,5669,CLP-9EC93,1
PEC-84080,Fresadora,Aluminio,Sintetico,Turno_1,2414.1,221.1,3.57,62.1,51.7,132.2,44.3,127,17.82,1436,CLP-350F7,1
PEC-84081,Torno_CNC,Aluminio,Sintetico,Turno_2,2699.5,254.7,3.25,115.1,53.3,110.9,54.2,25,8.58,4072,CLP-DDDBA,0
PEC-84082,Fresadora,Aco_Inox,Soluvel,Turno_1,2850.5,236.8,0.55,6.5,57.4,136.3,52.2,58,-19.73,8884,CLP-B2FFD,0
PEC-84083,Fresadora,Aco_Inox,Semi_Sintetico,Turno_2,3063.5,179.8,2.29,16.8,65.1,124.4,43.7,140,1.45,6521,CLP-85718,1
PEC-84084,Torno_CNC,Aco_Inox,Soluvel,Turno_1,3727.8,304.5,2.51,64.9,66.8,96.4,50.7,104,-4.53,2696,CLP-BA3EC,1
PEC-84085,Torno_CNC,Aco_Inox,Sintetico,Turno_3,2953.5,284.8,2.01,35.8,62.7,147.7,47.2,76,-2.16,9964,CLP-1BBE2,1
PEC-84086,Torno_CNC,Aluminio,Soluvel,Turno_1,3956.2,290.5,1.1,164.0,55.9,122.8,49.4,11,14.58,2508,CLP-2BAD4,1
PEC-84087,Fresadora,Aluminio,Soluvel,Turno_3,2443.9,279.7,1.97,91.5,64.9,114.9,60.1,78,20.13,2147,CLP-EB25D,1
PEC-84088,Centro_Usinagem,Aluminio,Sintetico,Turno_3,3043.1,212.0,0.8,11.9,40.1,122.5,38.6,44,20.16,4301,CLP-CD235,0
PEC-84089,Torno_CNC,Aluminio,Soluvel,Turno_2,3553.5,213.0,1.66,44.2,50.4,109.2,47.0,93,2.75,2954,CLP-B27B1,1
PEC-84090,Fresadora,Aco_Inox,Sintetico,Turno_1,3581.2,272.6,0.83,,56.9,117.7,45.2,66,9.83,5816,CLP-7BAC1,0
PEC-84091,Torno_CNC,Aco_Inox,Sintetico,Turno_1,3048.9,327.1,3.51,9.1,48.9,131.8,51.3,52,2.49,4741,CLP-55929,0
PEC-84092, TORNO_CNC ,Aco_Inox,Sintetico,Turno_3,3650.8,269.3,3.18,8.3,62.4,130.3,41.4,50,-8.05,7574,CLP-35EC5,1
PEC-84093,Celula_Robotica,Aco_Carbono,Soluvel,Turno_1,3565.5,298.9,4.26,34.5,48.9,129.3,40.5,12,-17.54,7772,CLP-ED474,1
PEC-84094,Torno_CNC,Aluminio,Sintetico,Turno_1,2893.0,223.7,2.02,,85.6,111.0,44.5,161,-18.65,3818,CLP-A3259,1
PEC-84095, TORNO_CNC ,Aco_Inox,Sintetico,Turno_2,3341.7,304.9,3.64,32.6,47.5,107.1,48.8,58,6.98,7304,CLP-B1437,1
PEC-84096,Torno_CNC,Aco_Inox,Soluvel,Turno_1,3516.6,229.0,2.85,14.6,83.1,125.8,41.3,138,6.64,7362,CLP-408AC,1
PEC-84097,Torno_CNC,Aco_Carbono,Sintetico,Turno_1,2925.3,262.0,3.08,33.5,40.9,131.6,23.8,53,7.44,4854,CLP-4E31F,1
PEC-84098,Torno_CNC,Aco_Carbono,Seco,Turno_2,3962.4,231.7,2.69,21.9,89.1,109.0,37.4,177,12.02,2978,CLP-3BF46,1
PEC-84099,Torno_CNC,Aluminio,Soluvel,Turno_1,2824.1,294.5,3.62,81.5,72.0,116.6,56.3,163,21.92,2158,CLP-71390,1
PEC-84100,Fresadora,Aluminio,Seco,Turno_1,3264.8,295.1,0.67,17.8,74.5,125.9,57.4,77,6.49,3077,CLP-8B00A,1
PEC-84101, TORNO_CNC ,Aco_Inox,Soluvel,Turno_2,2637.6,176.2,0.82,76.6,48.6,118.6,41.0,103,-4.92,7418,CLP-E8B76,1
PEC-84102,torno_cnc,Latao,Soluvel,Turno_1,3246.5,316.3,0.88,22.3,61.1,137.4,59.4,177,-20.82,8965,CLP-B8D3E,1
PEC-84103,Torno_CNC,Aco_Carbono,Soluvel,Turno_2,2719.8,368.8,1.65,35.2,61.9,100.4,42.4,10,5.6,8503,CLP-AD187,1
PEC-84104,Torno_CNC,Aco_Inox,Sintetico,Turno_1,3067.6,232.2,2.86,16.8,63.8,98.2,32.7,57,-10.27,8167,CLP-7FD29,1
PEC-84105,Fresadora,Aco_Carbono,Soluvel,Turno_2,2486.0,243.7,3.08,63.0,80.3,136.4,42.6,63,-10.6,6779,CLP-304DB,1
PEC-84106,Celula_Robotica,Aco_Carbono,Semi_Sintetico,Turno_2,3559.9,312.0,3.35,69.9,73.3,129.3,50.8,166,-6.12,1651,CLP-EDD21,1
PEC-84107,Torno_CNC,Aco_Inox,Semi_Sintetico,Turno_2,3360.3,253.3,1.62,63.0,63.0,121.4,40.5,61,6.3,7701,CLP-92392,1
PEC-84108,Centro_Usinagem,Aluminio,Sintetico,Turno_1,3689.3,249.8,3.1,40.7,77.0,115.0,49.8,34,2.57,9027,CLP-4B9B8,1
PEC-84109,torno_cnc,Aco_Inox,Soluvel,Turno_1,3043.5,344.8,0.97,,79.2,127.1,47.1,22,22.25,3993,CLP-CE4FD,1
PEC-84110,torno_cnc,Aco_Inox,Seco,Turno_3,3710.2,182.3,0.54,40.4,58.2,122.8,42.7,17,-6.74,8590,CLP-5672F,0
PEC-84111,torno_cnc,Aco_Carbono,Semi_Sintetico,Turno_1,3217.7,210.6,3.28,117.2,57.8,124.5,51.2,82,-20.45,5114,CLP-E4B1E,1
PEC-84112,Torno_CNC,Aco_Inox,Soluvel,Turno_2,3250.9,270.9,3.36,41.6,90.9,119.0,54.8,108,-17.66,4834,CLP-394F3,1
PEC-84113,Torno_CNC,Aco_Carbono,Sintetico,Turno_3,4151.3,169.0,2.99,114.6,62.1,128.0,46.5,85,-26.8,1140,CLP-48B70,1
PEC-84114,Fresadora,Latao,Sintetico,Turno_2,2981.9,231.3,1.54,17.7,57.3,133.8,49.7,126,10.86,7947,CLP-56E25,1
PEC-84115,Torno_CNC,Aco_Inox,Sintetico,Turno_1,3752.4,230.9,4.21,70.5,63.1,133.6,33.3,124,11.7,7113,CLP-C6517,1
PEC-84116,Centro_Usinagem,Aluminio,Soluvel,Turno_1,3415.9,298.1,4.0,49.4,77.9,126.9,56.1,110,-10.37,3665,CLP-BC4BB,1
PEC-84117, TORNO_CNC ,Aco_Carbono,Soluvel,Turno_3,2942.6,284.6,2.56,64.9,73.6,119.9,40.7,99,-8.53,5562,CLP-672E5,1
PEC-84118,Torno_CNC,Aco_Carbono,Soluvel,Turno_2,2607.9,165.8,4.46,48.4,63.5,126.7,38.1,102,4.84,3546,CLP-B9277,1
PEC-84119,Fresadora,Aco_Carbono,Soluvel,Turno_2,2735.1,215.3,1.69,27.9,72.3,137.9,52.1,89,-17.7,2640,CLP-6EC09,1
PEC-84120,Torno_CNC,Aco_Inox,Sintetico,Turno_2,3708.8,215.5,2.46,45.6,68.0,117.7,41.9,13,-13.64,7108,CLP-5DBAD,1
PEC-84121,torno_cnc,Aluminio,Seco,Turno_3,3980.5,239.2,4.21,99.1,63.3,115.9,39.4,143,2.78,2561,CLP-4A697,1
PEC-84122,Fresadora,Aluminio,Seco,Turno_2,3241.1,195.1,2.35,23.9,61.4,127.4,42.7,74,12.52,9957,CLP-A8ABA,1
PEC-84123,Centro_Usinagem,Latao,Sintetico,Turno_1,3264.7,272.6,2.38,111.1,66.8,131.1,35.3,71,-5.34,6456,CLP-9EA8D,1
PEC-84124,Fresadora,Aco_Inox,Sintetico,Turno_2,3549.4,215.3,0.82,6.8,60.0,118.5,39.4,120,-24.42,2348,CLP-8736C,0
PEC-84125,Fresadora,Latao,Soluvel,Turno_2,,279.4,1.35,5.5,65.8,126.8,53.2,107,-1.41,9246,CLP-C30ED,0
PEC-84126,Fresadora,Aco_Inox,Sintetico,Turno_1,,249.9,1.13,,64.4,107.4,54.3,88,-5.09,9249,CLP-74F77,1
PEC-84127,Celula_Robotica,Latao,Soluvel,Turno_3,,201.3,2.76,71.1,47.6,119.8,45.5,13,-9.21,1744,CLP-553A8,1
PEC-84128,Torno_CNC,Aluminio,Soluvel,Turno_1,3261.0,319.4,1.77,15.0,58.6,143.3,39.6,63,5.47,9459,CLP-A56B5,1
PEC-84129,Torno_CNC,Aluminio,Sintetico,Turno_2,2885.4,320.9,0.81,46.4,61.9,129.1,48.3,135,2.52,3470,CLP-4C624,1
PEC-84130,Torno_CNC,Aluminio,Soluvel,Turno_1,2774.6,264.5,2.54,32.7,87.3,110.3,29.8,70,-23.85,1034,CLP-32342,1
PEC-84131,Torno_CNC,Aco_Inox,Soluvel,Turno_1,1778.4,238.0,3.18,,63.1,112.3,54.4,165,-16.84,4957,CLP-7843B,1
PEC-84132,Fresadora,Aco_Inox,Semi_Sintetico,Turno_2,3755.4,197.2,3.45,16.8,68.3,101.3,44.4,26,3.75,4377,CLP-5E384,1
PEC-84133,Fresadora,Aco_Inox,Soluvel,Turno_3,3134.0,303.6,3.85,7.7,90.8,144.4,36.7,47,2.67,3791,CLP-B85FD,1
PEC-84134,torno_cnc,Aco_Inox,Soluvel,Turno_2,3019.8,291.1,2.43,31.9,46.0,105.1,56.9,145,3.2,4199,CLP-E1910,1
PEC-84135,Torno_CNC,Aco_Inox,Soluvel,Turno_1,2321.7,209.3,2.06,25.9,46.6,82.1,45.3,75,0.06,3492,CLP-4334E,0
PEC-84136,Fresadora,Aco_Carbono,Soluvel,Turno_2,2911.9,215.7,3.24,17.0,55.7,98.9,41.6,22,2.65,8292,CLP-E4AF9,0
PEC-84137,Torno_CNC,Aluminio,Soluvel,Turno_1,2852.7,272.8,0.55,128.2,61.0,120.8,61.4,39,-3.83,6228,CLP-B02F4,1
PEC-84138,Fresadora,Aco_Inox,Semi_Sintetico,Turno_1,2842.4,191.2,3.03,64.7,62.2,109.2,40.8,95,5.28,4481,CLP-1D263,1
PEC-84139,torno_cnc,Aco_Carbono,Soluvel,Turno_1,3349.8,218.7,2.12,31.1,58.9,121.9,51.0,121,-16.7,5848,CLP-42141,1
PEC-84140,Torno_CNC,Aluminio,Semi_Sintetico,Turno_1,3255.0,198.0,2.31,30.8,50.2,125.1,50.5,105,-8.47,4670,CLP-3287C,0
PEC-84141,Torno_CNC,Latao,Soluvel,Turno_2,2587.4,199.6,1.69,12.5,76.7,110.6,38.2,114,4.01,1130,CLP-EA372,1
PEC-84142,Torno_CNC,Aluminio,Soluvel,Turno_2,2616.0,214.0,1.01,41.7,59.6,106.2,43.9,99,24.46,3567,CLP-49C0C,0
PEC-84143,Centro_Usinagem,Aco_Inox,Sintetico,Turno_1,2615.1,295.3,2.11,112.5,79.2,133.7,43.0,122,-11.41,6856,CLP-3C781,1
PEC-84144,Centro_Usinagem,Aluminio,Sintetico,Turno_3,,162.3,1.73,85.0,52.8,124.5,30.9,169,-21.87,2585,CLP-67D68,1
PEC-84145,Fresadora,Aluminio,Sintetico,Turno_1,3871.7,271.7,4.34,8.1,88.5,79.9,29.3,99,-6.05,4120,CLP-B405F,1
PEC-84146,Torno_CNC,Aco_Inox,Seco,Turno_3,2816.5,262.9,4.27,6.9,45.0,96.9,27.6,46,-0.76,3450,CLP-971AA,1
PEC-84147, TORNO_CNC ,Aco_Inox,Soluvel,Turno_2,2310.5,298.4,3.08,,64.8,93.1,41.4,29,-8.02,4727,CLP-19EED,1
PEC-84148,Fresadora,Aco_Inox,Soluvel,Turno_1,3257.6,262.9,4.11,,53.0,117.6,37.1,148,18.66,7118,CLP-7A398,1
PEC-84149,Fresadora,Aco_Inox,Semi_Sintetico,Turno_3,3221.1,231.1,3.51,33.0,65.4,123.0,37.5,69,-4.66,2022,CLP-539FB,1
PEC-84150,Torno_CNC,Aluminio,Soluvel,Turno_1,3342.6,209.2,1.88,,53.2,117.4,41.6,112,-4.49,5327,CLP-AAB09,1
PEC-84151,Torno_CNC,Aluminio,Soluvel,Turno_2,3533.6,299.5,2.92,69.9,39.3,110.6,45.0,28,11.96,5619,CLP-AFBC4,1
PEC-84152,Fresadora,Aco_Inox,Soluvel,Turno_1,3403.3,274.8,1.38,9.4,55.6,135.3,42.5,159,9.46,9447,CLP-66C5B,1
PEC-84153, TORNO_CNC ,Aluminio,Sintetico,Turno_2,2697.6,225.3,3.25,41.1,84.2,124.8,39.4,64,25.29,3299,CLP-DCD5B,1
PEC-84154,Torno_CNC,Aluminio,Soluvel,Turno_2,3332.3,295.4,0.68,,53.0,106.3,60.4,92,-8.14,9142,CLP-BC6DA,1
PEC-84155,Torno_CNC,Aco_Inox,Soluvel,Turno_1,3584.2,227.7,3.83,11.0,71.1,107.3,43.4,27,6.22,2412,CLP-259F2,1
PEC-84156,torno_cnc,Aco_Inox,Soluvel,Turno_1,2874.2,250.0,2.83,30.1,65.1,108.6,53.0,154,6.04,4246,CLP-CF51D,1
PEC-84157,Centro_Usinagem,Aco_Inox,Sintetico,Turno_2,3335.0,219.8,0.73,6.6,59.5,114.8,35.1,50,18.41,4592,CLP-66DC7,1
PEC-84158,Celula_Robotica,Aco_Inox,Soluvel,Turno_1,2951.2,276.7,3.99,12.6,89.5,120.5,55.7,27,-6.56,5374,CLP-4214B,1
PEC-84159,torno_cnc,Aco_Inox,Soluvel,Turno_1,4098.3,200.3,4.01,10.1,61.2,126.2,40.6,92,21.94,8230,CLP-E075D,1
PEC-84160,torno_cnc,Aco_Inox,Sintetico,Turno_2,2602.9,235.1,3.91,6.4,67.0,107.7,67.4,166,13.85,1390,CLP-4F710,1
PEC-84161,Torno_CNC,Aluminio,Seco,Turno_3,3720.2,217.3,3.6,128.9,66.0,99.7,34.5,127,16.59,4953,CLP-C2AE9,1
PEC-84162,torno_cnc,Aluminio,Sintetico,Turno_1,2448.1,263.2,3.21,25.9,83.9,125.9,36.5,147,-8.99,6585,CLP-B9143,1
PEC-84163, TORNO_CNC ,Aco_Inox,Semi_Sintetico,Turno_1,4006.9,269.4,2.09,73.5,47.0,132.4,43.5,135,-0.53,6686,CLP-5955C,1
PEC-84164,Fresadora,Aco_Inox,Soluvel,Turno_3,2686.3,194.8,1.05,20.5,91.9,145.7,42.2,169,-2.79,2490,CLP-2AEEF,1
PEC-84165, TORNO_CNC ,Aluminio,Soluvel,Turno_1,3285.4,270.3,1.66,6.5,83.2,126.1,35.6,117,-16.42,1925,CLP-A67AE,1
PEC-84166,Torno_CNC,Aco_Carbono,Soluvel,Turno_2,2466.9,176.2,1.89,46.6,69.8,109.1,56.8,8,3.76,3413,CLP-2ACF1,1
PEC-84167,Torno_CNC,Aco_Carbono,Semi_Sintetico,Turno_3,2592.5,359.6,1.93,6.4,72.4,129.2,56.0,148,2.83,1946,CLP-4D8A5,1
PEC-84168,Torno_CNC,Aluminio,Soluvel,Turno_3,,224.4,2.76,33.2,62.3,117.7,42.3,23,2.4,9301,CLP-B908E,1
PEC-84169,Torno_CNC,Aco_Inox,Semi_Sintetico,Turno_1,3662.7,302.5,1.33,10.2,66.8,99.8,53.1,76,-0.2,1338,CLP-8D4C9,1
PEC-84170,Torno_CNC,Aco_Inox,Seco,Turno_1,3307.7,260.1,1.26,43.9,70.0,119.3,56.4,105,-0.4,9532,CLP-AB45E,1
PEC-84171,Celula_Robotica,Aco_Carbono,Soluvel,Turno_1,3533.5,262.1,3.37,83.1,54.1,124.2,44.9,156,1.42,9840,CLP-3780C,1
PEC-84172, TORNO_CNC ,Aco_Inox,Soluvel,Turno_3,3670.2,191.7,0.53,114.1,83.2,141.5,39.6,151,-0.18,8838,CLP-9E50F,1
PEC-84173,torno_cnc,Latao,Soluvel,Turno_3,2892.1,292.2,1.1,31.3,67.7,121.1,55.3,178,-11.17,3308,CLP-5640A,1
PEC-84174,Centro_Usinagem,Aluminio,Soluvel,Turno_1,2570.5,252.4,2.24,31.6,66.7,107.8,54.0,149,-0.52,8612,CLP-60277,1
PEC-84175,Celula_Robotica,Aluminio,Soluvel,Turno_2,3193.8,273.5,1.1,6.4,54.6,91.7,35.0,25,1.87,6213,CLP-9FAF6,0
PEC-84176,torno_cnc,Aco_Inox,Semi_Sintetico,Turno_3,2940.3,245.5,4.34,56.4,79.0,101.6,56.3,33,-20.14,3394,CLP-C28FC,1
PEC-84177,Centro_Usinagem,Aluminio,Soluvel,Turno_1,3374.9,256.5,3.18,114.5,64.4,105.4,36.8,73,-15.26,4804,CLP-F380E,1
PEC-84178,Torno_CNC,Aluminio,Soluvel,Turno_1,3446.6,205.6,2.23,25.2,58.7,145.0,48.0,105,-20.77,7323,CLP-A2D8E,1
PEC-84179,Torno_CNC,Aco_Inox,Soluvel,Turno_1,2893.3,242.4,0.95,60.2,52.0,117.1,38.5,58,-4.55,7585,CLP-93076,1
PEC-84180, TORNO_CNC ,Aco_Inox,Seco,Turno_2,3516.8,229.0,2.04,60.9,63.1,118.7,46.3,176,-2.37,9912,CLP-56EBE,1
PEC-84181,Fresadora,Aco_Carbono,Sintetico,Turno_3,3494.4,214.7,3.1,58.9,51.0,136.5,45.9,65,-14.5,2396,CLP-873FA,1
PEC-84182,Fresadora,Aluminio,Seco,Turno_3,3525.5,256.7,4.38,54.8,69.1,129.0,62.9,89,20.48,1528,CLP-63BC2,1
PEC-84183,Torno_CNC,Aluminio,Seco,Turno_1,3016.5,268.2,2.39,13.5,74.3,116.1,32.0,160,-51.71,5070,CLP-8BC99,1
PEC-84184,Torno_CNC,Aco_Inox,Soluvel,Turno_1,3551.0,262.5,3.27,53.7,60.3,137.2,38.8,107,2.12,6239,CLP-CC8BA,1
PEC-84185,Fresadora,Aco_Carbono,Soluvel,Turno_2,3434.0,244.9,1.28,10.5,67.8,109.7,41.3,142,-23.32,5856,CLP-5C041,1
PEC-84186,Torno_CNC,Aco_Carbono,Soluvel,Turno_3,3488.1,270.6,2.99,48.6,79.6,124.3,47.6,174,-10.36,9823,CLP-B0DB8,1
PEC-84187,torno_cnc,Aluminio,Soluvel,Turno_2,3955.0,262.1,1.46,5.1,62.9,101.2,42.5,85,-2.37,3879,CLP-89FE4,0
PEC-84188,Fresadora,Aluminio,Sintetico,Turno_2,3347.5,254.9,1.29,92.9,63.7,123.9,27.4,67,-17.83,6638,CLP-F23F4,1
PEC-84189,Fresadora,Aluminio,Soluvel,Turno_2,2926.9,258.3,2.54,66.5,65.1,135.3,50.9,100,-1.08,6693,CLP-E9D17,1
PEC-84190,Fresadora,Aluminio,Soluvel,Turno_1,2700.3,309.2,1.35,45.2,59.7,133.1,55.7,106,-22.66,1101,CLP-7E072,1
PEC-84191,Centro_Usinagem,Aco_Inox,Sintetico,Turno_2,3707.6,189.7,3.39,8.5,60.8,133.5,48.5,17,-2.93,6907,CLP-80225,1
PEC-84192, TORNO_CNC ,Latao,Sintetico,Turno_3,3360.8,234.1,4.25,66.0,55.8,163.3,41.3,111,-11.45,9763,CLP-D0ECE,1
PEC-84193,Fresadora,Aluminio,Sintetico,Turno_1,3951.5,266.9,2.07,77.8,70.2,116.0,46.6,167,24.66,4306,CLP-911D7,1
PEC-84194,Fresadora,Aco_Inox,Soluvel,Turno_2,2286.7,170.9,1.79,45.8,64.1,106.4,35.3,52,13.6,1298,CLP-7B945,1
PEC-84195,Torno_CNC,Aluminio,Semi_Sintetico,Turno_1,3609.8,319.1,1.2,135.4,72.2,126.8,53.5,55,11.7,5148,CLP-B3A39,1
PEC-84196,Torno_CNC,Aco_Carbono,Sintetico,Turno_2,3082.5,262.7,2.06,8.4,77.3,106.8,49.0,95,22.37,3440,CLP-30685,0
PEC-84197,Torno_CNC,Aco_Inox,Soluvel,Turno_2,3040.9,297.8,2.74,48.2,52.4,103.0,40.7,115,-17.24,9185,CLP-1CDBB,1
PEC-84198, TORNO_CNC ,Aco_Inox,Semi_Sintetico,Turno_2,2855.8,306.0,1.99,31.0,55.0,116.2,45.7,68,-10.29,9089,CLP-25475,1
PEC-84199,Fresadora,Aluminio,Seco,Turno_3,3604.8,270.6,2.99,10.5,73.3,149.7,53.3,128,15.81,6442,CLP-7EDE6,1
PEC-84200,Centro_Usinagem,Aco_Inox,Soluvel,Turno_1,3476.1,138.4,3.15,,61.9,130.3,54.3,19,-3.67,3518,CLP-D6C48,1
PEC-84201,Torno_CNC,Aco_Carbono,Soluvel,Turno_2,2685.9,257.4,0.89,61.2,66.0,125.7,44.4,155,3.19,4306,CLP-D7114,1
PEC-84202,Torno_CNC,Aco_Inox,Soluvel,Turno_1,3274.2,260.6,3.29,11.3,66.0,94.9,62.2,18,-1.15,9596,CLP-E634F,1
PEC-84203,Celula_Robotica,Aco_Carbono,Soluvel,Turno_3,3517.8,195.7,4.1,60.2,53.6,110.7,55.9,103,15.84,8914,CLP-4BF6C,1
PEC-84204,Torno_CNC,Aco_Inox,Semi_Sintetico,Turno_1,3280.1,160.5,0.61,8.4,71.1,141.5,49.2,106,1.59,7562,CLP-E3070,1
PEC-84205, TORNO_CNC ,Aco_Inox,Soluvel,Turno_3,3698.5,273.1,2.71,36.3,68.0,116.0,41.8,53,-5.97,9865,CLP-A1A08,1
PEC-84206,torno_cnc,Aco_Carbono,Semi_Sintetico,Turno_1,3069.5,187.5,2.92,61.1,52.9,152.9,42.1,14,14.36,7908,CLP-347F4,0
PEC-84207,torno_cnc,Aluminio,Sintetico,Turno_1,2185.5,353.1,3.34,10.5,63.0,126.7,46.6,133,-15.96,3004,CLP-98320,1
PEC-84208,Torno_CNC,Aco_Inox,Sintetico,Turno_1,3284.0,263.2,2.04,34.7,63.7,117.7,44.1,87,-9.01,2602,CLP-A5DF0,1
PEC-84209,Torno_CNC,Aco_Inox,Soluvel,Turno_3,3281.3,317.6,3.77,24.4,74.0,115.3,58.6,37,-21.15,5037,CLP-A2CF3,1
PEC-84210,Torno_CNC,Aluminio,Soluvel,Turno_1,3340.0,251.6,2.66,37.7,79.1,119.0,37.5,42,-1.51,9554,CLP-3797D,1
PEC-84211,torno_cnc,Aluminio,Soluvel,Turno_1,3698.1,287.6,2.14,,64.9,98.2,49.0,48,7.37,3277,CLP-60230,1
PEC-84212,torno_cnc,Latao,Soluvel,Turno_1,2321.4,252.7,3.38,15.1,44.8,134.6,29.0,154,-5.13,2261,CLP-B933A,1
PEC-84213,Torno_CNC,Latao,Soluvel,Turno_1,3092.7,300.3,4.21,15.2,73.7,126.6,48.0,75,-9.8,7764,CLP-59A7A,1
PEC-84214,Fresadora,Aluminio,Semi_Sintetico,Turno_1,,148.1,3.75,75.0,91.4,116.2,52.0,27,-17.08,2838,CLP-28BCB,1
PEC-84215,Centro_Usinagem,Aluminio,Soluvel,Turno_2,2656.4,294.4,4.22,11.0,73.6,118.3,56.5,103,5.66,7018,CLP-B82A3,1
PEC-84216,Torno_CNC,Aluminio,Semi_Sintetico,Turno_1,,283.4,1.56,9.6,61.7,132.1,40.3,42,3.48,3178,CLP-23888,0
PEC-84217, TORNO_CNC ,Aluminio,Soluvel,Turno_2,3515.8,242.3,0.97,8.6,69.8,150.4,39.3,103,6.81,6283,CLP-AD640,1
PEC-84218,Fresadora,Aco_Inox,Semi_Sintetico,Turno_1,3335.4,229.5,2.64,7.7,74.6,143.0,53.2,37,-7.85,8475,CLP-56320,1
PEC-84219,Torno_CNC,Aco_Inox,Seco,Turno_2,2890.6,235.0,0.68,5.5,66.4,122.8,54.6,110,27.99,1338,CLP-611AA,1
PEC-84220,Torno_CNC,Aco_Inox,Soluvel,Turno_2,3134.5,264.1,3.2,11.1,80.8,107.7,43.2,156,-9.33,6327,CLP-40982,1
PEC-84221,Fresadora,Aco_Inox,Semi_Sintetico,Turno_1,3618.5,310.7,1.46,12.5,51.4,97.0,29.3,169,8.37,3249,CLP-8FB5F,1
PEC-84222,Centro_Usinagem,Aco_Inox,Sintetico,Turno_1,3507.4,223.3,2.32,16.0,60.2,121.8,36.5,62,2.29,8840,CLP-9E7D9,0
PEC-84223,Centro_Usinagem,Aluminio,Semi_Sintetico,Turno_1,2951.3,164.9,3.12,9.6,70.5,108.3,44.3,69,-0.26,9519,CLP-294DB,1
PEC-84224,torno_cnc,Aco_Carbono,Sintetico,Turno_1,2922.1,374.2,2.43,8.5,73.4,122.3,33.7,161,-10.64,6084,CLP-CD284,1
PEC-84225,Fresadora,Aluminio,Soluvel,Turno_2,2427.6,283.6,1.44,32.3,58.4,124.4,50.8,159,-23.93,4489,CLP-76ED3,1
PEC-84226, TORNO_CNC ,Aco_Inox,Soluvel,Turno_2,3006.8,230.4,4.02,49.4,59.6,130.8,38.8,116,-16.05,7820,CLP-821C7,1
PEC-84227,Fresadora,Aco_Inox,Soluvel,Turno_2,2418.9,309.4,3.56,39.8,57.0,102.4,44.4,56,-4.37,3186,CLP-6DD9B,0
PEC-84228, TORNO_CNC ,Aluminio,Sintetico,Turno_1,4130.2,296.7,2.9,33.5,56.1,106.7,53.8,7,24.74,3866,CLP-D8177,1
PEC-84229,Torno_CNC,Aco_Inox,Seco,Turno_1,2815.2,274.6,3.29,25.3,71.2,115.3,47.9,122,1.14,1508,CLP-40E22,1
PEC-84230,Fresadora,Aluminio,Sintetico,Turno_1,3699.0,226.1,2.16,40.2,64.5,123.9,60.6,57,-4.07,7410,CLP-6603E,1
PEC-84231,torno_cnc,Latao,Soluvel,Turno_2,4018.1,283.4,2.0,86.3,80.6,123.0,56.2,34,4.27,9679,CLP-39ADF,1
PEC-84232, TORNO_CNC ,Aco_Inox,Semi_Sintetico,Turno_2,3297.3,304.5,1.14,39.6,51.9,158.7,36.7,67,-3.98,5977,CLP-23D08,1
PEC-84233,Centro_Usinagem,Aco_Inox,Semi_Sintetico,Turno_1,3155.0,164.0,3.71,7.2,63.1,86.1,49.7,88,11.37,8190,CLP-99685,1
PEC-84234,Torno_CNC,Aluminio,Soluvel,Turno_3,2604.9,261.2,2.02,34.6,73.8,136.7,46.2,174,32.42,9243,CLP-B6FE3,1
PEC-84235,Torno_CNC,Latao,Soluvel,Turno_1,2972.9,264.9,3.27,31.0,69.1,135.9,54.5,156,-20.48,8267,CLP-1EBE7,1
PEC-84236,Torno_CNC,Aco_Carbono,Soluvel,Turno_3,3921.8,263.3,1.7,26.1,51.8,106.3,49.2,45,3.01,9223,CLP-51143,1
PEC-84237,Fresadora,Aco_Carbono,Semi_Sintetico,Turno_1,3358.1,252.3,3.68,34.4,78.8,112.9,41.0,96,-3.09,5846,CLP-AE6A1,1
PEC-84238,Fresadora,Aco_Inox,Semi_Sintetico,Turno_3,3212.8,309.3,0.92,44.1,66.2,146.4,48.8,135,-2.06,1840,CLP-5E122,1
PEC-84239,Torno_CNC,Latao,Soluvel,Turno_1,3790.5,239.4,3.0,6.3,88.0,110.7,42.0,46,22.0,7963,CLP-1CC4E,1
PEC-84240,Fresadora,Aco_Inox,Soluvel,Turno_3,3513.3,249.9,3.73,27.9,63.4,110.9,39.8,137,-0.5,4171,CLP-7E41F,1
PEC-84241, TORNO_CNC ,Aco_Inox,Semi_Sintetico,Turno_1,3133.5,265.8,3.14,64.5,78.9,121.8,44.1,15,-30.12,3780,CLP-1975A,1
PEC-84242,Fresadora,Aco_Carbono,Seco,Turno_1,3297.3,241.1,3.28,31.5,60.7,127.7,47.0,9,19.62,3868,CLP-DDAA9,0
PEC-84243, TORNO_CNC ,Latao,Semi_Sintetico,Turno_1,2854.4,180.7,2.6,7.5,62.2,135.0,55.4,162,15.12,8841,CLP-D928F,1
PEC-84244, TORNO_CNC ,Aco_Inox,Sintetico,Turno_3,2947.5,260.7,2.74,57.2,70.9,135.6,41.0,57,-6.38,8993,CLP-C1239,1
PEC-84245,Celula_Robotica,Aco_Inox,Soluvel,Turno_3,3107.2,261.3,0.76,104.3,44.6,131.7,29.7,132,-0.84,5033,CLP-A2016,1
PEC-84246,Torno_CNC,Aco_Inox,Sintetico,Turno_1,3450.9,231.7,1.5,71.8,40.8,91.4,43.4,38,-14.8,2716,CLP-795A1,1
PEC-84247,Torno_CNC,Aco_Inox,Soluvel,Turno_2,2638.7,243.4,3.39,20.8,56.9,119.4,47.1,14,17.49,5692,CLP-28BAD,1
PEC-84248,torno_cnc,Aco_Inox,Semi_Sintetico,Turno_2,3234.3,91.0,4.28,31.8,49.4,130.0,46.5,41,-3.08,5285,CLP-A51DD,0
PEC-84249,Celula_Robotica,Latao,Soluvel,Turno_1,3024.6,310.4,2.67,36.3,37.9,130.3,43.0,131,14.88,4929,CLP-282DA,1
PEC-84250, TORNO_CNC ,Aluminio,Semi_Sintetico,Turno_1,2794.6,295.1,3.4,49.0,73.9,109.4,52.6,27,-8.09,7328,CLP-474B1,1
PEC-84251,Torno_CNC,Aco_Carbono,Soluvel,Turno_3,3027.0,183.1,3.23,43.4,55.5,104.7,47.5,13,18.02,4530,CLP-533FA,0
PEC-84252,Torno_CNC,Aco_Carbono,Semi_Sintetico,Turno_2,2155.4,216.2,4.5,12.8,60.9,103.6,49.8,97,19.7,5057,CLP-D9C28,1
PEC-84253,torno_cnc,Aluminio,Soluvel,Turno_1,2859.1,322.4,3.68,69.8,66.7,127.0,30.3,68,-9.69,2549,CLP-350DB,1
PEC-84254,Torno_CNC,Aco_Carbono,Soluvel,Turno_1,2705.2,192.3,3.01,71.2,71.1,135.1,43.6,35,-24.88,1107,CLP-912D4,1
PEC-84255,Fresadora,Aluminio,Sintetico,Turno_1,3074.0,273.9,0.96,23.1,68.4,122.1,43.9,19,4.04,7402,CLP-25BFF,1
PEC-84256,Celula_Robotica,Aco_Inox,Soluvel,Turno_2,2174.1,225.4,1.95,9.9,67.4,104.0,58.5,44,6.05,6076,CLP-C125D,0
PEC-84257, TORNO_CNC ,Aluminio,Seco,Turno_1,3285.9,270.5,1.5,37.8,70.6,122.7,44.2,160,15.82,9452,CLP-64234,1
PEC-84258, TORNO_CNC ,Aluminio,Sintetico,Turno_2,3609.2,252.5,3.91,20.5,59.0,105.7,39.7,106,18.49,2713,CLP-E8500,1
PEC-84259, TORNO_CNC ,Aco_Carbono,Sintetico,Turno_1,3147.2,235.8,2.28,52.3,56.4,108.9,39.2,45,8.76,9655,CLP-1F500,1
PEC-84260,Torno_CNC,Latao,Semi_Sintetico,Turno_1,3424.5,269.4,2.64,,37.2,114.5,52.8,120,-20.42,5414,CLP-91C8B,1
PEC-84261,Centro_Usinagem,Aluminio,Semi_Sintetico,Turno_1,2969.3,225.3,4.36,15.7,72.7,108.0,40.4,81,11.02,8778,CLP-BE431,1
PEC-84262, TORNO_CNC ,Aco_Carbono,Sintetico,Turno_3,2500.4,160.8,3.85,75.8,56.8,103.0,38.2,153,3.4,2094,CLP-4562B,1
PEC-84263, TORNO_CNC ,Aco_Inox,Seco,Turno_1,,203.6,3.66,38.5,88.8,143.2,52.3,105,3.04,7787,CLP-DAC6E,1
PEC-84264,Fresadora,Aco_Carbono,Soluvel,Turno_3,3506.2,197.6,1.07,8.1,73.9,91.7,48.1,72,-11.26,2829,CLP-7125D,1
PEC-84265, TORNO_CNC ,Aco_Inox,Soluvel,Turno_1,2604.0,169.8,0.59,45.9,76.4,111.1,43.1,116,-19.43,1231,CLP-2731F,1
PEC-84266,Fresadora,Aco_Inox,Sintetico,Turno_2,2990.6,268.5,1.0,53.9,73.5,116.8,34.4,110,-6.41,1219,CLP-1FD74,1
PEC-84267,Torno_CNC,Aco_Inox,Soluvel,Turno_1,3088.8,241.4,3.46,14.4,71.4,138.4,49.4,121,24.76,8107,CLP-A678F,1
PEC-84268,Centro_Usinagem,Aluminio,Soluvel,Turno_2,4483.1,267.7,2.14,125.1,70.7,124.4,51.6,51,-20.36,4821,CLP-76CA5,1
PEC-84269,Celula_Robotica,Aco_Inox,Soluvel,Turno_3,3300.5,276.0,0.97,21.3,71.8,115.8,37.4,62,12.07,6821,CLP-75585,1
PEC-84270,Fresadora,Latao,Soluvel,Turno_1,2342.5,287.8,3.46,103.8,67.1,108.9,47.9,136,10.47,3652,CLP-DC5A6,1
PEC-84271,Celula_Robotica,Aco_Inox,Semi_Sintetico,Turno_1,2231.2,270.3,1.28,17.2,57.6,137.2,44.2,73,23.9,3124,CLP-4A319,0
PEC-84272,Torno_CNC,Latao,Sintetico,Turno_2,3528.7,201.0,2.86,37.9,50.9,107.9,37.9,126,-23.85,8483,CLP-C8DB1,1
PEC-84273, TORNO_CNC ,Aco_Carbono,Seco,Turno_1,4318.3,279.0,3.47,30.5,70.1,123.2,41.4,146,5.88,7674,CLP-19EF5,1
PEC-84274,Fresadora,Aco_Inox,Semi_Sintetico,Turno_2,3073.6,261.1,2.93,174.7,80.5,117.5,44.6,54,21.81,1562,CLP-9F57F,1
PEC-84275,torno_cnc,Aco_Inox,Soluvel,Turno_1,3046.6,359.5,4.47,23.4,63.5,127.2,34.5,44,-10.16,7857,CLP-8E6DE,1
PEC-84276, TORNO_CNC ,Aco_Carbono,Soluvel,Turno_2,3393.8,250.4,2.24,11.9,66.8,143.6,49.6,126,18.68,2525,CLP-CD7C4,1
PEC-84277,Torno_CNC,Aluminio,Soluvel,Turno_2,2840.8,269.1,1.75,67.7,49.2,130.6,39.3,124,-4.54,3519,CLP-A8C66,1
PEC-84278,Torno_CNC,Aluminio,Semi_Sintetico,Turno_1,2055.1,245.3,1.3,6.5,59.6,118.1,39.6,91,11.5,9511,CLP-AAFD2,0
PEC-84279, TORNO_CNC ,Aco_Inox,Soluvel,Turno_2,3666.8,252.4,2.52,80.7,50.3,145.1,49.0,34,-11.08,3307,CLP-D48B3,1
PEC-84280,Torno_CNC,Aluminio,Soluvel,Turno_2,2924.1,249.1,3.91,9.1,51.1,143.7,41.4,16,-8.96,3948,CLP-8CF6C,1
PEC-84281,Fresadora,Latao,Seco,Turno_1,3672.6,228.3,4.29,34.7,66.2,137.1,43.3,55,8.09,5379,CLP-EAD5C,1
PEC-84282,Torno_CNC,Aco_Inox,Sintetico,Turno_1,2857.6,258.9,4.39,,64.3,124.2,44.2,176,2.91,2796,CLP-EAC43,1
PEC-84283,Torno_CNC,Aluminio,Soluvel,Turno_2,3254.8,281.1,2.63,19.3,74.5,108.4,38.8,127,-11.83,7303,CLP-DFF3C,1
PEC-84284,torno_cnc,Aco_Inox,Soluvel,Turno_1,3584.7,229.0,2.92,70.2,74.2,84.5,40.9,30,17.26,4944,CLP-81BCA,1
PEC-84285,torno_cnc,Aco_Carbono,Semi_Sintetico,Turno_3,3681.7,291.8,2.83,,54.5,123.2,44.9,36,17.2,5122,CLP-8FC1F,1
PEC-84286,Centro_Usinagem,Aco_Carbono,Semi_Sintetico,Turno_2,3304.8,285.7,2.36,22.6,41.8,131.6,44.9,100,-27.39,4510,CLP-E45B4,1
PEC-84287,torno_cnc,Aco_Inox,Soluvel,Turno_1,3282.5,206.0,1.11,18.8,53.6,99.9,49.2,23,-9.92,1928,CLP-EDCE1,0
PEC-84288,Torno_CNC,Aco_Inox,Soluvel,Turno_3,3478.9,201.8,0.76,9.2,56.5,126.2,49.6,93,25.89,7953,CLP-A083C,1
PEC-84289,Centro_Usinagem,Aco_Inox,Semi_Sintetico,Turno_1,3408.9,272.4,2.25,40.8,71.6,113.3,54.7,57,-10.21,8997,CLP-353B2,1
PEC-84290,torno_cnc,Aluminio,Semi_Sintetico,Turno_2,2619.0,220.6,1.24,20.8,72.3,127.7,32.9,168,-26.74,4537,CLP-D3B27,1
PEC-84291,Torno_CNC,Aluminio,Semi_Sintetico,Turno_1,2627.6,197.7,4.05,18.5,64.4,110.8,52.3,128,24.06,4796,CLP-3789A,1
PEC-84292,torno_cnc,Latao,Sintetico,Turno_2,999999.0,335.8,3.55,109.8,73.9,109.1,42.3,177,-17.97,2900,CLP-32C7F,1
PEC-84293,Centro_Usinagem,Aluminio,Seco,Turno_2,3544.9,201.7,2.97,16.1,95.7,119.1,50.3,95,-29.71,9977,CLP-7FF31,1
PEC-84294, TORNO_CNC ,Aco_Inox,Soluvel,Turno_2,3021.9,173.8,0.69,78.2,63.6,102.4,47.7,133,-42.24,8159,CLP-6F3A3,1
PEC-84295,Torno_CNC,Aco_Carbono,Soluvel,Turno_1,3569.1,210.8,2.99,134.0,62.2,134.4,40.4,34,-4.23,7298,CLP-97E31,1
PEC-84296,Torno_CNC,Aluminio,Sintetico,Turno_1,3381.7,261.6,2.98,65.6,54.9,120.3,57.2,153,17.64,4082,CLP-4DF97,1
PEC-84297,Torno_CNC,Aluminio,Sintetico,Turno_1,2748.9,253.7,2.26,5.7,68.8,102.8,51.1,123,3.21,4077,CLP-23A0E,1
PEC-84298, TORNO_CNC ,Aco_Inox,Semi_Sintetico,Turno_1,3145.9,344.4,3.13,76.0,78.6,110.8,48.4,88,15.77,2026,CLP-AEB6D,1
PEC-84299,torno_cnc,Aco_Inox,Soluvel,Turno_1,2995.3,211.6,3.93,13.4,59.0,128.9,62.5,77,-2.73,1514,CLP-6978E,0
PEC-84300,Torno_CNC,Latao,Semi_Sintetico,Turno_2,2925.8,261.8,3.53,20.3,60.3,115.5,37.2,75,-23.27,6959,CLP-DF8CF,1
PEC-84301,Celula_Robotica,Aluminio,Soluvel,Turno_3,3611.9,306.4,2.39,172.2,58.7,130.6,45.2,168,10.28,4545,CLP-6E1A7,1
PEC-84302,Fresadora,Aco_Inox,Sintetico,Turno_1,4329.8,217.0,1.55,23.2,51.2,105.1,49.5,146,14.72,2438,CLP-CECB2,0
PEC-84303,torno_cnc,Aluminio,Soluvel,Turno_1,3702.3,285.2,2.41,42.2,66.6,115.8,36.5,95,19.88,5143,CLP-B8515,1
PEC-84304,Centro_Usinagem,Latao,Sintetico,Turno_3,3187.9,158.4,4.28,18.0,67.0,118.9,39.7,130,-17.3,7821,CLP-F1937,1
PEC-84305,Torno_CNC,Aco_Inox,Sintetico,Turno_3,3766.8,337.9,3.78,21.1,64.5,153.4,53.0,22,-11.51,2792,CLP-7A21E,1
PEC-84306, TORNO_CNC ,Aluminio,Soluvel,Turno_2,3970.8,299.7,0.61,36.9,87.1,109.1,41.0,78,6.36,3848,CLP-E9FD0,1
PEC-84307,Fresadora,Latao,Soluvel,Turno_1,2573.4,216.0,3.63,108.7,69.8,129.4,52.0,109,-25.72,5447,CLP-51517,1
PEC-84308,Centro_Usinagem,Aco_Inox,Sintetico,Turno_2,3751.2,291.5,1.18,16.6,51.6,127.1,40.0,139,-13.16,7440,CLP-4A82F,1
PEC-84309,Fresadora,Aco_Carbono,Semi_Sintetico,Turno_3,3546.4,315.7,2.78,14.9,72.6,146.2,61.2,164,-1.11,1759,CLP-7C184,1
PEC-84310,Torno_CNC,Aluminio,Soluvel,Turno_1,3734.7,185.6,3.73,5.9,60.9,140.4,26.3,137,4.35,6284,CLP-5ACD5,1
PEC-84311,Celula_Robotica,Aluminio,Soluvel,Turno_2,3566.0,220.0,2.75,12.9,61.1,113.1,53.1,68,-21.99,5692,CLP-515E0,1
PEC-84312,Torno_CNC,Aco_Inox,Soluvel,Turno_2,3097.5,317.3,2.12,15.7,62.9,104.3,47.0,32,3.73,3651,CLP-AD0A8,1
PEC-84313,Centro_Usinagem,Aco_Inox,Seco,Turno_1,4114.8,253.4,1.79,7.3,61.6,98.8,32.8,124,9.19,6985,CLP-E0949,1
PEC-84314,Celula_Robotica,Aluminio,Soluvel,Turno_2,3352.8,271.8,1.72,34.0,68.2,123.5,43.2,56,24.16,2079,CLP-B52F1,1
PEC-84315,Torno_CNC,Aco_Inox,Soluvel,Turno_2,3004.6,253.5,3.85,9.7,90.4,135.2,29.6,112,11.75,2909,CLP-751A3,1
PEC-84316,Fresadora,Aluminio,Semi_Sintetico,Turno_2,3427.7,294.6,3.8,30.0,60.6,137.2,47.8,52,-29.02,8797,CLP-2F249,1
PEC-84317,Torno_CNC,Aco_Inox,Sintetico,Turno_2,3637.6,275.6,3.79,12.3,66.1,116.1,40.2,14,14.38,8561,CLP-6D155,1
PEC-84318, TORNO_CNC ,Aco_Inox,Soluvel,Turno_1,3242.6,255.3,1.63,101.1,67.8,120.7,29.4,112,-7.09,7812,CLP-73959,1
PEC-84319,torno_cnc,Latao,Seco,Turno_2,3376.9,144.9,3.7,17.8,58.8,141.4,46.3,55,17.31,5941,CLP-AFF95,1
PEC-84320,torno_cnc,Aluminio,Sintetico,Turno_2,3239.8,282.0,0.65,8.4,60.2,108.6,46.2,52,21.06,4397,CLP-52798,1
PEC-84321,Celula_Robotica,Latao,Sintetico,Turno_3,2903.0,286.5,1.33,68.3,76.9,82.9,61.9,97,-5.06,9179,CLP-F171F,1
PEC-84322,Fresadora,Aco_Inox,Soluvel,Turno_1,2830.2,188.0,2.56,23.0,58.9,137.3,51.6,14,-6.94,5437,CLP-3CE26,0
PEC-84323, TORNO_CNC ,Aluminio,Semi_Sintetico,Turno_1,2568.7,191.4,2.13,65.0,54.3,102.6,25.9,95,-6.18,5214,CLP-7B4D1,1
PEC-84324,Centro_Usinagem,Aco_Inox,Soluvel,Turno_3,3883.1,275.9,0.95,18.1,86.4,115.6,40.8,15,12.6,2595,CLP-B8761,1
PEC-84325,Celula_Robotica,Aco_Carbono,Soluvel,Turno_2,3099.5,259.7,0.67,29.3,50.5,126.8,53.8,129,2.13,9477,CLP-9CE62,1
PEC-84326,Torno_CNC,Aco_Carbono,Soluvel,Turno_3,1657.6,151.3,2.94,25.6,75.6,113.1,32.0,55,-3.98,4759,CLP-73A20,1
PEC-84327,Celula_Robotica,Aco_Inox,Semi_Sintetico,Turno_1,3378.4,208.9,1.75,33.6,62.6,136.2,38.8,117,-4.6,7734,CLP-20B31,0
PEC-84328,Torno_CNC,Latao,Sintetico,Turno_1,3369.1,265.7,0.56,23.0,50.4,160.1,45.0,54,-10.54,9259,CLP-87726,0
PEC-84329,Centro_Usinagem,Aco_Inox,Sintetico,Turno_1,,283.8,2.22,29.0,60.5,107.9,40.8,140,22.26,8231,CLP-2008D,1
PEC-84330,Torno_CNC,Aluminio,Soluvel,Turno_3,2825.4,220.8,1.73,44.8,62.3,122.0,57.7,80,-5.45,1674,CLP-BD695,1
PEC-84331,Torno_CNC,Latao,Sintetico,Turno_3,2805.7,242.6,2.81,23.7,45.4,120.1,46.5,138,1.51,8864,CLP-A9057,1
PEC-84332, TORNO_CNC ,Aco_Carbono,Semi_Sintetico,Turno_2,,206.0,4.22,45.4,70.1,124.7,45.3,122,-9.21,8537,CLP-B8B25,1
PEC-84333,Fresadora,Latao,Soluvel,Turno_1,3745.7,316.2,1.73,48.8,68.9,110.9,37.7,177,11.97,2348,CLP-7F941,1
PEC-84334, TORNO_CNC ,Aco_Inox,Semi_Sintetico,Turno_1,3133.0,258.7,4.49,53.4,60.8,110.2,36.2,160,28.54,4580,CLP-99683,1
PEC-84335,Torno_CNC,Aco_Inox,Soluvel,Turno_2,3007.7,216.6,0.84,27.3,70.7,110.6,45.8,178,4.84,8500,CLP-7AACA,1
PEC-84336,torno_cnc,Aco_Inox,Semi_Sintetico,Turno_2,3705.1,192.2,0.85,5.1,67.4,113.1,44.4,139,0.62,4936,CLP-74064,1
PEC-84337,Centro_Usinagem,Aluminio,Soluvel,Turno_2,3422.9,186.7,3.35,54.0,80.5,113.3,35.3,135,13.24,2875,CLP-DE188,1
PEC-84338, TORNO_CNC ,Aco_Carbono,Sintetico,Turno_1,2416.6,340.6,3.49,88.9,52.1,82.4,46.9,152,10.64,1750,CLP-9D434,1
PEC-84339,Torno_CNC,Aco_Inox,Seco,Turno_2,2922.5,241.3,2.19,42.0,61.5,121.3,45.5,76,-14.74,3887,CLP-39611,1
PEC-84340, TORNO_CNC ,Aluminio,Seco,Turno_1,3344.9,230.0,1.64,31.0,77.0,115.5,42.5,16,-7.46,5880,CLP-8B0F6,0
PEC-84341,Torno_CNC,Aco_Inox,Soluvel,Turno_2,2779.7,239.3,3.68,33.7,71.5,109.2,54.5,75,-16.01,2982,CLP-DEE9B,1
PEC-84342,Centro_Usinagem,Aco_Inox,Soluvel,Turno_2,,218.5,4.32,40.8,37.4,121.4,44.9,94,-0.24,3751,CLP-37082,1
PEC-84343,Centro_Usinagem,Aluminio,Soluvel,Turno_3,3250.8,244.6,4.46,233.2,45.0,119.9,43.1,97,-16.92,1990,CLP-3B320,1
PEC-84344,torno_cnc,Aluminio,Semi_Sintetico,Turno_2,2861.0,251.7,3.04,7.2,65.0,114.0,54.0,161,19.46,4271,CLP-570CA,1
PEC-84345, TORNO_CNC ,Aco_Carbono,Sintetico,Turno_1,2694.7,250.8,3.46,5.7,84.7,120.1,43.8,69,-4.36,4840,CLP-C1B5A,1
PEC-84346,Fresadora,Aco_Inox,Soluvel,Turno_1,3617.4,186.9,3.79,,59.8,111.3,41.8,145,18.28,3822,CLP-A0042,1
PEC-84347,torno_cnc,Aco_Carbono,Soluvel,Turno_3,2908.5,294.6,3.7,25.3,72.8,102.5,35.6,63,24.99,8320,CLP-4C3DC,1
PEC-84348,Centro_Usinagem,Aco_Inox,Seco,Turno_1,3371.0,222.4,4.47,38.2,66.0,149.4,45.5,34,8.83,2301,CLP-E9DD5,1
PEC-84349,Fresadora,Aco_Inox,Sintetico,Turno_1,2681.8,217.1,3.74,54.0,71.9,112.6,52.5,16,9.85,4097,CLP-94959,1
PEC-84350,Fresadora,Aluminio,Soluvel,Turno_3,,214.8,3.15,52.4,77.8,124.0,41.7,179,-9.5,5220,CLP-332DE,1
PEC-84351,torno_cnc,Aco_Carbono,Soluvel,Turno_2,2913.9,197.4,2.0,41.5,76.3,158.9,34.4,109,-17.3,1119,CLP-3777D,1
PEC-84352, TORNO_CNC ,Aco_Inox,Soluvel,Turno_2,3058.1,263.4,2.89,27.3,75.9,113.8,53.1,113,16.3,9024,CLP-4B249,1
PEC-84353,Celula_Robotica,Aco_Inox,Sintetico,Turno_1,2841.7,294.7,4.02,35.0,57.6,126.9,53.4,9,2.95,7568,CLP-AD0A5,1
PEC-84354,torno_cnc,Aluminio,Seco,Turno_3,3661.5,213.9,1.72,50.8,63.2,154.9,49.7,27,29.1,5503,CLP-89D55,1
PEC-84355,Fresadora,Aco_Inox,Semi_Sintetico,Turno_1,2979.0,157.8,0.62,71.6,71.2,95.3,45.8,110,3.85,3899,CLP-8001B,1
PEC-84356,Torno_CNC,Aco_Carbono,Soluvel,Turno_1,3135.4,198.6,1.81,9.8,70.8,140.0,48.4,176,-12.16,4214,CLP-D9A4B,1
PEC-84357,Fresadora,Aco_Carbono,Semi_Sintetico,Turno_1,3157.2,227.6,4.34,16.4,72.1,123.3,32.6,109,-3.46,9068,CLP-CA15A,1
PEC-84358,torno_cnc,Aco_Inox,Soluvel,Turno_1,,188.4,3.68,22.7,43.8,112.4,40.3,158,-17.99,3912,CLP-53FAD,1
PEC-84359,Torno_CNC,Aluminio,Soluvel,Turno_3,3600.6,220.1,1.25,43.3,79.4,120.7,50.4,91,-3.06,1948,CLP-3C0AF,1
PEC-84360,Torno_CNC,Aco_Carbono,Seco,Turno_2,3555.8,222.4,0.55,22.6,44.6,114.6,47.7,150,-20.71,5335,CLP-C9118,1
PEC-84361,Fresadora,Aco_Inox,Soluvel,Turno_2,2490.0,249.2,3.18,14.6,56.0,143.6,52.2,150,-14.9,7078,CLP-C44DB,1
PEC-84362,Fresadora,Aluminio,Soluvel,Turno_3,2904.6,177.3,2.82,6.2,67.3,119.8,57.3,24,12.01,4594,CLP-EE43C,1
PEC-84363,torno_cnc,Aco_Inox,Seco,Turno_1,3734.9,279.0,0.83,69.7,64.6,130.5,35.1,38,-16.47,7633,CLP-AF606,1
PEC-84364,Torno_CNC,Aluminio,Soluvel,Turno_1,2673.1,333.0,4.36,24.0,82.0,112.1,48.9,134,9.21,6341,CLP-28109,1
PEC-84365,Fresadora,Aco_Inox,Semi_Sintetico,Turno_2,3237.8,321.5,2.97,19.0,51.0,124.4,42.9,109,-15.56,8528,CLP-21D87,0
PEC-84366,Torno_CNC,Aco_Carbono,Seco,Turno_2,2720.6,220.8,3.11,31.5,60.6,114.3,41.4,145,1.26,8648,CLP-F33F2,1
PEC-84367, TORNO_CNC ,Aco_Inox,Sintetico,Turno_2,2765.8,283.4,3.91,9.6,41.4,98.7,64.8,60,-3.32,4333,CLP-E56DC,0
PEC-84368,Torno_CNC,Aco_Inox,Soluvel,Turno_1,3956.4,277.5,1.85,,66.6,139.6,32.4,24,4.69,9797,CLP-8AF00,1
PEC-84369,Torno_CNC,Aco_Carbono,Soluvel,Turno_2,,247.8,2.73,53.8,62.5,125.2,43.5,179,0.03,8799,CLP-188AD,1
PEC-84370,Torno_CNC,Aco_Inox,Soluvel,Turno_1,,258.9,2.8,51.6,50.1,131.6,43.1,15,-10.08,2222,CLP-2223E,1
PEC-84371, TORNO_CNC ,Aco_Inox,Soluvel,Turno_1,3552.7,284.2,4.37,56.7,80.7,109.1,45.4,156,17.44,8529,CLP-EA679,1
PEC-84372,Torno_CNC,Aco_Inox,Semi_Sintetico,Turno_1,,294.2,1.03,27.1,78.0,137.8,29.2,14,-21.29,6961,CLP-3F556,1
PEC-84373, TORNO_CNC ,Aco_Inox,Soluvel,Turno_1,2888.8,209.4,3.54,21.1,65.9,127.0,37.2,139,-13.11,6064,CLP-D70B1,1
PEC-84374,torno_cnc,Latao,Soluvel,Turno_1,3019.1,287.4,2.8,67.3,78.7,122.3,45.4,1,-22.11,3248,CLP-5F4A3,1
PEC-84375, TORNO_CNC ,Aco_Carbono,Sintetico,Turno_1,3113.7,333.3,3.88,11.7,63.9,135.4,33.8,145,-14.2,7976,CLP-88A43,1
PEC-84376, TORNO_CNC ,Aco_Inox,Sintetico,Turno_3,3999.3,294.1,3.83,50.2,73.6,115.1,52.6,51,-2.28,2629,CLP-1B6EC,1
PEC-84377,Centro_Usinagem,Aco_Carbono,Semi_Sintetico,Turno_3,2598.6,326.8,0.55,81.6,75.4,139.4,49.6,54,-26.89,4156,CLP-A25D4,1
PEC-84378,Torno_CNC,Aluminio,Soluvel,Turno_2,2950.9,120.8,1.53,16.8,52.2,110.1,32.3,66,9.4,5551,CLP-A9E84,1
PEC-84379,torno_cnc,Latao,Semi_Sintetico,Turno_3,2789.2,279.8,1.22,12.7,70.2,120.5,43.2,103,17.98,3959,CLP-72CA9,1
PEC-84380,Torno_CNC,Aco_Inox,Sintetico,Turno_3,3675.5,263.2,2.35,30.1,67.0,106.0,48.0,143,18.22,5667,CLP-5637D,1
PEC-84381,Torno_CNC,Aluminio,Soluvel,Turno_1,4034.2,301.4,4.12,13.5,52.7,102.8,34.0,76,-26.53,5703,CLP-A091E,1
PEC-84382,torno_cnc,Aluminio,Soluvel,Turno_2,3339.0,193.7,0.52,76.6,49.7,113.0,32.4,75,-3.81,7683,CLP-28759,1
PEC-84383,torno_cnc,Aluminio,Soluvel,Turno_3,3376.0,224.7,2.45,14.8,71.0,117.6,37.3,93,6.7,2739,CLP-2F0DB,1
PEC-84384,Centro_Usinagem,Aluminio,Sintetico,Turno_2,,295.0,4.04,18.2,61.6,128.3,66.5,75,13.23,4359,CLP-D1488,1
PEC-84385,torno_cnc,Aco_Inox,Soluvel,Turno_1,3396.9,197.0,4.2,81.8,47.4,110.4,53.8,115,0.02,8534,CLP-E01A3,1
PEC-84386,Celula_Robotica,Aco_Carbono,Seco,Turno_2,3547.9,262.1,3.13,13.1,72.0,128.8,40.1,4,-11.62,3739,CLP-CBC29,1
PEC-84387,Torno_CNC,Aluminio,Sintetico,Turno_1,3391.5,249.2,3.82,80.6,76.2,115.2,34.4,65,8.25,7928,CLP-C7C89,1
PEC-84388,Torno_CNC,Latao,Seco,Turno_1,3424.5,240.2,1.8,13.2,50.9,112.6,38.4,155,8.91,1009,CLP-67C0B,1
PEC-84389,Torno_CNC,Aco_Inox,Soluvel,Turno_1,3548.9,278.6,1.64,90.0,65.0,129.4,57.2,172,8.65,9689,CLP-B3C47,1
PEC-84390,Torno_CNC,Aluminio,Soluvel,Turno_1,2399.8,194.2,0.7,18.4,83.2,111.8,61.3,124,8.71,5266,CLP-83787,1
PEC-84391,torno_cnc,Latao,Soluvel,Turno_1,3200.9,211.0,2.51,14.9,54.1,147.4,38.5,52,22.35,4127,CLP-E5DBB,1
PEC-84392,Fresadora,Aluminio,Soluvel,Turno_3,3337.3,243.0,2.32,27.7,85.5,126.5,47.5,77,-1.24,6188,CLP-3B961,1
PEC-84393,Torno_CNC,Aco_Carbono,Semi_Sintetico,Turno_1,3387.3,189.9,1.99,21.1,61.1,99.5,42.9,174,-15.42,7521,CLP-E3CFA,1
PEC-84394,Celula_Robotica,Aco_Carbono,Soluvel,Turno_1,3123.1,311.5,0.95,12.9,64.2,118.2,55.2,95,0.6,5760,CLP-3699B,0
PEC-84395,Centro_Usinagem,Aco_Inox,Soluvel,Turno_1,3272.3,210.1,1.42,19.5,48.3,110.3,36.2,57,-13.04,9164,CLP-E127C,1
PEC-84396,Torno_CNC,Aluminio,Soluvel,Turno_2,2876.0,289.3,1.31,,48.7,95.4,52.8,11,9.7,8834,CLP-4A5A5,1
PEC-84397,Torno_CNC,Aco_Inox,Soluvel,Turno_3,2401.3,206.2,4.28,67.4,57.1,135.9,34.3,74,17.86,8978,CLP-C6CB6,1
PEC-84398,Torno_CNC,Aluminio,Semi_Sintetico,Turno_1,3642.4,285.2,4.37,65.2,75.6,136.2,52.6,37,10.45,8596,CLP-5D46B,1
PEC-84399,Torno_CNC,Aco_Inox,Sintetico,Turno_1,2689.5,169.6,0.51,,93.1,109.1,38.2,144,-19.07,8509,CLP-8A408,1
PEC-84400,Torno_CNC,Aco_Carbono,Sintetico,Turno_2,3127.8,320.4,1.18,5.2,96.3,130.7,42.5,69,8.43,5576,CLP-39E67,1
PEC-84401,torno_cnc,Aluminio,Soluvel,Turno_2,2862.9,306.8,4.06,24.5,63.5,133.2,39.8,85,45.81,8751,CLP-20EE0,1
PEC-84402,Torno_CNC,Aluminio,Seco,Turno_1,3914.2,222.4,0.65,11.5,60.7,119.8,60.7,64,-6.82,4806,CLP-7E0E2,1
PEC-84403, TORNO_CNC ,Aco_Inox,Sintetico,Turno_1,3164.2,208.7,4.27,7.7,53.2,134.3,53.0,8,-1.85,9512,CLP-5330B,0
PEC-84404,Celula_Robotica,Latao,Soluvel,Turno_2,3060.3,272.9,2.02,51.6,78.4,124.4,41.7,35,0.1,8409,CLP-4F21C,1
PEC-84405,Fresadora,Aco_Inox,Soluvel,Turno_1,3536.5,173.7,2.65,60.2,56.3,137.2,38.4,5,5.01,7891,CLP-948CD,1
PEC-84406,Celula_Robotica,Aco_Inox,Seco,Turno_3,4170.4,251.7,3.56,64.0,62.2,102.4,55.5,141,-10.32,2773,CLP-5C53B,1
PEC-84407,Torno_CNC,Aco_Inox,Sintetico,Turno_1,3382.6,209.6,1.48,82.4,71.0,122.2,17.8,5,17.91,9417,CLP-EAC89,0
PEC-84408, TORNO_CNC ,Latao,Sintetico,Turno_1,3030.2,237.3,0.9,36.2,70.4,123.0,48.8,16,29.17,4413,CLP-AC883,0
PEC-84409,torno_cnc,Latao,Soluvel,Turno_3,3513.5,217.8,3.74,224.9,57.7,102.7,37.3,20,-18.01,9821,CLP-76DDA,1
PEC-84410,Torno_CNC,Aluminio,Soluvel,Turno_3,2492.3,210.1,4.44,28.1,63.9,104.1,63.0,170,0.06,3043,CLP-642CF,1
PEC-84411,Torno_CNC,Aco_Carbono,Sintetico,Turno_1,3220.9,335.2,3.14,80.2,58.0,96.2,66.8,28,-1.82,3948,CLP-C8959,1
PEC-84412,Fresadora,Aco_Inox,Sintetico,Turno_3,4097.3,289.0,3.8,9.2,55.0,120.7,45.2,54,-13.19,8264,CLP-E9FF8,1
PEC-84413,Fresadora,Latao,Sintetico,Turno_2,3271.0,176.0,4.27,10.6,52.7,113.4,42.1,117,23.71,9084,CLP-3C801,1
PEC-84414, TORNO_CNC ,Aco_Inox,Sintetico,Turno_1,3248.5,206.2,1.41,36.2,47.3,100.6,45.5,96,3.4,8866,CLP-F17D8,0
PEC-84415, TORNO_CNC ,Aco_Inox,Soluvel,Turno_2,,292.9,1.9,9.6,69.3,138.3,40.0,11,-3.26,8799,CLP-4BABB,1
PEC-84416, TORNO_CNC ,Aco_Inox,Semi_Sintetico,Turno_1,3022.0,298.4,1.38,7.7,62.1,126.0,38.6,5,-16.0,1122,CLP-A6896,0
PEC-84417,Torno_CNC,Aluminio,Seco,Turno_1,3341.5,180.7,0.75,12.6,51.4,109.1,46.9,135,1.52,5792,CLP-893BC,1
PEC-84418,Torno_CNC,Aco_Carbono,Semi_Sintetico,Turno_1,3548.9,284.9,3.43,59.2,50.3,123.0,50.0,22,-0.29,7204,CLP-F361F,1
PEC-84419,Torno_CNC,Aco_Inox,Soluvel,Turno_2,3050.7,263.3,1.08,96.8,50.1,116.4,46.1,130,14.56,6718,CLP-D4789,1
PEC-84420,Torno_CNC,Latao,Soluvel,Turno_3,2079.2,152.9,0.87,19.2,57.7,96.6,47.3,104,7.62,7625,CLP-C6606,1
PEC-84421,Celula_Robotica,Aluminio,Semi_Sintetico,Turno_1,3409.5,229.8,1.93,133.8,78.5,124.1,39.9,90,14.62,9609,CLP-AA654,1
PEC-84422,torno_cnc,Aco_Inox,Sintetico,Turno_1,4159.9,243.2,0.74,63.0,56.8,144.6,37.5,93,0.86,4325,CLP-86133,1
PEC-84423,Fresadora,Aluminio,Sintetico,Turno_2,3030.7,252.4,1.22,14.0,71.7,141.2,37.5,126,17.27,1992,CLP-56816,0
PEC-84424,Torno_CNC,Aluminio,Seco,Turno_2,2538.0,184.0,0.78,35.9,83.7,121.6,51.2,136,7.41,5510,CLP-F0E35,1
PEC-84425, TORNO_CNC ,Aco_Carbono,Sintetico,Turno_3,3504.8,211.8,4.01,145.2,67.0,113.5,45.6,3,23.81,6708,CLP-EECAC,1
PEC-84426,Torno_CNC,Aluminio,Sintetico,Turno_1,3984.7,218.9,3.62,71.1,55.8,128.4,46.6,105,-16.52,5093,CLP-E82E7,1
PEC-84427,Torno_CNC,Aluminio,Soluvel,Turno_2,3438.2,223.2,3.94,20.8,63.9,124.0,47.7,134,7.83,9436,CLP-8E358,1
PEC-84428,Torno_CNC,Aco_Inox,Soluvel,Turno_1,3976.1,224.1,3.97,17.8,64.5,117.9,44.5,129,-8.61,7428,CLP-8B409,1
PEC-84429,Fresadora,Aluminio,Soluvel,Turno_2,3557.2,243.4,4.28,64.9,85.7,147.9,45.9,104,0.16,3702,CLP-B1A72,1
PEC-84430,Fresadora,Latao,Seco,Turno_1,3518.1,265.5,1.25,32.9,44.2,114.1,55.4,100,12.72,9242,CLP-EB9E4,1
PEC-84431,torno_cnc,Aco_Inox,Soluvel,Turno_1,2966.9,338.7,4.1,11.2,78.4,134.4,51.2,37,-5.33,2386,CLP-390E4,1
PEC-84432, TORNO_CNC ,Aco_Carbono,Soluvel,Turno_2,3328.4,293.5,2.6,18.9,44.1,122.2,43.6,52,-8.51,4242,CLP-DB101,1
PEC-84433,Celula_Robotica,Aluminio,Semi_Sintetico,Turno_3,3186.7,315.8,1.16,42.9,74.7,122.2,41.2,9,21.32,1763,CLP-3491D,1
PEC-84434,Torno_CNC,Aco_Inox,Sintetico,Turno_2,3171.3,226.0,3.12,10.8,60.1,95.2,53.2,35,-1.31,3530,CLP-828D0,1
PEC-84435,Torno_CNC,Latao,Sintetico,Turno_3,3085.8,199.8,1.81,47.0,86.9,136.5,47.7,105,8.78,1866,CLP-6571D,1
PEC-84436,Torno_CNC,Aluminio,Soluvel,Turno_1,3301.5,290.1,0.69,48.3,73.1,132.6,42.5,173,7.23,6214,CLP-BCA01,1
PEC-84437,Fresadora,Aco_Inox,Semi_Sintetico,Turno_2,2616.6,249.2,0.81,,71.9,122.8,34.7,49,3.9,6120,CLP-9F7AA,0
PEC-84438,Celula_Robotica,Aco_Inox,Soluvel,Turno_2,3565.3,286.5,2.19,22.8,53.7,135.5,58.6,40,-3.41,5655,CLP-90A95,0
PEC-84439,Torno_CNC,Aco_Inox,Soluvel,Turno_2,2805.0,205.9,3.81,100.9,86.7,126.2,36.0,122,25.57,9249,CLP-76C85,1
PEC-84440,Centro_Usinagem,Aco_Carbono,Soluvel,Turno_3,3087.4,282.4,1.74,53.4,98.8,100.5,47.3,8,13.71,1294,CLP-9B526,1
PEC-84441,Centro_Usinagem,Aluminio,Soluvel,Turno_3,3348.8,241.2,3.56,59.3,89.1,105.4,59.6,143,-4.81,9513,CLP-4692F,1
PEC-84442,Torno_CNC,Latao,Soluvel,Turno_2,,227.0,0.72,30.4,53.0,119.1,42.3,114,-17.23,2757,CLP-1CCB1,1
PEC-84443, TORNO_CNC ,Aco_Inox,Sintetico,Turno_2,2315.1,231.7,2.07,13.4,62.7,94.6,44.6,42,-18.05,3869,CLP-E1F65,0
PEC-84444, TORNO_CNC ,Aco_Inox,Soluvel,Turno_3,3027.6,274.5,1.01,36.3,50.7,136.8,51.8,87,7.44,9970,CLP-A0791,0
PEC-84445,Celula_Robotica,Aco_Inox,Sintetico,Turno_1,2556.0,288.7,3.95,56.8,57.7,116.8,35.5,100,22.28,3288,CLP-A4294,1
PEC-84446,Torno_CNC,Aluminio,Soluvel,Turno_3,,231.7,4.37,5.1,68.4,122.1,31.6,115,-22.43,5078,CLP-71012,1
PEC-84447,Fresadora,Latao,Soluvel,Turno_3,2680.9,267.2,1.8,9.2,73.8,105.3,42.1,101,-32.67,7485,CLP-6E176,1
PEC-84448,Torno_CNC,Aluminio,Sintetico,Turno_2,3868.3,267.0,4.46,27.5,71.4,129.7,45.6,12,-22.5,1126,CLP-30D9F,1
PEC-84449,Fresadora,Aco_Inox,Seco,Turno_2,3197.4,286.9,3.51,25.1,44.4,117.9,45.6,52,30.06,9786,CLP-1BF05,0
PEC-84450, TORNO_CNC ,Aco_Carbono,Semi_Sintetico,Turno_1,3226.6,299.3,0.5,146.2,64.6,115.1,56.3,82,9.28,4205,CLP-AC227,1
PEC-84451,torno_cnc,Aco_Carbono,Seco,Turno_1,2308.7,340.6,2.44,8.4,71.2,141.2,37.4,58,-4.19,9808,CLP-4466B,0
PEC-84452,Centro_Usinagem,Aco_Inox,Sintetico,Turno_2,3265.2,226.7,3.84,18.7,76.4,139.6,43.9,158,-21.33,4620,CLP-69AE4,1
PEC-84453,Centro_Usinagem,Aco_Carbono,Sintetico,Turno_1,3163.9,323.0,2.64,64.1,70.1,131.2,57.1,178,0.45,9085,CLP-541CA,1
PEC-84454,Centro_Usinagem,Aco_Inox,Sintetico,Turno_2,2615.4,255.9,2.7,38.2,70.9,123.1,42.8,170,-7.71,2692,CLP-330FA,1
PEC-84455,Torno_CNC,Aco_Inox,Sintetico,Turno_3,3239.3,195.3,2.29,33.9,62.1,112.3,60.9,140,-12.17,5853,CLP-2EC8C,1
PEC-84456,Fresadora,Aco_Inox,Soluvel,Turno_1,3020.9,217.5,2.08,52.3,68.3,115.7,43.1,65,4.0,1820,CLP-F0D9C,1
PEC-84457,Torno_CNC,Aluminio,Sintetico,Turno_1,3102.4,273.3,0.61,6.4,96.0,115.0,39.4,65,-35.73,8834,CLP-ABF18,1
PEC-84458, TORNO_CNC ,Aluminio,Soluvel,Turno_2,3211.6,286.2,2.99,108.1,79.5,125.9,44.7,59,15.5,7089,CLP-5809B,1
PEC-84459,torno_cnc,Aco_Inox,Soluvel,Turno_1,2987.8,199.2,3.57,12.4,69.4,119.5,47.1,91,-19.5,2475,CLP-6AA91,1
PEC-84460, TORNO_CNC ,Aco_Inox,Sintetico,Turno_2,3310.9,211.8,3.66,8.0,73.7,119.9,41.7,162,18.76,1108,CLP-5DFB4,1
PEC-84461,torno_cnc,Aco_Carbono,Soluvel,Turno_2,3161.1,223.3,3.0,19.5,65.9,143.1,48.2,20,-35.93,5889,CLP-93F4E,1
PEC-84462,Celula_Robotica,Latao,Soluvel,Turno_1,3412.7,206.8,1.87,47.4,65.9,137.2,43.8,60,-4.94,7125,CLP-DC75E,1
PEC-84463,Torno_CNC,Aco_Carbono,Soluvel,Turno_1,2962.1,156.0,0.59,14.2,76.4,108.3,55.2,101,-2.52,9044,CLP-BE74A,1
PEC-84464,Fresadora,Aco_Inox,Seco,Turno_3,2720.8,139.0,4.08,6.8,57.8,124.5,49.1,65,16.51,5342,CLP-2A044,0
PEC-84465, TORNO_CNC ,Aco_Inox,Soluvel,Turno_1,2881.0,230.9,2.22,7.1,63.4,108.4,45.1,94,14.03,8084,CLP-79F72,0
PEC-84466,Torno_CNC,Aco_Inox,Soluvel,Turno_2,,262.6,2.9,15.4,48.6,129.0,42.5,89,16.91,8587,CLP-385DA,1
PEC-84467,Torno_CNC,Aco_Inox,Semi_Sintetico,Turno_3,3630.2,282.8,1.28,10.1,74.3,148.9,51.4,53,-1.21,8333,CLP-DC55A,1
PEC-84468,Celula_Robotica,Aluminio,Soluvel,Turno_3,3746.0,181.9,1.07,21.3,77.8,114.7,45.2,30,16.42,4318,CLP-B662C,1
PEC-84469,Centro_Usinagem,Aluminio,Soluvel,Turno_1,3777.2,182.7,0.85,11.7,72.2,131.9,41.4,90,-14.19,6509,CLP-38699,1
PEC-84470,Centro_Usinagem,Aco_Carbono,Soluvel,Turno_2,2990.2,223.6,3.7,,62.2,144.2,39.2,64,-24.63,8291,CLP-4E44D,1
PEC-84471,Celula_Robotica,Aluminio,Soluvel,Turno_2,3333.1,250.2,3.09,25.6,64.5,118.0,50.6,62,27.97,2849,CLP-D3DBF,1
PEC-84472,Torno_CNC,Aco_Inox,Soluvel,Turno_2,3234.1,300.4,2.98,52.5,66.8,127.4,41.2,18,9.43,6628,CLP-C7FE2,1
PEC-84473, TORNO_CNC ,Aco_Inox,Soluvel,Turno_3,3496.8,285.9,4.18,14.0,78.1,145.7,42.6,138,-16.9,5127,CLP-40C68,1
PEC-84474,Fresadora,Aluminio,Soluvel,Turno_2,3069.9,231.6,1.13,27.6,77.4,106.0,49.4,7,7.48,1649,CLP-AAD85,1
PEC-84475, TORNO_CNC ,Aco_Inox,Semi_Sintetico,Turno_1,3241.8,268.0,1.18,64.1,47.8,104.4,53.6,74,-11.3,4482,CLP-D9C0F,1
PEC-84476, TORNO_CNC ,Aco_Inox,Sintetico,Turno_2,3232.5,207.8,1.26,155.4,54.5,101.3,49.8,132,11.46,1984,CLP-E2436,1
PEC-84477, TORNO_CNC ,Aco_Inox,Sintetico,Turno_2,3439.5,253.7,2.19,33.5,70.2,131.3,51.8,40,-6.2,2585,CLP-61C10,1
PEC-84478,torno_cnc,Aco_Inox,Soluvel,Turno_2,3495.1,246.9,4.0,24.8,48.9,104.8,50.7,10,-2.31,3780,CLP-57939,0
PEC-84479,torno_cnc,Aco_Inox,Soluvel,Turno_1,,320.2,4.03,39.9,76.0,128.4,45.1,26,0.16,8117,CLP-73EE6,1
PEC-84480,Torno_CNC,Aco_Carbono,Semi_Sintetico,Turno_1,3255.8,274.7,2.86,28.3,61.7,140.4,48.2,125,19.91,5027,CLP-8CDA9,1
PEC-84481, TORNO_CNC ,Aco_Carbono,Soluvel,Turno_3,3301.7,211.5,3.13,11.3,73.5,110.1,59.6,55,22.19,8622,CLP-2D65D,1
PEC-84482,torno_cnc,Aco_Inox,Semi_Sintetico,Turno_1,3940.9,212.0,4.09,26.5,65.4,108.6,43.4,29,-5.08,9750,CLP-4EE24,1
PEC-84483,torno_cnc,Aco_Inox,Soluvel,Turno_1,2421.5,233.3,3.0,140.4,63.8,130.0,36.3,167,-21.81,9184,CLP-A7815,1
PEC-84484,Torno_CNC,Aco_Carbono,Semi_Sintetico,Turno_3,2763.6,171.8,1.42,40.8,52.0,120.7,24.8,179,-10.58,5771,CLP-D556F,1
PEC-84485,Fresadora,Aco_Inox,Soluvel,Turno_2,3503.2,238.5,3.32,16.7,58.4,84.6,60.5,151,9.44,2475,CLP-CB9D1,1
PEC-84486,Torno_CNC,Aco_Inox,Soluvel,Turno_1,3321.4,242.8,3.58,107.9,63.6,143.0,60.8,56,-18.25,5012,CLP-58A1D,1
PEC-84487, TORNO_CNC ,Aco_Inox,Semi_Sintetico,Turno_2,,273.3,3.04,22.2,63.2,128.3,37.1,165,30.87,2733,CLP-E71C6,1
PEC-84488,Fresadora,Aco_Inox,Semi_Sintetico,Turno_2,3500.4,280.6,1.59,22.3,73.7,114.3,55.3,133,-24.36,7901,CLP-72445,1
PEC-84489,torno_cnc,Aco_Carbono,Soluvel,Turno_2,3296.3,254.9,2.1,38.6,57.3,113.7,53.3,134,-15.09,1723,CLP-EB3AE,1
PEC-84490,Torno_CNC,Aco_Carbono,Seco,Turno_3,2948.3,168.5,2.38,34.5,64.6,130.5,50.1,148,-24.39,8917,CLP-9A13F,1
PEC-84491,Fresadora,Aco_Inox,Soluvel,Turno_1,3483.0,188.9,1.08,17.0,83.1,119.3,49.0,70,4.37,2306,CLP-53C5C,1
PEC-84492,torno_cnc,Aco_Inox,Soluvel,Turno_2,3209.4,219.7,2.31,27.0,74.9,120.9,39.0,156,-12.66,7309,CLP-43BDF,1
PEC-84493,Fresadora,Aco_Inox,Sintetico,Turno_1,2998.6,282.6,1.14,19.1,66.3,122.3,46.0,161,4.48,6190,CLP-21CD3,1
PEC-84494,Fresadora,Aco_Inox,Sintetico,Turno_1,3510.7,280.9,2.5,51.9,47.5,107.7,47.8,142,6.05,3880,CLP-F3002,1
PEC-84495,Fresadora,Latao,Seco,Turno_2,3493.0,237.5,0.7,,48.5,114.6,45.6,160,8.2,3219,CLP-793B7,1
PEC-84496, TORNO_CNC ,Aluminio,Soluvel,Turno_1,3296.6,368.0,4.29,53.6,72.6,117.2,44.6,36,-18.53,7674,CLP-EEA83,1
PEC-84497,Torno_CNC,Aluminio,Soluvel,Turno_2,3972.7,328.1,1.49,11.2,73.9,108.6,55.4,22,-4.85,7814,CLP-7CA47,1
PEC-84498,Torno_CNC,Aco_Carbono,Sintetico,Turno_1,3797.1,312.0,2.37,17.8,41.7,124.1,53.1,140,24.37,7627,CLP-3671A,1
PEC-84499, TORNO_CNC ,Aco_Carbono,Soluvel,Turno_1,3650.8,285.0,0.63,19.2,73.4,127.3,52.0,6,-14.69,1474,CLP-CCF48,1
PEC-84500,torno_cnc,Aco_Carbono,Soluvel,Turno_2,4354.9,272.9,1.27,167.7,58.3,145.3,52.5,142,-10.35,9694,CLP-2D711,1
PEC-84501,torno_cnc,Aco_Inox,Soluvel,Turno_2,3134.1,269.3,3.27,36.2,60.1,108.6,46.8,81,-3.32,9803,CLP-1FCF9,1
PEC-84502,Torno_CNC,Aco_Inox,Soluvel,Turno_1,2990.8,159.7,0.95,57.6,75.7,133.4,54.3,32,4.92,9733,CLP-661C8,1
PEC-84503,Torno_CNC,Aluminio,Soluvel,Turno_3,3587.2,197.4,3.01,33.4,73.8,141.4,35.4,60,-9.79,2334,CLP-B98B6,1
PEC-84504, TORNO_CNC ,Aco_Inox,Soluvel,Turno_1,3086.3,238.9,0.51,147.9,63.8,134.2,45.6,177,3.49,9545,CLP-4B8B2,1
PEC-84505,Torno_CNC,Latao,Sintetico,Turno_1,3205.4,256.4,2.36,11.8,73.3,112.5,50.7,24,3.78,6610,CLP-CE34D,0
PEC-84506,Fresadora,Aluminio,Sintetico,Turno_1,2756.3,243.8,3.39,37.5,60.6,115.4,49.3,167,12.7,3974,CLP-1BED2,1
PEC-84507,Torno_CNC,Latao,Soluvel,Turno_1,3473.0,263.6,4.21,60.9,55.5,142.8,48.0,67,11.93,3680,CLP-682CE,1
PEC-84508,torno_cnc,Aco_Inox,Soluvel,Turno_1,2538.0,144.8,2.47,39.7,80.1,117.2,52.4,152,-25.14,7328,CLP-BD2B1,1
PEC-84509,Celula_Robotica,Aco_Carbono,Soluvel,Turno_3,3156.6,275.3,3.86,84.5,80.9,119.5,56.5,80,4.81,6629,CLP-30D6E,1
PEC-84510,Torno_CNC,Aco_Inox,Soluvel,Turno_2,3193.1,253.1,3.71,37.1,57.3,112.7,36.5,74,-7.18,4060,CLP-2C689,1
PEC-84511, TORNO_CNC ,Latao,Sintetico,Turno_1,3003.8,240.6,1.68,66.3,58.6,131.6,47.4,18,-21.35,5623,CLP-8E447,0
PEC-84512,Torno_CNC,Aco_Inox,Seco,Turno_3,2409.3,296.4,4.0,11.8,75.7,83.1,39.2,140,18.42,2063,CLP-34EBF,1
PEC-84513,Fresadora,Aluminio,Sintetico,Turno_1,,197.7,3.06,15.6,56.7,107.8,53.6,150,-19.51,5019,CLP-2EA6E,0
PEC-84514,torno_cnc,Aco_Carbono,Sintetico,Turno_1,2864.2,238.2,0.92,25.5,74.6,105.3,50.8,105,-24.5,3753,CLP-B9A5D,1
PEC-84515, TORNO_CNC ,Aluminio,Soluvel,Turno_1,3442.6,264.2,4.26,71.8,52.7,143.8,37.2,39,-9.72,9292,CLP-3864A,1
PEC-84516,torno_cnc,Aluminio,Soluvel,Turno_1,3330.0,207.3,1.21,24.5,61.6,123.5,44.9,83,-3.58,2062,CLP-57044,1
PEC-84517,Centro_Usinagem,Latao,Seco,Turno_2,3192.6,149.8,2.38,39.6,76.7,117.0,33.0,53,-7.13,7919,CLP-58D52,1
PEC-84518,Torno_CNC,Aluminio,Seco,Turno_1,2801.9,192.3,2.37,22.6,53.4,116.9,52.6,19,36.7,8479,CLP-C366B,0
PEC-84519,Torno_CNC,Aluminio,Soluvel,Turno_2,3353.5,246.8,3.0,62.3,57.9,99.3,40.7,59,-5.52,9319,CLP-C2A2F,1
PEC-84520,Centro_Usinagem,Aco_Inox,Soluvel,Turno_2,2390.4,237.5,3.16,12.8,69.5,140.3,36.0,66,-17.93,1586,CLP-6F424,1
PEC-84521,torno_cnc,Aco_Carbono,Semi_Sintetico,Turno_3,2121.6,249.1,1.43,36.5,43.4,114.7,42.2,150,8.6,5028,CLP-3CC0B,0
PEC-84522,Centro_Usinagem,Aluminio,Soluvel,Turno_2,3090.6,217.0,1.91,35.2,65.9,128.9,49.7,104,-25.14,7994,CLP-CE2F8,1
PEC-84523,torno_cnc,Aluminio,Semi_Sintetico,Turno_1,2954.3,184.4,1.08,23.1,78.9,110.2,47.3,143,-23.66,2755,CLP-B7CD7,1
PEC-84524,Centro_Usinagem,Aco_Inox,Semi_Sintetico,Turno_1,3655.9,256.9,1.0,47.7,75.4,119.1,41.1,4,17.64,2795,CLP-EC017,1
PEC-84525, TORNO_CNC ,Aluminio,Soluvel,Turno_2,3271.1,241.7,3.8,6.0,64.4,106.2,44.2,78,18.91,8882,CLP-70C13,1
PEC-84526,Fresadora,Aco_Inox,Seco,Turno_1,3942.8,281.9,3.5,69.5,65.2,116.3,42.7,91,-17.73,1865,CLP-E072A,1
PEC-84527,Centro_Usinagem,Aco_Inox,Seco,Turno_1,2953.3,212.6,2.27,20.0,82.9,135.6,37.5,84,35.41,1202,CLP-3A7A9,1
PEC-84528,torno_cnc,Aluminio,Seco,Turno_2,3419.0,149.0,0.88,60.1,81.4,121.6,30.1,128,-7.92,1961,CLP-E6904,1
PEC-84529,Torno_CNC,Aco_Inox,Soluvel,Turno_1,3086.5,119.8,2.3,17.7,63.9,125.6,44.9,64,-20.26,3544,CLP-80D27,1
PEC-84530,Torno_CNC,Aco_Inox,Soluvel,Turno_3,3821.8,229.9,1.68,12.3,57.4,120.9,49.7,133,6.66,4035,CLP-D1A73,1
PEC-84531,Torno_CNC,Aluminio,Sintetico,Turno_1,3108.2,256.4,3.61,22.3,75.3,144.5,44.9,167,-6.83,1063,CLP-C8C1C,1
PEC-84532,Torno_CNC,Aco_Inox,Soluvel,Turno_3,,238.4,0.89,60.9,78.6,107.8,61.4,126,-10.28,1901,CLP-DDC82,1
PEC-84533,Torno_CNC,Aco_Inox,Soluvel,Turno_3,2715.1,221.7,2.31,47.6,81.5,117.9,40.2,25,-13.34,4794,CLP-1D33C,1
PEC-84534,torno_cnc,Aco_Inox,Soluvel,Turno_1,3013.2,170.4,2.87,22.9,72.0,122.8,44.7,72,-12.9,4491,CLP-60E40,1
PEC-84535,torno_cnc,Aluminio,Sintetico,Turno_2,3162.2,155.5,4.44,102.2,60.7,105.1,48.9,33,8.41,1436,CLP-C4DCD,1
PEC-84536, TORNO_CNC ,Aluminio,Soluvel,Turno_2,3768.5,268.4,0.86,23.4,45.0,121.9,48.5,168,10.83,4632,CLP-D19E6,1
PEC-84537,Fresadora,Aco_Carbono,Soluvel,Turno_2,2211.3,238.6,0.96,20.1,88.3,120.4,43.0,33,0.28,9073,CLP-814B6,1
PEC-84538,Torno_CNC,Aco_Inox,Soluvel,Turno_2,3050.3,231.8,4.45,10.5,84.2,121.7,44.6,94,20.92,3617,CLP-6D451,1
PEC-84539,Torno_CNC,Aco_Inox,Sintetico,Turno_2,3035.1,172.9,2.12,7.6,55.8,121.8,44.3,43,-4.37,1229,CLP-CF617,0
PEC-84540,Torno_CNC,Aco_Inox,Sintetico,Turno_1,2265.4,201.7,3.47,20.1,67.3,109.9,50.5,15,8.63,6062,CLP-40CFA,0
PEC-84541,torno_cnc,Aluminio,Soluvel,Turno_1,2991.2,252.3,3.63,8.4,62.4,95.6,39.4,101,16.91,7076,CLP-222A4,1
PEC-84542,Torno_CNC,Latao,Seco,Turno_3,2506.7,264.2,1.76,26.7,65.8,122.7,25.5,108,19.54,5934,CLP-C3B94,1
PEC-84543,Torno_CNC,Aco_Inox,Soluvel,Turno_1,2151.2,241.8,1.36,73.8,60.2,106.6,42.3,60,-10.08,5586,CLP-46BE8,0
PEC-84544, TORNO_CNC ,Aco_Inox,Sintetico,Turno_1,3082.0,319.0,1.6,27.6,73.3,118.6,58.5,25,-1.32,6901,CLP-D960C,0
PEC-84545,Centro_Usinagem,Aco_Inox,Semi_Sintetico,Turno_1,3066.7,221.2,3.56,27.9,51.4,108.8,51.4,49,2.54,4345,CLP-BB320,1
PEC-84546,Torno_CNC,Aluminio,Semi_Sintetico,Turno_3,3089.8,314.3,3.86,15.2,60.3,97.8,32.5,38,38.02,5004,CLP-3A55D,1
PEC-84547,Fresadora,Aluminio,Soluvel,Turno_2,3313.8,260.8,3.3,11.4,75.5,125.4,50.4,135,0.6,3915,CLP-A4C4B,1
PEC-84548,Fresadora,Aluminio,Seco,Turno_3,2804.3,255.4,2.26,13.8,41.3,130.5,46.7,15,-23.31,2296,CLP-6327C,0
PEC-84549,Fresadora,Aco_Carbono,Seco,Turno_3,4005.9,296.6,1.55,34.4,68.7,136.5,42.0,39,26.42,3125,CLP-1D764,1
PEC-84550,Celula_Robotica,Aluminio,Sintetico,Turno_3,3185.0,218.8,2.2,36.4,58.4,113.3,36.4,160,-10.07,2074,CLP-222EF,1
PEC-84551,Torno_CNC,Aco_Inox,Soluvel,Turno_2,3778.9,233.5,4.16,13.7,84.4,120.6,38.5,72,0.99,8227,CLP-3FDED,1
PEC-84552,Torno_CNC,Aco_Inox,Soluvel,Turno_1,2444.0,188.8,3.95,22.8,68.9,125.1,40.5,49,-20.52,7065,CLP-CEBDF,1
PEC-84553,Centro_Usinagem,Aluminio,Sintetico,Turno_1,2824.5,296.8,1.79,34.4,55.6,135.3,59.7,30,3.44,1459,CLP-37E30,1
PEC-84554, TORNO_CNC ,Aluminio,Soluvel,Turno_2,3508.8,266.8,1.81,55.0,82.4,93.7,50.1,93,13.51,7893,CLP-8EFE8,1
PEC-84555,torno_cnc,Aluminio,Semi_Sintetico,Turno_1,3098.0,304.9,3.62,,65.3,98.0,39.3,66,-15.6,1992,CLP-2B83F,1
PEC-84556,Fresadora,Aluminio,Soluvel,Turno_2,2717.1,260.2,2.21,16.1,66.6,140.8,40.7,174,15.93,6520,CLP-4F380,1
PEC-84557,Fresadora,Aluminio,Sintetico,Turno_2,2372.6,305.2,2.79,50.9,75.6,94.7,44.7,179,19.35,5460,CLP-D1CC9,1
PEC-84558,Celula_Robotica,Aco_Carbono,Soluvel,Turno_2,3529.9,212.6,2.19,,57.7,133.8,41.5,113,10.24,7556,CLP-7BBA6,1
PEC-84559,Celula_Robotica,Aluminio,Soluvel,Turno_1,3493.2,299.4,1.47,73.0,82.4,140.0,45.1,170,-7.67,7420,CLP-CBA46,1
PEC-84560,Fresadora,Aco_Carbono,Soluvel,Turno_1,3309.5,230.1,1.26,13.3,71.9,132.1,43.8,44,-1.86,4758,CLP-D4174,1
PEC-84561,Torno_CNC,Aco_Inox,Soluvel,Turno_2,2976.8,250.1,1.06,56.6,57.3,105.0,45.8,6,-10.36,2267,CLP-2972E,1
PEC-84562,Centro_Usinagem,Aluminio,Sintetico,Turno_1,2699.1,286.4,0.55,11.2,59.8,106.6,29.0,151,-11.52,1822,CLP-8F081,1
PEC-84563,Torno_CNC,Latao,Semi_Sintetico,Turno_2,3176.2,366.4,1.62,35.8,49.9,119.1,51.4,84,11.6,2520,CLP-52C23,1
PEC-84564,Torno_CNC,Aco_Inox,Sintetico,Turno_2,2608.1,291.0,1.19,16.7,68.7,146.3,40.5,48,12.64,6642,CLP-7B397,0
PEC-84565,Centro_Usinagem,Aco_Carbono,Sintetico,Turno_3,2861.8,295.7,1.53,8.7,62.9,146.2,52.3,57,-0.17,2821,CLP-1EC2B,1
PEC-84566,Torno_CNC,Aco_Carbono,Sintetico,Turno_3,3767.6,222.7,0.8,38.6,68.8,124.5,62.6,68,11.31,7150,CLP-AD381,1
PEC-84567,Torno_CNC,Aco_Inox,Soluvel,Turno_2,2367.1,257.8,1.87,29.7,44.6,96.1,33.4,91,0.33,3770,CLP-55ADB,0
PEC-84568,Torno_CNC,Aluminio,Soluvel,Turno_2,3504.9,245.2,2.58,28.3,58.7,122.4,45.8,60,-7.35,5615,CLP-B2C95,1
PEC-84569,Centro_Usinagem,Aco_Inox,Soluvel,Turno_1,3872.4,320.4,4.28,36.4,53.2,116.9,41.6,42,-19.89,9604,CLP-9C677,1
PEC-84570,torno_cnc,Latao,Sintetico,Turno_1,3567.3,242.7,1.89,21.3,70.9,120.3,48.2,45,-12.34,9657,CLP-5BDD6,1
PEC-84571,Fresadora,Aco_Carbono,Soluvel,Turno_2,3379.2,316.4,0.62,43.8,57.8,95.2,28.1,5,2.26,1043,CLP-6D054,0
PEC-84572,Torno_CNC,Aco_Inox,Soluvel,Turno_2,2991.4,184.9,1.95,9.9,70.6,123.7,42.1,17,-2.58,5016,CLP-AD274,0
PEC-84573,Fresadora,Aco_Inox,Sintetico,Turno_2,2909.4,319.9,3.77,48.9,58.6,97.5,38.5,149,-15.93,4116,CLP-71145,1
PEC-84574,Fresadora,Aluminio,Seco,Turno_1,2188.3,206.9,1.86,35.3,84.5,82.1,58.0,163,8.77,5196,CLP-2C45A,1
PEC-84575,Torno_CNC,Aco_Inox,Sintetico,Turno_3,3216.7,292.7,1.67,28.3,65.6,123.4,59.9,61,11.45,3614,CLP-D7E8A,1
PEC-84576, TORNO_CNC ,Aco_Inox,Semi_Sintetico,Turno_1,3019.0,206.8,4.18,9.8,76.0,148.8,42.7,119,-4.31,5828,CLP-4E710,1
PEC-84577,Torno_CNC,Aluminio,Sintetico,Turno_3,2885.9,280.9,1.69,16.4,63.6,107.5,35.8,52,16.12,5248,CLP-3EEC8,0
PEC-84578,Celula_Robotica,Aco_Inox,Soluvel,Turno_2,3191.0,201.9,4.38,17.2,76.1,112.9,38.3,148,-26.12,7205,CLP-2DD1F,1
PEC-84579,Fresadora,Aco_Inox,Sintetico,Turno_1,3228.1,301.8,3.83,14.3,55.7,133.4,45.3,96,10.54,7390,CLP-6097B,0
PEC-84580,Celula_Robotica,Aco_Carbono,Semi_Sintetico,Turno_1,2914.0,292.3,3.24,112.9,64.5,137.4,33.8,110,33.82,3349,CLP-59822,1
PEC-84581,Torno_CNC,Latao,Soluvel,Turno_1,3925.9,220.0,2.89,91.5,59.4,121.6,49.2,136,11.09,9685,CLP-53760,1
PEC-84582,Fresadora,Aco_Carbono,Soluvel,Turno_3,3528.8,278.9,1.4,32.6,87.4,109.4,43.4,26,-21.25,5547,CLP-66747,1
PEC-84583,Fresadora,Aco_Carbono,Soluvel,Turno_3,3603.3,297.4,3.42,13.1,50.7,139.9,47.9,1,1.13,2441,CLP-45E2A,1
PEC-84584,Fresadora,Aco_Inox,Soluvel,Turno_2,3153.5,203.8,1.89,89.7,89.8,101.5,48.2,25,17.71,8365,CLP-D7E13,1
PEC-84585,Celula_Robotica,Aco_Inox,Semi_Sintetico,Turno_2,3430.1,198.3,2.44,53.4,48.5,112.2,56.0,133,-21.99,5925,CLP-E2F73,1
PEC-84586, TORNO_CNC ,Aco_Inox,Soluvel,Turno_2,2796.9,196.4,0.92,6.4,73.8,128.8,50.1,154,-22.47,4084,CLP-C26E5,1
PEC-84587,Torno_CNC,Aco_Carbono,Soluvel,Turno_2,,189.3,1.68,28.6,57.5,96.5,47.3,36,32.2,1965,CLP-3D9DB,1
PEC-84588,Fresadora,Latao,Semi_Sintetico,Turno_2,3108.0,196.2,2.62,37.5,68.1,125.8,47.0,7,-1.13,7605,CLP-D9995,0
PEC-84589,Fresadora,Aco_Carbono,Sintetico,Turno_1,2740.1,296.2,2.37,7.4,62.9,137.1,29.2,91,-10.66,1671,CLP-E534A,0
PEC-84590,torno_cnc,Aco_Carbono,Sintetico,Turno_3,,277.9,1.87,6.8,55.0,145.1,46.4,8,-21.62,1699,CLP-4A406,1
PEC-84591,Torno_CNC,Aluminio,Semi_Sintetico,Turno_2,3068.6,165.2,2.39,26.8,66.0,114.1,49.9,150,5.11,7632,CLP-3FAC8,1
PEC-84592,torno_cnc,Aco_Inox,Soluvel,Turno_1,4245.4,224.5,3.48,5.1,60.0,113.4,44.0,8,0.13,9309,CLP-335C3,1
PEC-84593,Torno_CNC,Aluminio,Sintetico,Turno_3,3395.9,192.1,2.34,6.7,71.9,130.7,58.3,154,-5.1,3443,CLP-397D8,1
PEC-84594, TORNO_CNC ,Aco_Inox,Soluvel,Turno_2,3910.9,293.1,2.52,11.3,52.9,110.7,33.1,33,22.62,4243,CLP-81B7D,0
PEC-84595,Fresadora,Aco_Inox,Soluvel,Turno_1,3709.1,227.5,3.3,89.3,70.7,115.4,39.1,43,-14.39,5954,CLP-37B1D,1
PEC-84596,Fresadora,Aluminio,Soluvel,Turno_1,3217.0,172.8,3.87,55.9,75.4,124.8,39.9,148,1.77,8092,CLP-39A0A,1
PEC-84597,Torno_CNC,Aluminio,Soluvel,Turno_2,,258.5,2.61,26.0,63.7,125.6,45.1,72,-15.88,2751,CLP-1A9C9,1
PEC-84598, TORNO_CNC ,Aluminio,Seco,Turno_3,2416.9,280.3,4.29,27.8,49.1,91.4,39.8,119,3.26,2308,CLP-EBC20,1
PEC-84599,Torno_CNC,Aluminio,Seco,Turno_3,2808.1,202.3,1.91,45.5,85.8,102.5,35.1,115,4.1,2731,CLP-1F379,1
PEC-84600,Torno_CNC,Aco_Inox,Semi_Sintetico,Turno_2,3498.2,236.8,1.51,27.5,70.6,92.5,42.2,115,-1.56,4826,CLP-92569,1
PEC-84601,Fresadora,Aluminio,Soluvel,Turno_1,3064.0,204.9,3.27,7.3,56.3,95.0,53.1,2,-27.45,8918,CLP-E66F3,1
PEC-84602,Centro_Usinagem,Aluminio,Seco,Turno_1,3369.1,312.2,1.2,52.0,70.9,103.2,51.0,44,1.07,4091,CLP-86C70,1
PEC-84603, TORNO_CNC ,Aco_Inox,Sintetico,Turno_1,2286.4,228.4,4.1,7.1,44.9,116.7,39.4,153,27.94,5544,CLP-6456F,1
PEC-84604,Fresadora,Aco_Carbono,Soluvel,Turno_3,3404.1,213.9,2.05,28.3,79.1,118.1,42.0,41,-31.21,5859,CLP-D907F,1
PEC-84605,Centro_Usinagem,Aluminio,Sintetico,Turno_3,3693.4,247.4,3.29,74.2,90.5,87.7,38.8,51,-0.71,2943,CLP-30EA8,1
PEC-84606,Centro_Usinagem,Aluminio,Soluvel,Turno_1,2400.9,239.6,2.78,9.4,74.9,106.0,34.9,20,25.38,4959,CLP-AD99B,1
PEC-84607,Torno_CNC,Aco_Carbono,Soluvel,Turno_3,3367.2,284.4,0.72,47.9,53.0,97.2,48.4,82,-13.21,4083,CLP-758FE,1
PEC-84608,Celula_Robotica,Aco_Carbono,Semi_Sintetico,Turno_2,3804.6,310.8,3.34,6.7,41.1,117.0,34.8,153,-11.61,2312,CLP-2413A,1
PEC-84609, TORNO_CNC ,Aco_Carbono,Sintetico,Turno_1,,311.2,3.66,179.0,81.4,110.2,50.3,50,21.54,4792,CLP-A6135,1
PEC-84610,Torno_CNC,Aco_Inox,Soluvel,Turno_2,2973.4,230.9,4.43,45.1,63.2,138.9,59.5,8,-3.49,6441,CLP-8AE9F,1
PEC-84611,Torno_CNC,Aco_Inox,Sintetico,Turno_3,3551.0,265.3,2.16,126.6,60.3,117.9,48.0,167,7.55,9878,CLP-54D99,1
PEC-84612, TORNO_CNC ,Aco_Inox,Seco,Turno_1,3843.4,324.4,2.51,43.6,79.0,110.9,50.0,78,-1.36,1514,CLP-7D04E,1
PEC-84613,Torno_CNC,Aco_Inox,Sintetico,Turno_3,3380.6,326.3,4.0,,57.9,116.1,49.8,135,3.32,8876,CLP-A6474,1
PEC-84614,Torno_CNC,Latao,Soluvel,Turno_1,3778.3,206.2,1.58,96.3,74.1,110.3,41.1,8,33.99,3646,CLP-9A544,1
PEC-84615,Torno_CNC,Aluminio,Soluvel,Turno_1,3183.9,279.6,1.26,39.5,65.3,140.1,48.0,37,-33.49,4190,CLP-5D249,0
PEC-84616,Centro_Usinagem,Aco_Inox,Soluvel,Turno_1,3377.4,271.2,1.03,35.0,68.0,115.0,47.5,118,6.14,3184,CLP-45CB8,0
PEC-84617,Centro_Usinagem,Aco_Inox,Seco,Turno_3,2920.3,296.3,4.41,24.6,84.6,126.8,40.0,54,33.19,3101,CLP-867A2,1
PEC-84618,Torno_CNC,Aco_Inox,Soluvel,Turno_2,3125.9,312.2,1.58,16.7,59.1,131.8,24.9,64,1.86,3260,CLP-5C0A2,1
PEC-84619,Centro_Usinagem,Aluminio,Soluvel,Turno_3,3395.2,198.0,3.53,31.4,58.0,110.1,36.6,169,12.75,3253,CLP-C8D63,1
PEC-84620,Centro_Usinagem,Aco_Carbono,Soluvel,Turno_2,2886.5,215.5,2.3,21.0,62.6,92.9,37.5,84,11.53,4503,CLP-EC095,1
PEC-84621,Fresadora,Aco_Carbono,Semi_Sintetico,Turno_2,3099.4,295.4,1.46,72.4,50.6,112.8,49.0,46,2.74,9724,CLP-837CC,0
PEC-84622,Torno_CNC,Latao,Sintetico,Turno_3,3542.4,257.4,4.15,6.0,76.2,129.6,33.2,96,24.4,4533,CLP-E7589,1
PEC-84623,Fresadora,Aco_Inox,Sintetico,Turno_2,4123.7,138.6,2.36,31.4,74.6,94.6,60.0,26,-5.49,7311,CLP-E651A,1
PEC-84624,Celula_Robotica,Aco_Inox,Soluvel,Turno_3,2277.8,166.7,2.76,68.4,64.9,123.8,58.0,102,-14.77,9641,CLP-6E31B,1
PEC-84625,Fresadora,Aco_Inox,Soluvel,Turno_1,4089.5,283.1,1.39,6.0,53.9,132.6,53.4,79,-24.25,3326,CLP-216C4,1
PEC-84626,Torno_CNC,Aco_Inox,Seco,Turno_2,3083.1,292.0,1.8,16.6,32.1,140.9,40.9,160,-13.68,4427,CLP-2BCC1,0
PEC-84627,torno_cnc,Latao,Seco,Turno_2,3634.2,182.5,3.49,6.9,55.0,130.2,28.4,175,13.44,3723,CLP-86698,1
PEC-84628,Fresadora,Aluminio,Seco,Turno_3,3722.5,305.0,1.87,36.6,62.2,124.4,51.7,48,2.96,3378,CLP-2745B,1
PEC-84629,torno_cnc,Aco_Carbono,Seco,Turno_1,3904.0,240.1,2.52,18.3,42.2,122.8,39.0,10,17.42,8702,CLP-23669,1
PEC-84630,Torno_CNC,Aluminio,Semi_Sintetico,Turno_2,2872.4,198.9,0.96,117.4,94.9,101.9,51.3,27,14.94,7731,CLP-D570E,1
PEC-84631,Torno_CNC,Aco_Inox,Sintetico,Turno_2,3098.6,222.0,3.9,38.5,70.0,105.8,49.8,13,-17.34,5749,CLP-571FE,1
PEC-84632,Centro_Usinagem,Aco_Inox,Semi_Sintetico,Turno_1,3175.9,188.9,3.45,33.9,71.5,94.0,41.5,124,0.54,8253,CLP-87B78,1
PEC-84633,Centro_Usinagem,Aluminio,Sintetico,Turno_1,3039.2,219.2,3.54,92.2,63.2,121.1,35.2,10,12.95,6179,CLP-96721,1
PEC-84634,Torno_CNC,Aco_Carbono,Soluvel,Turno_1,3793.4,156.6,1.21,,73.9,126.6,46.5,57,16.62,5661,CLP-67BE8,1
PEC-84635,Celula_Robotica,Aco_Inox,Soluvel,Turno_3,3165.4,246.3,2.48,33.9,61.4,121.8,32.4,142,-6.28,7692,CLP-5959E,1
PEC-84636,Torno_CNC,Aco_Carbono,Seco,Turno_2,2471.7,279.4,0.61,32.4,63.1,124.3,47.2,20,4.5,8646,CLP-AFEFD,1
PEC-84637,Fresadora,Aco_Carbono,Soluvel,Turno_1,2915.1,182.6,1.76,8.0,81.9,131.4,48.8,152,22.15,7213,CLP-1987E,1
PEC-84638,Fresadora,Aluminio,Semi_Sintetico,Turno_3,2489.7,250.9,1.89,99.1,78.2,100.1,39.7,144,-6.74,6799,CLP-602BC,1
PEC-84639,Centro_Usinagem,Aco_Carbono,Soluvel,Turno_1,,209.8,4.15,,64.9,120.9,33.0,90,-0.62,1545,CLP-982AD,1
PEC-84640,Celula_Robotica,Aluminio,Soluvel,Turno_2,3502.6,283.4,4.47,81.7,89.3,123.7,58.0,174,-11.04,9276,CLP-66DBB,1
PEC-84641,Torno_CNC,Aluminio,Soluvel,Turno_3,2905.5,134.3,2.97,146.7,64.0,113.0,40.7,150,-11.0,8452,CLP-29F27,1
PEC-84642,Centro_Usinagem,Aco_Carbono,Soluvel,Turno_3,3018.6,285.6,2.57,27.9,58.9,88.1,43.3,39,-6.65,4745,CLP-265C6,0
PEC-84643,Torno_CNC,Latao,Soluvel,Turno_1,3076.4,159.1,2.26,62.0,66.5,104.6,53.7,45,-16.37,2241,CLP-87ACA,1
PEC-84644,Fresadora,Aco_Inox,Soluvel,Turno_2,3263.3,239.5,0.57,35.2,68.6,112.4,40.5,146,-6.99,5136,CLP-66EC4,1
PEC-84645,Fresadora,Aluminio,Semi_Sintetico,Turno_2,3432.2,214.6,3.7,137.2,50.7,122.2,38.9,137,-7.33,7085,CLP-2A4BA,1
PEC-84646,Fresadora,Aco_Inox,Soluvel,Turno_3,3563.3,232.0,3.19,14.9,70.8,120.5,61.1,18,-6.89,4813,CLP-3AF54,1
PEC-84647,Torno_CNC,Aco_Inox,Soluvel,Turno_2,4215.0,173.5,3.1,5.5,90.4,148.8,39.1,151,-5.53,2084,CLP-A25E8,1
PEC-84648,Centro_Usinagem,Aluminio,Soluvel,Turno_3,3255.6,333.0,3.74,12.2,76.4,134.2,54.7,140,-9.85,3647,CLP-E00EC,1
PEC-84649,Torno_CNC,Latao,Sintetico,Turno_1,3531.1,185.7,4.21,9.8,73.0,119.7,46.2,75,2.72,7219,CLP-2555E,1
PEC-84650,Torno_CNC,Aco_Inox,Sintetico,Turno_2,2485.6,189.6,2.06,25.1,70.8,121.8,46.1,1,20.65,6184,CLP-3C8C8,0
PEC-84651,Fresadora,Aco_Inox,Sintetico,Turno_2,3029.4,339.7,2.21,7.8,53.0,139.1,40.9,5,-17.23,3661,CLP-96F57,0
PEC-84652, TORNO_CNC ,Aco_Inox,Soluvel,Turno_2,,266.1,4.4,13.7,53.0,139.6,43.4,27,-16.08,9092,CLP-7C22F,1
PEC-84653,Centro_Usinagem,Aluminio,Soluvel,Turno_2,2742.2,187.3,3.16,8.5,67.0,125.0,59.3,56,-19.52,8245,CLP-AB769,1
PEC-84654, TORNO_CNC ,Aco_Inox,Sintetico,Turno_3,2958.8,243.6,3.91,28.3,59.9,146.0,51.8,61,10.81,4784,CLP-87738,1
PEC-84655,Torno_CNC,Aco_Inox,Semi_Sintetico,Turno_3,3151.6,238.2,1.39,15.9,47.6,106.5,34.1,19,10.15,4044,CLP-E62E2,0
PEC-84656,Centro_Usinagem,Aco_Carbono,Soluvel,Turno_1,2972.9,165.6,1.77,27.3,60.8,119.6,37.1,166,-12.52,9099,CLP-6BE6E,1
PEC-84657,torno_cnc,Aco_Inox,Soluvel,Turno_3,4370.8,212.1,2.07,8.3,70.4,167.5,48.1,132,18.02,9426,CLP-B0920,1
PEC-84658,Torno_CNC,Aluminio,Soluvel,Turno_1,,248.7,1.77,30.5,72.0,130.7,50.1,41,16.05,5922,CLP-2C790,1
PEC-84659,Fresadora,Aco_Carbono,Soluvel,Turno_2,4100.5,313.3,4.04,9.9,55.0,117.9,51.1,5,1.31,1165,CLP-C2FD7,1
PEC-84660,torno_cnc,Aco_Inox,Sintetico,Turno_3,3871.7,240.6,2.55,8.7,64.4,121.6,44.4,167,-24.56,3186,CLP-3F91F,1
PEC-84661,Fresadora,Aluminio,Sintetico,Turno_1,2912.3,244.3,4.31,18.0,70.0,122.7,38.2,169,-7.9,9788,CLP-5F7AE,0
PEC-84662, TORNO_CNC ,Aluminio,Soluvel,Turno_3,3216.9,209.2,1.79,77.6,49.8,145.0,38.5,147,0.98,6138,CLP-2F197,1
PEC-84663,Centro_Usinagem,Aluminio,Soluvel,Turno_3,3004.3,304.8,0.65,59.4,55.7,132.1,26.6,113,-6.51,1674,CLP-EC8EA,1
PEC-84664,Centro_Usinagem,Aluminio,Seco,Turno_2,3127.2,295.1,1.05,116.9,64.8,118.8,58.1,18,10.52,1005,CLP-91D18,1
PEC-84665,Fresadora,Aco_Inox,Semi_Sintetico,Turno_1,2760.6,289.5,1.37,26.6,54.1,94.9,24.0,169,-13.06,2621,CLP-D9760,1
PEC-84666,Torno_CNC,Aco_Carbono,Semi_Sintetico,Turno_2,3001.3,255.6,3.06,18.1,61.1,109.1,43.1,28,-2.46,5217,CLP-5B6F2,1
PEC-84667,Centro_Usinagem,Aco_Carbono,Soluvel,Turno_3,3361.8,170.1,1.22,128.8,94.9,120.9,30.8,145,-11.87,5822,CLP-89BA9,1
PEC-84668,Fresadora,Aco_Inox,Sintetico,Turno_1,3349.9,304.3,2.03,21.8,46.9,118.1,40.3,16,-18.5,4867,CLP-615E7,1
PEC-84669,Fresadora,Aco_Inox,Soluvel,Turno_2,3314.0,252.9,3.68,5.3,82.1,136.4,49.6,111,-13.91,8378,CLP-90618,1
PEC-84670, TORNO_CNC ,Aco_Inox,Soluvel,Turno_1,3173.1,234.6,1.0,65.0,69.1,116.5,26.7,58,3.88,9112,CLP-BB9A6,1
PEC-84671,Centro_Usinagem,Aco_Inox,Soluvel,Turno_1,3587.3,272.4,0.82,11.5,50.3,132.6,47.8,155,-17.88,8892,CLP-D0091,1
PEC-84672,Fresadora,Aluminio,Sintetico,Turno_3,3084.3,261.2,2.66,49.3,73.1,97.9,52.0,155,19.11,8704,CLP-BD1D9,1
PEC-84673,Torno_CNC,Aco_Inox,Soluvel,Turno_1,3826.2,196.5,3.29,5.5,65.5,112.1,41.7,129,9.76,8940,CLP-A8E2B,1
PEC-84674, TORNO_CNC ,Aco_Inox,Semi_Sintetico,Turno_3,2368.6,234.0,4.14,9.1,79.5,130.4,66.9,127,-9.7,6671,CLP-2BD86,1
PEC-84675,Centro_Usinagem,Aco_Carbono,Soluvel,Turno_2,3495.6,154.8,3.15,28.1,72.9,151.0,27.0,173,-4.63,8123,CLP-AB388,1
PEC-84676,Torno_CNC,Aco_Inox,Soluvel,Turno_2,3419.8,254.3,4.28,,67.4,117.9,31.3,119,9.97,5274,CLP-5EF5F,1
PEC-84677,Celula_Robotica,Aco_Carbono,Soluvel,Turno_1,2896.4,316.5,1.48,,61.3,132.4,42.6,155,-23.54,1854,CLP-76083,1
PEC-84678,Fresadora,Aco_Carbono,Soluvel,Turno_3,3040.1,160.2,1.87,53.5,79.0,140.0,42.7,35,-25.99,6890,CLP-38AF9,1
PEC-84679,Fresadora,Aco_Inox,Soluvel,Turno_1,3409.2,256.4,3.86,18.9,60.3,134.3,45.9,165,-9.12,9678,CLP-E5747,1
PEC-84680,Torno_CNC,Aco_Carbono,Soluvel,Turno_2,,283.4,3.74,36.9,48.2,131.2,52.4,48,-17.5,9907,CLP-48678,1
PEC-84681,Torno_CNC,Aco_Carbono,Soluvel,Turno_1,2412.7,290.8,3.16,49.0,42.2,114.7,35.0,178,-10.78,1589,CLP-8F40A,1
PEC-84682,Celula_Robotica,Aco_Inox,Soluvel,Turno_2,3482.7,212.7,2.52,54.3,50.2,142.8,34.1,126,-26.32,2478,CLP-71C84,1
PEC-84683,Torno_CNC,Aco_Inox,Sintetico,Turno_2,2994.1,194.9,0.57,22.6,74.6,100.2,39.4,34,-33.55,6976,CLP-C0C1F,0
PEC-84684,Fresadora,Aluminio,Soluvel,Turno_2,3706.4,220.6,1.62,85.2,60.6,101.0,53.2,155,4.54,2521,CLP-ED389,1
PEC-84685, TORNO_CNC ,Latao,Sintetico,Turno_1,2372.3,309.5,1.13,,55.7,148.0,51.5,120,10.71,4718,CLP-4EA52,0
PEC-84686,Torno_CNC,Aluminio,Sintetico,Turno_2,4300.4,164.5,0.7,12.6,59.8,125.4,44.4,149,-20.55,2172,CLP-4C45D,1
PEC-84687,Torno_CNC,Aco_Inox,Soluvel,Turno_3,2801.2,189.2,3.6,89.8,75.0,101.4,40.9,40,11.27,7871,CLP-A440B,1
PEC-84688,torno_cnc,Aluminio,Semi_Sintetico,Turno_2,3843.5,227.1,1.03,48.7,72.6,98.5,43.8,82,12.67,4339,CLP-A5203,1
PEC-84689,Celula_Robotica,Aluminio,Sintetico,Turno_1,3168.9,201.2,1.93,81.7,66.9,97.9,47.9,69,-5.41,3391,CLP-8DB13,1
PEC-84690, TORNO_CNC ,Aluminio,Soluvel,Turno_1,2831.6,247.9,4.41,24.4,57.8,150.5,45.8,169,-19.17,6286,CLP-B0F0A,1
PEC-84691, TORNO_CNC ,Aco_Carbono,Seco,Turno_1,3319.3,320.7,2.14,42.9,60.3,118.8,33.7,107,3.96,5778,CLP-C6294,1
PEC-84692,Torno_CNC,Aluminio,Semi_Sintetico,Turno_1,3663.1,189.8,1.07,14.4,63.4,112.2,33.2,173,-3.57,2920,CLP-D0622,1
PEC-84693,torno_cnc,Aco_Carbono,Seco,Turno_1,,242.7,3.26,53.7,54.3,144.4,42.9,7,1.86,1475,CLP-5117F,0
PEC-84694, TORNO_CNC ,Aco_Carbono,Sintetico,Turno_2,3515.7,249.6,3.74,35.5,63.7,123.8,50.8,18,1.68,3561,CLP-D81C2,1
PEC-84695,Centro_Usinagem,Aluminio,Soluvel,Turno_1,3194.5,233.3,1.62,28.0,53.6,115.1,36.5,32,14.37,1428,CLP-3F131,0
PEC-84696,torno_cnc,Aco_Inox,Soluvel,Turno_2,3459.7,171.1,3.74,46.3,69.4,135.9,48.3,65,-0.39,9924,CLP-87EBD,1
PEC-84697,torno_cnc,Aco_Carbono,Sintetico,Turno_3,3204.9,218.1,1.59,33.1,70.7,129.0,30.7,110,-14.97,2687,CLP-1AFD8,1
PEC-84698,Torno_CNC,Latao,Seco,Turno_3,2942.7,218.3,3.27,55.7,78.4,129.0,45.6,10,24.01,9342,CLP-DD0B2,1
PEC-84699,Celula_Robotica,Aco_Inox,Sintetico,Turno_3,2699.1,281.7,1.0,73.4,68.1,115.9,38.7,9,4.52,1163,CLP-ED36B,1
PEC-84700,Torno_CNC,Aluminio,Semi_Sintetico,Turno_1,3502.7,271.0,2.21,61.4,67.7,106.6,28.3,153,-23.52,5487,CLP-B47C1,1
PEC-84701,Torno_CNC,Aco_Inox,Soluvel,Turno_1,3500.3,172.4,2.58,17.9,55.0,104.8,40.6,55,24.26,3348,CLP-1FA23,1
PEC-84702,Fresadora,Aco_Carbono,Soluvel,Turno_3,3498.0,230.6,3.4,135.7,64.4,121.5,34.9,144,1.01,9497,CLP-3EEB7,1
PEC-84703,torno_cnc,Aco_Carbono,Seco,Turno_1,3392.4,225.0,3.1,41.7,52.7,120.1,42.8,92,-0.82,2712,CLP-422E6,1
PEC-84704, TORNO_CNC ,Aco_Inox,Semi_Sintetico,Turno_1,3625.1,347.7,3.91,18.7,44.5,127.2,48.3,148,-15.45,2170,CLP-2DE8F,1
PEC-84705, TORNO_CNC ,Aco_Carbono,Seco,Turno_2,3832.7,264.6,1.24,6.5,61.8,113.6,48.7,126,-10.1,8253,CLP-A30F0,1
PEC-84706,Fresadora,Aco_Inox,Semi_Sintetico,Turno_1,2355.6,196.1,3.14,160.1,59.0,139.2,29.2,55,4.94,9375,CLP-5B086,1
PEC-84707,Torno_CNC,Aco_Carbono,Soluvel,Turno_3,2146.2,211.2,1.01,37.0,72.3,100.1,49.6,91,-25.2,4257,CLP-2E011,1
PEC-84708,Centro_Usinagem,Aluminio,Sintetico,Turno_3,3973.1,231.1,2.41,14.0,53.5,126.3,48.3,26,5.26,7123,CLP-797B7,0
PEC-84709,Fresadora,Aco_Inox,Seco,Turno_3,2596.5,268.1,2.6,28.6,98.8,106.4,41.6,90,4.09,1961,CLP-368AF,1
PEC-84710, TORNO_CNC ,Aco_Inox,Sintetico,Turno_3,2711.2,274.2,0.61,22.7,59.2,116.4,34.9,22,-19.03,9413,CLP-763B8,0
PEC-84711, TORNO_CNC ,Aco_Inox,Soluvel,Turno_1,,260.0,0.78,110.8,64.2,106.2,41.7,102,1.7,3182,CLP-AEEF2,1
PEC-84712,Torno_CNC,Aluminio,Soluvel,Turno_2,2455.7,239.5,3.86,28.8,58.2,114.5,57.9,7,-1.13,6314,CLP-5BE39,1
PEC-84713,Fresadora,Aluminio,Sintetico,Turno_1,3028.3,243.2,1.65,28.2,74.3,103.9,49.8,100,-3.6,5679,CLP-6F7ED,1
PEC-84714,torno_cnc,Aco_Inox,Soluvel,Turno_2,2773.4,243.6,1.88,60.4,62.4,105.0,52.8,121,-0.72,9251,CLP-A698B,1
PEC-84715,Torno_CNC,Aco_Inox,Sintetico,Turno_1,3095.0,160.9,3.06,22.4,53.2,134.5,37.1,152,-4.81,4762,CLP-B7A76,1
PEC-84716,torno_cnc,Aco_Inox,Soluvel,Turno_2,3325.9,246.9,1.38,12.7,43.0,99.2,40.7,167,2.81,3059,CLP-22AFE,1
PEC-84717,Celula_Robotica,Aco_Carbono,Soluvel,Turno_3,3045.4,221.1,1.27,56.2,71.9,129.7,34.6,158,-3.19,5323,CLP-6C3B2,1
PEC-84718, TORNO_CNC ,Aco_Carbono,Semi_Sintetico,Turno_1,3022.7,167.4,2.19,89.3,72.8,132.8,39.7,165,22.99,9399,CLP-64A3D,1
PEC-84719,Celula_Robotica,Aco_Inox,Soluvel,Turno_1,3316.1,370.9,0.74,6.6,69.1,131.0,55.9,37,-19.43,8872,CLP-EC0D6,1
PEC-84720,Torno_CNC,Aluminio,Semi_Sintetico,Turno_1,3669.9,265.6,4.17,73.8,62.4,119.6,41.4,137,-38.15,8264,CLP-A868E,1
PEC-84721,Torno_CNC,Aco_Inox,Soluvel,Turno_2,3921.3,250.7,4.26,25.2,61.2,103.6,39.5,87,-24.61,9836,CLP-B0139,1
PEC-84722,Torno_CNC,Latao,Seco,Turno_1,3101.7,231.4,2.29,16.9,74.3,96.8,46.9,127,-26.83,3293,CLP-AEAE7,1
PEC-84723, TORNO_CNC ,Latao,Soluvel,Turno_3,4021.2,286.5,1.34,6.4,63.8,102.3,40.4,171,-3.18,1614,CLP-890F5,1
PEC-84724,Torno_CNC,Aluminio,Soluvel,Turno_2,3594.5,191.9,2.38,13.1,78.5,102.4,45.7,97,-12.24,5618,CLP-9543A,1
PEC-84725,Torno_CNC,Latao,Semi_Sintetico,Turno_2,2645.6,234.4,0.9,19.2,63.8,124.1,40.5,104,12.49,7230,CLP-ECF61,0
PEC-84726,Centro_Usinagem,Aco_Carbono,Semi_Sintetico,Turno_2,2632.5,202.4,2.09,7.6,63.4,98.8,46.5,99,0.32,2692,CLP-2E8EC,1
PEC-84727,Centro_Usinagem,Aco_Carbono,Soluvel,Turno_1,2940.2,286.1,0.79,12.3,69.5,116.9,42.0,77,-5.37,1068,CLP-5D11F,0
PEC-84728,Fresadora,Aluminio,Seco,Turno_1,3850.1,208.7,3.32,51.7,81.7,120.6,36.1,111,3.88,2790,CLP-D1DF8,1
PEC-84729,Torno_CNC,Aco_Inox,Sintetico,Turno_3,2974.4,305.1,1.6,45.6,79.1,115.5,53.4,49,-7.55,1862,CLP-8D100,1
PEC-84730,Torno_CNC,Aco_Inox,Seco,Turno_3,2348.4,245.0,2.58,56.4,64.4,115.9,59.5,154,11.46,3582,CLP-D5AC8,1
PEC-84731,Torno_CNC,Aco_Inox,Sintetico,Turno_1,3097.0,288.7,0.55,11.3,60.5,139.1,49.0,34,-25.26,3175,CLP-65B3A,0
PEC-84732,Fresadora,Aluminio,Soluvel,Turno_1,2308.7,270.0,2.6,,50.5,127.5,33.0,174,-12.8,5160,CLP-900FC,0
PEC-84733,Celula_Robotica,Aco_Inox,Soluvel,Turno_1,2725.3,303.0,0.51,27.1,73.3,130.5,43.2,38,-1.88,3158,CLP-3E5D8,1
PEC-84734, TORNO_CNC ,Aco_Inox,Soluvel,Turno_1,2935.8,203.2,4.2,,43.6,114.4,47.0,119,2.76,3811,CLP-E9413,1
PEC-84735,Torno_CNC,Aluminio,Sintetico,Turno_1,3267.4,295.3,2.5,57.5,85.5,131.8,31.5,114,6.03,4247,CLP-5E87A,1
PEC-84736,torno_cnc,Aco_Inox,Soluvel,Turno_2,3660.9,156.9,0.9,32.1,75.1,124.6,40.7,137,19.0,7654,CLP-602C6,1
PEC-84737,Torno_CNC,Aluminio,Soluvel,Turno_3,3512.4,252.2,1.86,98.7,56.0,123.2,33.8,62,2.79,7516,CLP-E572F,1
PEC-84738, TORNO_CNC ,Latao,Soluvel,Turno_1,2669.3,222.7,0.68,7.2,79.8,114.1,36.8,114,11.66,8892,CLP-D3B54,1
PEC-84739,Fresadora,Aco_Carbono,Soluvel,Turno_2,3032.7,179.8,2.62,20.8,71.6,123.6,47.7,58,35.65,1443,CLP-3FD8A,1
PEC-84740,Fresadora,Aluminio,Semi_Sintetico,Turno_1,3234.4,205.3,0.99,23.2,70.6,151.6,44.6,81,17.23,2096,CLP-3F27C,1
PEC-84741,Torno_CNC,Aluminio,Sintetico,Turno_2,3082.0,218.0,2.39,9.7,61.8,129.1,36.2,121,2.42,4997,CLP-308C2,0
PEC-84742,Torno_CNC,Aluminio,Semi_Sintetico,Turno_2,3078.8,240.2,1.72,35.6,71.6,145.6,44.5,22,-17.89,2000,CLP-C0A4D,1
PEC-84743,Celula_Robotica,Aco_Inox,Seco,Turno_3,2424.8,223.8,3.55,6.4,48.0,91.7,42.1,142,20.34,6939,CLP-4876F,0
PEC-84744,Torno_CNC,Aco_Carbono,Sintetico,Turno_1,2681.3,254.0,2.43,48.7,65.8,121.1,52.1,141,23.59,1874,CLP-D012E,1
PEC-84745,Torno_CNC,Aco_Inox,Seco,Turno_1,3018.7,208.5,3.89,6.3,56.8,132.3,28.4,42,12.9,7436,CLP-3B4BA,1
PEC-84746,Torno_CNC,Aco_Inox,Soluvel,Turno_2,,226.2,4.27,77.4,61.5,125.8,39.1,26,30.72,1067,CLP-D9A80,1
PEC-84747,Torno_CNC,Aco_Carbono,Soluvel,Turno_1,3488.3,235.5,4.38,7.4,56.7,127.7,57.1,90,0.67,3335,CLP-844F8,1
PEC-84748, TORNO_CNC ,Aco_Inox,Soluvel,Turno_1,2582.3,259.1,1.54,26.3,57.3,114.2,35.7,177,3.45,3805,CLP-B5EC0,1
PEC-84749,Centro_Usinagem,Aco_Inox,Soluvel,Turno_1,3509.1,292.4,3.57,10.9,80.5,138.2,36.4,33,15.51,5858,CLP-3E4EB,1
PEC-84750,Torno_CNC,Aco_Inox,Semi_Sintetico,Turno_2,3469.5,292.7,2.25,10.0,47.8,96.0,40.9,23,2.94,7852,CLP-37D6D,1
PEC-84751, TORNO_CNC ,Aco_Inox,Sintetico,Turno_1,2955.3,261.9,2.2,49.7,69.9,117.8,55.2,48,39.51,8576,CLP-80FA9,1
PEC-84752,Fresadora,Aco_Inox,Soluvel,Turno_3,3650.2,271.5,3.97,57.1,51.4,121.9,48.2,151,30.55,7357,CLP-E5249,1
PEC-84753,torno_cnc,Aco_Inox,Sintetico,Turno_2,3534.4,265.6,1.08,52.0,80.9,111.4,36.5,27,1.41,3587,CLP-72E44,1
PEC-84754,Centro_Usinagem,Aluminio,Sintetico,Turno_1,3061.0,234.3,2.41,23.1,70.1,120.4,44.3,14,-18.67,3636,CLP-EC4AB,1
PEC-84755,Centro_Usinagem,Aco_Carbono,Soluvel,Turno_2,3010.2,295.0,2.87,169.0,48.1,90.5,42.2,107,11.28,9274,CLP-B1E5C,1
PEC-84756,Torno_CNC,Aco_Inox,Sintetico,Turno_1,3693.8,204.3,0.76,19.5,69.0,100.6,48.6,3,8.31,9743,CLP-A2A8E,0
PEC-84757,Fresadora,Aco_Carbono,Seco,Turno_2,3304.4,147.6,3.96,14.8,56.6,139.1,44.7,156,10.89,8024,CLP-CF674,1
PEC-84758, TORNO_CNC ,Aco_Inox,Semi_Sintetico,Turno_2,3670.1,197.9,1.76,,67.7,123.7,46.6,91,2.69,4188,CLP-2E783,1
PEC-84759,Celula_Robotica,Aco_Inox,Sintetico,Turno_2,2125.0,320.2,3.13,137.5,49.1,114.3,42.4,127,4.99,2598,CLP-9B9E6,1
PEC-84760, TORNO_CNC ,Aco_Inox,Soluvel,Turno_3,3244.3,235.2,4.21,36.4,79.8,134.7,55.6,109,-9.42,8744,CLP-1DF6B,1
PEC-84761,Celula_Robotica,Aluminio,Soluvel,Turno_1,2490.2,263.7,3.38,13.2,41.0,140.8,44.7,169,13.5,8293,CLP-5BCB3,1
PEC-84762,Fresadora,Aluminio,Soluvel,Turno_3,3188.4,236.3,4.04,14.5,55.3,147.1,40.0,54,-41.36,1296,CLP-310C1,1
PEC-84763,Torno_CNC,Aluminio,Semi_Sintetico,Turno_3,3521.2,278.1,0.78,30.8,52.0,91.7,53.5,5,4.5,9148,CLP-F08FE,1
PEC-84764,torno_cnc,Aco_Carbono,Soluvel,Turno_1,3982.6,253.5,2.47,57.4,69.6,140.7,49.7,130,17.52,7418,CLP-7DC25,1
PEC-84765,Celula_Robotica,Aluminio,Soluvel,Turno_1,2777.8,246.6,2.76,7.8,59.1,102.6,37.7,39,-12.61,1760,CLP-DBF8C,1
PEC-84766,Centro_Usinagem,Aluminio,Seco,Turno_1,2963.4,280.7,3.26,,62.8,124.5,13.5,139,12.69,4795,CLP-548C9,1
PEC-84767,Torno_CNC,Latao,Semi_Sintetico,Turno_1,3157.0,226.7,0.97,8.8,57.3,129.2,49.3,43,-1.29,9809,CLP-C67A3,0
PEC-84768,Fresadora,Aco_Inox,Sintetico,Turno_2,2761.5,268.6,3.13,70.1,48.6,144.1,41.5,24,-18.83,8010,CLP-74E2F,0
PEC-84769,Torno_CNC,Aco_Inox,Soluvel,Turno_1,3640.4,241.3,1.08,31.6,62.3,127.0,45.3,145,-30.76,2270,CLP-96F87,1
PEC-84770,Torno_CNC,Aco_Carbono,Soluvel,Turno_3,3168.5,244.6,0.77,165.1,49.4,124.2,54.5,37,-24.81,5821,CLP-E247D,1
PEC-84771, TORNO_CNC ,Aluminio,Soluvel,Turno_1,3254.9,209.1,2.38,53.9,43.0,107.4,37.4,6,1.71,8209,CLP-B263B,1
PEC-84772,Torno_CNC,Aco_Inox,Sintetico,Turno_1,3479.1,239.2,2.9,29.1,72.5,94.7,36.0,16,27.76,6933,CLP-98962,0
PEC-84773,Centro_Usinagem,Aco_Inox,Soluvel,Turno_1,3167.7,222.9,4.33,10.3,50.1,107.0,33.8,160,-11.65,6114,CLP-EC84F,1
PEC-84774,Torno_CNC,Aluminio,Semi_Sintetico,Turno_1,2832.1,306.5,3.29,32.4,82.5,141.1,62.6,101,-23.02,1237,CLP-18D1F,1
PEC-84775,Centro_Usinagem,Aluminio,Seco,Turno_3,3171.6,165.8,2.87,9.3,82.0,120.5,54.5,103,17.28,1339,CLP-D8B5A,1
PEC-84776,Torno_CNC,Aco_Inox,Soluvel,Turno_2,2814.7,294.5,1.36,87.4,75.6,144.9,50.4,123,-15.85,5377,CLP-72F91,1
PEC-84777,Torno_CNC,Latao,Soluvel,Turno_1,3248.6,162.8,1.11,14.2,51.4,109.2,29.6,59,-21.59,3974,CLP-640E2,0
PEC-84778,Torno_CNC,Aco_Carbono,Sintetico,Turno_3,3648.6,276.9,2.93,75.2,90.5,131.8,33.6,64,-5.53,2091,CLP-D6FFA,1
PEC-84779,Torno_CNC,Aluminio,Seco,Turno_3,2671.3,208.1,1.39,17.7,36.8,122.5,50.6,37,24.71,2957,CLP-66C17,0
PEC-84780,Torno_CNC,Aluminio,Semi_Sintetico,Turno_3,2510.4,278.3,3.33,13.8,54.4,139.4,48.2,110,-8.42,2402,CLP-6EDD2,0
PEC-84781,Torno_CNC,Aco_Carbono,Soluvel,Turno_3,3222.2,243.9,0.96,17.7,75.0,116.7,42.8,157,-30.62,1314,CLP-43748,1
PEC-84782,torno_cnc,Aco_Inox,Soluvel,Turno_2,2854.5,178.4,1.86,48.0,74.1,118.1,34.2,179,27.48,3853,CLP-2E5FC,1
PEC-84783,Torno_CNC,Aco_Inox,Semi_Sintetico,Turno_2,3214.3,317.9,3.59,31.1,56.3,138.3,53.4,123,1.01,3653,CLP-AE38C,1
PEC-84784, TORNO_CNC ,Aluminio,Sintetico,Turno_1,,288.8,3.82,9.0,55.6,88.7,59.3,79,14.3,1072,CLP-496AC,1
PEC-84785, TORNO_CNC ,Aco_Carbono,Soluvel,Turno_1,2235.3,275.2,1.88,10.2,62.4,117.9,48.5,167,-11.32,5579,CLP-1E68E,1
PEC-84786,Centro_Usinagem,Aco_Inox,Sintetico,Turno_2,3510.4,218.0,1.33,21.6,64.0,95.1,39.0,168,-6.16,6400,CLP-41CD3,1
PEC-84787,Centro_Usinagem,Latao,Semi_Sintetico,Turno_3,2673.6,290.6,4.33,19.5,59.4,119.6,57.2,126,-6.5,6303,CLP-29FEA,1
PEC-84788, TORNO_CNC ,Aluminio,Soluvel,Turno_2,3189.9,185.8,3.54,71.8,84.9,113.7,46.3,64,-28.3,3515,CLP-5BF27,1
PEC-84789,Torno_CNC,Aco_Inox,Semi_Sintetico,Turno_3,2903.3,138.6,3.73,,56.8,129.0,58.0,107,6.1,5378,CLP-B3444,1
PEC-84790,Torno_CNC,Aco_Inox,Soluvel,Turno_1,2951.6,171.9,1.39,12.2,82.6,127.0,42.1,107,-3.86,3642,CLP-8A33C,1
PEC-84791,Celula_Robotica,Aco_Inox,Semi_Sintetico,Turno_2,3962.3,203.9,2.2,6.0,69.9,115.7,61.5,53,-4.38,4381,CLP-2C029,1
PEC-84792,Torno_CNC,Aco_Carbono,Sintetico,Turno_2,3343.7,212.3,0.77,8.8,77.2,105.6,41.4,111,4.01,5984,CLP-D1296,1
PEC-84793,Torno_CNC,Latao,Soluvel,Turno_2,3607.1,228.3,0.94,47.2,47.1,121.2,39.7,171,7.89,5443,CLP-97B96,1
PEC-84794,Torno_CNC,Aluminio,Sintetico,Turno_2,3267.9,230.5,1.38,70.7,77.3,139.6,51.6,51,5.68,3252,CLP-1B0CE,0
PEC-84795,Torno_CNC,Latao,Semi_Sintetico,Turno_1,3479.0,217.5,1.71,58.4,76.9,105.3,44.4,19,-6.42,4548,CLP-43346,1
PEC-84796,Torno_CNC,Aco_Carbono,Seco,Turno_1,3387.8,144.2,4.49,59.6,57.0,97.5,48.1,143,-15.25,6477,CLP-C45E6,1
PEC-84797,Fresadora,Aluminio,Soluvel,Turno_3,3314.5,259.6,2.19,15.6,75.2,92.4,36.9,163,13.89,2154,CLP-A4D67,1
PEC-84798,Torno_CNC,Aluminio,Sintetico,Turno_1,3698.2,236.8,3.29,163.1,47.2,97.0,37.0,78,-23.09,9932,CLP-CDD05,1
PEC-84799,Fresadora,Aluminio,Sintetico,Turno_2,3270.4,215.2,4.12,8.2,59.3,119.9,41.9,147,3.15,2380,CLP-2A7F9,1
PEC-84800,Torno_CNC,Aluminio,Sintetico,Turno_2,,319.9,1.48,65.2,79.0,98.9,47.9,110,2.44,5431,CLP-9B221,1
PEC-84801,Torno_CNC,Aco_Inox,Semi_Sintetico,Turno_1,3632.2,237.9,1.08,8.6,62.8,114.4,38.8,64,-16.95,9536,CLP-7FC83,1
PEC-84802,Centro_Usinagem,Aluminio,Soluvel,Turno_3,2687.2,252.9,1.47,15.9,61.8,126.9,53.6,76,-9.1,4665,CLP-6309F,1
PEC-84803,Torno_CNC,Aco_Inox,Soluvel,Turno_2,3120.6,289.8,4.03,28.9,81.9,88.1,44.1,106,11.74,6712,CLP-7B72A,1
PEC-84804,Centro_Usinagem,Aco_Carbono,Sintetico,Turno_3,3378.7,175.5,3.16,6.9,41.6,134.8,58.7,166,-14.1,1642,CLP-B2D11,0
PEC-84805,torno_cnc,Aco_Carbono,Soluvel,Turno_1,3220.0,248.9,2.31,22.5,62.9,141.4,36.6,128,5.34,2207,CLP-79C37,1
PEC-84806,Torno_CNC,Aco_Inox,Seco,Turno_2,3509.1,289.6,3.78,20.1,64.2,148.0,47.7,53,-16.55,9535,CLP-7E624,1
PEC-84807,Celula_Robotica,Aco_Inox,Sintetico,Turno_3,3558.7,245.4,1.45,41.5,55.4,142.1,48.7,100,-4.12,3556,CLP-20E9F,0
PEC-84808,Torno_CNC,Aluminio,Soluvel,Turno_3,2588.2,184.8,1.46,49.3,81.5,156.2,47.2,19,-8.24,9635,CLP-8BEB7,1
PEC-84809,Centro_Usinagem,Aluminio,Semi_Sintetico,Turno_3,3776.5,225.9,2.77,8.3,54.1,123.5,44.6,94,6.38,2880,CLP-334ED,1
PEC-84810,Torno_CNC,Aco_Inox,Soluvel,Turno_2,2976.4,259.4,3.66,6.4,54.2,132.1,51.8,136,-6.8,1151,CLP-69AF0,1
PEC-84811,Centro_Usinagem,Aluminio,Sintetico,Turno_1,2931.8,144.7,1.54,57.3,35.3,116.2,35.1,159,4.13,3331,CLP-348C6,1
PEC-84812,Torno_CNC,Aco_Inox,Soluvel,Turno_1,2930.4,182.4,1.34,31.3,78.3,129.9,47.3,97,-21.45,2847,CLP-C954B,1
PEC-84813,torno_cnc,Aco_Inox,Soluvel,Turno_3,3563.9,348.7,2.4,31.8,61.0,122.1,37.1,2,3.24,1491,CLP-3D9E0,1
PEC-84814,Fresadora,Aco_Inox,Soluvel,Turno_3,3079.8,274.2,1.04,143.2,61.1,95.1,40.4,9,-3.05,6962,CLP-7F297,1
PEC-84815,Celula_Robotica,Aco_Inox,Sintetico,Turno_2,,324.2,3.49,25.2,62.4,97.4,47.1,103,-17.19,7788,CLP-5F52B,1
PEC-84816,Centro_Usinagem,Aco_Carbono,Soluvel,Turno_1,3009.2,293.3,2.81,12.6,79.3,147.1,52.6,130,-13.14,2968,CLP-A4F85,1
PEC-84817,Centro_Usinagem,Latao,Soluvel,Turno_2,2392.4,269.7,2.55,,84.4,122.3,34.0,154,-1.81,5949,CLP-8D654,1
PEC-84818,Centro_Usinagem,Aluminio,Soluvel,Turno_1,2821.0,234.5,3.99,,44.2,141.3,58.2,98,-12.24,2044,CLP-8DF8B,1
PEC-84819,Torno_CNC,Aluminio,Soluvel,Turno_2,2642.2,269.1,3.43,29.4,59.4,111.5,53.0,141,-13.77,9481,CLP-6EEEF,1
PEC-84820,Torno_CNC,Aco_Inox,Seco,Turno_1,3078.9,322.5,1.1,46.2,51.4,106.6,45.3,155,22.67,3902,CLP-A94C3,1
PEC-84821,Torno_CNC,Aluminio,Soluvel,Turno_3,3498.9,291.3,2.18,30.2,62.3,118.7,36.5,124,0.56,9548,CLP-ACEA2,1
PEC-84822, TORNO_CNC ,Aco_Inox,Semi_Sintetico,Turno_1,3449.2,258.3,1.79,23.3,63.9,131.8,57.2,38,16.93,6354,CLP-89DC7,1
PEC-84823, TORNO_CNC ,Aluminio,Sintetico,Turno_2,3765.5,241.4,3.71,6.2,44.4,140.9,48.7,171,-10.0,5326,CLP-CE61A,1
PEC-84824,torno_cnc,Latao,Sintetico,Turno_1,3665.3,274.9,3.38,11.7,69.4,122.8,48.7,45,-2.97,4619,CLP-D92E4,1
PEC-84825,Torno_CNC,Aco_Inox,Soluvel,Turno_2,2962.1,223.4,2.39,27.9,59.6,129.8,39.6,42,-18.78,7981,CLP-A99BF,1
PEC-84826,Fresadora,Aco_Carbono,Seco,Turno_2,3208.6,274.9,3.79,22.7,74.4,117.8,46.6,45,20.89,4916,CLP-3F9B0,1
PEC-84827,Torno_CNC,Aco_Inox,Soluvel,Turno_3,3185.3,215.1,2.14,69.8,65.4,141.8,40.0,1,-12.34,8275,CLP-D05E7,1
PEC-84828,Torno_CNC,Aco_Inox,Sintetico,Turno_1,2232.0,232.3,3.71,9.0,44.4,142.1,54.7,35,7.69,8022,CLP-EFB62,1
PEC-84829,torno_cnc,Aco_Inox,Seco,Turno_1,2652.2,198.6,0.63,6.8,72.4,108.2,54.9,142,-0.61,3616,CLP-67780,0
PEC-84830,Fresadora,Aco_Inox,Semi_Sintetico,Turno_3,3124.7,228.0,1.04,8.2,48.9,125.7,43.8,7,26.24,5742,CLP-F2C32,0
PEC-84831,Fresadora,Aco_Inox,Sintetico,Turno_1,3122.2,215.8,3.52,44.7,50.2,105.1,40.3,71,12.48,2466,CLP-85056,1
PEC-84832,Fresadora,Aco_Inox,Seco,Turno_1,3430.5,334.6,0.96,36.6,61.2,132.2,51.3,7,-0.49,8658,CLP-92A89,0
PEC-84833,Torno_CNC,Aluminio,Sintetico,Turno_2,3408.6,205.3,3.24,40.0,61.6,114.1,50.2,5,-7.27,8069,CLP-78AD7,1
PEC-84834,torno_cnc,Aco_Inox,Soluvel,Turno_2,2403.2,269.2,3.39,11.0,44.0,108.0,35.7,179,18.35,3341,CLP-8AFCF,1
PEC-84835,Torno_CNC,Aluminio,Soluvel,Turno_1,3433.4,202.7,3.15,30.4,63.2,89.4,42.7,64,-29.12,5945,CLP-AFCC8,1
PEC-84836, TORNO_CNC ,Latao,Soluvel,Turno_1,3280.4,252.3,3.77,56.1,63.9,136.2,62.5,51,-6.85,7690,CLP-21E22,1
PEC-84837, TORNO_CNC ,Aluminio,Soluvel,Turno_3,3480.5,264.5,2.55,45.3,63.5,122.9,44.9,175,12.84,8954,CLP-896B7,1
PEC-84838,Torno_CNC,Aco_Inox,Semi_Sintetico,Turno_2,3680.1,157.4,4.09,25.2,44.7,123.8,46.9,40,-7.51,2419,CLP-BDB0A,1
PEC-84839,Torno_CNC,Aco_Inox,Sintetico,Turno_1,3135.7,180.1,2.78,8.8,66.7,132.5,49.4,72,-6.03,3546,CLP-60139,1
PEC-84840,Celula_Robotica,Aco_Carbono,Soluvel,Turno_1,3760.5,202.3,2.53,76.6,72.4,108.6,40.5,159,16.38,4242,CLP-E036A,1
PEC-84841,Celula_Robotica,Aluminio,Semi_Sintetico,Turno_2,2799.8,184.8,2.54,31.1,48.8,106.2,51.1,83,36.08,3635,CLP-2F3BA,1
PEC-84842, TORNO_CNC ,Aluminio,Soluvel,Turno_1,2774.4,254.2,4.15,82.1,52.1,128.2,48.0,58,-5.53,5521,CLP-4F3C4,1
PEC-84843,Torno_CNC,Aco_Inox,Seco,Turno_3,3392.9,262.1,1.47,25.2,74.4,137.4,54.0,25,-17.57,5684,CLP-5D1EA,1
PEC-84844,Torno_CNC,Aluminio,Seco,Turno_2,3034.1,196.8,3.28,14.5,84.0,128.0,31.5,161,-0.15,7224,CLP-B7F01,0
PEC-84845, TORNO_CNC ,Aco_Inox,Seco,Turno_2,3317.7,256.2,1.47,17.9,63.0,144.0,47.8,38,4.09,5563,CLP-93058,0
PEC-84846,Celula_Robotica,Latao,Semi_Sintetico,Turno_3,,228.8,0.87,24.0,59.6,128.5,46.7,31,-2.0,8106,CLP-5A59D,1
PEC-84847,Torno_CNC,Aco_Carbono,Soluvel,Turno_1,3377.1,245.0,4.31,38.3,67.4,127.6,33.7,7,-8.74,3026,CLP-33414,0
PEC-84848,Fresadora,Aco_Inox,Sintetico,Turno_1,3295.5,218.6,1.02,56.3,81.3,132.3,42.9,158,2.36,2160,CLP-5C5DB,1
PEC-84849,Torno_CNC,Aluminio,Soluvel,Turno_2,2808.9,274.4,3.24,14.7,54.8,116.5,48.2,18,-6.97,9191,CLP-8D565,1
PEC-84850,Celula_Robotica,Aco_Inox,Soluvel,Turno_2,2435.0,331.7,2.2,12.3,59.2,101.4,45.4,12,-16.96,3999,CLP-8DD90,0
PEC-84851, TORNO_CNC ,Aluminio,Sintetico,Turno_1,3167.4,288.7,3.85,12.9,58.9,120.3,44.8,57,-3.93,1199,CLP-99162,1
PEC-84852,Fresadora,Aco_Carbono,Soluvel,Turno_1,3680.1,319.7,3.59,100.4,48.0,130.7,44.9,56,4.33,5416,CLP-46243,1
PEC-84853,Torno_CNC,Aluminio,Seco,Turno_1,3054.7,179.9,1.08,11.3,75.2,107.1,41.3,132,16.75,4889,CLP-94C01,0
PEC-84854,Fresadora,Aco_Inox,Seco,Turno_1,3380.7,216.2,2.37,19.8,68.1,98.9,61.0,25,21.95,8894,CLP-35897,1
PEC-84855,Torno_CNC,Aco_Inox,Soluvel,Turno_2,3841.9,278.3,0.61,28.3,40.8,109.1,47.6,153,-1.11,2783,CLP-D0ED7,1
PEC-84856,Torno_CNC,Aco_Carbono,Sintetico,Turno_2,3830.7,325.4,2.22,33.4,64.9,140.0,47.5,1,-10.48,4470,CLP-4BE91,1
PEC-84857,Celula_Robotica,Aluminio,Soluvel,Turno_2,3393.0,282.5,3.3,73.3,84.9,127.4,34.4,79,1.78,7353,CLP-4A840,1
PEC-84858,Centro_Usinagem,Aluminio,Semi_Sintetico,Turno_1,3276.5,198.7,1.43,9.2,68.3,118.1,42.5,36,7.19,3272,CLP-CE8C0,0
PEC-84859,Centro_Usinagem,Aco_Inox,Sintetico,Turno_1,2516.6,228.3,3.74,9.0,84.2,105.5,40.8,78,-23.69,3612,CLP-726A4,1
PEC-84860,Fresadora,Aco_Inox,Soluvel,Turno_1,2916.4,266.7,0.71,18.3,58.3,124.1,44.8,39,-4.19,5160,CLP-CAEA4,0
PEC-84861,Centro_Usinagem,Latao,Soluvel,Turno_1,3073.7,241.8,0.64,23.7,76.6,122.8,42.4,10,-6.62,3807,CLP-B8F12,1
PEC-84862,Torno_CNC,Aluminio,Soluvel,Turno_1,2816.5,210.1,0.61,21.4,80.8,126.8,40.1,139,10.52,9620,CLP-A96A2,1
PEC-84863,Torno_CNC,Aluminio,Seco,Turno_1,3311.8,235.5,1.62,22.4,64.1,157.6,43.2,16,2.63,6228,CLP-7E28A,1
PEC-84864,Torno_CNC,Aluminio,Soluvel,Turno_2,4060.2,249.3,2.37,71.7,60.1,127.4,36.3,55,0.85,8071,CLP-53DCE,1
PEC-84865,Fresadora,Aco_Carbono,Soluvel,Turno_3,3883.0,195.8,0.93,68.4,78.2,109.6,49.8,2,26.24,6199,CLP-6D73B,1
PEC-84866, TORNO_CNC ,Aco_Inox,Semi_Sintetico,Turno_1,3309.7,299.2,4.49,62.3,71.5,99.2,51.4,4,-9.06,9122,CLP-77F24,1
PEC-84867,Torno_CNC,Aco_Inox,Semi_Sintetico,Turno_3,3550.7,228.0,4.5,54.3,76.4,111.6,49.0,37,-8.49,5924,CLP-5353D,1
PEC-84868,torno_cnc,Aluminio,Semi_Sintetico,Turno_3,2872.1,246.4,2.58,6.4,70.0,113.1,51.8,120,5.32,3756,CLP-F1DB0,1
PEC-84869,Centro_Usinagem,Aluminio,Sintetico,Turno_3,3858.8,301.8,2.77,10.7,64.0,132.4,51.3,148,-11.52,6715,CLP-BECD4,1
PEC-84870, TORNO_CNC ,Aco_Carbono,Sintetico,Turno_3,2497.1,243.8,4.21,51.1,63.9,110.7,34.7,146,1.2,6749,CLP-B80EF,1
PEC-84871,Torno_CNC,Aco_Carbono,Sintetico,Turno_2,3610.8,299.0,3.58,36.6,60.7,105.1,56.9,112,26.55,9742,CLP-DC55C,1
PEC-84872,Torno_CNC,Aco_Inox,Soluvel,Turno_2,3423.0,198.5,1.17,44.2,69.8,128.1,52.0,110,18.4,1293,CLP-9A6E7,1
PEC-84873,Torno_CNC,Aco_Inox,Sintetico,Turno_1,2859.9,271.6,3.67,49.2,62.9,110.7,29.7,166,-14.9,2120,CLP-4553F,1
PEC-84874,Torno_CNC,Latao,Soluvel,Turno_2,3106.0,292.0,1.42,89.8,68.0,128.6,38.9,52,-30.55,1659,CLP-BF0D6,1
PEC-84875,Fresadora,Aluminio,Soluvel,Turno_2,2689.6,208.5,2.22,,55.5,107.3,35.1,146,-31.35,1664,CLP-E6CAE,1
PEC-84876,Fresadora,Aluminio,Seco,Turno_2,2708.8,241.1,2.63,,54.8,112.9,48.5,122,3.91,3408,CLP-3DAEE,0
PEC-84877,Fresadora,Aluminio,Soluvel,Turno_2,2484.0,242.1,3.37,8.0,72.0,111.3,40.7,103,-12.0,7828,CLP-EFABD,1
PEC-84878, TORNO_CNC ,Aluminio,Seco,Turno_2,3545.4,260.5,1.1,24.8,69.7,126.2,45.2,30,-3.86,3066,CLP-E5D87,1
PEC-84879,Centro_Usinagem,Aco_Inox,Soluvel,Turno_2,3742.4,273.7,0.8,48.3,59.8,117.8,58.9,127,-7.14,8459,CLP-9B65F,1
PEC-84880,Torno_CNC,Aco_Carbono,Soluvel,Turno_1,2227.2,204.4,3.96,16.6,81.5,101.7,56.6,48,-1.1,9701,CLP-2D3C4,1
PEC-84881, TORNO_CNC ,Aco_Carbono,Sintetico,Turno_2,4027.2,247.0,3.81,9.5,55.1,100.4,37.3,90,-12.35,2814,CLP-44407,1
PEC-84882,Centro_Usinagem,Aluminio,Semi_Sintetico,Turno_3,3194.6,329.6,2.59,238.7,70.2,115.3,48.7,171,-10.38,2262,CLP-B3BC0,1
PEC-84883,Torno_CNC,Aluminio,Sintetico,Turno_3,3330.4,302.7,3.15,24.0,70.5,98.8,59.6,30,34.53,9307,CLP-B1538,1
PEC-84884,Torno_CNC,Aco_Inox,Semi_Sintetico,Turno_3,2537.4,289.7,3.38,13.5,65.6,113.8,37.7,156,-2.66,9469,CLP-56292,1
PEC-84885,Centro_Usinagem,Aco_Inox,Soluvel,Turno_1,3794.4,240.4,2.41,11.3,80.2,123.8,52.7,25,0.92,7910,CLP-B33A2,1
PEC-84886,Torno_CNC,Aco_Inox,Seco,Turno_3,3290.1,356.4,1.53,74.5,84.5,102.3,43.7,96,-3.09,8200,CLP-D36B1,1
PEC-84887,Fresadora,Aco_Inox,Soluvel,Turno_1,3712.5,301.5,2.43,64.9,51.2,132.7,37.5,60,9.09,7682,CLP-20255,1
PEC-84888,Torno_CNC,Latao,Semi_Sintetico,Turno_3,3749.4,251.9,4.3,38.3,37.7,140.8,57.1,76,20.13,4651,CLP-59A26,1
PEC-84889,Fresadora,Aco_Carbono,Soluvel,Turno_1,3800.7,261.0,3.85,32.7,59.1,136.3,41.6,111,-35.74,8451,CLP-2B178,1
PEC-84890,Torno_CNC,Aluminio,Semi_Sintetico,Turno_2,2908.3,227.1,2.36,110.9,53.2,130.0,43.8,124,-13.13,5583,CLP-6A6CD,1
PEC-84891,Torno_CNC,Aluminio,Sintetico,Turno_2,3106.4,269.7,1.4,14.1,59.8,126.3,42.2,70,5.06,5950,CLP-64A6E,1
PEC-84892,Fresadora,Aco_Inox,Soluvel,Turno_2,2924.7,279.7,4.06,23.8,86.8,123.6,53.4,40,18.55,8444,CLP-CD569,1
PEC-84893,Torno_CNC,Latao,Seco,Turno_2,3602.8,285.1,3.05,5.9,97.4,125.5,52.9,52,-25.66,1010,CLP-82E39,1
PEC-84894, TORNO_CNC ,Aco_Inox,Soluvel,Turno_2,3349.8,241.0,2.12,24.0,53.6,110.9,39.1,130,-9.8,9181,CLP-A0E34,1
PEC-84895,Torno_CNC,Aco_Inox,Soluvel,Turno_2,3681.1,176.3,0.95,22.0,67.7,119.6,45.9,99,0.61,1082,CLP-E30DB,1
PEC-84896,Torno_CNC,Aluminio,Semi_Sintetico,Turno_1,3700.7,262.1,3.51,109.5,67.4,122.2,48.0,173,-9.57,6675,CLP-4455C,1
PEC-84897,Torno_CNC,Aco_Carbono,Soluvel,Turno_2,2422.7,285.3,1.77,20.5,69.1,129.6,52.8,134,21.17,5312,CLP-6A6A9,0
PEC-84898,Torno_CNC,Aco_Carbono,Soluvel,Turno_1,3807.8,201.1,2.93,68.0,48.6,96.1,40.1,114,9.76,9989,CLP-3A44E,1
PEC-84899,Centro_Usinagem,Aco_Inox,Sintetico,Turno_2,3627.9,245.5,2.78,55.9,79.8,123.2,56.1,66,23.53,4046,CLP-622F3,1
PEC-84900,Torno_CNC,Aco_Carbono,Semi_Sintetico,Turno_1,3033.8,317.1,3.3,10.6,75.8,135.9,51.5,62,5.09,8742,CLP-8A301,1
PEC-84901, TORNO_CNC ,Aco_Inox,Soluvel,Turno_2,3357.4,189.8,2.65,120.1,59.2,111.0,37.4,52,43.66,6843,CLP-3B146,1
PEC-84902,Torno_CNC,Aco_Inox,Sintetico,Turno_2,3144.3,235.8,3.02,39.9,79.8,118.4,48.9,125,7.41,1789,CLP-47133,1
PEC-84903,Torno_CNC,Aco_Carbono,Sintetico,Turno_1,3477.2,324.4,0.83,36.8,47.7,92.0,48.9,167,-0.6,9728,CLP-CD391,1
PEC-84904,Celula_Robotica,Aco_Carbono,Semi_Sintetico,Turno_2,3032.9,257.9,3.16,5.4,44.7,121.0,39.3,108,23.31,2431,CLP-3BF6C,1
PEC-84905,Torno_CNC,Aluminio,Seco,Turno_2,,223.7,1.28,47.0,68.2,97.7,48.4,134,-2.11,4831,CLP-6F4F6,1
PEC-84906,Celula_Robotica,Aluminio,Semi_Sintetico,Turno_3,3230.3,249.6,2.07,7.0,70.2,111.7,45.0,84,-9.59,7240,CLP-C823B,1
PEC-84907,Torno_CNC,Aco_Carbono,Sintetico,Turno_3,3005.5,291.3,2.55,12.2,63.0,119.3,32.7,143,-11.39,4748,CLP-8A309,0
PEC-84908,Fresadora,Aco_Carbono,Soluvel,Turno_2,,239.8,3.25,8.6,78.3,110.9,19.4,162,-6.4,5780,CLP-D3976,1
PEC-84909,torno_cnc,Aco_Carbono,Soluvel,Turno_2,4417.9,279.9,3.47,21.6,57.1,117.5,61.4,102,-15.41,7925,CLP-A3507,1
PEC-84910,Centro_Usinagem,Aluminio,Sintetico,Turno_1,2891.5,261.7,3.32,60.6,79.5,125.6,44.0,60,-3.1,4972,CLP-4C8A3,1
PEC-84911,torno_cnc,Latao,Seco,Turno_1,3087.5,265.9,0.88,48.0,74.5,119.4,45.9,30,4.01,8575,CLP-8B781,1
PEC-84912,torno_cnc,Latao,Sintetico,Turno_1,2899.3,283.1,2.05,8.9,87.4,122.1,36.8,13,8.09,6478,CLP-A028F,1
PEC-84913,Torno_CNC,Aco_Inox,Soluvel,Turno_3,2946.6,235.3,1.62,61.1,43.7,92.0,40.2,28,-4.99,1554,CLP-A42C1,1
PEC-84914,Torno_CNC,Aco_Carbono,Soluvel,Turno_1,3567.1,202.8,2.09,,59.2,117.6,62.3,81,-27.58,4726,CLP-CAC1B,1
PEC-84915,Centro_Usinagem,Aluminio,Sintetico,Turno_2,3522.1,273.7,3.09,6.2,54.1,86.7,64.3,106,5.53,4399,CLP-A9272,0
PEC-84916,Torno_CNC,Aco_Inox,Sintetico,Turno_1,3197.4,243.4,1.27,13.9,74.3,114.1,30.2,123,1.05,2406,CLP-98839,0
PEC-84917, TORNO_CNC ,Aluminio,Sintetico,Turno_1,3661.8,227.6,2.51,58.8,83.9,147.6,45.5,152,-19.2,8940,CLP-3A02A,1
PEC-84918,Fresadora,Aco_Inox,Sintetico,Turno_1,3557.0,276.3,4.04,51.3,60.5,134.0,59.9,65,-8.82,5827,CLP-CF73D,1
PEC-84919,Torno_CNC,Aluminio,Soluvel,Turno_2,3126.9,313.9,3.42,12.3,72.2,98.6,46.6,135,7.49,5721,CLP-C1A31,1
PEC-84920,Celula_Robotica,Aco_Carbono,Seco,Turno_2,2509.8,242.3,3.4,6.4,82.3,111.9,50.5,138,10.7,7665,CLP-BC43D,1
PEC-84921,Fresadora,Aco_Inox,Sintetico,Turno_2,3573.4,250.4,3.89,17.2,68.9,117.4,43.6,56,-27.51,2520,CLP-82B59,1
PEC-84922,torno_cnc,Aluminio,Soluvel,Turno_2,3276.3,190.9,2.1,60.5,73.4,127.6,49.1,80,18.64,7089,CLP-96BEA,1
PEC-84923,Centro_Usinagem,Latao,Soluvel,Turno_3,3210.0,238.9,3.54,102.5,41.2,132.8,56.6,19,12.58,2457,CLP-E3CE1,1
PEC-84924,Torno_CNC,Aluminio,Seco,Turno_3,2990.3,261.1,0.73,34.8,83.8,144.4,49.2,154,4.85,2217,CLP-F12B2,1
PEC-84925,Torno_CNC,Aco_Inox,Semi_Sintetico,Turno_3,3535.1,249.0,0.73,8.3,61.4,105.7,35.3,176,-10.67,3407,CLP-E36B4,0
PEC-84926, TORNO_CNC ,Aluminio,Soluvel,Turno_2,3356.8,231.9,1.83,29.4,97.0,123.3,40.0,57,18.67,3249,CLP-3099B,1
PEC-84927,Torno_CNC,Aluminio,Soluvel,Turno_1,3093.4,286.3,1.29,240.1,54.8,93.6,51.2,108,-14.41,7907,CLP-EEE1A,1
PEC-84928,Fresadora,Aluminio,Soluvel,Turno_3,2648.5,252.9,2.57,102.7,70.7,126.1,44.5,47,3.41,7815,CLP-84541,1
PEC-84929,Centro_Usinagem,Aco_Carbono,Soluvel,Turno_1,3680.6,379.4,1.23,179.7,74.9,127.4,40.6,104,-15.25,7969,CLP-A998B,1
PEC-84930, TORNO_CNC ,Aluminio,Sintetico,Turno_1,3472.2,260.4,4.4,47.1,35.0,120.3,36.3,166,-14.69,4227,CLP-861EE,1
PEC-84931,Torno_CNC,Aco_Carbono,Sintetico,Turno_2,3314.9,112.7,3.9,24.4,86.3,129.8,37.0,124,-28.61,8699,CLP-1BF1B,1
PEC-84932,Celula_Robotica,Aluminio,Sintetico,Turno_2,2004.5,194.4,4.43,83.3,73.9,107.1,39.3,117,4.89,2718,CLP-DE8C6,1
PEC-84933, TORNO_CNC ,Aco_Inox,Sintetico,Turno_1,,276.6,3.73,83.9,47.1,100.2,48.7,34,-10.08,4716,CLP-8F944,1
PEC-84934, TORNO_CNC ,Aluminio,Soluvel,Turno_2,3091.5,217.8,4.3,10.5,69.4,105.7,40.9,57,-8.88,9585,CLP-A3CF3,1
PEC-84935, TORNO_CNC ,Aco_Carbono,Soluvel,Turno_2,2921.7,220.9,1.97,,69.4,125.6,46.4,117,5.96,6384,CLP-54123,1
PEC-84936,Centro_Usinagem,Aluminio,Soluvel,Turno_2,3539.4,188.0,2.49,93.1,63.4,139.7,46.3,87,22.34,3944,CLP-C23B0,1
PEC-84937,torno_cnc,Aco_Inox,Soluvel,Turno_2,,226.2,1.46,85.1,57.8,107.1,51.2,109,0.28,4104,CLP-AD9B8,1
PEC-84938,Fresadora,Aco_Inox,Soluvel,Turno_2,3396.6,259.7,3.04,47.9,64.2,109.7,38.4,136,-2.93,8931,CLP-559A7,1
PEC-84939,Centro_Usinagem,Aco_Inox,Sintetico,Turno_1,3667.1,269.3,3.65,32.0,75.3,121.7,57.9,73,-1.98,7374,CLP-E8A15,1
PEC-84940,Torno_CNC,Aco_Inox,Semi_Sintetico,Turno_1,,199.0,2.49,57.5,74.9,171.7,30.9,154,2.48,9713,CLP-95E08,1
PEC-84941, TORNO_CNC ,Aluminio,Semi_Sintetico,Turno_1,2995.9,290.3,1.69,30.4,65.1,113.3,42.4,73,3.88,9483,CLP-449BA,1
PEC-84942,Centro_Usinagem,Aco_Inox,Semi_Sintetico,Turno_2,3233.7,190.4,2.53,18.6,67.7,134.5,41.6,137,16.16,9910,CLP-6BDD7,1
PEC-84943, TORNO_CNC ,Aco_Carbono,Sintetico,Turno_2,2920.1,271.9,0.75,15.5,63.5,117.3,38.7,133,-13.58,2054,CLP-B973E,1
PEC-84944,Fresadora,Aco_Inox,Sintetico,Turno_2,3527.2,266.9,3.38,32.2,53.3,111.9,27.4,57,-21.93,9473,CLP-278E7,1
PEC-84945,Celula_Robotica,Aco_Inox,Soluvel,Turno_2,2965.0,203.3,2.31,26.3,64.3,100.1,54.7,126,-10.36,2683,CLP-707B8,1
PEC-84946,Fresadora,Aluminio,Seco,Turno_2,3784.3,197.3,4.09,31.0,56.2,115.4,51.6,146,-6.13,7283,CLP-731DB,1
PEC-84947,Fresadora,Aco_Inox,Soluvel,Turno_1,2781.0,269.1,4.19,15.6,53.1,132.7,49.0,122,-20.36,4686,CLP-AB0C9,1
PEC-84948,Centro_Usinagem,Aco_Carbono,Soluvel,Turno_1,4159.4,222.0,1.0,36.3,36.0,107.0,39.2,96,17.09,3405,CLP-9D1CB,1
PEC-84949,Centro_Usinagem,Aco_Inox,Soluvel,Turno_3,4113.2,240.5,4.48,43.0,60.1,121.4,41.0,117,8.84,8342,CLP-8ED8A,1
PEC-84950, TORNO_CNC ,Aluminio,Seco,Turno_2,3157.4,284.4,4.38,62.5,74.4,107.2,42.3,45,-10.34,5475,CLP-AF2A0,1
PEC-84951,Torno_CNC,Aco_Carbono,Seco,Turno_2,3715.8,274.0,3.01,36.2,9999.0,113.7,43.1,23,-7.38,5658,CLP-4DD03,1
PEC-84952, TORNO_CNC ,Aluminio,Semi_Sintetico,Turno_2,3019.8,204.2,3.8,,70.4,97.3,51.4,102,-23.61,6775,CLP-F1F7D,1
PEC-84953,Fresadora,Aco_Inox,Sintetico,Turno_3,3656.0,247.3,0.57,11.5,49.5,154.8,41.0,15,-28.4,7161,CLP-6460F,0
PEC-84954, TORNO_CNC ,Aluminio,Sintetico,Turno_2,3120.8,203.3,4.38,9.5,63.1,124.6,38.1,124,-10.82,7135,CLP-551D5,1
PEC-84955,Fresadora,Aco_Carbono,Seco,Turno_1,2621.6,293.5,2.33,11.9,51.1,115.1,46.2,145,-11.04,1436,CLP-2B40F,1
PEC-84956, TORNO_CNC ,Latao,Sintetico,Turno_3,1610.2,326.8,4.14,70.5,87.9,139.4,45.3,98,-18.53,5319,CLP-C178D,1
PEC-84957,Fresadora,Aco_Carbono,Seco,Turno_1,3079.1,207.7,2.04,33.4,60.4,118.6,49.0,151,17.16,2678,CLP-26E56,1
PEC-84958,Torno_CNC,Aco_Inox,Soluvel,Turno_1,3325.6,248.4,3.65,26.3,59.1,126.9,56.1,100,-4.47,4904,CLP-395AD,1
PEC-84959,Fresadora,Latao,Soluvel,Turno_1,3798.6,295.9,2.17,55.3,76.1,143.4,41.7,120,-10.93,9589,CLP-E78C9,1
PEC-84960,torno_cnc,Aco_Inox,Semi_Sintetico,Turno_2,3216.5,251.2,1.95,,64.5,142.1,52.5,61,-8.78,3897,CLP-8FBCF,1
PEC-84961,Torno_CNC,Aco_Inox,Soluvel,Turno_2,3651.3,278.1,4.29,5.2,77.9,102.8,46.1,82,0.0,6305,CLP-DD78D,1
PEC-84962,Torno_CNC,Aco_Carbono,Seco,Turno_2,2995.7,252.6,3.3,18.0,51.5,120.2,53.2,110,-20.47,9988,CLP-580E3,1
PEC-84963,Fresadora,Aco_Inox,Sintetico,Turno_3,3048.2,197.2,3.86,15.0,66.1,139.2,54.9,105,7.35,4416,CLP-EF639,1
PEC-84964, TORNO_CNC ,Aco_Inox,Seco,Turno_1,3674.3,255.9,2.67,17.9,71.1,103.8,38.9,58,-7.63,1706,CLP-A5CAD,1
PEC-84965,Torno_CNC,Aco_Inox,Soluvel,Turno_2,2090.9,306.4,4.17,,33.6,116.1,60.8,154,5.54,7720,CLP-D265F,1
PEC-84966,Celula_Robotica,Aluminio,Sintetico,Turno_2,3205.8,265.7,3.46,34.4,56.8,115.6,46.4,177,-8.81,4165,CLP-94359,1
PEC-84967,Fresadora,Aco_Carbono,Soluvel,Turno_3,3020.0,331.2,0.79,36.1,57.6,127.5,35.8,48,9.35,2655,CLP-3FA47,1
PEC-84968,Celula_Robotica,Aluminio,Sintetico,Turno_1,3812.3,161.4,3.57,42.3,65.7,132.0,35.9,80,15.06,8633,CLP-E71CC,1
PEC-84969, TORNO_CNC ,Aco_Inox,Sintetico,Turno_3,2962.3,269.0,0.57,22.7,61.3,137.3,56.8,12,4.12,9302,CLP-651C3,0
PEC-84970, TORNO_CNC ,Aluminio,Seco,Turno_1,3432.5,217.6,3.82,140.2,68.6,121.2,55.5,160,-16.27,3282,CLP-D744E,1
PEC-84971,Centro_Usinagem,Latao,Sintetico,Turno_3,3614.7,206.2,1.83,131.8,62.2,104.4,53.8,59,-38.35,7762,CLP-7F359,1
PEC-84972,torno_cnc,Aco_Carbono,Soluvel,Turno_2,2528.3,316.7,2.89,56.3,78.8,114.7,40.7,150,-37.78,2919,CLP-61A73,1
PEC-84973,Fresadora,Aco_Inox,Seco,Turno_3,3137.3,237.2,3.5,13.3,90.3,104.1,42.0,52,4.65,8004,CLP-C5C19,1
PEC-84974,Torno_CNC,Latao,Soluvel,Turno_1,3005.8,232.4,3.05,79.3,47.0,109.8,32.4,150,-28.25,3921,CLP-DBEE5,1
PEC-84975, TORNO_CNC ,Aco_Carbono,Soluvel,Turno_1,,267.2,3.19,8.7,65.3,130.6,42.7,88,-0.57,6232,CLP-9AFB4,1
PEC-84976,Torno_CNC,Aco_Inox,Soluvel,Turno_1,3503.8,142.4,4.07,39.8,78.0,98.5,46.4,40,-1.38,8176,CLP-6B62A,1
PEC-84977,Torno_CNC,Aco_Inox,Semi_Sintetico,Turno_2,3095.1,317.7,2.0,26.4,56.6,111.7,57.0,62,-2.37,2668,CLP-1C8FA,1
PEC-84978,Torno_CNC,Aco_Inox,Soluvel,Turno_2,,345.2,2.69,6.4,68.4,133.4,42.8,56,-12.21,7683,CLP-71A7D,1
PEC-84979,Torno_CNC,Aco_Carbono,Soluvel,Turno_3,3667.2,295.8,1.2,87.0,60.4,130.3,42.3,20,-15.25,6718,CLP-AE056,1
PEC-84980,Celula_Robotica,Aco_Inox,Seco,Turno_2,3169.6,270.6,2.37,118.6,53.0,108.0,47.3,44,12.09,8883,CLP-1982D,1
PEC-84981,Torno_CNC,Aluminio,Semi_Sintetico,Turno_1,2471.7,239.2,1.1,88.3,52.8,106.5,51.8,13,-3.75,7009,CLP-4C04E,1
PEC-84982,Fresadora,Aco_Inox,Soluvel,Turno_1,2510.4,196.2,3.03,,35.3,143.6,57.4,102,14.0,5027,CLP-DB3CB,1
PEC-84983,Centro_Usinagem,Latao,Semi_Sintetico,Turno_1,3396.9,309.7,1.8,,67.0,125.6,39.4,82,2.33,7346,CLP-D3648,1
PEC-84984,torno_cnc,Aco_Inox,Seco,Turno_3,2625.9,295.8,3.94,,67.8,107.8,43.6,30,-2.8,3825,CLP-1C2DF,1
PEC-84985,Torno_CNC,Latao,Soluvel,Turno_3,4036.8,272.5,1.87,8.9,53.6,119.4,46.1,108,-7.31,3790,CLP-1AA13,1
PEC-84986,Fresadora,Latao,Semi_Sintetico,Turno_3,2778.3,266.7,1.65,35.6,61.6,136.3,42.9,143,-8.99,6218,CLP-6139F,1
PEC-84987,Fresadora,Aco_Inox,Sintetico,Turno_2,3199.8,265.0,2.47,28.3,47.7,106.6,40.0,5,-2.32,4853,CLP-289EB,0
PEC-84988,Fresadora,Aluminio,Sintetico,Turno_1,,223.7,1.2,10.8,71.4,106.3,42.9,80,-3.16,8122,CLP-1E751,1
PEC-84989,Fresadora,Aco_Inox,Soluvel,Turno_1,2871.8,375.1,1.32,81.2,60.2,123.3,35.3,107,6.3,3138,CLP-CDC55,1
PEC-84990,Celula_Robotica,Latao,Sintetico,Turno_2,2192.1,235.7,3.63,10.0,74.2,99.7,40.2,134,-2.59,7548,CLP-56103,1
PEC-84991,torno_cnc,Aluminio,Soluvel,Turno_3,3285.9,228.7,2.49,36.4,61.1,109.9,35.1,16,22.45,7454,CLP-58450,1
PEC-84992,Torno_CNC,Aco_Inox,Semi_Sintetico,Turno_1,2861.0,306.0,1.33,18.4,53.1,113.5,45.1,54,17.61,9915,CLP-1B20A,1
PEC-84993,Fresadora,Aco_Inox,Soluvel,Turno_1,3252.4,248.5,0.63,23.9,58.6,80.1,41.9,108,-2.57,7141,CLP-3C4DF,1
PEC-84994,Torno_CNC,Aco_Inox,Soluvel,Turno_2,3145.0,249.1,2.37,13.3,83.1,121.2,40.6,140,-4.41,4957,CLP-9D16A,1
PEC-84995,Centro_Usinagem,Latao,Soluvel,Turno_2,3318.5,320.7,3.47,39.3,90.2,129.2,45.1,38,-1.59,9255,CLP-85383,1
PEC-84996,Torno_CNC,Aluminio,Semi_Sintetico,Turno_1,3902.8,283.9,1.9,161.8,46.9,149.3,25.2,20,-24.04,1123,CLP-81BEE,1
PEC-84997,Torno_CNC,Aco_Carbono,Soluvel,Turno_3,2954.2,286.5,1.49,67.8,75.9,129.0,42.5,115,1.54,3488,CLP-88377,1
PEC-84998,Centro_Usinagem,Aco_Inox,Soluvel,Turno_1,2989.0,179.1,2.09,45.2,51.7,104.6,46.6,72,-18.81,2420,CLP-A70D6,1
PEC-84999,torno_cnc,Aco_Inox,Soluvel,Turno_3,2450.4,270.0,4.34,54.4,55.9,113.2,52.8,8,-20.66,8779,CLP-407C0,1
PEC-85000, TORNO_CNC ,Latao,Semi_Sintetico,Turno_1,3112.2,199.7,2.19,69.0,67.5,147.9,49.9,71,1.84,2633,CLP-7D87B,1
PEC-85001, TORNO_CNC ,Aco_Inox,Soluvel,Turno_1,3384.4,227.3,1.54,27.4,70.9,126.8,55.2,127,10.51,8180,CLP-51547,1
PEC-85002,Centro_Usinagem,Latao,Semi_Sintetico,Turno_1,2982.4,258.8,2.78,34.3,56.3,135.7,33.5,44,-3.67,4255,CLP-897A3,1
PEC-85003,Torno_CNC,Aco_Inox,Soluvel,Turno_1,3387.4,248.2,3.74,84.0,72.3,111.4,53.4,51,38.54,6480,CLP-DA26F,1
PEC-85004,Centro_Usinagem,Aco_Inox,Soluvel,Turno_2,3120.1,282.7,0.59,46.7,79.2,116.8,47.4,153,4.83,6913,CLP-BFF2B,1
PEC-85005,Torno_CNC,Aluminio,Sintetico,Turno_2,2614.0,288.5,2.73,10.1,73.7,119.0,40.7,115,2.68,6928,CLP-867CD,1
PEC-85006,Fresadora,Latao,Seco,Turno_2,3340.4,292.3,3.85,57.9,53.4,133.8,45.9,113,-2.23,4214,CLP-675F4,1
PEC-85007,Centro_Usinagem,Latao,Soluvel,Turno_2,3107.4,182.8,1.36,5.8,59.7,113.6,70.0,65,-6.27,1466,CLP-C8239,0
PEC-85008,Torno_CNC,Aco_Inox,Soluvel,Turno_1,3255.2,368.1,4.19,70.8,75.5,129.0,46.2,89,-0.89,6220,CLP-A5E68,1
PEC-85009, TORNO_CNC ,Aco_Inox,Soluvel,Turno_1,2944.9,248.8,2.81,59.3,83.6,120.0,45.6,99,18.0,7533,CLP-88611,1
PEC-85010,Torno_CNC,Aluminio,Sintetico,Turno_3,2905.1,310.6,2.57,67.2,49.7,101.8,51.9,92,-6.53,1256,CLP-92915,1
PEC-85011,Fresadora,Aluminio,Soluvel,Turno_3,3270.8,124.3,4.35,5.8,68.6,120.0,43.2,64,-10.82,2170,CLP-D3B74,1
PEC-85012,torno_cnc,Aco_Carbono,Semi_Sintetico,Turno_1,3096.2,236.7,1.02,130.7,73.8,136.6,38.7,23,-30.85,8509,CLP-C84C9,1
PEC-85013,Fresadora,Aco_Inox,Soluvel,Turno_2,,177.0,3.46,38.3,48.2,120.1,56.2,29,12.75,3931,CLP-4A6E4,1
PEC-85014,Torno_CNC,Latao,Soluvel,Turno_2,3559.4,206.9,3.77,61.3,77.2,115.1,33.5,97,20.53,3503,CLP-2E293,1
PEC-85015,Torno_CNC,Aluminio,Soluvel,Turno_1,3445.3,252.5,2.45,34.3,90.4,141.4,45.3,90,25.32,2935,CLP-97C5C,1
PEC-85016,Torno_CNC,Aco_Carbono,Sintetico,Turno_2,3120.1,233.3,0.53,19.5,73.0,125.8,44.5,119,-1.32,7222,CLP-4BF2A,1
PEC-85017,Torno_CNC,Aluminio,Sintetico,Turno_2,2288.3,315.7,2.6,17.3,71.8,99.3,38.3,46,-6.06,7181,CLP-9479B,1
PEC-85018,torno_cnc,Aluminio,Soluvel,Turno_1,2836.6,338.4,1.11,7.5,56.0,115.7,34.5,118,14.59,5545,CLP-3CD6F,0
PEC-85019,Centro_Usinagem,Latao,Seco,Turno_1,2908.7,201.7,2.75,32.4,59.1,124.0,44.0,132,-1.91,1385,CLP-8862B,1
PEC-85020,Fresadora,Aluminio,Soluvel,Turno_3,3076.3,225.6,3.45,10.4,57.2,123.5,47.9,97,-14.56,3320,CLP-C7F04,1
PEC-85021, TORNO_CNC ,Aco_Carbono,Sintetico,Turno_1,3185.0,198.4,2.62,34.3,54.4,127.7,53.4,74,11.52,4031,CLP-40F81,1
PEC-85022,Celula_Robotica,Latao,Sintetico,Turno_1,3495.2,307.8,3.02,39.3,62.1,117.6,38.8,167,-25.2,5915,CLP-6EF1D,1
PEC-85023,Fresadora,Aluminio,Soluvel,Turno_2,3322.9,258.0,0.92,25.4,68.7,116.8,38.7,20,25.54,4908,CLP-4F3DF,1
PEC-85024,Celula_Robotica,Aluminio,Semi_Sintetico,Turno_2,3721.6,251.6,0.89,10.9,54.7,120.2,57.2,38,-21.49,8982,CLP-E8735,1
PEC-85025,torno_cnc,Aco_Inox,Semi_Sintetico,Turno_1,3059.6,265.6,3.9,24.8,60.8,131.9,41.3,114,13.88,8769,CLP-7DAAE,1
PEC-85026,Torno_CNC,Aco_Inox,Soluvel,Turno_3,3315.7,234.4,0.7,78.8,68.8,109.7,42.3,34,-28.96,6920,CLP-553FF,1
PEC-85027,Torno_CNC,Aco_Inox,Sintetico,Turno_2,3354.7,207.2,1.64,26.4,39.6,118.9,54.8,75,1.34,5274,CLP-53080,0
PEC-85028,Fresadora,Aco_Inox,Soluvel,Turno_1,3310.6,252.6,4.25,19.7,76.4,123.7,31.8,27,-22.48,1489,CLP-1D502,1
PEC-85029,Torno_CNC,Aco_Inox,Sintetico,Turno_2,3776.9,236.6,2.34,39.8,67.6,111.9,35.4,135,-5.39,9658,CLP-5AAE3,1
PEC-85030,Torno_CNC,Aco_Inox,Soluvel,Turno_2,3561.7,267.4,3.2,38.8,67.7,126.9,56.1,15,3.16,3623,CLP-5326F,1
PEC-85031,torno_cnc,Aco_Inox,Semi_Sintetico,Turno_1,2606.3,168.4,1.39,8.3,78.9,125.2,40.2,55,-10.73,1744,CLP-E8517,1
PEC-85032,torno_cnc,Aluminio,Soluvel,Turno_2,3148.6,259.3,1.58,14.4,76.3,89.0,40.7,75,2.52,1313,CLP-ED869,1
PEC-85033,Fresadora,Aco_Inox,Soluvel,Turno_2,3193.7,215.5,2.54,28.9,72.3,120.5,41.4,2,15.46,2305,CLP-6F24A,1
PEC-85034,Torno_CNC,Aco_Inox,Soluvel,Turno_2,4168.2,257.6,3.05,21.0,68.4,141.3,42.4,139,-6.91,2025,CLP-C2380,1
PEC-85035, TORNO_CNC ,Aluminio,Soluvel,Turno_2,3051.6,295.3,4.34,18.5,64.9,142.4,41.3,174,-0.52,6413,CLP-CB7EB,1
PEC-85036,Fresadora,Aluminio,Sintetico,Turno_2,2757.9,222.2,2.8,25.7,58.0,130.2,46.1,109,25.95,5675,CLP-5375C,1
PEC-85037,Celula_Robotica,Aluminio,Soluvel,Turno_1,3397.2,309.8,0.88,17.0,53.5,139.1,55.0,105,-0.94,5657,CLP-E139A,1
PEC-85038,Fresadora,Aluminio,Semi_Sintetico,Turno_2,3423.6,163.0,1.97,19.9,69.6,117.7,38.6,25,7.01,8763,CLP-C2BEE,1
PEC-85039,Celula_Robotica,Aco_Carbono,Soluvel,Turno_2,3166.8,327.2,1.48,57.0,69.7,128.5,40.3,22,-9.06,4438,CLP-B263E,0
PEC-85040,Fresadora,Aluminio,Sintetico,Turno_3,3100.9,311.9,1.52,30.0,66.7,122.5,45.3,74,23.97,7808,CLP-4AF02,0
PEC-85041,torno_cnc,Aluminio,Sintetico,Turno_2,3627.0,205.7,2.52,77.2,48.9,130.0,57.6,100,-1.48,9518,CLP-A794F,1
PEC-85042,Torno_CNC,Latao,Seco,Turno_2,2815.9,206.1,1.77,108.9,33.1,147.7,42.6,32,-5.55,5011,CLP-1C476,0
PEC-85043,Fresadora,Aco_Carbono,Seco,Turno_3,3046.6,175.3,1.66,94.3,65.7,135.0,37.8,59,-6.53,7073,CLP-2843F,1
PEC-85044,Fresadora,Aluminio,Semi_Sintetico,Turno_1,2965.0,296.1,4.37,15.2,43.0,114.9,28.8,77,-17.45,3962,CLP-A498F,0
PEC-85045,Fresadora,Aluminio,Semi_Sintetico,Turno_1,3692.3,233.5,2.84,27.4,68.8,143.7,38.9,32,-40.3,5080,CLP-9C878,1
PEC-85046, TORNO_CNC ,Aco_Inox,Soluvel,Turno_1,3328.5,229.8,1.55,31.8,88.4,123.7,38.1,130,-23.67,5831,CLP-E9164,1
PEC-85047,torno_cnc,Aluminio,Semi_Sintetico,Turno_1,2720.8,193.9,1.6,71.9,69.0,129.8,35.5,141,-3.92,7456,CLP-75914,1
PEC-85048,Torno_CNC,Latao,Seco,Turno_2,2766.0,340.6,3.74,33.7,59.8,116.5,45.6,71,-14.44,1233,CLP-97A14,1
PEC-85049,torno_cnc,Aluminio,Soluvel,Turno_1,,201.4,4.05,15.2,52.4,131.1,42.9,59,9.08,5311,CLP-EDDBE,1
PEC-85050,Torno_CNC,Latao,Sintetico,Turno_1,3687.4,251.2,3.22,32.8,58.1,126.0,56.4,121,4.57,4617,CLP-2C04F,1
PEC-85051,Centro_Usinagem,Aluminio,Soluvel,Turno_1,3578.7,260.8,2.23,6.6,64.6,137.0,46.7,32,-26.26,7508,CLP-5ECC9,1
PEC-85052,Torno_CNC,Latao,Sintetico,Turno_2,3205.5,230.1,3.56,67.9,77.9,112.5,53.1,101,12.45,1550,CLP-E3CAD,1
PEC-85053,Torno_CNC,Aluminio,Soluvel,Turno_3,3878.8,220.0,4.25,34.2,66.7,134.3,43.6,100,5.94,3691,CLP-3BBDD,1
PEC-85054, TORNO_CNC ,Aco_Inox,Sintetico,Turno_3,2703.5,231.5,1.16,41.9,61.5,83.4,38.0,157,-2.01,5884,CLP-35765,0
PEC-85055,Fresadora,Aluminio,Sintetico,Turno_1,3538.8,278.3,3.95,12.9,73.1,110.8,50.0,39,26.03,1031,CLP-865DC,1
PEC-85056, TORNO_CNC ,Aco_Inox,Seco,Turno_2,3000.5,232.6,3.9,33.6,82.7,99.8,36.0,53,5.68,8091,CLP-956DA,1
PEC-85057,Torno_CNC,Aco_Inox,Sintetico,Turno_1,3088.0,331.3,1.97,31.5,68.8,125.1,54.3,170,7.19,4800,CLP-8F678,1
PEC-85058,torno_cnc,Aco_Carbono,Semi_Sintetico,Turno_1,3526.6,211.1,1.67,38.8,67.3,134.4,39.0,76,-7.64,1769,CLP-C7B7B,1
PEC-85059,Torno_CNC,Aco_Inox,Soluvel,Turno_3,3135.4,287.7,2.76,70.8,45.1,119.9,50.9,120,4.53,6839,CLP-42E50,1
PEC-85060,Celula_Robotica,Aco_Carbono,Soluvel,Turno_2,3004.4,162.2,1.59,55.6,48.7,140.3,48.0,114,-12.14,3348,CLP-2C470,1
PEC-85061,Celula_Robotica,Aco_Inox,Soluvel,Turno_1,2977.2,211.2,1.08,32.7,47.1,108.4,37.2,52,7.21,9156,CLP-6839B,1
PEC-85062,torno_cnc,Aco_Inox,Soluvel,Turno_2,2306.1,209.2,4.31,83.4,62.7,99.0,54.7,27,4.23,9623,CLP-33A23,1
PEC-85063,Torno_CNC,Latao,Soluvel,Turno_1,3543.4,194.8,2.47,20.5,55.0,130.8,60.4,158,11.36,6746,CLP-7C5BB,1
PEC-85064,Fresadora,Aco_Inox,Sintetico,Turno_1,,264.2,2.39,28.7,59.0,137.6,39.0,119,-3.69,8694,CLP-F2B66,1
PEC-85065,Torno_CNC,Aluminio,Sintetico,Turno_2,4036.3,244.5,1.0,41.7,54.8,121.6,39.8,1,0.6,2483,CLP-51E09,0
PEC-85066, TORNO_CNC ,Aluminio,Sintetico,Turno_1,3070.6,136.1,2.52,25.3,55.9,147.3,45.5,99,-3.94,1467,CLP-DC798,1
PEC-85067,Torno_CNC,Aluminio,Soluvel,Turno_3,3789.2,349.8,3.47,20.7,42.8,127.6,51.9,60,-10.5,7623,CLP-859A5,1
PEC-85068,Celula_Robotica,Latao,Soluvel,Turno_2,2385.9,258.8,1.49,9.2,67.6,126.0,54.8,8,13.3,8487,CLP-87B09,0
PEC-85069,Torno_CNC,Aluminio,Sintetico,Turno_3,3529.2,250.1,1.98,40.4,73.4,113.5,42.1,132,-9.6,3224,CLP-59457,1
PEC-85070,torno_cnc,Aluminio,Soluvel,Turno_3,3644.9,315.5,1.22,12.5,65.8,100.5,46.1,95,13.51,4668,CLP-C9E8A,1
PEC-85071,Fresadora,Aco_Carbono,Soluvel,Turno_2,3786.6,299.4,1.92,10.2,69.4,116.0,42.2,76,1.46,2927,CLP-D1D90,1
PEC-85072, TORNO_CNC ,Aco_Inox,Soluvel,Turno_2,2512.4,235.1,3.95,12.0,70.6,143.7,41.7,81,11.72,1801,CLP-8787C,1
PEC-85073,Torno_CNC,Aluminio,Soluvel,Turno_1,2883.8,152.4,1.45,45.8,70.1,122.9,40.7,165,-22.66,4654,CLP-75EED,1
PEC-85074,Celula_Robotica,Latao,Soluvel,Turno_2,3459.4,278.2,0.62,,75.2,114.1,34.1,113,2.84,3877,CLP-2B70D,0
PEC-85075,torno_cnc,Aluminio,Soluvel,Turno_1,3266.8,201.9,2.64,135.9,79.3,106.4,51.9,146,23.83,4171,CLP-8929E,1
PEC-85076,Fresadora,Aco_Carbono,Soluvel,Turno_1,3332.0,312.0,2.82,54.7,83.9,128.1,45.8,86,-15.33,1582,CLP-4FAAC,1
PEC-85077,Torno_CNC,Aluminio,Sintetico,Turno_2,3037.9,211.2,1.82,22.5,41.9,103.1,57.2,118,-8.03,1776,CLP-A12BC,0
PEC-85078, TORNO_CNC ,Aco_Carbono,Soluvel,Turno_2,3897.9,227.4,3.07,36.5,70.6,125.4,51.6,176,-4.46,8633,CLP-38542,1
PEC-85079, TORNO_CNC ,Latao,Soluvel,Turno_3,4373.8,182.8,0.65,5.3,50.5,113.1,41.8,140,3.79,2601,CLP-4CBC8,1
PEC-85080,Torno_CNC,Aco_Inox,Seco,Turno_1,3246.8,186.9,1.86,70.1,81.9,116.1,35.9,41,-7.96,4119,CLP-5265C,1
PEC-85081,Torno_CNC,Aco_Inox,Semi_Sintetico,Turno_2,,244.5,1.08,16.1,65.8,129.6,59.9,163,6.38,1995,CLP-DFEE1,1
PEC-85082,Centro_Usinagem,Aluminio,Soluvel,Turno_3,3225.3,239.9,1.42,7.6,68.3,105.8,31.4,162,14.66,2409,CLP-C45B9,1
PEC-85083,Torno_CNC,Aco_Carbono,Seco,Turno_1,3777.8,226.2,2.03,54.7,66.4,120.1,42.3,176,16.72,9302,CLP-40B20,1
PEC-85084,Torno_CNC,Aco_Inox,Soluvel,Turno_1,3573.1,352.7,2.47,19.0,67.5,97.1,42.4,67,-6.55,4269,CLP-8577B,1
PEC-85085,torno_cnc,Aco_Inox,Soluvel,Turno_1,999999.0,280.2,0.87,34.3,84.8,118.3,39.8,59,-1.71,4488,CLP-3E144,1
PEC-85086,Fresadora,Aco_Inox,Seco,Turno_3,2924.3,250.5,0.91,70.0,79.9,127.5,38.2,100,20.97,5733,CLP-BDC81,1
PEC-85087,Torno_CNC,Latao,Semi_Sintetico,Turno_1,2745.8,112.1,3.2,57.4,84.3,131.9,35.2,38,-30.88,6392,CLP-2230D,1
PEC-85088,torno_cnc,Aluminio,Soluvel,Turno_1,4412.7,291.3,2.12,19.4,62.7,137.0,39.2,59,-5.28,7475,CLP-D4AB7,1
PEC-85089,Torno_CNC,Aluminio,Sintetico,Turno_2,3485.9,399.7,1.21,76.1,39.5,129.9,44.6,56,4.79,6886,CLP-6FF50,1
PEC-85090,Torno_CNC,Aco_Inox,Sintetico,Turno_3,2931.9,240.6,1.44,22.2,74.0,113.9,47.4,5,-19.92,8107,CLP-4BE7B,1
PEC-85091,Torno_CNC,Aco_Inox,Soluvel,Turno_3,2896.0,209.5,3.38,29.3,51.6,92.8,40.8,120,-6.41,7551,CLP-42C81,1
PEC-85092,Centro_Usinagem,Aco_Inox,Soluvel,Turno_2,3562.4,258.2,0.71,38.2,60.7,134.9,40.8,101,5.44,5278,CLP-8639B,1
PEC-85093,Torno_CNC,Aco_Inox,Soluvel,Turno_3,3607.2,178.4,2.53,,64.3,112.1,36.7,114,-4.07,8903,CLP-80915,1
PEC-85094,Torno_CNC,Latao,Seco,Turno_1,3559.1,273.1,1.94,36.8,65.0,98.3,46.3,151,16.69,6344,CLP-1BC80,1
PEC-85095, TORNO_CNC ,Latao,Soluvel,Turno_1,3008.5,325.0,3.74,35.1,72.7,148.1,45.4,108,-4.19,8003,CLP-CD0C5,1
PEC-85096,Centro_Usinagem,Aco_Inox,Semi_Sintetico,Turno_3,3337.6,216.5,3.66,77.4,53.9,119.1,48.0,71,-7.7,5862,CLP-5A5C1,1
PEC-85097,Torno_CNC,Aco_Inox,Soluvel,Turno_2,,218.1,3.26,20.3,72.5,127.3,40.7,159,-2.3,1442,CLP-42E64,1
PEC-85098, TORNO_CNC ,Aco_Inox,Soluvel,Turno_1,2778.7,246.0,2.04,14.7,62.7,123.4,37.7,105,2.26,3177,CLP-3097D,1
PEC-85099,Torno_CNC,Aluminio,Sintetico,Turno_2,2783.1,224.9,3.02,27.7,96.2,119.8,44.8,138,-26.94,8381,CLP-92275,1
PEC-85100, TORNO_CNC ,Aco_Inox,Sintetico,Turno_3,3385.4,174.4,3.06,45.7,45.9,114.2,49.2,101,5.94,4981,CLP-BEB22,1
PEC-85101,torno_cnc,Aco_Inox,Soluvel,Turno_3,3288.4,230.7,1.83,33.9,66.5,111.2,37.9,175,-21.28,4694,CLP-8AF3C,1
PEC-85102,torno_cnc,Aco_Inox,Soluvel,Turno_3,3449.0,220.6,4.02,10.2,72.4,153.4,40.0,153,-1.84,6009,CLP-45BBE,1
PEC-85103,Torno_CNC,Aco_Carbono,Sintetico,Turno_2,3556.0,318.3,4.44,20.0,60.1,98.1,35.2,178,-28.18,2531,CLP-718FD,1
PEC-85104,Torno_CNC,Aco_Carbono,Soluvel,Turno_3,3874.7,307.8,1.76,7.3,58.1,113.5,35.6,6,13.05,7049,CLP-CE9FC,1
PEC-85105,Torno_CNC,Aluminio,Soluvel,Turno_2,2850.8,319.9,3.7,,80.9,106.6,40.6,166,-24.62,9099,CLP-3FA3E,1
PEC-85106, TORNO_CNC ,Aco_Inox,Sintetico,Turno_2,,290.1,2.5,80.1,75.1,127.8,38.3,37,14.4,5978,CLP-CB1F7,1
PEC-85107,Torno_CNC,Latao,Sintetico,Turno_3,3537.1,260.3,2.35,6.6,55.4,113.8,51.4,88,5.44,7759,CLP-E9694,0
PEC-85108,Fresadora,Latao,Soluvel,Turno_2,3059.5,206.3,2.05,31.1,47.2,112.5,45.2,54,2.97,2078,CLP-6A408,1
PEC-85109,Celula_Robotica,Aco_Inox,Sintetico,Turno_1,3254.8,316.3,1.67,34.2,72.1,129.6,55.1,163,19.18,7451,CLP-DCB36,1
PEC-85110,Celula_Robotica,Aco_Inox,Seco,Turno_1,,267.4,4.18,25.2,68.9,149.0,55.2,37,-19.78,2699,CLP-C574F,1
PEC-85111,Centro_Usinagem,Aluminio,Soluvel,Turno_2,4148.9,187.6,3.46,29.5,71.9,107.5,45.1,99,-7.0,8311,CLP-37B45,1
PEC-85112,Fresadora,Aco_Inox,Sintetico,Turno_1,3247.2,204.3,2.26,48.4,63.4,96.7,29.0,2,12.74,8768,CLP-76919,1
PEC-85113,Fresadora,Aluminio,Soluvel,Turno_1,3403.2,186.8,3.51,28.1,75.3,120.9,48.2,79,32.8,2960,CLP-2CD54,1
PEC-85114,Torno_CNC,Aluminio,Soluvel,Turno_1,,147.4,3.37,93.2,84.2,132.6,54.2,172,6.97,3345,CLP-8B550,1
PEC-85115,Fresadora,Aluminio,Soluvel,Turno_1,2984.2,269.4,1.57,32.2,83.4,116.8,50.1,65,-11.22,3084,CLP-30E10,1
PEC-85116, TORNO_CNC ,Aco_Inox,Soluvel,Turno_2,2614.1,188.1,1.2,7.6,55.2,129.5,47.8,10,-2.17,8526,CLP-ED941,0
PEC-85117, TORNO_CNC ,Aluminio,Semi_Sintetico,Turno_1,3694.9,212.2,3.85,112.3,95.0,111.8,43.0,120,19.92,4413,CLP-24CF7,1
PEC-85118,Fresadora,Latao,Soluvel,Turno_1,3545.8,251.9,3.75,10.6,72.9,155.9,35.6,98,15.29,8591,CLP-9A738,1
PEC-85119,Torno_CNC,Aco_Inox,Sintetico,Turno_2,3064.5,240.6,4.49,58.7,47.9,129.2,50.0,104,-33.8,9865,CLP-22F9D,1
PEC-85120,Torno_CNC,Aluminio,Soluvel,Turno_3,,214.3,0.58,31.2,70.2,112.7,43.4,69,1.63,7150,CLP-3A021,0
PEC-85121,Celula_Robotica,Aco_Inox,Soluvel,Turno_1,3281.0,325.9,2.66,52.3,67.8,108.7,47.5,82,10.37,4211,CLP-F34E5,1
PEC-85122,Torno_CNC,Aco_Inox,Sintetico,Turno_1,2976.0,173.7,3.31,30.2,63.6,124.1,40.3,96,-1.03,9810,CLP-C4948,1
PEC-85123, TORNO_CNC ,Aluminio,Semi_Sintetico,Turno_3,,175.8,2.83,7.1,62.6,130.1,61.0,130,-14.42,3579,CLP-8EC9D,1
PEC-85124,Centro_Usinagem,Aco_Inox,Semi_Sintetico,Turno_1,2631.4,272.9,3.34,21.4,73.4,100.4,46.9,31,28.15,6011,CLP-DF259,0
PEC-85125,Fresadora,Aco_Inox,Semi_Sintetico,Turno_3,3297.7,218.7,1.05,38.9,73.5,120.2,42.0,32,-5.4,9261,CLP-352FF,1
PEC-85126,torno_cnc,Aco_Inox,Soluvel,Turno_1,3306.7,216.7,0.51,39.7,58.0,131.1,35.9,149,19.1,2559,CLP-DF00B,1
PEC-85127,Torno_CNC,Aluminio,Semi_Sintetico,Turno_1,3692.6,196.0,0.87,131.5,58.6,125.0,33.8,9,-9.58,8343,CLP-A076C,1
PEC-85128,Torno_CNC,Aco_Carbono,Soluvel,Turno_1,3132.2,266.9,2.02,,58.1,129.4,50.0,87,-1.53,5784,CLP-6C22F,0
PEC-85129,Centro_Usinagem,Aco_Inox,Sintetico,Turno_1,3049.9,261.3,1.82,16.8,62.9,142.4,40.3,166,-1.08,8614,CLP-EA0F9,1
PEC-85130,torno_cnc,Aluminio,Seco,Turno_3,2499.5,256.0,4.0,6.6,75.6,73.4,41.4,87,12.4,4913,CLP-2B429,1
PEC-85131,torno_cnc,Aco_Inox,Soluvel,Turno_3,3695.4,220.9,0.83,,79.4,123.3,40.7,119,-5.75,1104,CLP-CE5AD,1
PEC-85132,Torno_CNC,Aluminio,Soluvel,Turno_3,3601.8,212.4,2.27,82.0,62.4,84.7,36.3,16,0.45,3208,CLP-6EA37,1
PEC-85133,Torno_CNC,Aluminio,Sintetico,Turno_3,3212.9,241.8,4.33,38.3,78.2,119.3,42.7,15,-31.14,3631,CLP-53585,1
PEC-85134,Celula_Robotica,Aluminio,Sintetico,Turno_3,2601.8,298.3,2.51,28.0,70.3,139.5,45.5,152,-6.7,9041,CLP-F3784,1
PEC-85135, TORNO_CNC ,Latao,Soluvel,Turno_2,2653.5,328.4,1.03,74.1,66.6,118.1,36.9,52,-40.39,9716,CLP-BE206,1
PEC-85136,Fresadora,Latao,Seco,Turno_3,2953.8,305.6,1.67,14.6,87.4,106.0,47.7,105,-4.89,8159,CLP-3F4F6,1
PEC-85137,Torno_CNC,Aco_Inox,Sintetico,Turno_1,3634.4,275.3,3.01,22.8,68.9,132.4,35.2,38,-5.78,4466,CLP-9546A,1
PEC-85138,Fresadora,Aco_Carbono,Soluvel,Turno_1,3330.7,299.1,0.55,29.8,63.4,122.1,41.5,171,7.69,6968,CLP-AF0A7,1
PEC-85139,Celula_Robotica,Aco_Inox,Soluvel,Turno_2,2528.0,190.9,4.37,6.8,75.0,122.8,47.9,85,0.01,6903,CLP-D1725,1
PEC-85140,torno_cnc,Latao,Semi_Sintetico,Turno_3,3381.9,214.3,2.77,45.8,50.2,152.4,44.9,26,27.43,1599,CLP-98281,1
PEC-85141,Torno_CNC,Aco_Inox,Soluvel,Turno_2,2822.4,276.2,3.32,12.3,62.4,97.4,31.9,45,18.86,4488,CLP-DDF44,1
PEC-85142,torno_cnc,Aco_Inox,Soluvel,Turno_3,2965.0,244.1,2.5,19.2,68.1,110.5,22.7,35,20.94,1752,CLP-CDA9E,1
PEC-85143,Fresadora,Aco_Inox,Sintetico,Turno_2,3637.3,266.9,4.33,23.7,73.6,125.6,49.5,45,20.04,2833,CLP-93700,0
PEC-85144, TORNO_CNC ,Aco_Inox,Sintetico,Turno_2,3544.5,299.0,2.86,40.6,67.9,138.3,50.5,154,0.18,6388,CLP-9458C,1
PEC-85145,Centro_Usinagem,Aco_Carbono,Sintetico,Turno_3,3691.9,291.2,3.15,7.4,49.5,105.6,48.5,26,-10.86,5377,CLP-88DD6,1
PEC-85146,Fresadora,Latao,Soluvel,Turno_1,3189.6,195.5,3.94,19.6,54.4,113.8,43.2,112,7.34,6212,CLP-7681F,1
PEC-85147,Centro_Usinagem,Aluminio,Semi_Sintetico,Turno_3,3597.4,250.6,3.95,16.2,59.8,119.0,43.0,7,-22.09,3955,CLP-CB469,1
PEC-85148,Fresadora,Aco_Carbono,Seco,Turno_2,2936.2,204.0,0.61,5.1,67.9,117.7,44.1,23,28.69,6777,CLP-9A203,0
PEC-85149,Torno_CNC,Aco_Carbono,Soluvel,Turno_2,3084.1,211.1,1.63,46.2,49.4,130.5,49.7,105,-31.75,9885,CLP-90326,0
PEC-85150,Torno_CNC,Aco_Inox,Sintetico,Turno_3,3053.2,164.5,1.49,,81.9,119.2,43.9,147,3.3,8345,CLP-DC852,1
PEC-85151,Torno_CNC,Aco_Inox,Seco,Turno_2,3210.7,256.7,0.53,11.4,68.8,129.7,48.0,141,0.69,2245,CLP-93EF0,1
PEC-85152,Centro_Usinagem,Aco_Inox,Sintetico,Turno_2,2621.1,160.8,4.01,61.0,68.4,102.0,55.5,65,9.62,7758,CLP-A7273,1
PEC-85153,Fresadora,Aco_Inox,Sintetico,Turno_2,3098.7,269.7,1.77,6.4,62.9,122.2,37.3,134,8.98,3274,CLP-BDC99,0
PEC-85154,Fresadora,Aco_Inox,Soluvel,Turno_1,3853.2,317.9,1.89,85.7,47.7,120.5,43.5,72,6.59,9944,CLP-DA48E,1
PEC-85155,Torno_CNC,Aco_Inox,Sintetico,Turno_2,2708.4,276.5,0.9,45.6,66.1,132.7,38.1,92,9.33,2864,CLP-70ABB,1
PEC-85156,Torno_CNC,Aco_Inox,Sintetico,Turno_1,2601.8,252.6,4.46,11.6,74.0,157.8,41.9,80,8.31,6229,CLP-4B077,1
PEC-85157,Fresadora,Aco_Inox,Sintetico,Turno_3,2638.1,326.7,3.81,20.1,63.2,134.3,44.2,117,-25.55,8465,CLP-C19C5,1
PEC-85158, TORNO_CNC ,Latao,Seco,Turno_1,4397.8,266.4,2.79,109.8,77.8,109.4,38.0,96,8.93,8464,CLP-4AC68,1
PEC-85159,Torno_CNC,Aco_Inox,Soluvel,Turno_2,3409.2,206.9,3.59,38.8,64.3,129.5,32.0,23,-10.76,9368,CLP-979D5,1
PEC-85160,Fresadora,Aluminio,Soluvel,Turno_3,3078.4,256.3,3.61,37.8,73.4,119.2,34.5,62,-7.97,5307,CLP-C147D,1
PEC-85161,Torno_CNC,Aluminio,Soluvel,Turno_3,3230.7,348.0,3.13,42.1,63.7,114.9,48.5,6,16.78,3433,CLP-585C6,0
PEC-85162,Torno_CNC,Aluminio,Sintetico,Turno_2,3302.4,195.4,1.2,26.7,69.6,112.1,39.7,71,-15.77,6070,CLP-26BD4,1
PEC-85163, TORNO_CNC ,Aco_Inox,Soluvel,Turno_2,2911.8,181.0,3.38,11.4,75.4,111.3,43.3,137,13.63,1289,CLP-18943,1
PEC-85164,Torno_CNC,Aco_Inox,Sintetico,Turno_1,2967.3,280.7,2.78,10.7,52.0,102.8,45.4,90,-28.41,2191,CLP-90530,0
PEC-85165,Celula_Robotica,Aco_Inox,Soluvel,Turno_1,3129.0,238.8,3.4,45.7,72.8,100.6,52.3,41,-11.0,7516,CLP-E995D,1
PEC-85166,Torno_CNC,Aco_Inox,Soluvel,Turno_1,2873.9,223.4,2.67,80.4,77.7,129.8,42.7,77,-4.16,3351,CLP-EED93,1
PEC-85167,Torno_CNC,Aco_Inox,Soluvel,Turno_3,3021.4,187.0,4.33,17.5,91.3,114.7,47.0,156,8.45,5756,CLP-C3D2F,1
PEC-85168,Torno_CNC,Aluminio,Semi_Sintetico,Turno_1,3358.9,152.5,3.01,29.5,65.9,122.7,35.9,127,3.36,1371,CLP-8FEDD,1
PEC-85169,Fresadora,Aluminio,Sintetico,Turno_2,2751.3,177.2,2.79,175.0,39.8,107.0,43.7,132,8.85,8216,CLP-3050A,1
PEC-85170, TORNO_CNC ,Aluminio,Seco,Turno_1,4374.5,330.7,3.87,15.4,43.6,128.7,37.2,33,41.0,4954,CLP-2757A,1
PEC-85171,torno_cnc,Aluminio,Sintetico,Turno_2,3538.9,249.6,2.02,22.3,54.4,109.4,43.9,15,-0.62,5457,CLP-27292,1
PEC-85172,Torno_CNC,Aco_Inox,Soluvel,Turno_2,2628.5,151.9,1.76,20.8,80.4,99.9,46.0,57,6.28,1129,CLP-69826,1
PEC-85173,Torno_CNC,Aco_Carbono,Soluvel,Turno_3,2084.9,309.2,2.51,6.2,91.4,143.5,43.1,7,16.65,7675,CLP-F2C50,1
PEC-85174, TORNO_CNC ,Aco_Inox,Seco,Turno_1,2890.6,311.7,2.84,29.9,60.1,123.1,41.6,178,4.95,1146,CLP-5F7FF,1
PEC-85175,Centro_Usinagem,Aco_Carbono,Sintetico,Turno_1,3508.0,311.5,1.38,13.2,65.6,115.3,47.2,80,-20.28,7012,CLP-58DF2,1
PEC-85176,Centro_Usinagem,Aco_Carbono,Soluvel,Turno_1,3420.7,228.9,3.23,9.8,34.0,117.1,41.8,64,-18.14,4056,CLP-D6690,1
PEC-85177,Torno_CNC,Aluminio,Sintetico,Turno_1,3150.1,236.6,3.71,48.4,72.8,114.6,41.7,66,10.74,3835,CLP-CCAB9,1
PEC-85178,torno_cnc,Aco_Inox,Soluvel,Turno_2,2929.4,256.9,2.81,55.8,66.6,127.4,36.6,51,7.85,7032,CLP-90660,1
PEC-85179,Centro_Usinagem,Aluminio,Soluvel,Turno_1,2793.1,320.1,2.59,81.9,62.0,96.8,49.0,19,4.09,4286,CLP-B991F,1
PEC-85180, TORNO_CNC ,Aco_Inox,Soluvel,Turno_1,3018.8,222.3,1.68,100.2,53.4,92.9,44.7,52,13.44,9560,CLP-1F90A,1
PEC-85181,Centro_Usinagem,Aco_Inox,Semi_Sintetico,Turno_3,2744.4,212.3,4.14,76.2,60.8,121.7,41.2,101,-6.5,7530,CLP-53F3D,1
PEC-85182,Torno_CNC,Aco_Inox,Soluvel,Turno_2,3020.5,284.8,3.52,9.6,48.9,93.9,36.7,59,-24.97,5978,CLP-2C74A,0
PEC-85183,Celula_Robotica,Aco_Inox,Soluvel,Turno_1,3798.9,310.5,2.42,13.9,54.7,91.4,63.7,58,11.56,9661,CLP-DC1EE,1
PEC-85184,Fresadora,Aluminio,Soluvel,Turno_1,2852.9,247.4,3.14,9.6,49.8,133.5,20.9,148,-8.85,5012,CLP-6AAE2,0
PEC-85185,Celula_Robotica,Aco_Carbono,Soluvel,Turno_1,3474.9,283.5,1.85,20.3,52.8,122.5,38.9,120,23.56,1314,CLP-92B33,1
PEC-85186,Fresadora,Aco_Inox,Sintetico,Turno_2,3543.5,255.6,0.74,9.6,51.1,122.7,41.1,119,21.91,7512,CLP-52472,1
PEC-85187, TORNO_CNC ,Latao,Soluvel,Turno_2,2714.2,237.4,1.32,42.1,71.9,103.2,52.4,23,0.33,4815,CLP-750BA,1
PEC-85188,Celula_Robotica,Latao,Soluvel,Turno_2,2820.5,208.5,0.82,49.1,51.2,140.9,42.5,9,17.24,8427,CLP-B03A0,1
PEC-85189,Torno_CNC,Latao,Seco,Turno_1,3681.0,192.3,2.53,11.1,64.4,135.1,46.5,135,-1.46,1333,CLP-D9E4C,1
PEC-85190,Torno_CNC,Aco_Carbono,Soluvel,Turno_2,2783.4,219.3,2.99,39.0,51.9,99.6,41.5,3,-13.11,2001,CLP-1ED53,1
PEC-85191,Fresadora,Aco_Inox,Soluvel,Turno_2,3174.1,201.2,2.02,5.8,52.4,118.4,59.7,127,2.91,3088,CLP-96BAC,1
PEC-85192,Fresadora,Aco_Inox,Soluvel,Turno_2,4118.0,264.2,2.62,24.9,51.9,113.9,48.2,88,0.29,9472,CLP-78740,1
PEC-85193,Celula_Robotica,Aluminio,Sintetico,Turno_3,3640.9,310.9,0.84,16.8,76.7,119.3,39.8,85,6.62,1262,CLP-9A8DE,1
PEC-85194,Torno_CNC,Aluminio,Semi_Sintetico,Turno_1,3238.4,260.2,3.58,232.5,62.8,136.3,50.6,94,-4.09,4728,CLP-7874A,1
PEC-85195,Fresadora,Aco_Carbono,Soluvel,Turno_1,3578.3,204.0,0.63,94.6,56.0,114.3,43.0,146,-8.33,5583,CLP-3D337,1
PEC-85196,Fresadora,Latao,Semi_Sintetico,Turno_3,3174.8,292.8,3.04,10.6,53.0,134.8,59.6,80,-19.15,5000,CLP-1E2EA,1
PEC-85197,Torno_CNC,Aluminio,Semi_Sintetico,Turno_1,3658.2,264.8,2.23,92.3,48.9,94.0,55.8,114,14.4,3157,CLP-CBF1F,1
PEC-85198, TORNO_CNC ,Aco_Inox,Sintetico,Turno_1,2279.2,274.7,1.24,24.0,56.4,110.8,47.4,81,-25.57,3014,CLP-9398A,1
PEC-85199,Torno_CNC,Aco_Inox,Soluvel,Turno_2,3137.3,224.0,2.59,35.1,47.8,114.0,43.1,177,-10.05,4467,CLP-D8B1E,1
PEC-85200,Torno_CNC,Aco_Inox,Soluvel,Turno_2,2261.1,306.7,3.62,31.7,59.8,111.9,39.9,27,-21.35,2241,CLP-8E50F,0
PEC-85201,Celula_Robotica,Aluminio,Sintetico,Turno_3,3272.6,306.4,2.15,50.3,56.5,120.4,52.1,108,12.75,4251,CLP-9FD7F,1
PEC-85202,Fresadora,Aluminio,Semi_Sintetico,Turno_1,,240.8,1.97,19.3,55.6,122.4,56.6,62,8.93,2340,CLP-5F7DD,1
PEC-85203,Fresadora,Aco_Carbono,Sintetico,Turno_1,3812.3,285.9,1.07,7.5,79.9,123.5,42.7,148,12.44,2150,CLP-3D382,1
PEC-85204,Celula_Robotica,Aluminio,Soluvel,Turno_1,3520.3,305.1,2.88,23.9,62.1,133.3,48.6,175,16.01,8309,CLP-A7893,1
PEC-85205, TORNO_CNC ,Latao,Soluvel,Turno_2,-50.0,226.7,3.81,32.5,62.8,131.0,49.0,21,-22.48,3114,CLP-51092,1
PEC-85206,Centro_Usinagem,Aluminio,Sintetico,Turno_1,,245.9,2.75,33.3,80.4,97.5,52.1,139,-10.12,9708,CLP-AAE60,1
PEC-85207, TORNO_CNC ,Aco_Carbono,Sintetico,Turno_2,3371.3,254.0,1.16,60.1,48.7,122.2,38.8,10,-0.34,3106,CLP-A0D2E,1
PEC-85208,Centro_Usinagem,Aco_Inox,Soluvel,Turno_1,2942.3,195.1,3.14,6.6,59.2,110.8,48.6,14,-15.44,3228,CLP-E81F2,1
PEC-85209,Torno_CNC,Aco_Carbono,Soluvel,Turno_1,3185.4,272.1,0.62,160.1,46.4,132.3,63.0,109,-3.56,9904,CLP-8D2CD,1
PEC-85210,Celula_Robotica,Aluminio,Soluvel,Turno_2,3792.5,301.1,3.85,168.2,65.8,139.4,45.8,119,12.07,4789,CLP-DD383,1
PEC-85211,Torno_CNC,Aco_Inox,Sintetico,Turno_3,2826.9,242.8,4.19,8.6,72.3,132.6,48.6,112,-2.07,9747,CLP-5CA27,1
PEC-85212,Torno_CNC,Aco_Inox,Sintetico,Turno_3,2998.5,267.0,2.89,19.8,35.9,148.6,48.0,176,8.07,9806,CLP-31ECC,0
PEC-85213,Fresadora,Latao,Semi_Sintetico,Turno_3,3061.7,319.9,4.03,36.2,75.3,131.3,49.4,73,6.21,5464,CLP-6AF10,1
PEC-85214, TORNO_CNC ,Aco_Inox,Sintetico,Turno_2,4621.1,229.7,0.84,21.4,68.7,135.0,35.7,109,12.25,6191,CLP-ED2B9,1
PEC-85215,Fresadora,Aluminio,Soluvel,Turno_1,3473.7,268.0,1.41,28.4,65.4,108.1,61.4,110,10.14,4017,CLP-4DA03,1
PEC-85216, TORNO_CNC ,Aco_Inox,Sintetico,Turno_1,3709.4,221.5,1.77,18.8,50.1,119.6,45.8,158,8.66,9454,CLP-9A6B1,1
PEC-85217,Fresadora,Aluminio,Seco,Turno_2,3545.7,220.1,3.59,48.6,74.3,130.3,49.4,143,14.38,6236,CLP-636BB,1
PEC-85218,Torno_CNC,Aco_Carbono,Seco,Turno_1,3575.9,267.1,2.44,20.8,85.2,124.3,45.7,81,19.31,5036,CLP-89983,1
PEC-85219,Torno_CNC,Aco_Inox,Semi_Sintetico,Turno_1,3413.1,262.1,1.89,24.7,60.1,106.3,52.5,54,-1.12,4391,CLP-BBF64,1
PEC-85220,Torno_CNC,Aluminio,Soluvel,Turno_1,3364.4,277.8,1.13,35.0,61.2,106.1,41.0,161,-4.93,3401,CLP-33195,1
PEC-85221, TORNO_CNC ,Latao,Semi_Sintetico,Turno_2,2547.2,253.8,3.74,126.8,65.3,92.8,34.5,16,20.33,9991,CLP-4D803,1
PEC-85222,Torno_CNC,Aco_Carbono,Semi_Sintetico,Turno_1,3361.0,273.3,0.58,40.9,60.2,125.6,44.1,83,-7.32,3463,CLP-9CA52,1
PEC-85223, TORNO_CNC ,Aco_Carbono,Sintetico,Turno_1,3151.2,333.3,1.85,8.6,62.9,104.5,48.8,51,9.88,2245,CLP-1B4ED,0
PEC-85224, TORNO_CNC ,Aluminio,Soluvel,Turno_2,3445.5,303.0,1.47,18.4,77.3,130.1,42.2,57,-18.42,9594,CLP-1DF58,1
PEC-85225,Torno_CNC,Aco_Inox,Seco,Turno_1,3168.1,266.9,1.02,24.0,64.2,130.9,39.6,4,-9.89,7475,CLP-3A3BC,1
PEC-85226,torno_cnc,Aluminio,Soluvel,Turno_2,,275.2,1.19,,68.5,123.3,47.8,133,18.59,3864,CLP-7971F,1
PEC-85227,Centro_Usinagem,Aco_Carbono,Soluvel,Turno_2,3623.0,235.1,2.48,25.7,89.4,125.9,37.6,38,10.56,1778,CLP-519D4,1
PEC-85228,Torno_CNC,Aco_Inox,Soluvel,Turno_1,1889.5,242.0,2.2,,82.6,135.3,52.8,136,19.36,2452,CLP-824EE,1
PEC-85229,torno_cnc,Aco_Inox,Sintetico,Turno_3,3004.7,274.6,2.57,69.0,52.4,137.3,42.5,58,-12.11,1804,CLP-9EE62,1
PEC-85230,Fresadora,Aco_Inox,Soluvel,Turno_1,2364.2,254.4,3.41,8.9,85.9,86.5,49.0,152,4.75,7922,CLP-82422,1
PEC-85231, TORNO_CNC ,Aluminio,Soluvel,Turno_2,3307.5,289.7,4.07,55.8,81.5,130.6,35.7,31,9.79,3275,CLP-5D9D6,1
PEC-85232,Fresadora,Aco_Carbono,Sintetico,Turno_2,3064.7,313.4,0.97,52.9,82.9,127.3,55.8,149,-19.53,8337,CLP-D4280,1
PEC-85233, TORNO_CNC ,Aco_Inox,Semi_Sintetico,Turno_3,3810.1,244.9,0.83,65.0,57.5,124.4,48.8,78,-13.86,2874,CLP-2A483,1
PEC-85234,torno_cnc,Aluminio,Sintetico,Turno_2,3293.3,149.5,1.78,114.4,67.5,127.1,49.9,71,-5.29,8722,CLP-4689E,1
PEC-85235,Torno_CNC,Latao,Soluvel,Turno_1,2981.5,351.7,2.69,18.0,60.3,115.3,34.7,67,-9.51,1577,CLP-2C1B9,1
PEC-85236,Fresadora,Aco_Inox,Sintetico,Turno_2,3622.4,217.4,0.9,24.6,66.5,84.0,39.0,26,16.41,1721,CLP-215C6,0
PEC-85237,Fresadora,Aluminio,Soluvel,Turno_1,3056.8,259.8,3.36,15.7,86.0,110.9,46.6,28,-14.95,9413,CLP-DCD2F,1
PEC-85238,Torno_CNC,Latao,Soluvel,Turno_2,2975.9,286.4,2.72,18.9,66.7,92.6,36.3,108,2.46,7688,CLP-B7492,0
PEC-85239, TORNO_CNC ,Latao,Soluvel,Turno_1,3377.1,320.4,3.49,,44.4,95.2,40.0,83,26.52,1068,CLP-842FC,1
PEC-85240,Celula_Robotica,Aco_Inox,Semi_Sintetico,Turno_2,3925.8,340.3,1.93,76.3,60.5,136.0,51.0,141,-10.24,1109,CLP-E5EC7,1
PEC-85241, TORNO_CNC ,Aco_Inox,Soluvel,Turno_1,3584.1,231.8,2.1,7.3,57.1,111.8,40.2,59,17.66,2640,CLP-D950C,1
PEC-85242,torno_cnc,Aco_Inox,Soluvel,Turno_2,3455.1,309.5,3.73,12.9,86.5,124.0,48.0,38,-9.45,5834,CLP-91EFA,1
PEC-85243,Centro_Usinagem,Aco_Carbono,Soluvel,Turno_2,4437.9,259.9,1.57,38.0,55.2,120.1,38.4,137,-0.61,1535,CLP-DE0E6,1
PEC-85244,Fresadora,Aco_Carbono,Soluvel,Turno_1,2870.4,387.2,2.03,55.7,60.1,140.1,49.8,72,-34.26,1465,CLP-A7C1D,1
PEC-85245,torno_cnc,Aluminio,Seco,Turno_3,2860.4,305.0,0.55,46.8,60.5,121.1,36.0,150,11.16,6184,CLP-AC206,1
PEC-85246,Fresadora,Aco_Inox,Seco,Turno_2,3265.5,241.1,2.72,6.7,84.2,111.0,49.8,26,18.6,9784,CLP-EC899,1
PEC-85247,Centro_Usinagem,Aco_Inox,Soluvel,Turno_1,3881.8,210.3,3.91,26.2,76.5,142.2,62.3,63,12.03,8868,CLP-55AA3,1
PEC-85248, TORNO_CNC ,Aluminio,Soluvel,Turno_1,2776.2,118.7,0.61,12.1,71.8,112.5,40.7,92,2.78,4036,CLP-C0D5D,1
PEC-85249, TORNO_CNC ,Aluminio,Soluvel,Turno_2,3989.6,283.7,2.96,160.2,67.8,126.3,39.7,61,-4.07,3650,CLP-3AA04,1
PEC-85250, TORNO_CNC ,Aco_Carbono,Semi_Sintetico,Turno_1,2552.4,300.4,3.88,243.2,67.6,127.5,54.1,57,2.95,2235,CLP-97501,1
PEC-85251,Celula_Robotica,Aluminio,Soluvel,Turno_3,3145.5,287.3,2.48,6.8,65.9,101.4,45.5,21,16.23,8399,CLP-A0D68,1
PEC-85252,Fresadora,Aco_Inox,Soluvel,Turno_1,3278.1,132.3,1.75,43.6,89.7,133.8,35.6,92,-45.55,2035,CLP-9D221,1
PEC-85253,Torno_CNC,Aco_Inox,Sintetico,Turno_1,2802.8,187.1,4.49,63.7,49.8,140.3,47.7,82,-12.86,7413,CLP-4FFD7,1
PEC-85254,Centro_Usinagem,Aco_Inox,Soluvel,Turno_3,2920.4,274.0,0.76,18.7,31.8,103.0,46.7,33,9.01,4844,CLP-9FBD6,0
PEC-85255, TORNO_CNC ,Aco_Inox,Soluvel,Turno_3,3558.5,339.3,1.34,46.4,70.3,120.4,39.9,93,-4.61,7231,CLP-1BA3A,1
PEC-85256,Torno_CNC,Aco_Inox,Soluvel,Turno_1,3848.7,247.2,4.04,,81.8,140.1,39.6,12,0.52,3142,CLP-B541D,1
PEC-85257,torno_cnc,Aco_Inox,Soluvel,Turno_2,2248.4,304.6,1.69,9.8,67.2,95.6,51.9,59,16.53,2055,CLP-9E17F,1
PEC-85258, TORNO_CNC ,Aco_Inox,Sintetico,Turno_1,3281.1,198.3,3.78,95.8,41.2,129.4,37.1,46,4.52,8317,CLP-9DCB3,1
PEC-85259,Centro_Usinagem,Aco_Inox,Seco,Turno_2,,260.4,1.83,41.0,73.9,101.3,34.0,118,-2.84,2770,CLP-B87D8,1
PEC-85260,Torno_CNC,Aco_Carbono,Soluvel,Turno_3,3248.3,236.3,3.75,,52.2,115.2,38.8,94,11.7,4374,CLP-39374,1
PEC-85261,Centro_Usinagem,Aco_Inox,Soluvel,Turno_1,3057.5,309.4,3.24,31.6,49.6,116.8,51.9,6,8.39,7192,CLP-D2530,0
PEC-85262,torno_cnc,Aluminio,Seco,Turno_1,2619.3,223.0,2.37,10.9,9999.0,102.3,42.9,148,-6.57,2715,CLP-A0949,1
PEC-85263,Torno_CNC,Aco_Carbono,Semi_Sintetico,Turno_1,3894.0,333.9,2.59,,45.7,106.3,40.5,118,6.92,9764,CLP-BE84A,1
PEC-85264,Celula_Robotica,Aluminio,Soluvel,Turno_1,3721.7,234.6,1.21,79.7,67.4,118.9,44.5,161,0.12,3815,CLP-31452,1
PEC-85265,torno_cnc,Latao,Sintetico,Turno_1,3153.2,196.5,0.96,5.6,57.2,140.7,48.9,29,-10.14,2760,CLP-EF32C,0
PEC-85266,Torno_CNC,Aco_Inox,Soluvel,Turno_3,2980.3,198.2,3.37,13.1,49.0,127.2,57.3,54,-29.65,6945,CLP-5F0B7,0
PEC-85267, TORNO_CNC ,Aco_Carbono,Sintetico,Turno_1,2925.8,218.9,3.89,15.2,93.6,95.4,47.8,113,-5.63,4273,CLP-49B65,1
PEC-85268,Centro_Usinagem,Latao,Seco,Turno_2,2036.5,268.5,3.39,15.7,58.6,127.0,60.7,163,10.84,3122,CLP-9D5F9,0
PEC-85269,Torno_CNC,Aco_Carbono,Sintetico,Turno_3,3359.2,219.5,4.15,8.6,65.6,120.6,50.9,26,22.7,9396,CLP-2EDBF,0
PEC-85270,Torno_CNC,Aco_Inox,Soluvel,Turno_2,3551.1,209.0,4.06,71.0,83.6,110.5,42.6,23,-3.72,8213,CLP-510D6,1
PEC-85271,Torno_CNC,Aco_Inox,Soluvel,Turno_2,3262.1,294.5,3.61,11.1,73.1,113.4,52.1,165,-36.14,8859,CLP-EE761,1
PEC-85272,Torno_CNC,Aco_Inox,Sintetico,Turno_1,3161.1,89.4,4.09,67.0,87.9,127.5,50.1,155,10.44,2003,CLP-30324,1
PEC-85273,Fresadora,Aluminio,Sintetico,Turno_2,3260.0,228.5,1.17,20.4,56.6,96.4,54.3,176,0.93,4363,CLP-971A4,1
PEC-85274, TORNO_CNC ,Aco_Carbono,Sintetico,Turno_1,2816.0,183.3,3.43,26.4,77.6,110.3,50.9,176,32.21,2991,CLP-D4D6D,1
PEC-85275,Torno_CNC,Aco_Inox,Soluvel,Turno_3,2975.2,206.6,3.51,26.8,70.9,102.8,45.9,151,3.71,6497,CLP-904A5,1
PEC-85276,Torno_CNC,Aluminio,Sintetico,Turno_1,3125.2,262.2,1.12,48.7,76.9,108.0,41.2,38,3.84,3467,CLP-5D6F3,1
PEC-85277,Torno_CNC,Aluminio,Sintetico,Turno_2,3513.5,239.7,4.14,51.0,75.1,124.9,46.1,178,7.27,8889,CLP-70830,1
PEC-85278,Celula_Robotica,Aluminio,Soluvel,Turno_2,3820.5,235.2,0.54,40.8,55.7,120.7,33.1,158,-33.86,2007,CLP-54322,1
PEC-85279,Torno_CNC,Aco_Carbono,Soluvel,Turno_2,3096.9,309.5,2.24,57.0,98.9,130.1,43.7,51,15.28,4645,CLP-3A356,1
PEC-85280,Celula_Robotica,Aco_Carbono,Soluvel,Turno_1,,249.3,0.59,5.3,37.9,86.2,35.6,113,3.43,3227,CLP-BA0C0,0
PEC-85281, TORNO_CNC ,Aco_Inox,Sintetico,Turno_1,3216.0,340.3,2.59,29.6,54.6,116.0,48.7,107,-4.65,3555,CLP-599E8,1
PEC-85282,Torno_CNC,Aluminio,Sintetico,Turno_3,4105.2,285.6,2.15,31.0,73.2,118.4,51.7,18,28.5,2464,CLP-CCF28,1
PEC-85283,Centro_Usinagem,Aco_Inox,Semi_Sintetico,Turno_1,2769.0,201.7,2.99,14.6,68.5,95.4,47.5,50,1.61,5667,CLP-B5271,1
PEC-85284, TORNO_CNC ,Aluminio,Soluvel,Turno_1,3598.6,346.7,3.57,33.4,66.6,109.7,43.7,83,0.93,6959,CLP-F2E07,1
PEC-85285,Fresadora,Latao,Seco,Turno_2,3801.2,263.9,3.57,27.0,73.6,119.7,42.7,109,3.95,3322,CLP-9BA27,1
PEC-85286,Celula_Robotica,Aco_Carbono,Sintetico,Turno_3,3038.0,343.6,3.39,27.4,54.9,124.8,54.6,64,-5.0,4617,CLP-58DB8,0
PEC-85287,Torno_CNC,Aluminio,Soluvel,Turno_1,2884.7,236.7,0.91,9.4,75.1,125.2,52.9,170,18.19,2803,CLP-293F8,1
PEC-85288,Torno_CNC,Aco_Inox,Soluvel,Turno_2,3458.7,263.6,2.17,25.0,63.4,90.4,36.5,171,5.99,5401,CLP-7F514,1
PEC-85289,Fresadora,Aco_Inox,Soluvel,Turno_2,3358.9,271.6,3.76,55.9,81.8,110.5,47.0,1,-5.47,3539,CLP-A8228,1
PEC-85290,Torno_CNC,Aluminio,Seco,Turno_1,3512.6,241.6,3.12,23.5,61.3,97.1,47.6,173,23.77,7518,CLP-707DA,1
PEC-85291,Torno_CNC,Aco_Inox,Soluvel,Turno_2,4133.2,313.6,3.22,28.4,70.6,119.9,43.4,81,-6.78,4865,CLP-8BFE8,1
PEC-85292,Torno_CNC,Aluminio,Soluvel,Turno_3,3275.2,346.6,1.41,125.0,72.6,113.5,34.1,165,-38.94,7599,CLP-4C963,1
PEC-85293,Torno_CNC,Aco_Inox,Soluvel,Turno_3,2663.5,135.3,1.8,76.9,75.9,110.6,28.6,70,23.52,9768,CLP-9B06E,1
PEC-85294,Fresadora,Aco_Inox,Semi_Sintetico,Turno_1,3230.0,290.7,4.32,,65.4,167.5,46.4,104,-14.58,7011,CLP-1BE69,1
PEC-85295,Torno_CNC,Aco_Inox,Soluvel,Turno_2,3308.7,205.3,3.89,7.8,61.6,104.2,31.5,108,-23.89,2702,CLP-CE6AE,1
PEC-85296, TORNO_CNC ,Latao,Soluvel,Turno_2,3770.2,120.4,1.16,38.7,55.7,119.8,40.8,114,19.99,3618,CLP-208B0,1
PEC-85297,Fresadora,Aco_Carbono,Soluvel,Turno_1,3111.5,275.9,2.68,13.8,70.8,127.2,50.5,121,-15.49,2514,CLP-C6EC5,1
PEC-85298, TORNO_CNC ,Aco_Inox,Soluvel,Turno_2,3015.9,276.0,2.46,23.1,42.2,125.4,48.3,31,12.98,8467,CLP-39004,0
PEC-85299,Torno_CNC,Aco_Inox,Soluvel,Turno_1,2583.0,284.0,2.27,44.9,68.7,128.7,40.2,38,8.78,5098,CLP-32622,1
PEC-85300,Fresadora,Aluminio,Sintetico,Turno_1,3446.3,268.6,2.38,35.3,69.6,125.3,52.2,22,9.47,2880,CLP-5D15C,1
PEC-85301,Torno_CNC,Aco_Inox,Semi_Sintetico,Turno_1,4706.7,293.8,3.07,29.7,87.5,115.0,49.2,115,4.1,4837,CLP-AC934,1
PEC-85302,Fresadora,Aluminio,Semi_Sintetico,Turno_1,3099.8,219.8,4.37,64.0,57.1,120.2,41.1,173,-0.47,5192,CLP-6009E,1
PEC-85303,Centro_Usinagem,Aco_Carbono,Semi_Sintetico,Turno_2,3403.4,263.2,4.0,45.2,67.3,110.2,57.2,163,-24.35,7245,CLP-7F2D5,1
PEC-85304, TORNO_CNC ,Aluminio,Soluvel,Turno_1,2953.5,284.9,4.0,65.2,66.9,108.9,48.9,124,-13.99,7810,CLP-9CF86,1
PEC-85305,torno_cnc,Aluminio,Semi_Sintetico,Turno_2,2623.4,317.6,3.31,99.1,51.7,100.2,38.8,93,16.96,7919,CLP-E1320,1
PEC-85306, TORNO_CNC ,Aluminio,Soluvel,Turno_1,3395.4,252.2,0.57,48.6,64.9,131.8,28.6,24,28.96,3623,CLP-596B1,0
PEC-85307, TORNO_CNC ,Latao,Soluvel,Turno_2,3212.7,239.3,2.26,22.6,48.9,136.6,46.8,17,-33.22,6014,CLP-C8670,0
PEC-85308,Centro_Usinagem,Latao,Seco,Turno_3,2126.5,247.2,2.54,13.4,76.6,111.2,41.0,173,7.37,3599,CLP-AA43F,1
PEC-85309,Centro_Usinagem,Aluminio,Semi_Sintetico,Turno_1,3924.5,190.3,3.87,16.1,72.1,118.8,45.2,64,18.44,1702,CLP-7BE7C,1
PEC-85310,Torno_CNC,Aco_Inox,Sintetico,Turno_2,3387.2,288.5,4.19,22.7,70.2,144.0,43.1,50,-2.05,7598,CLP-55B8F,1
PEC-85311,Fresadora,Aluminio,Semi_Sintetico,Turno_2,3233.3,177.1,2.31,52.2,57.4,136.8,27.4,23,-32.45,9434,CLP-CAD61,1
PEC-85312,Celula_Robotica,Aco_Inox,Seco,Turno_2,3010.1,269.5,1.7,6.4,82.0,133.4,42.7,74,26.09,1179,CLP-6D2DF,1
PEC-85313,Celula_Robotica,Aluminio,Sintetico,Turno_1,3382.4,254.2,1.85,63.9,52.0,124.0,36.2,117,-4.64,6249,CLP-80F88,1
PEC-85314,torno_cnc,Aluminio,Sintetico,Turno_2,3403.1,172.5,2.81,54.7,65.6,110.6,40.9,101,-20.1,8849,CLP-86CE2,1
PEC-85315, TORNO_CNC ,Aco_Inox,Semi_Sintetico,Turno_1,3380.6,175.3,1.6,29.2,51.0,112.3,40.4,155,-13.84,8868,CLP-B26DB,1
PEC-85316,Torno_CNC,Aco_Inox,Soluvel,Turno_1,3680.6,207.3,4.14,22.9,62.8,123.5,45.5,148,17.93,5100,CLP-4CEA6,1
PEC-85317,Celula_Robotica,Aluminio,Soluvel,Turno_2,3782.9,232.8,2.17,9.2,80.3,126.6,47.4,140,-1.93,8382,CLP-E4D35,1
PEC-85318,Torno_CNC,Aco_Carbono,Semi_Sintetico,Turno_1,4102.5,324.0,4.46,17.0,70.7,105.5,48.7,166,-38.93,5275,CLP-70145,1
PEC-85319,torno_cnc,Aluminio,Soluvel,Turno_2,2823.4,244.5,0.94,9.1,53.9,138.7,25.8,58,29.73,3277,CLP-D3FE7,1
PEC-85320,Torno_CNC,Aluminio,Soluvel,Turno_2,2942.0,277.3,1.25,,58.7,141.1,56.4,128,7.26,3696,CLP-B9FE3,1
PEC-85321,Torno_CNC,Aco_Inox,Soluvel,Turno_3,3362.5,313.3,2.55,29.9,60.4,131.9,31.9,94,-10.24,1525,CLP-A9C8A,1
PEC-85322, TORNO_CNC ,Aluminio,Soluvel,Turno_1,2849.4,303.7,3.97,14.9,55.0,142.6,44.9,2,19.48,3143,CLP-32044,1
PEC-85323,Celula_Robotica,Aluminio,Seco,Turno_3,2921.9,249.6,1.92,5.6,68.3,129.6,38.4,160,-10.51,6097,CLP-D6A95,1
PEC-85324,Torno_CNC,Aluminio,Sintetico,Turno_2,3413.9,214.7,3.85,31.0,91.2,124.1,47.4,6,-2.58,9175,CLP-9A849,1
PEC-85325,torno_cnc,Aco_Inox,Sintetico,Turno_1,3605.4,274.9,2.2,53.8,58.3,120.8,30.4,58,2.8,7076,CLP-7F34E,1
PEC-85326,Torno_CNC,Aluminio,Seco,Turno_1,3774.2,215.7,3.91,55.9,88.2,115.2,57.4,106,5.95,4139,CLP-64FE4,1
PEC-85327,Torno_CNC,Aco_Inox,Seco,Turno_2,3113.3,340.7,1.61,13.4,65.0,119.9,42.1,87,9.67,2003,CLP-5B9C0,1
PEC-85328, TORNO_CNC ,Aco_Inox,Sintetico,Turno_3,3408.4,293.4,2.39,190.9,68.9,104.4,49.0,118,-19.28,6673,CLP-A75DB,1
PEC-85329,torno_cnc,Latao,Seco,Turno_2,3309.2,260.4,1.61,34.4,68.1,118.7,38.6,29,-34.29,2956,CLP-22223,0
PEC-85330,Torno_CNC,Aco_Inox,Soluvel,Turno_2,3207.9,275.6,1.36,19.1,44.6,102.5,58.3,117,15.34,8126,CLP-8C0E4,0
PEC-85331,Torno_CNC,Aco_Inox,Soluvel,Turno_1,2832.8,258.9,2.18,22.5,70.5,108.0,34.0,8,-16.1,9154,CLP-C940C,0
PEC-85332,Torno_CNC,Aluminio,Soluvel,Turno_1,2775.6,231.6,1.84,9.7,35.8,138.4,24.0,126,2.81,4014,CLP-778D4,0
PEC-85333,Torno_CNC,Aco_Carbono,Sintetico,Turno_1,3500.0,274.9,3.65,28.8,67.5,137.7,55.9,55,13.45,9579,CLP-87AE2,1
PEC-85334,Celula_Robotica,Aluminio,Sintetico,Turno_2,2825.2,237.9,3.49,54.0,67.0,107.4,35.6,43,15.58,1457,CLP-5D29B,1
PEC-85335,Celula_Robotica,Aco_Carbono,Sintetico,Turno_1,2400.4,346.8,1.93,23.4,46.6,133.1,44.4,13,-14.79,4415,CLP-1E556,0
PEC-85336,Torno_CNC,Aco_Carbono,Sintetico,Turno_1,3185.7,215.4,4.47,75.6,65.8,111.2,57.5,140,-12.85,7450,CLP-B4BF4,1
PEC-85337,torno_cnc,Aco_Inox,Soluvel,Turno_1,3854.9,275.4,4.4,27.7,61.5,110.0,41.8,147,-13.51,3483,CLP-BD2E5,1
PEC-85338,Centro_Usinagem,Aco_Inox,Soluvel,Turno_3,1942.3,210.9,4.17,85.8,63.2,140.9,47.1,15,-11.2,3587,CLP-E24EA,1
PEC-85339,Torno_CNC,Aco_Inox,Sintetico,Turno_2,3070.3,210.3,2.85,47.5,63.3,103.6,51.5,76,3.81,5815,CLP-5D278,1
PEC-85340,Centro_Usinagem,Aco_Carbono,Soluvel,Turno_1,3503.8,160.7,2.15,7.0,57.9,93.2,45.2,110,-24.59,9755,CLP-DE0A7,1
PEC-85341,Celula_Robotica,Aco_Inox,Sintetico,Turno_3,2379.4,270.6,1.75,7.4,65.9,110.0,55.4,5,-19.43,5242,CLP-32254,1
PEC-85342,Torno_CNC,Aco_Inox,Sintetico,Turno_1,3104.0,223.4,0.56,61.3,75.4,111.0,50.6,147,-2.23,4474,CLP-22BFB,1
PEC-85343,Torno_CNC,Aluminio,Sintetico,Turno_1,2687.2,304.2,3.03,20.4,62.1,114.4,37.8,2,9.52,5761,CLP-28093,0
PEC-85344,Celula_Robotica,Aluminio,Soluvel,Turno_1,2746.8,270.7,2.71,12.3,64.4,94.2,50.9,164,-13.37,2767,CLP-88454,1
PEC-85345,torno_cnc,Aluminio,Sintetico,Turno_1,3018.9,257.4,3.02,75.2,72.8,125.3,44.7,137,-4.61,9174,CLP-C0B13,1
PEC-85346,Torno_CNC,Aluminio,Semi_Sintetico,Turno_1,2694.6,179.5,2.8,148.2,92.2,148.4,44.8,123,-29.25,6205,CLP-8C2B9,1
PEC-85347,Torno_CNC,Aco_Inox,Seco,Turno_2,2657.2,279.2,1.05,,62.7,124.5,47.7,31,12.0,9263,CLP-4F8FF,1
PEC-85348, TORNO_CNC ,Aluminio,Semi_Sintetico,Turno_2,3173.3,216.9,3.28,50.2,44.6,116.7,52.4,47,7.3,8798,CLP-D4CE3,1
PEC-85349,Fresadora,Aluminio,Sintetico,Turno_2,,178.4,1.94,5.0,54.2,130.0,37.3,94,10.74,8525,CLP-BD737,1
PEC-85350,Fresadora,Latao,Soluvel,Turno_2,,271.5,2.57,8.9,72.2,121.1,55.4,14,-4.29,3361,CLP-7AB0A,0
PEC-85351,Celula_Robotica,Aco_Inox,Sintetico,Turno_3,3654.7,187.1,1.96,43.9,83.2,120.9,55.0,23,-5.67,3226,CLP-D5C81,1
PEC-85352,Torno_CNC,Aco_Carbono,Seco,Turno_1,3558.8,145.4,0.59,23.4,53.7,118.8,39.9,71,-2.77,1710,CLP-4A4CE,0
PEC-85353,torno_cnc,Aluminio,Soluvel,Turno_2,2886.1,314.9,4.01,5.7,64.5,123.3,59.1,21,-8.97,8472,CLP-20AB7,1
PEC-85354,torno_cnc,Aco_Inox,Soluvel,Turno_2,3339.9,222.0,1.09,52.3,65.2,113.8,43.6,105,6.62,8061,CLP-C52CE,1
PEC-85355, TORNO_CNC ,Aco_Carbono,Soluvel,Turno_3,3694.0,162.8,2.83,24.0,55.8,95.6,49.5,75,1.51,2272,CLP-84E3E,1
PEC-85356,Torno_CNC,Aco_Inox,Sintetico,Turno_1,3572.8,201.9,4.03,42.6,83.4,147.7,41.3,24,8.75,9021,CLP-3F3D9,1
PEC-85357,Celula_Robotica,Latao,Soluvel,Turno_1,3287.5,213.9,1.39,27.1,79.0,127.9,51.6,137,-1.47,1767,CLP-936E8,1
PEC-85358,Centro_Usinagem,Aco_Carbono,Soluvel,Turno_2,3434.0,307.2,2.15,5.9,69.1,109.5,41.4,18,-24.57,7704,CLP-AC350,0
PEC-85359, TORNO_CNC ,Aco_Inox,Semi_Sintetico,Turno_2,4308.3,166.9,2.01,40.4,60.0,125.3,46.3,149,-22.65,4195,CLP-AE7D9,1
PEC-85360,Fresadora,Aco_Inox,Sintetico,Turno_1,3577.7,183.1,0.86,59.3,76.5,103.1,24.1,137,-17.97,5795,CLP-9F152,1
PEC-85361,Torno_CNC,Aco_Inox,Soluvel,Turno_2,3058.2,299.0,2.19,10.9,71.2,125.7,41.2,173,-16.79,3642,CLP-292AE,1
PEC-85362,torno_cnc,Aco_Inox,Soluvel,Turno_1,3166.7,227.5,2.42,82.6,59.8,131.1,40.5,98,2.96,4254,CLP-D013C,1
PEC-85363,Fresadora,Aco_Inox,Soluvel,Turno_3,2725.6,261.4,0.61,12.0,76.7,135.5,29.9,81,-27.38,2616,CLP-619E9,0
PEC-85364,torno_cnc,Aco_Inox,Soluvel,Turno_1,4256.2,225.5,2.45,24.2,69.4,128.5,51.1,149,0.44,6737,CLP-9E190,1
PEC-85365,Celula_Robotica,Aluminio,Soluvel,Turno_1,3921.7,351.0,0.88,31.2,45.1,117.2,41.9,172,-21.34,2133,CLP-9076C,1
PEC-85366,Fresadora,Aco_Inox,Sintetico,Turno_1,3237.4,185.5,4.07,18.2,53.1,135.4,30.5,125,-0.05,7929,CLP-7DC61,1
PEC-85367, TORNO_CNC ,Aco_Carbono,Semi_Sintetico,Turno_2,4181.4,264.1,3.1,29.3,49.0,111.7,49.8,36,-9.81,8766,CLP-C99ED,1
PEC-85368,Fresadora,Aco_Carbono,Sintetico,Turno_1,3484.6,325.1,0.73,49.3,77.4,124.5,53.7,74,3.64,8774,CLP-CF194,1
PEC-85369,Torno_CNC,Aluminio,Soluvel,Turno_2,3006.1,231.3,3.81,48.9,56.6,109.1,43.9,94,2.14,6568,CLP-5438B,1
PEC-85370, TORNO_CNC ,Aco_Carbono,Sintetico,Turno_3,3607.9,212.3,1.95,94.4,72.5,123.4,32.9,36,4.32,2589,CLP-99B48,1
PEC-85371,Torno_CNC,Aco_Inox,Semi_Sintetico,Turno_1,3379.4,288.4,1.4,74.3,91.1,142.4,29.9,160,11.6,9786,CLP-D21DA,1
PEC-85372, TORNO_CNC ,Aco_Inox,Soluvel,Turno_2,3577.0,300.2,1.52,152.2,74.5,131.6,35.2,155,-16.14,5924,CLP-F38E3,1
PEC-85373,Fresadora,Aluminio,Soluvel,Turno_1,2583.9,210.0,2.89,36.7,60.0,133.8,38.4,65,13.05,2495,CLP-86B75,1
PEC-85374, TORNO_CNC ,Aluminio,Sintetico,Turno_1,,323.1,0.83,22.9,56.1,136.7,58.7,44,-7.84,2347,CLP-1C496,0
PEC-85375,Fresadora,Aluminio,Sintetico,Turno_1,3869.8,252.6,0.73,14.6,61.3,118.9,43.4,150,16.37,9417,CLP-A2007,1
PEC-85376,torno_cnc,Aco_Carbono,Soluvel,Turno_1,3961.9,275.4,3.01,14.8,52.7,106.9,34.8,94,12.23,4449,CLP-A38A7,1
PEC-85377,Torno_CNC,Latao,Sintetico,Turno_2,3836.8,324.4,4.43,10.7,51.3,92.2,40.1,42,-8.14,5164,CLP-954DD,1
PEC-85378,Centro_Usinagem,Aluminio,Sintetico,Turno_1,4198.4,288.4,2.43,50.4,55.3,103.7,53.6,64,25.36,6584,CLP-C06AE,1
PEC-85379,Torno_CNC,Aco_Carbono,Seco,Turno_3,3459.8,250.0,2.15,42.2,71.4,121.8,49.4,100,-17.23,2167,CLP-44269,1
PEC-85380,Torno_CNC,Aco_Inox,Soluvel,Turno_2,3428.2,216.4,4.29,17.1,58.7,89.5,45.4,140,-17.52,8128,CLP-DF3DD,1
PEC-85381,torno_cnc,Aco_Inox,Semi_Sintetico,Turno_2,2789.1,385.4,1.46,82.9,62.3,122.7,43.7,53,6.29,4742,CLP-685D1,1
PEC-85382,Torno_CNC,Aco_Carbono,Soluvel,Turno_3,,210.5,1.46,33.1,70.6,127.4,45.0,177,-3.36,7398,CLP-B037F,1
PEC-85383,Torno_CNC,Aluminio,Sintetico,Turno_3,2305.3,265.9,4.12,7.5,73.7,96.5,46.2,6,37.41,1196,CLP-86AEF,0
PEC-85384,Fresadora,Aluminio,Sintetico,Turno_2,3055.3,275.5,3.09,7.2,41.8,133.2,43.4,99,9.23,4149,CLP-563C6,1
PEC-85385,torno_cnc,Aco_Inox,Soluvel,Turno_2,,277.9,0.72,10.4,44.3,113.7,45.8,109,19.39,7489,CLP-D9906,0
PEC-85386, TORNO_CNC ,Aluminio,Semi_Sintetico,Turno_1,3686.4,356.4,3.2,13.3,60.4,95.5,42.6,151,-1.53,2815,CLP-68E8B,1
PEC-85387,Celula_Robotica,Aco_Inox,Soluvel,Turno_2,3374.8,252.4,3.78,81.4,51.6,94.6,38.2,4,-27.34,3275,CLP-43DA0,1
PEC-85388,torno_cnc,Aluminio,Sintetico,Turno_2,2288.2,245.2,1.6,57.7,75.3,119.2,42.9,102,-24.24,7626,CLP-CF022,1
PEC-85389,Centro_Usinagem,Aco_Inox,Soluvel,Turno_3,3114.6,327.6,2.03,12.9,59.4,121.3,47.6,171,6.83,1788,CLP-D6ED4,1
PEC-85390,Torno_CNC,Aco_Inox,Sintetico,Turno_1,4085.4,243.2,1.29,15.0,86.6,119.8,39.2,83,-12.33,3267,CLP-AE5B0,1
PEC-85391,torno_cnc,Aco_Inox,Soluvel,Turno_1,3143.5,293.8,3.03,,59.1,135.6,48.4,2,-8.45,8246,CLP-8E056,1
PEC-85392,Centro_Usinagem,Aco_Inox,Semi_Sintetico,Turno_1,2750.7,259.7,3.16,76.8,68.7,120.9,51.6,19,-2.0,9144,CLP-E1F1D,1
PEC-85393,torno_cnc,Aco_Carbono,Semi_Sintetico,Turno_3,2396.5,296.0,0.77,,57.0,111.3,47.7,1,-3.37,2144,CLP-3D02B,0
PEC-85394,Fresadora,Aco_Inox,Semi_Sintetico,Turno_1,2410.0,286.3,3.21,31.1,70.9,115.2,40.5,117,-7.15,9310,CLP-EAE10,1
PEC-85395, TORNO_CNC ,Aco_Inox,Soluvel,Turno_2,3441.0,229.8,3.13,82.4,71.1,136.2,45.8,71,-21.74,4588,CLP-19102,1
PEC-85396,Torno_CNC,Aluminio,Sintetico,Turno_2,3004.8,157.8,0.64,56.5,75.7,103.2,46.2,69,-1.02,8113,CLP-96F16,1
PEC-85397, TORNO_CNC ,Aluminio,Soluvel,Turno_1,3042.1,166.3,2.72,82.7,63.4,122.4,46.6,104,-12.02,9805,CLP-65FC2,1
PEC-85398, TORNO_CNC ,Aco_Inox,Semi_Sintetico,Turno_2,3006.6,158.0,2.96,16.4,80.2,123.1,56.9,135,2.89,6072,CLP-8ED6A,1
PEC-85399,Centro_Usinagem,Aco_Inox,Sintetico,Turno_2,3136.9,245.4,2.22,,68.6,135.3,35.7,54,-13.53,2712,CLP-3653A,0
PEC-85400,Torno_CNC,Latao,Sintetico,Turno_1,2647.8,132.4,4.11,9.2,57.3,121.7,46.7,166,12.88,9540,CLP-B8832,1
PEC-85401,Celula_Robotica,Aluminio,Sintetico,Turno_2,3342.2,242.0,1.81,38.5,57.4,105.7,41.8,116,-11.18,9111,CLP-D3733,1
PEC-85402,Celula_Robotica,Aco_Inox,Soluvel,Turno_3,2559.8,256.7,0.77,17.7,73.7,122.9,35.0,10,26.68,1916,CLP-E92EA,1
PEC-85403,Torno_CNC,Aluminio,Sintetico,Turno_3,2859.9,292.8,3.19,47.3,80.2,130.8,34.9,24,-26.67,9622,CLP-50E9A,1
PEC-85404,Torno_CNC,Aco_Inox,Soluvel,Turno_2,3654.9,275.2,2.92,,51.5,122.1,52.0,6,4.99,9181,CLP-7EA95,1
PEC-85405,Centro_Usinagem,Aco_Inox,Seco,Turno_2,3369.3,295.1,4.46,43.3,74.0,136.4,33.8,106,-9.85,1876,CLP-E013B,1
PEC-85406,Celula_Robotica,Aluminio,Semi_Sintetico,Turno_1,3508.6,270.7,1.43,48.1,47.2,100.4,47.4,167,-9.79,2038,CLP-5A32B,1
PEC-85407, TORNO_CNC ,Aco_Carbono,Sintetico,Turno_3,4167.7,233.8,2.08,73.1,57.6,117.6,46.1,7,3.5,8893,CLP-8B064,1
PEC-85408,Torno_CNC,Aco_Inox,Seco,Turno_1,3173.2,244.7,2.34,45.7,70.9,120.1,38.1,119,2.59,6579,CLP-25246,1
PEC-85409,torno_cnc,Aco_Carbono,Soluvel,Turno_2,3209.7,207.4,3.95,30.9,54.8,131.6,51.7,94,-2.88,6343,CLP-C8D96,1
PEC-85410,Fresadora,Aco_Inox,Seco,Turno_1,3081.1,261.4,2.16,58.7,82.6,133.5,35.5,176,-2.72,1016,CLP-87C39,1
PEC-85411,Torno_CNC,Aco_Inox,Soluvel,Turno_1,3000.5,170.8,3.59,16.7,72.3,120.4,40.6,33,-17.82,4290,CLP-D3607,1
PEC-85412,Fresadora,Aco_Inox,Sintetico,Turno_1,2745.2,303.3,1.13,44.6,50.8,114.6,36.3,67,10.69,4965,CLP-1E76B,0
PEC-85413,Torno_CNC,Aco_Inox,Sintetico,Turno_2,3237.8,202.2,2.14,50.1,72.9,122.8,51.1,167,1.29,7094,CLP-7A5E1,1
PEC-85414,Torno_CNC,Latao,Soluvel,Turno_2,3359.8,257.7,1.12,22.4,49.2,102.9,54.5,64,0.65,5044,CLP-60766,0
PEC-85415, TORNO_CNC ,Aluminio,Soluvel,Turno_2,3384.8,266.1,4.3,162.7,65.0,112.7,47.0,4,-1.62,8849,CLP-3AA2B,1
PEC-85416, TORNO_CNC ,Aco_Inox,Soluvel,Turno_1,3229.0,308.1,1.21,20.4,75.5,128.5,65.3,165,23.6,2141,CLP-B488A,1
PEC-85417,Torno_CNC,Latao,Seco,Turno_3,3616.8,165.9,2.18,8.1,73.5,125.3,48.6,69,-31.45,4434,CLP-8DC6A,1
PEC-85418, TORNO_CNC ,Aco_Carbono,Soluvel,Turno_1,3213.2,233.7,0.83,17.7,64.0,110.1,50.1,31,-8.27,4444,CLP-ADAB7,0
PEC-85419,Torno_CNC,Aco_Carbono,Sintetico,Turno_1,3015.8,277.5,4.19,8.7,60.9,108.3,53.1,40,-8.5,9672,CLP-980F4,1
PEC-85420,Torno_CNC,Latao,Semi_Sintetico,Turno_2,,337.6,3.0,19.5,51.1,108.0,39.6,173,13.46,3340,CLP-87690,1
PEC-85421,Torno_CNC,Aco_Inox,Soluvel,Turno_3,2503.0,248.1,4.35,9.8,67.2,109.0,48.3,41,11.52,8221,CLP-C6B6B,1
PEC-85422,Celula_Robotica,Aco_Carbono,Soluvel,Turno_1,3857.2,220.3,0.67,25.3,74.7,122.2,37.3,160,-20.75,7558,CLP-4D25F,1
PEC-85423, TORNO_CNC ,Aluminio,Sintetico,Turno_2,2885.4,351.3,1.2,57.7,89.8,138.0,34.5,80,18.87,2075,CLP-9293B,1
PEC-85424, TORNO_CNC ,Aco_Carbono,Soluvel,Turno_2,2783.4,290.1,2.02,7.4,59.5,139.8,53.7,142,2.45,1656,CLP-D468F,1
PEC-85425,torno_cnc,Aco_Carbono,Semi_Sintetico,Turno_3,3012.1,318.7,2.99,34.0,75.2,106.2,38.2,176,28.08,3372,CLP-CB981,1
PEC-85426,Celula_Robotica,Aco_Inox,Soluvel,Turno_1,3074.7,189.5,1.82,6.6,74.2,124.9,46.5,173,-14.72,4833,CLP-966C4,1
PEC-85427,Torno_CNC,Aco_Carbono,Soluvel,Turno_2,3937.3,276.1,3.35,80.6,59.3,124.2,58.1,100,10.4,4778,CLP-91D60,1
PEC-85428,Fresadora,Aco_Inox,Sintetico,Turno_1,3052.3,195.8,1.16,94.0,73.7,123.2,30.5,70,-16.14,1220,CLP-E2165,1
PEC-85429,Fresadora,Aco_Inox,Soluvel,Turno_1,,184.7,2.9,28.7,55.2,105.3,50.2,128,-0.35,2196,CLP-83C1F,1
PEC-85430,Fresadora,Aco_Inox,Seco,Turno_1,3228.7,279.1,2.09,56.3,68.1,108.9,44.8,143,-29.14,6733,CLP-4C016,1
PEC-85431,Torno_CNC,Latao,Semi_Sintetico,Turno_3,4125.7,282.6,2.53,36.5,62.5,125.2,44.4,11,-19.87,3205,CLP-82A23,1
PEC-85432,Fresadora,Aco_Inox,Soluvel,Turno_1,3602.3,225.9,2.78,19.6,70.3,114.2,45.5,90,-19.42,8522,CLP-6C707,1
PEC-85433,Torno_CNC,Aluminio,Soluvel,Turno_3,3362.5,321.6,0.74,,71.3,121.4,45.1,85,-4.47,1130,CLP-E32D9,0
PEC-85434,torno_cnc,Aco_Inox,Soluvel,Turno_1,3910.0,231.5,4.2,54.7,58.7,104.8,49.2,17,12.72,4912,CLP-8D649,1
PEC-85435,Fresadora,Latao,Soluvel,Turno_3,3705.0,236.5,3.64,,64.9,112.7,36.6,155,-5.53,7752,CLP-511DD,1
PEC-85436,Torno_CNC,Aco_Inox,Sintetico,Turno_2,3485.6,248.2,2.27,93.5,63.5,100.0,49.0,159,5.67,7749,CLP-F0FAC,1
PEC-85437,Centro_Usinagem,Aco_Carbono,Semi_Sintetico,Turno_1,4242.9,237.9,2.69,135.1,51.9,124.0,36.0,116,-22.05,6726,CLP-E2632,1
PEC-85438,Torno_CNC,Aco_Carbono,Soluvel,Turno_2,2975.7,313.9,0.63,13.3,60.6,114.8,61.8,161,15.35,2422,CLP-60BF4,1
PEC-85439,Centro_Usinagem,Aluminio,Soluvel,Turno_1,2752.3,197.9,2.49,33.8,58.1,124.0,44.2,2,8.33,9549,CLP-51FDC,1
PEC-85440, TORNO_CNC ,Aco_Inox,Soluvel,Turno_1,2895.7,212.3,2.21,31.9,51.5,114.5,46.4,23,10.59,2349,CLP-A5278,0
PEC-85441,Torno_CNC,Aco_Carbono,Soluvel,Turno_2,3988.5,190.4,2.0,75.9,55.4,123.5,59.2,37,-19.43,8401,CLP-2F876,1
PEC-85442,Torno_CNC,Latao,Sintetico,Turno_2,3852.8,344.2,3.76,46.1,61.9,147.1,38.8,130,-19.86,9226,CLP-A3476,1
PEC-85443,Celula_Robotica,Aco_Carbono,Sintetico,Turno_2,2963.6,233.8,1.23,37.7,65.7,112.1,44.9,164,-5.37,8393,CLP-BC69A,1
PEC-85444,Torno_CNC,Aco_Inox,Soluvel,Turno_3,2140.4,211.6,1.21,44.8,50.1,127.4,33.7,13,7.59,5634,CLP-B50A5,0
PEC-85445,Torno_CNC,Aco_Carbono,Soluvel,Turno_1,3107.4,235.6,2.59,22.3,79.4,110.1,37.2,132,32.17,9169,CLP-650B1,1
PEC-85446,Torno_CNC,Aco_Inox,Seco,Turno_3,2744.0,292.5,3.25,117.9,72.4,118.0,33.6,115,-8.06,7824,CLP-EC622,1
PEC-85447,Fresadora,Aluminio,Soluvel,Turno_3,2977.7,283.2,0.59,7.1,64.0,127.1,51.4,139,10.98,6781,CLP-BDFC7,1
PEC-85448,torno_cnc,Aco_Carbono,Semi_Sintetico,Turno_1,2725.5,221.2,2.68,6.0,50.4,124.2,49.6,40,-19.33,7311,CLP-E10C1,0
PEC-85449,Torno_CNC,Aco_Inox,Soluvel,Turno_1,2475.7,230.0,1.69,23.8,62.4,130.4,41.5,17,-25.24,5988,CLP-45D65,1
PEC-85450,Torno_CNC,Aco_Carbono,Semi_Sintetico,Turno_2,4047.4,177.2,3.53,10.9,61.7,134.3,40.9,39,31.52,6468,CLP-984C1,1
PEC-85451,Torno_CNC,Aluminio,Sintetico,Turno_2,2892.3,256.9,2.38,32.5,52.0,130.0,52.8,167,-10.93,1825,CLP-6B4CC,0
PEC-85452,Torno_CNC,Aco_Carbono,Soluvel,Turno_1,3835.7,314.1,3.84,5.3,51.1,133.8,45.0,100,-3.54,9633,CLP-42DE1,1
PEC-85453, TORNO_CNC ,Aco_Inox,Semi_Sintetico,Turno_1,3100.4,220.9,2.09,26.5,74.2,123.2,38.1,107,-42.93,5524,CLP-5D06E,1
PEC-85454,Fresadora,Aluminio,Sintetico,Turno_2,2691.1,281.8,3.81,17.2,61.1,109.1,53.6,69,-9.89,1139,CLP-D82FE,1
PEC-85455,Torno_CNC,Aco_Carbono,Soluvel,Turno_2,3429.1,220.9,3.37,12.9,75.6,132.0,43.9,121,3.08,4780,CLP-25600,1
PEC-85456, TORNO_CNC ,Aco_Inox,Soluvel,Turno_1,,195.2,3.81,25.6,64.8,114.3,50.4,30,-21.37,2732,CLP-E15CA,1
PEC-85457, TORNO_CNC ,Aco_Inox,Sintetico,Turno_3,3106.8,284.0,3.75,72.5,74.0,130.4,45.6,71,1.81,6937,CLP-572D3,1
PEC-85458,Celula_Robotica,Latao,Sintetico,Turno_2,3265.2,367.4,2.45,42.3,73.6,101.2,61.6,62,-2.88,8561,CLP-E5CA1,1
PEC-85459,Celula_Robotica,Aco_Inox,Sintetico,Turno_1,2834.5,277.2,1.97,11.1,70.6,114.7,43.3,64,14.96,7207,CLP-32E7C,1
PEC-85460,Centro_Usinagem,Latao,Sintetico,Turno_2,2470.5,229.3,3.56,29.2,79.2,109.6,28.9,46,13.43,3821,CLP-DD4A7,1
PEC-85461,Torno_CNC,Aco_Inox,Sintetico,Turno_1,3176.9,232.5,1.95,98.9,66.2,125.9,43.2,55,18.52,9886,CLP-2DB23,1
PEC-85462,Torno_CNC,Aco_Inox,Semi_Sintetico,Turno_2,3633.8,345.5,0.86,25.2,47.1,111.3,47.1,2,12.55,3241,CLP-9B560,1
PEC-85463,Torno_CNC,Aco_Carbono,Sintetico,Turno_1,2794.3,265.3,3.94,27.3,49.0,119.8,48.7,104,-14.0,6817,CLP-5AB9F,1
PEC-85464,Torno_CNC,Aluminio,Soluvel,Turno_1,3269.3,211.7,2.09,104.3,57.2,117.8,51.5,123,5.15,6686,CLP-C151D,1
PEC-85465,torno_cnc,Aluminio,Seco,Turno_1,3877.5,246.9,1.03,10.1,73.9,135.4,40.4,118,-5.66,5814,CLP-534DA,1
PEC-85466,Fresadora,Aluminio,Soluvel,Turno_1,999999.0,260.8,3.09,51.5,60.2,127.1,57.5,158,15.5,6727,CLP-3A0E0,1
PEC-85467,Centro_Usinagem,Aco_Carbono,Soluvel,Turno_2,3238.7,273.5,4.06,17.4,67.5,124.3,52.7,42,-2.6,3689,CLP-F051F,1
PEC-85468,Centro_Usinagem,Aco_Inox,Sintetico,Turno_2,3224.8,325.6,3.94,75.3,71.4,120.3,46.0,93,2.79,5894,CLP-5DC8E,1
PEC-85469, TORNO_CNC ,Aluminio,Soluvel,Turno_1,2892.9,313.8,2.72,7.0,67.0,108.5,39.4,174,2.28,9362,CLP-A2ACB,1
PEC-85470,Fresadora,Aco_Inox,Soluvel,Turno_1,2753.0,259.9,0.85,167.6,37.5,106.8,60.4,79,13.34,7464,CLP-85978,1
PEC-85471,Torno_CNC,Aluminio,Soluvel,Turno_3,2754.8,247.9,3.29,56.2,50.8,124.2,50.8,121,-24.8,1586,CLP-8AB31,1
PEC-85472,Torno_CNC,Aco_Inox,Sintetico,Turno_1,3365.7,269.8,2.94,16.7,86.2,98.8,41.1,139,1.33,9785,CLP-4C06B,1
PEC-85473,Fresadora,Aco_Inox,Seco,Turno_1,3541.0,219.6,1.34,55.1,68.9,119.4,56.2,71,7.2,3368,CLP-B992A,1
PEC-85474,Torno_CNC,Aluminio,Sintetico,Turno_2,3562.3,299.0,4.1,94.7,32.6,121.6,46.8,147,-3.45,3342,CLP-D6EA4,1
PEC-85475, TORNO_CNC ,Aco_Inox,Sintetico,Turno_3,3029.7,239.8,0.85,9.2,65.8,98.8,57.1,94,-14.07,3216,CLP-E1A5C,1
PEC-85476,Torno_CNC,Aco_Inox,Soluvel,Turno_3,3692.0,274.5,1.99,90.7,86.6,119.2,38.3,57,6.02,5462,CLP-C1126,1
PEC-85477,Fresadora,Aluminio,Soluvel,Turno_2,3338.3,335.7,0.88,20.6,68.3,120.1,43.4,64,19.93,3142,CLP-6285A,1
PEC-85478,Fresadora,Aluminio,Soluvel,Turno_1,3231.8,277.6,4.15,5.2,65.5,151.2,56.1,166,6.29,7518,CLP-83E54,1
PEC-85479,Torno_CNC,Aco_Carbono,Soluvel,Turno_2,1697.3,261.5,0.64,9.2,43.1,120.1,39.6,7,1.78,8731,CLP-887C4,0
PEC-85480,Centro_Usinagem,Aluminio,Soluvel,Turno_1,2832.2,224.1,2.2,80.6,61.7,133.1,43.0,164,-20.19,8645,CLP-3AE8A,1
PEC-85481,Torno_CNC,Aco_Inox,Soluvel,Turno_1,2515.5,246.1,3.95,146.9,45.3,126.7,23.1,14,29.81,4355,CLP-4705C,1
PEC-85482, TORNO_CNC ,Aluminio,Soluvel,Turno_2,3482.2,193.2,1.51,84.0,50.3,123.9,48.3,88,10.24,2954,CLP-E8E42,1
PEC-85483,Fresadora,Aco_Inox,Sintetico,Turno_2,3242.8,276.7,0.92,,47.6,132.4,54.2,75,11.01,2850,CLP-2A894,0
PEC-85484,Fresadora,Aco_Carbono,Semi_Sintetico,Turno_1,2717.6,143.3,1.01,118.9,85.9,98.4,37.6,112,2.11,3723,CLP-DFF40,1
PEC-85485,Celula_Robotica,Latao,Seco,Turno_1,3337.0,298.4,2.12,23.3,73.7,118.7,48.6,167,8.24,5743,CLP-ADB68,1
PEC-85486,Torno_CNC,Aluminio,Sintetico,Turno_3,2559.4,286.6,2.21,9.2,81.8,124.2,40.7,27,24.34,4712,CLP-84E30,0
PEC-85487,Fresadora,Aluminio,Soluvel,Turno_3,2730.3,254.9,3.37,19.6,49.1,105.6,32.9,154,-8.47,2954,CLP-A35DB,1
PEC-85488,Fresadora,Aco_Inox,Sintetico,Turno_2,2880.4,223.3,1.45,230.8,67.3,119.3,42.4,159,25.86,2739,CLP-71E4E,1
PEC-85489,Centro_Usinagem,Aluminio,Soluvel,Turno_2,3443.1,249.2,3.31,39.4,52.9,121.4,40.4,142,18.1,8901,CLP-1B462,1
PEC-85490,Torno_CNC,Aco_Carbono,Sintetico,Turno_3,3829.7,161.3,4.5,19.5,54.2,117.5,46.0,60,11.24,5562,CLP-E5A87,1
PEC-85491,Fresadora,Aco_Inox,Semi_Sintetico,Turno_2,2936.3,291.2,3.96,39.3,70.6,106.7,42.6,136,-8.02,1133,CLP-EAF30,1
PEC-85492,torno_cnc,Aco_Inox,Sintetico,Turno_2,3795.1,241.8,3.04,24.6,67.1,108.7,55.7,38,17.49,4240,CLP-52FEC,1
PEC-85493,Torno_CNC,Aluminio,Seco,Turno_1,3221.3,325.8,4.26,6.8,68.4,115.2,40.5,171,-14.58,2559,CLP-C82A2,1
PEC-85494, TORNO_CNC ,Aco_Carbono,Sintetico,Turno_1,3306.3,269.6,4.46,12.9,49.9,125.8,44.0,93,11.4,2663,CLP-84E72,0
PEC-85495,Torno_CNC,Aco_Inox,Sintetico,Turno_2,3171.3,261.6,2.78,5.7,66.5,121.4,46.9,32,-20.43,7762,CLP-32F44,1
PEC-85496,torno_cnc,Latao,Soluvel,Turno_1,3111.2,270.0,1.59,15.3,69.2,123.0,44.6,84,-16.38,4925,CLP-D874D,0
PEC-85497,Centro_Usinagem,Aco_Inox,Seco,Turno_1,3397.7,201.2,4.16,52.1,56.9,116.5,40.7,173,0.37,4075,CLP-DB941,1
PEC-85498,torno_cnc,Aco_Inox,Soluvel,Turno_2,3533.1,227.5,3.88,12.5,61.7,107.4,45.4,86,5.93,7524,CLP-558C6,1
PEC-85499,Fresadora,Aco_Carbono,Seco,Turno_1,2801.9,256.6,0.84,31.3,45.3,115.4,49.2,129,-28.09,4352,CLP-9766D,1
PEC-85500,torno_cnc,Aco_Inox,Soluvel,Turno_3,3114.8,234.9,4.25,47.3,39.1,107.5,52.2,161,-30.83,3636,CLP-29BAB,1
PEC-85501,Torno_CNC,Aluminio,Soluvel,Turno_1,3951.2,221.2,1.96,32.8,89.1,74.6,28.1,105,-19.53,7635,CLP-4423B,1
PEC-85502,Torno_CNC,Aco_Inox,Semi_Sintetico,Turno_2,3279.7,235.9,1.79,5.5,67.5,119.8,49.1,31,14.36,5631,CLP-8D046,1
PEC-85503, TORNO_CNC ,Aco_Inox,Soluvel,Turno_2,3329.0,252.2,1.87,20.8,60.7,116.1,39.6,103,14.83,6671,CLP-C1161,0
PEC-85504,Torno_CNC,Aco_Inox,Semi_Sintetico,Turno_2,3725.3,365.9,1.78,25.4,74.6,138.5,54.3,134,-12.5,6460,CLP-40746,1
PEC-85505,Torno_CNC,Latao,Soluvel,Turno_1,2974.4,233.7,2.56,19.7,54.6,130.3,52.5,33,-14.87,1565,CLP-CC110,1
PEC-85506,torno_cnc,Aluminio,Semi_Sintetico,Turno_2,3184.7,216.1,2.82,32.7,66.3,127.1,52.4,70,-16.32,3638,CLP-39645,1
PEC-85507,Torno_CNC,Aco_Carbono,Sintetico,Turno_3,3567.6,242.4,2.2,,78.3,105.0,40.3,47,-18.45,2062,CLP-DB8FA,1
PEC-85508,Torno_CNC,Aco_Inox,Sintetico,Turno_3,,325.1,2.15,12.3,51.8,135.3,33.9,86,-8.86,8358,CLP-B601C,0
PEC-85509, TORNO_CNC ,Aluminio,Soluvel,Turno_2,2135.7,328.7,3.45,53.8,59.1,122.1,55.2,146,1.3,8245,CLP-18BD7,1
PEC-85510,Torno_CNC,Aluminio,Soluvel,Turno_3,2868.5,347.5,0.51,11.2,48.4,114.6,54.4,118,27.48,1384,CLP-6FE1A,0
PEC-85511,Celula_Robotica,Latao,Semi_Sintetico,Turno_1,2750.7,253.0,4.29,26.5,75.0,108.3,29.0,170,-4.53,7523,CLP-DE1C1,1
PEC-85512,Centro_Usinagem,Aco_Carbono,Soluvel,Turno_3,3144.3,282.1,3.36,54.4,67.5,110.2,56.0,90,6.01,6572,CLP-CE39F,1
PEC-85513,Fresadora,Aco_Carbono,Soluvel,Turno_3,2784.8,197.5,3.33,46.8,79.1,116.2,47.8,122,25.65,6137,CLP-D1F98,0
PEC-85514,Torno_CNC,Aco_Inox,Sintetico,Turno_2,3498.8,232.3,2.19,24.8,75.1,104.6,46.1,82,-6.44,4177,CLP-2C83B,1
PEC-85515,Fresadora,Aluminio,Soluvel,Turno_3,3277.6,194.2,4.36,59.4,61.9,120.6,38.4,136,-2.24,7075,CLP-AF88A,1
PEC-85516,Centro_Usinagem,Aluminio,Soluvel,Turno_2,3600.1,273.7,0.5,48.8,69.9,117.5,53.1,6,1.31,6674,CLP-50489,1
PEC-85517,Fresadora,Latao,Soluvel,Turno_1,3628.9,251.9,0.81,22.0,70.1,130.3,41.3,47,7.46,5551,CLP-B9EDD,1
PEC-85518,Torno_CNC,Aco_Inox,Soluvel,Turno_3,3505.6,261.3,3.72,84.1,73.8,117.8,41.3,31,3.45,5021,CLP-A48CD,1
PEC-85519,Fresadora,Aco_Inox,Semi_Sintetico,Turno_2,3048.9,207.7,3.45,10.4,82.6,92.7,27.9,97,1.31,5923,CLP-57C3A,0
PEC-85520,Centro_Usinagem,Aluminio,Soluvel,Turno_2,,292.5,1.59,20.5,51.9,115.4,39.0,83,26.64,4187,CLP-7F2E8,1
PEC-85521,torno_cnc,Aco_Inox,Seco,Turno_2,2992.6,129.6,2.88,46.9,42.5,103.1,37.1,155,4.08,3455,CLP-D79FC,1
PEC-85522,Fresadora,Aco_Inox,Soluvel,Turno_3,,237.4,2.63,77.2,52.4,111.1,28.4,59,-12.94,9021,CLP-E7667,1
PEC-85523, TORNO_CNC ,Aco_Carbono,Soluvel,Turno_2,3629.2,244.7,2.61,18.6,70.7,105.8,57.5,82,-1.73,7111,CLP-8FC95,1
PEC-85524,torno_cnc,Aluminio,Sintetico,Turno_1,3162.2,148.9,2.88,,70.0,151.4,44.0,4,-33.21,8792,CLP-AA1D3,1
PEC-85525,Torno_CNC,Aco_Carbono,Soluvel,Turno_2,2523.8,269.2,4.47,5.4,58.2,114.9,33.6,87,0.38,1696,CLP-E8A06,0
PEC-85526,Fresadora,Aco_Carbono,Sintetico,Turno_3,3441.6,241.3,4.45,21.2,61.7,130.8,37.3,136,-1.65,8325,CLP-6A621,1
PEC-85527,Torno_CNC,Aco_Inox,Semi_Sintetico,Turno_2,,278.1,4.43,19.1,55.0,115.4,40.4,152,3.28,9596,CLP-8FA97,1
PEC-85528, TORNO_CNC ,Aluminio,Soluvel,Turno_3,2273.1,350.0,2.69,69.7,63.7,116.6,40.2,133,27.62,6518,CLP-424F0,1
PEC-85529,Torno_CNC,Aco_Inox,Semi_Sintetico,Turno_3,2581.8,266.2,1.77,7.7,56.7,112.9,51.4,176,-11.83,2368,CLP-53B86,1
PEC-85530,torno_cnc,Latao,Soluvel,Turno_2,2884.7,298.6,2.74,7.2,84.6,109.6,42.8,107,13.09,6023,CLP-BA185,1
PEC-85531,Torno_CNC,Aluminio,Soluvel,Turno_1,3294.7,319.0,2.99,25.5,80.9,109.9,45.8,14,0.87,4030,CLP-1C3C3,1
PEC-85532,Fresadora,Aco_Inox,Soluvel,Turno_1,3554.6,274.6,1.75,23.3,73.7,125.6,42.9,139,-31.96,1114,CLP-BD66D,1
PEC-85533,Fresadora,Aco_Inox,Seco,Turno_2,3539.2,206.7,3.03,11.2,65.4,119.1,54.3,77,-13.17,5521,CLP-A2F36,1
PEC-85534,Torno_CNC,Aluminio,Soluvel,Turno_2,3471.3,168.0,2.99,15.7,78.7,139.9,56.0,22,-2.05,1090,CLP-855A0,1
PEC-85535,Torno_CNC,Aco_Inox,Semi_Sintetico,Turno_3,,268.7,4.11,133.0,66.2,116.7,43.9,142,-13.31,3564,CLP-3EFE0,1
PEC-85536,Torno_CNC,Aco_Inox,Sintetico,Turno_3,3975.0,230.0,1.45,30.2,66.9,115.9,37.4,20,12.67,7612,CLP-651E2,1
PEC-85537,Centro_Usinagem,Aco_Carbono,Soluvel,Turno_1,3514.9,314.2,3.29,8.2,44.3,120.6,44.1,129,-2.79,5566,CLP-E2E87,1
PEC-85538,torno_cnc,Aco_Carbono,Soluvel,Turno_2,3299.9,226.2,2.3,6.8,68.1,129.1,20.1,21,-20.55,4348,CLP-722F6,1
PEC-85539, TORNO_CNC ,Aco_Inox,Semi_Sintetico,Turno_2,3455.0,249.3,1.02,6.5,49.5,121.7,47.5,51,-7.01,7316,CLP-B193B,1
PEC-85540,Torno_CNC,Aluminio,Sintetico,Turno_1,3020.4,192.0,1.76,22.2,60.2,140.2,34.1,89,-11.11,1850,CLP-B656F,1
PEC-85541,Fresadora,Aco_Carbono,Soluvel,Turno_2,3174.2,232.8,0.73,75.2,67.0,158.7,43.2,92,3.5,2471,CLP-483FC,1
PEC-85542,Centro_Usinagem,Aco_Inox,Semi_Sintetico,Turno_3,2263.1,202.9,1.78,67.6,54.2,132.3,48.8,101,9.64,8023,CLP-F3780,1
PEC-85543,Centro_Usinagem,Aco_Carbono,Soluvel,Turno_1,3026.0,207.4,0.78,21.1,70.7,125.6,40.4,96,-22.14,2219,CLP-2403F,1
PEC-85544,Fresadora,Aco_Inox,Seco,Turno_1,3991.9,247.4,4.2,,77.6,90.0,41.5,100,-7.06,7834,CLP-CA016,1
PEC-85545,Torno_CNC,Aluminio,Semi_Sintetico,Turno_1,3266.8,219.7,0.91,53.8,54.4,140.8,47.1,36,-2.23,8151,CLP-5C38E,1
PEC-85546,Torno_CNC,Aluminio,Sintetico,Turno_1,3248.0,381.5,3.77,28.1,66.4,138.4,40.5,130,27.84,1332,CLP-F34B6,1
PEC-85547,Torno_CNC,Aluminio,Semi_Sintetico,Turno_2,3649.4,291.8,4.12,23.1,50.0,143.0,52.4,40,10.44,1322,CLP-84B4E,1
PEC-85548,Torno_CNC,Aco_Carbono,Sintetico,Turno_1,3361.0,304.2,2.37,12.0,51.0,131.9,51.2,157,-3.57,5164,CLP-BF14E,0
PEC-85549,Torno_CNC,Aco_Inox,Sintetico,Turno_3,2846.1,244.5,0.72,16.4,68.7,105.8,49.5,176,-11.62,9713,CLP-9179C,1
PEC-85550,Torno_CNC,Aco_Inox,Sintetico,Turno_1,3210.6,255.3,2.88,19.5,73.6,105.5,40.0,110,-1.46,9315,CLP-D04CD,1
PEC-85551, TORNO_CNC ,Aluminio,Soluvel,Turno_2,2689.2,228.5,1.44,63.6,46.9,103.6,49.6,144,-30.18,6383,CLP-CED14,1
PEC-85552,Celula_Robotica,Aco_Carbono,Sintetico,Turno_1,3282.6,381.2,1.21,33.2,89.6,121.2,39.1,73,-0.29,1839,CLP-7D540,1
PEC-85553,Fresadora,Aco_Inox,Soluvel,Turno_3,2823.0,244.6,2.77,12.9,59.0,109.5,44.3,104,11.38,6574,CLP-35A16,1
PEC-85554,Centro_Usinagem,Aco_Carbono,Soluvel,Turno_2,3617.7,219.8,1.93,,67.5,132.9,23.9,109,-11.14,1643,CLP-BD39A,1
PEC-85555,Fresadora,Aco_Inox,Soluvel,Turno_3,2970.4,212.3,3.42,29.0,58.6,111.4,54.3,133,-4.47,1727,CLP-57619,1
PEC-85556,Torno_CNC,Aco_Inox,Soluvel,Turno_3,2828.9,266.8,2.87,43.4,61.6,115.1,58.8,141,14.41,6023,CLP-8789E,1
PEC-85557,Fresadora,Aco_Carbono,Soluvel,Turno_2,,321.1,3.82,64.8,83.2,124.0,46.8,89,-20.76,4224,CLP-B9E49,1
PEC-85558,Torno_CNC,Aco_Inox,Semi_Sintetico,Turno_3,3364.4,304.3,0.73,60.9,83.1,112.8,32.3,133,-7.84,4537,CLP-BF5C5,1
PEC-85559,Fresadora,Aluminio,Soluvel,Turno_1,2656.7,212.2,1.44,65.8,45.2,106.4,43.3,137,-4.91,9240,CLP-93262,1
PEC-85560,Torno_CNC,Aco_Inox,Sintetico,Turno_2,2965.4,211.0,2.77,25.8,58.2,92.8,45.6,49,7.47,4201,CLP-CB350,1
PEC-85561,Celula_Robotica,Aco_Inox,Soluvel,Turno_1,3247.3,312.3,4.02,75.3,100.4,134.0,45.1,147,3.6,3747,CLP-A443B,1
PEC-85562,Torno_CNC,Aluminio,Soluvel,Turno_3,3802.3,355.1,3.75,25.6,59.8,106.2,65.3,5,3.81,5861,CLP-24650,1
PEC-85563,Torno_CNC,Aluminio,Soluvel,Turno_3,2062.1,242.7,3.22,11.4,70.1,114.3,43.0,136,10.22,6058,CLP-EBA24,1
PEC-85564,Celula_Robotica,Aluminio,Soluvel,Turno_3,3476.8,310.3,2.8,22.7,78.6,114.4,40.4,147,3.52,3516,CLP-B253E,1
PEC-85565,Torno_CNC,Aluminio,Sintetico,Turno_1,3027.4,176.7,3.03,19.5,75.2,89.1,46.3,131,-2.97,5051,CLP-83FC2,1
PEC-85566,Fresadora,Aco_Inox,Sintetico,Turno_1,2977.4,207.8,1.35,22.4,31.2,124.3,43.9,23,9.35,6679,CLP-56C59,0
PEC-85567,Fresadora,Aluminio,Soluvel,Turno_1,2893.5,199.5,2.88,42.6,69.0,141.1,39.0,43,7.22,4777,CLP-71E02,1
PEC-85568,Centro_Usinagem,Latao,Soluvel,Turno_1,3036.2,270.6,2.48,42.4,86.0,134.4,30.9,10,-0.8,4707,CLP-7329E,1
PEC-85569,Celula_Robotica,Aco_Carbono,Semi_Sintetico,Turno_1,3479.4,241.1,2.04,13.9,65.4,114.4,50.9,84,-17.77,2967,CLP-78440,1
PEC-85570,Celula_Robotica,Aco_Inox,Soluvel,Turno_1,2958.4,261.9,4.05,18.3,52.5,135.8,38.1,149,22.89,1091,CLP-2068E,1
PEC-85571,Torno_CNC,Aco_Inox,Soluvel,Turno_3,3946.4,311.0,3.82,36.7,52.7,94.0,36.9,147,2.75,7061,CLP-860AC,1
PEC-85572,Centro_Usinagem,Latao,Sintetico,Turno_2,3480.7,217.3,0.81,8.1,62.6,132.5,38.5,78,-17.35,3085,CLP-E5D38,0
PEC-85573,Fresadora,Aluminio,Soluvel,Turno_2,3289.1,254.7,4.44,45.8,73.1,109.0,33.3,66,-19.72,4545,CLP-4829E,1
PEC-85574,Fresadora,Aluminio,Seco,Turno_2,3125.3,183.1,1.42,11.9,99.7,134.5,50.2,154,4.89,1743,CLP-3890A,1
PEC-85575,Torno_CNC,Aco_Carbono,Sintetico,Turno_2,,308.2,1.36,71.6,61.5,120.5,49.2,165,7.86,3103,CLP-578B7,1
PEC-85576,Fresadora,Aco_Inox,Soluvel,Turno_3,3801.2,304.8,4.28,23.0,71.7,101.9,46.5,109,-13.02,3414,CLP-A9896,1
PEC-85577,Celula_Robotica,Aluminio,Soluvel,Turno_2,2677.4,268.1,2.28,13.7,46.5,123.7,50.7,108,4.78,7790,CLP-9E4AA,1
PEC-85578,Centro_Usinagem,Latao,Sintetico,Turno_1,2884.1,256.0,3.72,43.6,44.8,120.0,48.5,168,2.95,4545,CLP-52392,1
PEC-85579, TORNO_CNC ,Aluminio,Soluvel,Turno_2,3485.6,224.5,1.65,33.3,59.0,123.6,49.7,24,-8.73,1489,CLP-5F3F2,0
PEC-85580,Torno_CNC,Aco_Inox,Seco,Turno_3,3621.5,180.2,3.99,11.6,70.3,108.0,59.6,146,5.28,6418,CLP-838AA,1
PEC-85581, TORNO_CNC ,Aco_Inox,Sintetico,Turno_1,3064.8,265.3,3.83,66.4,64.0,102.4,52.9,145,0.14,4079,CLP-91200,1
PEC-85582,Centro_Usinagem,Aco_Inox,Soluvel,Turno_2,2865.9,287.8,2.58,26.1,65.6,129.2,46.4,43,3.37,6492,CLP-2ABBD,1
PEC-85583,Fresadora,Aco_Carbono,Sintetico,Turno_1,,351.0,3.32,,61.7,119.0,37.5,125,16.93,6302,CLP-D5B2D,1
PEC-85584, TORNO_CNC ,Aco_Inox,Soluvel,Turno_1,3864.5,230.3,4.36,60.7,64.7,128.6,32.2,165,-17.61,1400,CLP-BF6E0,1
PEC-85585,Torno_CNC,Aco_Inox,Soluvel,Turno_3,3218.5,263.5,2.31,10.0,61.5,128.3,30.9,116,-1.92,3068,CLP-F1AFE,1
PEC-85586, TORNO_CNC ,Latao,Sintetico,Turno_1,2631.2,305.7,2.48,125.5,48.8,130.6,52.6,147,-4.09,3522,CLP-6AD0A,1
PEC-85587, TORNO_CNC ,Aco_Inox,Sintetico,Turno_1,3249.3,307.2,3.39,25.4,47.1,144.3,40.5,77,1.67,7294,CLP-5E738,0
PEC-85588,Celula_Robotica,Aco_Inox,Sintetico,Turno_1,3552.2,218.9,2.05,50.6,81.3,123.0,45.6,148,-18.99,8405,CLP-203D2,1
PEC-85589,Fresadora,Aco_Inox,Soluvel,Turno_3,3154.4,236.0,4.34,26.0,55.1,105.0,37.4,27,6.54,1030,CLP-E96B1,1
PEC-85590,Torno_CNC,Aco_Inox,Sintetico,Turno_1,3766.2,223.7,0.66,12.3,62.1,108.4,62.6,115,-14.75,2067,CLP-7E2CB,1
PEC-85591,torno_cnc,Aluminio,Soluvel,Turno_3,3589.6,204.9,2.11,54.7,79.3,115.6,30.6,4,-15.62,4376,CLP-510D9,1
PEC-85592,Torno_CNC,Latao,Sintetico,Turno_1,3172.2,323.6,3.36,17.0,61.8,123.2,46.1,31,18.11,4224,CLP-320D5,0
PEC-85593,Celula_Robotica,Aco_Carbono,Sintetico,Turno_3,,253.1,2.22,45.1,75.5,140.7,42.1,60,11.91,7755,CLP-293C1,1
PEC-85594, TORNO_CNC ,Aluminio,Sintetico,Turno_3,2371.2,246.3,1.54,15.4,54.3,117.9,45.1,90,12.04,9233,CLP-A892D,1
PEC-85595, TORNO_CNC ,Aluminio,Semi_Sintetico,Turno_1,3744.6,262.4,2.15,14.7,83.7,145.2,42.4,37,-11.91,2130,CLP-D0F0C,1
PEC-85596, TORNO_CNC ,Aluminio,Semi_Sintetico,Turno_1,3051.7,252.7,4.03,26.4,67.7,146.5,37.9,65,-7.35,7174,CLP-49ACB,1
PEC-85597,Fresadora,Aco_Inox,Seco,Turno_1,3020.0,239.0,2.69,64.3,64.7,126.5,36.1,140,-9.22,2626,CLP-5673A,1
PEC-85598,Fresadora,Aco_Inox,Seco,Turno_3,2952.6,211.9,1.84,38.3,63.0,129.4,61.4,42,-9.79,3933,CLP-75EDF,1
PEC-85599,Fresadora,Latao,Semi_Sintetico,Turno_1,3405.5,328.3,3.19,7.3,74.2,113.1,42.6,109,8.99,8082,CLP-C177E,1
PEC-85600,Torno_CNC,Aco_Inox,Seco,Turno_1,2692.1,221.5,2.95,51.3,67.8,145.2,47.7,80,14.38,2435,CLP-979CA,1
PEC-85601,Torno_CNC,Aco_Inox,Semi_Sintetico,Turno_1,2757.1,203.5,2.74,35.3,26.6,110.4,32.2,123,-20.8,7174,CLP-6BC21,1
PEC-85602,Torno_CNC,Aluminio,Sintetico,Turno_1,3176.4,246.0,2.06,39.2,59.6,138.0,28.1,88,-21.8,2117,CLP-A09BF,1
PEC-85603,Fresadora,Aluminio,Soluvel,Turno_1,2918.1,357.9,0.79,20.3,68.9,104.5,39.6,41,30.04,4382,CLP-B93C4,0
PEC-85604,Torno_CNC,Aco_Inox,Soluvel,Turno_3,3350.9,208.9,2.98,33.4,53.4,129.6,52.0,152,-2.22,3060,CLP-D3901,1
PEC-85605,torno_cnc,Aco_Inox,Semi_Sintetico,Turno_3,2934.5,285.5,2.18,21.3,59.0,136.7,45.2,37,-1.35,1136,CLP-92898,0
PEC-85606,Centro_Usinagem,Aco_Inox,Soluvel,Turno_2,3917.8,237.7,2.22,8.0,60.3,133.6,40.7,43,8.47,5783,CLP-39EC1,1
PEC-85607,Centro_Usinagem,Aluminio,Semi_Sintetico,Turno_2,3512.1,262.2,1.44,,84.1,113.0,48.4,121,-27.28,3854,CLP-E4D40,1
PEC-85608, TORNO_CNC ,Aco_Inox,Soluvel,Turno_2,3506.4,296.1,1.5,44.7,72.2,116.0,40.6,136,-21.08,8979,CLP-C4F37,1
PEC-85609, TORNO_CNC ,Aluminio,Soluvel,Turno_2,2927.8,164.0,3.65,43.8,68.9,143.1,56.0,123,17.3,7016,CLP-26240,1
PEC-85610,Torno_CNC,Aluminio,Sintetico,Turno_2,4282.6,205.2,2.42,12.5,51.0,112.4,56.3,80,-12.91,2067,CLP-C23B9,1
PEC-85611,Fresadora,Aco_Carbono,Seco,Turno_2,3002.4,295.4,0.94,43.1,56.8,112.9,40.4,123,21.98,1052,CLP-B019C,1
PEC-85612,Centro_Usinagem,Aco_Inox,Soluvel,Turno_2,2878.8,254.9,0.68,14.2,75.2,142.6,38.8,9,8.51,3762,CLP-DE803,0
PEC-85613,Torno_CNC,Aco_Inox,Semi_Sintetico,Turno_2,3518.0,260.6,1.4,45.7,72.9,119.1,44.4,88,7.11,4535,CLP-81AC8,1
PEC-85614, TORNO_CNC ,Aluminio,Semi_Sintetico,Turno_1,3287.9,285.6,2.45,,48.0,119.2,48.4,39,7.81,5398,CLP-D855A,1
PEC-85615,Centro_Usinagem,Aco_Carbono,Soluvel,Turno_1,2831.7,205.5,2.97,11.0,81.8,147.6,42.8,129,24.79,2517,CLP-8A2A5,1
PEC-85616,Centro_Usinagem,Aco_Inox,Soluvel,Turno_1,4188.1,302.8,1.07,87.9,54.7,110.3,53.4,131,6.73,1813,CLP-F2DD8,1
PEC-85617,Torno_CNC,Aluminio,Soluvel,Turno_2,3639.0,291.0,2.24,8.9,69.3,109.0,47.1,137,1.4,5378,CLP-AB430,1
PEC-85618,torno_cnc,Aco_Inox,Soluvel,Turno_1,3201.8,261.9,0.79,55.2,97.8,122.7,53.7,176,14.02,2147,CLP-574AF,1
PEC-85619,Torno_CNC,Aco_Inox,Soluvel,Turno_2,4280.5,273.4,0.65,8.8,60.0,120.5,36.0,110,1.04,2842,CLP-94CCB,1
PEC-85620,Torno_CNC,Aluminio,Soluvel,Turno_2,3564.9,308.2,3.95,45.4,67.0,108.3,40.3,53,24.14,8898,CLP-D10B7,1
PEC-85621,Centro_Usinagem,Aco_Inox,Soluvel,Turno_3,3194.6,220.3,3.13,9.1,58.3,132.1,49.3,175,-4.18,7074,CLP-26C64,1
PEC-85622,Centro_Usinagem,Aco_Carbono,Semi_Sintetico,Turno_1,4226.6,283.1,3.62,29.9,67.1,120.2,45.4,175,-24.46,1766,CLP-D851F,1
PEC-85623,Fresadora,Aluminio,Sintetico,Turno_2,3496.5,337.2,1.23,12.3,82.1,121.0,43.5,11,-10.83,1165,CLP-ED69F,1
PEC-85624,Torno_CNC,Aluminio,Sintetico,Turno_2,3476.9,282.0,1.79,75.5,62.7,119.9,40.8,177,2.76,7065,CLP-4CBF7,1
PEC-85625,Centro_Usinagem,Aluminio,Soluvel,Turno_1,3026.1,238.9,2.28,,61.5,104.3,45.7,41,11.75,6179,CLP-65FF9,1
PEC-85626, TORNO_CNC ,Aluminio,Semi_Sintetico,Turno_2,3222.2,365.9,3.13,5.5,78.2,107.7,56.4,109,21.82,9020,CLP-D6673,1
PEC-85627,Torno_CNC,Aco_Inox,Semi_Sintetico,Turno_3,3015.2,261.5,2.64,39.6,49.8,96.3,28.9,3,14.06,2075,CLP-EC3FB,1
PEC-85628,torno_cnc,Aco_Carbono,Sintetico,Turno_1,3847.9,319.9,2.71,25.6,66.0,137.1,43.8,99,1.17,4105,CLP-EA5FC,1
PEC-85629,Torno_CNC,Latao,Seco,Turno_3,2475.8,228.9,1.13,73.7,56.3,120.0,44.1,80,4.78,4611,CLP-65601,0
PEC-85630,Fresadora,Aco_Inox,Semi_Sintetico,Turno_3,3814.6,303.4,2.4,24.9,62.1,134.9,36.3,14,15.56,7900,CLP-89F98,1
PEC-85631,torno_cnc,Aco_Inox,Sintetico,Turno_2,2805.2,222.7,3.8,23.5,54.4,113.2,43.8,100,-4.47,6752,CLP-53CD5,1
PEC-85632,Torno_CNC,Aco_Inox,Sintetico,Turno_3,3173.9,266.2,2.54,26.2,47.9,137.2,31.9,67,25.25,4921,CLP-BBE3B,1
PEC-85633,Torno_CNC,Aluminio,Soluvel,Turno_2,3067.2,219.7,1.3,73.8,38.5,95.7,40.3,112,-19.21,5222,CLP-DBB0E,0
PEC-85634,Torno_CNC,Aluminio,Soluvel,Turno_2,2965.9,345.1,2.15,35.9,59.6,134.6,42.9,124,22.55,2201,CLP-9759F,1
PEC-85635,Torno_CNC,Aco_Carbono,Soluvel,Turno_3,3510.4,238.9,3.52,43.7,67.7,118.8,45.0,134,-9.27,7300,CLP-6C93F,1
PEC-85636,torno_cnc,Aco_Carbono,Soluvel,Turno_1,3197.7,194.6,1.04,49.6,74.8,99.2,60.0,16,6.2,6517,CLP-1C734,0
PEC-85637,Centro_Usinagem,Aluminio,Soluvel,Turno_1,2899.5,254.8,2.82,102.0,49.0,77.7,38.5,104,5.44,9589,CLP-21EDC,1
PEC-85638,Torno_CNC,Aluminio,Semi_Sintetico,Turno_1,3269.3,276.9,4.36,68.6,66.8,127.5,34.4,160,8.84,7588,CLP-D5571,1
PEC-85639,Torno_CNC,Aluminio,Soluvel,Turno_2,2886.8,248.7,2.02,96.7,71.7,134.8,52.9,34,-7.41,7693,CLP-BCB6B,1
PEC-85640,torno_cnc,Aluminio,Seco,Turno_1,2958.0,209.3,0.67,19.7,69.3,120.9,9.3,96,24.92,5681,CLP-79C42,1
PEC-85641,Centro_Usinagem,Aluminio,Sintetico,Turno_3,2526.2,301.9,3.03,13.5,68.1,129.0,40.0,97,-22.39,7300,CLP-B7C95,1
PEC-85642,Torno_CNC,Aluminio,Soluvel,Turno_2,2997.4,313.0,0.69,13.0,39.1,126.7,42.4,146,2.19,8122,CLP-D55B5,0
PEC-85643,Torno_CNC,Aluminio,Soluvel,Turno_3,3422.4,167.6,1.27,73.3,63.6,120.8,37.5,53,-9.61,6542,CLP-7BB14,1
PEC-85644,torno_cnc,Aluminio,Soluvel,Turno_1,3216.7,206.1,0.69,67.1,64.0,134.4,44.2,165,-8.29,2699,CLP-6A3D8,1
PEC-85645,Torno_CNC,Aluminio,Seco,Turno_1,4016.8,242.0,1.18,41.8,71.5,97.8,39.8,1,12.4,3739,CLP-53BFC,1
PEC-85646,Torno_CNC,Aco_Carbono,Semi_Sintetico,Turno_1,4375.8,223.5,3.92,7.3,81.6,121.5,31.1,157,19.64,6365,CLP-CDC32,1
PEC-85647,Fresadora,Aluminio,Soluvel,Turno_1,2991.1,276.3,3.44,18.4,61.9,130.2,49.9,91,-2.35,9880,CLP-DC7B1,1
PEC-85648,Fresadora,Aluminio,Seco,Turno_2,2825.0,342.0,1.87,51.4,60.9,113.3,50.3,142,7.36,5027,CLP-64BD7,1
PEC-85649,torno_cnc,Aluminio,Sintetico,Turno_3,3708.4,231.0,4.09,15.0,66.6,123.8,37.1,152,-3.51,5881,CLP-8BC5F,1
PEC-85650,Fresadora,Aluminio,Soluvel,Turno_1,3350.8,328.8,3.16,39.2,65.3,102.3,40.7,79,-1.28,5155,CLP-2404B,1
PEC-85651,Fresadora,Aco_Inox,Sintetico,Turno_2,3711.1,176.6,2.29,32.4,70.2,121.1,59.8,152,-18.13,1300,CLP-BA9DC,1
PEC-85652,Torno_CNC,Aco_Inox,Sintetico,Turno_2,3379.5,272.8,0.77,15.7,71.3,109.2,48.6,16,-7.14,9046,CLP-2E0CE,0
PEC-85653, TORNO_CNC ,Aluminio,Soluvel,Turno_1,3112.5,220.3,3.42,100.3,62.9,112.2,45.0,95,33.39,3237,CLP-8E950,1
PEC-85654,Torno_CNC,Aluminio,Semi_Sintetico,Turno_2,3115.1,273.9,2.0,15.4,71.0,128.6,57.9,157,26.82,8137,CLP-2326F,1
PEC-85655,Torno_CNC,Latao,Soluvel,Turno_1,3394.7,162.2,1.71,83.8,62.4,93.6,32.0,137,-17.13,6598,CLP-EC20B,1
PEC-85656,Fresadora,Aco_Inox,Soluvel,Turno_3,3105.0,185.7,1.65,32.2,47.6,103.6,28.7,164,4.81,9656,CLP-A9319,1
PEC-85657,Centro_Usinagem,Aco_Inox,Soluvel,Turno_3,3748.8,273.8,0.53,8.4,51.1,130.9,46.3,75,11.49,6023,CLP-61F5A,0
PEC-85658,Celula_Robotica,Aco_Inox,Seco,Turno_1,2613.9,218.5,3.47,67.8,37.0,117.6,51.7,19,20.71,3754,CLP-DF3D7,1
PEC-85659,Fresadora,Aco_Inox,Semi_Sintetico,Turno_2,3746.4,233.8,1.08,59.9,85.0,109.0,31.3,144,10.49,7838,CLP-38CF2,1
PEC-85660,Torno_CNC,Aco_Carbono,Soluvel,Turno_1,2357.0,341.8,2.58,67.2,80.4,126.8,34.6,9,-3.71,3025,CLP-7A550,1
PEC-85661,Torno_CNC,Aco_Inox,Soluvel,Turno_2,3265.3,256.9,0.56,40.6,77.4,103.4,51.3,44,-0.74,5494,CLP-1D893,1
PEC-85662,Centro_Usinagem,Aluminio,Soluvel,Turno_3,3051.0,295.1,3.01,48.5,62.4,102.9,35.8,98,-2.46,8740,CLP-AEC28,1
PEC-85663,torno_cnc,Aluminio,Semi_Sintetico,Turno_3,2517.6,212.0,1.98,88.2,76.7,116.9,43.0,75,5.58,4511,CLP-DAE57,1
PEC-85664,Fresadora,Aluminio,Soluvel,Turno_1,2273.0,182.9,3.02,9.8,75.8,117.9,46.7,171,7.16,7694,CLP-41DEC,1
PEC-85665,Fresadora,Aco_Carbono,Semi_Sintetico,Turno_1,2706.1,246.0,0.86,8.0,47.5,108.9,52.6,123,21.5,7034,CLP-E0B6A,0
PEC-85666,Fresadora,Aluminio,Seco,Turno_2,3220.6,175.5,1.57,9.7,55.6,116.0,42.5,112,13.89,1731,CLP-3479C,1
PEC-85667,Centro_Usinagem,Aco_Inox,Sintetico,Turno_3,2929.0,215.1,0.94,76.4,71.4,140.0,48.9,41,8.49,7417,CLP-51680,0
PEC-85668,Torno_CNC,Aco_Carbono,Soluvel,Turno_3,2731.6,261.9,3.08,,59.1,119.5,35.1,11,-7.96,8925,CLP-E4084,1
PEC-85669,Fresadora,Aco_Carbono,Soluvel,Turno_1,3808.5,244.4,0.93,11.8,56.5,102.7,49.7,141,-0.13,3876,CLP-3B3BD,1
PEC-85670,Centro_Usinagem,Aco_Inox,Soluvel,Turno_3,2645.5,266.7,2.97,10.3,74.9,120.4,37.7,171,12.24,4596,CLP-E0086,1
PEC-85671,Torno_CNC,Aco_Inox,Sintetico,Turno_3,3505.6,280.0,1.04,25.6,55.1,88.2,34.0,43,4.48,7822,CLP-8DFCD,0
PEC-85672,Fresadora,Aco_Inox,Sintetico,Turno_1,2800.0,190.2,4.27,64.2,94.8,144.2,61.5,54,6.54,9155,CLP-67A28,1
PEC-85673,Torno_CNC,Aco_Inox,Sintetico,Turno_3,2694.7,202.9,2.17,62.2,84.1,102.2,59.6,178,-10.22,1449,CLP-BEBB6,1
PEC-85674,Celula_Robotica,Latao,Soluvel,Turno_1,2928.3,141.1,1.01,,62.4,123.1,46.2,140,-3.51,3732,CLP-EACF7,1
PEC-85675,Torno_CNC,Aluminio,Semi_Sintetico,Turno_1,3479.0,231.5,0.67,56.3,80.0,122.4,57.4,73,-1.39,6981,CLP-9D4FF,1
PEC-85676,torno_cnc,Aco_Inox,Soluvel,Turno_1,2582.8,286.8,1.82,7.2,67.2,108.3,42.4,89,13.5,4872,CLP-80710,1
PEC-85677,Torno_CNC,Aco_Carbono,Soluvel,Turno_2,3329.4,324.6,4.07,49.6,60.0,139.5,43.9,55,-19.31,9649,CLP-3D885,1
PEC-85678,Fresadora,Aluminio,Semi_Sintetico,Turno_3,2767.7,259.5,1.08,30.6,88.7,150.9,43.6,116,3.88,8403,CLP-E56A3,1
PEC-85679,Torno_CNC,Aco_Inox,Soluvel,Turno_2,2848.7,318.7,3.66,50.4,69.7,108.8,37.7,39,8.39,9414,CLP-C86CB,1
PEC-85680,Torno_CNC,Latao,Sintetico,Turno_1,3380.3,269.2,2.17,,54.3,130.7,26.2,137,-26.83,7832,CLP-3C748,1
PEC-85681, TORNO_CNC ,Aco_Carbono,Semi_Sintetico,Turno_1,4178.1,255.4,3.71,28.1,70.5,105.2,42.5,10,13.18,6774,CLP-49BCD,1
PEC-85682,Centro_Usinagem,Aco_Carbono,Sintetico,Turno_2,2790.0,219.4,4.0,9.7,85.1,139.8,55.4,124,4.12,5078,CLP-7542A,1
PEC-85683,Torno_CNC,Aluminio,Soluvel,Turno_2,3523.9,130.7,4.49,87.5,65.0,139.0,47.2,143,-22.24,5408,CLP-B18F4,1
PEC-85684,Torno_CNC,Aco_Carbono,Soluvel,Turno_2,3059.3,311.2,0.77,21.4,67.5,135.1,51.5,165,29.73,2148,CLP-E5D6D,1
PEC-85685,Fresadora,Aco_Inox,Soluvel,Turno_1,2986.4,247.3,3.69,35.6,61.4,95.2,48.1,108,-2.6,4967,CLP-DFDF1,1
PEC-85686,torno_cnc,Aluminio,Soluvel,Turno_3,3682.1,319.4,0.78,13.1,69.2,111.9,38.2,179,-35.6,3068,CLP-26A9A,1
PEC-85687,Centro_Usinagem,Latao,Seco,Turno_3,2820.4,202.5,1.76,21.1,53.3,112.1,47.0,3,15.94,4733,CLP-4A81C,0
PEC-85688,Torno_CNC,Aco_Inox,Sintetico,Turno_2,2680.6,371.4,3.08,76.6,55.5,111.1,42.3,152,5.91,8116,CLP-B26F7,1
PEC-85689,Fresadora,Aco_Carbono,Soluvel,Turno_2,3407.1,237.6,2.29,13.2,60.9,139.9,36.5,88,6.96,4810,CLP-57733,1
PEC-85690,Torno_CNC,Aluminio,Seco,Turno_3,3917.7,215.4,2.76,13.1,67.0,92.8,52.4,9,-5.53,6322,CLP-C8B08,1
PEC-85691,Torno_CNC,Aco_Inox,Sintetico,Turno_2,3537.5,239.3,4.36,15.6,78.3,125.8,34.6,33,-6.47,6113,CLP-A1B79,1
PEC-85692,Fresadora,Aco_Carbono,Soluvel,Turno_2,2566.8,258.5,3.77,34.9,63.2,131.2,39.7,14,-3.65,5599,CLP-DEEBE,1
PEC-85693,torno_cnc,Aco_Inox,Soluvel,Turno_2,2923.1,246.5,1.95,30.7,74.9,109.5,62.7,3,10.82,4370,CLP-EF213,1
PEC-85694,Fresadora,Aluminio,Soluvel,Turno_1,3640.8,224.2,2.9,11.7,59.7,127.6,50.6,56,-5.25,2507,CLP-7296F,1
PEC-85695,Torno_CNC,Aco_Inox,Seco,Turno_2,3911.5,159.8,0.69,46.2,72.1,126.6,47.0,80,1.78,7414,CLP-1DDC8,1
PEC-85696, TORNO_CNC ,Latao,Sintetico,Turno_3,3302.9,209.8,2.31,88.3,79.4,115.9,27.6,163,13.32,1813,CLP-242CF,1
PEC-85697, TORNO_CNC ,Aco_Inox,Semi_Sintetico,Turno_1,2939.4,303.7,2.93,12.8,63.6,136.3,44.1,145,11.81,3809,CLP-C0689,1
PEC-85698,Celula_Robotica,Aco_Inox,Soluvel,Turno_3,3940.7,206.0,3.36,44.1,69.2,111.9,35.7,144,3.9,3061,CLP-D5686,1
PEC-85699,Torno_CNC,Aco_Inox,Semi_Sintetico,Turno_2,3166.4,164.2,4.11,35.9,58.0,136.3,44.4,119,-6.47,7295,CLP-40DB2,1
PEC-85700,Torno_CNC,Latao,Soluvel,Turno_2,,197.2,1.63,19.0,72.0,122.0,43.5,13,-21.82,6044,CLP-59C66,0
PEC-85701, TORNO_CNC ,Aco_Carbono,Seco,Turno_2,2851.3,245.6,4.11,38.7,31.4,115.3,38.1,107,20.35,2554,CLP-37C53,1
PEC-85702,torno_cnc,Aco_Carbono,Seco,Turno_2,2662.2,212.0,3.15,13.2,45.5,116.6,54.4,12,-1.09,6868,CLP-6172F,0
PEC-85703,Torno_CNC,Aluminio,Soluvel,Turno_3,4475.1,236.0,0.81,67.8,71.9,99.2,52.6,74,0.12,6937,CLP-1B437,1
PEC-85704,Centro_Usinagem,Aluminio,Semi_Sintetico,Turno_2,3839.4,210.1,2.02,5.8,45.4,114.6,36.0,10,-18.24,4134,CLP-8A9EF,0
PEC-85705,Torno_CNC,Aco_Inox,Semi_Sintetico,Turno_3,2904.7,300.5,2.41,34.3,59.1,103.2,57.6,52,-3.77,2969,CLP-84198,0
PEC-85706,Centro_Usinagem,Aluminio,Seco,Turno_2,3979.3,274.5,1.91,18.4,81.8,124.0,35.8,112,-5.13,8773,CLP-3BB03,1
PEC-85707,Torno_CNC,Aco_Inox,Soluvel,Turno_2,3440.0,360.9,0.96,79.6,75.4,133.5,58.3,97,4.09,7895,CLP-23F46,1
PEC-85708,Fresadora,Latao,Soluvel,Turno_3,,230.9,2.71,29.2,93.7,126.9,43.3,167,8.42,7070,CLP-BE02E,1
PEC-85709,Centro_Usinagem,Aco_Carbono,Semi_Sintetico,Turno_1,2876.9,235.8,1.03,61.8,65.9,109.3,41.8,105,-13.6,4436,CLP-65387,1
PEC-85710,Torno_CNC,Aluminio,Semi_Sintetico,Turno_2,2968.6,309.2,4.16,95.1,64.0,116.0,56.9,109,4.57,5042,CLP-1A391,1
PEC-85711,Celula_Robotica,Aco_Inox,Soluvel,Turno_1,3180.9,269.6,3.96,19.2,65.1,124.2,43.7,169,3.13,5960,CLP-CF1A3,1
PEC-85712, TORNO_CNC ,Aco_Carbono,Semi_Sintetico,Turno_3,2315.5,202.9,2.4,79.3,53.9,124.9,53.8,156,16.45,3404,CLP-38457,1
PEC-85713,Celula_Robotica,Aco_Inox,Soluvel,Turno_2,2980.9,277.8,0.77,50.3,62.4,144.6,34.6,145,15.4,6460,CLP-2B1ED,1
PEC-85714,Fresadora,Aco_Inox,Semi_Sintetico,Turno_3,3202.0,269.8,2.71,9.0,49.9,129.4,45.2,2,-12.71,5496,CLP-EB01F,0
PEC-85715,Torno_CNC,Aco_Inox,Soluvel,Turno_3,3789.3,160.3,2.87,8.8,79.1,122.2,48.8,77,8.39,3424,CLP-4BB1B,1
PEC-85716,Torno_CNC,Aluminio,Soluvel,Turno_1,2922.6,217.4,4.05,64.5,73.9,121.6,54.6,85,16.56,4051,CLP-A94E1,1
PEC-85717,Torno_CNC,Aco_Carbono,Soluvel,Turno_1,3565.5,259.5,0.77,27.1,51.1,114.8,50.7,78,7.97,8418,CLP-94EA3,1
PEC-85718,Torno_CNC,Aco_Inox,Soluvel,Turno_2,2272.8,322.3,3.27,28.9,57.0,120.0,45.4,105,-30.68,3044,CLP-8EB93,1
PEC-85719,Torno_CNC,Aco_Inox,Sintetico,Turno_2,3725.2,284.9,2.75,82.7,69.7,130.8,48.8,15,-6.93,1810,CLP-72181,1
PEC-85720,Torno_CNC,Aluminio,Sintetico,Turno_1,2794.8,221.8,1.2,86.9,68.3,109.4,39.2,34,-9.58,4632,CLP-6C011,1
PEC-85721, TORNO_CNC ,Aco_Carbono,Soluvel,Turno_1,3258.6,214.6,0.99,,52.4,126.2,49.8,165,9.26,3030,CLP-5F14F,1
PEC-85722,Fresadora,Aco_Inox,Soluvel,Turno_2,3382.9,289.9,3.28,21.4,65.8,118.4,48.8,176,-28.24,3030,CLP-E9756,1
PEC-85723,Torno_CNC,Aco_Inox,Semi_Sintetico,Turno_1,3294.6,128.7,1.86,84.0,71.9,145.8,38.8,141,28.27,9888,CLP-4318E,1
PEC-85724,Torno_CNC,Latao,Soluvel,Turno_3,3151.9,209.6,4.5,65.0,72.2,124.4,46.0,170,9.44,1525,CLP-58490,1
PEC-85725,Fresadora,Latao,Sintetico,Turno_3,2641.3,320.5,4.08,49.7,85.2,124.9,51.2,7,4.72,8066,CLP-BC2F9,1
PEC-85726,Torno_CNC,Latao,Sintetico,Turno_3,2799.7,264.8,2.76,8.8,68.0,107.2,64.6,35,-12.18,4590,CLP-9A0E6,1
PEC-85727,Torno_CNC,Aco_Carbono,Seco,Turno_1,3648.4,212.1,3.07,39.0,50.1,142.0,54.5,61,-16.23,8223,CLP-688D5,1
PEC-85728,Torno_CNC,Aco_Inox,Sintetico,Turno_1,2931.2,189.9,1.14,35.5,52.2,127.6,46.8,115,11.6,1374,CLP-7A2B7,0
PEC-85729,Celula_Robotica,Aco_Inox,Soluvel,Turno_2,3153.5,292.0,4.08,11.4,80.1,140.5,47.3,85,-11.9,4969,CLP-3222A,1
PEC-85730,Centro_Usinagem,Aco_Inox,Semi_Sintetico,Turno_3,2528.6,253.9,2.34,57.0,84.3,117.2,43.8,105,-51.9,8253,CLP-1882F,1
PEC-85731, TORNO_CNC ,Aco_Inox,Seco,Turno_1,,239.1,2.59,18.1,64.6,120.0,45.9,84,-6.64,1015,CLP-4B2E0,1
PEC-85732,Fresadora,Latao,Soluvel,Turno_1,2606.2,268.7,3.99,38.9,69.6,99.4,51.2,147,-29.34,5760,CLP-69483,1
PEC-85733,torno_cnc,Aco_Carbono,Seco,Turno_1,3612.2,258.2,0.53,20.7,66.1,147.7,51.0,149,-0.69,4970,CLP-4227B,1
PEC-85734,Fresadora,Aco_Carbono,Sintetico,Turno_2,2721.8,254.4,2.48,8.1,61.4,125.5,44.3,18,10.15,9561,CLP-AA4AC,0
PEC-85735,Fresadora,Aco_Inox,Soluvel,Turno_2,3656.5,183.8,3.01,31.0,47.1,147.8,36.2,20,-9.07,2196,CLP-D066A,1
PEC-85736,Fresadora,Latao,Soluvel,Turno_1,3204.6,198.7,1.14,17.8,70.7,114.8,43.3,101,21.17,1689,CLP-A7795,1
PEC-85737,Torno_CNC,Aco_Carbono,Sintetico,Turno_2,2948.6,287.4,0.77,7.6,86.4,127.1,38.3,62,12.44,2234,CLP-204A5,1
PEC-85738,Torno_CNC,Aco_Inox,Soluvel,Turno_2,3920.2,278.0,2.64,12.7,67.0,134.9,35.3,31,-13.13,4716,CLP-8159A,1
PEC-85739, TORNO_CNC ,Aco_Carbono,Soluvel,Turno_2,3169.0,269.1,2.69,38.8,61.4,124.9,49.9,21,-8.05,9988,CLP-5E5FD,1
PEC-85740,Centro_Usinagem,Aco_Inox,Soluvel,Turno_2,3037.2,220.7,1.82,,59.8,115.0,47.8,48,7.98,4429,CLP-70353,1
PEC-85741,torno_cnc,Aco_Inox,Soluvel,Turno_3,,288.3,4.03,8.2,71.0,112.9,37.6,80,-4.66,5886,CLP-B85D9,1
PEC-85742,Centro_Usinagem,Aluminio,Soluvel,Turno_2,2533.8,231.5,1.7,105.9,78.8,114.8,42.4,7,-7.51,3530,CLP-A4104,1
PEC-85743,Celula_Robotica,Aluminio,Sintetico,Turno_2,2062.8,315.1,2.57,9.0,71.4,160.1,47.5,41,-2.81,9648,CLP-2AAC1,0
PEC-85744,Torno_CNC,Aco_Inox,Soluvel,Turno_3,3721.1,212.7,1.25,21.5,42.6,110.7,47.1,104,-31.0,7522,CLP-92351,1
PEC-85745,Fresadora,Aco_Inox,Seco,Turno_3,2823.7,223.7,0.54,10.0,85.9,90.2,48.5,107,-1.84,5803,CLP-D97BB,1
PEC-85746,Fresadora,Latao,Soluvel,Turno_1,3589.1,242.4,2.2,103.0,75.0,120.6,38.9,32,29.3,4604,CLP-EF968,1
PEC-85747,Celula_Robotica,Aluminio,Soluvel,Turno_1,3220.8,292.4,2.61,28.0,62.8,120.4,47.9,7,-3.19,1005,CLP-1EA7E,1
PEC-85748,Celula_Robotica,Aco_Carbono,Soluvel,Turno_3,2676.2,248.2,3.56,9.1,58.6,115.3,44.6,40,23.31,8659,CLP-F29E5,1
PEC-85749,Fresadora,Aco_Inox,Soluvel,Turno_1,3473.3,251.9,2.3,56.3,59.6,110.7,51.2,76,-0.45,4686,CLP-720DB,1
PEC-85750,Torno_CNC,Aco_Inox,Soluvel,Turno_3,3015.4,230.4,1.61,58.1,75.4,115.9,53.6,117,9.92,4398,CLP-9E1D9,1
PEC-85751,Fresadora,Aco_Inox,Sintetico,Turno_1,2715.2,263.4,2.92,86.0,41.3,100.2,69.2,117,-7.9,9300,CLP-96D65,1
PEC-85752,Torno_CNC,Aco_Inox,Semi_Sintetico,Turno_3,,246.5,2.02,47.8,71.2,146.7,55.5,58,20.01,8715,CLP-85D83,1
PEC-85753,Fresadora,Aco_Inox,Soluvel,Turno_2,2420.2,210.8,1.43,7.0,68.4,123.7,46.0,1,3.31,1782,CLP-AABB3,0
PEC-85754,Centro_Usinagem,Aco_Inox,Soluvel,Turno_3,3381.4,256.4,4.14,33.0,68.2,121.8,44.7,34,-27.54,4336,CLP-E1847,1
PEC-85755, TORNO_CNC ,Aluminio,Soluvel,Turno_1,2779.1,257.5,2.65,22.0,51.0,135.8,37.5,54,11.96,8253,CLP-2EE7F,0
PEC-85756,Fresadora,Aco_Inox,Semi_Sintetico,Turno_3,3184.4,367.5,1.3,53.3,44.6,160.6,37.7,9,-1.31,4466,CLP-BF310,0
PEC-85757, TORNO_CNC ,Aco_Carbono,Semi_Sintetico,Turno_1,3118.2,219.4,3.18,36.3,91.9,114.0,47.2,21,-14.7,9162,CLP-5C97F,1
PEC-85758, TORNO_CNC ,Aco_Inox,Soluvel,Turno_1,2776.3,208.0,3.71,50.2,66.6,124.6,47.4,83,-13.4,5424,CLP-29A24,1
PEC-85759,Torno_CNC,Aluminio,Soluvel,Turno_1,2514.7,264.0,3.53,12.0,88.2,132.0,66.4,95,15.61,2825,CLP-63FC5,1
PEC-85760,Fresadora,Aco_Inox,Seco,Turno_3,4340.2,200.4,2.9,25.1,75.8,130.4,39.2,161,15.0,7482,CLP-B3484,1
PEC-85761,Celula_Robotica,Aluminio,Soluvel,Turno_2,3178.2,196.3,2.58,24.8,66.3,133.6,38.3,156,-11.38,6863,CLP-85C04,1
PEC-85762,Celula_Robotica,Aco_Inox,Sintetico,Turno_2,4020.5,178.2,3.61,143.7,67.8,133.8,47.0,178,-5.57,1469,CLP-4A10E,1
PEC-85763,Torno_CNC,Latao,Soluvel,Turno_2,,211.3,3.33,5.7,78.0,113.8,41.0,118,-18.75,5747,CLP-42D61,1
PEC-85764,Centro_Usinagem,Aco_Carbono,Sintetico,Turno_3,3055.5,212.5,2.79,64.3,79.3,137.9,48.1,21,-22.69,9188,CLP-63E66,1
PEC-85765,Fresadora,Aluminio,Seco,Turno_2,3281.4,185.8,3.13,8.6,70.7,118.3,41.2,38,20.62,1099,CLP-A54EA,0
PEC-85766,Torno_CNC,Aco_Inox,Seco,Turno_2,3268.4,237.5,1.17,7.9,78.1,124.2,42.7,131,22.38,2286,CLP-94F60,1
PEC-85767,Torno_CNC,Aluminio,Semi_Sintetico,Turno_2,,131.7,0.58,18.9,78.7,129.2,48.4,139,2.18,8144,CLP-888A5,1
PEC-85768,Torno_CNC,Aco_Carbono,Soluvel,Turno_3,3573.4,274.6,4.22,47.2,69.0,109.3,40.5,103,-14.53,6780,CLP-BF30F,1
PEC-85769,Centro_Usinagem,Aco_Inox,Soluvel,Turno_1,2836.7,222.2,4.24,44.7,57.8,126.5,42.1,110,13.43,6120,CLP-53D79,1
PEC-85770,Fresadora,Aluminio,Soluvel,Turno_1,3358.2,229.5,3.65,39.6,71.0,129.3,49.2,53,8.4,5685,CLP-702B0,1
PEC-85771,Fresadora,Aco_Carbono,Seco,Turno_1,3561.9,279.3,1.99,57.1,56.0,91.6,45.4,35,-2.62,5912,CLP-7B2B9,1
PEC-85772,Torno_CNC,Aco_Carbono,Sintetico,Turno_1,2671.1,268.6,1.1,14.3,60.4,141.0,39.9,85,2.09,1920,CLP-E4BCF,1
PEC-85773,Fresadora,Aco_Carbono,Soluvel,Turno_2,3422.4,218.5,1.93,40.2,69.8,107.7,41.1,159,4.0,1718,CLP-A1560,1
PEC-85774,Torno_CNC,Aco_Carbono,Soluvel,Turno_2,3805.5,272.6,3.4,,64.0,124.1,53.3,8,0.11,6020,CLP-446EE,1
PEC-85775, TORNO_CNC ,Latao,Sintetico,Turno_3,,327.4,1.84,42.2,80.8,142.9,47.5,160,-3.36,6630,CLP-6CCFE,1
PEC-85776,Fresadora,Aluminio,Seco,Turno_1,2876.3,199.4,3.68,,57.1,129.8,42.1,23,9.76,1504,CLP-93B43,1
PEC-85777,Torno_CNC,Aluminio,Sintetico,Turno_3,3722.2,287.7,3.19,13.8,39.5,135.6,51.9,101,-10.31,8491,CLP-AECE5,1
PEC-85778,Centro_Usinagem,Aco_Carbono,Soluvel,Turno_2,3040.6,194.3,3.02,91.0,80.7,136.7,48.5,3,-14.48,6341,CLP-60BB2,1
PEC-85779,Torno_CNC,Aluminio,Soluvel,Turno_1,2758.1,308.8,4.22,135.5,65.6,112.6,55.8,138,-21.88,9508,CLP-3FB9F,1
PEC-85780,Fresadora,Latao,Soluvel,Turno_2,3597.0,214.4,4.07,45.9,66.1,104.4,52.1,57,-15.54,5489,CLP-4B5A5,1
PEC-85781, TORNO_CNC ,Aco_Inox,Seco,Turno_3,3459.6,212.5,3.35,25.5,55.5,126.2,54.3,151,11.14,4320,CLP-759BD,1
PEC-85782,torno_cnc,Aco_Inox,Seco,Turno_1,,307.5,1.3,32.0,42.4,130.7,42.3,167,14.32,1765,CLP-EE342,1
PEC-85783,Torno_CNC,Aco_Inox,Seco,Turno_2,3706.1,286.1,4.26,9.0,55.2,136.6,37.9,123,2.23,5346,CLP-C418C,1
PEC-85784,Torno_CNC,Aco_Inox,Sintetico,Turno_1,3738.0,216.0,1.41,20.8,71.8,131.7,51.2,43,4.08,7567,CLP-6A358,0
PEC-85785,Centro_Usinagem,Aco_Inox,Sintetico,Turno_1,3162.7,256.4,1.99,135.7,62.6,112.6,51.3,168,-26.95,3218,CLP-B3FEF,1
PEC-85786,Torno_CNC,Aco_Carbono,Sintetico,Turno_2,4088.4,214.5,3.81,32.8,61.0,133.2,44.2,38,-10.06,9012,CLP-406A9,1
PEC-85787,Centro_Usinagem,Aco_Inox,Sintetico,Turno_3,3912.5,170.4,1.33,33.8,44.6,88.5,36.7,177,-16.34,8974,CLP-BB703,1
PEC-85788,Celula_Robotica,Aco_Carbono,Sintetico,Turno_2,2307.1,259.5,3.05,112.8,86.7,139.1,47.5,172,-8.65,7156,CLP-CEE0C,1
PEC-85789,Torno_CNC,Aluminio,Soluvel,Turno_2,2736.4,232.2,2.33,81.1,64.3,106.7,48.1,4,4.35,2306,CLP-72731,1
PEC-85790,Torno_CNC,Aco_Inox,Sintetico,Turno_3,2185.1,202.7,3.0,34.4,93.1,106.3,34.1,56,18.49,7968,CLP-E80E9,1
PEC-85791,Fresadora,Aco_Inox,Soluvel,Turno_1,3053.9,315.2,4.33,16.0,69.4,157.3,48.0,11,-0.76,4787,CLP-7E393,1
PEC-85792,Celula_Robotica,Aluminio,Soluvel,Turno_3,2655.0,204.4,3.73,9.4,83.6,120.9,54.2,139,-24.32,5962,CLP-38304,1
PEC-85793,Centro_Usinagem,Aco_Carbono,Semi_Sintetico,Turno_2,2833.6,257.2,1.68,74.7,56.4,116.2,34.5,176,-0.39,3688,CLP-BF923,1
PEC-85794,torno_cnc,Aco_Carbono,Seco,Turno_3,3690.8,304.0,0.73,93.4,46.8,102.7,49.2,147,15.16,2507,CLP-9F79B,1
PEC-85795,Fresadora,Aco_Carbono,Sintetico,Turno_3,2410.3,237.2,4.37,28.9,62.8,126.6,55.5,4,-27.74,4962,CLP-A3467,1
PEC-85796,Torno_CNC,Latao,Soluvel,Turno_3,3258.4,213.3,2.84,8.5,71.7,131.9,56.0,31,8.3,3178,CLP-B97B7,1
PEC-85797,Celula_Robotica,Aluminio,Seco,Turno_1,3255.7,264.9,1.19,37.6,73.0,114.7,30.0,109,-13.89,8681,CLP-E39DF,1
PEC-85798,Celula_Robotica,Latao,Sintetico,Turno_2,3162.9,272.8,3.01,21.0,69.7,87.8,53.7,36,15.0,8787,CLP-A9B01,1
PEC-85799,Torno_CNC,Aco_Carbono,Soluvel,Turno_2,3258.9,293.8,0.67,11.0,92.5,144.4,42.5,51,-10.14,2959,CLP-245EB,0
PEC-85800,Torno_CNC,Aco_Carbono,Sintetico,Turno_2,2195.5,343.6,1.25,93.0,69.7,115.7,41.6,50,11.02,6417,CLP-D47F7,1
PEC-85801,Torno_CNC,Aco_Inox,Soluvel,Turno_2,2835.7,227.1,3.03,14.6,61.3,115.3,65.1,55,6.36,6817,CLP-8C519,1
PEC-85802,Torno_CNC,Latao,Soluvel,Turno_1,3894.4,259.8,2.11,48.5,62.2,119.5,46.8,131,-17.11,9112,CLP-661C9,1
PEC-85803,Centro_Usinagem,Aluminio,Semi_Sintetico,Turno_1,2661.4,186.5,1.8,24.6,55.3,107.9,41.9,10,12.59,7697,CLP-5AA8B,0
PEC-85804, TORNO_CNC ,Aco_Carbono,Soluvel,Turno_1,3950.0,283.3,3.12,66.6,68.5,139.1,51.4,107,-10.23,2690,CLP-2693A,1
PEC-85805,Torno_CNC,Aco_Inox,Soluvel,Turno_3,2566.9,259.2,3.97,47.2,78.0,130.9,58.5,83,20.49,6139,CLP-96358,1
PEC-85806,Torno_CNC,Aco_Inox,Soluvel,Turno_3,2512.8,241.1,3.21,,81.9,127.3,46.4,1,11.25,7165,CLP-7BF45,0
PEC-85807,Celula_Robotica,Aco_Inox,Soluvel,Turno_1,2771.7,219.1,2.35,25.9,61.4,154.7,40.7,173,11.53,4583,CLP-82AD3,1
PEC-85808,Fresadora,Aco_Inox,Soluvel,Turno_3,3708.1,232.6,3.14,15.5,64.4,109.5,45.7,99,16.67,6146,CLP-8B411,1
PEC-85809, TORNO_CNC ,Aco_Inox,Soluvel,Turno_1,2954.2,261.8,3.28,48.8,57.3,139.2,53.7,77,-2.71,3658,CLP-C46AF,1
PEC-85810,Torno_CNC,Aco_Carbono,Soluvel,Turno_2,3355.4,201.7,3.6,32.5,76.6,86.6,42.5,161,8.65,3993,CLP-E85CE,1
PEC-85811,Celula_Robotica,Aco_Inox,Soluvel,Turno_1,3233.1,234.6,1.73,,50.2,129.7,53.7,73,-0.58,5235,CLP-605C8,1
PEC-85812,Centro_Usinagem,Aco_Inox,Soluvel,Turno_3,3175.5,250.8,0.96,19.0,56.3,153.9,43.9,98,0.77,5205,CLP-DB702,1
PEC-85813,Torno_CNC,Aco_Inox,Soluvel,Turno_2,3773.4,173.0,3.23,9.3,15.1,104.3,30.2,83,-8.4,8861,CLP-E7250,0
PEC-85814,Torno_CNC,Aluminio,Sintetico,Turno_1,3547.2,197.4,0.98,13.4,50.8,144.7,57.2,143,-19.11,7399,CLP-20EB9,1
PEC-85815,Torno_CNC,Aco_Inox,Sintetico,Turno_2,2685.7,217.0,2.35,48.7,57.9,99.3,47.7,24,-2.21,5016,CLP-CBE8F,0
PEC-85816,Torno_CNC,Aco_Inox,Soluvel,Turno_1,3076.0,328.4,1.42,37.9,58.9,151.2,53.4,101,-4.91,1280,CLP-77C55,1
PEC-85817,torno_cnc,Aluminio,Sintetico,Turno_1,3984.5,208.5,1.83,20.4,49.5,113.1,47.4,62,19.12,3521,CLP-69225,1
PEC-85818,Celula_Robotica,Aluminio,Seco,Turno_1,3343.8,247.2,2.38,68.3,51.4,108.9,45.3,85,-6.67,5014,CLP-95E0C,1
PEC-85819, TORNO_CNC ,Aco_Inox,Seco,Turno_1,2521.5,198.0,4.08,,80.1,112.0,50.9,33,-11.39,1485,CLP-5B10D,1
PEC-85820,Centro_Usinagem,Aco_Inox,Soluvel,Turno_3,2553.3,211.2,3.22,60.4,55.6,120.5,43.8,95,1.94,5861,CLP-B0883,1
PEC-85821, TORNO_CNC ,Aco_Inox,Semi_Sintetico,Turno_2,3600.6,177.9,1.19,58.2,43.3,117.7,59.5,63,-16.44,7860,CLP-54CB2,0
PEC-85822,Fresadora,Latao,Soluvel,Turno_1,3516.1,283.5,4.02,70.9,52.5,119.2,44.8,22,-21.96,3870,CLP-A6393,1
PEC-85823,Fresadora,Aco_Inox,Soluvel,Turno_1,,183.7,2.5,71.3,52.6,124.7,59.5,155,-2.47,8682,CLP-261C1,1
PEC-85824,Torno_CNC,Aluminio,Soluvel,Turno_1,3536.4,295.4,1.32,44.8,64.2,123.6,49.8,119,0.64,3393,CLP-D6B25,1
PEC-85825, TORNO_CNC ,Aco_Inox,Soluvel,Turno_1,3919.7,273.4,2.61,53.4,69.3,120.1,26.0,147,1.88,2313,CLP-532E4,1
PEC-85826,Fresadora,Aluminio,Sintetico,Turno_2,3856.0,246.2,1.26,57.5,48.8,113.4,37.1,11,-15.9,8799,CLP-7B146,1
PEC-85827,Torno_CNC,Aco_Inox,Sintetico,Turno_1,3921.9,297.0,1.97,11.5,68.6,126.4,51.8,13,-21.74,3307,CLP-CA3BE,1
PEC-85828, TORNO_CNC ,Aco_Inox,Sintetico,Turno_2,3450.0,405.2,3.72,17.5,81.8,125.6,37.7,71,1.7,7913,CLP-33246,1
PEC-85829,torno_cnc,Aluminio,Soluvel,Turno_2,3120.1,273.9,3.13,8.9,77.2,124.9,34.1,24,9.67,3361,CLP-ED126,1
PEC-85830,Celula_Robotica,Aco_Inox,Soluvel,Turno_1,3018.9,194.0,2.41,12.3,72.0,120.0,55.3,174,1.96,5236,CLP-BD316,1
PEC-85831, TORNO_CNC ,Aco_Inox,Soluvel,Turno_3,3192.2,324.5,1.41,57.7,69.9,109.6,32.3,153,-2.48,9445,CLP-A44A4,1
PEC-85832,Centro_Usinagem,Aluminio,Soluvel,Turno_1,2805.8,259.3,1.63,107.9,61.2,121.1,51.2,111,5.01,4364,CLP-47702,1
PEC-85833, TORNO_CNC ,Latao,Seco,Turno_1,3038.3,355.6,4.41,44.2,82.0,115.8,42.1,179,12.63,9584,CLP-EAEFA,1
PEC-85834,Fresadora,Aco_Inox,Semi_Sintetico,Turno_1,3773.8,224.7,1.87,81.0,70.2,89.0,50.6,63,-0.99,9327,CLP-B30E5,1
PEC-85835,torno_cnc,Aluminio,Seco,Turno_1,2475.9,314.1,2.96,18.4,55.3,135.0,47.1,165,-2.19,6041,CLP-84EB1,1
PEC-85836,Centro_Usinagem,Latao,Sintetico,Turno_1,2506.7,250.0,2.5,70.4,63.2,123.9,28.4,150,-13.62,4261,CLP-5DE30,1
PEC-85837, TORNO_CNC ,Aco_Carbono,Soluvel,Turno_1,3573.7,382.8,0.59,19.5,56.9,119.7,42.5,22,12.81,7240,CLP-62816,0
PEC-85838,Fresadora,Aluminio,Soluvel,Turno_3,3042.4,235.9,4.28,83.6,63.3,127.9,43.0,3,-25.76,8776,CLP-A9E94,1
PEC-85839,Fresadora,Aco_Carbono,Soluvel,Turno_3,2333.5,400.1,0.85,61.0,79.6,108.7,48.3,24,-7.24,7779,CLP-731A0,1
PEC-85840, TORNO_CNC ,Aco_Inox,Soluvel,Turno_2,3172.4,272.0,3.13,148.9,62.9,140.4,47.5,82,-1.63,3274,CLP-C7FB2,1
PEC-85841,Torno_CNC,Aluminio,Semi_Sintetico,Turno_2,3108.1,292.3,3.74,66.5,55.5,138.1,43.0,50,-14.01,2431,CLP-5F324,1
PEC-85842,Torno_CNC,Aco_Inox,Soluvel,Turno_2,3006.0,335.0,3.49,22.8,77.5,102.6,35.9,176,-21.6,1620,CLP-DA5E9,1
PEC-85843,Torno_CNC,Aco_Inox,Soluvel,Turno_1,3508.6,210.6,3.74,9.1,80.3,110.5,48.8,51,13.07,7901,CLP-EBBE9,1
PEC-85844,Centro_Usinagem,Aluminio,Semi_Sintetico,Turno_1,2600.1,298.5,3.46,77.6,55.6,130.1,52.0,28,-6.6,4471,CLP-C325B,1
PEC-85845,Torno_CNC,Aco_Inox,Semi_Sintetico,Turno_1,3205.8,235.4,2.28,,82.8,123.7,47.6,167,-4.8,9756,CLP-BCD21,1
PEC-85846,Torno_CNC,Aluminio,Soluvel,Turno_2,3105.1,257.6,4.09,73.4,76.6,119.7,43.2,74,-16.24,4749,CLP-E1C2A,1
PEC-85847,Fresadora,Aluminio,Sintetico,Turno_1,3217.0,254.2,4.15,22.1,58.4,126.6,42.0,98,10.83,3492,CLP-3BFA3,1
PEC-85848,Torno_CNC,Aluminio,Soluvel,Turno_1,2420.5,278.6,2.25,6.0,79.6,91.9,37.7,90,-18.33,4295,CLP-4E0F6,1
PEC-85849,torno_cnc,Aco_Inox,Sintetico,Turno_1,2964.8,276.5,2.44,6.9,50.2,106.2,47.0,100,-3.81,8242,CLP-C09E6,1
PEC-85850,Torno_CNC,Aco_Inox,Soluvel,Turno_1,3208.9,221.2,2.44,43.9,59.2,111.0,46.5,148,22.79,2117,CLP-34F6E,1
PEC-85851,Celula_Robotica,Aluminio,Soluvel,Turno_1,3443.5,256.2,1.62,9.3,51.9,131.4,51.7,164,21.25,7615,CLP-827B6,1
PEC-85852,Centro_Usinagem,Latao,Sintetico,Turno_1,4030.9,133.3,0.96,52.9,53.3,87.7,40.0,151,-9.81,9716,CLP-F2CC2,1
PEC-85853,Centro_Usinagem,Aco_Inox,Soluvel,Turno_1,3562.7,299.5,1.55,24.0,75.2,122.7,46.0,153,19.67,1511,CLP-EE86A,1
PEC-85854, TORNO_CNC ,Aco_Inox,Sintetico,Turno_1,3407.5,334.7,3.88,34.0,64.8,114.3,34.5,8,-4.27,3726,CLP-20B21,1
PEC-85855,Fresadora,Aco_Carbono,Semi_Sintetico,Turno_1,3772.2,259.5,2.67,61.5,51.7,129.8,42.3,6,-19.66,9287,CLP-81129,1
PEC-85856,Torno_CNC,Aco_Inox,Soluvel,Turno_1,3063.3,169.7,3.9,15.2,57.9,132.1,40.5,57,-5.07,2917,CLP-7DCEB,1
PEC-85857,Torno_CNC,Aco_Carbono,Sintetico,Turno_1,3899.3,287.1,3.48,,57.0,145.5,53.5,72,-8.41,2995,CLP-6A571,1
PEC-85858,Torno_CNC,Aluminio,Sintetico,Turno_2,3703.7,211.8,1.89,50.8,68.0,102.4,58.7,161,25.11,3414,CLP-62ABB,1
PEC-85859,torno_cnc,Aluminio,Soluvel,Turno_1,2999.4,259.1,1.24,92.7,92.3,107.7,35.6,66,-25.07,4071,CLP-953E3,1
PEC-85860, TORNO_CNC ,Aco_Inox,Sintetico,Turno_1,4065.8,284.3,2.77,17.0,67.5,120.7,52.3,2,-10.29,2592,CLP-A0970,1
PEC-85861,torno_cnc,Aco_Inox,Sintetico,Turno_1,3401.1,277.3,4.24,39.1,68.3,141.2,50.4,74,2.94,6118,CLP-7DEFC,1
PEC-85862,Torno_CNC,Aco_Inox,Sintetico,Turno_1,4186.8,304.0,3.86,110.7,83.5,126.6,40.6,174,25.2,6805,CLP-62428,1
PEC-85863, TORNO_CNC ,Aco_Carbono,Seco,Turno_1,3336.4,257.3,3.56,41.6,58.5,121.6,39.0,161,22.68,1013,CLP-E74AD,1
PEC-85864,Fresadora,Aco_Carbono,Sintetico,Turno_3,2947.1,258.7,3.56,83.2,81.0,138.4,38.9,47,-8.27,9247,CLP-BBBC7,1
PEC-85865, TORNO_CNC ,Aluminio,Seco,Turno_3,2854.6,286.8,2.61,,59.9,114.0,42.0,58,-2.03,5497,CLP-3311C,1
PEC-85866,Fresadora,Aco_Carbono,Sintetico,Turno_1,3039.9,246.4,1.18,97.7,60.7,137.5,42.1,68,-7.78,2914,CLP-F1B28,1
PEC-85867,Torno_CNC,Aco_Inox,Soluvel,Turno_2,2942.9,215.6,1.64,54.7,61.0,146.0,43.8,120,15.33,9288,CLP-8DC05,1
PEC-85868,Centro_Usinagem,Aluminio,Soluvel,Turno_1,3772.1,272.6,2.81,33.1,63.7,117.7,40.9,19,16.15,7709,CLP-D37A8,1
PEC-85869,torno_cnc,Aluminio,Soluvel,Turno_1,3187.0,193.6,1.77,,62.9,96.8,51.4,131,-1.13,6213,CLP-C8B93,1
PEC-85870,Torno_CNC,Aco_Carbono,Sintetico,Turno_2,2473.7,246.0,3.63,,69.3,122.2,49.1,136,3.3,8327,CLP-7E753,1
PEC-85871,Torno_CNC,Aco_Inox,Sintetico,Turno_1,3295.9,181.1,1.99,15.3,59.9,144.7,43.6,130,-28.81,5481,CLP-A38C8,1
PEC-85872,Fresadora,Aluminio,Soluvel,Turno_2,3256.5,222.3,0.96,6.2,66.2,127.4,40.7,103,-2.62,7282,CLP-ADBAA,1
PEC-85873,Centro_Usinagem,Aco_Carbono,Soluvel,Turno_2,2989.1,224.3,3.63,8.8,45.7,99.4,40.5,94,4.06,5958,CLP-575B5,1
PEC-85874, TORNO_CNC ,Aluminio,Soluvel,Turno_2,3320.4,200.8,3.29,17.2,74.4,139.1,48.5,7,20.67,5578,CLP-B2DCC,1
PEC-85875,Torno_CNC,Aco_Inox,Soluvel,Turno_3,3180.2,305.0,1.51,8.3,78.6,131.9,45.4,14,-12.22,1096,CLP-3219A,0
PEC-85876,Centro_Usinagem,Aluminio,Sintetico,Turno_3,3485.2,300.9,4.42,11.5,67.7,135.0,46.6,74,-33.93,1315,CLP-846BA,1
PEC-85877,Fresadora,Aco_Inox,Semi_Sintetico,Turno_3,3458.7,315.7,2.11,7.0,74.0,137.0,51.9,142,3.18,6943,CLP-D387D,1
PEC-85878, TORNO_CNC ,Aluminio,Seco,Turno_1,3364.2,240.6,3.22,23.9,55.0,111.9,44.6,161,2.05,9127,CLP-4D99C,1
PEC-85879, TORNO_CNC ,Latao,Soluvel,Turno_1,2615.5,228.3,4.14,65.3,83.2,135.9,56.0,120,-14.54,1761,CLP-BA694,1
PEC-85880,Torno_CNC,Aluminio,Sintetico,Turno_2,4153.6,290.2,1.12,63.5,67.3,110.3,29.0,19,-8.04,4595,CLP-743B5,1
PEC-85881,Fresadora,Aluminio,Sintetico,Turno_3,2499.8,256.4,4.02,87.3,45.7,102.3,34.5,21,9.64,5207,CLP-D6DB9,1
PEC-85882, TORNO_CNC ,Aluminio,Seco,Turno_2,3142.1,256.2,3.32,52.9,79.6,107.6,59.5,54,-32.11,9324,CLP-B9765,1
PEC-85883,Celula_Robotica,Aco_Inox,Sintetico,Turno_3,2707.5,122.8,1.17,14.8,73.6,130.4,41.8,115,18.29,1749,CLP-40C00,1
PEC-85884, TORNO_CNC ,Aco_Inox,Soluvel,Turno_1,3378.4,287.8,3.16,47.4,87.5,113.9,47.4,60,-5.26,4563,CLP-3B9E9,1
PEC-85885, TORNO_CNC ,Latao,Soluvel,Turno_1,3262.3,281.2,4.0,54.1,85.0,142.1,55.0,159,1.49,5010,CLP-96704,1
PEC-85886,torno_cnc,Aluminio,Sintetico,Turno_1,3124.1,249.7,3.7,32.4,81.1,136.7,47.7,131,8.87,9932,CLP-D6DE0,1
PEC-85887,Centro_Usinagem,Aco_Inox,Sintetico,Turno_2,3883.0,290.8,3.54,,70.7,130.1,52.3,68,2.88,9505,CLP-DDA8B,1
PEC-85888,Centro_Usinagem,Aco_Inox,Semi_Sintetico,Turno_3,3698.8,280.1,1.15,7.6,73.6,140.7,49.9,160,-7.54,4229,CLP-296F6,1
PEC-85889, TORNO_CNC ,Aluminio,Soluvel,Turno_1,3052.8,215.2,1.26,36.6,52.1,102.4,52.9,47,15.69,7673,CLP-666EB,1
PEC-85890,Fresadora,Aco_Carbono,Seco,Turno_3,3561.9,239.0,2.69,27.9,61.7,134.3,48.9,179,1.46,8825,CLP-48F10,1
PEC-85891,torno_cnc,Aco_Carbono,Soluvel,Turno_2,3904.1,199.6,2.82,62.3,100.8,128.6,50.8,17,-14.78,5937,CLP-E49AF,1
PEC-85892, TORNO_CNC ,Aco_Inox,Seco,Turno_2,3695.6,323.1,4.27,9.8,44.3,100.9,40.4,152,15.27,9763,CLP-3EDFA,1
PEC-85893,Torno_CNC,Latao,Semi_Sintetico,Turno_3,,298.9,2.37,13.4,68.7,109.2,49.2,83,-34.9,4165,CLP-505CF,1
PEC-85894, TORNO_CNC ,Aluminio,Sintetico,Turno_1,2484.4,209.3,1.71,,64.5,117.6,44.7,52,1.86,7358,CLP-71CFB,1
PEC-85895,Torno_CNC,Aluminio,Sintetico,Turno_3,3346.1,280.9,1.26,107.9,75.2,117.2,44.3,63,16.43,6678,CLP-57AA8,1
PEC-85896,Centro_Usinagem,Aluminio,Soluvel,Turno_1,3500.9,263.9,0.72,8.0,67.4,119.4,31.6,161,7.13,3975,CLP-B83F3,0
PEC-85897,Torno_CNC,Aco_Inox,Soluvel,Turno_1,2853.7,215.7,0.77,52.6,79.6,110.7,41.6,134,6.64,6277,CLP-53280,1
PEC-85898,Celula_Robotica,Latao,Soluvel,Turno_2,3210.1,256.2,2.8,13.0,65.2,142.2,43.9,40,-12.06,4935,CLP-37558,0
PEC-85899,torno_cnc,Aco_Inox,Soluvel,Turno_3,3162.7,292.9,1.21,8.9,74.3,101.5,57.4,177,-10.63,3105,CLP-D8639,1
PEC-85900,Fresadora,Aco_Inox,Sintetico,Turno_2,3824.5,297.0,3.91,22.6,69.4,101.9,42.8,116,4.42,9381,CLP-EC8BC,1
PEC-85901,torno_cnc,Aco_Carbono,Soluvel,Turno_2,4034.2,366.6,2.89,35.6,61.5,105.9,47.3,123,9.63,1401,CLP-EB3FC,1
PEC-85902,Torno_CNC,Aluminio,Semi_Sintetico,Turno_3,3728.8,254.7,3.96,66.4,59.8,110.5,56.0,164,22.25,6678,CLP-D5C70,1
PEC-85903, TORNO_CNC ,Aco_Carbono,Soluvel,Turno_1,3161.5,238.1,2.21,,80.3,109.3,35.1,147,-5.17,9120,CLP-9E0CB,1
PEC-85904,Torno_CNC,Aluminio,Sintetico,Turno_3,3716.5,278.1,2.88,28.7,72.5,145.2,41.9,36,16.46,1405,CLP-AFB1F,1
PEC-85905,Fresadora,Aco_Inox,Sintetico,Turno_2,3492.0,240.9,2.6,16.8,77.0,110.1,52.0,129,-18.25,4116,CLP-BDF30,1
PEC-85906, TORNO_CNC ,Latao,Soluvel,Turno_1,3166.3,220.8,4.45,17.1,80.1,118.2,64.8,43,12.18,1422,CLP-48A7F,1
PEC-85907,Fresadora,Aco_Inox,Soluvel,Turno_1,4141.6,203.7,3.69,56.5,58.8,101.1,29.1,77,8.08,2987,CLP-753B0,1
PEC-85908,Torno_CNC,Aco_Carbono,Soluvel,Turno_1,2867.9,78.6,2.88,,61.8,113.0,44.1,153,-19.48,5007,CLP-28244,1
PEC-85909,Torno_CNC,Aco_Inox,Semi_Sintetico,Turno_1,3471.8,286.7,2.93,10.5,60.9,129.0,50.0,76,5.08,6596,CLP-D6FEB,0
PEC-85910, TORNO_CNC ,Aco_Carbono,Sintetico,Turno_1,3577.8,168.1,1.5,49.5,77.4,130.2,51.7,157,-5.38,6994,CLP-82DAA,1
PEC-85911,Celula_Robotica,Aco_Inox,Soluvel,Turno_1,3070.6,206.0,3.44,118.6,66.1,134.8,63.0,90,5.82,6473,CLP-C353B,1
PEC-85912,Fresadora,Aluminio,Semi_Sintetico,Turno_2,3451.6,264.6,4.43,9.5,67.2,105.0,39.8,72,-13.12,6586,CLP-66F74,1
PEC-85913, TORNO_CNC ,Aco_Carbono,Soluvel,Turno_2,3625.5,233.9,1.02,37.9,52.3,109.9,43.1,152,-1.33,3505,CLP-2D1E1,1
PEC-85914,torno_cnc,Aluminio,Sintetico,Turno_2,,357.5,3.05,14.6,74.9,132.3,32.0,20,-5.85,1203,CLP-27CD8,1
PEC-85915,Torno_CNC,Aco_Carbono,Soluvel,Turno_1,3412.6,174.5,2.57,5.9,75.3,119.6,46.0,47,-6.47,7094,CLP-EDE33,1
PEC-85916,Celula_Robotica,Aco_Carbono,Sintetico,Turno_3,3247.4,361.9,3.9,67.5,71.7,119.1,49.1,126,-13.77,9610,CLP-CA09B,1
PEC-85917,Fresadora,Aco_Carbono,Seco,Turno_1,3558.9,319.0,0.5,29.9,67.0,128.9,61.7,65,10.79,2439,CLP-3C333,1
PEC-85918,Torno_CNC,Latao,Semi_Sintetico,Turno_2,3097.0,295.5,1.05,5.8,77.5,134.9,58.6,88,30.43,1600,CLP-45E43,1
PEC-85919,torno_cnc,Aluminio,Soluvel,Turno_1,3059.7,322.0,0.65,84.0,64.4,109.5,57.1,24,2.09,8913,CLP-4AD1E,1
PEC-85920,Torno_CNC,Aco_Inox,Soluvel,Turno_2,3209.3,270.2,1.15,31.9,82.0,118.4,39.4,96,29.9,9109,CLP-35690,1
PEC-85921,Celula_Robotica,Aco_Inox,Semi_Sintetico,Turno_1,3732.7,164.8,3.33,51.8,73.6,118.2,48.4,106,9.31,5328,CLP-4DC80,1
PEC-85922,Torno_CNC,Aco_Inox,Soluvel,Turno_3,2413.7,275.7,1.06,24.3,49.9,105.5,48.1,3,-14.62,7129,CLP-B82F0,0
PEC-85923,Fresadora,Aco_Inox,Soluvel,Turno_3,2790.8,176.0,2.99,12.2,63.4,124.5,48.7,102,8.59,9114,CLP-A32D4,1
PEC-85924,Torno_CNC,Aluminio,Sintetico,Turno_2,4224.1,223.6,3.97,26.9,68.9,111.9,44.7,97,-1.3,2018,CLP-E75B0,1
PEC-85925,Fresadora,Aco_Inox,Soluvel,Turno_1,3323.8,246.1,0.64,16.9,56.6,119.9,54.0,9,11.54,1850,CLP-BB272,0
PEC-85926,Fresadora,Aco_Inox,Soluvel,Turno_1,,204.4,0.61,17.3,78.0,129.7,42.2,1,-6.71,4664,CLP-38EE4,0
PEC-85927,Fresadora,Aco_Inox,Seco,Turno_3,3557.7,297.3,4.46,41.1,41.3,124.0,47.6,13,14.38,5743,CLP-C3BAD,1
PEC-85928,Fresadora,Aco_Carbono,Soluvel,Turno_2,2846.7,239.3,3.19,8.5,74.6,106.7,56.6,21,-16.69,6290,CLP-97A46,1
PEC-85929,Centro_Usinagem,Aluminio,Soluvel,Turno_3,2253.7,270.5,1.06,22.7,73.3,123.1,62.2,75,2.86,3932,CLP-253EF,0
PEC-85930,Torno_CNC,Aco_Inox,Sintetico,Turno_1,3359.7,249.5,1.73,32.7,41.2,122.1,38.4,165,-4.23,1368,CLP-56E10,1
PEC-85931,Torno_CNC,Aco_Carbono,Semi_Sintetico,Turno_3,2871.1,256.3,4.44,48.3,66.2,111.6,49.4,77,8.56,8257,CLP-2EBA3,1
PEC-85932,Torno_CNC,Aco_Inox,Soluvel,Turno_3,3245.6,205.7,1.41,40.1,59.8,107.1,48.6,162,-5.66,9768,CLP-42229,1
PEC-85933,Celula_Robotica,Latao,Sintetico,Turno_2,3348.2,191.3,3.51,81.1,82.0,122.3,54.8,53,-24.78,8803,CLP-A1A52,1
PEC-85934, TORNO_CNC ,Aluminio,Semi_Sintetico,Turno_1,3264.0,242.3,1.46,175.7,55.0,99.0,58.1,69,-14.29,8226,CLP-D24B7,1
PEC-85935,Fresadora,Aco_Inox,Soluvel,Turno_2,2431.0,201.7,2.09,102.0,74.6,104.0,42.3,104,-5.31,1476,CLP-63C3D,1
PEC-85936,Fresadora,Aluminio,Soluvel,Turno_3,3211.8,319.7,4.02,55.6,77.0,100.8,44.4,19,-12.78,5392,CLP-985BE,1
PEC-85937,Torno_CNC,Aco_Carbono,Soluvel,Turno_3,3400.1,181.2,0.61,45.5,60.3,101.8,45.6,133,9.04,6080,CLP-1D5CD,1
PEC-85938,Torno_CNC,Aluminio,Sintetico,Turno_1,2570.0,366.9,1.73,6.3,80.6,112.8,48.8,132,1.9,7564,CLP-CE79C,1
PEC-85939,Torno_CNC,Aco_Carbono,Semi_Sintetico,Turno_1,2516.4,265.1,2.45,31.7,60.0,135.9,51.6,63,-19.31,8056,CLP-D21B7,1
PEC-85940, TORNO_CNC ,Aco_Inox,Soluvel,Turno_3,2718.9,253.5,3.0,43.1,81.0,129.3,42.0,66,-1.11,8251,CLP-5A57A,1
PEC-85941,Torno_CNC,Aco_Inox,Semi_Sintetico,Turno_2,3536.0,223.0,0.61,23.6,96.3,136.8,59.9,59,-12.63,7671,CLP-1923F,1
PEC-85942,Torno_CNC,Aco_Inox,Semi_Sintetico,Turno_3,2300.8,282.8,2.14,22.0,76.2,110.8,30.4,68,1.24,9209,CLP-F3C27,1
PEC-85943,Centro_Usinagem,Aco_Inox,Soluvel,Turno_3,3573.4,239.8,1.88,32.4,72.3,89.8,35.4,151,4.05,7380,CLP-B617C,1
PEC-85944,Celula_Robotica,Aco_Inox,Sintetico,Turno_3,3376.4,265.0,0.61,88.0,59.3,111.0,49.9,163,11.19,6542,CLP-AE36F,1
PEC-85945,Torno_CNC,Latao,Soluvel,Turno_1,3084.1,292.1,1.92,15.6,87.3,136.9,43.7,54,4.23,3051,CLP-CE964,1
PEC-85946,Torno_CNC,Aco_Inox,Seco,Turno_1,2533.7,283.5,4.23,22.8,75.7,114.1,40.5,93,9.04,8385,CLP-6D533,1
PEC-85947,Torno_CNC,Aluminio,Sintetico,Turno_1,2841.6,312.0,1.6,42.1,59.5,119.7,52.7,86,-30.07,3700,CLP-53D6E,1
PEC-85948,Fresadora,Aluminio,Sintetico,Turno_3,3551.9,276.9,2.84,12.2,83.0,116.8,51.5,151,-31.29,3101,CLP-5B22E,1
PEC-85949,Centro_Usinagem,Aco_Carbono,Sintetico,Turno_2,3765.5,202.4,1.69,68.0,66.3,130.5,55.0,179,-6.29,3776,CLP-2DBDA,1
PEC-85950,Torno_CNC,Latao,Sintetico,Turno_1,2735.9,146.0,0.93,43.4,73.1,132.5,36.7,24,-3.08,2300,CLP-45973,1
PEC-85951,Torno_CNC,Aco_Carbono,Semi_Sintetico,Turno_1,3713.8,260.6,1.66,20.2,60.1,96.8,51.5,20,14.51,6972,CLP-D0F28,1
PEC-85952,Fresadora,Latao,Sintetico,Turno_1,3508.6,261.3,2.38,49.8,53.7,83.5,51.4,30,-1.44,8508,CLP-72ABB,1
PEC-85953,Fresadora,Aco_Carbono,Seco,Turno_3,3196.9,346.3,1.68,16.5,54.4,129.8,36.9,83,-1.5,3312,CLP-C4786,0
PEC-85954,Torno_CNC,Latao,Sintetico,Turno_2,2868.0,244.2,3.0,57.1,60.4,116.8,45.3,116,4.84,3043,CLP-BA2CB,1
PEC-85955,Fresadora,Aco_Carbono,Soluvel,Turno_2,2938.4,268.7,4.3,7.6,71.2,129.8,52.8,98,-7.61,8153,CLP-C56E6,1
PEC-85956,Torno_CNC,Aco_Inox,Seco,Turno_1,4020.3,288.9,0.78,24.5,61.4,115.8,55.7,12,12.21,2068,CLP-C6736,1
PEC-85957, TORNO_CNC ,Aluminio,Sintetico,Turno_3,3280.3,275.7,3.37,15.6,55.5,127.8,43.8,34,9.78,3069,CLP-BBFB7,1
PEC-85958,Fresadora,Aluminio,Sintetico,Turno_1,3798.4,292.2,0.51,64.4,53.6,118.0,36.2,5,-6.9,2975,CLP-4552F,0
PEC-85959,Centro_Usinagem,Aco_Inox,Seco,Turno_2,3308.7,209.1,0.5,53.9,80.2,109.2,57.3,123,-9.45,8673,CLP-7CAB5,1
PEC-85960, TORNO_CNC ,Aco_Inox,Soluvel,Turno_1,2996.3,201.2,1.03,69.5,63.5,114.1,45.3,175,-21.18,6789,CLP-E8D1A,1
PEC-85961,Celula_Robotica,Aluminio,Soluvel,Turno_1,3462.8,236.0,2.42,41.9,41.5,117.5,29.9,7,19.09,8324,CLP-E9636,0
PEC-85962, TORNO_CNC ,Latao,Soluvel,Turno_1,4171.0,141.3,0.69,60.5,64.9,129.2,43.1,79,18.77,2167,CLP-88DB2,1
PEC-85963,Fresadora,Aco_Inox,Sintetico,Turno_2,2910.1,248.0,3.39,,60.0,117.4,54.1,58,3.05,1014,CLP-9376B,1
PEC-85964, TORNO_CNC ,Aco_Carbono,Semi_Sintetico,Turno_2,3611.2,217.0,0.62,44.7,67.5,103.9,35.2,53,2.03,5871,CLP-F0612,1
PEC-85965,Centro_Usinagem,Aco_Carbono,Seco,Turno_1,3285.7,266.1,2.48,6.1,58.2,145.0,45.9,82,-13.92,7473,CLP-3EBF9,1
PEC-85966,Centro_Usinagem,Latao,Soluvel,Turno_1,2547.7,236.7,3.2,79.4,80.4,124.7,42.4,88,14.73,4771,CLP-A8190,1
PEC-85967,Torno_CNC,Latao,Semi_Sintetico,Turno_3,2537.7,199.2,1.45,45.4,63.2,140.4,44.7,95,0.76,6229,CLP-B6F97,0
PEC-85968,Celula_Robotica,Aco_Carbono,Seco,Turno_1,2996.6,315.5,2.82,75.4,62.5,103.6,41.5,103,-25.47,2952,CLP-BCBC0,1
PEC-85969,Centro_Usinagem,Aluminio,Sintetico,Turno_1,3356.4,254.1,1.55,56.6,61.2,116.2,49.0,138,7.13,9647,CLP-5741A,1
PEC-85970,Fresadora,Aco_Inox,Soluvel,Turno_2,3595.3,293.1,1.36,16.8,70.7,122.9,43.2,4,-8.06,1859,CLP-52BC8,1
PEC-85971,Torno_CNC,Aluminio,Sintetico,Turno_3,2493.1,259.2,3.77,16.2,69.7,129.9,50.3,62,-11.0,6880,CLP-656C6,1
PEC-85972,Centro_Usinagem,Aco_Carbono,Seco,Turno_1,3493.7,273.2,1.83,61.3,60.3,91.7,42.1,54,-12.95,8380,CLP-D4B21,1
PEC-85973,Centro_Usinagem,Aco_Carbono,Seco,Turno_3,3146.7,182.0,3.76,,65.3,92.1,53.9,69,-10.31,8667,CLP-6F553,1
PEC-85974,Torno_CNC,Aco_Carbono,Sintetico,Turno_1,3201.5,313.9,1.37,9.1,62.0,110.1,45.1,94,8.19,7632,CLP-D1F98,0
PEC-85975,Celula_Robotica,Aco_Inox,Semi_Sintetico,Turno_1,3464.9,293.9,1.92,5.5,75.2,128.2,35.3,67,-6.1,1332,CLP-E52B0,1
PEC-85976,Torno_CNC,Aluminio,Soluvel,Turno_1,3985.7,249.1,0.91,17.4,49.5,109.9,38.2,120,1.36,8354,CLP-712AA,1
PEC-85977,Torno_CNC,Aco_Inox,Soluvel,Turno_2,3336.6,264.4,2.49,8.7,60.9,118.1,35.7,119,16.26,4360,CLP-34D1D,1
PEC-85978,torno_cnc,Aco_Inox,Seco,Turno_1,2589.5,300.1,2.03,61.6,62.7,120.8,36.2,179,0.15,6801,CLP-5FE48,1
PEC-85979,torno_cnc,Aco_Inox,Soluvel,Turno_2,3115.8,231.4,0.52,28.2,81.7,107.6,34.5,148,12.96,3517,CLP-46CE7,1
PEC-85980,Fresadora,Aco_Inox,Soluvel,Turno_1,3583.5,170.8,2.36,15.2,79.1,142.0,36.3,32,21.52,7674,CLP-69A1A,1
PEC-85981,Torno_CNC,Aco_Carbono,Soluvel,Turno_1,3598.3,232.3,0.8,37.3,69.7,108.1,45.0,145,-21.38,8341,CLP-AE0DF,1
PEC-85982,Celula_Robotica,Aco_Inox,Sintetico,Turno_3,3499.6,257.6,3.85,7.6,53.1,89.0,50.9,38,12.97,5555,CLP-35FC8,1
PEC-85983,Torno_CNC,Aco_Inox,Sintetico,Turno_2,2970.5,248.4,2.47,50.3,65.7,105.3,34.2,126,24.98,5719,CLP-294F3,1
PEC-85984,Torno_CNC,Latao,Soluvel,Turno_1,2584.5,315.9,3.26,,87.6,107.5,38.6,103,7.9,1756,CLP-6C97A,1
PEC-85985,Torno_CNC,Aco_Inox,Seco,Turno_2,3465.3,202.0,3.78,5.2,63.2,122.6,51.4,57,-3.46,7361,CLP-DABD8,0
PEC-85986,torno_cnc,Aco_Inox,Seco,Turno_2,2653.6,208.3,0.7,18.5,66.5,123.4,43.7,153,13.06,6588,CLP-7535E,1
PEC-85987,Celula_Robotica,Aco_Inox,Soluvel,Turno_1,3511.9,197.1,1.85,53.5,67.2,128.8,31.3,54,-4.03,6692,CLP-7A93A,1
PEC-85988,Fresadora,Aco_Inox,Soluvel,Turno_2,3512.0,271.4,0.6,12.3,54.8,148.2,45.3,168,47.58,8966,CLP-7BED6,1
PEC-85989,Centro_Usinagem,Aco_Inox,Sintetico,Turno_1,2989.5,173.7,0.7,119.3,55.3,120.4,47.9,75,5.48,9577,CLP-946BD,1
PEC-85990,Torno_CNC,Aco_Inox,Sintetico,Turno_2,3149.4,287.2,0.65,84.4,55.3,132.7,47.5,125,-35.4,7789,CLP-E4341,0
PEC-85991,torno_cnc,Aluminio,Soluvel,Turno_3,3289.4,203.4,2.41,57.7,61.4,113.3,63.0,137,-13.68,1303,CLP-2E2C9,1
PEC-85992, TORNO_CNC ,Aco_Inox,Soluvel,Turno_1,2923.3,211.3,2.3,7.9,70.3,124.3,39.0,132,10.8,5407,CLP-5BFB7,1
PEC-85993, TORNO_CNC ,Aco_Inox,Soluvel,Turno_1,2578.2,338.5,0.74,20.3,67.0,114.8,53.8,152,-13.11,1209,CLP-8B22B,1
PEC-85994,Torno_CNC,Aco_Carbono,Soluvel,Turno_1,3182.4,311.6,1.55,17.4,71.1,117.8,44.8,12,-14.36,1648,CLP-733BC,0
PEC-85995,Fresadora,Aluminio,Soluvel,Turno_3,3229.3,256.0,1.48,10.2,90.9,122.5,48.7,41,1.16,4685,CLP-932DB,1
PEC-85996,torno_cnc,Latao,Sintetico,Turno_2,3812.5,184.4,1.69,280.5,96.1,134.8,39.8,105,2.86,8141,CLP-591D7,1
PEC-85997,Fresadora,Aluminio,Sintetico,Turno_1,2848.1,350.7,3.06,10.6,66.1,119.2,39.6,113,-4.12,8610,CLP-83ECD,0
PEC-85998, TORNO_CNC ,Aco_Inox,Semi_Sintetico,Turno_2,3680.8,240.2,3.29,18.3,76.1,119.2,35.0,108,2.4,5245,CLP-F2968,1
PEC-85999,Torno_CNC,Aco_Carbono,Soluvel,Turno_1,2683.8,262.4,1.86,79.3,72.9,124.7,33.3,135,39.74,2200,CLP-B7159,1
PEC-86000,Fresadora,Aco_Inox,Semi_Sintetico,Turno_2,2594.9,295.6,3.65,10.5,77.9,133.2,50.4,176,-10.54,5983,CLP-9382D,1
PEC-86001,Torno_CNC,Aco_Inox,Soluvel,Turno_2,3064.6,151.9,2.17,27.2,77.5,98.9,40.7,23,-15.74,8372,CLP-F2FB2,1
PEC-86002,Centro_Usinagem,Aluminio,Soluvel,Turno_3,2776.6,218.0,2.59,135.1,58.7,123.7,65.4,80,-8.8,6327,CLP-CADC8,1
PEC-86003,Fresadora,Aluminio,Semi_Sintetico,Turno_1,2588.6,246.6,1.08,,88.8,100.0,41.2,132,12.56,1060,CLP-3218D,1
PEC-86004,Torno_CNC,Aco_Carbono,Sintetico,Turno_2,4074.9,256.5,1.43,,83.4,139.6,50.4,114,7.57,1496,CLP-53595,1
PEC-86005,Celula_Robotica,Latao,Soluvel,Turno_2,2996.8,184.8,3.41,7.9,76.6,125.1,45.4,60,-15.4,7174,CLP-B9958,1
PEC-86006,torno_cnc,Aco_Inox,Sintetico,Turno_3,4240.1,266.3,4.41,37.1,73.2,138.4,30.4,66,-9.47,1624,CLP-3229D,1
PEC-86007,Torno_CNC,Aluminio,Seco,Turno_2,2752.4,251.7,3.32,19.5,69.8,95.0,34.2,45,7.86,8174,CLP-992EA,1
PEC-86008,Fresadora,Aluminio,Sintetico,Turno_2,2431.2,333.4,0.72,47.1,67.5,117.5,32.9,56,-23.59,9212,CLP-95535,1
PEC-86009,Torno_CNC,Latao,Semi_Sintetico,Turno_1,3781.1,300.0,1.07,24.9,74.5,133.1,56.8,128,9.01,8854,CLP-4F70B,1
PEC-86010,Centro_Usinagem,Aco_Carbono,Seco,Turno_2,2873.0,236.5,2.28,17.4,68.0,141.1,55.4,143,8.5,8839,CLP-4CB03,1
PEC-86011,Centro_Usinagem,Latao,Sintetico,Turno_3,3262.5,240.2,3.43,32.6,69.5,125.3,60.4,124,8.93,3350,CLP-84944,1
PEC-86012,Celula_Robotica,Aco_Inox,Sintetico,Turno_3,2590.0,300.7,1.16,10.3,65.3,113.6,27.2,174,-3.99,7646,CLP-F2524,0
PEC-86013,torno_cnc,Aco_Carbono,Soluvel,Turno_2,3182.8,264.2,3.5,64.0,63.4,116.0,34.0,147,2.22,6626,CLP-A8BB2,1
PEC-86014, TORNO_CNC ,Aco_Inox,Soluvel,Turno_1,2582.8,181.4,2.72,53.6,88.0,104.4,49.8,59,7.56,3665,CLP-DEB4D,1
PEC-86015,Fresadora,Aco_Inox,Sintetico,Turno_3,3166.7,354.7,3.6,,67.5,141.9,38.9,92,-1.38,4036,CLP-BE484,1
PEC-86016,Torno_CNC,Latao,Semi_Sintetico,Turno_1,,200.5,2.73,21.0,61.6,129.8,50.6,27,-24.77,8356,CLP-48E87,1
PEC-86017,torno_cnc,Aco_Inox,Soluvel,Turno_1,3303.6,373.9,2.91,91.4,68.5,117.3,41.4,51,28.17,9336,CLP-40A73,1
PEC-86018,torno_cnc,Latao,Seco,Turno_2,3481.6,271.4,1.49,40.2,52.0,128.2,40.6,157,0.12,3767,CLP-4066E,1
PEC-86019,Torno_CNC,Aco_Inox,Soluvel,Turno_1,3308.5,218.2,3.38,,77.8,118.3,30.5,56,8.57,3500,CLP-20D40,1
PEC-86020, TORNO_CNC ,Aco_Carbono,Sintetico,Turno_3,3403.0,131.6,3.88,62.5,66.7,115.5,40.4,166,4.56,4819,CLP-B8762,1
PEC-86021,Centro_Usinagem,Aco_Inox,Soluvel,Turno_2,3150.9,288.8,3.99,40.3,62.6,108.7,48.0,99,37.48,7642,CLP-6F9CB,1
PEC-86022,Centro_Usinagem,Aco_Inox,Soluvel,Turno_2,3004.1,172.5,0.62,9.8,61.4,108.9,37.1,62,-11.88,1012,CLP-4C633,0
PEC-86023,Torno_CNC,Aco_Inox,Semi_Sintetico,Turno_2,3411.6,267.9,3.0,9.2,47.6,125.7,45.5,51,17.74,7288,CLP-8E464,0
PEC-86024,Torno_CNC,Aluminio,Soluvel,Turno_3,3149.8,346.7,4.46,,88.4,135.7,36.6,86,-1.45,1959,CLP-20A03,1
PEC-86025,Torno_CNC,Aco_Inox,Soluvel,Turno_2,3167.0,193.1,2.85,16.9,68.9,115.0,38.8,167,-17.93,2875,CLP-8C9F5,1
PEC-86026,Centro_Usinagem,Aluminio,Sintetico,Turno_1,3379.0,286.9,1.19,43.1,88.2,108.1,39.4,87,-3.7,3072,CLP-91FB0,1
PEC-86027,Torno_CNC,Aco_Inox,Sintetico,Turno_3,2735.1,209.4,4.01,,63.5,134.3,48.7,84,25.8,1787,CLP-7AD4E,0
PEC-86028,Fresadora,Aco_Inox,Semi_Sintetico,Turno_1,3843.3,306.7,1.56,33.5,72.1,121.2,51.9,54,-6.63,1570,CLP-4A046,1
PEC-86029,Torno_CNC,Aco_Inox,Seco,Turno_1,3087.8,253.3,0.68,14.2,75.4,86.5,59.7,36,-5.63,7880,CLP-51258,1
PEC-86030,Fresadora,Aluminio,Soluvel,Turno_2,3255.9,249.0,2.22,10.3,72.5,109.4,51.2,147,-22.67,8876,CLP-B8CE5,1
PEC-86031, TORNO_CNC ,Aco_Carbono,Sintetico,Turno_1,3180.0,310.4,0.9,57.0,61.2,127.0,47.9,23,14.14,8188,CLP-7F911,1
PEC-86032,Fresadora,Aco_Carbono,Sintetico,Turno_3,3493.7,281.3,0.96,63.0,45.4,108.2,59.2,75,9.2,4273,CLP-E45EF,0
PEC-86033,Torno_CNC,Aco_Inox,Seco,Turno_2,3352.6,209.8,2.35,49.0,93.7,120.8,47.2,61,-4.49,2406,CLP-D1CEE,1
PEC-86034,Fresadora,Aluminio,Seco,Turno_3,3177.5,339.4,2.95,,57.8,101.3,49.9,1,-10.12,6203,CLP-B7A65,0
PEC-86035,Torno_CNC,Aco_Carbono,Sintetico,Turno_1,3851.9,173.2,4.12,,97.0,113.8,52.7,131,-3.1,7385,CLP-51B08,1
PEC-86036,Fresadora,Aco_Inox,Sintetico,Turno_3,1758.5,263.8,3.32,20.7,59.4,103.7,46.4,176,-9.89,4544,CLP-AE961,0
PEC-86037,Centro_Usinagem,Aluminio,Soluvel,Turno_1,,208.9,3.87,46.1,83.1,101.5,44.5,83,6.72,4360,CLP-63313,1
PEC-86038,Torno_CNC,Aluminio,Soluvel,Turno_1,3614.1,175.6,2.15,54.3,73.6,108.6,43.7,71,16.65,6069,CLP-90A96,1
PEC-86039,Centro_Usinagem,Aco_Inox,Sintetico,Turno_1,2373.9,193.3,1.77,39.6,74.2,133.1,40.4,175,16.53,9126,CLP-CBAA4,1
PEC-86040,torno_cnc,Aco_Inox,Sintetico,Turno_2,3618.2,247.5,2.87,59.5,59.1,126.3,41.0,101,27.29,7967,CLP-BBD79,1
PEC-86041,Torno_CNC,Aco_Inox,Sintetico,Turno_1,3676.3,267.5,3.28,24.5,61.7,150.8,53.5,17,26.27,6131,CLP-1DDF5,1
PEC-86042, TORNO_CNC ,Aluminio,Sintetico,Turno_2,3452.8,302.9,2.77,32.3,61.9,111.0,36.2,10,-15.75,1979,CLP-50204,1
PEC-86043,Torno_CNC,Aco_Inox,Soluvel,Turno_1,2498.4,323.8,1.56,7.3,68.3,135.3,46.1,36,-26.47,3360,CLP-28229,1
PEC-86044,Fresadora,Aco_Inox,Sintetico,Turno_1,3507.2,263.9,1.98,24.5,64.0,147.9,44.8,166,2.21,8163,CLP-88DF7,1
PEC-86045,Fresadora,Aco_Inox,Soluvel,Turno_2,3653.2,227.8,2.29,24.8,60.1,136.8,33.6,41,-15.34,7641,CLP-8FE05,0
PEC-86046,Torno_CNC,Aco_Inox,Soluvel,Turno_1,2942.5,302.0,0.56,,55.2,137.0,51.7,43,-10.79,9266,CLP-E3A94,0
PEC-86047,torno_cnc,Aco_Inox,Soluvel,Turno_3,3398.5,219.3,4.02,21.6,56.4,121.8,34.3,150,6.16,6809,CLP-35BEE,1
PEC-86048,Centro_Usinagem,Latao,Semi_Sintetico,Turno_2,3041.1,170.2,2.55,14.5,71.4,123.5,39.0,165,7.83,2596,CLP-4C585,1
PEC-86049,Celula_Robotica,Aco_Inox,Soluvel,Turno_3,3598.4,297.0,3.5,14.5,56.6,106.2,44.3,121,-4.59,4814,CLP-3908B,1
PEC-86050,torno_cnc,Aluminio,Semi_Sintetico,Turno_1,3058.9,316.2,1.19,,51.8,79.9,56.9,30,9.17,1772,CLP-24E2C,0
PEC-86051,Celula_Robotica,Aco_Inox,Soluvel,Turno_3,2938.9,208.9,2.73,47.3,66.7,123.1,49.2,33,18.24,1464,CLP-B57FF,0
PEC-86052,torno_cnc,Aluminio,Soluvel,Turno_2,3182.3,348.0,4.2,39.1,38.8,105.6,47.5,111,12.6,2876,CLP-2CF89,1
PEC-86053, TORNO_CNC ,Aluminio,Seco,Turno_3,2596.3,279.2,1.36,35.3,64.9,113.6,55.8,113,-7.43,1194,CLP-4FA24,1
PEC-86054,Centro_Usinagem,Aco_Inox,Sintetico,Turno_1,3137.6,271.7,1.88,31.5,65.9,107.6,42.9,22,1.73,3179,CLP-3030B,1
PEC-86055, TORNO_CNC ,Aco_Carbono,Soluvel,Turno_2,3362.9,224.2,2.05,21.0,71.8,124.9,61.0,170,-1.35,1356,CLP-529EC,1
PEC-86056, TORNO_CNC ,Aluminio,Soluvel,Turno_3,3591.5,300.9,2.03,56.2,69.1,117.0,49.0,144,-10.99,7668,CLP-DC12A,1
PEC-86057, TORNO_CNC ,Aco_Carbono,Seco,Turno_1,3312.0,173.8,2.9,94.3,49.7,138.9,46.1,67,18.59,1514,CLP-F2AC1,1
PEC-86058,Centro_Usinagem,Aluminio,Soluvel,Turno_2,2555.3,233.0,2.08,25.3,62.8,109.2,30.6,174,-3.39,7982,CLP-BF1C1,1
PEC-86059,Centro_Usinagem,Latao,Sintetico,Turno_3,3808.5,213.3,3.2,23.4,72.8,122.7,52.8,17,-18.98,7414,CLP-81493,1
PEC-86060, TORNO_CNC ,Aco_Carbono,Soluvel,Turno_2,,184.6,2.44,11.2,70.0,117.1,49.3,75,-0.66,9432,CLP-3EF56,0
PEC-86061,Torno_CNC,Latao,Soluvel,Turno_1,3250.7,293.1,1.13,43.9,55.6,115.6,43.2,17,-16.51,8678,CLP-EC191,0
PEC-86062, TORNO_CNC ,Aluminio,Soluvel,Turno_2,2861.6,267.1,4.29,33.6,70.0,118.8,41.0,115,-28.17,4742,CLP-AB4E8,1
PEC-86063,torno_cnc,Aluminio,Sintetico,Turno_1,2960.8,290.2,1.46,159.8,76.0,142.8,61.1,108,4.45,7926,CLP-906BA,1
PEC-86064,Torno_CNC,Aco_Carbono,Sintetico,Turno_3,3108.4,236.1,2.75,35.7,53.3,132.6,38.6,94,-23.52,1106,CLP-98889,1
PEC-86065,Fresadora,Aco_Carbono,Soluvel,Turno_1,3325.4,299.3,0.74,16.9,41.5,113.2,47.8,134,13.96,1310,CLP-92FBD,0
PEC-86066, TORNO_CNC ,Latao,Semi_Sintetico,Turno_1,3063.0,253.9,4.17,34.0,86.3,110.8,45.3,177,16.82,3617,CLP-EBB42,1
PEC-86067,Torno_CNC,Aco_Inox,Semi_Sintetico,Turno_1,2813.7,226.4,4.21,151.3,68.8,108.3,50.5,17,18.6,6200,CLP-D3122,1
PEC-86068,Torno_CNC,Aco_Carbono,Seco,Turno_2,3660.4,218.1,1.96,50.0,59.5,121.7,29.6,64,6.85,2621,CLP-36A8B,1
PEC-86069,Torno_CNC,Aco_Inox,Soluvel,Turno_3,3315.8,150.9,0.98,,59.1,97.3,50.4,77,-6.77,3414,CLP-40337,0
PEC-86070,Celula_Robotica,Aluminio,Soluvel,Turno_1,2726.4,308.2,3.58,19.7,66.8,116.8,57.8,106,-4.96,6855,CLP-73998,1
PEC-86071,Torno_CNC,Aco_Inox,Semi_Sintetico,Turno_1,3331.1,302.5,1.55,17.4,77.5,125.7,29.8,19,-7.49,8276,CLP-7FBBC,1
PEC-86072,Torno_CNC,Aco_Inox,Soluvel,Turno_1,3272.8,396.4,3.3,73.0,46.9,109.1,37.4,18,-27.3,6406,CLP-641EB,1
PEC-86073, TORNO_CNC ,Latao,Soluvel,Turno_3,2876.9,233.3,4.16,38.1,60.2,120.6,49.5,161,25.01,1351,CLP-92444,1
PEC-86074,Torno_CNC,Aco_Inox,Semi_Sintetico,Turno_2,3737.8,216.7,2.86,63.1,84.8,124.0,43.9,2,10.82,9787,CLP-8A6B3,1
PEC-86075,Torno_CNC,Aluminio,Soluvel,Turno_1,3260.7,164.9,3.94,11.8,74.9,93.6,50.4,63,-12.97,7073,CLP-CA1A1,1
PEC-86076,Torno_CNC,Aluminio,Soluvel,Turno_2,3102.5,298.0,1.4,88.5,73.9,123.1,51.0,108,-1.56,8752,CLP-7CF67,1
PEC-86077,torno_cnc,Aco_Inox,Soluvel,Turno_1,3162.4,286.5,4.14,7.1,69.9,113.1,46.8,89,-0.47,7580,CLP-8952F,1
PEC-86078,torno_cnc,Aco_Inox,Semi_Sintetico,Turno_2,,327.6,1.41,,68.7,147.7,59.1,23,3.39,2929,CLP-8E31B,1
PEC-86079, TORNO_CNC ,Aluminio,Soluvel,Turno_1,3167.5,204.2,1.4,5.5,59.4,123.0,51.0,133,-1.68,2630,CLP-9F0BA,1
PEC-86080, TORNO_CNC ,Aco_Inox,Semi_Sintetico,Turno_3,3163.8,285.8,4.02,12.1,58.3,106.2,34.4,144,3.02,2123,CLP-D9CF7,1
PEC-86081,Celula_Robotica,Aco_Carbono,Sintetico,Turno_3,3679.7,223.9,2.72,119.7,74.7,92.7,50.6,11,-15.51,3582,CLP-280C9,1
PEC-86082, TORNO_CNC ,Latao,Sintetico,Turno_3,2561.7,317.2,3.7,7.9,58.5,119.3,44.7,157,0.28,1184,CLP-E77EC,1
PEC-86083,Torno_CNC,Aco_Inox,Soluvel,Turno_2,2636.8,276.8,3.71,10.5,68.4,139.6,49.4,137,6.36,5633,CLP-1B176,1
PEC-86084,Torno_CNC,Aco_Inox,Soluvel,Turno_2,3549.6,172.2,3.09,95.6,66.8,110.9,54.3,126,14.56,7938,CLP-B9FAB,1
PEC-86085, TORNO_CNC ,Aluminio,Sintetico,Turno_1,4287.1,243.4,1.26,48.3,91.3,124.7,57.9,146,-25.09,3723,CLP-C96A1,1
PEC-86086,Fresadora,Aco_Carbono,Soluvel,Turno_2,3594.4,152.6,3.27,23.3,63.1,131.1,45.7,18,12.47,5639,CLP-6CE12,1
PEC-86087,Torno_CNC,Aco_Inox,Seco,Turno_2,4038.9,191.8,0.75,7.5,79.0,130.3,51.7,57,-11.01,1410,CLP-9A86C,1
PEC-86088,Fresadora,Aco_Inox,Soluvel,Turno_3,3004.5,194.9,1.3,58.8,73.5,119.9,36.4,166,-5.59,8949,CLP-BCBAD,1
PEC-86089,Torno_CNC,Aluminio,Sintetico,Turno_1,2913.3,218.0,3.07,28.8,63.6,110.1,41.3,27,13.73,1462,CLP-4774E,1
PEC-86090, TORNO_CNC ,Latao,Soluvel,Turno_3,3405.4,236.9,4.13,18.7,50.1,116.1,40.5,100,8.87,2405,CLP-1D54A,1
PEC-86091,Fresadora,Aco_Inox,Semi_Sintetico,Turno_2,3629.1,258.2,3.59,20.7,64.4,104.0,53.3,58,7.22,3522,CLP-7E539,1
PEC-86092,Torno_CNC,Aluminio,Soluvel,Turno_1,2609.8,255.7,1.83,29.6,75.8,105.9,58.8,38,8.59,2309,CLP-3B7E0,1
PEC-86093,torno_cnc,Latao,Soluvel,Turno_2,3104.1,248.8,3.79,33.0,50.3,134.8,70.5,9,-1.76,1672,CLP-9E98B,0
PEC-86094,Torno_CNC,Aluminio,Semi_Sintetico,Turno_3,3187.8,266.6,4.37,64.7,75.0,125.0,51.9,77,-6.49,8850,CLP-69263,1
PEC-86095,Fresadora,Aco_Carbono,Sintetico,Turno_3,2894.5,187.5,1.83,56.7,81.1,124.3,54.0,18,28.4,7137,CLP-B976F,1
PEC-86096,Torno_CNC,Aluminio,Sintetico,Turno_2,2947.0,253.7,1.25,56.0,66.2,109.2,31.2,65,-1.02,9583,CLP-848E8,0
PEC-86097,Centro_Usinagem,Latao,Sintetico,Turno_1,3579.4,321.7,1.29,50.7,76.0,138.0,30.7,87,36.84,2852,CLP-41E53,1
PEC-86098,Torno_CNC,Aluminio,Sintetico,Turno_3,3411.4,241.7,2.1,54.6,66.7,116.5,38.0,37,-2.11,2044,CLP-A2492,0
PEC-86099,Centro_Usinagem,Aco_Carbono,Soluvel,Turno_2,3559.3,274.7,0.71,44.6,71.9,122.0,35.0,32,-18.72,1736,CLP-20F45,1
PEC-86100, TORNO_CNC ,Aluminio,Soluvel,Turno_1,3351.6,270.1,2.45,75.9,82.9,137.5,49.1,54,-18.07,4208,CLP-700BE,1
PEC-86101,Fresadora,Aco_Carbono,Semi_Sintetico,Turno_1,2807.0,293.1,3.43,33.5,46.4,109.2,58.9,155,3.07,8638,CLP-9A0D8,0
PEC-86102,Torno_CNC,Aco_Inox,Soluvel,Turno_1,3390.4,264.4,2.62,30.8,55.8,110.5,45.1,146,3.33,2609,CLP-66435,1
PEC-86103,Centro_Usinagem,Aco_Inox,Sintetico,Turno_1,2771.6,292.3,4.38,47.3,80.0,135.5,39.8,48,13.49,4836,CLP-3F221,1
PEC-86104,Torno_CNC,Aco_Carbono,Soluvel,Turno_3,3059.7,275.4,2.35,11.4,82.2,132.2,47.4,111,22.19,5541,CLP-5E890,1
PEC-86105,Torno_CNC,Aco_Inox,Soluvel,Turno_1,2733.7,282.9,0.55,57.5,48.1,125.2,39.2,123,-2.82,9219,CLP-AF525,0
PEC-86106, TORNO_CNC ,Aluminio,Soluvel,Turno_1,2925.1,272.1,2.38,101.3,83.7,87.3,40.7,38,-8.67,9426,CLP-1D32E,1
PEC-86107,Torno_CNC,Aco_Inox,Sintetico,Turno_1,3240.7,199.7,4.22,17.3,34.1,139.2,43.4,53,20.43,6098,CLP-9AF55,1
PEC-86108,Torno_CNC,Aco_Carbono,Sintetico,Turno_2,2994.1,191.5,0.88,38.1,72.5,110.9,48.1,63,-21.58,2753,CLP-25687,1
PEC-86109,Celula_Robotica,Aco_Inox,Soluvel,Turno_1,2802.6,232.3,1.39,6.2,67.6,111.3,31.7,176,-37.72,4634,CLP-DC49D,1
PEC-86110,Celula_Robotica,Aco_Carbono,Soluvel,Turno_1,3712.0,327.6,3.36,55.8,56.2,117.0,28.8,1,6.89,2832,CLP-2EF93,1
PEC-86111, TORNO_CNC ,Aluminio,Seco,Turno_1,3146.2,241.4,1.68,33.7,56.9,102.0,38.1,171,-10.75,9982,CLP-58227,1
PEC-86112,Celula_Robotica,Aco_Inox,Soluvel,Turno_2,2962.4,265.5,3.56,44.2,57.4,138.3,49.2,1,-8.86,9003,CLP-39F3B,1
PEC-86113,torno_cnc,Aluminio,Semi_Sintetico,Turno_1,2712.9,151.6,2.18,10.4,62.6,122.6,34.9,97,3.64,4806,CLP-BEABA,1
PEC-86114,Torno_CNC,Aco_Inox,Seco,Turno_2,2357.6,259.7,3.68,63.0,88.8,130.5,59.7,138,-5.8,2563,CLP-BFDFA,1
PEC-86115,Fresadora,Aco_Inox,Seco,Turno_1,3100.1,254.3,2.71,15.3,74.9,108.4,51.8,6,12.6,1841,CLP-F39E9,0
PEC-86116,Fresadora,Aco_Inox,Semi_Sintetico,Turno_1,2579.8,116.3,0.83,45.4,82.2,134.8,50.4,109,-6.02,5726,CLP-4090B,1
PEC-86117,Celula_Robotica,Aco_Inox,Soluvel,Turno_1,3520.4,264.5,2.04,36.5,61.1,141.4,51.8,152,-22.26,6665,CLP-A3D01,1
PEC-86118,Torno_CNC,Latao,Seco,Turno_1,3213.3,167.5,1.83,42.1,67.8,100.9,48.4,9,-17.3,6430,CLP-8D0FF,1
PEC-86119,Fresadora,Aco_Inox,Semi_Sintetico,Turno_1,3901.3,213.7,3.74,6.8,52.1,103.1,49.1,161,-0.82,6457,CLP-4802B,1
PEC-86120,Torno_CNC,Aluminio,Semi_Sintetico,Turno_1,3300.4,299.7,3.0,52.4,61.7,107.9,54.9,15,37.67,5381,CLP-B0D79,1
PEC-86121,Torno_CNC,Aco_Inox,Soluvel,Turno_1,2873.0,257.9,3.61,60.5,58.4,133.9,53.0,38,3.94,2062,CLP-B7B90,1
PEC-86122,Torno_CNC,Aluminio,Seco,Turno_2,2354.0,227.6,1.99,27.5,70.9,122.7,47.4,136,2.01,2149,CLP-2E13A,1
PEC-86123,Celula_Robotica,Aco_Inox,Semi_Sintetico,Turno_1,3562.9,223.3,3.27,,56.5,119.0,60.4,114,32.76,3514,CLP-9C96B,1
PEC-86124,Centro_Usinagem,Aluminio,Semi_Sintetico,Turno_3,2615.5,229.1,0.76,19.7,55.0,125.5,45.6,90,-3.36,6347,CLP-AD22C,0
PEC-86125,Fresadora,Aco_Carbono,Soluvel,Turno_3,,258.0,0.65,97.0,69.8,149.0,41.4,10,-1.88,1868,CLP-E60FD,1
PEC-86126,torno_cnc,Aluminio,Soluvel,Turno_3,,190.0,1.65,54.2,64.4,93.8,33.1,146,-7.87,7266,CLP-2978F,1
PEC-86127,Torno_CNC,Aco_Inox,Seco,Turno_1,3474.9,306.2,3.59,47.0,56.6,115.4,39.2,26,-4.42,3931,CLP-AC9D9,1
PEC-86128,Torno_CNC,Aluminio,Sintetico,Turno_3,3375.4,192.6,2.64,95.9,54.8,73.9,54.6,4,5.62,2512,CLP-ACC69,1
PEC-86129,Torno_CNC,Aco_Inox,Soluvel,Turno_1,3624.9,163.6,2.14,20.0,56.6,127.6,44.7,169,36.3,5376,CLP-CF52E,1
PEC-86130, TORNO_CNC ,Aco_Inox,Semi_Sintetico,Turno_1,3608.2,299.6,4.09,39.8,74.8,136.3,48.8,89,-13.91,2054,CLP-BB2A6,1
PEC-86131,Fresadora,Aluminio,Soluvel,Turno_1,3911.4,228.2,2.49,45.5,70.0,115.4,45.6,133,-19.88,9241,CLP-58FA1,1
PEC-86132,torno_cnc,Aluminio,Soluvel,Turno_3,2929.0,253.5,2.95,200.3,55.9,129.8,35.4,4,3.39,2278,CLP-39BE1,1
PEC-86133,Torno_CNC,Aluminio,Soluvel,Turno_1,3030.5,282.7,4.44,24.5,56.4,97.0,42.7,107,15.73,2935,CLP-44E73,1
PEC-86134,Torno_CNC,Aco_Carbono,Soluvel,Turno_3,2784.9,214.0,2.59,22.9,51.2,127.2,38.3,8,-16.51,4400,CLP-76290,1
PEC-86135,Torno_CNC,Aco_Inox,Soluvel,Turno_1,3185.3,256.9,3.63,8.1,60.3,156.8,41.5,2,-3.67,9625,CLP-63BDF,1
PEC-86136, TORNO_CNC ,Aco_Inox,Soluvel,Turno_3,3140.5,282.4,2.16,,66.5,114.3,37.9,131,12.75,8453,CLP-6D4FC,1
PEC-86137,Celula_Robotica,Aco_Inox,Soluvel,Turno_3,2410.3,332.2,0.65,30.1,54.5,126.3,48.9,30,-4.44,7650,CLP-2E364,0
PEC-86138,Fresadora,Aluminio,Sintetico,Turno_3,2905.7,224.4,3.84,11.6,91.2,111.2,51.5,135,21.06,2408,CLP-24857,1
PEC-86139,Centro_Usinagem,Aluminio,Seco,Turno_2,3847.6,226.9,4.28,7.7,72.5,122.6,45.3,44,-19.29,2647,CLP-1BB23,1
PEC-86140, TORNO_CNC ,Aco_Inox,Sintetico,Turno_3,3309.9,278.2,2.24,,64.6,136.6,29.1,152,9.02,6823,CLP-1A347,1
PEC-86141, TORNO_CNC ,Aco_Carbono,Soluvel,Turno_3,3521.9,260.4,2.51,,66.0,129.0,34.2,118,-4.12,8465,CLP-5C89D,1
PEC-86142,Torno_CNC,Aluminio,Soluvel,Turno_1,3145.8,243.1,2.2,18.8,48.3,118.5,50.2,7,1.03,7690,CLP-21C9D,0
PEC-86143,Centro_Usinagem,Aluminio,Semi_Sintetico,Turno_2,2350.8,329.6,4.49,59.6,50.6,118.2,39.0,100,-2.64,2297,CLP-1F3ED,1
PEC-86144,Fresadora,Aluminio,Seco,Turno_2,3142.1,165.9,4.11,77.1,80.9,102.0,39.0,1,23.86,8246,CLP-D6FE0,1
PEC-86145,Torno_CNC,Aluminio,Soluvel,Turno_1,3668.8,178.9,0.66,26.9,84.6,135.3,45.6,30,8.37,7329,CLP-5092F,1
PEC-86146,torno_cnc,Aluminio,Soluvel,Turno_3,2666.4,166.5,3.62,13.9,38.4,131.2,38.7,64,8.82,3149,CLP-BD9B7,0
PEC-86147, TORNO_CNC ,Aco_Inox,Sintetico,Turno_1,3536.2,310.1,2.9,9.9,70.6,101.2,28.0,58,-19.76,3510,CLP-A86F7,1
PEC-86148,Fresadora,Aco_Inox,Semi_Sintetico,Turno_2,,275.7,0.6,10.3,81.6,122.6,37.6,61,15.64,5287,CLP-3A1A1,1
PEC-86149,Celula_Robotica,Aco_Inox,Soluvel,Turno_1,3209.1,181.5,2.28,60.8,60.9,106.1,41.8,70,8.48,9583,CLP-97E63,1
PEC-86150,torno_cnc,Aluminio,Sintetico,Turno_1,3445.0,243.8,1.1,22.0,83.2,113.2,40.6,90,-13.77,7634,CLP-7ECEE,1
PEC-86151,torno_cnc,Aco_Carbono,Sintetico,Turno_1,3059.5,248.6,3.99,46.4,74.2,132.2,50.6,31,-5.05,7036,CLP-8F452,1
PEC-86152,Torno_CNC,Aluminio,Seco,Turno_3,4312.6,139.5,0.55,32.1,70.4,134.8,45.7,168,-30.27,3870,CLP-19178,1
PEC-86153,Torno_CNC,Aco_Inox,Soluvel,Turno_1,2978.1,259.4,3.99,22.6,62.1,130.7,45.1,104,13.26,5771,CLP-DEA19,1
PEC-86154,Torno_CNC,Aco_Carbono,Seco,Turno_3,2939.7,191.1,4.26,9.6,66.1,115.9,54.3,66,-5.2,7766,CLP-A7610,1
PEC-86155,Torno_CNC,Aco_Carbono,Soluvel,Turno_3,3292.0,285.3,0.79,19.2,59.6,126.9,32.5,139,18.0,7297,CLP-32900,1
PEC-86156,Fresadora,Aco_Carbono,Sintetico,Turno_2,2860.3,192.7,3.38,69.2,68.6,108.4,57.5,109,9.65,1206,CLP-68161,1
PEC-86157,Fresadora,Aluminio,Sintetico,Turno_1,2551.4,261.0,2.7,63.4,68.0,131.3,58.2,52,0.44,7051,CLP-E59BA,1
PEC-86158,Torno_CNC,Aco_Carbono,Soluvel,Turno_1,2706.0,314.7,4.32,6.0,59.8,119.7,44.1,62,21.44,4580,CLP-DD856,1
PEC-86159,Centro_Usinagem,Aco_Inox,Sintetico,Turno_2,3541.1,298.7,3.69,10.3,41.6,112.9,41.9,105,2.32,5377,CLP-89860,1
PEC-86160,Torno_CNC,Aco_Inox,Soluvel,Turno_1,3062.8,275.4,3.28,54.4,62.7,109.1,55.7,38,-11.76,3336,CLP-86A14,1
PEC-86161,Torno_CNC,Aco_Inox,Soluvel,Turno_2,3965.9,245.9,4.2,19.3,52.8,130.2,42.9,94,12.64,9686,CLP-D74DB,1
PEC-86162,Torno_CNC,Aco_Carbono,Soluvel,Turno_3,3001.4,175.0,1.14,41.1,51.5,117.9,47.8,125,-17.57,3911,CLP-7BB19,1
PEC-86163, TORNO_CNC ,Aco_Inox,Sintetico,Turno_1,3519.7,228.0,2.0,33.9,56.7,112.7,47.2,87,1.94,3447,CLP-9F88A,1
PEC-86164,Torno_CNC,Aluminio,Soluvel,Turno_2,3429.9,238.7,3.87,42.0,74.9,112.6,48.9,53,11.14,6056,CLP-9EEE9,1
PEC-86165, TORNO_CNC ,Aluminio,Seco,Turno_3,2994.7,235.1,0.91,6.9,51.7,101.3,36.2,57,6.16,3431,CLP-49BAE,0
PEC-86166, TORNO_CNC ,Aco_Inox,Soluvel,Turno_3,2804.5,173.3,4.24,98.6,54.4,122.5,48.5,164,-7.71,1957,CLP-1E506,1
PEC-86167,Celula_Robotica,Aco_Carbono,Soluvel,Turno_3,2420.7,271.7,3.48,5.7,73.5,124.3,37.9,120,-19.42,6390,CLP-EF0A6,1
PEC-86168,Torno_CNC,Aco_Inox,Soluvel,Turno_3,3448.9,191.0,2.26,5.3,55.8,97.8,40.2,33,6.85,8707,CLP-4CDCC,0
PEC-86169,Torno_CNC,Aco_Inox,Sintetico,Turno_1,3739.2,327.3,1.85,14.0,51.5,103.9,52.4,86,8.07,1162,CLP-32FE0,1
PEC-86170,Torno_CNC,Aco_Carbono,Soluvel,Turno_3,,257.4,1.09,181.2,74.7,95.3,41.0,39,-14.82,1005,CLP-980EE,1
PEC-86171,Fresadora,Aco_Inox,Soluvel,Turno_3,3033.3,299.0,0.87,7.6,63.4,138.1,39.9,4,15.85,5742,CLP-1A5A0,1
PEC-86172,Torno_CNC,Aluminio,Soluvel,Turno_2,2899.9,297.9,2.19,77.6,65.8,129.3,46.6,174,-34.83,6787,CLP-CA365,1
PEC-86173,Centro_Usinagem,Aco_Carbono,Soluvel,Turno_1,3448.1,353.9,3.87,11.1,62.3,136.6,55.8,110,-32.6,2489,CLP-32274,1
PEC-86174,torno_cnc,Latao,Semi_Sintetico,Turno_2,3052.1,259.1,2.63,9.0,70.1,144.3,64.2,145,2.36,9676,CLP-1C4F9,1
PEC-86175,torno_cnc,Aco_Carbono,Sintetico,Turno_1,3795.3,230.5,2.3,57.8,73.2,126.6,54.1,31,7.16,9198,CLP-499E6,1
PEC-86176,torno_cnc,Aco_Inox,Soluvel,Turno_1,3027.0,231.5,1.78,70.6,63.5,119.1,54.0,39,2.5,2844,CLP-95D0F,1
PEC-86177,Torno_CNC,Aluminio,Soluvel,Turno_2,2643.6,324.8,1.13,60.0,47.0,122.9,44.8,150,-32.08,5334,CLP-9D35D,1
PEC-86178,Torno_CNC,Aco_Inox,Semi_Sintetico,Turno_2,2989.0,184.0,4.46,14.7,68.6,110.3,65.5,86,5.02,8515,CLP-3D5FD,1
PEC-86179,Torno_CNC,Aco_Inox,Soluvel,Turno_2,3038.6,206.1,0.6,79.2,60.9,107.9,46.6,64,8.77,8208,CLP-5A300,1
PEC-86180,torno_cnc,Aco_Inox,Seco,Turno_1,3436.7,261.8,1.75,7.6,75.3,113.7,44.7,67,12.61,7501,CLP-89030,1
PEC-86181,Torno_CNC,Aco_Inox,Soluvel,Turno_3,3031.9,242.4,3.58,,54.3,116.3,48.1,146,33.92,9634,CLP-54F5D,1
PEC-86182,Torno_CNC,Aco_Carbono,Soluvel,Turno_1,3398.0,298.4,2.58,26.8,61.2,95.1,47.1,90,-45.57,8416,CLP-F3E52,1
PEC-86183,Celula_Robotica,Aco_Inox,Sintetico,Turno_1,2844.3,183.1,1.76,,47.2,101.5,34.5,36,6.8,3059,CLP-318C6,0
PEC-86184,Torno_CNC,Aluminio,Semi_Sintetico,Turno_2,3067.4,246.7,4.47,35.3,74.4,100.9,39.4,85,16.3,9142,CLP-E1586,1
PEC-86185,Centro_Usinagem,Aluminio,Soluvel,Turno_1,2846.7,240.6,2.98,33.7,79.7,100.3,48.0,176,-15.31,5306,CLP-DFE0B,1
PEC-86186,Fresadora,Aluminio,Soluvel,Turno_1,2819.0,196.4,1.68,174.8,59.1,129.6,38.7,120,-2.04,5842,CLP-681E8,1
PEC-86187,Torno_CNC,Latao,Soluvel,Turno_1,3773.7,293.9,3.89,39.0,62.7,115.0,50.2,113,7.42,3209,CLP-A444A,1
PEC-86188,Torno_CNC,Aco_Inox,Seco,Turno_3,2878.2,245.4,1.1,22.7,55.3,117.1,45.3,71,2.02,1478,CLP-49DA3,1
PEC-86189,Torno_CNC,Aluminio,Sintetico,Turno_2,3043.6,243.3,2.35,59.7,56.4,125.7,52.5,31,15.67,6745,CLP-6960B,0
PEC-86190,Fresadora,Aluminio,Soluvel,Turno_1,,208.8,3.86,19.3,73.3,132.3,44.0,125,11.41,6559,CLP-A3496,1
PEC-86191,Fresadora,Aco_Inox,Soluvel,Turno_1,3537.5,231.5,4.43,31.6,59.0,126.8,48.9,130,-3.61,5432,CLP-D7D70,1
PEC-86192,Fresadora,Aluminio,Soluvel,Turno_2,3938.5,198.9,2.03,7.0,70.7,144.6,30.5,146,20.55,9226,CLP-24663,1
PEC-86193,Celula_Robotica,Aco_Carbono,Soluvel,Turno_3,3417.3,293.2,1.05,18.6,64.8,120.6,32.1,138,8.22,5624,CLP-475CB,1
PEC-86194,Fresadora,Aco_Inox,Soluvel,Turno_2,2929.8,301.6,2.77,,74.0,123.0,38.6,116,-9.13,4488,CLP-9818F,1
PEC-86195,Torno_CNC,Aco_Inox,Sintetico,Turno_3,4125.7,334.0,4.28,47.4,60.3,110.9,47.5,46,-21.76,3102,CLP-31ED9,1
PEC-86196,Torno_CNC,Aco_Inox,Soluvel,Turno_2,3461.9,271.7,3.16,8.7,78.0,91.6,38.8,66,-17.91,5833,CLP-D41CE,1
PEC-86197,Centro_Usinagem,Aco_Carbono,Soluvel,Turno_2,3130.4,233.0,2.91,,87.5,121.2,50.8,10,9.63,5769,CLP-EB88C,1
PEC-86198,Torno_CNC,Aco_Carbono,Sintetico,Turno_3,3225.9,226.6,1.74,85.6,44.6,133.0,48.1,76,-25.69,8000,CLP-1B98E,1
PEC-86199,Torno_CNC,Aluminio,Soluvel,Turno_3,3280.7,274.5,2.93,16.5,63.9,108.9,41.3,111,-24.73,3437,CLP-99CB4,1
PEC-86200,Fresadora,Aluminio,Soluvel,Turno_3,,260.0,4.04,55.7,63.9,112.3,46.8,22,5.62,6109,CLP-2A517,1
PEC-86201, TORNO_CNC ,Aco_Carbono,Soluvel,Turno_2,2580.9,241.3,2.0,12.0,56.4,134.4,41.4,105,22.44,9681,CLP-65B7F,0
PEC-86202,Celula_Robotica,Aco_Carbono,Soluvel,Turno_3,3932.0,236.9,1.47,30.9,69.9,119.3,47.5,21,-11.51,4441,CLP-E977D,1
PEC-86203,Fresadora,Aco_Carbono,Semi_Sintetico,Turno_2,3190.2,308.6,2.42,60.9,78.4,106.1,40.9,49,5.4,2213,CLP-8F5AA,1
PEC-86204,Torno_CNC,Aco_Carbono,Sintetico,Turno_3,3282.6,228.4,2.0,22.1,41.3,105.6,48.2,92,23.82,5035,CLP-44616,1
PEC-86205,Celula_Robotica,Aluminio,Soluvel,Turno_1,4135.2,317.3,2.38,,40.4,129.8,55.9,3,21.5,2533,CLP-B3710,0
PEC-86206,Torno_CNC,Aluminio,Soluvel,Turno_2,2892.5,259.1,0.88,32.2,84.9,118.0,35.1,165,-14.11,7245,CLP-92733,1
PEC-86207,Torno_CNC,Aco_Carbono,Soluvel,Turno_3,3495.0,231.6,1.84,70.2,62.1,117.8,39.4,170,1.17,7588,CLP-43847,1
PEC-86208, TORNO_CNC ,Latao,Sintetico,Turno_1,2843.5,210.7,3.81,9.0,66.1,99.3,39.8,156,3.76,6749,CLP-35F17,1
PEC-86209,Torno_CNC,Aco_Inox,Sintetico,Turno_2,3344.5,242.3,2.1,6.1,52.2,127.2,47.5,128,22.89,2470,CLP-A9E10,1
PEC-86210, TORNO_CNC ,Aco_Inox,Soluvel,Turno_3,3290.7,275.2,4.37,62.9,65.5,135.5,51.7,69,17.63,3965,CLP-925BB,1
PEC-86211,Torno_CNC,Latao,Soluvel,Turno_1,3555.8,231.1,3.34,15.9,81.4,114.6,31.1,73,2.12,3963,CLP-EC1A8,1
PEC-86212, TORNO_CNC ,Aco_Inox,Soluvel,Turno_2,3743.7,292.5,1.96,20.9,71.0,126.1,43.5,126,0.64,9656,CLP-B9DCD,1
PEC-86213, TORNO_CNC ,Aco_Carbono,Sintetico,Turno_2,2939.2,228.7,1.51,8.2,67.3,113.9,45.2,119,-24.47,4298,CLP-19E1A,1
PEC-86214,Fresadora,Aco_Inox,Semi_Sintetico,Turno_2,3837.5,243.8,3.24,8.6,43.8,128.9,52.1,159,5.68,7208,CLP-5245C,1
PEC-86215,Centro_Usinagem,Aco_Inox,Seco,Turno_1,3869.4,185.7,1.71,38.4,73.9,127.4,37.8,119,3.31,3387,CLP-B7AD5,1
PEC-86216,Torno_CNC,Aco_Inox,Soluvel,Turno_1,3087.5,278.0,4.21,33.1,65.1,114.2,50.8,105,6.36,5561,CLP-A7BB3,1
PEC-86217, TORNO_CNC ,Aco_Inox,Sintetico,Turno_1,3197.0,236.6,0.97,17.1,57.7,88.1,47.3,51,8.15,3971,CLP-C0525,0
PEC-86218, TORNO_CNC ,Aco_Inox,Sintetico,Turno_1,2977.5,328.9,0.61,26.1,72.7,108.0,59.2,27,-5.66,7543,CLP-DF5D2,1
PEC-86219,Torno_CNC,Aluminio,Seco,Turno_1,3062.6,285.2,1.38,22.2,54.8,125.2,62.6,149,9.11,1443,CLP-4619E,1
PEC-86220,Fresadora,Aco_Carbono,Soluvel,Turno_2,2658.4,254.2,2.93,46.6,71.7,133.3,51.4,87,5.56,1440,CLP-84FF8,1
PEC-86221,Fresadora,Latao,Sintetico,Turno_2,3549.9,311.3,3.84,,79.6,110.9,42.9,102,-0.63,1526,CLP-4DAC4,1
PEC-86222,Torno_CNC,Aluminio,Soluvel,Turno_3,2277.4,270.3,1.18,55.7,66.9,140.2,48.9,68,-26.51,2841,CLP-371A7,1
PEC-86223, TORNO_CNC ,Aluminio,Sintetico,Turno_1,2886.3,300.4,2.84,5.2,59.9,142.4,49.7,132,8.08,7292,CLP-84A43,1
PEC-86224,Torno_CNC,Aluminio,Soluvel,Turno_2,3179.2,206.9,1.08,8.7,58.1,130.5,49.2,111,1.89,3095,CLP-60EA6,1
PEC-86225,Fresadora,Aluminio,Semi_Sintetico,Turno_1,3784.9,273.1,2.75,24.6,69.6,103.0,48.4,13,8.23,3285,CLP-59FE4,1
PEC-86226,Torno_CNC,Aluminio,Semi_Sintetico,Turno_3,2954.6,275.1,0.57,71.8,59.8,130.7,49.3,160,-3.97,8103,CLP-77357,1
PEC-86227,Celula_Robotica,Aco_Inox,Soluvel,Turno_2,3392.5,172.8,2.73,14.5,93.4,111.9,53.4,69,13.13,5173,CLP-C6244,1
PEC-86228,Fresadora,Aco_Inox,Sintetico,Turno_3,3163.6,325.3,2.59,78.9,48.0,111.1,62.6,159,-19.13,1722,CLP-31FD3,1
PEC-86229, TORNO_CNC ,Aco_Inox,Soluvel,Turno_1,,192.0,0.67,9.1,63.4,126.8,30.5,60,20.0,6615,CLP-6F8E0,1
PEC-86230,torno_cnc,Aco_Inox,Soluvel,Turno_2,3369.0,185.1,3.26,7.6,68.3,126.4,55.4,143,0.33,3212,CLP-AFEE6,1
PEC-86231,Centro_Usinagem,Aco_Carbono,Soluvel,Turno_2,3573.6,107.6,2.79,90.6,66.8,126.8,46.1,146,3.15,3445,CLP-657F6,1
PEC-86232,torno_cnc,Aco_Inox,Soluvel,Turno_3,2952.2,273.7,2.99,11.2,58.3,129.9,38.7,104,-15.55,1061,CLP-3CB84,1
PEC-86233,Torno_CNC,Aco_Carbono,Semi_Sintetico,Turno_2,,167.8,2.62,26.8,79.8,119.1,34.2,18,16.52,3757,CLP-DB00F,1
PEC-86234, TORNO_CNC ,Latao,Soluvel,Turno_2,,224.2,3.39,18.8,73.0,98.3,47.4,156,-5.63,3042,CLP-EA3A5,1
PEC-86235,Centro_Usinagem,Latao,Sintetico,Turno_1,2980.5,291.9,2.6,10.6,73.9,151.2,45.3,8,22.24,5735,CLP-B51CA,1
PEC-86236,Fresadora,Latao,Semi_Sintetico,Turno_2,3213.6,259.6,4.19,40.0,57.0,114.1,36.4,28,1.58,9927,CLP-CFC7A,1
PEC-86237,Fresadora,Aco_Inox,Seco,Turno_1,3342.8,218.8,4.27,121.0,60.2,109.3,44.8,18,13.74,9261,CLP-1D7A7,1
PEC-86238,Centro_Usinagem,Aluminio,Semi_Sintetico,Turno_1,3758.9,170.5,3.41,42.6,70.9,101.8,53.3,7,17.17,3928,CLP-97CD7,1
PEC-86239,Centro_Usinagem,Aco_Inox,Soluvel,Turno_1,3554.0,244.6,4.15,20.3,51.8,122.3,57.4,147,-6.23,6456,CLP-2FAD7,1
PEC-86240,Centro_Usinagem,Aco_Carbono,Semi_Sintetico,Turno_3,2893.5,292.8,4.19,48.5,73.0,120.5,46.0,115,19.97,4616,CLP-F0581,1
PEC-86241,Torno_CNC,Aco_Carbono,Soluvel,Turno_1,2684.7,285.0,1.55,10.4,63.8,118.2,46.0,143,7.2,5132,CLP-2FCC4,1
PEC-86242,torno_cnc,Aco_Carbono,Seco,Turno_3,3968.3,339.3,4.48,35.4,77.8,142.5,50.0,160,-3.66,9052,CLP-E289E,1
PEC-86243,Fresadora,Aluminio,Sintetico,Turno_3,2487.8,217.3,1.57,27.2,59.9,129.9,54.3,171,28.25,1130,CLP-85288,1
PEC-86244,Fresadora,Aco_Carbono,Semi_Sintetico,Turno_3,2996.4,184.1,0.57,20.6,86.8,104.7,46.5,2,18.18,3892,CLP-D7639,0
PEC-86245,Fresadora,Aco_Inox,Soluvel,Turno_3,3490.4,265.5,4.35,52.1,69.9,151.1,47.8,93,11.08,2801,CLP-E2FE4,1
PEC-86246,Torno_CNC,Aco_Inox,Sintetico,Turno_3,3937.4,260.6,1.39,9.4,71.2,97.3,41.8,121,-15.93,7734,CLP-C170E,1
PEC-86247,Fresadora,Aco_Carbono,Semi_Sintetico,Turno_1,3114.7,249.8,2.84,31.6,56.7,118.3,43.7,90,17.72,1466,CLP-BF533,1
PEC-86248,Fresadora,Aluminio,Semi_Sintetico,Turno_1,3212.3,212.7,4.38,72.4,68.0,109.0,39.9,21,8.02,7101,CLP-672B2,1
PEC-86249,Torno_CNC,Latao,Soluvel,Turno_2,2806.2,117.3,0.7,12.9,58.4,125.6,36.7,64,-1.87,1071,CLP-BED97,0
PEC-86250, TORNO_CNC ,Aco_Inox,Seco,Turno_2,,199.7,1.58,15.8,46.5,129.5,35.4,97,14.33,8405,CLP-7F664,0
PEC-86251,Torno_CNC,Aco_Carbono,Soluvel,Turno_1,2682.4,277.9,2.94,42.8,62.7,113.8,38.1,165,-8.73,6695,CLP-4B144,1
PEC-86252,Torno_CNC,Aluminio,Sintetico,Turno_2,2862.4,264.2,3.55,56.8,79.0,135.8,37.6,143,-6.23,7865,CLP-BC929,1
PEC-86253,Torno_CNC,Aco_Carbono,Sintetico,Turno_2,3543.8,298.3,3.73,16.7,64.2,123.0,47.4,29,-18.13,1257,CLP-C0F27,1
PEC-86254, TORNO_CNC ,Aco_Carbono,Soluvel,Turno_3,3004.9,267.3,4.04,,61.5,141.9,48.6,159,16.76,8360,CLP-84C51,1
PEC-86255,torno_cnc,Latao,Soluvel,Turno_2,3612.8,286.8,1.17,52.1,61.3,133.9,41.6,39,-23.43,2339,CLP-7A557,1
PEC-86256,Fresadora,Aco_Inox,Semi_Sintetico,Turno_2,3130.9,288.2,1.98,16.8,91.9,112.9,38.3,127,2.58,6136,CLP-EF32A,1
PEC-86257,Fresadora,Latao,Soluvel,Turno_2,2584.0,251.0,3.36,43.4,72.3,135.8,62.2,167,4.97,2868,CLP-613D5,1
PEC-86258,Centro_Usinagem,Aco_Inox,Soluvel,Turno_2,3725.8,251.4,3.36,11.1,45.9,110.3,41.5,15,6.95,3974,CLP-EAFF0,0
PEC-86259,Torno_CNC,Aco_Inox,Semi_Sintetico,Turno_3,2608.1,104.6,1.73,23.5,58.5,129.4,40.3,56,-10.93,6682,CLP-461B7,0
PEC-86260,Torno_CNC,Aluminio,Semi_Sintetico,Turno_1,2929.2,217.2,1.72,,60.2,127.9,32.4,30,-4.71,9898,CLP-58F1F,1
PEC-86261,Centro_Usinagem,Aco_Carbono,Sintetico,Turno_2,3110.1,219.3,1.78,26.6,56.3,112.2,49.1,25,13.21,5919,CLP-89A0B,0
PEC-86262,Torno_CNC,Aluminio,Soluvel,Turno_2,3652.6,244.6,4.07,5.7,65.8,90.1,59.6,47,12.79,7577,CLP-2B989,1
PEC-86263,Celula_Robotica,Aco_Carbono,Soluvel,Turno_2,2963.1,203.5,4.14,23.3,58.1,142.2,43.5,81,21.07,1697,CLP-6BB0B,1
PEC-86264,Centro_Usinagem,Aco_Carbono,Sintetico,Turno_1,2783.0,296.9,0.56,16.9,58.8,126.3,42.2,153,-4.13,5225,CLP-CD651,0
PEC-86265,torno_cnc,Aco_Inox,Sintetico,Turno_1,3273.2,205.9,1.8,8.7,66.8,120.3,47.2,174,-8.85,9866,CLP-3FF1E,1
PEC-86266,Celula_Robotica,Latao,Sintetico,Turno_1,3103.7,305.1,2.07,5.3,46.5,120.3,47.5,131,28.98,8888,CLP-98525,0
PEC-86267,Torno_CNC,Aco_Inox,Semi_Sintetico,Turno_1,2989.7,201.9,4.43,6.6,39.2,134.6,25.0,150,31.19,5072,CLP-92BF9,1
PEC-86268,Torno_CNC,Aco_Carbono,Soluvel,Turno_3,3297.4,219.8,4.28,109.3,79.9,152.8,50.2,116,10.2,2434,CLP-C3162,1
PEC-86269,Fresadora,Aco_Inox,Soluvel,Turno_2,2658.4,216.0,3.01,,75.0,133.5,60.0,164,-26.32,7763,CLP-A63CA,1
PEC-86270, TORNO_CNC ,Aluminio,Seco,Turno_1,2425.2,225.2,0.68,103.3,69.4,125.5,45.4,118,4.48,2807,CLP-96E70,1
PEC-86271,Celula_Robotica,Aluminio,Sintetico,Turno_1,4162.4,308.9,1.26,9.3,68.7,124.3,44.1,5,-13.38,8430,CLP-F0EC3,1
PEC-86272,Torno_CNC,Aco_Inox,Sintetico,Turno_1,3246.9,233.6,2.24,34.6,62.7,125.5,51.4,40,1.35,3695,CLP-EB0D6,0
PEC-86273,torno_cnc,Aco_Inox,Seco,Turno_3,3278.4,234.9,4.34,8.0,101.2,104.9,50.4,27,2.48,3170,CLP-29B97,1
PEC-86274,torno_cnc,Aco_Inox,Seco,Turno_2,2848.1,212.9,0.88,6.0,67.3,128.8,46.4,79,18.13,2024,CLP-5A427,1
PEC-86275,Fresadora,Aco_Inox,Sintetico,Turno_3,3604.0,237.0,3.67,27.0,96.3,100.3,51.2,60,-13.89,3512,CLP-C5F28,1
PEC-86276,Torno_CNC,Aco_Inox,Soluvel,Turno_1,2959.9,260.8,1.26,41.4,89.8,126.6,51.6,78,29.14,8899,CLP-5DF17,1
PEC-86277, TORNO_CNC ,Aluminio,Seco,Turno_3,1946.2,239.2,2.53,7.3,9999.0,112.9,35.6,79,-7.25,4175,CLP-33956,1
PEC-86278,Centro_Usinagem,Aco_Carbono,Sintetico,Turno_1,2944.8,242.5,3.57,,62.5,133.0,35.8,175,-22.91,9789,CLP-AC14B,1
PEC-86279,Torno_CNC,Aluminio,Soluvel,Turno_1,3073.4,300.8,3.27,8.3,65.2,125.7,34.7,179,-30.79,1031,CLP-C0204,1
PEC-86280,Centro_Usinagem,Aco_Carbono,Sintetico,Turno_1,3123.5,263.7,3.6,20.7,60.2,114.7,32.9,172,4.47,5147,CLP-3F52E,1
PEC-86281,torno_cnc,Aluminio,Soluvel,Turno_2,3110.4,192.5,3.75,27.3,70.5,104.8,51.5,117,-3.79,8328,CLP-EA42D,1
PEC-86282,Fresadora,Aluminio,Semi_Sintetico,Turno_1,2909.8,245.7,1.72,19.4,73.1,142.1,51.5,27,-2.87,5710,CLP-39635,1
PEC-86283,Fresadora,Aluminio,Soluvel,Turno_2,2866.3,223.1,1.96,35.1,50.3,118.7,48.6,53,11.73,7998,CLP-1EA0A,1
PEC-86284,Torno_CNC,Aluminio,Semi_Sintetico,Turno_3,3065.9,276.1,3.76,35.7,96.4,146.1,58.3,114,-16.33,8527,CLP-9F08A,1
PEC-86285,torno_cnc,Aluminio,Semi_Sintetico,Turno_1,2459.5,255.1,0.65,19.2,55.6,101.5,42.5,5,-5.39,1233,CLP-B732E,1
PEC-86286,Centro_Usinagem,Aco_Inox,Semi_Sintetico,Turno_1,2319.1,306.5,2.56,,32.8,116.2,39.5,22,15.52,4505,CLP-C1C0F,0
PEC-86287, TORNO_CNC ,Aco_Carbono,Sintetico,Turno_3,3244.1,213.0,4.18,25.4,64.0,86.2,46.0,39,-9.03,7390,CLP-86C8B,1
PEC-86288,Celula_Robotica,Aco_Carbono,Semi_Sintetico,Turno_2,3251.6,240.4,4.04,21.5,51.2,131.3,54.1,149,20.71,7264,CLP-92F04,0
PEC-86289, TORNO_CNC ,Aco_Inox,Soluvel,Turno_3,3595.7,196.8,3.72,55.0,64.4,132.6,40.3,57,-6.05,8027,CLP-870CF,1
PEC-86290,Torno_CNC,Aco_Carbono,Soluvel,Turno_1,3085.0,247.9,0.59,10.3,65.9,110.9,60.5,117,-6.13,3290,CLP-E962B,1
PEC-86291, TORNO_CNC ,Aco_Inox,Semi_Sintetico,Turno_1,2662.9,173.2,4.05,73.1,70.3,110.2,44.4,178,13.84,5252,CLP-BE4F4,1
PEC-86292,Celula_Robotica,Aco_Inox,Soluvel,Turno_1,2327.2,266.1,4.15,19.1,77.1,114.2,49.1,168,0.4,6608,CLP-9A787,1
PEC-86293,Torno_CNC,Aco_Inox,Soluvel,Turno_3,2799.4,247.2,3.15,,52.9,116.4,46.3,45,2.07,7192,CLP-D1367,1
PEC-86294,Centro_Usinagem,Aco_Carbono,Soluvel,Turno_3,3390.1,257.8,1.7,80.3,60.6,111.6,41.8,175,-11.66,3828,CLP-3AFB5,1
PEC-86295,Centro_Usinagem,Aco_Carbono,Soluvel,Turno_3,3848.7,289.4,2.46,81.5,73.1,136.2,52.3,152,-4.97,5647,CLP-7B3CE,1
PEC-86296, TORNO_CNC ,Aco_Carbono,Semi_Sintetico,Turno_2,3224.3,261.2,3.55,26.1,57.1,113.0,17.2,56,-12.96,2429,CLP-76A87,1
PEC-86297,Torno_CNC,Aco_Inox,Sintetico,Turno_3,2653.9,186.2,3.75,15.4,42.5,91.6,42.3,69,-6.65,9769,CLP-AD226,0
PEC-86298,Fresadora,Aluminio,Soluvel,Turno_2,2804.0,222.2,1.87,37.6,72.4,116.2,51.4,143,-11.58,1043,CLP-B759C,1
PEC-86299,Torno_CNC,Aco_Carbono,Semi_Sintetico,Turno_2,2818.1,246.0,1.8,12.1,58.2,112.3,33.4,34,12.96,7392,CLP-6EF85,0
PEC-86300,Fresadora,Aco_Inox,Soluvel,Turno_3,3017.3,233.6,3.44,59.7,57.4,100.4,39.4,157,-19.62,1150,CLP-7C654,1
PEC-86301, TORNO_CNC ,Aluminio,Semi_Sintetico,Turno_1,3704.4,239.7,3.25,48.5,66.4,122.8,41.1,101,-16.78,9470,CLP-B1E8F,1
PEC-86302, TORNO_CNC ,Aco_Inox,Soluvel,Turno_1,3739.5,331.1,2.55,60.6,65.0,91.1,42.4,163,-24.91,7486,CLP-27A23,1
PEC-86303,Fresadora,Aco_Inox,Sintetico,Turno_1,3122.5,255.0,2.18,24.9,77.0,125.7,40.2,25,17.51,9687,CLP-25258,0
PEC-86304, TORNO_CNC ,Aluminio,Soluvel,Turno_3,3282.4,269.1,3.13,33.5,50.0,119.5,36.9,53,5.29,3220,CLP-CECA5,1
PEC-86305, TORNO_CNC ,Aluminio,Soluvel,Turno_1,2841.1,149.6,0.63,8.8,92.1,111.5,44.4,68,-14.98,9979,CLP-E64D2,1
PEC-86306, TORNO_CNC ,Aco_Inox,Semi_Sintetico,Turno_1,2430.5,287.3,0.8,45.7,48.0,102.8,51.4,26,24.36,9122,CLP-89D3D,1
PEC-86307, TORNO_CNC ,Aco_Inox,Soluvel,Turno_3,4004.8,392.6,2.79,28.4,60.3,98.0,48.1,102,0.71,1987,CLP-7A4A0,1
PEC-86308,torno_cnc,Aco_Inox,Seco,Turno_1,2154.9,317.3,1.34,29.9,54.6,133.2,53.2,175,9.17,2932,CLP-664BF,1
PEC-86309,Centro_Usinagem,Aco_Inox,Sintetico,Turno_1,2373.9,228.0,3.6,,65.7,115.5,43.4,132,-6.19,5718,CLP-D49F5,1
PEC-86310, TORNO_CNC ,Aco_Inox,Soluvel,Turno_2,4008.4,364.1,3.59,56.8,65.2,94.8,55.1,118,22.43,8801,CLP-CCF97,1
PEC-86311,torno_cnc,Aco_Inox,Sintetico,Turno_3,3207.5,251.4,3.34,31.8,67.0,119.8,34.8,36,-21.53,9387,CLP-1B51F,1
PEC-86312,Fresadora,Aluminio,Soluvel,Turno_1,2693.3,265.3,4.11,20.4,68.1,115.9,55.5,130,-26.28,7968,CLP-7D190,1
PEC-86313,Torno_CNC,Aluminio,Sintetico,Turno_2,3507.2,236.6,1.06,25.7,80.7,141.2,53.7,175,1.93,5561,CLP-E2CD7,1
PEC-86314,Torno_CNC,Aco_Carbono,Seco,Turno_1,3547.9,235.3,1.54,20.1,66.9,113.8,32.4,16,-11.75,1714,CLP-9B6EC,1
PEC-86315,Celula_Robotica,Aco_Carbono,Soluvel,Turno_2,2600.3,137.6,1.51,10.8,81.7,134.7,48.7,78,-2.88,7128,CLP-BCD8E,0
PEC-86316,Fresadora,Aco_Inox,Sintetico,Turno_1,2960.2,289.4,3.63,41.3,44.0,116.7,44.0,168,-11.79,3160,CLP-8F9CB,1
PEC-86317,torno_cnc,Aco_Inox,Soluvel,Turno_1,3594.3,235.2,2.59,46.2,38.8,102.3,44.2,148,-18.3,9707,CLP-F2744,1
PEC-86318,Fresadora,Aco_Carbono,Sintetico,Turno_2,2832.4,240.6,1.51,129.2,66.5,127.1,45.5,118,5.12,1358,CLP-C8E3B,1
PEC-86319,Torno_CNC,Aco_Inox,Soluvel,Turno_3,3327.0,263.7,1.05,26.3,68.9,138.3,40.0,19,-38.85,3320,CLP-9B5A2,1
PEC-86320,Fresadora,Aco_Inox,Soluvel,Turno_2,3841.2,229.3,4.07,211.9,58.6,133.6,52.5,53,-1.82,4981,CLP-796E5,1
PEC-86321,torno_cnc,Aco_Inox,Seco,Turno_3,2123.4,263.2,3.27,12.3,64.9,124.7,45.0,148,6.64,2150,CLP-A1EA1,1
PEC-86322,torno_cnc,Aluminio,Soluvel,Turno_2,3046.4,310.2,2.61,42.4,77.9,135.0,36.0,92,-0.03,4012,CLP-27A42,1
PEC-86323, TORNO_CNC ,Aluminio,Sintetico,Turno_1,3317.7,270.2,4.36,,73.0,122.6,44.7,109,6.03,4935,CLP-786B4,1
PEC-86324,Torno_CNC,Latao,Sintetico,Turno_1,2393.6,242.3,3.9,40.8,61.0,121.2,41.2,119,-7.78,4765,CLP-5E79A,1
PEC-86325,Torno_CNC,Aco_Carbono,Sintetico,Turno_3,2961.7,243.8,1.21,26.1,67.4,97.9,49.9,133,4.03,4920,CLP-639F4,0
PEC-86326,Celula_Robotica,Aluminio,Sintetico,Turno_2,3670.0,260.0,2.53,30.3,74.1,123.2,34.5,54,-9.34,4507,CLP-E2B4E,1
PEC-86327, TORNO_CNC ,Aco_Inox,Sintetico,Turno_3,2883.1,208.4,2.44,70.4,50.2,142.6,61.0,178,4.36,6639,CLP-79ABE,1
PEC-86328, TORNO_CNC ,Aco_Inox,Soluvel,Turno_1,2532.1,260.4,3.88,103.0,55.3,95.5,46.0,46,-30.65,8205,CLP-E302D,1
PEC-86329,Torno_CNC,Aco_Inox,Seco,Turno_1,3708.9,284.2,1.1,26.2,76.1,100.3,35.1,37,6.34,4106,CLP-BF68F,1
PEC-86330,Torno_CNC,Aco_Inox,Semi_Sintetico,Turno_1,3400.0,254.4,2.31,56.8,44.2,115.1,43.4,120,-8.7,6436,CLP-C377B,1
PEC-86331,Fresadora,Aco_Inox,Soluvel,Turno_1,3169.0,228.8,3.05,,51.9,99.7,41.1,15,-3.72,9753,CLP-63AC9,1
PEC-86332,torno_cnc,Aco_Inox,Soluvel,Turno_1,3155.7,235.6,4.28,,50.4,130.3,38.6,147,7.83,3604,CLP-3AB3F,1
PEC-86333,torno_cnc,Aco_Inox,Semi_Sintetico,Turno_2,,282.6,4.1,28.8,76.0,94.1,48.4,116,27.81,6262,CLP-946AF,1
PEC-86334,Torno_CNC,Aco_Inox,Seco,Turno_2,3332.5,195.0,2.64,193.5,52.0,130.2,62.8,103,4.46,6930,CLP-E1544,1
PEC-86335,Fresadora,Latao,Seco,Turno_1,3490.5,209.2,2.93,20.3,74.5,135.1,60.0,55,-1.0,4357,CLP-9337E,1
PEC-86336,Torno_CNC,Aluminio,Semi_Sintetico,Turno_1,2888.3,169.7,3.91,38.8,60.8,129.9,46.6,56,1.13,8951,CLP-E54C5,1
PEC-86337,Torno_CNC,Latao,Soluvel,Turno_2,2337.2,251.7,3.48,42.5,86.3,120.3,38.8,113,-3.62,6622,CLP-6CAAA,1
PEC-86338, TORNO_CNC ,Aco_Inox,Seco,Turno_2,3479.9,293.1,4.02,10.9,66.5,128.0,47.2,64,17.5,4832,CLP-C5F0D,1
PEC-86339,Torno_CNC,Aluminio,Semi_Sintetico,Turno_2,3695.4,316.6,4.08,62.5,77.8,102.7,50.9,158,-1.26,6145,CLP-A1220,1
PEC-86340,Torno_CNC,Aco_Inox,Soluvel,Turno_2,3098.9,327.4,3.83,23.6,70.5,123.9,46.6,76,-8.21,1707,CLP-F1BE0,1
PEC-86341,Fresadora,Aco_Inox,Soluvel,Turno_3,3599.5,215.5,0.54,29.3,59.6,110.7,51.0,175,6.64,2802,CLP-2A806,1
PEC-86342,Fresadora,Aco_Inox,Soluvel,Turno_2,3049.2,262.5,1.74,41.0,64.8,133.4,48.6,9,21.58,3157,CLP-9CD55,1
PEC-86343,Centro_Usinagem,Latao,Sintetico,Turno_3,3159.2,229.9,2.11,23.5,65.1,130.7,47.3,164,-13.51,4765,CLP-7B730,1
PEC-86344, TORNO_CNC ,Latao,Soluvel,Turno_2,3988.6,332.4,3.21,18.8,59.5,107.8,35.3,118,25.68,6527,CLP-D86EE,1
PEC-86345,Torno_CNC,Aco_Inox,Soluvel,Turno_1,,315.2,1.73,32.7,75.7,125.3,44.0,133,-12.0,7037,CLP-C8A2E,1
PEC-86346,Torno_CNC,Aco_Inox,Soluvel,Turno_1,3042.2,258.4,1.79,19.9,95.1,125.9,60.3,157,6.11,9537,CLP-D3AA1,1
PEC-86347,Celula_Robotica,Aluminio,Soluvel,Turno_2,2358.5,219.0,2.1,24.9,66.4,112.9,48.9,126,10.03,4858,CLP-F08AD,1
PEC-86348,torno_cnc,Aco_Inox,Soluvel,Turno_2,3510.5,77.6,4.32,9.0,73.6,120.3,54.3,25,21.51,3004,CLP-89D1C,1
PEC-86349,Fresadora,Aco_Inox,Semi_Sintetico,Turno_2,2880.6,178.3,2.25,70.2,71.3,127.7,61.1,98,2.97,8071,CLP-94677,1
PEC-86350,Torno_CNC,Aco_Inox,Soluvel,Turno_1,3266.3,157.4,1.06,23.6,33.7,113.1,35.6,95,-3.72,8330,CLP-CCAC5,0
PEC-86351,torno_cnc,Aluminio,Seco,Turno_2,3058.2,177.7,0.53,,70.9,106.7,65.8,108,14.53,2138,CLP-72917,0
PEC-86352,Torno_CNC,Aco_Inox,Semi_Sintetico,Turno_3,2999.4,343.9,1.45,59.6,70.3,123.4,52.8,175,4.96,8290,CLP-6E39F,1
PEC-86353,torno_cnc,Aco_Inox,Seco,Turno_2,3147.0,185.2,4.26,5.7,50.0,142.3,54.3,109,5.82,9097,CLP-8259A,1
PEC-86354,Celula_Robotica,Aco_Inox,Sintetico,Turno_2,3181.6,197.0,4.32,37.0,43.5,117.7,39.6,60,-9.46,9657,CLP-26D44,1
PEC-86355,Celula_Robotica,Aluminio,Soluvel,Turno_3,3729.2,204.0,2.62,47.5,70.1,114.7,50.8,10,-1.91,5937,CLP-C21F7,1
PEC-86356,torno_cnc,Latao,Soluvel,Turno_2,3884.1,379.9,3.09,12.4,84.7,108.1,38.6,162,-3.21,4447,CLP-A20FF,1
PEC-86357, TORNO_CNC ,Aco_Inox,Soluvel,Turno_1,3492.8,246.9,3.68,9.9,60.6,137.3,46.2,125,4.81,2937,CLP-7FD5D,1
PEC-86358,Celula_Robotica,Aco_Carbono,Seco,Turno_3,3772.2,299.7,0.72,9.2,61.0,133.1,47.7,85,5.62,2701,CLP-A00B5,1
PEC-86359,Fresadora,Aco_Carbono,Soluvel,Turno_1,3584.4,258.8,2.0,180.4,92.7,117.8,43.1,41,10.35,7100,CLP-4DB2B,1
PEC-86360,Torno_CNC,Latao,Sintetico,Turno_2,3422.6,150.8,3.07,54.2,75.8,108.2,54.2,13,-7.81,9131,CLP-7096A,1
PEC-86361, TORNO_CNC ,Aco_Carbono,Semi_Sintetico,Turno_1,3854.8,326.6,4.09,18.1,50.4,108.1,40.8,96,-4.04,5377,CLP-1C010,1
PEC-86362,Torno_CNC,Aluminio,Seco,Turno_1,2611.2,270.1,3.41,19.3,56.4,107.2,28.9,154,-1.84,2764,CLP-B6AFC,1
PEC-86363, TORNO_CNC ,Aco_Carbono,Semi_Sintetico,Turno_1,2892.0,243.9,1.9,41.6,91.2,112.6,43.0,146,-26.25,2471,CLP-1D922,1
PEC-86364, TORNO_CNC ,Aco_Inox,Sintetico,Turno_1,2830.6,338.0,4.14,26.4,57.0,111.6,55.0,39,-0.9,8179,CLP-6A0E3,1
PEC-86365,torno_cnc,Aluminio,Soluvel,Turno_1,3064.4,232.7,3.16,16.1,58.6,108.9,64.6,90,2.79,7515,CLP-8B3B2,1
PEC-86366, TORNO_CNC ,Latao,Sintetico,Turno_1,3508.7,242.8,3.82,7.1,73.0,136.7,55.5,152,-4.5,3011,CLP-532C2,1
PEC-86367,Torno_CNC,Aco_Carbono,Soluvel,Turno_3,2698.2,232.7,2.04,58.6,61.8,143.8,53.5,159,3.75,3801,CLP-6022B,1
PEC-86368,torno_cnc,Latao,Semi_Sintetico,Turno_3,3426.3,303.8,0.51,81.7,70.3,103.7,42.0,175,-11.33,5164,CLP-B2DE9,1
PEC-86369,Centro_Usinagem,Aco_Carbono,Sintetico,Turno_3,2935.8,290.7,1.16,13.1,68.5,111.4,63.4,55,21.78,3813,CLP-D96A9,1
PEC-86370,Fresadora,Aco_Carbono,Soluvel,Turno_3,3043.8,263.9,4.21,7.3,63.3,105.8,50.5,144,3.56,3240,CLP-C1C29,1
PEC-86371,Torno_CNC,Aco_Carbono,Seco,Turno_2,3290.2,197.4,0.63,9.4,79.5,124.8,50.8,101,-2.86,1725,CLP-E5570,0
PEC-86372,Celula_Robotica,Aco_Carbono,Soluvel,Turno_3,3956.6,231.5,2.88,23.7,49.7,114.9,50.0,157,-31.94,5357,CLP-86F76,1
PEC-86373,Centro_Usinagem,Aluminio,Semi_Sintetico,Turno_2,2879.4,197.4,2.14,17.5,66.4,104.5,35.7,12,12.79,2847,CLP-D4A2E,0
PEC-86374,Torno_CNC,Latao,Semi_Sintetico,Turno_2,3164.0,308.0,2.22,7.7,58.0,144.8,48.1,133,-10.68,8589,CLP-80CAC,1
PEC-86375,Torno_CNC,Aco_Carbono,Semi_Sintetico,Turno_2,2714.8,171.3,2.1,,84.7,127.3,33.4,108,-2.4,8893,CLP-396AE,1
PEC-86376,Fresadora,Aco_Carbono,Soluvel,Turno_1,2875.1,329.7,0.77,13.0,62.9,105.3,51.6,74,26.76,6035,CLP-E7527,0
PEC-86377,Centro_Usinagem,Aluminio,Soluvel,Turno_3,2710.7,314.4,0.99,7.4,88.1,142.6,47.7,179,-0.85,4884,CLP-A4E6F,1
PEC-86378,Celula_Robotica,Aco_Inox,Semi_Sintetico,Turno_2,3310.2,204.1,0.75,42.5,59.9,102.8,39.9,156,5.96,5646,CLP-F2C85,1
PEC-86379,Centro_Usinagem,Aco_Inox,Semi_Sintetico,Turno_1,3391.4,229.2,0.72,,66.3,129.2,54.0,129,5.81,5047,CLP-B9738,1
PEC-86380,Fresadora,Latao,Soluvel,Turno_1,3509.2,214.4,0.84,66.3,78.1,156.3,42.1,174,3.15,8776,CLP-C1816,1
PEC-86381,torno_cnc,Aluminio,Soluvel,Turno_1,2860.9,271.5,3.29,17.6,53.5,118.0,42.3,42,3.11,2494,CLP-9F7E0,0
PEC-86382,Torno_CNC,Aco_Inox,Soluvel,Turno_3,3428.6,320.6,0.96,10.1,83.1,115.7,49.3,90,-37.64,3113,CLP-48EDB,1
PEC-86383,Torno_CNC,Aco_Inox,Seco,Turno_3,3250.9,309.3,1.55,20.6,65.3,122.5,44.9,85,-17.48,2414,CLP-556DD,0
PEC-86384, TORNO_CNC ,Aco_Carbono,Soluvel,Turno_1,3174.0,228.4,3.13,57.8,69.9,153.4,46.9,49,-5.0,7231,CLP-5CB3C,1
PEC-86385,Fresadora,Aco_Carbono,Soluvel,Turno_1,2641.4,312.7,0.95,14.7,71.6,142.1,53.3,82,-9.34,8116,CLP-9BBA2,0
PEC-86386,torno_cnc,Aco_Carbono,Sintetico,Turno_1,3269.0,308.6,4.14,15.3,64.1,113.3,39.1,93,8.11,8247,CLP-4173B,1
PEC-86387,Fresadora,Aluminio,Soluvel,Turno_3,3283.2,240.6,2.41,10.6,55.3,124.6,38.4,29,-20.16,1330,CLP-E83EE,1
PEC-86388,Torno_CNC,Aco_Inox,Seco,Turno_1,3245.8,249.5,4.35,155.7,66.1,133.8,43.1,163,5.58,6636,CLP-7AED1,1
PEC-86389,torno_cnc,Aco_Inox,Soluvel,Turno_3,3380.0,327.1,1.27,124.7,40.9,113.6,44.5,169,-29.87,1432,CLP-CBE3F,1
PEC-86390,Torno_CNC,Aco_Inox,Soluvel,Turno_2,3512.6,302.9,0.62,42.6,49.3,103.0,50.1,20,12.84,6555,CLP-CD238,0
PEC-86391, TORNO_CNC ,Aco_Carbono,Sintetico,Turno_3,2705.9,311.2,2.86,13.5,63.3,136.3,60.5,9,-4.02,2614,CLP-2BE33,0
PEC-86392,Fresadora,Aco_Inox,Soluvel,Turno_2,3102.5,379.3,1.81,55.9,83.6,127.6,44.7,117,17.74,2645,CLP-4A2B5,1
PEC-86393,Fresadora,Aluminio,Soluvel,Turno_2,3432.1,277.4,2.79,35.7,83.2,124.8,45.3,56,-3.95,6968,CLP-D4D38,1
PEC-86394,Celula_Robotica,Aluminio,Soluvel,Turno_2,3079.2,266.3,2.39,53.5,76.8,136.6,39.8,70,13.88,3463,CLP-206A9,1
PEC-86395,Torno_CNC,Aluminio,Soluvel,Turno_3,3631.7,317.9,2.33,73.9,46.5,102.8,38.8,94,15.26,2450,CLP-A276F,1
PEC-86396, TORNO_CNC ,Latao,Semi_Sintetico,Turno_3,3240.6,349.4,3.9,18.4,68.6,116.5,50.4,150,-0.17,4464,CLP-94A62,1
PEC-86397,Torno_CNC,Aco_Inox,Soluvel,Turno_2,2320.3,219.4,1.27,90.7,54.7,159.6,45.3,4,-6.54,6019,CLP-4A4CD,0
PEC-86398, TORNO_CNC ,Aco_Carbono,Seco,Turno_2,3577.7,239.9,2.5,85.1,64.2,128.5,55.0,5,-1.42,2932,CLP-91D3A,1
PEC-86399,Centro_Usinagem,Aco_Inox,Sintetico,Turno_3,3147.3,199.1,2.16,32.7,76.5,129.4,54.1,6,4.11,7113,CLP-1B83E,1
PEC-86400,Fresadora,Aco_Inox,Soluvel,Turno_3,2403.6,267.1,3.2,45.4,72.9,121.6,52.0,161,29.49,2392,CLP-97D31,1
PEC-86401,Centro_Usinagem,Aluminio,Soluvel,Turno_2,3086.5,294.5,0.7,23.5,80.4,92.4,33.3,3,-4.95,6659,CLP-E03B2,1
PEC-86402,Torno_CNC,Aco_Inox,Sintetico,Turno_1,2629.2,202.6,2.62,42.3,48.1,107.7,50.5,141,4.88,2610,CLP-D99AE,1
PEC-86403,Centro_Usinagem,Aco_Carbono,Soluvel,Turno_1,3538.9,306.7,2.41,32.9,52.7,133.7,37.5,31,-22.35,9134,CLP-5B3CC,1
PEC-86404,Torno_CNC,Aluminio,Soluvel,Turno_3,3183.9,227.3,4.39,18.6,83.1,111.9,29.9,76,-11.54,6880,CLP-7B66A,1
PEC-86405,Centro_Usinagem,Aco_Inox,Soluvel,Turno_1,2784.3,223.3,3.52,18.6,83.3,117.5,46.8,151,28.62,3503,CLP-D77DE,1
PEC-86406,Torno_CNC,Aco_Inox,Sintetico,Turno_1,3564.9,306.5,1.12,41.9,64.8,124.4,55.9,8,7.03,6681,CLP-40226,1
PEC-86407,Torno_CNC,Aluminio,Sintetico,Turno_1,3406.3,218.7,2.54,114.8,64.7,105.3,50.7,66,-6.31,5369,CLP-F350B,1
PEC-86408,torno_cnc,Aco_Carbono,Soluvel,Turno_2,3093.9,179.8,3.63,12.9,79.1,100.8,37.9,7,10.39,6538,CLP-5629E,1
PEC-86409,Celula_Robotica,Aluminio,Sintetico,Turno_2,2639.5,287.2,2.6,22.4,71.4,119.8,67.4,51,19.58,9061,CLP-6446E,1
PEC-86410,Torno_CNC,Aluminio,Semi_Sintetico,Turno_1,2820.9,243.4,1.93,62.3,72.3,114.4,51.5,22,-20.9,7935,CLP-58440,0
PEC-86411, TORNO_CNC ,Aco_Carbono,Soluvel,Turno_1,2814.1,309.9,2.01,9.6,53.9,123.4,38.3,45,3.4,4505,CLP-9CDC2,0
PEC-86412,Centro_Usinagem,Aluminio,Semi_Sintetico,Turno_3,,291.6,1.97,185.0,78.8,98.5,28.6,125,-11.23,2093,CLP-D0AC5,1
PEC-86413, TORNO_CNC ,Aco_Inox,Sintetico,Turno_3,2443.6,162.6,0.58,44.7,62.6,112.0,43.4,166,-5.12,6281,CLP-858A0,1
PEC-86414,Torno_CNC,Aluminio,Seco,Turno_1,3178.7,315.8,3.42,89.6,48.3,130.3,29.3,13,9.6,1664,CLP-4EAD7,1
PEC-86415, TORNO_CNC ,Aluminio,Soluvel,Turno_1,3087.4,345.0,2.94,68.7,55.6,164.2,36.8,31,-28.27,7368,CLP-415B4,1
PEC-86416, TORNO_CNC ,Aco_Carbono,Seco,Turno_2,3666.0,301.7,1.57,57.5,57.8,121.8,31.4,179,3.62,1812,CLP-74A7D,1
PEC-86417,Centro_Usinagem,Aluminio,Sintetico,Turno_3,3304.7,303.7,3.02,6.2,82.7,130.1,39.0,129,24.0,3048,CLP-A3FF1,1
PEC-86418,Fresadora,Latao,Sintetico,Turno_3,3440.8,237.6,1.73,23.3,56.6,127.3,40.7,138,-7.36,9249,CLP-37180,1
PEC-86419,torno_cnc,Aco_Inox,Sintetico,Turno_2,2963.6,226.2,1.47,12.9,69.6,124.4,38.0,84,-42.45,8384,CLP-ED220,1
PEC-86420,Celula_Robotica,Latao,Soluvel,Turno_3,2646.1,260.6,3.46,76.8,39.7,130.2,63.4,28,1.72,1474,CLP-240AC,0
PEC-86421, TORNO_CNC ,Aluminio,Seco,Turno_1,3053.5,296.0,3.74,44.9,76.2,105.6,43.5,163,18.78,5837,CLP-D310A,1
PEC-86422,Torno_CNC,Aluminio,Sintetico,Turno_1,3549.7,294.7,3.0,9.0,55.5,114.6,55.6,48,-7.18,8841,CLP-E2555,1
PEC-86423,Torno_CNC,Aco_Inox,Soluvel,Turno_2,3548.7,228.1,3.64,20.6,69.7,123.7,49.6,178,-7.22,6449,CLP-6A550,1
PEC-86424, TORNO_CNC ,Aco_Inox,Soluvel,Turno_3,,223.0,1.96,7.5,69.7,105.5,43.3,119,-21.56,1183,CLP-64546,1
PEC-86425,Torno_CNC,Aco_Carbono,Soluvel,Turno_2,2812.7,175.5,0.79,52.1,72.6,126.5,41.2,104,0.1,5118,CLP-A1B06,1
PEC-86426,Celula_Robotica,Aco_Carbono,Sintetico,Turno_3,2724.5,282.3,2.92,24.0,69.0,91.3,55.8,42,5.49,8627,CLP-8CB81,1
PEC-86427,Fresadora,Aco_Inox,Sintetico,Turno_3,3138.5,230.5,1.52,14.3,88.0,132.2,36.7,29,4.28,4922,CLP-D43F6,1
PEC-86428,Torno_CNC,Aluminio,Soluvel,Turno_2,3261.4,234.9,3.61,30.5,67.5,117.7,40.0,173,-3.25,7826,CLP-EEC0F,1
PEC-86429,torno_cnc,Aco_Inox,Soluvel,Turno_1,3862.9,336.4,1.93,6.5,92.0,130.4,39.9,31,-18.04,4359,CLP-A6B6C,1
PEC-86430,Fresadora,Latao,Sintetico,Turno_1,3255.5,279.9,3.18,15.4,72.7,135.0,45.6,44,-4.38,4905,CLP-4361F,1
PEC-86431,Celula_Robotica,Aco_Carbono,Sintetico,Turno_3,,266.1,2.71,11.7,68.3,141.1,37.7,140,2.63,1476,CLP-3E3E1,1
PEC-86432,Centro_Usinagem,Aco_Inox,Soluvel,Turno_1,2848.8,291.5,3.77,98.4,75.7,124.0,52.5,37,17.5,8869,CLP-9E43B,1
PEC-86433,torno_cnc,Aco_Carbono,Soluvel,Turno_1,3218.8,321.0,3.83,21.6,67.4,94.0,53.6,72,32.91,8544,CLP-8B0E3,1
PEC-86434,Fresadora,Latao,Soluvel,Turno_3,3263.0,169.1,0.77,35.7,70.4,93.6,39.3,64,-27.25,5518,CLP-E2951,1
PEC-86435,torno_cnc,Aco_Inox,Seco,Turno_3,3136.8,221.7,1.68,29.5,69.2,101.0,49.2,124,-1.65,4540,CLP-4FD86,1
PEC-86436,torno_cnc,Aco_Carbono,Sintetico,Turno_1,3190.2,238.4,3.98,42.7,68.0,130.8,38.3,111,4.62,3561,CLP-ACC3F,1
PEC-86437,Torno_CNC,Aluminio,Seco,Turno_3,3256.8,201.1,2.12,16.5,90.4,98.9,46.4,152,-4.22,7648,CLP-93109,1
PEC-86438,Torno_CNC,Aluminio,Soluvel,Turno_1,3416.5,236.7,2.56,9.5,92.3,116.5,54.4,114,-16.91,3193,CLP-F1C4F,1
PEC-86439,torno_cnc,Aco_Inox,Semi_Sintetico,Turno_1,3726.1,172.4,1.23,8.0,68.9,113.7,45.8,175,5.96,3118,CLP-A2FEA,1
PEC-86440,Torno_CNC,Aco_Inox,Sintetico,Turno_2,2180.5,296.1,2.71,12.5,80.1,125.4,44.2,118,33.72,4227,CLP-BB37F,1
PEC-86441,Torno_CNC,Aluminio,Soluvel,Turno_3,3701.2,224.1,1.56,28.1,79.4,130.7,63.3,34,-5.24,2453,CLP-865B8,1
PEC-86442,Fresadora,Aco_Inox,Soluvel,Turno_1,2430.1,260.0,3.82,14.4,78.1,121.4,47.9,99,-3.5,1097,CLP-F181B,1
PEC-86443,Torno_CNC,Aco_Carbono,Sintetico,Turno_1,3338.9,252.6,1.3,24.9,71.5,132.0,38.3,141,0.79,6850,CLP-C46D4,1
PEC-86444,torno_cnc,Aco_Inox,Seco,Turno_1,4260.0,277.9,1.94,6.0,73.0,103.5,37.6,107,12.27,1018,CLP-4E9E4,1
PEC-86445,torno_cnc,Aluminio,Soluvel,Turno_3,3180.9,127.0,0.88,39.6,71.9,135.3,63.2,63,2.65,5123,CLP-B961A,1
PEC-86446,Celula_Robotica,Aco_Carbono,Soluvel,Turno_2,3281.0,272.5,2.85,78.7,56.4,122.0,39.1,79,15.29,5855,CLP-23C1F,1
PEC-86447, TORNO_CNC ,Aluminio,Sintetico,Turno_2,3060.4,236.2,4.27,6.7,64.2,131.4,39.4,94,29.35,1289,CLP-2B595,1
PEC-86448,Torno_CNC,Aluminio,Seco,Turno_1,3500.3,270.3,1.19,13.6,50.6,112.2,45.2,169,2.23,1516,CLP-52084,1
PEC-86449,torno_cnc,Latao,Sintetico,Turno_2,3363.0,191.0,0.58,18.4,71.9,89.2,50.9,103,24.35,4300,CLP-48DBD,1
PEC-86450,Centro_Usinagem,Aco_Carbono,Soluvel,Turno_2,2895.8,270.7,2.19,16.9,70.2,130.0,35.1,27,-10.95,7295,CLP-AD023,0
PEC-86451,Celula_Robotica,Aco_Inox,Soluvel,Turno_3,3148.5,314.9,3.49,,73.4,117.8,42.8,26,8.14,4428,CLP-2F163,1
PEC-86452, TORNO_CNC ,Aluminio,Soluvel,Turno_1,2696.7,259.5,4.4,8.9,55.7,138.0,34.3,123,-1.85,1978,CLP-526E7,1
PEC-86453,Torno_CNC,Latao,Semi_Sintetico,Turno_3,3146.5,214.1,0.71,90.2,76.6,126.3,43.8,175,11.94,3322,CLP-36E2D,1
PEC-86454,Centro_Usinagem,Aco_Inox,Semi_Sintetico,Turno_2,3011.3,216.3,3.64,48.5,70.7,164.3,51.6,28,21.13,1752,CLP-26AEA,1
PEC-86455,Torno_CNC,Aco_Inox,Sintetico,Turno_1,3261.4,278.8,1.97,116.3,91.8,139.1,43.0,64,-10.13,8967,CLP-901A5,1
PEC-86456,Fresadora,Aco_Inox,Soluvel,Turno_1,2880.5,278.5,1.11,25.3,74.7,116.3,60.8,114,-22.19,5856,CLP-2A97E,1
PEC-86457, TORNO_CNC ,Aco_Inox,Seco,Turno_2,3103.5,267.8,1.27,78.9,57.8,96.2,38.2,34,7.47,1347,CLP-A72AB,1
PEC-86458,Torno_CNC,Aco_Carbono,Sintetico,Turno_3,3203.9,248.1,4.2,64.4,48.8,106.9,46.7,74,12.22,2980,CLP-3AC88,1
PEC-86459,Torno_CNC,Aco_Carbono,Seco,Turno_2,3235.3,260.1,3.74,77.8,67.6,105.9,55.5,156,-20.38,3812,CLP-B3E12,1
PEC-86460,Torno_CNC,Latao,Sintetico,Turno_2,3323.4,246.8,1.75,6.4,52.6,112.2,53.1,112,-21.24,3815,CLP-957FA,0
PEC-86461,Fresadora,Aco_Carbono,Semi_Sintetico,Turno_1,3121.6,231.0,4.26,42.0,56.2,118.1,66.1,126,-26.3,8999,CLP-34999,1
PEC-86462,Celula_Robotica,Aco_Inox,Semi_Sintetico,Turno_1,2846.0,287.9,0.92,34.3,53.4,124.8,47.6,32,15.56,2982,CLP-578A4,0
PEC-86463,Torno_CNC,Aco_Inox,Soluvel,Turno_2,3236.9,265.5,1.79,32.6,58.0,140.6,37.8,8,23.11,7359,CLP-480FC,0
PEC-86464,Centro_Usinagem,Latao,Seco,Turno_2,3119.5,314.5,3.11,,82.5,106.9,45.7,26,18.0,2131,CLP-F0A10,1
PEC-86465,Torno_CNC,Aco_Inox,Soluvel,Turno_3,3661.1,305.8,4.5,60.6,53.4,99.2,38.3,148,-18.18,3320,CLP-D69FD,1
PEC-86466,torno_cnc,Aco_Inox,Semi_Sintetico,Turno_1,3717.8,263.9,2.36,125.5,59.9,132.5,46.0,115,-1.67,4202,CLP-7BA1D,1
PEC-86467,Torno_CNC,Latao,Seco,Turno_1,2582.6,279.8,3.74,66.8,47.8,140.0,54.9,168,11.74,4453,CLP-D31EC,1
PEC-86468,Celula_Robotica,Aluminio,Soluvel,Turno_1,3477.7,202.1,4.16,,44.5,112.6,50.6,147,30.68,3317,CLP-25D2C,1
PEC-86469,Fresadora,Aco_Inox,Sintetico,Turno_3,3568.0,246.1,0.54,28.2,61.6,135.6,44.2,80,-1.48,4050,CLP-1F59B,1
PEC-86470,Fresadora,Aco_Carbono,Sintetico,Turno_2,2594.4,267.1,1.66,46.1,67.5,131.6,39.5,148,-17.41,6250,CLP-E80D8,1
PEC-86471,Centro_Usinagem,Latao,Semi_Sintetico,Turno_1,3460.8,170.9,0.9,23.8,51.2,94.4,47.6,163,-20.34,3923,CLP-E2157,1
PEC-86472,Fresadora,Aco_Inox,Semi_Sintetico,Turno_1,3603.2,271.5,3.6,20.6,46.8,110.5,49.2,122,-25.27,7032,CLP-1B218,1
PEC-86473,Celula_Robotica,Aco_Carbono,Sintetico,Turno_1,2772.7,202.0,2.77,84.0,42.5,112.8,35.0,60,12.42,3763,CLP-95FBC,0
PEC-86474,Fresadora,Aco_Inox,Semi_Sintetico,Turno_2,,207.5,0.88,,66.7,149.8,36.8,160,14.95,7982,CLP-F2C4C,1
PEC-86475,Celula_Robotica,Aluminio,Soluvel,Turno_3,3283.8,223.5,2.18,45.1,76.2,127.6,42.7,124,-9.27,6281,CLP-6F3E4,1
PEC-86476,torno_cnc,Latao,Soluvel,Turno_3,,248.5,2.56,68.7,47.9,112.4,34.3,169,15.53,9368,CLP-A6BED,1
PEC-86477,Torno_CNC,Latao,Soluvel,Turno_2,2755.2,183.6,3.29,20.6,57.2,109.5,30.5,14,-16.79,3418,CLP-959F5,1
PEC-86478,torno_cnc,Aco_Inox,Sintetico,Turno_1,3720.7,292.8,3.62,24.9,78.0,96.5,36.8,46,14.5,4259,CLP-34772,1
PEC-86479,Torno_CNC,Aco_Inox,Soluvel,Turno_2,2286.8,258.9,0.85,65.2,62.4,136.0,48.1,171,-21.81,9175,CLP-5D04D,1
PEC-86480,torno_cnc,Aco_Inox,Sintetico,Turno_3,3795.7,346.2,2.45,22.8,63.8,125.9,45.8,74,4.93,7009,CLP-39D94,1
PEC-86481, TORNO_CNC ,Aluminio,Soluvel,Turno_1,3447.6,265.0,1.14,6.4,69.6,129.3,41.4,27,25.87,3628,CLP-DA14C,0
PEC-86482,Fresadora,Aco_Inox,Semi_Sintetico,Turno_3,2920.2,278.5,3.51,20.3,59.7,100.7,37.5,91,-16.13,6389,CLP-58F88,0
PEC-86483,Torno_CNC,Aluminio,Soluvel,Turno_3,3589.0,207.3,3.13,22.8,55.7,131.0,48.0,173,7.21,6101,CLP-18B95,1
PEC-86484,Torno_CNC,Aco_Inox,Sintetico,Turno_2,2728.5,190.9,3.39,10.9,68.7,116.4,47.5,53,18.03,4792,CLP-B7C83,1
PEC-86485, TORNO_CNC ,Aluminio,Sintetico,Turno_2,3251.7,281.0,0.8,19.8,48.4,109.1,54.9,119,6.85,7254,CLP-6440F,0
PEC-86486,Celula_Robotica,Aco_Inox,Seco,Turno_2,3307.3,195.3,2.54,100.4,45.7,127.7,24.9,31,-6.47,3517,CLP-C9E96,0
PEC-86487, TORNO_CNC ,Aco_Carbono,Sintetico,Turno_2,3306.3,282.1,3.86,73.4,56.7,102.0,31.0,34,-10.73,1191,CLP-3422B,1
PEC-86488, TORNO_CNC ,Aco_Inox,Semi_Sintetico,Turno_1,2822.1,335.3,3.35,25.7,73.5,122.7,52.5,76,8.7,8883,CLP-82578,1
PEC-86489,Fresadora,Aco_Inox,Seco,Turno_1,2976.8,297.3,3.95,48.3,78.9,116.0,48.8,88,17.65,8107,CLP-7B996,1
PEC-86490,Fresadora,Aco_Carbono,Sintetico,Turno_1,3257.0,278.5,1.32,10.8,59.3,136.1,52.5,168,-9.0,8051,CLP-F0F36,1
PEC-86491,Torno_CNC,Aco_Carbono,Soluvel,Turno_3,2873.0,263.5,1.65,53.9,75.0,133.4,37.9,123,-12.3,5313,CLP-3B370,1
PEC-86492, TORNO_CNC ,Aco_Inox,Semi_Sintetico,Turno_2,3322.2,230.8,2.27,,81.6,121.4,41.9,8,-3.53,9609,CLP-9A082,1
PEC-86493,Torno_CNC,Aco_Inox,Sintetico,Turno_2,2923.6,244.3,2.59,49.9,65.5,124.2,34.8,29,11.73,9348,CLP-D1FC6,1
PEC-86494,Celula_Robotica,Aco_Carbono,Soluvel,Turno_3,3650.0,221.7,1.51,41.2,72.6,129.0,26.3,113,4.04,4998,CLP-2379D,1
PEC-86495,Torno_CNC,Aco_Inox,Sintetico,Turno_1,3903.2,184.2,2.02,14.3,87.4,119.9,46.1,26,-10.07,6825,CLP-66E45,1
PEC-86496, TORNO_CNC ,Aco_Carbono,Semi_Sintetico,Turno_2,3066.1,251.8,3.25,68.0,56.5,107.7,56.3,91,22.89,5634,CLP-D4F07,1
PEC-86497,Torno_CNC,Aluminio,Seco,Turno_2,3614.1,305.4,3.08,34.7,62.1,112.8,43.7,59,-9.73,4980,CLP-6F716,1
PEC-86498,Torno_CNC,Aco_Inox,Seco,Turno_1,3104.5,185.6,0.94,58.7,84.2,101.7,39.3,141,-5.09,5393,CLP-6EE6B,1
PEC-86499,Fresadora,Aluminio,Soluvel,Turno_1,2778.6,319.9,4.44,8.5,53.7,133.9,36.0,138,-10.23,6227,CLP-AE0D9,0
PEC-86500,Torno_CNC,Aco_Carbono,Soluvel,Turno_3,,310.9,2.75,,66.9,126.0,53.9,9,19.85,9567,CLP-22CC5,1
PEC-86501,Torno_CNC,Latao,Soluvel,Turno_3,3238.5,269.8,2.43,,57.5,113.7,45.6,81,-28.52,3575,CLP-E5F19,1
PEC-86502, TORNO_CNC ,Aco_Inox,Soluvel,Turno_1,2395.9,270.3,4.37,74.0,81.4,109.1,46.0,98,-8.4,3114,CLP-ED76D,1
PEC-86503,Torno_CNC,Aluminio,Semi_Sintetico,Turno_3,3481.5,240.7,1.06,109.5,50.8,123.5,33.4,139,-14.85,7435,CLP-D4469,1
PEC-86504,Torno_CNC,Aco_Inox,Soluvel,Turno_3,3238.7,252.1,2.67,7.0,64.2,98.8,37.7,122,-10.2,1007,CLP-94E0E,1
PEC-86505,Centro_Usinagem,Aluminio,Sintetico,Turno_1,,226.8,3.72,50.1,52.4,104.0,50.9,137,8.72,6340,CLP-F2DE0,1
PEC-86506,Fresadora,Aco_Carbono,Sintetico,Turno_1,3473.7,251.6,2.1,8.8,47.4,119.7,40.8,6,-21.37,7850,CLP-CA076,0
PEC-86507,Centro_Usinagem,Aco_Inox,Semi_Sintetico,Turno_1,3254.0,257.0,3.45,,42.2,156.6,39.8,122,-23.64,8332,CLP-A909B,0
PEC-86508,Centro_Usinagem,Latao,Soluvel,Turno_2,3039.9,344.1,4.1,9.7,63.0,126.8,65.1,30,5.5,1220,CLP-DB2FB,1
PEC-86509,Fresadora,Aluminio,Soluvel,Turno_2,3885.3,278.3,1.55,12.6,70.8,122.8,45.6,2,-4.32,7607,CLP-B70E6,0
PEC-86510,Torno_CNC,Latao,Soluvel,Turno_1,4176.4,239.5,1.47,15.1,65.2,102.4,43.6,147,-36.07,4173,CLP-E3D9C,1
PEC-86511,Fresadora,Aco_Carbono,Soluvel,Turno_2,3047.4,245.1,1.94,50.5,67.8,106.0,43.9,116,4.72,4837,CLP-CFB7F,1
PEC-86512,Centro_Usinagem,Aco_Inox,Seco,Turno_1,3669.0,214.3,2.17,,59.8,140.3,39.6,143,-9.81,7065,CLP-4D70A,1
PEC-86513,Fresadora,Aco_Inox,Semi_Sintetico,Turno_1,2882.0,222.6,0.94,36.7,76.8,113.1,44.4,57,-4.69,9027,CLP-CED6A,1
PEC-86514,torno_cnc,Aco_Inox,Soluvel,Turno_2,2935.5,295.5,1.43,34.7,73.7,121.1,60.5,62,15.8,1320,CLP-DD7A8,1
PEC-86515,Torno_CNC,Aco_Inox,Semi_Sintetico,Turno_1,3026.2,225.3,3.99,23.0,66.5,128.9,48.3,131,3.01,6394,CLP-45237,1
PEC-86516,Centro_Usinagem,Aluminio,Soluvel,Turno_2,3508.1,219.1,2.77,32.1,67.5,113.7,32.2,93,8.59,1813,CLP-38687,1
PEC-86517,Fresadora,Aluminio,Semi_Sintetico,Turno_3,2716.3,220.4,1.57,9.4,59.4,112.4,41.5,46,-25.79,5985,CLP-B16F0,0
PEC-86518,Celula_Robotica,Latao,Soluvel,Turno_1,3897.5,213.5,4.27,78.1,88.3,94.1,45.8,10,-18.08,7748,CLP-F0FDF,1
PEC-86519,Torno_CNC,Aluminio,Semi_Sintetico,Turno_1,3622.0,306.4,3.6,13.1,74.7,101.8,32.9,87,20.02,6381,CLP-B5C5A,1
PEC-86520,Torno_CNC,Aco_Carbono,Soluvel,Turno_1,3497.7,257.1,1.95,79.3,63.8,128.8,41.3,103,-16.19,4406,CLP-49234,1
PEC-86521,Torno_CNC,Latao,Soluvel,Turno_2,3067.8,235.9,3.56,30.6,62.9,113.4,37.3,114,-4.18,3991,CLP-B8DB8,1
PEC-86522,Fresadora,Aco_Carbono,Soluvel,Turno_2,3573.3,251.5,2.88,38.3,60.3,130.0,41.8,105,1.03,3368,CLP-A3B00,1
PEC-86523,Torno_CNC,Aco_Inox,Soluvel,Turno_2,1887.2,260.9,3.24,15.4,61.4,96.2,45.6,135,15.27,1287,CLP-34622,1
PEC-86524,Torno_CNC,Aluminio,Sintetico,Turno_2,3398.4,212.6,1.79,13.8,68.0,132.2,50.6,124,-11.65,4466,CLP-F3923,0
PEC-86525,Celula_Robotica,Aco_Inox,Soluvel,Turno_1,3272.1,180.5,1.34,,44.5,119.4,35.8,134,19.74,8821,CLP-F1A8A,1
PEC-86526,Torno_CNC,Aco_Inox,Sintetico,Turno_1,2351.2,316.9,1.51,,62.0,97.9,44.3,93,-14.84,1444,CLP-90E6C,0
PEC-86527,Centro_Usinagem,Aco_Inox,Sintetico,Turno_1,3382.8,299.4,0.83,,63.4,136.9,42.4,87,-0.64,5636,CLP-475D5,0
PEC-86528, TORNO_CNC ,Aco_Carbono,Sintetico,Turno_2,3465.9,268.9,2.38,25.3,64.9,98.9,43.2,12,8.9,5464,CLP-1FE1B,0
PEC-86529,Centro_Usinagem,Aluminio,Semi_Sintetico,Turno_1,2365.8,296.0,2.12,16.1,67.1,136.2,38.4,84,-11.52,5026,CLP-40FBC,1
PEC-86530,torno_cnc,Aluminio,Soluvel,Turno_3,2666.0,345.7,0.51,17.1,65.4,119.5,44.6,169,-5.62,8192,CLP-ED212,1
PEC-86531,Centro_Usinagem,Latao,Sintetico,Turno_2,4129.0,223.2,3.93,131.3,69.9,106.6,48.9,69,9.48,8965,CLP-4CB43,1
PEC-86532,Celula_Robotica,Aco_Inox,Seco,Turno_1,3116.1,194.0,3.23,36.0,63.4,147.7,33.9,81,-8.08,1894,CLP-A8325,1
PEC-86533,Torno_CNC,Aluminio,Sintetico,Turno_2,3639.0,283.1,2.29,67.4,76.9,126.1,58.8,61,-4.46,4207,CLP-67282,1
PEC-86534,Torno_CNC,Aco_Carbono,Sintetico,Turno_3,3707.1,176.7,4.37,6.6,72.9,138.2,52.5,25,13.9,7817,CLP-AB66D,1
PEC-86535,Torno_CNC,Aco_Inox,Sintetico,Turno_1,3377.3,251.9,4.26,5.1,92.0,126.5,32.4,4,-2.88,7666,CLP-4165F,1
PEC-86536,Fresadora,Aluminio,Soluvel,Turno_1,3657.8,235.1,0.88,30.6,73.4,116.8,56.6,29,7.07,3527,CLP-8967E,1
PEC-86537,Centro_Usinagem,Aco_Inox,Sintetico,Turno_2,2249.2,283.7,2.96,66.4,56.1,106.9,57.1,63,-8.49,8483,CLP-1FA4F,1
PEC-86538, TORNO_CNC ,Aco_Carbono,Seco,Turno_2,3096.3,225.9,3.77,38.0,63.1,117.3,41.0,36,-9.76,4483,CLP-1A8C5,1
PEC-86539,Fresadora,Aco_Inox,Soluvel,Turno_1,1813.7,310.0,1.19,38.8,58.9,122.5,46.6,45,-9.22,7198,CLP-6E748,0
PEC-86540,Torno_CNC,Aco_Inox,Semi_Sintetico,Turno_3,2414.3,212.7,1.01,10.3,65.1,132.2,45.7,133,4.72,8718,CLP-DEE5D,1
PEC-86541,Centro_Usinagem,Aluminio,Soluvel,Turno_2,2954.3,285.3,1.54,139.5,78.2,114.1,34.0,14,-1.13,8741,CLP-4C333,1
PEC-86542,Celula_Robotica,Aco_Inox,Soluvel,Turno_3,2900.6,216.7,1.62,,61.1,127.7,53.2,129,4.71,1830,CLP-5967C,1
PEC-86543,Torno_CNC,Aco_Inox,Semi_Sintetico,Turno_1,3218.6,277.4,4.36,8.8,58.2,145.2,30.0,144,-26.86,1696,CLP-9A61E,1
PEC-86544, TORNO_CNC ,Aluminio,Semi_Sintetico,Turno_3,3190.7,199.3,3.62,23.7,71.2,122.4,47.3,134,-12.58,4125,CLP-68DAE,1
PEC-86545,Torno_CNC,Aco_Inox,Semi_Sintetico,Turno_1,3260.2,248.8,0.74,7.6,55.2,90.6,57.5,128,15.87,9469,CLP-5CFDD,1
PEC-86546,torno_cnc,Aluminio,Seco,Turno_1,3278.6,316.1,3.65,24.0,54.5,120.7,31.5,152,18.46,1842,CLP-32662,1
PEC-86547,torno_cnc,Aluminio,Soluvel,Turno_3,3349.8,255.8,1.18,48.5,69.6,118.6,42.7,80,-14.01,2791,CLP-F38D1,1
PEC-86548,Torno_CNC,Aluminio,Sintetico,Turno_1,2768.4,309.2,1.93,18.7,43.5,118.1,54.1,24,21.81,2346,CLP-982AC,0
PEC-86549, TORNO_CNC ,Aluminio,Soluvel,Turno_3,2873.8,248.7,1.77,18.1,59.2,96.1,48.2,13,-18.61,3763,CLP-ACD13,1
PEC-86550,Torno_CNC,Aco_Inox,Soluvel,Turno_2,3183.4,224.7,1.59,30.3,75.3,124.1,51.7,62,2.45,8883,CLP-3E098,1
PEC-86551,torno_cnc,Aco_Inox,Soluvel,Turno_3,3190.4,258.6,1.74,29.2,43.0,112.0,39.5,80,11.79,5080,CLP-B16BE,1
PEC-86552,torno_cnc,Aco_Carbono,Sintetico,Turno_2,2713.1,280.9,3.52,27.0,43.9,118.4,37.5,162,1.07,3985,CLP-2FBAA,1
PEC-86553,Torno_CNC,Aco_Carbono,Sintetico,Turno_3,3686.7,154.7,1.57,30.5,47.8,134.2,43.4,29,8.0,1949,CLP-7E71C,1
PEC-86554,Fresadora,Aco_Inox,Semi_Sintetico,Turno_1,3526.2,276.1,3.7,6.7,32.2,107.8,47.1,105,-4.11,5632,CLP-2F3FE,1
PEC-86555,Fresadora,Aluminio,Sintetico,Turno_2,2813.1,203.0,0.86,27.5,87.8,118.5,49.8,13,14.58,4668,CLP-DCD02,1
PEC-86556, TORNO_CNC ,Aluminio,Soluvel,Turno_2,3106.2,190.6,2.88,174.0,66.4,117.0,48.6,137,5.5,9453,CLP-E5D3D,1
PEC-86557,Torno_CNC,Aluminio,Sintetico,Turno_3,4104.3,276.9,3.95,,57.0,117.5,52.8,89,6.45,4685,CLP-866DC,1
PEC-86558,Fresadora,Aluminio,Soluvel,Turno_1,3272.3,316.9,0.82,16.9,49.5,113.3,45.9,3,19.72,3334,CLP-6BE43,0
PEC-86559,Celula_Robotica,Aco_Inox,Soluvel,Turno_2,3378.1,260.8,3.04,44.6,91.4,114.2,36.6,59,34.92,7579,CLP-CED36,1
PEC-86560,Torno_CNC,Aco_Carbono,Semi_Sintetico,Turno_2,2926.0,182.2,2.55,19.0,72.9,145.1,34.2,4,-14.99,2401,CLP-CACAE,1
PEC-86561,Torno_CNC,Aco_Inox,Sintetico,Turno_1,3059.1,216.5,1.83,12.4,63.5,113.7,51.1,173,-3.44,1978,CLP-503D1,1
PEC-86562,Torno_CNC,Aluminio,Semi_Sintetico,Turno_2,3880.1,229.1,0.9,57.0,79.6,124.1,53.0,114,-21.98,9550,CLP-4399C,1
PEC-86563,torno_cnc,Aco_Carbono,Sintetico,Turno_3,3251.0,259.8,3.21,13.2,69.7,121.6,60.8,72,15.93,2356,CLP-9B9C5,1
PEC-86564,Torno_CNC,Aluminio,Sintetico,Turno_1,3168.1,246.4,1.74,73.5,59.0,121.1,64.4,166,-9.18,2847,CLP-75C87,1
PEC-86565, TORNO_CNC ,Aco_Inox,Semi_Sintetico,Turno_2,3203.4,274.8,1.86,21.8,57.7,127.2,52.8,48,-11.87,6610,CLP-4EBC5,1
PEC-86566,Fresadora,Latao,Soluvel,Turno_3,4345.4,300.0,3.37,54.5,57.9,110.5,47.9,140,19.13,4182,CLP-472E2,1
PEC-86567,torno_cnc,Aco_Carbono,Soluvel,Turno_1,3217.9,267.2,4.28,15.5,52.8,141.0,41.6,45,-21.0,8954,CLP-221DC,1
PEC-86568, TORNO_CNC ,Aco_Carbono,Soluvel,Turno_2,2826.5,294.9,1.83,42.0,78.3,106.2,38.0,76,-8.95,5500,CLP-82EB6,1
PEC-86569, TORNO_CNC ,Aluminio,Soluvel,Turno_2,2905.1,236.5,3.49,13.4,58.8,117.5,45.5,128,-9.33,3505,CLP-58517,1
PEC-86570,torno_cnc,Aco_Inox,Soluvel,Turno_3,3551.3,414.8,4.33,5.8,81.2,102.2,44.2,149,-7.0,3412,CLP-26334,1
PEC-86571,Torno_CNC,Latao,Seco,Turno_2,2557.2,277.7,0.89,64.0,55.1,133.5,60.2,101,-9.18,9388,CLP-25156,1
PEC-86572,Torno_CNC,Aluminio,Sintetico,Turno_2,3402.8,284.2,2.62,72.9,57.8,106.2,49.7,117,2.17,2752,CLP-6B6DA,1
PEC-86573,Centro_Usinagem,Aco_Carbono,Sintetico,Turno_1,2874.3,337.9,0.54,79.4,59.6,131.3,43.2,58,-4.11,5589,CLP-B8FA4,0
PEC-86574,Torno_CNC,Aco_Inox,Soluvel,Turno_2,2363.6,254.4,3.8,6.3,54.2,124.0,37.9,97,-0.33,3565,CLP-A1D38,1
PEC-86575,Fresadora,Aco_Inox,Soluvel,Turno_3,2759.0,217.7,1.65,55.1,58.0,122.6,49.3,158,-26.42,8478,CLP-237A9,1
PEC-86576,Celula_Robotica,Latao,Soluvel,Turno_1,3212.4,315.3,1.83,68.2,71.6,136.7,46.1,127,0.64,8243,CLP-25A0F,1
PEC-86577,Torno_CNC,Aluminio,Sintetico,Turno_1,3827.8,318.3,3.25,18.1,79.4,110.9,41.4,126,-0.23,6632,CLP-C1B6B,1
PEC-86578, TORNO_CNC ,Aco_Inox,Soluvel,Turno_3,3611.0,257.7,3.66,27.3,68.6,142.0,39.5,147,-11.39,6185,CLP-6E3FF,1
PEC-86579,torno_cnc,Aco_Inox,Sintetico,Turno_2,3067.8,338.0,2.1,23.3,50.7,114.2,49.4,42,-30.82,3567,CLP-7BBB5,1
PEC-86580,Centro_Usinagem,Aluminio,Sintetico,Turno_2,3637.5,245.8,3.16,25.3,57.8,126.5,41.7,51,-12.77,9268,CLP-7FCD9,1
PEC-86581,Celula_Robotica,Aco_Inox,Semi_Sintetico,Turno_3,3039.4,296.6,4.33,70.6,58.1,117.1,42.4,111,-22.78,3166,CLP-B8614,1
PEC-86582,Fresadora,Aluminio,Soluvel,Turno_3,2540.1,325.8,4.05,23.9,85.4,129.3,41.1,59,8.6,2576,CLP-A5D3E,1
PEC-86583,Torno_CNC,Aluminio,Semi_Sintetico,Turno_3,3209.5,254.9,3.31,17.6,76.8,105.0,67.7,151,-0.95,8587,CLP-28841,1
PEC-86584,Fresadora,Aco_Carbono,Sintetico,Turno_3,2522.3,272.8,4.27,9.9,79.6,121.6,46.3,44,-22.07,2166,CLP-85B95,1
PEC-86585, TORNO_CNC ,Aco_Inox,Sintetico,Turno_2,3556.1,301.3,4.0,44.3,56.5,120.3,38.4,105,-11.94,7331,CLP-308F1,1
PEC-86586, TORNO_CNC ,Latao,Soluvel,Turno_3,3562.6,231.7,3.42,8.1,49.7,126.5,24.4,101,-11.42,2607,CLP-A256A,0
PEC-86587,Torno_CNC,Aco_Inox,Soluvel,Turno_2,2804.0,209.3,4.17,7.2,71.9,126.1,31.9,131,-5.68,5951,CLP-DF5C2,1
PEC-86588,Torno_CNC,Aluminio,Soluvel,Turno_3,3265.5,316.6,3.77,45.1,59.5,107.1,42.7,75,-6.13,4920,CLP-4777B,1
PEC-86589,Fresadora,Aco_Inox,Seco,Turno_3,3261.2,265.3,2.51,46.5,68.5,139.6,58.6,47,-8.54,3206,CLP-F1871,1
PEC-86590, TORNO_CNC ,Aco_Carbono,Soluvel,Turno_1,3592.4,224.7,2.51,12.8,69.9,119.1,63.3,171,-7.44,2499,CLP-86860,1
PEC-86591,Torno_CNC,Latao,Seco,Turno_1,2639.7,254.7,0.54,,60.3,131.0,43.1,92,-15.02,1531,CLP-7BD59,1
PEC-86592, TORNO_CNC ,Aco_Carbono,Soluvel,Turno_1,3469.8,275.4,0.62,59.3,77.0,101.1,47.9,86,3.01,1236,CLP-52641,1
PEC-86593,Centro_Usinagem,Aluminio,Soluvel,Turno_3,2607.5,171.5,3.48,,47.5,113.8,43.7,15,-16.5,5043,CLP-90961,1
PEC-86594,Fresadora,Aluminio,Sintetico,Turno_3,3549.7,285.8,2.72,54.1,66.3,136.2,48.6,62,-0.04,2153,CLP-8B456,1
PEC-86595,Torno_CNC,Aco_Carbono,Soluvel,Turno_2,3678.2,270.4,3.54,23.6,73.1,144.5,43.1,119,9.67,6297,CLP-B5824,1
PEC-86596,Torno_CNC,Latao,Seco,Turno_2,2898.7,332.8,4.3,26.3,85.4,126.4,40.5,34,-19.84,5651,CLP-D2726,1
PEC-86597,Torno_CNC,Latao,Semi_Sintetico,Turno_3,3748.6,239.1,2.31,76.5,66.6,118.7,39.7,160,-3.38,8386,CLP-BDFF5,1
PEC-86598,Celula_Robotica,Aco_Inox,Sintetico,Turno_1,2491.7,318.9,0.85,,80.1,104.1,50.7,3,8.53,2681,CLP-4E04E,0
PEC-86599,torno_cnc,Latao,Sintetico,Turno_1,-50.0,247.8,3.01,61.8,79.3,132.0,55.4,66,-19.43,1695,CLP-44B7B,1
PEC-86600,torno_cnc,Aco_Inox,Sintetico,Turno_2,3847.3,257.0,0.9,25.8,93.0,124.6,41.4,128,23.46,8733,CLP-33886,1
PEC-86601,torno_cnc,Aco_Inox,Seco,Turno_3,3355.6,264.0,2.99,26.8,68.9,84.7,50.8,152,8.52,6511,CLP-3E217,1
PEC-86602, TORNO_CNC ,Aco_Inox,Soluvel,Turno_3,3112.0,354.7,2.61,18.8,89.6,94.0,46.3,158,-14.39,6282,CLP-4B69E,1
PEC-86603,Centro_Usinagem,Aco_Inox,Semi_Sintetico,Turno_1,3340.6,188.0,3.35,37.7,74.7,125.3,41.9,43,12.2,2752,CLP-9B9ED,1
PEC-86604,torno_cnc,Aco_Carbono,Sintetico,Turno_1,2928.3,274.8,1.9,44.4,46.6,107.5,50.4,65,5.35,3701,CLP-59A93,1
PEC-86605,Torno_CNC,Aco_Carbono,Seco,Turno_2,4381.1,252.1,1.08,11.1,65.3,104.4,55.8,83,-5.67,5578,CLP-BB938,1
PEC-86606,Torno_CNC,Aco_Carbono,Semi_Sintetico,Turno_3,2936.1,248.6,1.44,34.2,54.0,118.4,38.4,28,-15.4,3531,CLP-A46FD,1
PEC-86607,torno_cnc,Aluminio,Seco,Turno_2,3792.8,279.2,3.23,26.9,83.4,125.1,42.4,16,-18.48,4617,CLP-346D2,1
PEC-86608,Celula_Robotica,Aluminio,Sintetico,Turno_2,2866.4,305.3,2.41,58.3,67.0,141.5,56.7,149,-7.79,6485,CLP-B25A7,1
PEC-86609,Torno_CNC,Aco_Carbono,Soluvel,Turno_1,3918.6,276.6,2.66,32.6,49.2,107.7,44.7,50,-1.79,3833,CLP-48ECD,1
PEC-86610,Centro_Usinagem,Aco_Inox,Sintetico,Turno_3,4105.5,311.8,1.79,24.6,75.6,126.5,38.6,169,32.07,6480,CLP-AAA45,1
PEC-86611,Fresadora,Aco_Carbono,Sintetico,Turno_1,3373.7,237.5,3.85,31.3,80.9,104.6,46.4,123,-2.02,4969,CLP-C8783,1
PEC-86612,Torno_CNC,Aluminio,Semi_Sintetico,Turno_1,3329.0,247.6,4.5,28.6,60.2,112.6,45.1,32,32.64,2273,CLP-B4A23,1
PEC-86613,Torno_CNC,Aluminio,Soluvel,Turno_3,2769.5,200.0,1.75,100.8,59.6,122.8,53.4,65,-1.42,3365,CLP-6A6F7,1
PEC-86614,Torno_CNC,Aluminio,Sintetico,Turno_3,2715.9,349.1,3.37,18.1,67.4,117.8,44.7,122,-2.03,6998,CLP-E467A,1
PEC-86615,Fresadora,Aco_Carbono,Soluvel,Turno_2,3334.1,240.7,1.18,6.3,43.3,99.5,44.9,66,5.44,4710,CLP-D1D80,0
PEC-86616,Torno_CNC,Aco_Inox,Semi_Sintetico,Turno_2,3856.2,235.1,3.47,43.0,73.5,127.7,44.6,113,1.7,2986,CLP-848DC,1
PEC-86617, TORNO_CNC ,Aco_Inox,Soluvel,Turno_1,2953.3,280.3,2.22,37.4,85.3,131.1,46.3,60,14.79,9508,CLP-75D7C,1
PEC-86618,torno_cnc,Aco_Carbono,Sintetico,Turno_1,,305.4,2.92,,57.2,155.4,57.1,159,12.28,1084,CLP-3E6D8,1
PEC-86619,Fresadora,Aluminio,Soluvel,Turno_1,2925.4,215.4,1.45,9.4,87.1,123.3,50.8,146,7.88,9678,CLP-B111E,1
PEC-86620,Torno_CNC,Aco_Carbono,Soluvel,Turno_2,3303.2,309.3,3.91,30.9,76.9,122.6,36.7,110,-12.22,8039,CLP-262DF,1
PEC-86621, TORNO_CNC ,Aco_Inox,Seco,Turno_1,3304.4,234.8,1.19,10.7,64.1,124.5,47.3,107,-19.73,7427,CLP-B1303,1
PEC-86622, TORNO_CNC ,Aco_Inox,Soluvel,Turno_3,3154.3,321.5,4.21,26.3,72.6,99.5,47.8,145,-2.02,7090,CLP-5A009,1
PEC-86623,torno_cnc,Aco_Carbono,Soluvel,Turno_1,2280.3,223.0,0.74,61.2,84.2,100.6,48.0,112,-10.87,5172,CLP-F1ECE,1
PEC-86624,Centro_Usinagem,Aluminio,Soluvel,Turno_2,2921.4,286.8,1.65,73.2,66.7,118.8,33.2,8,0.27,2382,CLP-93815,1
PEC-86625,Torno_CNC,Aluminio,Sintetico,Turno_2,,252.1,2.75,67.8,69.7,85.5,46.2,10,2.06,6648,CLP-303A4,1
PEC-86626,Centro_Usinagem,Aco_Inox,Sintetico,Turno_2,3156.8,193.7,3.93,32.7,58.6,103.0,40.5,55,-17.06,8199,CLP-5B97C,1
PEC-86627,Fresadora,Aco_Inox,Soluvel,Turno_1,3486.3,179.2,2.81,40.2,63.6,112.5,33.0,97,-9.99,9020,CLP-D65E8,1
PEC-86628,torno_cnc,Aluminio,Sintetico,Turno_3,3540.6,212.9,1.36,33.1,73.4,135.1,54.7,60,-31.03,1234,CLP-1A382,1
PEC-86629,Fresadora,Aco_Inox,Soluvel,Turno_2,3092.0,299.6,3.94,33.8,62.8,123.9,42.7,80,-33.37,4900,CLP-78524,1
PEC-86630, TORNO_CNC ,Aco_Carbono,Semi_Sintetico,Turno_2,2766.9,152.8,2.88,80.7,59.0,97.2,42.9,152,6.62,1851,CLP-82D1D,1
PEC-86631,Torno_CNC,Aco_Carbono,Semi_Sintetico,Turno_2,3896.7,266.7,1.43,,78.8,119.4,52.1,112,-14.33,7864,CLP-2585F,1
PEC-86632,Fresadora,Aco_Inox,Seco,Turno_1,2590.0,262.3,2.75,25.2,70.8,128.8,53.2,5,26.8,4229,CLP-81AC3,1
PEC-86633,torno_cnc,Aluminio,Seco,Turno_2,2932.1,165.9,3.2,38.0,59.2,130.7,43.0,76,-17.66,3600,CLP-58486,1
PEC-86634,Fresadora,Aluminio,Soluvel,Turno_2,2817.5,210.2,3.22,55.7,86.0,135.7,45.2,164,-2.64,8283,CLP-570C2,1
PEC-86635,Torno_CNC,Aco_Inox,Soluvel,Turno_3,3535.9,210.1,3.4,55.2,90.4,138.0,36.9,163,2.91,7600,CLP-8150E,1
PEC-86636,Centro_Usinagem,Aco_Inox,Sintetico,Turno_3,3792.7,252.6,4.08,9.4,77.2,128.5,37.5,83,17.73,4973,CLP-E386D,1
PEC-86637,torno_cnc,Aluminio,Soluvel,Turno_1,3121.8,323.3,3.8,13.8,50.7,127.3,55.4,24,-3.48,5788,CLP-DECA1,0
PEC-86638,Torno_CNC,Aluminio,Soluvel,Turno_1,3303.4,303.7,2.93,89.9,69.9,123.5,45.4,134,-14.34,4385,CLP-EACE6,1
PEC-86639, TORNO_CNC ,Aluminio,Soluvel,Turno_1,3392.9,232.0,0.63,20.5,72.1,132.6,52.8,75,16.37,2015,CLP-4AFAE,0
PEC-86640,Fresadora,Aluminio,Soluvel,Turno_3,4011.8,208.5,3.5,5.1,46.0,108.2,43.7,125,-9.49,2792,CLP-971EB,1
PEC-86641,Fresadora,Aco_Carbono,Sintetico,Turno_1,2401.9,172.1,4.4,12.8,79.3,116.9,48.4,142,20.61,6278,CLP-63C7E,1
PEC-86642, TORNO_CNC ,Aco_Carbono,Soluvel,Turno_2,3534.9,231.1,1.72,127.2,67.5,109.5,31.1,40,1.79,3631,CLP-E160E,1
PEC-86643,Centro_Usinagem,Aluminio,Soluvel,Turno_2,3369.4,205.1,2.93,18.0,78.5,126.5,51.9,106,-1.52,5589,CLP-D8F87,1
PEC-86644,Torno_CNC,Aco_Carbono,Sintetico,Turno_2,3033.1,248.2,3.57,38.3,61.3,116.1,44.8,78,25.4,5663,CLP-58D28,1
PEC-86645, TORNO_CNC ,Aco_Inox,Soluvel,Turno_1,3346.8,250.1,3.06,50.4,70.8,135.2,41.2,108,-0.33,6805,CLP-EDE35,1
PEC-86646,Centro_Usinagem,Aco_Carbono,Seco,Turno_1,3533.4,226.2,4.19,41.4,71.4,120.8,50.0,123,-2.45,9997,CLP-44B9D,1
PEC-86647,Centro_Usinagem,Aluminio,Soluvel,Turno_2,3462.4,227.3,2.39,21.6,67.3,136.0,52.9,162,-3.45,3777,CLP-30F7D,1
PEC-86648,Fresadora,Aco_Carbono,Sintetico,Turno_1,4171.3,215.3,2.63,24.7,70.9,88.3,41.8,129,14.13,2098,CLP-4970A,1
PEC-86649,Centro_Usinagem,Aluminio,Soluvel,Turno_1,3257.4,224.4,0.65,68.7,63.4,109.2,35.4,23,19.35,9916,CLP-68645,1
PEC-86650,Torno_CNC,Aco_Inox,Soluvel,Turno_1,,321.8,4.1,43.0,50.8,134.1,58.3,1,3.77,4670,CLP-ACD9C,0
PEC-86651,Centro_Usinagem,Aluminio,Soluvel,Turno_2,3118.4,275.9,1.55,5.8,40.5,120.3,43.3,44,9.75,5113,CLP-D2237,0
PEC-86652,Torno_CNC,Aco_Inox,Sintetico,Turno_1,3448.8,276.6,4.41,,57.6,135.8,29.6,109,-9.1,7802,CLP-63A1C,1
PEC-86653,Torno_CNC,Aluminio,Semi_Sintetico,Turno_1,3185.6,300.6,1.31,,74.5,123.8,41.6,175,-0.07,6557,CLP-25CAF,1
PEC-86654,Torno_CNC,Aluminio,Sintetico,Turno_1,3205.9,296.2,1.51,20.9,52.5,106.0,48.6,28,3.71,6782,CLP-3F830,0
PEC-86655, TORNO_CNC ,Aco_Carbono,Soluvel,Turno_1,3208.0,321.2,2.44,35.1,77.7,146.9,44.3,127,-9.82,4023,CLP-F2F6E,1
PEC-86656,Torno_CNC,Aluminio,Soluvel,Turno_2,3139.4,279.4,3.14,21.0,81.7,110.0,44.0,122,7.69,1462,CLP-7AC6B,1
PEC-86657,Torno_CNC,Aluminio,Soluvel,Turno_1,2926.1,260.3,2.26,66.0,70.7,108.8,42.2,87,13.73,4035,CLP-D4500,1
PEC-86658,Torno_CNC,Aco_Inox,Soluvel,Turno_2,3388.1,220.5,1.91,27.5,63.0,132.3,41.6,99,16.18,4077,CLP-4B30D,1
PEC-86659,Torno_CNC,Latao,Soluvel,Turno_1,3071.7,208.8,2.66,29.4,77.3,106.3,34.8,28,-6.63,6992,CLP-3A23B,1
PEC-86660,torno_cnc,Aco_Carbono,Seco,Turno_3,3476.2,294.1,4.33,24.5,78.9,100.6,34.6,148,15.87,2676,CLP-B0A23,1
PEC-86661, TORNO_CNC ,Aco_Carbono,Sintetico,Turno_1,3249.8,244.4,4.35,18.0,62.3,108.5,47.9,176,0.04,9581,CLP-4E1F4,1
PEC-86662,Torno_CNC,Aco_Inox,Sintetico,Turno_3,3026.0,182.0,1.81,50.2,66.0,132.3,54.8,17,0.08,9626,CLP-202CD,1
PEC-86663,Fresadora,Aluminio,Sintetico,Turno_3,3904.2,145.3,3.22,14.1,55.2,152.1,42.8,133,-14.47,7574,CLP-3D934,1
PEC-86664,Centro_Usinagem,Aco_Inox,Semi_Sintetico,Turno_2,3154.0,357.4,3.39,45.9,68.4,120.1,56.1,148,-9.34,1200,CLP-AA624,1
PEC-86665,Fresadora,Aluminio,Soluvel,Turno_3,3480.3,200.7,3.11,31.4,40.2,109.1,53.8,162,-9.68,9769,CLP-261AB,1
PEC-86666,Torno_CNC,Aco_Inox,Semi_Sintetico,Turno_1,2885.0,215.7,0.95,8.8,61.5,138.5,43.9,50,-4.6,1958,CLP-4F58C,1
PEC-86667,Fresadora,Aluminio,Semi_Sintetico,Turno_1,2288.5,311.4,2.66,,54.8,110.8,50.1,129,4.73,4777,CLP-CE593,0
PEC-86668,Torno_CNC,Aluminio,Soluvel,Turno_1,2944.9,189.6,3.55,11.5,63.9,113.3,48.9,130,8.6,9868,CLP-8E367,1
PEC-86669,Torno_CNC,Aco_Inox,Soluvel,Turno_1,2238.1,276.6,1.3,,55.5,126.2,41.0,146,-31.27,6285,CLP-676EB,1
PEC-86670,Torno_CNC,Aluminio,Seco,Turno_1,3093.4,341.1,1.89,22.0,42.0,137.1,27.7,13,-0.84,2302,CLP-DB46A,0
PEC-86671,Centro_Usinagem,Aco_Carbono,Semi_Sintetico,Turno_2,3860.9,355.7,1.32,62.2,57.2,121.1,46.1,150,10.66,6702,CLP-E5BFE,1
PEC-86672,Torno_CNC,Aco_Inox,Soluvel,Turno_1,2792.6,227.6,4.05,29.4,59.3,114.7,50.6,135,-2.99,5164,CLP-E1D2C,1
PEC-86673,Torno_CNC,Aco_Carbono,Sintetico,Turno_1,2252.3,249.4,3.93,6.2,77.8,154.8,40.6,160,-3.13,1188,CLP-CFB7F,1
PEC-86674,Torno_CNC,Aco_Inox,Soluvel,Turno_1,3875.1,230.2,1.18,70.5,57.3,109.9,61.1,43,11.5,9088,CLP-9CED8,1
PEC-86675,Centro_Usinagem,Aco_Inox,Soluvel,Turno_2,2986.1,249.1,3.54,101.4,54.8,111.6,53.3,165,-3.08,8905,CLP-2426E,1
PEC-86676,Fresadora,Aco_Inox,Soluvel,Turno_3,3192.9,314.9,1.96,7.7,50.7,114.2,33.2,49,-26.57,7591,CLP-45065,1
PEC-86677,Torno_CNC,Aco_Carbono,Soluvel,Turno_2,3554.7,180.0,3.24,13.2,78.7,128.3,43.4,68,-20.58,6980,CLP-75167,1
PEC-86678,torno_cnc,Aluminio,Sintetico,Turno_2,3435.4,282.4,2.47,49.0,62.3,113.0,38.3,47,6.33,9410,CLP-E25AE,1
PEC-86679,torno_cnc,Aco_Carbono,Semi_Sintetico,Turno_1,3537.7,240.2,2.39,210.4,68.3,132.3,42.1,159,-1.59,6090,CLP-7A11B,1
PEC-86680,Fresadora,Aluminio,Semi_Sintetico,Turno_3,3605.2,318.4,4.03,78.1,46.5,119.2,50.2,121,-4.13,4433,CLP-666FE,1
PEC-86681,Torno_CNC,Aco_Inox,Soluvel,Turno_1,2414.2,315.8,3.05,8.6,43.9,115.2,43.0,72,-5.09,4870,CLP-4922D,0
PEC-86682,Centro_Usinagem,Aco_Carbono,Semi_Sintetico,Turno_3,2563.5,229.6,1.44,37.7,54.2,111.6,40.4,4,-30.06,9267,CLP-BE4E8,1
PEC-86683,Torno_CNC,Aco_Inox,Soluvel,Turno_2,3727.0,244.5,0.94,43.3,84.5,119.6,45.8,158,-16.7,9753,CLP-92D3B,1
PEC-86684,Fresadora,Aco_Carbono,Soluvel,Turno_1,2848.2,294.6,4.23,39.9,51.9,126.7,51.1,108,-2.1,3316,CLP-4BADD,1
PEC-86685,Torno_CNC,Aco_Inox,Seco,Turno_3,2897.3,299.2,1.11,34.4,57.5,119.5,51.0,54,-23.37,2471,CLP-A4AB2,0
PEC-86686, TORNO_CNC ,Aco_Inox,Soluvel,Turno_3,2631.7,126.4,3.44,17.1,65.2,123.5,49.9,30,-10.68,7048,CLP-90D4F,1
PEC-86687, TORNO_CNC ,Aco_Carbono,Soluvel,Turno_2,3017.8,294.5,2.48,43.6,57.5,108.4,56.0,45,7.28,6837,CLP-AFCE8,1
PEC-86688,torno_cnc,Latao,Soluvel,Turno_1,3042.8,332.3,1.06,50.6,70.7,109.3,44.3,17,-4.36,5775,CLP-9BCD6,1
PEC-86689,Torno_CNC,Aco_Inox,Soluvel,Turno_2,2778.1,262.8,3.61,35.0,55.0,119.9,42.1,131,-1.26,4530,CLP-4166D,1
PEC-86690,Fresadora,Aco_Carbono,Semi_Sintetico,Turno_1,2726.1,297.5,4.12,29.1,51.8,121.8,43.8,156,-14.54,8406,CLP-796D8,1
PEC-86691,Torno_CNC,Aco_Inox,Seco,Turno_1,3343.4,313.9,0.99,13.7,97.6,120.7,38.5,89,-7.77,7219,CLP-2837B,1
PEC-86692,Fresadora,Aco_Carbono,Semi_Sintetico,Turno_1,2836.5,261.1,0.77,32.5,53.8,111.1,38.3,159,-22.89,1458,CLP-AD882,1
PEC-86693,Centro_Usinagem,Aluminio,Semi_Sintetico,Turno_2,2927.2,290.7,3.9,9.8,74.5,121.1,50.9,175,2.53,2886,CLP-E2D49,1
PEC-86694,torno_cnc,Aco_Inox,Sintetico,Turno_2,2216.2,250.6,2.5,7.6,53.7,120.4,51.6,13,-34.36,6172,CLP-E1C62,0
PEC-86695,Fresadora,Aco_Inox,Semi_Sintetico,Turno_1,4072.2,247.4,3.2,57.7,46.5,118.2,23.8,23,15.75,3723,CLP-95E70,1
PEC-86696,Fresadora,Aco_Inox,Soluvel,Turno_3,3623.8,216.9,2.27,44.5,63.9,110.2,52.5,4,23.82,3292,CLP-9AD60,1
PEC-86697, TORNO_CNC ,Aco_Inox,Seco,Turno_1,2977.3,258.7,2.15,41.6,48.9,127.8,41.7,72,35.24,9428,CLP-BD1DB,0
PEC-86698,Centro_Usinagem,Aco_Inox,Soluvel,Turno_1,2795.4,344.3,1.7,97.2,60.3,119.8,39.9,18,26.26,5950,CLP-275E8,1
PEC-86699,Torno_CNC,Aluminio,Seco,Turno_2,3204.9,204.9,2.75,21.8,55.4,108.7,42.4,119,21.86,6493,CLP-A453E,1
PEC-86700,torno_cnc,Latao,Soluvel,Turno_3,3192.6,280.8,1.14,22.9,80.0,118.1,34.9,173,-20.15,4801,CLP-83CC1,1
PEC-86701,Fresadora,Aco_Inox,Sintetico,Turno_3,2625.8,266.0,3.37,23.7,46.5,111.3,43.7,163,-9.94,3783,CLP-6DFBA,1
PEC-86702, TORNO_CNC ,Aluminio,Sintetico,Turno_3,2052.3,323.7,2.7,26.9,73.1,120.0,60.3,35,1.28,8324,CLP-34D0F,1
PEC-86703,Torno_CNC,Aluminio,Seco,Turno_1,2963.3,333.1,3.89,30.2,68.4,141.4,32.6,99,-6.3,5875,CLP-A9E3E,1
PEC-86704, TORNO_CNC ,Latao,Semi_Sintetico,Turno_3,2496.5,203.8,4.18,57.7,62.3,122.2,49.9,75,-6.27,3660,CLP-1FF43,1
PEC-86705,Centro_Usinagem,Aluminio,Soluvel,Turno_3,3277.1,221.3,4.1,13.6,55.9,123.0,52.8,165,6.79,6712,CLP-2A5C1,1
PEC-86706,Celula_Robotica,Aluminio,Sintetico,Turno_1,3280.1,224.0,2.9,24.9,67.1,141.4,49.7,16,-10.5,1253,CLP-E07CC,1
PEC-86707,torno_cnc,Aluminio,Soluvel,Turno_2,2762.1,225.8,1.77,29.6,67.7,124.1,57.3,12,2.32,3626,CLP-980CA,1
PEC-86708,Fresadora,Aco_Inox,Soluvel,Turno_2,2959.4,230.1,1.93,11.5,69.7,126.5,52.9,61,-4.58,6376,CLP-779F6,0
PEC-86709,Centro_Usinagem,Aco_Inox,Soluvel,Turno_2,3993.4,267.4,3.11,47.4,61.8,122.2,50.4,59,8.48,7946,CLP-47FF5,1
PEC-86710,Torno_CNC,Aluminio,Soluvel,Turno_3,3548.8,207.4,3.35,7.0,51.3,114.2,53.3,72,-36.87,5160,CLP-42523,0
PEC-86711,Torno_CNC,Aco_Inox,Sintetico,Turno_1,2996.5,214.5,1.15,35.9,75.5,126.7,52.9,65,-3.32,3666,CLP-31322,1
PEC-86712,Fresadora,Aluminio,Seco,Turno_2,4231.4,210.5,4.49,12.9,65.0,145.5,42.2,70,-26.29,1871,CLP-ABE6E,1
PEC-86713,Centro_Usinagem,Aco_Inox,Seco,Turno_1,2661.4,274.6,0.93,5.3,57.6,100.2,50.0,71,11.09,3041,CLP-9D3C0,0
PEC-86714,Centro_Usinagem,Aluminio,Soluvel,Turno_2,2834.3,246.8,2.93,18.3,53.0,113.1,42.8,43,-3.31,2660,CLP-3431B,1
PEC-86715, TORNO_CNC ,Aco_Inox,Soluvel,Turno_3,3150.3,237.9,2.62,24.6,76.1,107.2,34.3,65,8.04,4324,CLP-D716D,1
PEC-86716,Torno_CNC,Latao,Soluvel,Turno_1,2511.0,207.9,2.86,64.5,81.6,108.9,59.7,39,-36.86,4428,CLP-53103,1
PEC-86717, TORNO_CNC ,Aco_Carbono,Soluvel,Turno_1,4005.6,169.8,2.64,23.3,71.9,138.4,40.6,142,8.72,5068,CLP-F3145,1
PEC-86718,Torno_CNC,Aco_Inox,Soluvel,Turno_3,3282.4,331.6,0.73,91.5,72.7,117.6,53.8,34,2.14,9813,CLP-2175E,1
PEC-86719,Torno_CNC,Aco_Inox,Soluvel,Turno_3,2844.5,235.6,4.48,69.7,79.1,130.8,49.3,156,30.68,7977,CLP-5232D,1
PEC-86720,Fresadora,Aluminio,Sintetico,Turno_2,3401.5,385.5,4.43,12.5,60.7,110.0,37.8,65,2.15,9509,CLP-BFD83,0
PEC-86721,Torno_CNC,Aco_Inox,Sintetico,Turno_1,3265.7,288.6,2.6,10.9,90.6,110.3,38.8,26,32.99,3343,CLP-6F37B,1
PEC-86722,Centro_Usinagem,Aco_Inox,Sintetico,Turno_2,3062.9,341.5,1.33,14.8,52.3,104.7,48.2,36,-11.51,3612,CLP-8254D,0
PEC-86723, TORNO_CNC ,Aco_Inox,Soluvel,Turno_3,2656.2,299.7,1.23,20.6,62.1,141.7,48.2,162,10.36,1236,CLP-E117E,1
PEC-86724,torno_cnc,Latao,Sintetico,Turno_3,2553.7,257.9,0.73,35.7,55.7,131.6,42.0,153,5.95,7694,CLP-1BC4A,1
PEC-86725,Torno_CNC,Aco_Carbono,Semi_Sintetico,Turno_1,4184.1,220.1,2.95,9.6,65.8,104.2,32.3,24,-1.27,8514,CLP-A149B,1
PEC-86726,Torno_CNC,Aluminio,Soluvel,Turno_2,2591.3,201.2,2.41,31.6,85.8,137.1,51.4,108,-10.67,3440,CLP-B97A0,1
PEC-86727,Torno_CNC,Aluminio,Soluvel,Turno_1,3964.1,306.0,2.17,35.4,62.1,116.1,21.6,7,-7.87,2606,CLP-6BF4F,1
PEC-86728,Celula_Robotica,Latao,Soluvel,Turno_1,2819.9,263.3,2.6,42.9,70.1,126.8,47.8,104,5.64,2065,CLP-B323E,1
PEC-86729,Centro_Usinagem,Latao,Soluvel,Turno_2,3555.5,280.8,3.99,33.0,30.1,120.7,54.1,153,1.52,5595,CLP-73E7D,1
PEC-86730, TORNO_CNC ,Latao,Soluvel,Turno_1,3409.4,290.7,0.78,66.0,70.1,98.5,30.2,95,14.84,4358,CLP-855EB,1
PEC-86731,Torno_CNC,Aco_Inox,Soluvel,Turno_1,3499.4,267.8,2.68,40.9,77.0,107.6,46.3,165,-10.19,8014,CLP-ECA6D,1
PEC-86732,Celula_Robotica,Aco_Inox,Soluvel,Turno_2,3529.4,226.4,3.3,95.5,66.5,140.3,41.9,141,-6.85,9488,CLP-A7204,1
PEC-86733,Torno_CNC,Aluminio,Soluvel,Turno_2,,300.6,4.38,47.2,52.2,134.1,46.6,93,-13.55,3940,CLP-95FE5,0
PEC-86734,Torno_CNC,Aluminio,Sintetico,Turno_3,2895.6,240.1,3.46,25.1,50.6,104.7,52.8,31,-23.51,7347,CLP-BCB3D,1
PEC-86735,torno_cnc,Aco_Inox,Soluvel,Turno_2,2584.4,254.5,2.69,13.2,58.3,123.1,34.2,152,4.86,1293,CLP-6A656,1
PEC-86736,Celula_Robotica,Aco_Inox,Sintetico,Turno_2,3285.2,285.9,3.57,,50.5,116.8,43.2,173,-0.22,3203,CLP-60CEC,1
PEC-86737,Torno_CNC,Aco_Carbono,Soluvel,Turno_1,2604.5,247.1,4.49,8.3,83.9,137.1,43.7,162,7.24,8070,CLP-4C399,1
PEC-86738,Torno_CNC,Aco_Carbono,Soluvel,Turno_1,2308.5,159.1,4.05,12.4,70.6,116.9,29.4,125,-1.19,4671,CLP-9BC4F,1
PEC-86739,Celula_Robotica,Aco_Inox,Semi_Sintetico,Turno_2,3093.1,302.0,0.86,13.5,82.3,108.5,49.6,6,4.67,1229,CLP-80945,0
PEC-86740,Torno_CNC,Aco_Carbono,Sintetico,Turno_1,2205.9,312.7,2.8,52.4,61.5,131.1,58.0,99,-4.4,1140,CLP-70C6F,1
PEC-86741,Torno_CNC,Aluminio,Soluvel,Turno_3,3316.4,158.4,3.65,22.1,55.8,137.8,50.4,13,3.9,1149,CLP-964CF,1
PEC-86742,torno_cnc,Aco_Carbono,Sintetico,Turno_2,2634.1,197.8,3.19,18.7,56.6,125.9,46.0,114,-2.41,7269,CLP-C4DD8,1
PEC-86743,Centro_Usinagem,Aluminio,Sintetico,Turno_1,2821.7,351.2,2.17,6.9,59.5,128.6,52.1,168,-7.19,8639,CLP-3373B,0
PEC-86744, TORNO_CNC ,Aco_Inox,Soluvel,Turno_2,2173.8,261.6,1.79,32.1,59.1,102.1,40.2,141,-0.25,7399,CLP-5B26F,1
PEC-86745,Celula_Robotica,Aluminio,Soluvel,Turno_3,3942.5,250.2,3.01,38.2,79.7,100.8,37.9,106,-8.68,4403,CLP-C88AB,1
PEC-86746,Fresadora,Aluminio,Semi_Sintetico,Turno_1,2541.7,228.7,2.15,,76.0,99.8,49.1,53,-12.8,2380,CLP-91E60,1
PEC-86747,Torno_CNC,Aluminio,Soluvel,Turno_1,3036.2,198.5,2.07,29.5,68.3,135.8,46.8,44,4.65,3212,CLP-6F765,1
PEC-86748,Celula_Robotica,Aco_Inox,Soluvel,Turno_3,,240.3,3.85,,45.1,114.2,47.5,177,12.46,9691,CLP-B03A5,1
PEC-86749, TORNO_CNC ,Latao,Soluvel,Turno_1,2823.9,298.7,1.76,7.4,68.5,132.4,38.1,37,-2.34,1717,CLP-6C171,1
PEC-86750,Torno_CNC,Aco_Inox,Semi_Sintetico,Turno_1,,249.2,3.08,16.1,61.3,111.0,33.0,18,-3.21,8773,CLP-A7F1F,1
PEC-86751,torno_cnc,Aco_Inox,Seco,Turno_1,3333.9,280.5,3.99,10.2,81.9,119.8,36.7,2,42.58,9444,CLP-806CF,1
PEC-86752,Torno_CNC,Aluminio,Semi_Sintetico,Turno_2,2874.4,338.3,2.99,56.5,75.7,107.9,38.2,178,12.32,1726,CLP-39F3E,1
PEC-86753,Torno_CNC,Aluminio,Semi_Sintetico,Turno_2,3184.6,221.0,2.47,,66.7,115.1,28.7,97,4.6,3004,CLP-26AFA,1
PEC-86754,Torno_CNC,Aluminio,Seco,Turno_2,2947.7,265.1,0.64,11.1,39.8,94.4,48.8,128,-9.33,1102,CLP-D470D,0
PEC-86755, TORNO_CNC ,Aco_Carbono,Sintetico,Turno_3,3158.4,300.2,3.23,,63.4,115.2,34.7,12,11.53,5951,CLP-61750,1
PEC-86756,Centro_Usinagem,Aluminio,Semi_Sintetico,Turno_3,3534.7,203.4,4.49,14.6,57.2,113.9,34.2,16,-2.01,8733,CLP-58D67,1
PEC-86757,torno_cnc,Aluminio,Seco,Turno_3,3051.0,258.9,3.73,,69.9,94.6,42.9,18,13.6,9443,CLP-7FFA6,1
PEC-86758,Celula_Robotica,Aco_Carbono,Soluvel,Turno_2,3299.0,343.6,3.04,74.6,51.3,126.4,37.8,27,12.13,5048,CLP-2639B,0
PEC-86759,Torno_CNC,Aco_Inox,Sintetico,Turno_1,3306.4,233.0,2.38,52.8,68.1,128.6,32.4,111,11.02,2288,CLP-E2532,1
PEC-86760,Torno_CNC,Aluminio,Sintetico,Turno_3,3053.2,303.4,1.4,19.7,38.4,110.1,33.3,11,-17.82,6983,CLP-BC6A1,0
PEC-86761,Torno_CNC,Aco_Carbono,Seco,Turno_1,2868.8,242.9,3.27,7.0,48.4,101.9,49.3,66,6.72,8505,CLP-6888C,0
PEC-86762,Torno_CNC,Aco_Inox,Semi_Sintetico,Turno_3,2963.7,340.0,1.21,19.4,54.4,146.0,42.3,25,-41.19,7549,CLP-3DEBA,1
PEC-86763,Torno_CNC,Aluminio,Semi_Sintetico,Turno_1,3514.6,167.7,4.05,21.5,58.4,123.8,32.9,33,26.98,9812,CLP-18C38,1
PEC-86764,Fresadora,Latao,Seco,Turno_3,3552.1,253.2,1.92,9.8,69.7,84.3,56.6,35,15.54,4612,CLP-20BCD,1
PEC-86765,Centro_Usinagem,Aco_Inox,Sintetico,Turno_3,2688.0,176.1,2.1,9.5,45.1,113.6,39.3,64,6.45,7295,CLP-5E2A8,0
PEC-86766,Celula_Robotica,Aluminio,Soluvel,Turno_1,3082.6,215.0,1.36,43.6,57.3,110.2,49.2,173,-0.55,4486,CLP-6CA99,1
PEC-86767,Torno_CNC,Latao,Soluvel,Turno_1,2861.2,214.7,2.43,14.3,57.6,109.1,44.1,65,-1.48,3230,CLP-4BEF9,0
PEC-86768,Centro_Usinagem,Aco_Inox,Sintetico,Turno_1,3560.0,236.7,3.22,44.7,73.3,136.4,45.8,115,10.57,9961,CLP-51B7E,1
PEC-86769,Torno_CNC,Aco_Inox,Soluvel,Turno_2,2988.0,190.6,1.71,32.8,62.7,123.8,45.2,153,8.24,1711,CLP-2E688,1
PEC-86770,Torno_CNC,Aco_Carbono,Soluvel,Turno_1,4190.4,246.4,3.31,86.1,53.4,129.5,34.0,162,-7.37,5973,CLP-6AF50,1
PEC-86771,Centro_Usinagem,Aco_Carbono,Soluvel,Turno_2,3298.1,273.0,2.98,60.8,52.1,117.9,63.0,143,-16.26,7044,CLP-7A190,1
PEC-86772,Fresadora,Aluminio,Seco,Turno_1,3731.9,173.4,1.99,10.7,58.4,132.8,38.9,82,40.46,2251,CLP-2FDD7,0
PEC-86773,Torno_CNC,Aluminio,Soluvel,Turno_1,2743.4,218.3,1.75,38.0,45.2,114.4,51.6,106,0.37,5502,CLP-37C5D,0
PEC-86774, TORNO_CNC ,Aco_Carbono,Semi_Sintetico,Turno_2,3205.3,377.0,3.95,42.1,84.5,123.5,38.7,156,23.26,5448,CLP-F34CA,1
PEC-86775,Torno_CNC,Aco_Carbono,Seco,Turno_2,3477.3,266.5,0.55,74.3,64.9,127.3,36.2,53,-11.42,9655,CLP-84A39,1
PEC-86776,Fresadora,Aco_Inox,Soluvel,Turno_1,2735.0,159.1,3.36,40.9,54.0,110.7,56.0,22,-29.7,6132,CLP-1E6A8,1
PEC-86777, TORNO_CNC ,Aco_Inox,Soluvel,Turno_2,3209.2,180.0,2.17,10.3,52.3,88.6,57.5,8,-8.16,5829,CLP-D61B1,1
PEC-86778,Celula_Robotica,Aluminio,Semi_Sintetico,Turno_3,3673.3,261.3,3.37,15.5,50.5,94.6,48.6,152,-18.23,5885,CLP-277B8,1
PEC-86779,Torno_CNC,Aco_Carbono,Sintetico,Turno_1,3052.6,255.0,2.53,40.5,69.5,154.7,51.5,12,-4.16,3054,CLP-ABA71,0
PEC-86780, TORNO_CNC ,Aco_Carbono,Soluvel,Turno_1,2816.7,220.6,0.84,,45.2,129.8,35.0,152,5.23,4430,CLP-DF310,1
PEC-86781, TORNO_CNC ,Latao,Soluvel,Turno_3,4011.3,359.7,4.43,82.7,62.9,130.5,50.3,129,-15.13,8927,CLP-24D9B,1
PEC-86782,torno_cnc,Aco_Carbono,Soluvel,Turno_1,2672.7,380.9,0.84,20.6,71.9,141.3,50.2,104,9.47,9741,CLP-6470B,1
PEC-86783,Torno_CNC,Aluminio,Soluvel,Turno_1,3270.2,236.8,1.13,67.2,58.0,103.1,48.5,156,-1.92,6399,CLP-7F795,1
PEC-86784,Fresadora,Aluminio,Soluvel,Turno_2,2881.3,293.6,2.18,30.1,52.9,109.1,58.2,136,18.3,4718,CLP-A795C,1
PEC-86785,Centro_Usinagem,Aco_Carbono,Soluvel,Turno_1,2778.4,296.2,4.28,26.8,75.1,103.4,26.8,3,-20.62,4057,CLP-F1FAD,1
PEC-86786,Celula_Robotica,Aco_Carbono,Sintetico,Turno_1,3533.7,302.8,1.67,20.1,51.4,155.3,43.6,81,14.66,5336,CLP-E1A3A,1
PEC-86787,Centro_Usinagem,Aluminio,Seco,Turno_3,3107.5,218.0,2.77,44.7,61.7,105.0,56.9,116,10.17,1435,CLP-B46F5,1
PEC-86788,Centro_Usinagem,Aco_Inox,Sintetico,Turno_1,3382.6,347.0,2.59,37.0,66.4,138.8,36.1,115,-3.78,8854,CLP-735DA,1
PEC-86789,torno_cnc,Latao,Seco,Turno_3,2185.2,246.6,1.82,21.4,57.8,110.1,50.2,110,-34.12,6659,CLP-96243,0
PEC-86790,Centro_Usinagem,Aluminio,Semi_Sintetico,Turno_1,3426.4,271.1,3.29,55.4,50.6,121.3,41.1,75,6.46,5236,CLP-1DEB0,1
PEC-86791,Torno_CNC,Aco_Inox,Sintetico,Turno_3,2875.7,250.1,2.51,21.7,58.3,139.1,45.7,105,4.95,9865,CLP-399AB,0
PEC-86792, TORNO_CNC ,Aluminio,Soluvel,Turno_2,2354.5,243.0,2.81,35.7,69.1,124.3,36.5,34,-14.53,8316,CLP-7732D,1
PEC-86793,Torno_CNC,Aluminio,Soluvel,Turno_1,4048.1,263.9,1.34,22.4,56.3,118.0,63.1,148,-12.13,4129,CLP-ED1E5,1
PEC-86794, TORNO_CNC ,Aco_Inox,Semi_Sintetico,Turno_2,3470.5,190.7,4.21,9.4,70.5,154.0,35.8,147,14.77,8302,CLP-2D41F,1
PEC-86795,Torno_CNC,Aco_Carbono,Seco,Turno_3,,151.4,0.94,,61.9,92.5,44.0,112,-26.13,4566,CLP-ABEA9,1
PEC-86796,Celula_Robotica,Aco_Inox,Soluvel,Turno_1,3762.2,239.3,3.26,42.4,57.7,105.8,42.9,120,6.77,7045,CLP-D72CA,1
PEC-86797,Torno_CNC,Aco_Inox,Soluvel,Turno_2,3311.4,206.0,4.04,63.4,56.3,115.4,53.6,118,15.61,2961,CLP-8B98C,1
PEC-86798,Torno_CNC,Aluminio,Semi_Sintetico,Turno_2,2840.6,277.4,0.84,27.1,67.8,135.7,45.6,59,23.13,6913,CLP-4796D,0
PEC-86799,torno_cnc,Aco_Carbono,Soluvel,Turno_3,3121.3,271.7,0.62,18.8,78.5,112.4,32.4,83,4.95,3227,CLP-652F5,1
PEC-86800,Torno_CNC,Latao,Soluvel,Turno_2,2894.7,250.7,1.83,19.4,66.5,134.5,39.9,166,-34.44,8382,CLP-78D1F,1
PEC-86801,Torno_CNC,Aco_Carbono,Semi_Sintetico,Turno_1,2974.8,324.1,3.66,36.9,53.4,94.2,27.7,153,1.37,5154,CLP-9758C,1
PEC-86802,Torno_CNC,Latao,Sintetico,Turno_1,2634.0,249.7,3.37,27.1,78.1,137.2,45.6,156,4.95,4372,CLP-55862,1
PEC-86803, TORNO_CNC ,Aco_Inox,Sintetico,Turno_2,2763.5,177.1,3.79,,54.4,133.4,59.2,43,-20.05,1990,CLP-E67A7,0
PEC-86804, TORNO_CNC ,Aco_Inox,Seco,Turno_3,3602.6,238.8,2.09,56.7,85.7,103.9,43.4,102,16.82,1416,CLP-28D05,1
PEC-86805,Fresadora,Aluminio,Sintetico,Turno_1,3349.4,308.5,4.48,10.4,63.1,119.5,47.7,109,5.61,4671,CLP-55D94,1
PEC-86806,Fresadora,Aco_Inox,Sintetico,Turno_2,2973.6,155.8,1.96,44.3,54.5,116.0,53.8,14,1.65,1579,CLP-DB343,1
PEC-86807, TORNO_CNC ,Aco_Carbono,Soluvel,Turno_1,,245.3,3.72,,71.7,126.8,39.5,26,25.66,5578,CLP-31FA4,1
PEC-86808,Torno_CNC,Aluminio,Soluvel,Turno_2,3017.6,278.8,1.9,35.2,61.3,137.4,53.8,153,-2.28,1546,CLP-B1939,1
PEC-86809,Torno_CNC,Latao,Semi_Sintetico,Turno_2,2442.3,382.6,1.37,72.6,70.3,109.8,60.3,125,1.82,8671,CLP-C14CD,1
PEC-86810,Fresadora,Aco_Inox,Soluvel,Turno_2,3257.0,310.4,1.85,10.9,66.1,125.5,30.8,154,11.78,5654,CLP-9CCC9,1
PEC-86811,Torno_CNC,Aluminio,Soluvel,Turno_3,3625.5,256.6,1.27,57.6,48.4,123.7,54.1,142,-12.14,3380,CLP-3B741,1
PEC-86812,Torno_CNC,Aluminio,Soluvel,Turno_1,4265.1,276.0,1.02,6.4,64.2,121.9,33.1,70,25.48,5590,CLP-530FE,1
PEC-86813,Fresadora,Aco_Inox,Soluvel,Turno_1,2703.5,155.1,1.96,94.0,71.0,141.8,38.8,64,-27.07,2645,CLP-97E52,1
PEC-86814, TORNO_CNC ,Aluminio,Soluvel,Turno_3,3606.7,197.5,1.09,12.9,66.4,122.4,54.1,154,-3.04,5946,CLP-A29C5,1
PEC-86815,Torno_CNC,Aluminio,Sintetico,Turno_1,2881.8,282.5,2.51,60.4,80.1,101.8,47.6,162,9.0,9929,CLP-DB535,1
PEC-86816,Torno_CNC,Aluminio,Soluvel,Turno_2,2692.2,258.1,0.64,7.4,68.7,131.1,41.3,55,22.29,3155,CLP-D983B,1
PEC-86817,Celula_Robotica,Aco_Inox,Soluvel,Turno_2,2692.0,264.4,2.23,18.9,62.1,144.0,62.9,148,21.77,5443,CLP-6A8E9,1
PEC-86818,Centro_Usinagem,Aco_Inox,Sintetico,Turno_2,3263.3,251.7,4.33,40.1,67.5,122.1,42.4,105,-5.3,8195,CLP-C7BF3,1
PEC-86819,Fresadora,Aluminio,Seco,Turno_1,2781.1,249.7,1.94,,59.1,140.3,53.8,164,-26.81,2301,CLP-BE30E,1
PEC-86820, TORNO_CNC ,Aco_Inox,Soluvel,Turno_1,2926.9,255.1,1.05,47.0,69.3,113.7,42.6,131,26.09,8833,CLP-C612B,1
PEC-86821,torno_cnc,Aco_Inox,Sintetico,Turno_2,3001.8,197.2,1.72,20.1,69.3,126.2,48.7,35,-11.85,2975,CLP-AD571,1
PEC-86822,Celula_Robotica,Aco_Inox,Sintetico,Turno_1,2867.0,238.6,3.67,43.4,50.1,96.6,48.9,100,12.21,9087,CLP-E3884,1
PEC-86823,Celula_Robotica,Aco_Inox,Sintetico,Turno_2,2834.3,187.8,1.75,24.6,74.3,110.9,45.6,155,2.93,3626,CLP-5ADDC,1
PEC-86824,Torno_CNC,Aco_Inox,Soluvel,Turno_2,2106.9,219.0,2.03,34.2,91.8,122.5,33.7,8,8.77,3959,CLP-84F04,1
PEC-86825,Centro_Usinagem,Aco_Inox,Seco,Turno_1,3239.1,309.8,3.66,32.7,71.6,130.0,47.2,116,-21.89,7951,CLP-385E8,1
PEC-86826,Torno_CNC,Aluminio,Sintetico,Turno_1,3230.5,241.0,1.54,11.4,40.6,126.5,40.4,93,-4.93,6327,CLP-496FA,0
PEC-86827,Torno_CNC,Aluminio,Semi_Sintetico,Turno_3,2841.2,279.8,2.41,,59.9,139.2,41.3,84,2.24,8496,CLP-7B415,1
PEC-86828,Fresadora,Aluminio,Soluvel,Turno_2,3362.2,255.8,0.75,75.6,49.6,97.1,49.7,57,17.92,1799,CLP-C15CB,1
PEC-86829, TORNO_CNC ,Aco_Carbono,Sintetico,Turno_2,3828.6,230.8,1.2,13.0,61.5,142.0,49.2,74,25.95,4924,CLP-9EC0B,1
PEC-86830,Celula_Robotica,Aluminio,Semi_Sintetico,Turno_3,3210.6,199.6,1.34,23.9,73.2,109.3,39.0,119,-18.01,9279,CLP-8DD60,1
PEC-86831,Torno_CNC,Aluminio,Soluvel,Turno_2,3798.6,230.0,2.35,26.9,56.4,101.6,46.7,33,-5.12,9185,CLP-666C9,0
PEC-86832,torno_cnc,Aco_Carbono,Soluvel,Turno_3,4207.2,259.2,3.78,32.9,87.6,135.6,45.2,67,-30.68,6787,CLP-D48CC,1
PEC-86833,Centro_Usinagem,Aluminio,Sintetico,Turno_1,4338.7,279.0,1.92,5.8,30.4,103.3,38.1,83,11.77,4732,CLP-6792E,0
PEC-86834,Centro_Usinagem,Aco_Carbono,Soluvel,Turno_3,2665.3,256.1,2.02,54.8,62.0,141.2,38.6,103,-10.69,3051,CLP-E7FAB,1
PEC-86835,Torno_CNC,Aluminio,Sintetico,Turno_1,2667.6,282.5,1.7,74.3,69.6,87.3,38.7,130,-17.44,3542,CLP-95871,1
PEC-86836, TORNO_CNC ,Aluminio,Soluvel,Turno_3,3000.0,174.0,1.78,10.4,50.4,108.7,44.9,154,-13.57,1448,CLP-A9CF7,1
PEC-86837,Fresadora,Aco_Carbono,Soluvel,Turno_3,,293.3,2.11,84.4,51.9,133.2,42.6,151,15.84,3778,CLP-C9980,1
PEC-86838,Torno_CNC,Aco_Inox,Sintetico,Turno_1,3914.0,193.6,4.1,71.6,74.1,130.1,46.7,161,4.81,9431,CLP-9DE8A,1
PEC-86839,Celula_Robotica,Aco_Inox,Soluvel,Turno_2,3482.3,299.2,0.6,32.4,88.1,80.5,38.0,28,-7.56,7835,CLP-59A59,1
PEC-86840,Centro_Usinagem,Aco_Inox,Seco,Turno_2,2658.5,275.1,3.0,16.2,89.6,110.0,43.6,131,9.1,5179,CLP-66A8F,1
PEC-86841,Torno_CNC,Aco_Inox,Semi_Sintetico,Turno_1,2924.8,156.5,4.05,13.1,60.8,94.3,44.2,61,-9.13,1656,CLP-620C3,1
PEC-86842,Torno_CNC,Aco_Inox,Sintetico,Turno_3,3181.1,286.8,2.17,28.5,81.2,122.1,47.6,170,-13.17,8838,CLP-9DEFE,1
PEC-86843,Torno_CNC,Aluminio,Semi_Sintetico,Turno_1,,299.8,3.1,29.8,64.2,120.8,56.8,66,-10.14,5179,CLP-706F3,1
PEC-86844,Centro_Usinagem,Aco_Carbono,Semi_Sintetico,Turno_3,3206.2,312.9,2.84,41.9,76.0,116.3,53.6,123,-9.44,1266,CLP-89405,1
PEC-86845,Torno_CNC,Aco_Carbono,Soluvel,Turno_1,2665.2,211.6,1.85,61.6,62.5,118.4,44.4,175,4.41,5119,CLP-C29EC,1
PEC-86846, TORNO_CNC ,Aco_Inox,Semi_Sintetico,Turno_2,2457.2,259.0,1.05,100.4,51.4,103.5,32.2,93,-9.63,3073,CLP-30FD5,1
PEC-86847, TORNO_CNC ,Latao,Soluvel,Turno_1,2773.9,284.7,1.38,60.7,84.2,109.0,40.9,46,-3.11,2205,CLP-9D944,1
PEC-86848,torno_cnc,Aluminio,Soluvel,Turno_1,3385.0,286.8,0.73,88.9,87.4,136.0,52.4,31,-6.97,9590,CLP-388D3,1
PEC-86849,Torno_CNC,Aco_Inox,Sintetico,Turno_2,3381.9,270.5,3.56,29.2,60.0,112.7,44.6,58,-6.05,5898,CLP-9FBD0,1
PEC-86850,Torno_CNC,Aco_Carbono,Sintetico,Turno_2,3243.5,228.7,2.63,6.4,76.2,111.4,34.9,15,4.99,8464,CLP-3EF4A,0
PEC-86851,Celula_Robotica,Aco_Carbono,Soluvel,Turno_1,3646.2,299.4,3.64,6.9,63.3,137.1,43.4,138,19.55,8909,CLP-99AE6,1
PEC-86852,Centro_Usinagem,Aco_Carbono,Soluvel,Turno_3,3598.5,299.7,1.66,15.9,91.2,102.3,41.2,107,8.2,8627,CLP-245EE,1
PEC-86853,Fresadora,Aco_Inox,Sintetico,Turno_1,3292.0,242.3,3.72,38.3,47.1,142.2,55.1,86,0.98,1951,CLP-83C24,1
PEC-86854,Torno_CNC,Aluminio,Soluvel,Turno_3,3229.9,210.8,1.74,19.3,62.9,143.5,40.3,98,-16.2,9822,CLP-425C1,1
PEC-86855,Torno_CNC,Aco_Carbono,Semi_Sintetico,Turno_2,3258.3,213.6,0.99,11.4,47.6,104.8,48.3,42,-0.03,5533,CLP-37E32,0
PEC-86856,Fresadora,Aluminio,Sintetico,Turno_2,3133.6,318.2,2.64,71.5,46.0,133.8,50.5,104,0.14,3191,CLP-50040,1
PEC-86857,Torno_CNC,Aluminio,Soluvel,Turno_1,2221.5,297.5,4.28,152.0,63.6,87.6,35.1,14,12.99,1588,CLP-A19E2,1
PEC-86858,Centro_Usinagem,Aluminio,Soluvel,Turno_2,3711.0,249.0,2.16,5.6,59.6,121.5,39.0,84,-4.41,5497,CLP-ADBCD,1
PEC-86859,Fresadora,Aco_Carbono,Sintetico,Turno_2,3378.9,240.0,2.56,8.3,52.9,104.9,41.6,99,5.93,3701,CLP-19724,0
PEC-86860,Torno_CNC,Aco_Inox,Soluvel,Turno_1,2652.7,161.6,2.31,29.2,75.0,127.6,46.1,65,-19.16,4055,CLP-74DF2,1
PEC-86861,Centro_Usinagem,Aluminio,Soluvel,Turno_1,3842.5,245.8,2.33,,80.6,124.7,40.2,16,12.85,4007,CLP-79B89,1
PEC-86862,Celula_Robotica,Aco_Inox,Soluvel,Turno_1,2934.5,190.4,1.36,58.3,71.2,115.8,34.0,170,16.05,2330,CLP-81221,1
PEC-86863,Torno_CNC,Aluminio,Soluvel,Turno_1,3151.5,257.9,2.19,42.2,42.5,103.6,36.9,115,2.6,8112,CLP-89165,1
PEC-86864,torno_cnc,Aco_Carbono,Soluvel,Turno_1,3660.6,309.3,2.49,7.5,69.1,133.8,52.5,153,-3.73,3378,CLP-CC219,1
PEC-86865,Torno_CNC,Aco_Inox,Sintetico,Turno_1,3299.1,201.0,3.48,32.6,69.0,119.5,61.6,48,-27.21,7869,CLP-46706,1
PEC-86866, TORNO_CNC ,Aluminio,Semi_Sintetico,Turno_2,3800.9,261.9,1.06,19.4,54.9,109.4,47.4,149,35.79,7324,CLP-B1C6D,1
PEC-86867,Torno_CNC,Aluminio,Sintetico,Turno_1,3041.6,299.9,2.79,122.4,69.2,112.3,53.6,107,4.14,2729,CLP-83E23,1
PEC-86868,torno_cnc,Aco_Inox,Semi_Sintetico,Turno_1,3961.0,261.0,3.15,27.6,58.9,118.6,47.8,53,-4.46,6332,CLP-987B3,1
PEC-86869,Celula_Robotica,Aluminio,Soluvel,Turno_1,2850.0,223.8,2.03,96.9,55.2,118.5,50.6,79,3.53,3496,CLP-E98A0,1
PEC-86870,torno_cnc,Aco_Inox,Soluvel,Turno_2,3792.9,250.5,2.7,6.1,50.8,124.6,50.9,130,-17.13,6721,CLP-778C1,1
PEC-86871,Torno_CNC,Aluminio,Sintetico,Turno_1,2180.7,297.9,3.34,8.8,75.0,134.3,50.4,5,1.71,2608,CLP-47E3C,1
PEC-86872,Fresadora,Aco_Inox,Sintetico,Turno_2,2704.9,263.1,2.36,22.1,80.5,135.7,47.8,139,-0.53,1509,CLP-E9806,1
PEC-86873,Torno_CNC,Aco_Carbono,Sintetico,Turno_2,,249.8,1.83,81.3,63.3,116.6,46.1,109,-20.08,2840,CLP-37D4C,1
PEC-86874,Centro_Usinagem,Aco_Carbono,Sintetico,Turno_2,3019.8,307.8,3.8,32.5,76.8,126.4,41.8,130,-1.71,8532,CLP-9CA53,1
PEC-86875, TORNO_CNC ,Aluminio,Sintetico,Turno_1,3166.4,275.7,4.46,65.8,83.3,117.0,49.2,97,-19.83,5209,CLP-94F14,1
PEC-86876,Torno_CNC,Aco_Inox,Soluvel,Turno_2,3218.7,189.9,1.37,16.7,66.6,138.2,47.5,149,-6.68,8571,CLP-7E43D,1
PEC-86877,Torno_CNC,Latao,Sintetico,Turno_1,2664.1,281.6,4.06,9.1,64.1,118.0,37.7,171,-17.45,4526,CLP-B8AAA,1
PEC-86878,Fresadora,Aluminio,Sintetico,Turno_3,2697.8,297.5,2.68,14.9,70.6,121.8,54.5,156,4.11,3462,CLP-79E0F,1
PEC-86879,Torno_CNC,Aco_Inox,Seco,Turno_3,3304.5,188.1,2.29,41.3,54.9,119.6,52.9,40,0.45,5748,CLP-A7DF3,1
PEC-86880,Fresadora,Aco_Carbono,Sintetico,Turno_2,2900.2,136.6,4.07,76.8,71.6,126.9,46.5,76,-11.01,5292,CLP-76444,1
PEC-86881,Torno_CNC,Aco_Inox,Sintetico,Turno_3,3803.5,197.9,4.14,26.2,66.8,129.5,54.4,169,6.2,2535,CLP-7D25B,1
PEC-86882,Torno_CNC,Aluminio,Sintetico,Turno_2,3113.6,244.9,1.59,12.5,49.3,140.8,50.8,25,12.53,6010,CLP-248F4,0
PEC-86883, TORNO_CNC ,Aluminio,Semi_Sintetico,Turno_1,3523.4,300.5,1.93,40.5,49.5,138.2,41.5,84,18.2,8657,CLP-55538,1
PEC-86884,Celula_Robotica,Aluminio,Seco,Turno_1,3399.3,205.5,3.91,,53.2,120.6,30.5,127,0.05,4369,CLP-CF9C3,1
PEC-86885,Celula_Robotica,Aco_Carbono,Semi_Sintetico,Turno_2,2929.5,277.8,2.46,34.6,71.2,119.4,30.2,56,16.8,5178,CLP-E2423,0
PEC-86886,Torno_CNC,Aluminio,Sintetico,Turno_3,2308.9,105.4,1.65,8.8,61.0,116.6,55.1,172,-26.12,5251,CLP-EDE36,1
PEC-86887, TORNO_CNC ,Aco_Inox,Soluvel,Turno_3,3733.2,259.0,4.35,63.3,64.7,135.1,44.8,151,21.92,6553,CLP-CBBBB,1
PEC-86888,Torno_CNC,Latao,Sintetico,Turno_2,2759.5,229.7,1.37,62.2,81.4,123.7,42.0,70,0.71,3545,CLP-513DF,1
PEC-86889,torno_cnc,Latao,Sintetico,Turno_1,3018.3,354.9,2.94,32.3,70.3,156.9,39.7,123,-3.37,2101,CLP-CE777,1
PEC-86890, TORNO_CNC ,Aluminio,Semi_Sintetico,Turno_2,3132.1,155.4,2.21,6.4,57.3,119.0,45.5,144,-4.89,3767,CLP-560D9,1
PEC-86891,Centro_Usinagem,Aluminio,Soluvel,Turno_3,3177.0,249.3,2.31,16.5,53.2,142.8,52.3,139,-17.99,3978,CLP-EE307,1
PEC-86892,Celula_Robotica,Aco_Inox,Sintetico,Turno_2,3632.9,155.1,0.92,10.2,68.7,143.0,38.5,131,4.32,6923,CLP-29810,1
PEC-86893, TORNO_CNC ,Aco_Carbono,Soluvel,Turno_2,3202.6,222.5,1.53,,53.3,142.6,45.8,151,17.06,3464,CLP-6A4C0,1
PEC-86894, TORNO_CNC ,Aco_Inox,Semi_Sintetico,Turno_2,3142.7,164.9,1.17,8.8,80.0,115.1,66.3,103,16.82,4622,CLP-42279,1
PEC-86895,Centro_Usinagem,Aco_Inox,Soluvel,Turno_3,,365.0,3.5,76.3,67.9,118.7,59.5,72,0.47,1676,CLP-44039,1
PEC-86896,Centro_Usinagem,Aluminio,Sintetico,Turno_3,3470.3,232.2,3.29,71.4,66.6,117.6,27.1,81,-13.33,5020,CLP-C5D38,1
PEC-86897,Torno_CNC,Aco_Inox,Soluvel,Turno_1,2869.0,239.4,3.68,10.9,53.5,142.1,30.5,159,-21.97,5759,CLP-BEC3D,1
PEC-86898,Torno_CNC,Aco_Inox,Soluvel,Turno_1,2683.8,247.9,3.3,46.5,72.4,113.2,59.4,149,-17.66,2339,CLP-8E843,1
PEC-86899, TORNO_CNC ,Aluminio,Sintetico,Turno_3,2829.3,193.4,1.01,46.7,78.5,111.3,52.2,154,-5.18,9255,CLP-22B33,1
PEC-86900,Torno_CNC,Aco_Inox,Soluvel,Turno_3,3177.9,302.8,4.41,22.7,63.4,130.4,45.4,52,5.51,5663,CLP-A4554,1
PEC-86901,Torno_CNC,Aco_Inox,Sintetico,Turno_1,2639.3,282.0,1.25,10.8,76.1,100.1,49.2,60,1.36,6755,CLP-35603,1
PEC-86902,Torno_CNC,Aco_Inox,Seco,Turno_2,3240.8,295.9,1.9,10.0,60.1,131.5,42.5,96,3.46,5880,CLP-5C564,1
PEC-86903,Fresadora,Aco_Inox,Seco,Turno_3,3141.9,189.1,3.33,52.1,64.3,102.9,39.7,79,-10.31,6417,CLP-608BF,1
PEC-86904,Torno_CNC,Aco_Carbono,Soluvel,Turno_3,2055.9,306.8,1.06,13.7,90.0,113.8,50.8,91,3.01,7057,CLP-6CA7D,1
PEC-86905,Torno_CNC,Aco_Carbono,Semi_Sintetico,Turno_3,2567.2,301.0,1.18,37.4,60.5,137.3,44.2,63,-14.85,6992,CLP-D2BC9,0
PEC-86906,Torno_CNC,Aluminio,Soluvel,Turno_1,1901.4,238.4,4.01,75.3,71.5,111.7,51.9,86,-7.58,7958,CLP-E06FA,1
PEC-86907,Centro_Usinagem,Aluminio,Seco,Turno_2,3045.2,294.8,1.83,36.5,60.3,124.6,40.6,38,-0.93,4742,CLP-C2E77,1
PEC-86908,Centro_Usinagem,Aco_Inox,Semi_Sintetico,Turno_1,,263.6,3.16,132.7,68.4,138.1,50.7,91,17.95,4904,CLP-C9B93,1
PEC-86909, TORNO_CNC ,Aco_Inox,Soluvel,Turno_3,2349.2,170.3,3.93,,73.4,102.9,47.5,8,-8.98,1454,CLP-2FAF4,1
PEC-86910, TORNO_CNC ,Aco_Inox,Soluvel,Turno_1,2605.0,240.9,4.39,18.2,54.2,122.6,34.3,106,1.25,2694,CLP-BBCE0,1
PEC-86911,Celula_Robotica,Aluminio,Soluvel,Turno_2,3126.3,225.9,1.34,72.0,56.5,129.7,56.8,127,-21.09,2283,CLP-B12EF,1
PEC-86912,Torno_CNC,Aco_Carbono,Semi_Sintetico,Turno_2,2721.3,254.3,0.99,18.0,71.8,98.7,33.7,128,3.59,3167,CLP-360DD,1
PEC-86913,Torno_CNC,Aluminio,Soluvel,Turno_3,2719.1,301.1,3.46,129.6,66.9,104.4,55.6,27,-2.06,9728,CLP-192E9,1
PEC-86914,Torno_CNC,Aco_Inox,Sintetico,Turno_2,3443.7,167.9,1.25,27.7,79.1,144.2,48.6,165,2.57,1413,CLP-378FB,1
PEC-86915,Torno_CNC,Aco_Inox,Sintetico,Turno_1,2977.3,227.8,2.82,112.2,68.2,102.8,50.1,34,4.84,2217,CLP-B6E43,1
PEC-86916, TORNO_CNC ,Aco_Carbono,Seco,Turno_2,2531.0,208.9,2.63,12.1,87.3,114.8,41.1,157,7.6,6038,CLP-42572,1
PEC-86917,Centro_Usinagem,Aco_Inox,Seco,Turno_1,2260.5,211.1,2.74,5.4,73.4,89.8,42.0,35,27.89,3129,CLP-97BEB,1
PEC-86918,Fresadora,Aco_Carbono,Soluvel,Turno_1,4193.8,208.8,3.1,12.6,87.5,108.2,45.0,105,13.05,4366,CLP-D6671,1
PEC-86919, TORNO_CNC ,Aluminio,Sintetico,Turno_3,3707.7,253.4,3.9,8.6,85.3,131.6,34.7,88,36.02,5459,CLP-A4995,1
PEC-86920,Celula_Robotica,Aco_Carbono,Semi_Sintetico,Turno_2,2996.8,276.2,1.59,51.3,57.3,134.4,49.6,176,-24.58,8388,CLP-D9DEE,1
PEC-86921,Torno_CNC,Latao,Semi_Sintetico,Turno_2,3239.5,267.4,2.72,15.8,82.8,131.9,42.1,63,4.5,2694,CLP-CB832,1
PEC-86922,Torno_CNC,Latao,Soluvel,Turno_2,2980.2,259.3,1.85,40.7,76.3,119.5,28.0,66,-3.74,1747,CLP-4AAF1,1
PEC-86923,torno_cnc,Aluminio,Soluvel,Turno_3,3429.7,281.1,1.77,43.7,75.4,103.9,60.1,168,-21.27,1490,CLP-D2D5A,1
PEC-86924,Fresadora,Aluminio,Soluvel,Turno_3,2815.6,369.0,0.58,45.8,79.2,126.2,47.1,111,21.47,9226,CLP-8A25C,1
PEC-86925,Torno_CNC,Aco_Inox,Soluvel,Turno_2,2955.6,256.8,2.9,67.6,61.3,113.4,47.6,144,18.91,5943,CLP-C04B0,1
PEC-86926, TORNO_CNC ,Latao,Soluvel,Turno_3,3404.9,301.1,4.39,10.6,68.9,95.9,39.5,113,19.86,6590,CLP-4FE5C,1
PEC-86927,Fresadora,Aluminio,Soluvel,Turno_2,3854.2,298.2,3.55,6.8,60.0,120.4,47.7,65,1.43,5685,CLP-87EF4,0
PEC-86928,Fresadora,Aco_Inox,Sintetico,Turno_2,3533.6,338.9,1.47,6.1,92.7,139.1,50.9,126,-12.98,2586,CLP-7B92F,1
PEC-86929,Fresadora,Aluminio,Soluvel,Turno_3,3755.3,278.0,3.36,,56.0,136.7,33.4,35,11.53,2824,CLP-B8DB9,1
PEC-86930,Torno_CNC,Aco_Inox,Sintetico,Turno_1,3059.4,207.8,1.69,21.7,49.7,137.7,49.8,116,0.39,9809,CLP-A78F2,0
PEC-86931,Torno_CNC,Aluminio,Soluvel,Turno_2,2919.6,265.2,3.51,124.8,55.2,124.5,36.5,143,18.25,8549,CLP-B0FA0,1
PEC-86932, TORNO_CNC ,Aluminio,Semi_Sintetico,Turno_3,2327.7,262.6,3.92,20.3,64.3,106.1,34.7,67,19.68,5086,CLP-A503C,0
PEC-86933,Torno_CNC,Aco_Inox,Seco,Turno_1,3232.5,290.8,1.84,26.1,64.3,128.8,38.0,28,-9.51,3121,CLP-DC035,0
PEC-86934,Celula_Robotica,Aco_Inox,Sintetico,Turno_1,3370.6,206.3,0.51,63.9,75.7,122.3,61.8,92,1.83,3293,CLP-5293F,1
PEC-86935, TORNO_CNC ,Latao,Semi_Sintetico,Turno_2,3065.0,313.3,1.72,92.8,65.4,116.1,51.3,77,-11.31,2219,CLP-3E60B,1
PEC-86936,Torno_CNC,Aco_Carbono,Soluvel,Turno_1,2850.5,250.3,1.32,129.5,59.1,130.0,44.9,6,16.29,6511,CLP-AE383,1
PEC-86937,Fresadora,Aco_Carbono,Semi_Sintetico,Turno_3,3759.5,292.0,2.97,66.3,70.8,126.9,58.6,4,2.03,4047,CLP-A8BA6,1
PEC-86938, TORNO_CNC ,Aco_Inox,Soluvel,Turno_1,3484.3,265.5,1.66,29.4,79.0,110.7,37.6,116,-17.4,3208,CLP-CD7DC,1
PEC-86939,Torno_CNC,Aco_Carbono,Soluvel,Turno_1,3790.8,256.1,0.64,14.1,67.5,110.0,36.8,101,-16.15,6804,CLP-EA9E7,1
PEC-86940,Centro_Usinagem,Aluminio,Soluvel,Turno_3,2770.9,261.7,2.63,36.9,75.4,102.7,37.7,98,1.43,2077,CLP-ACE90,1
PEC-86941,Centro_Usinagem,Aco_Inox,Sintetico,Turno_1,2881.3,283.6,4.0,12.7,66.0,123.8,60.0,133,-13.44,2386,CLP-A352C,1
PEC-86942,Fresadora,Aco_Inox,Soluvel,Turno_2,3741.4,347.9,2.31,7.0,61.9,133.6,51.9,169,-4.87,6151,CLP-E42AD,1
PEC-86943,Torno_CNC,Aco_Inox,Sintetico,Turno_3,3178.7,149.1,2.01,93.1,73.4,111.1,38.5,112,-23.13,9290,CLP-E8A47,1
PEC-86944,torno_cnc,Aco_Inox,Soluvel,Turno_3,2943.9,277.0,1.21,28.2,67.7,104.0,39.5,75,-6.68,5640,CLP-CC5B3,1
PEC-86945,Fresadora,Latao,Semi_Sintetico,Turno_3,2975.2,252.2,2.05,29.8,77.1,127.6,47.3,31,-14.05,5388,CLP-1D410,1
PEC-86946,Torno_CNC,Aco_Inox,Sintetico,Turno_1,3195.0,241.1,1.82,37.9,83.5,143.7,35.9,139,12.83,3473,CLP-3A372,1
PEC-86947,Torno_CNC,Aluminio,Soluvel,Turno_1,3651.3,131.8,4.48,26.0,63.6,149.9,43.6,64,-8.7,8999,CLP-517DF,1
PEC-86948,Centro_Usinagem,Aluminio,Soluvel,Turno_1,3127.8,279.0,0.62,25.6,72.8,142.7,37.1,36,-2.13,7564,CLP-5CCF6,1
PEC-86949,Torno_CNC,Aco_Inox,Semi_Sintetico,Turno_1,3555.7,243.8,1.46,91.3,77.8,119.3,44.4,126,-1.99,9476,CLP-87B26,1
PEC-86950,Fresadora,Aluminio,Soluvel,Turno_2,3410.3,208.3,0.77,64.4,69.9,106.5,51.5,12,10.08,5986,CLP-8EF36,1
PEC-86951, TORNO_CNC ,Aco_Inox,Sintetico,Turno_1,2804.7,252.1,3.93,13.4,71.1,129.1,58.9,88,25.65,1584,CLP-22310,1
PEC-86952, TORNO_CNC ,Aco_Carbono,Sintetico,Turno_2,2804.4,235.4,2.17,17.1,66.7,118.9,32.5,83,1.98,7067,CLP-2ADC6,1
PEC-86953,Torno_CNC,Aco_Inox,Soluvel,Turno_1,2997.4,162.9,3.69,,68.1,117.0,49.8,129,-20.55,1587,CLP-26FA6,1
PEC-86954,Centro_Usinagem,Aluminio,Soluvel,Turno_2,2598.4,254.4,3.27,34.6,71.3,148.5,50.4,6,-26.55,3221,CLP-9FB00,0
PEC-86955, TORNO_CNC ,Aco_Carbono,Soluvel,Turno_1,2968.6,279.0,4.21,55.9,57.7,140.8,43.1,58,7.1,1094,CLP-8FE93,1
PEC-86956,torno_cnc,Aco_Carbono,Soluvel,Turno_1,3881.0,222.5,0.6,50.5,44.6,129.6,40.3,20,-6.47,9416,CLP-D36EB,0
PEC-86957,Fresadora,Aco_Carbono,Soluvel,Turno_2,3185.9,263.1,1.33,48.2,63.9,118.6,40.3,121,-2.46,8647,CLP-60CB1,1
PEC-86958,Fresadora,Aluminio,Soluvel,Turno_2,2855.1,255.4,3.31,79.3,63.0,120.1,30.2,106,13.15,5576,CLP-C6B00,1
PEC-86959,Celula_Robotica,Aco_Inox,Soluvel,Turno_3,4062.1,302.3,2.84,55.9,84.4,96.8,51.2,12,6.43,3350,CLP-1D618,1
PEC-86960,torno_cnc,Aluminio,Soluvel,Turno_3,2781.2,244.8,3.28,14.7,68.6,135.7,38.9,10,2.17,6655,CLP-E518A,0
PEC-86961, TORNO_CNC ,Aco_Carbono,Seco,Turno_2,2767.2,290.1,2.8,77.2,71.7,139.5,31.7,48,-24.45,7498,CLP-926A3,1
PEC-86962,Celula_Robotica,Aco_Carbono,Sintetico,Turno_2,3753.3,234.3,2.82,19.3,60.1,108.5,47.6,103,-0.67,8453,CLP-8C307,1
PEC-86963,Fresadora,Aco_Inox,Semi_Sintetico,Turno_1,3497.6,348.4,4.23,89.6,57.8,110.6,47.5,127,-1.36,6845,CLP-9958D,1
PEC-86964,Torno_CNC,Aco_Inox,Soluvel,Turno_1,3141.5,228.2,4.19,65.9,55.0,134.6,51.8,8,-22.59,5235,CLP-1B479,0
PEC-86965,Torno_CNC,Aco_Carbono,Soluvel,Turno_3,3574.4,215.8,0.65,7.7,49.9,115.1,59.5,162,0.06,8201,CLP-B01C2,1
PEC-86966,Centro_Usinagem,Aluminio,Semi_Sintetico,Turno_1,3335.3,245.0,2.15,56.6,73.7,137.0,45.3,3,5.21,4580,CLP-C9F89,1
PEC-86967, TORNO_CNC ,Aco_Inox,Sintetico,Turno_1,2666.2,213.6,2.54,29.3,68.7,108.3,42.6,49,-6.94,4054,CLP-6D3DB,1
PEC-86968,Fresadora,Aluminio,Soluvel,Turno_1,2121.1,187.6,1.93,137.2,82.7,115.3,41.9,147,-2.19,9499,CLP-7E354,1
PEC-86969, TORNO_CNC ,Aluminio,Soluvel,Turno_1,2944.7,286.4,0.7,26.5,71.6,127.8,42.6,114,-7.38,7528,CLP-E54B6,1
PEC-86970,Torno_CNC,Latao,Sintetico,Turno_3,3688.2,96.9,2.39,7.4,67.9,115.1,39.1,167,21.07,1748,CLP-7CDFB,1
PEC-86971,Fresadora,Aluminio,Semi_Sintetico,Turno_1,3007.2,214.1,4.4,,41.2,114.3,41.5,67,-11.25,1925,CLP-47F02,0
PEC-86972,Torno_CNC,Aco_Inox,Soluvel,Turno_2,3407.0,182.9,0.79,24.7,87.9,113.9,39.2,70,-9.84,5316,CLP-B5703,1
PEC-86973, TORNO_CNC ,Aco_Inox,Sintetico,Turno_1,3283.0,257.1,3.77,36.4,65.5,130.4,36.7,34,-13.65,7266,CLP-D4827,1
PEC-86974,torno_cnc,Aco_Inox,Sintetico,Turno_2,2437.9,140.5,1.28,10.8,40.0,134.4,58.9,146,7.47,2713,CLP-903E5,0
PEC-86975, TORNO_CNC ,Aluminio,Seco,Turno_2,3017.1,277.4,2.81,30.3,67.7,127.4,56.1,150,-1.86,1900,CLP-194C7,1
PEC-86976,Fresadora,Aluminio,Semi_Sintetico,Turno_1,3361.5,282.8,2.05,28.1,55.3,109.5,30.1,52,-33.49,1097,CLP-314E1,1
PEC-86977,Centro_Usinagem,Aco_Inox,Soluvel,Turno_3,2845.8,168.4,1.9,68.4,54.8,140.5,47.5,11,23.85,4791,CLP-896EB,1
PEC-86978,Fresadora,Aluminio,Sintetico,Turno_1,3036.9,259.5,3.98,17.6,68.2,123.8,44.5,24,-24.71,6448,CLP-841EA,0
PEC-86979,Torno_CNC,Aco_Carbono,Semi_Sintetico,Turno_2,3376.3,275.8,4.39,25.9,58.0,135.8,46.2,7,-22.01,7728,CLP-43195,1
PEC-86980,Torno_CNC,Aco_Inox,Sintetico,Turno_2,3232.7,297.0,2.05,22.2,77.3,100.6,33.4,71,1.78,4878,CLP-A05D3,1
PEC-86981,torno_cnc,Aco_Inox,Semi_Sintetico,Turno_3,3671.1,176.6,3.06,40.0,63.6,137.5,30.2,52,2.62,8253,CLP-EC3B2,1
PEC-86982,Celula_Robotica,Latao,Seco,Turno_1,3372.7,169.5,2.73,68.3,69.8,114.4,44.6,88,-8.58,8659,CLP-F3D98,1
PEC-86983,Centro_Usinagem,Aco_Inox,Soluvel,Turno_1,2769.9,325.1,0.81,44.4,71.8,113.4,42.0,32,-14.81,8951,CLP-E4016,1
PEC-86984,Centro_Usinagem,Aco_Carbono,Soluvel,Turno_1,2985.1,208.9,0.66,26.9,68.0,126.1,40.6,52,6.88,9264,CLP-8FDD0,1
PEC-86985,Torno_CNC,Aluminio,Semi_Sintetico,Turno_1,3209.1,223.6,3.59,40.5,67.6,89.2,43.3,32,9.56,2269,CLP-D190D,1
PEC-86986, TORNO_CNC ,Aco_Carbono,Soluvel,Turno_1,3802.3,281.7,2.08,18.6,66.7,125.2,49.8,172,-3.08,4857,CLP-F23F4,1
PEC-86987, TORNO_CNC ,Aco_Carbono,Soluvel,Turno_1,2986.9,191.5,1.73,10.4,82.9,115.8,52.1,25,-13.27,3244,CLP-4A539,1
PEC-86988,Torno_CNC,Aluminio,Soluvel,Turno_2,2420.3,236.7,4.44,18.5,75.1,141.2,37.2,51,17.37,8464,CLP-4267A,1
PEC-86989,Torno_CNC,Aco_Carbono,Semi_Sintetico,Turno_3,3398.3,294.6,0.84,25.5,56.7,124.1,37.9,175,-0.45,2555,CLP-51EDA,0
PEC-86990,Celula_Robotica,Latao,Soluvel,Turno_1,2860.0,178.9,1.58,25.2,51.7,105.1,46.2,97,-1.83,6410,CLP-E8DFC,1
PEC-86991,Torno_CNC,Aluminio,Sintetico,Turno_3,2621.6,225.0,3.93,51.8,55.5,108.0,54.8,161,1.85,6556,CLP-3E6AD,1
PEC-86992,Torno_CNC,Aco_Inox,Soluvel,Turno_3,3208.5,193.7,2.16,101.4,70.1,83.1,43.3,119,9.42,1946,CLP-2F960,1
PEC-86993,Torno_CNC,Aco_Inox,Soluvel,Turno_3,3637.8,211.3,2.84,22.2,51.7,156.4,46.2,38,1.82,3471,CLP-E0251,1
PEC-86994,Celula_Robotica,Aco_Carbono,Soluvel,Turno_3,2941.8,309.3,0.69,8.2,57.2,82.4,34.1,164,-3.21,4910,CLP-A9172,1
PEC-86995,torno_cnc,Aluminio,Soluvel,Turno_3,3423.5,320.3,4.18,6.2,48.9,111.9,27.4,80,-9.6,2160,CLP-E04C3,1
PEC-86996,Fresadora,Aco_Inox,Semi_Sintetico,Turno_3,3506.9,262.9,1.05,5.1,76.2,131.1,63.5,25,-14.98,7296,CLP-72A25,1
PEC-86997,Centro_Usinagem,Aco_Inox,Semi_Sintetico,Turno_2,3556.3,276.6,1.35,102.4,73.0,142.0,47.2,70,-7.42,3579,CLP-A9019,1
PEC-86998,Torno_CNC,Aluminio,Semi_Sintetico,Turno_2,2870.5,275.2,1.13,195.2,75.5,147.1,36.9,155,-4.49,8560,CLP-4AD93,1
PEC-86999,Fresadora,Aco_Inox,Soluvel,Turno_3,2695.5,216.4,2.49,6.8,59.3,118.5,27.9,75,1.83,1520,CLP-9F7EC,1
PEC-87000,Torno_CNC,Aluminio,Sintetico,Turno_1,2756.9,261.9,3.77,20.5,43.9,127.5,56.6,29,22.7,9718,CLP-85632,0
PEC-87001,Torno_CNC,Aco_Carbono,Soluvel,Turno_1,3555.9,185.2,1.57,43.7,55.0,115.4,37.4,94,-21.58,5509,CLP-5EF98,1
PEC-87002,Centro_Usinagem,Aluminio,Soluvel,Turno_3,3500.3,202.1,1.07,11.9,48.8,96.7,37.4,179,26.74,9803,CLP-EC763,1
PEC-87003,Fresadora,Aco_Inox,Sintetico,Turno_2,2769.3,245.7,2.14,36.6,48.7,104.3,39.3,27,-1.61,8057,CLP-B6A51,0
PEC-87004, TORNO_CNC ,Aco_Inox,Sintetico,Turno_3,4159.7,197.0,4.43,63.8,78.6,94.3,46.1,71,7.87,5690,CLP-1D6F7,1
PEC-87005, TORNO_CNC ,Aco_Inox,Soluvel,Turno_1,2715.6,186.4,0.54,73.3,62.0,124.7,50.1,2,9.86,6469,CLP-1FF04,0
PEC-87006,torno_cnc,Aco_Inox,Soluvel,Turno_2,3649.8,214.4,2.52,47.9,68.5,114.9,42.6,9,1.2,2841,CLP-1AA08,1
PEC-87007,Torno_CNC,Aluminio,Seco,Turno_1,3883.8,307.3,3.18,8.0,78.2,117.2,36.6,115,9.97,6801,CLP-9FBBF,1
PEC-87008,Torno_CNC,Aluminio,Soluvel,Turno_3,3249.4,327.9,3.73,20.0,52.8,130.1,63.4,88,-5.14,2822,CLP-75B53,1
PEC-87009,Torno_CNC,Aco_Inox,Seco,Turno_1,2853.6,248.4,3.48,124.8,72.4,123.7,41.1,156,0.11,6625,CLP-CF5B5,1
PEC-87010,Torno_CNC,Aco_Inox,Seco,Turno_3,2863.5,279.1,0.8,12.5,47.6,129.9,45.1,111,6.47,4418,CLP-6AFFF,1
PEC-87011,Centro_Usinagem,Aco_Inox,Sintetico,Turno_1,3082.1,221.8,2.35,26.2,68.0,147.2,33.0,174,-29.83,3640,CLP-6ED70,1
PEC-87012,Torno_CNC,Latao,Soluvel,Turno_1,3686.4,146.7,0.81,19.2,77.8,108.1,49.6,147,12.96,6483,CLP-63145,1
PEC-87013,Torno_CNC,Aluminio,Semi_Sintetico,Turno_1,2660.1,205.3,2.98,13.1,51.3,91.9,53.7,15,25.39,7960,CLP-48459,0
PEC-87014,torno_cnc,Aco_Carbono,Soluvel,Turno_1,2372.6,234.6,0.81,18.7,74.9,111.3,38.1,2,19.77,7147,CLP-5E4ED,0
PEC-87015,Centro_Usinagem,Aco_Carbono,Soluvel,Turno_2,3362.9,257.0,0.69,12.4,67.7,116.9,30.3,49,13.14,7416,CLP-30B94,1
PEC-87016,Torno_CNC,Aluminio,Semi_Sintetico,Turno_1,3461.7,245.0,1.72,78.4,59.5,126.5,41.9,142,19.47,4760,CLP-EF5EC,1
PEC-87017,Torno_CNC,Aco_Carbono,Soluvel,Turno_2,4085.6,235.9,4.26,11.7,50.6,130.9,60.2,146,-0.2,5927,CLP-6C976,1
PEC-87018, TORNO_CNC ,Aco_Inox,Soluvel,Turno_1,2578.0,221.3,3.34,39.2,67.9,104.0,39.9,74,17.07,4790,CLP-872F4,1
PEC-87019,Fresadora,Aluminio,Sintetico,Turno_3,3139.3,267.2,0.52,104.8,70.9,101.8,65.3,6,10.25,6750,CLP-25F3A,1
PEC-87020,torno_cnc,Aco_Inox,Sintetico,Turno_1,3722.8,181.8,1.64,111.8,61.2,140.5,40.5,21,-11.29,4578,CLP-D6DA5,1
PEC-87021,Centro_Usinagem,Aco_Carbono,Soluvel,Turno_1,3254.4,290.1,0.57,37.1,53.2,124.8,30.4,23,4.64,3927,CLP-5D4AB,0
PEC-87022,Celula_Robotica,Aco_Inox,Soluvel,Turno_2,3112.1,220.7,1.68,16.1,74.1,125.3,40.9,145,-4.45,4500,CLP-C51D0,1
PEC-87023,Fresadora,Aco_Carbono,Soluvel,Turno_3,3555.5,353.4,3.24,15.0,79.2,124.0,30.0,39,-4.65,5407,CLP-76CE9,1
PEC-87024,Fresadora,Aco_Inox,Soluvel,Turno_3,2930.3,234.2,3.54,,76.4,122.2,39.2,63,-10.23,9523,CLP-AC672,1
PEC-87025, TORNO_CNC ,Aco_Carbono,Semi_Sintetico,Turno_3,3583.1,226.0,3.72,143.2,84.1,116.6,48.1,50,1.39,6874,CLP-EB95D,1
PEC-87026,Torno_CNC,Aco_Inox,Sintetico,Turno_1,2635.9,221.9,4.14,7.8,57.2,109.4,41.3,98,12.38,2047,CLP-9CD04,1
PEC-87027,Celula_Robotica,Aluminio,Sintetico,Turno_3,2516.3,226.5,1.96,59.5,48.0,111.9,53.8,6,-21.77,8352,CLP-58408,0
PEC-87028, TORNO_CNC ,Aluminio,Soluvel,Turno_3,3076.9,280.4,3.95,9.6,69.9,152.5,40.7,65,-8.52,9798,CLP-907D4,1
PEC-87029,Torno_CNC,Aco_Inox,Soluvel,Turno_3,2046.5,247.9,3.41,17.4,60.2,147.1,33.1,146,-8.45,7496,CLP-4FFAA,1
PEC-87030,Fresadora,Aluminio,Soluvel,Turno_1,3238.1,299.4,2.65,34.3,76.9,133.9,46.2,35,2.87,3271,CLP-5636B,1
PEC-87031,Torno_CNC,Latao,Soluvel,Turno_3,2420.3,273.2,4.32,,52.6,119.0,43.8,107,19.07,2605,CLP-54950,1
PEC-87032,torno_cnc,Aco_Inox,Soluvel,Turno_2,3327.1,251.6,4.29,41.8,53.4,128.5,44.8,47,7.42,8332,CLP-52F9B,1
PEC-87033,torno_cnc,Latao,Soluvel,Turno_2,3283.5,268.6,4.09,23.9,65.8,98.6,34.8,67,-28.34,2890,CLP-9D3CF,1
PEC-87034, TORNO_CNC ,Aluminio,Soluvel,Turno_2,3169.4,309.8,1.31,13.7,67.1,134.9,47.1,65,8.93,8627,CLP-8499C,1
PEC-87035,Centro_Usinagem,Aco_Carbono,Semi_Sintetico,Turno_2,3396.4,282.8,1.33,31.5,73.1,116.4,56.1,131,-1.42,9679,CLP-2FDE5,1
PEC-87036,Torno_CNC,Aco_Inox,Semi_Sintetico,Turno_2,,264.0,4.1,5.9,63.8,120.2,34.5,15,8.95,1098,CLP-CEDF9,1
PEC-87037, TORNO_CNC ,Aluminio,Sintetico,Turno_1,3068.1,271.1,2.09,52.3,42.0,121.5,29.7,123,-16.27,8981,CLP-57A2B,1
PEC-87038,torno_cnc,Aco_Carbono,Soluvel,Turno_3,4024.0,192.4,3.69,30.9,106.4,117.3,32.6,142,3.6,9726,CLP-9F922,1
PEC-87039,Fresadora,Aluminio,Semi_Sintetico,Turno_2,3377.0,378.6,3.25,107.6,65.4,132.1,44.8,37,6.71,5652,CLP-D07F8,1
PEC-87040,Fresadora,Aluminio,Seco,Turno_2,3547.4,276.4,3.55,8.8,99.7,143.9,32.1,17,21.36,4498,CLP-DD388,1
PEC-87041, TORNO_CNC ,Aco_Inox,Soluvel,Turno_1,3682.9,281.4,0.61,51.1,63.5,132.9,47.6,115,-9.77,1634,CLP-C435A,1
PEC-87042,Fresadora,Aco_Inox,Sintetico,Turno_3,3500.7,248.6,2.22,17.5,52.4,121.0,47.9,16,11.53,7448,CLP-74BA3,1
PEC-87043,Torno_CNC,Aluminio,Semi_Sintetico,Turno_2,4128.3,135.1,3.93,21.3,61.2,104.0,47.9,29,-14.22,8462,CLP-8B536,1
PEC-87044,Celula_Robotica,Aco_Carbono,Sintetico,Turno_1,3274.7,236.7,2.46,20.0,78.2,120.6,65.7,147,-8.18,4277,CLP-EF757,1
PEC-87045, TORNO_CNC ,Aluminio,Soluvel,Turno_3,,253.8,3.26,20.5,72.4,118.8,30.1,20,18.89,4303,CLP-5D560,1
PEC-87046,Fresadora,Aco_Inox,Soluvel,Turno_1,2907.7,208.9,3.52,24.7,68.7,132.4,31.3,92,30.41,2653,CLP-18FE3,1
PEC-87047,Torno_CNC,Aluminio,Sintetico,Turno_1,3084.7,208.4,0.98,5.7,64.3,110.3,55.2,149,25.94,1619,CLP-64C70,1
PEC-87048,Torno_CNC,Aco_Inox,Soluvel,Turno_2,2870.9,233.0,1.12,,66.6,106.7,49.3,151,-20.74,5743,CLP-4D6A8,1
PEC-87049, TORNO_CNC ,Aluminio,Seco,Turno_2,3504.7,288.6,3.4,,63.2,124.5,54.2,116,3.88,8885,CLP-94531,1
PEC-87050,Centro_Usinagem,Aco_Carbono,Sintetico,Turno_1,2789.5,312.8,0.72,6.4,79.4,133.8,28.7,127,-18.52,9144,CLP-E57F0,1
PEC-87051,torno_cnc,Aco_Carbono,Soluvel,Turno_1,3233.2,258.5,1.87,57.4,76.0,122.3,34.1,72,25.97,7933,CLP-CD532,1
PEC-87052,Celula_Robotica,Aco_Inox,Sintetico,Turno_3,3451.8,221.6,4.17,7.6,53.7,134.5,52.8,111,8.12,1969,CLP-B2B07,1
PEC-87053, TORNO_CNC ,Aco_Carbono,Sintetico,Turno_1,3267.6,231.9,2.8,62.7,47.3,100.9,43.7,139,10.14,9258,CLP-E2634,1
PEC-87054, TORNO_CNC ,Aluminio,Soluvel,Turno_1,2796.8,255.0,4.14,38.2,50.3,127.1,55.5,55,-0.59,3203,CLP-20081,1
PEC-87055,Torno_CNC,Aco_Carbono,Soluvel,Turno_3,3514.5,260.9,1.74,17.8,60.7,100.8,41.7,37,11.46,9094,CLP-38FFB,1
PEC-87056,Centro_Usinagem,Aco_Inox,Seco,Turno_1,,271.7,3.05,38.3,67.7,160.0,43.3,138,-9.32,8307,CLP-43575,1
PEC-87057,Torno_CNC,Aluminio,Sintetico,Turno_2,1907.3,228.0,1.65,29.7,64.3,140.1,63.3,17,2.43,5801,CLP-74317,0
PEC-87058,Centro_Usinagem,Aco_Inox,Soluvel,Turno_1,2757.5,276.5,0.94,,72.6,125.8,36.7,76,15.68,8565,CLP-B118F,1
PEC-87059,Centro_Usinagem,Aluminio,Soluvel,Turno_2,3830.5,272.5,4.46,27.6,64.8,95.9,50.9,50,-12.42,5968,CLP-C6F93,1
PEC-87060,Celula_Robotica,Aco_Inox,Sintetico,Turno_1,3867.9,230.2,1.2,56.9,84.1,99.4,32.5,115,-8.63,4552,CLP-82103,1
PEC-87061,torno_cnc,Aco_Inox,Sintetico,Turno_3,3436.8,164.0,1.25,6.6,71.1,148.4,38.1,17,-4.98,3728,CLP-35301,0
PEC-87062,Fresadora,Aco_Inox,Soluvel,Turno_2,3552.8,205.8,3.87,19.8,65.2,102.6,50.9,102,-1.13,9875,CLP-DA899,1
PEC-87063,Fresadora,Aco_Inox,Sintetico,Turno_2,2849.8,328.4,3.71,33.7,46.9,127.5,33.7,43,-10.63,6961,CLP-ED96A,1
PEC-87064,Torno_CNC,Aco_Inox,Soluvel,Turno_3,3082.9,165.3,4.41,36.1,69.2,147.3,52.0,154,-4.74,2590,CLP-BBD66,1
PEC-87065,Fresadora,Aluminio,Soluvel,Turno_3,3755.9,315.9,0.79,11.5,71.0,121.6,43.2,152,13.61,7598,CLP-5461C,1
PEC-87066,Torno_CNC,Aco_Inox,Sintetico,Turno_1,3391.7,163.6,0.88,7.7,56.4,102.1,37.2,34,-11.58,2196,CLP-C085A,1
PEC-87067, TORNO_CNC ,Aluminio,Soluvel,Turno_3,3229.2,211.3,2.29,5.7,51.1,93.4,44.1,88,27.96,2145,CLP-B05F5,1
PEC-87068,Torno_CNC,Aco_Inox,Semi_Sintetico,Turno_1,3115.9,231.3,2.87,23.6,78.1,125.7,40.3,58,9.3,7160,CLP-B041A,1
PEC-87069,Torno_CNC,Latao,Soluvel,Turno_2,3728.5,339.1,0.65,19.0,53.4,103.4,39.3,124,8.77,7594,CLP-607B4,0
PEC-87070, TORNO_CNC ,Latao,Sintetico,Turno_1,3704.9,251.3,1.13,34.4,67.0,120.0,41.0,86,-2.31,6569,CLP-CB44A,1
PEC-87071, TORNO_CNC ,Aco_Inox,Soluvel,Turno_2,3492.4,239.3,3.31,25.9,65.4,104.0,33.9,126,6.38,5011,CLP-95B6A,1
PEC-87072,Fresadora,Aluminio,Soluvel,Turno_1,3229.8,203.2,3.17,22.5,70.4,111.0,30.9,93,32.42,7204,CLP-725E6,1
PEC-87073,Torno_CNC,Aco_Inox,Semi_Sintetico,Turno_2,,276.1,0.86,69.9,53.5,111.5,28.0,84,-6.4,1664,CLP-374A2,1
PEC-87074,torno_cnc,Latao,Soluvel,Turno_2,3511.9,224.4,4.23,39.0,63.6,116.1,49.0,16,-12.86,3676,CLP-8E886,1
PEC-87075,Torno_CNC,Aluminio,Sintetico,Turno_1,2704.1,238.5,1.52,41.4,53.4,108.9,48.5,144,0.03,7133,CLP-512CE,0
PEC-87076,torno_cnc,Aco_Inox,Sintetico,Turno_2,2797.4,232.1,4.05,21.8,65.9,124.3,38.7,130,-12.01,8528,CLP-6DE83,1
PEC-87077,Fresadora,Aco_Inox,Sintetico,Turno_3,2547.0,286.0,4.19,57.5,71.0,135.0,44.0,130,4.5,4490,CLP-794F1,1
PEC-87078,torno_cnc,Aco_Inox,Semi_Sintetico,Turno_2,3755.9,288.1,2.46,10.8,75.7,114.6,56.1,42,-7.72,3226,CLP-D973D,1
PEC-87079,Fresadora,Aco_Inox,Sintetico,Turno_2,2875.7,205.5,2.15,23.0,82.9,123.9,40.0,4,6.23,8344,CLP-6E392,0
PEC-87080,Torno_CNC,Aluminio,Sintetico,Turno_3,3381.8,218.6,1.61,6.7,61.8,106.0,42.9,10,-17.67,1198,CLP-86FCF,0
PEC-87081,Fresadora,Aluminio,Semi_Sintetico,Turno_2,3143.5,213.7,3.73,9.3,61.6,96.5,60.5,115,-3.38,8465,CLP-3C348,1
PEC-87082, TORNO_CNC ,Aco_Inox,Seco,Turno_1,4503.9,259.2,1.29,8.0,80.3,126.0,48.1,23,-14.99,3581,CLP-734E1,1
PEC-87083, TORNO_CNC ,Aco_Inox,Soluvel,Turno_2,3398.9,295.3,2.99,25.4,71.9,133.2,52.2,152,-13.45,5693,CLP-C2471,1
PEC-87084,Fresadora,Aco_Inox,Sintetico,Turno_1,2362.0,259.8,2.77,46.8,79.8,91.3,50.7,74,-5.13,3906,CLP-2B6B4,1
PEC-87085,Torno_CNC,Aco_Inox,Soluvel,Turno_3,3728.9,140.5,1.5,18.1,88.4,118.6,49.0,60,5.04,7335,CLP-F393D,1
PEC-87086,Fresadora,Aco_Carbono,Soluvel,Turno_3,3025.8,288.0,4.43,5.9,54.9,126.5,39.2,143,-11.57,2407,CLP-2C88A,1
PEC-87087,Fresadora,Aco_Inox,Soluvel,Turno_1,3109.6,182.6,3.89,48.0,74.7,124.3,37.2,27,-0.03,2169,CLP-24D29,1
PEC-87088,Torno_CNC,Aluminio,Semi_Sintetico,Turno_2,2897.4,214.2,0.58,13.1,57.8,111.1,50.4,92,19.43,8962,CLP-76CB8,0
PEC-87089,Torno_CNC,Aco_Inox,Sintetico,Turno_2,3288.0,259.9,2.19,49.9,83.8,120.7,49.2,78,-5.71,3804,CLP-C9987,1
PEC-87090,Torno_CNC,Aco_Inox,Sintetico,Turno_1,3282.1,245.8,1.94,5.3,50.7,133.9,46.9,7,-25.5,7154,CLP-69705,0
PEC-87091,Celula_Robotica,Aluminio,Soluvel,Turno_3,2909.5,293.6,4.03,18.1,76.0,107.1,47.3,39,1.74,7106,CLP-877C9,1
PEC-87092,Fresadora,Aluminio,Soluvel,Turno_2,2971.3,219.5,1.56,39.0,58.4,143.3,38.8,35,19.24,2595,CLP-E62B2,0
PEC-87093,Torno_CNC,Aluminio,Seco,Turno_1,3245.6,201.7,4.49,76.7,71.7,99.2,35.6,144,-31.79,3787,CLP-CCD6C,1
PEC-87094, TORNO_CNC ,Aluminio,Soluvel,Turno_3,2145.8,234.4,1.3,54.1,80.2,133.5,39.1,154,-20.08,7188,CLP-CAB94,1
PEC-87095,torno_cnc,Aluminio,Soluvel,Turno_1,2551.3,298.9,1.48,25.9,57.3,120.8,43.0,68,0.53,3242,CLP-46713,1
PEC-87096,Centro_Usinagem,Aco_Inox,Soluvel,Turno_3,3951.5,281.5,3.16,49.4,47.4,112.3,40.2,138,3.11,4892,CLP-AD344,1
PEC-87097,Torno_CNC,Aluminio,Sintetico,Turno_1,3347.5,254.4,1.14,32.0,61.9,92.4,57.5,105,1.29,4723,CLP-61138,1
PEC-87098,Torno_CNC,Aluminio,Soluvel,Turno_2,2963.8,316.3,4.06,63.8,60.4,137.9,56.8,154,25.39,4859,CLP-940E4,1
PEC-87099,Centro_Usinagem,Aco_Inox,Soluvel,Turno_1,2436.8,307.2,0.94,56.8,49.6,106.0,51.8,13,7.93,1699,CLP-57DA3,0
PEC-87100,Torno_CNC,Aluminio,Sintetico,Turno_1,3174.7,289.4,4.43,135.3,40.9,119.6,54.8,43,8.06,5139,CLP-818B1,1
PEC-87101,Torno_CNC,Aco_Inox,Soluvel,Turno_3,3643.3,191.1,4.0,8.9,79.6,127.1,34.6,117,-7.64,4711,CLP-A418D,1
PEC-87102,Celula_Robotica,Aco_Inox,Semi_Sintetico,Turno_2,4387.6,289.2,3.86,19.6,82.9,155.7,50.7,114,-6.07,9318,CLP-DFB83,1
PEC-87103,Fresadora,Aluminio,Soluvel,Turno_3,,239.9,2.13,12.5,57.8,114.7,44.7,155,11.78,8547,CLP-30E91,1
PEC-87104,Torno_CNC,Aco_Carbono,Soluvel,Turno_2,2800.9,230.3,2.55,39.9,61.5,120.8,41.3,12,-28.98,5664,CLP-4B2EB,1
PEC-87105,Torno_CNC,Aco_Carbono,Sintetico,Turno_3,2976.9,215.9,2.33,43.2,74.7,126.2,42.7,170,4.24,7986,CLP-A8B30,1
PEC-87106,Torno_CNC,Aco_Inox,Semi_Sintetico,Turno_3,2537.8,241.4,4.45,13.0,74.9,121.7,42.8,160,-16.43,9966,CLP-67405,1
PEC-87107,Torno_CNC,Aluminio,Semi_Sintetico,Turno_2,2821.3,218.7,0.64,24.2,86.3,108.6,42.0,144,10.22,6439,CLP-A7574,1
PEC-87108,Centro_Usinagem,Aluminio,Sintetico,Turno_2,3104.2,258.5,2.03,37.3,72.5,142.3,40.1,178,20.29,6462,CLP-B90AE,1
PEC-87109, TORNO_CNC ,Aco_Inox,Soluvel,Turno_3,3034.8,241.4,4.37,42.7,52.7,113.1,34.3,163,-19.49,3651,CLP-6BFB0,1
PEC-87110,Fresadora,Aco_Carbono,Soluvel,Turno_1,4124.6,261.0,1.98,8.8,74.5,127.0,32.4,123,8.11,7044,CLP-C2D30,1
PEC-87111,Centro_Usinagem,Aco_Carbono,Soluvel,Turno_3,2608.1,277.7,2.09,93.9,56.6,116.7,48.2,150,15.24,7966,CLP-6F5CF,1
PEC-87112, TORNO_CNC ,Latao,Semi_Sintetico,Turno_2,3179.7,235.3,3.03,6.2,64.2,110.9,22.5,91,0.48,5466,CLP-E676D,1
PEC-87113,Torno_CNC,Aco_Inox,Semi_Sintetico,Turno_2,2271.4,213.1,4.13,131.3,78.4,135.7,60.6,82,3.18,3377,CLP-9833C,1
PEC-87114,torno_cnc,Aco_Inox,Seco,Turno_1,3348.9,149.7,1.68,18.3,54.1,123.9,40.0,169,30.83,3443,CLP-1D9C0,1
PEC-87115,Centro_Usinagem,Aco_Carbono,Soluvel,Turno_3,2596.2,288.5,4.29,18.3,64.1,87.2,30.6,47,15.96,7267,CLP-1DB5F,1
PEC-87116,Centro_Usinagem,Aluminio,Sintetico,Turno_1,3696.2,253.9,1.63,25.7,50.3,124.5,49.2,139,22.74,2617,CLP-C66C2,1
PEC-87117,Torno_CNC,Aco_Carbono,Sintetico,Turno_3,3069.0,241.2,3.76,46.6,53.1,110.6,43.9,120,2.75,3480,CLP-5A4EE,1
PEC-87118,Fresadora,Aco_Inox,Sintetico,Turno_2,2569.1,308.6,1.6,11.1,58.4,96.2,37.4,103,11.88,2843,CLP-6B570,0
PEC-87119,torno_cnc,Aluminio,Sintetico,Turno_1,2253.8,185.6,0.79,15.3,84.6,134.3,40.4,7,-0.16,6806,CLP-7592B,0
PEC-87120,Centro_Usinagem,Aluminio,Semi_Sintetico,Turno_3,2759.6,252.8,3.75,119.1,65.4,108.5,44.3,63,2.66,6401,CLP-D3150,1
PEC-87121,Torno_CNC,Aco_Inox,Soluvel,Turno_3,3307.7,201.8,2.3,78.3,96.7,123.9,53.7,93,-17.01,4832,CLP-20A4A,1
PEC-87122,torno_cnc,Aluminio,Soluvel,Turno_3,-50.0,282.8,2.06,13.4,76.5,133.8,23.8,128,-22.22,7662,CLP-8E024,1
PEC-87123,Centro_Usinagem,Aluminio,Soluvel,Turno_1,2975.7,138.7,2.22,34.8,76.8,116.4,47.5,110,0.66,8422,CLP-C92EE,1
PEC-87124, TORNO_CNC ,Aco_Inox,Soluvel,Turno_2,3616.6,290.2,2.95,13.0,51.9,123.8,58.2,17,0.06,9006,CLP-6C559,1
PEC-87125, TORNO_CNC ,Aco_Inox,Soluvel,Turno_2,2688.9,288.1,1.55,33.0,63.2,109.8,38.5,153,-0.81,9271,CLP-9934C,1
PEC-87126,Torno_CNC,Aluminio,Soluvel,Turno_2,1882.8,203.8,1.45,20.9,51.3,136.6,51.0,122,-6.49,5085,CLP-E0E88,0
PEC-87127,Torno_CNC,Aluminio,Soluvel,Turno_1,3327.1,253.3,2.43,20.8,61.3,117.3,50.4,59,-14.07,1208,CLP-53BD1,1
PEC-87128,Torno_CNC,Aco_Carbono,Sintetico,Turno_1,3780.5,204.9,0.64,,59.5,128.1,60.1,37,-18.0,1389,CLP-AC48C,1
PEC-87129,Celula_Robotica,Aco_Inox,Semi_Sintetico,Turno_3,3784.7,271.4,3.07,15.2,64.5,142.6,46.9,74,-19.44,8192,CLP-32F02,1
PEC-87130,Torno_CNC,Aco_Inox,Semi_Sintetico,Turno_2,2615.1,291.0,3.79,23.1,74.9,92.2,50.6,108,7.78,3335,CLP-542C1,1
PEC-87131, TORNO_CNC ,Latao,Soluvel,Turno_3,2954.9,199.8,3.41,95.8,61.9,109.7,53.5,111,40.36,4776,CLP-92673,1
PEC-87132,Fresadora,Latao,Soluvel,Turno_1,3525.7,185.2,2.38,54.3,75.1,117.4,49.9,12,24.84,9440,CLP-3CF61,1
PEC-87133,Torno_CNC,Aco_Inox,Soluvel,Turno_3,,304.8,2.76,21.9,47.4,121.9,37.9,145,-40.14,3673,CLP-61539,1
PEC-87134, TORNO_CNC ,Aco_Carbono,Seco,Turno_2,3247.4,347.1,0.6,14.2,70.4,129.2,39.2,9,-22.12,2083,CLP-AC720,0
PEC-87135,Fresadora,Aco_Inox,Sintetico,Turno_3,2877.6,274.7,4.15,42.7,59.8,138.3,47.1,32,8.77,6744,CLP-EE7A4,1
PEC-87136,Centro_Usinagem,Aco_Inox,Soluvel,Turno_1,2709.8,278.4,2.73,62.7,68.0,108.8,51.9,82,3.28,8774,CLP-B0121,1
PEC-87137,Fresadora,Aco_Inox,Semi_Sintetico,Turno_3,2796.6,233.4,1.77,74.0,75.4,117.0,47.7,136,19.8,1674,CLP-96139,1
PEC-87138,Fresadora,Aco_Inox,Soluvel,Turno_2,3630.1,259.0,1.67,34.1,47.7,136.8,36.7,107,-11.21,8437,CLP-72BA9,1
PEC-87139,Torno_CNC,Aco_Carbono,Semi_Sintetico,Turno_2,3206.2,267.5,3.14,30.5,82.6,125.1,43.0,161,-8.07,6473,CLP-7924C,1
PEC-87140,Celula_Robotica,Aco_Carbono,Soluvel,Turno_1,,240.9,2.84,49.5,62.7,94.5,33.9,140,2.31,2199,CLP-96AEF,1
PEC-87141,Torno_CNC,Latao,Soluvel,Turno_2,3434.2,317.5,1.25,11.8,87.3,93.2,49.7,162,23.65,7798,CLP-2C3FA,1
PEC-87142,Fresadora,Aco_Carbono,Sintetico,Turno_3,,258.8,2.14,71.9,65.9,112.7,60.8,129,6.14,9507,CLP-A31EC,1
PEC-87143,Torno_CNC,Aluminio,Semi_Sintetico,Turno_1,3568.1,265.3,3.2,7.7,80.9,128.3,49.2,157,-5.72,7335,CLP-7B55A,1
PEC-87144,Celula_Robotica,Aluminio,Semi_Sintetico,Turno_2,3541.7,241.9,1.69,37.3,65.7,128.0,29.4,133,-15.59,3661,CLP-DF559,1
PEC-87145,Fresadora,Latao,Sintetico,Turno_1,3145.8,247.0,2.54,36.2,68.2,106.6,45.8,38,18.13,4557,CLP-AEC74,1
PEC-87146,Fresadora,Aco_Carbono,Soluvel,Turno_3,4554.1,310.9,1.52,18.0,66.4,130.0,44.9,21,-13.61,2779,CLP-97319,1
PEC-87147,Torno_CNC,Aco_Carbono,Soluvel,Turno_3,3250.7,257.3,0.79,6.3,62.4,123.8,40.8,59,-10.82,9569,CLP-84171,0
PEC-87148, TORNO_CNC ,Latao,Seco,Turno_1,2312.0,258.5,2.05,49.3,61.9,103.8,28.6,120,-1.6,5001,CLP-87052,1
PEC-87149,Fresadora,Aco_Inox,Sintetico,Turno_1,3320.6,259.1,3.43,5.9,67.7,111.0,48.8,94,7.66,8087,CLP-DE74A,1
PEC-87150,Fresadora,Aco_Carbono,Semi_Sintetico,Turno_2,2758.0,231.8,1.36,11.9,71.6,90.8,52.6,20,-4.02,3276,CLP-EB506,1
PEC-87151,Torno_CNC,Aco_Carbono,Soluvel,Turno_1,3657.7,179.6,3.52,32.5,67.8,102.1,37.9,95,-10.28,2723,CLP-D8D7C,1
PEC-87152,Celula_Robotica,Latao,Sintetico,Turno_2,3526.6,328.6,3.18,103.5,71.2,91.7,37.9,43,-19.85,1737,CLP-D561B,1
PEC-87153,Centro_Usinagem,Aco_Inox,Soluvel,Turno_1,3113.8,303.4,2.53,7.4,46.8,96.8,42.5,62,-11.56,2484,CLP-53848,0
PEC-87154,Torno_CNC,Aluminio,Sintetico,Turno_2,2800.4,312.5,4.39,35.3,75.8,145.2,58.9,165,11.56,8775,CLP-86A16,1
PEC-87155,Centro_Usinagem,Aluminio,Semi_Sintetico,Turno_1,,196.4,4.03,19.0,56.1,114.0,42.7,2,-14.47,7472,CLP-32C5F,1
PEC-87156,torno_cnc,Aco_Inox,Sintetico,Turno_1,2911.4,322.2,2.75,43.7,45.2,93.4,38.9,74,14.65,3273,CLP-F3968,1
PEC-87157, TORNO_CNC ,Aluminio,Soluvel,Turno_1,3554.5,348.3,2.73,111.9,87.2,126.3,41.8,43,22.3,8199,CLP-97DAE,1
PEC-87158,Torno_CNC,Aco_Inox,Soluvel,Turno_2,3450.2,302.2,1.61,15.9,81.9,124.3,49.6,30,-21.68,2875,CLP-2B1C8,1
PEC-87159,torno_cnc,Aco_Inox,Soluvel,Turno_2,4521.2,332.4,4.18,114.3,64.9,122.9,28.8,167,21.51,7718,CLP-35860,1
PEC-87160,Fresadora,Aluminio,Seco,Turno_1,2999.7,289.9,4.08,76.6,77.8,106.9,43.1,3,-14.43,2065,CLP-535EF,1
PEC-87161, TORNO_CNC ,Aluminio,Soluvel,Turno_2,3063.5,207.7,3.47,37.7,61.0,129.3,42.2,99,-24.22,5601,CLP-ECDC2,1
PEC-87162,Fresadora,Aluminio,Semi_Sintetico,Turno_3,3130.4,275.4,1.01,54.7,59.4,103.5,44.1,129,-6.98,2394,CLP-30BAE,1
PEC-87163,Fresadora,Aluminio,Sintetico,Turno_1,3150.1,199.0,3.31,75.1,57.9,131.9,39.4,129,-3.6,2079,CLP-D16C3,1
PEC-87164,Fresadora,Aco_Inox,Semi_Sintetico,Turno_3,3662.2,220.1,1.51,,57.3,133.3,34.4,29,-8.07,6130,CLP-C9C45,1
PEC-87165,Torno_CNC,Aco_Inox,Seco,Turno_2,3075.6,265.8,1.26,18.8,61.9,119.0,52.5,9,-12.28,8752,CLP-B31EB,1
PEC-87166,Centro_Usinagem,Aco_Inox,Sintetico,Turno_1,4087.6,259.1,3.54,63.6,56.4,98.0,30.3,117,7.55,2153,CLP-34A89,1
PEC-87167, TORNO_CNC ,Aco_Inox,Semi_Sintetico,Turno_1,3462.0,273.2,4.34,18.2,30.8,132.0,57.5,140,-2.62,2277,CLP-76642,1
PEC-87168,Torno_CNC,Aluminio,Soluvel,Turno_2,2981.4,160.4,0.94,75.6,62.8,111.2,47.8,57,0.76,5762,CLP-891EA,1
PEC-87169,Torno_CNC,Aco_Carbono,Sintetico,Turno_2,2866.4,242.3,1.16,15.3,53.4,124.1,50.4,140,21.06,5725,CLP-4CF34,1
PEC-87170, TORNO_CNC ,Aco_Inox,Semi_Sintetico,Turno_1,3668.4,277.4,1.38,34.7,68.6,130.4,45.5,150,-15.22,7213,CLP-9B21D,1
PEC-87171,Centro_Usinagem,Aco_Inox,Soluvel,Turno_3,3212.8,287.4,4.35,46.3,62.1,107.9,54.4,83,7.37,3176,CLP-E902F,1
PEC-87172, TORNO_CNC ,Aco_Carbono,Sintetico,Turno_2,3204.1,290.7,3.29,24.4,72.6,152.2,49.3,107,20.85,5411,CLP-7B7A2,1
PEC-87173,Fresadora,Aco_Inox,Semi_Sintetico,Turno_1,2930.7,262.6,3.21,58.5,65.2,119.3,55.4,116,2.83,9037,CLP-C1C81,1
PEC-87174,Torno_CNC,Latao,Semi_Sintetico,Turno_1,3172.3,231.0,2.52,95.8,49.8,109.9,51.8,167,6.62,2458,CLP-5CD84,1
PEC-87175, TORNO_CNC ,Aco_Carbono,Soluvel,Turno_1,2912.5,275.1,2.65,12.2,49.8,135.0,53.9,84,-8.09,9978,CLP-9A343,1
PEC-87176,Celula_Robotica,Aco_Inox,Sintetico,Turno_2,,235.0,1.66,6.2,50.1,143.2,39.3,178,-20.82,2664,CLP-9BF60,1
PEC-87177,Fresadora,Aco_Inox,Soluvel,Turno_2,3522.7,295.1,1.12,39.5,54.6,89.0,42.0,110,-3.75,1301,CLP-2A59B,1
PEC-87178,Torno_CNC,Aluminio,Sintetico,Turno_3,,271.4,3.62,37.3,56.6,99.3,45.1,164,6.8,5982,CLP-D74F7,1
PEC-87179,torno_cnc,Aco_Inox,Soluvel,Turno_2,3114.7,246.9,2.38,19.6,76.0,108.4,45.0,90,-7.19,2920,CLP-A8437,1
PEC-87180,Torno_CNC,Aco_Inox,Sintetico,Turno_1,3241.5,211.6,1.52,58.9,67.2,151.7,49.6,79,12.27,3430,CLP-9DED0,1
PEC-87181, TORNO_CNC ,Aco_Inox,Soluvel,Turno_2,3197.5,306.0,3.03,66.2,42.7,112.8,39.0,58,1.12,6115,CLP-26711,1
PEC-87182,Fresadora,Aco_Carbono,Soluvel,Turno_1,2769.4,278.0,1.34,19.1,54.5,142.8,44.9,58,-8.23,8056,CLP-780ED,1
PEC-87183,Fresadora,Aluminio,Soluvel,Turno_1,2344.7,355.1,2.46,45.1,64.6,123.3,50.0,168,10.27,5104,CLP-E7EDE,1
PEC-87184,Torno_CNC,Aco_Inox,Soluvel,Turno_3,2841.0,276.3,1.26,41.0,52.9,98.2,29.7,44,16.1,3570,CLP-276D9,0
PEC-87185,Celula_Robotica,Aluminio,Sintetico,Turno_1,3142.2,280.5,3.54,19.7,66.0,133.2,53.5,124,-12.71,9985,CLP-80C1A,0
PEC-87186,torno_cnc,Aluminio,Semi_Sintetico,Turno_3,2868.0,176.7,1.78,126.7,54.9,124.8,61.4,99,5.22,8364,CLP-1B549,1
PEC-87187, TORNO_CNC ,Aluminio,Soluvel,Turno_3,3568.7,265.5,2.27,19.9,63.4,107.1,37.7,63,-17.79,6537,CLP-85784,1
PEC-87188,torno_cnc,Aco_Inox,Soluvel,Turno_2,3096.9,234.2,3.52,38.9,58.2,110.1,56.8,151,-26.12,5608,CLP-CB02A,1
PEC-87189,Fresadora,Aluminio,Soluvel,Turno_1,4043.1,291.3,3.14,21.7,66.3,104.3,46.8,21,-13.08,4857,CLP-6407A,1
PEC-87190,torno_cnc,Latao,Sintetico,Turno_1,2947.3,266.7,2.1,5.4,82.3,110.6,37.9,144,2.26,7082,CLP-1A19A,1
PEC-87191, TORNO_CNC ,Aco_Inox,Soluvel,Turno_1,3263.3,299.3,0.78,8.4,75.7,129.9,51.6,98,8.46,7392,CLP-9814B,1
PEC-87192,torno_cnc,Aco_Inox,Soluvel,Turno_2,3070.0,356.6,4.19,14.3,52.0,106.4,60.5,68,-1.08,1666,CLP-D9451,0
PEC-87193,Torno_CNC,Aco_Inox,Soluvel,Turno_3,3397.9,210.1,0.53,63.5,95.1,121.3,41.8,8,-18.05,4462,CLP-B664B,1
PEC-87194,Centro_Usinagem,Aco_Inox,Soluvel,Turno_2,3679.6,297.3,3.44,25.4,79.2,124.7,36.5,46,12.18,6246,CLP-97EBC,1
PEC-87195,torno_cnc,Aco_Inox,Soluvel,Turno_3,3473.7,284.2,4.28,36.1,56.8,119.2,27.1,146,9.39,1490,CLP-BEC36,1
PEC-87196,Torno_CNC,Aco_Carbono,Soluvel,Turno_3,2286.1,349.0,1.73,105.8,54.6,95.8,43.8,151,-10.76,8967,CLP-931B4,1
PEC-87197,Fresadora,Latao,Sintetico,Turno_3,3424.9,285.3,0.8,10.6,69.1,131.2,46.3,82,7.4,4908,CLP-5FE67,1
PEC-87198,Celula_Robotica,Aco_Inox,Sintetico,Turno_1,2745.1,280.1,1.5,74.3,73.5,102.5,59.5,37,-0.08,7785,CLP-F3C03,0
PEC-87199,Celula_Robotica,Aluminio,Soluvel,Turno_3,3060.6,292.6,1.75,21.7,86.2,111.4,59.9,64,12.08,4042,CLP-EE0B4,1
PEC-87200, TORNO_CNC ,Aluminio,Sintetico,Turno_2,3510.2,296.1,2.31,19.4,71.1,113.1,39.7,80,-16.35,7890,CLP-9CF37,1
PEC-87201,Torno_CNC,Aluminio,Soluvel,Turno_1,2696.1,322.7,2.6,39.4,57.0,119.5,51.5,82,14.68,7546,CLP-D54CF,1
PEC-87202,torno_cnc,Aluminio,Seco,Turno_3,3720.2,209.0,3.4,85.1,58.9,121.4,35.8,179,6.69,2092,CLP-7D772,1
PEC-87203,Torno_CNC,Aco_Inox,Soluvel,Turno_3,3041.0,230.4,4.1,20.0,72.5,130.3,45.6,35,33.29,9391,CLP-603C6,1
PEC-87204,Celula_Robotica,Aluminio,Sintetico,Turno_2,4176.9,336.8,2.36,55.2,48.9,115.3,44.0,20,0.78,7692,CLP-62203,1
PEC-87205,Torno_CNC,Aluminio,Sintetico,Turno_3,3230.9,152.1,3.49,5.7,82.9,101.7,38.0,123,-0.59,7425,CLP-ED6A4,1
PEC-87206,Torno_CNC,Aco_Carbono,Soluvel,Turno_1,3967.4,245.8,1.01,39.2,58.5,136.3,44.0,20,-21.23,1395,CLP-93C9B,1
PEC-87207, TORNO_CNC ,Aco_Carbono,Seco,Turno_2,3739.0,257.5,1.82,39.9,76.5,114.0,51.7,160,17.56,9627,CLP-7896A,1
PEC-87208, TORNO_CNC ,Aco_Inox,Soluvel,Turno_1,2925.0,241.2,0.97,33.4,79.4,117.2,53.8,75,14.8,1585,CLP-EF665,0
PEC-87209,Fresadora,Aco_Inox,Sintetico,Turno_2,2614.2,329.0,3.27,102.2,101.7,105.0,43.8,63,4.34,6658,CLP-AAAF8,1
PEC-87210, TORNO_CNC ,Latao,Soluvel,Turno_2,3251.1,273.8,4.13,102.7,61.3,107.0,44.3,77,-31.8,4940,CLP-19F97,1
PEC-87211,Torno_CNC,Aluminio,Soluvel,Turno_1,2937.8,230.6,4.06,19.7,61.7,141.6,30.3,98,21.32,6248,CLP-761EB,1
PEC-87212,Torno_CNC,Aco_Carbono,Sintetico,Turno_2,3910.9,218.3,1.81,26.3,61.0,99.4,47.2,13,-20.19,6907,CLP-3DFEF,0
PEC-87213,torno_cnc,Aco_Inox,Soluvel,Turno_1,3088.9,264.1,1.44,60.0,67.1,101.6,42.9,71,18.53,7161,CLP-8B192,1
PEC-87214,Torno_CNC,Aluminio,Soluvel,Turno_1,3064.8,308.3,1.6,70.0,57.3,113.1,44.3,97,-32.24,1238,CLP-80C49,1
PEC-87215,Fresadora,Aluminio,Soluvel,Turno_1,2571.8,256.9,1.65,23.9,79.5,124.8,41.1,86,22.76,6253,CLP-D378A,1
PEC-87216,torno_cnc,Aco_Carbono,Sintetico,Turno_2,3388.6,243.3,0.83,20.0,77.1,105.5,37.4,155,-9.13,1951,CLP-5E912,1
PEC-87217,Fresadora,Aco_Inox,Soluvel,Turno_1,2671.6,215.2,1.03,65.1,61.9,96.3,38.0,95,-7.7,4932,CLP-59D20,1
PEC-87218,Celula_Robotica,Aco_Inox,Soluvel,Turno_1,3399.1,268.7,1.36,21.6,56.5,101.7,39.6,168,-22.92,3536,CLP-CD314,1
PEC-87219,Centro_Usinagem,Aluminio,Sintetico,Turno_1,3461.0,265.9,0.53,23.2,59.8,113.8,34.4,59,-1.23,5206,CLP-D4B01,0
PEC-87220,Celula_Robotica,Aco_Carbono,Soluvel,Turno_1,2862.6,213.8,0.69,,59.4,105.0,47.3,157,11.62,1754,CLP-4A60C,1
PEC-87221,Torno_CNC,Latao,Soluvel,Turno_2,3630.5,301.3,3.29,32.4,70.9,153.3,49.5,158,2.9,1836,CLP-A9F16,1
PEC-87222,Torno_CNC,Latao,Soluvel,Turno_3,3076.3,335.3,2.98,18.8,67.3,149.7,43.9,35,15.78,6748,CLP-8A007,1
PEC-87223,Torno_CNC,Latao,Soluvel,Turno_1,2537.9,252.4,4.28,36.3,74.9,137.5,46.4,96,-1.8,3489,CLP-7477E,1
PEC-87224,Centro_Usinagem,Aco_Inox,Soluvel,Turno_2,3895.4,265.1,2.11,25.8,82.8,125.6,43.2,69,2.26,2543,CLP-E4DD7,1
PEC-87225,Celula_Robotica,Aco_Inox,Seco,Turno_1,2784.4,194.8,2.28,53.3,68.6,125.7,54.1,3,9.91,8034,CLP-961DA,1
PEC-87226,Centro_Usinagem,Aco_Inox,Soluvel,Turno_1,3428.2,286.9,0.77,,72.1,139.8,45.4,170,25.12,1704,CLP-2EFE9,1
PEC-87227,Torno_CNC,Aco_Inox,Soluvel,Turno_1,3391.6,273.2,1.11,11.6,94.5,122.0,47.2,39,10.43,6093,CLP-6988B,1
PEC-87228,Celula_Robotica,Aco_Carbono,Soluvel,Turno_3,3375.1,233.7,3.27,47.5,71.8,107.6,51.4,44,4.65,2544,CLP-B6956,1
PEC-87229, TORNO_CNC ,Aco_Carbono,Soluvel,Turno_2,3367.3,212.8,1.44,,59.1,151.8,44.8,115,-15.28,3275,CLP-7D8E5,0
PEC-87230,Torno_CNC,Aco_Inox,Sintetico,Turno_2,2763.4,342.4,3.59,34.0,64.2,128.6,56.1,31,-22.4,9791,CLP-B0C1E,1
PEC-87231, TORNO_CNC ,Aluminio,Soluvel,Turno_2,3961.1,269.1,3.32,104.1,45.0,141.8,39.7,161,4.81,6201,CLP-BD8B4,1
PEC-87232,Torno_CNC,Latao,Soluvel,Turno_1,3630.3,204.1,3.49,28.2,71.5,147.2,58.8,142,13.97,7631,CLP-E3115,1
PEC-87233,torno_cnc,Aluminio,Soluvel,Turno_3,3413.8,292.8,3.26,10.8,58.4,93.4,43.4,98,9.46,9435,CLP-AEBBC,1
PEC-87234,Torno_CNC,Aco_Inox,Semi_Sintetico,Turno_1,2600.2,261.5,3.33,24.5,54.3,107.0,39.8,177,-19.5,7858,CLP-A0BF9,1
PEC-87235, TORNO_CNC ,Aluminio,Soluvel,Turno_1,2759.7,252.9,2.69,27.8,54.6,117.0,32.4,29,1.28,3589,CLP-BFFDF,1
PEC-87236,Fresadora,Aco_Inox,Soluvel,Turno_1,3495.9,298.9,3.21,55.8,78.7,127.5,52.0,8,-1.15,6597,CLP-7CD82,1
PEC-87237,Centro_Usinagem,Aluminio,Sintetico,Turno_1,2298.3,119.4,2.6,12.6,61.9,133.7,42.1,77,-6.54,6680,CLP-28E36,0
PEC-87238,Fresadora,Aluminio,Soluvel,Turno_1,3352.4,159.6,1.32,19.9,74.2,119.1,46.1,49,23.63,8527,CLP-95A8F,0
PEC-87239, TORNO_CNC ,Aco_Inox,Semi_Sintetico,Turno_2,2601.0,319.0,1.37,6.8,69.6,139.4,47.1,144,5.62,4428,CLP-70CB8,1
PEC-87240,Centro_Usinagem,Latao,Sintetico,Turno_1,2809.4,243.6,2.12,47.4,67.4,129.1,41.1,89,-18.29,8315,CLP-ECF01,1
PEC-87241,Centro_Usinagem,Aluminio,Soluvel,Turno_2,2565.0,228.7,0.56,52.7,60.4,129.0,53.6,168,-8.64,5330,CLP-F1828,1
PEC-87242,Torno_CNC,Aluminio,Sintetico,Turno_1,3310.7,183.1,4.06,26.4,70.9,115.8,48.6,161,0.13,2918,CLP-1B90C,1
PEC-87243,torno_cnc,Latao,Seco,Turno_3,3702.4,259.7,1.57,32.0,59.9,124.7,38.2,3,-30.99,7326,CLP-B8327,1
PEC-87244,Torno_CNC,Aco_Inox,Sintetico,Turno_1,3356.6,265.9,0.71,53.5,66.9,124.6,34.2,13,16.96,2800,CLP-4DF93,1
PEC-87245,Torno_CNC,Aco_Inox,Seco,Turno_2,3406.0,322.0,2.2,15.9,78.3,134.4,51.2,174,21.35,5888,CLP-836DF,1
PEC-87246,Fresadora,Aco_Carbono,Soluvel,Turno_2,3275.6,268.6,3.76,37.7,80.8,100.2,43.1,26,-25.07,4112,CLP-9E540,1
PEC-87247,Centro_Usinagem,Aco_Inox,Soluvel,Turno_1,3507.2,234.9,2.09,121.3,59.8,130.5,50.6,162,2.97,1515,CLP-E51D1,1
PEC-87248,Torno_CNC,Aco_Carbono,Seco,Turno_1,3410.2,270.3,1.55,42.5,69.5,95.3,43.0,139,27.37,6736,CLP-CD930,1
PEC-87249,Centro_Usinagem,Aco_Inox,Soluvel,Turno_1,1978.2,305.5,2.68,7.8,72.0,107.2,46.7,33,9.02,3198,CLP-8992F,0
PEC-87250,Centro_Usinagem,Aco_Inox,Seco,Turno_1,3607.8,294.6,2.8,17.0,67.8,129.1,51.4,87,27.33,9344,CLP-6786E,1
PEC-87251,Centro_Usinagem,Aluminio,Soluvel,Turno_1,3560.5,281.1,3.54,30.6,74.2,107.4,33.0,168,18.75,1717,CLP-C622C,1
PEC-87252,Torno_CNC,Aco_Inox,Seco,Turno_2,3037.0,263.7,3.7,7.6,74.3,120.4,58.5,39,4.45,4110,CLP-60164,1
PEC-87253,Centro_Usinagem,Aco_Carbono,Soluvel,Turno_2,2311.6,220.9,3.32,44.5,87.1,106.2,48.0,174,-21.47,1532,CLP-A9C05,1
PEC-87254,Torno_CNC,Aluminio,Soluvel,Turno_2,3309.1,198.4,0.52,42.2,90.9,129.0,28.6,113,10.67,4421,CLP-7932D,1
PEC-87255,torno_cnc,Latao,Semi_Sintetico,Turno_1,3347.0,190.4,0.51,78.2,63.0,120.7,55.8,42,7.84,2113,CLP-ABC13,1
PEC-87256,Torno_CNC,Aco_Carbono,Soluvel,Turno_3,3001.8,269.7,4.41,29.3,84.9,119.6,52.9,129,-5.42,8156,CLP-F2A31,1
PEC-87257,Torno_CNC,Aco_Inox,Soluvel,Turno_1,3284.0,274.9,1.56,46.2,70.3,136.5,43.5,67,17.11,2647,CLP-702C1,1
PEC-87258,Fresadora,Aco_Carbono,Soluvel,Turno_1,3682.3,304.7,1.63,12.0,62.9,126.3,56.2,152,-4.65,7565,CLP-6F76A,1
PEC-87259, TORNO_CNC ,Aluminio,Sintetico,Turno_1,4278.9,278.1,3.43,,72.3,127.4,39.9,167,5.98,3007,CLP-511C1,1
PEC-87260,Torno_CNC,Aluminio,Seco,Turno_1,3266.1,302.5,2.83,11.6,62.2,136.6,44.0,110,-12.67,7000,CLP-ABA88,1
PEC-87261,Torno_CNC,Aco_Carbono,Soluvel,Turno_2,3350.3,243.5,2.35,,64.5,138.2,63.8,109,7.83,3955,CLP-5676F,1
PEC-87262,Fresadora,Aluminio,Soluvel,Turno_2,2829.3,288.5,0.97,24.5,51.8,105.7,49.2,176,1.06,9546,CLP-ACF47,1
PEC-87263,Torno_CNC,Aluminio,Soluvel,Turno_2,2974.4,199.9,0.83,27.1,66.0,131.1,53.7,20,3.56,7130,CLP-EFDF5,1
PEC-87264,Centro_Usinagem,Aluminio,Sintetico,Turno_2,3138.8,247.0,3.31,41.2,76.2,126.5,51.5,130,10.11,5810,CLP-C7102,1
PEC-87265,Torno_CNC,Aco_Inox,Soluvel,Turno_3,3730.0,158.4,1.0,10.3,73.6,139.7,33.9,136,21.14,4332,CLP-A1F37,1
PEC-87266,Torno_CNC,Aco_Inox,Soluvel,Turno_2,3568.5,251.6,2.24,13.5,69.4,100.7,47.4,66,-29.4,3605,CLP-EC4B1,1
PEC-87267, TORNO_CNC ,Aluminio,Soluvel,Turno_2,4068.2,311.2,3.44,61.0,85.8,109.6,46.7,116,-11.97,1929,CLP-E480E,1
PEC-87268, TORNO_CNC ,Aco_Inox,Sintetico,Turno_1,2529.4,253.5,4.19,35.1,90.6,117.0,54.5,171,13.48,2356,CLP-18B61,1
PEC-87269, TORNO_CNC ,Aco_Inox,Semi_Sintetico,Turno_1,2604.3,286.1,3.99,6.0,71.0,141.0,57.0,82,-10.17,4692,CLP-C3981,0
PEC-87270,Torno_CNC,Aco_Inox,Sintetico,Turno_2,3695.9,263.7,3.96,71.0,84.2,115.7,55.3,120,8.12,8395,CLP-32A37,1
PEC-87271,Celula_Robotica,Aluminio,Soluvel,Turno_1,3852.0,221.5,1.93,39.8,69.2,119.4,41.2,44,-6.15,6886,CLP-41E3A,1
PEC-87272,Fresadora,Aco_Inox,Sintetico,Turno_2,3214.9,240.7,4.21,12.2,66.1,109.7,33.5,130,-7.92,8702,CLP-78395,1
PEC-87273,Torno_CNC,Aco_Carbono,Semi_Sintetico,Turno_1,1190.5,309.0,3.23,,76.5,131.8,49.0,112,22.01,6507,CLP-8C5ED,1
PEC-87274, TORNO_CNC ,Aco_Inox,Soluvel,Turno_3,2865.4,285.8,4.05,33.2,64.2,130.1,44.3,34,16.93,3945,CLP-48087,1
PEC-87275,Centro_Usinagem,Aluminio,Soluvel,Turno_3,3351.0,219.1,0.86,33.8,36.7,111.8,36.6,6,7.76,4624,CLP-B93A1,1
PEC-87276,Torno_CNC,Aluminio,Soluvel,Turno_1,2795.3,180.6,0.66,62.3,61.9,104.3,39.4,47,-1.19,1281,CLP-37A2A,1
PEC-87277,Torno_CNC,Aluminio,Sintetico,Turno_3,3283.3,260.3,2.22,20.5,46.9,131.6,44.5,51,5.97,1028,CLP-D7FA4,0
PEC-87278,Fresadora,Aco_Inox,Sintetico,Turno_3,4054.3,220.9,3.81,32.9,60.3,127.6,47.1,21,-13.76,5504,CLP-3A8F9,0
PEC-87279,Fresadora,Latao,Sintetico,Turno_3,3841.8,241.1,2.13,35.6,58.5,110.0,40.6,110,8.53,8809,CLP-317C5,1
PEC-87280,torno_cnc,Latao,Soluvel,Turno_1,3564.0,177.3,4.04,33.6,58.5,130.4,44.9,80,17.78,9738,CLP-7C3A6,1
PEC-87281,Torno_CNC,Aco_Carbono,Soluvel,Turno_3,3171.0,302.0,1.44,7.6,52.4,129.6,44.4,66,-7.64,3522,CLP-E8102,0
PEC-87282,Torno_CNC,Latao,Seco,Turno_1,2977.4,245.2,0.66,23.5,50.6,138.4,47.2,16,14.08,2619,CLP-F3AFB,0
PEC-87283,Fresadora,Aluminio,Soluvel,Turno_2,3541.0,252.7,3.55,19.5,57.2,132.7,37.2,160,-1.15,7398,CLP-8286B,1
PEC-87284,Torno_CNC,Aluminio,Seco,Turno_2,3211.4,208.4,3.0,177.6,60.5,114.9,39.4,38,0.51,7767,CLP-EEA9E,1
PEC-87285,torno_cnc,Aco_Carbono,Sintetico,Turno_2,3226.9,236.1,2.26,26.9,61.4,108.6,55.8,16,-5.14,7462,CLP-2849B,1
PEC-87286,torno_cnc,Aluminio,Soluvel,Turno_1,2502.0,256.1,3.88,25.0,68.1,150.2,42.9,136,-5.92,7250,CLP-56E82,1
PEC-87287,Torno_CNC,Aco_Carbono,Soluvel,Turno_3,,219.3,3.8,28.1,73.5,112.3,48.8,111,19.28,4351,CLP-5887E,1
PEC-87288,Celula_Robotica,Aco_Carbono,Seco,Turno_2,3538.3,239.2,1.8,93.1,52.9,92.5,35.3,27,-14.03,1124,CLP-3532D,1
PEC-87289,Centro_Usinagem,Latao,Soluvel,Turno_1,,319.3,3.85,38.1,54.5,101.9,54.5,4,-12.61,9203,CLP-59189,0
PEC-87290,Fresadora,Aco_Inox,Semi_Sintetico,Turno_2,3319.6,162.5,1.88,22.3,85.0,89.6,54.2,160,20.36,6489,CLP-2F6D8,1
PEC-87291,Torno_CNC,Aco_Carbono,Soluvel,Turno_3,3385.6,259.2,2.99,90.3,74.1,138.3,47.4,85,-11.09,8127,CLP-74F3D,1
PEC-87292,Torno_CNC,Aluminio,Sintetico,Turno_3,3411.9,210.7,1.27,98.0,55.7,147.3,40.1,14,5.03,4017,CLP-DD258,1
PEC-87293, TORNO_CNC ,Aluminio,Semi_Sintetico,Turno_2,3452.1,316.8,1.56,15.7,50.0,123.7,33.5,114,-18.43,6223,CLP-714B5,0
PEC-87294,Torno_CNC,Aco_Inox,Seco,Turno_1,3482.5,241.0,2.29,22.5,59.0,95.9,63.2,115,2.78,1023,CLP-B25C0,1
PEC-87295,Celula_Robotica,Aco_Carbono,Soluvel,Turno_1,2919.3,197.6,1.76,,62.0,138.0,41.8,69,-22.01,1251,CLP-3011F,1
PEC-87296,Torno_CNC,Latao,Sintetico,Turno_1,2539.6,239.2,1.02,32.3,73.2,127.0,33.5,94,-7.47,5975,CLP-C8254,1
PEC-87297, TORNO_CNC ,Aco_Inox,Soluvel,Turno_1,2806.9,267.5,2.43,24.8,37.4,138.5,40.2,85,5.45,6716,CLP-28B3D,0
PEC-87298, TORNO_CNC ,Aluminio,Soluvel,Turno_1,3528.5,388.8,2.55,12.6,53.4,128.8,48.2,24,24.73,6869,CLP-294CB,0
PEC-87299,Fresadora,Aco_Inox,Soluvel,Turno_1,2659.6,144.5,1.13,22.0,86.6,99.2,35.0,87,8.77,9533,CLP-DFA9B,1
PEC-87300,Torno_CNC,Latao,Soluvel,Turno_1,2731.7,190.0,1.2,39.9,65.2,129.9,40.3,32,-6.76,2665,CLP-733DB,1
PEC-87301, TORNO_CNC ,Aluminio,Soluvel,Turno_3,2729.2,315.3,0.62,6.4,65.7,96.7,33.5,58,9.04,7883,CLP-AF376,0
PEC-87302,Torno_CNC,Aco_Inox,Soluvel,Turno_2,2369.3,174.6,0.62,8.0,58.2,108.4,56.5,20,4.84,4635,CLP-18DA7,0
PEC-87303,Centro_Usinagem,Aco_Inox,Seco,Turno_3,2683.8,250.5,1.93,5.2,74.5,135.5,44.3,130,-14.9,5422,CLP-9A920,1
PEC-87304,Torno_CNC,Aluminio,Sintetico,Turno_1,3650.2,225.8,1.09,13.6,43.4,134.8,33.4,73,20.4,1857,CLP-E52D2,1
PEC-87305,Centro_Usinagem,Aco_Inox,Soluvel,Turno_2,2877.5,218.0,4.18,12.1,59.9,105.8,37.8,45,-22.41,7362,CLP-39C4F,0
PEC-87306,Centro_Usinagem,Aluminio,Seco,Turno_1,2413.0,241.4,1.3,71.6,40.0,102.9,39.8,15,-12.01,8561,CLP-70D0F,0
PEC-87307,Torno_CNC,Latao,Soluvel,Turno_2,2969.8,233.4,0.76,12.2,64.8,120.4,45.2,130,-11.47,6782,CLP-40BDE,0
PEC-87308,Fresadora,Aco_Carbono,Soluvel,Turno_2,3429.7,302.9,2.12,42.9,59.6,150.0,37.7,175,-11.8,2301,CLP-994EC,1
PEC-87309,Torno_CNC,Aco_Inox,Sintetico,Turno_2,2376.2,316.4,1.27,9.4,45.4,128.4,42.1,85,14.24,5553,CLP-5BCD7,0
PEC-87310,Celula_Robotica,Latao,Soluvel,Turno_3,3629.0,271.3,0.75,36.5,77.1,155.3,39.9,73,2.32,4639,CLP-DF53F,1
PEC-87311,torno_cnc,Aluminio,Sintetico,Turno_3,2551.6,238.2,3.51,25.0,73.3,117.5,33.5,41,7.27,4256,CLP-DCEF8,1
PEC-87312,Torno_CNC,Aco_Inox,Soluvel,Turno_2,3022.0,262.9,2.73,23.4,77.4,133.2,37.7,91,-7.87,9465,CLP-36647,1
PEC-87313, TORNO_CNC ,Aco_Inox,Soluvel,Turno_1,3016.3,290.3,0.73,73.0,46.9,115.3,38.8,166,19.6,6877,CLP-4BD52,0
PEC-87314,Torno_CNC,Aco_Inox,Soluvel,Turno_3,2947.4,300.1,2.37,11.4,53.0,108.0,35.2,52,-31.78,9099,CLP-CC8DC,1
PEC-87315,Celula_Robotica,Aco_Carbono,Seco,Turno_2,3170.8,268.5,0.66,36.7,79.4,105.7,33.5,121,19.69,6102,CLP-1ADCA,1
PEC-87316,Torno_CNC,Aco_Inox,Sintetico,Turno_2,3550.4,326.4,1.92,65.4,74.7,125.3,40.2,50,3.34,1168,CLP-46D53,1
PEC-87317,Fresadora,Aco_Inox,Sintetico,Turno_2,3181.6,219.2,1.95,48.8,81.8,139.4,51.9,20,-1.33,9333,CLP-D8B93,1
PEC-87318, TORNO_CNC ,Aco_Carbono,Sintetico,Turno_1,2927.4,307.0,3.79,,62.1,115.1,43.8,86,-18.88,2872,CLP-65525,1
PEC-87319,Celula_Robotica,Aluminio,Soluvel,Turno_1,3405.8,285.2,3.44,5.1,63.7,141.3,19.5,17,9.87,4122,CLP-CE02F,1
PEC-87320,Torno_CNC,Aco_Carbono,Sintetico,Turno_1,3293.3,219.5,4.09,80.5,72.4,147.5,53.1,62,16.76,3350,CLP-72C49,1
PEC-87321,torno_cnc,Aco_Carbono,Soluvel,Turno_1,2898.7,261.6,1.06,38.3,48.8,133.0,39.5,50,-21.51,7484,CLP-CEDB9,1
PEC-87322, TORNO_CNC ,Aco_Inox,Soluvel,Turno_2,3219.0,265.1,2.64,5.1,67.3,124.9,56.5,66,-13.33,6139,CLP-8A0DB,0
PEC-87323,Fresadora,Aco_Carbono,Sintetico,Turno_1,2861.4,242.9,0.58,26.9,95.4,109.9,51.5,63,9.61,7617,CLP-7D21C,1
PEC-87324,Torno_CNC,Aco_Inox,Soluvel,Turno_3,2810.4,242.4,3.8,56.1,60.7,139.5,42.5,79,-2.07,7185,CLP-6C84A,1
PEC-87325,Torno_CNC,Aluminio,Soluvel,Turno_2,3562.6,173.8,1.97,12.1,45.8,102.9,43.4,113,-24.42,3264,CLP-2D054,1
PEC-87326,Torno_CNC,Aluminio,Semi_Sintetico,Turno_1,3401.1,215.5,0.78,44.7,69.9,129.1,35.9,137,18.76,8304,CLP-85E79,1
PEC-87327,Fresadora,Aco_Inox,Sintetico,Turno_1,3546.7,238.1,1.8,10.3,54.2,100.7,50.2,161,12.8,8848,CLP-A2C12,1
PEC-87328,Torno_CNC,Latao,Sintetico,Turno_2,3485.8,221.4,1.65,61.9,63.7,104.1,57.9,173,-21.06,5558,CLP-E5DFA,1
PEC-87329,torno_cnc,Aluminio,Soluvel,Turno_1,2800.8,207.2,3.56,34.4,78.1,119.1,39.2,161,6.14,2740,CLP-599AF,1
PEC-87330,Torno_CNC,Aco_Inox,Soluvel,Turno_2,3650.6,303.1,1.01,6.2,71.7,130.6,40.2,132,-5.27,2248,CLP-4EBE8,1
PEC-87331,Centro_Usinagem,Latao,Sintetico,Turno_3,3066.1,244.8,2.72,8.3,59.1,135.1,60.8,123,-0.7,5105,CLP-83BEB,0
PEC-87332,Celula_Robotica,Aluminio,Sintetico,Turno_2,3618.1,358.3,3.68,74.8,75.1,120.1,45.7,137,-4.5,9281,CLP-74554,1
PEC-87333,torno_cnc,Aluminio,Sintetico,Turno_1,3143.7,261.1,3.46,6.2,45.0,113.7,32.8,93,-0.09,5007,CLP-2D36D,1
PEC-87334, TORNO_CNC ,Aluminio,Seco,Turno_3,,302.0,4.24,17.4,67.4,108.1,34.1,104,-7.8,4339,CLP-DC66D,1
PEC-87335,Torno_CNC,Aco_Carbono,Seco,Turno_1,3354.5,239.6,0.5,34.3,60.4,130.5,58.6,119,17.09,2903,CLP-BD576,1
PEC-87336,Torno_CNC,Aco_Inox,Soluvel,Turno_1,3565.9,216.9,1.92,13.4,36.7,129.9,48.8,74,-8.9,2996,CLP-58BB8,1
PEC-87337,Torno_CNC,Aco_Inox,Semi_Sintetico,Turno_2,2464.5,263.1,1.98,13.9,50.5,122.7,36.6,121,-5.96,1184,CLP-3E5B3,1
PEC-87338,Fresadora,Aluminio,Sintetico,Turno_3,2490.6,314.8,0.63,57.4,64.8,124.5,47.7,151,-5.72,8966,CLP-BEC53,1
PEC-87339,torno_cnc,Aco_Inox,Sintetico,Turno_1,3502.3,245.5,3.77,17.0,74.0,144.0,38.3,107,11.94,1019,CLP-3B134,1
PEC-87340,Celula_Robotica,Aco_Carbono,Soluvel,Turno_3,3360.4,272.3,3.26,6.4,65.3,135.2,29.6,127,-7.79,8144,CLP-BA326,1
PEC-87341, TORNO_CNC ,Aco_Inox,Sintetico,Turno_1,2851.0,262.9,2.61,49.7,61.4,98.8,42.2,1,4.82,4363,CLP-3DCED,0
PEC-87342,Fresadora,Aco_Inox,Seco,Turno_1,3363.9,245.1,2.12,113.0,74.7,133.3,44.9,112,0.76,6269,CLP-E6F5C,1
PEC-87343, TORNO_CNC ,Aco_Inox,Semi_Sintetico,Turno_2,2566.4,247.7,4.08,67.4,68.3,140.7,32.5,144,4.65,8725,CLP-5FCC0,1
PEC-87344,torno_cnc,Aco_Carbono,Semi_Sintetico,Turno_1,4668.9,200.1,1.56,32.8,77.0,107.7,34.9,70,10.1,9851,CLP-908A0,1
PEC-87345,Torno_CNC,Aco_Carbono,Soluvel,Turno_1,3790.2,249.4,1.84,24.4,71.9,134.2,37.0,147,4.38,2684,CLP-19D6F,1
PEC-87346, TORNO_CNC ,Aco_Inox,Soluvel,Turno_1,3480.0,282.7,4.31,95.7,56.5,165.1,43.4,162,18.55,6542,CLP-C6383,1
PEC-87347, TORNO_CNC ,Aluminio,Soluvel,Turno_1,3234.0,264.8,0.76,55.9,73.1,127.2,46.0,113,1.27,8434,CLP-F00EA,1
PEC-87348,Fresadora,Aco_Inox,Soluvel,Turno_1,,259.2,3.62,34.6,76.5,116.5,33.5,81,6.94,5695,CLP-4EA37,1
PEC-87349,Celula_Robotica,Aluminio,Sintetico,Turno_2,2610.4,286.3,3.37,79.2,81.8,118.5,40.3,60,0.27,7903,CLP-47564,1
PEC-87350,Torno_CNC,Aco_Inox,Soluvel,Turno_2,3148.8,259.7,4.11,37.2,58.7,122.0,41.2,63,13.76,4415,CLP-91E12,1
PEC-87351,Torno_CNC,Aluminio,Sintetico,Turno_3,2813.1,250.7,0.86,132.1,60.6,96.3,31.1,49,3.07,6482,CLP-E3C64,1
PEC-87352, TORNO_CNC ,Aluminio,Soluvel,Turno_2,2839.4,286.8,4.38,73.4,75.6,95.6,46.8,75,-46.22,7739,CLP-49B39,1
PEC-87353,torno_cnc,Latao,Soluvel,Turno_2,2562.5,256.8,0.62,33.0,75.1,124.1,49.8,93,-8.28,4030,CLP-9019D,1
PEC-87354,Torno_CNC,Aco_Inox,Soluvel,Turno_2,3312.3,238.2,1.85,94.7,58.9,119.3,47.5,60,15.27,2436,CLP-A2E69,1
PEC-87355,Fresadora,Aco_Carbono,Semi_Sintetico,Turno_3,3030.4,273.4,0.84,19.7,56.9,129.9,34.4,28,2.83,9572,CLP-7F51A,0
PEC-87356,Celula_Robotica,Aluminio,Soluvel,Turno_1,3440.8,248.2,0.7,47.2,59.8,115.8,49.8,77,0.12,8179,CLP-A01FD,1
PEC-87357,Celula_Robotica,Latao,Soluvel,Turno_1,3405.7,235.9,4.36,,66.0,121.2,44.2,132,-4.61,1914,CLP-717E5,1
PEC-87358,Torno_CNC,Aco_Inox,Semi_Sintetico,Turno_2,3303.3,257.8,3.38,84.0,54.3,134.3,52.9,80,0.06,3207,CLP-20575,1
PEC-87359,Centro_Usinagem,Aco_Inox,Seco,Turno_1,4396.7,258.4,2.52,15.0,70.0,85.9,48.8,54,4.2,5181,CLP-83557,1
PEC-87360,Fresadora,Aco_Carbono,Sintetico,Turno_3,3570.7,194.8,0.93,109.2,44.3,106.3,47.5,162,-3.1,2057,CLP-7791F,1
PEC-87361, TORNO_CNC ,Aco_Inox,Soluvel,Turno_2,2632.7,266.7,2.6,,55.0,112.1,42.7,16,-16.83,5453,CLP-B111D,0
PEC-87362,torno_cnc,Aco_Inox,Soluvel,Turno_1,3406.4,342.3,1.78,45.1,67.2,117.6,52.6,84,6.71,6308,CLP-EDFB1,1
PEC-87363,Centro_Usinagem,Aco_Inox,Seco,Turno_3,3175.7,201.0,1.59,10.7,54.0,98.7,35.9,102,-1.94,6841,CLP-C8570,1
PEC-87364, TORNO_CNC ,Aco_Carbono,Semi_Sintetico,Turno_1,2596.3,224.9,2.97,56.6,60.0,106.4,34.9,35,-3.67,7764,CLP-DD231,0
PEC-87365, TORNO_CNC ,Aco_Inox,Sintetico,Turno_3,,389.0,3.66,28.7,63.5,130.5,66.9,36,-23.28,4449,CLP-91796,1
PEC-87366, TORNO_CNC ,Aco_Carbono,Soluvel,Turno_3,3403.9,208.9,2.27,89.1,90.5,127.0,29.5,81,-19.67,7464,CLP-C1382,1
PEC-87367,torno_cnc,Aluminio,Soluvel,Turno_2,3513.9,314.3,2.47,48.9,49.3,78.1,35.5,165,4.37,2153,CLP-47F32,1
PEC-87368,Torno_CNC,Aco_Inox,Soluvel,Turno_1,,238.6,3.11,56.2,67.8,116.6,51.4,87,-20.05,7243,CLP-AE268,1
PEC-87369,Centro_Usinagem,Aluminio,Sintetico,Turno_1,3636.6,253.0,1.0,9.5,52.7,117.9,32.0,174,5.76,9169,CLP-1A92D,1
PEC-87370,Fresadora,Aco_Inox,Soluvel,Turno_2,3328.2,243.4,3.81,8.6,52.3,106.3,50.9,35,11.47,5790,CLP-C51D9,1
PEC-87371,Fresadora,Aluminio,Seco,Turno_3,3738.1,271.3,3.85,71.5,54.5,117.9,54.8,134,-38.62,7232,CLP-430C6,1
PEC-87372,Torno_CNC,Aluminio,Soluvel,Turno_1,3690.3,171.0,2.66,14.0,63.1,125.9,55.8,65,-4.31,9234,CLP-9A9E8,1
PEC-87373,Fresadora,Aluminio,Sintetico,Turno_1,3128.7,259.3,1.25,75.6,82.2,130.7,45.5,127,-8.44,2107,CLP-7FC66,1
PEC-87374,Torno_CNC,Aco_Inox,Soluvel,Turno_1,3936.0,229.8,2.5,10.4,79.1,121.5,35.6,104,-29.89,5863,CLP-A6BB0,1
PEC-87375,Torno_CNC,Aluminio,Sintetico,Turno_2,2694.1,156.8,0.92,17.9,59.5,129.7,37.7,3,22.57,4323,CLP-3A823,0
PEC-87376,torno_cnc,Aco_Carbono,Soluvel,Turno_3,4275.6,306.0,3.55,97.4,61.8,120.2,55.1,45,22.79,7362,CLP-3ACE3,1
PEC-87377, TORNO_CNC ,Aco_Carbono,Semi_Sintetico,Turno_1,2804.5,144.6,1.74,69.1,72.1,85.7,30.1,179,1.83,2856,CLP-CEB55,1
PEC-87378,torno_cnc,Aco_Carbono,Sintetico,Turno_1,3178.4,357.4,1.74,7.0,65.7,118.0,51.6,79,14.61,4798,CLP-79278,0
PEC-87379,Torno_CNC,Aco_Inox,Soluvel,Turno_2,2944.8,280.8,4.28,25.8,57.4,101.6,32.1,98,12.65,2209,CLP-80046,0
PEC-87380, TORNO_CNC ,Aco_Carbono,Semi_Sintetico,Turno_3,3030.4,182.0,2.19,89.2,72.9,121.7,44.2,25,15.24,1409,CLP-DD02C,1
PEC-87381,Torno_CNC,Aco_Inox,Sintetico,Turno_3,4515.6,316.9,3.66,5.5,84.5,116.7,40.0,81,-0.84,2315,CLP-CB58A,1
PEC-87382,Celula_Robotica,Aco_Inox,Seco,Turno_3,2991.8,212.5,3.05,9.0,77.7,116.6,41.5,55,-8.19,4201,CLP-9D6D2,1
PEC-87383,torno_cnc,Aco_Carbono,Seco,Turno_1,3583.0,214.8,1.76,41.3,81.3,107.4,55.7,66,21.61,4687,CLP-58C87,1
PEC-87384,Fresadora,Latao,Seco,Turno_1,3094.1,160.0,1.0,8.9,63.3,114.0,40.7,6,-28.12,3284,CLP-88E6D,0
PEC-87385,Torno_CNC,Aluminio,Soluvel,Turno_3,3621.4,206.8,3.69,25.9,52.0,124.6,53.3,151,-17.42,5181,CLP-9721F,1
PEC-87386,Torno_CNC,Aco_Inox,Soluvel,Turno_3,2955.1,212.7,3.55,29.8,41.0,106.3,39.2,50,26.28,9305,CLP-CF445,1
PEC-87387,Celula_Robotica,Aco_Inox,Seco,Turno_2,3315.3,290.9,1.18,73.9,40.1,110.7,47.1,77,0.72,5270,CLP-AB55F,0
PEC-87388,Torno_CNC,Aluminio,Soluvel,Turno_2,3482.9,308.4,1.5,115.4,62.6,93.7,44.0,97,-16.22,5935,CLP-92655,1
PEC-87389, TORNO_CNC ,Aco_Carbono,Soluvel,Turno_3,2875.2,188.0,3.56,30.1,71.1,124.2,34.0,138,-10.87,1332,CLP-3D43A,1
PEC-87390,Fresadora,Aco_Inox,Semi_Sintetico,Turno_2,,263.5,4.43,30.0,75.1,100.9,34.2,35,19.54,7348,CLP-47155,1
PEC-87391,Torno_CNC,Aco_Carbono,Soluvel,Turno_1,3506.4,158.0,3.87,50.4,67.9,120.4,42.9,86,-10.61,4400,CLP-1B1D5,1
PEC-87392,Centro_Usinagem,Aco_Inox,Sintetico,Turno_2,3098.3,263.7,3.24,12.5,56.3,130.6,41.9,77,1.23,2500,CLP-CF7EA,1
PEC-87393,torno_cnc,Aco_Carbono,Semi_Sintetico,Turno_3,2886.2,358.1,4.16,,72.9,139.1,50.4,70,-14.93,8922,CLP-5BDE6,1
PEC-87394,Torno_CNC,Latao,Semi_Sintetico,Turno_2,3241.3,161.0,1.64,5.0,50.6,115.2,30.2,105,-9.16,9073,CLP-D693B,1
PEC-87395,Torno_CNC,Aluminio,Soluvel,Turno_3,2652.8,199.3,0.54,5.1,51.8,129.4,38.4,140,-36.38,8720,CLP-A8BEF,0
PEC-87396,Torno_CNC,Aco_Inox,Soluvel,Turno_2,4002.0,286.4,1.78,39.4,72.4,119.9,48.4,87,18.22,6160,CLP-D027B,1
PEC-87397,Centro_Usinagem,Aco_Carbono,Soluvel,Turno_1,3394.1,292.3,4.39,19.6,50.2,91.9,43.0,177,-4.44,1613,CLP-B3C98,1
PEC-87398,Fresadora,Aluminio,Soluvel,Turno_1,3160.4,202.9,4.03,22.8,55.8,97.7,33.4,107,2.23,6050,CLP-EEE5C,1
PEC-87399,Torno_CNC,Aluminio,Soluvel,Turno_3,3670.7,323.7,0.7,13.8,53.3,132.7,47.9,47,0.55,9166,CLP-188A8,0
PEC-87400,Torno_CNC,Aluminio,Soluvel,Turno_2,2875.3,209.2,2.51,23.3,67.0,137.4,51.8,93,-6.09,2911,CLP-5DE44,1
PEC-87401,Fresadora,Aco_Inox,Sintetico,Turno_1,2679.8,333.7,0.82,66.6,72.1,88.2,37.0,95,3.67,2059,CLP-2F9FE,1
PEC-87402,torno_cnc,Aco_Carbono,Sintetico,Turno_3,3141.4,273.4,3.66,47.1,72.4,125.0,52.7,2,-22.74,9416,CLP-61999,1
PEC-87403, TORNO_CNC ,Aco_Inox,Semi_Sintetico,Turno_2,3257.4,313.6,1.99,8.5,58.0,124.0,40.2,146,-16.23,3749,CLP-68A7E,1
PEC-87404, TORNO_CNC ,Latao,Sintetico,Turno_3,3438.8,268.5,4.15,7.0,63.0,108.0,42.1,24,35.54,9706,CLP-DFA74,0
PEC-87405,Torno_CNC,Aco_Inox,Soluvel,Turno_2,2535.7,282.8,0.72,29.7,73.8,108.1,40.7,14,-2.72,8601,CLP-4C357,1
PEC-87406,Fresadora,Aco_Carbono,Sintetico,Turno_1,2994.7,285.5,3.44,50.8,58.6,104.2,53.1,38,10.53,8411,CLP-1CDE4,0
PEC-87407,Celula_Robotica,Aco_Inox,Semi_Sintetico,Turno_2,1812.4,307.2,2.1,43.2,54.0,91.2,43.7,41,-20.31,6106,CLP-217CD,0
PEC-87408,Torno_CNC,Aco_Inox,Soluvel,Turno_3,2667.9,248.4,1.57,74.9,57.3,104.2,51.2,34,-8.78,8779,CLP-7B932,1
PEC-87409,torno_cnc,Aco_Inox,Sintetico,Turno_1,3521.9,205.0,2.57,10.0,57.7,130.4,41.1,68,-5.51,7907,CLP-4B1FD,1
PEC-87410, TORNO_CNC ,Aco_Carbono,Soluvel,Turno_3,3632.5,246.1,2.44,37.6,65.4,114.7,47.9,72,-37.81,5985,CLP-2C204,1
PEC-87411, TORNO_CNC ,Aluminio,Soluvel,Turno_1,2686.1,216.6,1.9,55.8,64.7,131.0,36.3,166,40.02,3619,CLP-1AFEC,1
PEC-87412,Torno_CNC,Aco_Carbono,Seco,Turno_1,3053.9,219.9,3.1,102.2,63.0,90.0,53.0,91,12.31,6109,CLP-79092,1
PEC-87413,Centro_Usinagem,Aco_Inox,Seco,Turno_1,3211.5,332.7,3.15,8.7,55.4,126.6,42.5,30,-36.18,4166,CLP-C9852,0
PEC-87414, TORNO_CNC ,Aluminio,Sintetico,Turno_3,3685.1,281.1,0.81,14.6,53.8,131.7,55.0,67,39.98,1315,CLP-DA8E0,0
PEC-87415,torno_cnc,Aco_Carbono,Sintetico,Turno_2,3888.1,278.8,2.88,20.3,72.8,80.8,44.6,39,-0.03,1255,CLP-A9325,1
PEC-87416,Torno_CNC,Aco_Inox,Semi_Sintetico,Turno_2,3268.9,303.6,3.34,,69.1,112.1,45.8,157,-0.12,2509,CLP-443CB,1
PEC-87417,Torno_CNC,Aluminio,Seco,Turno_3,3082.7,280.9,0.8,23.4,59.8,125.2,63.3,42,16.81,1080,CLP-7F3F2,0
PEC-87418,Torno_CNC,Aluminio,Soluvel,Turno_1,2550.3,343.4,3.14,74.1,64.3,139.5,51.0,177,-6.11,8339,CLP-CACB6,1
PEC-87419,Fresadora,Aco_Inox,Sintetico,Turno_1,3248.6,145.3,3.72,110.2,79.5,99.3,46.6,88,2.7,7338,CLP-367DB,1
PEC-87420,Torno_CNC,Aco_Inox,Soluvel,Turno_1,4133.7,200.1,3.83,7.5,64.1,140.8,35.2,92,0.72,5013,CLP-8887D,1
PEC-87421,Fresadora,Aluminio,Soluvel,Turno_2,3780.6,215.0,0.67,47.1,64.9,126.6,39.0,95,7.86,1583,CLP-BD832,1
PEC-87422, TORNO_CNC ,Aco_Inox,Soluvel,Turno_2,3278.7,181.2,3.29,9.2,83.3,105.0,51.3,19,6.54,2115,CLP-ED55E,1
PEC-87423, TORNO_CNC ,Aco_Carbono,Semi_Sintetico,Turno_3,3336.5,255.6,3.69,84.9,77.8,134.9,42.3,157,9.26,5208,CLP-44E2D,1
PEC-87424, TORNO_CNC ,Latao,Semi_Sintetico,Turno_2,2890.2,258.0,2.09,10.4,57.3,154.5,43.3,33,3.35,2719,CLP-1C1E6,0
PEC-87425, TORNO_CNC ,Aluminio,Semi_Sintetico,Turno_1,3039.3,348.8,2.67,171.9,77.8,115.0,36.3,39,11.87,3498,CLP-6B390,1
PEC-87426,Torno_CNC,Aluminio,Soluvel,Turno_3,3266.4,295.2,1.56,24.5,63.0,113.7,48.2,165,17.1,9200,CLP-89E8C,1
PEC-87427,Torno_CNC,Aco_Inox,Sintetico,Turno_1,3267.8,224.6,1.74,21.8,52.4,105.7,45.8,141,-11.39,1974,CLP-EBC7F,0
PEC-87428,Fresadora,Aco_Carbono,Soluvel,Turno_3,3654.8,274.7,2.51,35.9,80.7,147.6,50.7,145,-15.05,3290,CLP-31E95,1
PEC-87429,Fresadora,Aco_Inox,Soluvel,Turno_1,3632.9,158.7,1.1,22.6,56.5,109.1,54.9,136,-13.68,3963,CLP-9302D,1
PEC-87430,Torno_CNC,Aluminio,Seco,Turno_1,3434.3,257.1,1.98,14.4,58.9,105.5,48.6,45,-9.23,6434,CLP-9BE52,1
PEC-87431, TORNO_CNC ,Latao,Soluvel,Turno_2,2750.4,254.4,1.71,39.7,60.4,110.6,35.6,35,14.22,4105,CLP-2FBC7,0
PEC-87432,Torno_CNC,Aluminio,Semi_Sintetico,Turno_1,2767.4,204.9,1.45,50.6,89.4,110.8,32.9,145,20.56,3872,CLP-22459,1
PEC-87433,Torno_CNC,Aco_Carbono,Soluvel,Turno_1,2800.4,239.9,2.44,106.7,53.6,111.3,50.8,19,-7.61,2064,CLP-4E79D,1
PEC-87434,Torno_CNC,Aluminio,Soluvel,Turno_2,3306.0,215.4,3.85,23.4,57.8,108.2,46.0,50,-1.11,4452,CLP-7D746,1
PEC-87435,Centro_Usinagem,Aco_Inox,Sintetico,Turno_1,,203.4,1.47,47.8,60.9,109.3,59.0,77,-3.03,7906,CLP-B08ED,0
PEC-87436,Torno_CNC,Aco_Carbono,Soluvel,Turno_1,,283.7,3.14,67.8,71.3,122.1,45.2,150,14.9,8642,CLP-5B121,1
PEC-87437,Torno_CNC,Aco_Inox,Soluvel,Turno_1,3833.9,301.7,1.52,67.3,64.2,140.2,31.2,84,8.18,1233,CLP-2D8CC,1
PEC-87438,Torno_CNC,Aco_Carbono,Soluvel,Turno_2,3500.1,275.5,1.07,6.2,57.0,105.1,34.9,164,29.03,4578,CLP-1C0EC,1
PEC-87439,Torno_CNC,Aco_Inox,Sintetico,Turno_1,,228.1,4.27,20.4,72.5,100.5,39.0,31,11.05,1574,CLP-B3F5D,1
PEC-87440,Fresadora,Aco_Carbono,Seco,Turno_1,999999.0,216.9,3.03,5.5,81.3,124.9,58.9,18,-1.29,8993,CLP-CA41A,1
PEC-87441,Torno_CNC,Aco_Inox,Semi_Sintetico,Turno_2,3562.6,229.7,0.92,33.7,45.5,128.0,54.4,148,4.51,5823,CLP-AB857,1
PEC-87442,Torno_CNC,Aluminio,Seco,Turno_2,,239.0,3.03,75.1,56.8,143.1,40.7,34,-3.47,6042,CLP-4B034,1
PEC-87443,Fresadora,Aluminio,Semi_Sintetico,Turno_2,3089.1,206.4,1.21,64.0,71.1,141.1,43.5,22,26.94,7193,CLP-B2FBD,1
PEC-87444,Torno_CNC,Aluminio,Semi_Sintetico,Turno_1,2934.9,302.7,4.05,63.4,50.2,96.2,34.1,122,-29.9,8932,CLP-24D3E,1
PEC-87445,Fresadora,Aco_Inox,Sintetico,Turno_1,3234.4,239.9,1.49,20.2,63.1,90.0,33.8,178,9.48,1163,CLP-BDAB7,1
PEC-87446,torno_cnc,Aluminio,Sintetico,Turno_2,3063.6,288.2,3.73,6.7,80.2,128.5,54.0,72,10.88,8148,CLP-D958E,1
PEC-87447,Torno_CNC,Aco_Inox,Soluvel,Turno_3,3553.0,180.0,1.3,11.6,72.5,128.1,52.5,150,21.23,7779,CLP-4DF52,1
PEC-87448,Fresadora,Aluminio,Semi_Sintetico,Turno_2,3758.5,215.6,2.73,,71.3,142.2,42.8,131,12.85,4741,CLP-319FB,1
PEC-87449,Torno_CNC,Aco_Inox,Soluvel,Turno_1,2584.7,293.0,4.15,10.0,74.0,125.9,59.7,173,7.93,1498,CLP-8E7E9,1
PEC-87450,torno_cnc,Aluminio,Soluvel,Turno_1,2648.4,293.7,1.68,,68.9,111.6,48.5,130,-6.19,4658,CLP-401FC,1
PEC-87451, TORNO_CNC ,Aco_Inox,Seco,Turno_3,3806.6,189.9,0.83,20.3,61.0,135.6,46.7,154,-0.48,6497,CLP-38D41,1
PEC-87452,Torno_CNC,Latao,Soluvel,Turno_2,3274.6,265.2,2.71,8.5,76.6,104.3,46.7,1,-7.9,6196,CLP-D08B2,1
PEC-87453,Fresadora,Aluminio,Seco,Turno_1,,266.5,1.19,19.0,59.3,150.1,36.5,125,-6.86,4830,CLP-EEFB0,1
PEC-87454,Centro_Usinagem,Aco_Inox,Sintetico,Turno_1,,214.6,3.41,127.4,63.1,124.1,52.6,53,11.02,4191,CLP-A0054,1
PEC-87455,Celula_Robotica,Aluminio,Soluvel,Turno_3,3353.8,267.8,2.86,5.7,45.1,108.9,52.6,80,10.32,6901,CLP-E2A41,1
PEC-87456,Fresadora,Aco_Carbono,Sintetico,Turno_1,4191.5,171.0,1.89,67.1,59.3,106.7,46.9,43,-6.02,5314,CLP-CCC2D,1
PEC-87457, TORNO_CNC ,Aco_Inox,Semi_Sintetico,Turno_2,3094.1,203.7,3.32,181.9,65.9,122.9,36.1,146,-11.73,6270,CLP-AEE3B,1
PEC-87458,Torno_CNC,Aluminio,Soluvel,Turno_2,3698.9,279.9,1.45,25.1,65.3,118.8,53.7,167,-13.81,9626,CLP-C7CAA,1
PEC-87459,Torno_CNC,Aluminio,Semi_Sintetico,Turno_1,2548.0,251.5,4.17,105.3,76.1,117.9,30.6,31,9.77,5225,CLP-1E115,1
PEC-87460, TORNO_CNC ,Aco_Inox,Semi_Sintetico,Turno_1,3828.2,254.1,1.89,15.6,59.7,100.3,38.8,46,-18.78,8439,CLP-1AE45,1
PEC-87461, TORNO_CNC ,Aco_Carbono,Soluvel,Turno_1,3624.9,241.2,3.55,146.2,60.2,117.6,49.6,1,-21.53,9774,CLP-26087,1
PEC-87462,Centro_Usinagem,Aco_Inox,Soluvel,Turno_3,3922.0,276.8,1.53,74.2,58.5,132.4,41.7,174,10.56,7607,CLP-573D0,1
PEC-87463, TORNO_CNC ,Aco_Inox,Soluvel,Turno_2,3699.8,279.3,3.36,80.6,67.9,108.7,37.1,129,-13.04,1138,CLP-ACDD5,1
PEC-87464, TORNO_CNC ,Aco_Carbono,Soluvel,Turno_3,3155.4,289.6,0.63,9.9,83.6,123.8,56.1,56,14.98,7342,CLP-45731,1
PEC-87465, TORNO_CNC ,Aluminio,Soluvel,Turno_2,2673.0,256.3,1.68,76.4,37.3,136.8,54.1,46,-13.09,8768,CLP-5AA40,0
PEC-87466,Centro_Usinagem,Aco_Carbono,Sintetico,Turno_3,,230.6,0.87,104.5,59.1,129.5,53.5,88,-12.55,4210,CLP-9765D,1
PEC-87467,Fresadora,Aluminio,Soluvel,Turno_3,2407.5,222.1,2.3,64.8,60.8,101.8,47.7,56,0.5,5640,CLP-568AA,1
PEC-87468,Fresadora,Aco_Carbono,Semi_Sintetico,Turno_2,2785.6,197.2,2.24,8.4,39.4,124.8,45.3,78,-12.5,1360,CLP-D7488,0
PEC-87469,Torno_CNC,Aco_Carbono,Soluvel,Turno_1,3391.6,229.9,1.94,8.1,63.5,142.0,58.9,23,-19.56,4451,CLP-A4D50,1
PEC-87470,Centro_Usinagem,Aco_Inox,Soluvel,Turno_2,3178.5,219.7,4.42,20.5,60.8,127.5,56.5,48,-5.63,5512,CLP-A3273,1
PEC-87471,Torno_CNC,Aco_Carbono,Sintetico,Turno_2,3099.4,330.1,1.48,47.7,59.7,137.7,44.3,136,27.05,2449,CLP-3D989,1
PEC-87472,Centro_Usinagem,Aluminio,Semi_Sintetico,Turno_2,2843.1,197.7,3.66,5.4,51.8,134.7,66.7,66,-5.28,4768,CLP-4FA86,1
PEC-87473,torno_cnc,Aco_Inox,Sintetico,Turno_3,2402.4,301.9,2.29,110.3,64.0,102.9,44.0,5,1.12,9263,CLP-733D9,1
PEC-87474, TORNO_CNC ,Aluminio,Soluvel,Turno_1,3281.9,236.6,1.84,31.1,51.0,146.7,48.1,38,-2.26,7343,CLP-2F631,1
PEC-87475, TORNO_CNC ,Aco_Inox,Semi_Sintetico,Turno_1,3370.6,239.7,1.31,20.5,54.9,138.8,56.1,97,3.97,5185,CLP-D2009,1
PEC-87476,Fresadora,Aco_Carbono,Soluvel,Turno_2,2753.8,270.1,3.03,33.8,62.6,115.8,48.0,132,6.23,9147,CLP-49CD1,1
PEC-87477,Torno_CNC,Aluminio,Soluvel,Turno_1,2960.0,179.1,1.83,49.0,77.3,139.4,42.9,167,2.17,2767,CLP-7BD5A,1
PEC-87478,Centro_Usinagem,Latao,Soluvel,Turno_2,3894.0,210.0,3.75,16.2,69.9,118.1,48.1,8,18.09,6954,CLP-5F8AE,1
PEC-87479, TORNO_CNC ,Aco_Inox,Semi_Sintetico,Turno_3,3721.8,187.9,4.37,17.0,72.4,118.7,45.0,93,11.44,5283,CLP-53402,1
PEC-87480,Torno_CNC,Aluminio,Soluvel,Turno_2,2532.0,231.0,1.41,27.1,88.5,106.6,28.0,93,0.73,8114,CLP-3C223,1
PEC-87481,Torno_CNC,Aco_Inox,Sintetico,Turno_3,3161.9,204.5,1.01,,70.3,104.5,53.0,37,1.97,5190,CLP-8AA45,0
PEC-87482, TORNO_CNC ,Aluminio,Sintetico,Turno_2,3854.7,315.9,1.76,47.9,52.4,122.2,40.0,166,48.86,1870,CLP-D4318,1
PEC-87483, TORNO_CNC ,Aco_Carbono,Seco,Turno_2,3102.6,220.8,2.37,18.7,58.2,116.2,35.8,120,9.68,1933,CLP-6A35F,1
PEC-87484, TORNO_CNC ,Aco_Carbono,Soluvel,Turno_2,3079.0,131.1,1.7,18.6,54.7,97.7,54.6,111,21.82,3065,CLP-76D82,1
PEC-87485,Fresadora,Aco_Carbono,Soluvel,Turno_1,3691.7,233.3,4.38,28.4,63.4,125.3,48.0,140,35.88,7802,CLP-9774D,1
PEC-87486, TORNO_CNC ,Aco_Carbono,Soluvel,Turno_2,3644.2,290.4,3.62,32.3,60.1,127.7,50.4,104,-17.15,1534,CLP-3CB06,1
PEC-87487,Celula_Robotica,Aco_Inox,Soluvel,Turno_1,3620.9,331.5,4.36,41.7,53.7,124.5,44.0,112,0.37,6337,CLP-7F40B,1
PEC-87488,torno_cnc,Aco_Inox,Sintetico,Turno_3,3082.1,238.5,1.99,38.7,76.1,124.4,46.8,59,-11.77,1519,CLP-7181D,0
PEC-87489,Centro_Usinagem,Aluminio,Sintetico,Turno_1,3498.3,224.2,1.72,21.3,76.9,126.1,42.6,111,-24.11,6070,CLP-1A5CA,1
PEC-87490,Torno_CNC,Aluminio,Semi_Sintetico,Turno_1,3872.6,249.3,2.13,17.3,67.2,122.5,38.1,19,-19.87,6787,CLP-BE245,1
PEC-87491, TORNO_CNC ,Aco_Inox,Semi_Sintetico,Turno_2,3177.6,270.8,2.59,17.9,53.0,125.2,50.5,67,-8.28,4501,CLP-89577,0
PEC-87492,Torno_CNC,Aluminio,Seco,Turno_2,,193.6,3.47,41.3,66.5,127.6,46.9,168,13.57,6626,CLP-DACBD,1
PEC-87493,torno_cnc,Aluminio,Soluvel,Turno_1,3753.5,237.8,4.02,24.9,57.7,111.2,58.8,23,2.39,7055,CLP-9E818,1
PEC-87494,Centro_Usinagem,Aco_Inox,Seco,Turno_1,4120.4,247.5,2.35,10.0,80.4,101.0,27.1,144,8.84,2355,CLP-81D64,1
PEC-87495,Torno_CNC,Aco_Carbono,Soluvel,Turno_3,4151.8,252.3,1.66,,50.7,124.8,54.4,156,5.43,4114,CLP-C65E8,1
PEC-87496,Torno_CNC,Aluminio,Sintetico,Turno_2,3031.5,242.8,1.78,6.1,72.9,122.3,41.9,50,21.13,3073,CLP-6FC2C,0
PEC-87497,Centro_Usinagem,Aco_Inox,Sintetico,Turno_1,3076.7,203.2,3.29,75.7,72.6,126.8,41.1,140,-19.98,6955,CLP-44E1F,1
PEC-87498,Torno_CNC,Aco_Inox,Semi_Sintetico,Turno_2,2736.9,266.9,2.77,26.4,75.8,137.1,49.7,44,17.12,7089,CLP-AA35B,1
PEC-87499,Fresadora,Aco_Carbono,Soluvel,Turno_1,,247.8,2.45,42.5,67.4,119.5,37.9,115,-6.91,9121,CLP-ACB30,1
PEC-87500,torno_cnc,Latao,Semi_Sintetico,Turno_1,2716.6,247.6,1.31,97.6,61.0,118.0,41.4,18,11.03,2771,CLP-2460D,1
PEC-87501,Centro_Usinagem,Aluminio,Seco,Turno_3,2963.0,195.9,4.0,9.7,93.7,127.0,49.8,60,10.45,1945,CLP-AB096,1
PEC-87502,Torno_CNC,Aco_Inox,Sintetico,Turno_1,3515.5,282.0,3.62,25.8,54.5,104.7,40.7,168,5.73,7776,CLP-A4C0A,1
PEC-87503,Torno_CNC,Latao,Semi_Sintetico,Turno_1,3375.5,202.6,1.06,32.1,73.6,120.6,39.4,87,-4.86,3420,CLP-7EC17,1
PEC-87504,torno_cnc,Aluminio,Soluvel,Turno_3,2385.2,330.8,1.97,69.5,65.2,118.5,39.3,143,-28.98,1810,CLP-93527,1
PEC-87505,Celula_Robotica,Aco_Carbono,Soluvel,Turno_3,3906.6,191.0,2.67,,69.1,133.1,47.8,127,-2.53,2307,CLP-5DF12,1
PEC-87506, TORNO_CNC ,Aco_Carbono,Seco,Turno_1,2710.9,288.1,2.32,48.5,69.1,113.1,35.4,63,-3.65,7034,CLP-8E57A,1
PEC-87507,Torno_CNC,Aco_Inox,Sintetico,Turno_2,2767.6,154.6,2.09,,52.0,121.4,51.0,123,-15.24,9771,CLP-86921,1
PEC-87508,Fresadora,Aluminio,Sintetico,Turno_3,2642.5,137.1,3.38,93.5,48.9,117.7,61.9,168,-7.28,1767,CLP-F0432,1
PEC-87509,Celula_Robotica,Aco_Inox,Soluvel,Turno_1,2902.4,222.3,0.72,68.6,49.7,82.7,45.0,138,-24.66,3164,CLP-4CD86,1
PEC-87510,Centro_Usinagem,Aco_Inox,Soluvel,Turno_2,2796.4,137.0,2.39,75.1,59.6,112.1,48.5,55,-1.55,8744,CLP-F3F7E,1
PEC-87511,Celula_Robotica,Aco_Carbono,Soluvel,Turno_2,2807.4,286.5,1.55,5.1,68.0,119.9,47.1,96,-3.37,9995,CLP-7DDD2,1
PEC-87512,Torno_CNC,Aco_Carbono,Soluvel,Turno_2,2091.1,248.9,0.84,30.3,56.8,106.6,37.5,9,3.21,1682,CLP-C6DDA,0
PEC-87513,Torno_CNC,Aco_Carbono,Soluvel,Turno_2,3258.5,320.1,2.36,58.4,47.8,118.2,47.5,73,-7.24,8658,CLP-1B28A,1
PEC-87514,Fresadora,Aluminio,Soluvel,Turno_2,3304.4,241.6,1.19,12.0,76.0,140.1,46.8,109,17.14,7662,CLP-9E0B5,1
PEC-87515,Centro_Usinagem,Aco_Inox,Sintetico,Turno_1,4210.0,262.2,1.53,53.7,46.5,134.4,59.2,61,21.58,7617,CLP-CB89B,1
PEC-87516,Torno_CNC,Aco_Inox,Sintetico,Turno_3,3418.9,236.6,2.53,5.3,70.8,92.0,47.0,59,-11.49,1856,CLP-D246D,1
PEC-87517,Torno_CNC,Aco_Inox,Soluvel,Turno_1,2976.5,206.3,4.39,35.0,56.0,131.4,54.9,86,-3.46,5845,CLP-736AF,1
PEC-87518,Fresadora,Aluminio,Sintetico,Turno_2,2659.7,229.7,3.24,71.7,79.6,128.4,48.4,66,4.48,9221,CLP-50C7D,1
PEC-87519,Torno_CNC,Aluminio,Seco,Turno_2,3156.7,189.8,1.62,24.8,58.7,118.6,40.9,63,-4.71,2956,CLP-3E001,0
PEC-87520, TORNO_CNC ,Aco_Inox,Soluvel,Turno_2,3401.9,269.4,2.03,52.1,43.9,84.8,35.5,45,-14.07,1667,CLP-D5B95,1
PEC-87521,torno_cnc,Latao,Semi_Sintetico,Turno_2,2973.5,234.6,2.12,31.5,64.5,131.7,47.5,122,21.35,5734,CLP-9FE6D,1
PEC-87522,torno_cnc,Aco_Inox,Seco,Turno_2,3227.5,245.0,1.11,41.5,54.9,113.6,51.1,33,25.33,7636,CLP-3707F,1
PEC-87523,Fresadora,Aco_Carbono,Soluvel,Turno_1,4053.8,391.2,1.14,30.4,74.7,123.2,44.3,75,-13.38,6961,CLP-C2B15,1
PEC-87524, TORNO_CNC ,Aluminio,Soluvel,Turno_2,3027.2,229.8,1.09,27.6,69.0,105.5,39.9,26,-3.06,4662,CLP-4B342,0
PEC-87525,Fresadora,Aco_Inox,Soluvel,Turno_3,2351.0,265.7,2.59,69.5,57.5,108.9,56.3,158,33.77,9914,CLP-59403,1
PEC-87526,torno_cnc,Aco_Carbono,Sintetico,Turno_3,3593.1,247.3,3.2,8.4,53.0,134.0,41.5,16,-11.79,4298,CLP-A8BF9,1
PEC-87527,torno_cnc,Aco_Carbono,Soluvel,Turno_2,3341.4,307.9,2.86,35.8,51.8,144.3,35.8,138,10.12,6726,CLP-45414,1
PEC-87528,Fresadora,Aluminio,Soluvel,Turno_1,2431.0,261.9,4.41,9.3,58.0,113.6,44.5,133,-5.77,2547,CLP-EC5F8,1
PEC-87529,Torno_CNC,Aluminio,Sintetico,Turno_1,3392.4,236.4,1.0,34.0,81.4,142.7,45.6,157,-2.63,7713,CLP-780A4,1
PEC-87530,Torno_CNC,Aco_Inox,Soluvel,Turno_1,2751.0,364.6,4.45,121.0,63.3,113.6,39.1,39,22.68,6735,CLP-E402C,1
PEC-87531,Torno_CNC,Aluminio,Seco,Turno_2,3398.6,207.0,2.37,7.1,76.4,113.4,44.3,128,6.44,2547,CLP-2E12F,1
PEC-87532,Torno_CNC,Latao,Soluvel,Turno_1,4058.3,240.3,1.37,24.2,47.2,98.7,31.4,112,-33.7,2877,CLP-6A27E,0
PEC-87533,torno_cnc,Aco_Inox,Seco,Turno_3,3120.4,295.8,4.27,61.7,41.9,127.5,48.4,144,6.44,2517,CLP-F1491,1
PEC-87534,Centro_Usinagem,Aco_Inox,Soluvel,Turno_3,3687.5,209.1,2.37,21.2,53.7,117.1,36.6,128,4.11,8082,CLP-944E6,1
PEC-87535,Fresadora,Latao,Soluvel,Turno_1,2647.2,288.3,1.89,30.7,72.9,117.9,41.9,41,-20.59,6186,CLP-1E958,1
PEC-87536,Fresadora,Aco_Inox,Soluvel,Turno_2,2516.3,226.0,1.36,9.3,61.5,114.3,39.6,112,1.96,9434,CLP-99F46,1
PEC-87537, TORNO_CNC ,Aluminio,Seco,Turno_3,,300.2,1.57,13.8,75.7,105.1,56.2,44,-16.71,8075,CLP-96EFF,1
PEC-87538, TORNO_CNC ,Aluminio,Soluvel,Turno_1,3338.5,298.9,4.42,45.6,80.2,129.4,42.6,37,-10.33,5712,CLP-92386,1
PEC-87539, TORNO_CNC ,Aluminio,Sintetico,Turno_2,3486.5,245.5,1.72,66.7,53.5,119.1,38.3,9,8.32,3795,CLP-1E940,0
PEC-87540,Torno_CNC,Aluminio,Semi_Sintetico,Turno_2,3718.4,200.0,4.41,41.4,75.0,132.1,61.7,34,25.84,5383,CLP-39B7D,1
PEC-87541,Torno_CNC,Aco_Inox,Sintetico,Turno_1,2962.5,230.4,1.82,,81.7,105.8,59.4,82,6.85,2670,CLP-D949C,1
PEC-87542,torno_cnc,Aco_Inox,Soluvel,Turno_2,3571.3,249.3,1.43,37.6,77.4,123.6,51.7,19,-23.05,5175,CLP-74B16,1
PEC-87543,Celula_Robotica,Aco_Carbono,Seco,Turno_3,3503.1,294.4,1.23,63.2,45.9,152.1,49.5,50,27.16,3994,CLP-9B4EF,1
PEC-87544,Torno_CNC,Aco_Carbono,Semi_Sintetico,Turno_1,2617.3,266.0,2.15,147.4,42.7,109.3,38.1,81,9.56,3487,CLP-AF178,1
PEC-87545,Torno_CNC,Aluminio,Soluvel,Turno_2,3880.8,276.9,1.45,8.0,59.6,112.7,53.7,167,-3.96,2450,CLP-4760C,1
PEC-87546,Fresadora,Aluminio,Sintetico,Turno_1,3788.1,267.5,3.29,27.9,60.1,112.6,47.9,85,1.63,8538,CLP-AEDDD,1
PEC-87547,Torno_CNC,Aco_Inox,Seco,Turno_3,2622.3,292.3,1.46,12.4,75.1,104.4,39.9,16,1.6,3188,CLP-8FFFF,0
PEC-87548,Centro_Usinagem,Aco_Inox,Seco,Turno_3,3290.1,240.0,3.84,26.9,53.4,144.9,46.1,162,-17.43,5140,CLP-C7B78,1
PEC-87549,Fresadora,Aco_Carbono,Soluvel,Turno_1,3096.0,258.2,3.84,29.2,70.0,85.4,41.3,47,-29.49,6731,CLP-E8043,1
PEC-87550,Celula_Robotica,Aluminio,Semi_Sintetico,Turno_3,3838.2,251.4,1.64,39.0,52.0,101.7,32.8,84,-18.63,4285,CLP-EF08E,1
PEC-87551, TORNO_CNC ,Aco_Inox,Soluvel,Turno_1,2565.2,228.1,3.51,25.2,69.1,127.0,55.9,38,16.27,8582,CLP-71E03,1
PEC-87552,Fresadora,Aco_Inox,Soluvel,Turno_1,4821.1,300.6,3.93,18.7,59.5,109.0,30.5,67,21.02,4443,CLP-F1947,1
PEC-87553, TORNO_CNC ,Aco_Inox,Soluvel,Turno_2,3121.5,299.5,2.86,6.5,69.3,119.5,62.3,74,-13.79,2845,CLP-38CDC,1
PEC-87554,Fresadora,Aco_Inox,Soluvel,Turno_1,3532.3,310.3,1.97,6.2,60.6,119.6,43.3,160,-17.07,1519,CLP-8EB5E,1
PEC-87555, TORNO_CNC ,Aco_Carbono,Sintetico,Turno_2,3824.4,211.8,2.26,11.7,38.5,127.5,48.6,172,-17.22,3315,CLP-CC0E2,1
PEC-87556,Torno_CNC,Latao,Sintetico,Turno_2,3111.8,267.5,3.64,25.9,71.1,121.2,49.3,124,-34.27,4012,CLP-7720C,1
PEC-87557,torno_cnc,Aco_Carbono,Soluvel,Turno_1,3148.3,304.6,1.67,23.9,79.0,114.2,37.1,14,38.53,3998,CLP-DFB83,1
PEC-87558,torno_cnc,Latao,Soluvel,Turno_1,2973.7,325.1,1.84,12.4,55.0,121.9,43.3,35,-25.57,1409,CLP-A2999,0
PEC-87559,Centro_Usinagem,Latao,Soluvel,Turno_2,2801.5,174.6,1.14,65.5,74.7,117.3,44.2,154,-9.64,7539,CLP-4248A,1
PEC-87560,Fresadora,Aluminio,Seco,Turno_1,3322.3,249.9,2.1,,57.6,145.4,40.2,132,6.67,4464,CLP-4FCCD,1
PEC-87561,Fresadora,Aco_Inox,Semi_Sintetico,Turno_1,3139.1,240.5,0.85,19.7,48.8,111.4,53.3,66,-3.15,5238,CLP-DB168,0
PEC-87562,Torno_CNC,Aco_Carbono,Soluvel,Turno_1,2970.8,329.5,1.78,60.8,57.7,128.3,35.3,129,6.78,6922,CLP-55EF1,1
PEC-87563,Fresadora,Aco_Inox,Seco,Turno_3,,139.5,1.99,163.6,62.8,133.7,46.6,114,16.72,1007,CLP-D8886,1
PEC-87564,torno_cnc,Aco_Inox,Soluvel,Turno_3,3459.3,197.6,1.52,14.8,49.2,100.2,31.3,130,2.46,7902,CLP-50899,0
PEC-87565,Centro_Usinagem,Aco_Inox,Sintetico,Turno_1,2841.1,321.7,0.91,20.8,81.2,103.3,46.9,54,19.11,8144,CLP-E7A80,0
PEC-87566,Centro_Usinagem,Aluminio,Seco,Turno_1,3088.9,226.5,2.59,178.2,46.6,149.0,46.4,132,-1.3,2651,CLP-D394F,1
PEC-87567,Torno_CNC,Aco_Inox,Soluvel,Turno_2,,184.9,3.96,,58.5,109.8,60.3,94,-13.58,1931,CLP-7E9EC,1
PEC-87568,Centro_Usinagem,Aco_Inox,Sintetico,Turno_3,3311.3,325.6,1.84,7.8,53.9,120.2,40.1,68,13.4,7830,CLP-F2D16,1
PEC-87569,Torno_CNC,Aluminio,Soluvel,Turno_1,,178.4,1.45,30.8,81.2,117.4,43.6,20,15.86,3890,CLP-BAAAB,1
PEC-87570, TORNO_CNC ,Aco_Carbono,Soluvel,Turno_3,3189.3,301.1,1.64,27.1,46.9,119.4,43.1,101,12.26,9108,CLP-422AF,1
PEC-87571,torno_cnc,Aluminio,Sintetico,Turno_2,3396.7,172.0,3.95,7.9,74.9,114.4,58.5,87,-5.9,3291,CLP-B853F,1
PEC-87572,Torno_CNC,Aco_Carbono,Seco,Turno_3,3645.2,177.9,2.61,17.0,67.4,121.8,40.4,156,-17.08,1198,CLP-A0702,1
PEC-87573,Fresadora,Aco_Inox,Soluvel,Turno_1,2860.1,260.0,1.02,24.0,50.0,107.8,46.8,21,9.81,2406,CLP-CE773,0
PEC-87574,Torno_CNC,Aco_Inox,Seco,Turno_3,2948.7,207.6,3.34,65.5,60.8,116.6,42.7,167,16.05,2347,CLP-375BD,1
PEC-87575,Torno_CNC,Aluminio,Seco,Turno_2,2887.2,263.6,1.12,48.1,62.8,90.4,43.8,174,6.86,7895,CLP-47FEF,1
PEC-87576,torno_cnc,Aluminio,Soluvel,Turno_3,2909.5,340.1,0.74,91.1,72.0,118.3,45.1,91,-7.75,1355,CLP-E5CC7,1
PEC-87577,Fresadora,Aluminio,Soluvel,Turno_2,3382.3,242.2,1.52,19.1,57.3,125.0,53.8,135,-9.83,6318,CLP-65D8C,1
PEC-87578,Centro_Usinagem,Aco_Carbono,Sintetico,Turno_2,3467.5,331.4,1.17,18.0,72.6,134.4,56.6,19,-11.69,9997,CLP-8A384,1
PEC-87579,Fresadora,Aco_Carbono,Sintetico,Turno_3,3672.9,266.2,2.92,26.8,65.6,137.2,33.9,133,26.0,6467,CLP-98EB9,1
PEC-87580,Fresadora,Latao,Soluvel,Turno_2,3159.0,297.8,2.44,5.3,70.4,114.3,51.2,96,-12.31,5879,CLP-C0E4E,1
PEC-87581, TORNO_CNC ,Aco_Inox,Seco,Turno_2,2567.6,132.3,3.4,13.1,54.4,132.6,55.0,173,-5.26,7935,CLP-416CF,1
PEC-87582,Torno_CNC,Aco_Inox,Semi_Sintetico,Turno_2,3501.3,281.8,2.55,13.3,62.1,102.7,47.7,101,-0.57,8728,CLP-78EDD,1
PEC-87583,Torno_CNC,Aluminio,Soluvel,Turno_3,3271.6,274.1,2.18,7.2,66.3,112.2,54.5,111,-9.89,1345,CLP-C9E2F,1
PEC-87584,torno_cnc,Aco_Inox,Sintetico,Turno_3,,232.0,2.6,26.3,66.0,144.3,35.0,94,-5.57,6397,CLP-8F5BC,1
PEC-87585,Fresadora,Aco_Inox,Soluvel,Turno_1,2622.5,344.8,2.24,,64.5,122.7,49.1,169,-39.26,9107,CLP-48082,1
PEC-87586, TORNO_CNC ,Aco_Inox,Soluvel,Turno_2,3111.9,225.3,0.65,5.1,90.1,123.5,55.0,170,-18.19,9402,CLP-9A03E,1
PEC-87587,Fresadora,Aco_Inox,Seco,Turno_3,2662.9,169.6,3.22,39.6,71.9,117.3,40.0,160,13.39,2840,CLP-51B7A,1
PEC-87588,torno_cnc,Aco_Inox,Semi_Sintetico,Turno_2,3416.9,289.1,4.35,79.0,73.7,148.0,34.7,174,0.02,4135,CLP-BE67B,1
PEC-87589,Torno_CNC,Aco_Inox,Soluvel,Turno_3,3006.5,178.8,2.19,9.0,68.0,128.0,54.1,132,-0.26,4629,CLP-B935D,1
PEC-87590,Torno_CNC,Aluminio,Sintetico,Turno_3,2966.2,253.8,2.19,92.2,71.4,142.3,41.6,6,-3.5,2024,CLP-EE19B,1
PEC-87591,Centro_Usinagem,Aluminio,Sintetico,Turno_3,2508.3,317.0,0.68,64.7,67.4,111.1,40.4,130,2.84,9909,CLP-8C0B9,1
PEC-87592,Fresadora,Aco_Carbono,Soluvel,Turno_2,3662.2,274.9,4.06,13.5,86.8,105.4,30.0,149,-1.75,5204,CLP-B5913,1
PEC-87593,Centro_Usinagem,Aluminio,Soluvel,Turno_3,3083.6,237.6,4.22,87.5,64.3,108.5,40.9,94,8.13,8927,CLP-64CB1,1
PEC-87594,Torno_CNC,Aco_Inox,Sintetico,Turno_3,3239.1,232.4,3.75,62.0,75.0,129.4,39.4,91,23.81,5212,CLP-E5B8C,1
PEC-87595,Celula_Robotica,Aco_Inox,Sintetico,Turno_3,2869.0,313.3,0.93,9.1,90.0,144.7,30.6,142,5.62,7524,CLP-1BA24,0
PEC-87596,Torno_CNC,Aco_Inox,Soluvel,Turno_1,2457.2,189.0,4.1,,72.8,131.2,40.3,29,12.4,9777,CLP-7A59E,1
PEC-87597,Torno_CNC,Aco_Carbono,Soluvel,Turno_1,2960.8,288.8,0.6,32.3,61.6,133.2,54.5,144,10.15,8554,CLP-2E87D,1
PEC-87598,Celula_Robotica,Aco_Carbono,Soluvel,Turno_2,3032.8,359.7,2.28,64.2,56.2,122.6,47.7,113,17.4,4645,CLP-BDE26,1
PEC-87599,Torno_CNC,Aco_Inox,Soluvel,Turno_2,3331.7,277.2,2.5,38.7,59.1,100.9,31.9,108,22.77,2947,CLP-9F6A8,1
PEC-87600,Fresadora,Aco_Inox,Sintetico,Turno_1,3040.2,238.1,3.84,22.4,69.7,150.3,48.1,124,-9.88,6289,CLP-DCE6A,1
PEC-87601,Torno_CNC,Latao,Soluvel,Turno_1,2876.7,242.0,3.5,37.2,86.4,130.0,50.8,50,3.38,5889,CLP-E1F7C,1
PEC-87602,torno_cnc,Aluminio,Soluvel,Turno_1,2523.5,226.0,3.69,40.4,72.2,127.9,45.8,132,-16.8,7421,CLP-5EC5E,1
PEC-87603,Centro_Usinagem,Aco_Carbono,Semi_Sintetico,Turno_3,3221.8,217.4,3.97,55.9,60.4,133.1,44.7,16,2.19,1030,CLP-9EC58,1
PEC-87604,Torno_CNC,Aco_Inox,Soluvel,Turno_3,2841.5,255.9,2.4,67.2,61.3,94.3,38.7,139,-2.09,2695,CLP-B33DA,1
PEC-87605,Fresadora,Aco_Inox,Soluvel,Turno_3,3794.4,284.0,3.62,43.1,63.2,112.5,48.3,95,8.56,9686,CLP-DEAC3,1
PEC-87606,Torno_CNC,Aco_Carbono,Seco,Turno_1,,330.5,0.77,165.0,48.9,129.3,49.7,29,11.34,3844,CLP-BD686,1
PEC-87607,Fresadora,Aluminio,Sintetico,Turno_1,3452.9,152.2,2.28,57.8,59.5,117.8,47.2,175,-11.89,3804,CLP-72E0B,1
PEC-87608,Torno_CNC,Aluminio,Sintetico,Turno_2,3088.0,128.0,0.62,89.6,59.0,118.9,59.0,38,6.51,4517,CLP-D055E,1
PEC-87609,Torno_CNC,Aluminio,Soluvel,Turno_1,3290.6,331.5,4.16,18.5,98.3,139.2,43.4,38,-5.39,6208,CLP-60679,1
PEC-87610,Torno_CNC,Aluminio,Soluvel,Turno_2,2799.2,252.9,4.33,18.3,76.1,121.8,34.6,92,-8.1,5777,CLP-EA6AC,1
PEC-87611,Torno_CNC,Aco_Carbono,Sintetico,Turno_1,2669.8,255.5,0.84,20.7,52.1,155.7,58.4,99,10.79,7839,CLP-D77B2,0
PEC-87612,Centro_Usinagem,Aco_Inox,Sintetico,Turno_1,3206.8,275.1,2.63,25.3,46.2,119.4,29.9,97,-2.7,7180,CLP-4F329,1
PEC-87613, TORNO_CNC ,Aco_Inox,Soluvel,Turno_2,3456.7,240.7,1.8,118.9,49.3,132.1,41.8,72,-0.97,3395,CLP-76F6A,1
PEC-87614,Torno_CNC,Aco_Carbono,Soluvel,Turno_1,2324.4,348.8,1.87,7.7,82.0,127.3,37.6,112,-12.7,5255,CLP-71A3D,1
PEC-87615, TORNO_CNC ,Aco_Inox,Seco,Turno_1,2975.4,274.6,2.3,29.2,48.8,111.4,44.2,54,-7.58,5258,CLP-7EAC3,1
PEC-87616,Torno_CNC,Aluminio,Soluvel,Turno_2,4029.0,227.6,1.0,11.2,84.3,104.5,43.9,102,2.37,4978,CLP-65FA3,1
PEC-87617,Fresadora,Aco_Carbono,Soluvel,Turno_1,,232.1,1.22,63.3,67.9,120.6,37.3,120,8.41,2670,CLP-64404,1
PEC-87618,Celula_Robotica,Latao,Soluvel,Turno_2,3891.9,242.8,2.81,6.1,62.0,148.8,53.5,153,-29.84,4446,CLP-C6C3D,1
PEC-87619, TORNO_CNC ,Aluminio,Semi_Sintetico,Turno_1,2914.7,211.1,0.58,26.3,51.3,114.1,43.9,9,-34.98,1631,CLP-B7B5C,0
PEC-87620,Centro_Usinagem,Aluminio,Semi_Sintetico,Turno_2,2993.9,334.5,2.9,22.6,80.2,127.8,54.8,149,-19.85,9443,CLP-E9F3F,1
PEC-87621,torno_cnc,Aco_Carbono,Semi_Sintetico,Turno_3,3635.0,256.2,1.78,8.4,71.6,116.1,35.6,55,10.38,1069,CLP-A06E9,1
PEC-87622,Torno_CNC,Aco_Carbono,Soluvel,Turno_2,3480.6,191.5,3.83,21.5,75.8,123.3,36.4,66,3.96,8098,CLP-D4D8A,1
PEC-87623,Fresadora,Aco_Carbono,Soluvel,Turno_2,3157.5,270.3,2.9,62.9,61.7,137.1,36.1,101,32.37,1646,CLP-B07CC,1
PEC-87624,torno_cnc,Aluminio,Soluvel,Turno_3,,322.0,3.33,10.2,73.0,121.7,49.2,70,13.37,5395,CLP-AF957,0
PEC-87625,Fresadora,Aco_Inox,Sintetico,Turno_1,3720.6,303.0,0.96,148.7,82.8,110.8,59.0,20,23.2,9780,CLP-EAD8A,1
PEC-87626,Centro_Usinagem,Aluminio,Sintetico,Turno_1,4329.6,212.0,1.56,7.1,72.1,144.1,42.6,78,3.83,8052,CLP-51388,1
PEC-87627, TORNO_CNC ,Aco_Carbono,Seco,Turno_1,2492.7,194.5,4.49,16.9,52.3,110.9,26.5,131,-24.9,8949,CLP-F3FC9,1
PEC-87628,Centro_Usinagem,Aco_Carbono,Soluvel,Turno_2,3831.6,321.4,2.23,57.2,71.2,130.2,48.8,108,-1.37,3937,CLP-F06F6,1
PEC-87629,Fresadora,Aco_Inox,Sintetico,Turno_2,2989.3,168.8,1.94,20.5,74.1,97.6,50.3,105,5.19,6519,CLP-4AC17,1
PEC-87630, TORNO_CNC ,Aluminio,Sintetico,Turno_1,3049.9,268.5,4.0,,85.1,139.3,36.7,44,14.06,4261,CLP-E8A9D,1
PEC-87631,Fresadora,Aluminio,Soluvel,Turno_3,,221.6,0.63,12.2,72.0,159.1,49.5,169,-15.06,5028,CLP-212AC,1
PEC-87632,Torno_CNC,Latao,Soluvel,Turno_1,2657.5,315.7,2.64,49.0,78.2,119.6,51.5,153,-5.88,1093,CLP-94286,1
PEC-87633,Celula_Robotica,Aluminio,Sintetico,Turno_3,3183.3,197.3,1.34,11.9,72.4,104.6,28.6,51,20.63,3572,CLP-D26D4,1
PEC-87634,Fresadora,Aluminio,Seco,Turno_3,2474.9,210.2,1.97,71.1,48.7,131.5,53.9,15,-22.28,4888,CLP-6230F,0
PEC-87635,Torno_CNC,Aco_Inox,Soluvel,Turno_3,3414.2,280.9,1.3,32.1,75.0,121.4,54.4,106,9.92,4346,CLP-A8355,1
PEC-87636,Torno_CNC,Aluminio,Seco,Turno_3,4205.2,289.8,0.65,32.8,66.4,152.1,42.5,156,-0.36,4143,CLP-7220B,1
PEC-87637,Fresadora,Aco_Inox,Sintetico,Turno_1,2912.2,318.0,2.17,99.9,89.0,111.0,50.2,68,28.52,1464,CLP-82A36,1
PEC-87638,Torno_CNC,Aco_Carbono,Soluvel,Turno_2,3124.1,273.6,3.66,56.9,47.7,99.9,60.8,90,3.71,5899,CLP-53580,1
PEC-87639,Torno_CNC,Aco_Carbono,Soluvel,Turno_1,3146.2,267.5,4.31,52.6,51.4,124.6,39.7,45,-4.16,3205,CLP-F3A79,1
PEC-87640, TORNO_CNC ,Aluminio,Soluvel,Turno_3,,302.5,3.0,73.3,73.7,128.7,54.3,106,-4.25,4077,CLP-20732,1
PEC-87641,Torno_CNC,Aluminio,Soluvel,Turno_1,3382.5,181.5,2.06,8.4,83.1,108.5,47.0,29,10.96,5330,CLP-F2C46,1
PEC-87642, TORNO_CNC ,Aco_Carbono,Soluvel,Turno_1,3614.2,206.0,3.58,50.3,63.6,134.4,35.9,156,19.32,2005,CLP-D4C34,1
PEC-87643,Torno_CNC,Aco_Inox,Soluvel,Turno_3,2972.2,185.7,2.52,14.3,63.6,120.8,30.4,35,-9.14,6122,CLP-6404E,0
PEC-87644,Torno_CNC,Aco_Inox,Seco,Turno_1,3395.1,115.7,1.97,16.5,67.5,115.9,50.8,13,1.21,7935,CLP-D0729,1
PEC-87645,Fresadora,Latao,Sintetico,Turno_1,1684.5,292.1,1.22,5.5,59.2,128.2,34.5,179,17.36,1523,CLP-9FC8F,0
PEC-87646,torno_cnc,Aco_Carbono,Semi_Sintetico,Turno_2,3500.4,321.5,3.68,83.5,76.9,115.7,52.7,14,2.28,6667,CLP-6E6DA,1
PEC-87647,Torno_CNC,Aco_Carbono,Soluvel,Turno_2,2652.0,277.8,2.5,52.0,59.2,109.0,27.5,73,-2.1,5562,CLP-391FC,1
PEC-87648,Torno_CNC,Aco_Inox,Soluvel,Turno_2,3052.6,269.0,4.36,10.2,73.4,95.8,46.2,78,17.11,2071,CLP-9BE95,1
PEC-87649,torno_cnc,Aco_Inox,Soluvel,Turno_2,3535.4,254.2,3.71,18.9,49.1,110.7,42.4,3,20.89,5594,CLP-3B7C8,1
PEC-87650,Torno_CNC,Aco_Inox,Semi_Sintetico,Turno_3,2508.8,252.8,2.18,27.9,85.6,157.4,58.4,4,-11.7,6631,CLP-1FE5E,1
PEC-87651,Torno_CNC,Aco_Inox,Soluvel,Turno_1,3690.2,334.8,3.46,28.8,39.6,120.5,46.8,173,4.68,7948,CLP-4331D,1
PEC-87652,Torno_CNC,Aco_Carbono,Soluvel,Turno_2,3144.1,327.5,2.31,36.7,52.2,104.7,49.9,15,9.88,5482,CLP-4412F,0
PEC-87653,Centro_Usinagem,Aco_Inox,Sintetico,Turno_2,3853.9,220.7,0.82,27.4,92.0,139.0,41.6,112,-12.24,5333,CLP-60602,1
PEC-87654,Fresadora,Aco_Carbono,Sintetico,Turno_2,2793.7,305.4,2.57,41.6,66.2,119.3,43.6,76,10.73,1421,CLP-D1BC1,1
PEC-87655,Fresadora,Aco_Inox,Semi_Sintetico,Turno_2,2384.2,311.5,3.96,80.4,57.1,124.4,53.4,17,-9.2,1724,CLP-C5A41,1
PEC-87656,Fresadora,Aco_Inox,Soluvel,Turno_1,,282.5,3.92,22.8,49.7,124.1,45.1,17,14.04,3830,CLP-32B84,0
PEC-87657,Fresadora,Latao,Soluvel,Turno_1,3464.2,269.4,2.8,78.3,59.8,142.3,37.6,6,13.13,1111,CLP-8D6CB,1
PEC-87658, TORNO_CNC ,Aco_Inox,Semi_Sintetico,Turno_1,,267.7,2.02,13.7,68.5,100.1,54.1,179,23.39,7218,CLP-2C798,1
PEC-87659,Fresadora,Aco_Inox,Sintetico,Turno_1,2689.0,175.9,0.54,9.5,70.8,141.9,58.5,172,-30.48,3337,CLP-F34ED,1
PEC-87660,Torno_CNC,Aco_Inox,Soluvel,Turno_1,2468.9,171.5,1.75,14.6,68.9,131.2,57.0,48,24.72,6046,CLP-CCF25,1
PEC-87661,Fresadora,Aco_Inox,Soluvel,Turno_2,3059.5,289.2,4.46,13.1,43.6,121.2,55.3,131,-5.45,1523,CLP-A65B4,1
PEC-87662,Fresadora,Aluminio,Semi_Sintetico,Turno_1,3432.4,195.0,3.41,152.2,66.7,107.2,42.7,12,-1.86,8779,CLP-5731C,1
PEC-87663,torno_cnc,Aco_Inox,Seco,Turno_3,3409.6,180.5,3.37,21.8,69.1,116.3,37.1,54,-15.49,2941,CLP-A7D16,1
PEC-87664, TORNO_CNC ,Aluminio,Sintetico,Turno_3,3907.5,146.2,3.54,,69.2,120.6,35.5,52,-9.57,4406,CLP-B339F,1
PEC-87665,Torno_CNC,Aco_Carbono,Semi_Sintetico,Turno_1,3031.9,226.2,2.98,,65.4,147.1,34.5,162,9.99,7590,CLP-7FBE6,1
PEC-87666,Fresadora,Aluminio,Sintetico,Turno_2,2369.8,268.7,2.84,25.6,50.3,141.5,44.3,65,-26.15,9618,CLP-89FD7,0
PEC-87667,Fresadora,Aco_Inox,Soluvel,Turno_3,3738.5,272.7,2.31,13.9,53.9,114.2,59.2,133,-7.88,2373,CLP-98E05,1
PEC-87668,Centro_Usinagem,Aluminio,Soluvel,Turno_2,3287.8,292.5,2.28,25.2,79.6,150.1,31.8,70,-9.4,6974,CLP-86D38,0
PEC-87669,Torno_CNC,Aco_Inox,Sintetico,Turno_3,3327.0,230.4,3.98,27.5,55.7,134.3,45.1,15,-1.1,2551,CLP-29872,0
PEC-87670,Fresadora,Aluminio,Soluvel,Turno_1,3545.2,255.4,2.07,112.8,56.3,127.1,42.4,62,-37.18,7438,CLP-66F13,1
PEC-87671,torno_cnc,Aluminio,Semi_Sintetico,Turno_3,3768.6,292.3,3.86,34.4,61.4,115.8,35.6,52,-9.88,2291,CLP-814FE,1
PEC-87672,Centro_Usinagem,Aco_Inox,Sintetico,Turno_2,3189.6,273.2,3.85,127.6,50.4,111.3,43.0,149,-10.0,5205,CLP-EA1D3,1
PEC-87673,torno_cnc,Aco_Carbono,Seco,Turno_1,3729.4,220.8,3.58,35.1,72.6,128.1,55.3,64,-6.89,3528,CLP-DC4D2,1
PEC-87674,torno_cnc,Latao,Sintetico,Turno_3,3448.5,265.0,0.65,10.5,49.8,125.8,46.8,112,-1.56,6043,CLP-E3459,0
PEC-87675,torno_cnc,Aco_Carbono,Soluvel,Turno_3,2905.0,150.8,1.09,22.0,78.0,114.1,50.0,34,-10.86,8345,CLP-91F96,0
PEC-87676,Fresadora,Aco_Inox,Soluvel,Turno_1,3095.0,250.0,1.76,60.0,48.9,136.7,53.6,54,22.53,2373,CLP-CB17F,1
PEC-87677,Celula_Robotica,Aluminio,Soluvel,Turno_3,3477.5,219.1,3.89,24.2,61.6,122.5,48.1,8,13.66,7072,CLP-5E37E,1
PEC-87678,Torno_CNC,Latao,Semi_Sintetico,Turno_1,,325.9,3.99,8.7,69.1,126.3,42.1,133,-0.28,9593,CLP-30F9F,1
PEC-87679,Torno_CNC,Aco_Inox,Soluvel,Turno_2,3598.9,201.1,0.67,8.5,74.5,136.1,45.8,90,8.06,8074,CLP-9BD3C,0
PEC-87680,Celula_Robotica,Aco_Carbono,Seco,Turno_1,3271.2,255.8,1.8,14.5,62.3,132.4,36.4,21,29.3,7025,CLP-E7553,0
PEC-87681,torno_cnc,Aco_Inox,Seco,Turno_1,3371.7,228.6,3.9,34.1,56.6,95.7,45.5,107,21.57,7257,CLP-56981,1
PEC-87682,Fresadora,Aco_Inox,Sintetico,Turno_3,,222.1,1.5,67.1,82.0,131.4,46.0,87,-7.78,1657,CLP-90314,1
PEC-87683, TORNO_CNC ,Aco_Carbono,Soluvel,Turno_1,3360.5,268.9,4.4,31.7,67.2,120.4,55.5,87,22.8,9832,CLP-971E3,1
PEC-87684,Torno_CNC,Aco_Carbono,Soluvel,Turno_1,3232.1,229.1,2.46,,63.0,113.3,42.4,92,-0.01,1428,CLP-CFECA,1
PEC-87685,Fresadora,Aco_Carbono,Soluvel,Turno_2,3162.8,342.6,4.25,41.3,43.2,120.8,42.4,71,5.23,1770,CLP-5F591,1
PEC-87686,Fresadora,Latao,Soluvel,Turno_1,3139.4,151.3,2.22,31.0,67.3,115.4,32.9,93,5.55,3860,CLP-E5C48,1
PEC-87687,Torno_CNC,Aco_Inox,Soluvel,Turno_2,3340.5,281.6,1.8,,64.9,121.9,50.2,155,-8.35,7725,CLP-683BB,1
PEC-87688,Torno_CNC,Aco_Inox,Soluvel,Turno_1,3813.5,245.8,1.95,80.1,48.7,119.7,33.2,21,32.53,8641,CLP-B8034,1
PEC-87689,Centro_Usinagem,Latao,Sintetico,Turno_3,2924.7,247.5,4.04,16.3,55.6,130.3,41.0,162,4.23,9853,CLP-912A1,1
PEC-87690,Torno_CNC,Aco_Inox,Soluvel,Turno_1,2890.6,265.1,1.82,15.2,66.1,97.0,39.3,145,32.65,6587,CLP-F0BD5,1
PEC-87691,Centro_Usinagem,Aluminio,Soluvel,Turno_1,3778.3,299.9,3.18,15.4,70.6,122.8,52.1,6,3.05,9796,CLP-52D75,1
PEC-87692,Torno_CNC,Aluminio,Sintetico,Turno_1,2945.2,263.3,2.38,8.5,52.8,119.6,48.9,129,-33.01,1346,CLP-3CB2F,1
PEC-87693,torno_cnc,Aco_Inox,Seco,Turno_2,3297.2,300.1,4.27,29.2,52.9,153.8,50.7,119,-14.21,6078,CLP-7F2C5,1
PEC-87694,Celula_Robotica,Aco_Inox,Sintetico,Turno_1,2933.7,252.3,1.14,18.9,66.4,90.6,52.6,137,-8.4,8946,CLP-580CB,1
PEC-87695,Fresadora,Aluminio,Soluvel,Turno_2,2444.2,198.3,2.21,30.8,54.9,133.8,39.9,42,-15.52,3832,CLP-DA1A5,1
PEC-87696, TORNO_CNC ,Aco_Carbono,Semi_Sintetico,Turno_1,3289.2,245.5,1.0,26.1,62.6,126.5,38.1,86,-0.07,5715,CLP-AE21D,1
PEC-87697,Fresadora,Aco_Carbono,Sintetico,Turno_3,3701.8,307.6,2.81,30.7,86.3,131.5,31.5,166,-8.38,8204,CLP-ACFB0,1
PEC-87698,Torno_CNC,Aluminio,Semi_Sintetico,Turno_1,3172.1,229.5,2.11,17.4,64.5,113.3,46.0,1,-14.67,7644,CLP-2B4FA,1
PEC-87699,Torno_CNC,Aluminio,Soluvel,Turno_3,2533.3,195.9,0.74,64.1,77.3,124.8,38.7,28,-2.65,7885,CLP-D6F25,1
PEC-87700,Celula_Robotica,Aco_Inox,Semi_Sintetico,Turno_1,3249.1,281.0,3.9,31.7,50.1,122.2,48.6,74,14.2,7609,CLP-762A3,1
PEC-87701,Fresadora,Aco_Inox,Soluvel,Turno_1,2859.8,266.8,2.0,13.2,55.8,173.0,54.3,93,2.25,1483,CLP-8B9E3,1
PEC-87702,Fresadora,Aluminio,Seco,Turno_1,2021.2,211.5,2.47,,55.5,115.4,52.4,110,-9.59,6463,CLP-89976,1
PEC-87703, TORNO_CNC ,Aco_Inox,Soluvel,Turno_1,3163.6,238.3,2.13,9.1,51.8,108.2,46.0,78,0.24,5735,CLP-40E75,1
PEC-87704,Torno_CNC,Aco_Inox,Seco,Turno_2,,240.9,2.45,51.3,43.8,150.0,45.6,120,12.2,5642,CLP-41E54,1
PEC-87705,Torno_CNC,Aluminio,Seco,Turno_3,3730.0,250.3,0.57,44.7,67.3,125.2,44.9,174,-2.49,4537,CLP-517D2,1
PEC-87706,torno_cnc,Aluminio,Soluvel,Turno_1,3990.6,282.3,3.76,7.6,69.6,127.7,62.0,141,-29.47,8002,CLP-EC9F7,1
PEC-87707,Fresadora,Aco_Inox,Seco,Turno_2,3492.9,229.7,1.83,86.1,53.7,136.9,40.3,66,-16.85,3866,CLP-C1943,1
PEC-87708,torno_cnc,Aluminio,Soluvel,Turno_1,3620.1,284.9,3.4,18.3,56.1,121.2,45.6,148,-11.07,5356,CLP-75822,1
PEC-87709,Centro_Usinagem,Aluminio,Soluvel,Turno_1,2621.9,223.3,0.76,52.3,65.9,113.7,43.6,66,-6.61,6403,CLP-1E5D7,1
PEC-87710,Torno_CNC,Aco_Inox,Soluvel,Turno_1,3929.8,333.3,2.6,16.4,65.2,122.0,38.7,18,4.42,9579,CLP-AEC84,1
PEC-87711, TORNO_CNC ,Latao,Seco,Turno_3,3770.3,334.4,4.14,31.1,77.4,107.4,42.0,69,9.89,1672,CLP-49F8C,1
PEC-87712,Torno_CNC,Aco_Inox,Soluvel,Turno_1,3034.8,207.2,2.09,130.6,78.6,98.2,45.2,154,-30.88,4418,CLP-EAA2B,1
PEC-87713, TORNO_CNC ,Aco_Carbono,Sintetico,Turno_3,3506.7,188.7,1.29,38.0,57.0,107.4,35.5,68,-25.46,9313,CLP-592DA,0
PEC-87714,Torno_CNC,Aco_Inox,Sintetico,Turno_1,3461.5,298.9,0.9,17.3,64.2,84.6,58.2,121,25.53,8318,CLP-F3F17,1
PEC-87715,Celula_Robotica,Aco_Carbono,Seco,Turno_1,3861.6,262.9,3.94,26.5,53.0,114.5,50.8,4,1.78,8348,CLP-5245C,1
PEC-87716,Torno_CNC,Aco_Inox,Semi_Sintetico,Turno_2,3132.0,277.6,1.46,44.4,83.0,112.5,53.7,173,5.09,3750,CLP-AF42F,1
PEC-87717,Celula_Robotica,Aco_Carbono,Soluvel,Turno_1,2864.2,217.3,4.4,25.6,68.2,129.1,43.7,57,1.51,1259,CLP-E4351,1
PEC-87718, TORNO_CNC ,Aco_Inox,Soluvel,Turno_1,2979.5,243.4,1.49,89.6,76.9,121.9,42.5,139,21.63,1932,CLP-605C3,1
PEC-87719,Celula_Robotica,Aco_Carbono,Soluvel,Turno_1,3603.6,232.8,2.42,75.7,60.6,117.9,43.3,66,-9.44,3933,CLP-27B67,1
PEC-87720,torno_cnc,Aluminio,Sintetico,Turno_1,2336.1,265.2,2.33,10.6,77.2,137.7,39.4,9,-25.84,5980,CLP-513E1,0
PEC-87721,Celula_Robotica,Aco_Inox,Soluvel,Turno_3,1851.3,187.7,0.75,58.8,73.9,113.7,55.4,77,-26.33,3652,CLP-8E898,1
PEC-87722,Torno_CNC,Aco_Carbono,Soluvel,Turno_1,3602.4,245.0,2.63,104.9,80.3,103.4,56.2,120,-8.1,6993,CLP-8B75E,1
PEC-87723,Fresadora,Aco_Inox,Semi_Sintetico,Turno_2,3323.7,187.2,3.19,18.3,48.9,82.1,49.4,62,-6.96,3179,CLP-604FC,1
PEC-87724,Centro_Usinagem,Latao,Soluvel,Turno_1,3208.3,224.2,3.47,14.5,65.9,120.4,58.6,170,-16.44,9081,CLP-E2577,1
PEC-87725,Torno_CNC,Aco_Inox,Sintetico,Turno_3,2612.5,245.1,2.59,5.3,78.2,119.2,64.2,144,-3.09,2030,CLP-4E659,1
PEC-87726,Torno_CNC,Aluminio,Soluvel,Turno_2,2430.5,275.4,3.75,9.3,53.8,139.0,59.8,37,-12.92,7912,CLP-51618,1
PEC-87727, TORNO_CNC ,Aco_Carbono,Soluvel,Turno_1,2914.5,279.5,3.51,118.5,71.3,107.0,41.2,29,-0.76,8926,CLP-B9E53,1
PEC-87728,Celula_Robotica,Aco_Inox,Soluvel,Turno_3,3362.8,288.0,1.28,22.4,71.9,131.3,25.6,160,-8.73,3137,CLP-CFA97,1
PEC-87729,torno_cnc,Aco_Inox,Soluvel,Turno_1,2936.4,175.9,2.11,22.1,73.4,82.8,50.9,82,28.54,1691,CLP-488C1,1
PEC-87730,torno_cnc,Aco_Carbono,Semi_Sintetico,Turno_2,3605.0,313.2,1.07,15.9,69.0,100.5,48.4,91,-5.11,1837,CLP-D92CA,1
PEC-87731,Torno_CNC,Aco_Carbono,Soluvel,Turno_2,2770.7,217.8,1.03,11.3,72.4,125.8,45.9,78,7.07,6092,CLP-D821E,1
PEC-87732,Torno_CNC,Latao,Soluvel,Turno_1,2966.3,221.4,3.35,29.9,70.2,130.3,43.1,9,-12.64,4098,CLP-53B03,1
PEC-87733,Centro_Usinagem,Aco_Inox,Semi_Sintetico,Turno_3,3516.4,263.4,2.62,50.0,79.2,95.1,55.8,98,-1.03,2466,CLP-75B1B,1
PEC-87734,Torno_CNC,Aluminio,Semi_Sintetico,Turno_3,3030.4,233.1,2.9,33.0,56.4,108.1,32.6,11,-30.48,6220,CLP-2700A,0
PEC-87735,Fresadora,Aco_Inox,Semi_Sintetico,Turno_3,3052.7,268.1,3.43,6.3,69.1,120.7,57.3,151,26.22,1437,CLP-65A15,1
PEC-87736,Centro_Usinagem,Aco_Inox,Seco,Turno_3,2910.4,277.4,1.61,61.9,79.6,118.6,58.9,153,-32.05,9606,CLP-271E5,1
PEC-87737,Torno_CNC,Aco_Carbono,Semi_Sintetico,Turno_2,2827.0,211.8,2.11,98.9,55.6,128.2,46.2,104,-5.1,4575,CLP-62360,1
PEC-87738,Fresadora,Aco_Inox,Soluvel,Turno_1,,240.8,2.93,25.3,56.7,133.7,47.3,7,0.84,3803,CLP-D8704,1
PEC-87739,Torno_CNC,Aluminio,Semi_Sintetico,Turno_3,3417.7,242.3,0.89,21.0,71.3,100.8,35.5,161,-43.16,3899,CLP-74B0B,1
PEC-87740,Fresadora,Aluminio,Sintetico,Turno_1,3302.2,297.9,3.83,14.1,81.6,126.7,53.0,6,-1.49,9423,CLP-7AB31,1
PEC-87741,Torno_CNC,Aco_Carbono,Soluvel,Turno_1,2922.7,226.7,1.87,17.6,63.4,109.2,55.2,4,6.91,4395,CLP-C9B83,0
PEC-87742,Fresadora,Latao,Soluvel,Turno_2,3109.3,224.6,3.14,41.2,66.1,125.0,51.1,81,12.49,1163,CLP-8468A,1
PEC-87743,Torno_CNC,Aluminio,Soluvel,Turno_3,3918.2,198.9,4.48,56.5,69.4,113.0,35.1,17,13.56,4372,CLP-6E0FA,1
PEC-87744, TORNO_CNC ,Aluminio,Soluvel,Turno_1,2560.5,204.5,2.4,19.1,59.2,136.2,32.1,28,2.27,3708,CLP-76AEE,0
PEC-87745,torno_cnc,Aco_Carbono,Soluvel,Turno_3,4048.7,182.5,1.36,19.5,91.3,128.8,43.1,101,-12.33,3545,CLP-65226,1
PEC-87746,Torno_CNC,Aluminio,Soluvel,Turno_2,3244.9,214.8,1.37,26.0,53.9,105.2,45.6,130,35.11,7764,CLP-8DD20,1
PEC-87747,Fresadora,Aco_Inox,Semi_Sintetico,Turno_1,3118.9,329.7,0.74,11.5,66.1,94.8,53.1,95,-6.87,9693,CLP-3D041,0
PEC-87748,Torno_CNC,Aco_Inox,Seco,Turno_3,3629.0,284.5,3.57,96.7,66.3,137.8,43.1,37,23.55,8918,CLP-C8153,1
PEC-87749,Fresadora,Aco_Inox,Sintetico,Turno_3,2269.7,313.9,1.67,47.8,38.7,109.4,53.5,137,2.98,8245,CLP-CB763,0
PEC-87750,Torno_CNC,Aluminio,Semi_Sintetico,Turno_1,3821.1,202.5,1.19,24.9,54.9,111.0,54.0,58,1.28,1764,CLP-9DE3F,1
PEC-87751,Fresadora,Aco_Carbono,Soluvel,Turno_1,4036.0,152.6,3.35,9.6,48.8,131.1,48.8,111,14.86,1702,CLP-4A9CA,1
PEC-87752,Torno_CNC,Aco_Inox,Seco,Turno_1,3689.6,265.8,1.74,71.1,73.6,104.7,52.0,82,7.36,9572,CLP-AF28D,1
PEC-87753, TORNO_CNC ,Aco_Inox,Sintetico,Turno_3,2254.0,342.7,2.9,28.1,44.7,123.0,41.7,82,-5.64,2440,CLP-DC8B3,1
PEC-87754,Torno_CNC,Latao,Soluvel,Turno_1,3543.9,225.7,2.17,60.8,76.3,120.3,35.9,139,-27.89,8455,CLP-6C9A8,1
PEC-87755,Fresadora,Aco_Carbono,Soluvel,Turno_1,3940.7,255.1,1.84,6.2,50.8,118.8,40.4,174,18.0,4786,CLP-BD3E5,1
PEC-87756,Torno_CNC,Aluminio,Soluvel,Turno_2,3894.2,171.5,2.46,16.2,76.5,137.9,38.3,60,-8.28,1719,CLP-48459,1
PEC-87757,Centro_Usinagem,Aco_Inox,Soluvel,Turno_2,2566.4,251.4,1.76,39.1,48.2,127.0,54.7,13,-2.6,7006,CLP-A1013,0
PEC-87758,Centro_Usinagem,Aco_Inox,Soluvel,Turno_1,,243.8,3.98,28.4,70.1,134.7,51.9,34,-12.85,1117,CLP-A8C12,1
PEC-87759,Torno_CNC,Aco_Inox,Soluvel,Turno_3,4008.0,145.3,0.79,17.2,76.2,116.3,28.8,94,-20.38,5483,CLP-9E748,1
PEC-87760,Fresadora,Aco_Inox,Soluvel,Turno_3,3213.3,198.1,0.62,12.9,71.9,109.1,46.4,19,-2.43,5471,CLP-267B4,1
PEC-87761,Torno_CNC,Aco_Inox,Soluvel,Turno_3,2546.3,194.2,2.13,17.6,50.3,135.6,30.7,64,-12.06,3445,CLP-DDF07,0
PEC-87762, TORNO_CNC ,Aluminio,Seco,Turno_1,3572.9,171.0,1.19,52.5,78.6,111.4,36.3,155,7.87,8400,CLP-5FE6F,1
PEC-87763,Fresadora,Aco_Inox,Soluvel,Turno_3,3674.2,213.8,3.47,12.1,71.5,121.9,51.7,128,-1.94,8540,CLP-BBD4B,1
PEC-87764,Fresadora,Aco_Inox,Soluvel,Turno_2,3137.4,275.4,1.91,36.5,36.7,126.4,31.2,112,31.49,7919,CLP-86B43,1
PEC-87765,Fresadora,Aco_Inox,Sintetico,Turno_1,2664.2,218.3,1.55,24.3,66.3,108.5,34.1,158,-5.23,3157,CLP-3EE07,1
PEC-87766,Torno_CNC,Aluminio,Semi_Sintetico,Turno_2,3641.8,307.4,1.94,55.4,99.0,108.5,36.8,111,6.15,9998,CLP-CD28F,1
PEC-87767, TORNO_CNC ,Aluminio,Soluvel,Turno_1,2854.0,231.9,1.38,12.9,78.4,115.9,32.3,147,35.27,2524,CLP-E5EB1,1
PEC-87768,Torno_CNC,Aluminio,Semi_Sintetico,Turno_2,3378.8,266.3,1.7,,59.0,131.2,33.6,59,-7.7,5853,CLP-5FDCB,1
PEC-87769,Fresadora,Aco_Inox,Soluvel,Turno_2,3901.2,274.9,2.77,22.8,71.5,125.2,44.6,124,-28.86,6998,CLP-45207,1
PEC-87770,torno_cnc,Aco_Inox,Soluvel,Turno_3,2453.5,326.7,3.96,11.4,60.3,99.7,31.5,155,-3.4,7400,CLP-CB3A8,1
PEC-87771,Fresadora,Aco_Inox,Soluvel,Turno_1,3608.5,214.2,1.98,26.6,77.2,149.3,43.0,162,-0.9,9011,CLP-8E98E,1
PEC-87772,Torno_CNC,Aco_Inox,Sintetico,Turno_2,3107.0,272.1,1.78,,55.2,125.7,45.1,37,9.93,7191,CLP-B4874,0
PEC-87773,Torno_CNC,Aco_Carbono,Soluvel,Turno_1,3118.7,202.7,3.63,166.5,79.5,113.6,51.0,16,24.22,8197,CLP-251A8,1
PEC-87774,Torno_CNC,Latao,Sintetico,Turno_3,3431.4,336.1,0.59,,76.0,117.7,52.4,100,-3.37,4686,CLP-D54EB,0
PEC-87775,Torno_CNC,Aluminio,Soluvel,Turno_2,2852.9,198.0,1.71,7.5,72.7,116.4,34.0,67,3.6,7159,CLP-C071B,1
PEC-87776,Torno_CNC,Latao,Sintetico,Turno_1,2671.2,269.2,2.31,26.6,89.8,114.4,34.4,40,-32.72,5350,CLP-2F7F7,1
PEC-87777,Centro_Usinagem,Aluminio,Soluvel,Turno_1,2397.1,328.0,2.9,78.8,77.1,137.5,34.0,2,9.23,7093,CLP-D7A64,1
PEC-87778,Centro_Usinagem,Aco_Inox,Soluvel,Turno_2,3754.3,190.2,1.12,75.5,77.3,155.6,51.3,37,4.08,9063,CLP-73159,1
PEC-87779,torno_cnc,Latao,Sintetico,Turno_2,3032.7,279.8,2.23,119.3,78.5,112.3,47.8,12,-17.65,9983,CLP-71C42,1
PEC-87780, TORNO_CNC ,Aco_Inox,Sintetico,Turno_2,3456.5,200.4,2.77,83.6,73.6,113.1,42.2,146,48.37,1234,CLP-D02C3,1
PEC-87781,Torno_CNC,Aluminio,Soluvel,Turno_1,2981.7,366.4,2.54,11.8,70.6,118.6,35.5,128,4.12,6696,CLP-91096,1
PEC-87782,Centro_Usinagem,Aco_Inox,Semi_Sintetico,Turno_2,2677.2,155.4,2.8,5.1,56.9,99.4,46.2,159,-2.66,7499,CLP-8509E,1
PEC-87783,Torno_CNC,Aco_Inox,Sintetico,Turno_1,3493.5,174.1,3.15,38.5,57.0,127.9,56.0,177,-9.71,8768,CLP-27779,1
PEC-87784,Celula_Robotica,Aluminio,Soluvel,Turno_2,3347.6,193.9,2.02,47.4,70.2,122.8,55.4,117,18.42,4020,CLP-7FBDD,1
PEC-87785, TORNO_CNC ,Aluminio,Seco,Turno_3,3093.4,195.5,0.75,9.9,72.3,122.2,33.2,176,-2.51,6711,CLP-36650,1
PEC-87786,Torno_CNC,Aco_Inox,Sintetico,Turno_2,3335.9,276.0,0.72,11.4,65.2,92.2,53.6,158,6.74,5370,CLP-6D4D1,1
PEC-87787,Celula_Robotica,Aco_Inox,Soluvel,Turno_1,2767.8,340.0,3.93,120.5,59.2,86.1,33.1,116,-5.22,1018,CLP-355FE,1
PEC-87788,Torno_CNC,Aco_Inox,Soluvel,Turno_3,3677.3,307.8,3.21,105.8,63.4,114.5,41.8,51,-0.55,8712,CLP-A040B,1
PEC-87789,torno_cnc,Latao,Sintetico,Turno_1,3781.6,261.7,3.56,11.0,64.4,129.9,40.8,81,-0.58,9489,CLP-C741B,0
PEC-87790,torno_cnc,Aco_Carbono,Soluvel,Turno_2,3541.7,250.5,4.22,14.9,68.3,93.3,47.1,15,-1.5,5345,CLP-343D4,1
PEC-87791,Torno_CNC,Aluminio,Soluvel,Turno_2,3032.6,219.7,3.5,82.9,62.3,133.4,37.0,42,3.42,5018,CLP-73C34,1
PEC-87792, TORNO_CNC ,Aco_Inox,Soluvel,Turno_1,3226.7,269.6,3.27,25.0,79.0,115.4,45.8,80,-11.57,8223,CLP-2C72A,1
PEC-87793,Fresadora,Aco_Carbono,Sintetico,Turno_1,3906.0,239.6,3.12,61.0,63.7,107.6,36.4,65,21.46,1820,CLP-6FA17,1
PEC-87794,Fresadora,Aco_Inox,Soluvel,Turno_1,3776.5,259.5,1.53,22.6,57.3,121.2,46.4,16,2.18,1982,CLP-CEEA6,0
PEC-87795,Torno_CNC,Aco_Inox,Semi_Sintetico,Turno_3,4097.2,213.0,4.33,51.7,64.0,100.5,34.5,100,15.65,8375,CLP-C011F,1
PEC-87796,Celula_Robotica,Aco_Inox,Soluvel,Turno_3,2848.8,189.9,2.67,22.7,51.8,81.9,41.8,170,8.25,4881,CLP-BFC96,1
PEC-87797,Torno_CNC,Aco_Carbono,Soluvel,Turno_2,2808.4,251.3,1.39,85.3,89.2,138.1,45.0,65,-20.71,4768,CLP-5C183,1
PEC-87798,Torno_CNC,Aco_Inox,Semi_Sintetico,Turno_1,3260.5,250.2,1.34,18.8,72.9,119.3,43.0,115,28.77,4875,CLP-85953,1
PEC-87799,Torno_CNC,Aco_Inox,Sintetico,Turno_3,3383.1,220.2,3.76,30.9,64.8,109.2,51.8,44,4.6,7544,CLP-A1B4F,1
PEC-87800,Torno_CNC,Aluminio,Soluvel,Turno_2,3136.0,211.7,1.5,30.8,82.0,111.3,26.9,1,-15.86,5241,CLP-A42D2,1
PEC-87801,Torno_CNC,Aco_Inox,Soluvel,Turno_2,3024.6,277.9,0.67,41.6,62.5,108.4,46.4,50,23.53,8171,CLP-A0572,0
PEC-87802,Celula_Robotica,Aluminio,Soluvel,Turno_2,3770.3,272.7,2.21,17.8,64.6,114.7,38.4,123,-25.12,1434,CLP-69034,1
PEC-87803,Torno_CNC,Aluminio,Sintetico,Turno_1,3159.2,343.8,3.77,41.0,56.6,118.3,49.7,101,24.34,3451,CLP-48A7D,1
PEC-87804,Torno_CNC,Aluminio,Soluvel,Turno_2,2653.2,319.0,2.16,10.3,53.7,130.3,45.2,163,-2.24,1450,CLP-7B926,1
PEC-87805,Torno_CNC,Aco_Inox,Sintetico,Turno_2,2705.1,190.3,3.71,83.4,67.5,109.6,53.7,18,12.75,6351,CLP-41E5E,1
PEC-87806,Fresadora,Aco_Inox,Sintetico,Turno_2,3311.2,240.5,3.81,10.4,77.8,104.1,43.1,176,7.48,6851,CLP-3EEB6,1
PEC-87807,Centro_Usinagem,Aco_Carbono,Soluvel,Turno_3,4551.2,181.8,3.93,69.2,54.5,112.0,54.9,44,-19.97,5975,CLP-BAE50,1
PEC-87808,Torno_CNC,Aco_Carbono,Soluvel,Turno_1,2760.8,158.0,2.86,46.3,62.1,157.0,46.3,11,-10.57,2816,CLP-A5C7A,1
PEC-87809,Torno_CNC,Aco_Inox,Soluvel,Turno_2,3058.3,359.8,3.3,,62.6,122.4,34.7,145,1.52,1845,CLP-9DAAE,1
PEC-87810,Torno_CNC,Aco_Inox,Soluvel,Turno_1,4282.2,324.0,1.55,18.9,74.3,126.0,38.5,39,2.08,9791,CLP-93246,1
PEC-87811,Torno_CNC,Aco_Inox,Sintetico,Turno_3,2982.1,218.5,0.9,123.4,59.8,116.2,40.3,37,4.65,5973,CLP-69358,1
PEC-87812,Torno_CNC,Aluminio,Sintetico,Turno_1,3405.0,312.2,2.63,12.6,74.0,146.0,45.9,95,15.43,9641,CLP-CCD4C,1
PEC-87813, TORNO_CNC ,Aco_Carbono,Semi_Sintetico,Turno_1,4044.2,319.6,0.54,49.9,73.6,132.9,52.2,41,-23.38,3302,CLP-89BFC,1
PEC-87814,Torno_CNC,Aco_Inox,Soluvel,Turno_3,2771.8,154.0,2.36,12.1,57.1,104.4,49.9,55,17.98,8078,CLP-ED157,0
PEC-87815,torno_cnc,Aluminio,Seco,Turno_1,3060.8,292.5,0.91,87.5,61.5,122.4,50.3,96,-8.83,9947,CLP-AF8AF,1
PEC-87816,Torno_CNC,Aco_Carbono,Soluvel,Turno_2,,225.4,0.93,,66.0,114.2,39.0,112,-1.01,6506,CLP-5ABFD,1
PEC-87817,Celula_Robotica,Latao,Soluvel,Turno_3,999999.0,269.2,3.98,99.5,59.8,126.2,52.1,161,21.64,1504,CLP-94A26,1
PEC-87818,Centro_Usinagem,Aco_Inox,Sintetico,Turno_2,3906.2,400.5,3.06,78.9,54.3,134.9,45.8,50,-8.45,9112,CLP-6915B,1
PEC-87819,torno_cnc,Aco_Inox,Semi_Sintetico,Turno_1,2936.6,329.3,3.08,32.9,82.8,101.7,51.4,166,20.46,3285,CLP-F367B,1
PEC-87820, TORNO_CNC ,Aco_Inox,Soluvel,Turno_1,,243.6,2.12,10.8,43.6,125.4,33.2,144,-17.46,7064,CLP-49F34,0
PEC-87821, TORNO_CNC ,Aco_Carbono,Sintetico,Turno_3,3000.0,321.1,2.15,13.8,67.8,107.9,48.6,162,16.82,4261,CLP-3863D,1
PEC-87822, TORNO_CNC ,Aco_Carbono,Semi_Sintetico,Turno_1,3618.0,153.9,1.71,12.9,81.4,141.2,40.1,78,1.64,3447,CLP-8A021,1
PEC-87823,Fresadora,Aluminio,Semi_Sintetico,Turno_2,3250.8,275.2,2.24,13.7,55.3,134.5,34.9,128,-1.89,2216,CLP-7192D,1
PEC-87824, TORNO_CNC ,Aco_Inox,Soluvel,Turno_3,2843.8,276.4,2.85,27.6,65.3,90.2,50.2,164,-0.34,5865,CLP-9B8C3,1
PEC-87825,Centro_Usinagem,Aco_Inox,Semi_Sintetico,Turno_2,3384.1,285.3,1.25,75.8,75.8,103.1,41.6,15,-7.79,7458,CLP-E07E3,1
PEC-87826,Celula_Robotica,Aco_Inox,Semi_Sintetico,Turno_3,3565.7,224.6,1.55,5.8,28.5,99.8,49.2,56,-24.49,5137,CLP-30602,0
PEC-87827,Torno_CNC,Aluminio,Sintetico,Turno_1,3189.3,269.1,2.48,14.5,64.4,119.1,37.2,78,29.89,5834,CLP-E5A44,1
PEC-87828,torno_cnc,Aco_Inox,Semi_Sintetico,Turno_2,3094.4,292.8,2.04,36.8,46.1,124.5,61.3,88,9.45,8327,CLP-E3861,0
PEC-87829,Torno_CNC,Aco_Inox,Seco,Turno_2,3657.1,133.9,3.78,75.2,76.6,131.9,44.0,11,-13.61,7799,CLP-8A1F3,1
PEC-87830,Torno_CNC,Aco_Carbono,Soluvel,Turno_1,3119.4,234.2,3.79,17.4,55.5,116.3,41.2,93,15.3,6424,CLP-878A5,1
PEC-87831, TORNO_CNC ,Aco_Inox,Soluvel,Turno_1,3923.7,204.8,1.84,21.9,86.4,115.8,52.9,68,-12.82,4764,CLP-7B87F,1
PEC-87832,Torno_CNC,Aluminio,Soluvel,Turno_2,2859.1,283.1,2.3,21.4,53.5,124.3,44.3,96,-7.32,9628,CLP-732C6,0
PEC-87833,Centro_Usinagem,Aco_Inox,Soluvel,Turno_2,2848.6,318.9,4.41,17.2,70.4,167.3,70.3,32,-1.7,4659,CLP-7D431,1
PEC-87834,Torno_CNC,Aco_Carbono,Soluvel,Turno_2,2793.3,219.4,3.81,47.0,54.5,97.3,54.3,67,28.59,3881,CLP-F0B3E,1
PEC-87835, TORNO_CNC ,Aluminio,Sintetico,Turno_3,3092.5,195.6,1.36,42.3,62.2,91.8,41.2,134,-12.95,4799,CLP-8345D,1
PEC-87836,Fresadora,Latao,Soluvel,Turno_2,3201.1,255.9,1.62,69.9,64.9,112.0,45.6,147,1.19,7273,CLP-2C653,1
PEC-87837,Fresadora,Aluminio,Sintetico,Turno_3,2603.5,192.3,0.83,92.4,65.3,109.2,45.5,145,-1.39,7273,CLP-A4E6C,1
PEC-87838, TORNO_CNC ,Latao,Semi_Sintetico,Turno_2,3243.5,238.7,3.21,,84.9,108.9,36.6,124,12.34,5508,CLP-E6ADD,1
PEC-87839,Centro_Usinagem,Aco_Carbono,Soluvel,Turno_1,3454.4,233.4,1.77,32.2,82.1,119.8,55.3,48,3.13,8438,CLP-90AE0,1
PEC-87840,torno_cnc,Aluminio,Seco,Turno_1,2540.5,279.0,2.65,12.2,56.0,102.4,41.6,133,-28.04,3533,CLP-52F25,1
PEC-87841, TORNO_CNC ,Latao,Soluvel,Turno_2,2965.5,265.8,3.57,13.8,65.5,111.1,43.0,125,-11.67,3002,CLP-62F54,1
PEC-87842,Torno_CNC,Aco_Inox,Semi_Sintetico,Turno_3,3455.4,258.1,3.84,36.2,51.0,115.6,46.7,91,6.52,3383,CLP-A7646,1
PEC-87843, TORNO_CNC ,Aco_Inox,Semi_Sintetico,Turno_1,2709.8,331.8,1.8,92.7,48.3,115.9,37.7,36,13.77,6574,CLP-1CB6F,1
PEC-87844,Centro_Usinagem,Aco_Inox,Soluvel,Turno_2,3057.8,263.5,1.45,31.5,57.0,117.9,46.7,96,11.92,7743,CLP-28179,1
PEC-87845,Fresadora,Aluminio,Soluvel,Turno_1,3689.7,229.1,3.89,,85.2,117.8,41.0,43,-4.2,1260,CLP-1B2AC,1
PEC-87846,Centro_Usinagem,Aco_Carbono,Soluvel,Turno_1,4007.8,235.2,2.03,15.6,44.7,107.9,41.2,98,5.67,5234,CLP-EFDE3,1
PEC-87847, TORNO_CNC ,Aco_Carbono,Semi_Sintetico,Turno_2,3398.0,211.8,3.79,8.2,71.9,116.2,43.7,79,-3.35,5874,CLP-BF743,1
PEC-87848,Torno_CNC,Aco_Inox,Semi_Sintetico,Turno_1,3123.8,199.1,1.1,60.7,70.5,119.9,39.1,73,-5.71,1345,CLP-AA9A9,1
PEC-87849,Torno_CNC,Aluminio,Soluvel,Turno_2,2974.4,180.5,4.15,79.0,56.1,134.4,32.5,130,19.62,4950,CLP-BDAA9,1
PEC-87850,Torno_CNC,Aco_Inox,Sintetico,Turno_3,3609.8,306.7,2.43,25.8,72.7,97.8,46.4,103,12.66,4395,CLP-9A94D,1
PEC-87851,Fresadora,Aluminio,Soluvel,Turno_3,3710.0,214.1,1.18,8.8,72.7,120.4,26.7,173,-4.7,8969,CLP-92CD3,1
PEC-87852,Fresadora,Aco_Inox,Soluvel,Turno_1,,265.8,2.64,6.5,64.6,122.5,27.0,70,23.68,1649,CLP-C23AE,1
PEC-87853,Torno_CNC,Latao,Seco,Turno_2,3609.7,235.0,3.98,7.3,63.2,122.8,45.4,162,-1.31,6310,CLP-97BC2,1
PEC-87854, TORNO_CNC ,Aco_Inox,Soluvel,Turno_3,2926.8,248.5,2.06,25.2,62.1,123.5,43.5,124,-16.09,2003,CLP-3EAF9,1
PEC-87855, TORNO_CNC ,Aco_Inox,Seco,Turno_1,,307.7,1.21,14.4,54.9,100.3,47.1,104,7.23,7988,CLP-EC001,0
PEC-87856, TORNO_CNC ,Aco_Carbono,Semi_Sintetico,Turno_2,3130.9,258.8,2.81,26.7,67.0,122.4,50.3,22,3.58,8466,CLP-5477A,1
PEC-87857,Torno_CNC,Aluminio,Seco,Turno_3,3646.2,203.9,3.84,28.5,58.9,121.6,29.2,8,12.09,5807,CLP-2F363,1
PEC-87858,Torno_CNC,Aco_Inox,Soluvel,Turno_1,3339.2,221.8,0.99,26.4,66.9,128.2,40.1,20,-16.83,7996,CLP-EF12B,1
PEC-87859,Torno_CNC,Aluminio,Soluvel,Turno_3,3327.0,293.0,0.67,38.9,57.7,117.5,41.4,38,-21.1,9374,CLP-20589,1
PEC-87860,Torno_CNC,Aco_Inox,Soluvel,Turno_2,3358.6,274.2,0.73,44.8,57.1,111.9,47.5,137,7.29,7352,CLP-8C1C8,1
PEC-87861,Torno_CNC,Latao,Sintetico,Turno_1,3410.4,296.1,1.42,22.6,58.5,135.0,46.8,147,-21.79,8882,CLP-AC418,1
PEC-87862,Torno_CNC,Aluminio,Sintetico,Turno_2,3148.6,238.1,0.53,19.4,80.2,101.7,41.8,160,-7.5,9479,CLP-37B36,1
PEC-87863,Fresadora,Aco_Inox,Soluvel,Turno_1,3484.3,180.2,2.21,21.1,48.5,99.4,45.4,75,-16.87,1777,CLP-C0D7D,0
PEC-87864,Torno_CNC,Aluminio,Semi_Sintetico,Turno_1,2903.1,275.3,3.29,,86.3,101.4,42.8,121,-10.19,7518,CLP-E5057,1
PEC-87865,Celula_Robotica,Aco_Inox,Soluvel,Turno_2,3493.0,262.6,3.34,,74.2,125.2,37.7,118,6.16,1991,CLP-56896,1
PEC-87866,Torno_CNC,Aco_Carbono,Soluvel,Turno_2,3585.6,264.0,3.05,12.8,46.2,109.2,45.4,92,15.23,5605,CLP-5FD80,1
PEC-87867,Torno_CNC,Latao,Soluvel,Turno_2,3514.6,180.9,1.68,17.0,58.1,118.3,27.8,113,-28.54,6753,CLP-D366F,1
PEC-87868, TORNO_CNC ,Aco_Carbono,Soluvel,Turno_1,3538.0,218.0,3.44,48.9,45.5,140.8,47.0,164,7.21,8642,CLP-954E3,1
PEC-87869,Torno_CNC,Aco_Inox,Soluvel,Turno_3,3409.2,203.1,2.81,161.4,72.8,102.3,56.3,21,-17.69,8667,CLP-2A676,1
PEC-87870,Centro_Usinagem,Aco_Inox,Soluvel,Turno_2,,270.0,3.94,95.0,80.3,94.5,42.2,71,-25.53,7950,CLP-C0F96,1
PEC-87871,Torno_CNC,Aco_Inox,Semi_Sintetico,Turno_3,2177.8,271.7,2.41,65.3,67.8,132.4,61.5,116,-2.6,1170,CLP-C8EB0,1
PEC-87872,Celula_Robotica,Aluminio,Semi_Sintetico,Turno_3,3584.2,247.8,1.22,51.8,79.6,107.5,49.8,89,13.11,8185,CLP-6ADD5,1
PEC-87873,Centro_Usinagem,Aluminio,Soluvel,Turno_1,4089.0,298.4,3.04,106.5,67.2,102.4,56.7,42,10.99,8199,CLP-8E580,1
PEC-87874,torno_cnc,Aluminio,Sintetico,Turno_1,2920.1,324.5,1.1,53.8,76.7,118.4,48.1,57,11.15,8462,CLP-58A9B,1
PEC-87875,torno_cnc,Latao,Sintetico,Turno_3,2869.8,267.7,4.35,27.3,68.5,117.1,49.4,85,7.77,5940,CLP-9A104,1
PEC-87876,Fresadora,Aco_Inox,Soluvel,Turno_3,3778.8,283.6,3.31,37.2,65.2,107.0,46.1,102,17.51,1725,CLP-32A7C,1
PEC-87877, TORNO_CNC ,Aco_Inox,Sintetico,Turno_1,2783.0,222.9,3.53,17.8,74.3,128.4,32.5,77,17.12,1052,CLP-4A717,1
PEC-87878,Fresadora,Aco_Inox,Sintetico,Turno_2,2900.0,213.7,3.22,5.1,63.1,108.3,29.3,90,31.37,5747,CLP-658CE,1
PEC-87879,Torno_CNC,Aco_Inox,Sintetico,Turno_1,3276.5,300.5,0.89,20.3,82.5,107.6,43.1,87,-22.13,4851,CLP-30B08,1
PEC-87880,Torno_CNC,Aco_Inox,Sintetico,Turno_1,2840.5,206.3,2.36,23.2,61.2,92.0,40.2,141,3.31,4682,CLP-D7945,1
PEC-87881, TORNO_CNC ,Aluminio,Sintetico,Turno_2,3593.8,284.9,3.11,51.2,71.8,83.2,40.4,164,29.88,1631,CLP-42BD2,1
PEC-87882,torno_cnc,Aco_Inox,Soluvel,Turno_1,2844.1,336.0,1.42,,56.5,123.5,34.9,137,10.71,3523,CLP-933BF,1
PEC-87883,Centro_Usinagem,Aco_Inox,Semi_Sintetico,Turno_3,3362.3,282.7,3.22,120.1,46.1,100.2,53.9,84,5.25,8399,CLP-69E64,1
PEC-87884,Torno_CNC,Aco_Carbono,Soluvel,Turno_3,,246.0,3.78,20.2,69.3,117.7,36.8,169,-24.57,5613,CLP-D4FF1,1
PEC-87885,Centro_Usinagem,Aco_Inox,Semi_Sintetico,Turno_2,3948.7,183.0,1.6,115.5,43.4,148.9,36.2,72,-30.17,4828,CLP-DDF0F,1
PEC-87886,Torno_CNC,Aluminio,Soluvel,Turno_1,,258.2,1.3,,90.8,127.0,45.3,26,-10.6,9490,CLP-C5951,1
PEC-87887, TORNO_CNC ,Aco_Inox,Soluvel,Turno_1,2961.7,300.5,4.03,6.1,60.8,120.4,53.7,38,15.95,4787,CLP-B80B4,1
PEC-87888,Torno_CNC,Aluminio,Sintetico,Turno_1,2631.0,241.1,0.52,36.7,64.1,126.4,51.8,91,-2.9,5619,CLP-355B1,0
PEC-87889, TORNO_CNC ,Latao,Soluvel,Turno_2,3577.1,301.1,1.52,20.9,61.3,152.4,39.8,87,-10.43,7519,CLP-204D2,1
PEC-87890,Torno_CNC,Aco_Inox,Semi_Sintetico,Turno_1,2906.0,268.3,2.13,6.2,66.7,91.7,43.3,142,-27.01,1178,CLP-CD7E0,1
PEC-87891,torno_cnc,Aluminio,Soluvel,Turno_2,3048.9,264.6,3.19,31.5,69.1,118.0,58.1,145,1.69,9651,CLP-4A12C,1
PEC-87892,Centro_Usinagem,Aco_Carbono,Sintetico,Turno_2,2723.1,234.2,4.49,35.8,54.9,142.1,53.8,62,6.44,3184,CLP-D1887,0
PEC-87893, TORNO_CNC ,Aluminio,Soluvel,Turno_3,3505.6,177.2,1.98,15.2,34.4,124.6,52.0,138,29.8,3305,CLP-2CB6B,1
PEC-87894, TORNO_CNC ,Aco_Inox,Soluvel,Turno_3,2909.1,228.7,4.3,103.4,51.8,138.1,48.1,143,-13.11,5252,CLP-86888,1
PEC-87895,Centro_Usinagem,Aco_Inox,Soluvel,Turno_2,3184.2,228.3,1.97,38.0,59.2,110.6,45.8,151,-7.99,5924,CLP-F34F9,1
PEC-87896,Fresadora,Aluminio,Sintetico,Turno_2,3191.2,278.8,3.28,11.8,68.4,101.2,61.1,34,-21.52,5036,CLP-41543,1
PEC-87897, TORNO_CNC ,Aco_Carbono,Sintetico,Turno_1,3282.6,249.2,1.16,49.7,67.2,148.7,54.0,151,-15.45,3987,CLP-7366E,1
PEC-87898,Torno_CNC,Aco_Inox,Sintetico,Turno_1,3497.7,304.2,2.34,29.2,74.0,121.1,46.0,22,13.42,6681,CLP-9399C,1
PEC-87899,Centro_Usinagem,Aco_Inox,Seco,Turno_3,3090.7,264.1,3.99,27.4,45.3,132.4,50.8,170,-6.56,8635,CLP-94C0F,1
PEC-87900,torno_cnc,Aco_Inox,Sintetico,Turno_2,2866.4,224.8,1.78,68.0,54.3,133.3,43.0,157,35.16,2912,CLP-875D9,1
PEC-87901,Torno_CNC,Aco_Inox,Seco,Turno_1,2363.2,209.3,0.92,10.2,59.7,139.2,32.2,177,-17.18,8648,CLP-E48D9,1
PEC-87902,Torno_CNC,Aco_Inox,Soluvel,Turno_2,3246.2,219.8,2.59,28.6,83.3,124.4,36.8,145,19.64,2604,CLP-190A0,1
PEC-87903,Centro_Usinagem,Aco_Inox,Soluvel,Turno_3,3129.4,258.0,2.26,58.1,97.6,125.1,41.3,156,31.12,7077,CLP-33F8D,1
PEC-87904,Torno_CNC,Aco_Inox,Soluvel,Turno_1,2880.3,231.4,1.42,42.8,48.8,127.5,40.8,168,1.85,3822,CLP-BD06C,1
PEC-87905,Celula_Robotica,Aco_Inox,Soluvel,Turno_1,,196.2,4.12,5.2,78.1,110.4,39.2,122,9.88,6832,CLP-ED078,1
PEC-87906,Torno_CNC,Latao,Sintetico,Turno_3,3585.2,300.3,2.91,59.2,66.0,135.8,39.6,23,8.25,9144,CLP-8CA2A,1
PEC-87907,Fresadora,Aco_Inox,Sintetico,Turno_2,3700.3,257.6,1.89,106.3,71.7,111.4,55.4,172,2.22,6798,CLP-B9050,1
PEC-87908, TORNO_CNC ,Aco_Inox,Sintetico,Turno_2,2509.2,263.7,4.48,47.7,49.1,136.6,59.7,1,-17.44,5488,CLP-C4E3A,0
PEC-87909, TORNO_CNC ,Aco_Inox,Sintetico,Turno_1,3037.6,208.9,1.05,78.0,81.3,131.9,55.5,42,12.16,3355,CLP-72611,0
PEC-87910,Centro_Usinagem,Latao,Seco,Turno_3,3632.5,197.9,3.89,20.7,38.3,86.9,27.7,66,1.38,6970,CLP-8A4F5,1
PEC-87911, TORNO_CNC ,Aco_Carbono,Semi_Sintetico,Turno_3,3918.2,241.9,1.42,20.1,49.2,132.1,53.6,17,18.7,7627,CLP-B8357,0
PEC-87912,torno_cnc,Aco_Carbono,Soluvel,Turno_2,,148.6,1.46,18.5,61.8,123.5,50.9,98,25.08,8321,CLP-5373C,1
PEC-87913,Torno_CNC,Aco_Inox,Soluvel,Turno_1,3820.2,289.0,2.49,51.5,57.9,140.0,44.7,13,-18.12,2134,CLP-BCB95,1
PEC-87914,Torno_CNC,Aco_Carbono,Soluvel,Turno_2,2592.5,214.8,3.15,104.7,65.3,146.0,41.0,135,6.31,5874,CLP-A0E85,1
PEC-87915,Torno_CNC,Aluminio,Soluvel,Turno_1,3716.7,236.6,3.26,80.8,56.8,121.7,42.6,26,29.63,3599,CLP-D3A46,1
PEC-87916,Fresadora,Aco_Inox,Sintetico,Turno_1,3073.2,271.3,0.59,10.7,60.7,125.4,52.9,92,-11.52,2770,CLP-DD15C,1
PEC-87917,Torno_CNC,Aluminio,Sintetico,Turno_1,3903.3,238.8,1.65,,62.8,100.8,48.1,71,3.73,2034,CLP-2384B,1
PEC-87918,Torno_CNC,Aco_Carbono,Soluvel,Turno_1,2991.2,191.6,3.14,197.9,62.3,117.5,54.8,127,4.93,6545,CLP-6E58B,1
PEC-87919, TORNO_CNC ,Aco_Carbono,Sintetico,Turno_3,3060.5,325.3,4.06,17.3,66.8,144.8,51.5,123,14.52,3052,CLP-D7C88,1
PEC-87920,Fresadora,Aco_Carbono,Sintetico,Turno_1,3140.0,173.4,3.18,40.3,75.8,120.0,56.5,62,4.0,6396,CLP-C7569,1
PEC-87921,Fresadora,Latao,Soluvel,Turno_2,2508.3,138.2,1.56,88.0,56.0,133.9,50.1,41,4.16,6149,CLP-3170C,0
PEC-87922,Torno_CNC,Aco_Inox,Soluvel,Turno_1,2406.9,293.7,2.53,85.4,81.2,119.7,35.9,103,-16.61,6536,CLP-49C3F,1
PEC-87923,Torno_CNC,Aluminio,Semi_Sintetico,Turno_2,3429.6,177.0,3.09,18.6,65.6,118.2,32.2,172,14.94,3633,CLP-E492B,1
PEC-87924,Celula_Robotica,Aco_Inox,Sintetico,Turno_1,3644.8,312.6,1.04,,80.1,128.6,50.2,8,-10.62,7656,CLP-1CC61,0
PEC-87925,Torno_CNC,Aco_Carbono,Soluvel,Turno_2,3473.4,268.8,2.68,41.3,60.9,76.3,49.8,63,16.86,8494,CLP-AC6CF,1
PEC-87926,Centro_Usinagem,Aco_Inox,Soluvel,Turno_3,2635.7,264.2,2.39,107.8,54.6,125.6,40.1,7,19.14,5448,CLP-B7261,1
PEC-87927,Centro_Usinagem,Aco_Carbono,Soluvel,Turno_3,3416.1,221.5,1.85,29.8,66.0,86.3,47.0,70,-18.19,1192,CLP-7F71F,1
PEC-87928,Fresadora,Aco_Inox,Soluvel,Turno_2,,208.7,2.99,26.4,95.8,118.8,41.4,10,-1.76,2758,CLP-DFF12,1
PEC-87929,Torno_CNC,Aco_Inox,Semi_Sintetico,Turno_1,3383.4,231.2,3.04,74.8,48.6,107.5,41.1,155,13.32,8584,CLP-A7CB2,1
PEC-87930,Centro_Usinagem,Aco_Inox,Soluvel,Turno_1,3709.1,206.1,4.39,24.3,73.1,102.7,33.5,84,-22.19,7366,CLP-38487,1
PEC-87931,Fresadora,Aco_Inox,Soluvel,Turno_2,3365.4,310.4,2.21,45.0,67.1,142.2,45.4,3,4.99,7849,CLP-21B55,1
PEC-87932,torno_cnc,Aco_Carbono,Soluvel,Turno_1,3860.8,212.9,2.63,22.2,69.8,136.8,40.9,158,-18.34,9977,CLP-D2492,1
PEC-87933,Torno_CNC,Aco_Inox,Semi_Sintetico,Turno_2,3132.5,275.3,1.13,21.6,50.5,114.7,48.0,95,16.25,1727,CLP-DC8C3,0
PEC-87934,Torno_CNC,Aluminio,Soluvel,Turno_3,,300.3,2.69,12.3,70.5,155.7,31.0,21,19.14,9474,CLP-7F58D,1
PEC-87935,Torno_CNC,Aco_Inox,Soluvel,Turno_3,3230.3,205.9,0.64,8.2,68.5,134.9,49.8,84,-1.25,3534,CLP-B38E5,1
PEC-87936,torno_cnc,Aco_Inox,Sintetico,Turno_3,2595.8,268.8,1.1,80.7,47.2,117.6,40.9,35,-2.04,6785,CLP-8EDAE,0
PEC-87937,torno_cnc,Aco_Inox,Soluvel,Turno_3,3018.7,205.3,1.18,12.0,66.6,91.7,36.5,52,-28.12,7665,CLP-BF5A5,1
PEC-87938, TORNO_CNC ,Aco_Inox,Soluvel,Turno_2,3058.2,241.3,3.03,7.2,62.1,118.5,41.5,146,17.19,7101,CLP-B9695,0
PEC-87939, TORNO_CNC ,Aco_Carbono,Soluvel,Turno_2,3072.2,227.1,2.77,35.6,60.8,110.5,32.2,28,7.66,9245,CLP-5A54A,1
PEC-87940, TORNO_CNC ,Aluminio,Semi_Sintetico,Turno_1,3320.7,215.2,3.69,32.6,64.5,113.1,42.7,78,8.16,3569,CLP-42221,1
PEC-87941,Fresadora,Aco_Inox,Seco,Turno_3,2533.9,257.9,2.36,34.4,78.1,126.2,46.0,112,-1.23,2171,CLP-80B85,1
PEC-87942,Centro_Usinagem,Aluminio,Soluvel,Turno_1,2684.5,189.3,2.4,27.1,70.5,110.6,45.6,58,3.09,6814,CLP-BB2D8,1
PEC-87943,Torno_CNC,Aco_Inox,Soluvel,Turno_2,3709.4,296.5,1.15,10.4,52.5,139.8,48.7,113,-4.74,5088,CLP-3DEC7,1
PEC-87944, TORNO_CNC ,Aco_Inox,Soluvel,Turno_1,2296.7,195.9,3.47,5.7,71.0,112.0,40.5,133,-19.84,7096,CLP-DB6EC,1
PEC-87945,Torno_CNC,Aluminio,Semi_Sintetico,Turno_1,3477.4,186.6,0.51,6.7,64.5,104.7,51.2,69,27.77,5064,CLP-41775,0
PEC-87946,Fresadora,Aco_Inox,Sintetico,Turno_2,3031.9,237.4,2.2,105.4,57.6,129.7,47.1,146,-13.24,8530,CLP-4169A,1
PEC-87947,Fresadora,Aluminio,Semi_Sintetico,Turno_1,3272.1,231.4,1.25,31.6,50.1,119.6,51.5,35,-21.88,1865,CLP-C402C,1
PEC-87948,Celula_Robotica,Aluminio,Sintetico,Turno_2,,267.8,3.58,22.9,74.7,132.8,58.3,93,15.15,7717,CLP-8B805,1
PEC-87949,Torno_CNC,Aco_Carbono,Seco,Turno_2,3141.0,254.2,3.19,23.5,58.2,122.6,32.6,80,-3.11,1910,CLP-9065B,1
PEC-87950,Celula_Robotica,Latao,Semi_Sintetico,Turno_2,3481.4,168.6,3.33,42.0,75.9,99.2,41.9,20,-10.2,5236,CLP-51B1D,1
PEC-87951,Torno_CNC,Aco_Inox,Semi_Sintetico,Turno_1,3226.4,299.3,1.09,21.5,52.1,124.6,38.9,64,-14.91,4352,CLP-76457,1
PEC-87952,Fresadora,Aco_Inox,Soluvel,Turno_2,3150.8,236.1,3.18,60.7,88.9,106.4,62.1,114,13.85,9236,CLP-EEFC9,1
PEC-87953,Torno_CNC,Aco_Inox,Soluvel,Turno_3,3095.1,262.1,3.26,15.5,96.6,122.2,49.8,157,-45.05,8728,CLP-E23D5,1
PEC-87954,Centro_Usinagem,Aco_Inox,Sintetico,Turno_1,3515.5,360.1,0.51,21.0,71.5,111.0,47.3,1,9.96,8465,CLP-93A2D,0
PEC-87955,torno_cnc,Aco_Carbono,Sintetico,Turno_2,2870.8,314.3,1.77,100.7,80.6,116.9,54.6,43,-3.04,8334,CLP-80C70,1
PEC-87956,Fresadora,Aco_Carbono,Sintetico,Turno_2,2690.6,260.5,0.85,15.6,59.6,120.6,45.1,97,14.14,4237,CLP-53DCD,0
PEC-87957,Centro_Usinagem,Aluminio,Soluvel,Turno_3,3233.5,181.3,3.23,,58.4,131.0,48.7,169,16.37,8177,CLP-DEAA2,1
PEC-87958,Torno_CNC,Aluminio,Sintetico,Turno_2,3286.8,182.2,1.35,20.9,79.3,111.7,41.4,114,23.14,6711,CLP-B6909,1
PEC-87959,Torno_CNC,Aco_Inox,Soluvel,Turno_1,2379.1,308.1,1.56,27.3,66.8,78.2,34.1,96,30.73,6324,CLP-4A2D8,0
PEC-87960,Centro_Usinagem,Aluminio,Sintetico,Turno_3,3195.3,229.9,0.81,6.6,48.5,105.7,52.2,104,-25.91,8610,CLP-44CBA,0
PEC-87961,Torno_CNC,Aco_Carbono,Soluvel,Turno_3,,241.6,2.44,11.4,65.9,122.0,37.3,18,-29.27,4084,CLP-23764,0
PEC-87962,Torno_CNC,Aluminio,Soluvel,Turno_3,3482.1,192.7,0.63,8.8,50.3,137.7,51.0,8,1.95,7808,CLP-2ECBA,0
PEC-87963, TORNO_CNC ,Aco_Inox,Soluvel,Turno_2,2388.3,272.3,3.88,70.2,62.8,124.5,53.7,25,9.75,6381,CLP-5009E,1
PEC-87964,torno_cnc,Aluminio,Semi_Sintetico,Turno_3,4066.3,307.1,0.61,119.2,77.6,134.9,27.0,168,-4.78,1276,CLP-ED517,1
PEC-87965,Torno_CNC,Aco_Inox,Soluvel,Turno_2,3047.8,326.2,0.75,7.5,82.5,122.4,53.4,77,-39.55,9603,CLP-B84F8,1
PEC-87966,Torno_CNC,Aluminio,Soluvel,Turno_2,2810.8,227.6,3.06,7.8,68.3,123.3,47.0,112,-3.07,7471,CLP-1E025,1
PEC-87967,Torno_CNC,Aluminio,Soluvel,Turno_3,3072.7,282.2,4.17,33.1,81.1,116.4,37.2,176,8.53,9686,CLP-795E1,1
PEC-87968, TORNO_CNC ,Aco_Inox,Sintetico,Turno_3,3450.3,245.2,4.07,29.5,59.5,135.7,31.1,150,-16.31,7590,CLP-9C684,0
PEC-87969,Centro_Usinagem,Aco_Carbono,Soluvel,Turno_2,3600.7,294.0,0.83,41.8,85.4,144.7,44.4,64,-4.2,7163,CLP-40747,1
PEC-87970,Celula_Robotica,Aco_Carbono,Seco,Turno_3,3076.6,249.8,1.65,51.7,56.3,105.5,43.6,30,-11.0,8371,CLP-603EE,1
PEC-87971,Fresadora,Aco_Inox,Sintetico,Turno_1,2552.6,208.8,2.58,60.8,55.3,123.4,53.7,36,-24.14,9836,CLP-C1A9C,0
PEC-87972,Torno_CNC,Latao,Soluvel,Turno_1,2654.5,316.0,0.61,10.7,59.5,102.1,45.5,59,-16.56,5758,CLP-989E9,0
PEC-87973,Centro_Usinagem,Aluminio,Sintetico,Turno_2,3328.9,254.9,2.61,6.3,56.0,145.1,36.3,147,2.74,7280,CLP-45175,1
PEC-87974,torno_cnc,Aco_Carbono,Soluvel,Turno_2,3644.3,232.4,2.29,82.0,71.2,122.6,32.6,26,11.1,2366,CLP-70269,1
PEC-87975,Torno_CNC,Aco_Carbono,Semi_Sintetico,Turno_1,3702.9,258.9,2.85,27.2,80.0,119.7,46.2,57,-1.45,8176,CLP-BAD52,1
PEC-87976,Celula_Robotica,Aluminio,Soluvel,Turno_2,3275.6,213.2,4.18,129.2,65.2,102.9,45.0,78,-11.44,3483,CLP-BA7BD,1
PEC-87977,Fresadora,Aco_Carbono,Seco,Turno_1,3635.3,270.8,1.6,31.6,68.7,116.6,55.6,143,0.2,1924,CLP-96575,1
PEC-87978,Fresadora,Aco_Inox,Sintetico,Turno_2,4060.6,240.2,3.06,30.0,48.4,118.9,41.1,136,8.35,6405,CLP-F3BA1,1
PEC-87979,Fresadora,Aco_Inox,Semi_Sintetico,Turno_3,3735.7,210.3,2.22,39.1,66.2,103.9,48.3,35,-8.41,2040,CLP-5A601,1
PEC-87980,Torno_CNC,Aluminio,Soluvel,Turno_2,3614.9,368.8,2.24,11.5,86.2,122.3,43.9,132,12.42,6507,CLP-DB3BB,1
PEC-87981,Torno_CNC,Aco_Carbono,Soluvel,Turno_1,2837.0,199.6,3.09,15.3,82.0,107.1,23.4,76,-6.91,2218,CLP-69CDB,1
PEC-87982,Fresadora,Aco_Carbono,Sintetico,Turno_3,3633.2,267.7,4.31,87.7,51.9,126.5,50.7,32,8.0,6498,CLP-E1A52,1
PEC-87983,Torno_CNC,Aluminio,Sintetico,Turno_2,3407.6,252.8,3.95,13.4,59.7,105.2,41.6,128,-26.96,3796,CLP-E1890,1
PEC-87984, TORNO_CNC ,Aluminio,Soluvel,Turno_3,3492.8,198.7,3.06,14.3,105.9,122.4,50.3,41,26.74,7445,CLP-DEFB4,1
PEC-87985,Fresadora,Aco_Inox,Soluvel,Turno_2,,233.1,2.35,30.0,70.0,117.1,46.4,97,14.98,2792,CLP-DD30C,1
PEC-87986,Fresadora,Latao,Soluvel,Turno_3,3361.4,182.9,2.2,40.9,83.2,124.5,37.1,10,-9.02,2089,CLP-852F0,1
PEC-87987, TORNO_CNC ,Aco_Inox,Sintetico,Turno_3,3153.9,353.3,3.65,5.0,84.1,122.5,43.6,89,9.41,8083,CLP-B90F3,1
PEC-87988,Fresadora,Aco_Carbono,Soluvel,Turno_2,2718.6,236.6,1.37,26.4,51.6,121.4,44.7,43,10.21,6375,CLP-CEBDB,0
PEC-87989,Centro_Usinagem,Aluminio,Soluvel,Turno_1,3066.6,240.9,2.85,22.8,73.7,108.9,46.5,43,-23.15,8782,CLP-9C555,1
PEC-87990,Fresadora,Aluminio,Soluvel,Turno_2,,347.3,2.52,75.2,67.2,128.3,49.1,64,6.98,8198,CLP-8914B,1
PEC-87991,Torno_CNC,Aco_Inox,Soluvel,Turno_2,3324.9,208.8,3.1,69.1,85.9,124.3,45.2,145,-19.72,2289,CLP-64EFF,1
PEC-87992,Torno_CNC,Latao,Soluvel,Turno_2,3309.7,314.7,1.25,87.7,88.5,129.6,59.0,139,3.35,5177,CLP-B4107,1
PEC-87993,Torno_CNC,Aluminio,Seco,Turno_1,3631.8,279.6,3.28,69.6,55.0,119.6,51.7,58,-19.51,8349,CLP-948CA,1
PEC-87994,Torno_CNC,Latao,Soluvel,Turno_2,3589.4,151.1,3.01,59.1,106.3,117.3,53.0,170,-30.28,2638,CLP-81E50,1
PEC-87995,Torno_CNC,Aco_Inox,Seco,Turno_2,3172.1,231.4,1.22,73.6,67.0,104.8,51.6,173,-12.65,9505,CLP-1D7A2,1
PEC-87996,Torno_CNC,Aluminio,Soluvel,Turno_3,2818.7,271.8,2.3,11.7,72.6,110.1,45.6,49,-9.61,9389,CLP-1B080,1
PEC-87997, TORNO_CNC ,Aco_Carbono,Soluvel,Turno_3,3372.5,251.8,3.21,19.6,33.2,112.9,50.9,159,12.31,3211,CLP-E3E13,1
PEC-87998,Centro_Usinagem,Aco_Carbono,Soluvel,Turno_1,4210.9,251.9,4.11,45.3,77.1,134.4,55.0,79,-20.04,4341,CLP-EC5CB,1
PEC-87999,Torno_CNC,Latao,Sintetico,Turno_1,3344.6,219.6,0.99,94.8,39.2,101.3,46.0,128,-3.17,1201,CLP-C5946,1
