equipamento_id,tempo_operacao_horas,tipo_combustivel,turno_trabalho,regiao_instalacao,temperatura_celsius,vibracao_mm_s,pressao_psi,dias_desde_ultima_revisao,historico_falhas_anteriores,ruido_frequencia_hz,tag_rfid_inventario,firmware_serial_hash,falha_maquina
EQP-30000,12311.9,Diesel,Manha,Oeste,76.8,1.17,99.2,252,0,0.19,960139,FW-9082F,1
EQP-30001,5375.9,Diesel,Tarde,Leste,65.8,2.5,82.5,204,1,6.8,157884,FW-945FC,1
EQP-30002,,Eletrico,Manha,Oeste,41.4,3.35,77.9,361,0,-3.1,890278,FW-29997,1
EQP-30003,7507.9,Eletrico,Tarde,Sul,104.2,3.95,116.0,206,0,5.22,619581,FW-C818A,1
EQP-30004,11892.7,Diesel,Tarde,Oeste,71.9,10.94,114.2,87,1,-33.68,204222,FW-E0FDC,1
EQP-30005,,Eletrico,Noite,Leste,71.2,8.4,89.6,112,0,24.86,990959,FW-63376,1
EQP-30006,632.2,Eletrico,Noite,Sul,34.5,22.53,110.4,315,1,-30.18,750277,FW-695ED,1
EQP-30007,2558.2,Diesel,Tarde,Sul,72.3,4.35,110.6,170,0,-38.64,973553,FW-23430,1
EQP-30008,,Diesel,Noite,Oeste,55.1,2.9,113.9,69,0,-50.55,941542,FW-6CC17,0
EQP-30009,3424.5,Diesel,Tarde,Leste,91.3,0.53,117.0,97,0,-85.65,723918,FW-B6F9C,1
EQP-30010,11348.2,Diesel,Tarde,Norte,40.8,6.77,112.0,35,2,-6.23,661646,FW-A9DE0,1
EQP-30011,,Gas_Natural,Tarde,Leste,78.5,1.34,70.7,284,0,-46.82,970200,FW-B3990,1
EQP-30012,545.4,Diesel,Tarde,Sul,127.5,1.94,116.8,230,1,26.07,212240,FW-A64DF,1
EQP-30013,8764.5,Diesel,Noite,Leste,80.0,,67.8,101,1,-54.95,744452,FW-7AB8D,1
EQP-30014,14482.7,Eletrico,Manha,Leste,103.3,17.19,112.3,81,0,7.12,999020,FW-2619A,1
EQP-30015,5549.9,Gas_Natural,Manha,Leste,71.7,12.18,111.1,190,0,-14.29,103999,FW-DDBA9,1
EQP-30016,6060.5,Eletrico,Tarde,Leste,61.8,3.13,109.4,191,0,-64.35,366796,FW-B7CBE,0
EQP-30017,6975.0,Diesel,Manha,Leste,89.5,3.24,107.2,206,0,-43.47,873818,FW-AE9D8,1
EQP-30018,12206.4,Gas_Natural,Tarde,Leste,68.1,3.49,119.9,302,1,-39.64,183953,FW-7633A,1
EQP-30019,4907.8, DIESEL ,Tarde,Oeste,55.8,10.39,100.8,3,2,33.94,337636,FW-D19D4,1
EQP-30020,2849.5,Eletrico,Manha,Norte,87.0,0.83,89.0,153,3,14.56,230276,FW-5C64C,1
EQP-30021,12627.8, DIESEL ,Manha,Oeste,99.8,4.41,106.8,64,0,9.18,627064,FW-8E7D7,1
EQP-30022,7173.4, DIESEL ,Tarde,Sul,80.6,7.11,71.4,274,1,-66.09,711366,FW-24AE7,1
EQP-30023,10771.0,Gas_Natural,Tarde,Oeste,63.1,3.24,120.3,132,1,19.71,865347,FW-665D6,1
EQP-30024,8073.1,Eletrico,Noite,Sul,91.4,8.99,108.7,152,1,12.82,630508,FW-27863,1
EQP-30025,10479.7,Diesel,Tarde,Oeste,66.3,3.69,119.9,59,1,-22.27,984222,FW-E975E,1
EQP-30026,2899.8,Eletrico,Noite,Oeste,51.1,9.44,113.7,302,0,-31.98,442113,FW-E8A1F,1
EQP-30027,7911.9, DIESEL ,Manha,Oeste,67.2,8.91,98.6,325,0,-57.1,156740,FW-19755,1
EQP-30028,1489.2,Diesel,Manha,Oeste,90.0,3.75,89.7,11,1,5.06,564241,FW-D105B,1
EQP-30029,9483.1,Diesel,Manha,Leste,87.1,1.83,93.6,129,2,4.04,956291,FW-2DD00,1
EQP-30030,13930.8,Eletrico,Manha,Leste,77.0,21.06,86.4,85,1,-3.73,595684,FW-9D641,1
EQP-30031,14328.7,Eletrico,Tarde,Sul,59.4,1.99,126.5,162,0,21.89,594478,FW-59329,1
EQP-30032,9694.7,Eletrico,Manha,Norte,107.0,3.11,89.7,81,0,-63.2,216283,FW-E287E,1
EQP-30033,12717.6, DIESEL ,Manha,Leste,61.9,,84.8,29,0,57.71,638099,FW-9D4F6,1
EQP-30034,8248.0, DIESEL ,Noite,Sul,81.9,2.9,121.0,243,0,-39.29,962152,FW-DD84A,1
EQP-30035,2620.4,Eletrico,Noite,Oeste,66.8,,96.8,240,1,28.9,479438,FW-A9CB9,1
EQP-30036,901.3,Eletrico,Manha,Sul,84.8,6.87,75.6,173,5,34.04,866043,FW-76F26,1
EQP-30037,9780.1,Hibrido,Tarde,Sul,89.6,,108.5,71,0,16.95,884912,FW-56842,1
EQP-30038,13462.7,Eletrico,Manha,Norte,70.4,2.7,118.6,24,0,42.68,463386,FW-2B37E,1
EQP-30039,6504.3,Diesel,Tarde,Norte,81.5,0.76,111.2,24,2,-12.4,258497,FW-DD5C3,1
EQP-30040,231.2,Diesel,Manha,Oeste,88.4,0.84,121.5,105,0,36.24,730066,FW-A0592,1
EQP-30041,9325.0,Diesel,Tarde,Norte,49.7,3.34,106.8,257,0,-34.97,257118,FW-66604,0
EQP-30042,2422.8,Diesel,Manha,Norte,85.6,5.27,103.7,43,1,-18.2,307709,FW-CB8D1,1
EQP-30043,12674.6,diesel,Manha,Sul,64.3,19.24,129.1,46,0,-38.55,425698,FW-E5506,1
EQP-30044,10504.4,Diesel,Tarde,Leste,53.8,0.96,105.0,47,0,-8.3,429303,FW-57778,0
EQP-30045,3494.4,Diesel,Tarde,Leste,58.0,,102.8,94,2,6.19,600102,FW-8A4BF,1
EQP-30046,126.5, DIESEL ,Manha,Norte,59.3,5.83,94.6,320,0,-39.4,623479,FW-96738,1
EQP-30047,10636.8,Eletrico,Tarde,Oeste,100.2,11.04,94.0,349,2,12.38,996716,FW-5FEFE,1
EQP-30048,11676.8,Hibrido,Noite,Norte,70.2,1.54,88.0,215,2,-15.7,956956,FW-7C935,1
EQP-30049,14938.5, DIESEL ,Manha,Norte,65.9,10.01,97.0,208,1,-9.9,419132,FW-A6A0A,1
EQP-30050,12430.2, DIESEL ,Tarde,Leste,94.5,8.15,119.6,207,2,-49.17,127900,FW-2EBF0,1
EQP-30051,10927.3,Diesel,Tarde,Norte,107.6,0.53,103.8,45,1,12.19,392047,FW-4A139,1
EQP-30052,3217.9,Diesel,Manha,Oeste,92.0,1.2,62.5,276,0,-29.23,245788,FW-61F07,1
EQP-30053,7804.3,Eletrico,Tarde,Sul,105.3,8.98,125.3,266,0,41.31,154465,FW-35309,1
EQP-30054,14082.6,Diesel,Noite,Oeste,77.6,1.86,89.8,140,1,-8.07,168554,FW-CAC6D,1
EQP-30055,6672.5,Diesel,Manha,Norte,69.1,4.38,123.2,240,0,-47.02,752602,FW-50665,0
EQP-30056,7447.7,Eletrico,Manha,Norte,70.6,1.44,113.7,81,2,-22.08,231474,FW-6C491,1
EQP-30057,11865.0,Diesel,Manha,Sul,74.7,7.64,108.3,143,0,24.56,643989,FW-C5BB5,1
EQP-30058,6715.7,Hibrido,Tarde,Sul,42.3,3.41,109.8,215,1,21.4,964682,FW-EFCEE,1
EQP-30059,12881.6,Diesel,Tarde,Sul,111.2,13.5,88.8,54,1,-1.58,267640,FW-508DF,1
EQP-30060,7892.9,Eletrico,Tarde,Leste,87.8,6.05,115.5,150,0,2.56,248694,FW-A7CE9,1
EQP-30061,3376.0,Eletrico,Manha,Oeste,56.6,8.09,97.4,28,0,-23.79,762477,FW-7586B,1
EQP-30062,7974.9,Eletrico,Noite,Leste,84.2,1.14,98.0,362,1,-0.17,942396,FW-F2C0D,1
EQP-30063,1935.6,Diesel,Noite,Leste,74.2,13.18,95.4,193,2,0.63,779342,FW-74745,1
EQP-30064,12861.4,Hibrido,Tarde,Norte,66.7,3.06,128.1,312,1,-13.75,163280,FW-2BED5,1
EQP-30065,13294.0,Eletrico,Manha,Leste,70.0,9.08,106.6,295,0,-33.19,828094,FW-AE8D4,1
EQP-30066,1133.7,Eletrico,Manha,Leste,83.5,2.9,82.8,190,2,-8.37,291753,FW-3ACB9,1
EQP-30067,10132.0,Diesel,Noite,Oeste,67.9,4.13,75.4,214,1,7.55,551445,FW-59A31,1
EQP-30068,3917.5,Eletrico,Tarde,Oeste,102.4,0.9,85.6,70,1,9.49,739857,FW-7359C,1
EQP-30069,13845.7,Diesel,Noite,Oeste,110.9,12.0,96.1,226,1,21.35,580454,FW-41940,1
EQP-30070,9883.6,Eletrico,Tarde,Sul,92.0,10.02,113.7,204,0,87.47,172273,FW-6C652,1
EQP-30071,3698.7,Diesel,Tarde,Sul,68.2,2.57,88.4,240,2,8.02,672647,FW-4EF41,1
EQP-30072,2873.5, DIESEL ,Manha,Sul,66.0,9.24,93.9,135,1,3.62,727169,FW-3EB12,1
EQP-30073,7746.6,Diesel,Tarde,Oeste,65.9,4.72,86.9,157,1,-44.97,363335,FW-729C1,1
EQP-30074,1457.4,Eletrico,Tarde,Norte,49.4,2.24,112.0,2,1,-8.24,973712,FW-3B58A,0
EQP-30075,10770.0,Eletrico,Tarde,Norte,75.5,2.8,91.6,130,1,-9.83,985253,FW-E98DD,1
EQP-30076,11357.9,Diesel,Manha,Norte,86.6,9.92,115.1,209,0,-12.39,136407,FW-A4E5D,1
EQP-30077,2179.8,Diesel,Noite,Leste,100.8,2.64,139.0,343,1,-15.57,482553,FW-CCB3A,1
EQP-30078,6405.5, DIESEL ,Noite,Sul,77.4,12.87,116.3,182,1,-2.0,852446,FW-192F2,1
EQP-30079,10973.9,Diesel,Manha,Norte,49.7,2.66,115.2,15,0,-47.45,637252,FW-3641A,0
EQP-30080,14469.3,Eletrico,Tarde,Oeste,89.4,9.86,122.7,134,0,11.94,357269,FW-5CC7B,1
EQP-30081,7364.4,Eletrico,Tarde,Norte,75.6,2.05,78.1,271,0,32.32,681469,FW-D7218,1
EQP-30082,312.5,Diesel,Manha,Leste,101.0,7.53,56.9,344,0,-34.93,668205,FW-ECC75,1
EQP-30083,13146.8, DIESEL ,Tarde,Oeste,80.2,1.81,110.3,152,0,-13.19,695312,FW-4EA8F,1
EQP-30084,6698.2,Hibrido,Manha,Leste,49.3,2.64,105.5,268,2,-15.52,602946,FW-38BB3,1
EQP-30085,13554.2,Diesel,Manha,Oeste,45.2,4.76,124.0,204,0,3.77,522967,FW-464FE,1
EQP-30086,6529.8,Eletrico,Manha,Oeste,95.1,1.02,81.8,102,1,0.24,779185,FW-23F6E,0
EQP-30087,12639.5,Gas_Natural,Manha,Sul,31.7,5.97,108.0,13,2,-30.76,792323,FW-BCDC5,0
EQP-30088,8132.8,Eletrico,Noite,Oeste,68.7,9.69,80.5,231,0,-43.31,513410,FW-C8217,1
EQP-30089,5764.4,Eletrico,Manha,Leste,77.0,5.19,79.7,337,0,17.16,585556,FW-7D1B6,1
EQP-30090,6384.4,Eletrico,Manha,Norte,92.5,2.31,87.0,16,1,-10.69,827071,FW-EE275,1
EQP-30091,8687.3,Eletrico,Noite,Norte,51.8,,103.6,93,1,-19.6,491513,FW-324DC,0
EQP-30092,13004.0,Eletrico,Manha,Oeste,102.0,1.84,107.2,80,2,18.13,481057,FW-F14C2,1
EQP-30093,8198.4,Diesel,Tarde,Norte,90.5,1.0,125.9,148,1,-9.35,902268,FW-E6877,1
EQP-30094,2574.6,Gas_Natural,Manha,Norte,79.0,11.73,99.8,325,1,2.14,518412,FW-B0E89,1
EQP-30095,787.9,Eletrico,Noite,Leste,92.8,14.92,123.7,289,3,-36.96,420959,FW-24993,1
EQP-30096,1916.9,Diesel,Tarde,Norte,80.9,1.38,111.9,148,1,-4.87,829360,FW-7E1A3,0
EQP-30097,5575.4,Eletrico,Tarde,Norte,56.2,6.18,120.5,334,0,5.84,377098,FW-46624,1
EQP-30098,6106.7,Hibrido,Tarde,Leste,91.9,11.71,93.2,32,1,-28.26,108338,FW-D97E4,1
EQP-30099,1548.0,Hibrido,Tarde,Norte,81.8,,86.9,355,1,-54.96,698729,FW-809F0,1
EQP-30100,5502.9,Diesel,Manha,Leste,72.7,3.73,116.5,268,1,-50.39,125183,FW-7A681,0
EQP-30101,7959.0,Diesel,Tarde,Sul,93.5,2.7,109.6,222,2,-8.39,863039,FW-CF4A7,1
EQP-30102,10436.1,Diesel,Noite,Sul,56.5,1.65,87.1,195,1,-26.02,504318,FW-2A8B6,0
EQP-30103,4267.0,diesel,Tarde,Sul,71.6,1.25,118.4,42,1,8.1,303502,FW-518A2,1
EQP-30104,1688.5,Diesel,Tarde,Sul,82.1,2.48,117.4,166,0,-30.13,676803,FW-9DF9B,0
EQP-30105,7012.1,Hibrido,Manha,Sul,88.2,5.55,100.4,72,2,38.5,863307,FW-3EA20,1
EQP-30106,2393.3,Diesel,Manha,Leste,69.2,,89.3,101,1,-35.66,372175,FW-8C6F2,0
EQP-30107,,Gas_Natural,Noite,Sul,71.7,4.13,83.6,335,1,-35.8,337535,FW-72064,1
EQP-30108,,Diesel,Manha,Oeste,101.1,1.54,130.8,348,2,14.26,833185,FW-BDD5E,1
EQP-30109,11070.9, DIESEL ,Noite,Sul,78.4,4.86,103.3,312,0,-6.16,952148,FW-BE895,1
EQP-30110,230.4,Hibrido,Noite,Leste,78.5,10.37,106.5,57,0,-19.78,553634,FW-CE4E2,1
EQP-30111,12368.7,Eletrico,Noite,Norte,67.6,4.13,108.1,342,1,-14.71,557728,FW-56890,1
EQP-30112,,Eletrico,Manha,Leste,47.4,,102.0,307,1,20.1,334449,FW-4BBFE,0
EQP-30113,6975.7, DIESEL ,Tarde,Oeste,68.9,0.59,101.2,298,2,-10.24,242810,FW-81D79,1
EQP-30114,5085.7,Hibrido,Manha,Sul,37.2,1.23,110.4,287,1,37.3,682073,FW-B901A,0
EQP-30115,2123.6,Hibrido,Manha,Oeste,92.1,7.29,104.8,48,2,-71.54,270307,FW-95977,1
EQP-30116,6031.6,diesel,Tarde,Norte,80.7,1.77,103.4,3,1,13.91,665514,FW-EF449,0
EQP-30117,5048.2,Eletrico,Tarde,Sul,65.2,3.91,99.0,180,1,12.06,834540,FW-9AD57,1
EQP-30118,11322.3, DIESEL ,Manha,Norte,54.0,8.29,109.4,104,1,-15.4,764020,FW-F0AC7,1
EQP-30119,13918.9,Diesel,Tarde,Norte,78.6,6.18,123.6,28,1,29.0,524597,FW-2B932,1
EQP-30120,11468.3,Eletrico,Noite,Leste,100.6,0.62,132.8,12,0,-30.62,334177,FW-AD794,1
EQP-30121,13896.1, DIESEL ,Tarde,Sul,58.9,1.86,99.7,285,0,115.86,826802,FW-7243B,1
EQP-30122,14516.0,Eletrico,Tarde,Leste,65.7,6.03,108.4,29,0,65.59,151021,FW-7320B,1
EQP-30123,7012.4, DIESEL ,Noite,Sul,80.5,8.29,90.0,14,1,1.74,948801,FW-93D6A,1
EQP-30124,5498.2,diesel,Manha,Oeste,62.5,0.6,105.8,249,1,36.3,429748,FW-2FED5,1
EQP-30125,6122.5, DIESEL ,Manha,Norte,85.0,2.17,88.9,60,2,28.86,989850,FW-7DCB6,1
EQP-30126,10436.1, DIESEL ,Manha,Norte,90.0,5.63,101.1,355,1,34.64,233177,FW-E42BB,1
EQP-30127,10618.6,Diesel,Manha,Leste,70.8,4.26,117.4,319,4,-28.63,682178,FW-35D1C,1
EQP-30128,14893.2, DIESEL ,Manha,Norte,84.8,7.78,66.9,297,0,-14.68,495296,FW-94AF7,1
EQP-30129,974.2,Eletrico,Manha,Sul,95.7,0.79,111.4,298,0,20.98,951739,FW-E4C6D,0
EQP-30130,,Gas_Natural,Manha,Norte,40.1,3.08,124.5,282,1,2.11,740822,FW-EDF62,1
EQP-30131,13285.4, DIESEL ,Manha,Sul,116.5,3.67,92.6,266,2,-40.11,594785,FW-9A9FE,1
EQP-30132,6969.5,Hibrido,Manha,Oeste,86.1,0.73,80.6,146,1,-20.34,573140,FW-6C1F7,1
EQP-30133,5485.0,Hibrido,Tarde,Sul,72.8,1.24,116.7,171,0,-13.38,130924,FW-D002B,1
EQP-30134,588.7,Diesel,Manha,Oeste,69.3,2.86,107.7,205,3,-34.43,839017,FW-CC02F,1
EQP-30135,11062.7,Eletrico,Manha,Sul,83.0,,84.8,122,0,-42.02,178608,FW-73C5D,0
EQP-30136,,Eletrico,Tarde,Sul,78.2,1.12,116.8,194,0,-13.37,533509,FW-A7826,0
EQP-30137,8372.4,Hibrido,Tarde,Norte,76.6,1.39,90.5,18,0,-10.38,478297,FW-188C0,0
EQP-30138,6218.9,Eletrico,Manha,Leste,95.1,1.04,110.3,272,1,-26.95,487815,FW-43E3E,1
EQP-30139,14334.2,diesel,Tarde,Sul,81.4,5.22,113.2,302,1,-102.5,290844,FW-CB110,1
EQP-30140,2264.6,Eletrico,Manha,Sul,77.1,1.5,116.2,237,1,20.75,832527,FW-46639,1
EQP-30141,5992.4, DIESEL ,Noite,Leste,84.4,21.72,102.5,63,0,-15.43,981659,FW-5A914,1
EQP-30142,2938.0,Eletrico,Tarde,Norte,61.7,7.2,73.5,161,2,33.56,445928,FW-7F04A,0
EQP-30143,4456.9, DIESEL ,Manha,Oeste,99.7,2.03,83.9,292,0,10.65,274211,FW-E10E3,1
EQP-30144,4706.7,Diesel,Noite,Leste,59.2,5.32,93.5,187,1,-30.74,315193,FW-4B478,1
EQP-30145,6336.5,Eletrico,Manha,Sul,68.8,3.76,85.5,232,1,20.2,140927,FW-557AD,1
EQP-30146,2714.0,Eletrico,Noite,Leste,76.8,,122.2,82,0,19.72,912532,FW-BC32B,1
EQP-30147,3107.7,Diesel,Tarde,Oeste,70.7,2.98,96.4,185,1,16.9,793410,FW-CC989,0
EQP-30148,7196.7,Hibrido,Tarde,Leste,74.5,1.27,92.4,348,1,79.45,508565,FW-3F3A4,1
EQP-30149,12327.9,Diesel,Manha,Leste,80.7,10.01,99.6,97,0,-22.88,920398,FW-6EE70,1
EQP-30150,7830.6,Gas_Natural,Tarde,Leste,83.7,2.38,66.4,284,1,-17.47,234975,FW-3D1E2,1
EQP-30151,2271.1,Diesel,Manha,Oeste,60.3,2.19,101.4,273,4,40.82,460939,FW-30CF8,1
EQP-30152,13933.6,Gas_Natural,Tarde,Sul,46.1,12.61,88.2,350,0,54.49,843948,FW-B7435,1
EQP-30153,12620.3,Hibrido,Manha,Leste,96.5,2.54,79.7,228,0,18.29,528204,FW-1F6B1,1
EQP-30154,362.4,Diesel,Manha,Leste,62.0,1.41,89.4,57,1,50.72,251670,FW-A3A45,1
EQP-30155,11079.5,Eletrico,Noite,Oeste,74.8,2.67,123.1,205,0,-40.89,318816,FW-64370,1
EQP-30156,3393.5,Gas_Natural,Manha,Sul,82.4,2.99,109.7,171,1,0.23,377891,FW-5CAB6,1
EQP-30157,162.7,Eletrico,Noite,Oeste,57.3,2.8,89.8,244,2,-14.54,113202,FW-B3E93,0
EQP-30158,3100.8,Diesel,Tarde,Sul,38.4,3.74,89.3,153,0,3.9,112242,FW-A6C7C,0
EQP-30159,2139.4, DIESEL ,Tarde,Norte,102.3,2.26,108.8,136,2,2.91,803316,FW-E1EB0,1
EQP-30160,6547.0,Diesel,Manha,Leste,78.7,0.6,105.7,317,0,-45.18,540727,FW-6FDBA,0
EQP-30161,5991.0,Gas_Natural,Tarde,Norte,69.3,,95.8,123,0,28.38,734405,FW-1C74B,1
EQP-30162,2411.9,Eletrico,Tarde,Norte,73.4,6.07,106.7,335,2,4.28,211194,FW-19788,1
EQP-30163,7630.5,Gas_Natural,Noite,Norte,80.6,1.93,120.3,154,1,4.3,605186,FW-75377,1
EQP-30164,4438.3,Hibrido,Tarde,Oeste,45.1,3.09,108.2,230,0,-27.92,167846,FW-337B1,0
EQP-30165,7258.4,diesel,Tarde,Norte,57.7,15.83,52.2,53,0,-8.35,549066,FW-46D8C,1
EQP-30166,13684.7,Eletrico,Manha,Oeste,88.2,0.87,96.2,29,2,34.42,535665,FW-B8A15,1
EQP-30167,3689.2,Diesel,Manha,Oeste,68.6,,113.7,159,3,14.6,568050,FW-45D9D,1
EQP-30168,2266.5,Eletrico,Manha,Sul,91.2,5.15,120.1,352,1,-18.27,302449,FW-745C3,1
EQP-30169,2549.5, DIESEL ,Manha,Leste,49.1,22.93,110.4,243,0,-35.74,974143,FW-DF331,1
EQP-30170,2739.0,Diesel,Noite,Norte,78.5,9.65,109.7,212,0,-34.99,736556,FW-D6842,1
EQP-30171,3238.0,Eletrico,Manha,Norte,99.2,6.25,90.4,172,1,-7.5,672584,FW-E7DC2,1
EQP-30172,14412.6,Eletrico,Tarde,Norte,57.2,7.57,101.9,260,0,25.2,261788,FW-ACC9B,1
EQP-30173,11715.2,diesel,Manha,Oeste,48.6,3.54,110.0,303,1,31.92,178205,FW-7CC85,1
EQP-30174,943.0, DIESEL ,Manha,Oeste,76.8,3.02,119.0,220,2,-76.19,227383,FW-4515F,1
EQP-30175,1751.1,Diesel,Tarde,Oeste,70.9,14.46,112.5,266,0,-7.21,964525,FW-51C17,1
EQP-30176,8125.6,Diesel,Noite,Norte,97.9,9.83,65.7,239,0,-34.93,303955,FW-A7F3A,1
EQP-30177,431.8,Eletrico,Manha,Norte,77.1,15.24,87.9,358,1,-16.34,689548,FW-97B64,1
EQP-30178,14807.3,Diesel,Tarde,Norte,95.9,,89.5,16,1,-16.84,853249,FW-A8A76,1
EQP-30179,1088.0,Diesel,Tarde,Oeste,89.8,4.89,114.2,282,0,-18.66,492005,FW-A831F,1
EQP-30180,14280.7, DIESEL ,Manha,Norte,79.5,2.12,114.5,270,1,20.39,900067,FW-478B3,1
EQP-30181,6974.2,Eletrico,Manha,Norte,101.4,2.67,81.5,67,1,46.85,108130,FW-F2857,1
EQP-30182,4666.4,Eletrico,Noite,Sul,105.5,2.27,88.0,52,0,3.23,685160,FW-6489B,1
EQP-30183,2021.7,Hibrido,Manha,Norte,66.3,17.23,123.8,208,1,-6.11,734534,FW-403E2,1
EQP-30184,7896.0,Gas_Natural,Manha,Norte,50.2,7.29,102.7,181,3,13.52,298776,FW-B2BC9,1
EQP-30185,10998.1, DIESEL ,Manha,Norte,82.4,4.62,83.5,330,0,-56.16,975239,FW-594D3,1
EQP-30186,4873.6,Diesel,Manha,Leste,53.1,1.96,97.2,204,3,-26.56,258294,FW-CA538,1
EQP-30187,7851.9, DIESEL ,Tarde,Oeste,117.9,4.44,104.7,110,0,23.43,908143,FW-DC793,1
EQP-30188,1865.4,Eletrico,Noite,Norte,34.0,4.04,101.3,14,0,4.13,998111,FW-F3B2D,0
EQP-30189,3211.6,Hibrido,Noite,Oeste,78.5,3.67,106.6,347,2,-48.18,131456,FW-8709A,1
EQP-30190,14955.6,Diesel,Manha,Leste,83.9,4.17,103.7,200,0,55.99,919323,FW-341E5,1
EQP-30191,10351.1,Diesel,Manha,Leste,99.6,5.36,84.1,265,2,17.89,544887,FW-C2533,1
EQP-30192,1712.8,Hibrido,Noite,Oeste,95.8,2.44,83.8,54,2,44.65,735739,FW-BDFF6,1
EQP-30193,9695.8,Gas_Natural,Noite,Norte,82.9,4.31,102.6,111,1,-30.37,996592,FW-29D34,1
EQP-30194,816.1,diesel,Noite,Norte,73.1,,120.8,336,0,-7.19,792811,FW-D5DD3,1
EQP-30195,726.7,Diesel,Tarde,Norte,62.8,,97.8,75,0,-4.24,301305,FW-DB082,0
EQP-30196,6095.4, DIESEL ,Manha,Leste,77.8,7.16,89.9,208,3,-11.17,101249,FW-63A97,1
EQP-30197,,Eletrico,Noite,Norte,46.4,1.72,95.4,102,1,-28.75,927522,FW-D5711,0
EQP-30198,7390.9,Diesel,Manha,Norte,78.7,3.38,95.9,32,1,22.11,792972,FW-73FAB,0
EQP-30199,1111.5,Hibrido,Tarde,Norte,77.7,0.51,91.5,253,1,-46.1,301532,FW-985CE,1
EQP-30200,10803.4,diesel,Noite,Sul,95.8,0.96,80.6,341,2,5.68,988389,FW-3C272,1
EQP-30201,2927.3,Eletrico,Manha,Oeste,110.4,0.76,115.3,295,1,52.84,797155,FW-C74EF,1
EQP-30202,11703.0,diesel,Noite,Oeste,95.9,1.59,126.5,264,2,-60.57,990883,FW-D0ED7,1
EQP-30203,8520.8,Hibrido,Tarde,Norte,53.1,1.92,84.2,222,1,-21.75,589614,FW-1C363,0
EQP-30204,7641.2,Diesel,Tarde,Norte,88.6,1.25,73.8,237,2,-41.84,260767,FW-A92FD,1
EQP-30205,5282.4,Diesel,Tarde,Leste,57.7,2.0,107.2,338,0,-25.58,902574,FW-D697B,0
EQP-30206,3683.7, DIESEL ,Noite,Oeste,104.2,5.29,100.6,23,1,-45.27,132998,FW-477F3,0
EQP-30207,2200.9, DIESEL ,Tarde,Leste,59.8,5.09,75.3,78,1,-24.76,146000,FW-5C1E0,0
EQP-30208,11545.8,Eletrico,Noite,Norte,97.5,7.41,121.3,207,0,3.99,518825,FW-B71C6,1
EQP-30209,13147.2, DIESEL ,Manha,Norte,60.6,4.68,80.8,275,1,-62.16,281558,FW-7E3FA,1
EQP-30210,11583.1,Eletrico,Tarde,Oeste,77.5,1.1,122.0,25,0,15.85,867263,FW-F0B25,1
EQP-30211,14271.1,Gas_Natural,Manha,Norte,50.4,10.75,81.0,179,1,-64.41,862391,FW-9EFE5,1
EQP-30212,1532.8,Eletrico,Tarde,Leste,70.4,12.45,90.2,121,0,-49.88,684132,FW-E1B49,1
EQP-30213,3427.7,Diesel,Manha,Norte,87.7,2.38,68.4,321,0,-35.86,901465,FW-CDCBD,1
EQP-30214,9650.5,Eletrico,Tarde,Leste,70.7,4.35,89.4,309,2,-17.94,709184,FW-19485,1
EQP-30215,7153.5,Diesel,Noite,Norte,100.6,1.54,102.4,295,0,-53.67,462275,FW-C556F,0
EQP-30216,7747.7,Eletrico,Tarde,Leste,35.8,4.07,107.5,215,1,19.64,243757,FW-5F235,1
EQP-30217,3756.6,Hibrido,Manha,Sul,88.3,5.39,116.0,298,0,0.44,600873,FW-DFBF5,1
EQP-30218,659.9,Eletrico,Manha,Leste,51.3,15.55,82.8,118,0,-16.2,383923,FW-9917F,1
EQP-30219,2906.0,Diesel,Tarde,Norte,99.1,1.29,92.2,341,0,3.49,335027,FW-E1356,1
EQP-30220,9474.1,Eletrico,Noite,Leste,96.3,3.45,106.5,300,0,0.26,465633,FW-2DE5E,1
EQP-30221,3985.9,Eletrico,Manha,Leste,82.2,3.39,108.6,131,3,23.0,457628,FW-21FB7,1
EQP-30222,2573.5,Diesel,Tarde,Sul,89.1,1.87,100.2,32,0,53.79,769254,FW-EDE55,0
EQP-30223,8754.9,Eletrico,Tarde,Sul,72.4,2.9,98.8,178,2,-54.68,572801,FW-C82E1,1
EQP-30224,4028.9, DIESEL ,Tarde,Sul,84.2,2.97,121.6,134,0,0.53,542664,FW-A655B,1
EQP-30225,195.9,Diesel,Manha,Sul,83.1,21.01,92.3,62,0,23.23,148208,FW-A545C,1
EQP-30226,757.7,Diesel,Manha,Leste,64.1,3.17,89.5,247,1,8.57,682803,FW-A6740,1
EQP-30227,6185.6, DIESEL ,Manha,Sul,64.3,1.11,83.9,253,0,21.04,394740,FW-37BA8,1
EQP-30228,10219.2,Eletrico,Manha,Oeste,86.2,5.17,107.8,5,1,33.47,697007,FW-F1EDF,1
EQP-30229,13893.6,diesel,Noite,Sul,68.5,6.01,104.6,282,0,26.47,188615,FW-6C142,0
EQP-30230,4294.6,Eletrico,Tarde,Norte,79.4,2.17,76.6,326,0,-3.34,626472,FW-79387,0
EQP-30231,11565.8, DIESEL ,Tarde,Sul,80.9,1.35,125.1,200,0,-17.87,357694,FW-CDE5D,1
EQP-30232,1717.5,Diesel,Tarde,Norte,49.9,5.85,100.3,105,2,45.46,869696,FW-98F78,1
EQP-30233,6332.1,Diesel,Tarde,Norte,86.3,10.63,104.4,81,1,-32.64,391391,FW-886F1,1
EQP-30234,5330.9,Eletrico,Manha,Sul,69.8,2.1,101.2,21,1,1.06,592832,FW-7C3DE,0
EQP-30235,10335.4,Eletrico,Tarde,Leste,99.7,19.9,89.6,224,1,25.97,399753,FW-DE28A,1
EQP-30236,5882.9,Diesel,Noite,Norte,63.5,8.95,99.6,321,2,-15.38,272075,FW-77A8C,1
EQP-30237,6940.5,Gas_Natural,Noite,Norte,83.2,9.77,104.9,12,1,-39.83,781921,FW-34A30,1
EQP-30238,7163.5,Diesel,Noite,Sul,71.6,4.54,113.5,149,0,11.99,834014,FW-9F269,1
EQP-30239,5022.4,Diesel,Manha,Leste,79.1,5.08,96.5,38,0,-13.4,884288,FW-DBA26,1
EQP-30240,3995.5,Eletrico,Manha,Norte,75.6,3.42,104.4,352,1,-15.89,705806,FW-CF4D7,1
EQP-30241,7961.3,Diesel,Noite,Leste,93.9,14.94,127.3,212,0,61.6,276825,FW-56202,1
EQP-30242,735.0,Diesel,Manha,Norte,99.0,3.44,90.7,288,1,-43.44,572066,FW-22275,1
EQP-30243,12741.6,Diesel,Tarde,Leste,55.3,0.82,108.4,361,1,-0.01,247247,FW-63477,1
EQP-30244,13085.3,Diesel,Tarde,Norte,101.6,8.5,112.9,184,2,0.52,714310,FW-CF435,1
EQP-30245,11451.4,Diesel,Noite,Norte,53.5,1.28,86.8,151,0,53.89,469818,FW-51052,0
EQP-30246,,Hibrido,Manha,Leste,98.7,4.06,92.9,185,1,11.96,453267,FW-A1685,1
EQP-30247,9549.3,diesel,Tarde,Sul,96.7,8.6,99.5,219,2,8.25,967772,FW-A7BFC,1
EQP-30248,9709.7,Hibrido,Manha,Leste,94.1,9.64,105.0,150,1,47.01,367785,FW-B1014,1
EQP-30249,11678.4,diesel,Tarde,Norte,86.9,7.38,100.5,88,0,31.59,644352,FW-88D6C,1
EQP-30250,5912.2,diesel,Tarde,Sul,67.2,3.37,87.2,169,1,15.12,546072,FW-F019C,1
EQP-30251,12382.2,Diesel,Noite,Sul,76.0,7.39,114.9,174,1,10.55,534676,FW-C8040,1
EQP-30252,10126.6,Diesel,Tarde,Leste,80.1,1.31,84.1,302,1,28.25,757264,FW-2A0FC,1
EQP-30253,13499.9, DIESEL ,Noite,Leste,71.9,5.33,115.8,15,0,-0.57,681576,FW-20E75,0
EQP-30254,,diesel,Tarde,Norte,66.7,2.2,85.2,96,2,30.04,207825,FW-3826A,1
EQP-30255,1881.1,Eletrico,Tarde,Sul,83.5,3.7,100.9,354,0,-32.45,331827,FW-323D3,0
EQP-30256,3658.5,diesel,Manha,Leste,68.5,0.93,98.5,4,0,0.01,624714,FW-D6216,0
EQP-30257,8769.6,Gas_Natural,Noite,Leste,60.4,4.0,130.0,35,1,-56.5,860837,FW-1E018,1
EQP-30258,4595.0,Gas_Natural,Tarde,Sul,55.4,2.58,100.4,220,0,0.16,789302,FW-B4A7A,1
EQP-30259,9261.7,diesel,Tarde,Norte,71.6,4.86,81.3,151,0,-13.57,126523,FW-67843,1
EQP-30260,7857.0,Diesel,Noite,Norte,61.7,0.67,58.6,122,1,-4.68,168572,FW-F38B8,1
EQP-30261,7141.5,Diesel,Manha,Sul,68.7,0.96,89.6,305,0,56.28,915000,FW-D8542,0
EQP-30262,5311.7, DIESEL ,Manha,Oeste,78.1,7.2,87.2,160,0,-56.16,982093,FW-6F449,1
EQP-30263,5821.4,diesel,Manha,Leste,49.2,3.52,88.3,83,1,56.05,422173,FW-94F29,1
EQP-30264,6815.2, DIESEL ,Noite,Norte,71.0,12.01,83.2,219,1,4.78,909607,FW-72704,1
EQP-30265,5052.9,Gas_Natural,Manha,Oeste,84.3,1.6,124.6,191,0,-28.67,438551,FW-C03C4,1
EQP-30266,9320.3,Eletrico,Manha,Norte,66.5,6.34,101.6,157,1,-68.63,197876,FW-52A57,1
EQP-30267,2195.5,Hibrido,Tarde,Leste,43.3,2.61,97.7,205,0,-4.13,874570,FW-3480B,0
EQP-30268,5761.0,Hibrido,Noite,Leste,30.9,0.62,113.0,270,2,-24.08,288134,FW-92B84,0
EQP-30269,8799.0,Diesel,Noite,Leste,105.3,4.45,98.7,238,0,55.78,529413,FW-9AE74,1
EQP-30270,8001.8,Hibrido,Manha,Sul,90.6,2.24,86.0,49,1,26.11,347119,FW-D2EFA,1
EQP-30271,14628.5,diesel,Tarde,Sul,117.2,1.81,86.5,8,0,45.74,270281,FW-507C4,1
EQP-30272,13303.5, DIESEL ,Tarde,Sul,61.5,7.74,109.9,230,0,70.59,797052,FW-7F1FE,1
EQP-30273,11426.1,Hibrido,Noite,Leste,41.2,11.98,95.8,180,2,56.15,244727,FW-DBE91,1
EQP-30274,11870.0,Eletrico,Tarde,Leste,87.4,4.92,94.2,301,0,37.62,547648,FW-5A48C,1
EQP-30275,12594.3,Hibrido,Noite,Norte,56.2,7.49,88.7,194,3,25.46,819738,FW-23DB2,1
EQP-30276,11615.0,Diesel,Manha,Oeste,70.6,5.3,136.5,276,0,-12.03,308424,FW-B177E,1
EQP-30277,3813.3,Eletrico,Manha,Norte,76.3,5.02,72.7,34,2,-37.19,337042,FW-38F3D,0
EQP-30278,2801.6, DIESEL ,Manha,Norte,74.8,2.9,99.4,342,0,13.79,974475,FW-81B3A,1
EQP-30279,7865.7, DIESEL ,Manha,Norte,71.4,1.57,77.3,182,1,38.53,763781,FW-BC897,1
EQP-30280,505.0,Eletrico,Noite,Sul,78.1,1.5,116.6,352,1,8.53,176537,FW-A2407,1
EQP-30281,189.7,Gas_Natural,Noite,Sul,95.6,16.04,101.0,330,1,14.05,420424,FW-64BEC,1
EQP-30282,6091.9,Gas_Natural,Noite,Leste,60.5,1.7,89.9,255,2,62.1,163288,FW-551B1,1
EQP-30283,2547.1, DIESEL ,Tarde,Oeste,90.3,3.58,88.8,213,0,-0.85,775332,FW-BB556,1
EQP-30284,6799.9,Gas_Natural,Noite,Sul,81.7,2.76,122.8,123,2,-17.84,795743,FW-BF02F,1
EQP-30285,6622.5,Gas_Natural,Tarde,Leste,79.0,1.88,99.5,30,2,50.82,390290,FW-A7099,1
EQP-30286,9532.6,diesel,Manha,Oeste,94.9,0.97,105.8,134,1,-18.45,794119,FW-5302D,1
EQP-30287,2400.1,Diesel,Manha,Sul,105.6,0.55,104.9,16,1,30.1,877692,FW-35F4D,0
EQP-30288,14578.3,Eletrico,Noite,Norte,59.2,12.72,103.0,165,0,5.36,110044,FW-CCE99,1
EQP-30289,4442.7, DIESEL ,Manha,Oeste,74.1,,107.1,258,1,42.72,833616,FW-884B3,1
EQP-30290,5411.6,Diesel,Noite,Sul,79.7,4.75,81.7,178,1,-53.71,783932,FW-AB168,1
EQP-30291,,Diesel,Manha,Norte,87.3,7.76,120.7,134,2,-20.95,861167,FW-A1567,1
EQP-30292,4194.7,Gas_Natural,Noite,Sul,80.9,2.97,102.9,125,0,16.39,306949,FW-70CB9,1
EQP-30293,1896.6,Eletrico,Manha,Oeste,84.0,0.71,78.2,144,2,-6.04,450078,FW-AADEA,0
EQP-30294,8537.6,Eletrico,Tarde,Leste,71.9,5.95,65.2,220,1,10.11,872465,FW-64BB5,1
EQP-30295,5086.3,diesel,Tarde,Norte,44.7,5.9,84.8,241,1,54.55,704618,FW-8DE91,1
EQP-30296,6400.0,Gas_Natural,Manha,Norte,50.7,0.57,94.3,309,1,-28.93,314615,FW-292B8,0
EQP-30297,9268.4,Eletrico,Tarde,Norte,94.8,12.38,116.2,178,0,22.79,558035,FW-BCB8A,1
EQP-30298,278.8,Diesel,Manha,Oeste,71.9,8.09,81.4,347,0,-5.24,369596,FW-6AEA1,0
EQP-30299,2447.3,Diesel,Tarde,Leste,39.2,0.51,77.8,301,0,12.57,866912,FW-61C1E,0
EQP-30300,14835.5,Diesel,Tarde,Leste,83.9,3.98,87.3,4,0,-13.42,150172,FW-C097B,1
EQP-30301,9555.0,Diesel,Noite,Sul,55.4,0.62,108.5,287,5,-19.41,739035,FW-D783A,1
EQP-30302,10639.8,Gas_Natural,Tarde,Leste,103.8,2.42,118.2,351,1,12.63,883531,FW-3DF08,1
EQP-30303,6347.3,Diesel,Tarde,Sul,78.6,1.38,135.5,23,4,27.92,981160,FW-ED8B2,1
EQP-30304,13736.6,Diesel,Noite,Leste,84.9,0.88,102.6,311,2,-16.93,611645,FW-4FC5F,1
EQP-30305,4607.4,Eletrico,Tarde,Norte,61.9,7.78,110.5,271,0,98.78,866142,FW-1C461,1
EQP-30306,5124.6,Eletrico,Noite,Norte,66.1,1.19,78.9,40,0,-11.74,793096,FW-8DFED,0
EQP-30307,3371.7, DIESEL ,Noite,Leste,96.7,3.43,87.3,41,0,24.86,381083,FW-CD00C,1
EQP-30308,11147.2, DIESEL ,Noite,Leste,62.8,1.1,99.3,238,1,72.13,763268,FW-3F787,1
EQP-30309,1234.2,Eletrico,Noite,Sul,67.6,5.97,92.3,230,0,-8.88,225183,FW-426F1,0
EQP-30310,12075.0,diesel,Tarde,Leste,88.5,1.97,103.8,344,1,31.42,206355,FW-4D9C0,1
EQP-30311,5113.1, DIESEL ,Manha,Leste,59.9,1.45,101.9,143,0,38.21,931110,FW-1ABAE,0
EQP-30312,10147.9,Diesel,Manha,Norte,68.9,4.98,111.7,299,0,-49.36,994681,FW-C676A,1
EQP-30313,8708.6, DIESEL ,Tarde,Sul,51.0,5.55,94.3,111,0,-21.08,387599,FW-52D3A,1
EQP-30314,12621.7,Gas_Natural,Manha,Norte,76.6,9.37,106.8,249,1,44.5,695929,FW-4F35A,1
EQP-30315,2753.7,Eletrico,Tarde,Leste,62.5,16.28,98.6,267,0,-45.72,941066,FW-7FF0E,1
EQP-30316,6503.6,Eletrico,Noite,Leste,69.1,0.54,99.2,151,4,15.99,365941,FW-D3439,1
EQP-30317,690.8,Gas_Natural,Manha,Norte,65.4,13.74,115.6,316,0,9.48,412175,FW-411FB,1
EQP-30318,13728.6,diesel,Noite,Leste,82.8,16.54,99.4,120,0,-0.47,964803,FW-2BED9,1
EQP-30319,13202.2,Eletrico,Manha,Sul,88.1,3.28,129.3,228,1,-11.01,461182,FW-C88F6,1
EQP-30320,7921.9,Gas_Natural,Manha,Sul,71.5,12.67,98.9,196,0,-19.91,694915,FW-B0EA2,1
EQP-30321,2703.3,Diesel,Tarde,Oeste,56.2,3.56,96.3,101,0,-45.41,372801,FW-D3D55,0
EQP-30322,9685.1,Diesel,Noite,Norte,116.0,13.46,117.5,261,1,23.82,202077,FW-EDE5C,1
EQP-30323,,Diesel,Tarde,Norte,61.5,4.71,92.7,139,3,19.39,483915,FW-59F8C,1
EQP-30324,5825.9, DIESEL ,Tarde,Norte,82.0,1.6,98.4,329,1,13.57,874004,FW-8B9BF,1
EQP-30325,5031.2,Diesel,Noite,Norte,59.2,3.57,102.8,50,0,-52.12,974496,FW-1FDA8,0
EQP-30326,5600.1, DIESEL ,Tarde,Norte,74.8,1.01,87.3,202,1,37.78,467482,FW-1A409,1
EQP-30327,1653.3,Hibrido,Noite,Oeste,80.4,3.16,91.0,232,0,17.2,675918,FW-D9B31,1
EQP-30328,,Hibrido,Tarde,Norte,42.0,9.97,94.5,24,0,-56.58,983880,FW-B7EFE,0
EQP-30329,6315.8,Gas_Natural,Manha,Oeste,62.2,3.54,94.3,289,1,28.56,638259,FW-3E407,1
EQP-30330,1231.0, DIESEL ,Manha,Sul,82.7,2.63,133.3,162,1,41.37,239368,FW-90ED0,1
EQP-30331,13088.8, DIESEL ,Manha,Sul,71.9,2.97,102.1,28,0,-34.78,893787,FW-36B85,0
EQP-30332,586.3,Diesel,Noite,Oeste,100.3,2.72,120.7,325,0,-34.55,828605,FW-8BB9E,1
EQP-30333,2009.3,Eletrico,Manha,Leste,52.5,5.45,90.6,20,0,-19.3,344362,FW-E6684,1
EQP-30334,14735.6,Gas_Natural,Tarde,Norte,78.6,4.24,119.3,30,2,-28.89,256735,FW-841C9,1
EQP-30335,1289.3,Hibrido,Tarde,Sul,43.9,6.66,95.5,88,3,9.98,423188,FW-8A5CA,0
EQP-30336,6568.4,Gas_Natural,Noite,Norte,69.5,1.74,105.7,151,2,-16.89,518342,FW-7430C,1
EQP-30337,5892.6,Gas_Natural,Manha,Oeste,67.6,1.42,116.2,165,1,17.32,968437,FW-9FBBA,1
EQP-30338,5377.4, DIESEL ,Manha,Oeste,66.0,,90.4,119,1,-14.69,549643,FW-C3B6A,1
EQP-30339,932.2,Diesel,Manha,Leste,54.9,3.14,89.1,284,1,10.22,972518,FW-23E16,1
EQP-30340,6396.1,Diesel,Tarde,Leste,60.8,7.78,97.5,308,0,-15.59,978002,FW-A94D2,0
EQP-30341,9015.9,Gas_Natural,Manha,Norte,105.6,1.88,93.4,319,2,-18.59,370926,FW-941DD,1
EQP-30342,8491.4,Diesel,Manha,Norte,77.9,0.82,92.3,231,0,-24.27,967508,FW-706EB,1
EQP-30343,,Eletrico,Tarde,Norte,79.0,0.9,98.8,77,1,-5.54,489757,FW-C51C7,0
EQP-30344,1138.5,Diesel,Manha,Oeste,76.1,9.29,117.6,144,1,-57.23,116315,FW-234A1,1
EQP-30345,13480.7, DIESEL ,Noite,Oeste,61.7,,89.3,268,2,25.87,216477,FW-1C4F5,1
EQP-30346,12679.0,Eletrico,Noite,Sul,48.2,11.81,115.2,325,0,-5.34,212294,FW-36682,1
EQP-30347,4764.8,Gas_Natural,Noite,Sul,69.6,3.83,89.0,267,2,8.88,604968,FW-359CD,1
EQP-30348,4335.2,Eletrico,Tarde,Leste,92.8,5.63,98.2,47,0,-45.07,144296,FW-BAABC,1
EQP-30349,5896.7, DIESEL ,Tarde,Sul,61.0,5.03,107.9,307,0,-30.58,235560,FW-C0646,1
EQP-30350,13201.5,Eletrico,Noite,Norte,99.4,1.49,106.1,350,0,30.47,747052,FW-F25C2,1
EQP-30351,4489.0,Hibrido,Tarde,Leste,77.9,9.88,90.8,276,1,17.08,561455,FW-C6DC4,1
EQP-30352,3500.3,Diesel,Tarde,Sul,60.5,12.26,122.6,88,0,-42.75,769496,FW-DAF2E,1
EQP-30353,12506.5,Eletrico,Noite,Oeste,60.5,10.03,100.3,2,0,59.41,482200,FW-96B28,1
EQP-30354,2400.5,diesel,Tarde,Sul,91.2,8.16,117.5,22,1,-7.8,795231,FW-6A2D4,1
EQP-30355,7667.8,Diesel,Tarde,Sul,73.5,6.15,101.6,50,1,-80.36,742716,FW-27B94,1
EQP-30356,7888.5,Eletrico,Noite,Sul,91.5,4.93,96.3,191,3,-3.32,931610,FW-AB01C,1
EQP-30357,11411.2,Eletrico,Tarde,Leste,126.4,1.41,76.5,224,1,-16.4,920820,FW-38498,1
EQP-30358,6476.8, DIESEL ,Noite,Leste,96.8,3.43,91.2,36,2,28.17,200766,FW-3BF51,1
EQP-30359,9140.3,Eletrico,Noite,Oeste,34.3,4.2,91.8,265,1,-33.71,876645,FW-94406,0
EQP-30360,,diesel,Manha,Oeste,78.8,3.54,112.1,257,1,-8.81,473375,FW-A33AB,1
EQP-30361,,Eletrico,Noite,Leste,88.8,7.78,88.4,200,0,44.78,720436,FW-ED48D,1
EQP-30362,13036.2,Diesel,Noite,Leste,72.2,5.2,115.9,234,0,11.64,784787,FW-2C101,1
EQP-30363,9886.2,Eletrico,Tarde,Norte,59.4,15.68,111.2,318,1,-28.19,274517,FW-A0007,1
EQP-30364,6679.8,Eletrico,Manha,Norte,101.0,1.02,91.0,353,1,-35.35,190046,FW-8FC74,1
EQP-30365,2768.6, DIESEL ,Tarde,Norte,45.5,4.93,108.3,48,0,6.83,386479,FW-C918E,0
EQP-30366,2545.3,Eletrico,Noite,Leste,75.9,1.57,103.3,97,1,-8.83,471321,FW-ECB1A,1
EQP-30367,9430.3,Hibrido,Tarde,Leste,80.1,2.95,114.7,34,0,35.4,793525,FW-5214B,1
EQP-30368,7875.1,diesel,Manha,Leste,105.6,16.49,119.4,247,2,-31.41,748427,FW-9736C,1
EQP-30369,2238.7,Eletrico,Manha,Oeste,74.0,2.8,106.3,78,1,-58.2,888817,FW-ADF4A,1
EQP-30370,13887.1,diesel,Manha,Oeste,94.4,1.07,110.6,6,0,56.35,365499,FW-59E07,1
EQP-30371,10526.1, DIESEL ,Manha,Oeste,62.8,6.31,122.3,121,0,21.0,268931,FW-E6CE4,1
EQP-30372,8667.4, DIESEL ,Noite,Norte,49.3,9.42,78.0,134,1,-36.32,523851,FW-6A34C,1
EQP-30373,4092.2,Eletrico,Manha,Oeste,77.1,4.97,98.7,196,0,11.89,416066,FW-7429E,1
EQP-30374,, DIESEL ,Noite,Oeste,72.9,14.74,87.6,275,0,5.97,524733,FW-4AB63,1
EQP-30375,7387.9,Eletrico,Manha,Norte,81.7,8.24,115.7,290,1,-5.37,166217,FW-1AD63,1
EQP-30376,9508.9,Diesel,Manha,Leste,54.3,7.73,109.1,267,1,-44.06,547271,FW-A28EB,1
EQP-30377,1066.9,Diesel,Tarde,Sul,71.5,6.06,99.7,343,1,23.54,684498,FW-7F084,1
EQP-30378,12076.9,Eletrico,Noite,Norte,89.1,9.51,97.2,336,5,48.09,603197,FW-93DE0,1
EQP-30379,,Gas_Natural,Noite,Norte,44.9,,103.4,92,1,8.84,631282,FW-2F044,0
EQP-30380,1054.0,diesel,Tarde,Norte,83.8,3.63,100.1,119,1,-8.99,503390,FW-BFE73,1
EQP-30381,5631.3,Diesel,Noite,Leste,91.6,3.23,95.1,354,0,-6.96,190635,FW-7FD7D,1
EQP-30382,, DIESEL ,Manha,Leste,65.9,1.88,126.0,182,0,-1.51,831364,FW-B015E,1
EQP-30383,12088.4,Gas_Natural,Manha,Oeste,65.8,11.28,116.9,214,1,-2.45,256479,FW-35DB7,1
EQP-30384,11569.6,Eletrico,Tarde,Leste,92.1,1.75,102.6,69,2,-13.82,283064,FW-B9A40,1
EQP-30385,1924.0,Hibrido,Manha,Norte,71.0,1.0,108.6,151,1,44.31,101914,FW-DC661,0
EQP-30386,14949.1,Eletrico,Manha,Leste,73.9,1.16,88.7,21,1,24.34,755665,FW-8FD92,1
EQP-30387,7717.0,Diesel,Tarde,Leste,83.5,1.78,100.6,161,1,-15.43,236124,FW-E902B,1
EQP-30388,,Diesel,Tarde,Norte,50.6,3.11,84.9,310,1,-35.87,175561,FW-65FE7,1
EQP-30389,8040.7,Eletrico,Tarde,Norte,52.7,4.28,87.5,342,0,-5.42,371181,FW-E245E,1
EQP-30390,8765.7,Eletrico,Tarde,Oeste,46.6,1.58,112.0,308,0,45.02,225044,FW-A4E82,0
EQP-30391,620.7,Eletrico,Noite,Leste,84.3,2.71,91.4,330,1,-45.88,679958,FW-5AE4D,1
EQP-30392,4610.9,Eletrico,Tarde,Sul,95.5,4.09,83.8,94,0,19.02,538758,FW-9A801,0
EQP-30393,11929.9,Diesel,Manha,Norte,63.3,8.46,128.6,126,0,-23.54,996397,FW-BB2FD,1
EQP-30394,11830.7,Eletrico,Tarde,Norte,73.2,,89.0,126,2,20.74,848173,FW-4FCE9,1
EQP-30395,14003.4,Diesel,Tarde,Oeste,63.7,1.39,95.0,248,1,2.02,556949,FW-E2452,1
EQP-30396,13203.6,Eletrico,Noite,Leste,72.2,4.12,111.6,10,2,55.06,145893,FW-3B7FD,1
EQP-30397,4748.9,Eletrico,Tarde,Leste,83.2,10.26,89.0,3,2,-22.58,797127,FW-6AB33,1
EQP-30398,12052.2,Eletrico,Tarde,Oeste,79.7,3.95,96.5,331,1,19.32,152328,FW-90145,1
EQP-30399,14416.5,Hibrido,Manha,Oeste,107.8,4.22,81.7,321,0,28.13,580519,FW-70D3A,1
EQP-30400,4408.0,diesel,Manha,Norte,97.8,3.8,88.4,286,2,3.88,972345,FW-96E74,1
EQP-30401,11426.8,Gas_Natural,Tarde,Norte,102.9,1.85,85.5,144,1,-2.27,963543,FW-76101,1
EQP-30402,4316.5,diesel,Noite,Leste,98.4,2.48,71.7,249,1,6.19,385048,FW-C60D9,1
EQP-30403,13403.5,Diesel,Tarde,Norte,61.2,1.53,111.1,249,0,18.97,186542,FW-4ADE3,1
EQP-30404,3437.3,Eletrico,Manha,Leste,53.5,4.59,92.0,275,1,33.28,882598,FW-D71B9,1
EQP-30405,422.9,Gas_Natural,Manha,Norte,35.3,3.91,99.1,100,0,25.23,479735,FW-46F66,0
EQP-30406,185.1,Diesel,Tarde,Leste,47.5,3.73,104.1,113,1,24.29,644820,FW-E466F,1
EQP-30407,9431.5,Hibrido,Noite,Leste,85.8,2.67,109.3,6,0,0.74,493693,FW-C67D9,1
EQP-30408,13459.1,Diesel,Manha,Oeste,65.7,5.49,125.5,18,1,-93.74,579465,FW-A1D12,0
EQP-30409,10747.7,Eletrico,Manha,Sul,73.4,5.69,98.7,233,1,11.98,292516,FW-B84E8,1
EQP-30410,502.5,Eletrico,Tarde,Leste,84.9,4.81,96.5,114,0,-12.34,436305,FW-327A6,0
EQP-30411,1081.8,Eletrico,Tarde,Leste,115.5,2.53,77.8,148,2,-8.29,394889,FW-8CA83,1
EQP-30412,14133.5, DIESEL ,Noite,Oeste,82.3,5.24,111.5,317,0,1.77,801096,FW-7ED5C,1
EQP-30413,8964.8,Gas_Natural,Noite,Norte,77.1,11.05,98.5,193,0,-8.07,378446,FW-99CEB,1
EQP-30414,5877.6,Gas_Natural,Manha,Sul,109.2,1.48,86.1,63,0,36.67,983753,FW-EA923,1
EQP-30415,745.8,Eletrico,Tarde,Leste,79.5,7.5,79.8,63,0,51.22,646675,FW-2F4A3,0
EQP-30416,3092.6,Eletrico,Tarde,Norte,71.7,0.89,102.8,106,1,-85.51,885551,FW-6D4C0,0
EQP-30417,10369.1,diesel,Tarde,Sul,88.2,6.69,105.0,64,0,1.7,504908,FW-C90EB,1
EQP-30418,6341.3,Diesel,Tarde,Norte,96.6,11.27,91.8,350,2,-24.68,196001,FW-4C9C3,1
EQP-30419,10316.8,Diesel,Manha,Norte,68.4,0.72,98.5,137,1,26.33,410720,FW-9E1C0,0
EQP-30420,9527.3,Diesel,Manha,Oeste,56.8,2.56,119.7,4,3,-9.3,820689,FW-D82F1,1
EQP-30421,2673.7,Gas_Natural,Tarde,Norte,59.0,5.8,91.5,50,1,54.81,351931,FW-2ED27,1
EQP-30422,3132.5,diesel,Tarde,Oeste,78.1,2.39,94.9,352,0,-2.38,419025,FW-511DA,1
EQP-30423,6242.5,Eletrico,Tarde,Leste,37.2,2.12,86.4,104,3,-14.04,478353,FW-F0CEE,0
EQP-30424,6611.2,Hibrido,Noite,Oeste,80.1,5.14,120.4,155,1,-2.61,873449,FW-E3A13,1
EQP-30425,11324.2,Eletrico,Tarde,Norte,76.3,10.87,111.0,218,0,-10.67,558310,FW-CD27C,1
EQP-30426,134.5,Diesel,Noite,Oeste,19.2,4.24,108.6,299,0,-48.34,400767,FW-47BF6,0
EQP-30427,9696.1,diesel,Noite,Sul,96.6,0.8,121.6,226,0,12.27,697905,FW-56F93,1
EQP-30428,11267.1, DIESEL ,Tarde,Oeste,106.0,2.35,116.2,140,1,31.49,110634,FW-9273E,1
EQP-30429,8543.8,Diesel,Noite,Leste,74.5,4.51,116.8,323,0,16.02,256101,FW-839CD,1
EQP-30430,8962.6,Gas_Natural,Noite,Sul,99.8,1.47,109.1,28,0,39.84,207734,FW-322FD,1
EQP-30431,7836.5,Gas_Natural,Tarde,Norte,63.6,,62.1,105,2,23.94,531448,FW-9317A,1
EQP-30432,,Gas_Natural,Noite,Sul,79.2,,78.4,217,2,48.96,466395,FW-663A2,1
EQP-30433,11597.1,Eletrico,Manha,Sul,54.7,6.13,91.3,138,3,23.87,949977,FW-3A5F7,1
EQP-30434,2863.1,Diesel,Tarde,Sul,89.9,24.92,109.1,213,2,-13.26,707637,FW-EFCAA,1
EQP-30435,9629.7, DIESEL ,Manha,Oeste,60.0,1.06,126.8,117,1,-0.2,873465,FW-D16E0,0
EQP-30436,8657.9,Diesel,Noite,Leste,92.5,6.5,87.6,198,2,-16.97,682377,FW-7D505,1
EQP-30437,4999.1,Eletrico,Manha,Leste,75.5,3.6,95.8,146,0,23.46,338925,FW-6451D,0
EQP-30438,10480.5,Diesel,Tarde,Sul,65.0,2.14,101.8,89,0,-19.46,478287,FW-8EAE4,0
EQP-30439,3826.9,Diesel,Manha,Sul,74.3,1.63,115.7,319,2,18.49,382752,FW-D9F20,1
EQP-30440,4575.4,Eletrico,Tarde,Leste,93.8,4.98,109.0,96,1,26.22,742253,FW-9A4D1,1
EQP-30441,1685.1,Diesel,Tarde,Oeste,69.7,1.01,80.4,150,1,51.32,828602,FW-2901C,0
EQP-30442,7373.9,Diesel,Noite,Sul,45.1,1.82,98.7,222,0,55.02,890985,FW-A102E,0
EQP-30443,6791.0, DIESEL ,Noite,Oeste,53.4,1.84,133.6,337,0,9.3,146068,FW-B41EF,1
EQP-30444,13784.0, DIESEL ,Tarde,Oeste,78.0,0.9,78.5,8,0,18.48,281204,FW-46A5B,1
EQP-30445,13647.2, DIESEL ,Tarde,Oeste,70.0,4.18,101.0,353,0,-82.22,929489,FW-C7BB3,1
EQP-30446,14226.0,Diesel,Manha,Oeste,59.4,8.19,114.1,271,0,-34.0,821793,FW-209CB,1
EQP-30447,1343.8, DIESEL ,Tarde,Norte,70.8,1.68,82.1,240,0,-5.45,810539,FW-A1FEE,0
EQP-30448,7713.2,Hibrido,Tarde,Leste,60.0,1.6,106.3,310,0,-4.73,623378,FW-C7FF5,1
EQP-30449,11533.8, DIESEL ,Noite,Sul,77.5,8.49,112.9,34,1,-10.38,327512,FW-C59B3,1
EQP-30450,8341.7,Eletrico,Noite,Leste,109.8,5.48,75.0,105,1,33.52,388932,FW-C5627,1
EQP-30451,4678.2, DIESEL ,Manha,Sul,86.7,1.51,103.0,238,1,-20.59,147714,FW-6F5BC,1
EQP-30452,599.1,Eletrico,Tarde,Norte,67.2,4.61,99.2,281,0,-27.23,442469,FW-C7487,0
EQP-30453,14982.9, DIESEL ,Tarde,Norte,61.8,7.14,77.5,26,1,-13.5,329870,FW-88F8F,1
EQP-30454,6573.7,Eletrico,Manha,Leste,95.1,9.7,107.6,294,1,15.31,609109,FW-1CD79,1
EQP-30455,9660.5,Eletrico,Manha,Oeste,75.2,7.24,88.1,241,2,-58.7,430809,FW-695C0,1
EQP-30456,,Gas_Natural,Tarde,Norte,67.7,3.68,91.9,158,1,-14.23,356696,FW-217C1,1
EQP-30457,2182.1,Diesel,Noite,Sul,104.0,1.69,148.3,349,1,10.25,926117,FW-7522A,1
EQP-30458,8285.5,Diesel,Tarde,Leste,82.5,0.99,92.9,221,1,-32.22,846805,FW-612EF,1
EQP-30459,14035.6,Diesel,Noite,Oeste,78.3,4.13,91.9,78,2,-18.81,420122,FW-F17AB,1
EQP-30460,1955.5,Gas_Natural,Tarde,Sul,69.2,6.36,118.1,29,0,14.95,211587,FW-59E90,1
EQP-30461,,Diesel,Noite,Norte,42.6,5.3,103.0,59,0,41.63,671898,FW-A3965,1
EQP-30462,9439.0,Diesel,Noite,Norte,87.1,3.91,90.9,120,0,-18.88,228162,FW-281EF,1
EQP-30463,10552.2,Diesel,Noite,Sul,62.1,,110.3,204,0,-3.42,124603,FW-215B1,1
EQP-30464,12839.0,Gas_Natural,Noite,Norte,86.1,3.49,98.7,362,4,-44.62,591359,FW-3FBA7,1
EQP-30465,6390.7,Diesel,Manha,Sul,71.3,,108.9,155,0,-39.62,953921,FW-BC51A,1
EQP-30466,11157.7,Diesel,Manha,Sul,79.8,,77.3,67,0,-42.17,223691,FW-6E90D,0
EQP-30467,488.4,Hibrido,Manha,Oeste,48.9,3.16,98.3,107,0,-17.89,944964,FW-2A8DE,0
EQP-30468,,Diesel,Manha,Oeste,57.6,4.78,84.4,352,0,6.33,310949,FW-23BF2,1
EQP-30469,3152.3,Diesel,Noite,Sul,79.1,3.3,106.3,30,0,8.22,500643,FW-8B9D7,0
EQP-30470,11913.7,Eletrico,Manha,Leste,72.1,9.34,79.7,355,0,12.5,974656,FW-295B8,1
EQP-30471,3009.9,Eletrico,Manha,Norte,84.8,3.09,99.4,175,0,-15.92,310121,FW-91BB0,1
EQP-30472,12434.3,Gas_Natural,Noite,Sul,108.1,3.4,135.3,180,1,32.6,317649,FW-E3C5C,1
EQP-30473,636.2,Eletrico,Noite,Norte,77.4,6.71,112.0,94,1,32.55,516919,FW-C834D,1
EQP-30474,2038.0,Diesel,Manha,Leste,29.5,5.05,92.4,284,1,-8.25,262565,FW-4D852,1
EQP-30475,8119.2,diesel,Tarde,Sul,67.3,0.52,99.4,294,1,36.4,692776,FW-ED6D6,1
EQP-30476,772.2,Eletrico,Manha,Sul,81.2,1.27,103.8,17,1,35.32,213868,FW-27F17,0
EQP-30477,8615.5,Eletrico,Manha,Oeste,51.5,7.65,91.7,114,0,-31.75,766284,FW-4598F,1
EQP-30478,13254.9, DIESEL ,Tarde,Leste,68.5,6.6,105.9,217,1,-10.56,226722,FW-9BA87,1
EQP-30479,3195.1,Diesel,Manha,Norte,73.4,3.44,106.2,113,1,-33.82,846050,FW-630B5,1
EQP-30480,3134.9,Eletrico,Tarde,Sul,74.5,1.36,100.3,57,1,-7.19,659004,FW-ABC8D,1
EQP-30481,4927.9,diesel,Tarde,Norte,74.4,,108.8,298,1,16.65,688880,FW-8D347,0
EQP-30482,6864.0,Diesel,Manha,Sul,85.5,6.86,101.5,110,0,-36.37,207793,FW-37F7B,1
EQP-30483,7670.0,Diesel,Manha,Sul,78.0,2.4,110.4,240,0,-10.9,469787,FW-8C6ED,1
EQP-30484,7430.4, DIESEL ,Manha,Leste,69.7,12.7,99.8,195,3,-13.51,673780,FW-D59AC,1
EQP-30485,13000.0,diesel,Tarde,Norte,59.6,5.44,82.6,290,1,-38.92,509628,FW-E28E4,1
EQP-30486,13501.1,Eletrico,Noite,Sul,87.0,6.36,107.4,226,0,28.68,856272,FW-E1A4F,1
EQP-30487,12335.0, DIESEL ,Noite,Oeste,89.8,18.47,117.5,193,1,-22.08,311749,FW-817B6,1
EQP-30488,8361.1,Diesel,Noite,Norte,63.5,11.68,118.2,327,0,17.5,543050,FW-B851F,1
EQP-30489,13268.7,Eletrico,Tarde,Sul,56.2,2.45,95.6,247,2,2.22,629637,FW-AE3D2,1
EQP-30490,,Hibrido,Tarde,Sul,97.1,4.55,97.7,18,0,4.81,999797,FW-BCA25,1
EQP-30491,1739.0,Gas_Natural,Tarde,Oeste,64.7,5.82,110.1,330,1,118.61,617086,FW-580BC,1
EQP-30492,2527.0,Diesel,Tarde,Sul,75.9,3.12,79.4,296,1,-27.74,473683,FW-4B4B9,1
EQP-30493,410.7,Gas_Natural,Noite,Sul,75.6,7.34,124.4,237,2,13.36,972463,FW-EF162,0
EQP-30494,14026.0,Hibrido,Manha,Oeste,90.5,7.02,88.4,183,3,55.16,471379,FW-A3C43,1
EQP-30495,5957.2,Eletrico,Manha,Leste,96.8,5.95,98.0,136,1,-2.71,719184,FW-666C3,1
EQP-30496,8697.2,Eletrico,Manha,Sul,99.9,1.02,118.8,218,0,50.09,394770,FW-5A326,1
EQP-30497,7700.2,Eletrico,Tarde,Norte,69.1,4.47,127.7,241,0,7.28,307864,FW-1CC17,1
EQP-30498,3843.9,Eletrico,Manha,Oeste,61.8,2.54,99.5,244,0,-39.48,891283,FW-893F4,0
EQP-30499,13266.0, DIESEL ,Noite,Leste,96.0,3.71,109.0,198,0,10.95,188676,FW-58452,1
EQP-30500,6625.9,Diesel,Tarde,Leste,55.5,1.91,85.0,123,0,50.5,191011,FW-E8435,1
EQP-30501,7498.2,Gas_Natural,Tarde,Leste,53.9,3.31,93.3,82,0,-31.12,456559,FW-66FCF,0
EQP-30502,2528.3,Hibrido,Manha,Leste,77.3,1.65,75.0,334,0,-4.44,305326,FW-B2DF9,1
EQP-30503,1220.3,Eletrico,Noite,Oeste,67.0,1.47,78.8,154,1,-3.04,363567,FW-1A4FA,1
EQP-30504,5595.7,Eletrico,Tarde,Oeste,111.3,2.53,96.8,192,0,-11.89,250327,FW-66273,1
EQP-30505,8307.9,Hibrido,Tarde,Oeste,48.7,4.87,96.3,161,1,10.68,404879,FW-69A72,0
EQP-30506,,Eletrico,Manha,Oeste,63.8,1.87,105.7,309,0,30.95,359704,FW-821CB,1
EQP-30507,5818.1, DIESEL ,Noite,Sul,99.3,1.78,79.0,314,3,66.94,493228,FW-6DD08,1
EQP-30508,9221.5,Gas_Natural,Tarde,Oeste,50.9,9.31,123.8,33,1,-75.15,705283,FW-87314,1
EQP-30509,10242.3, DIESEL ,Tarde,Norte,87.4,2.76,82.0,28,0,17.11,230428,FW-99BBE,1
EQP-30510,3262.5,Eletrico,Manha,Leste,60.6,2.07,102.4,187,2,-32.39,477273,FW-670C8,1
EQP-30511,14580.4,Diesel,Manha,Norte,42.0,2.9,92.8,322,0,26.13,370959,FW-BFAFE,1
EQP-30512,11360.1,Eletrico,Manha,Norte,72.7,2.73,95.6,50,0,38.4,272600,FW-92236,1
EQP-30513,12147.5,Gas_Natural,Manha,Sul,84.6,6.2,95.4,297,0,-4.99,255593,FW-BE4C5,1
EQP-30514,8938.4,Hibrido,Noite,Sul,81.7,1.14,97.1,181,0,34.92,194182,FW-4067E,1
EQP-30515,10299.9,Eletrico,Tarde,Oeste,62.3,4.64,78.7,74,2,17.81,569958,FW-D1350,1
EQP-30516,4843.3,Diesel,Manha,Oeste,97.1,2.29,109.2,228,0,-10.79,345564,FW-819FB,0
EQP-30517,193.2,Hibrido,Manha,Leste,81.7,0.92,99.9,73,1,45.05,332831,FW-C7AA6,0
EQP-30518,3381.0,Eletrico,Noite,Norte,69.5,3.47,100.6,76,0,-5.05,482890,FW-AC6BB,1
EQP-30519,5407.4, DIESEL ,Tarde,Norte,83.3,1.18,92.5,83,2,28.02,460384,FW-9F808,0
EQP-30520,7605.1,diesel,Noite,Norte,66.4,5.27,71.9,154,0,-38.83,153860,FW-E7C88,0
EQP-30521,2882.5,Eletrico,Noite,Sul,81.5,1.39,106.0,263,2,9.49,896607,FW-CBD35,0
EQP-30522,7457.1,Eletrico,Noite,Oeste,79.9,1.72,91.9,187,2,35.3,788340,FW-8D666,1
EQP-30523,12121.1,Diesel,Manha,Leste,89.3,4.14,117.3,290,1,-10.92,585138,FW-E0518,1
EQP-30524,,Diesel,Tarde,Oeste,65.3,3.18,74.9,335,1,6.92,642302,FW-E61EF,1
EQP-30525,11389.7,Diesel,Manha,Oeste,79.3,5.19,137.0,107,2,-6.06,606905,FW-4B0F6,1
EQP-30526,2200.2,Hibrido,Tarde,Oeste,57.8,1.32,105.5,217,0,24.03,407938,FW-67C26,0
EQP-30527,10794.8,Eletrico,Manha,Norte,58.0,10.18,103.2,125,1,10.06,911605,FW-8BE1C,0
EQP-30528,14468.9,Hibrido,Tarde,Oeste,80.6,2.77,107.6,180,2,-25.68,999483,FW-CDDFD,1
EQP-30529,12223.7,Eletrico,Noite,Norte,78.3,1.41,115.4,160,1,4.86,251655,FW-C8A0F,1
EQP-30530,6310.5,Diesel,Tarde,Sul,61.0,4.79,110.2,52,1,16.15,488708,FW-6FC25,1
EQP-30531,9366.9,Diesel,Manha,Leste,76.7,1.11,95.9,307,0,0.84,669245,FW-187C0,1
EQP-30532,12325.4,Eletrico,Noite,Sul,92.7,3.59,108.6,149,0,41.21,313826,FW-87843,1
EQP-30533,7829.5,diesel,Noite,Sul,72.0,6.64,68.9,152,0,-47.06,538767,FW-6DA4D,1
EQP-30534,10395.4,Eletrico,Manha,Norte,76.2,4.0,91.1,28,0,32.37,676237,FW-781C4,1
EQP-30535,12231.0,Eletrico,Noite,Sul,83.6,2.16,99.6,19,0,-4.64,663421,FW-65EF1,0
EQP-30536,4050.8,Eletrico,Tarde,Norte,68.4,12.38,128.2,316,3,-11.37,579481,FW-E45EF,1
EQP-30537,,Gas_Natural,Tarde,Sul,68.8,1.92,90.4,357,1,9.54,713371,FW-B6966,1
EQP-30538,10167.4,Eletrico,Manha,Leste,98.8,3.46,78.5,54,1,-22.34,845821,FW-3A75D,1
EQP-30539,10905.4,Hibrido,Noite,Oeste,48.7,3.17,104.5,3,0,33.71,443379,FW-BCF5B,1
EQP-30540,1157.9,Hibrido,Manha,Leste,67.7,2.74,98.4,206,0,-59.04,352290,FW-3F872,0
EQP-30541,6079.8,Diesel,Manha,Norte,82.1,0.61,103.1,53,1,43.12,942307,FW-D3A4B,1
EQP-30542,10304.4,Diesel,Manha,Leste,73.8,11.09,92.5,266,0,-40.3,962092,FW-761CF,1
EQP-30543,12857.4,Diesel,Tarde,Sul,68.0,13.75,114.5,223,0,10.8,998052,FW-80E34,1
EQP-30544,11343.2,Diesel,Tarde,Norte,72.2,4.12,95.4,322,0,-6.89,323433,FW-6AB02,1
EQP-30545,3786.4,Eletrico,Tarde,Norte,63.9,4.67,72.9,143,0,10.76,530284,FW-C445B,0
EQP-30546,4511.8,Gas_Natural,Manha,Sul,74.4,9.43,106.1,287,1,-87.99,719158,FW-D3A70,1
EQP-30547,, DIESEL ,Manha,Norte,61.6,1.78,117.8,218,0,-11.16,755196,FW-2A8BC,1
EQP-30548,5818.6,Diesel,Tarde,Sul,84.7,,82.6,294,3,22.55,659553,FW-ACFA2,1
EQP-30549,7167.0, DIESEL ,Noite,Oeste,51.5,1.14,109.8,34,0,21.89,395544,FW-D93EA,0
EQP-30550,6551.4,Diesel,Tarde,Norte,106.0,,108.2,217,2,9.66,662574,FW-87B9E,1
EQP-30551,11579.3, DIESEL ,Noite,Oeste,67.9,8.75,114.0,301,2,7.78,367559,FW-8F139,1
EQP-30552,12784.9,Diesel,Manha,Sul,101.8,6.46,98.7,42,0,-52.49,800332,FW-CE024,1
EQP-30553,13316.0, DIESEL ,Noite,Norte,63.8,0.65,85.5,255,0,-42.29,892861,FW-24B09,1
EQP-30554,11632.3,Diesel,Tarde,Sul,100.5,8.8,109.0,196,0,65.15,394275,FW-5D371,1
EQP-30555,14765.2,Diesel,Tarde,Leste,90.0,6.19,87.9,98,0,-49.17,459953,FW-D3678,1
EQP-30556,4426.5,Eletrico,Tarde,Leste,86.6,5.47,91.8,271,1,35.55,827875,FW-43616,1
EQP-30557,6466.6,Hibrido,Noite,Norte,67.6,7.89,105.2,143,0,14.05,191058,FW-680B0,1
EQP-30558,10897.9,Diesel,Noite,Leste,64.7,4.28,110.1,189,1,61.07,910485,FW-47B19,1
EQP-30559,5197.2,Diesel,Manha,Sul,87.7,9.31,114.1,48,2,48.84,464924,FW-7B77A,1
EQP-30560,1473.6,Diesel,Manha,Oeste,83.6,0.68,93.9,108,2,-39.59,826018,FW-1A605,0
EQP-30561,5816.4,Gas_Natural,Tarde,Sul,65.3,7.57,103.5,64,0,-41.75,577795,FW-2C2BE,1
EQP-30562,1575.7,Diesel,Noite,Sul,58.6,1.62,93.4,324,0,-16.98,446173,FW-E9A3C,1
EQP-30563,14265.2,Hibrido,Manha,Norte,72.7,4.11,93.8,295,1,-21.99,625822,FW-69A94,1
EQP-30564,13433.1,Eletrico,Manha,Oeste,76.0,11.55,112.2,279,1,-26.84,344912,FW-DE721,1
EQP-30565,13020.8,Gas_Natural,Manha,Norte,94.3,2.73,138.1,259,1,-11.27,657971,FW-41D8F,1
EQP-30566,3478.8,Diesel,Manha,Sul,73.1,10.45,89.4,19,0,-17.28,176371,FW-B1FCC,1
EQP-30567,2244.5,Gas_Natural,Tarde,Sul,55.6,9.27,87.0,319,0,26.06,942984,FW-9F94F,1
EQP-30568,11337.7,Gas_Natural,Tarde,Leste,60.7,2.95,97.7,294,1,-35.88,958608,FW-1EC82,1
EQP-30569,5328.3,Gas_Natural,Tarde,Norte,80.2,3.32,104.4,271,3,16.34,623352,FW-9665E,1
EQP-30570,6066.8,Diesel,Manha,Norte,78.9,8.43,84.8,64,6,-53.67,953745,FW-D014B,1
EQP-30571,12888.0,Hibrido,Tarde,Leste,63.8,7.39,106.9,307,1,-49.82,301992,FW-34F4B,1
EQP-30572,7904.1, DIESEL ,Noite,Sul,48.0,2.05,110.1,164,0,-32.59,402865,FW-58214,0
EQP-30573,10428.0, DIESEL ,Manha,Leste,76.3,5.74,120.2,23,1,-42.63,603977,FW-506AA,1
EQP-30574,6760.7,Eletrico,Manha,Oeste,78.4,5.63,105.3,18,0,42.53,410815,FW-E2753,1
EQP-30575,10065.2,Eletrico,Manha,Norte,116.7,0.66,114.1,343,0,-28.34,908805,FW-E6F5A,1
EQP-30576,13060.8,Diesel,Tarde,Leste,85.5,0.83,100.9,157,1,-47.68,785907,FW-A52FA,1
EQP-30577,8713.6,Eletrico,Tarde,Leste,59.7,3.73,110.8,182,1,-52.92,681723,FW-22B8C,1
EQP-30578,10074.6,Diesel,Tarde,Leste,82.0,13.46,115.6,213,2,-10.53,400716,FW-9141A,1
EQP-30579,, DIESEL ,Noite,Norte,27.8,6.01,79.9,185,1,-116.98,801252,FW-EEEAF,0
EQP-30580,5881.0,Eletrico,Noite,Leste,83.3,3.93,115.4,79,2,-21.94,622714,FW-3E9A0,1
EQP-30581,11238.2,Diesel,Manha,Oeste,92.7,4.53,118.3,222,2,75.98,761423,FW-54B66,1
EQP-30582,3326.0,Gas_Natural,Tarde,Sul,109.5,2.92,135.7,227,2,32.68,765245,FW-DFD09,1
EQP-30583,14354.4,diesel,Tarde,Norte,99.4,16.72,92.2,109,2,6.21,241801,FW-5F3DF,1
EQP-30584,10760.4,Hibrido,Noite,Norte,81.4,3.68,100.0,107,0,-69.74,481940,FW-606D4,1
EQP-30585,5883.0,diesel,Tarde,Sul,98.6,2.5,99.6,111,0,-36.3,365024,FW-3540C,1
EQP-30586,10408.0,Diesel,Manha,Sul,48.9,2.45,123.7,360,2,-28.25,780364,FW-34027,1
EQP-30587,,Eletrico,Manha,Norte,108.8,1.01,88.3,301,2,-12.63,767964,FW-56830,1
EQP-30588,12095.7,Diesel,Noite,Oeste,76.7,1.65,100.2,164,1,29.31,846231,FW-87A2B,1
EQP-30589,12898.3,Diesel,Tarde,Sul,71.1,30.01,106.4,321,0,-67.34,914694,FW-DF549,1
EQP-30590,7304.2,Eletrico,Manha,Oeste,50.4,1.12,107.8,166,2,-6.95,332888,FW-D19E1,0
EQP-30591,3139.0, DIESEL ,Noite,Leste,71.6,2.42,96.9,85,0,-17.99,666420,FW-CD7D0,1
EQP-30592,6921.7, DIESEL ,Noite,Leste,89.6,6.26,104.6,203,0,-1.67,564054,FW-63A24,1
EQP-30593,11054.0,diesel,Tarde,Leste,47.8,2.19,113.0,50,2,-75.94,734303,FW-EA289,0
EQP-30594,14232.5,Eletrico,Noite,Norte,85.4,1.04,104.9,245,4,3.82,827160,FW-92365,1
EQP-30595,10893.8, DIESEL ,Manha,Leste,77.6,0.72,90.2,282,0,-40.35,575604,FW-6CBAB,0
EQP-30596,3724.8,diesel,Noite,Leste,66.5,16.31,105.7,307,0,-57.19,228315,FW-BA376,1
EQP-30597,14928.1,Diesel,Manha,Norte,79.3,,82.0,151,0,-10.59,536009,FW-8ECD2,1
EQP-30598,,Diesel,Manha,Oeste,84.3,1.81,107.0,347,2,-20.05,661592,FW-5F454,1
EQP-30599,12614.5, DIESEL ,Noite,Oeste,67.8,13.58,107.3,296,2,-5.25,669451,FW-B8F49,1
EQP-30600,1674.1,diesel,Tarde,Sul,106.1,1.11,108.1,290,0,-55.75,915837,FW-7F437,1
EQP-30601,12332.6,Hibrido,Manha,Oeste,78.6,1.48,84.5,319,0,8.77,634245,FW-C6D16,1
EQP-30602,14545.5,Eletrico,Manha,Sul,82.0,3.86,73.6,21,0,-43.54,391372,FW-401C3,0
EQP-30603,14480.6,diesel,Manha,Leste,67.1,,85.0,302,0,-40.69,916907,FW-E1E8E,1
EQP-30604,5625.2,Hibrido,Tarde,Norte,67.1,17.9,95.3,318,1,20.93,683168,FW-EC9EB,1
EQP-30605,5647.6,Diesel,Manha,Norte,88.1,4.79,88.0,252,1,-32.09,991218,FW-57DDA,1
EQP-30606,485.2, DIESEL ,Manha,Sul,94.2,1.88,93.3,299,2,49.28,275126,FW-60CB3,1
EQP-30607,718.5, DIESEL ,Manha,Norte,78.8,4.88,102.7,178,1,26.58,958445,FW-511FB,1
EQP-30608,11076.2,Diesel,Tarde,Sul,83.1,1.94,106.2,262,0,-23.26,349856,FW-A5095,1
EQP-30609,428.2,Diesel,Noite,Oeste,65.3,7.28,115.1,58,0,19.47,589247,FW-E055A,0
EQP-30610,9008.1,Eletrico,Tarde,Sul,78.5,3.47,103.1,56,0,27.58,229593,FW-65354,1
EQP-30611,4060.8,Eletrico,Noite,Sul,63.9,14.29,107.7,331,3,-29.19,237755,FW-21917,0
EQP-30612,10312.4,Gas_Natural,Manha,Norte,73.3,15.59,97.3,5,0,-0.86,619205,FW-5C624,1
EQP-30613,11362.9,Diesel,Manha,Leste,90.4,1.64,74.4,216,0,23.19,869340,FW-2C257,1
EQP-30614,8493.3,Diesel,Noite,Leste,80.3,2.66,81.3,301,1,-59.71,947582,FW-BC15A,1
EQP-30615,6827.1,diesel,Tarde,Sul,75.0,5.35,80.5,204,3,23.84,833405,FW-B59A0,1
EQP-30616,12798.9,diesel,Manha,Oeste,55.5,5.56,80.1,344,2,16.91,313500,FW-EC51F,1
EQP-30617,679.7,Diesel,Tarde,Norte,88.4,8.18,97.5,106,1,0.28,515198,FW-6A4EB,1
EQP-30618,4971.7,Diesel,Noite,Norte,69.7,3.12,105.6,330,1,70.84,718124,FW-D551A,1
EQP-30619,6970.5, DIESEL ,Noite,Sul,48.2,0.78,91.1,279,1,-13.15,189057,FW-8A4B6,1
EQP-30620,683.4,Hibrido,Manha,Sul,60.6,1.09,102.7,362,0,-69.85,908768,FW-34314,0
EQP-30621,6481.3,Eletrico,Noite,Norte,76.4,,88.5,103,1,4.28,297346,FW-8423D,1
EQP-30622,6150.0,Hibrido,Manha,Norte,94.1,3.38,88.1,341,0,-22.1,336667,FW-2541F,1
EQP-30623,14499.8,Diesel,Tarde,Sul,71.8,17.26,104.8,43,1,36.8,380064,FW-78F6D,1
EQP-30624,2855.1,Eletrico,Manha,Norte,42.0,3.46,126.7,296,1,16.79,374361,FW-2E4FC,1
EQP-30625,9964.5,Diesel,Tarde,Oeste,90.1,12.37,106.7,58,2,-52.37,551984,FW-B6B96,1
EQP-30626,9689.1,Eletrico,Manha,Sul,64.8,1.67,111.0,192,0,-23.68,244259,FW-29573,1
EQP-30627,1521.3, DIESEL ,Manha,Leste,60.6,7.17,129.5,281,2,-20.96,336387,FW-810EB,1
EQP-30628,3890.8,Hibrido,Tarde,Norte,43.7,4.19,119.2,250,2,-32.2,345815,FW-40049,1
EQP-30629,715.2, DIESEL ,Tarde,Oeste,62.1,6.16,100.1,58,2,42.65,255223,FW-58F46,0
EQP-30630,5062.6,Eletrico,Noite,Sul,63.7,3.32,124.8,200,0,50.91,811394,FW-90F36,1
EQP-30631,4474.7, DIESEL ,Manha,Leste,85.3,4.65,98.0,213,0,-25.82,874344,FW-9ED72,1
EQP-30632,9001.0,Eletrico,Noite,Oeste,35.6,8.9,96.2,171,2,-0.26,294908,FW-18AE1,1
EQP-30633,2914.1,Diesel,Noite,Leste,78.3,7.63,103.3,203,0,29.88,295993,FW-B9B9D,1
EQP-30634,10340.3,Diesel,Noite,Norte,52.0,7.22,93.2,305,1,22.33,659853,FW-6732A,1
EQP-30635,2423.4, DIESEL ,Manha,Leste,67.7,7.9,87.8,323,1,-12.64,713111,FW-68603,1
EQP-30636,8929.3, DIESEL ,Noite,Norte,34.6,2.13,102.9,203,0,-19.06,950768,FW-71232,1
EQP-30637,9028.2,Eletrico,Tarde,Leste,68.6,2.02,99.6,119,1,-27.64,328596,FW-F22BA,1
EQP-30638,12964.4,Eletrico,Manha,Sul,94.8,5.26,92.1,181,1,23.68,746827,FW-E9F6A,1
EQP-30639,4695.0,Diesel,Manha,Leste,54.6,8.81,82.3,159,2,39.92,619033,FW-8F9CD,1
EQP-30640,4563.9,Diesel,Manha,Sul,66.2,3.77,109.9,288,4,-5.65,584928,FW-D9F9D,1
EQP-30641,3401.6,Eletrico,Noite,Oeste,79.5,11.74,100.6,176,0,21.64,209452,FW-896DF,1
EQP-30642,6837.6,Diesel,Manha,Oeste,86.7,3.42,124.3,154,0,-74.72,327381,FW-D5FF4,1
EQP-30643,2794.9,Diesel,Manha,Leste,56.5,2.74,70.7,159,1,8.92,477572,FW-7EBBC,1
EQP-30644,14441.6,Diesel,Manha,Norte,109.9,0.73,101.7,226,0,-4.2,872319,FW-1DF59,1
EQP-30645,11389.7,Hibrido,Noite,Leste,63.0,,110.8,218,0,23.76,252016,FW-BACDA,1
EQP-30646,1425.0,Eletrico,Noite,Leste,77.5,1.06,70.1,278,1,37.02,884390,FW-E667D,1
EQP-30647,945.2,Diesel,Tarde,Oeste,95.3,0.71,93.5,126,2,77.23,528716,FW-213AE,1
EQP-30648,7716.0,Diesel,Manha,Sul,109.3,1.48,105.3,207,0,27.93,638487,FW-F13AC,1
EQP-30649,14039.3,Diesel,Manha,Oeste,58.5,7.6,83.7,234,0,53.39,958290,FW-6A957,1
EQP-30650,911.1, DIESEL ,Noite,Leste,95.8,4.84,141.5,309,1,48.14,661464,FW-79FE8,1
EQP-30651,,Diesel,Manha,Leste,70.5,1.75,113.2,97,1,-20.72,209240,FW-C8E5D,1
EQP-30652,13798.3, DIESEL ,Tarde,Sul,64.6,3.33,100.1,159,4,71.71,913565,FW-46002,1
EQP-30653,,Diesel,Noite,Sul,45.1,12.79,95.2,168,2,-56.07,209498,FW-CF46A,1
EQP-30654,13659.5,Eletrico,Noite,Norte,53.3,3.5,89.8,247,0,11.67,172867,FW-DAD78,1
EQP-30655,14615.8,Hibrido,Noite,Oeste,57.5,1.92,99.8,18,2,-60.13,428447,FW-1C9A6,1
EQP-30656,13947.7, DIESEL ,Noite,Leste,68.4,2.45,86.7,262,1,8.85,157273,FW-47359,1
EQP-30657,5829.5,Eletrico,Noite,Norte,63.6,10.67,93.9,30,0,-7.35,988425,FW-38D8B,1
EQP-30658,492.3,Diesel,Manha,Norte,56.5,0.96,93.8,328,0,37.46,897478,FW-4D9A7,0
EQP-30659,8790.7, DIESEL ,Tarde,Leste,68.7,6.22,125.4,294,1,46.04,575711,FW-694A9,1
EQP-30660,13157.7,Eletrico,Tarde,Leste,51.8,5.76,79.1,151,2,-41.57,521835,FW-6E093,1
EQP-30661,2552.4, DIESEL ,Manha,Sul,62.4,4.01,120.2,294,0,-34.06,413306,FW-A1A48,0
EQP-30662,2652.8,Hibrido,Manha,Sul,59.3,2.36,114.7,288,1,-28.91,296638,FW-9A51F,0
EQP-30663,4759.3,Gas_Natural,Noite,Oeste,88.5,0.61,96.2,184,0,60.46,252256,FW-DD115,1
EQP-30664,649.6,Gas_Natural,Manha,Leste,74.0,2.37,86.1,237,1,-5.47,629882,FW-BB47A,1
EQP-30665,10064.9,Eletrico,Manha,Sul,86.3,3.84,107.3,231,3,16.91,449600,FW-D0192,1
EQP-30666,9464.4,Eletrico,Noite,Sul,73.3,4.11,122.1,143,1,39.08,485453,FW-6ED79,1
EQP-30667,13704.8,Diesel,Noite,Norte,100.9,,104.8,98,0,-18.34,162051,FW-A814D,1
EQP-30668,12119.8,Hibrido,Noite,Oeste,77.9,1.67,125.0,361,0,2.29,531427,FW-84D28,1
EQP-30669,11321.2,Diesel,Tarde,Norte,46.2,7.3,97.5,27,0,-20.07,633202,FW-C3068,1
EQP-30670,1726.8,Diesel,Tarde,Norte,74.4,4.05,119.7,260,0,3.69,770944,FW-876E9,1
EQP-30671,4239.9, DIESEL ,Manha,Sul,82.8,11.81,73.7,111,0,30.16,357775,FW-AF00B,1
EQP-30672,2548.6,Diesel,Tarde,Sul,62.5,1.98,95.6,131,1,-12.88,379709,FW-38C64,0
EQP-30673,3747.2,Eletrico,Manha,Norte,66.0,0.78,96.4,205,2,21.56,501891,FW-D856C,1
EQP-30674,,Eletrico,Manha,Norte,85.5,3.81,89.9,46,1,-36.21,713848,FW-9F96D,1
EQP-30675,2683.0,Gas_Natural,Manha,Oeste,54.3,7.07,90.6,144,0,10.91,583426,FW-40038,1
EQP-30676,4181.2, DIESEL ,Tarde,Norte,44.6,4.55,111.1,87,1,56.4,248838,FW-60E52,0
EQP-30677,5153.9,Eletrico,Tarde,Norte,51.1,1.04,106.4,17,0,30.19,741120,FW-C15AB,0
EQP-30678,, DIESEL ,Manha,Norte,82.9,,62.7,222,0,-58.66,250871,FW-F2C59,1
EQP-30679,12211.6,Diesel,Manha,Sul,92.9,6.24,79.5,192,0,8.92,991226,FW-CB39B,1
EQP-30680,6018.0,Diesel,Tarde,Norte,88.0,1.89,111.2,207,0,20.06,700251,FW-C712C,1
EQP-30681,1731.7, DIESEL ,Manha,Leste,95.6,5.33,96.4,139,1,1.84,324813,FW-D4534,1
EQP-30682,2408.4,Eletrico,Manha,Oeste,24.8,14.53,108.7,258,0,2.76,555023,FW-CBBCF,1
EQP-30683,2178.8,Diesel,Tarde,Norte,106.2,1.69,98.3,122,3,0.42,876650,FW-71EB4,1
EQP-30684,915.7,Diesel,Manha,Oeste,70.3,5.16,103.2,47,0,6.31,931176,FW-A4AB9,0
EQP-30685,10213.1,Diesel,Tarde,Leste,51.3,16.79,97.2,266,0,24.79,561103,FW-1BE5A,1
EQP-30686,13605.7,diesel,Manha,Leste,34.3,4.28,93.8,61,2,-24.86,756885,FW-259AF,0
EQP-30687,13470.7,Hibrido,Noite,Norte,63.0,9.23,78.6,137,0,-34.25,832671,FW-57494,0
EQP-30688,11441.0,Diesel,Manha,Leste,78.1,12.99,91.1,127,2,30.13,450300,FW-9A374,1
EQP-30689,4128.9,Eletrico,Manha,Norte,88.2,15.6,106.6,257,2,-4.3,654220,FW-480EB,1
EQP-30690,4277.0,Diesel,Manha,Norte,96.4,1.02,80.5,355,1,58.28,450999,FW-B80A8,1
EQP-30691,4637.5,Diesel,Manha,Sul,58.1,2.58,91.0,123,0,64.12,394106,FW-D3A2B,0
EQP-30692,3350.4,Gas_Natural,Manha,Leste,88.6,6.6,81.1,108,2,-49.38,153584,FW-7B3DA,1
EQP-30693,2216.5,Gas_Natural,Manha,Oeste,87.0,6.46,98.4,18,1,-10.56,415645,FW-B006C,0
EQP-30694,901.0,diesel,Noite,Leste,77.5,1.34,89.6,254,0,-44.58,600944,FW-8F8FF,1
EQP-30695,, DIESEL ,Manha,Leste,84.4,2.7,99.6,286,1,-12.26,368066,FW-8C0C2,1
EQP-30696,5178.2,Diesel,Tarde,Leste,110.7,3.72,89.4,42,0,-19.05,897386,FW-F2831,1
EQP-30697,5143.7,Hibrido,Tarde,Sul,45.9,5.94,81.9,276,0,1.9,226230,FW-4C263,0
EQP-30698,3185.8, DIESEL ,Noite,Oeste,69.3,7.57,98.8,185,1,-17.28,775425,FW-3A560,1
EQP-30699,3971.5,Diesel,Manha,Norte,95.9,4.11,109.4,239,0,-43.45,703122,FW-D8EFD,1
EQP-30700,12495.8,Diesel,Tarde,Norte,76.1,16.0,109.3,248,0,21.86,409616,FW-BC561,1
EQP-30701,7607.0,Gas_Natural,Noite,Sul,82.1,2.82,105.6,285,0,61.06,168310,FW-81924,1
EQP-30702,11804.2,Eletrico,Tarde,Norte,89.9,6.75,98.2,344,0,23.04,740832,FW-E6AA0,1
EQP-30703,8765.4,Diesel,Noite,Leste,82.9,6.12,111.2,247,1,16.67,344361,FW-60E92,1
EQP-30704,11209.7,Gas_Natural,Manha,Leste,46.3,1.82,91.4,178,0,-29.86,793511,FW-7BF74,0
EQP-30705,1432.4,diesel,Tarde,Leste,68.9,1.8,96.6,135,1,-24.43,237948,FW-9BEBD,0
EQP-30706,13282.7, DIESEL ,Tarde,Norte,73.5,3.92,84.5,343,1,-5.87,366525,FW-BD6C6,1
EQP-30707,4763.0,Eletrico,Manha,Sul,75.8,,105.5,112,2,-13.31,529784,FW-8EFA0,1
EQP-30708,5272.4,Diesel,Manha,Sul,73.5,6.08,96.4,211,1,-51.91,670135,FW-F30A2,1
EQP-30709,2101.6,Eletrico,Manha,Norte,84.4,2.64,88.0,240,0,-10.47,227645,FW-3EA90,0
EQP-30710,5944.8,Eletrico,Tarde,Norte,58.7,4.78,72.7,284,0,-10.72,324006,FW-39E7D,1
EQP-30711,1886.7,Gas_Natural,Manha,Leste,76.1,3.32,107.7,358,1,24.24,657336,FW-F23EE,1
EQP-30712,6595.2,Gas_Natural,Manha,Norte,81.6,7.96,124.1,117,2,20.55,923809,FW-8899A,1
EQP-30713,7923.0,Diesel,Noite,Norte,50.8,1.51,98.3,165,0,-12.06,459064,FW-1C388,0
EQP-30714,9532.8,Hibrido,Manha,Oeste,61.0,0.85,83.8,197,1,-32.62,547886,FW-D6240,0
EQP-30715,4134.5,Eletrico,Manha,Oeste,96.2,0.92,66.6,18,2,45.84,704298,FW-5D8B3,1
EQP-30716,11487.1,Eletrico,Manha,Norte,76.2,,100.1,16,1,-26.71,160161,FW-5E6D3,1
EQP-30717,,Gas_Natural,Tarde,Leste,66.6,4.92,94.8,128,0,-29.9,850580,FW-BB20F,1
EQP-30718,5882.9,Eletrico,Manha,Oeste,96.7,4.5,99.0,221,1,-31.67,686953,FW-ED81A,1
EQP-30719,8695.9,Eletrico,Tarde,Sul,32.0,2.05,104.0,307,0,-33.02,584996,FW-AC76A,0
EQP-30720,1499.3,diesel,Tarde,Leste,95.3,3.28,105.7,253,3,-25.67,454935,FW-86851,1
EQP-30721,8498.7,Diesel,Noite,Sul,56.0,2.21,109.6,107,1,76.48,476089,FW-ED03D,0
EQP-30722,10297.5,Eletrico,Manha,Oeste,86.6,14.64,98.0,327,0,3.09,498733,FW-1B27A,1
EQP-30723,5750.6,Hibrido,Manha,Oeste,60.3,3.89,93.1,279,1,-46.76,571144,FW-5814D,0
EQP-30724,10875.6,Gas_Natural,Manha,Norte,50.1,1.93,81.5,186,2,-77.4,867222,FW-2EAA1,0
EQP-30725,3364.8,Diesel,Noite,Leste,63.5,9.86,93.0,102,1,-0.39,185878,FW-B5981,1
EQP-30726,14688.2,Eletrico,Tarde,Oeste,69.0,16.03,85.9,195,1,15.15,887865,FW-71DEA,1
EQP-30727,7284.2,Gas_Natural,Manha,Norte,60.9,5.17,84.9,224,1,60.0,432977,FW-EAE46,1
EQP-30728,,Eletrico,Tarde,Norte,68.2,1.99,111.8,291,1,-0.71,799867,FW-E7AE7,1
EQP-30729,11512.9,Hibrido,Manha,Leste,75.2,2.97,119.2,260,0,-66.78,749506,FW-C53D9,1
EQP-30730,12275.6,Gas_Natural,Tarde,Oeste,61.9,,105.9,86,1,-36.04,469605,FW-8CB2C,1
EQP-30731,,diesel,Tarde,Sul,93.6,4.07,91.8,137,0,0.49,722393,FW-DDBD2,1
EQP-30732,4023.2,Diesel,Tarde,Norte,45.2,9.96,83.4,46,0,-9.71,854258,FW-198BB,0
EQP-30733,5482.9, DIESEL ,Manha,Sul,57.4,17.47,105.9,228,0,-0.2,285796,FW-7E6D0,1
EQP-30734,11990.1,Diesel,Manha,Oeste,84.1,2.45,111.8,183,0,32.04,549720,FW-81F61,1
EQP-30735,13370.5,Eletrico,Tarde,Norte,64.3,0.53,78.6,313,0,-0.09,617222,FW-57893,1
EQP-30736,3640.5,Eletrico,Manha,Sul,62.8,2.43,139.3,203,0,19.82,941443,FW-9E72C,1
EQP-30737,4306.9,Eletrico,Manha,Norte,95.3,1.5,102.0,277,1,-0.94,563175,FW-73CC0,1
EQP-30738,8905.3,Eletrico,Noite,Leste,60.0,2.55,104.4,76,0,-27.8,696422,FW-588F2,1
EQP-30739,1595.6, DIESEL ,Manha,Leste,83.5,1.12,96.1,320,0,3.42,533582,FW-E79DF,1
EQP-30740,14326.0,diesel,Tarde,Oeste,83.5,6.11,106.2,18,1,0.54,264852,FW-E0221,1
EQP-30741,13245.4, DIESEL ,Manha,Sul,82.9,1.04,88.4,116,1,-50.02,755219,FW-220D1,0
EQP-30742,8950.3,Diesel,Manha,Oeste,86.0,0.73,130.0,50,2,6.67,884153,FW-A89F2,1
EQP-30743,14364.3,Diesel,Manha,Norte,93.2,0.88,105.0,225,2,-7.33,245586,FW-DC66C,1
EQP-30744,,Eletrico,Noite,Oeste,64.2,2.74,113.8,34,1,-12.0,449568,FW-745FD,1
EQP-30745,2605.4,Eletrico,Tarde,Leste,58.1,0.99,103.0,212,0,38.28,514396,FW-8FAC9,0
EQP-30746,9666.5,Diesel,Manha,Oeste,119.8,1.58,110.0,181,2,-49.55,202535,FW-C70AE,1
EQP-30747,,Hibrido,Noite,Norte,74.1,5.08,101.8,75,0,4.04,295796,FW-481AC,1
EQP-30748,10396.6,Eletrico,Manha,Leste,66.0,1.47,57.7,35,1,48.47,797635,FW-B3A57,1
EQP-30749,11216.6,Gas_Natural,Manha,Leste,115.5,1.28,83.7,82,1,-38.27,165487,FW-57447,1
EQP-30750,,Diesel,Manha,Leste,74.5,9.58,121.3,107,1,31.22,523438,FW-A411B,1
EQP-30751,3728.3, DIESEL ,Manha,Leste,89.1,4.39,90.6,193,0,34.53,467172,FW-D44AA,1
EQP-30752,7985.5,Diesel,Noite,Oeste,69.9,2.56,100.1,282,0,-34.56,610722,FW-E0327,1
EQP-30753,4209.8,Hibrido,Manha,Sul,72.1,,126.3,3,0,28.01,733658,FW-E70D3,1
EQP-30754,11327.3, DIESEL ,Noite,Oeste,102.3,6.76,90.4,276,0,-30.92,479831,FW-E8F33,0
EQP-30755,,Hibrido,Tarde,Oeste,94.8,3.76,108.5,243,2,5.55,435696,FW-E5BB4,1
EQP-30756,, DIESEL ,Manha,Oeste,56.2,1.16,98.6,129,0,21.11,641089,FW-4B1EF,0
EQP-30757,10878.8,Diesel,Manha,Norte,58.5,,80.2,270,1,-68.87,464641,FW-ECF8C,1
EQP-30758,2300.9,Hibrido,Noite,Norte,72.3,2.33,93.0,145,0,-21.62,221931,FW-9E271,0
EQP-30759,1657.1,Diesel,Tarde,Sul,70.3,9.41,117.6,75,0,-49.43,767298,FW-BB113,1
EQP-30760,700.8, DIESEL ,Noite,Norte,110.4,2.71,104.7,85,0,2.05,248054,FW-8B2FD,1
EQP-30761,12921.0,Eletrico,Manha,Norte,62.6,4.17,90.6,41,1,2.79,879349,FW-DC450,1
EQP-30762,13479.2,diesel,Manha,Oeste,102.1,10.52,103.9,305,0,-35.64,634571,FW-E8B1F,1
EQP-30763,,Eletrico,Manha,Leste,83.9,1.37,106.7,204,1,-70.61,410577,FW-C1F70,0
EQP-30764,10600.2,Diesel,Tarde,Sul,70.8,1.17,75.9,108,0,-36.02,869862,FW-6FACC,0
EQP-30765,2707.1,Hibrido,Manha,Oeste,77.8,11.14,89.6,191,0,2.64,742178,FW-CDC45,1
EQP-30766,2264.7,Eletrico,Noite,Oeste,96.6,8.3,86.7,205,1,19.78,733130,FW-8070C,1
EQP-30767,9481.1,Eletrico,Tarde,Sul,77.0,11.75,121.1,24,1,-49.09,534563,FW-A1A8C,1
EQP-30768,3438.9,Diesel,Noite,Oeste,82.6,0.62,86.8,27,0,-9.85,390595,FW-C96D2,0
EQP-30769,2244.9,Diesel,Noite,Oeste,64.0,1.54,77.7,64,0,42.99,175347,FW-41EBE,0
EQP-30770,13454.9,Gas_Natural,Tarde,Norte,80.6,2.5,94.3,77,2,65.69,469615,FW-2DC49,1
EQP-30771,10235.3,Diesel,Manha,Leste,95.8,0.5,82.4,234,0,0.87,321026,FW-AF23B,1
EQP-30772,13122.3, DIESEL ,Tarde,Norte,78.0,12.18,92.2,78,0,27.34,386549,FW-81599,1
EQP-30773,,Eletrico,Noite,Leste,78.9,5.06,105.9,265,1,6.39,112915,FW-5A4EF,1
EQP-30774,9543.7,Eletrico,Manha,Leste,91.8,1.4,70.2,240,0,-17.08,111712,FW-8EF66,1
EQP-30775,999999.0, DIESEL ,Tarde,Leste,84.1,0.76,103.7,239,0,8.58,646873,FW-89EF8,1
EQP-30776,11616.3,Diesel,Tarde,Norte,84.0,,116.2,220,0,12.54,555693,FW-D06CC,1
EQP-30777,2762.8,Diesel,Manha,Norte,100.1,9.33,81.9,138,0,53.18,898619,FW-E8490,1
EQP-30778,14852.6,Gas_Natural,Noite,Sul,88.1,7.51,93.1,233,0,-3.08,150787,FW-830AC,1
EQP-30779,3290.7,Eletrico,Manha,Norte,97.3,2.88,120.2,153,0,-33.92,700427,FW-F0016,1
EQP-30780,14111.7,Eletrico,Manha,Norte,116.1,16.0,74.1,95,0,-28.09,874400,FW-314D1,1
EQP-30781,14177.4,Diesel,Tarde,Norte,79.8,7.38,108.6,19,1,-30.19,356550,FW-972CE,1
EQP-30782,10308.0,Eletrico,Tarde,Norte,72.3,5.92,64.9,41,0,30.06,581401,FW-F0F5D,1
EQP-30783,2264.9, DIESEL ,Noite,Sul,59.8,0.75,89.4,158,1,51.76,856583,FW-8DF13,0
EQP-30784,282.3, DIESEL ,Manha,Sul,79.1,7.49,113.8,66,1,-29.9,964201,FW-BF407,1
EQP-30785,1728.2,Eletrico,Tarde,Oeste,27.8,3.08,97.9,16,0,1.27,563915,FW-5B004,0
EQP-30786,7852.9,Eletrico,Manha,Norte,67.9,2.72,109.6,220,2,-57.85,902413,FW-E022D,1
EQP-30787,4098.2,Gas_Natural,Tarde,Leste,55.3,2.43,101.3,41,0,-51.68,631681,FW-BD7F4,0
EQP-30788,,Eletrico,Noite,Norte,35.1,1.19,108.9,78,1,46.41,601003,FW-607DE,0
EQP-30789,8778.7,Hibrido,Manha,Norte,95.1,1.25,80.5,308,1,53.53,538693,FW-51F3A,1
EQP-30790,1716.8,Eletrico,Tarde,Oeste,38.8,10.46,88.6,207,1,26.99,149943,FW-4DC2A,1
EQP-30791,5849.9,Eletrico,Noite,Norte,96.9,5.45,85.8,298,1,-16.98,743675,FW-405D3,1
EQP-30792,13902.6,Gas_Natural,Noite,Leste,48.4,5.05,107.8,203,0,-29.48,720906,FW-C62CC,1
EQP-30793,,Eletrico,Manha,Norte,75.6,2.81,91.7,163,1,-2.78,510056,FW-CD4B4,0
EQP-30794,3764.6,Hibrido,Noite,Oeste,78.4,5.67,59.5,168,1,21.22,534964,FW-EB60D,1
EQP-30795,11515.4,Gas_Natural,Manha,Norte,108.9,4.87,102.9,279,1,-21.01,933555,FW-20482,1
EQP-30796,7111.0,diesel,Noite,Oeste,69.0,2.12,95.5,353,1,-14.74,780060,FW-31208,1
EQP-30797,1965.3,diesel,Manha,Leste,83.5,,95.1,123,2,-20.52,552484,FW-68F1A,1
EQP-30798,5857.6,Eletrico,Tarde,Norte,104.4,17.26,80.4,250,0,-47.82,712204,FW-7CAF4,1
EQP-30799,1711.0,Diesel,Noite,Sul,51.5,1.5,82.0,9,1,-27.67,516145,FW-97B07,0
EQP-30800,8924.3,Diesel,Noite,Leste,43.9,1.15,136.1,364,0,20.55,218183,FW-DDFE4,1
EQP-30801,8478.3,Gas_Natural,Manha,Sul,66.7,1.14,81.9,343,0,-28.9,279216,FW-573D2,1
EQP-30802,12645.3,Eletrico,Tarde,Sul,88.8,1.57,123.6,170,0,14.67,412911,FW-BE93F,0
EQP-30803,3748.7,Gas_Natural,Tarde,Leste,84.7,10.64,108.4,175,1,20.42,443001,FW-6CBCE,1
EQP-30804,914.1,diesel,Tarde,Oeste,79.8,1.14,115.6,145,0,9.05,968716,FW-47EBE,0
EQP-30805,1739.6,Eletrico,Noite,Sul,62.5,9.47,74.0,33,1,-31.05,326912,FW-8A237,1
EQP-30806,3792.8,Eletrico,Manha,Oeste,69.6,9.17,115.5,241,0,7.7,120331,FW-A6548,1
EQP-30807,,Eletrico,Manha,Sul,42.7,9.95,79.3,5,0,-21.67,899851,FW-7D13B,1
EQP-30808,1413.2,Diesel,Noite,Sul,72.3,1.85,106.1,171,0,29.47,350527,FW-D2DD8,1
EQP-30809,3135.9,Hibrido,Noite,Norte,67.0,2.27,82.6,127,0,7.92,815068,FW-A20D8,0
EQP-30810,6187.9,Gas_Natural,Noite,Norte,50.7,15.14,101.7,312,2,-4.05,499804,FW-DBD63,1
EQP-30811,1649.3,Diesel,Noite,Sul,43.6,,112.5,337,1,38.85,402033,FW-5982B,1
EQP-30812,2285.9, DIESEL ,Manha,Leste,56.8,0.57,102.2,264,0,-42.66,364851,FW-D40FF,0
EQP-30813,13138.5,Diesel,Manha,Leste,85.0,6.47,93.4,198,0,0.25,684663,FW-3834E,1
EQP-30814,-100.0,Eletrico,Noite,Norte,84.8,1.66,85.1,7,0,53.74,129876,FW-EFD6C,1
EQP-30815,12700.6,Gas_Natural,Tarde,Sul,102.4,,106.7,62,1,-51.56,987723,FW-1D12B,1
EQP-30816,5663.4,Diesel,Tarde,Norte,53.0,0.81,99.8,123,0,61.42,829064,FW-445FB,0
EQP-30817,5630.6, DIESEL ,Noite,Sul,72.3,4.24,112.3,342,0,18.91,720592,FW-CDE46,1
EQP-30818,9586.7,Eletrico,Manha,Norte,98.8,6.56,80.1,52,0,-7.98,870170,FW-A8446,1
EQP-30819,10630.3,Eletrico,Noite,Norte,83.7,4.4,132.3,360,1,37.17,554932,FW-53098,1
EQP-30820,6196.4,Eletrico,Tarde,Sul,113.7,8.2,99.8,184,0,-38.4,307180,FW-200E9,1
EQP-30821,12065.6,Diesel,Manha,Sul,100.7,,85.3,114,0,-11.25,463856,FW-5CFC7,1
EQP-30822,9198.3,Eletrico,Manha,Norte,69.0,0.86,93.0,55,1,-13.53,522963,FW-DA723,1
EQP-30823,14092.3,Diesel,Tarde,Leste,59.7,8.2,94.8,219,0,-3.43,751085,FW-AB1C7,1
EQP-30824,7980.4,Diesel,Noite,Sul,85.5,2.4,107.1,264,0,23.45,679546,FW-DE896,1
EQP-30825,8087.2,diesel,Manha,Leste,68.5,2.56,105.4,319,0,23.74,328314,FW-EFBA9,1
EQP-30826,8497.0, DIESEL ,Manha,Sul,68.4,1.6,87.6,63,0,42.96,985248,FW-95EC4,1
EQP-30827,,Hibrido,Noite,Sul,55.9,6.17,87.2,197,0,-33.83,288771,FW-8B019,1
EQP-30828,,Eletrico,Manha,Oeste,71.6,4.81,127.3,22,0,46.71,865922,FW-5F149,0
EQP-30829,12551.9,Eletrico,Tarde,Oeste,76.7,8.61,97.0,301,0,-4.86,762636,FW-8D4B0,1
EQP-30830,12252.6,Diesel,Noite,Sul,45.7,4.08,71.3,311,0,-61.49,452688,FW-D2583,1
EQP-30831,9507.0, DIESEL ,Tarde,Leste,73.6,4.28,107.4,57,4,-13.83,966590,FW-50EE7,1
EQP-30832,,Eletrico,Tarde,Norte,69.5,4.76,79.8,31,0,-57.61,570659,FW-32B8E,0
EQP-30833,9658.4,Diesel,Manha,Norte,122.8,,95.4,290,2,15.47,577593,FW-386A6,1
EQP-30834,13054.3,Hibrido,Manha,Leste,103.1,7.89,90.3,220,1,-9.81,485998,FW-D8CB7,1
EQP-30835,3294.6, DIESEL ,Noite,Norte,76.6,3.82,86.1,27,0,14.62,264946,FW-DA8AC,1
EQP-30836,2430.4,Diesel,Tarde,Leste,82.3,1.3,96.1,278,1,10.05,758558,FW-24D5C,1
EQP-30837,7204.9,Eletrico,Manha,Norte,37.3,9.2,101.7,232,0,-11.61,616433,FW-893BF,1
EQP-30838,7649.1,diesel,Tarde,Norte,69.2,2.73,109.7,266,0,48.72,544957,FW-38462,1
EQP-30839,14375.2,Hibrido,Tarde,Sul,104.6,1.41,101.0,153,1,-29.59,133437,FW-843F6,1
EQP-30840,3653.6,Diesel,Manha,Oeste,79.8,0.81,105.5,39,0,17.81,269586,FW-A5DD2,1
EQP-30841,3145.7,diesel,Tarde,Leste,106.2,0.63,111.1,71,0,14.62,770548,FW-2C2E7,1
EQP-30842,13759.9, DIESEL ,Tarde,Leste,97.3,8.8,95.2,290,1,-34.69,274533,FW-32C65,1
EQP-30843,10925.6,diesel,Tarde,Norte,73.8,0.73,150.9,270,0,42.98,864392,FW-E07D0,1
EQP-30844,5018.2,Diesel,Tarde,Norte,79.7,9.81,101.1,96,1,50.16,777035,FW-24A8E,1
EQP-30845,12231.5, DIESEL ,Noite,Oeste,61.1,3.51,108.9,167,0,-14.63,355914,FW-5392B,1
EQP-30846,9245.1, DIESEL ,Noite,Sul,89.1,2.32,94.7,248,1,-2.87,469963,FW-3394A,1
EQP-30847,12363.8,Eletrico,Noite,Norte,47.3,1.09,80.0,78,0,3.82,347643,FW-E80DF,1
EQP-30848,5875.1,Diesel,Tarde,Sul,99.9,1.16,78.9,61,2,-17.05,155512,FW-26481,1
EQP-30849,12394.7,Gas_Natural,Tarde,Norte,87.0,11.15,101.4,286,3,-9.48,672637,FW-B72C3,1
EQP-30850,3307.0,Diesel,Manha,Leste,59.2,2.75,71.1,65,0,19.32,198273,FW-8B7C0,0
EQP-30851,872.6,Eletrico,Noite,Sul,91.0,13.03,96.7,201,2,-4.1,531029,FW-86C90,1
EQP-30852,5766.4,Diesel,Noite,Norte,92.6,5.43,90.1,21,2,-68.09,864317,FW-8F2A7,1
EQP-30853,2967.4,Diesel,Noite,Norte,99.8,6.03,120.1,182,0,-34.68,172137,FW-75730,1
EQP-30854,7947.7, DIESEL ,Tarde,Leste,106.4,3.38,94.7,59,1,-47.01,997806,FW-B50D6,0
EQP-30855,8003.6,Diesel,Tarde,Sul,94.0,4.2,82.1,261,0,13.87,798987,FW-BB3FB,1
EQP-30856,6436.9,diesel,Tarde,Norte,97.0,1.21,80.5,100,2,12.42,736044,FW-78C38,1
EQP-30857,1886.8,diesel,Noite,Leste,54.1,3.76,92.9,362,1,-14.3,819883,FW-83140,1
EQP-30858,11824.9,Diesel,Noite,Norte,76.1,26.55,86.5,358,0,15.03,819144,FW-E608A,1
EQP-30859,5469.1,Diesel,Noite,Leste,58.0,12.33,107.0,327,1,-14.49,627043,FW-31292,1
EQP-30860,3164.9,Diesel,Tarde,Leste,95.0,2.79,105.0,255,2,17.99,570805,FW-8E826,1
EQP-30861,12649.9,Diesel,Tarde,Leste,64.6,6.31,105.0,322,0,15.46,565014,FW-AEEB9,1
EQP-30862,8738.9,Gas_Natural,Manha,Oeste,82.2,3.1,103.6,3,1,-18.75,375777,FW-AF33E,1
EQP-30863,,Diesel,Manha,Oeste,78.0,4.6,90.1,254,0,33.71,720414,FW-2CEC0,1
EQP-30864,10551.5,Diesel,Tarde,Norte,87.0,2.29,109.2,263,0,-0.35,673409,FW-D6615,1
EQP-30865,,Eletrico,Manha,Norte,89.5,14.34,80.9,232,0,9.48,937286,FW-4B86B,1
EQP-30866,6881.9,diesel,Manha,Sul,75.2,8.2,107.8,127,2,22.5,354987,FW-73AE7,1
EQP-30867,10360.8,Diesel,Manha,Norte,68.5,1.53,100.9,128,1,-37.68,319062,FW-F1FBA,1
EQP-30868,13957.3, DIESEL ,Tarde,Sul,72.6,13.88,109.5,30,1,-15.84,906181,FW-29654,1
EQP-30869,9582.9,Diesel,Manha,Norte,104.8,2.26,94.8,283,0,-2.78,792930,FW-558C1,1
EQP-30870,7616.3,Diesel,Tarde,Leste,61.5,1.95,93.7,195,1,4.93,109690,FW-D1254,0
EQP-30871,3689.7,diesel,Tarde,Norte,76.8,1.59,91.5,306,0,12.5,632812,FW-2E7A0,1
EQP-30872,10364.9,Diesel,Tarde,Sul,67.3,6.24,94.7,302,1,4.65,593904,FW-BD76B,1
EQP-30873,14658.1, DIESEL ,Noite,Sul,75.3,8.21,107.3,361,1,-87.9,418954,FW-C28FC,1
EQP-30874,,Diesel,Manha,Norte,70.1,1.68,89.3,44,0,-12.11,744686,FW-8A35E,1
EQP-30875,4485.4,diesel,Noite,Leste,60.5,0.7,99.8,97,0,14.31,789933,FW-5331E,1
EQP-30876,, DIESEL ,Tarde,Norte,53.4,1.44,90.0,38,0,18.04,270546,FW-CF168,0
EQP-30877,4358.9,Gas_Natural,Tarde,Leste,60.4,,124.6,162,0,-62.09,412262,FW-2FE2B,1
EQP-30878,9082.6,Hibrido,Tarde,Leste,82.9,0.82,92.2,39,0,48.78,549056,FW-E0A75,0
EQP-30879,4217.7,Diesel,Manha,Norte,60.2,4.71,137.2,113,1,-4.04,528647,FW-D969F,0
EQP-30880,14164.5,Diesel,Tarde,Norte,70.9,7.64,114.8,318,2,-10.0,374188,FW-7EC9B,1
EQP-30881,,Hibrido,Tarde,Sul,86.2,18.6,116.2,59,1,-9.54,179735,FW-C813C,1
EQP-30882,13391.7,Gas_Natural,Manha,Sul,84.5,5.25,86.2,3,2,25.84,659047,FW-CBCED,1
EQP-30883,1967.8,Eletrico,Manha,Oeste,70.2,6.34,115.6,320,1,-18.2,497378,FW-BC339,1
EQP-30884,4469.5,Gas_Natural,Tarde,Leste,68.8,4.68,88.3,334,1,2.91,358978,FW-E86D3,1
EQP-30885,2559.4,Diesel,Manha,Norte,103.3,3.16,103.2,89,0,2.61,608053,FW-599CE,1
EQP-30886,1875.0,Eletrico,Noite,Norte,84.1,4.88,104.4,279,0,88.67,123787,FW-45CCF,1
EQP-30887,8709.6,Diesel,Tarde,Sul,73.9,4.76,111.2,134,0,25.59,320984,FW-A7F3B,1
EQP-30888,2920.1,Diesel,Tarde,Sul,75.7,14.83,113.8,290,0,-13.86,160274,FW-6B905,1
EQP-30889,6138.8,Gas_Natural,Manha,Leste,76.4,7.28,99.7,192,1,-5.24,230226,FW-694B7,1
EQP-30890,3811.0,Hibrido,Manha,Leste,78.5,0.8,96.7,21,0,-33.84,736517,FW-6A476,0
EQP-30891,13910.5,Diesel,Tarde,Leste,88.9,10.61,118.5,114,1,28.05,687586,FW-1F0E4,1
EQP-30892,3899.1,Eletrico,Tarde,Norte,58.0,0.63,87.2,257,0,-9.13,404935,FW-65E38,0
EQP-30893,717.2,diesel,Manha,Leste,82.6,8.02,109.2,174,1,-0.83,803490,FW-2AB46,1
EQP-30894,10877.5, DIESEL ,Noite,Oeste,71.0,1.83,95.8,101,0,-34.67,442903,FW-A66EE,1
EQP-30895,12607.2,diesel,Tarde,Leste,67.0,7.77,98.4,180,1,86.8,737152,FW-EB66F,1
EQP-30896,3886.3,Diesel,Noite,Norte,42.7,4.69,106.9,178,0,70.03,414358,FW-784CD,0
EQP-30897,6370.7,diesel,Tarde,Sul,58.7,6.95,89.4,63,1,52.95,790902,FW-5474C,1
EQP-30898,, DIESEL ,Tarde,Oeste,46.6,2.15,115.6,247,0,14.81,197853,FW-35EE0,0
EQP-30899,1973.2, DIESEL ,Manha,Norte,71.8,4.9,81.8,119,1,6.6,173269,FW-DF158,0
EQP-30900,522.7,Diesel,Manha,Sul,77.4,5.11,123.2,42,1,8.39,726664,FW-9C1CA,1
EQP-30901,10150.8,Diesel,Noite,Oeste,85.2,1.25,113.4,258,2,80.07,698675,FW-C5A4E,1
EQP-30902,11651.4,Diesel,Manha,Norte,53.1,7.19,102.3,188,0,20.92,155094,FW-21428,1
EQP-30903,3911.4,Diesel,Tarde,Oeste,76.9,3.08,82.4,228,0,-38.84,874992,FW-65310,0
EQP-30904,3064.8,Diesel,Tarde,Sul,60.9,0.55,101.6,30,0,45.67,275988,FW-905A2,0
EQP-30905,1253.3,Diesel,Tarde,Norte,45.2,1.0,108.6,323,4,49.13,344239,FW-51594,1
EQP-30906,13321.0, DIESEL ,Manha,Sul,85.4,10.91,86.7,13,1,10.99,675911,FW-1CB88,1
EQP-30907,5376.1,diesel,Noite,Leste,54.6,1.88,98.6,122,0,-16.74,220162,FW-63D9C,0
EQP-30908,2645.6,Eletrico,Noite,Oeste,55.1,8.68,109.5,200,1,-8.73,442566,FW-D3D69,1
EQP-30909,1981.5, DIESEL ,Tarde,Oeste,88.7,1.69,109.6,13,0,4.82,246377,FW-35B6D,0
EQP-30910,4279.4,Diesel,Tarde,Norte,48.4,2.45,102.8,353,0,-3.05,696098,FW-85A15,0
EQP-30911,3079.1,Diesel,Manha,Oeste,58.6,,82.4,90,0,75.02,994826,FW-6297E,0
EQP-30912,5434.8,Diesel,Tarde,Leste,67.0,2.32,81.2,203,4,27.29,124232,FW-B2590,1
EQP-30913,,Gas_Natural,Tarde,Sul,79.8,3.03,80.9,5,1,47.45,657815,FW-30469,0
EQP-30914,7194.8,Eletrico,Manha,Oeste,55.1,0.68,126.1,163,0,17.67,585015,FW-D7D1D,1
EQP-30915,7485.9,Diesel,Noite,Norte,73.8,2.32,99.7,119,0,-17.76,808162,FW-3BF15,1
EQP-30916,14367.0,Eletrico,Noite,Leste,60.2,11.44,94.3,251,0,-18.25,428041,FW-436A5,1
EQP-30917,3729.0,Eletrico,Noite,Oeste,64.1,10.19,101.6,177,1,18.52,517821,FW-49296,1
EQP-30918,14500.5,Eletrico,Noite,Norte,78.5,5.48,97.8,69,2,-17.9,296339,FW-7C8E9,1
EQP-30919,6290.0,Gas_Natural,Noite,Oeste,74.6,,98.9,308,1,-21.35,103234,FW-AAB0D,1
EQP-30920,4735.2, DIESEL ,Noite,Sul,72.4,0.6,114.6,72,1,-0.6,973788,FW-DAC5B,0
EQP-30921,10698.3,Eletrico,Manha,Sul,69.0,7.02,85.9,27,0,5.43,295256,FW-6E52B,1
EQP-30922,5651.7,diesel,Manha,Leste,78.7,1.12,110.4,255,1,-22.93,898790,FW-DD783,1
EQP-30923,1339.0,Gas_Natural,Tarde,Sul,45.6,2.45,90.3,93,0,71.29,716395,FW-BB362,0
EQP-30924,9035.2,Diesel,Noite,Norte,56.7,12.41,110.3,247,2,13.57,863507,FW-51AD4,1
EQP-30925,3343.2,Diesel,Manha,Leste,75.5,19.22,81.7,321,1,60.1,256051,FW-7A725,1
EQP-30926,3421.0,Diesel,Noite,Leste,65.8,1.71,85.8,116,0,21.83,358821,FW-86627,0
EQP-30927,4334.2,Gas_Natural,Manha,Sul,96.4,10.87,75.4,8,2,2.48,627429,FW-255F1,1
EQP-30928,11733.1,diesel,Manha,Oeste,90.3,3.16,120.1,64,1,-24.33,542939,FW-613C2,1
EQP-30929,4008.2,diesel,Manha,Leste,76.8,14.09,108.5,187,1,1.73,704146,FW-639CF,1
EQP-30930,9114.5,Hibrido,Manha,Oeste,79.4,2.26,108.0,38,0,-19.98,212298,FW-59725,0
EQP-30931,14946.4,diesel,Tarde,Oeste,54.8,5.23,112.2,202,1,18.68,219011,FW-82904,1
EQP-30932,,Gas_Natural,Tarde,Sul,76.7,0.57,93.5,305,2,-20.51,129291,FW-AF329,1
EQP-30933,3337.5, DIESEL ,Manha,Leste,43.1,2.1,109.6,246,1,-59.66,138993,FW-CCF51,0
EQP-30934,14854.8, DIESEL ,Manha,Norte,79.4,4.73,119.4,318,1,-40.13,437242,FW-19E11,1
EQP-30935,7282.4, DIESEL ,Noite,Leste,83.4,9.51,86.2,142,0,-21.42,526436,FW-19996,1
EQP-30936,10282.4,Eletrico,Noite,Leste,92.1,,114.9,205,0,20.39,567832,FW-77F0B,1
EQP-30937,5901.9,Diesel,Manha,Oeste,76.2,10.66,121.2,106,0,25.0,424146,FW-3FE8A,1
EQP-30938,2193.2,Hibrido,Manha,Sul,77.8,4.11,105.1,317,0,40.45,389142,FW-6C667,1
EQP-30939,,Eletrico,Tarde,Norte,85.5,6.2,99.9,115,1,-32.36,596336,FW-63D66,1
EQP-30940,13644.0,Eletrico,Noite,Leste,62.6,1.44,106.9,51,1,41.87,938392,FW-E92DA,1
EQP-30941,12183.1,Hibrido,Tarde,Sul,109.8,1.56,97.1,214,1,7.48,302394,FW-82E18,1
EQP-30942,4896.5,Hibrido,Tarde,Leste,85.0,13.38,106.9,299,0,-26.28,543953,FW-CAAE3,1
EQP-30943,8275.2,Diesel,Manha,Sul,71.1,10.99,105.8,266,0,-31.35,407862,FW-9FDA5,1
EQP-30944,8357.2,Gas_Natural,Manha,Leste,72.8,1.46,112.2,137,2,64.87,655929,FW-6BF05,1
EQP-30945,2666.4,Eletrico,Noite,Norte,85.6,3.03,89.4,270,1,2.43,817043,FW-6BD5F,0
EQP-30946,12682.9,diesel,Manha,Norte,103.7,3.85,94.4,306,0,28.02,967023,FW-EA8D2,1
EQP-30947,2848.4,Hibrido,Manha,Oeste,65.2,1.56,108.2,100,0,-10.46,650124,FW-79353,1
EQP-30948,7482.8,Diesel,Noite,Leste,99.5,3.83,99.5,93,2,-98.13,740771,FW-B5641,1
EQP-30949,1187.4,Diesel,Tarde,Sul,93.6,7.9,146.8,10,0,31.35,238182,FW-266B9,1
EQP-30950,1942.1,Diesel,Manha,Leste,46.8,10.7,90.1,189,1,-28.15,467553,FW-CF208,1
EQP-30951,407.7,Diesel,Noite,Oeste,58.6,0.75,103.8,164,2,-48.83,185521,FW-8D2A9,0
EQP-30952,9189.8,Diesel,Manha,Leste,48.1,8.19,95.1,106,1,61.9,961239,FW-20D26,0
EQP-30953,2098.1,Eletrico,Tarde,Leste,91.5,2.01,106.1,165,0,-35.0,549142,FW-EAC5B,1
EQP-30954,12285.2,Diesel,Manha,Sul,76.8,1.25,89.4,302,0,-4.57,244208,FW-9ADC3,1
EQP-30955,2120.0,Diesel,Manha,Norte,76.1,10.38,86.4,313,2,9.79,439115,FW-4F56C,1
EQP-30956,2733.1,Hibrido,Manha,Norte,47.9,,116.2,191,1,-9.93,954436,FW-95B2D,1
EQP-30957,9942.0,Diesel,Tarde,Oeste,105.0,6.04,99.8,364,0,9.47,734991,FW-8F7B1,1
EQP-30958,6874.6,Diesel,Manha,Leste,80.1,2.91,102.7,127,0,-21.52,610220,FW-DDF94,1
EQP-30959,12876.3,Eletrico,Noite,Leste,35.5,25.95,114.4,54,3,-39.34,139493,FW-38E22,1
EQP-30960,11911.2,Gas_Natural,Noite,Sul,65.2,16.86,124.5,306,2,-39.25,461544,FW-A68B0,1
EQP-30961,1622.3, DIESEL ,Tarde,Oeste,69.4,,87.9,90,3,-19.63,136564,FW-4E233,0
EQP-30962,13552.9,Eletrico,Manha,Norte,67.4,10.76,120.5,364,0,58.61,824614,FW-3A48D,1
EQP-30963,8469.1,Diesel,Noite,Sul,74.2,14.5,77.4,45,0,-62.88,666267,FW-AF5A9,1
EQP-30964,9117.0,Gas_Natural,Manha,Leste,63.7,3.56,88.0,3,0,-28.44,707469,FW-A14A6,0
EQP-30965,7330.0,diesel,Manha,Oeste,80.0,0.6,104.2,289,0,15.64,739682,FW-5AFD8,1
EQP-30966,6445.6,Gas_Natural,Manha,Norte,66.9,4.34,55.1,356,0,-71.07,816992,FW-F0599,1
EQP-30967,2593.8, DIESEL ,Manha,Sul,127.6,2.58,84.5,172,0,-17.91,473155,FW-23326,1
EQP-30968,5584.3,diesel,Manha,Leste,98.2,2.95,102.2,5,0,-0.62,278661,FW-5CFA7,1
EQP-30969,6460.7,Eletrico,Manha,Leste,55.5,2.99,107.1,345,0,-53.31,665399,FW-72DA1,0
EQP-30970,9855.1,Gas_Natural,Manha,Norte,69.0,5.13,84.8,218,1,-51.85,379367,FW-4FBF7,1
EQP-30971,211.3, DIESEL ,Noite,Sul,61.9,13.52,89.7,10,1,-12.28,927309,FW-BD9B6,1
EQP-30972,4000.2,Gas_Natural,Noite,Leste,75.8,7.21,64.3,14,0,67.43,911831,FW-D94D7,1
EQP-30973,2651.5,Eletrico,Manha,Leste,72.2,4.28,99.1,221,0,30.02,340952,FW-E4BF3,0
EQP-30974,12069.7,Diesel,Noite,Norte,60.3,2.78,111.9,68,1,47.53,670650,FW-6F4EB,0
EQP-30975,11585.5,Eletrico,Noite,Norte,40.0,3.49,105.7,224,0,48.35,414535,FW-324DD,1
EQP-30976,12522.2,Hibrido,Tarde,Norte,85.7,1.25,57.5,143,0,-7.32,271087,FW-801A5,1
EQP-30977,8375.1,Eletrico,Noite,Norte,81.1,3.82,99.4,233,2,-13.36,101511,FW-51C25,1
EQP-30978,10731.9,Diesel,Manha,Norte,65.8,1.97,79.1,278,1,1.19,575438,FW-2B280,1
EQP-30979,,diesel,Noite,Norte,91.7,1.26,105.5,114,0,-11.86,171047,FW-736CA,0
EQP-30980,3600.9,Eletrico,Manha,Norte,46.0,4.47,136.4,240,2,-21.97,508596,FW-3E236,0
EQP-30981,976.0,diesel,Manha,Norte,87.7,,125.7,249,2,48.66,256625,FW-84218,1
EQP-30982,3659.2, DIESEL ,Tarde,Oeste,69.9,4.22,108.1,103,2,-30.4,566671,FW-6B326,0
EQP-30983,3723.0,diesel,Tarde,Norte,74.4,3.88,96.3,60,1,-57.21,408773,FW-51824,1
EQP-30984,9881.6, DIESEL ,Tarde,Norte,64.1,1.57,97.0,349,1,52.61,356434,FW-AA3C2,1
EQP-30985,3057.6, DIESEL ,Tarde,Oeste,93.8,1.71,95.4,328,1,-0.83,541035,FW-8DE06,1
EQP-30986,8927.5,Eletrico,Manha,Leste,43.7,8.06,77.6,141,1,-76.3,961028,FW-6DB1B,0
EQP-30987,5803.5, DIESEL ,Noite,Sul,119.6,6.82,122.9,291,0,-27.75,378789,FW-DBF7A,1
EQP-30988,11459.2, DIESEL ,Noite,Oeste,93.3,3.85,111.3,288,1,-28.82,153320,FW-B8D39,1
EQP-30989,12368.7,Diesel,Manha,Sul,59.4,3.31,71.5,146,1,-3.12,421309,FW-4D415,1
EQP-30990,2579.7,diesel,Manha,Oeste,34.5,2.63,98.8,91,0,16.25,861369,FW-C1ED8,0
EQP-30991,8165.6,Eletrico,Tarde,Sul,79.6,0.78,104.1,201,0,-1.09,556554,FW-C304F,1
EQP-30992,13136.7, DIESEL ,Manha,Norte,67.2,10.24,126.3,93,2,-28.09,204544,FW-3D064,1
EQP-30993,7336.6,Gas_Natural,Manha,Norte,73.1,2.63,97.2,270,1,21.6,674077,FW-9270E,1
EQP-30994,2758.1,Hibrido,Tarde,Leste,54.3,4.75,122.4,169,0,-39.38,774209,FW-D8431,0
EQP-30995,14947.7, DIESEL ,Noite,Oeste,119.2,7.21,82.0,21,3,7.05,410918,FW-577E8,1
EQP-30996,4251.2,Hibrido,Noite,Norte,82.0,9.11,135.8,245,0,-15.63,685508,FW-8F9C8,1
EQP-30997,3398.8,Hibrido,Manha,Leste,84.7,3.79,68.8,215,0,-4.21,393027,FW-6A4D9,1
EQP-30998,3149.5,diesel,Manha,Oeste,83.2,1.05,92.1,220,2,27.08,876816,FW-A4D25,1
EQP-30999,3233.8,Eletrico,Manha,Oeste,80.3,1.34,94.5,121,1,74.09,427816,FW-45E60,0
EQP-31000,4243.7, DIESEL ,Manha,Sul,84.3,3.02,67.4,269,1,-14.01,805235,FW-3126D,1
EQP-31001,1478.4,Diesel,Tarde,Norte,70.0,0.74,96.5,14,0,2.36,159442,FW-D51E8,1
EQP-31002,9946.1,Diesel,Manha,Norte,67.4,3.75,125.1,360,3,7.85,713077,FW-2F987,1
EQP-31003,3628.9,Eletrico,Tarde,Sul,83.0,4.15,111.4,296,0,31.55,620183,FW-ECE23,1
EQP-31004,12230.2,Diesel,Tarde,Sul,86.3,1.82,95.1,97,1,-1.22,577579,FW-31E8B,1
EQP-31005,1388.6,Gas_Natural,Noite,Leste,70.9,10.22,87.9,263,1,21.93,890567,FW-1A4B6,1
EQP-31006,7750.8,Hibrido,Manha,Norte,63.3,11.71,84.6,358,1,-89.31,687007,FW-B10BB,1
EQP-31007,8215.0,Hibrido,Tarde,Norte,72.4,4.77,103.8,9,0,13.83,993168,FW-EF787,0
EQP-31008,5734.9,Eletrico,Noite,Norte,59.7,0.69,101.7,321,0,-2.77,333986,FW-622DF,0
EQP-31009,3075.9,Diesel,Tarde,Leste,70.4,3.6,88.0,34,1,7.32,533657,FW-65761,1
EQP-31010,7728.6,Diesel,Noite,Norte,93.1,5.53,110.0,200,0,-12.78,630466,FW-30C8E,1
EQP-31011,11555.1,Diesel,Manha,Leste,65.5,,98.4,182,1,-13.24,882900,FW-BE9DF,1
EQP-31012,7041.6,Eletrico,Manha,Norte,65.6,12.34,115.2,201,2,-11.3,906477,FW-EBE97,1
EQP-31013,1226.8,Eletrico,Manha,Leste,66.0,3.44,94.8,343,0,31.44,387660,FW-D4144,0
EQP-31014,10067.5,Diesel,Manha,Sul,114.0,6.52,82.5,24,0,-13.49,569725,FW-681C1,1
EQP-31015,12606.8,Diesel,Manha,Sul,86.7,2.28,102.6,254,0,-54.9,868499,FW-49F25,1
EQP-31016,4116.0,Diesel,Manha,Oeste,84.6,1.42,101.9,94,0,7.91,761402,FW-5FCE9,1
EQP-31017,4293.4,Eletrico,Tarde,Leste,88.7,12.89,109.6,99,2,-29.44,235590,FW-54A2C,1
EQP-31018,,Gas_Natural,Noite,Sul,52.1,,101.9,70,1,-8.54,690362,FW-EB2DE,1
EQP-31019,11840.4,Eletrico,Tarde,Oeste,71.3,2.11,89.7,312,1,32.75,616771,FW-D7D25,1
EQP-31020,2440.3,Eletrico,Tarde,Sul,95.4,1.83,99.3,1,0,63.71,475412,FW-2434D,0
EQP-31021,6397.7,Gas_Natural,Tarde,Norte,70.7,1.26,85.6,147,2,-6.64,475961,FW-506E2,1
EQP-31022,,Hibrido,Tarde,Norte,54.1,7.65,91.5,197,0,22.12,274958,FW-71C23,1
EQP-31023,14152.4,Gas_Natural,Tarde,Norte,71.3,2.05,112.0,122,0,0.49,403523,FW-5C0F9,0
EQP-31024,,diesel,Manha,Sul,82.3,11.29,111.3,357,0,17.59,890497,FW-711B9,1
EQP-31025,5374.0,Gas_Natural,Manha,Norte,73.4,10.5,110.9,268,2,3.3,294209,FW-D8C09,1
EQP-31026,1235.7,Eletrico,Tarde,Norte,49.6,1.06,89.2,6,1,43.01,995668,FW-4D9B1,0
EQP-31027,6317.6,Diesel,Tarde,Leste,75.9,9.52,113.1,288,2,-19.7,367126,FW-69CB8,1
EQP-31028,11958.2,Eletrico,Manha,Leste,103.1,3.18,74.4,328,1,-10.69,248449,FW-3212D,1
EQP-31029,4374.3,Diesel,Noite,Oeste,91.1,4.62,90.5,125,1,-11.0,834544,FW-9767F,1
EQP-31030,8501.7,Diesel,Noite,Norte,73.8,3.07,113.3,98,2,51.38,765789,FW-86025,0
EQP-31031,5910.4,diesel,Manha,Norte,91.5,10.51,115.3,284,1,-1.72,479134,FW-C8698,1
EQP-31032,5791.7, DIESEL ,Noite,Leste,81.1,6.44,99.9,239,0,32.21,529877,FW-3BAAF,1
EQP-31033,8942.6,Gas_Natural,Manha,Leste,87.7,2.14,136.9,207,0,-9.88,715463,FW-AB2EC,1
EQP-31034,850.0,Eletrico,Tarde,Sul,59.9,9.23,104.0,361,0,-21.04,501617,FW-F23C4,1
EQP-31035,13644.2,Diesel,Manha,Norte,83.8,1.54,90.0,230,2,10.68,310800,FW-9A13C,1
EQP-31036,13284.6,Diesel,Tarde,Norte,74.8,4.74,81.6,31,0,-50.1,622977,FW-18929,0
EQP-31037,10287.2,diesel,Tarde,Oeste,93.1,6.06,97.7,189,0,3.35,417887,FW-96B0A,1
EQP-31038,, DIESEL ,Tarde,Sul,113.0,16.9,97.6,306,1,-0.91,968427,FW-CDE2E,1
EQP-31039,1976.2,Diesel,Manha,Norte,70.3,4.32,102.6,245,1,-0.05,907121,FW-9DDDE,1
EQP-31040,6488.0,Diesel,Manha,Norte,85.5,1.07,106.7,87,1,13.34,704566,FW-1DB5C,1
EQP-31041,13449.7,Diesel,Tarde,Norte,74.2,,127.1,80,1,-3.03,484889,FW-83EDE,1
EQP-31042,2779.0,Eletrico,Manha,Norte,69.6,1.43,86.9,290,2,-9.23,686590,FW-1F581,1
EQP-31043,14863.4, DIESEL ,Tarde,Leste,53.8,0.67,92.0,249,0,57.93,356690,FW-4D02C,1
EQP-31044,8320.1,Eletrico,Tarde,Sul,86.1,9.84,79.8,19,1,-53.59,810442,FW-C69B1,1
EQP-31045,907.2, DIESEL ,Manha,Oeste,84.5,,105.6,145,0,-16.19,393676,FW-D07D6,1
EQP-31046,1891.2,Diesel,Tarde,Sul,73.9,3.42,87.9,151,0,18.8,411985,FW-ECDDD,0
EQP-31047,1442.6,diesel,Noite,Norte,72.5,2.55,101.9,295,0,-15.76,280967,FW-F285B,1
EQP-31048,11326.0,Eletrico,Tarde,Leste,81.3,5.33,91.1,38,0,9.58,106850,FW-5DCF3,1
EQP-31049,622.0,Hibrido,Tarde,Norte,87.1,1.92,93.4,133,1,23.27,959802,FW-AEE0F,1
EQP-31050,10713.0,diesel,Noite,Oeste,80.3,0.69,93.4,273,1,8.47,331465,FW-70A02,1
EQP-31051,7775.5,diesel,Manha,Norte,75.6,5.5,110.7,242,2,-4.7,417972,FW-AC1B6,1
EQP-31052,14926.2,diesel,Manha,Oeste,78.9,2.0,126.0,338,1,3.97,530645,FW-85AB4,1
EQP-31053,1424.7,Eletrico,Tarde,Oeste,106.3,2.03,87.0,287,3,-4.34,867731,FW-D3602,1
EQP-31054,11982.2,Eletrico,Manha,Norte,70.1,3.13,86.5,257,1,39.97,774308,FW-AD956,0
EQP-31055,8620.1,Eletrico,Manha,Norte,53.2,11.48,108.9,321,0,-19.86,904479,FW-32152,1
EQP-31056,14119.6,Gas_Natural,Noite,Sul,84.0,11.39,82.3,275,0,-25.56,728494,FW-BD728,1
EQP-31057,7568.7,Diesel,Manha,Leste,53.3,16.45,86.0,283,0,41.27,620063,FW-EA5A9,1
EQP-31058,1596.0,Hibrido,Manha,Oeste,77.5,1.51,92.6,336,0,-28.46,561237,FW-75EAB,1
EQP-31059,11338.3,Hibrido,Tarde,Leste,86.6,15.07,78.6,223,0,58.3,856711,FW-DDC95,1
EQP-31060,5426.7, DIESEL ,Noite,Oeste,73.7,7.88,101.6,282,1,-26.11,720272,FW-6A56C,1
EQP-31061,5389.5,Hibrido,Tarde,Norte,50.2,,101.7,29,0,12.45,259178,FW-5D3A7,0
EQP-31062,1529.9,diesel,Manha,Oeste,68.5,2.87,90.0,202,1,7.17,275521,FW-E51F9,1
EQP-31063,8126.0,Eletrico,Manha,Leste,60.6,1.09,72.2,268,0,-17.54,716438,FW-8A239,0
EQP-31064,12917.5, DIESEL ,Manha,Norte,53.2,2.61,83.1,158,2,-24.83,606386,FW-86201,0
EQP-31065,9553.9,Eletrico,Tarde,Sul,82.8,9.0,114.1,344,2,-17.93,727622,FW-CD3AC,1
EQP-31066,12136.0,Diesel,Tarde,Norte,77.5,0.91,85.7,163,2,-1.82,272320,FW-3D603,1
EQP-31067,10181.2,Hibrido,Tarde,Oeste,64.5,12.35,97.2,68,0,-37.51,230222,FW-6A739,1
EQP-31068,3127.1,Hibrido,Noite,Oeste,62.3,16.14,75.6,320,1,-22.84,402523,FW-4AC9C,1
EQP-31069,1452.8,Gas_Natural,Tarde,Oeste,72.2,1.09,95.7,104,0,9.9,568157,FW-944B4,1
EQP-31070,1604.4,diesel,Noite,Oeste,85.2,6.87,116.1,336,2,56.9,783403,FW-9C4F8,1
EQP-31071,12420.8,Eletrico,Tarde,Sul,48.5,1.92,118.6,259,0,-22.03,397852,FW-50BFD,1
EQP-31072,9272.7, DIESEL ,Tarde,Sul,65.3,,107.4,84,1,75.82,818241,FW-9AF99,0
EQP-31073,3744.0,diesel,Manha,Norte,52.1,,81.1,47,1,-53.3,677433,FW-B0112,1
EQP-31074,12185.2,Gas_Natural,Manha,Sul,55.7,1.43,104.7,304,1,48.3,114853,FW-81996,1
EQP-31075,9739.0,diesel,Manha,Norte,49.3,3.43,93.3,147,1,-17.93,374937,FW-A7172,1
EQP-31076,9828.2,Eletrico,Tarde,Leste,60.6,17.42,94.9,217,0,-58.95,368631,FW-7CF49,1
EQP-31077,4515.7,Eletrico,Tarde,Sul,61.5,6.12,91.7,279,0,26.64,386317,FW-E99E6,1
EQP-31078,1308.4,Gas_Natural,Tarde,Leste,84.3,0.66,114.4,195,0,23.76,697065,FW-7FFD2,0
EQP-31079,7044.0,Eletrico,Manha,Norte,61.9,6.36,90.8,174,1,-14.27,246833,FW-3D7E8,1
EQP-31080,5413.2,Eletrico,Tarde,Sul,98.6,8.01,73.6,255,2,10.31,189202,FW-24B64,1
EQP-31081,7181.9,Hibrido,Manha,Sul,68.5,1.97,75.8,303,2,-0.32,643758,FW-ADBE5,1
EQP-31082,3023.7, DIESEL ,Manha,Sul,93.7,17.08,91.8,18,1,25.11,698795,FW-A4F6B,1
EQP-31083,682.0,Eletrico,Manha,Oeste,79.0,0.61,114.7,67,0,28.0,436829,FW-5D391,0
EQP-31084,1907.4,Eletrico,Manha,Leste,83.0,1.06,70.3,91,0,-21.36,276700,FW-D189B,0
EQP-31085,8954.4,diesel,Manha,Sul,50.4,2.77,78.2,189,0,26.29,385416,FW-52165,0
EQP-31086,11346.4,Eletrico,Tarde,Norte,69.0,3.88,113.7,197,1,-41.35,385318,FW-3597B,1
EQP-31087,817.1,Eletrico,Noite,Norte,65.2,2.63,121.4,228,0,1.99,849834,FW-D4720,0
EQP-31088,12571.3,Eletrico,Tarde,Sul,62.0,1.55,104.3,359,1,-24.07,910833,FW-6A1B5,1
EQP-31089,111.9, DIESEL ,Tarde,Sul,66.7,2.43,106.3,222,0,81.18,691557,FW-5762B,0
EQP-31090,6909.2,Gas_Natural,Tarde,Leste,96.7,,92.3,298,2,-29.33,988724,FW-E5216,1
EQP-31091,890.5,Gas_Natural,Tarde,Leste,55.9,7.91,110.3,261,1,34.91,170737,FW-E64BA,1
EQP-31092,1722.3, DIESEL ,Manha,Leste,66.2,2.12,97.6,81,2,19.34,927158,FW-B712E,1
EQP-31093,7513.0,Diesel,Noite,Norte,88.7,7.67,99.7,222,1,52.64,254583,FW-52098,1
EQP-31094,10631.5,diesel,Manha,Norte,70.6,6.13,91.6,290,3,-2.11,866876,FW-9CA1A,1
EQP-31095,11259.1,Diesel,Manha,Oeste,83.9,9.47,97.0,305,0,57.65,358898,FW-18744,1
EQP-31096,13335.7,Diesel,Tarde,Sul,47.2,4.58,78.4,234,0,21.57,485975,FW-997E8,1
EQP-31097,8799.3, DIESEL ,Manha,Sul,70.8,10.76,86.9,63,0,8.96,656452,FW-8A077,1
EQP-31098,7643.3,Gas_Natural,Tarde,Norte,73.9,1.19,94.2,51,0,-23.17,763073,FW-5721E,0
EQP-31099,6519.4,Eletrico,Manha,Sul,70.5,10.23,83.4,135,1,39.52,951878,FW-988A3,1
EQP-31100,5890.5,Diesel,Noite,Norte,78.0,15.41,77.8,338,0,-6.84,107197,FW-6605A,1
EQP-31101,9429.7,Diesel,Tarde,Oeste,64.1,1.56,81.1,362,0,45.99,989234,FW-9F3DC,1
EQP-31102,7794.0,Hibrido,Tarde,Sul,75.8,14.23,87.7,347,1,14.86,309364,FW-8564F,1
EQP-31103,14282.5,Hibrido,Tarde,Oeste,98.7,20.39,106.5,335,0,-77.38,413295,FW-36E1B,1
EQP-31104,7520.9,Diesel,Manha,Oeste,79.9,4.83,73.6,307,0,23.18,839720,FW-7F792,1
EQP-31105,12486.7,Hibrido,Noite,Leste,98.3,0.91,105.0,44,2,27.68,156356,FW-E0461,0
EQP-31106,2966.0,Eletrico,Noite,Leste,76.1,0.58,134.4,253,1,-24.81,197915,FW-CDD82,1
EQP-31107,12766.6,Diesel,Noite,Oeste,102.0,8.36,96.1,192,1,-32.25,992502,FW-CF800,1
EQP-31108,8548.9, DIESEL ,Manha,Leste,100.2,5.53,99.0,207,0,-16.79,804478,FW-C2DCA,1
EQP-31109,12116.1,Diesel,Noite,Leste,68.2,6.07,100.9,180,1,13.26,571054,FW-38CC7,1
EQP-31110,6607.7,Eletrico,Manha,Norte,81.3,2.11,119.2,327,0,43.17,350217,FW-4EA44,1
EQP-31111,11634.9,Diesel,Tarde,Sul,56.4,7.33,82.5,187,0,-34.56,350488,FW-62F90,1
EQP-31112,656.9,Gas_Natural,Manha,Sul,95.2,11.2,93.5,338,2,42.78,171865,FW-8400A,1
EQP-31113,5714.4,Hibrido,Tarde,Norte,87.5,1.09,92.9,46,3,10.48,311934,FW-81651,1
EQP-31114,7624.1,Eletrico,Tarde,Norte,96.9,8.53,104.6,189,0,-35.13,168506,FW-3254A,1
EQP-31115,5957.8,Diesel,Tarde,Norte,48.9,6.21,142.5,329,2,-48.51,828460,FW-1D5E5,1
EQP-31116,7077.5,Eletrico,Noite,Leste,56.3,,103.5,326,1,-26.88,817729,FW-F0EF6,1
EQP-31117,9560.3,Hibrido,Manha,Norte,111.1,2.75,101.4,21,0,43.13,980339,FW-C03E3,1
EQP-31118,8456.6,Eletrico,Tarde,Leste,53.3,4.08,94.9,319,0,-48.46,118791,FW-DE1EA,0
EQP-31119,883.8,Eletrico,Tarde,Norte,86.8,,99.7,200,0,21.85,156561,FW-C2C97,1
EQP-31120,8297.0,Diesel,Tarde,Sul,39.7,0.7,89.0,30,0,-17.9,149369,FW-5A1D8,0
EQP-31121,7450.7, DIESEL ,Noite,Sul,81.4,18.19,104.2,321,3,18.76,161997,FW-D2172,1
EQP-31122,5909.5,Eletrico,Tarde,Oeste,95.2,,75.5,304,1,-35.55,973985,FW-D193F,1
EQP-31123,2249.9,Eletrico,Tarde,Leste,107.5,0.92,83.6,77,2,64.9,832455,FW-24A4B,1
EQP-31124,12646.7,Hibrido,Manha,Sul,27.9,4.8,86.2,73,1,-50.61,900380,FW-479F4,0
EQP-31125,9988.4,diesel,Manha,Oeste,62.8,5.11,116.3,171,3,20.32,194261,FW-DE0D4,1
EQP-31126,6940.9,diesel,Manha,Norte,114.6,12.41,123.8,288,1,-21.67,709411,FW-82B88,1
EQP-31127,11789.2,Diesel,Noite,Norte,76.3,5.14,97.6,56,0,-0.87,551303,FW-328FC,1
EQP-31128,14026.3,Diesel,Manha,Leste,39.5,6.15,58.9,153,2,49.5,819878,FW-678CA,1
EQP-31129,6948.4, DIESEL ,Noite,Norte,69.1,2.69,89.2,338,2,5.79,299149,FW-F1CC4,1
EQP-31130,6296.6,Eletrico,Manha,Oeste,65.0,5.71,108.6,215,0,-35.84,289827,FW-ECC74,1
EQP-31131,8553.7,Diesel,Manha,Norte,59.1,10.9,105.4,210,1,-12.44,676768,FW-C7B36,1
EQP-31132,9726.3, DIESEL ,Manha,Sul,49.2,2.2,71.2,37,1,0.95,155708,FW-B8DFA,0
EQP-31133,11218.1,Eletrico,Noite,Leste,68.3,0.8,88.7,210,1,-53.58,315539,FW-8B4AB,1
EQP-31134,9808.9,Hibrido,Tarde,Leste,40.8,1.7,111.3,247,3,26.58,141903,FW-B2618,1
EQP-31135,4593.7,Diesel,Manha,Norte,72.8,1.88,90.3,280,1,64.59,414189,FW-983CC,1
EQP-31136,799.2,Diesel,Tarde,Leste,57.9,0.72,116.4,297,0,-13.68,140762,FW-F2472,0
EQP-31137,12755.8,Diesel,Manha,Sul,76.0,1.78,104.6,157,0,-6.1,661214,FW-50B59,1
EQP-31138,1877.6,diesel,Tarde,Sul,75.2,3.74,62.8,223,1,-32.67,928215,FW-49F8B,0
EQP-31139,6589.7, DIESEL ,Noite,Sul,62.8,2.78,101.3,33,2,-12.9,684139,FW-998BB,1
EQP-31140,2134.2,Diesel,Manha,Sul,63.0,5.52,65.5,319,1,-35.44,775704,FW-38B32,1
EQP-31141,8319.0,Gas_Natural,Tarde,Leste,56.4,2.93,93.7,267,3,-41.41,833207,FW-94BF3,1
EQP-31142,266.0,Hibrido,Tarde,Norte,56.4,,104.3,30,0,-5.49,365429,FW-E62BF,0
EQP-31143,,Diesel,Noite,Norte,71.5,0.53,102.1,241,1,-106.28,873046,FW-83B61,1
EQP-31144,3110.0,diesel,Manha,Oeste,88.8,1.83,89.7,41,0,22.49,417501,FW-29610,0
EQP-31145,1623.4, DIESEL ,Manha,Oeste,76.0,3.93,128.1,18,0,-21.15,200164,FW-CD9BB,0
EQP-31146,8765.9,Eletrico,Tarde,Norte,54.9,2.28,70.2,290,1,-9.96,478815,FW-1C998,1
EQP-31147,3581.3,Eletrico,Tarde,Norte,84.7,2.2,93.2,331,0,21.58,354929,FW-ED805,1
EQP-31148,4472.8,Diesel,Tarde,Sul,103.8,4.43,124.6,255,1,99.73,634182,FW-720B4,1
EQP-31149,,Diesel,Tarde,Norte,108.4,1.9,96.9,332,1,-62.17,576534,FW-D4860,1
EQP-31150,12415.6, DIESEL ,Tarde,Norte,75.5,8.88,82.0,272,2,-26.93,911481,FW-45B2E,1
EQP-31151,8376.1,diesel,Tarde,Oeste,93.5,5.58,100.1,315,0,-16.33,302843,FW-1E490,1
EQP-31152,13179.4,Diesel,Manha,Leste,99.3,4.87,76.2,177,0,45.67,914669,FW-4C1CA,1
EQP-31153,7423.1,Eletrico,Noite,Norte,73.8,2.31,83.4,187,2,29.52,575934,FW-84630,1
EQP-31154,3401.0,Eletrico,Manha,Sul,61.4,0.65,94.3,100,1,-43.31,521127,FW-26BBF,1
EQP-31155,7420.7,Hibrido,Tarde,Sul,116.1,6.54,100.5,68,0,-53.2,198550,FW-D97B0,1
EQP-31156,13270.8,Diesel,Manha,Sul,73.6,11.9,89.5,284,3,-38.59,837926,FW-61013,1
EQP-31157,1676.7, DIESEL ,Tarde,Oeste,74.9,2.96,96.5,224,1,1.53,645731,FW-9EE9A,0
EQP-31158,5465.8,diesel,Noite,Oeste,58.3,2.29,88.0,114,2,33.1,673806,FW-5ED4E,0
EQP-31159,11489.0,Eletrico,Manha,Norte,90.1,9.7,122.1,123,1,-58.03,915408,FW-8CAEA,1
EQP-31160,5956.8,Eletrico,Tarde,Sul,68.6,2.96,95.3,104,1,46.53,675578,FW-C6DA9,1
EQP-31161,10360.4,Eletrico,Manha,Sul,54.4,1.09,123.7,82,2,-20.19,309910,FW-DABBB,0
EQP-31162,8276.8,Gas_Natural,Tarde,Leste,66.1,2.49,85.5,325,0,-10.28,812961,FW-22894,1
EQP-31163,9742.2, DIESEL ,Noite,Norte,93.8,2.01,84.0,85,1,49.22,531242,FW-40ED1,1
EQP-31164,5411.7,Gas_Natural,Noite,Norte,107.3,7.4,106.5,278,0,-46.86,116559,FW-68F16,1
EQP-31165,13429.1,Diesel,Manha,Sul,91.4,5.81,108.1,42,1,12.91,544038,FW-E2B6A,1
EQP-31166,6894.6,Gas_Natural,Noite,Norte,108.2,6.02,76.8,209,0,-4.98,729609,FW-19BAE,1
EQP-31167,, DIESEL ,Noite,Oeste,88.3,2.35,73.1,202,0,-61.26,820989,FW-2B382,1
EQP-31168,2533.6,Diesel,Noite,Sul,41.7,5.22,83.6,142,1,100.79,380779,FW-ED23F,0
EQP-31169,1554.9,Diesel,Tarde,Norte,78.2,1.48,115.2,118,0,-44.03,112087,FW-D5B2D,0
EQP-31170,6965.5,Diesel,Tarde,Norte,95.3,3.04,93.0,335,1,18.09,857637,FW-87C72,1
EQP-31171,4371.8,Diesel,Manha,Sul,103.2,2.45,89.9,113,1,34.28,951616,FW-A3BFE,1
EQP-31172,9875.2,Diesel,Tarde,Norte,55.4,1.79,97.0,40,1,26.73,964971,FW-E65AE,0
EQP-31173,9349.9,diesel,Manha,Norte,90.2,1.82,116.8,150,3,-50.77,520612,FW-6894A,1
EQP-31174,14499.1,Diesel,Tarde,Norte,77.1,9.04,106.7,299,0,25.78,117707,FW-CA48A,1
EQP-31175,13284.5,Gas_Natural,Manha,Leste,64.2,,77.8,291,0,61.73,404077,FW-64229,1
EQP-31176,5044.6,Diesel,Noite,Oeste,96.6,6.07,117.3,182,3,-19.73,128894,FW-84B89,1
EQP-31177,13626.2,Diesel,Tarde,Oeste,67.8,4.65,101.7,108,1,-3.73,163024,FW-46D14,1
EQP-31178,9629.8, DIESEL ,Manha,Oeste,67.8,7.53,104.2,43,1,17.94,593753,FW-DFEB9,1
EQP-31179,13947.2,Hibrido,Noite,Norte,92.9,,93.9,257,1,4.3,373778,FW-77831,1
EQP-31180,12893.8,Gas_Natural,Manha,Oeste,62.2,1.68,126.3,154,1,18.65,602893,FW-2462E,1
EQP-31181,6853.3,Eletrico,Tarde,Sul,79.0,0.88,110.6,150,1,-40.17,753811,FW-AFF8C,1
EQP-31182,12239.1,diesel,Tarde,Sul,63.9,4.02,92.2,204,0,35.59,292249,FW-3625C,1
EQP-31183,2916.4,Hibrido,Tarde,Norte,69.7,6.34,109.4,81,1,-17.57,789585,FW-989F6,0
EQP-31184,6741.9,Diesel,Tarde,Leste,64.3,0.63,68.4,40,0,-13.02,575306,FW-21DFC,0
EQP-31185,334.9,Eletrico,Noite,Leste,68.3,1.97,68.8,86,0,40.69,841806,FW-4B80F,0
EQP-31186,14671.1,Hibrido,Tarde,Leste,82.0,3.97,115.0,28,0,41.34,155980,FW-C0091,1
EQP-31187,855.5,Gas_Natural,Manha,Norte,64.2,0.5,115.7,262,2,3.07,423686,FW-E6C99,1
EQP-31188,3530.0, DIESEL ,Tarde,Leste,87.0,3.26,95.7,172,2,-27.64,927228,FW-AE21D,1
EQP-31189,6698.2,Hibrido,Tarde,Sul,73.0,1.15,92.5,122,1,-15.3,171567,FW-F0B71,1
EQP-31190,10842.3,Diesel,Tarde,Oeste,79.3,0.64,116.7,116,0,-31.57,199472,FW-C17D7,1
EQP-31191,12399.6,Hibrido,Manha,Oeste,55.4,2.12,98.3,363,0,13.1,471048,FW-AB8EB,1
EQP-31192,1560.9,Diesel,Noite,Oeste,67.8,2.2,85.9,122,1,-65.92,813644,FW-44882,1
EQP-31193,,Gas_Natural,Noite,Norte,76.7,,89.5,132,0,38.01,396636,FW-F0188,0
EQP-31194,2313.3,Diesel,Manha,Leste,96.0,4.01,115.2,238,1,-77.14,166096,FW-3ADDB,1
EQP-31195,5200.5,Eletrico,Tarde,Sul,86.3,6.24,116.2,152,2,-31.81,152905,FW-458E4,1
EQP-31196,9410.0, DIESEL ,Manha,Norte,108.7,3.92,94.5,99,0,-34.03,976018,FW-ED8F0,1
EQP-31197,12535.6,Diesel,Noite,Norte,68.5,1.42,81.6,84,0,-76.89,628851,FW-258FA,1
EQP-31198,937.6,Diesel,Tarde,Norte,80.8,7.5,77.8,282,0,-8.15,631405,FW-6F460,1
EQP-31199,736.8,Hibrido,Manha,Sul,73.7,25.98,95.3,232,0,-0.05,597523,FW-20B70,1
EQP-31200,11464.3,Eletrico,Noite,Oeste,70.5,13.89,77.3,107,4,23.04,315585,FW-D0FE6,1
EQP-31201,8238.6,diesel,Noite,Sul,52.7,6.12,113.7,269,0,44.41,202314,FW-E55E8,1
EQP-31202,2926.6,Eletrico,Noite,Norte,67.2,7.31,112.5,230,2,61.57,742979,FW-26179,1
EQP-31203,3381.6,Eletrico,Tarde,Sul,49.2,1.96,123.8,93,0,9.8,306593,FW-D7224,0
EQP-31204,2754.0, DIESEL ,Manha,Leste,94.6,4.76,83.6,323,0,48.44,556371,FW-A0F59,1
EQP-31205,1393.8,Diesel,Noite,Norte,49.5,2.17,90.5,284,1,-49.34,812048,FW-68EAA,0
EQP-31206,4853.4, DIESEL ,Noite,Norte,92.1,4.99,66.3,60,1,-7.34,613291,FW-C106C,1
EQP-31207,14861.5,Eletrico,Noite,Sul,76.9,1.47,107.1,71,0,-16.68,498099,FW-59971,1
EQP-31208,546.4, DIESEL ,Noite,Leste,80.2,10.48,103.7,295,0,-10.52,892476,FW-7E5A0,1
EQP-31209,12058.6,diesel,Tarde,Norte,88.5,3.45,109.4,290,0,-22.34,595912,FW-41193,1
EQP-31210,7276.0,Diesel,Tarde,Norte,89.0,11.4,89.1,73,1,0.6,327534,FW-BEA19,1
EQP-31211,13541.5,Eletrico,Tarde,Leste,96.5,5.34,106.5,273,1,-14.84,805474,FW-1F88C,1
EQP-31212,11166.1,Eletrico,Manha,Norte,80.5,1.59,100.8,138,0,-2.48,100203,FW-54660,1
EQP-31213,7267.3,diesel,Noite,Leste,115.2,5.32,96.4,157,3,49.49,812045,FW-D29E7,1
EQP-31214,13745.5,diesel,Manha,Oeste,55.9,3.3,102.7,187,0,-18.05,159345,FW-D2656,1
EQP-31215,3269.3,Diesel,Noite,Norte,85.1,6.63,98.4,299,3,5.15,296992,FW-CBAEC,1
EQP-31216,13461.4,Gas_Natural,Manha,Leste,42.4,4.47,93.9,356,0,-25.32,259186,FW-53EF6,0
EQP-31217,10934.7,diesel,Noite,Sul,91.6,2.59,110.1,123,0,33.01,631130,FW-DD737,1
EQP-31218,2108.0,Gas_Natural,Manha,Leste,77.1,11.76,75.0,2,0,34.81,293898,FW-4C451,0
EQP-31219,3984.6,Diesel,Manha,Norte,80.4,6.35,64.9,363,0,-0.37,848496,FW-D74DC,1
EQP-31220,8459.8, DIESEL ,Tarde,Sul,46.4,9.45,65.3,215,0,34.87,829720,FW-A0167,1
EQP-31221,8072.6,Hibrido,Noite,Leste,57.2,4.21,111.2,135,2,37.59,310303,FW-7F7BF,1
EQP-31222,6297.5,Diesel,Manha,Sul,45.2,0.8,116.3,186,0,29.71,389175,FW-1D69F,0
EQP-31223,14298.8, DIESEL ,Noite,Oeste,93.8,12.92,91.2,363,0,-35.56,954276,FW-C10DB,1
EQP-31224,6511.3,Gas_Natural,Noite,Norte,81.5,0.87,88.3,8,1,35.71,737540,FW-A2D9A,0
EQP-31225,11124.2,Hibrido,Tarde,Norte,93.2,2.08,112.4,188,1,-26.27,775271,FW-BC340,1
EQP-31226,6109.9,Diesel,Noite,Oeste,57.0,,96.1,296,2,-61.5,471159,FW-4BBF0,1
EQP-31227,128.1,Eletrico,Tarde,Norte,40.8,2.78,78.3,213,1,14.37,330780,FW-89841,0
EQP-31228,8561.8,Diesel,Tarde,Norte,38.3,7.02,108.3,173,4,-25.11,814631,FW-2FA18,0
EQP-31229,1563.8,Diesel,Tarde,Oeste,18.8,9.99,112.6,335,1,32.67,651487,FW-816FF,1
EQP-31230,,diesel,Noite,Sul,74.3,1.31,110.2,54,0,7.26,157401,FW-C7D77,1
EQP-31231,5651.2,diesel,Tarde,Norte,115.7,10.8,94.7,31,3,-40.19,618345,FW-39B2F,1
EQP-31232,14254.1,diesel,Manha,Sul,81.2,1.4,81.9,114,0,17.62,472028,FW-C44F4,1
EQP-31233,7420.3,Eletrico,Noite,Oeste,73.9,1.02,95.3,196,0,-7.53,578031,FW-E221B,1
EQP-31234,7911.4,Eletrico,Manha,Norte,99.8,4.94,95.2,174,0,-52.14,823039,FW-5D624,1
EQP-31235,8722.3, DIESEL ,Manha,Oeste,35.9,0.93,124.5,194,0,-42.98,435070,FW-3F996,0
EQP-31236,7184.7, DIESEL ,Noite,Oeste,88.8,7.4,70.3,12,1,28.4,335260,FW-CBA14,1
EQP-31237,3181.5,Eletrico,Noite,Norte,86.8,2.24,99.0,181,0,5.06,321715,FW-301C1,1
EQP-31238,11895.8,Hibrido,Manha,Norte,90.5,6.43,71.1,104,1,-19.22,111083,FW-985F3,1
EQP-31239,2522.1,Diesel,Manha,Norte,75.2,0.57,94.3,328,1,-19.19,214382,FW-B8A45,1
EQP-31240,13837.0,Diesel,Manha,Oeste,96.0,7.36,112.3,148,1,-26.18,527317,FW-227FE,1
EQP-31241,,diesel,Tarde,Sul,60.7,14.74,95.1,335,0,-43.95,353186,FW-8B86F,1
EQP-31242,10697.6,Eletrico,Manha,Leste,83.0,10.57,95.8,228,1,37.51,887800,FW-C25C6,1
EQP-31243,1623.6,diesel,Tarde,Norte,83.5,1.23,104.1,18,0,43.74,890808,FW-795B4,0
EQP-31244,11532.5,Diesel,Tarde,Sul,110.3,17.02,96.4,44,1,-46.77,960035,FW-BFA51,1
EQP-31245,1844.1,Diesel,Noite,Sul,75.7,2.95,76.6,269,0,18.63,792392,FW-79D36,1
EQP-31246,11535.9,Eletrico,Manha,Leste,75.3,4.16,127.2,199,0,-73.54,912314,FW-A2339,1
EQP-31247,5580.8,Diesel,Manha,Oeste,86.4,,114.1,169,1,-23.43,362082,FW-47721,0
EQP-31248,8125.2,Eletrico,Tarde,Leste,89.3,,104.2,31,1,-1.86,225676,FW-7F5C5,1
EQP-31249,2812.1,Hibrido,Tarde,Leste,99.4,15.42,85.5,127,1,0.14,895033,FW-A7585,1
EQP-31250,12902.4,Eletrico,Tarde,Sul,51.9,2.87,116.0,51,0,-3.22,350695,FW-9F036,1
EQP-31251,10695.7,Hibrido,Tarde,Leste,57.6,6.78,103.6,17,1,69.75,877266,FW-BAC4C,1
EQP-31252,1801.8, DIESEL ,Noite,Norte,54.8,3.38,70.4,293,1,47.49,642086,FW-4C91E,0
EQP-31253,14142.6,Hibrido,Tarde,Sul,40.2,1.17,101.5,319,1,-30.75,258683,FW-97140,1
EQP-31254,,Hibrido,Manha,Sul,97.8,1.22,114.2,130,0,-24.32,215238,FW-D28B5,1
EQP-31255,10579.2,Gas_Natural,Noite,Sul,95.7,2.23,129.7,129,1,-11.84,827626,FW-58417,1
EQP-31256,9129.6,Gas_Natural,Noite,Norte,86.1,2.59,79.7,255,0,28.74,470882,FW-46791,1
EQP-31257,12266.7,diesel,Noite,Leste,118.6,9.86,84.5,317,2,71.55,691108,FW-24B84,1
EQP-31258,4609.7, DIESEL ,Tarde,Leste,71.3,3.8,123.8,252,0,-9.59,197827,FW-4764A,1
EQP-31259,13139.5,Gas_Natural,Noite,Oeste,41.2,4.69,96.5,345,0,27.87,987204,FW-4DD22,1
EQP-31260,6331.5, DIESEL ,Tarde,Norte,50.7,11.09,92.6,142,3,-9.28,877523,FW-ED39B,1
EQP-31261,580.6,Gas_Natural,Tarde,Norte,49.5,1.36,111.4,121,1,-35.25,956161,FW-904FA,0
EQP-31262,12622.0,Gas_Natural,Noite,Leste,62.5,,80.7,313,0,25.28,560018,FW-F054A,1
EQP-31263,9640.1,Diesel,Tarde,Oeste,59.5,2.87,123.4,127,1,45.42,631010,FW-9CD5D,1
EQP-31264,13582.2,Eletrico,Manha,Leste,99.2,2.54,134.8,299,0,64.98,384602,FW-849DF,1
EQP-31265,7975.7,Diesel,Manha,Norte,89.6,8.36,91.9,132,0,36.74,819679,FW-991E2,1
EQP-31266,11372.5,Diesel,Noite,Leste,78.6,2.04,111.2,150,1,-4.67,223168,FW-987D3,1
EQP-31267,14961.4,diesel,Tarde,Norte,78.0,6.69,89.7,75,2,10.12,814866,FW-78E6A,1
EQP-31268,132.9,Gas_Natural,Tarde,Norte,84.7,1.65,85.6,170,1,-12.75,295883,FW-86A55,1
EQP-31269,,Diesel,Noite,Sul,70.5,2.49,79.6,190,0,19.84,986302,FW-45116,0
EQP-31270,1241.4,Diesel,Tarde,Oeste,58.5,8.61,101.6,267,0,-4.31,116183,FW-F2D56,1
EQP-31271,,Gas_Natural,Noite,Norte,69.9,13.98,95.6,87,2,-38.71,120014,FW-62130,1
EQP-31272,8273.4, DIESEL ,Manha,Leste,84.2,5.56,67.6,204,0,10.8,499494,FW-A1744,1
EQP-31273,9637.6,Diesel,Tarde,Norte,132.9,9.03,107.3,180,2,1.95,840339,FW-636BE,1
EQP-31274,4884.4, DIESEL ,Noite,Leste,90.2,2.39,96.5,237,0,-0.53,811704,FW-26691,0
EQP-31275,9751.9,Diesel,Manha,Norte,60.9,4.11,111.6,108,2,-10.62,279512,FW-4A0AB,0
EQP-31276,13250.8,Hibrido,Tarde,Sul,65.6,,93.6,182,1,22.26,548145,FW-67CBB,1
EQP-31277,775.2,diesel,Noite,Sul,83.1,15.23,99.2,158,0,-38.06,845653,FW-79F00,1
EQP-31278,2176.5,Hibrido,Manha,Oeste,66.7,3.5,80.7,114,1,13.81,531163,FW-190C5,0
EQP-31279,5221.1, DIESEL ,Manha,Norte,54.0,0.7,112.6,42,1,16.78,880084,FW-8DC94,0
EQP-31280,4194.4,Hibrido,Tarde,Norte,90.7,8.43,92.0,125,1,44.5,754878,FW-8E3E0,1
EQP-31281,13662.1, DIESEL ,Manha,Leste,55.7,0.78,120.7,279,1,7.66,159028,FW-E7229,1
EQP-31282,1741.9,Eletrico,Tarde,Norte,75.9,10.48,92.2,287,1,-15.22,780377,FW-B58F7,1
EQP-31283,,Hibrido,Tarde,Sul,91.9,1.97,100.0,198,1,-17.67,884574,FW-24EAB,1
EQP-31284,13775.7,Eletrico,Tarde,Sul,65.8,5.44,90.9,43,0,-20.28,151352,FW-DAC95,1
EQP-31285,5341.5,Hibrido,Tarde,Sul,82.7,1.16,101.4,134,1,29.78,995900,FW-CF6A2,1
EQP-31286,2873.6,Gas_Natural,Noite,Leste,90.2,7.43,107.5,16,0,24.91,576703,FW-86D66,0
EQP-31287,5536.0,Diesel,Noite,Oeste,47.1,8.09,92.4,128,1,-92.49,488681,FW-D85D4,1
EQP-31288,14135.5,Eletrico,Noite,Sul,72.1,16.91,106.3,132,0,-53.08,992759,FW-906DD,1
EQP-31289,5275.3,Hibrido,Manha,Leste,85.0,5.56,110.2,3,3,-34.42,377847,FW-EFE06,1
EQP-31290,6999.3,Diesel,Tarde,Sul,82.7,4.22,111.5,173,1,-9.37,906891,FW-8F274,1
EQP-31291,11406.8,Diesel,Noite,Norte,54.0,11.43,119.7,216,0,23.63,186383,FW-6F1A8,1
EQP-31292,14693.3,Diesel,Manha,Norte,99.7,1.89,89.3,203,0,2.56,593317,FW-D1421,1
EQP-31293,2464.8,Diesel,Noite,Norte,88.9,12.69,86.1,24,0,22.17,836377,FW-EADD1,1
EQP-31294,12821.9,Diesel,Tarde,Norte,96.0,3.81,101.9,321,2,-11.8,450108,FW-B401B,1
EQP-31295,7692.0, DIESEL ,Tarde,Oeste,111.3,0.75,103.6,344,1,-2.83,937814,FW-52B86,1
EQP-31296,7677.2,diesel,Noite,Norte,66.2,6.17,119.0,191,1,65.3,466561,FW-6BB3F,1
EQP-31297,,Eletrico,Tarde,Norte,49.1,2.19,112.1,344,1,-10.56,934396,FW-29069,1
EQP-31298,2970.9,diesel,Manha,Oeste,80.8,6.41,98.1,332,0,10.36,840563,FW-7894D,1
EQP-31299,6224.7,Hibrido,Noite,Sul,85.2,7.18,97.9,345,1,1.46,895750,FW-8C954,1
EQP-31300,11135.5,Eletrico,Noite,Leste,108.3,,103.6,310,1,36.09,320440,FW-F31BA,1
EQP-31301,8677.1,Diesel,Manha,Sul,69.3,6.73,122.5,349,0,-38.48,938049,FW-A45B2,1
EQP-31302,714.3, DIESEL ,Manha,Leste,56.3,0.92,119.3,290,2,6.23,540575,FW-8B719,1
EQP-31303,10089.6,Diesel,Tarde,Sul,88.4,2.17,110.8,145,0,-19.68,629792,FW-83B40,1
EQP-31304,9689.3,Eletrico,Manha,Sul,80.5,3.04,98.5,294,1,75.51,739944,FW-C394A,1
EQP-31305,7102.2,Hibrido,Noite,Oeste,63.5,1.18,62.8,56,1,45.49,669249,FW-56235,0
EQP-31306,13771.0,Hibrido,Noite,Leste,80.8,1.22,99.0,332,0,3.75,118903,FW-B48CB,0
EQP-31307,14055.2,Eletrico,Manha,Leste,76.8,8.24,126.0,320,1,-2.62,543331,FW-6C98C,1
EQP-31308,7228.3,Hibrido,Noite,Leste,54.0,5.89,111.6,35,1,-28.56,336548,FW-99BF9,0
EQP-31309,6971.0,diesel,Manha,Oeste,80.3,1.85,105.9,247,0,-8.95,701845,FW-824AE,1
EQP-31310,13907.3,Diesel,Manha,Sul,65.0,7.58,130.2,76,1,-6.35,293173,FW-2135F,1
EQP-31311,13427.0,Diesel,Manha,Leste,79.1,4.85,109.8,28,2,1.61,407336,FW-3826B,1
EQP-31312,4487.3,Diesel,Manha,Leste,82.5,6.05,93.4,113,1,1.86,120862,FW-6FF30,1
EQP-31313,6863.4,diesel,Tarde,Norte,86.9,1.77,108.7,345,0,-10.7,165835,FW-90AF6,1
EQP-31314,14909.1, DIESEL ,Noite,Oeste,51.7,1.76,86.4,351,0,-24.56,367776,FW-E3824,1
EQP-31315,1739.1, DIESEL ,Manha,Sul,73.0,11.46,89.2,352,0,-17.61,526419,FW-EFB8B,1
EQP-31316,3685.1,Eletrico,Noite,Norte,84.5,1.6,86.3,40,1,16.42,691490,FW-AEF6A,1
EQP-31317,10371.0,Eletrico,Noite,Oeste,81.7,12.1,120.4,56,0,-16.68,503895,FW-F16D1,1
EQP-31318,8938.0,Diesel,Noite,Sul,50.9,,131.9,169,3,-5.58,139976,FW-AAF9E,1
EQP-31319,,diesel,Noite,Norte,48.4,4.21,85.7,9,1,46.46,182167,FW-97983,1
EQP-31320,335.8,diesel,Manha,Leste,78.7,6.82,114.2,329,0,-4.54,853721,FW-8F34D,1
EQP-31321,3670.6, DIESEL ,Tarde,Norte,75.8,1.05,110.4,27,1,3.42,326863,FW-C6D5E,0
EQP-31322,6976.5,Eletrico,Tarde,Oeste,20.3,3.34,89.5,308,3,60.35,692635,FW-2D732,0
EQP-31323,2022.8,Diesel,Noite,Norte,98.8,2.41,87.9,62,0,-18.88,626096,FW-2124F,1
EQP-31324,13728.9,Eletrico,Noite,Oeste,66.3,4.06,110.3,213,0,-7.33,605542,FW-A5A4C,1
EQP-31325,7761.0,Gas_Natural,Manha,Leste,89.6,18.18,114.0,194,0,-26.06,542423,FW-9D6B7,1
EQP-31326,13280.6,Diesel,Manha,Oeste,93.9,1.91,88.1,276,2,-0.05,113682,FW-AD468,1
EQP-31327,8845.1,diesel,Tarde,Leste,35.1,10.63,85.2,309,0,-2.3,745380,FW-D1562,1
EQP-31328,11840.4,Hibrido,Noite,Norte,77.5,,79.4,73,3,-10.92,840466,FW-71056,1
EQP-31329,,Diesel,Manha,Leste,93.2,11.39,92.8,166,0,24.38,176352,FW-66B6E,1
EQP-31330,4097.1,Diesel,Noite,Sul,65.9,3.17,100.2,101,0,45.21,513985,FW-BC208,0
EQP-31331,7463.7, DIESEL ,Manha,Oeste,71.1,14.95,123.0,324,1,42.53,524626,FW-9F391,1
EQP-31332,4412.9,Eletrico,Manha,Leste,91.8,1.64,100.7,258,0,4.66,226023,FW-2B375,1
EQP-31333,3192.4,Gas_Natural,Manha,Norte,115.2,4.5,92.8,219,1,20.26,620333,FW-93E06,1
EQP-31334,8603.2, DIESEL ,Manha,Oeste,75.9,2.12,110.3,332,1,19.47,955272,FW-BF652,0
EQP-31335,9650.0,Diesel,Tarde,Leste,92.6,1.74,87.1,232,0,-19.42,917571,FW-62A84,1
EQP-31336,13979.7,Diesel,Noite,Sul,104.8,7.65,103.5,330,2,47.4,845408,FW-DC5DC,1
EQP-31337,898.5,Hibrido,Tarde,Norte,77.3,16.84,99.7,303,0,30.21,775455,FW-B1B82,1
EQP-31338,12787.1, DIESEL ,Noite,Oeste,65.0,6.36,96.2,209,0,-24.16,435009,FW-31F25,1
EQP-31339,1939.6,Diesel,Manha,Sul,96.3,0.56,89.8,61,1,-54.28,353891,FW-207C7,0
EQP-31340,10251.7,Diesel,Tarde,Sul,64.4,4.71,107.3,14,0,-4.3,951101,FW-3EA46,1
EQP-31341,1535.2,Diesel,Manha,Oeste,70.5,9.75,121.6,313,2,-24.71,467553,FW-5E11F,1
EQP-31342,11068.8, DIESEL ,Manha,Norte,78.1,2.71,89.8,71,0,21.22,610631,FW-1C022,0
EQP-31343,12405.9,Diesel,Manha,Sul,85.1,3.19,113.9,122,1,7.39,494022,FW-D8D5A,1
EQP-31344,7120.3,Eletrico,Tarde,Norte,57.7,2.7,83.1,53,0,50.98,345118,FW-8A575,0
EQP-31345,11044.1,Eletrico,Manha,Norte,93.9,6.26,91.2,358,0,-0.15,703507,FW-3AD90,1
EQP-31346,7847.5,Diesel,Tarde,Norte,77.1,1.57,105.6,136,2,28.65,765817,FW-81EF6,1
EQP-31347,2428.7,Diesel,Manha,Oeste,64.0,6.98,108.6,34,0,-39.85,310667,FW-5721C,0
EQP-31348,6167.2,Eletrico,Tarde,Leste,75.8,0.89,133.3,95,2,-22.97,601061,FW-5E775,1
EQP-31349,7906.6, DIESEL ,Manha,Oeste,71.7,4.15,102.4,191,1,-45.8,877926,FW-89DD3,1
EQP-31350,6985.2,Eletrico,Noite,Oeste,76.2,,100.4,257,0,0.14,201916,FW-EEA9E,1
EQP-31351,7920.0,Eletrico,Noite,Sul,69.9,2.38,96.3,221,2,-16.61,640846,FW-7EB77,1
EQP-31352,10097.1,Eletrico,Manha,Norte,76.0,0.59,138.6,309,1,-10.41,551249,FW-D72D4,1
EQP-31353,8218.5,Gas_Natural,Tarde,Norte,84.2,,102.7,138,1,-23.91,263515,FW-8E509,1
EQP-31354,8765.8,Hibrido,Tarde,Oeste,85.7,13.01,121.1,287,1,25.45,783767,FW-67CB7,1
EQP-31355,2656.5,Diesel,Tarde,Leste,84.4,11.85,76.0,48,1,70.05,597935,FW-5E4C9,1
EQP-31356,3801.1,Diesel,Noite,Norte,81.6,11.06,96.7,119,0,3.44,370215,FW-DF152,1
EQP-31357,10520.2,Diesel,Tarde,Leste,51.9,1.25,81.1,185,0,24.66,231692,FW-D94EC,1
EQP-31358,10565.5,Eletrico,Tarde,Norte,97.8,3.2,109.0,199,1,4.44,784170,FW-897F3,1
EQP-31359,997.9,Gas_Natural,Manha,Norte,93.8,1.9,92.7,364,0,-18.07,642557,FW-C2344,1
EQP-31360,1196.7,Eletrico,Noite,Leste,51.4,3.15,88.0,34,0,-24.89,252699,FW-26041,0
EQP-31361,12851.1,Diesel,Tarde,Sul,92.3,13.86,87.5,244,0,48.0,963535,FW-CB585,1
EQP-31362,10211.4,Diesel,Noite,Sul,74.6,1.19,104.3,258,1,-61.38,432229,FW-39133,0
EQP-31363,2767.3,Eletrico,Tarde,Leste,82.7,1.74,101.2,304,0,-46.26,360870,FW-A8FC6,0
EQP-31364,7999.8,Diesel,Tarde,Sul,85.4,1.97,104.3,150,2,28.16,705661,FW-B0C2A,1
EQP-31365,5941.8,Hibrido,Noite,Sul,58.4,2.9,95.0,38,0,13.73,916235,FW-38739,0
EQP-31366,7149.4,Diesel,Tarde,Leste,99.9,2.04,123.2,204,1,3.87,292526,FW-23D8E,1
EQP-31367,9875.6, DIESEL ,Tarde,Sul,87.5,5.26,103.1,304,0,-99.38,648072,FW-59582,1
EQP-31368,12283.5,Hibrido,Manha,Leste,63.2,1.58,123.4,345,0,34.09,492628,FW-333FA,0
EQP-31369,14547.6,diesel,Noite,Leste,38.3,2.15,98.4,259,0,46.46,810083,FW-595F5,0
EQP-31370,8949.5,Eletrico,Manha,Leste,70.2,3.62,98.3,359,1,37.82,289958,FW-48EBE,1
EQP-31371,5761.8,Diesel,Manha,Leste,69.4,,83.0,260,0,-50.85,235348,FW-EE5C6,1
EQP-31372,1111.5,Hibrido,Manha,Norte,103.3,1.27,108.1,87,1,-30.73,204754,FW-3C799,1
EQP-31373,, DIESEL ,Tarde,Leste,80.2,,95.7,204,0,1.4,184257,FW-E38F5,1
EQP-31374,11323.8,Gas_Natural,Tarde,Sul,81.9,4.93,108.4,145,3,-2.54,263223,FW-1F510,1
EQP-31375,7657.2,Eletrico,Manha,Norte,51.4,3.31,94.7,109,0,20.97,426292,FW-86D2F,1
EQP-31376,12051.8,Diesel,Noite,Norte,65.1,1.48,105.5,194,3,1.15,887209,FW-7700D,1
EQP-31377,8368.4,Diesel,Noite,Sul,88.8,2.85,91.0,319,0,1.33,424690,FW-AF628,1
EQP-31378,6449.6,Gas_Natural,Noite,Leste,104.5,16.73,93.5,130,2,-30.06,523762,FW-D8ADA,1
EQP-31379,9115.0,Gas_Natural,Manha,Norte,65.8,0.68,113.5,102,1,-31.04,631476,FW-A1CBB,0
EQP-31380,1486.9,Diesel,Noite,Leste,88.2,6.87,120.6,67,0,16.37,692676,FW-D89C4,1
EQP-31381,10741.3,Diesel,Tarde,Sul,106.7,1.01,116.2,266,0,-14.74,312865,FW-8899D,1
EQP-31382,5153.5,Eletrico,Noite,Leste,73.7,,94.5,301,1,46.15,352445,FW-512FE,1
EQP-31383,10664.3,Eletrico,Tarde,Norte,73.9,10.01,90.5,156,0,27.66,626434,FW-CA573,1
EQP-31384,5727.0,Diesel,Tarde,Sul,87.0,2.93,75.9,346,0,0.86,570935,FW-5DF4E,1
EQP-31385,,Eletrico,Manha,Sul,111.6,1.75,122.5,47,1,11.33,550089,FW-1AD59,0
EQP-31386,8155.6,Diesel,Manha,Oeste,89.1,2.23,102.1,246,1,6.56,298488,FW-DFEEC,1
EQP-31387,2173.2,Gas_Natural,Tarde,Sul,98.5,20.05,117.6,55,0,-31.4,784461,FW-35811,1
EQP-31388,13073.4, DIESEL ,Manha,Norte,56.8,0.99,118.3,157,0,-41.41,576214,FW-684AF,0
EQP-31389,1365.3,Diesel,Manha,Norte,88.9,11.08,109.5,275,0,-41.52,373267,FW-29A02,1
EQP-31390,9461.2,Hibrido,Manha,Leste,65.5,2.43,112.8,147,0,73.33,512419,FW-304E3,0
EQP-31391,5194.2,Diesel,Tarde,Sul,92.2,2.36,122.2,118,1,-71.93,829266,FW-DB520,1
EQP-31392,5938.6,Hibrido,Tarde,Norte,94.9,18.49,105.7,286,2,-20.25,975758,FW-48D8B,1
EQP-31393,6239.3,Eletrico,Manha,Norte,82.4,2.94,90.4,120,2,-10.88,815256,FW-C64C5,1
EQP-31394,12791.5,Gas_Natural,Tarde,Oeste,87.7,1.04,109.9,223,1,7.07,832607,FW-2E995,1
EQP-31395,11762.5, DIESEL ,Manha,Leste,94.3,,106.9,289,1,-23.38,990578,FW-7C94A,1
EQP-31396,6554.3,Gas_Natural,Manha,Sul,60.7,0.82,108.8,242,1,50.54,874762,FW-630E3,1
EQP-31397,7234.2,Gas_Natural,Tarde,Norte,109.4,1.83,95.5,212,0,4.14,571621,FW-22563,1
EQP-31398,9570.6,diesel,Tarde,Norte,54.7,3.38,80.9,141,1,-86.14,202682,FW-47F01,0
EQP-31399,11360.5, DIESEL ,Tarde,Sul,67.1,5.05,114.0,293,1,-4.81,437570,FW-8BAD8,1
EQP-31400,6288.6,Eletrico,Tarde,Oeste,65.4,4.52,116.7,172,0,-3.13,607519,FW-3FA63,1
EQP-31401,,Eletrico,Noite,Sul,87.4,5.28,80.2,228,0,45.14,758964,FW-BC5E6,1
EQP-31402,11409.9,Hibrido,Manha,Sul,38.7,0.85,127.6,297,2,-20.1,964256,FW-4EB01,1
EQP-31403,13941.6,diesel,Manha,Norte,56.3,0.53,101.1,252,0,-31.02,327738,FW-AD18D,1
EQP-31404,7893.9,Diesel,Tarde,Norte,54.5,5.99,91.0,9,0,31.07,309042,FW-5CD63,1
EQP-31405,9075.7,diesel,Noite,Norte,70.0,5.06,85.7,59,2,-29.07,387951,FW-57FC9,1
EQP-31406,3457.6,Hibrido,Tarde,Leste,99.7,16.3,92.3,267,0,16.54,228062,FW-D454A,1
EQP-31407,12967.4,Diesel,Tarde,Norte,67.9,1.73,128.7,343,0,-29.35,692926,FW-3C102,1
EQP-31408,10268.9,Eletrico,Tarde,Norte,75.7,5.76,101.0,150,0,-6.84,439791,FW-4D66F,1
EQP-31409,5808.2, DIESEL ,Tarde,Leste,64.0,6.99,107.9,190,0,-7.0,562292,FW-D4DA1,1
EQP-31410,5819.1,Diesel,Manha,Norte,53.0,0.53,107.9,217,3,-25.96,913603,FW-76AF8,1
EQP-31411,1682.2,Gas_Natural,Tarde,Leste,60.8,2.96,129.6,6,0,56.0,951454,FW-47497,0
EQP-31412,13688.8,Diesel,Noite,Sul,57.9,3.01,111.6,240,0,-18.83,481207,FW-C4BAB,0
EQP-31413,1061.3,Diesel,Noite,Sul,91.0,4.28,94.2,145,0,-0.66,405940,FW-59941,1
EQP-31414,11137.7,Diesel,Manha,Leste,71.7,,95.6,21,0,8.87,875175,FW-8479B,0
EQP-31415,9315.1,diesel,Tarde,Oeste,59.6,6.08,82.7,331,2,61.7,558130,FW-4BE2F,1
EQP-31416,13261.7,diesel,Tarde,Oeste,98.9,5.92,103.0,57,3,12.18,219765,FW-76A3E,1
EQP-31417,13065.6,diesel,Manha,Sul,39.9,3.63,82.6,40,0,-18.59,791156,FW-53D6F,0
EQP-31418,8374.3,Eletrico,Manha,Oeste,87.4,1.42,112.8,254,1,-22.55,754891,FW-BA3EE,1
EQP-31419,6719.2,diesel,Tarde,Oeste,48.4,7.94,99.0,134,0,-18.26,669384,FW-88513,1
EQP-31420,1188.6,Eletrico,Tarde,Norte,95.0,0.84,100.2,358,0,14.79,169164,FW-2391E,0
EQP-31421,13150.7,Hibrido,Manha,Sul,60.6,0.71,105.3,220,0,-6.4,249620,FW-2FCFD,0
EQP-31422,14990.8,Hibrido,Tarde,Sul,82.7,0.59,127.5,18,2,1.05,683064,FW-BC1C5,1
EQP-31423,6224.3,Hibrido,Manha,Sul,82.8,13.27,57.9,83,2,-15.28,731370,FW-E6D92,1
EQP-31424,5342.5,Gas_Natural,Manha,Leste,82.0,,98.0,313,2,64.39,198754,FW-E53F3,1
EQP-31425,9305.1,Eletrico,Tarde,Leste,93.2,4.53,112.1,246,0,-12.68,537279,FW-E1D6F,1
EQP-31426,6062.6, DIESEL ,Manha,Norte,71.3,0.86,93.9,344,1,-60.07,140572,FW-31B92,1
EQP-31427,9422.4,Eletrico,Noite,Leste,59.6,14.3,91.8,360,1,11.83,205537,FW-BFAD4,1
EQP-31428,5401.9,Gas_Natural,Tarde,Norte,66.8,11.41,84.0,41,0,4.93,727825,FW-AFDDC,0
EQP-31429,9309.0,Eletrico,Manha,Norte,48.6,0.5,84.5,81,2,-32.7,874735,FW-2BFC4,0
EQP-31430,14913.1,Diesel,Tarde,Sul,71.5,4.89,127.6,82,2,-57.91,949469,FW-C0E68,1
EQP-31431,12250.9,Gas_Natural,Tarde,Leste,47.0,2.15,111.6,207,0,-1.82,178365,FW-7DED8,0
EQP-31432,,Eletrico,Noite,Leste,72.8,4.0,93.2,334,1,19.49,626280,FW-8FF0C,1
EQP-31433,7947.5,diesel,Manha,Sul,69.6,2.94,116.9,45,0,10.21,941620,FW-8B178,1
EQP-31434,7079.6,Hibrido,Tarde,Sul,51.9,5.18,101.1,43,0,60.88,902931,FW-6C5DC,1
EQP-31435,2438.1,Eletrico,Manha,Oeste,107.3,8.24,109.3,164,0,3.99,716995,FW-DFB23,1
EQP-31436,2635.1,Hibrido,Noite,Norte,64.5,3.05,97.4,126,0,27.46,794843,FW-9B765,0
EQP-31437,8134.9,Diesel,Manha,Oeste,58.6,2.55,121.2,270,0,8.66,102529,FW-5B507,1
EQP-31438,11173.2,Gas_Natural,Manha,Oeste,72.5,12.28,111.6,141,0,14.09,123470,FW-E8577,1
EQP-31439,3938.9, DIESEL ,Manha,Norte,72.7,3.05,87.1,156,0,22.72,118926,FW-9BB3B,0
EQP-31440,9153.3,Eletrico,Tarde,Leste,98.5,13.9,68.9,1,0,59.35,868496,FW-6867A,1
EQP-31441,11738.0,Gas_Natural,Manha,Oeste,83.0,2.26,111.5,205,1,40.03,353253,FW-1A248,0
EQP-31442,14669.5,diesel,Manha,Sul,68.2,3.73,111.7,199,1,-0.98,241354,FW-1AF13,1
EQP-31443,231.8,Diesel,Manha,Sul,42.3,,114.7,147,0,9.43,307021,FW-60CD8,0
EQP-31444,9878.8,Diesel,Manha,Norte,80.6,5.91,119.2,255,1,-48.62,238429,FW-E4FCB,1
EQP-31445,10772.9,Diesel,Tarde,Norte,52.0,2.97,90.5,267,0,1.25,439980,FW-61352,1
EQP-31446,13937.8,Gas_Natural,Noite,Oeste,68.6,3.69,114.3,1,2,44.73,476547,FW-495E2,1
EQP-31447,7837.5,Diesel,Manha,Leste,92.1,1.44,108.7,278,1,15.55,851216,FW-9824F,1
EQP-31448,5827.7, DIESEL ,Manha,Sul,93.0,2.77,91.9,139,0,-23.55,130859,FW-59936,1
EQP-31449,5469.0,diesel,Manha,Norte,68.9,1.17,96.2,21,1,58.01,708313,FW-366BC,0
EQP-31450,12232.1,Gas_Natural,Tarde,Sul,35.3,14.29,104.0,228,1,60.64,422323,FW-C37E4,1
EQP-31451,10803.9,Hibrido,Manha,Norte,92.6,7.14,86.7,108,0,57.02,294515,FW-458F2,1
EQP-31452,,Eletrico,Manha,Norte,64.8,1.44,86.0,74,1,-0.06,493674,FW-C4340,0
EQP-31453,,Eletrico,Manha,Sul,53.2,2.36,96.5,173,0,-13.35,104677,FW-20BC3,0
EQP-31454,1923.9,Gas_Natural,Manha,Sul,47.9,5.77,85.7,270,0,1.62,276346,FW-93FB4,1
EQP-31455,2876.9,diesel,Tarde,Sul,86.2,4.49,100.1,290,0,24.19,596935,FW-C8D13,1
EQP-31456,1778.8,Gas_Natural,Tarde,Norte,63.6,3.87,107.7,267,1,-5.16,416366,FW-63918,1
EQP-31457,10770.8,Gas_Natural,Tarde,Sul,55.4,0.88,102.8,79,1,20.92,918728,FW-7E058,0
EQP-31458,11632.3,Eletrico,Tarde,Oeste,68.9,1.82,70.6,309,0,-14.48,769984,FW-BA944,1
EQP-31459,9424.3,Gas_Natural,Tarde,Sul,94.6,14.69,106.5,270,1,-5.39,793742,FW-A6447,1
EQP-31460,14442.3,Hibrido,Manha,Oeste,59.1,6.89,109.4,149,0,39.03,314679,FW-E7B74,1
EQP-31461,,diesel,Noite,Leste,84.6,7.26,91.8,352,1,1.18,319452,FW-83C27,1
EQP-31462,13810.0, DIESEL ,Tarde,Leste,81.8,2.17,93.8,63,1,23.12,983055,FW-EC496,0
EQP-31463,13001.6,Eletrico,Manha,Oeste,90.3,6.64,81.5,284,1,-5.39,993813,FW-6C36B,1
EQP-31464,5129.2,Eletrico,Manha,Oeste,78.4,2.92,110.3,176,0,-11.74,991271,FW-CD5D5,0
EQP-31465,3353.0,Eletrico,Noite,Sul,66.0,4.11,99.6,232,1,14.48,549818,FW-9647F,0
EQP-31466,9518.0,Diesel,Manha,Leste,88.6,1.9,93.7,266,0,19.76,300234,FW-E165F,1
EQP-31467,8105.8,Diesel,Noite,Oeste,71.5,3.96,97.7,321,0,39.44,609473,FW-93B33,1
EQP-31468,13677.0, DIESEL ,Manha,Oeste,80.0,3.08,87.1,289,3,25.61,935444,FW-B637C,1
EQP-31469,4972.2,Diesel,Manha,Leste,98.8,2.09,76.5,176,0,-8.54,602125,FW-CA5AC,1
EQP-31470,11556.4,Diesel,Manha,Leste,91.0,5.37,75.5,191,1,-43.52,119627,FW-20512,1
EQP-31471,2898.8,Diesel,Manha,Norte,73.4,2.62,86.9,280,1,11.47,100985,FW-4E3C5,1
EQP-31472,2579.3,Diesel,Manha,Sul,73.9,1.39,114.7,269,1,-63.44,959749,FW-87071,1
EQP-31473,1835.6,Diesel,Manha,Norte,31.5,9.8,118.9,137,0,-30.39,877127,FW-5C072,0
EQP-31474,3448.7,Hibrido,Noite,Norte,93.3,3.32,81.8,278,0,-20.16,535160,FW-E6BC9,1
EQP-31475,10507.3, DIESEL ,Tarde,Leste,67.2,2.38,100.2,140,2,3.7,132598,FW-C4935,1
EQP-31476,7085.6,Eletrico,Tarde,Leste,68.2,3.25,98.9,305,2,37.74,152082,FW-7F61B,1
EQP-31477,1113.3,Hibrido,Tarde,Sul,83.8,3.95,124.7,105,1,54.27,399497,FW-6C9A7,1
EQP-31478,3216.5,Eletrico,Manha,Oeste,114.5,1.49,108.7,154,0,-30.24,505208,FW-66BA7,1
EQP-31479,13861.0, DIESEL ,Manha,Norte,47.2,7.22,73.3,215,1,3.18,882313,FW-43B5E,1
EQP-31480,13934.4,Eletrico,Noite,Norte,65.0,4.16,69.9,138,0,-58.71,349035,FW-F0A99,1
EQP-31481,12398.4,Eletrico,Tarde,Oeste,82.0,0.87,71.1,26,2,-32.4,912575,FW-C60FF,1
EQP-31482,8049.1,diesel,Manha,Oeste,63.5,0.57,100.7,279,0,-1.64,293290,FW-5B1A2,1
EQP-31483,606.2,Eletrico,Tarde,Norte,41.3,7.59,104.1,337,1,31.34,345668,FW-934BC,1
EQP-31484,9449.5,Diesel,Manha,Sul,65.1,3.81,111.6,333,2,-20.51,237973,FW-A1C79,1
EQP-31485,12324.5,Eletrico,Tarde,Norte,76.8,10.56,109.1,27,2,65.57,826215,FW-7DD22,1
EQP-31486,11168.0,Diesel,Tarde,Leste,68.5,3.16,102.6,310,0,36.54,802027,FW-6FBD5,1
EQP-31487,1609.2,Diesel,Tarde,Oeste,71.3,7.79,135.0,295,1,18.23,386272,FW-7BF8C,1
EQP-31488,, DIESEL ,Manha,Leste,60.7,2.0,111.2,77,1,2.01,730598,FW-75F04,1
EQP-31489,9298.2,Diesel,Tarde,Norte,60.7,5.38,111.7,269,1,-39.56,556087,FW-E421A,1
EQP-31490,6300.5, DIESEL ,Manha,Oeste,42.0,8.2,110.0,62,1,22.7,679792,FW-5F990,1
EQP-31491,10329.6,Diesel,Manha,Sul,77.4,1.81,107.6,44,1,-0.77,125998,FW-39B12,1
EQP-31492,12493.6,Eletrico,Tarde,Sul,74.6,5.77,85.2,184,1,23.47,679147,FW-E54B0,1
EQP-31493,13083.4,Hibrido,Tarde,Oeste,79.7,8.27,85.1,219,2,44.2,774003,FW-D5FA1,1
EQP-31494,14806.5,Eletrico,Tarde,Sul,42.7,7.94,78.5,112,1,15.81,479235,FW-B9A38,1
EQP-31495,10758.6,Eletrico,Manha,Leste,69.5,1.61,104.6,212,1,-9.37,468630,FW-26EAB,1
EQP-31496,12001.7,Eletrico,Manha,Oeste,60.2,6.55,119.2,182,1,-35.35,360495,FW-5A4D4,0
EQP-31497,5448.0, DIESEL ,Manha,Norte,101.3,3.34,98.3,13,0,-34.18,974136,FW-37E85,1
EQP-31498,14686.2,Eletrico,Tarde,Leste,72.3,3.39,107.9,58,0,-19.32,122064,FW-EF999,0
EQP-31499,8039.1,Diesel,Noite,Norte,69.4,4.98,99.7,213,1,-43.74,557989,FW-8B28A,1
EQP-31500,6300.2,Diesel,Tarde,Leste,69.9,4.15,85.9,195,2,-60.08,895307,FW-459FD,1
EQP-31501,11636.2,Eletrico,Tarde,Leste,91.2,16.21,91.4,119,0,-7.87,441241,FW-66472,1
EQP-31502,136.3,Eletrico,Tarde,Norte,108.0,5.16,92.6,46,1,-16.91,311464,FW-D900F,1
EQP-31503,12303.9,Gas_Natural,Manha,Leste,46.3,2.58,130.6,10,0,-16.32,431454,FW-5A7BE,0
EQP-31504,9423.5,Hibrido,Manha,Norte,85.1,2.58,115.5,261,0,-31.59,291328,FW-82904,1
EQP-31505,712.7,diesel,Noite,Oeste,46.0,0.71,87.0,214,1,-38.53,640181,FW-44996,0
EQP-31506,11227.9,diesel,Manha,Norte,61.7,3.84,104.3,173,0,-54.94,238762,FW-E2037,1
EQP-31507,4116.0,Eletrico,Manha,Sul,50.9,8.4,93.7,326,0,-3.63,850168,FW-3BF6C,1
EQP-31508,1678.6,Diesel,Noite,Leste,105.6,0.88,79.3,341,4,-16.86,930819,FW-DF668,1
EQP-31509,2909.3,Gas_Natural,Tarde,Norte,75.9,0.56,132.2,104,0,12.58,846027,FW-BD8D6,1
EQP-31510,11259.0,Eletrico,Noite,Leste,74.9,2.38,120.6,18,0,-42.85,808703,FW-D4ADD,1
EQP-31511,2568.6, DIESEL ,Manha,Norte,89.8,5.26,103.7,301,0,-44.92,431964,FW-75832,1
EQP-31512,9429.3, DIESEL ,Manha,Norte,86.7,7.63,119.1,294,0,-5.76,247292,FW-4A291,1
EQP-31513,144.3,Eletrico,Manha,Oeste,66.2,11.43,87.6,228,0,38.54,205745,FW-50BC4,0
EQP-31514,2790.2,Diesel,Noite,Oeste,103.0,5.67,86.7,239,0,25.56,667464,FW-3D812,1
EQP-31515,13160.7,Diesel,Manha,Leste,93.2,1.61,111.0,350,1,3.78,485660,FW-5BF9D,1
EQP-31516,11852.6, DIESEL ,Manha,Oeste,70.0,3.71,89.4,301,0,1.15,855744,FW-A8292,1
EQP-31517,8873.6,Diesel,Manha,Leste,137.7,3.52,108.7,303,3,-12.19,493742,FW-A009A,1
EQP-31518,5378.4,Diesel,Manha,Norte,40.9,,100.2,291,2,-4.12,877435,FW-8B626,0
EQP-31519,13010.5,diesel,Noite,Leste,68.9,1.05,77.4,135,0,-45.12,308101,FW-63D52,1
EQP-31520,10351.5,Eletrico,Manha,Sul,48.8,5.37,65.3,326,0,6.31,762301,FW-C6FCC,1
EQP-31521,12351.8,Diesel,Noite,Leste,95.5,2.71,94.6,162,1,-29.1,583781,FW-920CE,1
EQP-31522,5451.1,Diesel,Noite,Sul,74.5,8.96,96.2,121,0,38.54,703965,FW-EE062,1
EQP-31523,1736.3,Hibrido,Tarde,Norte,74.1,2.29,96.7,349,0,-5.52,609373,FW-79AE2,0
EQP-31524,,Hibrido,Noite,Norte,90.0,2.98,85.3,162,0,-13.71,851490,FW-B752A,1
EQP-31525,13506.6,Eletrico,Tarde,Sul,92.6,9.33,106.1,254,3,-40.87,511321,FW-A0A12,1
EQP-31526,1515.1,Eletrico,Manha,Sul,65.4,7.87,108.4,128,1,4.95,527810,FW-1D3DE,0
EQP-31527,7022.6,Eletrico,Noite,Norte,79.8,2.83,79.9,87,3,19.25,123094,FW-65E1D,1
EQP-31528,9701.4,Hibrido,Tarde,Norte,62.7,11.32,100.9,253,0,126.95,741545,FW-328D4,1
EQP-31529,1390.0,Diesel,Noite,Sul,51.8,0.69,99.3,185,1,-44.33,360941,FW-6E303,0
EQP-31530,,Eletrico,Tarde,Sul,81.3,6.8,105.6,211,0,-16.91,441280,FW-69857,1
EQP-31531,6777.3,Diesel,Manha,Norte,90.5,4.38,86.7,216,0,-12.75,259845,FW-365B2,1
EQP-31532,8371.2,Gas_Natural,Manha,Leste,46.2,2.63,69.8,183,2,-58.19,408440,FW-33C7F,1
EQP-31533,6293.8,Diesel,Manha,Norte,76.7,1.18,105.7,191,1,-29.86,195694,FW-2A542,0
EQP-31534,7588.3,Hibrido,Manha,Leste,37.9,11.45,98.4,177,1,4.19,490947,FW-F3693,1
EQP-31535,8860.7, DIESEL ,Tarde,Sul,96.1,2.87,78.3,249,0,-47.5,275422,FW-2D966,1
EQP-31536,3848.1,Gas_Natural,Manha,Sul,102.2,0.74,102.2,235,1,-37.37,510673,FW-24D64,1
EQP-31537,2309.3,Eletrico,Noite,Sul,88.5,7.04,140.0,244,0,48.61,965130,FW-9088C,1
EQP-31538,13482.3, DIESEL ,Noite,Leste,68.9,7.32,92.7,102,1,17.3,919088,FW-D4831,1
EQP-31539,5144.8,Hibrido,Manha,Norte,57.3,9.31,101.3,358,1,-28.92,484820,FW-DEDE5,1
EQP-31540,1511.1,Gas_Natural,Manha,Oeste,77.0,3.91,102.9,131,1,30.61,916706,FW-53855,1
EQP-31541,5631.8,Hibrido,Manha,Sul,90.2,1.19,98.7,270,0,-16.76,395505,FW-4B1D2,0
EQP-31542,13746.8,Hibrido,Noite,Oeste,79.7,0.72,114.2,204,1,-25.21,828872,FW-9416C,1
EQP-31543,8464.9,diesel,Manha,Norte,27.7,5.85,117.3,76,2,-29.1,288542,FW-408A3,1
EQP-31544,12176.7,Gas_Natural,Tarde,Sul,64.8,1.57,74.3,341,1,28.05,704867,FW-C94A7,1
EQP-31545,5866.9,Eletrico,Tarde,Oeste,55.0,24.64,101.4,253,1,49.32,801518,FW-516C3,1
EQP-31546,5380.9, DIESEL ,Tarde,Norte,75.8,3.68,70.3,185,2,47.34,696655,FW-194D8,1
EQP-31547,12571.0,Diesel,Manha,Oeste,68.6,12.99,104.1,326,1,21.9,894156,FW-37E22,1
EQP-31548,8962.6,diesel,Manha,Sul,69.1,6.64,89.5,348,1,-10.82,583923,FW-40032,1
EQP-31549,10537.9,Eletrico,Tarde,Leste,57.4,3.8,99.0,289,2,39.53,605747,FW-C9417,1
EQP-31550,2168.9,Diesel,Tarde,Leste,80.7,3.13,137.1,265,0,20.51,162102,FW-D801A,0
EQP-31551,6583.2, DIESEL ,Noite,Oeste,67.1,0.92,82.5,276,1,2.54,207958,FW-3242D,1
EQP-31552,2487.6,Hibrido,Manha,Oeste,89.0,1.6,72.9,37,1,-31.07,506395,FW-C2407,1
EQP-31553,324.3,Diesel,Manha,Leste,52.5,9.71,62.5,65,0,-25.48,268312,FW-22BE6,0
EQP-31554,11234.9, DIESEL ,Tarde,Leste,90.5,11.58,109.9,238,0,-12.01,491658,FW-395E2,1
EQP-31555,9317.0,Eletrico,Tarde,Leste,91.7,4.27,70.4,62,0,-4.17,746936,FW-530C8,1
EQP-31556,132.9,Eletrico,Noite,Sul,78.8,2.63,89.2,200,1,9.23,424309,FW-D1C99,1
EQP-31557,11035.4,Hibrido,Manha,Sul,81.2,18.39,88.0,216,0,-29.97,436232,FW-A605C,1
EQP-31558,2768.1, DIESEL ,Noite,Sul,113.6,1.67,110.0,240,0,-13.49,361028,FW-9CA53,1
EQP-31559,13275.1,Diesel,Manha,Sul,43.6,17.46,89.3,62,2,5.31,664304,FW-32D2C,1
EQP-31560,727.3,Hibrido,Manha,Norte,84.4,1.81,99.5,123,1,18.74,274907,FW-D8134,0
EQP-31561,14023.4,Hibrido,Manha,Norte,74.2,1.81,96.2,165,3,69.18,817410,FW-6F2AC,1
EQP-31562,7325.8,diesel,Tarde,Norte,100.0,15.37,96.7,220,1,-38.85,741734,FW-9121C,1
EQP-31563,12151.3,Diesel,Tarde,Leste,96.2,0.74,74.7,238,0,-36.45,773829,FW-CED5F,1
EQP-31564,12057.6,Hibrido,Noite,Norte,89.3,21.67,102.9,337,1,4.25,131814,FW-28A0B,1
EQP-31565,11713.3, DIESEL ,Manha,Leste,80.1,4.72,68.9,77,2,-16.33,859660,FW-42446,1
EQP-31566,13958.5,Hibrido,Tarde,Norte,76.8,8.1,112.1,227,2,27.02,446515,FW-884B4,1
EQP-31567,1849.6,Diesel,Tarde,Leste,72.9,14.71,96.8,58,1,-23.63,869675,FW-E8BF7,1
EQP-31568,1749.3,Eletrico,Manha,Sul,55.2,5.31,125.3,17,1,54.01,636649,FW-1C62F,0
EQP-31569,2117.8,Eletrico,Noite,Norte,101.3,8.07,104.7,262,0,54.46,482466,FW-6FC85,1
EQP-31570,14429.6,Eletrico,Tarde,Oeste,43.5,6.31,85.5,263,1,15.84,143656,FW-D6793,1
EQP-31571,6756.3,Hibrido,Manha,Leste,68.9,1.86,94.6,320,1,-13.36,442923,FW-A2AC5,1
EQP-31572,11543.2,Gas_Natural,Manha,Sul,66.6,,109.5,248,0,-20.41,476765,FW-AB7B9,0
EQP-31573,5331.7,Diesel,Tarde,Leste,98.7,1.46,110.7,224,0,-34.99,686416,FW-6B42F,1
EQP-31574,14335.7,Eletrico,Noite,Sul,79.9,4.45,89.6,240,0,26.11,853403,FW-A52A3,1
EQP-31575,13908.6, DIESEL ,Tarde,Norte,69.6,7.85,73.5,10,1,-22.37,595177,FW-666B1,0
EQP-31576,,Hibrido,Tarde,Sul,65.8,11.21,104.6,344,0,47.23,922349,FW-D6BAF,1
EQP-31577,4759.0,Eletrico,Manha,Sul,71.6,5.33,110.5,98,2,-40.29,987947,FW-BE02C,1
EQP-31578,2365.8,Gas_Natural,Noite,Leste,99.3,9.49,106.8,324,1,3.42,608046,FW-56041,1
EQP-31579,12087.8,Diesel,Manha,Sul,51.2,2.85,113.7,345,1,47.95,500955,FW-ADC52,1
EQP-31580,1580.0,Eletrico,Noite,Leste,68.2,4.07,96.1,106,1,-37.35,565474,FW-8F451,0
EQP-31581,10947.7,Gas_Natural,Noite,Norte,88.8,3.13,68.2,24,1,26.37,432718,FW-B711C,1
EQP-31582,2569.5,Diesel,Manha,Sul,105.5,17.5,103.7,295,0,50.78,726996,FW-44EB7,1
EQP-31583,8182.3, DIESEL ,Manha,Oeste,103.5,1.01,92.5,55,0,4.26,541304,FW-B7EAE,0
EQP-31584,8281.5,Diesel,Tarde,Oeste,82.4,8.83,84.4,236,0,-28.38,714141,FW-8420F,1
EQP-31585,9123.1,Hibrido,Noite,Norte,103.2,6.79,108.0,202,1,-5.58,660116,FW-843C8,1
EQP-31586,5076.1,Diesel,Noite,Sul,81.8,3.36,107.7,51,0,-16.9,522071,FW-54BC3,0
EQP-31587,8710.5,Eletrico,Manha,Norte,99.4,1.04,101.9,298,1,-2.35,478904,FW-77AFD,1
EQP-31588,3636.8,Gas_Natural,Manha,Norte,66.1,1.53,96.1,63,0,-21.68,408587,FW-D1071,0
EQP-31589,6079.1,Hibrido,Tarde,Norte,84.2,2.66,99.3,62,1,-41.61,997910,FW-37C35,1
EQP-31590,7393.3,Diesel,Tarde,Norte,76.8,1.11,103.6,135,0,-19.29,536512,FW-6B35A,1
EQP-31591,3829.1,diesel,Manha,Oeste,74.3,2.82,90.2,34,1,-8.59,109047,FW-E599F,1
EQP-31592,9053.7,Eletrico,Manha,Sul,66.0,3.63,113.1,278,0,-17.31,519910,FW-A9D1E,1
EQP-31593,3565.2,Hibrido,Manha,Leste,68.7,4.66,117.3,318,0,14.95,606256,FW-5C7BB,1
EQP-31594,4502.2,Diesel,Noite,Norte,49.3,3.45,105.0,229,1,-44.15,418144,FW-CC8E8,1
EQP-31595,1988.0, DIESEL ,Tarde,Norte,87.0,4.36,96.1,274,0,3.8,582149,FW-E5EE4,1
EQP-31596,11303.9,Diesel,Manha,Sul,74.2,0.84,115.9,303,1,64.13,601043,FW-774B8,1
EQP-31597,14517.1,Diesel,Manha,Norte,63.2,1.56,116.4,42,0,21.57,979077,FW-DD472,1
EQP-31598,5568.5,Gas_Natural,Tarde,Norte,76.5,,121.3,251,1,93.77,927928,FW-3DA2F,1
EQP-31599,3617.9,Eletrico,Noite,Oeste,89.4,0.96,101.5,60,0,9.56,473059,FW-D68E6,1
EQP-31600,11562.7, DIESEL ,Manha,Norte,81.8,5.2,102.0,55,1,48.08,153003,FW-B1890,1
EQP-31601,11922.2,Eletrico,Manha,Norte,74.9,2.47,91.3,61,0,42.05,456142,FW-3AE6C,1
EQP-31602,8177.3, DIESEL ,Noite,Leste,40.4,2.51,110.0,300,0,-12.31,586021,FW-B1508,1
EQP-31603,398.0,Gas_Natural,Manha,Sul,54.9,3.63,105.1,170,3,-1.92,441730,FW-1B82E,1
EQP-31604,2511.5, DIESEL ,Tarde,Norte,74.9,2.86,109.4,237,2,-21.23,296113,FW-A4A66,1
EQP-31605,8956.3, DIESEL ,Noite,Sul,50.8,0.78,70.8,170,0,-29.07,901584,FW-D5435,0
EQP-31606,14294.5,diesel,Tarde,Norte,72.6,5.36,90.4,59,1,-3.49,777704,FW-1B161,1
EQP-31607,, DIESEL ,Noite,Norte,67.8,6.73,90.2,321,2,34.73,764647,FW-E4C16,1
EQP-31608,972.8,Gas_Natural,Tarde,Sul,64.0,1.59,94.9,364,1,-17.46,631811,FW-B3716,1
EQP-31609,9967.8,Eletrico,Tarde,Oeste,84.5,3.66,90.9,205,1,-56.09,711375,FW-D36C5,1
EQP-31610,11304.0,diesel,Noite,Sul,51.3,4.51,98.0,238,0,35.21,259681,FW-25D89,0
EQP-31611,2455.6,Diesel,Noite,Leste,90.6,3.15,83.8,66,0,-25.58,767907,FW-711C6,1
EQP-31612,2801.4,Diesel,Manha,Sul,67.3,,116.6,183,1,16.29,539336,FW-27F82,1
EQP-31613,8124.3,Gas_Natural,Manha,Sul,60.6,12.87,74.9,137,0,-39.56,505855,FW-C21A3,1
EQP-31614,7869.9,Hibrido,Noite,Oeste,88.3,,119.0,215,1,6.05,135958,FW-DB35A,1
EQP-31615,997.1,Eletrico,Manha,Sul,68.6,1.9,72.2,120,0,4.21,315329,FW-45142,0
EQP-31616,716.5,Diesel,Manha,Leste,73.3,3.95,102.2,240,0,50.17,281117,FW-8DBAD,1
EQP-31617,13630.3,Eletrico,Manha,Norte,75.5,19.87,83.9,226,0,-24.35,776957,FW-6AAB0,1
EQP-31618,786.7,Diesel,Noite,Leste,96.7,2.58,120.4,357,0,-3.05,634882,FW-A0820,1
EQP-31619,8234.3,Eletrico,Noite,Leste,68.6,8.53,108.1,291,2,-1.42,922413,FW-BA269,1
EQP-31620,9355.0,diesel,Noite,Norte,81.7,2.1,109.2,343,0,12.78,879760,FW-E20C1,1
EQP-31621,11987.9,Diesel,Tarde,Sul,83.7,1.39,124.1,46,1,3.56,480918,FW-C17F9,1
EQP-31622,9508.4,Diesel,Tarde,Sul,54.5,2.14,76.4,351,1,26.25,155330,FW-8BD34,1
EQP-31623,2346.4,Eletrico,Tarde,Sul,23.1,1.89,99.6,332,0,1.43,182074,FW-A1ECF,0
EQP-31624,7411.4,Gas_Natural,Manha,Sul,61.5,2.77,94.7,338,1,-1.17,715154,FW-82325,1
EQP-31625,5298.6,Eletrico,Tarde,Norte,73.9,6.6,95.2,245,1,-43.03,928176,FW-D90A6,1
EQP-31626,6463.8,Hibrido,Manha,Oeste,108.1,5.21,110.8,159,0,-64.72,113410,FW-E72C9,1
EQP-31627,13891.4,Eletrico,Manha,Leste,57.7,5.8,106.9,261,0,-23.03,626751,FW-DB6DA,1
EQP-31628,3361.0,Eletrico,Manha,Sul,55.3,2.88,92.0,56,2,72.68,715804,FW-CEEAC,0
EQP-31629,2429.2,diesel,Manha,Norte,77.5,4.88,100.2,206,0,-5.6,292296,FW-4C1F9,1
EQP-31630,,Eletrico,Manha,Sul,55.7,0.51,87.9,283,4,-9.95,362475,FW-88F14,1
EQP-31631,9518.9,diesel,Tarde,Leste,88.1,5.93,94.8,174,2,1.69,263595,FW-55472,1
EQP-31632,3977.0,Diesel,Tarde,Norte,62.7,3.6,110.0,193,0,-46.86,127884,FW-55209,0
EQP-31633,7871.5,Diesel,Noite,Leste,59.0,7.35,98.2,225,0,34.89,735330,FW-9C26C,1
EQP-31634,7215.1,Diesel,Noite,Oeste,76.8,0.59,99.7,353,0,10.94,953394,FW-B24B1,1
EQP-31635,8886.1,Hibrido,Tarde,Norte,69.6,8.62,112.3,139,1,23.35,699447,FW-1A1A6,1
EQP-31636,3455.4,Eletrico,Tarde,Norte,71.6,1.28,57.6,123,1,-20.09,827557,FW-6095D,0
EQP-31637,12092.8,Diesel,Noite,Norte,51.6,1.94,87.4,37,2,11.05,278545,FW-AEDCE,0
EQP-31638,10251.1,Gas_Natural,Noite,Norte,121.4,4.03,92.9,53,2,-12.02,149226,FW-B017D,1
EQP-31639,11833.4,Eletrico,Tarde,Norte,100.8,4.44,91.7,204,1,-14.78,693255,FW-BF4E8,1
EQP-31640,7358.2,Eletrico,Noite,Leste,103.6,5.72,112.3,330,0,9.97,630280,FW-60EE1,1
EQP-31641,7545.1,Eletrico,Noite,Oeste,101.7,6.04,83.6,201,1,-54.13,587060,FW-8436C,1
EQP-31642,14611.2,Eletrico,Manha,Sul,57.6,2.51,73.6,240,1,17.77,923131,FW-25919,1
EQP-31643,13296.2,Diesel,Manha,Norte,50.6,2.22,59.5,225,0,42.33,385655,FW-4A84C,0
EQP-31644,1792.4,Gas_Natural,Manha,Leste,76.5,1.88,123.2,4,1,-42.65,284237,FW-AC5B6,1
EQP-31645,8579.2, DIESEL ,Manha,Norte,98.4,3.68,106.6,259,1,-5.09,122036,FW-EFBD6,1
EQP-31646,9183.6,diesel,Manha,Norte,61.7,,101.1,336,0,-34.15,954534,FW-8E978,1
EQP-31647,3744.7, DIESEL ,Noite,Sul,91.9,9.0,123.0,13,1,-6.61,906968,FW-87311,1
EQP-31648,337.4,Gas_Natural,Noite,Norte,48.0,8.48,96.2,21,1,42.21,590009,FW-6AF68,1
EQP-31649,3311.6,Hibrido,Tarde,Norte,71.7,,112.9,291,0,3.06,910535,FW-3C420,1
EQP-31650,424.0,Diesel,Manha,Sul,71.1,2.54,111.5,148,1,-11.7,472197,FW-8B628,0
EQP-31651,1424.5, DIESEL ,Noite,Sul,106.1,0.7,68.9,184,2,33.03,541845,FW-F1DF7,1
EQP-31652,9557.0,Diesel,Manha,Leste,67.8,3.66,122.6,60,0,48.66,157618,FW-50DA2,0
EQP-31653,8176.5, DIESEL ,Manha,Sul,76.9,1.33,94.1,326,2,50.69,124955,FW-F28BA,1
EQP-31654,9109.0,Gas_Natural,Noite,Sul,82.6,6.71,104.6,246,1,14.7,822517,FW-C78AC,1
EQP-31655,10060.3,Diesel,Manha,Oeste,82.8,1.51,102.8,303,0,-3.2,119201,FW-D91E0,1
EQP-31656,12188.4,Eletrico,Manha,Norte,71.0,3.43,111.9,238,2,5.42,330621,FW-3365C,1
EQP-31657,10806.8,Diesel,Tarde,Oeste,75.5,12.17,80.8,40,2,55.52,664276,FW-38548,1
EQP-31658,5757.7,Diesel,Manha,Leste,76.6,4.02,98.2,30,0,18.91,816919,FW-7137D,1
EQP-31659,13781.1,diesel,Tarde,Norte,75.9,10.37,81.3,69,2,-7.59,634935,FW-CA6F4,1
EQP-31660,11735.2,Hibrido,Manha,Norte,94.8,6.21,90.0,204,1,39.99,849887,FW-541B9,1
EQP-31661,2145.9,Diesel,Noite,Sul,58.7,3.92,126.8,98,0,-13.57,914884,FW-6DE61,0
EQP-31662,9366.5,diesel,Manha,Oeste,75.4,5.3,91.1,4,3,70.17,645192,FW-9919B,1
EQP-31663,3958.2,Gas_Natural,Manha,Leste,88.7,7.5,120.4,228,1,7.0,731739,FW-857CC,1
EQP-31664,,Diesel,Tarde,Norte,106.2,3.99,73.3,110,1,-28.01,194022,FW-DE486,1
EQP-31665,11351.0,Eletrico,Tarde,Norte,37.6,2.0,120.1,151,1,32.01,160075,FW-ACC1F,0
EQP-31666,11401.4, DIESEL ,Tarde,Leste,86.7,3.61,105.7,142,2,-32.96,944669,FW-432B0,1
EQP-31667,3740.2,Diesel,Manha,Norte,62.9,7.3,100.1,249,3,-54.24,410390,FW-9FF3F,0
EQP-31668,13345.7,Diesel,Noite,Norte,74.6,7.96,111.8,330,0,60.96,117399,FW-4CFF3,1
EQP-31669,4204.6,Hibrido,Manha,Norte,94.4,4.59,111.1,54,1,10.83,526450,FW-340D0,1
EQP-31670,5510.6,Eletrico,Tarde,Norte,84.6,6.88,102.4,70,0,-10.2,368830,FW-C9822,1
EQP-31671,12610.5,Gas_Natural,Manha,Sul,87.6,5.1,116.4,47,0,-83.55,780805,FW-D2D87,1
EQP-31672,9079.1,Diesel,Manha,Norte,80.2,6.7,109.9,38,2,73.48,356729,FW-85C3C,1
EQP-31673,,diesel,Manha,Oeste,76.1,,87.7,247,0,-18.29,753007,FW-F0AA6,1
EQP-31674,1666.7,Diesel,Manha,Oeste,88.3,9.56,108.5,149,2,71.02,692840,FW-A4F0B,1
EQP-31675,7991.4,Eletrico,Manha,Norte,117.5,2.11,101.4,325,2,-36.33,404783,FW-2AE52,1
EQP-31676,13062.5,Gas_Natural,Noite,Sul,76.9,0.93,91.5,339,0,53.62,955032,FW-F3A82,1
EQP-31677,5544.4,Eletrico,Noite,Oeste,89.1,11.85,93.2,279,2,7.03,590178,FW-522F1,1
EQP-31678,10889.3,Eletrico,Manha,Oeste,80.1,2.81,125.1,112,1,-29.68,940084,FW-1CAD3,1
EQP-31679,11605.5, DIESEL ,Manha,Sul,77.1,6.45,95.5,130,1,50.22,945708,FW-84BE2,1
EQP-31680,4203.7, DIESEL ,Noite,Leste,87.3,8.72,84.1,289,1,-25.65,880930,FW-4FC71,1
EQP-31681,4023.5,Eletrico,Tarde,Sul,86.9,9.92,99.8,326,0,28.1,144627,FW-585C9,1
EQP-31682,8541.8,Diesel,Tarde,Sul,97.0,4.22,95.4,7,1,-30.0,410899,FW-583E6,1
EQP-31683,2848.5,Diesel,Manha,Leste,78.7,2.13,99.8,30,0,29.2,213097,FW-94B69,0
EQP-31684,11864.4,Diesel,Noite,Leste,69.5,0.56,105.0,360,2,-23.06,611570,FW-841CB,1
EQP-31685,2344.2,Hibrido,Noite,Norte,85.1,12.07,93.1,229,0,58.11,295494,FW-9B1DB,1
EQP-31686,2913.7,Eletrico,Manha,Norte,55.4,5.48,113.9,301,2,29.77,553148,FW-23B42,0
EQP-31687,4675.2,Diesel,Manha,Norte,69.4,4.96,101.5,101,1,-35.03,890143,FW-B349B,0
EQP-31688,11525.4,Hibrido,Tarde,Oeste,73.1,4.96,110.8,87,1,-78.84,500807,FW-66E7B,1
EQP-31689,6638.4,diesel,Manha,Oeste,83.2,0.88,115.5,277,0,14.08,627357,FW-6AEFE,0
EQP-31690,1106.8,Diesel,Tarde,Oeste,69.5,4.62,93.2,168,0,52.57,563630,FW-446AE,0
EQP-31691,10580.4, DIESEL ,Tarde,Oeste,58.4,1.45,97.7,280,1,-0.66,759167,FW-E25DA,1
EQP-31692,9451.0,Gas_Natural,Tarde,Oeste,60.8,1.5,114.2,50,2,73.67,585451,FW-AE83F,1
EQP-31693,2914.3,Diesel,Manha,Norte,68.9,1.14,94.6,314,2,34.17,584471,FW-37062,1
EQP-31694,476.8,Hibrido,Noite,Leste,91.3,4.49,82.4,33,0,50.54,439939,FW-F17F6,0
EQP-31695,5757.3,Eletrico,Tarde,Oeste,64.1,3.54,69.3,10,1,-58.89,205762,FW-DA35F,1
EQP-31696,8607.9,Diesel,Tarde,Sul,77.6,16.14,91.1,78,0,-10.15,451360,FW-D7E08,1
EQP-31697,9615.1,diesel,Tarde,Leste,85.3,2.68,104.2,83,2,13.08,885043,FW-F0C31,1
EQP-31698,14823.1, DIESEL ,Manha,Oeste,66.4,4.63,122.8,304,0,34.48,639799,FW-74CD3,1
EQP-31699,11478.6,Gas_Natural,Noite,Norte,61.1,1.39,97.7,59,2,-93.75,452178,FW-5DFBA,1
EQP-31700,12602.7,diesel,Manha,Leste,66.8,2.5,101.3,357,1,-20.02,835603,FW-6ED76,0
EQP-31701,10449.9,diesel,Noite,Oeste,68.6,5.78,90.8,203,1,-0.0,959386,FW-E8E00,1
EQP-31702,8633.0,Hibrido,Tarde,Oeste,88.9,1.6,97.9,263,3,41.51,661107,FW-BF42F,1
EQP-31703,3939.7,diesel,Tarde,Oeste,87.0,5.67,106.4,156,0,19.08,972046,FW-30D4E,1
EQP-31704,1496.1,Eletrico,Manha,Oeste,75.6,0.74,107.5,332,1,2.43,417333,FW-457FE,1
EQP-31705,8900.8,Eletrico,Manha,Norte,88.7,2.59,104.1,67,1,-52.18,573452,FW-97F2B,0
EQP-31706,13786.8,Hibrido,Manha,Leste,79.2,4.04,104.1,200,1,12.42,701425,FW-9CAF7,1
EQP-31707,12617.1,Diesel,Tarde,Oeste,103.5,2.19,98.2,14,1,40.5,458937,FW-8266C,1
EQP-31708,14476.6,Eletrico,Tarde,Leste,95.3,7.75,97.6,107,0,-70.86,387657,FW-DC451,1
EQP-31709,8824.9,Eletrico,Noite,Sul,79.6,12.88,103.8,124,0,-24.51,434212,FW-2A09E,1
EQP-31710,2160.1,Eletrico,Noite,Sul,85.7,1.82,124.1,152,0,-5.09,305325,FW-D5742,0
EQP-31711,14324.3,Hibrido,Noite,Norte,94.3,1.94,101.0,176,3,5.84,388666,FW-B61AC,1
EQP-31712,9165.0,Eletrico,Manha,Sul,60.3,7.14,90.9,36,1,21.22,118593,FW-6E518,0
EQP-31713,11385.6,Diesel,Manha,Leste,64.4,15.93,116.4,326,1,-0.46,445101,FW-56234,1
EQP-31714,10349.6, DIESEL ,Tarde,Sul,91.2,4.01,96.5,73,0,-65.64,852893,FW-CC7F9,1
EQP-31715,691.0,diesel,Manha,Sul,101.2,0.77,77.5,251,3,-29.91,452958,FW-8008F,0
EQP-31716,400.8,Eletrico,Manha,Sul,63.6,6.62,107.4,311,0,-39.03,461315,FW-DE62E,1
EQP-31717,10959.6,Hibrido,Noite,Norte,65.8,4.47,96.2,249,1,24.28,577918,FW-6D0B1,1
EQP-31718,2796.7,Diesel,Tarde,Oeste,74.4,2.54,93.9,89,2,-24.14,324230,FW-1963A,1
EQP-31719,6967.9,Diesel,Tarde,Sul,70.4,2.96,127.8,93,0,-10.44,185140,FW-B2E0C,1
EQP-31720,12362.2,Diesel,Tarde,Leste,72.3,3.84,102.2,163,2,48.08,862306,FW-9C1E5,1
EQP-31721,5954.9,Diesel,Tarde,Oeste,57.7,,97.7,71,0,-36.51,193347,FW-546AF,1
EQP-31722,2310.6,Diesel,Noite,Sul,83.2,4.47,120.8,182,0,63.87,275528,FW-99CDE,1
EQP-31723,318.1,Gas_Natural,Noite,Sul,71.1,10.38,66.5,7,0,-13.09,711317,FW-34A60,0
EQP-31724,5995.7,Diesel,Noite,Norte,72.5,1.01,70.4,257,1,18.69,467016,FW-45A76,1
EQP-31725,7293.6,diesel,Manha,Oeste,87.4,12.54,106.7,233,0,-20.57,515368,FW-7A87C,1
EQP-31726,1332.6,Hibrido,Noite,Oeste,55.5,2.78,101.7,98,1,-9.34,639318,FW-AEF30,1
EQP-31727,7609.8,Diesel,Tarde,Oeste,74.5,1.2,118.8,153,2,25.14,852482,FW-81A1B,1
EQP-31728,6676.4,Eletrico,Manha,Sul,109.2,3.05,97.3,263,0,-15.25,830729,FW-DE897,1
EQP-31729,7603.0, DIESEL ,Manha,Leste,66.1,3.6,118.1,151,1,-24.51,151203,FW-5BEC7,1
EQP-31730,8579.0,Eletrico,Manha,Sul,78.0,8.87,124.7,255,3,32.46,177708,FW-76590,1
EQP-31731,11129.9,Hibrido,Tarde,Norte,39.4,1.84,98.8,51,1,43.14,316454,FW-D9F6B,1
EQP-31732,14667.5,Eletrico,Tarde,Sul,70.0,4.96,116.1,352,2,-21.39,701028,FW-D5828,1
EQP-31733,1495.5,Diesel,Manha,Leste,64.8,4.29,77.6,270,0,3.45,573429,FW-8F9D5,1
EQP-31734,10259.7,Eletrico,Manha,Oeste,84.1,0.88,112.5,40,2,-34.61,447180,FW-C0736,1
EQP-31735,7535.0,Eletrico,Tarde,Oeste,100.2,2.18,118.5,231,1,14.62,290408,FW-52081,1
EQP-31736,14879.7,Eletrico,Manha,Sul,85.3,22.58,102.4,27,1,42.42,274940,FW-DDDE6,1
EQP-31737,710.4,Eletrico,Tarde,Leste,38.8,1.84,77.1,350,1,6.13,723191,FW-7FCDB,0
EQP-31738,13622.1,Diesel,Tarde,Sul,70.7,10.67,107.5,58,2,52.57,460272,FW-9EC44,1
EQP-31739,4774.4,Diesel,Manha,Norte,86.9,3.36,96.7,81,2,-33.36,812469,FW-3BB03,1
EQP-31740,11398.4, DIESEL ,Manha,Norte,29.9,2.46,95.0,273,2,-48.96,619337,FW-824A1,1
EQP-31741,14134.5,diesel,Noite,Leste,65.9,1.67,83.6,5,1,-31.04,826607,FW-9EC05,1
EQP-31742,2219.3, DIESEL ,Noite,Sul,52.5,2.05,98.6,5,1,-42.32,958860,FW-4465F,0
EQP-31743,14885.8,Hibrido,Noite,Oeste,85.3,11.07,124.3,165,1,44.53,100851,FW-DC345,1
EQP-31744,9648.4,Eletrico,Manha,Norte,60.4,0.81,85.0,40,1,9.01,764230,FW-68513,0
EQP-31745,4775.7,diesel,Manha,Oeste,60.8,3.68,85.7,231,2,-1.06,849138,FW-DE1A0,1
EQP-31746,5654.1, DIESEL ,Noite,Sul,60.0,1.49,96.3,130,1,-25.95,488238,FW-7D00D,1
EQP-31747,1347.1,Eletrico,Manha,Sul,94.0,4.85,82.8,8,1,29.6,655007,FW-D0407,1
EQP-31748,10575.6,Diesel,Manha,Norte,88.2,2.29,117.0,74,0,15.26,700754,FW-4ABE3,1
EQP-31749,1398.8,Diesel,Tarde,Oeste,74.7,16.08,100.4,77,0,-20.25,410258,FW-B3DDB,1
EQP-31750,6435.1,Gas_Natural,Manha,Norte,75.3,3.41,91.7,61,0,19.18,462828,FW-8F587,1
EQP-31751,10605.2, DIESEL ,Manha,Leste,68.5,6.93,89.3,297,0,40.81,459938,FW-31C31,1
EQP-31752,14058.5,diesel,Manha,Leste,73.7,1.35,102.6,158,1,39.84,501203,FW-1A1AF,1
EQP-31753,3235.0, DIESEL ,Noite,Norte,72.7,9.14,81.3,143,1,42.41,119560,FW-A4A3D,1
EQP-31754,3650.9, DIESEL ,Manha,Leste,79.9,4.14,90.5,258,1,20.13,657484,FW-38AF5,1
EQP-31755,9273.6,Eletrico,Tarde,Oeste,73.2,1.41,89.0,277,0,-4.95,332722,FW-CC9EF,1
EQP-31756,13897.5,Diesel,Tarde,Oeste,81.7,10.86,118.6,2,1,-67.62,841419,FW-BD664,1
EQP-31757,5115.7,Eletrico,Tarde,Sul,69.0,6.73,120.6,250,1,40.63,221975,FW-BC25D,1
EQP-31758,14482.1,Gas_Natural,Noite,Leste,83.1,7.86,100.5,36,0,33.58,550893,FW-B2FFE,1
EQP-31759,13162.2, DIESEL ,Noite,Norte,105.9,0.97,99.6,315,0,-4.08,996738,FW-D11E4,1
EQP-31760,6915.9, DIESEL ,Noite,Oeste,98.8,3.38,106.7,223,2,54.7,861299,FW-B5288,1
EQP-31761,5720.1,diesel,Manha,Norte,53.9,3.66,107.4,23,0,-27.11,658201,FW-DEF65,0
EQP-31762,5602.7,Gas_Natural,Manha,Oeste,62.0,8.41,122.8,129,0,64.05,712018,FW-7854B,1
EQP-31763,1372.3,Diesel,Manha,Oeste,65.7,4.85,78.7,205,0,-51.31,360216,FW-C159C,1
EQP-31764,12610.1,Hibrido,Noite,Norte,59.6,4.9,108.5,7,3,19.84,439148,FW-D9FF4,1
EQP-31765,6179.1,Diesel,Manha,Norte,86.3,,99.8,200,0,34.41,943318,FW-959DF,1
EQP-31766,6108.1,Eletrico,Tarde,Norte,67.1,6.24,113.4,244,1,10.74,348938,FW-6D416,1
EQP-31767,,Diesel,Noite,Leste,104.9,0.86,77.8,148,1,9.46,909123,FW-DE8F8,1
EQP-31768,12849.2,Diesel,Tarde,Norte,93.4,2.46,91.5,243,0,-44.29,220138,FW-8A2F6,1
EQP-31769,7981.0, DIESEL ,Noite,Oeste,92.2,1.25,94.7,300,0,-4.82,214122,FW-59095,1
EQP-31770,10951.0,Gas_Natural,Tarde,Norte,77.5,2.28,90.7,43,1,9.51,247455,FW-9211E,1
EQP-31771,10434.2,Eletrico,Noite,Leste,93.8,4.03,98.7,142,1,-3.63,831088,FW-CFB5B,1
EQP-31772,10749.3,Diesel,Manha,Norte,77.1,3.56,117.1,128,0,1.28,904747,FW-AD247,0
EQP-31773,8839.3,Hibrido,Noite,Leste,48.0,3.78,89.3,86,0,33.59,826041,FW-98F6C,0
EQP-31774,4297.7,Diesel,Noite,Leste,70.5,7.56,80.2,31,2,-51.26,963049,FW-6B80B,1
EQP-31775,5344.6,Diesel,Noite,Leste,63.1,0.97,80.0,159,1,-12.48,545258,FW-8C919,1
EQP-31776,8393.5,Eletrico,Manha,Leste,65.6,2.35,95.3,152,1,-31.06,109240,FW-32509,1
EQP-31777,11131.6,Eletrico,Tarde,Norte,68.0,4.81,112.1,255,0,-41.64,747685,FW-453EB,1
EQP-31778,7892.2,Diesel,Noite,Oeste,70.2,2.22,111.4,22,0,-9.38,188430,FW-AD348,1
EQP-31779,12829.9,Diesel,Manha,Sul,97.2,4.11,73.0,210,1,5.12,139501,FW-D48F8,1
EQP-31780,6561.6, DIESEL ,Noite,Sul,47.1,3.26,103.7,104,1,-11.63,290822,FW-E4486,1
EQP-31781,12871.9,Diesel,Manha,Leste,62.4,5.36,89.9,197,4,14.99,366774,FW-A0BEC,1
EQP-31782,12652.9,Diesel,Noite,Norte,66.3,0.9,120.7,110,1,26.88,228377,FW-A9AE5,1
EQP-31783,3098.4,Eletrico,Manha,Sul,93.6,2.99,100.8,134,0,-32.42,962709,FW-EF5F2,1
EQP-31784,4256.2,Eletrico,Manha,Norte,62.1,1.52,106.5,98,0,-86.33,534691,FW-31FEB,0
EQP-31785,5113.5,Hibrido,Tarde,Norte,60.5,0.6,99.7,49,2,50.18,386166,FW-97D21,0
EQP-31786,13680.5,Eletrico,Noite,Norte,71.1,1.68,113.8,331,1,42.53,647062,FW-BC17F,1
EQP-31787,1907.9,Gas_Natural,Tarde,Sul,87.8,0.85,93.1,174,2,13.72,974793,FW-7ECC3,1
EQP-31788,12107.0,Gas_Natural,Manha,Norte,71.2,0.93,75.5,145,1,-28.85,245712,FW-3DA2E,0
EQP-31789,11595.8, DIESEL ,Tarde,Sul,100.6,0.88,111.5,279,1,60.16,361439,FW-B524C,1
EQP-31790,11435.6,Diesel,Manha,Oeste,48.9,1.92,88.9,159,2,-4.27,832686,FW-CDB8F,1
EQP-31791,7182.3,Diesel,Manha,Oeste,77.9,2.56,120.7,295,0,-0.35,507776,FW-2B1DD,1
EQP-31792,6619.9,diesel,Manha,Leste,61.0,8.44,86.3,262,0,32.26,152484,FW-71AEF,1
EQP-31793,13925.5,Diesel,Manha,Leste,84.7,4.4,109.2,298,1,-1.5,926907,FW-9A9F7,1
EQP-31794,13611.0,Gas_Natural,Noite,Oeste,110.0,5.06,135.3,112,1,7.14,845091,FW-2239B,1
EQP-31795,2757.3,Diesel,Noite,Sul,85.7,8.99,108.5,251,3,22.0,881952,FW-B65AC,1
EQP-31796,8706.9,Eletrico,Manha,Leste,62.9,0.64,73.0,9,1,30.08,215649,FW-2A224,1
EQP-31797,2953.0,Eletrico,Manha,Oeste,73.0,8.22,99.3,110,1,22.39,270437,FW-B502D,1
EQP-31798,13716.9,Diesel,Manha,Norte,47.1,6.62,63.2,172,0,15.96,333582,FW-4BBF8,1
EQP-31799,10810.5, DIESEL ,Noite,Oeste,58.2,2.2,95.8,155,0,28.65,254406,FW-DE952,1
EQP-31800,1799.9,Diesel,Noite,Oeste,63.5,15.18,100.4,166,0,-31.03,940304,FW-E4000,1
EQP-31801,12152.1,Eletrico,Manha,Leste,96.6,6.07,95.2,210,0,1.04,751073,FW-ADAAA,1
EQP-31802,2221.1,Gas_Natural,Manha,Norte,72.6,18.71,125.7,306,1,16.19,632422,FW-666D4,1
EQP-31803,3783.6, DIESEL ,Manha,Sul,43.5,0.76,111.6,253,0,10.32,186417,FW-46CB7,0
EQP-31804,14516.5,Hibrido,Tarde,Norte,76.7,6.39,121.2,358,1,22.33,684928,FW-ABF4C,1
EQP-31805,4160.6,Diesel,Manha,Norte,105.0,2.12,106.3,273,2,-34.26,696995,FW-7FB9B,1
EQP-31806,1679.0,Gas_Natural,Manha,Sul,85.2,,101.0,253,0,-8.59,742031,FW-B5F5A,1
EQP-31807,4507.9,Hibrido,Tarde,Leste,60.1,1.84,110.7,323,2,7.58,686454,FW-8E3DB,1
EQP-31808,7414.7,Gas_Natural,Tarde,Leste,84.2,4.36,104.1,340,1,-25.43,930896,FW-9A388,1
EQP-31809,406.3,Eletrico,Manha,Sul,81.9,7.7,103.7,181,0,2.31,418351,FW-A8569,1
EQP-31810,958.1,Eletrico,Manha,Sul,91.7,1.11,119.2,67,1,4.18,107274,FW-ECD15,1
EQP-31811,3002.5,diesel,Tarde,Norte,77.3,1.35,110.8,244,2,-51.12,398200,FW-1C42D,1
EQP-31812,,Eletrico,Noite,Oeste,64.2,1.84,103.0,192,0,-34.67,684276,FW-36A2B,1
EQP-31813,11155.6,Diesel,Manha,Sul,102.3,1.43,111.0,288,0,5.16,154931,FW-E988A,1
EQP-31814,611.9,Diesel,Noite,Oeste,60.9,10.98,109.8,169,1,3.26,777859,FW-4F420,1
EQP-31815,3645.3, DIESEL ,Noite,Sul,75.6,4.18,97.3,259,0,21.06,258700,FW-8D848,1
EQP-31816,13647.5,Eletrico,Tarde,Leste,76.7,3.05,111.0,116,0,20.57,884069,FW-D7203,0
EQP-31817,14076.8,Eletrico,Manha,Sul,67.5,16.45,101.3,310,0,13.17,460705,FW-33075,1
EQP-31818,6718.7,Eletrico,Tarde,Sul,72.0,5.32,107.9,8,2,-1.57,944248,FW-564DC,1
EQP-31819,7690.1,Diesel,Tarde,Leste,99.7,,115.4,271,0,35.23,317125,FW-A36BB,1
EQP-31820,554.7,Diesel,Tarde,Oeste,70.0,9.05,102.1,93,0,-35.1,560429,FW-8F8F2,1
EQP-31821,9724.5,Diesel,Tarde,Norte,50.7,,114.8,214,0,-49.16,941514,FW-5B69E,0
EQP-31822,5443.3,Hibrido,Manha,Norte,68.4,1.95,83.5,25,2,5.38,553158,FW-E87BB,1
EQP-31823,5325.3, DIESEL ,Tarde,Sul,102.3,2.59,105.7,21,2,4.82,543107,FW-C08E7,1
EQP-31824,10471.5,Eletrico,Tarde,Leste,66.9,9.31,89.1,104,2,14.96,938279,FW-34114,1
EQP-31825,5989.5,Eletrico,Noite,Leste,71.4,3.55,99.2,282,1,-81.73,175379,FW-9A484,0
EQP-31826,8244.4,Eletrico,Tarde,Leste,84.3,1.71,141.3,128,2,-23.09,509557,FW-8704A,0
EQP-31827,1382.2, DIESEL ,Tarde,Leste,65.8,0.61,99.4,323,1,-30.12,451534,FW-38B69,0
EQP-31828,2240.6,Eletrico,Tarde,Leste,70.4,2.79,124.2,126,2,41.16,249727,FW-A8A8E,1
EQP-31829,4057.5,Gas_Natural,Manha,Sul,75.6,0.82,86.1,348,0,21.05,284843,FW-D0A2A,1
EQP-31830,8773.0,Diesel,Tarde,Norte,75.0,10.4,104.0,244,2,-61.74,689988,FW-23B57,1
EQP-31831,3477.6,Diesel,Manha,Norte,81.8,4.54,92.5,343,0,-20.6,882509,FW-E2E71,1
EQP-31832,2141.9,Diesel,Manha,Norte,90.5,10.0,98.4,151,1,-11.76,978467,FW-BE1D0,1
EQP-31833,10114.3,Hibrido,Manha,Norte,81.1,2.69,54.8,295,3,50.42,717883,FW-8D284,1
EQP-31834,7576.8, DIESEL ,Manha,Oeste,78.0,4.42,80.3,97,2,50.52,662714,FW-F1D65,1
EQP-31835,324.0, DIESEL ,Manha,Norte,82.9,7.12,82.8,75,0,-4.74,151749,FW-2D607,0
EQP-31836,13270.9,Gas_Natural,Manha,Sul,63.0,2.49,106.6,213,1,12.49,597870,FW-F2770,1
EQP-31837,4440.4,Eletrico,Noite,Norte,73.5,4.94,86.1,149,0,-60.46,992550,FW-7E82F,1
EQP-31838,2793.6,Eletrico,Tarde,Sul,81.2,5.84,92.7,77,0,-25.56,383102,FW-CBB23,1
EQP-31839,2154.8,Diesel,Manha,Oeste,85.3,9.62,108.3,363,0,-22.28,396649,FW-CC9CB,1
EQP-31840,6262.8, DIESEL ,Tarde,Oeste,95.0,1.5,108.5,115,0,28.66,717277,FW-DAEF3,1
EQP-31841,9625.3,Diesel,Manha,Sul,6.5,4.84,108.8,9,0,20.71,890800,FW-43E8B,0
EQP-31842,12662.4,Eletrico,Manha,Norte,60.0,3.44,99.7,87,2,51.58,261898,FW-E877C,1
EQP-31843,, DIESEL ,Manha,Oeste,51.7,1.06,99.5,204,2,54.05,748084,FW-29220,1
EQP-31844,7077.9,diesel,Manha,Leste,64.4,4.28,97.9,109,2,-17.0,200824,FW-D2C15,1
EQP-31845,14954.5, DIESEL ,Tarde,Oeste,81.8,8.58,94.9,35,1,26.53,332817,FW-3555C,1
EQP-31846,1041.7,Gas_Natural,Noite,Leste,69.9,4.93,120.6,174,0,33.04,686087,FW-C79AB,1
EQP-31847,8137.4,Diesel,Manha,Sul,108.9,8.63,74.2,85,1,16.34,686526,FW-196E8,1
EQP-31848,12443.8, DIESEL ,Manha,Norte,99.1,1.78,99.4,44,1,13.61,116780,FW-26B84,1
EQP-31849,14417.9,Gas_Natural,Tarde,Oeste,105.8,3.18,108.8,65,2,10.21,193016,FW-420A1,1
EQP-31850,10337.2,Eletrico,Tarde,Leste,107.9,9999.0,108.5,215,0,21.56,424214,FW-A4016,0
EQP-31851,100.9, DIESEL ,Manha,Norte,70.9,16.72,98.3,132,1,-12.62,253953,FW-5A3A2,1
EQP-31852,9193.7, DIESEL ,Noite,Oeste,65.9,5.98,114.3,178,0,49.3,185590,FW-A31CF,1
EQP-31853,7963.5,Diesel,Tarde,Leste,60.6,1.59,74.9,261,0,20.83,385365,FW-ED8F8,1
EQP-31854,4450.0, DIESEL ,Manha,Oeste,102.5,8.02,112.0,128,0,16.99,799534,FW-7226C,1
EQP-31855,1852.5,Gas_Natural,Manha,Norte,97.6,3.48,111.3,15,0,76.25,382065,FW-618E0,0
EQP-31856,3494.5, DIESEL ,Tarde,Oeste,58.7,2.67,81.1,272,0,33.4,771609,FW-26906,1
EQP-31857,4088.0,Diesel,Tarde,Leste,77.9,1.85,73.8,263,0,76.16,925303,FW-DB3DB,0
EQP-31858,4923.4,Eletrico,Noite,Norte,98.5,3.24,118.4,290,0,68.53,140196,FW-D9F28,1
EQP-31859,8583.9,Diesel,Manha,Oeste,82.9,10.92,95.0,16,1,51.85,697404,FW-2AC5C,1
EQP-31860,6857.6, DIESEL ,Tarde,Oeste,90.4,6.65,83.7,360,0,30.27,422761,FW-5703E,1
EQP-31861,13465.4, DIESEL ,Manha,Oeste,84.8,0.92,114.8,218,0,-40.66,333990,FW-BF88A,1
EQP-31862,7565.2, DIESEL ,Tarde,Sul,71.3,4.47,102.4,20,0,-19.14,887266,FW-E5CEA,1
EQP-31863,6397.8,Diesel,Noite,Leste,76.7,2.85,102.7,348,0,-25.22,619620,FW-B7023,1
EQP-31864,10532.0,Diesel,Manha,Leste,71.6,0.54,120.9,59,1,-23.95,318138,FW-9D867,1
EQP-31865,11306.6,Diesel,Manha,Leste,50.8,6.66,99.9,355,0,39.43,168989,FW-CEF43,1
EQP-31866,4785.4,Gas_Natural,Tarde,Sul,111.1,,100.3,106,0,-3.15,857925,FW-1F068,1
EQP-31867,9409.3,Hibrido,Tarde,Leste,84.3,4.08,118.2,143,2,128.87,674710,FW-35880,1
EQP-31868,5772.4,Eletrico,Manha,Sul,65.0,6.92,75.0,19,1,33.4,731165,FW-D44A9,1
EQP-31869,2717.4,Gas_Natural,Manha,Norte,80.5,,108.2,30,0,43.92,744569,FW-612B2,1
EQP-31870,,Gas_Natural,Noite,Oeste,105.0,6.39,101.5,93,2,-28.23,947973,FW-B5C41,1
EQP-31871,3561.8,diesel,Noite,Leste,97.0,16.26,111.4,93,0,-10.88,668355,FW-52051,1
EQP-31872,3529.2, DIESEL ,Tarde,Sul,79.4,,94.6,123,1,41.55,524884,FW-B739E,1
EQP-31873,7371.8,Gas_Natural,Tarde,Leste,73.5,3.67,90.5,251,1,35.14,507203,FW-8C9BC,1
EQP-31874,1549.8,Eletrico,Tarde,Sul,75.2,16.26,113.2,297,0,-27.04,500295,FW-42AD6,1
EQP-31875,9173.0, DIESEL ,Tarde,Leste,67.2,3.19,97.3,202,0,46.46,880514,FW-B9350,1
EQP-31876,6468.0,Diesel,Manha,Norte,35.8,19.95,91.8,80,1,21.8,677943,FW-A0F74,1
EQP-31877,8843.4,Eletrico,Noite,Oeste,89.9,33.69,87.6,322,1,-20.88,667455,FW-9D7F6,1
EQP-31878,2156.6,Eletrico,Tarde,Sul,71.7,2.02,90.1,262,0,-33.51,153674,FW-421E8,1
EQP-31879,12642.1,Diesel,Manha,Leste,72.7,15.04,111.5,236,0,-25.06,252412,FW-B7309,1
EQP-31880,1370.6,Eletrico,Manha,Norte,81.2,16.8,83.7,263,0,-34.97,870959,FW-C2CFF,1
EQP-31881,8418.0, DIESEL ,Manha,Leste,77.9,6.03,100.7,257,0,-31.08,161581,FW-7F422,1
EQP-31882,3309.0,Diesel,Tarde,Leste,52.4,3.2,86.5,21,0,11.92,268110,FW-2EB0D,0
EQP-31883,786.7, DIESEL ,Manha,Norte,70.2,2.11,92.2,269,1,9.88,396560,FW-77BB7,1
EQP-31884,4409.3,Eletrico,Manha,Sul,90.5,2.19,131.2,45,2,1.48,882827,FW-2D07F,0
EQP-31885,3709.0,Diesel,Noite,Sul,94.1,9.2,72.4,73,1,21.67,633817,FW-5384B,1
EQP-31886,11061.5,Hibrido,Manha,Sul,91.5,0.6,82.0,228,0,-63.14,782422,FW-ECC0F,1
EQP-31887,7361.6,Diesel,Manha,Oeste,93.6,24.47,103.1,21,1,72.53,802880,FW-7B6B9,1
EQP-31888,8283.8,diesel,Noite,Leste,80.7,4.84,80.2,225,3,-15.69,564127,FW-2DE7D,1
EQP-31889,2840.1, DIESEL ,Manha,Oeste,87.2,12.6,86.5,35,0,15.07,615993,FW-44D48,1
EQP-31890,4700.7, DIESEL ,Manha,Norte,76.1,4.93,118.4,320,2,60.28,340254,FW-C4ED8,1
EQP-31891,14554.5,Diesel,Manha,Sul,110.0,4.33,97.2,312,1,-40.74,762358,FW-DE568,1
EQP-31892,1676.1,Diesel,Noite,Leste,101.7,5.84,78.4,333,1,-18.37,561375,FW-A9E97,1
EQP-31893,5055.8,Eletrico,Manha,Leste,59.9,5.29,118.5,292,0,-84.19,914177,FW-D0333,0
EQP-31894,13240.3, DIESEL ,Tarde,Leste,98.8,2.01,73.1,114,1,41.14,921883,FW-DFC17,1
EQP-31895,12307.4,Diesel,Tarde,Norte,78.0,2.95,93.9,191,2,38.78,273862,FW-AD939,1
EQP-31896,2555.0,Diesel,Tarde,Oeste,106.6,1.0,117.4,9,1,-24.37,291805,FW-6DE1C,1
EQP-31897,,Diesel,Tarde,Leste,56.4,1.08,93.8,87,0,16.35,961156,FW-A1CFE,0
EQP-31898,9161.9,Diesel,Tarde,Oeste,89.6,,79.2,309,2,-38.7,531988,FW-CE175,1
EQP-31899,8787.3,Diesel,Manha,Oeste,90.8,24.82,129.6,294,0,-27.22,380553,FW-26FE4,1
EQP-31900,7151.8,Hibrido,Tarde,Leste,60.2,1.11,71.6,120,0,-25.12,518380,FW-BD90E,0
EQP-31901,14727.4,Diesel,Tarde,Leste,39.4,10.8,106.6,323,0,-7.48,758884,FW-19161,1
EQP-31902,647.5,Eletrico,Noite,Leste,58.9,4.05,104.3,148,2,-28.11,713344,FW-C32DA,1
EQP-31903,4324.1,Eletrico,Manha,Leste,57.0,6.94,115.3,283,1,4.33,315080,FW-84A8C,1
EQP-31904,5454.4,Gas_Natural,Manha,Oeste,55.4,4.28,84.2,44,1,-1.25,765687,FW-CB31E,1
EQP-31905,10086.7,Diesel,Tarde,Oeste,31.6,0.85,123.6,107,1,26.0,989750,FW-6024C,0
EQP-31906,4783.1,Hibrido,Tarde,Oeste,31.7,3.16,126.8,92,1,15.06,865297,FW-290CE,0
EQP-31907,2693.4,Eletrico,Manha,Oeste,90.5,9.97,101.4,121,0,-55.25,319239,FW-4D093,1
EQP-31908,5901.4,Diesel,Manha,Leste,73.7,11.41,77.8,279,1,-57.93,165921,FW-98940,1
EQP-31909,9078.8,Diesel,Tarde,Leste,41.3,1.35,99.9,261,0,23.89,480948,FW-95C8F,1
EQP-31910,6180.5,Diesel,Tarde,Sul,114.0,3.25,88.7,228,3,-9.79,201311,FW-B7896,1
EQP-31911,8767.4,Diesel,Tarde,Sul,95.1,5.49,88.6,275,1,-51.13,426918,FW-91E19,1
EQP-31912,5671.1, DIESEL ,Tarde,Norte,61.9,1.84,89.1,299,1,45.19,585414,FW-2E759,0
EQP-31913,10005.9,Eletrico,Tarde,Sul,106.1,0.53,110.4,62,3,21.51,563516,FW-2BFAB,1
EQP-31914,8376.2,Diesel,Noite,Leste,60.9,0.72,93.4,304,0,-14.22,336798,FW-46780,1
EQP-31915,12515.8,Eletrico,Manha,Oeste,65.8,4.32,89.8,204,1,-42.3,491791,FW-98E72,1
EQP-31916,13674.2,Eletrico,Noite,Sul,75.9,1.19,102.4,246,2,1.88,102248,FW-E6BC6,1
EQP-31917,,Gas_Natural,Noite,Norte,87.0,1.03,97.3,359,1,-36.78,732374,FW-E242E,1
EQP-31918,3556.3,Eletrico,Manha,Leste,35.1,3.94,100.6,25,0,-78.46,738562,FW-3E306,0
EQP-31919,7520.3,Diesel,Tarde,Oeste,56.8,0.53,83.2,58,1,-22.85,270779,FW-45438,1
EQP-31920,6700.8,Hibrido,Noite,Norte,65.0,4.18,114.3,169,0,46.23,144972,FW-39B98,1
EQP-31921,14735.2,Gas_Natural,Noite,Oeste,62.3,7.55,97.7,364,1,15.06,790851,FW-7EBC9,1
EQP-31922,9536.2,Diesel,Tarde,Sul,95.3,3.27,93.8,346,2,-18.45,374237,FW-DB581,1
EQP-31923,3976.3,diesel,Manha,Oeste,82.7,2.2,105.1,275,2,-8.57,772516,FW-AF21F,1
EQP-31924,4761.3,Gas_Natural,Tarde,Norte,84.6,3.33,89.4,173,0,33.83,659805,FW-C168E,1
EQP-31925,,diesel,Manha,Norte,61.2,1.19,95.9,140,1,1.51,388626,FW-B9124,0
EQP-31926,538.3,Eletrico,Tarde,Norte,75.8,7.15,109.7,289,0,23.42,893434,FW-DAD42,0
EQP-31927,14481.2,Hibrido,Tarde,Oeste,47.8,7.02,103.1,332,1,46.32,468805,FW-AB37D,1
EQP-31928,1431.6,Gas_Natural,Tarde,Norte,96.4,18.86,77.1,270,1,37.43,447694,FW-94E0F,1
EQP-31929,8576.5,Gas_Natural,Tarde,Oeste,80.4,3.19,119.2,223,0,-11.66,457377,FW-4E59B,0
EQP-31930,,Diesel,Manha,Leste,73.1,0.58,71.4,171,0,-6.1,586232,FW-67916,1
EQP-31931,10843.1, DIESEL ,Manha,Sul,52.4,16.64,92.4,203,1,46.26,770297,FW-28190,1
EQP-31932,7880.3,Eletrico,Tarde,Norte,101.6,1.97,78.9,296,0,11.18,803346,FW-50FFA,1
EQP-31933,14150.0,Diesel,Tarde,Norte,34.9,2.05,110.5,95,1,-28.95,627767,FW-6B2F4,1
EQP-31934,13036.5,Gas_Natural,Noite,Sul,105.9,5.15,88.3,50,0,56.62,390783,FW-81A59,1
EQP-31935,429.7,Gas_Natural,Manha,Norte,86.1,0.72,97.7,182,1,46.13,186620,FW-240C7,1
EQP-31936,5022.4,Hibrido,Tarde,Norte,95.0,4.98,95.6,229,1,24.99,403584,FW-B8D2F,1
EQP-31937,12719.1,Diesel,Manha,Leste,72.9,0.72,93.8,187,2,-23.11,652827,FW-EA961,1
EQP-31938,6010.7,Eletrico,Tarde,Oeste,55.2,22.75,102.2,31,1,22.33,102716,FW-C03D9,1
EQP-31939,13882.0,Gas_Natural,Noite,Leste,58.6,1.47,98.1,60,0,1.81,682675,FW-B3574,1
EQP-31940,10675.5,diesel,Noite,Norte,73.2,2.27,83.1,3,1,0.26,171931,FW-EAF83,1
EQP-31941,1826.9,Diesel,Tarde,Leste,96.0,3.54,102.4,266,0,-22.41,561174,FW-7C5D6,1
EQP-31942,6297.7,Diesel,Noite,Sul,58.0,3.44,99.2,355,2,-7.45,580580,FW-5C5CB,1
EQP-31943,2932.2,Hibrido,Tarde,Oeste,62.9,5.39,95.1,124,2,46.46,120503,FW-79912,1
EQP-31944,3147.0,Diesel,Tarde,Norte,58.6,0.65,99.5,318,0,-10.83,362588,FW-918FE,0
EQP-31945,9241.3,Diesel,Manha,Oeste,109.4,3.46,98.5,106,1,13.9,963229,FW-C433E,1
EQP-31946,1894.8,Eletrico,Tarde,Norte,73.3,7.79,116.3,110,0,-2.08,365642,FW-E26AE,1
EQP-31947,9774.1,Hibrido,Noite,Norte,85.6,6.49,125.1,268,1,29.48,294493,FW-837B4,1
EQP-31948,6613.8,Eletrico,Tarde,Sul,75.9,9.63,117.7,162,0,-43.61,912402,FW-CA351,1
EQP-31949,4836.9, DIESEL ,Manha,Oeste,71.2,5.59,84.9,333,0,68.62,971737,FW-22AA6,1
EQP-31950,10626.5,Eletrico,Tarde,Norte,64.4,1.04,89.4,328,0,-52.26,871414,FW-657D6,1
EQP-31951,6253.0,Eletrico,Tarde,Leste,81.1,2.65,86.9,144,1,-19.95,611268,FW-AC1B8,1
EQP-31952,4362.1,Diesel,Noite,Leste,74.2,2.87,122.0,266,0,-21.06,627870,FW-2FCDA,1
EQP-31953,6208.3, DIESEL ,Noite,Leste,53.0,3.91,86.4,335,2,33.85,159766,FW-BF5DC,1
EQP-31954,13381.9, DIESEL ,Tarde,Oeste,58.6,1.86,77.9,143,2,0.45,158516,FW-310F5,0
EQP-31955,12234.2,Diesel,Manha,Sul,86.0,1.09,110.5,226,0,-10.8,241410,FW-A6541,1
EQP-31956,5133.5,Hibrido,Noite,Leste,107.4,1.42,87.8,174,0,47.16,218600,FW-62B60,1
EQP-31957,10397.7,Eletrico,Manha,Norte,96.2,7.59,112.2,200,1,54.67,104972,FW-2902E,1
EQP-31958,14693.7,Eletrico,Manha,Norte,94.1,5.82,94.4,358,0,-26.23,221406,FW-40652,1
EQP-31959,7386.6,Eletrico,Manha,Norte,84.4,2.32,98.9,310,0,-43.39,595395,FW-9CB5D,1
EQP-31960,2027.7,Diesel,Tarde,Sul,70.3,,82.2,211,0,29.8,325514,FW-27103,1
EQP-31961,4164.4,Diesel,Noite,Norte,78.4,35.0,113.5,244,0,-41.56,822888,FW-53C61,1
EQP-31962,13849.3,Hibrido,Tarde,Sul,80.3,0.57,97.5,191,0,14.53,527106,FW-B3B2F,1
EQP-31963,1653.3,Diesel,Manha,Norte,109.0,4.6,95.0,199,1,-23.2,188947,FW-DB030,1
EQP-31964,592.2,Eletrico,Manha,Oeste,78.2,5.04,95.8,95,2,33.2,205852,FW-5DD37,1
EQP-31965,12922.1, DIESEL ,Tarde,Oeste,71.1,3.58,101.5,153,0,-32.03,619124,FW-47F99,1
EQP-31966,,Diesel,Manha,Oeste,45.7,2.18,98.8,277,3,32.4,918023,FW-D28F0,1
EQP-31967,1977.2, DIESEL ,Tarde,Sul,67.0,0.69,94.9,215,2,-29.42,698523,FW-86831,1
EQP-31968,5947.2,Diesel,Manha,Oeste,93.0,12.07,103.6,153,2,-64.49,969707,FW-AD898,1
EQP-31969,4897.2,Diesel,Noite,Norte,83.1,0.62,105.1,230,1,35.5,111966,FW-7FBC1,1
EQP-31970,7894.0,Diesel,Noite,Sul,78.0,3.41,113.6,258,0,2.66,133118,FW-8CD5A,1
EQP-31971,6270.1,diesel,Tarde,Oeste,60.5,6.06,90.9,186,0,-16.13,867380,FW-E5778,0
EQP-31972,11152.5,Diesel,Tarde,Oeste,112.5,4.52,77.9,296,0,-34.61,245577,FW-41217,1
EQP-31973,7149.1,Diesel,Noite,Norte,54.0,10.12,100.0,100,0,-7.84,731892,FW-7185D,0
EQP-31974,1874.6,Eletrico,Tarde,Sul,77.4,1.67,98.0,87,2,-18.4,730581,FW-41FC5,1
EQP-31975,3064.5, DIESEL ,Tarde,Sul,98.0,2.57,86.9,241,3,6.51,389139,FW-19024,1
EQP-31976,6214.1,Diesel,Noite,Sul,75.4,6.11,88.1,182,0,-24.11,492840,FW-9B234,1
EQP-31977,,Eletrico,Manha,Sul,89.0,0.85,123.4,298,2,-0.05,271848,FW-CCE77,1
EQP-31978,9999.2,Hibrido,Tarde,Leste,58.8,4.68,106.3,62,1,78.64,281154,FW-4F5F3,1
EQP-31979,4232.2,diesel,Manha,Sul,83.6,2.85,152.1,45,0,36.67,916385,FW-C5A08,0
EQP-31980,14499.0,Eletrico,Noite,Sul,80.6,13.95,98.7,159,7,-37.61,719372,FW-45771,1
EQP-31981,6910.7,Gas_Natural,Tarde,Sul,59.7,4.89,106.9,105,0,-1.82,569759,FW-8E359,1
EQP-31982,1150.2,Eletrico,Manha,Norte,118.4,5.58,94.5,273,0,-0.75,592261,FW-83F71,1
EQP-31983,13593.4,Diesel,Manha,Sul,48.1,7.9,95.9,198,0,-59.78,710050,FW-571F5,1
EQP-31984,4681.6,Diesel,Manha,Sul,77.3,3.37,105.4,159,1,-2.17,927630,FW-678D2,1
EQP-31985,13672.9,Diesel,Manha,Norte,100.5,1.05,88.9,29,1,-61.7,313587,FW-9B45E,1
EQP-31986,7709.4,Eletrico,Tarde,Norte,73.5,6.36,91.5,53,1,-69.45,185146,FW-D9EA8,1
EQP-31987,5785.8,Eletrico,Manha,Norte,75.7,12.99,76.1,127,1,-7.61,777683,FW-A797A,1
EQP-31988,3924.5,Diesel,Manha,Leste,79.9,3.6,107.4,42,1,-55.84,472680,FW-8094F,1
EQP-31989,5135.7, DIESEL ,Manha,Sul,54.5,1.14,97.2,37,0,-43.88,659451,FW-6DC27,0
EQP-31990,14977.7,Eletrico,Manha,Leste,67.8,4.24,133.3,319,0,-57.84,686403,FW-372BC,1
EQP-31991,136.2,Gas_Natural,Manha,Sul,83.3,16.58,79.0,320,0,25.19,122496,FW-E7C52,1
EQP-31992,5296.7,Diesel,Tarde,Norte,72.5,2.82,94.6,146,0,22.11,604809,FW-1D22B,1
EQP-31993,6373.4,Gas_Natural,Manha,Leste,72.4,3.21,125.2,339,1,40.81,782533,FW-22E0F,1
EQP-31994,6869.6,Diesel,Manha,Sul,81.1,1.43,96.7,160,1,6.24,834392,FW-CB697,0
EQP-31995,3853.5,diesel,Manha,Norte,71.7,,99.4,1,3,-19.52,359721,FW-7CC9C,1
EQP-31996,300.3, DIESEL ,Tarde,Norte,77.3,5.55,117.4,319,1,42.54,398889,FW-4CB2D,1
EQP-31997,1429.5,Gas_Natural,Manha,Oeste,78.0,12.36,85.8,291,0,4.46,151717,FW-64CEB,1
EQP-31998,14318.0,diesel,Manha,Leste,88.7,1.1,99.9,306,0,-11.36,167385,FW-E707F,1
EQP-31999,9995.6,Eletrico,Tarde,Sul,51.1,2.61,83.2,82,1,4.51,667406,FW-57D26,1
EQP-32000,3847.1, DIESEL ,Tarde,Leste,84.4,3.88,75.3,61,0,3.59,918504,FW-6D1DD,1
EQP-32001,14893.4,Eletrico,Tarde,Leste,58.2,1.71,100.5,70,0,-42.79,334170,FW-823B0,1
EQP-32002,5482.1,Diesel,Manha,Norte,94.8,5.42,105.0,5,0,35.8,759557,FW-E7BEC,0
EQP-32003,13530.5,Eletrico,Tarde,Sul,110.3,1.18,88.3,117,0,38.79,498698,FW-7AC1C,1
EQP-32004,3450.5,diesel,Tarde,Norte,103.6,2.09,98.6,115,2,-10.83,103545,FW-EB809,1
EQP-32005,4726.1,Eletrico,Manha,Sul,83.8,1.03,104.6,140,1,13.27,424600,FW-9A75C,1
EQP-32006,10841.2,Diesel,Manha,Sul,84.1,3.02,78.0,35,2,-18.3,848947,FW-78F74,0
EQP-32007,,diesel,Tarde,Oeste,68.1,1.97,110.9,223,0,-17.1,846613,FW-619FB,0
EQP-32008,3014.7,Diesel,Tarde,Norte,106.1,18.16,107.1,115,0,-0.14,626133,FW-7EA2D,1
EQP-32009,2311.9,Eletrico,Manha,Norte,86.2,4.57,100.9,168,0,56.93,624888,FW-B343F,0
EQP-32010,9848.7,Eletrico,Manha,Sul,56.2,3.19,122.4,242,0,29.54,741677,FW-C1908,1
EQP-32011,14129.3,diesel,Manha,Leste,78.4,2.38,131.3,111,0,37.84,558788,FW-94A26,1
EQP-32012,12996.3, DIESEL ,Noite,Leste,70.5,0.63,83.5,241,0,-10.22,273674,FW-B29D5,1
EQP-32013,14952.4,Hibrido,Noite,Oeste,72.1,3.2,110.5,30,0,50.59,304170,FW-231CA,1
EQP-32014,2742.2,diesel,Tarde,Oeste,77.2,4.34,123.7,17,1,-24.79,883382,FW-C44F7,0
EQP-32015,9264.3,Eletrico,Manha,Norte,101.1,11.27,133.8,127,0,-15.78,374568,FW-8994A,0
EQP-32016,8929.0,diesel,Manha,Oeste,62.8,1.42,93.2,238,0,30.47,682339,FW-C3AF6,0
EQP-32017,1258.0,Diesel,Noite,Leste,65.7,5.19,87.2,33,0,-15.84,969950,FW-21306,0
EQP-32018,1219.9,Hibrido,Noite,Norte,77.0,2.33,125.1,50,0,-43.77,295148,FW-EAB1C,1
EQP-32019,3785.0,Gas_Natural,Manha,Norte,65.9,1.19,77.2,164,0,-33.42,805903,FW-2DE6C,0
EQP-32020,2783.3,Diesel,Tarde,Leste,44.0,1.89,105.9,128,0,0.84,460433,FW-A2624,0
EQP-32021,3824.4, DIESEL ,Noite,Leste,84.8,2.97,99.1,267,1,-5.54,500257,FW-7F909,1
EQP-32022,11123.9,Eletrico,Tarde,Norte,49.8,3.11,121.2,4,0,-14.09,291367,FW-66359,1
EQP-32023,7946.6,Hibrido,Tarde,Norte,61.5,,84.4,178,0,14.88,513296,FW-98C33,1
EQP-32024,, DIESEL ,Tarde,Sul,72.2,1.77,91.8,314,0,-34.61,388748,FW-986E3,1
EQP-32025,6464.4,diesel,Manha,Norte,80.6,3.24,93.2,235,1,-48.14,849177,FW-60B6D,1
EQP-32026,103.5,Diesel,Manha,Leste,84.3,0.72,94.6,287,2,-17.64,286816,FW-7041A,1
EQP-32027,14022.5, DIESEL ,Manha,Leste,80.6,4.07,110.3,127,0,21.39,477812,FW-BB945,1
EQP-32028,151.4,Hibrido,Tarde,Oeste,82.4,1.87,124.5,269,0,8.77,155918,FW-D4A22,0
EQP-32029,8255.6,Eletrico,Noite,Leste,76.1,1.32,92.0,266,1,17.32,816204,FW-E47D0,1
EQP-32030,10323.9,Diesel,Noite,Leste,70.1,2.86,98.7,15,0,82.8,809451,FW-468CF,1
EQP-32031,2138.3,Diesel,Noite,Norte,94.4,,99.1,194,1,-14.87,965477,FW-D82AF,1
EQP-32032,8892.6,diesel,Tarde,Norte,73.8,8.31,104.6,46,0,0.73,113102,FW-5A31D,1
EQP-32033,8673.6,Diesel,Manha,Leste,85.1,1.77,109.6,338,0,-51.88,445875,FW-A64BF,1
EQP-32034,9906.5,Diesel,Manha,Norte,71.0,5.22,88.2,224,2,19.14,276803,FW-8FA41,1
EQP-32035,8599.7, DIESEL ,Noite,Leste,107.9,1.53,120.9,186,1,1.82,763357,FW-91628,1
EQP-32036,13069.6, DIESEL ,Manha,Norte,78.9,0.59,75.8,225,0,-26.14,655581,FW-2A9DE,1
EQP-32037,6611.7,Diesel,Tarde,Oeste,83.2,4.88,101.8,16,1,10.49,415498,FW-C6308,1
EQP-32038,7295.9,Eletrico,Tarde,Leste,103.6,2.96,108.3,344,0,13.46,710197,FW-B7720,1
EQP-32039,13095.9, DIESEL ,Manha,Sul,88.4,,77.5,323,2,-5.57,580614,FW-4CFCB,1
EQP-32040,12851.6,Gas_Natural,Tarde,Oeste,82.4,1.96,91.3,174,0,8.72,735756,FW-34893,0
EQP-32041,1579.3, DIESEL ,Tarde,Leste,65.1,2.61,93.5,69,1,-38.46,735504,FW-24D51,1
EQP-32042,8275.4,Diesel,Noite,Sul,67.3,3.46,125.2,287,2,-6.86,238821,FW-3DE1D,1
EQP-32043,6446.0,Hibrido,Manha,Leste,93.6,3.17,129.2,190,0,-49.3,947363,FW-1DCCB,1
EQP-32044,11918.3,Eletrico,Manha,Norte,63.9,1.61,109.3,159,0,-24.84,625574,FW-C60E3,1
EQP-32045,6377.9,Eletrico,Tarde,Sul,72.5,5.7,91.2,1,0,-19.92,623443,FW-E8D24,1
EQP-32046,6829.5,Eletrico,Manha,Norte,63.5,1.34,94.2,113,0,8.68,714431,FW-E6806,1
EQP-32047,1081.2,Diesel,Manha,Sul,77.2,2.24,103.2,204,0,28.63,234898,FW-DB891,1
EQP-32048,6733.3,Diesel,Noite,Norte,46.3,16.29,116.8,226,0,-88.08,540272,FW-22B29,1
EQP-32049,4902.3,Gas_Natural,Manha,Norte,81.9,1.53,95.2,221,1,17.28,485296,FW-9B866,1
EQP-32050,7647.6,Eletrico,Noite,Norte,86.7,7.08,88.4,58,0,-0.43,558912,FW-726F3,1
EQP-32051,835.4,Gas_Natural,Tarde,Leste,60.7,9.73,93.3,46,0,57.26,597184,FW-91D66,0
EQP-32052,13700.0,Eletrico,Tarde,Oeste,77.5,2.32,97.5,3,0,34.37,367930,FW-54B28,1
EQP-32053,1999.1,Diesel,Noite,Sul,100.5,36.27,100.1,157,2,-26.5,369289,FW-66B6F,1
EQP-32054,14931.0,Gas_Natural,Tarde,Sul,67.5,0.55,103.9,199,1,40.24,363360,FW-F36AB,0
EQP-32055,7800.6,Gas_Natural,Noite,Norte,62.4,7.98,91.3,130,1,12.11,421427,FW-19268,1
EQP-32056,1009.9,Gas_Natural,Manha,Leste,77.0,5.37,75.7,23,1,-19.46,204662,FW-DA5F0,1
EQP-32057,12943.0, DIESEL ,Noite,Norte,72.3,1.53,79.8,311,0,-6.91,434902,FW-E64F0,1
EQP-32058,6499.8,Eletrico,Noite,Oeste,88.0,16.37,101.1,94,0,2.39,838769,FW-859B2,1
EQP-32059,8854.7,Diesel,Manha,Norte,82.0,5.61,88.5,150,0,-20.09,804237,FW-4DD6A,1
EQP-32060,10964.3,Diesel,Manha,Oeste,118.4,7.76,85.6,177,0,-8.02,523004,FW-69F55,1
EQP-32061,13855.6,Eletrico,Tarde,Sul,74.1,0.8,87.5,153,1,33.79,221949,FW-2C82E,0
EQP-32062,5312.5,Eletrico,Manha,Leste,58.7,0.99,100.4,180,0,-39.25,244212,FW-BCCFB,1
EQP-32063,,Diesel,Manha,Oeste,86.1,1.19,128.1,11,0,33.6,389565,FW-E4C75,1
EQP-32064,2064.7, DIESEL ,Tarde,Norte,79.2,5.3,89.3,88,0,1.19,194667,FW-5ADAF,1
EQP-32065,225.8,Gas_Natural,Manha,Leste,65.7,8.78,110.4,362,1,53.22,373818,FW-50B81,1
EQP-32066,1610.1,Diesel,Noite,Sul,48.0,10.93,126.3,337,1,3.6,962384,FW-6B087,1
EQP-32067,102.2,Eletrico,Tarde,Oeste,48.7,8.04,112.9,274,0,-20.89,485404,FW-234FC,1
EQP-32068,7295.6,Diesel,Manha,Leste,96.3,10.4,124.6,37,0,10.54,245469,FW-7E78D,1
EQP-32069,3503.9,Gas_Natural,Noite,Norte,88.2,5.67,104.2,277,1,23.8,415101,FW-8949B,1
EQP-32070,6141.1,Diesel,Manha,Leste,56.2,1.8,99.3,45,1,26.48,611443,FW-95407,0
EQP-32071,12458.2,Hibrido,Tarde,Oeste,64.6,1.95,105.8,158,1,-3.72,673068,FW-973C7,0
EQP-32072,5167.2,Eletrico,Noite,Leste,44.1,2.53,66.7,303,1,48.41,706580,FW-C196B,1
EQP-32073,11091.3,Diesel,Manha,Sul,82.4,2.43,106.3,121,0,-17.49,232368,FW-E41C5,1
EQP-32074,10011.1,Diesel,Tarde,Oeste,70.3,1.98,99.4,268,0,33.63,183180,FW-49A25,1
EQP-32075,11472.7,Eletrico,Noite,Sul,85.9,3.86,115.6,255,1,10.61,183091,FW-5B58B,1
EQP-32076,13345.0,diesel,Tarde,Norte,47.3,,81.2,240,1,-0.07,180938,FW-94071,1
EQP-32077,5160.7,Eletrico,Noite,Leste,55.6,1.19,93.0,201,0,31.73,498917,FW-31B41,1
EQP-32078,12613.0,Eletrico,Noite,Sul,121.3,,98.1,331,1,-23.72,897603,FW-936EF,1
EQP-32079,4103.4, DIESEL ,Noite,Sul,60.6,1.88,95.6,62,1,15.94,511690,FW-93483,0
EQP-32080,2253.8,Hibrido,Tarde,Oeste,62.7,2.25,86.3,175,1,-19.71,100571,FW-BEF8F,0
EQP-32081,10181.8,Gas_Natural,Tarde,Sul,100.0,2.37,79.7,243,1,-18.82,280273,FW-D2750,1
EQP-32082,1349.7,diesel,Manha,Sul,74.2,3.36,97.5,175,0,13.04,789308,FW-EDE8A,1
EQP-32083,1003.3,Diesel,Noite,Sul,69.6,1.29,76.6,266,1,-26.85,845876,FW-8BA32,1
EQP-32084,11484.2,Diesel,Manha,Sul,96.4,4.26,87.6,197,0,-14.63,481261,FW-7CB20,1
EQP-32085,10432.5,diesel,Tarde,Leste,57.7,9.11,102.1,124,0,-2.11,718600,FW-4470D,0
EQP-32086,4053.3,Diesel,Manha,Sul,74.9,2.61,87.2,227,3,-85.17,953462,FW-50387,1
EQP-32087,11009.1,Eletrico,Manha,Sul,80.2,3.19,91.4,113,1,-20.66,557696,FW-A0E71,1
EQP-32088,14768.1, DIESEL ,Manha,Oeste,77.8,18.4,80.2,328,0,-35.72,660550,FW-B0E81,1
EQP-32089,11182.7,diesel,Manha,Leste,81.8,5.23,72.8,265,1,-10.93,772415,FW-293C8,1
EQP-32090,1937.1,Gas_Natural,Manha,Sul,82.3,5.92,94.8,355,0,-9.96,549294,FW-D70E9,1
EQP-32091,12094.6,Gas_Natural,Tarde,Leste,76.7,1.06,110.2,99,1,-0.73,267866,FW-94B1B,0
EQP-32092,,Diesel,Noite,Leste,73.2,1.4,65.2,9,2,8.0,461836,FW-5C5B9,0
EQP-32093,10540.6,diesel,Tarde,Leste,71.1,14.54,73.8,265,2,44.32,199799,FW-9FE27,1
EQP-32094,5316.7,Hibrido,Manha,Sul,55.3,3.52,117.7,13,0,22.16,576596,FW-71E89,0
EQP-32095,4203.4,Eletrico,Noite,Oeste,59.4,6.67,75.1,197,1,37.72,562650,FW-51CAE,1
EQP-32096,9388.6,Diesel,Manha,Sul,56.8,6.04,97.1,177,1,17.76,367723,FW-CD712,1
EQP-32097,11292.5,Eletrico,Tarde,Leste,78.4,2.24,91.1,344,0,28.24,883141,FW-41F5D,1
EQP-32098,,Eletrico,Manha,Sul,45.0,10.24,133.3,44,0,-14.56,194878,FW-54A22,1
EQP-32099,9076.9, DIESEL ,Noite,Norte,59.3,10.28,81.2,353,1,-16.88,416789,FW-D91CC,1
EQP-32100,8151.8,diesel,Noite,Sul,71.9,6.42,99.3,169,0,23.86,336948,FW-A8CFA,1
EQP-32101,,Diesel,Tarde,Sul,98.5,1.97,90.5,239,1,-19.3,797680,FW-B68ED,0
EQP-32102,7212.1,Eletrico,Manha,Norte,79.9,4.95,109.4,355,1,-77.29,391101,FW-5270E,1
EQP-32103,14604.0,Eletrico,Tarde,Leste,70.0,8.91,94.9,194,1,29.27,380118,FW-3EF99,1
EQP-32104,4650.4, DIESEL ,Manha,Oeste,72.4,0.79,105.6,256,0,-24.7,834543,FW-BC567,0
EQP-32105,6476.4,Gas_Natural,Manha,Norte,76.5,7.29,100.3,307,2,48.22,566871,FW-28362,1
EQP-32106,5304.6,Diesel,Manha,Leste,60.1,5.33,91.0,122,0,-37.17,714298,FW-AAAAC,1
EQP-32107,13950.4,diesel,Manha,Norte,97.5,4.75,82.6,158,0,26.47,651641,FW-D25E5,1
EQP-32108,8280.8,Diesel,Noite,Norte,79.7,8.1,94.4,141,2,26.1,249799,FW-35328,1
EQP-32109,10762.2,Eletrico,Tarde,Sul,90.7,5.53,100.0,207,2,4.6,640491,FW-CED40,1
EQP-32110,8265.9,diesel,Manha,Leste,57.3,5.94,104.1,80,0,-49.55,136830,FW-BEFFB,0
EQP-32111,2183.4,Eletrico,Manha,Leste,58.7,0.79,78.4,34,2,-20.04,150386,FW-51DF6,0
EQP-32112,1682.0,Gas_Natural,Manha,Sul,82.3,3.44,76.0,260,0,-51.44,523589,FW-48319,1
EQP-32113,3066.1,Hibrido,Tarde,Sul,76.8,3.94,107.7,89,0,-5.35,581023,FW-31503,1
EQP-32114,11661.4,Diesel,Tarde,Sul,64.9,2.16,91.5,331,1,-70.73,842756,FW-6B930,1
EQP-32115,10499.9,Eletrico,Tarde,Norte,80.4,6.47,97.4,37,1,14.42,134564,FW-C798D,1
EQP-32116,12513.4,Diesel,Manha,Oeste,98.2,,124.8,115,0,17.56,239359,FW-DC33A,1
EQP-32117,9286.2,Gas_Natural,Noite,Leste,81.9,1.68,107.4,226,0,7.89,901894,FW-C754C,1
EQP-32118,12501.9,Eletrico,Manha,Leste,71.7,9.91,107.8,296,1,-43.89,591741,FW-25C17,1
EQP-32119,9905.7,Diesel,Tarde,Oeste,44.9,12.03,116.1,58,1,0.86,603782,FW-8A048,1
EQP-32120,,Eletrico,Tarde,Oeste,64.4,11.65,98.9,235,3,-40.44,546678,FW-6782D,1
EQP-32121,310.5,Diesel,Noite,Leste,74.9,1.31,105.6,212,0,-67.91,414578,FW-98048,0
EQP-32122,7545.8,Diesel,Tarde,Norte,57.0,1.74,122.0,223,1,-49.9,205714,FW-43EE0,1
EQP-32123,,Diesel,Manha,Oeste,64.7,2.47,61.7,11,0,47.15,746274,FW-1C648,0
EQP-32124,6589.4,Eletrico,Noite,Leste,115.3,9.29,85.5,323,0,44.11,286987,FW-EA069,1
EQP-32125,8196.2,Diesel,Manha,Oeste,49.4,1.81,112.9,73,1,28.2,441543,FW-AF5D1,0
EQP-32126,8415.6, DIESEL ,Manha,Sul,91.9,10.38,105.7,153,0,25.5,120094,FW-3AAAA,1
EQP-32127,1029.0, DIESEL ,Noite,Sul,74.7,3.8,106.4,350,2,5.81,521872,FW-1C9A7,1
EQP-32128,6486.3,Gas_Natural,Manha,Sul,87.0,1.14,77.6,11,2,-8.64,691959,FW-D6E98,0
EQP-32129,6680.4,Diesel,Manha,Leste,48.8,4.62,119.5,332,1,21.67,378947,FW-F0062,1
EQP-32130,5284.3,Diesel,Manha,Sul,78.6,3.34,114.7,355,3,8.5,186530,FW-C6CB8,1
EQP-32131,9985.4,Hibrido,Manha,Norte,65.5,,100.9,281,3,38.35,904462,FW-80937,1
EQP-32132,6735.1,Diesel,Tarde,Oeste,67.9,4.88,123.7,161,0,-38.22,994750,FW-F1D27,1
EQP-32133,9889.8,Diesel,Tarde,Leste,70.1,2.28,117.1,31,0,0.94,997624,FW-9040C,1
EQP-32134,7652.7,Diesel,Manha,Leste,93.4,2.59,76.9,24,0,-11.04,122355,FW-D75DB,1
EQP-32135,12150.3,Diesel,Noite,Leste,95.9,8.73,103.7,318,2,-2.21,905517,FW-8D22A,1
EQP-32136,4223.3, DIESEL ,Manha,Norte,81.5,6.39,95.0,302,0,-71.87,635683,FW-4B0B6,1
EQP-32137,9937.0,Gas_Natural,Manha,Norte,69.4,4.84,113.5,257,2,-51.38,111481,FW-9FDD8,1
EQP-32138,6922.1,diesel,Manha,Norte,66.8,4.77,113.7,137,4,8.71,100065,FW-96E3B,1
EQP-32139,5196.1,Gas_Natural,Manha,Leste,70.3,5.11,92.4,221,1,0.21,463003,FW-7C58E,1
EQP-32140,414.1,Eletrico,Noite,Sul,85.6,0.7,113.4,339,2,-71.14,585477,FW-50FB2,1
EQP-32141,5049.4,Diesel,Manha,Oeste,85.5,7.5,83.5,86,0,-21.18,130452,FW-5FAC6,1
EQP-32142,11353.6,Gas_Natural,Manha,Oeste,51.6,1.16,108.1,172,0,-45.13,865575,FW-E6FA7,1
EQP-32143,9064.3,diesel,Noite,Oeste,76.2,3.11,105.0,337,2,26.49,874348,FW-90633,1
EQP-32144,12903.9,diesel,Tarde,Norte,44.8,10.54,108.6,89,1,-13.94,972219,FW-5AE18,1
EQP-32145,11585.4, DIESEL ,Manha,Norte,83.3,2.27,103.5,122,2,-46.46,599027,FW-D0687,0
EQP-32146,1770.7,Eletrico,Manha,Sul,64.2,8.76,99.5,320,1,25.65,624892,FW-3DEE2,1
EQP-32147,11822.4,Diesel,Tarde,Norte,52.6,11.57,117.3,284,0,-46.79,394604,FW-DD02F,1
EQP-32148,4072.1, DIESEL ,Manha,Sul,64.5,5.88,105.8,293,1,-18.6,102614,FW-CB288,1
EQP-32149,1274.2,Hibrido,Tarde,Norte,81.6,10.79,115.6,281,0,9.26,790081,FW-CA9B7,1
EQP-32150,2946.2,diesel,Noite,Sul,97.5,5.84,74.8,299,0,-26.95,966639,FW-7D689,1
EQP-32151,7527.5,Diesel,Tarde,Sul,52.4,1.42,69.8,113,1,2.52,121663,FW-5D930,1
EQP-32152,14043.3,Diesel,Manha,Oeste,87.2,0.98,138.9,124,3,41.89,565274,FW-D9870,1
EQP-32153,2500.3, DIESEL ,Noite,Oeste,48.0,2.03,126.9,132,1,-9.11,357739,FW-AD9D5,0
EQP-32154,289.5,diesel,Tarde,Sul,48.6,,109.4,104,0,7.78,507683,FW-48062,0
EQP-32155,6867.1,Diesel,Manha,Sul,66.1,0.77,88.8,104,0,-20.92,410182,FW-53BC8,0
EQP-32156,14028.6,Hibrido,Tarde,Norte,74.7,11.25,78.0,286,1,-6.55,882029,FW-EACBC,1
EQP-32157,9711.6,Hibrido,Manha,Norte,46.7,,101.2,44,0,-59.91,627803,FW-658F6,0
EQP-32158,6458.3,Eletrico,Tarde,Oeste,78.1,0.79,95.5,236,0,34.08,584555,FW-92193,1
EQP-32159,3275.1,Diesel,Manha,Sul,80.0,1.86,110.3,174,2,-10.88,464735,FW-D02E1,1
EQP-32160,,Diesel,Noite,Leste,50.6,6.98,127.5,33,0,57.25,848095,FW-79DCA,0
EQP-32161,3063.2,Eletrico,Noite,Sul,80.3,4.14,107.0,92,3,-0.14,753213,FW-5A208,1
EQP-32162,12322.8,Hibrido,Manha,Norte,78.2,10.71,125.9,259,0,-4.39,427104,FW-9EA1B,1
EQP-32163,14074.6,Hibrido,Manha,Sul,73.6,3.59,111.2,119,1,6.23,203192,FW-6040C,1
EQP-32164,13015.8,Eletrico,Manha,Leste,43.2,5.62,107.8,109,1,15.37,222392,FW-B5997,0
EQP-32165,,Eletrico,Noite,Norte,67.9,2.2,104.6,79,0,48.01,172241,FW-A008E,1
EQP-32166,10178.4,Diesel,Noite,Oeste,80.8,5.69,111.5,153,0,80.0,326422,FW-B7580,1
EQP-32167,2150.1,Gas_Natural,Manha,Leste,118.8,1.67,104.5,92,0,69.2,525684,FW-8094D,1
EQP-32168,7118.9,Diesel,Manha,Norte,77.5,0.68,73.6,330,0,22.66,881881,FW-A6E6F,1
EQP-32169,11892.6, DIESEL ,Manha,Oeste,79.5,4.7,113.6,68,1,-47.14,566561,FW-54400,1
EQP-32170,6407.5, DIESEL ,Tarde,Oeste,69.0,1.03,97.1,83,0,-19.33,511183,FW-55B0A,0
EQP-32171,11852.7,Diesel,Manha,Sul,81.9,1.91,100.1,213,0,77.52,130599,FW-EFA6E,1
EQP-32172,13068.9,Eletrico,Manha,Sul,44.8,2.66,123.1,338,0,-19.52,305519,FW-DEB28,0
EQP-32173,14893.9,diesel,Noite,Norte,80.3,8.45,84.0,21,2,-2.23,832304,FW-3E36A,1
EQP-32174,9389.6, DIESEL ,Tarde,Sul,84.7,0.62,77.2,357,3,7.78,101499,FW-ED9C9,1
EQP-32175,9212.5,Diesel,Noite,Sul,59.9,7.59,105.8,33,1,29.96,361390,FW-2B41D,1
EQP-32176,3121.0, DIESEL ,Tarde,Sul,60.4,1.21,105.8,288,2,18.97,693480,FW-9D78B,0
EQP-32177,4571.6,Eletrico,Tarde,Sul,53.1,3.41,98.9,79,1,41.74,361251,FW-4320A,1
EQP-32178,14649.3, DIESEL ,Tarde,Leste,74.3,12.8,112.7,131,1,12.97,518011,FW-A8C40,1
EQP-32179,13012.0,Diesel,Manha,Oeste,78.6,8.95,109.3,182,0,23.22,461046,FW-A52FE,1
EQP-32180,6541.0,Gas_Natural,Noite,Norte,83.2,0.83,105.8,254,1,-37.9,117925,FW-65C85,1
EQP-32181,1020.4,Diesel,Manha,Leste,70.8,0.86,114.7,28,0,-11.0,759868,FW-BD010,0
EQP-32182,14736.3,Gas_Natural,Manha,Norte,58.9,2.66,109.2,23,1,22.95,787909,FW-E33C0,1
EQP-32183,8288.4, DIESEL ,Tarde,Norte,84.6,8.37,78.8,111,2,-2.89,968280,FW-5BF85,1
EQP-32184,13202.6,diesel,Tarde,Norte,66.5,1.87,101.6,108,2,11.12,114821,FW-24DF5,1
EQP-32185,4321.0,Eletrico,Noite,Sul,85.0,4.7,76.0,355,1,79.69,618191,FW-D4788,1
EQP-32186,14836.6,Diesel,Manha,Oeste,59.5,5.36,97.1,7,0,-28.06,862571,FW-57DF7,1
EQP-32187,4127.7, DIESEL ,Manha,Sul,80.0,3.58,87.9,207,1,38.35,417464,FW-306A7,1
EQP-32188,4043.0,Diesel,Tarde,Oeste,70.6,5.42,106.2,42,0,-72.19,537835,FW-D0F01,1
EQP-32189,9107.3,Eletrico,Noite,Oeste,66.4,1.41,79.8,294,0,16.53,539055,FW-BF1EE,1
EQP-32190,12557.0,Eletrico,Tarde,Oeste,67.2,2.91,103.4,258,1,1.0,580259,FW-5E5AE,1
EQP-32191,7899.9,Gas_Natural,Noite,Norte,69.0,6.84,125.9,117,0,26.42,295660,FW-9C45D,1
EQP-32192,5430.7,Diesel,Manha,Sul,90.3,3.46,113.0,258,0,55.52,749877,FW-C1D8B,1
EQP-32193,1792.1,Eletrico,Tarde,Oeste,93.4,4.27,99.1,340,1,-56.73,298227,FW-749AC,1
EQP-32194,5245.2,Diesel,Noite,Norte,79.4,0.77,101.6,24,0,0.18,957586,FW-45037,1
EQP-32195,3390.8,diesel,Tarde,Oeste,93.2,3.79,76.8,95,0,-8.53,724284,FW-A0309,1
EQP-32196,9053.5,Diesel,Tarde,Norte,83.3,3.29,76.3,208,0,68.82,111339,FW-F0B04,1
EQP-32197,11587.8,Hibrido,Manha,Norte,71.7,7.27,56.7,133,1,-6.16,216375,FW-EB360,1
EQP-32198,8268.7,Gas_Natural,Tarde,Norte,54.2,3.0,97.4,171,1,34.5,434641,FW-60600,0
EQP-32199,5446.7,Diesel,Tarde,Oeste,65.3,3.35,84.3,66,0,-42.44,938169,FW-C7C3D,0
EQP-32200,4108.8,Eletrico,Noite,Oeste,65.7,0.75,78.8,147,0,20.13,751080,FW-E8CF4,0
EQP-32201,5947.6, DIESEL ,Noite,Leste,61.1,2.79,114.5,12,0,-28.64,384701,FW-9AD8D,0
EQP-32202,14491.2,Gas_Natural,Noite,Norte,90.9,2.76,96.1,108,0,-12.22,314682,FW-D5ED2,1
EQP-32203,1430.1,Diesel,Tarde,Sul,60.1,6.04,81.5,12,0,-126.66,888268,FW-467A6,0
EQP-32204,3557.4,Diesel,Tarde,Sul,54.7,15.34,93.2,64,1,-36.31,801995,FW-E46D9,1
EQP-32205,2509.2,Diesel,Tarde,Oeste,46.9,16.81,77.2,48,1,45.99,540131,FW-5BF87,1
EQP-32206,4202.5, DIESEL ,Noite,Norte,90.6,2.12,92.6,331,0,-34.86,539289,FW-C13EE,1
EQP-32207,10424.5,Hibrido,Manha,Sul,105.6,0.66,95.3,138,1,25.49,392709,FW-C35D4,1
EQP-32208,1000.9,Eletrico,Manha,Oeste,99.1,,108.6,359,0,36.26,111594,FW-6B663,1
EQP-32209,9913.7,Gas_Natural,Noite,Norte,69.3,0.98,91.0,22,1,-34.26,540023,FW-25B39,1
EQP-32210,2779.8,Eletrico,Noite,Norte,99.5,1.38,93.1,187,1,29.01,317763,FW-93435,1
EQP-32211,7081.1,Diesel,Tarde,Oeste,55.2,3.58,84.3,79,0,28.36,614864,FW-C157D,1
EQP-32212,6280.0,diesel,Manha,Oeste,107.3,9.39,87.9,49,1,77.16,820499,FW-31A4D,1
EQP-32213,8737.8,Eletrico,Noite,Leste,48.7,4.3,107.2,34,1,-69.94,796730,FW-840DA,0
EQP-32214,10355.7,diesel,Tarde,Sul,76.5,1.34,97.5,81,0,-50.09,902879,FW-946D1,0
EQP-32215,4980.9,diesel,Manha,Oeste,54.0,1.05,103.0,210,0,19.56,815476,FW-79715,1
EQP-32216,12948.5,Eletrico,Manha,Norte,66.6,0.61,94.9,206,1,2.42,341056,FW-C754A,1
EQP-32217,12410.8,Eletrico,Noite,Oeste,59.1,2.24,90.8,196,1,11.79,744331,FW-59405,1
EQP-32218,11768.2,diesel,Manha,Norte,76.4,1.8,70.0,60,2,-34.95,889461,FW-48FA7,1
EQP-32219,14148.8, DIESEL ,Noite,Norte,92.2,,90.1,38,2,-2.45,273654,FW-E7B04,1
EQP-32220,304.5,Eletrico,Tarde,Sul,81.1,3.63,58.1,180,2,-18.58,322965,FW-341A1,1
EQP-32221,14487.1,Eletrico,Noite,Norte,48.4,1.3,95.0,113,1,-29.83,137426,FW-C4295,1
EQP-32222,1946.6,diesel,Tarde,Leste,72.9,1.89,101.8,24,3,-28.19,417770,FW-38901,1
EQP-32223,1848.1,Gas_Natural,Noite,Sul,91.8,4.58,105.1,332,1,-37.06,375699,FW-B36F8,1
EQP-32224,7615.0,Eletrico,Tarde,Norte,31.5,2.13,103.4,70,1,88.94,930357,FW-90D0E,0
EQP-32225,745.8,Eletrico,Tarde,Sul,88.4,14.27,101.6,307,1,78.5,115736,FW-9AB20,1
EQP-32226,5141.1,Eletrico,Tarde,Sul,67.7,14.23,107.4,259,0,-48.58,975373,FW-62A49,1
EQP-32227,8721.0,diesel,Manha,Oeste,71.5,0.96,108.3,232,0,-63.63,217696,FW-6F2DF,0
EQP-32228,11725.3,Diesel,Noite,Oeste,89.9,6.57,98.2,268,2,6.97,578391,FW-31A95,1
EQP-32229,10471.7,Hibrido,Manha,Leste,67.5,3.28,89.8,171,1,-24.72,925631,FW-2D7EE,0
EQP-32230,7030.8,diesel,Tarde,Sul,114.3,1.65,97.4,346,1,27.8,554148,FW-BEF76,1
EQP-32231,8579.5,Diesel,Tarde,Norte,73.7,6.76,127.8,275,1,14.22,905580,FW-C9349,1
EQP-32232,3889.3,Diesel,Tarde,Leste,38.6,9.92,102.8,209,0,76.15,539346,FW-B8E90,1
EQP-32233,14465.9,Diesel,Tarde,Sul,88.0,0.66,80.1,39,1,33.56,149922,FW-7B217,1
EQP-32234,1093.4,Eletrico,Noite,Norte,113.4,9.22,92.4,236,0,44.17,386024,FW-5F938,1
EQP-32235,12991.7,Diesel,Tarde,Oeste,67.0,0.94,99.1,131,0,-18.07,952256,FW-4E8AB,0
EQP-32236,13401.4,Diesel,Tarde,Leste,79.3,1.56,114.6,154,1,41.66,863806,FW-24B48,1
EQP-32237,7665.3,Gas_Natural,Manha,Norte,67.6,1.63,95.0,255,3,-97.36,765382,FW-83B5A,1
EQP-32238,6472.5,diesel,Tarde,Leste,93.5,1.98,70.9,149,0,25.04,554669,FW-4D54B,1
EQP-32239,10285.3,Diesel,Tarde,Sul,87.5,3.85,105.7,142,0,-37.25,659748,FW-C7B47,1
EQP-32240,,diesel,Manha,Norte,67.0,1.61,81.8,199,0,0.68,839435,FW-8E2E0,0
EQP-32241,3140.3,Eletrico,Noite,Leste,68.5,0.7,91.2,361,2,16.57,214293,FW-6FF4D,1
EQP-32242,13733.5,Eletrico,Noite,Sul,88.0,2.12,93.6,234,0,-4.21,873914,FW-8258A,1
EQP-32243,316.1,Gas_Natural,Manha,Sul,62.3,4.46,93.6,79,0,-6.03,340079,FW-9C28D,1
EQP-32244,13161.8, DIESEL ,Tarde,Sul,56.6,4.1,125.6,24,1,27.82,162567,FW-28AD6,1
EQP-32245,8428.8,Eletrico,Tarde,Sul,92.0,1.85,76.1,155,1,-40.31,782271,FW-F2012,1
EQP-32246,12110.6,Diesel,Noite,Sul,59.7,3.98,94.7,100,0,-16.46,679736,FW-46D58,1
EQP-32247,3695.6,diesel,Manha,Norte,102.6,9.08,118.4,54,2,-5.19,822179,FW-4A9D8,1
EQP-32248,2689.7,Diesel,Manha,Sul,73.7,0.87,96.4,252,1,28.24,880664,FW-A2D97,1
EQP-32249,8980.8,diesel,Tarde,Norte,110.6,3.24,91.7,110,0,10.1,146200,FW-3546B,1
EQP-32250,9925.4,Diesel,Noite,Norte,107.3,18.9,112.6,331,0,-69.51,248511,FW-8EF0A,1
EQP-32251,10899.6, DIESEL ,Manha,Leste,68.9,3.31,102.1,302,1,0.04,402715,FW-50F07,1
EQP-32252,4526.9,Eletrico,Tarde,Sul,99.8,5.73,72.9,21,0,16.96,489747,FW-2CBBB,1
EQP-32253,13331.2,Diesel,Tarde,Norte,70.7,7.2,119.9,185,0,-11.97,175156,FW-9BCAD,1
EQP-32254,7845.6,Eletrico,Manha,Sul,48.6,2.91,106.3,350,0,-40.16,344210,FW-56708,0
EQP-32255,12858.1,Hibrido,Manha,Sul,68.2,4.86,103.5,240,0,-8.85,139813,FW-8DD37,1
EQP-32256,8216.8,Diesel,Tarde,Sul,90.9,11.61,82.4,209,1,37.72,937259,FW-E2139,1
EQP-32257,2709.8,Eletrico,Tarde,Oeste,59.7,3.09,114.0,144,1,-67.47,956925,FW-66376,0
EQP-32258,6046.2,Eletrico,Noite,Oeste,124.6,3.82,98.2,248,1,-38.88,814921,FW-3AE76,1
EQP-32259,14194.1,Eletrico,Noite,Norte,84.0,6.69,83.7,228,0,-12.09,515360,FW-9A140,1
EQP-32260,13704.6,Eletrico,Manha,Leste,85.5,5.7,110.1,131,0,63.07,722374,FW-24387,1
EQP-32261,12813.4,Gas_Natural,Noite,Leste,71.3,11.07,82.7,335,0,32.48,748975,FW-5E25F,1
EQP-32262,9641.3,Gas_Natural,Tarde,Leste,78.3,4.37,100.6,210,0,-29.85,700477,FW-CBB8B,1
EQP-32263,5486.5,Eletrico,Noite,Norte,51.1,19.01,97.7,356,0,14.22,181601,FW-C7C82,1
EQP-32264,6985.7,diesel,Tarde,Leste,77.9,4.9,99.0,340,0,-51.66,796863,FW-36C60,1
EQP-32265,11459.4,Hibrido,Manha,Leste,79.5,1.55,71.4,214,2,-32.34,317707,FW-68B48,1
EQP-32266,3502.2,Diesel,Manha,Leste,61.0,3.52,105.4,46,3,-14.68,163458,FW-60DED,1
EQP-32267,11245.5,Eletrico,Manha,Norte,79.1,3.18,88.7,172,1,-14.14,362182,FW-46118,1
EQP-32268,2866.6,Diesel,Manha,Leste,58.1,3.69,109.4,313,2,-37.49,102582,FW-DA1DD,1
EQP-32269,11769.5,Hibrido,Manha,Sul,82.2,6.82,114.0,249,1,8.25,927439,FW-D6BDB,1
EQP-32270,1678.7,diesel,Tarde,Leste,50.8,16.45,100.5,186,2,10.07,894757,FW-52064,1
EQP-32271,3016.7, DIESEL ,Manha,Sul,69.3,23.15,114.5,237,0,46.22,946710,FW-E8076,1
EQP-32272,4445.2, DIESEL ,Manha,Oeste,82.2,9.96,81.0,230,2,8.86,845910,FW-1E86A,1
EQP-32273,4429.1,diesel,Noite,Leste,101.4,5.66,98.2,96,0,17.63,389383,FW-F3C14,1
EQP-32274,12936.1,diesel,Manha,Norte,100.5,1.4,77.3,153,1,27.96,773422,FW-3B1A4,1
EQP-32275,5834.7,Hibrido,Manha,Norte,94.3,5.09,84.1,20,0,-41.48,495725,FW-E758B,1
EQP-32276,8182.2,Eletrico,Tarde,Norte,71.0,7.21,110.5,359,1,8.16,461147,FW-76D32,1
EQP-32277,10491.4,Eletrico,Manha,Sul,53.6,2.89,96.7,140,1,-11.77,578573,FW-5C5A9,1
EQP-32278,11676.7,Diesel,Tarde,Norte,119.3,,97.8,198,1,18.6,789044,FW-20E41,1
EQP-32279,7276.2,Eletrico,Manha,Sul,62.1,14.77,110.5,130,0,-9.85,435722,FW-B0D83,1
EQP-32280,,Gas_Natural,Manha,Sul,76.6,3.66,124.2,84,1,-1.05,611910,FW-CAC18,1
EQP-32281,12648.2,Eletrico,Manha,Norte,76.7,0.9,95.7,146,1,17.37,404870,FW-D5A2F,1
EQP-32282,9335.3,Hibrido,Manha,Sul,40.1,5.35,95.6,339,1,9.08,263904,FW-C9DA4,1
EQP-32283,11800.1, DIESEL ,Manha,Leste,64.0,1.79,108.5,56,2,-32.11,988002,FW-DAF52,1
EQP-32284,2543.1,Gas_Natural,Manha,Norte,81.7,4.01,79.1,210,0,32.77,629656,FW-CF02E,1
EQP-32285,2960.8,diesel,Manha,Sul,58.3,,95.7,262,1,-66.03,567531,FW-3B3ED,0
EQP-32286,6702.0,Eletrico,Tarde,Leste,43.8,7.53,85.6,202,0,-41.73,550194,FW-D8DE9,0
EQP-32287,7018.7, DIESEL ,Manha,Leste,51.2,8.6,124.5,89,0,-4.35,863695,FW-EC6A0,1
EQP-32288,14817.0,Eletrico,Tarde,Leste,78.6,0.64,104.9,117,2,-3.72,427424,FW-6A2E4,1
EQP-32289,9289.2, DIESEL ,Tarde,Oeste,39.7,3.5,83.9,166,1,-15.21,440534,FW-8CC03,1
EQP-32290,2201.6,Diesel,Manha,Sul,73.3,3.48,109.2,42,0,-4.72,206133,FW-E04E5,0
EQP-32291,2018.8,Diesel,Tarde,Leste,89.6,5.14,82.5,174,1,70.43,437665,FW-B69C5,1
EQP-32292,14523.2,Eletrico,Manha,Norte,68.4,4.03,105.8,334,0,26.44,873284,FW-A3DCB,1
EQP-32293,695.3, DIESEL ,Tarde,Norte,40.1,3.89,130.1,257,2,18.56,802884,FW-2843A,0
EQP-32294,11669.3,Diesel,Manha,Sul,61.1,4.8,91.9,289,2,-8.58,867933,FW-D44A3,1
EQP-32295,10538.8,Diesel,Tarde,Oeste,100.6,,77.9,250,1,7.03,656726,FW-7B217,1
EQP-32296,3849.4,Eletrico,Manha,Oeste,59.4,8.65,49.5,60,0,11.81,901123,FW-965F7,0
EQP-32297,4617.4,Eletrico,Manha,Oeste,98.4,5.43,71.3,236,1,-92.35,100160,FW-55F97,1
EQP-32298,8446.5,Eletrico,Manha,Leste,49.5,12.51,104.4,302,1,-0.43,766517,FW-E6409,1
EQP-32299,5669.7,Eletrico,Noite,Sul,91.0,1.48,119.1,121,1,105.99,733169,FW-71E14,1
EQP-32300,12938.4,Gas_Natural,Noite,Sul,78.9,3.99,101.4,158,1,-49.88,765089,FW-62569,1
EQP-32301,1048.2,Eletrico,Manha,Norte,72.3,5.7,98.0,200,0,-55.24,396853,FW-A756F,1
EQP-32302,3993.3,Eletrico,Manha,Leste,81.3,4.22,98.0,20,0,0.02,215657,FW-EE9CC,1
EQP-32303,2736.9,Gas_Natural,Tarde,Oeste,112.0,0.89,121.6,146,0,-26.81,765431,FW-51EFE,1
EQP-32304,12192.0,Eletrico,Tarde,Leste,97.8,12.95,100.2,185,2,10.63,680492,FW-7079A,1
EQP-32305,13513.7,Diesel,Tarde,Sul,91.7,0.9,82.8,49,1,38.91,904373,FW-417E4,1
EQP-32306,12656.6, DIESEL ,Manha,Sul,54.6,2.7,83.4,68,0,-40.32,512245,FW-29117,1
EQP-32307,11032.1, DIESEL ,Tarde,Sul,78.9,0.67,65.3,10,0,65.1,120262,FW-60CB2,1
EQP-32308,2697.4,Eletrico,Manha,Leste,101.9,1.49,90.1,146,3,6.15,806678,FW-DF87D,1
EQP-32309,10130.1,Gas_Natural,Noite,Sul,69.1,4.78,112.7,67,0,-2.81,919437,FW-D1932,0
EQP-32310,,Eletrico,Tarde,Sul,87.4,13.53,100.9,182,1,31.97,140392,FW-5D44B,1
EQP-32311,1569.9,diesel,Tarde,Sul,101.5,6.85,110.7,139,0,-26.88,400185,FW-4D82C,1
EQP-32312,3836.4,Eletrico,Manha,Sul,59.9,4.13,93.6,14,0,45.94,283060,FW-CA6B0,0
EQP-32313,6283.9,Diesel,Tarde,Norte,84.5,3.32,90.7,44,0,30.47,740158,FW-7B39A,1
EQP-32314,1538.1, DIESEL ,Tarde,Norte,94.9,3.1,105.5,311,1,-15.99,476694,FW-BA5A6,1
EQP-32315,10374.1,Diesel,Tarde,Oeste,97.9,2.54,93.0,83,0,98.6,327090,FW-D903C,1
EQP-32316,8593.8,Gas_Natural,Manha,Leste,73.5,5.51,66.5,321,1,-1.62,976014,FW-7AF9A,1
EQP-32317,5733.3,Hibrido,Manha,Leste,88.8,1.33,73.1,350,2,-57.98,974554,FW-2CDE6,1
EQP-32318,4025.8, DIESEL ,Manha,Sul,74.6,1.98,124.4,120,0,-64.91,754848,FW-68AEC,1
EQP-32319,11141.2,Eletrico,Manha,Leste,51.0,8.76,77.9,340,0,-53.76,462715,FW-9DC86,1
EQP-32320,8851.3,Diesel,Tarde,Leste,86.8,1.36,103.8,114,2,-90.49,602192,FW-88546,1
EQP-32321,14844.2,Diesel,Noite,Leste,90.3,3.63,89.0,322,0,-43.07,363923,FW-9C831,1
EQP-32322,,Diesel,Tarde,Leste,110.6,1.82,99.5,209,0,41.85,235405,FW-D2436,1
EQP-32323,6075.5,Eletrico,Tarde,Leste,63.8,18.61,118.6,332,0,-5.17,748790,FW-C9E3E,1
EQP-32324,1216.9,Diesel,Tarde,Norte,86.2,4.61,85.9,306,2,5.11,815002,FW-D477F,1
EQP-32325,9736.3,diesel,Tarde,Oeste,81.9,6.24,131.3,175,0,62.78,347097,FW-E6EF7,1
EQP-32326,8361.8, DIESEL ,Manha,Leste,63.4,0.7,110.7,9,1,-19.28,691298,FW-4A7FA,0
EQP-32327,8664.6,Eletrico,Tarde,Oeste,83.9,,125.0,153,0,-10.11,814920,FW-954A4,1
EQP-32328,10254.1,Diesel,Tarde,Sul,54.3,3.31,81.8,73,1,31.8,596223,FW-46326,1
EQP-32329,6540.9,Diesel,Manha,Norte,87.5,11.09,84.8,296,0,-39.92,607527,FW-8281E,1
EQP-32330,5158.8, DIESEL ,Tarde,Leste,49.1,1.14,121.2,160,4,14.27,373737,FW-18B20,1
EQP-32331,10607.4,Hibrido,Tarde,Norte,85.3,3.87,106.8,351,1,14.12,215882,FW-83FD7,1
EQP-32332,6915.6,Hibrido,Manha,Norte,37.6,3.91,117.4,362,0,36.51,322971,FW-C9AB8,1
EQP-32333,8116.9,diesel,Noite,Sul,86.8,2.97,103.5,309,1,-30.86,778586,FW-53B4B,1
EQP-32334,2581.7,Diesel,Manha,Sul,88.5,4.03,119.0,317,1,27.41,792110,FW-8300E,1
EQP-32335,2729.4, DIESEL ,Tarde,Leste,36.0,6.38,91.8,264,5,-59.36,578242,FW-6640B,1
EQP-32336,14588.3, DIESEL ,Manha,Sul,104.5,7.18,104.2,147,0,-11.68,518339,FW-D4D4A,1
EQP-32337,1561.2,Eletrico,Noite,Oeste,97.0,6.48,100.4,300,2,65.69,547095,FW-52BA7,1
EQP-32338,9726.0,Diesel,Manha,Leste,77.4,,112.7,165,2,-22.67,149892,FW-471BB,1
EQP-32339,5225.3,Diesel,Manha,Sul,57.2,2.56,103.2,2,1,59.41,249298,FW-3ABB2,1
EQP-32340,1901.4, DIESEL ,Noite,Norte,53.7,2.73,92.0,2,0,18.16,251523,FW-38F28,0
EQP-32341,9453.6,Eletrico,Manha,Norte,100.8,7.99,87.5,43,1,-1.73,155825,FW-9C455,1
EQP-32342,7203.3,Eletrico,Noite,Leste,96.0,,92.2,121,3,-34.18,116910,FW-D7AAC,1
EQP-32343,9770.7,Gas_Natural,Tarde,Norte,92.7,4.86,85.5,95,2,48.38,326862,FW-599B2,1
EQP-32344,2773.0,Eletrico,Tarde,Norte,68.3,4.97,112.3,28,2,-53.24,286186,FW-5126D,1
EQP-32345,12237.6,Eletrico,Manha,Leste,74.2,10.48,117.7,38,1,32.21,193436,FW-30D9E,1
EQP-32346,6918.8,diesel,Manha,Leste,48.0,5.09,99.1,312,0,44.59,361198,FW-62588,1
EQP-32347,221.1,Hibrido,Manha,Sul,92.9,1.87,117.7,270,0,18.44,612874,FW-6C8C6,1
EQP-32348,5782.5, DIESEL ,Noite,Sul,56.9,9.65,102.4,362,3,1.24,208744,FW-75C55,1
EQP-32349,1563.2,Eletrico,Manha,Sul,67.0,1.29,113.8,264,1,-25.37,904966,FW-3E53F,1
EQP-32350,5679.6,Eletrico,Manha,Sul,53.4,12.99,94.2,292,0,-8.75,404555,FW-482A5,1
EQP-32351,4641.1,Eletrico,Manha,Oeste,85.3,1.49,122.0,298,0,-43.52,607206,FW-A2F90,1
EQP-32352,13791.0,Eletrico,Manha,Sul,72.6,4.34,90.2,107,2,33.66,940698,FW-762CC,1
EQP-32353,8926.6,Eletrico,Noite,Norte,61.8,9.07,123.6,358,1,-14.35,973771,FW-45E3F,1
EQP-32354,4510.8,Diesel,Manha,Sul,83.0,1.71,105.9,261,0,-27.43,718331,FW-1D8D8,1
EQP-32355,8097.0,Eletrico,Manha,Sul,87.7,5.65,109.4,321,0,-34.89,830702,FW-6DCD3,1
EQP-32356,12133.5,Diesel,Manha,Leste,80.8,3.3,96.5,239,0,-1.82,485590,FW-F1AD6,1
EQP-32357,504.3,Hibrido,Manha,Leste,58.9,,89.0,226,0,-22.59,312994,FW-E2102,0
EQP-32358,5354.4,Diesel,Noite,Leste,74.9,1.4,95.9,211,2,-81.57,649344,FW-F294F,1
EQP-32359,13177.1,diesel,Tarde,Norte,45.2,,111.2,265,0,-7.21,873957,FW-4FA9F,1
EQP-32360,13027.9,Hibrido,Manha,Sul,74.5,1.48,107.1,179,1,41.76,996609,FW-1EB1A,1
EQP-32361,1811.4,Diesel,Manha,Leste,78.7,2.33,108.3,148,0,25.42,164334,FW-B2C4B,0
EQP-32362,9363.9,diesel,Manha,Norte,102.2,4.21,101.7,45,1,-1.19,297050,FW-483A4,1
EQP-32363,11123.9,Diesel,Tarde,Norte,86.1,1.51,119.0,15,0,-18.37,140960,FW-A22A7,1
EQP-32364,452.1,Diesel,Manha,Leste,62.3,1.54,97.4,311,1,-52.46,592958,FW-26C4F,1
EQP-32365,,diesel,Tarde,Norte,76.5,,113.4,171,1,47.54,671615,FW-6A94D,1
EQP-32366,14293.8,Diesel,Tarde,Oeste,101.4,2.03,109.7,104,1,36.61,288579,FW-8E77B,1
EQP-32367,4879.7,Diesel,Manha,Norte,84.0,2.58,90.7,224,0,3.17,746618,FW-A36DA,1
EQP-32368,13482.3,Hibrido,Manha,Sul,61.4,1.56,127.0,290,0,-18.8,768351,FW-965AF,1
EQP-32369,11556.9,diesel,Manha,Sul,95.0,9.49,106.7,213,1,-53.45,837413,FW-6EB67,1
EQP-32370,4365.4,diesel,Manha,Norte,55.3,2.53,103.7,308,0,9.25,510747,FW-B5139,1
EQP-32371,8076.7,Eletrico,Manha,Oeste,94.3,7.59,124.1,146,1,44.4,928392,FW-E8060,1
EQP-32372,13627.6,Eletrico,Tarde,Oeste,51.7,,104.7,11,0,27.34,486674,FW-8F395,1
EQP-32373,5523.2,Diesel,Noite,Leste,72.3,0.76,100.3,35,3,20.25,307406,FW-764D0,1
EQP-32374,4984.9, DIESEL ,Manha,Sul,70.9,1.3,71.5,225,0,4.03,657070,FW-3786B,1
EQP-32375,8830.9,Diesel,Manha,Leste,70.4,20.2,111.6,302,3,-57.43,606447,FW-BA707,1
EQP-32376,10755.3, DIESEL ,Manha,Norte,58.2,1.85,113.3,321,0,33.12,651503,FW-C72E3,1
EQP-32377,,Hibrido,Tarde,Sul,85.9,10.71,106.7,349,0,-5.07,947538,FW-F0F70,1
EQP-32378,6318.9,Eletrico,Tarde,Sul,86.2,7.09,93.9,155,1,-14.55,515407,FW-41026,1
EQP-32379,8141.4,Diesel,Manha,Oeste,88.3,7.22,84.7,38,1,-43.29,556339,FW-EB548,1
EQP-32380,12461.1,Hibrido,Manha,Leste,83.8,9.12,93.3,207,2,-15.76,746980,FW-CBBD2,1
EQP-32381,549.8, DIESEL ,Tarde,Oeste,73.3,4.86,75.0,14,1,-20.34,345370,FW-8EECC,1
EQP-32382,10689.4,Hibrido,Noite,Oeste,83.9,4.79,93.3,114,4,-6.22,725455,FW-402D5,1
EQP-32383,,Eletrico,Tarde,Leste,66.9,6.2,114.9,101,2,40.08,806047,FW-8C4F5,1
EQP-32384,10561.2,Eletrico,Tarde,Leste,54.2,2.89,101.7,260,1,-43.82,896274,FW-CFFC3,1
EQP-32385,9075.1,Diesel,Manha,Leste,71.2,17.97,102.8,150,0,-26.21,576611,FW-53898,1
EQP-32386,5993.9,diesel,Manha,Sul,65.0,2.96,103.3,273,1,-12.16,218873,FW-3C2E4,1
EQP-32387,13992.1,diesel,Tarde,Leste,58.2,1.3,99.5,58,0,-32.52,411437,FW-36D2B,1
EQP-32388,975.1,Eletrico,Manha,Oeste,62.1,,80.4,48,0,-26.99,110289,FW-F3EB2,1
EQP-32389,5045.9,diesel,Noite,Leste,81.1,3.15,65.7,267,0,4.95,981277,FW-2BC78,1
EQP-32390,2701.0,diesel,Tarde,Oeste,97.5,4.5,100.2,202,1,33.58,417204,FW-64658,1
EQP-32391,11778.6,Diesel,Noite,Norte,74.8,1.24,95.7,1,0,14.39,641386,FW-E9D0A,0
EQP-32392,10201.5,Eletrico,Tarde,Oeste,65.3,7.98,90.8,50,1,42.91,748500,FW-ACA4B,1
EQP-32393,7096.9,Diesel,Manha,Norte,63.3,7.78,106.9,323,0,2.12,581367,FW-89265,1
EQP-32394,7220.2,Diesel,Noite,Sul,83.3,5.22,114.4,295,1,-29.8,306684,FW-325DB,1
EQP-32395,6371.4,Hibrido,Tarde,Sul,71.6,1.86,76.0,145,0,-7.21,766936,FW-81312,1
EQP-32396,4881.2, DIESEL ,Tarde,Oeste,93.6,2.59,91.3,208,0,-23.19,982913,FW-31A1F,1
EQP-32397,8092.2,Gas_Natural,Manha,Norte,55.1,2.48,122.7,111,1,40.28,560351,FW-56EE1,1
EQP-32398,12158.0,Gas_Natural,Manha,Leste,87.4,6.46,89.3,30,3,29.02,394008,FW-24DC4,1
EQP-32399,3202.9,Diesel,Tarde,Sul,49.5,14.6,117.8,319,0,17.15,331660,FW-7CC97,1
EQP-32400,2755.2,Gas_Natural,Noite,Oeste,96.5,3.74,104.7,183,0,-62.36,246868,FW-5D224,0
EQP-32401,11678.1,Hibrido,Tarde,Norte,69.5,7.46,89.8,343,1,38.44,455794,FW-CE056,1
EQP-32402,10052.4,diesel,Tarde,Sul,80.5,4.21,93.6,145,0,3.42,601087,FW-C52CE,1
EQP-32403,9856.1, DIESEL ,Manha,Norte,74.4,0.75,66.2,207,0,-30.07,327454,FW-DE53B,1
EQP-32404,6443.6,Diesel,Tarde,Sul,63.4,0.51,76.9,347,0,-6.47,306700,FW-6E98B,1
EQP-32405,13056.9,Hibrido,Tarde,Leste,107.0,3.26,70.7,355,2,39.37,663645,FW-A21EE,1
EQP-32406,5975.9,Eletrico,Manha,Norte,40.8,10.83,80.3,80,1,40.01,762135,FW-40B20,1
EQP-32407,6161.0,Diesel,Manha,Norte,105.9,3.65,109.3,211,1,4.42,250007,FW-E5116,1
EQP-32408,5352.5, DIESEL ,Tarde,Oeste,71.1,4.53,91.9,169,0,-44.61,958249,FW-E7DC7,1
EQP-32409,1108.2,Eletrico,Manha,Leste,87.1,,91.3,328,0,18.56,757913,FW-99BF2,1
EQP-32410,8647.4,Eletrico,Noite,Oeste,88.8,2.13,115.5,152,0,-67.58,858031,FW-BADB5,1
EQP-32411,7592.6, DIESEL ,Manha,Sul,117.6,15.5,104.7,66,0,11.68,945304,FW-2792F,1
EQP-32412,6488.6,Eletrico,Manha,Norte,76.7,0.81,115.0,330,1,36.41,600428,FW-AAE45,1
EQP-32413,6407.7,Eletrico,Manha,Norte,79.9,1.35,89.7,339,0,-31.79,270553,FW-9EFFB,1
EQP-32414,,Diesel,Manha,Norte,83.8,9.42,79.7,18,2,53.68,944345,FW-55126,1
EQP-32415,14282.4,Gas_Natural,Manha,Sul,55.1,11.63,101.6,17,0,28.82,620542,FW-F36F8,1
EQP-32416,9850.9,Eletrico,Tarde,Oeste,51.9,0.73,93.0,169,0,-23.05,937881,FW-BEC63,1
EQP-32417,,Diesel,Tarde,Leste,49.6,5.07,82.4,85,1,18.01,231262,FW-C121D,0
EQP-32418,14189.4,Hibrido,Tarde,Oeste,51.0,1.33,134.3,342,1,9.53,836560,FW-93746,1
EQP-32419,4168.7,Gas_Natural,Manha,Oeste,84.0,,100.9,37,1,-42.23,997626,FW-E8E39,1
EQP-32420,13649.5,Eletrico,Noite,Leste,86.5,4.86,93.6,19,1,-18.32,529259,FW-5F733,1
EQP-32421,3324.0,Diesel,Tarde,Sul,68.0,0.51,100.2,73,1,-2.21,957322,FW-C519B,0
EQP-32422,1039.8,diesel,Noite,Sul,63.2,4.96,82.8,278,1,-40.74,559898,FW-7F2FC,1
EQP-32423,943.6,Eletrico,Manha,Oeste,65.2,5.54,110.9,216,1,5.19,185507,FW-4CE79,0
EQP-32424,4113.2,Eletrico,Manha,Leste,73.1,2.26,66.8,350,1,1.52,519997,FW-F186C,0
EQP-32425,4876.8, DIESEL ,Manha,Sul,76.2,4.1,97.1,344,3,-25.83,624030,FW-48F68,1
EQP-32426,4393.0,Eletrico,Tarde,Oeste,54.7,4.63,83.8,273,0,-56.5,167735,FW-40B2A,1
EQP-32427,2919.8,Gas_Natural,Noite,Norte,69.5,2.69,95.4,25,1,42.08,799378,FW-C48DD,0
EQP-32428,4655.7,Eletrico,Manha,Oeste,92.9,13.23,110.6,304,1,-9.34,933742,FW-333AB,1
EQP-32429,14193.8,Gas_Natural,Noite,Sul,56.5,7.32,90.2,353,0,-50.23,438382,FW-5683B,1
EQP-32430,4042.0, DIESEL ,Noite,Leste,77.6,0.56,109.0,243,1,12.32,586515,FW-735CF,1
EQP-32431,7042.3,Hibrido,Manha,Leste,59.5,7.31,64.4,183,0,23.59,792781,FW-C4173,1
EQP-32432,10826.8,diesel,Noite,Sul,79.2,7.1,113.8,197,0,0.83,293736,FW-BC881,1
EQP-32433,9505.6,Gas_Natural,Tarde,Norte,73.9,2.04,106.1,10,1,72.32,158060,FW-808BE,0
EQP-32434,6043.4,Diesel,Tarde,Oeste,86.2,5.06,117.8,60,0,0.15,660522,FW-C486D,1
EQP-32435,13620.2,diesel,Noite,Norte,100.1,16.8,104.8,173,1,22.56,379789,FW-A7150,1
EQP-32436,801.4,diesel,Noite,Norte,87.0,2.06,59.3,3,1,-48.79,198609,FW-98202,0
EQP-32437,2699.5,Diesel,Manha,Sul,80.0,2.19,100.7,342,2,21.11,950499,FW-33C6B,1
EQP-32438,13263.1,Eletrico,Manha,Sul,57.5,2.96,106.8,363,0,23.81,480104,FW-6AA0D,1
EQP-32439,2514.2, DIESEL ,Manha,Norte,68.3,9.98,108.5,351,0,-24.19,379624,FW-F3EBE,1
EQP-32440,3101.2,Eletrico,Noite,Oeste,58.1,0.52,123.6,191,0,-25.48,870274,FW-99FE0,0
EQP-32441,8889.9,diesel,Manha,Norte,60.7,0.85,87.1,23,0,22.97,522608,FW-F33AA,0
EQP-32442,3119.1,Eletrico,Manha,Sul,80.4,4.99,78.2,258,0,40.26,406393,FW-C8236,1
EQP-32443,3880.4,Diesel,Manha,Norte,76.9,1.19,102.2,89,2,60.56,241905,FW-5AC50,1
EQP-32444,12789.9,Eletrico,Manha,Norte,60.1,12.19,95.5,274,0,9.39,615436,FW-37D03,1
EQP-32445,11077.8,Diesel,Noite,Norte,55.4,1.86,92.7,127,0,18.73,189117,FW-B249B,0
EQP-32446,5370.0,Diesel,Manha,Leste,107.0,1.61,99.5,112,1,-59.34,483800,FW-E4A27,1
EQP-32447,9312.5,diesel,Manha,Leste,82.6,1.06,93.0,304,3,-37.76,693804,FW-8CF05,1
EQP-32448,11424.3,diesel,Noite,Sul,96.5,16.75,99.1,195,0,-0.14,395257,FW-61B92,1
EQP-32449,9060.8,Diesel,Tarde,Sul,108.5,3.22,123.4,23,1,-3.97,101418,FW-8660C,1
EQP-32450,999999.0,diesel,Tarde,Leste,45.7,7.79,110.4,98,0,-14.9,406978,FW-71A4F,1
EQP-32451,846.6,Diesel,Manha,Leste,98.3,2.08,78.9,323,0,41.31,650013,FW-45B93,0
EQP-32452,11849.2,Eletrico,Manha,Leste,92.7,1.86,98.5,178,0,-68.34,756545,FW-23625,1
EQP-32453,11095.3,diesel,Noite,Oeste,79.3,12.23,93.5,236,0,0.59,821642,FW-8E7FA,1
EQP-32454,9140.2,Diesel,Manha,Leste,74.5,10.81,97.7,80,1,-8.97,842292,FW-78FCF,1
EQP-32455,13298.8, DIESEL ,Noite,Oeste,67.0,4.33,92.7,139,0,15.74,338593,FW-EAFDF,1
EQP-32456,11150.5,Hibrido,Tarde,Leste,70.3,8.2,114.8,64,1,-59.1,614616,FW-5FB58,1
EQP-32457,2185.3,Diesel,Manha,Leste,88.8,7.73,84.6,238,0,-12.93,576904,FW-8F5FF,1
EQP-32458,12065.0,diesel,Tarde,Leste,48.2,2.91,121.6,178,2,-29.3,927006,FW-77D43,1
EQP-32459,12296.5, DIESEL ,Manha,Sul,73.9,0.7,92.8,200,2,-21.18,598371,FW-7DFBB,1
EQP-32460,5022.9,Diesel,Manha,Norte,79.5,10.15,115.5,139,0,34.37,552935,FW-5A22F,0
EQP-32461,4449.1,Diesel,Manha,Oeste,79.5,0.7,106.0,251,0,11.92,472404,FW-54400,1
EQP-32462,6078.2,Diesel,Noite,Oeste,93.6,0.52,111.2,22,0,2.28,980650,FW-5CBFB,0
EQP-32463,2046.2,Diesel,Tarde,Sul,70.3,8.06,76.4,344,0,-16.95,471273,FW-E2B6B,1
EQP-32464,, DIESEL ,Tarde,Norte,61.5,2.81,120.0,166,0,63.42,903344,FW-F146C,1
EQP-32465,12125.2,Hibrido,Manha,Norte,84.4,1.61,104.8,39,0,-62.93,844568,FW-BE493,1
EQP-32466,9711.6,Diesel,Noite,Norte,64.5,2.11,92.3,29,0,-25.0,420296,FW-ABE3E,0
EQP-32467,4040.4,Eletrico,Tarde,Sul,81.4,1.21,100.6,318,0,-13.28,402025,FW-57C96,1
EQP-32468,10937.8,Diesel,Manha,Norte,73.1,1.31,86.2,227,0,23.14,861738,FW-DFEEB,1
EQP-32469,3589.0,Diesel,Tarde,Norte,91.5,9.51,119.4,341,1,-3.23,601944,FW-23125,1
EQP-32470,11279.2,Diesel,Noite,Norte,89.4,1.55,89.6,186,3,2.16,455141,FW-DF89D,1
EQP-32471,14635.2,Diesel,Tarde,Leste,62.0,1.56,106.6,44,1,-55.14,734860,FW-C4FF1,1
EQP-32472,9518.0,Diesel,Noite,Leste,39.6,1.74,88.1,193,1,-18.34,471714,FW-23382,0
EQP-32473,5954.2, DIESEL ,Manha,Norte,44.5,0.69,81.2,66,2,1.91,724990,FW-C309B,0
EQP-32474,14279.7,Diesel,Noite,Leste,33.2,5.69,80.7,225,0,4.72,254648,FW-3844C,1
EQP-32475,6684.9,Diesel,Tarde,Leste,120.6,12.87,110.0,216,1,-10.22,571051,FW-AED34,1
EQP-32476,6391.4,Gas_Natural,Manha,Sul,90.0,2.31,89.8,70,1,72.99,706263,FW-87A79,1
EQP-32477,1517.8,Hibrido,Manha,Norte,24.4,2.61,106.8,128,1,-28.23,800462,FW-2F5F8,0
EQP-32478,9980.0,Diesel,Tarde,Sul,109.2,0.54,92.8,89,1,-63.7,775521,FW-E31C2,1
EQP-32479,11195.0,Hibrido,Manha,Norte,32.6,6.98,93.8,281,0,36.57,122860,FW-236A1,0
EQP-32480,4835.4,Eletrico,Noite,Leste,46.7,2.0,91.0,58,1,26.52,507473,FW-3FC63,0
EQP-32481,6042.2,Diesel,Tarde,Sul,57.6,,115.6,362,1,-21.22,481634,FW-75642,1
EQP-32482,3056.0,Eletrico,Manha,Sul,77.0,0.71,101.5,116,0,25.43,740470,FW-7863B,0
EQP-32483,4524.4,Gas_Natural,Manha,Sul,56.3,20.19,87.6,183,2,26.29,113438,FW-765CA,1
EQP-32484,2676.7, DIESEL ,Manha,Norte,90.6,13.05,95.2,160,0,58.56,197068,FW-4BFE0,1
EQP-32485,4162.1,Eletrico,Manha,Norte,52.4,1.1,106.0,109,1,15.61,784260,FW-612E2,1
EQP-32486,10772.3,diesel,Tarde,Leste,70.7,6.27,87.3,286,1,30.19,211060,FW-EB427,1
EQP-32487,8149.6,Hibrido,Noite,Sul,47.2,1.65,87.0,262,1,-19.03,919056,FW-EB9F4,1
EQP-32488,12356.5, DIESEL ,Tarde,Norte,99.0,4.27,87.7,43,0,8.99,866466,FW-2C317,1
EQP-32489,6507.9,Diesel,Manha,Norte,63.0,7.92,97.3,79,1,-8.36,985496,FW-515F6,1
EQP-32490,14247.4,Diesel,Manha,Sul,65.2,5.73,99.1,95,0,-18.22,972622,FW-E8EA4,1
EQP-32491,932.6,Diesel,Noite,Sul,112.9,1.9,81.5,16,0,60.29,984185,FW-417B3,0
EQP-32492,661.2,Diesel,Tarde,Norte,69.0,1.16,104.8,190,1,-47.9,677091,FW-96C6E,0
EQP-32493,5568.9,Diesel,Manha,Sul,43.3,2.21,110.8,171,1,74.49,896344,FW-82C22,0
EQP-32494,1977.0,Eletrico,Noite,Oeste,61.9,,113.8,352,1,3.99,739880,FW-E0F49,1
EQP-32495,9033.1,Diesel,Tarde,Leste,104.3,0.95,95.7,32,1,0.74,959309,FW-620FB,1
EQP-32496,10365.3, DIESEL ,Manha,Sul,106.8,2.9,110.0,345,1,61.73,109490,FW-C53E7,1
EQP-32497,8009.4,Diesel,Noite,Oeste,61.9,3.1,101.2,262,2,3.12,877718,FW-C1E9D,1
EQP-32498,11623.5, DIESEL ,Tarde,Norte,89.4,,97.5,121,2,-4.65,737527,FW-A61DC,1
EQP-32499,7306.8,Diesel,Manha,Norte,37.9,1.07,104.3,7,1,17.39,571870,FW-C1074,0
EQP-32500,12554.9, DIESEL ,Noite,Sul,60.8,2.88,125.5,335,0,-15.83,488261,FW-ED435,1
EQP-32501,13049.6,Diesel,Tarde,Norte,63.7,5.48,102.8,363,4,38.18,696632,FW-E41EC,1
EQP-32502,1260.2,Diesel,Noite,Sul,31.3,4.0,118.1,12,0,-20.94,870646,FW-AA58D,1
EQP-32503,12843.0,Hibrido,Manha,Oeste,65.7,,110.4,358,1,-4.8,213669,FW-719D8,1
EQP-32504,11349.5, DIESEL ,Manha,Leste,86.2,,110.5,49,2,-7.58,789360,FW-966EC,1
EQP-32505,2785.9, DIESEL ,Noite,Leste,55.2,0.97,95.2,341,0,-20.66,921388,FW-5A030,0
EQP-32506,14243.1,diesel,Noite,Leste,75.9,,105.6,133,0,10.64,945194,FW-E75CE,1
EQP-32507,975.1,diesel,Noite,Oeste,69.3,7.76,92.8,165,1,-23.64,516374,FW-2F64B,1
EQP-32508,649.5,Diesel,Manha,Oeste,38.7,2.74,102.5,27,0,-6.77,747115,FW-720B7,0
EQP-32509,3773.2,Eletrico,Manha,Leste,80.8,10.2,64.2,112,1,-44.77,754154,FW-EFEE9,1
EQP-32510,14375.9,Diesel,Noite,Oeste,113.5,13.57,113.4,60,2,-30.75,811794,FW-7F217,1
EQP-32511,1889.2,Diesel,Manha,Norte,103.0,9.69,85.6,259,1,27.63,905541,FW-A0EF3,1
EQP-32512,6518.3,diesel,Noite,Oeste,106.1,0.71,101.7,343,2,-80.45,443336,FW-C0425,1
EQP-32513,7344.8,Gas_Natural,Manha,Norte,61.4,14.34,95.6,231,1,-12.48,614126,FW-5EE54,1
EQP-32514,14640.2,Diesel,Tarde,Norte,54.4,4.24,72.3,118,1,52.99,572584,FW-685F4,1
EQP-32515,6266.7, DIESEL ,Manha,Sul,75.8,3.09,99.3,266,0,9.4,610328,FW-747FB,1
EQP-32516,13123.3, DIESEL ,Tarde,Oeste,76.7,1.68,76.9,363,1,-23.75,349237,FW-2850B,1
EQP-32517,11272.9,Gas_Natural,Tarde,Leste,96.6,1.87,88.5,360,3,-5.87,405524,FW-252FF,1
EQP-32518,4502.4, DIESEL ,Manha,Oeste,71.3,6.55,94.5,297,0,-15.7,603565,FW-89320,1
EQP-32519,9908.5,Hibrido,Tarde,Oeste,52.9,5.99,111.5,162,2,-52.38,606736,FW-61D83,1
EQP-32520,7286.0,Hibrido,Tarde,Norte,94.9,7.18,72.6,107,2,-51.54,726450,FW-89085,1
EQP-32521,10931.0,diesel,Tarde,Leste,35.1,3.81,124.2,124,0,-35.67,610379,FW-E4D04,1
EQP-32522,1458.2,Gas_Natural,Noite,Sul,49.6,1.93,112.8,288,3,-29.57,209968,FW-3EABD,0
EQP-32523,14978.2,Diesel,Manha,Leste,89.5,7.74,88.3,171,1,-29.86,395310,FW-2AB7E,1
EQP-32524,,Hibrido,Manha,Norte,70.0,2.56,106.5,238,0,-55.8,237024,FW-2714B,1
EQP-32525,13053.0,diesel,Manha,Sul,40.5,8.46,102.0,288,0,-39.23,333086,FW-B35F7,1
EQP-32526,11877.6, DIESEL ,Noite,Sul,66.2,4.27,86.7,79,5,-12.15,974072,FW-4B684,1
EQP-32527,10526.2,Gas_Natural,Manha,Norte,71.7,13.32,88.5,317,1,37.25,814503,FW-A82E2,1
EQP-32528,9438.2,Eletrico,Manha,Norte,61.2,0.78,65.9,98,0,-28.77,214927,FW-CE023,0
EQP-32529,3324.9,Diesel,Manha,Norte,70.2,1.94,92.5,251,0,39.99,705539,FW-6C673,0
EQP-32530,5843.5,Diesel,Tarde,Norte,81.0,4.08,104.3,314,0,-22.06,697302,FW-DC360,1
EQP-32531,651.0,Eletrico,Tarde,Sul,81.2,16.92,78.5,194,2,-56.02,672860,FW-B7ECF,1
EQP-32532,2475.3,Hibrido,Tarde,Sul,79.7,3.51,100.4,344,1,27.26,429068,FW-B7C8E,1
EQP-32533,3100.8,Eletrico,Noite,Oeste,70.9,6.99,110.1,127,1,-77.13,346322,FW-5648F,1
EQP-32534,4609.8,Diesel,Manha,Leste,70.9,10.21,98.4,97,1,-54.79,236190,FW-D5300,1
EQP-32535,3617.4,Eletrico,Manha,Oeste,114.8,1.27,128.1,127,0,-51.1,747465,FW-686D5,1
EQP-32536,9065.1,Hibrido,Tarde,Leste,91.0,1.93,98.6,148,1,-25.26,122077,FW-57F69,1
EQP-32537,9563.5, DIESEL ,Manha,Sul,108.2,4.13,83.6,139,1,-47.73,531270,FW-D7FE3,1
EQP-32538,,Diesel,Tarde,Leste,94.6,2.06,152.7,361,0,-22.23,725658,FW-5CFA2,1
EQP-32539,5459.5,Eletrico,Tarde,Norte,67.4,9.08,103.1,196,2,-15.16,619373,FW-84FD7,1
EQP-32540,14990.5, DIESEL ,Manha,Leste,68.3,1.29,88.7,357,2,-20.96,574279,FW-CC589,1
EQP-32541,11973.5,Hibrido,Tarde,Norte,77.2,8.16,107.8,265,0,-18.8,466373,FW-B9E32,1
EQP-32542,697.1,Diesel,Manha,Norte,93.2,,99.2,245,1,68.87,525940,FW-2B797,1
EQP-32543,5919.2, DIESEL ,Tarde,Leste,74.6,0.6,119.8,326,0,7.12,534467,FW-57C13,1
EQP-32544,6330.5,Eletrico,Manha,Leste,102.0,,115.1,140,1,-29.89,783891,FW-48F37,1
EQP-32545,8826.7,Diesel,Manha,Sul,58.2,3.28,99.4,281,0,22.03,162400,FW-92553,0
EQP-32546,2024.1, DIESEL ,Manha,Leste,37.0,12.23,93.9,334,0,21.68,291796,FW-1CA75,1
EQP-32547,,Gas_Natural,Noite,Leste,75.4,5.85,118.8,134,0,22.92,112581,FW-1E2A0,1
EQP-32548,2049.0,Eletrico,Manha,Norte,73.8,2.68,116.5,261,1,-13.36,154196,FW-BE24A,1
EQP-32549,1412.9,Diesel,Noite,Sul,66.3,10.49,111.6,216,0,24.74,690549,FW-B0CA8,1
EQP-32550,11080.6,diesel,Manha,Leste,59.7,1.27,109.6,329,0,31.52,855511,FW-84D7E,1
EQP-32551,10634.7,Eletrico,Tarde,Norte,100.7,7.18,111.4,333,1,-6.05,492587,FW-CCC5C,1
EQP-32552,4134.4,Gas_Natural,Tarde,Sul,71.0,3.43,118.0,341,0,1.32,656776,FW-C6485,1
EQP-32553,7016.1, DIESEL ,Manha,Sul,93.2,4.75,121.3,282,0,-37.86,493638,FW-4D607,1
EQP-32554,4200.0,Diesel,Noite,Leste,82.7,0.54,111.6,284,2,2.28,161169,FW-77B83,1
EQP-32555,10263.3,Diesel,Tarde,Sul,58.8,5.43,128.1,341,1,27.86,610110,FW-23345,1
EQP-32556,6464.4,Diesel,Tarde,Sul,63.3,6.1,72.7,52,1,61.5,351461,FW-4EA96,1
EQP-32557,14332.1,Hibrido,Manha,Sul,74.1,1.63,111.5,187,3,51.61,457806,FW-859F5,1
EQP-32558,12140.1,Eletrico,Manha,Norte,62.7,3.88,119.3,209,1,23.44,124144,FW-1D066,1
EQP-32559,1512.6, DIESEL ,Manha,Oeste,57.8,2.53,93.7,47,0,41.37,691227,FW-9F0E9,1
EQP-32560,8413.2,Diesel,Manha,Oeste,70.7,10.23,91.2,96,0,-4.78,995915,FW-B9641,1
EQP-32561,8442.9,Hibrido,Noite,Oeste,99.1,2.65,91.8,200,1,6.36,860582,FW-75F60,1
EQP-32562,7139.7,Diesel,Manha,Sul,85.8,0.99,110.2,42,1,-25.77,682244,FW-6EDB5,1
EQP-32563,13562.6,Eletrico,Manha,Oeste,90.5,7.93,107.4,363,0,-4.08,145462,FW-9612E,1
EQP-32564,13724.6,Hibrido,Manha,Oeste,86.4,7.9,77.3,298,0,0.89,738414,FW-C449C,1
EQP-32565,2013.1,Diesel,Manha,Norte,105.6,6.51,74.6,186,1,24.61,555963,FW-3FE31,1
EQP-32566,10056.7, DIESEL ,Noite,Norte,50.4,4.2,98.6,51,0,-23.52,451905,FW-C8987,0
EQP-32567,7393.4,Diesel,Tarde,Leste,71.4,,81.9,39,1,-40.33,711818,FW-F38ED,1
EQP-32568,9622.6, DIESEL ,Manha,Norte,103.5,2.38,93.0,15,1,27.89,387102,FW-B3C05,1
EQP-32569,10201.4, DIESEL ,Noite,Sul,86.8,1.04,106.1,103,1,17.66,166443,FW-ECB51,1
EQP-32570,3240.5,Diesel,Noite,Oeste,68.9,4.36,60.2,178,2,-43.92,952145,FW-395CD,1
EQP-32571,5614.0,diesel,Noite,Norte,50.9,12.04,78.6,76,0,22.53,821680,FW-63461,1
EQP-32572,13254.4,diesel,Manha,Leste,85.5,0.65,101.0,206,3,10.53,352417,FW-D5368,1
EQP-32573,13612.5,Hibrido,Manha,Oeste,95.0,,106.1,144,0,-4.67,163204,FW-9EA44,1
EQP-32574,,Diesel,Noite,Leste,87.3,18.46,89.7,11,1,-51.26,964212,FW-87159,1
EQP-32575,1843.6,Diesel,Tarde,Sul,59.0,2.38,103.9,341,0,-27.33,506971,FW-3239C,0
EQP-32576,11473.2,Diesel,Noite,Leste,45.8,9.54,81.7,357,0,-54.08,324192,FW-ECD30,1
EQP-32577,6234.6,Diesel,Manha,Norte,77.9,2.87,97.1,283,2,-58.75,486420,FW-6BD82,1
EQP-32578,7001.0,Eletrico,Manha,Sul,65.7,7.0,96.4,239,0,1.06,868821,FW-DB4B9,1
EQP-32579,4521.2, DIESEL ,Noite,Oeste,95.7,6.47,74.0,164,1,58.74,521585,FW-BF68D,1
EQP-32580,10785.8, DIESEL ,Manha,Oeste,81.3,9.92,97.2,162,1,36.74,652142,FW-DFD19,1
EQP-32581,4331.8,Gas_Natural,Manha,Norte,99.9,7.7,87.0,212,1,-24.82,518357,FW-38DAD,1
EQP-32582,8896.5,Eletrico,Manha,Sul,49.7,3.33,67.9,100,1,9.83,329289,FW-819E0,0
EQP-32583,13707.4,diesel,Noite,Norte,92.2,6.31,117.9,236,0,19.55,925598,FW-6EC6D,1
EQP-32584,9239.3,Eletrico,Tarde,Norte,81.1,4.62,111.5,204,0,0.83,842715,FW-D4E90,0
EQP-32585,5899.9,Diesel,Tarde,Oeste,39.5,1.49,118.9,54,1,15.92,450463,FW-7D44E,0
EQP-32586,1259.4,Diesel,Manha,Norte,79.6,10.25,83.4,42,0,-44.03,245067,FW-7E699,1
EQP-32587,5755.8, DIESEL ,Noite,Oeste,63.3,3.55,93.5,297,0,3.52,923508,FW-CEE78,1
EQP-32588,733.2,Diesel,Noite,Norte,75.2,2.59,90.5,319,0,-21.95,324068,FW-28B89,1
EQP-32589,8935.6,Eletrico,Manha,Oeste,62.3,0.92,91.1,12,1,7.25,589513,FW-D3B4C,0
EQP-32590,1692.1,diesel,Manha,Norte,82.8,6.58,97.6,341,0,-26.81,491550,FW-54D2E,1
EQP-32591,10097.0,Diesel,Noite,Leste,86.7,0.75,103.7,112,0,37.04,442189,FW-34FF3,1
EQP-32592,11056.1,Diesel,Manha,Sul,80.7,1.82,106.4,207,3,32.35,108279,FW-5108A,1
EQP-32593,13477.3,Gas_Natural,Manha,Leste,72.7,0.85,77.4,321,0,6.3,246358,FW-BBD98,1
EQP-32594,12868.1,Eletrico,Tarde,Leste,94.6,3.5,101.9,288,1,-26.12,891957,FW-71B86,1
EQP-32595,5729.7,Gas_Natural,Manha,Norte,82.3,10.5,103.6,239,0,9.13,973972,FW-A7FB0,1
EQP-32596,13813.4,Hibrido,Noite,Norte,86.3,1.8,121.5,73,0,46.47,788054,FW-18705,0
EQP-32597,10258.6,Eletrico,Manha,Sul,70.8,2.12,90.8,174,1,8.6,850068,FW-D9979,1
EQP-32598,14684.0, DIESEL ,Manha,Sul,72.8,7.12,69.4,361,2,-9.71,634923,FW-2BEFF,1
EQP-32599,14539.6, DIESEL ,Tarde,Sul,54.6,7.52,98.4,24,1,-20.33,977658,FW-785D2,1
EQP-32600,7395.9, DIESEL ,Manha,Oeste,52.2,0.6,96.9,243,0,20.35,147418,FW-EE121,0
EQP-32601,12097.7,Hibrido,Tarde,Leste,72.6,1.74,113.0,27,2,-34.18,805205,FW-D2B5A,0
EQP-32602,1156.1, DIESEL ,Noite,Sul,96.0,3.7,123.9,214,1,-6.06,303277,FW-87C3E,0
EQP-32603,6678.3,Diesel,Manha,Sul,63.9,1.15,89.6,129,1,-1.19,221311,FW-CA517,0
EQP-32604,2702.1,Gas_Natural,Tarde,Leste,55.1,4.13,89.5,134,0,19.8,914403,FW-D54A3,0
EQP-32605,7490.5,diesel,Noite,Norte,44.9,15.39,91.5,291,0,26.73,230043,FW-196B3,1
EQP-32606,6822.8,Eletrico,Tarde,Norte,84.3,3.62,122.1,132,1,1.19,599700,FW-34D2D,1
EQP-32607,,Eletrico,Manha,Oeste,79.1,0.99,98.2,89,0,-17.83,197863,FW-A4C8E,1
EQP-32608,3273.9,Hibrido,Manha,Oeste,81.9,11.76,105.4,200,0,41.15,593200,FW-1B9C7,1
EQP-32609,,Eletrico,Tarde,Sul,53.0,,126.0,185,0,-12.48,583653,FW-B7BB3,1
EQP-32610,2987.9,Gas_Natural,Tarde,Oeste,69.3,2.71,117.5,125,1,12.65,138183,FW-C1307,0
EQP-32611,,Gas_Natural,Manha,Oeste,51.4,3.74,107.0,161,0,-17.5,748711,FW-97B45,1
EQP-32612,13597.2,diesel,Tarde,Leste,83.0,11.13,104.5,282,1,-38.78,596180,FW-1D7DD,1
EQP-32613,10985.7,Eletrico,Manha,Oeste,72.4,7.12,88.0,121,1,-14.38,301340,FW-486FE,1
EQP-32614,7414.9,diesel,Tarde,Norte,49.7,2.24,102.7,326,0,-43.96,803753,FW-607DA,1
EQP-32615,3285.7,Diesel,Noite,Sul,92.3,0.68,109.2,22,1,18.98,324448,FW-E0889,1
EQP-32616,8794.4,Gas_Natural,Manha,Leste,95.7,11.64,98.3,325,0,-2.76,657711,FW-18D66,1
EQP-32617,,Diesel,Tarde,Sul,94.4,20.19,89.6,345,0,-43.44,217674,FW-9B15D,1
EQP-32618,11176.5,Hibrido,Tarde,Norte,65.3,4.17,127.0,144,2,-17.29,560853,FW-B378C,1
EQP-32619,1493.9,Diesel,Manha,Oeste,77.3,1.44,81.5,87,0,-82.04,105184,FW-25E73,0
EQP-32620,5796.7,Eletrico,Manha,Sul,55.4,2.24,100.8,304,0,-49.78,553499,FW-C72DF,1
EQP-32621,511.7,Diesel,Tarde,Leste,84.5,10.54,103.8,96,0,-50.14,329246,FW-4D832,0
EQP-32622,5473.1,Diesel,Manha,Oeste,72.9,0.58,103.2,244,3,7.4,177912,FW-81DD8,1
EQP-32623,12138.2, DIESEL ,Tarde,Norte,59.9,3.03,106.4,104,2,18.99,955973,FW-B3E84,1
EQP-32624,3211.6,Diesel,Manha,Leste,89.4,12.51,99.9,194,0,-6.02,314582,FW-C4083,1
EQP-32625,3777.0,Gas_Natural,Noite,Oeste,48.7,7.53,92.2,206,0,41.34,427233,FW-B0EB5,0
EQP-32626,,Diesel,Noite,Norte,51.6,2.62,88.2,324,1,-31.17,114308,FW-87952,1
EQP-32627,10503.3,Diesel,Noite,Oeste,96.5,16.93,120.0,275,0,-28.71,772620,FW-A86D0,1
EQP-32628,736.8,diesel,Noite,Norte,96.6,5.33,99.9,13,1,24.34,242228,FW-704DC,1
EQP-32629,13998.5,Diesel,Manha,Oeste,55.2,12.37,65.6,225,2,56.4,341309,FW-3D68B,1
EQP-32630,2080.6,diesel,Noite,Oeste,80.3,1.04,104.8,254,0,15.82,405176,FW-EDFF0,1
EQP-32631,9564.9, DIESEL ,Tarde,Leste,88.2,0.81,81.7,274,1,-21.16,941321,FW-96923,0
EQP-32632,,diesel,Tarde,Norte,85.1,6.17,110.9,172,2,-37.65,850482,FW-255E5,1
EQP-32633,2035.8,diesel,Noite,Norte,94.6,2.19,103.4,79,2,-5.53,627572,FW-98E8C,1
EQP-32634,12800.1,Diesel,Noite,Leste,81.4,0.53,87.5,90,0,28.6,136943,FW-81DF4,1
EQP-32635,5069.6,diesel,Manha,Sul,71.9,2.9,121.2,26,0,25.59,753210,FW-9EE08,1
EQP-32636,5651.0,Hibrido,Tarde,Sul,86.2,1.49,94.8,244,2,0.97,504464,FW-9BF2F,1
EQP-32637,4558.9,diesel,Tarde,Sul,41.1,25.84,99.2,220,0,4.28,894016,FW-725F6,1
EQP-32638,5479.4,Eletrico,Manha,Sul,50.3,1.26,108.8,58,1,18.06,142879,FW-BE6B9,0
EQP-32639,12959.2,Gas_Natural,Manha,Oeste,66.9,2.93,105.5,103,1,-12.7,808873,FW-29641,1
EQP-32640,5301.1,Diesel,Noite,Leste,25.2,16.46,95.6,74,0,-15.99,983224,FW-4648B,0
EQP-32641,7028.7,Diesel,Noite,Leste,100.3,5.42,112.9,176,0,-16.55,884401,FW-40CD6,1
EQP-32642,4054.9, DIESEL ,Noite,Sul,68.5,2.11,100.1,247,1,65.31,356875,FW-EEDE0,1
EQP-32643,13867.7,Eletrico,Manha,Leste,99.2,6.64,102.8,65,1,0.67,892048,FW-8C1F2,1
EQP-32644,10431.6, DIESEL ,Manha,Norte,49.5,3.13,95.3,34,3,-1.61,232017,FW-D0DF8,0
EQP-32645,10116.7, DIESEL ,Manha,Oeste,73.0,10.59,122.0,13,3,29.92,361237,FW-C9EA1,1
EQP-32646,11984.7, DIESEL ,Tarde,Sul,96.5,2.26,83.9,131,0,-63.67,104725,FW-53219,1
EQP-32647,13287.0,Diesel,Manha,Leste,88.9,1.32,124.4,60,2,-39.9,720614,FW-CF360,1
EQP-32648,9615.2,Gas_Natural,Noite,Sul,69.5,,85.9,140,0,-38.76,760008,FW-51AD7,1
EQP-32649,11973.2,Eletrico,Noite,Sul,66.7,5.48,126.7,357,1,-15.52,547038,FW-C6E58,1
EQP-32650,8169.9,Gas_Natural,Manha,Oeste,106.7,15.45,68.0,125,1,-3.22,182354,FW-A649F,1
EQP-32651,3140.6,Diesel,Manha,Norte,78.9,9.8,104.2,100,0,-2.17,869864,FW-DC72A,1
EQP-32652,4129.1,Gas_Natural,Tarde,Oeste,80.2,3.83,80.9,94,1,24.54,814750,FW-B67D5,0
EQP-32653,9075.8,Eletrico,Manha,Sul,73.2,7.34,74.8,179,0,4.78,751372,FW-93CA6,1
EQP-32654,2160.6,Eletrico,Manha,Norte,56.8,7.99,96.5,300,0,-1.45,531513,FW-BB379,1
EQP-32655,1471.5,diesel,Tarde,Sul,68.5,4.92,114.9,271,0,-31.83,333642,FW-63BB3,0
EQP-32656,8484.8,Gas_Natural,Tarde,Sul,63.2,0.67,85.3,181,0,65.22,795447,FW-29BBC,0
EQP-32657,11834.7,Diesel,Tarde,Norte,93.0,12.54,114.5,143,1,-47.67,233413,FW-9331E,1
EQP-32658,4794.3,Gas_Natural,Tarde,Norte,70.5,2.14,79.3,342,2,-40.33,297087,FW-9A1BD,1
EQP-32659,6270.6, DIESEL ,Tarde,Oeste,79.1,2.53,65.0,257,1,-15.87,554197,FW-56A8A,0
EQP-32660,8078.8,Hibrido,Noite,Leste,85.0,2.81,91.9,238,0,-3.08,526023,FW-CA22E,1
EQP-32661,13680.4,Hibrido,Noite,Leste,69.0,1.6,126.4,247,0,-19.82,581729,FW-E985C,1
EQP-32662,13215.8,Eletrico,Noite,Leste,64.7,5.41,108.5,167,1,-9.94,502458,FW-5AE29,1
EQP-32663,5073.4,Diesel,Noite,Norte,65.1,2.72,103.7,217,1,-11.04,353102,FW-50987,1
EQP-32664,,Eletrico,Manha,Norte,79.0,1.76,105.9,361,1,32.86,562087,FW-376C2,1
EQP-32665,11553.3,diesel,Noite,Norte,95.2,1.53,101.1,56,1,5.47,140591,FW-7F6C5,1
EQP-32666,4716.2, DIESEL ,Tarde,Norte,96.4,,100.7,331,1,-11.34,731455,FW-E8844,1
EQP-32667,,Eletrico,Tarde,Oeste,77.1,3.27,116.6,273,0,0.3,141575,FW-4F9EF,1
EQP-32668,10965.2,Gas_Natural,Noite,Leste,72.1,7.47,104.7,15,1,-26.25,877206,FW-41D40,1
EQP-32669,2335.6,Gas_Natural,Manha,Norte,60.3,8.59,70.8,130,2,56.46,121029,FW-9DD01,0
EQP-32670,10841.2,Hibrido,Noite,Norte,66.1,11.35,106.6,128,1,62.13,151498,FW-70CD8,1
EQP-32671,6117.4,Diesel,Tarde,Norte,66.8,1.73,105.8,310,0,-29.91,880570,FW-7308C,1
EQP-32672,2775.1,Diesel,Manha,Norte,45.0,1.16,84.7,150,0,-4.8,911388,FW-CD003,0
EQP-32673,11586.9,Hibrido,Manha,Norte,67.0,1.62,104.2,346,1,-17.24,803908,FW-85091,1
EQP-32674,13580.9,Gas_Natural,Noite,Leste,87.3,10.12,87.9,19,0,-35.32,412939,FW-35EC2,1
EQP-32675,5618.7,Hibrido,Noite,Sul,81.1,9.6,126.0,285,2,-30.0,349374,FW-4BC6F,1
EQP-32676,2654.0,Eletrico,Noite,Sul,88.0,4.24,71.9,303,1,16.79,932758,FW-97C50,1
EQP-32677,7842.2,diesel,Manha,Leste,60.6,3.36,83.3,6,0,-11.54,773035,FW-C7401,0
EQP-32678,5076.9,Diesel,Noite,Oeste,84.3,7.84,78.8,75,0,-4.91,868857,FW-DD333,1
EQP-32679,7828.9,Gas_Natural,Manha,Leste,40.6,9.85,102.1,73,0,-34.83,491223,FW-D53A4,0
EQP-32680,1868.2,Hibrido,Tarde,Norte,60.9,1.9,106.8,299,0,-25.41,742448,FW-96B07,1
EQP-32681,10004.4, DIESEL ,Tarde,Norte,85.2,0.93,83.3,259,2,-27.84,186720,FW-4134D,1
EQP-32682,,Eletrico,Manha,Norte,93.9,10.89,86.3,71,2,9.14,262909,FW-F1BBE,1
EQP-32683,3359.9, DIESEL ,Manha,Oeste,99.0,9.09,102.1,70,1,-7.79,878001,FW-F3EF0,1
EQP-32684,8518.3,Eletrico,Tarde,Sul,93.9,5.96,105.5,116,1,27.98,240348,FW-720E4,0
EQP-32685,2782.4, DIESEL ,Manha,Leste,66.5,7.31,105.1,361,2,-56.9,382647,FW-46FA9,1
EQP-32686,5756.7,Diesel,Noite,Sul,94.4,1.51,75.9,100,1,52.8,929681,FW-D9A66,1
EQP-32687,5152.4,Gas_Natural,Manha,Sul,85.7,,109.1,127,0,-14.07,379223,FW-66DA1,1
EQP-32688,7051.3,Diesel,Noite,Leste,81.4,0.98,107.5,3,0,28.62,874776,FW-25A02,1
EQP-32689,4856.8,Eletrico,Tarde,Leste,72.3,0.57,127.6,140,2,24.21,592372,FW-3C708,1
EQP-32690,4856.3,Hibrido,Manha,Leste,91.5,1.16,94.9,152,1,-8.92,529482,FW-6FA5A,0
EQP-32691,11492.0,diesel,Tarde,Sul,105.2,,95.9,204,0,10.09,827682,FW-27BE0,1
EQP-32692,7238.9,Eletrico,Tarde,Norte,75.6,6.28,113.9,2,1,-30.31,467994,FW-96CEA,0
EQP-32693,2068.3, DIESEL ,Tarde,Oeste,115.5,2.59,66.2,197,1,7.56,653636,FW-CA3DB,1
EQP-32694,439.4,Diesel,Tarde,Leste,44.4,8.04,72.2,130,1,-31.64,941483,FW-A122B,0
EQP-32695,14232.4,diesel,Noite,Norte,50.4,,87.1,89,2,-51.24,304311,FW-22CA3,1
EQP-32696,14857.9, DIESEL ,Manha,Norte,67.1,5.22,98.6,104,0,16.59,996087,FW-8BD7A,1
EQP-32697,3266.5,Diesel,Noite,Norte,89.9,4.78,100.3,278,1,-65.03,315989,FW-A8D08,1
EQP-32698,10180.4,Eletrico,Tarde,Sul,95.9,0.74,110.5,100,1,23.69,588075,FW-79CAF,0
EQP-32699,,Eletrico,Noite,Sul,77.1,3.74,80.5,290,0,12.45,345335,FW-745BB,1
EQP-32700,12820.1,Eletrico,Tarde,Oeste,52.3,,102.5,294,0,2.27,398555,FW-8AA14,1
EQP-32701,2573.9,Diesel,Manha,Leste,72.3,1.14,92.2,114,2,15.48,890612,FW-9C7BE,0
EQP-32702,9121.5, DIESEL ,Tarde,Norte,78.7,3.04,96.9,283,2,-18.07,116788,FW-832AF,1
EQP-32703,, DIESEL ,Noite,Oeste,95.4,1.4,95.4,188,1,-60.31,178276,FW-DC799,0
EQP-32704,222.3,Diesel,Noite,Norte,78.6,0.71,89.6,217,1,77.99,811337,FW-46D39,0
EQP-32705,,Diesel,Manha,Norte,9.2,1.11,121.3,81,3,-32.79,480251,FW-E82CB,0
EQP-32706,9785.0,Diesel,Manha,Norte,100.6,2.45,111.4,140,1,28.01,397368,FW-BD8A8,1
EQP-32707,2604.3,Gas_Natural,Tarde,Sul,80.8,13.23,85.6,285,1,-13.6,400859,FW-E7508,1
EQP-32708,4053.7,Eletrico,Noite,Oeste,67.2,3.82,96.9,53,1,14.37,115523,FW-57042,0
EQP-32709,12007.3,Eletrico,Manha,Norte,77.5,8.42,80.5,96,1,26.75,116414,FW-AAAEB,1
EQP-32710,3416.2,Hibrido,Noite,Oeste,27.7,1.94,96.4,142,0,-20.45,332141,FW-E7A40,0
EQP-32711,1288.6,Diesel,Noite,Sul,87.3,1.54,82.0,125,0,7.27,265487,FW-B5903,0
EQP-32712,10576.5,diesel,Noite,Norte,52.5,0.51,94.9,180,0,8.58,814022,FW-97420,1
EQP-32713,, DIESEL ,Noite,Sul,67.8,5.13,119.0,44,2,-19.79,408613,FW-35614,1
EQP-32714,9211.8,Diesel,Tarde,Oeste,40.7,,109.3,198,1,41.22,461643,FW-A2FD2,1
EQP-32715,7500.4,diesel,Noite,Leste,110.1,3.07,69.9,163,0,11.55,432737,FW-18CA8,1
EQP-32716,14416.8,Gas_Natural,Tarde,Leste,81.1,5.72,93.1,195,0,53.84,284940,FW-9BB05,1
EQP-32717,6949.9, DIESEL ,Noite,Leste,102.6,2.56,90.1,92,1,-40.05,603979,FW-B17E1,0
EQP-32718,10154.9,Diesel,Tarde,Oeste,103.9,,142.7,283,0,-6.25,829194,FW-7E2C7,1
EQP-32719,8351.9,diesel,Noite,Sul,113.6,6.54,88.2,145,1,-18.3,394108,FW-C5C3C,1
EQP-32720,1619.3,diesel,Manha,Leste,77.4,2.76,102.1,221,1,63.97,406093,FW-A622D,1
EQP-32721,2878.0,Diesel,Tarde,Norte,59.0,3.47,110.4,174,0,4.51,759720,FW-46788,1
EQP-32722,9998.5,Hibrido,Tarde,Oeste,78.4,,94.9,263,2,-0.05,870753,FW-91C35,1
EQP-32723,12149.6,Eletrico,Manha,Oeste,111.8,2.09,107.2,66,0,3.72,720327,FW-D0A59,0
EQP-32724,8302.9,Diesel,Manha,Leste,58.8,1.03,99.3,138,0,9.91,799012,FW-9D688,1
EQP-32725,1888.4,Diesel,Manha,Leste,60.5,5.68,79.3,13,0,5.82,903118,FW-DC088,1
EQP-32726,13627.2,Diesel,Tarde,Sul,91.2,1.56,94.0,198,2,46.02,357528,FW-A92F3,1
EQP-32727,1204.2,Eletrico,Tarde,Sul,106.8,,104.4,184,0,62.02,710488,FW-6F1A1,1
EQP-32728,11635.5,Gas_Natural,Manha,Norte,50.3,6.69,81.3,61,1,-88.98,859837,FW-71BAF,1
EQP-32729,9734.1,Diesel,Manha,Sul,63.3,6.06,81.6,167,1,28.87,123716,FW-DDF7D,1
EQP-32730,266.5,Eletrico,Tarde,Sul,76.5,3.27,94.4,115,0,31.32,281808,FW-A861C,0
EQP-32731,8918.3,Eletrico,Tarde,Oeste,86.4,14.7,89.2,106,1,-86.32,912662,FW-37F58,1
EQP-32732,6487.4,diesel,Tarde,Leste,81.8,0.62,73.0,100,0,-15.72,355252,FW-A4949,1
EQP-32733,9350.3, DIESEL ,Tarde,Sul,87.1,7.88,88.1,322,0,21.9,537181,FW-203B8,1
EQP-32734,3273.7,Diesel,Manha,Sul,65.8,7.35,94.1,319,1,36.43,921489,FW-CC00C,1
EQP-32735,3559.6,Diesel,Tarde,Norte,75.4,1.48,134.5,215,1,-16.76,827065,FW-7C868,1
EQP-32736,4963.8,Eletrico,Tarde,Norte,46.8,2.44,94.0,180,0,13.21,760077,FW-526D4,0
EQP-32737,394.2,Diesel,Manha,Norte,76.3,2.35,107.8,55,0,-12.86,146413,FW-653B8,0
EQP-32738,3162.8, DIESEL ,Tarde,Norte,75.7,5.16,79.0,49,1,-1.92,465982,FW-8822A,1
EQP-32739,3637.9,Eletrico,Tarde,Leste,72.9,0.78,103.2,295,0,32.32,725123,FW-362F5,1
EQP-32740,1553.6,Gas_Natural,Noite,Norte,59.7,7.26,90.5,230,1,-25.95,801024,FW-3088A,1
EQP-32741,2037.3,Gas_Natural,Noite,Oeste,82.2,10.99,96.8,276,1,-7.44,617181,FW-CCE28,1
EQP-32742,11667.4,Eletrico,Manha,Norte,48.3,7.14,117.9,34,1,48.17,817455,FW-8A72A,1
EQP-32743,4733.1,Eletrico,Manha,Oeste,36.2,0.83,139.0,141,0,4.66,765608,FW-577BA,0
EQP-32744,7887.3, DIESEL ,Noite,Sul,52.7,3.19,99.8,61,1,-7.04,621588,FW-6A19C,0
EQP-32745,9603.5, DIESEL ,Manha,Oeste,38.6,12.65,83.3,324,2,-38.57,653208,FW-EF076,1
EQP-32746,13414.3,Diesel,Manha,Norte,53.4,1.45,89.3,271,0,-32.96,672309,FW-5A726,1
EQP-32747,404.7,Hibrido,Tarde,Norte,86.6,3.2,91.9,146,1,9.95,121889,FW-76824,0
EQP-32748,7901.2,Gas_Natural,Manha,Norte,69.6,0.82,114.9,37,0,-3.35,711910,FW-B1D89,0
EQP-32749,4856.7,Eletrico,Noite,Oeste,37.8,2.8,107.9,236,0,57.97,961412,FW-AB6CF,0
EQP-32750,14709.8,Diesel,Manha,Sul,60.9,4.65,122.1,142,0,48.01,792247,FW-33FBC,1
EQP-32751,9719.6,Diesel,Tarde,Leste,69.1,15.28,80.3,33,0,-28.65,412208,FW-EF102,1
EQP-32752,7228.6,Gas_Natural,Manha,Norte,69.0,0.56,114.5,73,0,12.4,312203,FW-4DF51,0
EQP-32753,14217.0,Gas_Natural,Manha,Oeste,61.8,0.98,103.3,123,1,-49.82,557350,FW-5E06B,1
EQP-32754,13748.8,Gas_Natural,Noite,Oeste,50.9,1.11,86.8,260,3,-33.5,139221,FW-BD4F4,1
EQP-32755,14044.7, DIESEL ,Tarde,Norte,90.1,2.74,106.2,329,0,-36.36,941764,FW-7DD7D,1
EQP-32756,3183.5,Eletrico,Tarde,Oeste,97.7,1.3,125.1,122,1,-13.76,104180,FW-D50C1,1
EQP-32757,6782.0,Hibrido,Manha,Leste,68.4,,103.6,121,1,3.44,479008,FW-80949,1
EQP-32758,7553.5,Gas_Natural,Tarde,Norte,74.2,0.79,111.4,149,0,-12.19,700616,FW-ABDFE,0
EQP-32759,11742.4,Eletrico,Noite,Norte,63.7,13.29,87.6,28,0,-26.55,915988,FW-720E2,1
EQP-32760,3557.2,Diesel,Tarde,Norte,91.8,6.98,96.3,132,1,-54.96,883502,FW-7F516,1
EQP-32761,12788.8,Diesel,Manha,Sul,81.5,7.85,100.0,354,0,-9.02,984412,FW-96A91,1
EQP-32762,2684.2,Eletrico,Tarde,Norte,70.0,5.22,92.2,224,0,36.73,865912,FW-80055,1
EQP-32763,4393.1,Eletrico,Manha,Sul,73.4,1.48,104.4,292,2,-42.73,987125,FW-CC919,1
EQP-32764,2889.4, DIESEL ,Tarde,Leste,46.7,9.51,114.0,173,1,-39.19,371770,FW-6C4D9,1
EQP-32765,4965.7,Hibrido,Noite,Oeste,62.1,12.0,101.1,73,2,0.54,664150,FW-DEBE6,1
EQP-32766,3428.6,Hibrido,Noite,Leste,61.5,2.99,93.4,335,0,7.04,624547,FW-C95BD,1
EQP-32767,11635.0,Gas_Natural,Noite,Norte,56.5,6.14,94.9,211,1,-49.69,485764,FW-B266D,1
EQP-32768,11558.7,Diesel,Noite,Norte,58.7,9.72,109.7,116,0,18.5,792928,FW-93EAF,1
EQP-32769,597.7,Eletrico,Manha,Oeste,58.5,,97.5,191,1,2.81,750343,FW-E7561,1
EQP-32770,564.5,Eletrico,Noite,Norte,62.4,0.58,102.5,230,0,110.14,618637,FW-8B2F2,0
EQP-32771,6257.0,Diesel,Tarde,Norte,92.1,3.66,110.3,291,1,-58.05,503415,FW-75B49,1
EQP-32772,,Eletrico,Manha,Sul,116.2,1.52,99.5,198,0,-22.3,386876,FW-5B417,1
EQP-32773,7868.8,Diesel,Manha,Leste,71.0,4.82,117.7,341,1,-17.56,326806,FW-AB17E,1
EQP-32774,1122.2,Hibrido,Manha,Leste,58.5,3.2,125.5,109,1,-24.56,301759,FW-1E8ED,1
EQP-32775,14427.1,Diesel,Tarde,Leste,63.4,15.13,143.1,178,0,44.18,866826,FW-D3483,1
EQP-32776,3367.7,Gas_Natural,Tarde,Leste,60.8,4.53,101.6,225,0,79.55,981038,FW-DE3AE,0
EQP-32777,9708.7,Diesel,Noite,Norte,69.1,0.95,101.3,133,0,-33.04,170930,FW-78032,1
EQP-32778,14867.7,Diesel,Manha,Leste,74.6,0.67,115.1,108,0,35.82,126875,FW-1FF89,1
EQP-32779,3683.6, DIESEL ,Noite,Sul,103.4,1.19,116.8,284,1,-13.85,779390,FW-9EE41,1
EQP-32780,1235.2,Eletrico,Tarde,Leste,70.0,5.71,112.7,183,2,28.12,174992,FW-CA2D5,1
EQP-32781,11827.0,Diesel,Noite,Sul,88.4,9.64,97.2,192,0,-11.24,761360,FW-6D597,1
EQP-32782,14566.9,Gas_Natural,Tarde,Norte,61.2,4.7,105.8,280,1,-45.42,511918,FW-4D5E8,1
EQP-32783,2134.6,Diesel,Tarde,Oeste,64.8,2.45,92.0,21,0,-28.47,466264,FW-C3E48,0
EQP-32784,5331.1,Diesel,Noite,Sul,68.9,1.7,100.4,135,1,-8.23,481874,FW-DF0B1,0
EQP-32785,,Eletrico,Tarde,Norte,78.8,1.8,92.2,223,0,55.64,168089,FW-2C82D,1
EQP-32786,6298.0,Eletrico,Manha,Norte,63.4,3.45,104.9,76,2,26.91,287156,FW-C3F6E,0
EQP-32787,210.3,Gas_Natural,Noite,Leste,68.7,18.84,94.5,165,4,-11.08,435226,FW-70951,1
EQP-32788,14322.0,Diesel,Manha,Sul,60.7,1.54,127.7,196,0,5.33,718280,FW-B1DD5,0
EQP-32789,4120.0,Diesel,Manha,Norte,65.6,1.52,95.9,250,1,25.53,348261,FW-47A19,0
EQP-32790,,Diesel,Manha,Norte,50.6,4.31,88.3,133,0,-29.26,572021,FW-E7895,1
EQP-32791,10055.0,Gas_Natural,Tarde,Norte,69.8,,100.8,6,0,-14.99,648225,FW-9328C,1
EQP-32792,11809.1,Diesel,Tarde,Leste,71.8,3.23,95.0,106,2,4.45,499783,FW-DC3CA,1
EQP-32793,2027.9,Diesel,Manha,Leste,81.8,1.28,101.0,45,1,5.47,872558,FW-AADA1,1
EQP-32794,4782.7,Hibrido,Noite,Leste,98.9,5.63,101.4,29,0,30.4,264669,FW-E9ABD,1
EQP-32795,12005.0,Eletrico,Noite,Oeste,65.9,3.91,97.5,58,0,-13.35,390683,FW-4B883,1
EQP-32796,7731.9,Eletrico,Tarde,Norte,48.4,2.53,102.2,168,0,-25.85,363454,FW-BED79,0
EQP-32797,6169.4,Diesel,Manha,Leste,78.0,13.82,94.0,86,0,-3.26,666952,FW-E7224,1
EQP-32798,10261.6,Diesel,Noite,Leste,60.6,3.44,109.4,320,1,7.9,743803,FW-23478,1
EQP-32799,12560.7,Eletrico,Noite,Sul,55.2,4.74,101.8,190,0,-3.99,398415,FW-34761,0
EQP-32800,3873.7,Hibrido,Manha,Leste,90.5,3.33,112.3,34,0,-12.02,658072,FW-76496,1
EQP-32801,4767.2,Eletrico,Manha,Norte,86.6,3.29,85.2,24,0,-51.91,578192,FW-44D00,1
EQP-32802,1078.3,Diesel,Tarde,Sul,75.4,2.26,85.7,193,1,-4.36,386861,FW-1F352,0
EQP-32803,9490.0, DIESEL ,Tarde,Oeste,79.4,2.36,90.7,45,0,-12.01,434036,FW-8EDF1,0
EQP-32804,,Eletrico,Tarde,Leste,96.3,1.13,84.3,59,1,-13.09,782147,FW-199D5,0
EQP-32805,7967.6,Gas_Natural,Noite,Oeste,77.1,1.73,99.7,168,0,16.84,312484,FW-5960B,1
EQP-32806,9155.4,Eletrico,Noite,Oeste,50.5,1.12,121.8,305,3,44.65,136471,FW-8B624,1
EQP-32807,13319.9,Eletrico,Tarde,Oeste,40.8,5.76,103.7,70,2,11.11,897345,FW-8E3A2,0
EQP-32808,7062.8,Eletrico,Noite,Sul,52.3,5.88,101.7,110,1,-22.74,968197,FW-9594C,0
EQP-32809,4517.6,Diesel,Manha,Leste,76.3,3.6,87.8,188,0,-25.0,351198,FW-572B7,1
EQP-32810,1927.6,Eletrico,Tarde,Norte,85.3,,122.6,282,4,3.16,506393,FW-800F7,1
EQP-32811,5940.5,Diesel,Tarde,Norte,91.2,21.37,93.4,196,3,-2.36,333881,FW-91F28,1
EQP-32812,9799.6,Diesel,Noite,Sul,75.2,3.58,81.7,133,0,-7.1,676809,FW-52F27,1
EQP-32813,11582.6,Diesel,Tarde,Leste,53.1,1.95,90.2,20,0,68.24,161591,FW-5CDA0,0
EQP-32814,10139.8,Diesel,Noite,Sul,96.7,2.98,90.6,243,0,39.31,385815,FW-52F9B,1
EQP-32815,11175.9,Eletrico,Tarde,Oeste,75.1,0.7,81.6,42,0,31.48,905398,FW-793C2,1
EQP-32816,827.2,Eletrico,Manha,Norte,84.7,7.29,118.4,306,0,32.66,790088,FW-22CAD,1
EQP-32817,3217.1,Diesel,Manha,Norte,71.4,2.14,96.2,309,1,46.52,372605,FW-A57DE,0
EQP-32818,,Eletrico,Tarde,Norte,67.7,1.3,91.4,217,0,-15.77,505355,FW-8CD4F,1
EQP-32819,9793.2,diesel,Manha,Sul,84.3,1.03,87.3,197,1,-22.99,569753,FW-9FB62,1
EQP-32820,2880.8, DIESEL ,Tarde,Leste,113.7,8.4,102.7,46,0,-49.1,798126,FW-5454F,1
EQP-32821,6429.5,Eletrico,Noite,Oeste,74.6,10.41,75.9,321,1,-34.2,595871,FW-6DE66,1
EQP-32822,8523.6,Diesel,Tarde,Norte,98.4,7.86,159.7,160,0,18.32,632532,FW-411B4,1
EQP-32823,14447.6,Diesel,Manha,Leste,74.8,6.54,103.1,15,1,91.61,863789,FW-2E43A,1
EQP-32824,5879.1, DIESEL ,Manha,Norte,46.6,8.57,73.2,195,1,-34.03,556176,FW-4863E,1
EQP-32825,6749.2,diesel,Tarde,Norte,84.8,1.61,94.0,292,0,-74.35,633502,FW-A5B39,0
EQP-32826,12068.0,Diesel,Manha,Norte,123.1,4.76,70.4,119,0,-12.16,447391,FW-9B227,1
EQP-32827,10581.2,Diesel,Tarde,Sul,67.3,1.34,76.4,172,1,19.85,907750,FW-D8DB6,1
EQP-32828,14735.7, DIESEL ,Noite,Norte,88.5,4.56,109.4,71,0,-38.18,468909,FW-9247F,1
EQP-32829,10035.4, DIESEL ,Manha,Oeste,102.0,0.93,83.9,204,0,-2.0,735199,FW-276C3,1
EQP-32830,5189.3,Gas_Natural,Tarde,Oeste,43.5,2.97,124.4,322,0,8.58,955454,FW-93A6E,0
EQP-32831,10049.8,Diesel,Noite,Norte,91.5,3.7,92.5,341,1,-26.97,129269,FW-40822,1
EQP-32832,2053.5,Eletrico,Tarde,Oeste,73.2,3.62,80.1,145,0,3.29,771420,FW-B26D9,1
EQP-32833,11218.1,Eletrico,Tarde,Leste,37.5,4.37,94.8,275,1,10.12,677371,FW-1AF76,1
EQP-32834,11137.8,Diesel,Tarde,Norte,85.4,4.16,118.1,121,0,-26.89,488201,FW-CE16A,1
EQP-32835,8045.5,Diesel,Manha,Norte,70.2,4.58,108.1,201,1,1.95,635677,FW-93431,1
EQP-32836,5660.2,diesel,Tarde,Norte,89.6,10.19,111.6,155,0,-30.53,947969,FW-1FF4D,1
EQP-32837,2072.7,Diesel,Noite,Norte,77.1,12.33,72.8,250,0,1.01,283700,FW-E349A,1
EQP-32838,14660.4,Eletrico,Tarde,Leste,129.2,1.88,101.8,183,1,-21.76,139128,FW-8E89E,1
EQP-32839,2020.8,Eletrico,Noite,Sul,60.8,4.65,96.8,332,1,43.29,236175,FW-5BEB6,1
EQP-32840,1505.9,Eletrico,Tarde,Leste,44.8,,86.4,254,0,-3.87,792647,FW-963CA,0
EQP-32841,12472.2,Hibrido,Noite,Sul,45.1,4.63,115.6,243,0,6.4,876882,FW-C7E1E,1
EQP-32842,7849.8, DIESEL ,Tarde,Sul,96.4,7.91,91.8,209,0,73.38,671178,FW-1DBA3,1
EQP-32843,13812.0,Gas_Natural,Noite,Sul,57.4,7.72,97.6,67,1,2.68,681377,FW-8D8EB,1
EQP-32844,11760.3,Gas_Natural,Noite,Leste,82.8,5.97,110.9,89,1,4.65,158506,FW-B3501,1
EQP-32845,9325.9,Diesel,Tarde,Leste,101.2,7.33,80.9,128,1,17.88,499857,FW-A1AF0,1
EQP-32846,581.2,Diesel,Tarde,Norte,30.6,3.35,109.2,144,0,8.44,446930,FW-E47D9,0
EQP-32847,4652.4,Eletrico,Noite,Leste,43.9,7.78,97.7,7,1,-65.53,297137,FW-53B0C,0
EQP-32848,602.6,Eletrico,Manha,Sul,62.5,5.94,92.0,56,1,62.67,920343,FW-D97E2,1
EQP-32849,8080.0,Eletrico,Manha,Norte,64.6,34.25,101.0,71,1,14.49,854448,FW-93799,1
EQP-32850,6553.1, DIESEL ,Manha,Leste,70.4,0.54,117.3,288,1,-18.44,705953,FW-E12E7,1
EQP-32851,1305.1,Diesel,Manha,Oeste,77.9,1.22,94.7,105,0,58.01,361809,FW-E6503,0
EQP-32852,9436.7,Hibrido,Manha,Leste,95.0,8.16,89.7,89,1,46.03,493287,FW-9DF23,1
EQP-32853,4427.6,Eletrico,Manha,Norte,84.2,5.36,83.3,44,0,-10.49,390897,FW-5BB3C,1
EQP-32854,1350.1,Eletrico,Tarde,Leste,82.3,7.55,110.9,266,0,-13.59,293435,FW-22A86,1
EQP-32855,10851.1,Diesel,Manha,Oeste,73.2,5.71,118.9,25,0,-74.47,552011,FW-A0629,1
EQP-32856,312.5,Eletrico,Tarde,Norte,35.0,0.61,90.5,152,0,-15.37,671383,FW-D0C7B,0
EQP-32857,2505.6,Hibrido,Manha,Leste,70.5,1.48,94.8,235,0,2.02,804254,FW-49EE8,0
EQP-32858,13151.4,Gas_Natural,Tarde,Sul,55.4,,74.1,136,3,6.23,158688,FW-920C9,1
EQP-32859,12866.2,Eletrico,Tarde,Leste,84.1,2.09,116.9,67,1,74.84,152923,FW-2103F,1
EQP-32860,14513.5,Hibrido,Manha,Norte,95.2,,96.6,298,1,-8.85,955009,FW-D95C2,1
EQP-32861,2019.4,Diesel,Noite,Norte,39.3,8.16,110.2,136,2,31.17,516642,FW-3BE8E,1
EQP-32862,13403.2, DIESEL ,Manha,Sul,53.6,,97.3,279,0,38.22,680564,FW-47B75,0
EQP-32863,11615.8, DIESEL ,Tarde,Norte,99.9,1.75,127.4,163,1,-20.99,186475,FW-8C8D0,1
EQP-32864,6614.7,Diesel,Manha,Oeste,53.1,11.42,104.6,317,1,-21.92,362355,FW-F3BA3,1
EQP-32865,8899.3, DIESEL ,Tarde,Oeste,116.6,12.0,102.8,115,1,13.39,778855,FW-90F56,1
EQP-32866,10957.3, DIESEL ,Tarde,Norte,59.4,4.63,93.6,352,0,-13.68,828901,FW-67B40,1
EQP-32867,10062.1,diesel,Manha,Norte,15.8,4.26,92.7,112,1,23.09,409744,FW-2CD2D,0
EQP-32868,10908.2,Hibrido,Manha,Norte,70.8,0.55,97.6,209,1,48.04,955152,FW-E7533,1
EQP-32869,1752.3,Diesel,Tarde,Norte,102.7,4.84,108.8,15,0,-32.03,323616,FW-3D73C,0
EQP-32870,9675.1, DIESEL ,Tarde,Sul,78.8,7.05,107.7,109,2,20.8,241173,FW-78F7B,1
EQP-32871,7052.3,Eletrico,Tarde,Norte,87.5,1.52,73.1,48,2,-29.91,270815,FW-D0E6F,1
EQP-32872,12837.0,Diesel,Manha,Oeste,62.1,,128.3,58,3,79.52,937572,FW-5B4B5,1
EQP-32873,4200.8,Hibrido,Tarde,Norte,80.7,0.9,95.1,314,1,-25.72,117925,FW-4A72A,1
EQP-32874,8048.9,Eletrico,Tarde,Norte,53.5,2.78,102.4,346,1,4.9,124231,FW-4B04A,1
EQP-32875,7186.6,Eletrico,Noite,Leste,57.1,,72.0,147,2,-23.67,135855,FW-7BCA4,1
EQP-32876,10301.2,diesel,Tarde,Sul,109.3,1.54,102.3,236,0,39.7,421644,FW-513D1,1
EQP-32877,5947.7,diesel,Noite,Leste,83.9,3.29,84.3,213,0,-25.52,294405,FW-CA847,1
EQP-32878,11836.2,Hibrido,Noite,Norte,72.8,6.37,101.2,340,1,47.4,381892,FW-1B4FC,1
EQP-32879,2613.4,Hibrido,Tarde,Oeste,100.1,13.27,91.7,338,1,-46.7,362405,FW-D73EE,1
EQP-32880,6613.0,Gas_Natural,Manha,Sul,89.2,1.35,72.0,256,1,1.33,137525,FW-932C3,1
EQP-32881,3768.1,Diesel,Manha,Sul,68.9,4.56,93.1,343,0,6.24,660947,FW-7F9C5,1
EQP-32882,,Eletrico,Manha,Sul,64.9,4.28,103.8,138,0,23.52,649764,FW-CEAC3,1
EQP-32883,14512.5, DIESEL ,Manha,Norte,87.2,5.99,89.9,87,0,-8.55,931332,FW-3B021,1
EQP-32884,13168.4,Diesel,Manha,Norte,34.2,6.39,105.0,33,2,40.36,978799,FW-61B22,1
EQP-32885,14753.7, DIESEL ,Tarde,Sul,109.8,4.41,95.4,73,0,-81.97,554105,FW-A576A,1
EQP-32886,5794.9,diesel,Tarde,Norte,89.7,6.92,97.3,148,1,-18.6,674508,FW-BC2CD,0
EQP-32887,8184.2,Gas_Natural,Noite,Leste,91.8,2.1,75.8,106,0,37.83,345372,FW-66FDE,0
EQP-32888,11788.0,Diesel,Manha,Norte,58.5,5.05,98.7,231,1,-11.48,905687,FW-AC7C7,1
EQP-32889,13503.5,Eletrico,Manha,Norte,95.0,0.82,109.7,96,0,11.56,130834,FW-71D09,1
EQP-32890,7894.4,Diesel,Noite,Norte,66.1,1.35,115.9,281,0,19.9,846050,FW-5077E,1
EQP-32891,13414.0,diesel,Manha,Norte,64.5,3.32,116.7,256,2,12.63,996527,FW-9EC2D,1
EQP-32892,458.0,Diesel,Tarde,Norte,80.3,10.26,95.5,277,1,-19.05,434733,FW-AEF74,1
EQP-32893,3529.3, DIESEL ,Manha,Leste,72.7,13.86,97.3,334,1,-40.8,332613,FW-BF210,1
EQP-32894,9409.6,Hibrido,Noite,Norte,83.6,2.15,107.6,117,1,13.42,905929,FW-B7694,1
EQP-32895,3124.5,Gas_Natural,Tarde,Oeste,89.8,1.92,139.2,9,1,-5.93,706578,FW-575E4,0
EQP-32896,10637.4,Diesel,Manha,Sul,79.6,3.64,79.9,11,1,-42.58,500264,FW-8A874,0
EQP-32897,6185.7,Diesel,Manha,Norte,40.7,4.31,123.5,302,1,-13.51,731828,FW-779AE,1
EQP-32898,14610.6,Diesel,Manha,Leste,43.2,0.68,91.6,336,0,-20.97,533297,FW-86510,1
EQP-32899,,Diesel,Manha,Leste,64.9,9.72,92.3,78,1,10.83,565414,FW-9E210,1
EQP-32900,2847.0,Diesel,Manha,Oeste,49.8,8.93,94.0,152,0,-73.18,800447,FW-46AEE,0
EQP-32901,631.3,Gas_Natural,Noite,Leste,68.0,27.24,111.5,229,1,6.06,368586,FW-2F9FE,1
EQP-32902,8018.2,Diesel,Tarde,Norte,75.7,1.5,100.3,195,2,28.39,138435,FW-1AD1C,1
EQP-32903,4523.4,Hibrido,Manha,Leste,113.1,4.9,89.2,265,0,-25.01,977616,FW-800DF,1
EQP-32904,13740.3, DIESEL ,Manha,Norte,81.3,4.42,103.2,322,1,3.63,216876,FW-AD7F0,1
EQP-32905,3787.2,Gas_Natural,Noite,Leste,49.7,0.77,82.7,206,0,37.53,513723,FW-4E3F5,1
EQP-32906,4644.6,Eletrico,Tarde,Sul,61.8,7.36,81.7,113,2,15.05,279663,FW-C26F8,1
EQP-32907,7098.6,Eletrico,Manha,Oeste,54.0,,104.8,136,0,52.78,854079,FW-9A6FF,1
EQP-32908,14079.3,Diesel,Manha,Sul,73.9,2.8,97.0,42,3,-51.56,765491,FW-51EDB,1
EQP-32909,1072.6,Hibrido,Noite,Leste,69.2,6.29,76.6,36,2,-31.16,829544,FW-5460A,0
EQP-32910,13745.2,diesel,Manha,Oeste,71.8,17.6,117.3,340,1,-83.29,783383,FW-B1FC6,1
EQP-32911,12312.9,Eletrico,Manha,Leste,88.0,8.27,117.7,173,1,20.19,737594,FW-A31DF,1
EQP-32912,13299.6,Eletrico,Manha,Oeste,93.7,1.15,111.4,73,0,-5.74,772392,FW-27DB2,1
EQP-32913,1952.5,Diesel,Noite,Oeste,63.3,9.44,110.4,271,2,-18.25,812308,FW-6E627,1
EQP-32914,5832.3,Diesel,Manha,Oeste,75.9,10.5,94.7,153,1,26.72,372387,FW-34EA9,1
EQP-32915,8054.3,Eletrico,Noite,Norte,81.3,1.94,75.4,327,1,66.64,487878,FW-84AFB,1
EQP-32916,10281.5,diesel,Tarde,Sul,62.0,7.14,124.8,63,1,-30.44,426212,FW-BD8D3,1
EQP-32917,14032.8,diesel,Manha,Sul,61.4,2.39,114.4,233,1,-2.02,400855,FW-7DCBD,1
EQP-32918,5443.8,Eletrico,Noite,Sul,69.5,10.98,156.7,79,1,-12.71,361015,FW-C96EB,1
EQP-32919,10853.9, DIESEL ,Noite,Sul,84.2,2.5,100.1,149,0,-31.34,947419,FW-C685E,1
EQP-32920,2685.2,Diesel,Noite,Sul,87.3,3.22,120.1,156,0,33.37,757221,FW-3D157,1
EQP-32921,13756.4,Eletrico,Tarde,Norte,75.9,16.75,116.6,103,0,-20.57,712832,FW-84D0E,1
EQP-32922,7474.4,Eletrico,Manha,Norte,89.8,5.38,108.2,11,2,-1.09,180111,FW-F0A7B,1
EQP-32923,8572.3,Diesel,Noite,Oeste,57.4,1.85,102.4,12,0,12.62,839697,FW-5D973,1
EQP-32924,14713.5, DIESEL ,Manha,Sul,76.6,9.61,112.4,352,2,-4.22,536586,FW-90C34,1
EQP-32925,7070.6,Diesel,Noite,Norte,102.2,1.23,118.1,152,3,-72.36,801241,FW-EFC68,1
EQP-32926,8177.7,Diesel,Tarde,Oeste,78.7,7.83,99.7,4,1,-58.62,960467,FW-8AE48,1
EQP-32927,11492.8,Diesel,Tarde,Sul,73.4,19.73,81.6,347,1,-41.65,774413,FW-771B1,1
EQP-32928,13212.9,Diesel,Tarde,Norte,68.6,1.35,104.5,182,1,108.49,454649,FW-F2B3A,1
EQP-32929,6801.1,Diesel,Tarde,Leste,69.4,3.96,106.0,249,1,-34.84,957556,FW-28047,1
EQP-32930,11588.7,Diesel,Tarde,Norte,81.0,0.57,62.0,265,2,-55.89,771647,FW-C9D91,1
EQP-32931,5922.3,Diesel,Manha,Norte,71.1,3.63,111.2,308,1,7.71,385032,FW-60DE4,1
EQP-32932,9343.8, DIESEL ,Manha,Oeste,76.3,6.4,85.0,342,0,27.93,969011,FW-EC2FC,1
EQP-32933,12450.8,Diesel,Tarde,Leste,81.0,2.84,104.5,246,2,18.49,213412,FW-1A6B7,1
EQP-32934,2194.1,Diesel,Manha,Leste,79.2,10.25,109.5,29,2,-9.02,718756,FW-B6999,1
EQP-32935,8620.1,Diesel,Manha,Oeste,56.8,0.5,107.6,123,0,-39.23,524919,FW-37C76,1
EQP-32936,11910.4,Diesel,Tarde,Leste,89.5,4.22,87.0,80,1,49.62,291062,FW-DD04A,0
EQP-32937,12527.1,Eletrico,Manha,Sul,90.5,13.22,87.0,182,4,-32.81,722329,FW-3783C,1
EQP-32938,7435.3,Gas_Natural,Manha,Sul,55.8,20.65,83.6,183,0,-19.46,732424,FW-C56A0,1
EQP-32939,13940.4,Hibrido,Manha,Sul,38.1,5.46,91.1,152,0,7.57,488266,FW-48AFE,1
EQP-32940,11547.2, DIESEL ,Manha,Leste,98.5,6.78,130.1,237,1,-6.49,156834,FW-69A20,1
EQP-32941,780.0,Gas_Natural,Noite,Sul,68.3,1.47,98.8,95,0,-35.33,119676,FW-E0D6A,1
EQP-32942,4852.8,Eletrico,Tarde,Norte,87.4,13.68,100.8,186,1,-14.75,542152,FW-49BE1,1
EQP-32943,6271.3,Diesel,Noite,Norte,46.3,2.86,65.5,138,0,-12.99,657649,FW-642E0,0
EQP-32944,12868.0,Diesel,Tarde,Norte,70.1,,76.8,45,1,29.3,544684,FW-DD76A,1
EQP-32945,14127.9,Hibrido,Noite,Leste,65.7,4.65,105.4,127,0,31.76,425382,FW-E6903,1
EQP-32946,10534.2,Hibrido,Noite,Sul,93.2,9.92,92.5,360,1,-46.68,660442,FW-BD374,1
EQP-32947,561.1,Diesel,Noite,Leste,72.1,12.13,92.3,168,2,15.16,410456,FW-D0D60,1
EQP-32948,4900.2,Diesel,Noite,Norte,95.7,8.94,91.7,346,0,31.25,450143,FW-1E6BF,1
EQP-32949,4933.1,Diesel,Manha,Sul,105.2,0.91,99.0,352,1,19.24,165434,FW-37085,1
EQP-32950,3896.6,Diesel,Manha,Sul,77.6,0.95,100.5,232,1,14.8,379618,FW-5B415,1
EQP-32951,14824.3, DIESEL ,Manha,Sul,53.5,,88.7,344,2,1.53,338861,FW-E8146,1
EQP-32952,6250.8,Hibrido,Noite,Norte,71.8,1.68,119.0,110,0,28.77,442161,FW-D80F6,0
EQP-32953,7277.1,Diesel,Tarde,Sul,77.1,11.15,97.7,259,1,-9.54,432711,FW-CD521,1
EQP-32954,2737.4,Gas_Natural,Manha,Leste,82.8,3.61,74.9,41,1,-21.09,576285,FW-BBC88,1
EQP-32955,10570.7,Eletrico,Manha,Sul,88.6,0.85,115.6,112,0,-7.06,444922,FW-57908,1
EQP-32956,1395.1,Eletrico,Tarde,Leste,88.9,4.15,104.2,226,1,-41.89,536395,FW-E8DD7,1
EQP-32957,1054.3,Diesel,Tarde,Norte,69.9,4.07,77.5,146,0,-8.19,273310,FW-9307A,1
EQP-32958,1052.0,diesel,Tarde,Leste,69.3,9.41,120.2,262,0,38.65,109855,FW-1FD08,0
EQP-32959,2606.2,Diesel,Manha,Norte,60.2,1.95,104.0,138,1,16.58,252329,FW-21557,0
EQP-32960,799.8, DIESEL ,Manha,Oeste,72.3,6.09,109.7,177,0,21.97,968324,FW-D7104,0
EQP-32961,-100.0,Gas_Natural,Manha,Leste,71.3,0.85,108.7,84,1,-12.18,683373,FW-5FC01,0
EQP-32962,12787.1,Hibrido,Tarde,Oeste,85.9,6.52,76.6,139,1,30.69,401201,FW-4F5EC,1
EQP-32963,2907.4,Hibrido,Tarde,Sul,41.6,6.49,93.1,41,3,5.58,263758,FW-51A44,1
EQP-32964,3227.9, DIESEL ,Noite,Leste,57.8,1.11,100.5,282,0,-37.75,195015,FW-8D561,0
EQP-32965,9646.0,Diesel,Manha,Norte,94.8,0.77,94.2,154,0,20.4,361947,FW-520F7,0
EQP-32966,10276.9,Diesel,Tarde,Norte,60.5,0.94,79.1,184,2,4.03,852061,FW-2EFBD,1
EQP-32967,4063.1,Hibrido,Tarde,Oeste,74.2,1.65,124.9,66,0,-15.84,646724,FW-BDEB7,1
EQP-32968,8065.3,Diesel,Noite,Sul,67.8,2.44,88.6,130,0,-13.22,718809,FW-799D6,1
EQP-32969,12174.4,Hibrido,Tarde,Oeste,73.4,1.58,119.2,277,0,-36.91,787539,FW-7BAAD,1
EQP-32970,14895.3,Diesel,Noite,Sul,87.3,27.18,97.9,348,3,37.11,167080,FW-8B4E9,1
EQP-32971,,Eletrico,Manha,Sul,73.9,2.54,121.9,229,1,49.65,931617,FW-EFF82,1
EQP-32972,14969.8,Diesel,Manha,Oeste,78.3,0.91,83.2,27,0,-27.55,959227,FW-4BB68,1
EQP-32973,12463.4,Diesel,Manha,Oeste,67.8,1.84,103.2,328,1,-11.5,595553,FW-44D4D,1
EQP-32974,2445.5,Eletrico,Manha,Sul,87.7,2.17,91.3,217,0,32.68,726846,FW-621CF,1
EQP-32975,7135.6, DIESEL ,Manha,Leste,83.0,19.74,133.7,307,1,65.37,194646,FW-C143B,1
EQP-32976,6916.7,Eletrico,Tarde,Leste,51.8,28.34,80.6,272,1,55.12,733439,FW-95526,1
EQP-32977,6936.8,Diesel,Tarde,Norte,56.4,,89.8,128,1,20.18,425357,FW-AD471,1
EQP-32978,2711.1,Eletrico,Noite,Norte,89.5,1.17,99.3,222,0,8.52,929689,FW-9A1BB,1
EQP-32979,11634.6,Diesel,Tarde,Leste,88.9,,120.3,2,1,-2.81,319307,FW-5B53D,1
EQP-32980,9546.0,Hibrido,Tarde,Leste,60.9,,112.8,51,0,38.64,564770,FW-DA871,1
EQP-32981,9824.3,Gas_Natural,Tarde,Oeste,84.0,4.64,136.3,350,3,64.68,907056,FW-D4F32,1
EQP-32982,2966.2,Diesel,Noite,Leste,55.2,,111.0,288,1,30.57,818925,FW-547BB,0
EQP-32983,8081.3,Diesel,Tarde,Sul,112.5,3.93,92.7,360,1,17.45,892106,FW-E8624,1
EQP-32984,5928.3,Diesel,Tarde,Leste,51.2,4.25,90.5,283,1,1.76,606025,FW-B6FC6,1
EQP-32985,1837.2,Eletrico,Tarde,Oeste,81.9,7.24,108.9,256,0,31.68,122598,FW-D6842,1
EQP-32986,783.4,diesel,Tarde,Sul,47.7,13.21,109.6,269,0,31.73,744319,FW-A95AC,1
EQP-32987,5946.7, DIESEL ,Noite,Sul,92.3,7.68,106.1,182,0,5.32,409769,FW-272CA,1
EQP-32988,12653.0, DIESEL ,Tarde,Sul,57.9,5.11,93.8,15,1,-10.45,408822,FW-9D89E,1
EQP-32989,3657.6,Eletrico,Noite,Norte,82.2,2.19,113.3,128,0,-30.21,856488,FW-C0FB8,0
EQP-32990,7231.7,diesel,Tarde,Norte,71.6,1.12,96.5,134,0,-39.61,419409,FW-8E616,1
EQP-32991,11957.1,Diesel,Tarde,Sul,94.6,4.63,107.1,259,1,59.79,719584,FW-6DE63,1
EQP-32992,1795.4,Eletrico,Tarde,Norte,85.7,1.28,85.8,341,0,-81.89,696082,FW-EAC5A,1
EQP-32993,3847.8, DIESEL ,Tarde,Oeste,75.0,1.83,97.0,336,0,42.54,142977,FW-63B41,1
EQP-32994,6875.7,Eletrico,Tarde,Leste,71.1,5.22,112.6,244,1,-35.68,767982,FW-1A0B4,0
EQP-32995,5357.1,Diesel,Manha,Oeste,44.3,4.45,94.0,112,2,2.34,201754,FW-5CC05,0
EQP-32996,2714.1,Eletrico,Manha,Norte,71.6,0.51,86.4,6,0,46.33,307890,FW-CD127,0
EQP-32997,6819.3,Diesel,Tarde,Sul,54.7,7.21,96.7,175,0,24.59,813741,FW-9D4CB,1
EQP-32998,8962.8,Eletrico,Manha,Oeste,66.4,3.57,106.1,29,0,-78.67,137678,FW-6CC30,0
EQP-32999,9614.5,Eletrico,Noite,Sul,93.3,0.81,107.2,102,0,66.88,959396,FW-5CABD,1
EQP-33000,3004.4,Eletrico,Tarde,Sul,62.9,2.41,112.9,198,0,-26.41,864987,FW-C69E1,0
EQP-33001,10801.3,Diesel,Tarde,Sul,94.2,20.51,121.6,321,1,-50.76,138491,FW-2D03D,1
EQP-33002,10887.1,Gas_Natural,Manha,Leste,59.1,1.58,106.8,10,0,40.56,417457,FW-5C1D3,1
EQP-33003,10517.1,diesel,Manha,Leste,49.1,12.98,126.1,207,1,-43.61,891561,FW-6B882,1
EQP-33004,8827.8,Eletrico,Manha,Oeste,78.9,1.79,122.4,186,5,27.59,917596,FW-2396F,1
EQP-33005,5795.4,Hibrido,Tarde,Sul,93.5,5.97,93.4,13,1,-33.72,562893,FW-A0FA2,1
EQP-33006,4305.0,Hibrido,Noite,Sul,78.9,10.81,120.6,338,3,22.0,188335,FW-4F2D0,1
EQP-33007,10503.5,Diesel,Noite,Sul,78.1,1.57,77.5,237,1,10.61,280760,FW-956C8,1
EQP-33008,1135.2,Hibrido,Manha,Sul,63.8,9.03,102.2,100,1,49.61,226386,FW-DAB45,0
EQP-33009,10644.7,Hibrido,Tarde,Oeste,92.9,3.24,86.7,204,0,46.06,729523,FW-557C4,1
EQP-33010,10681.4,Eletrico,Manha,Oeste,53.4,1.25,109.3,111,0,-3.71,998793,FW-5E464,0
EQP-33011,10004.7,Hibrido,Manha,Norte,79.2,2.24,105.7,258,0,-15.3,945020,FW-8B79E,1
EQP-33012,8768.4,Diesel,Tarde,Sul,69.3,1.47,98.8,279,0,102.28,370576,FW-58938,0
EQP-33013,12423.6, DIESEL ,Manha,Sul,73.0,24.94,84.0,234,1,-3.87,528256,FW-E26ED,1
EQP-33014,6465.9,diesel,Noite,Sul,57.9,1.42,115.0,56,1,-54.75,792929,FW-ADC8E,0
EQP-33015,8679.8,Eletrico,Tarde,Sul,60.4,6.23,92.1,140,2,32.2,753086,FW-33953,1
EQP-33016,4830.6, DIESEL ,Manha,Sul,54.9,3.52,99.1,301,1,-38.89,836737,FW-37A0E,1
EQP-33017,7835.4,Diesel,Manha,Norte,61.8,5.48,89.3,4,3,19.08,841477,FW-B5A0A,1
EQP-33018,4515.0,Eletrico,Manha,Sul,82.1,5.75,66.4,97,3,-40.32,659284,FW-48D4A,1
EQP-33019,6120.7, DIESEL ,Manha,Leste,100.1,10.44,98.6,159,2,-11.11,461022,FW-3C59E,1
EQP-33020,11483.6,Diesel,Tarde,Norte,79.8,11.34,106.7,344,0,61.56,382689,FW-47359,1
EQP-33021,9938.4,Eletrico,Manha,Sul,56.2,2.45,112.2,139,2,-73.99,732704,FW-CAB88,1
EQP-33022,2132.7,Eletrico,Tarde,Oeste,79.2,4.47,83.4,31,0,15.32,609511,FW-50C29,0
EQP-33023,8681.9,Gas_Natural,Noite,Leste,98.0,1.53,116.7,223,1,-25.56,669361,FW-702B3,1
EQP-33024,4402.1,Eletrico,Manha,Sul,58.5,2.85,101.8,327,1,2.44,263986,FW-D6451,0
EQP-33025,12847.3,diesel,Manha,Norte,106.7,5.85,97.9,249,1,18.85,871412,FW-616EE,1
EQP-33026,12549.9, DIESEL ,Tarde,Oeste,49.8,7.05,121.6,54,0,57.2,347713,FW-2C6B3,1
EQP-33027,3538.9,Diesel,Tarde,Leste,88.2,4.36,93.8,252,1,-22.02,340846,FW-F040D,0
EQP-33028,12135.1,Eletrico,Manha,Norte,76.9,12.18,111.3,312,0,-7.51,333557,FW-4C8CF,1
EQP-33029,995.9,Diesel,Tarde,Leste,58.4,,133.3,190,2,12.63,896927,FW-77BB6,1
EQP-33030,592.7, DIESEL ,Tarde,Sul,88.5,2.36,133.0,176,1,-19.62,811925,FW-CFFB1,0
EQP-33031,10807.1,Eletrico,Noite,Oeste,66.3,9.5,102.0,350,1,5.89,126312,FW-D943D,1
EQP-33032,3576.7, DIESEL ,Manha,Sul,79.2,1.66,120.5,34,2,-52.79,387261,FW-B5988,1
EQP-33033,1500.8,Eletrico,Manha,Oeste,72.0,7.33,106.2,286,0,-51.55,691096,FW-3CC1B,1
EQP-33034,5086.0,Eletrico,Manha,Sul,80.4,1.65,136.3,310,2,41.05,564747,FW-1E8B6,1
EQP-33035,9204.8,Eletrico,Tarde,Norte,73.3,19.79,84.8,49,1,-19.01,602227,FW-80C7D,1
EQP-33036,9316.6,Eletrico,Noite,Oeste,51.1,,82.8,110,2,36.66,118940,FW-E8695,1
EQP-33037,6610.3,Eletrico,Manha,Leste,99.7,14.2,129.2,210,0,-65.96,783838,FW-ABE29,1
EQP-33038,8543.0,diesel,Manha,Leste,66.4,3.1,102.4,116,0,44.4,325908,FW-5BBBC,1
EQP-33039,192.5, DIESEL ,Manha,Norte,60.9,0.58,108.9,115,2,-44.16,835196,FW-D3B8C,1
EQP-33040,1745.8,Gas_Natural,Tarde,Oeste,87.8,10.8,99.6,218,1,-72.63,727332,FW-CCB4C,1
EQP-33041,3688.8,Eletrico,Noite,Sul,102.8,4.54,111.9,214,0,0.6,127157,FW-A7782,1
EQP-33042,5786.6,Eletrico,Noite,Oeste,97.3,0.78,103.0,84,0,9.69,589678,FW-71728,0
EQP-33043,9598.8,Diesel,Noite,Oeste,80.6,11.78,94.6,218,2,48.01,481142,FW-BB80E,1
EQP-33044,5010.7, DIESEL ,Tarde,Oeste,53.8,11.33,87.2,159,0,-22.1,835998,FW-2B17B,1
EQP-33045,10642.6,Eletrico,Manha,Norte,63.7,5.32,105.2,297,0,-29.36,232716,FW-6A594,1
EQP-33046,139.7,Gas_Natural,Noite,Sul,99.1,0.54,102.2,185,1,34.73,319181,FW-CD1FF,1
EQP-33047,1550.5, DIESEL ,Manha,Leste,83.2,5.47,112.0,208,1,-11.3,247089,FW-5F773,1
EQP-33048,3035.6,Gas_Natural,Manha,Leste,63.5,3.72,106.2,269,1,-27.57,384037,FW-43A32,0
EQP-33049,11737.0,Gas_Natural,Noite,Leste,114.8,5.04,114.5,184,0,-6.76,105934,FW-C6FD0,1
EQP-33050,4727.6,Eletrico,Noite,Norte,82.7,5.04,105.8,147,0,74.95,537552,FW-BCCA1,1
EQP-33051,246.6,Eletrico,Manha,Leste,96.8,6.21,116.6,259,3,61.15,146841,FW-56E8A,1
EQP-33052,12182.4,Gas_Natural,Noite,Sul,59.7,8.16,137.3,122,0,-46.44,762133,FW-D591D,1
EQP-33053,13027.5,Gas_Natural,Tarde,Sul,71.6,2.83,73.1,62,0,-15.42,182094,FW-724A9,1
EQP-33054,327.6,Eletrico,Tarde,Norte,80.3,1.63,94.0,201,1,49.11,731008,FW-53A23,0
EQP-33055,,Diesel,Manha,Norte,88.3,14.6,114.5,324,1,23.71,675227,FW-1DE6C,1
EQP-33056,7485.3,diesel,Tarde,Sul,76.1,1.05,109.3,205,0,-41.89,826087,FW-92A57,0
EQP-33057,11259.3,Eletrico,Noite,Sul,71.7,7.76,99.6,229,2,8.51,178964,FW-62C71,1
EQP-33058,3153.5, DIESEL ,Noite,Sul,95.9,2.2,88.6,192,1,9.21,761209,FW-792F7,1
EQP-33059,7867.6,diesel,Tarde,Sul,60.9,3.53,100.4,147,0,43.08,207202,FW-18770,0
EQP-33060,9972.7,diesel,Tarde,Leste,39.2,2.22,79.6,256,0,36.27,657437,FW-ABB13,1
EQP-33061,,Diesel,Manha,Norte,81.9,0.8,99.4,85,1,-21.41,715402,FW-C55AD,0
EQP-33062,9692.2,Diesel,Noite,Leste,77.4,2.63,106.1,28,0,-11.77,456298,FW-1BA3D,1
EQP-33063,8340.8,Hibrido,Tarde,Sul,53.8,2.02,117.1,3,1,18.53,176119,FW-2A1AA,0
EQP-33064,12743.3, DIESEL ,Tarde,Leste,98.2,2.2,98.2,135,0,5.31,195714,FW-D999B,1
EQP-33065,,Eletrico,Manha,Norte,67.0,10.27,100.5,195,2,32.57,737029,FW-B4222,1
EQP-33066,5822.0,Eletrico,Noite,Norte,56.8,1.83,113.4,321,0,-38.68,776487,FW-C3AD6,0
EQP-33067,12459.7, DIESEL ,Tarde,Leste,47.7,0.51,70.4,306,1,0.04,320222,FW-54FD2,1
EQP-33068,2395.1,Diesel,Manha,Leste,76.4,3.14,95.2,229,0,51.89,671001,FW-6CF57,1
EQP-33069,6118.6,Diesel,Manha,Leste,73.5,8.97,128.2,138,0,31.47,839481,FW-79E84,1
EQP-33070,,Eletrico,Tarde,Oeste,48.4,7.02,97.2,187,0,-1.87,644045,FW-EC532,1
EQP-33071,6015.0,Eletrico,Manha,Norte,88.9,,103.7,242,1,11.37,388997,FW-562E8,1
EQP-33072,2064.1,Diesel,Tarde,Norte,104.2,3.35,98.2,312,0,-7.06,759018,FW-4CCD9,1
EQP-33073,8053.2, DIESEL ,Tarde,Sul,59.3,1.3,80.4,53,1,-11.21,881614,FW-C56EE,0
EQP-33074,5034.1,Eletrico,Manha,Leste,85.2,3.1,88.0,1,0,0.58,706612,FW-741BA,1
EQP-33075,11631.4,Gas_Natural,Noite,Leste,79.8,5.97,107.3,37,3,-16.72,833613,FW-EBC8E,1
EQP-33076,5721.1,Diesel,Noite,Leste,72.8,1.78,112.0,228,0,41.31,660961,FW-3E638,1
EQP-33077,12162.3,Eletrico,Noite,Oeste,88.9,0.61,81.7,194,1,12.45,419335,FW-8F55E,1
EQP-33078,,Diesel,Manha,Leste,59.6,6.71,113.2,362,1,40.58,894318,FW-9CCFD,0
EQP-33079,3652.3,diesel,Tarde,Oeste,65.1,7.41,111.0,213,1,-37.62,591222,FW-CC61E,1
EQP-33080,9166.1,Diesel,Tarde,Leste,60.2,4.72,91.4,139,0,6.38,980068,FW-6B958,1
EQP-33081,11737.2, DIESEL ,Tarde,Oeste,58.5,17.22,74.8,197,0,-42.35,577609,FW-953C7,1
EQP-33082,6619.0, DIESEL ,Manha,Norte,62.4,2.17,79.1,287,0,7.09,446468,FW-DAC80,1
EQP-33083,7669.4,Diesel,Manha,Oeste,99.4,0.88,95.3,190,0,57.15,285431,FW-4840E,1
EQP-33084,802.4,Gas_Natural,Manha,Sul,84.0,3.75,111.4,157,0,-16.94,473216,FW-1ACD4,1
EQP-33085,,Gas_Natural,Tarde,Norte,52.5,2.47,113.6,184,0,25.62,241912,FW-1C202,1
EQP-33086,4963.6,Diesel,Tarde,Sul,48.5,10.18,89.1,256,2,2.21,628816,FW-2351A,1
EQP-33087,10272.8,Hibrido,Manha,Sul,57.8,1.91,111.5,315,0,-40.88,152467,FW-EB509,1
EQP-33088,10524.8,Eletrico,Manha,Oeste,63.1,18.29,108.0,93,1,-23.54,921039,FW-EBD3A,1
EQP-33089,2227.9,diesel,Noite,Norte,82.3,,119.3,119,2,5.1,508540,FW-D576A,0
EQP-33090,2669.1,Diesel,Manha,Oeste,92.4,8.61,77.6,71,2,-24.88,114895,FW-EB854,1
EQP-33091,1742.5, DIESEL ,Manha,Leste,87.4,9.91,82.8,74,1,20.33,552533,FW-4E0F4,1
EQP-33092,13413.7,Eletrico,Manha,Oeste,64.5,1.01,105.3,103,1,-5.88,787031,FW-8C700,1
EQP-33093,12702.5,Diesel,Tarde,Norte,63.9,3.69,99.5,70,2,10.62,914658,FW-77A70,1
EQP-33094,1442.0,Eletrico,Tarde,Leste,59.8,1.07,117.6,256,1,-9.83,822158,FW-73AB6,0
EQP-33095,,Diesel,Noite,Leste,70.8,1.83,101.3,282,0,12.36,785807,FW-42F84,1
EQP-33096,4902.3, DIESEL ,Tarde,Oeste,71.3,0.76,95.6,41,2,-65.92,765454,FW-4948B,1
EQP-33097,13396.6,Diesel,Manha,Sul,89.8,2.27,119.7,35,0,-0.44,776605,FW-E1C70,1
EQP-33098,2125.0,Diesel,Noite,Sul,53.3,5.92,99.8,59,0,36.99,417232,FW-D5655,0
EQP-33099,13065.5,Eletrico,Noite,Norte,97.5,6.35,87.6,32,2,-13.81,975628,FW-5DC74,1
EQP-33100,8030.9,Diesel,Tarde,Sul,78.2,6.52,102.9,309,0,-12.2,684462,FW-856AB,1
EQP-33101,9914.8,diesel,Manha,Norte,99.8,5.14,113.9,185,2,-0.51,132700,FW-9337C,1
EQP-33102,3409.1,Hibrido,Tarde,Leste,82.2,1.77,94.4,114,0,25.54,368233,FW-609BC,0
EQP-33103,12624.9, DIESEL ,Manha,Sul,46.4,12.62,102.6,44,1,18.81,963223,FW-5B8FE,1
EQP-33104,9581.3, DIESEL ,Manha,Norte,106.4,0.94,94.7,273,0,21.06,643837,FW-791BD,1
EQP-33105,13694.8,Gas_Natural,Tarde,Oeste,55.0,3.2,99.9,284,0,-23.99,396271,FW-E719C,0
EQP-33106,6885.4, DIESEL ,Tarde,Leste,54.3,4.27,96.4,316,0,26.5,852079,FW-6601D,1
EQP-33107,8364.6,Diesel,Tarde,Sul,60.9,1.81,117.6,187,0,46.69,479068,FW-428E8,1
EQP-33108,11988.5,Diesel,Manha,Leste,60.8,0.91,121.8,27,1,42.31,602597,FW-657E2,0
EQP-33109,5975.7,Hibrido,Tarde,Norte,88.2,,110.8,306,2,2.49,288384,FW-29BBE,1
EQP-33110,1651.6,Hibrido,Noite,Oeste,95.4,1.11,103.3,234,1,62.24,155333,FW-D9B1F,1
EQP-33111,11077.6,Eletrico,Manha,Sul,78.8,9.56,116.6,213,3,7.73,655923,FW-2668C,1
EQP-33112,5249.9,Diesel,Manha,Oeste,59.3,1.38,121.0,197,0,9.72,549319,FW-59C9B,1
EQP-33113,7850.6,Diesel,Tarde,Sul,101.0,2.74,104.9,295,2,-31.96,575641,FW-53E91,1
EQP-33114,11303.0,Gas_Natural,Noite,Sul,74.0,2.47,115.4,243,0,-27.67,802771,FW-19227,1
EQP-33115,7357.8,Diesel,Manha,Norte,63.8,1.52,89.4,287,0,-15.91,435611,FW-8FC3E,1
EQP-33116,14447.3,Hibrido,Tarde,Oeste,80.0,1.25,79.8,47,0,8.84,246305,FW-67158,1
EQP-33117,6894.9,diesel,Manha,Leste,68.5,9.73,100.0,13,0,-1.67,400215,FW-6651E,1
EQP-33118,7133.4,diesel,Tarde,Norte,52.8,1.38,117.3,206,0,39.58,657402,FW-59BC1,1
EQP-33119,12184.5,Diesel,Manha,Leste,96.2,2.87,134.4,272,0,5.9,341894,FW-B6AC8,1
EQP-33120,6930.8,Diesel,Noite,Oeste,76.4,5.12,111.4,301,1,13.54,385751,FW-94E58,0
EQP-33121,4420.0,Gas_Natural,Manha,Sul,46.0,3.51,120.0,207,0,-43.89,485648,FW-95B0F,0
EQP-33122,11413.8,Diesel,Manha,Sul,59.7,7.37,115.8,354,1,17.7,401886,FW-B8164,1
EQP-33123,2600.6,Gas_Natural,Tarde,Leste,74.3,1.8,140.2,38,1,-63.53,503435,FW-37ACD,0
EQP-33124,6799.2,diesel,Tarde,Norte,40.0,4.15,93.2,336,0,0.0,900151,FW-D8A5A,0
EQP-33125,1863.6,Diesel,Manha,Leste,69.5,2.45,104.9,349,1,3.38,863915,FW-AA231,1
EQP-33126,14815.7,Eletrico,Manha,Sul,102.4,5.64,92.8,57,1,30.35,459564,FW-1A72F,1
EQP-33127,7800.9,diesel,Noite,Norte,35.6,1.53,109.4,33,1,-36.18,703955,FW-E5E84,1
EQP-33128,11796.2, DIESEL ,Noite,Norte,47.1,0.5,91.1,122,0,-55.81,779113,FW-CE3C6,1
EQP-33129,4146.0,Diesel,Noite,Sul,101.1,4.92,82.9,214,0,-45.19,327189,FW-91EB8,1
EQP-33130,13234.7,Diesel,Manha,Leste,67.8,0.99,111.7,130,2,0.22,988037,FW-BBCC5,1
EQP-33131,5538.7,Diesel,Noite,Sul,86.0,0.51,104.9,149,0,-61.85,283142,FW-67B55,1
EQP-33132,917.3,diesel,Noite,Leste,69.3,11.13,119.7,138,0,-33.17,737067,FW-52C35,1
EQP-33133,,Diesel,Noite,Oeste,86.2,2.95,105.0,17,1,69.81,929099,FW-BCF46,1
EQP-33134,9293.7,Gas_Natural,Noite,Norte,86.5,2.32,100.7,31,0,-4.1,820523,FW-D64B1,1
EQP-33135,11695.4,Eletrico,Noite,Sul,58.4,13.23,60.1,168,0,10.96,649960,FW-C19F1,1
EQP-33136,2767.9,Diesel,Noite,Sul,73.2,3.17,87.0,95,2,32.2,782400,FW-623AF,0
EQP-33137,264.9, DIESEL ,Noite,Leste,78.3,7.0,80.3,242,1,58.47,730155,FW-80C9A,1
EQP-33138,2638.6, DIESEL ,Tarde,Leste,96.9,3.28,107.3,50,2,31.14,967656,FW-9AE58,1
EQP-33139,9105.2,diesel,Tarde,Oeste,81.2,11.42,112.1,334,1,18.97,242483,FW-5B462,1
EQP-33140,11268.0, DIESEL ,Manha,Sul,101.6,2.29,103.5,52,4,7.21,351103,FW-9896B,1
EQP-33141,10755.1, DIESEL ,Tarde,Oeste,56.7,,95.3,279,2,32.09,922365,FW-98B3C,1
EQP-33142,11157.7,Diesel,Noite,Oeste,99.8,1.95,110.1,169,0,8.03,209939,FW-E903B,1
EQP-33143,13314.4,Eletrico,Manha,Sul,66.0,2.22,99.7,1,0,7.9,177140,FW-592B4,1
EQP-33144,5504.1, DIESEL ,Tarde,Leste,77.4,6.18,91.3,105,0,-50.95,387900,FW-82299,1
EQP-33145,13293.6,Eletrico,Noite,Leste,83.0,3.99,97.7,199,2,24.88,169735,FW-C7873,1
EQP-33146,2826.2,Hibrido,Noite,Sul,109.7,7.62,114.1,17,0,-1.57,854530,FW-575FD,1
EQP-33147,10636.7,Hibrido,Manha,Sul,97.0,3.94,91.0,81,1,0.52,717654,FW-238BB,1
EQP-33148,8359.0,Eletrico,Noite,Norte,64.6,5.99,102.5,171,0,-51.54,832211,FW-A3ED2,1
EQP-33149,1508.8,Diesel,Manha,Oeste,89.0,10.7,93.8,310,1,56.47,592369,FW-C65BA,1
EQP-33150,4367.8,Diesel,Tarde,Sul,61.3,5.08,96.4,355,1,-50.04,316178,FW-C5A94,1
EQP-33151,4833.7,Eletrico,Manha,Oeste,70.1,2.28,87.9,54,0,-0.31,685216,FW-2560E,0
EQP-33152,1087.1,Diesel,Tarde,Norte,67.8,0.51,111.2,206,0,-30.82,768324,FW-B4C49,1
EQP-33153,3193.1,Eletrico,Tarde,Norte,57.4,0.7,63.4,296,2,14.24,933693,FW-E56B5,1
EQP-33154,2525.8,Eletrico,Tarde,Sul,79.5,5.89,107.4,329,0,-62.97,649166,FW-66A34,1
EQP-33155,13156.9,Eletrico,Manha,Norte,68.1,4.11,107.5,12,1,-18.54,139932,FW-C4CA4,0
EQP-33156,1198.4,Diesel,Manha,Norte,70.5,2.75,114.0,130,0,-67.38,394349,FW-C31F5,0
EQP-33157,3757.1,Eletrico,Tarde,Sul,74.3,1.48,99.1,190,0,-37.67,921708,FW-819BA,0
EQP-33158,1920.0,Eletrico,Tarde,Oeste,52.1,8.29,98.5,119,0,11.97,767786,FW-B183C,0
EQP-33159,7425.1,Diesel,Manha,Leste,65.5,5.42,114.0,2,1,26.24,384188,FW-32FA9,0
EQP-33160,12946.8,diesel,Noite,Sul,51.6,1.37,93.4,294,0,-124.02,467099,FW-3ECCD,1
EQP-33161,13754.7,Gas_Natural,Tarde,Leste,61.9,0.93,121.4,264,0,-15.25,630573,FW-75E93,1
EQP-33162,11575.2,Diesel,Tarde,Oeste,62.4,2.61,98.2,288,1,50.74,778074,FW-445E6,1
EQP-33163,7510.3,Eletrico,Manha,Sul,72.9,5.24,115.6,29,1,38.74,645094,FW-5F830,1
EQP-33164,2930.5,Gas_Natural,Noite,Norte,44.5,1.86,54.8,79,0,-55.25,636957,FW-AB390,0
EQP-33165,6930.3,Eletrico,Noite,Leste,86.6,3.22,114.4,71,1,-21.49,225039,FW-A636D,0
EQP-33166,11112.5,Eletrico,Tarde,Oeste,81.0,3.54,112.7,118,0,51.31,751751,FW-F2EBF,1
EQP-33167,10295.0,Eletrico,Manha,Leste,56.3,2.06,104.2,138,0,-28.8,864423,FW-AABEA,1
EQP-33168,10300.3,Hibrido,Tarde,Leste,94.6,5.69,106.3,225,2,93.48,976497,FW-686C3,1
EQP-33169,13722.0,Diesel,Manha,Sul,92.2,2.46,121.8,251,1,-55.12,705963,FW-A81F7,1
EQP-33170,9160.7,Diesel,Noite,Norte,70.4,1.31,81.0,273,1,-28.18,701090,FW-57138,1
EQP-33171,9129.5,Diesel,Noite,Oeste,66.0,0.63,96.7,79,1,-2.5,629177,FW-EA15D,0
EQP-33172,2753.7,Eletrico,Tarde,Oeste,60.9,,85.4,358,0,4.62,456915,FW-CD2F6,0
EQP-33173,3719.2, DIESEL ,Noite,Sul,90.3,3.32,126.7,68,1,-64.71,473017,FW-694EC,1
EQP-33174,7985.5,diesel,Manha,Oeste,104.9,1.77,110.8,332,1,83.89,982565,FW-88733,1
EQP-33175,8403.9,Eletrico,Manha,Norte,66.8,4.23,107.7,165,1,32.49,364050,FW-3EA1A,0
EQP-33176,4792.3,Diesel,Tarde,Leste,80.3,0.61,97.8,273,0,-59.81,311872,FW-4975C,1
EQP-33177,8017.0,diesel,Tarde,Leste,74.1,18.75,101.8,235,1,-21.79,622914,FW-E8DDB,1
EQP-33178,12393.6, DIESEL ,Manha,Leste,104.6,,76.2,259,0,5.81,778580,FW-44000,1
EQP-33179,11942.1,diesel,Tarde,Oeste,74.5,15.78,88.1,235,2,5.55,752007,FW-23365,1
EQP-33180,8044.4,Eletrico,Manha,Oeste,112.4,6.15,118.9,33,0,-21.97,955273,FW-905C9,1
EQP-33181,13285.8,Hibrido,Manha,Leste,64.7,1.44,110.8,277,0,16.74,392779,FW-5ED2C,1
EQP-33182,9444.1,Diesel,Tarde,Norte,102.3,6.79,110.9,186,0,16.54,347545,FW-59ECC,1
EQP-33183,10202.0,diesel,Manha,Oeste,74.3,6.51,94.8,294,0,-13.76,944697,FW-3397C,1
EQP-33184,9258.1,Eletrico,Manha,Norte,81.2,2.92,106.0,240,0,8.53,417607,FW-4D089,1
EQP-33185,7134.4,Diesel,Tarde,Sul,35.7,9.73,84.0,170,0,-23.78,259637,FW-385B2,0
EQP-33186,189.9,Hibrido,Manha,Sul,51.4,1.25,80.7,255,0,-39.06,224551,FW-E9901,1
EQP-33187,4817.1,Diesel,Manha,Norte,88.1,5.21,106.0,319,0,13.16,170972,FW-E9AC1,1
EQP-33188,4543.0,Diesel,Tarde,Sul,77.4,2.15,95.6,237,1,-18.41,276022,FW-5054E,1
EQP-33189,8148.4,Gas_Natural,Tarde,Leste,63.9,1.02,92.7,61,0,-3.19,449943,FW-9F187,0
EQP-33190,13489.6,Eletrico,Noite,Leste,102.7,0.93,108.2,22,1,-0.08,109336,FW-29FF5,1
EQP-33191,1023.2,Gas_Natural,Tarde,Sul,68.2,1.32,97.4,229,0,-10.88,860898,FW-737F2,1
EQP-33192,14505.3,diesel,Tarde,Norte,79.4,6.69,100.7,350,2,4.61,850519,FW-5BDC4,1
EQP-33193,7918.3,Eletrico,Tarde,Oeste,96.0,4.26,85.3,206,1,-3.52,247860,FW-92173,1
EQP-33194,4083.9,Diesel,Tarde,Leste,87.7,3.76,95.0,250,1,47.98,321866,FW-B7B06,1
EQP-33195,762.4,Diesel,Noite,Leste,41.8,3.09,64.5,163,1,-60.94,145795,FW-50BB4,0
EQP-33196,5500.3, DIESEL ,Tarde,Norte,68.2,2.82,120.7,273,1,1.49,567005,FW-B44B4,1
EQP-33197,2380.1, DIESEL ,Tarde,Leste,75.2,24.56,109.1,324,0,18.57,490128,FW-97B37,1
EQP-33198,11779.5, DIESEL ,Noite,Norte,68.0,6.26,97.8,213,3,7.69,267619,FW-D7648,1
EQP-33199,13819.0, DIESEL ,Noite,Oeste,85.4,1.94,124.6,250,1,18.44,216930,FW-27911,1
EQP-33200,12201.2,Diesel,Noite,Leste,70.4,5.0,95.8,326,0,-18.15,537286,FW-C4E41,1
EQP-33201,1806.7, DIESEL ,Tarde,Leste,71.7,4.74,87.4,201,2,2.31,224211,FW-9A91E,1
EQP-33202,9298.5, DIESEL ,Tarde,Sul,74.6,2.48,91.2,134,1,-23.43,311834,FW-E0EDC,1
EQP-33203,14851.0, DIESEL ,Noite,Sul,106.2,3.83,86.6,327,0,39.98,315831,FW-D91DD,1
EQP-33204,1385.4,Diesel,Noite,Norte,89.3,9.12,94.9,127,0,39.54,125428,FW-EDDED,1
EQP-33205,10419.3, DIESEL ,Noite,Leste,68.8,13.97,85.9,160,1,-53.56,872484,FW-66F5E,1
EQP-33206,6137.9,Eletrico,Noite,Oeste,67.2,4.83,97.5,259,1,-21.75,767028,FW-529FE,1
EQP-33207,10290.5, DIESEL ,Noite,Norte,42.8,5.25,97.1,157,0,-42.33,504656,FW-65552,0
EQP-33208,824.1,Eletrico,Manha,Leste,67.2,5.91,89.5,43,2,12.66,986724,FW-3B486,0
EQP-33209,7138.4,diesel,Manha,Leste,78.2,1.07,107.1,341,0,31.68,537173,FW-3E596,1
EQP-33210,8371.2,Diesel,Manha,Oeste,91.4,5.33,86.2,254,0,38.06,920532,FW-196BF,1
EQP-33211,13430.3, DIESEL ,Manha,Norte,72.8,4.05,110.6,7,0,16.39,679007,FW-AEAB1,1
EQP-33212,3331.0,diesel,Manha,Oeste,77.7,3.16,114.8,189,1,3.91,835572,FW-F3232,1
EQP-33213,,Hibrido,Manha,Oeste,62.6,1.89,113.0,117,0,-34.6,559399,FW-A3F55,0
EQP-33214,7557.5,Diesel,Manha,Sul,71.7,3.37,92.6,318,0,10.5,308923,FW-91BF2,1
EQP-33215,2180.1,Hibrido,Manha,Sul,92.9,6.2,102.2,257,2,-36.81,497298,FW-8A630,1
EQP-33216,13910.6,Gas_Natural,Tarde,Norte,111.3,4.01,109.8,145,1,51.65,363401,FW-EE49B,1
EQP-33217,7515.5,Diesel,Manha,Oeste,98.0,2.22,104.0,309,1,33.96,929159,FW-7409E,1
EQP-33218,374.8,diesel,Manha,Leste,92.1,2.21,93.5,242,1,20.87,807712,FW-8AAE4,1
EQP-33219,12462.8,Eletrico,Tarde,Leste,72.8,1.7,124.1,304,1,29.84,735800,FW-1FE2A,1
EQP-33220,7114.9, DIESEL ,Noite,Leste,73.7,10.0,92.2,267,0,-29.87,412332,FW-641A8,1
EQP-33221,10487.6,diesel,Manha,Sul,92.2,6.03,101.4,110,0,15.48,583054,FW-46C87,1
EQP-33222,7889.2,diesel,Manha,Sul,40.1,4.51,103.5,292,1,105.53,545042,FW-D2B35,1
EQP-33223,6147.2,Eletrico,Manha,Norte,65.3,4.04,103.2,108,1,-12.9,234176,FW-34571,0
EQP-33224,13479.2,Eletrico,Manha,Leste,83.4,1.11,101.1,112,2,20.68,527044,FW-E848C,1
EQP-33225,11478.1,diesel,Tarde,Sul,117.6,7.74,97.8,297,2,-6.4,383562,FW-46466,1
EQP-33226,14880.5,Eletrico,Tarde,Norte,65.8,,105.8,286,1,19.94,447596,FW-84FA7,1
EQP-33227,12769.9,Diesel,Noite,Leste,108.7,0.76,111.8,338,0,14.23,364222,FW-79DDB,1
EQP-33228,,Hibrido,Tarde,Oeste,87.8,3.24,110.2,199,1,-42.05,512028,FW-B3540,1
EQP-33229,13654.6,Diesel,Tarde,Norte,55.0,,107.7,262,0,-21.3,525479,FW-C4B81,1
EQP-33230,749.1,Gas_Natural,Tarde,Sul,81.0,2.43,91.9,217,0,-38.47,958452,FW-33585,0
EQP-33231,13121.2,Eletrico,Manha,Norte,88.1,4.94,77.8,360,1,-18.15,272307,FW-1E0F8,1
EQP-33232,,Eletrico,Noite,Sul,73.0,0.61,121.7,342,2,22.09,577543,FW-40049,1
EQP-33233,4151.3,Diesel,Manha,Norte,66.3,3.82,119.3,104,0,4.95,909064,FW-E4445,0
EQP-33234,10470.3,Diesel,Manha,Leste,77.2,7.0,86.1,241,1,-64.33,705546,FW-3B877,1
EQP-33235,6798.3,Diesel,Manha,Norte,101.8,1.55,90.2,81,0,47.6,965069,FW-C6178,1
EQP-33236,2427.1,Eletrico,Tarde,Oeste,95.8,4.82,68.8,106,0,-44.19,419598,FW-79534,1
EQP-33237,6651.8, DIESEL ,Tarde,Norte,48.0,1.79,121.6,13,0,-49.76,397440,FW-829AA,0
EQP-33238,,Hibrido,Tarde,Oeste,118.5,,112.1,360,1,-27.28,240854,FW-2C888,1
EQP-33239,12073.9,Diesel,Tarde,Norte,75.6,,99.1,144,2,-30.26,146276,FW-CF6B2,1
EQP-33240,1189.2,diesel,Tarde,Sul,87.5,1.17,94.7,24,3,22.55,493018,FW-6A9C3,1
EQP-33241,8164.2,Diesel,Manha,Sul,102.7,6.06,106.4,170,1,19.35,583553,FW-47930,1
EQP-33242,9054.5,diesel,Manha,Norte,98.1,1.92,101.8,202,0,-72.3,613608,FW-DD11E,1
EQP-33243,8154.8,Diesel,Tarde,Sul,54.0,3.02,91.4,9,0,-17.4,671913,FW-B411D,1
EQP-33244,5115.7,Diesel,Tarde,Oeste,89.4,2.32,122.7,278,0,-6.42,686317,FW-E5F46,1
EQP-33245,999999.0,Eletrico,Tarde,Leste,85.6,4.74,103.2,265,1,-20.4,619558,FW-3AEF0,1
EQP-33246,10083.0,Diesel,Manha,Norte,66.9,16.7,123.1,208,1,46.15,316794,FW-3F1B7,1
EQP-33247,8725.0, DIESEL ,Manha,Leste,120.3,6.45,86.1,272,0,24.69,226777,FW-8BC96,1
EQP-33248,3893.7,Eletrico,Manha,Norte,48.1,0.94,103.9,360,0,-46.49,333088,FW-A26D2,1
EQP-33249,13383.4,diesel,Manha,Leste,76.2,7.9,94.6,105,1,-39.76,540075,FW-52851,1
EQP-33250,4441.5,Diesel,Manha,Norte,42.2,5.05,83.0,249,1,10.39,176253,FW-6C71C,1
EQP-33251,10128.2,Diesel,Noite,Sul,67.2,5.31,104.5,12,2,-88.05,524233,FW-57D83,0
EQP-33252,14001.1, DIESEL ,Tarde,Oeste,75.3,1.32,98.4,240,0,16.03,788850,FW-990FA,1
EQP-33253,10609.4,Eletrico,Noite,Oeste,79.5,0.58,123.8,259,1,33.98,153037,FW-ADE73,1
EQP-33254,2584.4,Diesel,Tarde,Sul,83.3,2.01,110.8,53,2,9.94,440675,FW-75D9E,1
EQP-33255,5361.6,Gas_Natural,Noite,Norte,92.3,6.57,70.8,288,0,-32.49,343629,FW-687DA,1
EQP-33256,1938.5,Diesel,Noite,Leste,88.7,0.72,105.8,56,1,30.96,598011,FW-34D2C,1
EQP-33257,5335.8,diesel,Tarde,Leste,70.3,2.01,72.4,208,2,13.52,951601,FW-21CF5,1
EQP-33258,653.7,Diesel,Noite,Norte,92.8,7.0,95.7,159,0,-20.19,694167,FW-356FA,1
EQP-33259,,diesel,Tarde,Sul,109.2,7.44,110.2,299,2,-4.01,546673,FW-3D5BB,1
EQP-33260,4250.0, DIESEL ,Manha,Leste,62.7,3.36,113.1,2,2,-43.54,582317,FW-CE486,0
EQP-33261,10352.3, DIESEL ,Noite,Leste,112.4,13.55,121.4,107,0,29.05,155321,FW-8E8BF,1
EQP-33262,12283.0,Diesel,Noite,Sul,64.6,1.02,111.7,24,0,-16.0,336363,FW-66592,0
EQP-33263,284.6,Hibrido,Manha,Oeste,76.7,4.71,91.7,192,0,-49.12,389724,FW-B7F38,0
EQP-33264,8139.9,Diesel,Tarde,Norte,95.4,1.59,68.7,145,0,13.35,735547,FW-D46E8,0
EQP-33265,11487.4,Eletrico,Noite,Norte,61.1,1.69,93.3,363,0,6.24,280251,FW-C3B21,0
EQP-33266,384.6,Eletrico,Noite,Norte,73.5,5.33,81.6,241,0,60.43,319412,FW-A4993,1
EQP-33267,12067.4,Gas_Natural,Tarde,Oeste,89.9,3.97,112.8,220,0,59.59,464776,FW-58A8A,1
EQP-33268,8254.8,diesel,Manha,Sul,80.9,6.53,104.1,220,0,-34.94,506912,FW-CEF53,0
EQP-33269,5578.4,Eletrico,Manha,Oeste,40.9,,111.3,340,0,31.74,399067,FW-7E5D4,1
EQP-33270,13883.6, DIESEL ,Tarde,Oeste,54.4,4.63,106.2,43,1,26.39,605645,FW-53AAD,1
EQP-33271,1991.8,Eletrico,Tarde,Sul,65.1,3.95,80.6,299,1,-7.96,998585,FW-5A41C,1
EQP-33272,10774.3, DIESEL ,Tarde,Sul,80.5,9.48,77.1,294,1,-35.53,301271,FW-57EB4,1
EQP-33273,2335.5,Gas_Natural,Manha,Norte,78.0,7.41,115.4,234,0,33.77,353016,FW-397F7,1
EQP-33274,2638.6,diesel,Manha,Norte,38.4,9.14,114.9,294,0,-35.4,882060,FW-8317D,1
EQP-33275,7645.0, DIESEL ,Tarde,Oeste,72.4,4.5,114.2,261,0,-29.17,905519,FW-A8CA9,1
EQP-33276,858.3,diesel,Manha,Leste,75.7,2.33,114.5,87,1,92.57,421392,FW-CB76C,0
EQP-33277,12976.5,Diesel,Tarde,Oeste,83.3,1.6,116.4,205,1,-13.93,574389,FW-5752E,1
EQP-33278,6918.5,Diesel,Tarde,Sul,80.7,,116.3,184,1,4.48,148037,FW-EE4C4,1
EQP-33279,3649.2, DIESEL ,Manha,Oeste,53.2,1.48,92.2,94,0,2.79,237160,FW-78CAB,0
EQP-33280,1229.3, DIESEL ,Noite,Oeste,95.6,4.12,108.8,243,2,21.84,625797,FW-C95DD,1
EQP-33281,6940.7, DIESEL ,Tarde,Norte,84.8,0.55,81.2,54,0,-11.35,587634,FW-BD773,0
EQP-33282,9566.0,diesel,Manha,Sul,76.3,9.38,108.9,178,1,-35.98,664151,FW-25815,1
EQP-33283,12740.5,Diesel,Tarde,Sul,84.6,3.31,110.1,238,2,41.99,517040,FW-28E70,1
EQP-33284,11184.0,Diesel,Manha,Oeste,82.1,5.33,106.3,195,0,-7.61,732886,FW-1EDA5,1
EQP-33285,3562.6,Diesel,Tarde,Norte,56.8,10.78,96.9,308,2,13.5,939476,FW-34722,1
EQP-33286,10005.2,Diesel,Noite,Oeste,78.4,1.28,123.2,166,0,17.88,641819,FW-DB0D3,1
EQP-33287,3348.4,Eletrico,Tarde,Norte,65.7,3.73,102.3,285,2,-30.54,507771,FW-D1622,1
EQP-33288,11714.2,Eletrico,Tarde,Oeste,74.9,1.33,105.0,98,0,56.61,763847,FW-20F37,1
EQP-33289,10088.3,Diesel,Tarde,Oeste,63.1,3.56,94.4,342,0,8.74,733419,FW-45707,1
EQP-33290,,Hibrido,Noite,Oeste,78.1,1.66,112.8,77,1,111.44,537057,FW-EBE96,1
EQP-33291,3095.2,Gas_Natural,Noite,Oeste,67.9,3.46,91.8,141,0,-22.71,162076,FW-AFC7D,1
EQP-33292,2445.2,Eletrico,Noite,Norte,94.1,2.56,109.1,58,0,-0.47,712333,FW-71420,1
EQP-33293,9917.1,Eletrico,Manha,Sul,80.5,2.85,96.6,66,0,-43.2,213385,FW-E3F1B,1
EQP-33294,13314.0,Diesel,Noite,Sul,87.1,,88.9,197,1,13.73,300520,FW-5405F,1
EQP-33295,,Eletrico,Manha,Leste,74.1,5.85,107.5,137,2,13.69,869317,FW-4B3F2,1
EQP-33296,11143.5,diesel,Manha,Norte,67.1,5.18,111.3,178,1,17.25,438181,FW-5B120,0
EQP-33297,5880.7,Hibrido,Manha,Sul,36.7,3.61,105.8,75,0,30.88,658159,FW-73045,0
EQP-33298,6655.4, DIESEL ,Manha,Leste,35.0,12.12,105.7,19,0,58.77,542438,FW-231B4,0
EQP-33299,8833.7,Diesel,Tarde,Norte,68.6,5.26,98.7,214,1,-4.83,375734,FW-677AB,1
EQP-33300,5932.8,Eletrico,Tarde,Norte,82.9,9.42,110.3,248,0,-38.22,324044,FW-C426B,1
EQP-33301,,Eletrico,Manha,Sul,68.4,1.55,108.8,198,1,26.69,926173,FW-C3000,1
EQP-33302,11504.9,diesel,Manha,Oeste,80.1,0.76,92.5,39,0,-26.3,799396,FW-512A1,0
EQP-33303,13599.6,Eletrico,Manha,Oeste,93.5,1.55,79.6,283,0,-28.17,789672,FW-5E46B,1
EQP-33304,4891.4,Gas_Natural,Noite,Leste,86.8,1.13,104.1,10,0,8.28,857277,FW-7A9C5,1
EQP-33305,12198.1,Diesel,Noite,Norte,79.6,1.24,113.7,71,1,59.2,239166,FW-DF5B1,0
EQP-33306,986.1,Eletrico,Tarde,Norte,78.7,5.64,79.5,338,2,5.48,832804,FW-E9FD6,1
EQP-33307,8808.2,Diesel,Manha,Leste,64.4,,87.1,14,1,-31.22,232313,FW-3EE02,1
EQP-33308,13069.1,Eletrico,Manha,Norte,39.3,3.05,75.1,135,0,13.55,192423,FW-A2CD3,1
EQP-33309,13527.8,Gas_Natural,Noite,Leste,69.7,0.74,76.7,66,0,15.44,302324,FW-B743D,0
EQP-33310,586.8,Diesel,Manha,Norte,83.1,4.61,65.7,6,0,0.38,714982,FW-2206E,1
EQP-33311,491.1, DIESEL ,Manha,Norte,76.5,0.78,72.8,246,0,-54.83,816904,FW-944A4,0
EQP-33312,9243.9,Eletrico,Tarde,Sul,99.0,0.55,98.6,252,2,42.93,734309,FW-C13BE,1
EQP-33313,814.4,Diesel,Manha,Oeste,68.2,3.86,91.0,315,0,-59.21,577094,FW-905BA,0
EQP-33314,9168.3,Gas_Natural,Tarde,Sul,62.3,3.24,90.4,198,1,-74.01,209751,FW-B0C8C,1
EQP-33315,4787.9,Diesel,Tarde,Sul,103.0,7.5,95.2,70,0,-34.48,398863,FW-442F1,1
EQP-33316,5810.7,Diesel,Manha,Sul,79.2,2.73,95.1,183,0,-9.55,940668,FW-BB801,1
EQP-33317,,Eletrico,Tarde,Sul,58.5,0.8,65.8,146,1,14.09,279934,FW-C9EDE,0
EQP-33318,7651.5,Hibrido,Tarde,Leste,51.5,3.28,108.5,222,0,15.05,915229,FW-6E587,1
EQP-33319,9568.2,Eletrico,Tarde,Norte,54.2,9.46,93.4,39,2,-7.3,905548,FW-6DCF1,1
EQP-33320,3265.1,Gas_Natural,Tarde,Oeste,75.1,15.34,106.6,267,0,-7.83,604990,FW-91353,1
EQP-33321,7407.1,Eletrico,Manha,Oeste,62.7,6.8,114.3,179,0,-67.41,323103,FW-6DE13,1
EQP-33322,10260.5,Hibrido,Noite,Norte,24.3,,105.9,67,0,27.08,371551,FW-3AF80,0
EQP-33323,4104.8,Eletrico,Manha,Sul,56.0,1.97,95.5,290,2,-4.14,853326,FW-6026D,1
EQP-33324,8283.3,Gas_Natural,Noite,Norte,56.8,2.72,91.1,169,0,29.72,361063,FW-56BBC,1
EQP-33325,11445.3,Diesel,Tarde,Oeste,112.1,2.79,135.7,215,1,65.56,137285,FW-3D311,1
EQP-33326,5908.4, DIESEL ,Manha,Oeste,99.2,1.83,122.9,101,1,50.82,351240,FW-6144F,1
EQP-33327,2134.6,Eletrico,Manha,Leste,63.3,3.31,105.1,307,0,-55.16,319220,FW-23037,1
EQP-33328,7909.7,Diesel,Manha,Norte,73.2,3.8,72.5,348,0,27.77,921080,FW-9D8EA,1
EQP-33329,10287.1,Hibrido,Noite,Sul,118.7,0.83,88.0,272,2,40.9,927718,FW-C7303,1
EQP-33330,8429.0,Eletrico,Tarde,Norte,84.2,2.64,90.4,228,1,53.14,804073,FW-DC713,1
EQP-33331,8759.8, DIESEL ,Manha,Norte,69.5,6.19,84.2,236,2,32.14,877027,FW-7673E,1
EQP-33332,1367.7, DIESEL ,Manha,Norte,65.6,8.73,102.4,184,1,-15.99,683163,FW-B9723,1
EQP-33333,12614.7,Diesel,Tarde,Norte,97.2,7.27,102.2,64,0,10.37,731545,FW-4C6B1,0
EQP-33334,13568.4,Gas_Natural,Tarde,Norte,71.3,8.56,113.9,226,1,-3.99,761565,FW-3A5D1,1
EQP-33335,9048.3,Diesel,Manha,Norte,38.8,1.07,85.5,244,1,-21.65,204900,FW-513DA,1
EQP-33336,9904.7, DIESEL ,Manha,Oeste,59.5,6.54,82.4,76,3,-15.23,961412,FW-DB41D,1
EQP-33337,9819.5,Gas_Natural,Tarde,Leste,38.4,7.04,86.8,277,1,20.37,489068,FW-A8CB7,1
EQP-33338,14857.8,Diesel,Noite,Sul,68.5,10.55,94.3,145,1,1.87,577776,FW-1CDD4,1
EQP-33339,4664.1,Diesel,Tarde,Oeste,64.2,9.68,87.8,300,0,11.25,550835,FW-3952B,1
EQP-33340,8416.2,Diesel,Manha,Norte,102.3,2.36,74.8,329,0,-39.01,526785,FW-797F6,1
EQP-33341,7474.3,Eletrico,Noite,Oeste,81.4,6.17,109.0,41,2,16.85,248703,FW-27876,1
EQP-33342,14969.0,diesel,Manha,Oeste,97.7,2.74,102.2,237,2,-81.17,765917,FW-31BA9,1
EQP-33343,1979.9,Diesel,Tarde,Sul,71.6,0.94,93.7,161,0,56.15,225496,FW-76542,1
EQP-33344,11487.6,diesel,Manha,Sul,61.1,3.2,107.8,117,1,38.66,879787,FW-DA148,1
EQP-33345,12540.1,Diesel,Tarde,Leste,69.7,7.93,102.4,104,0,17.03,597647,FW-CA1A1,1
EQP-33346,4260.5, DIESEL ,Manha,Oeste,78.0,4.71,66.9,80,2,3.81,650200,FW-B7111,1
EQP-33347,541.3,diesel,Tarde,Sul,92.8,7.15,120.7,57,0,17.84,336620,FW-77ECF,1
EQP-33348,13129.6,Eletrico,Tarde,Sul,81.4,10.12,106.7,324,3,-20.94,891027,FW-8C056,1
EQP-33349,7429.3,diesel,Noite,Sul,68.4,,88.9,135,1,8.39,192719,FW-BB097,1
EQP-33350,6544.1, DIESEL ,Manha,Leste,106.8,16.99,103.2,309,0,-4.56,699180,FW-F0EC3,1
EQP-33351,6301.6,Eletrico,Tarde,Leste,53.7,20.15,106.7,335,0,-47.33,401324,FW-8D584,1
EQP-33352,13049.7,Eletrico,Noite,Leste,53.7,3.09,107.2,22,0,-13.25,935582,FW-4C952,0
EQP-33353,11078.4,Gas_Natural,Manha,Leste,57.2,9.7,106.1,39,2,37.18,809524,FW-82A6A,1
EQP-33354,9574.6,Hibrido,Tarde,Oeste,59.2,2.3,131.2,112,1,27.33,137840,FW-7FB36,1
EQP-33355,14978.7,Gas_Natural,Manha,Norte,73.2,1.27,93.9,181,1,-14.38,638653,FW-1F88C,1
EQP-33356,13019.9,Eletrico,Manha,Sul,47.7,0.72,93.9,134,2,11.05,144360,FW-8532A,1
EQP-33357,762.4, DIESEL ,Manha,Oeste,86.1,7.98,94.6,84,1,1.26,327319,FW-AF5ED,1
EQP-33358,3095.1,Eletrico,Noite,Leste,44.6,0.96,88.2,258,0,-48.99,400253,FW-AE927,0
EQP-33359,12156.9,Gas_Natural,Manha,Sul,55.5,4.51,95.6,61,2,-2.87,830431,FW-43824,1
EQP-33360,11368.8,Diesel,Noite,Oeste,73.1,16.21,66.2,279,1,13.7,877307,FW-A19CE,1
EQP-33361,6071.0,Eletrico,Manha,Sul,70.8,11.03,89.5,300,0,-0.03,191541,FW-D9087,1
EQP-33362,986.2,Eletrico,Tarde,Oeste,76.4,0.62,100.3,249,2,2.77,944358,FW-E3B31,1
EQP-33363,7324.2,Gas_Natural,Tarde,Sul,52.3,5.17,107.9,235,0,-4.4,520985,FW-C8AD2,1
EQP-33364,13351.5,Diesel,Manha,Oeste,86.3,6.83,131.3,124,2,19.3,711125,FW-BC707,1
EQP-33365,6499.0,Eletrico,Manha,Leste,101.5,3.06,97.8,32,1,-35.55,897032,FW-DF5E1,1
EQP-33366,955.2,Eletrico,Tarde,Norte,111.2,0.6,86.7,259,0,44.02,714359,FW-3A4A2,1
EQP-33367,13031.4, DIESEL ,Manha,Oeste,93.0,23.18,103.0,286,0,-10.98,161420,FW-5C333,1
EQP-33368,2861.0,Eletrico,Manha,Leste,66.3,5.53,83.8,5,2,54.22,590403,FW-E40E2,1
EQP-33369,13572.6,Diesel,Noite,Leste,54.5,2.07,95.7,30,1,-76.11,149417,FW-903B2,1
EQP-33370,5424.8,Diesel,Tarde,Sul,86.7,2.93,103.4,197,0,-19.31,860731,FW-6CD01,1
EQP-33371,7733.5,Eletrico,Manha,Norte,74.5,6.57,104.0,261,1,-51.81,890747,FW-32143,1
EQP-33372,9813.6,Eletrico,Manha,Leste,77.0,4.97,74.2,114,1,24.68,276909,FW-8D835,1
EQP-33373,14782.1, DIESEL ,Manha,Norte,64.9,0.86,97.0,204,3,78.0,625396,FW-E396B,1
EQP-33374,13938.0, DIESEL ,Tarde,Leste,112.5,16.72,109.8,83,1,4.78,135833,FW-4A0ED,1
EQP-33375,1272.0,diesel,Noite,Sul,79.9,4.45,87.2,87,0,-25.1,474895,FW-576F9,1
EQP-33376,14242.1,Eletrico,Tarde,Oeste,66.3,4.34,86.6,358,1,28.46,770672,FW-5A3E2,1
EQP-33377,9027.2, DIESEL ,Noite,Oeste,40.9,0.72,97.6,121,2,32.08,761503,FW-35C5B,0
EQP-33378,9735.6,Eletrico,Manha,Sul,95.9,2.35,98.9,329,2,-74.61,661024,FW-680B7,1
EQP-33379,14309.5,Diesel,Noite,Oeste,87.5,7.82,107.2,33,1,9.86,155039,FW-B0CC7,1
EQP-33380,8624.0,Diesel,Tarde,Norte,58.6,0.65,109.5,154,3,7.66,815538,FW-2D13B,1
EQP-33381,3335.3,Eletrico,Tarde,Leste,112.6,5.91,113.3,321,0,-51.28,581358,FW-AA328,1
EQP-33382,9401.2,Eletrico,Noite,Leste,116.2,4.86,119.7,191,0,-20.54,811298,FW-629D7,1
EQP-33383,7473.7,Diesel,Tarde,Leste,107.8,10.22,86.6,226,1,33.5,400673,FW-F2970,1
EQP-33384,5995.5,Eletrico,Tarde,Leste,86.3,12.13,94.6,300,0,63.25,746647,FW-C2973,1
EQP-33385,11631.8,Diesel,Tarde,Norte,86.0,,144.5,78,1,16.0,456099,FW-799CC,1
EQP-33386,5763.9,Eletrico,Manha,Norte,72.1,3.43,109.1,5,3,32.51,127282,FW-E0857,1
EQP-33387,11038.2, DIESEL ,Manha,Sul,98.9,8.72,81.6,169,0,-10.87,896043,FW-BF995,1
EQP-33388,11705.9,Diesel,Manha,Leste,96.5,7.72,97.3,13,0,35.18,683881,FW-BC37E,1
EQP-33389,5174.8,Diesel,Manha,Sul,32.8,19.08,85.2,239,0,30.98,737816,FW-98830,1
EQP-33390,9801.6,diesel,Tarde,Norte,60.5,8.6,102.0,318,2,1.55,118346,FW-CA84A,1
EQP-33391,8634.4, DIESEL ,Noite,Sul,48.4,2.34,91.4,20,0,-17.0,778790,FW-C1C5B,1
EQP-33392,140.8,Diesel,Manha,Norte,96.7,10.13,84.5,69,1,-45.08,171477,FW-51587,1
EQP-33393,3878.4, DIESEL ,Manha,Leste,70.3,12.32,82.8,279,1,-29.48,529766,FW-DFF64,1
EQP-33394,14100.7,Eletrico,Manha,Oeste,81.7,3.96,70.6,29,1,52.41,463171,FW-C0590,1
EQP-33395,6103.9,Diesel,Manha,Norte,80.0,7.0,97.4,72,2,34.62,418334,FW-4CC2B,1
EQP-33396,6076.9,Diesel,Manha,Oeste,91.4,1.28,100.9,361,1,28.11,284232,FW-3DBB5,1
EQP-33397,14416.5,Diesel,Noite,Oeste,72.4,6.06,102.5,139,3,27.42,252608,FW-33049,1
EQP-33398,11416.8, DIESEL ,Noite,Oeste,54.6,3.53,93.2,227,0,-18.07,686735,FW-879A7,1
EQP-33399,13318.1, DIESEL ,Noite,Norte,77.9,6.79,101.0,187,3,22.83,726904,FW-2788F,1
EQP-33400,4168.3,Diesel,Manha,Leste,125.8,7.96,96.2,250,1,38.38,399584,FW-45A2A,1
EQP-33401,6473.0, DIESEL ,Noite,Norte,98.3,4.64,130.6,57,1,28.71,900683,FW-F0AF8,1
EQP-33402,13057.1,Gas_Natural,Tarde,Sul,52.1,2.14,110.0,93,0,-41.05,967531,FW-CC135,1
EQP-33403,12886.2,Diesel,Tarde,Sul,98.6,4.86,116.5,241,2,-63.71,779219,FW-60145,1
EQP-33404,8380.0,Hibrido,Noite,Norte,84.8,5.87,102.6,161,0,19.0,720545,FW-60CB9,1
EQP-33405,8629.6,Diesel,Manha,Leste,87.8,2.39,113.6,322,1,-4.54,715025,FW-BE05C,1
EQP-33406,5847.2,Diesel,Tarde,Sul,53.6,2.03,115.0,355,0,-8.96,219206,FW-1F69A,1
EQP-33407,3771.2,Diesel,Noite,Sul,73.2,4.3,102.7,299,1,-24.32,447479,FW-1AB47,1
EQP-33408,7401.2,Eletrico,Noite,Sul,82.0,4.65,107.3,64,1,-4.91,531230,FW-D7FFC,1
EQP-33409,9606.6,Diesel,Manha,Sul,113.4,21.11,96.7,180,0,-29.6,313241,FW-D781C,1
EQP-33410,13770.2,Diesel,Manha,Norte,84.9,11.48,106.8,11,2,-18.87,241687,FW-BA1F8,1
EQP-33411,14694.6,diesel,Noite,Leste,84.0,3.69,69.9,21,0,35.94,245447,FW-8713F,1
EQP-33412,8109.2,Eletrico,Tarde,Sul,45.7,11.01,80.2,312,0,-38.16,923554,FW-ACC7B,1
EQP-33413,894.3,Eletrico,Tarde,Oeste,44.5,13.78,81.8,166,0,-29.71,122761,FW-B78F8,1
EQP-33414,8147.9,Diesel,Manha,Leste,71.7,0.98,87.6,149,1,72.45,923460,FW-B481C,1
EQP-33415,11744.6,diesel,Manha,Sul,98.1,2.97,86.1,4,2,7.46,976051,FW-89263,1
EQP-33416,13342.0,Diesel,Manha,Sul,68.5,1.63,89.0,189,1,-16.06,601639,FW-BE1C2,1
EQP-33417,11060.9,Diesel,Manha,Norte,99.0,3.34,98.0,136,0,-54.57,888159,FW-6180B,1
EQP-33418,8204.7,Gas_Natural,Manha,Leste,51.5,9.64,88.3,180,2,12.17,590194,FW-990A1,1
EQP-33419,6151.3,Diesel,Noite,Leste,69.0,21.9,134.2,120,1,-8.82,787926,FW-95713,1
EQP-33420,658.9,diesel,Tarde,Norte,91.9,4.43,117.5,292,2,-9.85,283343,FW-1CA90,1
EQP-33421,11841.6,Diesel,Tarde,Norte,57.0,1.58,111.5,133,0,-33.41,719670,FW-473AB,1
EQP-33422,14519.4,Hibrido,Manha,Leste,73.1,6.14,78.4,214,1,12.12,955029,FW-3B260,1
EQP-33423,772.1, DIESEL ,Manha,Leste,83.7,0.56,111.0,125,3,54.61,707445,FW-EFE6F,0
EQP-33424,13136.5,Diesel,Manha,Norte,89.6,2.47,95.4,10,2,23.64,125099,FW-51039,1
EQP-33425,12054.4,Hibrido,Noite,Leste,64.5,4.3,111.1,19,1,-17.98,930771,FW-223CB,1
EQP-33426,844.4,Diesel,Manha,Norte,62.1,10.55,107.0,305,0,-38.82,889518,FW-5A1C8,1
EQP-33427,3111.9,Diesel,Manha,Leste,73.1,12.05,69.1,92,0,-5.67,182547,FW-26428,1
EQP-33428,8775.4,Hibrido,Tarde,Oeste,55.1,7.06,93.4,40,0,-46.08,781743,FW-78FD3,1
EQP-33429,9400.4,Hibrido,Noite,Norte,63.4,0.77,87.7,313,0,15.57,693169,FW-4308A,0
EQP-33430,13946.0,Eletrico,Noite,Oeste,98.0,,110.0,262,1,-45.04,964442,FW-86733,1
EQP-33431,6978.7,Diesel,Noite,Sul,76.1,,117.7,199,2,24.36,635239,FW-E7B59,1
EQP-33432,8341.6,Diesel,Noite,Norte,69.7,,83.0,306,1,57.02,875661,FW-99165,1
EQP-33433,8367.8,Gas_Natural,Noite,Norte,64.6,6.39,119.4,21,1,-4.8,165550,FW-267A2,0
EQP-33434,2114.5, DIESEL ,Tarde,Sul,54.0,10.33,93.2,211,1,68.0,776135,FW-4B2E8,1
EQP-33435,14901.1,diesel,Noite,Sul,65.5,5.94,93.9,240,1,-2.33,700361,FW-896E8,1
EQP-33436,14094.5, DIESEL ,Manha,Leste,89.1,0.58,104.7,281,0,14.9,719462,FW-6BA50,1
EQP-33437,1066.5,Eletrico,Noite,Sul,53.5,1.29,95.6,47,0,-2.45,694388,FW-E00F4,0
EQP-33438,4769.9,Diesel,Noite,Leste,69.1,0.84,98.0,254,2,-58.96,510750,FW-92259,1
EQP-33439,11200.7,Diesel,Tarde,Oeste,62.2,0.67,114.9,293,1,-29.56,893964,FW-7BF8A,1
EQP-33440,4101.2,Diesel,Noite,Norte,84.4,6.91,118.3,237,1,-19.8,164473,FW-2E682,1
EQP-33441,12224.6, DIESEL ,Manha,Leste,87.5,4.7,112.3,241,3,4.47,484584,FW-C6D4D,1
EQP-33442,,Eletrico,Manha,Oeste,87.7,2.18,110.4,32,2,-9.66,936113,FW-2F6C8,1
EQP-33443,12498.2,Gas_Natural,Manha,Norte,82.6,4.46,113.2,341,0,-11.95,335611,FW-A25E0,1
EQP-33444,14258.9,Eletrico,Noite,Leste,88.0,,79.2,267,1,-34.5,767350,FW-B24E1,1
EQP-33445,10677.2,Diesel,Manha,Leste,103.7,6.89,119.0,25,0,-6.02,378054,FW-B1F33,1
EQP-33446,12211.6,Diesel,Manha,Leste,100.4,7.16,88.6,205,2,-59.7,708255,FW-BB43D,1
EQP-33447,3707.3,Eletrico,Tarde,Oeste,86.2,1.35,97.1,133,1,-17.15,543486,FW-E4728,1
EQP-33448,14685.5,Diesel,Tarde,Leste,107.1,2.3,88.9,163,2,15.57,675438,FW-83A9D,1
EQP-33449,10605.4,Eletrico,Manha,Norte,51.6,6.66,107.1,36,0,-49.29,457592,FW-E2188,0
EQP-33450,5558.1,Gas_Natural,Manha,Leste,97.8,0.81,92.1,201,1,12.7,664798,FW-92159,1
EQP-33451,8788.0,Eletrico,Tarde,Sul,82.3,,115.5,175,2,3.69,738673,FW-3704B,1
EQP-33452,9263.7,Hibrido,Noite,Norte,67.8,3.48,99.2,174,1,28.42,134196,FW-95CC1,0
EQP-33453,8415.5,Gas_Natural,Manha,Sul,80.6,1.15,102.7,272,0,44.98,594194,FW-E7DED,1
EQP-33454,11442.6,Diesel,Noite,Sul,45.2,6.34,106.5,249,3,-33.45,329769,FW-DAD4E,1
EQP-33455,3278.5,Hibrido,Noite,Norte,22.5,,101.4,261,0,-13.67,548184,FW-7B0BE,0
EQP-33456,522.1,Eletrico,Manha,Sul,48.4,3.95,90.3,33,1,80.33,164975,FW-7E1E7,0
EQP-33457,3364.6,Hibrido,Noite,Norte,72.7,7.18,90.1,162,0,-20.92,503518,FW-B5C66,1
EQP-33458,1959.8,diesel,Manha,Oeste,91.7,7.51,118.2,26,1,-13.5,255344,FW-65AF8,1
EQP-33459,5158.1,Eletrico,Noite,Norte,57.5,1.51,89.3,269,0,-17.35,244019,FW-B6403,0
EQP-33460,9004.2, DIESEL ,Manha,Oeste,93.4,1.08,99.7,47,1,-41.27,972576,FW-C9019,1
EQP-33461,3609.0,Diesel,Tarde,Sul,82.6,4.58,99.9,237,0,-32.67,821913,FW-88F19,1
EQP-33462,7834.7, DIESEL ,Manha,Sul,94.1,22.1,104.0,134,2,7.24,863868,FW-98355,1
EQP-33463,2640.8, DIESEL ,Manha,Sul,109.8,1.91,84.7,329,0,-18.55,763133,FW-76B40,0
EQP-33464,2816.5, DIESEL ,Tarde,Leste,72.3,6.34,89.0,147,2,-48.93,587441,FW-B40E8,1
EQP-33465,325.8,Diesel,Manha,Norte,68.7,5.87,68.9,230,0,-1.41,502962,FW-D917E,1
EQP-33466,1982.5,Eletrico,Manha,Norte,74.7,3.97,100.3,124,0,-7.61,588133,FW-3F977,0
EQP-33467,12069.4,Hibrido,Manha,Norte,70.8,3.23,112.1,185,0,-49.84,812196,FW-948D3,1
EQP-33468,9048.9,diesel,Tarde,Norte,69.4,8.89,102.5,24,3,-11.72,259571,FW-70577,1
EQP-33469,14919.4,Gas_Natural,Manha,Leste,90.3,1.69,87.9,13,2,4.81,646179,FW-6D163,1
EQP-33470,7605.8,Diesel,Noite,Sul,88.1,12.43,115.0,66,0,1.59,880239,FW-52257,1
EQP-33471,8627.6, DIESEL ,Tarde,Oeste,46.8,2.7,83.6,143,0,-29.67,526185,FW-41613,0
EQP-33472,8503.9,Eletrico,Manha,Leste,70.6,11.52,87.9,282,0,12.99,263304,FW-A0B79,1
EQP-33473,, DIESEL ,Tarde,Norte,63.9,4.27,82.3,50,2,-56.9,389988,FW-64571,0
EQP-33474,1670.6,Diesel,Tarde,Sul,77.5,2.88,102.1,58,1,-76.23,372592,FW-A48EC,1
EQP-33475,,Gas_Natural,Manha,Leste,63.1,2.65,114.8,325,1,7.58,476682,FW-32623,1
EQP-33476,5735.4,Eletrico,Tarde,Oeste,97.4,5.43,105.7,221,1,0.63,351843,FW-9F6DE,1
EQP-33477,9395.3,Eletrico,Tarde,Leste,57.0,,98.1,321,0,-11.46,790686,FW-57840,1
EQP-33478,2594.4,Eletrico,Manha,Sul,40.0,6.53,91.5,68,2,-70.39,589659,FW-81F1B,0
EQP-33479,, DIESEL ,Manha,Norte,71.4,8.63,107.5,314,1,37.8,366637,FW-1927F,1
EQP-33480,11971.3,Diesel,Manha,Oeste,60.7,1.37,90.2,302,2,-42.97,239260,FW-3CE10,1
EQP-33481,,Diesel,Noite,Leste,115.4,0.58,99.8,268,0,-64.34,467771,FW-4E981,1
EQP-33482,5730.0,Diesel,Tarde,Norte,79.7,2.2,98.8,100,0,47.74,264012,FW-A456D,1
EQP-33483,9687.9,Diesel,Noite,Norte,89.0,6.72,120.8,253,3,10.53,211524,FW-38BD0,1
EQP-33484,11527.4,Diesel,Tarde,Sul,59.2,21.57,112.8,141,0,-5.18,150232,FW-D4164,1
EQP-33485,6927.0,Hibrido,Manha,Oeste,50.7,2.51,99.1,220,1,-1.3,706715,FW-1AB8B,1
EQP-33486,7088.9,Diesel,Noite,Sul,108.0,2.92,96.2,19,1,10.03,187815,FW-3CA9D,1
EQP-33487,1500.4,Eletrico,Manha,Sul,57.3,5.07,76.3,237,1,-3.05,173591,FW-3BCC8,0
EQP-33488,6147.7,Eletrico,Tarde,Norte,60.4,1.68,82.2,122,0,5.46,218489,FW-E18BD,1
EQP-33489,14621.1,Diesel,Manha,Leste,77.1,6.82,99.7,17,4,23.24,370500,FW-F1118,1
EQP-33490,5298.0, DIESEL ,Tarde,Oeste,90.4,1.52,74.2,149,2,61.83,440599,FW-70420,1
EQP-33491,10116.5,Hibrido,Manha,Norte,52.6,1.63,90.1,147,0,-46.24,111459,FW-D6347,0
EQP-33492,10821.7,Gas_Natural,Manha,Sul,54.8,5.43,83.7,50,0,3.44,367464,FW-53FD9,1
EQP-33493,3917.2,Eletrico,Manha,Oeste,53.2,7.0,114.2,172,1,7.29,327746,FW-4A1DC,1
EQP-33494,4063.1, DIESEL ,Noite,Norte,65.8,9.86,82.3,253,1,36.74,593509,FW-48284,1
EQP-33495,11985.9,Diesel,Manha,Norte,52.3,2.2,105.6,140,1,-35.8,171408,FW-42E17,0
EQP-33496,11288.2,Diesel,Noite,Norte,78.1,3.04,86.6,357,0,58.1,272042,FW-1DB24,1
EQP-33497,13753.2,Eletrico,Noite,Leste,91.1,0.93,96.6,38,1,4.09,701090,FW-C0C36,1
EQP-33498,11939.7,Diesel,Tarde,Leste,48.0,0.55,101.6,332,1,-44.39,487079,FW-7222D,1
EQP-33499,5545.1,Eletrico,Manha,Sul,69.0,11.32,107.1,224,0,4.63,972144,FW-E4004,1
EQP-33500,3762.5,Hibrido,Noite,Norte,47.3,6.09,107.9,292,1,17.29,944834,FW-31117,1
EQP-33501,9434.5, DIESEL ,Tarde,Sul,90.0,0.73,96.9,81,0,63.71,783394,FW-2E807,0
EQP-33502,605.6,Diesel,Tarde,Norte,80.9,0.86,98.9,227,1,11.78,955157,FW-4B433,0
EQP-33503,3611.9,Diesel,Manha,Leste,77.4,8.29,86.9,11,0,10.74,329789,FW-37018,1
EQP-33504,11124.3,diesel,Noite,Oeste,49.5,1.53,73.7,291,0,17.62,911757,FW-6D075,1
EQP-33505,8352.1, DIESEL ,Tarde,Sul,94.7,2.8,93.4,219,1,-3.93,689308,FW-49759,1
EQP-33506,12242.3,Eletrico,Manha,Leste,60.4,4.1,110.5,43,1,-55.61,386669,FW-B187F,1
EQP-33507,7434.9,diesel,Tarde,Leste,51.4,11.91,108.3,264,0,-5.63,196691,FW-DF924,1
EQP-33508,1161.7,diesel,Tarde,Sul,61.8,1.24,97.0,309,3,53.94,661282,FW-4050C,1
EQP-33509,9408.5,Eletrico,Tarde,Oeste,69.7,2.29,102.4,65,2,19.55,403377,FW-F15E3,1
EQP-33510,5752.1,Gas_Natural,Tarde,Leste,69.3,5.17,89.6,107,1,-21.92,277386,FW-8A975,1
EQP-33511,4714.2, DIESEL ,Manha,Sul,70.9,1.88,97.8,360,0,25.93,178357,FW-76585,1
EQP-33512,3631.6,Gas_Natural,Noite,Sul,86.5,4.81,73.7,192,0,-43.23,489734,FW-B704A,1
EQP-33513,6065.2, DIESEL ,Tarde,Oeste,83.7,,80.7,252,2,-42.38,394779,FW-B314C,1
EQP-33514,9064.3,Diesel,Manha,Oeste,83.3,8.92,105.4,203,1,26.11,467625,FW-6F36A,1
EQP-33515,9437.4, DIESEL ,Tarde,Oeste,89.0,1.6,125.0,64,2,-4.5,129675,FW-F072B,1
EQP-33516,14162.3,Diesel,Manha,Norte,84.7,1.93,101.6,211,0,35.59,763027,FW-97BAE,0
EQP-33517,7114.7,Diesel,Tarde,Leste,84.8,18.17,103.1,20,0,-20.12,867577,FW-3D41A,1
EQP-33518,8994.6, DIESEL ,Manha,Sul,98.8,10.22,103.5,340,0,-10.95,190325,FW-45ABA,1
EQP-33519,5746.9,Eletrico,Noite,Leste,79.2,2.61,54.6,68,0,-14.83,705785,FW-32837,0
EQP-33520,13312.4,Diesel,Tarde,Leste,86.5,2.22,101.9,23,0,-10.82,335466,FW-DC0DA,1
EQP-33521,13493.6,Eletrico,Tarde,Leste,73.7,2.06,111.0,344,1,48.65,741442,FW-59448,1
EQP-33522,10679.1,Eletrico,Manha,Leste,80.2,4.24,119.7,306,1,-2.49,608929,FW-B4756,1
EQP-33523,13141.8,diesel,Noite,Norte,72.7,10.82,101.0,119,0,6.66,450891,FW-981F0,1
EQP-33524,13221.7,Diesel,Noite,Norte,89.4,4.59,118.4,243,1,41.46,800984,FW-43624,1
EQP-33525,6572.7, DIESEL ,Manha,Sul,49.1,4.99,135.8,150,1,28.33,695274,FW-9129F,0
EQP-33526,,diesel,Manha,Norte,85.5,2.02,79.9,174,2,18.96,201708,FW-D9E25,1
EQP-33527,,Diesel,Manha,Norte,97.9,7.88,93.1,123,1,-8.14,685646,FW-44C93,1
EQP-33528,6682.8,Eletrico,Noite,Sul,80.9,3.19,68.8,131,1,-16.56,390845,FW-A15F9,1
EQP-33529,3681.9,Diesel,Tarde,Norte,92.0,9.61,105.4,193,1,-14.09,311590,FW-ABD5C,1
EQP-33530,4052.4, DIESEL ,Manha,Leste,63.7,4.45,82.4,309,0,20.01,684504,FW-85FEC,0
EQP-33531,7221.8,Gas_Natural,Tarde,Oeste,50.9,16.82,101.3,307,0,-30.39,330151,FW-70E80,1
EQP-33532,,Eletrico,Tarde,Norte,52.4,2.38,103.8,44,1,-67.49,617712,FW-20B91,1
EQP-33533,417.4,Eletrico,Noite,Oeste,83.7,5.15,95.4,108,2,-2.1,641253,FW-2D3AB,1
EQP-33534,11295.6, DIESEL ,Tarde,Norte,94.9,2.84,109.8,206,2,19.54,230031,FW-1D823,1
EQP-33535,5051.1,diesel,Manha,Norte,70.9,1.68,113.0,140,0,-79.59,254871,FW-9EFBC,1
EQP-33536,6350.6,Diesel,Tarde,Oeste,53.6,2.17,123.0,333,0,56.5,140234,FW-3DBD8,0
EQP-33537,13896.7,Hibrido,Manha,Oeste,68.3,3.73,94.8,322,0,6.76,118116,FW-5E8B0,1
EQP-33538,6666.5,Eletrico,Manha,Norte,85.4,1.68,91.5,159,0,-11.46,721013,FW-69A68,1
EQP-33539,2663.1,Diesel,Manha,Norte,64.3,12.14,103.2,333,0,-4.43,431972,FW-DBE6C,1
EQP-33540,2795.7,Diesel,Noite,Sul,44.6,2.12,88.1,73,0,-5.29,748023,FW-DFED7,0
EQP-33541,9029.3,Diesel,Tarde,Norte,87.3,1.99,72.7,92,1,0.1,187414,FW-8C336,1
EQP-33542,14292.4,Eletrico,Manha,Leste,77.4,1.73,98.5,251,0,-38.08,243760,FW-8BDCC,1
EQP-33543,7416.5,Gas_Natural,Tarde,Oeste,83.2,1.16,86.9,236,0,-52.44,139558,FW-6D2E5,1
EQP-33544,11365.0,Gas_Natural,Manha,Oeste,48.1,4.54,92.1,6,1,14.16,650379,FW-D396D,1
EQP-33545,4338.1,Diesel,Manha,Oeste,49.2,10.12,108.2,144,0,-23.06,654100,FW-E8BB7,1
EQP-33546,6919.5, DIESEL ,Tarde,Sul,109.4,4.64,85.3,180,0,3.0,857408,FW-9FAE1,1
EQP-33547,10048.9,Eletrico,Tarde,Oeste,61.5,9.48,73.8,19,1,22.81,905404,FW-F1C26,1
EQP-33548,6860.0,Diesel,Manha,Sul,71.1,33.58,97.0,324,3,45.34,177466,FW-A1024,1
EQP-33549,,Hibrido,Manha,Sul,56.0,9.84,87.6,281,0,-82.67,581693,FW-634CE,0
EQP-33550,14052.3, DIESEL ,Manha,Sul,85.4,9.18,95.7,176,0,14.35,723850,FW-5C155,1
EQP-33551,9554.5,Gas_Natural,Tarde,Norte,63.4,3.26,96.7,335,2,12.78,979962,FW-EA46D,1
EQP-33552,4041.2,Diesel,Manha,Oeste,47.6,22.98,117.6,316,2,-37.01,207410,FW-4476A,1
EQP-33553,11083.1,diesel,Tarde,Norte,83.7,2.08,120.6,361,0,0.46,535816,FW-45178,1
EQP-33554,14149.1, DIESEL ,Noite,Norte,56.4,4.68,92.6,346,0,-37.7,111705,FW-2B596,1
EQP-33555,5498.0,Eletrico,Tarde,Norte,73.6,,107.3,292,0,-24.05,780068,FW-323A6,1
EQP-33556,5010.5,Diesel,Tarde,Oeste,87.7,7.72,103.4,50,2,-3.42,710855,FW-BA4FE,1
EQP-33557,3449.8,Hibrido,Manha,Norte,87.0,5.72,116.7,102,1,-22.43,331572,FW-1BF65,1
EQP-33558,6567.4,Diesel,Noite,Oeste,106.4,8.04,101.1,112,1,42.67,941337,FW-7B39E,1
EQP-33559,5505.0,Eletrico,Noite,Norte,36.4,1.45,99.1,334,2,-63.44,519521,FW-95604,0
EQP-33560,9092.3,Eletrico,Tarde,Sul,67.3,2.39,112.9,140,0,-5.23,891694,FW-B269A,1
EQP-33561,7636.9,Diesel,Manha,Sul,61.9,7.78,104.2,309,1,-8.31,410000,FW-66A4B,1
EQP-33562,13499.5,Diesel,Noite,Norte,76.6,5.57,96.1,126,1,-46.93,162087,FW-35D5C,1
EQP-33563,5401.4,Hibrido,Tarde,Oeste,95.5,1.17,75.1,324,1,-19.11,763314,FW-9198F,1
EQP-33564,13556.9, DIESEL ,Manha,Oeste,73.1,5.21,106.6,151,1,26.5,681127,FW-D6B2B,1
EQP-33565,2199.2,diesel,Tarde,Sul,89.2,17.34,113.3,279,2,1.29,219328,FW-8F268,1
EQP-33566,5179.7,Eletrico,Manha,Sul,74.6,1.48,86.6,21,1,20.53,613245,FW-39110,1
EQP-33567,,Diesel,Noite,Norte,76.4,0.94,122.8,322,0,16.95,448035,FW-9DA48,1
EQP-33568,9240.1,diesel,Tarde,Norte,95.2,2.46,103.7,340,1,30.05,295547,FW-35953,1
EQP-33569,12438.2,Hibrido,Noite,Oeste,100.4,7.64,114.1,224,1,4.43,667470,FW-EA036,1
EQP-33570,13920.3,Eletrico,Manha,Sul,63.1,4.33,94.0,10,1,51.85,573530,FW-B6356,1
EQP-33571,5395.3,Diesel,Noite,Sul,107.4,0.73,99.2,247,0,-81.45,496564,FW-ECDAC,1
EQP-33572,945.2,Diesel,Tarde,Norte,66.8,1.64,87.9,8,0,16.43,142635,FW-9B47D,0
EQP-33573,4606.9, DIESEL ,Noite,Leste,69.0,1.17,129.8,318,1,-0.95,550110,FW-2C172,0
EQP-33574,13100.5,Gas_Natural,Tarde,Leste,80.8,4.67,107.8,86,3,-3.08,261718,FW-618EA,1
EQP-33575,10691.0,Gas_Natural,Noite,Leste,67.6,3.74,124.1,279,0,27.96,686043,FW-70F90,1
EQP-33576,4821.9,Hibrido,Manha,Sul,57.2,2.2,128.7,271,0,22.6,873599,FW-DE98C,1
EQP-33577,12085.6,Diesel,Tarde,Sul,113.7,9.58,89.6,134,1,31.1,616502,FW-99798,1
EQP-33578,,Eletrico,Tarde,Norte,60.6,13.51,103.8,114,2,-44.63,887443,FW-E1789,1
EQP-33579,12339.6,Diesel,Noite,Norte,66.3,10.34,125.7,153,0,-29.78,952907,FW-CA0AA,1
EQP-33580,4089.5,Hibrido,Tarde,Norte,83.7,,103.4,86,0,31.54,434002,FW-4A504,1
EQP-33581,5689.4,Diesel,Noite,Sul,49.1,3.61,113.9,338,0,-26.57,232781,FW-57D06,0
EQP-33582,13986.7,Hibrido,Manha,Sul,97.2,0.79,104.0,274,1,-61.25,896367,FW-D15D1,1
EQP-33583,4024.4,Eletrico,Noite,Sul,76.7,0.89,120.4,7,0,17.47,415345,FW-30C9F,0
EQP-33584,7817.4,Diesel,Manha,Oeste,75.3,3.64,105.6,256,2,-6.37,876877,FW-A833C,1
EQP-33585,8183.8,Eletrico,Noite,Oeste,52.0,16.53,82.1,59,1,53.33,896690,FW-2E2B9,1
EQP-33586,13993.8,Hibrido,Manha,Leste,70.9,3.95,120.9,276,0,-54.46,450169,FW-192D7,1
EQP-33587,6193.5, DIESEL ,Manha,Leste,74.0,3.24,75.6,65,1,32.73,733948,FW-58CBD,1
EQP-33588,2989.0,Gas_Natural,Tarde,Norte,94.1,1.21,107.1,276,0,15.37,193312,FW-2B5B1,1
EQP-33589,7803.9, DIESEL ,Noite,Sul,96.3,3.06,106.0,350,0,84.84,878948,FW-4532B,1
EQP-33590,4683.4,diesel,Manha,Leste,66.9,5.68,68.8,148,0,-12.06,153094,FW-40507,1
EQP-33591,9423.2,Eletrico,Manha,Norte,63.4,2.24,105.9,138,2,48.71,204525,FW-BC9B9,1
EQP-33592,5767.9, DIESEL ,Manha,Norte,42.8,1.87,82.1,325,0,51.15,139319,FW-A74FF,0
EQP-33593,3159.3,Eletrico,Manha,Norte,75.7,1.5,70.8,347,1,-34.58,238536,FW-827BC,1
EQP-33594,, DIESEL ,Manha,Oeste,98.8,2.0,93.8,111,2,-45.09,668026,FW-BB5FD,1
EQP-33595,14566.2,diesel,Tarde,Sul,91.4,2.14,113.4,88,0,-0.38,612228,FW-7E01B,1
EQP-33596,6658.9, DIESEL ,Tarde,Leste,66.4,,87.8,331,1,-24.23,256526,FW-73739,1
EQP-33597,12488.4,Gas_Natural,Manha,Norte,98.9,8.67,95.4,139,0,19.49,566442,FW-29BEB,1
EQP-33598,12406.6,Hibrido,Manha,Leste,66.9,1.85,112.6,60,0,-24.81,198459,FW-5B185,1
EQP-33599,3600.2, DIESEL ,Tarde,Leste,87.3,3.88,78.1,30,1,26.98,603554,FW-699D2,1
EQP-33600,8267.9,Diesel,Tarde,Sul,91.7,4.14,126.3,98,0,-29.78,152498,FW-67504,1
EQP-33601,9631.1,diesel,Manha,Oeste,60.5,2.4,100.6,310,2,48.1,918856,FW-7CFC2,1
EQP-33602,7029.5,Gas_Natural,Manha,Norte,76.9,4.9,89.3,201,1,13.74,703262,FW-AF3E0,1
EQP-33603,4636.8,Gas_Natural,Tarde,Norte,71.0,1.0,78.4,17,1,-26.0,280235,FW-26C1E,0
EQP-33604,4153.5,Eletrico,Manha,Leste,71.9,1.73,99.1,221,0,12.67,371793,FW-C3AB5,1
EQP-33605,6065.2,Hibrido,Noite,Leste,82.6,1.15,97.3,308,1,40.49,780312,FW-EFBA9,1
EQP-33606,12508.0,Diesel,Manha,Oeste,57.4,8.07,108.0,182,1,-101.64,982274,FW-44075,1
EQP-33607,10673.4, DIESEL ,Tarde,Sul,86.6,0.91,100.4,323,0,42.95,803700,FW-A5A9F,1
EQP-33608,13904.1,Eletrico,Tarde,Sul,97.1,0.7,130.4,197,0,19.29,327849,FW-55036,1
EQP-33609,3830.4,diesel,Noite,Norte,91.2,1.97,112.5,114,1,18.17,638395,FW-88E93,1
EQP-33610,8937.4,Eletrico,Tarde,Leste,45.5,0.75,102.1,304,1,-9.61,324095,FW-D0862,1
EQP-33611,2284.8,Eletrico,Manha,Leste,64.7,12.13,95.5,312,3,58.48,238289,FW-54326,1
EQP-33612,13506.3,diesel,Manha,Oeste,82.2,3.9,95.9,169,1,20.89,296387,FW-3A34F,1
EQP-33613,7715.2, DIESEL ,Noite,Leste,111.2,2.56,101.8,205,1,-59.04,223071,FW-EC960,1
EQP-33614,2994.2,Diesel,Tarde,Leste,88.8,2.66,100.3,304,0,-19.51,444900,FW-B2288,1
EQP-33615,10940.0, DIESEL ,Tarde,Leste,58.8,3.4,119.8,48,0,16.51,953158,FW-63384,0
EQP-33616,7536.7,Eletrico,Manha,Norte,83.3,1.23,123.7,98,2,50.92,833592,FW-D859D,1
EQP-33617,12669.2, DIESEL ,Manha,Sul,108.0,6.34,126.6,5,0,-51.61,975600,FW-6C16F,1
EQP-33618,11633.7,Diesel,Manha,Norte,77.7,1.31,105.9,69,1,-58.05,256100,FW-63C07,1
EQP-33619,13199.3,Eletrico,Manha,Leste,71.0,20.72,116.8,42,0,38.06,545170,FW-E2B96,1
EQP-33620,11738.8,Gas_Natural,Noite,Sul,72.0,2.34,70.9,128,0,-33.53,485777,FW-50C4C,1
EQP-33621,4646.9,Diesel,Noite,Norte,67.0,,101.8,301,1,-14.31,144404,FW-E62D1,1
EQP-33622,1870.9,Eletrico,Tarde,Sul,73.5,18.24,89.3,237,0,24.47,318800,FW-9860D,1
EQP-33623,7186.0, DIESEL ,Manha,Norte,22.8,7.59,103.6,133,0,0.85,588711,FW-6ECC2,0
EQP-33624,12036.4,Hibrido,Noite,Norte,64.3,3.26,80.8,83,1,-60.79,281915,FW-960CA,1
EQP-33625,8430.9,diesel,Manha,Leste,52.9,2.61,94.5,282,1,7.69,695488,FW-8ECCB,1
EQP-33626,1962.3,Gas_Natural,Noite,Sul,89.0,6.87,94.3,215,0,-7.65,221265,FW-2C89E,1
EQP-33627,2996.9, DIESEL ,Manha,Sul,45.4,9.66,114.5,23,1,-20.18,470195,FW-B4F8E,0
EQP-33628,7663.1,Diesel,Tarde,Norte,86.9,3.74,71.4,307,1,3.58,861267,FW-A5177,1
EQP-33629,2760.7,Diesel,Noite,Sul,49.0,2.99,106.5,46,0,-11.93,754132,FW-6A0FA,0
EQP-33630,3075.7,diesel,Tarde,Sul,75.8,2.21,108.1,154,1,22.53,260815,FW-D0572,0
EQP-33631,14571.3,Diesel,Tarde,Norte,78.9,3.58,118.5,133,0,-8.19,793124,FW-C13C3,1
EQP-33632,11124.8,Hibrido,Tarde,Norte,59.9,8.97,86.0,356,0,-39.86,487805,FW-BEB8B,1
EQP-33633,9141.1,Gas_Natural,Tarde,Oeste,108.6,,102.3,252,0,-18.15,407214,FW-E7C96,1
EQP-33634,11637.3,Diesel,Tarde,Oeste,84.4,0.97,83.5,200,1,-29.1,337764,FW-7C94E,1
EQP-33635,13134.3, DIESEL ,Noite,Norte,22.5,3.71,101.8,304,2,-11.86,343571,FW-38383,1
EQP-33636,2712.2,Eletrico,Manha,Oeste,94.4,2.8,121.7,100,1,-33.38,184690,FW-D8DF3,0
EQP-33637,10179.0,Gas_Natural,Tarde,Sul,55.0,8.18,109.8,13,0,15.45,906886,FW-64F3C,1
EQP-33638,12377.9,diesel,Manha,Sul,74.4,8.36,117.2,306,1,-64.19,543000,FW-2EE9B,1
EQP-33639,205.4,Diesel,Manha,Norte,65.4,4.71,88.6,97,1,-26.24,117045,FW-34888,0
EQP-33640,2243.6,diesel,Tarde,Norte,67.1,2.52,97.6,130,4,62.29,666005,FW-E774A,1
EQP-33641,12669.9,Diesel,Tarde,Oeste,51.0,1.64,88.2,322,0,26.15,841566,FW-1DB33,1
EQP-33642,670.9,diesel,Manha,Oeste,53.6,,89.1,319,1,38.57,215207,FW-284D2,0
EQP-33643,12555.5,Gas_Natural,Manha,Oeste,61.1,2.28,95.5,122,2,10.45,329982,FW-80093,1
EQP-33644,9297.5,Diesel,Tarde,Leste,79.2,2.06,103.7,54,1,-3.5,124319,FW-53B45,1
EQP-33645,11374.0,Diesel,Manha,Norte,70.6,3.98,108.3,20,1,-55.37,818826,FW-41632,1
EQP-33646,12632.2,Hibrido,Tarde,Leste,103.8,3.63,97.2,240,1,-5.4,988205,FW-E442C,1
EQP-33647,7739.9,Eletrico,Manha,Oeste,17.7,9.83,110.7,315,1,-13.01,917945,FW-7E733,1
EQP-33648,3054.6, DIESEL ,Manha,Leste,80.6,2.46,87.5,78,0,29.72,237725,FW-8DDC4,1
EQP-33649,12247.4,Diesel,Tarde,Sul,66.2,0.99,132.5,93,1,-13.05,489402,FW-22AB4,1
EQP-33650,13905.8,Eletrico,Manha,Leste,75.0,1.99,108.7,137,1,26.37,658719,FW-6882C,1
EQP-33651,11501.7,Diesel,Manha,Oeste,73.6,4.72,113.6,325,1,76.33,825022,FW-E30D8,1
EQP-33652,14489.2,Diesel,Manha,Norte,94.8,3.59,96.3,174,1,10.82,916158,FW-D86B6,1
EQP-33653,4321.1,Eletrico,Manha,Sul,77.7,3.24,119.8,245,2,-30.32,577656,FW-AB0D9,1
EQP-33654,9921.6,Diesel,Tarde,Leste,79.9,2.48,108.0,268,0,-21.26,695311,FW-98234,1
EQP-33655,7081.9, DIESEL ,Manha,Oeste,67.8,3.58,90.4,6,0,1.76,195965,FW-6D72D,0
EQP-33656,1904.8,Eletrico,Manha,Norte,74.9,16.14,97.1,54,2,-18.07,901895,FW-C2E93,1
EQP-33657,5015.4,Eletrico,Manha,Leste,85.7,3.3,98.7,335,1,-13.08,808852,FW-60931,1
EQP-33658,5894.6,Gas_Natural,Manha,Norte,89.0,2.96,128.1,213,2,-38.86,783498,FW-75C94,1
EQP-33659,7982.6,Diesel,Manha,Leste,84.3,8.13,95.3,88,1,-56.94,600297,FW-9FFFD,1
EQP-33660,14172.5,Gas_Natural,Noite,Sul,101.8,5.16,94.9,67,1,31.95,250757,FW-90563,1
EQP-33661,8055.2,Diesel,Tarde,Sul,34.1,5.03,69.2,249,1,18.92,929937,FW-3DE66,1
EQP-33662,157.0,Diesel,Noite,Norte,92.0,3.94,112.5,344,1,13.77,881825,FW-DA7E8,1
EQP-33663,11031.1,Hibrido,Manha,Norte,50.5,2.03,97.0,189,4,1.19,178508,FW-72CD2,1
EQP-33664,10813.1,diesel,Manha,Norte,82.6,7.5,106.9,354,0,83.79,252349,FW-D7C21,1
EQP-33665,5208.2,diesel,Manha,Norte,93.0,1.03,120.2,84,4,10.9,314167,FW-92C31,1
EQP-33666,147.3,Eletrico,Tarde,Sul,32.4,3.57,90.9,39,0,56.85,766745,FW-A94D1,0
EQP-33667,2472.5,Hibrido,Manha,Leste,71.9,0.83,95.0,163,0,-0.18,410985,FW-9C34D,1
EQP-33668,6743.6,Eletrico,Manha,Norte,50.3,1.77,115.8,169,0,51.96,122138,FW-E7E05,0
EQP-33669,7974.1,Eletrico,Noite,Leste,78.3,13.44,70.1,70,2,-6.28,386515,FW-65A23,1
EQP-33670,13105.7,diesel,Manha,Oeste,85.5,9.78,96.6,21,0,31.47,852354,FW-8D967,1
EQP-33671,6048.9,Diesel,Manha,Norte,95.1,4.49,105.3,207,1,-38.28,798660,FW-E5D46,1
EQP-33672,14525.6,Hibrido,Tarde,Sul,66.5,0.66,110.3,262,1,27.7,109371,FW-9862A,1
EQP-33673,8157.0,Hibrido,Noite,Sul,83.0,4.65,131.8,11,0,59.31,857735,FW-23ACA,1
EQP-33674,681.8,Diesel,Noite,Leste,111.0,5.08,110.8,237,0,-63.58,653131,FW-CA569,1
EQP-33675,4808.1,Eletrico,Tarde,Oeste,73.6,5.45,93.0,114,0,2.87,112180,FW-7AFCD,0
EQP-33676,1182.4,Gas_Natural,Manha,Sul,75.3,,85.2,227,0,44.33,834448,FW-825FC,1
EQP-33677,5809.2,Gas_Natural,Manha,Norte,97.6,0.58,96.3,143,0,23.63,976476,FW-3FD80,1
EQP-33678,6651.2,diesel,Manha,Sul,82.7,,78.4,211,0,-48.67,682458,FW-5B02F,1
EQP-33679,3917.2,Eletrico,Manha,Norte,88.8,1.54,132.4,17,4,21.05,781522,FW-4D231,1
EQP-33680,770.4, DIESEL ,Noite,Sul,54.9,0.9,104.7,23,0,30.92,193773,FW-7C618,0
EQP-33681,13024.4,Diesel,Tarde,Leste,98.4,0.63,131.4,116,2,-19.01,175182,FW-54AE1,1
EQP-33682,6151.1,Eletrico,Manha,Sul,91.9,1.73,94.0,116,1,66.95,235684,FW-257EB,1
EQP-33683,1125.7,Eletrico,Manha,Oeste,121.4,7.29,96.6,333,2,25.84,344999,FW-C5A8F,1
EQP-33684,3288.7,Diesel,Noite,Norte,68.1,4.86,122.6,232,0,-44.79,280314,FW-77749,1
EQP-33685,7166.2,Diesel,Tarde,Leste,94.2,10.25,110.4,230,0,21.57,412279,FW-5723D,1
EQP-33686,1403.0,Diesel,Manha,Leste,83.7,8.89,91.7,346,3,-2.38,278405,FW-91C62,1
EQP-33687,8671.1,Diesel,Manha,Norte,63.3,4.44,96.5,207,1,-18.66,395961,FW-BABFB,1
EQP-33688,4535.3,Diesel,Noite,Oeste,58.3,12.4,98.4,357,1,40.25,389100,FW-B2472,1
EQP-33689,13758.4,Hibrido,Noite,Leste,100.2,13.3,117.7,138,3,27.88,663324,FW-8177C,1
EQP-33690,,Diesel,Noite,Norte,38.2,2.94,64.1,198,0,-5.35,968165,FW-7520F,0
EQP-33691,3399.9,Gas_Natural,Tarde,Leste,34.7,3.77,98.3,96,1,-39.9,181544,FW-EF56D,0
EQP-33692,12219.3,Eletrico,Noite,Norte,93.2,1.1,85.7,183,2,-52.5,415187,FW-36B70,1
EQP-33693,9117.8,Gas_Natural,Noite,Leste,62.3,10.79,107.2,322,1,-2.31,267597,FW-3C4AB,1
EQP-33694,13526.5,Gas_Natural,Noite,Norte,85.0,2.69,84.8,316,2,22.57,984117,FW-49913,1
EQP-33695,11575.9,Diesel,Manha,Sul,73.8,13.9,90.7,109,1,-31.02,339018,FW-460BC,1
EQP-33696,10296.7,Gas_Natural,Noite,Sul,101.8,1.36,92.4,238,0,-46.72,286898,FW-DA3BB,1
EQP-33697,6063.4,Eletrico,Noite,Sul,70.6,6.29,93.8,231,2,14.04,205959,FW-A9F38,1
EQP-33698,11201.4, DIESEL ,Noite,Norte,100.8,17.36,91.1,349,2,-20.19,344512,FW-6D4C8,1
EQP-33699,12994.2,Eletrico,Tarde,Norte,61.9,3.12,112.4,339,1,-31.83,992365,FW-A1B9B,1
EQP-33700,10723.5,Eletrico,Tarde,Oeste,87.0,10.09,113.2,124,0,-1.52,865679,FW-62E1D,1
EQP-33701,2731.8,Hibrido,Noite,Leste,90.0,15.27,131.1,200,2,-0.52,430207,FW-1EBAC,1
EQP-33702,,Hibrido,Manha,Sul,76.6,5.4,95.5,293,0,24.1,693296,FW-6B106,1
EQP-33703,9174.2,Diesel,Noite,Oeste,45.9,,97.3,249,1,-65.68,488693,FW-58910,1
EQP-33704,14353.5,diesel,Tarde,Oeste,86.7,9.38,84.4,201,1,14.98,285090,FW-B8251,1
EQP-33705,2309.8,Eletrico,Manha,Leste,99.5,12.85,93.1,250,1,-5.2,390061,FW-B71F6,1
EQP-33706,8861.3,Diesel,Tarde,Sul,71.4,1.22,101.8,171,2,24.68,456427,FW-DB80A,1
EQP-33707,10217.6,Diesel,Manha,Leste,79.1,2.15,98.2,222,0,50.09,211643,FW-A992F,1
EQP-33708,11340.8,Diesel,Manha,Sul,75.4,11.55,75.5,78,3,-27.32,559098,FW-1A96F,1
EQP-33709,12503.8,diesel,Noite,Norte,90.0,3.42,103.7,180,2,17.65,435097,FW-2E308,1
EQP-33710,14465.2,Hibrido,Manha,Norte,123.8,5.39,73.9,236,2,-61.72,883891,FW-265D7,1
EQP-33711,2841.4, DIESEL ,Manha,Oeste,53.0,13.28,134.6,97,1,-39.75,116041,FW-40399,1
EQP-33712,1466.5,Hibrido,Tarde,Sul,66.5,10.6,116.3,151,0,20.91,996206,FW-CDB79,1
EQP-33713,4193.3,diesel,Manha,Oeste,83.1,10.08,86.9,33,1,93.99,808730,FW-BF39D,1
EQP-33714,8012.5,Eletrico,Tarde,Leste,75.1,0.89,86.9,355,2,-1.08,468064,FW-1E9AF,1
EQP-33715,6243.8,Eletrico,Tarde,Leste,63.5,2.76,68.8,89,0,34.33,237769,FW-74E68,0
EQP-33716,4817.7,Gas_Natural,Manha,Norte,82.1,3.61,86.9,89,1,43.0,223006,FW-2B1B8,1
EQP-33717,7840.2,Hibrido,Tarde,Leste,101.3,1.78,104.3,82,0,43.48,832335,FW-617E1,0
EQP-33718,11186.9,Diesel,Tarde,Leste,34.1,12.36,94.0,242,0,48.13,609911,FW-8C5BA,1
EQP-33719,8186.9,Diesel,Manha,Sul,67.3,10.67,113.2,221,1,65.53,965754,FW-87288,1
EQP-33720,10915.8,Eletrico,Manha,Oeste,80.1,2.49,105.5,324,0,-0.85,699189,FW-E9685,1
EQP-33721,11275.5, DIESEL ,Tarde,Sul,84.2,2.13,106.1,275,1,-8.49,161105,FW-59251,1
EQP-33722,5727.3,Hibrido,Tarde,Leste,117.9,,113.8,87,0,-28.55,695884,FW-E6B35,1
EQP-33723,13158.6, DIESEL ,Manha,Oeste,57.2,4.54,111.5,136,1,40.04,135501,FW-E1F0E,1
EQP-33724,12249.7, DIESEL ,Noite,Oeste,87.6,0.65,89.4,276,1,5.55,978807,FW-C2DD2,1
EQP-33725,7169.7,Diesel,Tarde,Norte,80.6,10.18,124.6,162,1,0.16,545814,FW-8C6C5,1
EQP-33726,5347.9,Eletrico,Manha,Oeste,107.5,1.26,117.5,351,2,-3.86,242295,FW-4E0FA,1
EQP-33727,9373.3,Diesel,Manha,Sul,93.5,0.89,116.2,118,1,19.17,348824,FW-C1832,1
EQP-33728,12439.0,Diesel,Manha,Sul,45.4,0.95,112.0,63,1,19.84,134744,FW-4BEBC,0
EQP-33729,8489.9,diesel,Tarde,Oeste,86.4,0.53,95.1,159,2,-27.89,715160,FW-E0877,1
EQP-33730,2035.8,Hibrido,Tarde,Norte,98.5,3.85,87.3,98,0,-8.55,642908,FW-ABD36,1
EQP-33731,8185.1,Eletrico,Manha,Sul,61.6,9.15,91.6,156,0,-73.89,450794,FW-A75F7,1
EQP-33732,3799.9,Hibrido,Noite,Oeste,33.6,4.93,85.3,252,1,32.16,723442,FW-66471,0
EQP-33733,13316.1,Hibrido,Manha,Norte,66.6,3.15,104.8,54,0,-3.96,339995,FW-BA883,1
EQP-33734,1595.9,Diesel,Manha,Leste,66.9,1.76,87.3,228,1,-6.37,315954,FW-81C4A,1
EQP-33735,8986.5,Hibrido,Tarde,Sul,47.9,0.78,101.0,232,1,27.98,820569,FW-33248,0
EQP-33736,3529.3, DIESEL ,Manha,Oeste,86.7,,129.4,136,1,10.58,525513,FW-4815F,1
EQP-33737,5861.5,Hibrido,Tarde,Oeste,88.0,5.48,135.9,270,0,-88.75,699939,FW-A17A5,1
EQP-33738,,Diesel,Noite,Leste,71.4,0.91,98.8,338,0,3.58,927968,FW-EB1D5,0
EQP-33739,12475.8,Diesel,Tarde,Sul,88.7,2.43,88.4,97,2,29.48,243616,FW-E2711,1
EQP-33740,11834.7,Diesel,Manha,Norte,43.8,3.31,75.8,282,0,-49.94,600565,FW-85293,1
EQP-33741,3194.0,Hibrido,Tarde,Norte,73.3,1.41,96.6,295,1,28.15,468184,FW-883B1,1
EQP-33742,9920.4,Diesel,Noite,Oeste,45.8,5.38,99.6,301,0,39.42,222090,FW-AE21C,1
EQP-33743,12316.9,Eletrico,Tarde,Oeste,95.8,1.24,85.9,334,2,4.91,935646,FW-8B478,1
EQP-33744,13983.0,Eletrico,Manha,Leste,82.8,2.38,79.0,12,0,-2.33,202995,FW-9E1F7,1
EQP-33745,9213.2, DIESEL ,Tarde,Sul,89.0,1.15,110.0,148,0,-26.77,218723,FW-5A22F,1
EQP-33746,3388.8,Eletrico,Noite,Leste,99.6,12.65,88.1,310,2,15.23,318591,FW-EBC36,1
EQP-33747,6638.6,Diesel,Tarde,Norte,61.7,1.23,78.7,155,1,-5.51,678753,FW-78D8B,1
EQP-33748,1913.8,Eletrico,Noite,Leste,94.0,2.71,125.0,260,0,14.72,526175,FW-EBBB4,1
EQP-33749,4035.5,Diesel,Tarde,Norte,90.1,1.32,120.0,304,0,-38.97,926678,FW-74E6F,1
EQP-33750,5559.9,Hibrido,Tarde,Norte,66.2,0.72,92.4,109,1,20.4,494035,FW-89BB5,0
EQP-33751,4891.7,Diesel,Tarde,Leste,71.3,1.56,77.6,145,2,56.74,419005,FW-4C5B2,1
EQP-33752,3444.5,Hibrido,Tarde,Norte,100.7,2.63,89.7,245,1,7.7,975885,FW-85982,1
EQP-33753,4432.0,Eletrico,Manha,Oeste,50.2,0.88,90.9,254,1,46.73,453582,FW-19411,0
EQP-33754,9416.0,Diesel,Noite,Oeste,83.8,3.34,112.9,157,3,4.05,319541,FW-7D9C2,1
EQP-33755,8329.1, DIESEL ,Manha,Leste,82.9,6.49,116.7,243,0,-7.12,907740,FW-3D095,1
EQP-33756,4542.6,Eletrico,Tarde,Sul,42.6,4.98,96.2,36,1,12.03,435347,FW-E813C,0
EQP-33757,8378.7,Gas_Natural,Manha,Leste,67.8,0.87,82.1,124,0,14.84,720786,FW-25813,0
EQP-33758,1456.6, DIESEL ,Manha,Oeste,60.6,,101.9,355,2,-53.0,273836,FW-EEB3B,0
EQP-33759,1451.2,Hibrido,Manha,Norte,99.0,13.2,89.3,359,0,15.72,189721,FW-727F1,1
EQP-33760,14047.1,Diesel,Manha,Sul,83.5,0.92,109.8,103,0,9.1,502006,FW-C8FE1,1
EQP-33761,8498.1,Eletrico,Manha,Oeste,76.4,9.7,97.7,182,2,31.95,618461,FW-2069A,1
EQP-33762,7362.5,Eletrico,Tarde,Oeste,104.8,17.14,92.8,31,0,-23.06,638810,FW-A9378,1
EQP-33763,13972.7,Hibrido,Manha,Norte,58.3,12.41,92.7,11,0,-12.41,445837,FW-DED18,1
EQP-33764,10803.7,Eletrico,Noite,Sul,103.7,2.04,79.0,274,0,9.64,844952,FW-94A81,1
EQP-33765,2543.7, DIESEL ,Noite,Sul,95.1,0.75,99.4,306,1,57.78,707099,FW-8EE2C,1
EQP-33766,9003.7,diesel,Tarde,Leste,82.8,1.34,90.2,83,1,5.58,379967,FW-3F50A,1
EQP-33767,11973.3,Eletrico,Manha,Sul,57.0,3.73,109.4,231,0,-75.07,645394,FW-8AAEF,0
EQP-33768,7162.9, DIESEL ,Tarde,Oeste,91.4,0.83,105.9,321,0,-28.7,466885,FW-C1056,1
EQP-33769,853.9,Gas_Natural,Tarde,Sul,53.9,6.52,123.6,215,0,0.41,191581,FW-49AA3,0
EQP-33770,12687.3, DIESEL ,Manha,Oeste,120.4,11.76,92.8,108,1,-18.06,725762,FW-93159,1
EQP-33771,,diesel,Tarde,Oeste,56.2,4.0,113.1,85,0,-15.61,835882,FW-BB259,0
EQP-33772,11069.4,Eletrico,Tarde,Sul,84.5,2.33,82.5,275,0,4.04,736465,FW-8C413,1
EQP-33773,365.1,Diesel,Manha,Sul,51.6,3.04,109.9,199,0,10.26,293015,FW-82703,1
EQP-33774,1312.9,Diesel,Manha,Oeste,61.7,9999.0,106.5,321,0,23.92,728849,FW-20F5A,1
EQP-33775,1214.3,Diesel,Manha,Norte,53.6,3.69,104.7,195,1,-61.31,438180,FW-6BAAD,1
EQP-33776,7665.4,Diesel,Manha,Norte,92.6,17.57,133.1,153,1,7.09,585954,FW-8C0E3,1
EQP-33777,8140.2,Eletrico,Tarde,Oeste,95.1,5.88,114.5,18,1,-41.04,808077,FW-24BDE,1
EQP-33778,7510.9,diesel,Manha,Norte,75.3,2.73,91.9,186,1,51.56,148430,FW-46BE6,1
EQP-33779,7061.9, DIESEL ,Manha,Sul,65.7,2.04,101.5,68,0,-33.01,647082,FW-79609,0
EQP-33780,,Diesel,Manha,Norte,96.6,0.7,100.4,334,0,22.82,848710,FW-4B8CB,1
EQP-33781,10410.0, DIESEL ,Noite,Sul,51.8,1.86,115.2,342,1,-40.27,828506,FW-9C8C6,0
EQP-33782,10472.4,Eletrico,Manha,Sul,80.9,3.98,110.8,351,0,32.97,855011,FW-8983B,1
EQP-33783,5596.1, DIESEL ,Tarde,Sul,88.2,5.56,104.2,191,1,10.44,356497,FW-9BFBD,1
EQP-33784,6904.6,Diesel,Tarde,Oeste,53.4,0.92,118.8,260,3,20.21,291248,FW-B9AD3,1
EQP-33785,,Hibrido,Manha,Oeste,68.1,0.95,77.8,174,4,12.51,675507,FW-75D9B,1
EQP-33786,11125.1,Eletrico,Noite,Sul,77.2,2.68,75.6,36,1,-31.15,176617,FW-BC5EF,1
EQP-33787,6519.9,Eletrico,Tarde,Norte,80.0,3.68,86.5,186,0,-58.39,303448,FW-A50EA,1
EQP-33788,7322.8,Hibrido,Manha,Sul,69.4,1.49,105.1,66,0,21.17,382439,FW-B4175,0
EQP-33789,3224.4,Eletrico,Manha,Leste,96.4,0.73,98.3,118,1,8.16,267945,FW-C42BB,1
EQP-33790,6131.0,Eletrico,Manha,Norte,78.7,20.34,113.3,235,1,6.67,284568,FW-56955,1
EQP-33791,11706.4,Eletrico,Manha,Leste,46.4,0.69,85.6,109,2,-18.9,183841,FW-ABFEC,0
EQP-33792,5207.9,Hibrido,Tarde,Sul,48.5,1.21,110.2,334,2,-20.92,825396,FW-8EABF,1
EQP-33793,11817.2,diesel,Noite,Leste,34.0,3.38,93.5,67,1,-44.71,773719,FW-39AD0,0
EQP-33794,11916.6,Diesel,Noite,Leste,66.8,1.25,99.7,318,1,11.87,881410,FW-197CC,1
EQP-33795,204.1,Eletrico,Tarde,Norte,56.2,5.06,94.1,275,1,36.83,745120,FW-C574E,1
EQP-33796,7331.7,Gas_Natural,Manha,Norte,93.7,5.84,82.5,129,1,8.87,920806,FW-5BC45,1
EQP-33797,10094.4,Gas_Natural,Tarde,Leste,107.1,1.34,139.2,97,1,85.7,292942,FW-B6380,1
EQP-33798,8001.5,Eletrico,Noite,Leste,86.4,1.14,113.8,167,1,25.65,462647,FW-74909,1
EQP-33799,14761.8,Eletrico,Noite,Leste,67.4,3.11,85.0,271,2,30.87,672289,FW-27226,1
EQP-33800,11360.0,Eletrico,Tarde,Leste,49.5,4.67,88.0,354,0,37.57,927737,FW-CAA51,1
EQP-33801,7147.4, DIESEL ,Noite,Leste,51.8,1.83,86.7,21,0,25.02,753529,FW-E7FC0,0
EQP-33802,11998.5,Diesel,Manha,Sul,97.6,,124.3,81,1,-3.99,194144,FW-5C12B,1
EQP-33803,10143.8,Eletrico,Manha,Sul,42.3,7.21,111.0,304,0,-9.92,381296,FW-1DA89,0
EQP-33804,,Eletrico,Tarde,Norte,51.7,2.12,73.4,235,1,6.64,271304,FW-1A3CC,0
EQP-33805,2721.7, DIESEL ,Noite,Leste,98.6,0.95,80.1,340,1,12.69,224740,FW-8026D,1
EQP-33806,8517.5,Hibrido,Tarde,Leste,73.9,13.58,124.3,85,0,-6.02,611800,FW-75D43,1
EQP-33807,7439.8,Eletrico,Noite,Norte,67.3,3.26,126.1,81,0,-3.93,705258,FW-6D069,0
EQP-33808,10825.9,Diesel,Tarde,Leste,127.4,3.34,95.7,114,1,72.08,484471,FW-1E93F,1
EQP-33809,13784.8, DIESEL ,Manha,Oeste,77.9,3.33,104.7,317,0,-1.17,735804,FW-5C2FF,1
EQP-33810,4169.2,Hibrido,Tarde,Norte,111.0,2.46,111.8,314,0,-7.02,782941,FW-E9035,1
EQP-33811,6503.8,Diesel,Tarde,Norte,93.6,9.14,109.0,147,1,9.08,323662,FW-7EE26,1
EQP-33812,,Eletrico,Manha,Norte,115.5,1.32,120.3,142,1,-1.16,423977,FW-EB0A9,1
EQP-33813,10323.8,Diesel,Manha,Sul,62.4,8.63,98.2,20,2,-17.67,905011,FW-A458C,1
EQP-33814,12375.8, DIESEL ,Noite,Norte,93.2,8.21,102.6,297,1,27.86,564332,FW-4454D,1
EQP-33815,3784.1,Diesel,Tarde,Norte,82.9,0.7,72.9,94,2,11.64,836871,FW-F20DF,1
EQP-33816,3469.9,Hibrido,Manha,Oeste,79.0,4.01,103.5,252,0,27.87,852912,FW-401C2,1
EQP-33817,7184.0,Hibrido,Tarde,Leste,65.9,0.72,111.4,98,1,48.94,786450,FW-472DF,1
EQP-33818,3100.0,Diesel,Noite,Oeste,64.7,4.13,85.7,210,0,-49.04,727382,FW-AE6CD,0
EQP-33819,2476.0,Hibrido,Noite,Leste,78.0,2.07,83.2,359,0,0.44,987190,FW-27F8D,1
EQP-33820,10665.1, DIESEL ,Manha,Sul,61.9,4.57,96.0,185,0,34.07,452957,FW-80A4A,0
EQP-33821,14180.3,Gas_Natural,Tarde,Norte,61.5,2.72,86.3,326,0,8.38,670966,FW-AB104,1
EQP-33822,9157.8,Diesel,Noite,Leste,72.1,3.66,112.2,70,2,28.48,333304,FW-BD261,1
EQP-33823,4293.3,Diesel,Noite,Oeste,87.5,3.36,116.7,133,1,7.55,536881,FW-49669,1
EQP-33824,10748.1,Gas_Natural,Tarde,Norte,51.4,10.79,78.8,140,1,32.11,441116,FW-8FDFB,1
EQP-33825,11182.2,Diesel,Manha,Norte,87.7,14.02,96.6,234,0,-23.79,325585,FW-70DF5,1
EQP-33826,3727.2,diesel,Tarde,Norte,85.6,2.83,105.8,20,1,-48.46,959987,FW-C8119,1
EQP-33827,530.3,Diesel,Noite,Sul,90.3,6.29,101.4,313,0,-14.03,824733,FW-DCE26,1
EQP-33828,11859.5,Diesel,Noite,Sul,68.3,3.35,83.3,298,1,60.24,256532,FW-EA265,1
EQP-33829,6719.2,Diesel,Manha,Leste,86.3,5.42,107.5,323,0,68.83,769609,FW-E3279,1
EQP-33830,5757.0,Gas_Natural,Manha,Norte,115.0,5.59,81.4,34,1,27.68,251141,FW-D2336,1
EQP-33831,941.2, DIESEL ,Noite,Norte,43.3,0.63,89.0,109,2,-5.38,418819,FW-5DFFE,0
EQP-33832,5886.6,Eletrico,Noite,Norte,78.4,0.61,97.6,182,1,47.6,190763,FW-700A9,1
EQP-33833,,Gas_Natural,Noite,Sul,85.8,0.99,95.2,347,0,-13.87,651845,FW-B7DD3,1
EQP-33834,10016.6,diesel,Manha,Sul,71.7,12.21,112.8,53,0,58.39,488526,FW-29A61,0
EQP-33835,12945.9,Diesel,Noite,Norte,95.5,1.04,120.4,317,1,0.08,954096,FW-76689,1
EQP-33836,2103.2,Eletrico,Noite,Oeste,56.9,1.04,84.1,8,1,17.4,395894,FW-417FF,0
EQP-33837,1116.2,Eletrico,Manha,Oeste,64.1,1.41,97.9,222,0,-65.01,565127,FW-548D3,0
EQP-33838,9966.5,diesel,Manha,Oeste,74.7,4.29,81.3,261,3,0.31,979992,FW-2288E,1
EQP-33839,11963.5,Hibrido,Tarde,Norte,73.7,3.75,83.2,27,1,-25.17,417271,FW-DC934,1
EQP-33840,4603.1,Diesel,Tarde,Leste,86.7,1.79,108.5,35,4,9.91,234922,FW-E80D5,1
EQP-33841,8992.1,Gas_Natural,Manha,Leste,97.9,,147.2,362,3,37.31,286329,FW-401DB,1
EQP-33842,6787.8,Gas_Natural,Manha,Sul,66.0,14.62,85.4,342,0,48.74,728683,FW-345A7,1
EQP-33843,13717.1,Eletrico,Tarde,Norte,86.7,6.55,103.4,143,1,-29.57,434008,FW-CC442,1
EQP-33844,2154.5,Eletrico,Noite,Sul,90.2,2.75,103.1,164,0,-46.63,485238,FW-95813,0
EQP-33845,13305.4,Eletrico,Manha,Norte,81.5,6.18,100.0,217,1,-88.93,776436,FW-4E04B,1
EQP-33846,5498.5, DIESEL ,Tarde,Leste,61.0,7.82,90.0,303,1,-47.5,884875,FW-8688E,1
EQP-33847,3310.7,Diesel,Noite,Leste,90.4,3.14,111.9,12,1,9.15,289858,FW-2B77C,1
EQP-33848,11391.9,Diesel,Manha,Oeste,86.5,8.27,71.2,194,1,-36.98,943516,FW-EE7B8,1
EQP-33849,4226.5,Diesel,Tarde,Sul,73.5,0.85,104.3,321,0,8.33,341365,FW-D4769,1
EQP-33850,6222.4,Diesel,Noite,Norte,65.6,2.73,116.4,128,1,-5.71,531514,FW-E6691,0
EQP-33851,3144.3,Eletrico,Noite,Leste,88.3,0.62,99.2,328,0,38.04,497897,FW-70FE2,1
EQP-33852,6574.0,Gas_Natural,Tarde,Sul,74.8,1.44,82.1,219,1,48.59,659509,FW-5B0B9,1
EQP-33853,11129.4,Diesel,Noite,Oeste,37.3,2.35,81.5,340,0,-68.35,896562,FW-64799,1
EQP-33854,12206.5,Diesel,Tarde,Oeste,93.9,6.88,111.1,14,0,-0.39,385568,FW-34CB9,1
EQP-33855,2485.1,Gas_Natural,Tarde,Norte,77.4,5.61,98.5,336,1,-58.28,326073,FW-90991,1
EQP-33856,10968.1,Hibrido,Tarde,Oeste,69.6,,80.3,207,1,-33.28,207438,FW-C47F9,1
EQP-33857,11916.0,Diesel,Tarde,Norte,63.9,1.66,108.4,131,2,13.16,727843,FW-57028,1
EQP-33858,13531.8,Gas_Natural,Tarde,Norte,89.5,1.59,101.4,173,0,76.09,154164,FW-48A4B,1
EQP-33859,11791.4,Eletrico,Manha,Leste,79.7,6.57,89.0,233,2,25.33,275789,FW-C0507,1
EQP-33860,1421.0,Diesel,Tarde,Sul,58.0,1.19,106.9,134,1,-92.87,299312,FW-74F03,0
EQP-33861,864.7,Eletrico,Manha,Oeste,70.8,0.55,83.2,343,1,63.17,948152,FW-DACBA,1
EQP-33862,,Hibrido,Noite,Leste,73.3,0.91,105.6,121,1,1.76,458685,FW-2C7D0,0
EQP-33863,6385.9,Eletrico,Tarde,Oeste,79.2,5.62,103.6,140,1,51.03,834213,FW-D2ABF,1
EQP-33864,5793.0,Eletrico,Manha,Norte,60.9,8.45,106.9,221,2,-20.38,396349,FW-C81AF,1
EQP-33865,10538.1,Hibrido,Noite,Leste,92.1,1.46,85.9,66,1,34.13,389629,FW-250C5,1
EQP-33866,5796.7,Diesel,Tarde,Norte,60.4,4.45,98.4,323,0,23.77,525731,FW-7CA92,1
EQP-33867,8588.9,Diesel,Manha,Sul,51.6,1.34,93.6,143,0,12.89,972619,FW-B53FB,0
EQP-33868,3379.3,Diesel,Tarde,Sul,59.5,1.89,97.3,304,1,-50.4,181300,FW-6CDA3,1
EQP-33869,1619.2,Diesel,Tarde,Sul,71.5,10.08,136.5,122,1,-11.16,383092,FW-9BD1B,0
EQP-33870,985.6,diesel,Noite,Norte,33.7,15.1,76.5,118,1,-15.83,730117,FW-2DD9B,1
EQP-33871,2100.6,Diesel,Noite,Oeste,87.0,1.59,91.2,171,0,-18.71,527855,FW-7A29F,0
EQP-33872,275.3,Diesel,Tarde,Norte,92.6,2.84,110.8,257,0,-8.59,729473,FW-25D3A,1
EQP-33873,5088.0,Eletrico,Noite,Norte,82.5,4.98,109.5,131,0,-28.55,374838,FW-21177,0
EQP-33874,14551.0,diesel,Tarde,Oeste,50.0,0.72,111.4,86,0,3.84,725427,FW-F2829,0
EQP-33875,623.9,diesel,Tarde,Sul,55.1,3.36,105.3,60,2,-31.4,939022,FW-D9CC4,1
EQP-33876,8146.4,Gas_Natural,Tarde,Leste,94.5,16.06,74.1,297,0,-8.01,240032,FW-DB291,1
EQP-33877,9283.2, DIESEL ,Noite,Norte,70.0,4.08,109.5,332,2,-61.34,883160,FW-C64A8,1
EQP-33878,8942.0,Diesel,Tarde,Norte,69.9,6.88,118.1,205,0,-24.98,654942,FW-64F2E,1
EQP-33879,12135.3,diesel,Noite,Sul,65.1,1.71,98.9,258,1,-34.68,735921,FW-85AE8,1
EQP-33880,1169.3, DIESEL ,Manha,Norte,82.4,,100.1,113,2,23.05,409638,FW-5D94C,0
EQP-33881,2378.3,Gas_Natural,Manha,Norte,97.8,4.11,82.0,150,2,5.04,685283,FW-AC7E8,1
EQP-33882,3488.2, DIESEL ,Noite,Norte,77.4,13.93,103.8,285,1,23.68,569638,FW-41B0A,1
EQP-33883,3747.5,Diesel,Manha,Norte,71.3,,96.8,66,0,-8.89,435745,FW-574AD,1
EQP-33884,5042.6,Eletrico,Manha,Sul,55.2,0.52,68.6,242,1,3.01,342059,FW-2DA15,1
EQP-33885,4406.9,Eletrico,Manha,Norte,52.1,3.47,120.1,216,4,7.48,245296,FW-7A440,0
EQP-33886,976.9,Hibrido,Manha,Oeste,36.0,7.14,103.5,21,0,-26.19,586168,FW-1CFF8,0
EQP-33887,11591.2, DIESEL ,Noite,Sul,80.5,1.59,106.6,174,0,-26.96,788644,FW-BAF09,1
EQP-33888,,Diesel,Tarde,Oeste,91.3,1.61,90.8,96,0,8.31,363476,FW-5098C,1
EQP-33889,14081.3,diesel,Tarde,Leste,90.7,2.35,93.8,91,1,100.68,309299,FW-935FB,1
EQP-33890,12715.8,Diesel,Manha,Oeste,62.4,3.36,89.3,352,1,2.15,688994,FW-CC195,1
EQP-33891,10796.3,Eletrico,Tarde,Leste,63.5,3.13,111.8,204,1,-55.19,282745,FW-B6D78,1
EQP-33892,9696.8,Diesel,Tarde,Norte,31.3,1.01,98.0,168,1,3.39,130118,FW-46CEF,0
EQP-33893,10923.3,Gas_Natural,Tarde,Leste,55.6,5.51,114.4,280,0,29.7,137857,FW-B68BB,1
EQP-33894,5742.0,Diesel,Manha,Norte,86.9,3.53,114.7,286,0,-14.09,458766,FW-2AA03,1
EQP-33895,4790.9,Eletrico,Noite,Leste,46.0,1.62,110.2,252,0,47.04,125535,FW-47EC3,0
EQP-33896,12242.1,Diesel,Tarde,Oeste,78.3,2.39,111.5,288,0,48.41,371846,FW-95333,1
EQP-33897,432.8,Eletrico,Noite,Oeste,82.1,2.48,89.1,42,1,19.28,107498,FW-66479,0
EQP-33898,6191.7,Eletrico,Tarde,Norte,81.2,7.89,104.3,205,1,-17.79,500730,FW-4D45D,1
EQP-33899,4884.4,Eletrico,Noite,Norte,101.7,1.26,93.5,193,0,22.32,574827,FW-2782A,1
EQP-33900,4054.7, DIESEL ,Manha,Sul,117.1,3.3,116.1,266,0,4.31,452991,FW-3681B,1
EQP-33901,5831.7,Gas_Natural,Manha,Sul,72.1,1.1,44.9,321,0,-15.72,299379,FW-8F7F6,1
EQP-33902,663.5, DIESEL ,Noite,Leste,97.8,1.03,97.8,2,1,-11.15,479957,FW-AA98A,0
EQP-33903,10384.1,Eletrico,Tarde,Leste,38.1,5.14,106.4,198,0,58.67,183913,FW-9EE6D,1
EQP-33904,6815.5,Eletrico,Manha,Oeste,83.4,8.85,126.9,351,0,42.78,982740,FW-E6D58,1
EQP-33905,10309.6,Eletrico,Manha,Norte,76.4,7.05,115.8,325,0,-8.69,141175,FW-9DF07,1
EQP-33906,7629.4,diesel,Tarde,Norte,69.7,0.87,107.1,354,0,6.82,708184,FW-6278B,0
EQP-33907,,Gas_Natural,Tarde,Oeste,61.8,4.44,111.9,61,2,-3.43,577089,FW-5A1BB,1
EQP-33908,10110.8,Gas_Natural,Manha,Norte,83.8,6.5,115.1,33,0,-50.59,619791,FW-B6E85,1
EQP-33909,4615.2,Diesel,Manha,Leste,18.0,1.18,96.5,167,0,-78.51,459173,FW-94128,0
EQP-33910,4522.6,diesel,Tarde,Norte,76.8,1.02,102.6,315,1,-3.92,352690,FW-C6E9A,1
EQP-33911,8752.2,Eletrico,Tarde,Sul,98.6,3.79,93.3,200,0,-41.86,420140,FW-AD546,1
EQP-33912,413.3,diesel,Noite,Oeste,100.4,0.67,67.6,355,0,37.6,734860,FW-F125D,1
EQP-33913,4541.0,Eletrico,Tarde,Oeste,64.3,2.95,123.5,26,1,-33.63,366201,FW-83CB3,0
EQP-33914,5112.0,Diesel,Manha,Sul,67.4,3.1,96.5,163,1,11.04,470457,FW-B87BA,1
EQP-33915,7208.2,Eletrico,Tarde,Norte,61.6,19.78,97.1,188,1,42.28,904661,FW-5DC71,1
EQP-33916,6905.4,Hibrido,Manha,Oeste,40.1,6.12,75.4,222,1,-4.01,302940,FW-8E267,0
EQP-33917,514.9,Eletrico,Manha,Norte,73.6,3.24,68.8,149,1,37.89,521976,FW-64E74,1
EQP-33918,12689.1, DIESEL ,Manha,Oeste,70.2,6.33,74.1,176,2,-67.41,972107,FW-9571A,1
EQP-33919,12308.9,Eletrico,Noite,Oeste,64.8,7.25,98.8,229,1,44.89,788574,FW-7DAD4,1
EQP-33920,14456.9, DIESEL ,Manha,Leste,52.7,6.27,72.1,104,3,-19.99,502150,FW-7DFF7,1
EQP-33921,7106.3, DIESEL ,Tarde,Sul,53.0,5.03,96.5,197,2,-66.32,293212,FW-DE396,0
EQP-33922,4801.3,Eletrico,Noite,Norte,77.4,4.14,99.8,194,0,-51.41,947295,FW-4C94F,1
EQP-33923,1246.2, DIESEL ,Manha,Sul,85.5,0.6,106.9,127,1,6.94,621970,FW-A91FA,1
EQP-33924,10264.4,Diesel,Manha,Norte,67.6,0.58,82.7,81,0,-75.13,955145,FW-85E2F,1
EQP-33925,4997.1,diesel,Noite,Leste,79.1,4.06,110.3,97,1,3.77,513092,FW-E1EE8,1
EQP-33926,,Diesel,Noite,Oeste,65.8,2.87,81.7,195,0,-2.62,928818,FW-92EAF,0
EQP-33927,14398.5,Eletrico,Noite,Sul,66.4,10.01,111.4,18,1,-0.09,819209,FW-87AF7,1
EQP-33928,2001.2,Eletrico,Noite,Oeste,66.4,3.06,110.2,250,0,-22.77,552035,FW-60E02,0
EQP-33929,5076.9,Eletrico,Manha,Leste,81.9,13.87,107.6,268,0,39.69,507538,FW-56EB5,1
EQP-33930,11190.4,diesel,Noite,Norte,72.4,,126.0,18,2,-31.22,733221,FW-66CA2,1
EQP-33931,14712.9,Diesel,Manha,Sul,77.7,1.5,91.9,35,1,-40.83,883453,FW-DEFF6,1
EQP-33932,10627.5,Diesel,Manha,Oeste,49.7,1.9,95.5,318,1,-8.93,417393,FW-D5C5B,1
EQP-33933,,Gas_Natural,Manha,Oeste,90.7,0.7,106.0,336,0,32.07,771625,FW-8F6FB,1
EQP-33934,8811.6,Hibrido,Tarde,Sul,103.8,3.03,93.7,123,0,-43.46,463718,FW-D835E,1
EQP-33935,,Diesel,Tarde,Leste,56.5,1.37,98.1,268,0,-15.32,539305,FW-79CB3,1
EQP-33936,4872.2, DIESEL ,Noite,Norte,76.9,5.34,99.1,19,0,4.84,794063,FW-CEC74,1
EQP-33937,6348.4,Eletrico,Tarde,Sul,53.5,5.61,101.0,2,0,35.87,480456,FW-3881D,0
EQP-33938,116.5, DIESEL ,Manha,Sul,59.2,5.16,110.9,336,3,-6.88,487355,FW-6EA2F,1
EQP-33939,11141.3, DIESEL ,Tarde,Leste,85.1,10.0,116.9,134,1,-45.34,325497,FW-C106C,1
EQP-33940,3027.7,Hibrido,Manha,Sul,51.1,1.93,109.2,76,2,48.26,878672,FW-622BA,1
EQP-33941,,Hibrido,Manha,Sul,56.8,10.87,80.7,265,1,94.74,961126,FW-CD178,1
EQP-33942,1925.0,Hibrido,Manha,Leste,72.4,4.15,125.0,184,1,32.35,254666,FW-4A4B9,0
EQP-33943,13763.4,Eletrico,Manha,Leste,122.6,5.49,82.3,34,1,43.54,460673,FW-64B34,1
EQP-33944,14170.8,Eletrico,Manha,Norte,110.1,8.19,102.5,319,0,-59.87,197811,FW-E3FA8,1
EQP-33945,9008.5,Diesel,Noite,Oeste,45.0,2.9,106.4,216,0,-39.87,204237,FW-E9107,1
EQP-33946,14599.2,Gas_Natural,Tarde,Sul,73.8,1.16,108.4,196,0,-8.36,647166,FW-2FF03,1
EQP-33947,5071.2,Diesel,Manha,Sul,92.1,9.35,95.4,344,0,10.59,485600,FW-A3814,1
EQP-33948,2563.4,Diesel,Manha,Oeste,35.2,0.81,99.3,340,0,-23.91,615759,FW-D4C52,0
EQP-33949,3305.3,Gas_Natural,Manha,Norte,78.9,18.98,115.0,216,1,-1.04,519948,FW-F03ED,1
EQP-33950,3355.4, DIESEL ,Manha,Oeste,111.6,0.75,110.7,39,1,54.73,154809,FW-B501A,1
EQP-33951,12026.9,Diesel,Tarde,Norte,66.2,6.91,110.6,80,0,24.38,297422,FW-50B7E,1
EQP-33952,2424.6,Diesel,Noite,Sul,68.3,0.78,98.8,160,0,-25.15,826889,FW-D9A5E,0
EQP-33953,4202.5,Hibrido,Noite,Oeste,71.3,13.33,120.2,185,0,36.76,402069,FW-8E1B8,1
EQP-33954,12952.9, DIESEL ,Noite,Leste,74.7,1.82,103.3,28,0,94.61,660729,FW-621E4,0
EQP-33955,11836.7,diesel,Noite,Leste,61.9,11.11,110.5,16,0,10.57,558738,FW-8D2C4,1
EQP-33956,3394.5,Hibrido,Noite,Sul,61.0,4.34,91.6,341,0,-13.51,943928,FW-9D831,0
EQP-33957,397.9,Eletrico,Manha,Leste,105.4,1.68,101.5,53,4,-53.76,431981,FW-88275,1
EQP-33958,5038.9,Hibrido,Noite,Norte,70.8,2.74,94.4,258,1,-17.35,988421,FW-BEAEA,1
EQP-33959,8044.9,diesel,Tarde,Leste,61.1,4.11,97.9,93,1,-65.48,116711,FW-A63E6,1
EQP-33960,5885.8,Diesel,Manha,Oeste,74.0,1.5,103.3,59,3,-87.25,891053,FW-4CD54,1
EQP-33961,3206.0,Hibrido,Tarde,Sul,62.4,1.37,125.1,316,1,-15.95,454462,FW-B9649,1
EQP-33962,6652.9,diesel,Tarde,Norte,87.0,8.59,109.0,209,2,29.59,370632,FW-ECCB6,1
EQP-33963,2230.3,Diesel,Noite,Leste,91.9,1.73,94.6,223,0,-19.15,183375,FW-5F5DF,1
EQP-33964,6947.7,Gas_Natural,Manha,Sul,87.4,1.29,87.8,338,1,-30.26,499631,FW-C48BB,1
EQP-33965,10875.5,Diesel,Manha,Norte,87.5,4.32,88.6,363,0,-17.13,826221,FW-DB520,1
EQP-33966,12443.8,Gas_Natural,Manha,Norte,65.2,2.19,118.0,49,0,-24.86,201561,FW-54B10,1
EQP-33967,6259.2,Eletrico,Manha,Sul,115.1,4.61,99.8,266,3,-26.32,239161,FW-5AC49,1
EQP-33968,11194.3,Eletrico,Tarde,Leste,75.9,3.25,107.0,237,0,-6.05,173564,FW-E0203,1
EQP-33969,4456.8,Diesel,Manha,Oeste,70.3,4.69,81.5,108,0,-25.42,826940,FW-E3C65,1
EQP-33970,11795.9,Gas_Natural,Manha,Sul,92.8,7.47,87.6,298,0,18.65,322209,FW-D2594,1
EQP-33971,557.3,Diesel,Noite,Sul,96.6,3.23,101.9,168,0,56.43,126158,FW-EE39B,0
EQP-33972,4972.8,Hibrido,Tarde,Sul,82.9,7.02,115.3,222,2,-31.31,829978,FW-B1A8B,1
EQP-33973,12190.5, DIESEL ,Manha,Norte,106.1,7.76,89.4,299,1,23.86,923984,FW-E9779,1
EQP-33974,9559.5,Diesel,Tarde,Leste,49.8,4.38,106.1,129,2,-16.39,235987,FW-F035A,1
EQP-33975,4297.9,diesel,Tarde,Leste,42.0,15.92,103.3,279,1,39.19,899506,FW-26C55,1
EQP-33976,,Diesel,Tarde,Sul,67.1,1.43,89.4,133,1,12.8,299442,FW-35D78,0
EQP-33977,6223.0,Diesel,Manha,Sul,48.1,1.25,87.8,85,1,11.9,168691,FW-7819C,0
EQP-33978,14050.8,Eletrico,Manha,Leste,84.2,2.43,128.5,19,1,-16.08,820266,FW-901AF,0
EQP-33979,4609.4,Hibrido,Manha,Oeste,84.8,3.38,110.3,233,1,-8.33,834064,FW-DB9EC,1
EQP-33980,2881.4, DIESEL ,Tarde,Oeste,87.6,1.75,110.6,157,0,123.07,744209,FW-AA37C,1
EQP-33981,3138.9,Diesel,Manha,Norte,92.3,7.61,108.3,288,0,12.37,223280,FW-1DDF5,0
EQP-33982,2383.1,Diesel,Manha,Norte,81.1,6.06,82.9,42,1,51.56,680648,FW-F1802,1
EQP-33983,13545.6,Diesel,Manha,Oeste,62.4,10.14,97.1,35,1,-17.63,330058,FW-7E944,1
EQP-33984,9401.4,Eletrico,Tarde,Norte,59.8,10.49,99.1,72,1,3.22,370336,FW-F19F6,1
EQP-33985,12367.1,Diesel,Noite,Leste,64.7,1.7,101.5,238,0,23.2,344052,FW-C2006,1
EQP-33986,7674.1, DIESEL ,Tarde,Norte,60.4,,112.0,28,0,-4.37,915906,FW-BBA0D,0
EQP-33987,1431.5,Gas_Natural,Tarde,Sul,61.2,1.84,100.5,150,0,15.58,368293,FW-7C942,1
EQP-33988,7875.1,Eletrico,Tarde,Norte,58.8,7.36,116.7,215,0,31.23,868880,FW-A94BE,1
EQP-33989,8587.9, DIESEL ,Tarde,Norte,73.9,2.25,106.0,335,0,17.96,158696,FW-EE740,1
EQP-33990,6801.5,Hibrido,Manha,Leste,80.1,1.89,90.8,26,1,-24.09,353381,FW-55AB9,0
EQP-33991,8653.8, DIESEL ,Tarde,Norte,66.0,5.87,100.7,260,0,24.22,632869,FW-97DA7,0
EQP-33992,999999.0,Diesel,Manha,Sul,109.4,0.52,103.4,57,3,26.95,662542,FW-78091,1
EQP-33993,6384.2,Hibrido,Noite,Leste,53.4,4.3,58.9,332,0,-31.92,369291,FW-4803D,1
EQP-33994,8428.9, DIESEL ,Manha,Sul,74.5,3.67,100.9,68,2,17.06,226853,FW-5B06A,1
EQP-33995,14733.9,Gas_Natural,Noite,Leste,38.4,1.37,106.5,255,1,78.97,772200,FW-4EE3D,1
EQP-33996,14799.0,Hibrido,Tarde,Norte,84.3,3.9,99.2,263,0,-70.22,883260,FW-2DF20,1
EQP-33997,14476.4,Eletrico,Manha,Leste,82.6,8.98,100.5,361,1,-14.72,720254,FW-4AF76,1
EQP-33998,10695.0,Eletrico,Tarde,Norte,75.5,0.63,92.9,131,1,-14.14,667543,FW-97F9D,1
EQP-33999,2770.4,Hibrido,Manha,Oeste,86.2,2.32,133.6,84,0,-44.71,177748,FW-A5A9F,0
EQP-34000,11121.9, DIESEL ,Tarde,Leste,81.4,0.73,93.9,192,1,44.4,861724,FW-BFFDD,1
EQP-34001,9692.4,Diesel,Manha,Norte,42.0,0.82,107.7,83,2,14.96,685620,FW-EC7F6,1
EQP-34002,8017.4,Diesel,Tarde,Sul,56.5,22.83,138.9,167,1,65.26,242509,FW-30735,1
EQP-34003,6531.7, DIESEL ,Noite,Norte,82.4,19.07,98.9,164,1,25.96,636498,FW-5BB26,1
EQP-34004,3309.6,Diesel,Noite,Norte,64.0,1.63,79.4,343,0,35.64,878410,FW-C73CE,1
EQP-34005,4512.6, DIESEL ,Noite,Oeste,82.9,13.69,103.9,147,2,-14.26,469435,FW-928FF,1
EQP-34006,10945.2,Hibrido,Noite,Oeste,54.6,10.97,88.6,21,0,4.92,796160,FW-C4640,1
EQP-34007,6024.9,Eletrico,Tarde,Leste,85.8,1.29,94.7,202,1,20.29,788418,FW-9F44D,1
EQP-34008,14367.3,Diesel,Manha,Oeste,74.3,2.72,113.0,339,0,-10.54,637771,FW-963FA,1
EQP-34009,687.5,Hibrido,Noite,Norte,68.7,1.54,77.6,222,1,1.75,865524,FW-697E3,0
EQP-34010,11713.4,Hibrido,Noite,Oeste,100.7,13.2,76.5,268,1,24.21,172722,FW-5C21C,1
EQP-34011,3656.2,Eletrico,Noite,Oeste,85.8,12.51,92.5,334,2,-54.19,379395,FW-90854,1
EQP-34012,1931.2,Eletrico,Manha,Sul,34.7,5.54,53.8,115,0,42.35,511249,FW-67C37,0
EQP-34013,9023.6,Eletrico,Noite,Sul,59.8,11.57,95.8,299,1,-37.51,614969,FW-DE3C0,1
EQP-34014,13279.6,Eletrico,Tarde,Norte,81.4,1.22,101.8,71,1,-18.81,877464,FW-9860F,1
EQP-34015,5898.6,Diesel,Manha,Sul,40.7,6.66,109.8,172,2,-6.18,937734,FW-F04E3,0
EQP-34016,5306.6,Diesel,Manha,Leste,95.7,2.08,99.4,321,1,45.97,402334,FW-27A13,1
EQP-34017,6076.6, DIESEL ,Noite,Norte,85.3,2.87,84.8,144,0,11.91,617862,FW-7556A,1
EQP-34018,9902.9,Diesel,Noite,Sul,73.6,3.41,80.4,280,0,-25.48,209672,FW-32560,0
EQP-34019,13691.9,diesel,Manha,Norte,95.7,12.26,82.2,49,0,1.89,981774,FW-BD340,1
EQP-34020,9869.7,Eletrico,Tarde,Sul,56.8,2.9,112.9,1,0,44.71,484332,FW-89CDE,1
EQP-34021,14305.5,Hibrido,Manha,Leste,98.8,2.98,100.9,113,1,77.71,395622,FW-8458E,1
EQP-34022,4252.7,Gas_Natural,Tarde,Leste,69.7,6.18,123.7,302,1,-6.25,284430,FW-9221E,1
EQP-34023,9740.4,Diesel,Tarde,Leste,63.1,4.32,133.6,140,1,9.1,169246,FW-287FB,1
EQP-34024,12365.3,Diesel,Manha,Oeste,102.7,3.16,89.1,340,0,-34.54,628948,FW-3AFB4,1
EQP-34025,408.7,Hibrido,Tarde,Norte,89.3,21.37,95.8,163,2,48.6,519117,FW-91CBE,1
EQP-34026,1853.5, DIESEL ,Manha,Leste,78.7,1.3,93.3,280,0,23.72,712765,FW-8CC33,0
EQP-34027,3030.8,Hibrido,Tarde,Leste,62.2,4.3,97.3,279,1,87.18,272648,FW-6B144,1
EQP-34028,9068.4,Gas_Natural,Manha,Norte,74.6,8.27,94.0,268,0,-22.95,920609,FW-5FD92,1
EQP-34029,,Diesel,Manha,Norte,99.1,12.58,94.0,57,0,-30.56,829380,FW-ACF7D,1
EQP-34030,6350.1,diesel,Tarde,Sul,75.1,3.15,108.8,285,0,-43.22,726683,FW-DF675,1
EQP-34031,7825.2,Hibrido,Manha,Oeste,67.7,1.36,95.0,295,1,-38.84,272546,FW-6FADE,0
EQP-34032,,Eletrico,Manha,Sul,57.1,7.51,109.7,198,0,-10.21,582412,FW-94ECF,0
EQP-34033,12301.1,Diesel,Tarde,Sul,76.7,1.11,97.5,113,1,70.34,553952,FW-ED53E,0
EQP-34034,1458.0,Diesel,Tarde,Leste,112.7,4.74,76.9,78,1,2.78,466876,FW-B04D2,1
EQP-34035,4429.2, DIESEL ,Tarde,Leste,79.6,15.26,99.9,60,3,-30.06,368517,FW-BABA9,1
EQP-34036,3371.5,Gas_Natural,Noite,Norte,86.5,3.46,117.9,275,2,-72.11,694515,FW-4FD2C,1
EQP-34037,8548.2,Diesel,Noite,Leste,76.4,3.01,112.0,72,1,-22.84,575715,FW-63408,1
EQP-34038,8903.1,diesel,Noite,Leste,55.8,6.51,89.8,330,0,0.67,166526,FW-72907,1
EQP-34039,14946.0,Eletrico,Tarde,Oeste,82.5,7.15,114.7,87,1,-7.56,651189,FW-77DF0,1
EQP-34040,13646.3,Diesel,Tarde,Norte,50.9,8.07,124.1,97,0,-41.27,962113,FW-E8283,1
EQP-34041,11093.0,diesel,Tarde,Norte,98.9,2.34,97.7,205,1,-31.07,204351,FW-5E350,1
EQP-34042,10397.5,Gas_Natural,Tarde,Leste,63.1,9.25,89.0,256,0,1.26,534495,FW-98B46,1
EQP-34043,3508.5, DIESEL ,Tarde,Oeste,57.2,1.9,109.4,58,1,-50.76,175324,FW-CCCAB,0
EQP-34044,4773.2, DIESEL ,Manha,Sul,62.3,2.34,74.8,18,1,13.65,681051,FW-2FF78,0
EQP-34045,4069.5,Diesel,Tarde,Sul,68.1,6.3,106.6,57,1,52.51,858308,FW-47FAE,1
EQP-34046,5064.6,Diesel,Tarde,Oeste,56.5,2.89,92.0,246,1,81.65,747353,FW-A4463,1
EQP-34047,9970.7, DIESEL ,Manha,Sul,88.0,15.46,114.2,125,2,20.96,771893,FW-92D19,1
EQP-34048,4463.8,Diesel,Manha,Sul,93.1,2.01,89.6,200,1,-34.57,424559,FW-5746F,1
EQP-34049,1858.4,Diesel,Tarde,Oeste,54.5,1.33,94.8,161,1,18.77,177347,FW-DE460,0
EQP-34050,11481.5,Diesel,Tarde,Norte,61.9,1.53,78.7,318,0,-47.99,114790,FW-8692A,1
EQP-34051,8610.3, DIESEL ,Tarde,Leste,84.1,0.98,99.6,364,2,0.79,199168,FW-84E84,1
EQP-34052,215.1,Eletrico,Manha,Oeste,82.2,10.18,97.5,361,1,23.98,704467,FW-C2C8E,1
EQP-34053,1506.9,Diesel,Tarde,Leste,63.9,5.31,88.5,291,0,-44.45,112598,FW-D6387,0
EQP-34054,3535.2,Eletrico,Manha,Norte,60.0,3.27,66.1,190,0,-48.37,591119,FW-D9660,1
EQP-34055,10928.4,Eletrico,Noite,Leste,93.4,2.1,91.7,70,0,21.91,150650,FW-1E66D,1
EQP-34056,4014.1,Diesel,Manha,Oeste,91.6,1.72,94.7,174,0,-51.41,493978,FW-5619B,1
EQP-34057,4549.3,Diesel,Manha,Norte,73.6,4.66,93.5,143,2,-23.44,850794,FW-42D00,1
EQP-34058,5822.2,diesel,Tarde,Leste,65.1,9.24,96.0,203,0,37.67,567971,FW-C1D93,0
EQP-34059,3389.0,Hibrido,Noite,Sul,76.1,0.76,90.7,29,0,-43.71,207618,FW-2E78E,0
EQP-34060,11237.8,Diesel,Manha,Sul,58.0,8.09,84.6,278,0,-16.61,805819,FW-2D7BB,0
EQP-34061,8242.3,Eletrico,Tarde,Norte,75.6,2.0,107.0,85,0,51.23,807606,FW-BD829,0
EQP-34062,1975.0,Eletrico,Tarde,Leste,73.2,15.35,109.0,8,0,-6.57,743019,FW-571CF,1
EQP-34063,12190.1, DIESEL ,Noite,Sul,73.4,1.2,105.0,287,0,-24.42,225008,FW-9CEF3,1
EQP-34064,8936.3, DIESEL ,Noite,Norte,72.5,4.44,81.5,356,2,12.38,830787,FW-288C2,1
EQP-34065,12309.1,Eletrico,Noite,Leste,82.1,2.14,112.2,314,1,5.25,668872,FW-EF717,1
EQP-34066,2739.9,Gas_Natural,Noite,Norte,80.2,1.8,88.8,3,1,59.71,304184,FW-E0F11,0
EQP-34067,3434.6,Eletrico,Manha,Sul,56.9,2.46,82.6,260,2,-22.32,284827,FW-2244A,0
EQP-34068,9941.1,Gas_Natural,Manha,Sul,66.4,3.56,87.3,250,0,-42.3,276507,FW-3FC9B,1
EQP-34069,8852.9,Eletrico,Manha,Norte,86.8,,86.9,264,0,-9.29,549577,FW-90AFB,1
EQP-34070,8242.8,Hibrido,Manha,Norte,67.3,6.55,87.7,275,0,62.19,531878,FW-CCBC6,1
EQP-34071,2683.5,Diesel,Manha,Leste,85.9,2.37,83.8,268,0,3.96,143816,FW-2FE4C,1
EQP-34072,14003.9, DIESEL ,Tarde,Oeste,69.4,1.11,108.2,295,2,11.69,377692,FW-5437B,1
EQP-34073,13045.3, DIESEL ,Manha,Norte,52.9,3.45,96.8,168,0,80.42,762024,FW-BEA21,0
EQP-34074,702.2,diesel,Manha,Oeste,75.1,7.68,92.4,341,1,-47.71,882890,FW-6A13E,1
EQP-34075,1931.4,Diesel,Noite,Leste,120.0,4.19,106.0,270,0,35.9,441230,FW-AC8E9,1
EQP-34076,4331.6,Diesel,Manha,Oeste,49.2,8.33,101.7,21,1,-13.98,542403,FW-2B596,1
EQP-34077,546.1,diesel,Noite,Leste,94.5,9.61,102.5,314,1,-52.5,627889,FW-BBB3B,1
EQP-34078,13245.7,Eletrico,Manha,Sul,54.5,4.79,109.3,232,0,-7.68,356313,FW-BBE62,1
EQP-34079,2066.6,Eletrico,Manha,Leste,75.8,7.26,88.9,341,0,-29.04,445949,FW-EDF55,1
EQP-34080,7811.9,Diesel,Manha,Sul,84.3,0.55,137.0,113,1,-19.44,339831,FW-E4036,1
EQP-34081,1611.2, DIESEL ,Noite,Sul,62.5,7.91,90.4,188,0,39.25,365999,FW-6FE79,0
EQP-34082,5121.7,Hibrido,Noite,Norte,117.4,0.57,84.3,158,0,7.94,935509,FW-CD9CD,1
EQP-34083,12015.0, DIESEL ,Manha,Leste,96.8,3.74,77.5,130,0,-27.64,405922,FW-604B8,1
EQP-34084,8108.5,Diesel,Manha,Leste,83.6,3.04,103.8,347,1,-21.99,313574,FW-3DC2D,1
EQP-34085,3744.6,Gas_Natural,Tarde,Norte,81.3,2.84,115.9,181,0,-15.68,488240,FW-25874,1
EQP-34086,9305.3,Hibrido,Manha,Leste,102.3,5.38,98.3,128,0,5.14,808599,FW-7615F,1
EQP-34087,4169.1, DIESEL ,Manha,Sul,29.5,3.24,97.5,26,0,58.88,489536,FW-CAC8B,0
EQP-34088,6598.1,Eletrico,Tarde,Leste,65.0,0.59,87.3,118,0,-42.64,110436,FW-E58CD,1
EQP-34089,,Hibrido,Tarde,Sul,63.3,0.64,79.2,98,3,25.65,811692,FW-A4048,0
EQP-34090,3668.3,Diesel,Tarde,Sul,90.4,13.12,113.6,120,2,-59.72,291958,FW-E6268,1
EQP-34091,3298.2,Hibrido,Manha,Norte,79.5,2.49,99.5,200,2,18.75,630286,FW-8CA10,1
EQP-34092,13930.4,Diesel,Manha,Oeste,83.2,6.9,120.3,210,1,44.13,416843,FW-35E12,1
EQP-34093,13533.8, DIESEL ,Tarde,Norte,62.9,1.36,99.6,151,1,73.15,670844,FW-981C8,1
EQP-34094,7787.3,Eletrico,Noite,Sul,88.7,6.24,76.2,258,0,24.39,579124,FW-56D9C,1
EQP-34095,7877.7, DIESEL ,Manha,Norte,65.0,8.55,98.2,124,0,9.56,806680,FW-E1BA8,0
EQP-34096,706.2,Eletrico,Tarde,Norte,51.3,4.22,107.4,197,0,-33.2,982430,FW-81AFA,0
EQP-34097,1136.4,Diesel,Manha,Norte,77.4,1.56,119.8,84,1,46.23,536878,FW-A94B5,1
EQP-34098,9940.3,Diesel,Tarde,Oeste,71.4,2.18,75.5,290,1,-32.29,366643,FW-BABED,0
EQP-34099,,diesel,Manha,Sul,72.4,7.05,80.6,217,0,99.88,715600,FW-B1CA3,1
EQP-34100,10942.8,Diesel,Tarde,Norte,59.3,1.83,98.0,197,1,-17.12,990498,FW-CDF4F,1
EQP-34101,5196.0,Gas_Natural,Noite,Leste,67.6,2.32,89.9,267,1,34.12,676212,FW-CE7F3,1
EQP-34102,9520.8,Gas_Natural,Tarde,Leste,61.7,11.69,136.0,128,1,-64.02,461778,FW-89553,1
EQP-34103,2617.0,diesel,Tarde,Sul,75.3,0.55,105.0,344,3,47.06,754339,FW-EEFAD,1
EQP-34104,4605.1,Gas_Natural,Tarde,Leste,83.0,2.52,92.0,285,0,4.44,378234,FW-2533C,0
EQP-34105,11410.8,Diesel,Manha,Leste,61.4,3.21,117.1,237,1,-18.16,852659,FW-DEF1C,1
EQP-34106,4355.1,Hibrido,Tarde,Norte,81.4,26.47,123.5,60,1,13.58,285080,FW-DC0D1,1
EQP-34107,8000.4,Diesel,Manha,Norte,66.0,0.82,119.2,319,0,43.92,428608,FW-77CAF,1
EQP-34108,10818.5,Gas_Natural,Manha,Leste,92.6,15.91,105.6,82,2,14.79,538872,FW-67DF0,1
EQP-34109,11253.5,diesel,Tarde,Sul,73.7,2.6,108.8,137,1,-79.37,419120,FW-E5250,1
EQP-34110,14167.1, DIESEL ,Tarde,Oeste,77.9,3.87,123.8,278,1,-15.52,954263,FW-B169E,1
EQP-34111,3846.7,Hibrido,Noite,Sul,82.7,1.47,97.1,281,1,44.98,761237,FW-82AEF,1
EQP-34112,10379.6,Diesel,Noite,Sul,58.5,7.21,108.4,258,0,12.77,888840,FW-606E6,1
EQP-34113,10947.0, DIESEL ,Noite,Norte,117.4,5.38,94.3,251,0,1.04,729060,FW-584D5,1
EQP-34114,5750.3,Eletrico,Tarde,Oeste,95.7,1.43,86.3,323,1,41.76,408270,FW-313E5,1
EQP-34115,1859.5, DIESEL ,Tarde,Oeste,60.8,8.11,111.4,16,1,-36.69,332894,FW-82E3B,0
EQP-34116,14928.7,Eletrico,Manha,Norte,82.3,2.85,101.2,346,0,26.82,419401,FW-E1FA2,1
EQP-34117,6285.8, DIESEL ,Manha,Norte,60.2,1.53,125.9,247,0,-14.61,766911,FW-D537A,1
EQP-34118,10085.6,Diesel,Tarde,Leste,64.5,,96.1,127,1,-1.48,947446,FW-96DCE,0
EQP-34119,9850.3,Eletrico,Noite,Norte,60.3,8.94,82.2,142,2,-8.01,515958,FW-1889B,1
EQP-34120,11742.3,Hibrido,Noite,Sul,79.9,2.27,98.1,59,0,-39.41,395428,FW-35A14,1
EQP-34121,10050.7,Diesel,Tarde,Norte,60.5,3.45,114.1,60,0,46.05,941618,FW-A0A1F,0
EQP-34122,4862.3,Eletrico,Manha,Sul,81.4,3.05,89.5,340,0,41.86,508989,FW-5CDA1,1
EQP-34123,14194.2,Eletrico,Manha,Leste,97.0,9.33,90.6,295,0,-4.18,816804,FW-C20DA,1
EQP-34124,6730.4, DIESEL ,Noite,Leste,53.5,1.3,103.3,279,2,-6.39,952333,FW-35C5A,1
EQP-34125,8632.4,Diesel,Noite,Norte,72.4,10.35,111.9,103,0,-52.09,209883,FW-D1FB4,1
EQP-34126,6699.7,diesel,Manha,Oeste,83.2,4.37,99.2,328,0,-3.03,902633,FW-D20F4,1
EQP-34127,6544.1,Diesel,Tarde,Leste,89.5,36.42,103.6,5,0,-17.21,180135,FW-A3453,1
EQP-34128,4512.2,Eletrico,Tarde,Norte,65.3,5.64,92.2,257,1,44.25,207120,FW-D4AFF,1
EQP-34129,10118.3,Diesel,Tarde,Leste,107.3,1.64,133.6,37,0,-19.27,218944,FW-ADCEF,1
EQP-34130,1573.5, DIESEL ,Tarde,Oeste,79.2,15.9,109.9,209,0,-22.05,953291,FW-5AFBF,1
EQP-34131,9897.2,Eletrico,Tarde,Norte,71.4,13.66,109.3,344,2,18.58,487748,FW-C797D,1
EQP-34132,14082.1,Diesel,Tarde,Sul,98.3,5.79,113.3,110,1,-62.85,239351,FW-865A2,1
EQP-34133,9835.1,Eletrico,Manha,Leste,64.8,0.9,106.1,33,0,10.86,101501,FW-5007C,1
EQP-34134,14045.6,Diesel,Manha,Leste,63.3,6.35,104.9,156,0,58.85,652323,FW-C3AC1,1
EQP-34135,9282.6, DIESEL ,Noite,Norte,54.0,7.94,82.3,33,3,4.34,354931,FW-CA163,1
EQP-34136,11332.5,Gas_Natural,Noite,Leste,100.0,4.97,121.4,200,1,3.57,870927,FW-2EC44,1
EQP-34137,14909.3, DIESEL ,Tarde,Sul,74.3,1.11,125.1,305,1,50.85,477369,FW-521B2,1
EQP-34138,12285.4,Diesel,Manha,Oeste,106.9,1.33,93.0,237,1,-10.68,779944,FW-C4DF1,1
EQP-34139,,Eletrico,Manha,Sul,61.4,2.44,92.0,228,1,16.46,605106,FW-42C93,0
EQP-34140,1829.0,Eletrico,Tarde,Leste,100.7,3.55,73.0,119,1,-20.53,830426,FW-D860D,1
EQP-34141,14956.6, DIESEL ,Tarde,Leste,75.2,1.64,99.0,88,0,-7.91,585136,FW-AB764,0
EQP-34142,1213.5,Eletrico,Tarde,Sul,66.2,5.91,128.5,126,1,-12.96,199228,FW-56400,1
EQP-34143,13470.9,Diesel,Manha,Norte,30.6,,120.3,123,0,-50.77,983741,FW-EFF73,1
EQP-34144,3520.3,Diesel,Tarde,Oeste,68.6,6.43,110.9,313,1,13.24,326153,FW-7031F,1
EQP-34145,11297.5,Gas_Natural,Tarde,Norte,128.8,3.98,91.3,143,0,-14.21,559648,FW-6EB68,1
EQP-34146,,Eletrico,Manha,Norte,60.4,0.54,118.8,153,2,15.55,767187,FW-3C35D,1
EQP-34147,6785.1,Diesel,Manha,Norte,92.9,6.28,92.0,106,0,-22.96,708198,FW-CEBE1,1
EQP-34148,6377.4,Hibrido,Tarde,Sul,59.8,1.91,72.4,164,0,41.27,945083,FW-327F6,1
EQP-34149,14721.9,Eletrico,Noite,Sul,75.1,7.61,99.2,143,3,-7.47,649755,FW-3E8AE,1
EQP-34150,13126.4, DIESEL ,Noite,Norte,75.4,9999.0,94.7,363,0,-65.65,144166,FW-A011F,1
EQP-34151,7302.1,Diesel,Tarde,Leste,62.1,4.28,99.9,359,2,-47.1,108311,FW-18C16,1
EQP-34152,10172.1,Diesel,Manha,Leste,81.3,9.55,64.8,195,0,-30.5,808411,FW-4608B,1
EQP-34153,10829.1,Diesel,Manha,Norte,94.7,,123.0,200,2,-35.08,836082,FW-709A6,1
EQP-34154,424.0,Eletrico,Tarde,Oeste,96.6,,99.0,139,1,-16.88,787829,FW-50780,1
EQP-34155,12789.9,Hibrido,Noite,Sul,106.8,7.26,98.3,179,0,-33.4,924818,FW-7695E,1
EQP-34156,6969.3,Hibrido,Tarde,Leste,72.9,3.34,90.3,265,0,-24.73,587769,FW-1CD1B,1
EQP-34157,519.4,Eletrico,Noite,Norte,74.0,5.17,103.7,327,1,54.98,748490,FW-D62E4,1
EQP-34158,7299.8,diesel,Manha,Oeste,43.3,5.89,91.8,79,0,-19.55,790688,FW-F3893,0
EQP-34159,10633.7,diesel,Noite,Leste,96.8,0.71,103.9,96,0,23.8,631244,FW-D16AA,1
EQP-34160,2656.0,Diesel,Manha,Norte,41.3,7.16,84.0,71,0,8.3,896580,FW-29A78,0
EQP-34161,1514.2,Gas_Natural,Tarde,Leste,91.7,5.42,128.7,308,0,6.72,665744,FW-7E404,1
EQP-34162,2129.5,Eletrico,Manha,Sul,92.4,0.94,93.9,270,0,-40.46,270485,FW-A0E23,1
EQP-34163,13784.3,diesel,Manha,Sul,71.2,3.79,89.9,192,1,-2.06,962818,FW-4EE4D,1
EQP-34164,14383.6,Diesel,Manha,Oeste,55.8,3.71,114.3,353,3,-6.27,977150,FW-908F2,1
EQP-34165,9363.8,Hibrido,Tarde,Sul,92.6,8.18,97.6,3,1,-10.3,497115,FW-AF82E,1
EQP-34166,9953.6,diesel,Manha,Sul,84.7,7.75,81.5,315,1,10.53,345143,FW-4ABE5,1
EQP-34167,10463.6,Diesel,Tarde,Leste,86.0,0.55,90.2,134,0,-12.63,671057,FW-B9D8A,1
EQP-34168,5603.5,Eletrico,Noite,Oeste,68.2,2.46,96.1,257,1,-22.27,745468,FW-B9F73,0
EQP-34169,4246.0,Eletrico,Manha,Sul,88.8,5.03,93.6,170,1,-25.02,494362,FW-9EF1A,1
EQP-34170,2667.5,diesel,Manha,Sul,78.0,2.85,92.6,267,0,-26.09,349464,FW-65D22,0
EQP-34171,4504.0,Hibrido,Noite,Sul,84.8,5.48,96.1,347,0,-27.58,565944,FW-AB3FC,1
EQP-34172,3160.9,Eletrico,Tarde,Oeste,76.2,0.98,76.2,361,0,-42.45,107291,FW-AE1AD,1
EQP-34173,9674.2,Diesel,Manha,Leste,104.4,5.24,93.3,189,0,56.66,455480,FW-9C4BA,1
EQP-34174,4813.0,diesel,Noite,Oeste,66.0,6.42,82.8,233,0,34.1,416786,FW-7D473,1
EQP-34175,13297.9,Gas_Natural,Tarde,Leste,106.0,4.2,118.0,255,0,9.24,673828,FW-573D2,1
EQP-34176,4710.0,Gas_Natural,Manha,Norte,63.7,4.49,94.4,88,1,37.97,372748,FW-A088D,0
EQP-34177,12525.5,diesel,Manha,Oeste,49.6,0.58,102.2,89,2,8.41,681671,FW-7FCC9,0
EQP-34178,7296.1, DIESEL ,Noite,Sul,75.0,9.05,84.9,245,1,-8.0,622102,FW-B8878,1
EQP-34179,12357.4,Hibrido,Manha,Oeste,79.1,3.26,105.2,12,0,-25.26,298833,FW-24A9B,1
EQP-34180,3941.5,Eletrico,Manha,Norte,60.2,5.77,100.9,22,0,28.14,764791,FW-60D64,0
EQP-34181,5289.1,Eletrico,Noite,Sul,100.7,1.23,103.3,321,0,-7.7,814447,FW-1CB06,1
EQP-34182,13060.6,Eletrico,Tarde,Leste,108.0,6.26,110.0,169,0,-15.72,697683,FW-D597B,1
EQP-34183,14873.4,Diesel,Manha,Oeste,62.1,3.91,105.0,116,0,-33.48,430801,FW-59AC4,1
EQP-34184,10129.1,Diesel,Manha,Norte,60.8,5.91,123.1,350,1,-17.32,438607,FW-233D1,1
EQP-34185,2433.9,diesel,Noite,Sul,55.3,4.81,111.4,188,1,18.4,732985,FW-7E42A,1
EQP-34186,3866.7,Diesel,Tarde,Norte,113.5,3.18,111.8,277,0,21.89,555900,FW-2E0DB,1
EQP-34187,3334.3,Hibrido,Manha,Norte,51.1,1.48,89.7,94,2,0.63,603083,FW-F2346,0
EQP-34188,3713.0,Eletrico,Manha,Leste,74.4,2.07,91.0,70,1,-58.7,348082,FW-6AA9D,0
EQP-34189,8099.0,Diesel,Manha,Norte,45.2,3.24,96.6,230,1,43.91,742982,FW-50E10,1
EQP-34190,2380.8,Eletrico,Tarde,Sul,92.0,4.59,82.7,209,0,34.12,674552,FW-80C2F,1
EQP-34191,11863.7,diesel,Manha,Oeste,81.1,3.56,92.5,327,0,-0.08,516226,FW-59EDB,1
EQP-34192,6951.0,Gas_Natural,Manha,Sul,68.5,5.93,89.5,325,0,-39.56,958646,FW-63194,1
EQP-34193,12013.9,Hibrido,Manha,Leste,50.3,6.91,116.1,115,0,-7.09,430596,FW-E6CF3,1
EQP-34194,2667.6,Diesel,Manha,Sul,72.5,1.09,79.4,344,0,-29.23,686644,FW-4273D,0
EQP-34195,7704.5,diesel,Tarde,Oeste,71.5,5.97,113.3,75,2,-8.62,882032,FW-84247,1
EQP-34196,1259.8, DIESEL ,Manha,Leste,99.6,17.66,102.2,236,1,-22.13,846013,FW-3619E,1
EQP-34197,2482.8, DIESEL ,Noite,Norte,67.2,5.49,95.6,192,1,-3.46,722363,FW-491FF,1
EQP-34198,11920.3,Gas_Natural,Manha,Oeste,51.4,4.3,94.8,141,2,-25.2,844342,FW-73756,1
EQP-34199,, DIESEL ,Noite,Leste,91.3,3.14,82.7,17,1,14.91,855599,FW-297FB,1
EQP-34200,3922.1,Diesel,Manha,Oeste,69.6,,116.5,222,1,48.16,796471,FW-38599,1
EQP-34201,7316.4,Hibrido,Manha,Sul,54.9,6.22,91.9,254,0,-14.64,711822,FW-95773,1
EQP-34202,10545.9,Eletrico,Noite,Oeste,64.5,,93.8,298,2,-20.87,488664,FW-1E5B7,1
EQP-34203,781.7,Diesel,Tarde,Sul,81.3,5.61,104.9,332,1,0.76,848797,FW-94B95,1
EQP-34204,11110.5,diesel,Tarde,Leste,81.2,5.24,78.2,294,1,-101.34,479792,FW-6601F,1
EQP-34205,2113.5, DIESEL ,Tarde,Leste,123.9,7.86,100.8,342,0,28.79,614128,FW-6A248,1
EQP-34206,537.4,Eletrico,Noite,Leste,64.0,9.03,94.3,207,2,43.62,553929,FW-646B9,1
EQP-34207,9696.0,Diesel,Noite,Norte,73.7,2.98,87.1,193,0,-50.82,440074,FW-C5E31,1
EQP-34208,9299.6,Gas_Natural,Tarde,Oeste,73.3,0.94,104.5,248,1,5.39,971236,FW-3EF27,1
EQP-34209,7741.5,Diesel,Noite,Oeste,47.4,3.68,102.6,264,2,37.49,863911,FW-EBC42,0
EQP-34210,9145.9, DIESEL ,Manha,Norte,64.9,2.11,95.8,19,1,-1.94,687265,FW-D5939,0
EQP-34211,11415.0,Eletrico,Manha,Norte,46.8,9.68,91.4,138,1,-11.32,486246,FW-D0EC9,1
EQP-34212,12875.2,Gas_Natural,Tarde,Sul,77.6,4.68,112.7,363,0,-33.74,863825,FW-B181B,1
EQP-34213,8167.2,Gas_Natural,Tarde,Sul,71.1,0.89,84.1,17,1,20.84,499829,FW-3A559,1
EQP-34214,14886.1,Eletrico,Noite,Leste,78.4,0.82,100.5,77,2,-72.95,232322,FW-1CE4A,1
EQP-34215,9413.4,diesel,Manha,Leste,69.2,3.71,76.5,262,3,-24.61,405161,FW-3B43B,1
EQP-34216,6715.5,Diesel,Noite,Oeste,85.1,3.24,79.5,2,0,101.95,437288,FW-99ECC,1
EQP-34217,7871.2,Diesel,Tarde,Oeste,77.1,3.68,87.0,126,1,-6.5,560701,FW-B3BC5,1
EQP-34218,6845.3,Hibrido,Manha,Norte,42.3,9.25,72.3,126,0,-29.44,121440,FW-E1E14,1
EQP-34219,805.6,diesel,Manha,Norte,130.5,0.64,131.9,10,2,26.71,249517,FW-6D7B5,1
EQP-34220,3957.7,diesel,Tarde,Oeste,76.9,1.89,111.5,350,0,95.13,887156,FW-937D6,1
EQP-34221,6627.4,Hibrido,Tarde,Leste,84.2,,87.3,123,1,17.24,199311,FW-EA415,0
EQP-34222,2564.2,Diesel,Manha,Oeste,63.7,2.94,109.4,246,1,-0.66,621452,FW-6A36D,1
EQP-34223,4461.2,diesel,Tarde,Oeste,57.7,3.33,111.6,229,1,-40.53,357253,FW-2F582,1
EQP-34224,8251.8,diesel,Tarde,Oeste,86.6,10.57,86.7,185,0,-10.34,962746,FW-505BA,1
EQP-34225,14240.5,Hibrido,Noite,Sul,62.4,5.45,111.2,80,1,18.71,178512,FW-99748,0
EQP-34226,12905.3,Diesel,Manha,Leste,117.8,1.86,97.2,269,1,-36.51,763891,FW-58E3E,1
EQP-34227,13622.1,diesel,Tarde,Sul,81.4,9.59,97.7,352,0,-59.56,181012,FW-24299,1
EQP-34228,8045.9,diesel,Manha,Sul,64.3,1.74,86.6,206,2,-3.27,548587,FW-B4437,1
EQP-34229,9340.8,Diesel,Tarde,Norte,69.4,1.96,94.1,355,0,20.81,675142,FW-2F39A,1
EQP-34230,4918.4, DIESEL ,Noite,Oeste,75.1,12.17,68.7,362,0,28.74,621218,FW-457C0,1
EQP-34231,1948.2,Diesel,Manha,Sul,48.6,3.36,90.5,39,0,35.71,234083,FW-BA083,0
EQP-34232,9177.6, DIESEL ,Manha,Oeste,72.0,0.81,91.0,226,1,-65.98,827642,FW-B0916,0
EQP-34233,5922.8,diesel,Manha,Oeste,78.5,2.36,108.4,171,0,-19.33,677367,FW-4F3F4,1
EQP-34234,13156.3,Eletrico,Tarde,Norte,81.0,3.83,108.6,183,1,-27.26,889217,FW-1C5FB,1
EQP-34235,13858.7,Diesel,Manha,Leste,72.8,2.6,106.5,144,1,4.05,311655,FW-D84B5,1
EQP-34236,4168.9,Hibrido,Manha,Leste,77.4,1.86,93.7,252,0,-20.67,304832,FW-527EA,0
EQP-34237,14197.7,Gas_Natural,Tarde,Leste,87.1,0.66,76.6,9,2,-3.12,896200,FW-D3D80,1
EQP-34238,13066.8,Diesel,Noite,Sul,78.9,3.55,82.7,276,1,40.63,528961,FW-ED1B9,1
EQP-34239,5666.3,Diesel,Noite,Sul,68.4,0.82,98.0,303,0,37.22,133636,FW-6384F,1
EQP-34240,13936.0,Diesel,Manha,Norte,93.9,9.6,115.1,237,2,-4.95,688112,FW-25175,1
EQP-34241,,Gas_Natural,Manha,Norte,97.1,2.5,111.2,137,1,-18.15,463849,FW-B9B1B,1
EQP-34242,10349.8,Eletrico,Tarde,Leste,58.4,0.88,102.1,55,0,17.62,165478,FW-7E563,0
EQP-34243,4786.5,Eletrico,Manha,Sul,93.8,0.78,109.3,16,1,29.45,694629,FW-5E072,1
EQP-34244,10314.0, DIESEL ,Tarde,Oeste,47.5,0.8,103.4,112,1,-11.11,486631,FW-1E2EA,1
EQP-34245,3336.6,Eletrico,Manha,Sul,110.4,,99.9,259,1,5.35,255026,FW-25520,1
EQP-34246,5855.4,Diesel,Manha,Leste,101.8,0.82,84.7,143,1,-61.61,953363,FW-A7910,1
EQP-34247,5523.5,Diesel,Tarde,Norte,85.0,2.01,70.5,311,1,-0.18,788819,FW-D1E17,1
EQP-34248,6467.2,Eletrico,Tarde,Oeste,82.4,1.36,98.5,150,0,-2.73,749547,FW-C2F08,1
EQP-34249,823.0,Eletrico,Manha,Norte,101.1,,85.9,102,1,0.28,313950,FW-47D15,0
EQP-34250,1695.8,diesel,Manha,Leste,78.3,4.42,116.0,329,1,-25.92,661183,FW-6CEA8,1
EQP-34251,11527.3,Diesel,Manha,Oeste,84.9,16.03,89.5,211,4,-8.86,647268,FW-68B83,1
EQP-34252,3297.9,Diesel,Manha,Oeste,87.5,9.17,127.6,308,1,-2.92,991610,FW-9F90B,1
EQP-34253,2788.8,diesel,Manha,Norte,40.5,7.53,73.3,283,1,30.25,974165,FW-8E6E9,1
EQP-34254,5187.1,Gas_Natural,Manha,Norte,51.0,1.36,98.9,295,1,26.74,360262,FW-EA714,1
EQP-34255,13483.7,Eletrico,Manha,Oeste,91.0,,87.7,69,3,-14.32,380807,FW-86953,1
EQP-34256,999999.0,Gas_Natural,Manha,Leste,65.8,1.82,119.2,327,1,-11.06,963237,FW-40270,1
EQP-34257,7101.3,Gas_Natural,Tarde,Leste,76.3,9.5,107.0,343,1,-32.98,483533,FW-F2BF7,1
EQP-34258,860.0,Diesel,Tarde,Oeste,64.0,4.27,109.6,114,1,-21.58,985735,FW-5394C,1
EQP-34259,,Diesel,Noite,Norte,70.4,,100.8,32,0,-42.78,907124,FW-65110,0
EQP-34260,10194.1,Eletrico,Manha,Oeste,52.9,6.44,130.5,353,1,2.13,661771,FW-40574,1
EQP-34261,1291.6, DIESEL ,Noite,Norte,70.2,0.52,87.3,80,1,-23.22,709177,FW-EA488,0
EQP-34262,11369.5, DIESEL ,Noite,Sul,57.8,27.29,88.2,109,2,-8.41,866372,FW-97792,1
EQP-34263,6078.6,Gas_Natural,Manha,Oeste,102.9,1.01,125.1,278,2,-4.89,140453,FW-3B93A,1
EQP-34264,11266.0,Eletrico,Tarde,Sul,58.4,7.81,99.1,254,0,-13.05,968475,FW-395E2,1
EQP-34265,2588.3,Diesel,Tarde,Norte,92.6,1.2,105.2,243,3,-1.8,870195,FW-78DDE,1
EQP-34266,606.0,Diesel,Manha,Norte,66.9,4.4,96.5,84,0,-18.49,248813,FW-411E8,1
EQP-34267,3964.2,diesel,Tarde,Sul,92.2,3.24,86.5,286,1,-24.7,429975,FW-4A47E,1
EQP-34268,13242.9,Diesel,Manha,Norte,86.0,0.93,99.7,195,2,38.44,391070,FW-AC9A3,1
EQP-34269,5235.8,Diesel,Manha,Oeste,60.3,5.37,95.9,203,0,28.34,508644,FW-69821,1
EQP-34270,12061.6,Diesel,Manha,Sul,68.0,9.04,122.1,106,0,17.43,782539,FW-B90D6,1
EQP-34271,4730.5, DIESEL ,Noite,Norte,60.7,36.13,95.1,342,0,-43.39,523088,FW-4B6B3,1
EQP-34272,741.8,Diesel,Manha,Norte,99.1,3.3,104.8,251,1,-11.94,416996,FW-82744,1
EQP-34273,3181.3,Diesel,Noite,Leste,71.4,2.94,101.0,182,1,27.65,621805,FW-9E50C,1
EQP-34274,4211.8,Eletrico,Manha,Oeste,77.3,1.86,100.8,359,0,-15.99,558983,FW-C86C2,0
EQP-34275,13449.5,Diesel,Noite,Oeste,77.4,0.81,82.9,348,1,-33.57,605859,FW-DD846,1
EQP-34276,10990.3, DIESEL ,Tarde,Leste,93.2,0.86,126.1,355,0,-8.0,866220,FW-B9ADD,0
EQP-34277,11396.7, DIESEL ,Tarde,Leste,65.2,9.23,98.3,282,3,-16.15,827722,FW-BEBE6,1
EQP-34278,12021.1,Hibrido,Noite,Sul,105.2,3.44,109.7,202,2,47.87,484266,FW-B41D6,1
EQP-34279,13953.8,Eletrico,Noite,Oeste,69.5,11.06,121.2,301,2,8.25,797839,FW-E0AEA,1
EQP-34280,8293.4,Diesel,Tarde,Sul,75.0,5.74,105.5,352,1,-59.13,753963,FW-35FDF,1
EQP-34281,7894.4,Hibrido,Manha,Leste,63.2,3.28,94.0,264,1,39.93,646398,FW-50B7D,1
EQP-34282,13693.4,Diesel,Manha,Sul,93.6,2.34,104.8,18,1,-35.05,165015,FW-61AE5,1
EQP-34283,,Eletrico,Manha,Leste,83.1,9.72,99.6,6,0,-21.3,547792,FW-A6331,1
EQP-34284,3764.5,Hibrido,Tarde,Norte,49.2,7.84,104.4,203,0,35.23,652821,FW-90284,0
EQP-34285,2958.3,Gas_Natural,Tarde,Leste,41.2,,86.6,280,0,-20.53,736518,FW-A740B,1
EQP-34286,9118.8, DIESEL ,Tarde,Leste,62.7,5.74,103.0,137,2,7.21,838533,FW-5F1AA,0
EQP-34287,5640.1,Gas_Natural,Tarde,Sul,94.1,6.25,99.9,35,0,-49.9,911290,FW-E4F4E,0
EQP-34288,339.5,diesel,Noite,Sul,40.1,2.82,71.8,222,0,-32.53,530867,FW-BE1B4,0
EQP-34289,,Diesel,Tarde,Oeste,76.5,0.9,77.3,243,0,-28.55,892709,FW-1D352,0
EQP-34290,10178.1,Eletrico,Noite,Oeste,64.3,5.28,90.6,314,1,48.28,120439,FW-6CCD5,1
EQP-34291,3584.8,Eletrico,Tarde,Leste,59.0,20.74,126.5,16,1,48.24,494812,FW-64189,1
EQP-34292,12757.8,Hibrido,Tarde,Oeste,81.1,3.26,89.4,163,0,-67.69,815792,FW-B70EE,1
EQP-34293,9619.3,Eletrico,Tarde,Sul,68.0,3.52,114.3,222,0,-37.38,564816,FW-ADD28,0
EQP-34294,14640.0,Hibrido,Noite,Sul,74.3,0.72,106.7,81,0,-8.45,821343,FW-79727,1
EQP-34295,11137.2, DIESEL ,Manha,Sul,61.3,2.16,103.8,347,2,25.76,187346,FW-45271,1
EQP-34296,3786.2,Diesel,Manha,Norte,77.2,1.81,95.8,274,0,-25.39,617471,FW-2BACF,1
EQP-34297,,Eletrico,Tarde,Norte,105.0,10.37,103.3,286,0,-2.87,985162,FW-8102C,1
EQP-34298,556.5,Eletrico,Noite,Norte,81.1,4.37,92.5,267,0,44.91,644038,FW-6944D,1
EQP-34299,, DIESEL ,Noite,Norte,73.4,,113.1,315,0,9.37,695704,FW-DEBE8,1
EQP-34300,12383.2,Diesel,Noite,Leste,57.7,10.66,95.5,321,0,-27.05,828327,FW-CB7C7,1
EQP-34301,11680.5, DIESEL ,Manha,Oeste,52.4,1.24,98.7,67,0,-68.84,346156,FW-9AC68,0
EQP-34302,10774.0,Diesel,Tarde,Oeste,87.7,10.44,129.5,89,1,42.27,684486,FW-7AB04,1
EQP-34303,2197.2,Diesel,Tarde,Leste,78.7,10.85,88.8,281,0,17.83,572649,FW-BD6CF,1
EQP-34304,6809.5,diesel,Manha,Norte,52.9,7.06,87.4,101,0,25.95,280141,FW-3F0CD,1
EQP-34305,8759.8,diesel,Tarde,Norte,81.1,1.98,80.8,84,2,-16.29,577390,FW-8AC70,1
EQP-34306,5556.0,Diesel,Tarde,Leste,62.9,1.62,97.6,172,1,36.84,527783,FW-291C2,1
EQP-34307,9046.3, DIESEL ,Manha,Norte,49.8,12.73,112.0,292,2,-7.68,703032,FW-5F662,1
EQP-34308,6358.2,Diesel,Tarde,Leste,93.4,1.04,134.5,200,1,-5.35,168466,FW-3CD35,1
EQP-34309,488.3,Eletrico,Manha,Norte,52.5,2.36,110.8,236,1,-5.29,380132,FW-1E9FE,0
EQP-34310,277.6,Diesel,Tarde,Leste,113.1,11.02,116.7,123,1,-4.28,910038,FW-E4099,1
EQP-34311,2009.5,Diesel,Manha,Oeste,97.1,2.0,114.4,347,1,90.9,118982,FW-CEE76,1
EQP-34312,2458.5,Gas_Natural,Tarde,Leste,71.8,2.69,101.9,243,0,-25.4,421980,FW-4F051,0
EQP-34313,8485.2,Diesel,Tarde,Norte,95.7,1.79,144.9,97,0,55.88,709520,FW-76E8C,1
EQP-34314,,Diesel,Tarde,Norte,65.7,0.63,123.8,245,1,11.15,679331,FW-CA81D,0
EQP-34315,12752.1,Gas_Natural,Tarde,Norte,123.7,1.7,100.9,205,3,15.77,812138,FW-CB872,1
EQP-34316,5312.5,Eletrico,Manha,Leste,52.2,11.72,103.7,96,1,-27.88,429578,FW-4D61C,1
EQP-34317,7117.9,diesel,Noite,Sul,85.3,5.96,92.7,73,1,-20.93,261180,FW-DC768,1
EQP-34318,10554.4,Eletrico,Manha,Sul,103.4,1.44,114.4,267,0,-17.22,218289,FW-37E91,0
EQP-34319,13946.3,Diesel,Noite,Norte,97.5,8.97,110.4,117,0,58.05,764883,FW-92634,1
EQP-34320,9423.8,Gas_Natural,Manha,Sul,55.9,0.96,92.7,65,1,-34.21,759833,FW-87943,0
EQP-34321,10335.7, DIESEL ,Manha,Sul,80.6,3.49,86.1,96,0,-2.99,587540,FW-BBCEF,1
EQP-34322,13783.2,diesel,Tarde,Oeste,63.5,0.93,92.6,151,3,-29.84,828355,FW-A5CB6,1
EQP-34323,139.0,Diesel,Manha,Norte,77.5,,97.5,284,1,-2.9,544863,FW-7BB59,0
EQP-34324,4775.5,Diesel,Noite,Sul,64.8,4.34,101.6,313,1,24.55,848738,FW-5F423,1
EQP-34325,3100.0,Hibrido,Manha,Norte,57.8,14.59,105.9,219,2,1.5,966479,FW-37FEE,1
EQP-34326,2683.4, DIESEL ,Noite,Leste,32.4,0.84,99.8,182,0,-65.1,863504,FW-C060B,0
EQP-34327,13292.0,Eletrico,Manha,Oeste,72.0,6.11,77.2,178,0,15.91,685363,FW-A035F,1
EQP-34328,13786.6,Gas_Natural,Tarde,Sul,83.7,1.69,70.6,316,0,10.36,601271,FW-6411E,1
EQP-34329,10243.6,Eletrico,Manha,Oeste,55.4,1.34,84.4,218,0,-17.5,747084,FW-DA89D,1
EQP-34330,5960.9,Eletrico,Manha,Oeste,94.7,9.39,101.5,299,1,-38.34,203891,FW-23047,1
EQP-34331,382.5, DIESEL ,Tarde,Norte,51.6,14.84,94.9,151,0,-22.94,681748,FW-7F329,1
EQP-34332,12906.4,Diesel,Tarde,Norte,62.1,6.21,89.3,110,1,-16.82,212460,FW-9FF16,1
EQP-34333,9217.1,Eletrico,Noite,Oeste,76.9,2.77,103.9,35,0,0.43,682305,FW-1DEBD,0
EQP-34334,197.8, DIESEL ,Manha,Oeste,78.2,14.84,103.5,93,1,22.64,323909,FW-3571B,1
EQP-34335,,diesel,Noite,Sul,109.7,2.98,90.6,120,0,-7.72,111498,FW-AC3C7,1
EQP-34336,,Eletrico,Manha,Sul,48.5,0.62,85.0,166,1,-32.8,975463,FW-80708,0
EQP-34337,1884.8,Eletrico,Manha,Sul,82.5,6.32,82.9,321,2,35.77,266607,FW-C90A4,1
EQP-34338,5986.2,Gas_Natural,Tarde,Sul,73.1,3.45,106.7,297,2,-15.73,214246,FW-AAC94,1
EQP-34339,11773.2, DIESEL ,Manha,Norte,41.7,1.89,100.1,54,0,12.6,703907,FW-550D3,0
EQP-34340,6573.6,Gas_Natural,Noite,Leste,64.2,7.46,102.3,306,1,-21.41,859014,FW-B1345,1
EQP-34341,6311.3,Diesel,Noite,Norte,91.4,1.39,95.3,287,0,-22.75,960067,FW-EC162,1
EQP-34342,,Diesel,Manha,Leste,77.9,23.66,112.9,196,0,-29.7,641010,FW-F1429,1
EQP-34343,9259.6,Diesel,Noite,Sul,91.8,1.1,90.8,119,1,-23.43,281377,FW-22205,0
EQP-34344,10450.8,Eletrico,Manha,Leste,100.9,2.96,104.1,331,1,-9.28,129281,FW-247F7,1
EQP-34345,5658.8,Diesel,Manha,Leste,79.2,8.49,103.0,165,0,13.52,373197,FW-36E15,1
EQP-34346,13824.5,Diesel,Manha,Norte,72.0,4.5,94.1,183,2,12.09,695261,FW-701E0,1
EQP-34347,2545.4,Hibrido,Tarde,Norte,46.4,1.92,108.0,228,0,10.82,157327,FW-935D6,0
EQP-34348,14315.4,Diesel,Manha,Norte,80.1,4.16,93.4,347,0,-18.27,806619,FW-64AD0,1
EQP-34349,9263.2,Diesel,Tarde,Norte,83.4,4.02,87.7,336,0,-4.68,785717,FW-44FF7,1
EQP-34350,, DIESEL ,Noite,Sul,62.9,1.03,98.2,197,0,-13.19,482679,FW-351A7,1
EQP-34351,8036.2,Eletrico,Tarde,Sul,99.0,1.25,95.3,210,3,7.78,866099,FW-E7869,1
EQP-34352,6836.8,Eletrico,Manha,Sul,77.8,7.16,92.4,1,0,-75.36,604784,FW-34E51,0
EQP-34353,4979.3,Hibrido,Noite,Leste,78.7,1.38,108.5,251,0,27.84,656913,FW-F39A1,1
EQP-34354,1751.4,diesel,Noite,Norte,92.8,1.0,113.4,65,0,2.79,879299,FW-77F67,0
EQP-34355,900.3,Diesel,Tarde,Oeste,96.2,16.44,117.1,126,2,35.89,450214,FW-5AB01,1
EQP-34356,7475.2,Eletrico,Noite,Norte,68.2,0.88,98.4,127,1,3.87,118000,FW-C9932,1
EQP-34357,2298.6, DIESEL ,Manha,Norte,67.4,3.55,108.4,363,0,29.5,356796,FW-3A77A,1
EQP-34358,8224.7,diesel,Manha,Norte,48.8,13.5,111.6,246,1,-55.98,252959,FW-E3F48,1
EQP-34359,10931.5,diesel,Tarde,Norte,82.1,9.67,101.9,173,0,-41.37,370592,FW-77859,1
EQP-34360,5933.6,Eletrico,Manha,Sul,137.1,0.85,122.0,100,2,5.23,395082,FW-D2A27,1
EQP-34361,12081.2,diesel,Tarde,Leste,95.9,3.42,79.9,252,0,-4.11,744672,FW-E1F9B,1
EQP-34362,6821.5,Eletrico,Manha,Sul,108.6,14.07,99.6,55,2,-2.32,227516,FW-A6095,1
EQP-34363,13185.4,Gas_Natural,Tarde,Oeste,89.5,5.97,95.9,115,1,-26.68,526628,FW-9C3D4,1
EQP-34364,,Hibrido,Manha,Oeste,69.2,2.41,79.8,299,0,52.95,561221,FW-91776,1
EQP-34365,13078.1,Diesel,Manha,Norte,37.0,11.58,90.4,216,1,-3.64,926060,FW-C7E02,1
EQP-34366,8581.8,Eletrico,Manha,Sul,96.4,3.71,81.5,354,0,-22.17,798820,FW-A2D55,1
EQP-34367,13485.8,Diesel,Manha,Leste,72.0,,88.7,364,1,-66.86,171514,FW-E8F98,1
EQP-34368,9841.1,Gas_Natural,Manha,Norte,43.3,3.71,88.1,59,2,-8.75,738530,FW-28B39,0
EQP-34369,11231.5,Hibrido,Manha,Oeste,79.7,9.0,82.2,109,0,-4.22,670233,FW-67657,1
EQP-34370,11500.8,Eletrico,Tarde,Leste,62.4,27.0,85.5,21,1,-16.96,494568,FW-81ABE,1
EQP-34371,7655.6,Eletrico,Tarde,Sul,60.8,5.15,104.5,65,0,19.02,857808,FW-80094,0
EQP-34372,3416.7,Eletrico,Manha,Leste,39.4,0.82,116.7,126,2,-11.07,622304,FW-CA4C5,0
EQP-34373,4944.1, DIESEL ,Manha,Leste,61.9,,96.3,327,3,70.01,331813,FW-ADB7D,1
EQP-34374,3312.7,Eletrico,Tarde,Leste,61.6,3.38,125.6,66,2,7.59,370405,FW-25A3A,0
EQP-34375,9504.8,Hibrido,Manha,Leste,67.3,1.22,123.0,130,1,-34.68,259147,FW-7BA3C,1
EQP-34376,14670.0,Hibrido,Noite,Leste,88.9,5.82,95.6,273,0,-65.46,413725,FW-D4ADA,1
EQP-34377,1118.6,Diesel,Manha,Norte,93.0,5.97,100.6,68,0,37.57,677500,FW-65563,1
EQP-34378,3661.8,Eletrico,Manha,Oeste,55.2,13.69,103.5,58,1,-32.71,631310,FW-3E40F,1
EQP-34379,6129.8,Eletrico,Manha,Sul,49.6,7.82,120.6,167,2,-0.47,804568,FW-7A4C6,0
EQP-34380,8180.9,Eletrico,Noite,Leste,96.4,1.17,121.4,356,0,-50.8,171419,FW-A42E9,1
EQP-34381,324.3,Gas_Natural,Noite,Leste,80.0,0.6,105.1,28,2,12.33,392597,FW-34C85,0
EQP-34382,1782.1,Diesel,Tarde,Sul,92.3,0.57,109.1,245,0,-31.45,560939,FW-7D23A,1
EQP-34383,12695.7,Gas_Natural,Manha,Sul,78.2,1.41,102.4,112,1,6.44,690716,FW-7DA05,1
EQP-34384,10287.1,Eletrico,Manha,Leste,76.5,5.57,119.8,270,0,32.8,541859,FW-CCEA7,1
EQP-34385,12648.6,Eletrico,Noite,Norte,83.4,6.19,78.8,234,1,68.04,385783,FW-E08D9,1
EQP-34386,10613.3,Eletrico,Manha,Sul,80.0,6.25,121.1,220,1,-19.89,760298,FW-69B39,1
EQP-34387,2896.6,Diesel,Noite,Norte,86.5,1.6,104.1,250,1,-28.19,978657,FW-D64DA,1
EQP-34388,2477.6,Gas_Natural,Noite,Norte,79.4,6.07,107.3,199,0,40.76,512607,FW-DFA17,1
EQP-34389,425.2,Hibrido,Manha,Leste,85.3,2.54,87.3,217,0,-42.55,489346,FW-36F97,1
EQP-34390,479.8,Eletrico,Manha,Leste,60.1,1.78,80.4,163,0,-116.05,618890,FW-7CF4D,0
EQP-34391,8127.5,Diesel,Manha,Leste,61.4,1.08,102.4,25,1,-78.79,895834,FW-2220A,0
EQP-34392,6247.8,Gas_Natural,Noite,Sul,64.9,1.76,79.3,131,2,-11.63,183978,FW-253F5,0
EQP-34393,4423.1,Gas_Natural,Tarde,Oeste,94.4,4.24,92.2,188,1,-59.11,547861,FW-5AE06,1
EQP-34394,4250.6,Hibrido,Tarde,Norte,119.2,1.71,97.7,344,2,32.68,169208,FW-7BBA3,1
EQP-34395,4858.6,Gas_Natural,Noite,Sul,74.7,6.4,124.5,94,1,-25.34,914626,FW-957D1,0
EQP-34396,2502.4,Eletrico,Tarde,Oeste,69.5,14.88,108.2,80,1,-50.28,699700,FW-4C96B,1
EQP-34397,13010.8,diesel,Tarde,Oeste,60.8,7.95,94.8,65,0,-25.1,233005,FW-A5DD6,1
EQP-34398,,Eletrico,Tarde,Leste,72.2,5.72,95.3,180,1,-13.03,832240,FW-4651B,1
EQP-34399,1459.2,Diesel,Manha,Leste,100.0,1.49,106.3,183,2,-20.47,354506,FW-3F9D6,0
EQP-34400,14265.0,Diesel,Noite,Leste,58.2,0.71,116.3,12,0,-13.28,136698,FW-D43D2,0
EQP-34401,,Hibrido,Manha,Oeste,69.6,9.35,131.2,10,1,-25.8,796450,FW-C9FC8,1
EQP-34402,8740.4,Hibrido,Tarde,Norte,53.6,0.75,102.3,111,0,-8.48,171244,FW-7D36D,0
EQP-34403,8839.6,Eletrico,Manha,Oeste,123.4,4.52,82.3,231,1,0.93,236465,FW-3FBDE,1
EQP-34404,4556.6,Diesel,Manha,Sul,87.8,19.08,95.4,264,0,3.88,146031,FW-D7059,1
EQP-34405,10470.8, DIESEL ,Manha,Norte,72.5,4.94,88.7,290,1,26.34,101416,FW-57DDA,1
EQP-34406,477.3,Diesel,Manha,Norte,83.6,2.21,110.8,143,1,32.44,989407,FW-AA9D7,0
EQP-34407,295.3,Diesel,Noite,Leste,82.2,4.68,87.0,360,1,23.8,237377,FW-977A3,1
EQP-34408,8979.4, DIESEL ,Noite,Norte,58.6,4.17,80.8,216,1,-7.35,106579,FW-BE947,1
EQP-34409,10990.8,Gas_Natural,Noite,Leste,71.2,12.66,110.0,188,1,-19.22,229707,FW-DD8C8,1
EQP-34410,2221.4,Eletrico,Tarde,Sul,53.6,6.56,84.6,67,0,-29.19,451846,FW-D9DD5,1
EQP-34411,5041.7,Hibrido,Noite,Norte,49.7,1.03,76.1,3,1,-35.23,486444,FW-32E6E,0
EQP-34412,2353.4,Eletrico,Manha,Sul,61.6,2.37,110.4,288,0,8.35,159178,FW-59533,0
EQP-34413,936.1, DIESEL ,Tarde,Oeste,101.5,17.71,94.6,90,0,3.49,553165,FW-2D5E7,1
EQP-34414,433.0,Eletrico,Manha,Sul,70.3,3.83,108.7,306,2,-6.37,920502,FW-557E8,0
EQP-34415,,Eletrico,Noite,Oeste,113.6,4.41,91.7,60,1,81.12,458828,FW-8C2A9,1
EQP-34416,5765.8,Gas_Natural,Tarde,Sul,117.7,9.49,119.9,54,0,-64.96,368815,FW-ECC08,1
EQP-34417,,Diesel,Tarde,Norte,56.9,4.49,88.3,91,2,-24.21,844909,FW-E3D0E,1
EQP-34418,7938.1,Gas_Natural,Noite,Norte,93.5,0.88,98.6,100,1,1.08,850106,FW-EC071,1
EQP-34419,7588.0, DIESEL ,Manha,Sul,74.2,4.87,78.8,45,0,-37.65,254042,FW-A5A0D,0
EQP-34420,5917.8,diesel,Tarde,Sul,66.8,,79.1,138,1,70.53,326907,FW-4BC7E,1
EQP-34421,9859.7,Gas_Natural,Tarde,Norte,72.9,4.52,110.5,335,1,-0.77,625885,FW-B4F32,1
EQP-34422,12745.7,Eletrico,Manha,Sul,85.3,3.68,92.5,42,2,-4.95,972235,FW-DB6DA,1
EQP-34423,10681.5,Eletrico,Tarde,Norte,117.6,2.87,100.5,292,1,20.52,387935,FW-77C04,1
EQP-34424,7810.9,diesel,Noite,Norte,59.2,4.04,96.8,4,2,-31.07,425046,FW-AA2A8,0
EQP-34425,248.7,Gas_Natural,Noite,Oeste,85.5,15.21,101.4,111,2,51.13,808477,FW-473B0,1
EQP-34426,11618.9, DIESEL ,Manha,Norte,73.5,2.49,87.5,145,0,26.38,372037,FW-5ABE5,1
EQP-34427,2990.3,Gas_Natural,Tarde,Sul,93.5,1.92,109.5,330,0,-71.91,727999,FW-58408,1
EQP-34428,1428.8,Eletrico,Manha,Norte,119.7,4.67,94.2,323,1,-32.82,712887,FW-A729D,1
EQP-34429,8895.1,diesel,Tarde,Sul,44.1,3.98,114.0,78,0,37.25,786064,FW-5F6ED,0
EQP-34430,2632.2,Eletrico,Tarde,Norte,86.7,3.33,66.7,61,0,22.33,324353,FW-204D0,0
EQP-34431,3671.3,Eletrico,Tarde,Oeste,50.2,2.02,107.8,123,0,13.32,847282,FW-5BDBB,0
EQP-34432,4822.5,Hibrido,Tarde,Oeste,81.7,2.02,82.2,13,0,80.39,149511,FW-394C4,0
EQP-34433,7112.0, DIESEL ,Tarde,Leste,83.9,2.61,97.2,157,0,-48.36,136904,FW-F17D5,1
EQP-34434,7975.3,Gas_Natural,Manha,Norte,99.5,1.61,92.2,185,0,-1.67,687381,FW-DABB6,1
EQP-34435,581.7,Diesel,Noite,Oeste,81.8,2.17,95.5,149,0,-58.35,124895,FW-ACC9E,0
EQP-34436,8337.2,Gas_Natural,Noite,Oeste,75.1,2.19,132.1,11,2,4.4,406019,FW-4D58A,1
EQP-34437,13412.8,Eletrico,Manha,Sul,109.9,2.98,84.8,55,2,4.91,933022,FW-E3D51,1
EQP-34438,14417.8,Diesel,Manha,Oeste,74.4,12.8,68.7,230,1,7.33,187477,FW-6CC5A,1
EQP-34439,2509.7,Diesel,Tarde,Sul,53.6,8.31,99.9,75,0,26.2,276095,FW-B4E38,0
EQP-34440,,Hibrido,Noite,Sul,71.2,3.65,121.2,119,2,22.79,296791,FW-A50DB,1
EQP-34441,6010.4,diesel,Manha,Norte,64.3,3.44,93.5,327,0,-46.26,532406,FW-58DCB,1
EQP-34442,4163.4,Diesel,Noite,Norte,43.3,,70.7,99,0,44.31,584082,FW-B2C23,0
EQP-34443,126.1,diesel,Manha,Sul,68.4,1.73,90.8,227,1,9.6,214849,FW-8D73B,0
EQP-34444,3441.6,Diesel,Tarde,Sul,68.9,9.17,92.4,262,0,87.19,425288,FW-E8EEF,1
EQP-34445,6948.9,Diesel,Noite,Oeste,82.0,2.75,96.9,217,0,-57.07,936321,FW-BB581,1
EQP-34446,4800.4,Eletrico,Manha,Oeste,92.9,2.28,90.7,47,3,28.76,946095,FW-D3958,1
EQP-34447,6114.1, DIESEL ,Manha,Norte,90.3,0.56,107.7,37,1,-59.86,287083,FW-7822A,1
EQP-34448,12987.8,Eletrico,Noite,Leste,64.0,1.38,136.9,126,1,-49.51,838686,FW-A77B5,1
EQP-34449,4281.7,Gas_Natural,Noite,Norte,67.8,2.16,94.3,230,0,-15.42,941150,FW-62F03,1
EQP-34450,2273.6,Eletrico,Manha,Oeste,100.2,3.95,124.8,242,0,10.5,554339,FW-31B25,1
EQP-34451,5134.1,Diesel,Manha,Norte,75.2,9999.0,86.7,114,1,17.16,875647,FW-CEBA5,1
EQP-34452,14455.6,Diesel,Manha,Norte,96.1,1.75,107.9,290,0,-5.4,805684,FW-7E0B6,1
EQP-34453,2998.1,Hibrido,Manha,Sul,62.7,5.9,65.8,130,1,-23.09,439605,FW-681C9,0
EQP-34454,7582.6, DIESEL ,Noite,Leste,65.7,0.88,101.6,153,1,-45.21,159339,FW-61D21,0
EQP-34455,7467.8,Diesel,Tarde,Leste,91.4,10.78,107.8,255,1,-21.86,269512,FW-61B5A,1
EQP-34456,8369.4,Gas_Natural,Tarde,Norte,55.7,1.73,108.1,95,1,-0.39,833682,FW-30DE6,0
EQP-34457,13046.1,Eletrico,Manha,Sul,57.9,1.16,83.3,228,0,45.52,102182,FW-40EB9,1
EQP-34458,11485.2,Diesel,Tarde,Norte,52.7,6.13,94.3,326,0,20.86,827720,FW-417D1,1
EQP-34459,13620.2,Hibrido,Manha,Norte,63.2,11.6,81.1,180,2,43.36,331824,FW-78C4E,1
EQP-34460,9963.2, DIESEL ,Manha,Leste,80.5,4.54,102.4,93,0,18.6,247473,FW-4895E,1
EQP-34461,1917.2,diesel,Manha,Norte,63.9,6.04,104.3,114,0,-5.75,176230,FW-A8817,1
EQP-34462,12240.4,Eletrico,Manha,Leste,47.7,12.02,110.5,325,0,66.57,276730,FW-D20C9,1
EQP-34463,7541.3,Eletrico,Noite,Leste,82.5,2.86,87.8,127,0,29.53,232494,FW-9F592,1
EQP-34464,7485.0,diesel,Noite,Leste,64.0,,73.6,4,0,-11.72,553664,FW-D3116,1
EQP-34465,, DIESEL ,Tarde,Norte,64.1,,89.3,291,0,-57.47,534421,FW-37B53,1
EQP-34466,14324.3,Eletrico,Manha,Norte,90.8,3.24,73.8,15,1,41.09,228087,FW-344DC,1
EQP-34467,14525.2,Eletrico,Manha,Sul,92.7,2.38,104.8,159,0,11.4,366678,FW-2CA80,1
EQP-34468,8451.0,Diesel,Noite,Norte,81.8,2.69,118.2,83,1,44.78,627826,FW-1C8CA,0
EQP-34469,12437.8,Eletrico,Noite,Norte,51.0,1.64,106.6,94,4,65.42,501043,FW-ACEF5,1
EQP-34470,13110.2,Diesel,Tarde,Sul,100.8,1.31,102.7,65,0,5.68,551636,FW-CF794,1
EQP-34471,13775.7,Eletrico,Noite,Oeste,55.3,1.04,83.1,233,0,-2.87,373365,FW-E7FD3,0
EQP-34472,5917.4,Eletrico,Manha,Norte,88.9,1.46,104.8,320,3,-31.63,775369,FW-D982C,1
EQP-34473,5441.3,Diesel,Manha,Norte,85.1,2.37,102.8,249,0,-5.79,537489,FW-7C175,1
EQP-34474,7103.3,Eletrico,Tarde,Sul,77.2,2.33,109.7,40,0,-9.35,363857,FW-3323D,0
EQP-34475,2497.8,Hibrido,Manha,Oeste,87.4,5.62,96.3,333,1,-13.7,584358,FW-BBEF5,1
EQP-34476,13467.0,Eletrico,Tarde,Norte,67.4,5.08,111.8,92,3,-29.14,652755,FW-46E1E,1
EQP-34477,9448.6,Gas_Natural,Manha,Leste,82.7,1.69,108.1,315,2,-57.12,490996,FW-4BD03,1
EQP-34478,5374.3,Eletrico,Manha,Sul,87.8,17.13,112.5,59,2,1.25,440944,FW-F0276,1
EQP-34479,14954.6,Eletrico,Noite,Oeste,75.8,2.56,66.6,18,0,-12.12,491256,FW-31FFF,1
EQP-34480,2137.2,Gas_Natural,Manha,Oeste,80.8,3.99,81.5,312,1,4.66,724572,FW-485A9,1
EQP-34481,14572.1,Eletrico,Manha,Sul,87.8,2.16,128.4,133,1,-13.1,840954,FW-8FA61,1
EQP-34482,14356.7,Diesel,Tarde,Norte,93.4,20.7,100.8,227,1,20.3,177283,FW-281F0,1
EQP-34483,1221.2,diesel,Tarde,Norte,81.2,1.79,108.5,49,0,67.22,230272,FW-2ADF0,0
EQP-34484,4163.4,Diesel,Manha,Sul,92.4,4.12,102.9,167,1,-35.57,781431,FW-3D87E,0
EQP-34485,5708.8,Gas_Natural,Noite,Leste,52.0,10.58,116.1,226,1,-4.64,315119,FW-97E6D,1
EQP-34486,,diesel,Manha,Norte,70.6,3.62,77.0,250,1,11.73,476310,FW-D740B,1
EQP-34487,5152.5, DIESEL ,Noite,Norte,78.8,1.42,103.5,228,2,-47.24,116228,FW-A17F1,1
EQP-34488,9882.8,Hibrido,Tarde,Oeste,90.7,0.87,73.8,45,1,61.8,200768,FW-9DF5A,1
EQP-34489,1245.4,Diesel,Tarde,Norte,63.2,1.09,103.9,82,1,42.33,735710,FW-9E292,0
EQP-34490,2459.2, DIESEL ,Manha,Norte,78.4,5.99,89.6,112,2,14.85,770094,FW-E5647,1
EQP-34491,6387.4,Eletrico,Manha,Norte,116.8,2.02,125.5,351,0,-37.59,928868,FW-C268B,1
EQP-34492,1457.8,Eletrico,Manha,Sul,77.7,2.35,103.5,300,0,-1.32,594817,FW-47E3C,0
EQP-34493,153.0,Gas_Natural,Noite,Norte,59.4,3.42,96.6,139,0,-72.09,963125,FW-82857,0
EQP-34494,4113.8,Diesel,Manha,Sul,65.4,3.35,89.9,85,0,-20.53,833356,FW-4D2E2,0
EQP-34495,2067.8,Gas_Natural,Noite,Leste,105.3,1.87,102.1,355,1,-24.91,425051,FW-31C22,1
EQP-34496,2154.2,Eletrico,Noite,Leste,60.2,3.48,115.6,58,0,54.65,473395,FW-5806A,0
EQP-34497,11955.9,Eletrico,Manha,Leste,46.3,7.9,123.8,329,0,48.19,100404,FW-BE27F,1
EQP-34498,4742.0,Gas_Natural,Manha,Norte,47.2,1.93,74.8,113,1,-56.81,722283,FW-89D84,0
EQP-34499,2951.2, DIESEL ,Tarde,Sul,75.2,1.42,90.3,274,0,-12.86,848382,FW-EDE8B,0
EQP-34500,14973.3, DIESEL ,Manha,Norte,70.2,4.83,109.4,97,1,-33.26,541631,FW-C0D68,1
EQP-34501,5236.3,Gas_Natural,Manha,Oeste,103.5,1.16,121.2,13,0,-8.92,775204,FW-DC8AD,1
EQP-34502,3902.3, DIESEL ,Manha,Leste,63.7,8.06,120.2,76,0,-42.78,981107,FW-BDD78,0
EQP-34503,5922.1,diesel,Tarde,Oeste,68.7,8.47,96.5,25,1,-1.27,390314,FW-6196A,1
EQP-34504,681.1,Hibrido,Manha,Norte,49.3,2.14,124.3,82,0,-20.17,883757,FW-ACDF6,0
EQP-34505,,Diesel,Tarde,Norte,113.2,4.79,106.6,98,1,-67.94,364640,FW-819C6,1
EQP-34506,13740.3,Diesel,Tarde,Leste,66.1,8.34,99.9,117,1,-20.34,596116,FW-64F40,1
EQP-34507,6250.7,Hibrido,Tarde,Oeste,82.0,8.63,104.4,202,1,29.36,126258,FW-BFA02,1
EQP-34508,6709.4, DIESEL ,Tarde,Leste,85.3,3.46,87.0,130,1,-53.34,122557,FW-25170,1
EQP-34509,9693.5, DIESEL ,Noite,Norte,78.1,4.94,85.3,232,0,-34.27,204646,FW-62BD1,1
EQP-34510,4766.5,Eletrico,Noite,Norte,64.9,14.62,125.3,343,1,33.6,101408,FW-DC43D,1
EQP-34511,4834.0, DIESEL ,Noite,Oeste,77.3,7.09,108.1,212,0,1.92,970391,FW-5515F,1
EQP-34512,,Diesel,Noite,Sul,67.5,1.0,96.5,328,0,-18.68,212330,FW-E7C77,1
EQP-34513,3742.6,Hibrido,Noite,Leste,72.1,0.69,94.6,258,0,-75.41,900355,FW-86157,1
EQP-34514,13651.0,Diesel,Manha,Sul,72.4,,68.4,274,1,31.74,773794,FW-EECEE,1
EQP-34515,11898.8,Diesel,Tarde,Leste,75.9,2.18,60.0,334,0,15.45,122368,FW-CFC2C,1
EQP-34516,5292.2,Gas_Natural,Tarde,Sul,67.5,5.71,105.1,193,1,-0.92,301201,FW-E644F,1
EQP-34517,8803.9,Diesel,Manha,Sul,46.2,4.42,92.6,171,2,33.05,975737,FW-B115D,1
EQP-34518,6188.0,Diesel,Tarde,Oeste,58.9,8.26,93.9,2,2,30.89,890482,FW-6C398,1
EQP-34519,13986.8,diesel,Manha,Leste,66.4,,109.9,303,1,75.77,559362,FW-6B35B,1
EQP-34520,14368.3,Eletrico,Manha,Sul,60.1,4.92,113.3,242,1,-56.48,161784,FW-5E54F,1
EQP-34521,14213.6,diesel,Manha,Oeste,66.0,1.9,124.4,79,1,-16.13,774329,FW-1E9FA,1
EQP-34522,6249.7,Hibrido,Tarde,Norte,77.2,4.14,89.0,21,0,-41.41,357194,FW-6BED1,1
EQP-34523,14669.3,Hibrido,Manha,Sul,112.0,5.35,93.7,292,2,-40.08,362773,FW-C62AE,1
EQP-34524,6853.7,Eletrico,Noite,Sul,63.6,6.41,110.6,124,1,32.11,809174,FW-774F4,0
EQP-34525,10510.1,Eletrico,Manha,Leste,66.6,14.07,76.9,171,0,22.07,307899,FW-B1274,1
EQP-34526,3561.2,Diesel,Manha,Sul,78.3,7.35,97.3,266,1,6.32,673006,FW-57745,1
EQP-34527,9139.0,Diesel,Manha,Oeste,58.4,15.15,100.9,152,0,50.63,920887,FW-BC3EC,1
EQP-34528,13048.8, DIESEL ,Tarde,Leste,73.5,3.45,124.8,80,1,-0.35,240448,FW-A3C81,1
EQP-34529,594.7,Gas_Natural,Tarde,Norte,90.9,,93.4,217,2,-62.26,970256,FW-60A42,1
EQP-34530,9303.5, DIESEL ,Manha,Norte,76.6,4.64,100.0,130,1,-81.34,678889,FW-8AA14,1
EQP-34531,3351.6,Diesel,Noite,Leste,49.5,4.33,85.3,34,0,-8.09,962994,FW-8D0A7,0
EQP-34532,190.3,diesel,Noite,Norte,90.4,2.98,114.2,237,0,56.72,896582,FW-22BB2,1
EQP-34533,1352.6,Diesel,Manha,Norte,102.6,12.29,98.2,219,0,-20.8,211807,FW-86DA4,1
EQP-34534,12571.0,Hibrido,Tarde,Oeste,81.9,3.13,76.9,1,1,-37.57,633975,FW-E4EA1,1
EQP-34535,8012.8,Diesel,Noite,Oeste,96.8,0.59,82.9,85,2,30.88,339066,FW-EC5FD,1
EQP-34536,7265.2, DIESEL ,Tarde,Oeste,76.5,3.11,90.8,49,0,-43.35,367330,FW-9F173,1
EQP-34537,12984.3,Diesel,Noite,Sul,50.7,4.33,110.8,251,0,-41.63,440372,FW-3C2DB,1
EQP-34538,4076.0, DIESEL ,Tarde,Leste,64.5,1.53,97.6,106,0,-40.09,652651,FW-29F08,0
EQP-34539,2903.2,Diesel,Manha,Leste,88.5,5.78,92.9,306,1,24.59,784154,FW-F1203,1
EQP-34540,9132.2,Diesel,Manha,Norte,103.9,1.78,106.8,52,0,-10.48,100319,FW-4565C,1
EQP-34541,7159.9,Gas_Natural,Noite,Leste,96.5,9.93,105.2,89,1,-27.87,224215,FW-40D23,1
EQP-34542,10743.8,Diesel,Tarde,Oeste,115.2,0.83,99.8,173,0,52.7,319761,FW-2E650,1
EQP-34543,9067.3,Hibrido,Tarde,Sul,84.3,0.57,91.9,68,1,71.35,329234,FW-BF2BF,0
EQP-34544,13318.8,Diesel,Tarde,Leste,72.9,4.92,122.8,74,0,-34.8,134740,FW-6F855,1
EQP-34545,1949.3,Diesel,Noite,Sul,109.1,2.48,95.5,129,0,-6.38,339632,FW-BEB7F,1
EQP-34546,10493.0, DIESEL ,Noite,Norte,92.6,4.17,109.7,2,1,-30.07,121847,FW-A9F05,1
EQP-34547,8569.6,Eletrico,Tarde,Norte,70.9,0.87,116.8,265,0,-14.46,432543,FW-18D2B,0
EQP-34548,11193.7,Diesel,Noite,Oeste,78.4,2.55,90.8,308,0,-19.4,904226,FW-5CB64,1
EQP-34549,7888.3,Hibrido,Tarde,Oeste,52.7,0.89,108.5,180,1,39.54,172568,FW-C8C30,0
EQP-34550,12129.7,Diesel,Manha,Sul,67.4,1.68,87.8,198,5,23.16,281200,FW-AAEDF,1
EQP-34551,9040.1,Diesel,Noite,Sul,89.9,3.93,111.7,214,1,23.9,833765,FW-816BE,1
EQP-34552,11863.5,diesel,Manha,Leste,68.6,,102.5,104,0,33.5,735235,FW-301D0,1
EQP-34553,10095.8, DIESEL ,Tarde,Norte,93.8,3.13,119.6,113,0,-8.6,913592,FW-306FB,1
EQP-34554,1651.2,Diesel,Manha,Norte,93.7,0.81,101.7,130,1,-6.9,244945,FW-BF24D,0
EQP-34555,13387.2,Eletrico,Manha,Oeste,57.2,,103.3,338,1,4.83,753156,FW-E0F02,1
EQP-34556,9008.7,Eletrico,Tarde,Leste,94.2,,137.2,157,0,69.91,439566,FW-98513,1
EQP-34557,2949.6, DIESEL ,Tarde,Norte,54.8,3.62,97.9,68,1,28.86,101313,FW-DB668,0
EQP-34558,11783.2,Diesel,Tarde,Sul,75.5,0.57,100.3,181,1,5.04,905248,FW-26686,1
EQP-34559,11601.1,Eletrico,Manha,Oeste,81.2,4.17,98.1,349,2,7.27,626120,FW-EEAA6,1
EQP-34560,8137.4,Hibrido,Noite,Oeste,64.2,5.92,113.4,168,1,21.54,571617,FW-28A31,0
EQP-34561,8325.7,Eletrico,Tarde,Norte,94.2,11.6,80.5,282,0,-6.27,732026,FW-EAA2C,1
EQP-34562,10759.9, DIESEL ,Manha,Oeste,89.6,9.6,108.1,204,1,-25.31,818277,FW-4D6A2,1
EQP-34563,1431.9,Gas_Natural,Noite,Sul,105.6,2.17,64.8,222,0,-22.2,150804,FW-2D0AD,1
EQP-34564,10015.0,Hibrido,Noite,Leste,56.9,1.02,89.1,73,2,-50.05,269931,FW-6B350,0
EQP-34565,14691.4,Hibrido,Manha,Sul,85.3,1.64,120.2,89,0,-11.06,134591,FW-4145E,1
EQP-34566,11199.8,Hibrido,Noite,Leste,69.0,8.9,111.9,44,0,-49.54,992807,FW-A2A03,1
EQP-34567,7312.5,Gas_Natural,Manha,Sul,55.2,1.02,106.8,153,1,31.17,590388,FW-822DE,1
EQP-34568,6433.4,Eletrico,Tarde,Oeste,90.8,8.4,88.8,27,1,-47.51,522230,FW-28939,1
EQP-34569,8800.6,Eletrico,Manha,Leste,98.6,3.96,101.6,66,0,10.14,323496,FW-D09CA,1
EQP-34570,13291.6,diesel,Manha,Norte,90.4,1.14,94.9,154,2,33.12,576947,FW-35F02,1
EQP-34571,336.3,diesel,Tarde,Sul,102.1,1.24,93.9,4,0,21.4,732210,FW-393C7,0
EQP-34572,3692.0, DIESEL ,Manha,Sul,85.6,8.31,87.5,174,0,-3.91,116573,FW-524BA,1
EQP-34573,13414.4,Diesel,Tarde,Norte,67.6,2.0,96.1,90,1,-61.24,607935,FW-51A8C,1
EQP-34574,5275.5,Hibrido,Manha,Norte,52.8,11.95,78.2,38,0,-33.15,224316,FW-B61C9,1
EQP-34575,6774.7,Diesel,Manha,Leste,62.0,9.09,93.5,226,2,-29.03,433235,FW-2FB32,1
EQP-34576,551.0,Gas_Natural,Manha,Leste,63.7,0.99,86.2,71,0,-57.68,199424,FW-9D907,0
EQP-34577,2415.6,Gas_Natural,Noite,Sul,60.1,17.52,103.6,44,1,6.95,749932,FW-27879,1
EQP-34578,5741.9,Eletrico,Tarde,Norte,70.8,14.34,101.1,324,1,-16.15,468711,FW-64792,1
EQP-34579,11494.4,Gas_Natural,Noite,Leste,62.0,1.75,97.2,217,0,-28.8,808800,FW-6368D,1
EQP-34580,3484.1,Diesel,Manha,Norte,60.4,11.43,94.5,175,1,-0.09,578621,FW-41735,1
EQP-34581,13897.8,diesel,Noite,Sul,78.7,4.06,85.1,112,3,-1.4,101970,FW-2C7FB,1
EQP-34582,13675.0,Eletrico,Noite,Sul,38.7,4.78,85.0,288,0,-52.71,950838,FW-44DF6,1
EQP-34583,12194.6,Diesel,Manha,Sul,69.8,6.04,93.9,26,2,53.77,797654,FW-4D33C,1
EQP-34584,3330.2,Eletrico,Manha,Oeste,86.5,3.08,116.0,124,1,33.49,244030,FW-D5386,0
EQP-34585,10062.1,Diesel,Manha,Oeste,37.7,7.93,83.9,69,0,-22.92,585697,FW-57CFC,1
EQP-34586,808.4,Eletrico,Tarde,Norte,88.9,9.9,107.4,265,1,-39.76,669825,FW-B9E7E,1
EQP-34587,11559.9,Diesel,Manha,Leste,87.7,0.64,96.2,288,0,-22.28,150202,FW-876C4,1
EQP-34588,1585.7,Gas_Natural,Tarde,Oeste,73.5,2.89,76.8,148,1,16.04,864347,FW-E08E1,0
EQP-34589,4909.0,diesel,Tarde,Oeste,101.3,2.45,87.2,6,0,-10.56,169109,FW-81C97,0
EQP-34590,4765.3,Hibrido,Manha,Sul,90.4,2.63,103.3,259,0,10.08,154750,FW-26F7E,1
EQP-34591,2297.3,Diesel,Tarde,Norte,73.5,6.06,105.2,12,1,-2.15,732675,FW-BAEA0,1
EQP-34592,2947.7,diesel,Manha,Oeste,74.7,2.01,96.3,145,0,-19.61,237414,FW-95FE0,1
EQP-34593,5363.3,Gas_Natural,Noite,Norte,88.3,3.18,101.6,262,2,24.05,680060,FW-3F9BC,1
EQP-34594,9534.2,Gas_Natural,Tarde,Sul,103.9,2.46,89.6,252,0,-48.63,742504,FW-7B70B,1
EQP-34595,1220.3,Diesel,Noite,Norte,66.1,17.46,109.0,256,1,-2.46,506967,FW-B0A93,1
EQP-34596,6936.7,Gas_Natural,Manha,Leste,55.6,7.92,108.0,266,2,6.89,739428,FW-B5C39,1
EQP-34597,7884.3,Eletrico,Noite,Oeste,37.4,11.98,89.6,163,1,64.61,432258,FW-F2F27,0
EQP-34598,10184.1,Hibrido,Noite,Norte,97.6,16.88,96.7,76,1,-58.46,649467,FW-3A2D6,1
EQP-34599,1648.0,Eletrico,Manha,Sul,105.5,5.07,91.0,141,0,-9.29,346662,FW-2C653,1
EQP-34600,10388.9,Diesel,Tarde,Oeste,50.6,3.58,71.8,320,0,-43.77,739463,FW-D3A61,1
EQP-34601,7112.7,diesel,Tarde,Leste,79.9,0.8,118.5,202,3,-1.31,505736,FW-1E3C6,0
EQP-34602,10502.2,diesel,Tarde,Leste,99.7,2.68,127.9,155,0,-87.92,358292,FW-5B9FE,1
EQP-34603,3797.6, DIESEL ,Tarde,Sul,52.1,0.94,104.5,334,0,48.59,529761,FW-D6943,0
EQP-34604,7218.0,Hibrido,Manha,Oeste,55.4,4.32,125.0,52,0,-3.79,109619,FW-946AE,1
EQP-34605,2741.9,diesel,Noite,Norte,64.4,10.69,108.2,357,0,-25.74,313375,FW-2E6D4,0
EQP-34606,8789.0,Diesel,Manha,Leste,85.2,7.25,112.3,158,0,-9.98,109435,FW-2A9B1,1
EQP-34607,2802.8,Diesel,Manha,Norte,92.7,3.61,128.5,130,1,-32.26,356618,FW-5BFF7,1
EQP-34608,11616.3,Diesel,Noite,Oeste,43.2,0.99,105.4,33,0,28.19,500788,FW-3DD1E,0
EQP-34609,10005.2,Diesel,Tarde,Norte,84.7,5.2,78.0,4,1,104.86,728518,FW-7BB0D,1
EQP-34610,8228.6,Eletrico,Tarde,Norte,97.1,3.22,87.8,290,1,36.4,433997,FW-2DD89,1
EQP-34611,,Diesel,Tarde,Sul,64.2,7.51,108.2,115,1,19.21,385379,FW-563E0,0
EQP-34612,3595.0,Eletrico,Manha,Leste,53.1,14.68,102.1,104,0,-19.49,550203,FW-C4D0B,1
EQP-34613,11066.0, DIESEL ,Tarde,Leste,60.9,1.42,78.9,179,0,21.04,746198,FW-EC67A,0
EQP-34614,5734.0,Diesel,Tarde,Leste,51.9,10.89,117.6,100,0,12.69,602621,FW-1E668,0
EQP-34615,11227.7,Hibrido,Noite,Sul,64.4,15.64,93.5,310,0,-6.1,976908,FW-41B14,1
EQP-34616,12643.7,Diesel,Noite,Leste,58.9,8.47,98.9,41,1,-45.3,166647,FW-AAFFD,1
EQP-34617,11201.9,Diesel,Noite,Leste,87.4,,99.7,49,1,-28.41,190428,FW-357EB,1
EQP-34618,5156.9,Gas_Natural,Manha,Leste,58.9,3.59,99.9,239,2,1.32,544911,FW-A4338,1
EQP-34619,7812.3,Hibrido,Tarde,Norte,54.0,1.57,123.2,9,0,3.15,418766,FW-D7F57,0
EQP-34620,14426.1,Diesel,Tarde,Norte,30.0,5.33,98.2,179,0,-41.19,326699,FW-963F4,1
EQP-34621,12578.0,Eletrico,Manha,Sul,64.7,4.69,103.7,252,0,12.66,479802,FW-C0007,1
EQP-34622,12597.7,diesel,Tarde,Sul,56.5,2.55,94.8,307,2,34.11,829519,FW-E2147,1
EQP-34623,14303.8,Diesel,Noite,Oeste,94.3,4.26,94.6,157,1,8.49,955683,FW-D347C,1
EQP-34624,11850.0,Eletrico,Tarde,Norte,77.5,5.4,108.9,266,2,-25.44,578960,FW-EEBAB,1
EQP-34625,236.1,Diesel,Manha,Leste,53.6,8.68,91.8,83,1,-28.44,986556,FW-2FBEE,0
EQP-34626,14529.7,Gas_Natural,Tarde,Norte,83.0,16.26,104.2,292,3,-35.62,491788,FW-8E033,1
EQP-34627,14814.6,Eletrico,Tarde,Norte,90.6,6.49,109.1,212,1,-27.53,489898,FW-8B4D0,1
EQP-34628,702.6, DIESEL ,Noite,Leste,96.3,7.48,95.3,6,2,16.73,554214,FW-6DB47,1
EQP-34629,,Diesel,Manha,Oeste,59.4,5.92,127.1,186,0,53.72,469616,FW-94C6A,1
EQP-34630,568.9,Gas_Natural,Tarde,Norte,97.4,0.64,96.7,1,0,37.43,141898,FW-18954,1
EQP-34631,5594.4,Diesel,Tarde,Sul,77.5,0.51,81.4,301,1,-13.47,764034,FW-31F01,0
EQP-34632,10390.3,diesel,Tarde,Leste,71.2,14.19,131.2,68,2,40.84,882613,FW-D93F4,1
EQP-34633,4388.7,Hibrido,Manha,Leste,91.4,1.68,99.2,124,1,11.45,158120,FW-6D559,1
EQP-34634,775.1, DIESEL ,Tarde,Norte,52.4,4.4,126.0,205,0,-23.36,328038,FW-5FBB1,1
EQP-34635,9710.6,Diesel,Noite,Sul,84.7,2.26,71.5,6,1,9.97,902654,FW-C7DEA,1
EQP-34636,12455.7,Eletrico,Tarde,Sul,76.3,1.23,117.5,102,2,-1.04,320415,FW-523F3,0
EQP-34637,14265.3, DIESEL ,Noite,Norte,71.7,2.43,100.2,140,1,13.08,559343,FW-727DB,1
EQP-34638,9204.2,Eletrico,Tarde,Leste,80.9,1.25,109.4,112,1,-14.2,730282,FW-AE106,0
EQP-34639,2531.3, DIESEL ,Manha,Leste,85.6,1.15,87.2,2,1,-7.64,638901,FW-5D8CE,1
EQP-34640,5890.1,Eletrico,Noite,Oeste,96.0,6.29,134.7,73,2,14.27,501811,FW-C8823,1
EQP-34641,2984.1,Eletrico,Manha,Sul,69.3,2.92,75.4,249,0,21.74,756443,FW-86E7C,1
EQP-34642,8703.9,Eletrico,Tarde,Sul,85.6,0.85,102.5,315,0,6.33,925664,FW-2E14A,1
EQP-34643,5107.4,Diesel,Tarde,Norte,78.0,3.8,110.8,26,1,-22.83,309576,FW-2F3E3,1
EQP-34644,1560.2,Eletrico,Manha,Sul,75.5,9.6,110.5,68,0,64.05,183668,FW-91C60,0
EQP-34645,7234.8,Diesel,Noite,Sul,94.9,1.56,94.9,315,3,72.66,187093,FW-3BF8A,1
EQP-34646,10266.6,Diesel,Manha,Oeste,94.8,1.73,75.1,33,1,35.76,408410,FW-4D969,1
EQP-34647,7530.2,Hibrido,Noite,Sul,91.4,3.96,97.9,51,3,-56.15,827475,FW-8C44F,1
EQP-34648,5718.3,Diesel,Manha,Leste,64.9,8.08,107.5,20,0,35.09,864985,FW-818E0,1
EQP-34649,5742.8,Gas_Natural,Manha,Norte,91.1,1.1,94.9,83,2,-48.32,290825,FW-9CFBC,1
EQP-34650,10849.4,Eletrico,Manha,Sul,58.7,4.49,73.6,112,0,-68.13,807211,FW-3E563,1
EQP-34651,8336.5,Eletrico,Noite,Sul,53.0,1.67,93.9,256,0,12.4,610571,FW-EC6AB,1
EQP-34652,1498.3,Diesel,Manha,Norte,82.8,2.16,123.7,165,0,-25.52,711369,FW-8F03A,1
EQP-34653,,Diesel,Manha,Leste,89.6,1.85,98.3,176,3,-32.49,475145,FW-1C52F,1
EQP-34654,8354.3,Diesel,Tarde,Norte,58.7,4.81,85.2,292,0,-64.46,774324,FW-BE68D,1
EQP-34655,6969.2,Diesel,Noite,Leste,90.4,9.34,103.4,142,0,16.15,769180,FW-D6F03,1
EQP-34656,5345.7, DIESEL ,Noite,Oeste,84.1,,107.0,299,1,24.47,859962,FW-5EF70,1
EQP-34657,7650.8,Diesel,Manha,Leste,47.6,6.74,104.8,271,0,84.37,558318,FW-731E4,1
EQP-34658,12198.8,Diesel,Manha,Sul,39.6,3.51,86.0,349,0,-42.87,877108,FW-F3D91,0
EQP-34659,14739.0,Diesel,Manha,Norte,74.9,1.63,106.0,113,1,23.51,357865,FW-2ACB6,1
EQP-34660,122.5,Gas_Natural,Tarde,Norte,56.5,12.11,90.8,235,2,11.07,891462,FW-811FE,1
EQP-34661,205.1,Hibrido,Noite,Leste,89.6,1.4,97.9,274,1,48.92,782156,FW-42537,1
EQP-34662,14178.7,Eletrico,Manha,Leste,86.2,1.91,96.7,105,2,32.68,408000,FW-E1977,1
EQP-34663,7351.2, DIESEL ,Manha,Oeste,72.8,2.83,112.0,311,1,-20.11,144250,FW-C596B,1
EQP-34664,13739.7,Hibrido,Tarde,Norte,95.6,6.06,86.7,174,2,-16.5,222061,FW-590F6,1
EQP-34665,11776.1,diesel,Noite,Oeste,65.2,2.27,101.1,241,1,-24.46,978889,FW-C0ADF,1
EQP-34666,890.9,Eletrico,Manha,Sul,60.4,3.42,86.9,99,0,4.22,590547,FW-C0B49,0
EQP-34667,7750.3,Eletrico,Manha,Leste,92.8,0.5,51.8,103,0,5.72,508536,FW-83A14,1
EQP-34668,13769.7,Diesel,Manha,Norte,77.7,2.36,84.3,47,0,28.46,931050,FW-BC8DC,1
EQP-34669,10551.8,Diesel,Tarde,Norte,69.7,1.96,113.8,170,0,-8.66,451333,FW-F25BF,1
EQP-34670,708.3,Diesel,Tarde,Norte,102.3,2.25,86.5,283,2,42.87,930093,FW-906C3,1
EQP-34671,13968.1,Diesel,Manha,Norte,47.7,11.99,106.0,207,1,-21.96,741395,FW-2D773,1
EQP-34672,14156.5,Diesel,Tarde,Sul,95.7,1.54,106.4,177,0,-14.37,956805,FW-94953,1
EQP-34673,, DIESEL ,Manha,Norte,99.1,6.6,104.4,158,0,-6.1,221026,FW-8B05E,1
EQP-34674,11925.2,Eletrico,Noite,Oeste,60.3,0.79,95.4,226,1,-4.74,599277,FW-382C4,0
EQP-34675,6070.9,Diesel,Manha,Leste,70.5,4.97,95.4,208,2,-32.19,675581,FW-85C57,1
EQP-34676,7238.4,Diesel,Tarde,Norte,61.0,8.0,109.4,26,1,-23.56,848340,FW-C5A0D,0
EQP-34677,6831.4,diesel,Manha,Oeste,55.7,5.42,102.9,222,1,-45.88,204360,FW-A22D5,1
EQP-34678,,Diesel,Tarde,Sul,62.4,5.6,113.6,258,1,-12.94,773906,FW-BAFA9,1
EQP-34679,4183.9,Eletrico,Tarde,Sul,91.1,8.08,88.0,277,3,-20.27,259733,FW-39B9C,1
EQP-34680,3330.5,Eletrico,Noite,Sul,66.9,3.04,116.3,5,0,-5.85,912755,FW-E2E0B,0
EQP-34681,14206.6, DIESEL ,Tarde,Sul,85.3,4.18,113.5,262,0,-37.46,845816,FW-BC2AE,1
EQP-34682,,Eletrico,Tarde,Sul,83.5,4.86,108.7,24,1,-36.28,515784,FW-A597B,0
EQP-34683,3782.2,Eletrico,Noite,Sul,78.9,2.89,109.6,314,0,32.8,562188,FW-2315C,1
EQP-34684,4720.5, DIESEL ,Tarde,Leste,84.4,0.58,126.2,28,1,-49.76,190362,FW-1F19E,0
EQP-34685,4254.7,Diesel,Manha,Norte,69.2,4.77,80.3,145,1,-9.59,212247,FW-BB282,0
EQP-34686,11196.1,Hibrido,Noite,Leste,83.6,1.28,82.4,77,1,-26.94,948294,FW-1D1DD,1
EQP-34687,6684.6,Diesel,Noite,Oeste,81.0,0.72,94.2,115,1,-63.13,664976,FW-AC77D,1
EQP-34688,7659.2,Hibrido,Manha,Sul,52.0,,100.4,71,1,-61.93,590419,FW-93945,1
EQP-34689,6600.9,diesel,Manha,Sul,63.3,9.05,106.3,213,0,-13.02,208368,FW-DAC73,1
EQP-34690,5963.9,Eletrico,Tarde,Sul,78.8,7.99,120.2,5,2,-34.32,818721,FW-24DCB,1
EQP-34691,14297.2,Hibrido,Tarde,Leste,67.8,12.72,101.6,166,0,-29.91,657024,FW-B90FC,1
EQP-34692,6391.5,diesel,Tarde,Norte,103.4,8.83,96.4,238,0,9.02,745153,FW-2ECF8,1
EQP-34693,,Eletrico,Noite,Leste,72.2,13.93,116.5,219,1,4.49,339364,FW-7F598,1
EQP-34694,7923.1, DIESEL ,Noite,Sul,39.7,2.21,80.5,349,2,-4.96,604995,FW-2C806,0
EQP-34695,9598.8,Gas_Natural,Manha,Norte,75.2,7.93,96.1,91,0,-5.74,264752,FW-B4819,1
EQP-34696,, DIESEL ,Tarde,Oeste,98.9,2.56,105.7,134,1,-76.14,401845,FW-36F60,0
EQP-34697,6404.0, DIESEL ,Tarde,Sul,68.5,5.19,77.6,28,0,-34.75,823635,FW-694AA,0
EQP-34698,5974.5,diesel,Tarde,Sul,62.9,3.1,95.0,306,0,19.32,533631,FW-58340,0
EQP-34699,9066.9,Diesel,Tarde,Sul,78.2,10.01,90.9,131,0,-13.8,372510,FW-6BFD6,1
EQP-34700,3939.7,Eletrico,Manha,Sul,59.2,2.84,113.1,223,1,17.54,706167,FW-8D585,1
EQP-34701,1349.8, DIESEL ,Manha,Norte,77.4,5.95,90.2,212,2,52.4,414592,FW-87E6B,1
EQP-34702,14454.1,diesel,Tarde,Oeste,96.4,0.9,112.2,148,0,1.02,730752,FW-970C2,1
EQP-34703,9420.1,Diesel,Manha,Leste,91.5,2.56,99.7,117,0,6.03,239671,FW-DD1D6,1
EQP-34704,11688.5,Eletrico,Noite,Leste,78.4,2.62,69.0,252,2,25.92,443808,FW-5CE0E,1
EQP-34705,1844.0,Diesel,Tarde,Sul,73.5,3.67,97.4,24,1,-67.58,263281,FW-575A3,1
EQP-34706,7461.7,Gas_Natural,Tarde,Sul,63.1,15.92,97.3,252,0,50.97,407420,FW-3CBEF,1
EQP-34707,11206.4,Hibrido,Noite,Oeste,54.0,5.55,84.9,295,0,-20.1,609587,FW-A64CD,1
EQP-34708,14200.3,Diesel,Manha,Sul,71.8,4.6,106.8,109,1,4.85,415271,FW-BD107,1
EQP-34709,14141.4,diesel,Tarde,Norte,86.1,11.39,89.8,299,1,-40.6,292516,FW-27022,1
EQP-34710,3238.0,Diesel,Noite,Leste,58.4,4.18,105.1,60,1,43.99,316639,FW-B0C9D,1
EQP-34711,1434.9,Hibrido,Tarde,Norte,61.7,3.36,110.3,247,0,15.38,695941,FW-788AA,0
EQP-34712,12831.2, DIESEL ,Noite,Leste,68.2,7.76,121.1,282,2,13.8,816603,FW-99398,1
EQP-34713,13448.5,Gas_Natural,Noite,Norte,51.2,5.98,104.7,234,1,-10.44,758425,FW-917B0,1
EQP-34714,11988.2,Diesel,Noite,Leste,39.6,3.17,108.2,243,1,-4.44,574547,FW-1CBF6,0
EQP-34715,4691.0,Eletrico,Tarde,Norte,59.7,1.0,89.0,77,2,-22.91,130768,FW-8B3CB,1
EQP-34716,,Eletrico,Tarde,Sul,49.1,2.51,100.2,285,1,-9.59,805510,FW-B9CFE,1
EQP-34717,7458.8, DIESEL ,Noite,Sul,63.1,5.28,100.8,268,1,-6.62,373922,FW-3B93D,1
EQP-34718,12239.5,Eletrico,Tarde,Leste,72.4,8.35,115.2,141,1,12.19,915780,FW-8A4E1,0
EQP-34719,13663.6,Diesel,Manha,Norte,58.0,2.67,117.4,273,2,-32.7,237290,FW-E3D43,1
EQP-34720,320.7,Diesel,Noite,Sul,45.0,2.74,110.7,41,2,-20.38,317062,FW-619E5,0
EQP-34721,1886.5,Eletrico,Noite,Sul,85.7,5.42,107.2,268,0,34.03,272802,FW-9BED3,1
EQP-34722,10689.9,Hibrido,Manha,Sul,70.7,3.95,93.7,106,2,-6.91,724278,FW-94259,1
EQP-34723,447.9,Diesel,Noite,Norte,100.3,13.35,93.0,297,1,-44.4,192637,FW-F2CC7,1
EQP-34724,9820.0,Gas_Natural,Noite,Norte,35.9,13.9,99.7,351,0,18.42,589005,FW-64CEA,1
EQP-34725,14179.9, DIESEL ,Tarde,Oeste,43.4,7.34,103.9,212,0,21.47,299832,FW-44399,1
EQP-34726,558.6,diesel,Tarde,Norte,68.8,3.97,129.7,3,0,30.57,109045,FW-D1096,0
EQP-34727,1147.6,Diesel,Tarde,Norte,90.5,12.47,96.4,5,0,20.45,309639,FW-61122,1
EQP-34728,14538.6,Diesel,Noite,Sul,71.2,27.62,101.3,118,2,46.77,926570,FW-54FDE,1
EQP-34729,12348.2,Diesel,Manha,Norte,89.4,1.57,90.5,154,0,-73.83,425352,FW-49059,1
EQP-34730,6310.5,Hibrido,Manha,Norte,49.8,5.72,85.7,72,0,-65.35,479872,FW-C4F27,1
EQP-34731,4364.3, DIESEL ,Tarde,Oeste,49.1,,100.1,341,0,-8.95,228533,FW-582B4,1
EQP-34732,9177.3, DIESEL ,Tarde,Norte,72.1,,98.1,362,0,19.06,486637,FW-9B390,1
EQP-34733,9824.4,Diesel,Tarde,Sul,71.4,5.09,125.6,177,0,7.06,240203,FW-C4D03,1
EQP-34734,4115.9,Eletrico,Tarde,Sul,36.6,8.04,105.4,249,1,24.04,573772,FW-C1FD2,0
EQP-34735,712.6,diesel,Manha,Sul,95.2,2.02,111.2,112,0,-6.94,657972,FW-F220A,1
EQP-34736,12637.2,Diesel,Tarde,Sul,54.0,3.19,111.7,302,2,-24.86,574417,FW-67166,1
EQP-34737,10588.9,Eletrico,Tarde,Sul,54.0,2.58,76.9,251,0,22.08,364696,FW-2CEE4,1
EQP-34738,9419.3,Diesel,Noite,Leste,51.0,12.88,77.4,348,1,19.89,260817,FW-ABD01,1
EQP-34739,13837.9,Diesel,Noite,Norte,94.2,1.7,101.9,305,0,30.85,768588,FW-56FCC,1
EQP-34740,6446.1,Diesel,Noite,Norte,101.5,2.41,103.1,43,0,6.06,538222,FW-2F2EC,1
EQP-34741,13961.7,Eletrico,Manha,Leste,92.6,1.47,77.6,3,0,-30.42,120752,FW-AF36D,1
EQP-34742,9129.3,Diesel,Tarde,Sul,82.7,7.6,93.2,22,1,51.67,552928,FW-67C09,1
EQP-34743,-100.0,Gas_Natural,Manha,Sul,87.4,4.82,116.8,53,0,-18.11,398873,FW-49E66,1
EQP-34744,9753.2,Hibrido,Tarde,Norte,89.4,0.58,99.0,235,0,-80.4,692395,FW-A92F9,1
EQP-34745,6159.9,Diesel,Tarde,Oeste,65.3,4.02,131.7,1,1,4.68,956659,FW-82DFD,1
EQP-34746,4937.5,Eletrico,Manha,Leste,81.6,3.92,78.8,335,1,-53.91,291669,FW-EB94E,1
EQP-34747,8986.3,Eletrico,Noite,Sul,95.7,5.77,88.8,109,1,-67.3,939048,FW-50AB4,1
EQP-34748,13735.4,Diesel,Manha,Leste,67.4,2.54,61.4,70,0,10.36,741129,FW-AA88F,1
EQP-34749,,Eletrico,Manha,Oeste,53.3,2.12,84.9,351,0,-16.13,627373,FW-7A8B5,1
EQP-34750,14385.4,Diesel,Noite,Leste,88.2,1.61,67.8,142,2,-27.46,173696,FW-3A79B,1
EQP-34751,2357.0, DIESEL ,Noite,Sul,89.2,6.5,100.0,252,1,31.49,474243,FW-9114D,1
EQP-34752,8128.6, DIESEL ,Noite,Norte,71.9,4.23,82.7,177,0,29.04,276861,FW-6EA95,1
EQP-34753,11387.3, DIESEL ,Tarde,Oeste,113.7,2.43,90.5,11,0,-5.09,697835,FW-E1830,1
EQP-34754,8961.0, DIESEL ,Manha,Oeste,72.6,4.89,111.1,153,0,-59.99,689550,FW-B145C,1
EQP-34755,13058.8,Eletrico,Manha,Norte,40.4,5.01,65.6,142,0,38.31,551263,FW-6F73C,0
EQP-34756,7101.9,Gas_Natural,Manha,Oeste,75.6,4.28,120.2,358,1,28.7,254262,FW-38A3B,1
EQP-34757,10724.3,Diesel,Manha,Oeste,86.8,2.74,77.5,231,0,-3.56,805680,FW-DEB80,0
EQP-34758,14012.4,Hibrido,Tarde,Sul,107.2,4.09,132.1,237,2,3.35,798548,FW-75743,1
EQP-34759,9336.6,Eletrico,Manha,Leste,93.4,2.48,103.9,112,0,-13.6,123548,FW-A1B9B,1
EQP-34760,6973.7,Eletrico,Noite,Leste,81.2,0.61,75.9,110,0,-8.24,708343,FW-5FE67,1
EQP-34761,3452.5,Diesel,Manha,Sul,90.5,4.41,123.0,74,1,28.35,487470,FW-E2154,1
EQP-34762,9762.0, DIESEL ,Tarde,Sul,105.4,7.57,115.3,240,1,-32.25,102797,FW-E04A0,1
EQP-34763,8830.6,Diesel,Manha,Sul,66.2,1.77,113.9,114,0,-84.8,850763,FW-C40E5,0
EQP-34764,11689.1,Eletrico,Noite,Leste,83.9,3.76,120.0,30,0,18.15,429404,FW-4CCD9,1
EQP-34765,11756.5,Gas_Natural,Noite,Sul,76.1,3.41,103.3,39,1,-54.36,576057,FW-C2F7D,1
EQP-34766,,Diesel,Tarde,Leste,90.3,8.67,81.7,338,1,-3.04,871975,FW-1CD12,1
EQP-34767,10687.3,Hibrido,Manha,Oeste,85.8,0.81,111.3,285,0,9.52,938190,FW-6EDED,1
EQP-34768,14566.8,Diesel,Noite,Leste,59.1,4.95,87.2,71,0,-30.67,936561,FW-ACDEF,1
EQP-34769,13074.2,Hibrido,Tarde,Leste,81.5,6.62,113.2,8,2,-5.95,995092,FW-5C725,1
EQP-34770,10459.7,diesel,Tarde,Norte,50.8,1.4,99.0,252,1,14.84,731522,FW-C9735,0
EQP-34771,1771.1, DIESEL ,Manha,Oeste,63.5,10.77,97.7,325,0,-17.24,425348,FW-3BF54,1
EQP-34772,11919.9,Hibrido,Manha,Oeste,31.0,7.08,93.1,209,1,19.83,354539,FW-18E93,1
EQP-34773,10018.2,Eletrico,Tarde,Norte,49.3,14.64,101.2,168,1,-78.64,557729,FW-D45E6,1
EQP-34774,5185.5,Diesel,Tarde,Oeste,57.2,1.11,99.8,59,1,-3.89,913816,FW-A4263,1
EQP-34775,10634.1,Eletrico,Tarde,Leste,57.2,4.16,93.3,223,1,93.48,927270,FW-1D27F,1
EQP-34776,7019.0,Gas_Natural,Manha,Leste,39.9,3.19,101.3,325,1,19.79,465341,FW-9C9B4,1
EQP-34777,6937.3,Diesel,Manha,Oeste,83.2,4.47,113.5,335,0,-40.1,788536,FW-A20A7,1
EQP-34778,7270.6,Gas_Natural,Noite,Oeste,65.8,7.54,105.6,241,1,7.13,709914,FW-B0E65,1
EQP-34779,4635.5,Eletrico,Manha,Norte,122.4,1.85,68.3,71,2,-48.59,651083,FW-4E9D2,1
EQP-34780,1418.3,Gas_Natural,Tarde,Oeste,59.4,2.77,101.9,342,1,-44.77,545452,FW-9FEEB,1
EQP-34781,2377.2,Diesel,Noite,Sul,47.4,2.33,95.4,15,0,17.06,869220,FW-C83F7,0
EQP-34782,5412.7, DIESEL ,Manha,Leste,48.6,1.02,103.0,27,1,-37.64,503963,FW-7D6BC,0
EQP-34783,,Eletrico,Tarde,Sul,107.5,7.45,104.9,144,0,6.56,280398,FW-EB4D2,0
EQP-34784,8013.6,Eletrico,Manha,Sul,55.1,,78.5,91,2,13.83,229816,FW-B3E8A,1
EQP-34785,8945.2, DIESEL ,Noite,Leste,87.8,0.77,60.7,127,0,-0.12,803912,FW-4C504,0
EQP-34786,13825.2,Hibrido,Tarde,Sul,87.3,8.18,106.0,78,1,-1.26,805309,FW-B3C6C,1
EQP-34787,6554.2,Diesel,Tarde,Leste,110.2,1.67,115.5,53,0,25.97,363130,FW-ED0A1,1
EQP-34788,644.3,Diesel,Manha,Leste,57.8,1.63,109.3,143,0,-17.92,799771,FW-EFB8B,0
EQP-34789,9241.3,Eletrico,Tarde,Oeste,72.1,3.32,92.3,343,3,23.9,121512,FW-67C7C,1
EQP-34790,2887.7,Diesel,Tarde,Norte,67.9,4.88,102.9,57,2,-13.6,586611,FW-C8B24,1
EQP-34791,6172.5,Eletrico,Manha,Oeste,69.9,1.58,80.5,284,3,-21.24,258678,FW-B8044,1
EQP-34792,2499.9,diesel,Noite,Norte,66.0,5.26,82.3,88,0,-33.96,293006,FW-BD400,1
EQP-34793,7910.1,Eletrico,Noite,Leste,51.4,1.78,107.5,246,2,2.52,214558,FW-45344,1
EQP-34794,6710.7,Diesel,Manha,Sul,37.2,1.67,88.6,359,0,10.22,819285,FW-92EA1,0
EQP-34795,7615.4,Eletrico,Manha,Sul,73.0,2.51,88.4,195,1,11.44,810468,FW-35D02,1
EQP-34796,1302.2,Diesel,Tarde,Leste,89.0,5.5,97.7,147,0,-13.96,146227,FW-55A84,0
EQP-34797,5367.1,Gas_Natural,Manha,Norte,75.8,,95.1,124,1,-11.45,497839,FW-DE7CF,1
EQP-34798,1342.0,Eletrico,Noite,Norte,95.8,0.52,94.7,153,0,-42.03,292436,FW-E097A,1
EQP-34799,,diesel,Manha,Norte,67.2,2.14,115.8,114,1,-16.17,186091,FW-E9541,1
EQP-34800,5071.5,Diesel,Noite,Norte,59.8,6.19,106.0,101,0,15.97,828700,FW-A3E4C,0
EQP-34801,8679.0,Diesel,Tarde,Leste,96.2,2.51,99.5,345,0,-3.01,870643,FW-B040C,1
EQP-34802,1901.4,diesel,Tarde,Sul,53.6,16.53,88.5,94,1,-16.53,128712,FW-D9E23,1
EQP-34803,12046.8,Diesel,Manha,Norte,79.0,4.18,109.5,80,1,-6.56,854326,FW-F1FE0,1
EQP-34804,8584.9,Eletrico,Tarde,Sul,45.1,9.32,89.7,37,0,-7.25,394543,FW-216D5,1
EQP-34805,6963.1,diesel,Manha,Norte,89.6,4.24,123.5,10,0,-78.73,200625,FW-D47FA,1
EQP-34806,14422.6,Hibrido,Tarde,Oeste,82.1,3.6,78.7,194,0,10.51,956358,FW-ED217,1
EQP-34807,1822.2, DIESEL ,Tarde,Leste,85.6,9.58,94.1,344,0,20.46,506110,FW-396DE,1
EQP-34808,518.8,Eletrico,Tarde,Norte,67.1,0.53,84.4,143,0,-28.85,427824,FW-83D0E,0
EQP-34809,2769.5,Diesel,Tarde,Norte,66.4,10.83,142.0,185,1,-17.52,179881,FW-7F86D,1
EQP-34810,11185.2, DIESEL ,Manha,Oeste,76.7,,64.0,21,1,96.32,972699,FW-8E16F,1
EQP-34811,1251.9,Diesel,Noite,Norte,88.5,2.06,108.4,99,1,-9.42,303077,FW-93C68,1
EQP-34812,14335.8, DIESEL ,Manha,Norte,68.3,16.17,97.7,290,0,35.86,580738,FW-6A5C9,1
EQP-34813,10402.6,Eletrico,Tarde,Sul,72.0,4.47,106.2,112,1,-3.43,458004,FW-E6D1C,1
EQP-34814,3524.4,Eletrico,Manha,Norte,61.1,2.6,100.0,238,0,-42.33,471163,FW-9AE50,1
EQP-34815,14538.2,Hibrido,Manha,Leste,69.4,3.36,104.8,102,1,9.48,100734,FW-9DCE9,1
EQP-34816,1202.8,Gas_Natural,Tarde,Sul,56.6,1.9,129.5,158,1,-30.41,365831,FW-85F47,0
EQP-34817,477.2, DIESEL ,Tarde,Sul,63.0,13.64,89.5,3,0,21.36,416322,FW-9E91C,1
EQP-34818,3222.2,diesel,Noite,Norte,51.2,7.98,108.1,12,0,72.74,251474,FW-EAEF1,0
EQP-34819,13854.5,Eletrico,Noite,Leste,72.9,0.67,101.8,87,1,67.47,418493,FW-3A39B,1
EQP-34820,7762.3,Diesel,Tarde,Leste,49.9,0.72,73.5,340,1,-42.98,116936,FW-1E0DC,0
EQP-34821,10994.1, DIESEL ,Tarde,Sul,58.4,1.04,110.3,44,0,8.78,293768,FW-B8615,0
EQP-34822,13853.4,diesel,Manha,Leste,64.8,2.21,118.4,229,0,17.44,148057,FW-E78EA,1
EQP-34823,12646.5,Gas_Natural,Tarde,Leste,75.2,,114.4,266,2,-15.96,248501,FW-23636,1
EQP-34824,11928.7,Diesel,Noite,Leste,92.6,1.21,90.4,85,2,32.17,933202,FW-7B036,1
EQP-34825,12786.2, DIESEL ,Manha,Norte,103.6,0.78,97.4,245,0,-24.01,745490,FW-9ADD4,1
EQP-34826,7119.5,Diesel,Manha,Norte,65.9,3.4,78.5,59,0,2.87,446471,FW-2980D,0
EQP-34827,12965.4, DIESEL ,Manha,Leste,61.0,2.7,84.1,270,2,-31.48,349861,FW-E428F,1
EQP-34828,11023.2,Eletrico,Manha,Leste,114.3,0.6,102.9,224,2,-42.0,514236,FW-66A4D,1
EQP-34829,10889.4,Hibrido,Tarde,Norte,52.3,15.26,104.8,293,2,-14.82,720098,FW-ACCF7,1
EQP-34830,1620.3,Eletrico,Manha,Sul,96.1,2.8,101.4,180,1,-40.38,889074,FW-60B9D,1
EQP-34831,13919.6, DIESEL ,Manha,Leste,66.9,6.54,75.9,197,0,1.74,985950,FW-DA9F5,1
EQP-34832,11585.6,Diesel,Tarde,Norte,82.9,0.91,94.5,35,1,-25.81,328527,FW-A7CF2,1
EQP-34833,761.4,diesel,Tarde,Leste,83.8,8.01,72.6,182,0,11.39,872678,FW-98487,1
EQP-34834,6117.5,Diesel,Tarde,Leste,75.0,5.31,116.5,71,1,8.27,637762,FW-38CFE,0
EQP-34835,4439.5,Eletrico,Noite,Norte,62.0,4.12,114.1,216,0,45.26,555788,FW-4D3F3,1
EQP-34836,9187.7,Diesel,Manha,Norte,74.6,0.55,119.9,96,1,-26.91,154901,FW-D5EB3,0
EQP-34837,7460.6, DIESEL ,Noite,Sul,87.9,4.45,88.2,54,0,-55.92,205344,FW-1E463,1
EQP-34838,3693.4,Diesel,Tarde,Oeste,113.3,5.24,119.9,96,1,31.21,499650,FW-4C34A,1
EQP-34839,2144.5, DIESEL ,Manha,Leste,44.0,2.71,52.7,164,1,-10.0,253502,FW-E48D4,0
EQP-34840,14177.5, DIESEL ,Noite,Sul,103.1,2.82,83.9,289,3,-11.36,366871,FW-B7A2A,1
EQP-34841,,Gas_Natural,Manha,Sul,84.3,2.26,88.5,218,3,13.38,343378,FW-B8444,1
EQP-34842,5765.2,Diesel,Tarde,Norte,101.4,2.27,96.9,338,1,-14.63,188028,FW-D4179,1
EQP-34843,8340.0,Gas_Natural,Noite,Oeste,87.2,0.97,120.7,130,2,-26.98,938019,FW-29B16,1
EQP-34844,7074.4,Diesel,Tarde,Norte,72.0,4.77,111.3,63,1,44.22,488883,FW-2E8AC,1
EQP-34845,10420.7,Diesel,Noite,Leste,35.7,0.69,88.5,333,1,9.03,440594,FW-D35AD,0
EQP-34846,14435.9,Eletrico,Tarde,Leste,93.5,12.39,79.9,227,0,2.2,535647,FW-EE90A,1
EQP-34847,1164.1,Diesel,Tarde,Norte,90.1,3.24,121.8,67,2,73.07,123986,FW-CACF4,1
EQP-34848,11434.2,Diesel,Tarde,Leste,73.1,6.98,94.6,99,3,6.33,604644,FW-D516E,1
EQP-34849,6408.0,Eletrico,Tarde,Sul,87.7,2.37,107.6,309,0,6.55,411322,FW-40C10,1
EQP-34850,2829.9,Diesel,Noite,Sul,84.5,1.67,101.6,87,0,28.45,201759,FW-A326F,0
EQP-34851,4818.3,Eletrico,Noite,Leste,73.7,2.27,92.8,316,0,-23.15,261953,FW-BB046,1
EQP-34852,8417.7,Eletrico,Noite,Sul,65.3,0.71,101.0,42,0,-67.18,830981,FW-E9723,0
EQP-34853,11264.3,Diesel,Manha,Norte,89.7,3.66,70.8,45,2,38.17,149481,FW-6899D,1
EQP-34854,6903.0,diesel,Manha,Norte,54.3,2.3,114.3,184,0,26.05,405807,FW-1DBAC,0
EQP-34855,5284.6,Diesel,Tarde,Oeste,77.9,2.44,123.5,185,0,37.77,524741,FW-90119,1
EQP-34856,8083.0,diesel,Tarde,Sul,65.3,3.48,98.3,45,1,23.87,622860,FW-8BB79,0
EQP-34857,2947.9,Diesel,Noite,Sul,68.2,5.37,106.7,209,0,50.91,800589,FW-F2B6B,1
EQP-34858,1590.8, DIESEL ,Tarde,Norte,100.8,4.64,120.8,267,0,27.62,135433,FW-C3D6F,1
EQP-34859,6259.0, DIESEL ,Manha,Norte,62.5,2.06,86.4,123,0,11.89,566500,FW-DF89A,0
EQP-34860,9603.2,diesel,Noite,Norte,37.1,1.92,137.1,12,1,-9.53,268881,FW-799A4,0
EQP-34861,1880.3,Gas_Natural,Noite,Norte,64.5,23.17,112.6,155,2,-30.08,340958,FW-79318,1
EQP-34862,6916.4,Eletrico,Manha,Oeste,105.8,0.91,95.1,73,1,-10.15,985329,FW-325A5,1
EQP-34863,3830.1,Hibrido,Tarde,Oeste,57.5,2.88,134.7,208,1,73.67,414094,FW-70608,0
EQP-34864,13115.7, DIESEL ,Tarde,Leste,72.2,10.31,115.9,167,0,61.17,239162,FW-8E109,1
EQP-34865,9808.6,Gas_Natural,Manha,Sul,89.0,2.83,98.4,196,1,-19.76,326174,FW-E6B02,1
EQP-34866,7670.9,Diesel,Noite,Sul,69.7,5.7,113.5,125,2,-17.77,632968,FW-4A83B,1
EQP-34867,5091.5,Hibrido,Manha,Leste,87.4,3.75,115.9,7,0,-3.46,207006,FW-6FD45,0
EQP-34868,6761.3, DIESEL ,Noite,Oeste,57.5,0.61,85.9,168,1,-55.53,639619,FW-4F5F0,1
EQP-34869,10289.8,Diesel,Manha,Oeste,105.0,7.77,114.2,6,1,-5.02,642795,FW-3FCCB,1
EQP-34870,-100.0,Hibrido,Noite,Leste,86.2,3.04,99.8,79,0,37.28,477459,FW-70569,1
EQP-34871,11122.4,Diesel,Manha,Norte,96.1,2.7,90.6,178,1,9.92,544923,FW-E7C3B,1
EQP-34872,13651.3,Eletrico,Tarde,Norte,105.0,2.73,100.3,11,1,1.03,891337,FW-1C36C,1
EQP-34873,7699.2,Diesel,Manha,Norte,44.2,2.42,100.8,126,1,-9.05,941180,FW-8094C,1
EQP-34874,11281.8,Hibrido,Manha,Oeste,66.8,3.32,98.0,241,1,23.86,156466,FW-C379E,1
EQP-34875,3563.6,Hibrido,Tarde,Oeste,69.4,6.67,79.3,85,0,13.5,927330,FW-D4163,0
EQP-34876,12932.3,Hibrido,Noite,Sul,76.7,10.11,84.6,140,0,-27.49,310662,FW-4167C,1
EQP-34877,10293.2,Eletrico,Manha,Sul,80.8,2.0,126.6,338,2,31.82,449664,FW-21E17,1
EQP-34878,5826.0,diesel,Tarde,Sul,86.3,0.83,89.0,144,1,-11.36,457514,FW-27E93,1
EQP-34879,3309.4, DIESEL ,Manha,Leste,89.8,0.74,108.4,340,1,-2.66,918224,FW-7A504,1
EQP-34880,10085.7, DIESEL ,Noite,Leste,85.8,5.51,115.6,235,1,33.9,918669,FW-AE249,1
EQP-34881,2586.3,Eletrico,Tarde,Leste,96.2,1.74,96.0,196,1,-43.42,505661,FW-61980,1
EQP-34882,2736.5,diesel,Tarde,Leste,45.7,,98.6,287,0,-24.32,151188,FW-A13C0,1
EQP-34883,11435.4,Eletrico,Manha,Norte,73.0,5.07,107.7,250,0,-47.19,285727,FW-96558,1
EQP-34884,13571.5,Diesel,Tarde,Oeste,78.0,2.77,90.5,171,1,-29.6,877749,FW-3B8DD,1
EQP-34885,3764.8,Diesel,Manha,Leste,89.1,8.27,92.0,19,0,26.18,199278,FW-E2CD2,1
EQP-34886,9806.6,Gas_Natural,Manha,Sul,104.5,1.16,74.7,231,1,-63.79,552481,FW-A3147,1
EQP-34887,3703.4, DIESEL ,Manha,Sul,76.5,3.03,126.5,60,0,5.7,235519,FW-ABACB,0
EQP-34888,11689.0,Eletrico,Noite,Leste,65.0,0.61,127.2,54,1,-30.06,344761,FW-78D2D,0
EQP-34889,3503.7,Eletrico,Noite,Sul,86.4,3.96,108.7,174,3,4.82,313232,FW-816A7,0
EQP-34890,9184.3, DIESEL ,Manha,Oeste,87.4,3.6,99.7,157,2,22.61,665964,FW-E02B8,1
EQP-34891,12100.5,Hibrido,Tarde,Norte,101.3,,100.2,323,1,6.13,804923,FW-2B272,1
EQP-34892,14492.5,Eletrico,Noite,Leste,59.7,2.37,83.2,31,1,-50.86,778217,FW-A5779,1
EQP-34893,11134.9,Gas_Natural,Tarde,Leste,91.3,3.81,105.0,210,2,60.31,558170,FW-B0BEB,1
EQP-34894,10017.4,Diesel,Tarde,Oeste,86.4,5.3,96.8,18,1,-36.19,506635,FW-45ED8,1
EQP-34895,6030.4,Eletrico,Noite,Norte,80.4,0.62,136.0,246,0,-16.77,356968,FW-EB9CF,1
EQP-34896,7141.3,Eletrico,Tarde,Norte,49.1,9.09,100.5,158,1,-0.2,203631,FW-A3B64,0
EQP-34897,, DIESEL ,Tarde,Sul,71.7,0.64,102.1,212,2,0.93,343363,FW-86B82,1
EQP-34898,11655.7,Eletrico,Manha,Sul,70.2,19.62,107.7,45,0,42.47,414021,FW-92A34,1
EQP-34899,8603.6,Eletrico,Tarde,Sul,97.5,0.53,120.7,25,1,46.56,702452,FW-A8873,1
EQP-34900,2291.6,Diesel,Noite,Leste,82.5,10.18,94.0,312,1,52.9,958349,FW-D3D92,1
EQP-34901,4737.2,Diesel,Manha,Norte,77.4,3.95,77.6,215,0,23.23,995282,FW-24CDA,1
EQP-34902,12728.5,Eletrico,Manha,Leste,68.5,10.57,104.8,69,2,20.0,990249,FW-2B32F,1
EQP-34903,3461.3,Hibrido,Noite,Leste,90.0,3.61,95.4,324,2,20.11,301339,FW-7FB81,1
EQP-34904,6067.1,Gas_Natural,Tarde,Leste,41.8,4.58,109.5,308,1,-56.08,376689,FW-53403,1
EQP-34905,3362.5,Gas_Natural,Manha,Oeste,76.2,8.0,123.9,228,0,19.69,874995,FW-53042,1
EQP-34906,14758.5,Diesel,Tarde,Norte,55.1,1.54,118.1,318,1,-44.89,867564,FW-EB360,1
EQP-34907,,Eletrico,Manha,Leste,96.1,4.68,97.6,353,2,-43.64,944686,FW-7D892,1
EQP-34908,8556.2, DIESEL ,Manha,Sul,94.1,3.76,111.1,7,1,2.77,625367,FW-87133,1
EQP-34909,6696.7,Diesel,Noite,Oeste,68.2,10.57,86.8,302,0,38.08,845666,FW-D20E9,1
EQP-34910,1384.8,Diesel,Tarde,Leste,101.7,0.54,97.2,290,1,2.16,912543,FW-CB046,1
EQP-34911,5735.0,Diesel,Manha,Leste,80.6,7.72,99.9,86,0,0.85,374863,FW-8EB8D,1
EQP-34912,4024.7,diesel,Manha,Sul,82.2,0.63,102.7,175,1,-48.45,160205,FW-706F0,0
EQP-34913,3972.0,Hibrido,Manha,Sul,85.5,3.48,99.8,306,1,-75.57,912872,FW-3184A,1
EQP-34914,10423.8,Eletrico,Noite,Norte,47.9,16.48,92.3,221,0,-29.56,120513,FW-5E7F9,1
EQP-34915,,Diesel,Noite,Leste,75.0,4.0,127.6,325,1,20.82,779672,FW-85066,1
EQP-34916,8279.9,Hibrido,Manha,Norte,89.3,3.19,111.4,52,1,10.62,554199,FW-85AF1,1
EQP-34917,824.3,Eletrico,Noite,Oeste,83.7,3.72,96.9,360,3,68.64,854298,FW-8C03B,1
EQP-34918,10450.3,Gas_Natural,Tarde,Oeste,74.3,6.35,105.7,188,2,-35.73,273111,FW-E2C92,1
EQP-34919,4908.5,Diesel,Tarde,Oeste,68.0,3.93,110.5,204,0,94.5,169184,FW-8AC4D,0
EQP-34920,14001.7, DIESEL ,Tarde,Sul,68.5,0.5,111.8,135,0,65.3,205260,FW-A889F,1
EQP-34921,10880.8,Eletrico,Manha,Oeste,46.3,4.55,89.2,174,1,1.51,720007,FW-5F5B4,0
EQP-34922,6056.6,Diesel,Manha,Oeste,65.3,5.26,92.6,265,1,-67.16,398079,FW-ACF86,1
EQP-34923,3059.3,Eletrico,Manha,Leste,69.7,5.19,123.0,90,1,20.93,781858,FW-C98CE,0
EQP-34924,4474.5, DIESEL ,Manha,Oeste,44.5,3.71,101.1,306,0,10.62,115578,FW-A2C76,1
EQP-34925,5152.8, DIESEL ,Manha,Leste,94.8,4.42,105.7,270,0,77.19,251699,FW-4C5FB,1
EQP-34926,12215.7, DIESEL ,Noite,Leste,90.6,8.21,112.6,79,3,-40.51,347904,FW-6C760,1
EQP-34927,7711.5,Gas_Natural,Noite,Sul,30.5,4.0,110.1,63,0,3.17,405873,FW-6B2B7,0
EQP-34928,8530.9,Diesel,Tarde,Oeste,74.5,11.86,110.5,286,1,-56.67,376880,FW-71077,1
EQP-34929,3579.8,Gas_Natural,Manha,Sul,76.5,4.6,118.8,249,1,-42.32,488559,FW-41AD5,0
EQP-34930,6429.2,Eletrico,Manha,Sul,63.2,5.3,101.9,225,2,-6.69,745202,FW-9E314,1
EQP-34931,5300.4,diesel,Noite,Sul,78.5,0.61,93.1,253,1,7.3,702665,FW-30EBD,1
EQP-34932,10866.2,Diesel,Noite,Oeste,89.5,5.92,108.0,44,0,-60.43,981738,FW-CC488,1
EQP-34933,3919.9,Eletrico,Tarde,Leste,62.0,1.19,104.4,281,0,-18.86,462848,FW-8B6CE,1
EQP-34934,3859.6,diesel,Tarde,Leste,81.3,14.05,90.5,358,1,-0.96,480920,FW-2D57A,1
EQP-34935,13832.2,Diesel,Tarde,Sul,38.4,2.54,96.6,161,1,10.32,999318,FW-C8854,0
EQP-34936,9939.3,Diesel,Tarde,Leste,90.6,1.83,112.7,155,0,-46.4,276180,FW-B6F46,1
EQP-34937,8376.3,Diesel,Manha,Leste,85.1,21.41,113.9,103,0,15.76,216176,FW-79709,1
EQP-34938,3127.6,Diesel,Noite,Norte,59.8,13.06,130.8,270,2,36.98,629710,FW-C6B37,1
EQP-34939,3178.5,Hibrido,Tarde,Norte,82.3,3.12,97.2,268,0,63.64,808449,FW-6E521,1
EQP-34940,13218.3,Diesel,Manha,Oeste,66.7,10.22,115.4,317,1,55.95,944636,FW-24F81,1
EQP-34941,4240.8,Eletrico,Manha,Leste,62.8,1.87,96.9,183,1,13.75,585548,FW-21ACD,1
EQP-34942,,Eletrico,Tarde,Leste,60.5,0.53,93.7,159,0,1.76,776654,FW-594CF,0
EQP-34943,188.8,Eletrico,Noite,Oeste,45.3,6.02,104.7,102,0,33.05,867066,FW-DBB78,0
EQP-34944,7517.5, DIESEL ,Manha,Norte,62.7,,107.0,13,0,37.95,940266,FW-4CA2C,1
EQP-34945,2593.6,Diesel,Tarde,Sul,89.9,,114.0,66,1,-9.16,633698,FW-ED1C9,1
EQP-34946,13529.6,Hibrido,Noite,Norte,68.7,3.52,116.0,53,1,-17.25,577518,FW-BFECF,1
EQP-34947,3026.4,Eletrico,Tarde,Sul,49.8,5.18,99.7,82,0,33.01,898418,FW-2B3A4,0
EQP-34948,12177.9, DIESEL ,Manha,Oeste,40.4,4.34,71.5,132,0,8.9,798927,FW-7C658,1
EQP-34949,10674.0,Diesel,Manha,Oeste,102.7,6.06,91.6,265,0,54.2,227832,FW-BAC55,1
EQP-34950,9509.3,diesel,Manha,Oeste,53.8,9.98,90.4,305,1,20.65,871929,FW-61824,1
EQP-34951,12046.3,Diesel,Manha,Norte,84.1,6.71,65.2,196,0,-14.24,730653,FW-79867,1
EQP-34952,10141.4,diesel,Tarde,Norte,88.3,2.72,88.4,206,0,-18.93,712672,FW-A7351,1
EQP-34953,12687.1,Diesel,Tarde,Sul,100.2,5.23,106.7,51,1,10.91,246793,FW-4D4F1,1
EQP-34954,3312.4,Diesel,Manha,Leste,83.3,,78.2,146,2,-14.57,829812,FW-2D1D2,1
EQP-34955,,Gas_Natural,Manha,Oeste,90.3,10.73,125.5,327,1,-62.38,423614,FW-99CDA,1
EQP-34956,10913.0, DIESEL ,Noite,Sul,95.0,1.72,102.3,166,0,-25.24,118398,FW-BA818,0
EQP-34957,8498.0,Eletrico,Manha,Leste,33.4,0.97,92.0,226,3,-29.24,286631,FW-22A40,1
EQP-34958,13542.4, DIESEL ,Noite,Sul,94.8,8.04,126.7,38,0,10.86,402458,FW-80771,1
EQP-34959,10385.7,Eletrico,Manha,Norte,56.0,3.49,117.8,36,0,-17.89,987124,FW-C576A,1
EQP-34960,11829.5,Diesel,Manha,Oeste,55.1,6.22,90.6,75,2,16.22,654913,FW-80336,1
EQP-34961,7966.3,Eletrico,Tarde,Leste,64.1,5.32,123.4,305,1,-7.67,238644,FW-B63BE,1
EQP-34962,9760.2,Eletrico,Manha,Norte,68.4,2.92,132.2,267,0,7.19,836022,FW-41CFF,1
EQP-34963,6777.6,Eletrico,Noite,Sul,81.2,3.38,122.3,244,0,-7.6,547625,FW-24814,1
EQP-34964,2572.3,Eletrico,Manha,Norte,79.5,16.99,97.3,174,0,1.75,372122,FW-81DC3,1
EQP-34965,3393.3,Diesel,Noite,Oeste,87.7,,116.6,209,1,46.8,373010,FW-4D498,1
EQP-34966,7932.6,Diesel,Noite,Norte,121.8,0.9,98.2,362,0,6.22,367850,FW-EAACD,1
EQP-34967,10973.1,Eletrico,Tarde,Sul,34.5,4.84,81.1,236,1,25.54,777302,FW-F389D,0
EQP-34968,14935.4, DIESEL ,Noite,Sul,37.6,3.29,89.9,77,1,19.68,162876,FW-BD44B,1
EQP-34969,7771.8,Diesel,Tarde,Leste,86.3,6.7,124.0,227,2,-10.79,568231,FW-E38D7,1
EQP-34970,4531.4,Eletrico,Manha,Leste,46.8,4.35,88.4,220,1,0.17,551575,FW-5AB56,1
EQP-34971,5768.4,Diesel,Tarde,Sul,75.0,4.48,98.4,138,0,-13.54,459711,FW-5E36E,1
EQP-34972,1522.6,Eletrico,Manha,Norte,88.6,0.54,87.1,322,0,-6.09,732489,FW-802FE,1
EQP-34973,4929.6,diesel,Noite,Sul,51.0,2.6,112.6,129,1,21.58,113483,FW-A3D58,0
EQP-34974,13632.6,Diesel,Tarde,Oeste,60.5,6.4,86.9,2,1,17.67,739670,FW-BD8A3,1
EQP-34975,3304.6, DIESEL ,Noite,Norte,91.8,4.69,85.9,184,1,-79.76,737787,FW-36808,1
EQP-34976,,Eletrico,Manha,Leste,56.7,3.75,89.3,326,1,-43.88,386523,FW-58ED6,1
EQP-34977,3680.9,Eletrico,Manha,Sul,45.8,,107.2,129,2,30.26,778391,FW-46CDB,0
EQP-34978,13964.2,Eletrico,Noite,Norte,70.6,1.2,105.4,147,0,-7.25,590470,FW-83CE5,1
EQP-34979,12261.4,diesel,Noite,Norte,83.5,1.85,87.5,67,1,22.69,926018,FW-48D97,1
EQP-34980,4313.7,Diesel,Noite,Sul,78.1,8.58,86.6,254,0,-10.02,238901,FW-E03A2,1
EQP-34981,10334.1,Diesel,Manha,Norte,68.3,8.62,83.0,52,1,15.45,175103,FW-2E298,1
EQP-34982,6361.4,Eletrico,Manha,Sul,83.7,1.32,87.5,193,1,-33.19,334546,FW-24955,1
EQP-34983,2535.4, DIESEL ,Manha,Leste,85.9,4.08,91.0,322,0,-47.99,441770,FW-2E08F,1
EQP-34984,9365.5,Hibrido,Noite,Norte,70.5,25.89,102.6,133,1,12.45,303154,FW-CD723,1
EQP-34985,5061.8,diesel,Tarde,Leste,66.0,4.03,94.7,353,1,-36.27,367854,FW-C4DDF,1
EQP-34986,2163.1,Hibrido,Tarde,Leste,76.5,9999.0,122.7,87,0,46.69,357118,FW-DC249,1
EQP-34987,,Eletrico,Manha,Leste,69.1,,112.4,293,2,19.36,218167,FW-6762F,1
EQP-34988,6104.0,Eletrico,Tarde,Norte,102.3,3.5,111.7,123,0,-54.92,548790,FW-D69FD,1
EQP-34989,,Diesel,Tarde,Oeste,66.5,12.47,89.1,297,0,-6.91,462757,FW-CDA5B,1
EQP-34990,2845.9,Hibrido,Tarde,Oeste,44.9,4.91,110.2,270,1,35.01,798146,FW-BC754,0
EQP-34991,11566.4,Hibrido,Tarde,Leste,71.5,1.1,103.1,362,0,53.87,158242,FW-2CD81,1
EQP-34992,8641.6,Eletrico,Noite,Oeste,102.8,4.5,86.8,343,1,-40.27,688529,FW-40677,1
EQP-34993,9446.2,Hibrido,Noite,Sul,52.5,0.7,70.5,77,1,-3.63,568691,FW-BC71A,0
EQP-34994,10319.9, DIESEL ,Manha,Leste,90.1,3.21,86.7,77,2,-6.02,283211,FW-47A1D,1
EQP-34995,10996.3,diesel,Tarde,Oeste,101.7,4.02,146.7,243,1,19.36,467199,FW-B5033,1
EQP-34996,5111.9, DIESEL ,Manha,Norte,71.0,2.87,124.1,4,1,-12.49,556512,FW-A72E5,1
EQP-34997,10490.9,diesel,Manha,Norte,100.0,9.96,89.3,289,2,9.74,991223,FW-3A363,1
EQP-34998,4243.8,Diesel,Manha,Sul,63.5,0.86,97.6,15,0,18.37,945739,FW-DC079,0
EQP-34999,4334.6,diesel,Manha,Norte,44.3,6.56,83.3,331,0,10.41,259855,FW-98C67,1
EQP-35000,8823.0,Diesel,Noite,Oeste,76.0,9.49,119.6,211,0,21.26,356712,FW-D87C6,1
EQP-35001,9772.6,Diesel,Noite,Sul,83.7,6.44,84.9,174,1,69.66,770295,FW-87CBF,1
EQP-35002,861.8, DIESEL ,Manha,Leste,78.5,2.89,96.0,17,0,85.88,309017,FW-628AA,1
EQP-35003,10645.2,Diesel,Manha,Oeste,86.9,1.72,71.5,338,0,11.53,210772,FW-F0809,1
EQP-35004,13991.5,Eletrico,Manha,Norte,87.8,4.32,108.2,311,0,-18.61,891824,FW-64D90,1
EQP-35005,1918.8,Hibrido,Manha,Norte,78.8,0.73,98.4,46,1,5.79,192946,FW-D3D61,1
EQP-35006,14943.6,diesel,Manha,Sul,75.9,5.51,122.4,172,0,-1.52,396485,FW-5E5C0,1
EQP-35007,6943.8,Eletrico,Manha,Sul,71.3,1.21,72.3,164,0,-39.59,143365,FW-5D7A2,0
EQP-35008,9713.6, DIESEL ,Manha,Norte,70.3,5.23,98.3,289,0,-20.65,144249,FW-78BD9,1
EQP-35009,13622.4,Gas_Natural,Manha,Oeste,42.1,6.99,127.5,185,0,-37.61,392565,FW-F203B,1
EQP-35010,11658.6, DIESEL ,Tarde,Norte,30.8,1.87,88.8,5,0,-5.9,978396,FW-2B0FE,0
EQP-35011,4212.1,Eletrico,Manha,Leste,87.0,3.82,80.2,92,0,16.2,831247,FW-F2DB9,0
EQP-35012,9158.0,diesel,Noite,Norte,72.1,1.6,102.6,318,0,-32.35,795692,FW-2AE04,1
EQP-35013,377.9, DIESEL ,Manha,Oeste,79.3,2.27,93.0,52,1,-11.91,382942,FW-DC04A,1
EQP-35014,6756.0, DIESEL ,Noite,Oeste,90.6,7.17,95.0,158,0,11.14,502770,FW-349EE,1
EQP-35015,14534.9,diesel,Noite,Leste,86.9,7.82,97.2,359,0,52.39,113249,FW-40B8F,1
EQP-35016,8873.7,Diesel,Noite,Sul,63.9,18.8,89.5,227,0,1.48,248769,FW-D08C5,1
EQP-35017,7187.9,Hibrido,Tarde,Leste,71.8,4.97,112.1,276,1,18.94,923585,FW-B817F,1
EQP-35018,6501.0,Diesel,Tarde,Leste,87.1,3.06,84.5,207,0,-14.27,123376,FW-3CB46,1
EQP-35019,265.8,Gas_Natural,Manha,Sul,74.0,5.62,110.7,235,1,38.0,388538,FW-33057,1
EQP-35020,14733.4,Diesel,Manha,Leste,64.3,1.78,82.3,279,1,1.12,119378,FW-80ACE,1
EQP-35021,4312.4,Gas_Natural,Tarde,Leste,121.5,1.99,96.2,303,1,30.08,618663,FW-32540,0
EQP-35022,6143.3,Diesel,Tarde,Leste,46.9,1.08,86.1,142,0,-5.35,308005,FW-42093,0
EQP-35023,2874.7,Diesel,Noite,Leste,70.1,5.9,102.3,220,0,-10.9,338645,FW-28800,1
EQP-35024,3293.4,diesel,Manha,Sul,73.1,,102.3,360,0,24.72,539764,FW-6970E,1
EQP-35025,12891.0,Gas_Natural,Tarde,Norte,75.7,10.97,73.3,158,2,0.68,220887,FW-42F4F,1
EQP-35026,5285.3,diesel,Manha,Leste,42.2,1.15,96.9,186,1,-6.38,236394,FW-2EAC0,0
EQP-35027,2600.9,Eletrico,Noite,Norte,44.2,5.92,103.4,123,1,4.62,173617,FW-E3A10,1
EQP-35028,,Gas_Natural,Tarde,Oeste,87.3,27.42,85.1,208,0,-29.64,178053,FW-40764,1
EQP-35029,1719.0,Eletrico,Tarde,Norte,75.1,2.24,98.3,182,2,7.53,139888,FW-2B670,0
EQP-35030,6263.8,Eletrico,Tarde,Norte,80.0,1.32,103.8,4,1,-15.98,719192,FW-26C90,0
EQP-35031,14575.8,Hibrido,Tarde,Sul,71.1,0.69,90.5,246,0,6.06,351589,FW-90438,1
EQP-35032,13282.9,Diesel,Manha,Norte,81.6,1.43,92.9,142,1,-36.33,269994,FW-74A3C,1
EQP-35033,3678.8,Eletrico,Noite,Leste,36.1,,93.5,217,0,-6.98,169091,FW-8157B,0
EQP-35034,12946.0,Eletrico,Manha,Leste,79.4,1.59,104.0,125,1,-3.99,338981,FW-D2459,1
EQP-35035,14390.0,Gas_Natural,Tarde,Sul,44.3,13.96,123.4,131,0,-36.19,278862,FW-E0B25,1
EQP-35036,3208.9,Eletrico,Noite,Leste,50.4,1.46,105.8,211,0,-36.29,605469,FW-757E5,0
EQP-35037,,Hibrido,Manha,Oeste,109.0,3.51,138.0,121,2,23.31,568838,FW-A33FA,1
EQP-35038,11932.1,Eletrico,Manha,Norte,81.2,4.13,115.2,340,1,0.88,895165,FW-D390F,1
EQP-35039,5807.4,Diesel,Manha,Norte,57.2,0.99,106.3,59,1,11.67,303385,FW-431C0,1
EQP-35040,6016.2,Diesel,Noite,Leste,85.1,3.08,93.9,202,1,32.52,618089,FW-3C0E4,1
EQP-35041,12447.7,Gas_Natural,Noite,Norte,98.2,0.62,112.3,25,1,37.29,501457,FW-EBE6E,0
EQP-35042,14540.4,Eletrico,Tarde,Norte,67.8,1.85,67.5,280,1,47.29,508501,FW-AE283,1
EQP-35043,7307.7,Gas_Natural,Manha,Sul,51.2,0.99,96.4,134,3,-50.31,991734,FW-E590C,1
EQP-35044,7192.7,diesel,Noite,Leste,86.5,2.52,79.5,42,0,15.93,383696,FW-B0BA6,1
EQP-35045,277.7,Diesel,Tarde,Sul,85.3,1.56,85.7,223,0,-2.44,194494,FW-431F4,1
EQP-35046,13166.4,Eletrico,Tarde,Norte,85.0,11.37,102.0,317,0,32.78,424741,FW-193D4,1
EQP-35047,,Diesel,Manha,Leste,36.3,0.57,119.4,174,0,-33.01,466666,FW-9BFBC,0
EQP-35048,3377.3,Eletrico,Manha,Sul,79.2,1.75,96.9,162,1,-4.23,996732,FW-A4040,1
EQP-35049,6783.3,Diesel,Manha,Leste,74.6,3.14,105.8,335,0,-7.85,810413,FW-CC7A4,1
EQP-35050,3438.5,Gas_Natural,Noite,Oeste,86.7,2.65,97.9,27,0,-22.91,166677,FW-5FB39,0
EQP-35051,12308.3,Diesel,Noite,Oeste,84.7,5.88,125.5,346,0,-4.9,607574,FW-18BD8,1
EQP-35052,5366.6, DIESEL ,Noite,Sul,79.2,1.59,106.1,126,0,-7.22,570005,FW-ECEC9,0
EQP-35053,8301.5,diesel,Manha,Oeste,86.5,4.23,120.1,56,3,48.72,913441,FW-63BBB,1
EQP-35054,4051.4,Gas_Natural,Tarde,Leste,83.4,0.73,79.7,335,3,-25.67,122822,FW-5B614,1
EQP-35055,10581.8,Diesel,Tarde,Leste,87.7,9.36,94.2,295,1,42.78,328323,FW-37AB4,1
EQP-35056,12678.9,Eletrico,Tarde,Norte,63.9,9.16,112.5,120,2,6.4,696729,FW-77902,1
EQP-35057,1493.2,Diesel,Manha,Norte,83.1,1.59,106.4,243,1,13.68,734955,FW-4CF4B,1
EQP-35058,12335.0,Gas_Natural,Tarde,Sul,68.8,1.88,108.9,194,2,-31.76,335640,FW-87A40,1
EQP-35059,9571.0,Diesel,Tarde,Leste,95.1,3.5,79.7,284,1,-25.68,636036,FW-5723C,1
EQP-35060,13228.6,Diesel,Tarde,Leste,56.9,5.56,107.1,36,0,13.77,898728,FW-1F9C0,1
EQP-35061,2330.2,Hibrido,Noite,Leste,63.9,7.28,68.2,338,1,-7.48,929399,FW-1CB34,1
EQP-35062,4404.9,diesel,Noite,Sul,109.7,4.5,92.1,195,0,43.46,580901,FW-19B95,1
EQP-35063,6219.2,Hibrido,Tarde,Leste,90.3,11.26,92.7,269,2,22.16,146955,FW-ACE75,1
EQP-35064,1890.5,diesel,Tarde,Norte,66.2,6.13,133.1,121,2,-1.09,901373,FW-6623F,1
EQP-35065,14390.0,diesel,Manha,Norte,59.8,13.41,93.9,16,1,-23.03,732209,FW-32F10,1
EQP-35066,4271.7,Eletrico,Tarde,Sul,69.7,7.12,117.0,158,0,-30.57,835071,FW-762F5,0
EQP-35067,,Gas_Natural,Manha,Oeste,85.0,,120.0,18,0,43.47,169764,FW-75ABD,1
EQP-35068,7785.6,Eletrico,Noite,Sul,93.4,6.16,110.6,289,1,55.34,661827,FW-33612,1
EQP-35069,11739.5,Eletrico,Manha,Norte,67.7,0.7,99.9,145,1,2.27,904559,FW-2A0EE,0
EQP-35070,1379.1,Eletrico,Tarde,Norte,60.9,10.9,79.7,233,0,-0.58,453429,FW-618A9,1
EQP-35071,5375.3,Eletrico,Manha,Norte,40.1,2.01,99.5,19,1,33.54,414375,FW-43A99,0
EQP-35072,3000.7,Diesel,Manha,Oeste,55.1,3.11,88.4,313,0,-52.5,871611,FW-1B29B,1
EQP-35073,12795.7,Gas_Natural,Noite,Leste,70.8,3.54,90.1,288,0,11.64,196946,FW-F4067,1
EQP-35074,11714.6,Gas_Natural,Noite,Sul,94.8,4.09,110.9,298,0,19.03,672664,FW-BAE12,1
EQP-35075,8449.6,Eletrico,Tarde,Norte,86.8,4.07,59.9,297,1,-33.67,492172,FW-5C221,1
EQP-35076,2052.8, DIESEL ,Tarde,Norte,106.6,5.04,75.1,295,0,17.73,329772,FW-8AD10,1
EQP-35077,13786.4, DIESEL ,Noite,Oeste,91.7,3.61,114.3,248,2,4.59,621872,FW-2A74B,1
EQP-35078,12975.3,Diesel,Tarde,Leste,94.9,3.29,93.5,33,0,-6.96,693288,FW-871C6,1
EQP-35079,1950.6, DIESEL ,Manha,Sul,63.4,5.6,113.0,343,0,-2.08,590713,FW-847F0,1
EQP-35080,13050.1,Diesel,Manha,Oeste,85.2,8.25,114.2,292,1,-29.86,307590,FW-DB25E,1
EQP-35081,6919.2,Eletrico,Tarde,Sul,75.0,4.37,96.6,68,2,1.5,105949,FW-5CB51,1
EQP-35082,14343.9,Gas_Natural,Tarde,Norte,103.4,1.79,102.9,336,0,-32.03,865404,FW-A7142,1
EQP-35083,6737.3,Eletrico,Tarde,Sul,86.3,0.77,133.8,65,1,6.61,449353,FW-386E7,1
EQP-35084,7300.3,Diesel,Manha,Leste,76.4,6.14,94.0,203,0,-51.07,603558,FW-398AF,1
EQP-35085,7197.4,Diesel,Noite,Leste,69.9,14.23,111.5,304,0,-17.97,497778,FW-81CE9,1
EQP-35086,9320.5,diesel,Tarde,Leste,30.0,6.2,103.0,58,1,16.13,344118,FW-1A12D,0
EQP-35087,11240.1,Diesel,Manha,Oeste,44.1,1.56,100.8,36,3,19.35,145703,FW-BE189,1
EQP-35088,14481.1,Eletrico,Noite,Leste,91.7,4.66,105.5,247,0,69.88,993278,FW-2C749,1
EQP-35089,5914.7,Diesel,Tarde,Oeste,56.0,3.57,69.1,146,1,-27.24,957257,FW-BF84B,0
EQP-35090,12852.7,diesel,Noite,Oeste,87.1,1.3,85.0,34,1,5.58,323609,FW-C0E10,1
EQP-35091,12723.4,Eletrico,Manha,Oeste,57.7,12.22,108.3,336,0,18.26,543163,FW-E46DE,1
EQP-35092,12160.7,Diesel,Tarde,Leste,74.4,1.22,104.1,247,0,-7.77,144054,FW-1F252,1
EQP-35093,12387.4,Hibrido,Noite,Norte,43.5,0.67,82.3,131,0,22.05,192087,FW-DB1BA,0
EQP-35094,14718.1,Hibrido,Manha,Sul,75.8,1.89,91.6,174,0,2.14,828566,FW-37C5C,1
EQP-35095,7365.3,Gas_Natural,Manha,Sul,64.8,1.29,99.0,159,1,-19.98,439366,FW-C5130,0
EQP-35096,13242.5,Diesel,Noite,Oeste,92.1,8.18,93.4,165,0,-51.89,911426,FW-CB711,1
EQP-35097,2331.3,Eletrico,Noite,Leste,98.9,1.56,79.9,254,1,-21.1,333985,FW-7D776,1
EQP-35098,7674.8, DIESEL ,Tarde,Sul,47.4,16.59,89.2,46,0,17.1,344877,FW-CA430,1
EQP-35099,6996.0,diesel,Tarde,Oeste,79.8,1.98,98.5,349,2,-54.84,556522,FW-7B8F7,1
EQP-35100,13827.6,Eletrico,Tarde,Leste,57.2,9.18,104.0,255,0,-26.7,429937,FW-CCDE0,1
EQP-35101,3234.4, DIESEL ,Manha,Oeste,62.9,6.69,135.3,360,0,4.66,295123,FW-38471,1
EQP-35102,11407.6,Eletrico,Manha,Sul,89.3,4.23,112.7,29,2,26.79,679299,FW-4DDA7,1
EQP-35103,792.8,Diesel,Tarde,Oeste,56.4,11.07,104.8,127,0,56.47,702691,FW-50993,1
EQP-35104,12361.8,Eletrico,Manha,Norte,108.9,2.92,102.5,55,0,82.34,454626,FW-45329,1
EQP-35105,9929.1, DIESEL ,Tarde,Leste,76.6,8.54,94.1,324,2,32.26,991181,FW-668D4,1
EQP-35106,7558.4,Diesel,Manha,Norte,84.2,15.35,126.2,295,0,-25.16,253741,FW-8F9A2,1
EQP-35107,10947.5,Gas_Natural,Noite,Oeste,82.4,1.15,105.3,139,0,-12.76,347484,FW-ABA68,1
EQP-35108,12906.6,Diesel,Noite,Sul,106.1,7.41,116.3,15,0,-2.19,949067,FW-63A3D,1
EQP-35109,13497.5,Diesel,Manha,Sul,66.9,2.18,110.9,174,2,19.25,661068,FW-2BE03,1
EQP-35110,9582.0,Hibrido,Manha,Leste,56.0,3.28,98.4,34,0,-62.87,648096,FW-9A1A5,0
EQP-35111,6889.5,Hibrido,Manha,Norte,51.2,3.89,118.3,158,0,-67.97,736817,FW-2BE7B,1
EQP-35112,10939.3,Diesel,Tarde,Norte,83.4,1.36,116.7,207,0,-22.97,828557,FW-D301E,1
EQP-35113,13426.9,Eletrico,Tarde,Sul,93.3,8.84,90.5,218,0,25.88,590056,FW-8592F,1
EQP-35114,2893.4,Diesel,Noite,Leste,99.9,3.66,99.3,300,0,-0.21,848284,FW-3D429,1
EQP-35115,6120.9,diesel,Tarde,Leste,108.1,7.51,102.3,232,0,-1.63,669921,FW-B5A8D,1
EQP-35116,11944.3,Hibrido,Manha,Oeste,62.6,1.63,99.7,24,1,-20.35,613966,FW-A5DFD,1
EQP-35117,1588.5,diesel,Manha,Norte,89.3,1.17,91.7,295,1,18.2,753105,FW-CA808,1
EQP-35118,3041.2,Diesel,Manha,Leste,97.8,1.51,108.9,272,1,-5.1,612071,FW-2DC1D,1
EQP-35119,1658.5, DIESEL ,Noite,Sul,70.9,5.89,104.9,101,1,7.14,389615,FW-4A508,1
EQP-35120,3033.2, DIESEL ,Tarde,Leste,71.6,19.45,86.0,187,1,21.3,250968,FW-DD01C,1
EQP-35121,2540.2,Diesel,Noite,Leste,80.6,0.67,85.6,362,0,8.46,874699,FW-B704A,1
EQP-35122,, DIESEL ,Manha,Norte,75.5,3.66,115.5,363,0,-35.85,811277,FW-2001D,1
EQP-35123,6432.2,Eletrico,Manha,Sul,74.1,2.79,114.7,362,0,-27.68,874604,FW-3ABFB,1
EQP-35124,9852.5,Eletrico,Tarde,Leste,79.7,1.56,104.1,156,0,-73.42,656823,FW-A6F9F,0
EQP-35125,11305.5,Hibrido,Manha,Oeste,82.2,8.83,103.7,305,1,42.35,819911,FW-48858,1
EQP-35126,3408.7,Eletrico,Noite,Oeste,25.6,1.05,79.8,37,1,20.95,141678,FW-63F1E,0
EQP-35127,5599.5,Diesel,Manha,Leste,91.3,8.04,88.4,171,1,28.97,250159,FW-A34FC,1
EQP-35128,10303.6,Eletrico,Manha,Oeste,69.4,9.69,131.3,116,1,18.67,787592,FW-6EFBB,1
EQP-35129,14279.5,Diesel,Manha,Leste,86.8,6.83,139.0,8,1,5.68,164894,FW-BA637,1
EQP-35130,6471.1,Gas_Natural,Manha,Oeste,71.3,5.9,92.8,172,0,-5.99,924616,FW-D1E01,0
EQP-35131,9175.1,Eletrico,Noite,Sul,57.7,1.6,126.1,240,1,-38.28,193556,FW-59EE2,1
EQP-35132,7090.8,Eletrico,Noite,Norte,67.6,0.88,91.7,216,0,16.44,921022,FW-E3345,1
EQP-35133,,Gas_Natural,Noite,Oeste,72.2,5.9,100.7,141,4,-42.6,316270,FW-6112A,1
EQP-35134,,Eletrico,Tarde,Sul,58.2,2.25,102.5,274,1,-4.59,479913,FW-35123,1
EQP-35135,2312.9,Diesel,Manha,Sul,58.6,16.54,105.7,196,0,-74.07,265250,FW-6CA3A,1
EQP-35136,716.7,Diesel,Tarde,Leste,69.9,7.31,72.7,255,0,28.95,422323,FW-57BC3,1
EQP-35137,2606.4,Eletrico,Manha,Oeste,93.9,0.57,93.6,169,1,-14.66,778571,FW-2E821,0
EQP-35138,12791.0,Diesel,Tarde,Leste,78.2,,94.3,252,0,-38.24,896433,FW-354B2,1
EQP-35139,10520.8,Diesel,Tarde,Oeste,60.0,1.12,111.3,158,3,27.86,981974,FW-D861C,1
EQP-35140,13614.5, DIESEL ,Noite,Oeste,45.9,11.63,79.4,84,1,17.63,875616,FW-F1387,1
EQP-35141,2372.4,Diesel,Tarde,Oeste,58.0,12.07,89.6,308,0,-38.83,511190,FW-562D2,1
EQP-35142,12286.2,diesel,Manha,Norte,71.2,5.32,129.3,97,0,70.7,130483,FW-C0E7A,1
EQP-35143,12497.4,diesel,Tarde,Oeste,73.3,6.14,128.4,26,0,0.9,307914,FW-B2984,1
EQP-35144,14724.6,Diesel,Tarde,Oeste,91.1,1.64,113.2,43,1,2.14,895725,FW-C2019,1
EQP-35145,6361.3,Diesel,Tarde,Norte,60.6,5.43,92.9,107,0,25.21,854422,FW-69E6D,0
EQP-35146,12420.7,diesel,Manha,Leste,65.0,2.03,83.9,335,0,29.41,113833,FW-A6A29,1
EQP-35147,,Eletrico,Tarde,Norte,61.9,10.99,95.6,211,1,-33.79,466449,FW-69DE3,1
EQP-35148,1253.3,Gas_Natural,Manha,Oeste,80.1,7.32,99.0,152,1,-4.83,446934,FW-7A0C5,1
EQP-35149,761.2,Eletrico,Tarde,Sul,99.7,1.02,83.1,125,0,-3.88,168828,FW-DD08F,0
EQP-35150,3124.8,Eletrico,Manha,Leste,80.7,0.96,93.6,218,2,37.3,244729,FW-1CE41,1
EQP-35151,14709.4,diesel,Tarde,Oeste,54.7,6.25,112.9,165,0,3.06,334490,FW-AFA9E,1
EQP-35152,3471.2,Diesel,Manha,Sul,100.5,7.29,101.7,145,0,11.46,320694,FW-536A4,1
EQP-35153,12152.6,Diesel,Noite,Sul,42.9,4.98,96.8,166,2,7.14,865047,FW-3E517,1
EQP-35154,14943.1,Diesel,Noite,Leste,78.5,8.05,71.5,213,1,7.94,512423,FW-8F42F,1
EQP-35155,6513.0,Hibrido,Noite,Leste,82.5,3.93,116.4,87,0,-49.25,543834,FW-99CC3,1
EQP-35156,9605.8, DIESEL ,Tarde,Sul,67.9,7.68,99.3,209,1,-17.55,161527,FW-530B0,1
EQP-35157,130.7,Diesel,Tarde,Leste,88.9,0.68,95.3,357,0,-2.54,523391,FW-299DF,1
EQP-35158,1959.2,Diesel,Tarde,Leste,53.1,2.64,94.8,90,0,-48.65,834545,FW-6DAA0,0
EQP-35159,12898.3,Diesel,Manha,Norte,56.7,8.44,122.2,94,0,-9.06,215013,FW-6CAA1,1
EQP-35160,6440.6,Diesel,Manha,Leste,84.4,2.08,100.3,171,2,13.75,529056,FW-341E1,1
EQP-35161,2062.7,diesel,Tarde,Leste,69.1,4.7,98.2,128,1,-5.44,818122,FW-ABAE8,1
EQP-35162,6730.5,Eletrico,Tarde,Norte,77.4,1.56,83.7,16,1,-1.35,544153,FW-C28FD,0
EQP-35163,1825.7,Gas_Natural,Noite,Leste,59.8,0.99,107.0,2,1,66.52,116295,FW-5FF25,0
EQP-35164,, DIESEL ,Noite,Sul,94.6,4.62,111.2,308,0,-60.01,112303,FW-CB039,1
EQP-35165,8112.1,Diesel,Noite,Leste,75.1,0.7,95.7,296,0,-33.76,667679,FW-A5D41,1
EQP-35166,637.1, DIESEL ,Tarde,Norte,99.5,8.43,88.4,158,0,8.76,860663,FW-7872E,1
EQP-35167,10537.0,Diesel,Manha,Sul,81.3,2.08,101.5,127,0,-27.27,148267,FW-9A60F,1
EQP-35168,12614.8,Diesel,Manha,Oeste,52.2,6.3,87.6,165,1,35.04,760614,FW-82FE9,0
EQP-35169,404.3,Hibrido,Tarde,Leste,63.1,2.13,102.5,119,0,25.51,209309,FW-2F470,1
EQP-35170,14173.9,Hibrido,Manha,Sul,87.0,7.55,115.9,74,1,15.34,885860,FW-B42BD,1
EQP-35171,14826.0,Eletrico,Manha,Oeste,73.9,7.88,101.3,213,1,46.56,154350,FW-7356E,1
EQP-35172,11524.0,Diesel,Noite,Norte,59.8,1.36,106.6,88,1,13.04,167027,FW-26160,0
EQP-35173,,diesel,Tarde,Norte,77.3,7.97,103.8,47,1,38.73,646960,FW-20804,1
EQP-35174,8941.8,Gas_Natural,Tarde,Norte,62.4,1.32,150.5,105,0,-31.02,386770,FW-923DB,0
EQP-35175,8652.6,Diesel,Tarde,Sul,70.7,2.79,116.5,87,2,-30.73,628551,FW-3CFF3,1
EQP-35176,4548.6,Eletrico,Manha,Leste,80.5,13.8,102.3,357,3,34.72,162533,FW-CF47D,1
EQP-35177,,Eletrico,Noite,Leste,75.8,4.64,118.1,306,0,1.75,801098,FW-8D627,1
EQP-35178,6862.0,Diesel,Manha,Norte,78.2,5.35,105.1,336,2,27.49,199082,FW-5F0A6,1
EQP-35179,9107.7,Gas_Natural,Noite,Leste,83.1,6.31,117.5,38,1,-67.98,407160,FW-DCBB5,1
EQP-35180,10425.9,Eletrico,Tarde,Norte,62.3,2.01,99.6,297,0,35.38,448157,FW-22FCA,1
EQP-35181,9298.3,Hibrido,Tarde,Norte,66.9,0.92,110.3,123,2,57.11,919843,FW-DE311,0
EQP-35182,3429.4,diesel,Manha,Norte,72.7,2.47,125.3,192,1,-35.55,999739,FW-3F67D,1
EQP-35183,,Hibrido,Noite,Sul,87.4,9.61,99.4,156,3,-19.93,570193,FW-9E8C5,1
EQP-35184,6046.8,Diesel,Noite,Norte,89.7,0.72,114.1,15,0,45.37,630243,FW-B2869,1
EQP-35185,2643.8,diesel,Manha,Norte,64.6,6.22,110.4,146,1,57.82,839040,FW-E7DB1,0
EQP-35186,5220.4,diesel,Manha,Norte,46.4,1.81,102.4,7,0,4.45,985356,FW-D4A15,0
EQP-35187,11494.1, DIESEL ,Manha,Leste,52.9,2.19,122.9,258,1,-38.31,921495,FW-5D412,1
EQP-35188,2494.8,Diesel,Manha,Oeste,68.1,0.69,82.9,307,1,-6.45,552760,FW-55AF6,1
EQP-35189,2042.6,Hibrido,Tarde,Leste,93.9,1.88,72.8,10,1,22.66,252474,FW-D4E6B,0
EQP-35190,9705.0,Gas_Natural,Manha,Leste,104.5,0.95,76.8,61,1,8.96,539864,FW-6A4C0,1
EQP-35191,14371.6,diesel,Noite,Oeste,78.1,11.07,104.0,22,0,-6.26,801387,FW-72F5F,1
EQP-35192,13597.5,Eletrico,Tarde,Sul,89.2,8.28,90.7,290,0,38.36,589452,FW-6AB8C,1
EQP-35193,1619.5,Eletrico,Manha,Norte,71.6,17.44,110.6,160,0,-1.27,389240,FW-9B4D6,1
EQP-35194,4434.8,Diesel,Manha,Norte,60.5,2.52,102.7,357,2,-6.04,814780,FW-1BA6B,1
EQP-35195,13548.0,Diesel,Tarde,Sul,58.4,3.53,119.2,194,0,30.12,717713,FW-5E861,1
EQP-35196,2137.1,Diesel,Manha,Sul,54.5,4.85,117.5,289,0,-52.79,208607,FW-8B0B9,1
EQP-35197,11045.1,diesel,Manha,Sul,60.9,2.28,97.7,351,0,-32.83,368990,FW-36F34,1
EQP-35198,5222.2,Eletrico,Manha,Sul,34.9,,88.6,228,0,-58.28,304864,FW-23A37,0
EQP-35199,10716.6,Gas_Natural,Noite,Sul,76.8,2.47,120.7,236,0,21.74,234917,FW-C56CB,1
EQP-35200,3879.5,Diesel,Tarde,Norte,77.8,3.11,125.6,168,1,20.33,289303,FW-A0386,0
EQP-35201,13218.9,Eletrico,Manha,Leste,86.9,10.75,81.5,187,1,30.02,935661,FW-1C39C,1
EQP-35202,6515.2,Hibrido,Tarde,Leste,94.4,1.04,90.9,211,2,-56.24,535807,FW-A536D,0
EQP-35203,14145.6,Eletrico,Manha,Oeste,70.1,4.17,88.1,98,2,-44.36,627083,FW-6A90B,1
EQP-35204,,Eletrico,Manha,Sul,95.6,4.02,94.5,362,2,0.08,344593,FW-8ED90,1
EQP-35205,5066.5,diesel,Manha,Sul,59.4,4.56,102.5,295,0,14.01,428944,FW-7A51F,1
EQP-35206,5037.2,diesel,Manha,Oeste,69.4,18.74,127.9,135,1,-4.79,736287,FW-71916,1
EQP-35207,752.8,Eletrico,Tarde,Sul,65.6,,110.8,124,0,-17.86,458874,FW-8274A,0
EQP-35208,4598.8, DIESEL ,Manha,Sul,66.7,6.33,72.6,118,0,1.33,713147,FW-58242,1
EQP-35209,7034.9, DIESEL ,Manha,Norte,58.3,8.11,102.9,289,0,-38.61,445817,FW-4C92D,1
EQP-35210,363.4, DIESEL ,Tarde,Norte,78.5,0.69,115.5,143,1,60.54,943992,FW-9534F,1
EQP-35211,4520.9,Diesel,Manha,Oeste,88.5,10.74,99.0,154,0,-11.62,911069,FW-717F4,1
EQP-35212,13965.4,Eletrico,Noite,Norte,72.6,0.89,93.9,25,1,-64.75,343435,FW-A196B,0
EQP-35213,,Gas_Natural,Tarde,Sul,66.5,3.71,93.7,64,0,-22.47,581284,FW-D82AB,1
EQP-35214,5542.1,diesel,Noite,Leste,48.3,2.86,102.4,316,1,1.64,239035,FW-54A42,1
EQP-35215,308.9,Gas_Natural,Noite,Norte,72.4,4.61,101.2,223,2,-72.93,443728,FW-99DDC,1
EQP-35216,11671.4,Eletrico,Tarde,Norte,76.6,8.66,95.8,12,4,38.16,136477,FW-D496D,1
EQP-35217,14845.9, DIESEL ,Noite,Oeste,102.2,3.1,95.6,60,2,-5.2,102778,FW-5EE77,1
EQP-35218,5336.3,Diesel,Tarde,Leste,70.9,1.56,57.9,351,0,-26.29,660962,FW-4317B,1
EQP-35219,13604.3, DIESEL ,Noite,Norte,62.0,3.1,92.7,163,1,-90.43,996853,FW-E1519,1
EQP-35220,7664.4,Hibrido,Noite,Leste,131.4,1.2,109.8,144,1,2.65,346468,FW-1ABBE,1
EQP-35221,9513.2,diesel,Noite,Oeste,74.0,2.49,96.7,136,1,-65.34,455703,FW-C6604,1
EQP-35222,4918.0,Hibrido,Manha,Leste,77.5,3.03,135.7,3,1,-27.23,742641,FW-54035,1
EQP-35223,5278.8,Hibrido,Noite,Leste,53.4,3.2,84.8,217,1,1.91,726407,FW-BB4D4,1
EQP-35224,5392.8,Eletrico,Tarde,Norte,93.8,4.84,95.7,140,0,7.3,731539,FW-B7735,1
EQP-35225,5777.9,Eletrico,Manha,Norte,107.5,7.59,112.0,149,0,-17.42,432360,FW-D878B,1
EQP-35226,9610.7, DIESEL ,Noite,Norte,77.0,8.81,100.0,44,0,3.83,137706,FW-EFA42,1
EQP-35227,12395.9, DIESEL ,Manha,Norte,73.4,2.39,94.6,157,1,-0.15,559756,FW-844C9,1
EQP-35228,11836.6,diesel,Manha,Sul,100.4,5.07,85.6,92,0,7.69,977043,FW-5E0A6,1
EQP-35229,12763.6,Diesel,Tarde,Norte,54.0,3.46,114.6,107,1,14.87,842895,FW-DEDFF,1
EQP-35230,13419.2,Hibrido,Tarde,Sul,32.7,0.63,96.4,138,1,-53.96,518471,FW-A4C6D,0
EQP-35231,14767.4,Hibrido,Manha,Leste,71.7,3.65,102.6,197,0,-8.56,289453,FW-58345,1
EQP-35232,12523.7,Diesel,Manha,Oeste,99.3,4.61,88.1,12,2,11.61,865706,FW-45DD8,1
EQP-35233,720.9,Diesel,Manha,Norte,65.3,0.59,92.4,36,1,-12.08,547005,FW-E9B00,0
EQP-35234,4621.2,Gas_Natural,Manha,Sul,74.8,9.72,110.8,205,2,2.61,171168,FW-48434,1
EQP-35235,2265.0, DIESEL ,Tarde,Oeste,102.4,4.89,107.8,132,0,21.91,635612,FW-31C76,1
EQP-35236,9000.6,Hibrido,Manha,Norte,68.1,4.71,99.0,133,1,-13.35,772841,FW-22CD8,1
EQP-35237,8290.0, DIESEL ,Noite,Sul,54.3,7.88,96.9,50,0,-10.54,865748,FW-CFE04,1
EQP-35238,6027.6,Eletrico,Manha,Sul,77.6,3.25,109.1,125,0,-49.61,365838,FW-44F66,1
EQP-35239,9685.4,Diesel,Tarde,Leste,73.6,10.62,120.5,283,3,57.32,382107,FW-1D626,1
EQP-35240,7253.9,Diesel,Manha,Oeste,55.3,10.6,113.6,75,0,-21.53,638018,FW-20719,1
EQP-35241,12200.7,Eletrico,Manha,Oeste,68.7,0.59,89.5,141,0,45.78,547895,FW-44DC8,1
EQP-35242,12227.2, DIESEL ,Tarde,Leste,126.5,1.19,94.1,215,0,5.88,855093,FW-85371,1
EQP-35243,5187.0,Eletrico,Manha,Sul,57.6,1.0,89.5,185,0,-34.61,760152,FW-C0F6B,0
EQP-35244,7216.8,Gas_Natural,Noite,Norte,95.2,0.54,99.5,106,0,-20.54,205280,FW-364F1,1
EQP-35245,9083.7,Diesel,Manha,Norte,66.6,1.53,98.6,270,1,19.7,232198,FW-7510C,1
EQP-35246,3224.0, DIESEL ,Tarde,Norte,100.9,3.67,108.4,104,0,16.38,297899,FW-E5556,1
EQP-35247,11065.1,Diesel,Noite,Norte,95.5,11.3,99.2,213,1,-14.74,347567,FW-9B0DA,1
EQP-35248,12743.9, DIESEL ,Manha,Leste,90.8,3.83,100.9,247,1,13.91,467688,FW-21416,1
EQP-35249,10599.9,Diesel,Manha,Sul,56.5,1.84,88.8,44,1,-0.07,565186,FW-226EF,1
EQP-35250,13732.1,Diesel,Manha,Sul,66.0,13.92,100.6,58,1,-24.31,871264,FW-DF0D2,1
EQP-35251,712.8, DIESEL ,Noite,Sul,59.7,5.04,74.6,110,1,5.54,568065,FW-4B50B,1
EQP-35252,8860.7,Diesel,Noite,Sul,98.3,0.54,105.2,286,0,-61.55,728887,FW-1CD0C,1
EQP-35253,5732.7,Eletrico,Tarde,Norte,89.7,1.72,97.7,221,0,43.2,388124,FW-C3343,1
EQP-35254,5393.7, DIESEL ,Tarde,Sul,82.8,4.28,77.5,329,1,17.07,740186,FW-1E5D3,1
EQP-35255,6707.1,Diesel,Manha,Sul,56.3,1.86,107.3,44,0,10.86,705877,FW-CE41F,0
EQP-35256,10976.3,diesel,Tarde,Norte,68.0,5.98,96.6,67,0,32.85,212671,FW-CD342,1
EQP-35257,12610.9, DIESEL ,Tarde,Norte,63.9,1.91,101.6,171,0,19.88,409164,FW-A7F7C,1
EQP-35258,14820.6,Eletrico,Manha,Oeste,79.8,,86.3,332,1,-16.05,208670,FW-41957,1
EQP-35259,13572.6,Diesel,Tarde,Sul,103.9,0.94,88.2,96,0,-29.05,324824,FW-42223,1
EQP-35260,8829.4,Eletrico,Tarde,Oeste,95.4,1.16,99.9,41,0,2.06,351991,FW-2093C,1
EQP-35261,912.3,Eletrico,Tarde,Sul,58.1,2.96,112.2,338,1,3.82,812476,FW-C34B3,1
EQP-35262,4041.7,Hibrido,Manha,Leste,74.4,6.23,115.5,37,0,-43.28,987452,FW-576D5,1
EQP-35263,2243.1,Eletrico,Manha,Sul,59.2,5.4,118.9,323,3,3.8,750519,FW-50786,1
EQP-35264,,Diesel,Tarde,Oeste,84.5,35.74,104.5,182,0,12.0,845701,FW-4F0E5,1
EQP-35265,3680.4,Eletrico,Manha,Norte,95.4,1.98,104.7,237,1,16.61,304733,FW-1B3A4,1
EQP-35266,3366.6,Diesel,Noite,Oeste,56.8,4.26,87.0,353,0,-26.97,258634,FW-6AF89,1
EQP-35267,13227.0,Eletrico,Manha,Sul,74.5,5.07,90.6,258,0,-21.9,871565,FW-B4CB9,1
EQP-35268,7406.0,Diesel,Manha,Leste,105.9,4.28,92.2,276,2,8.92,416389,FW-B57B3,1
EQP-35269,10833.1,Eletrico,Noite,Sul,87.0,3.61,88.7,214,0,-2.01,138390,FW-2C3EB,1
EQP-35270,11924.0,Diesel,Noite,Oeste,91.2,1.58,111.6,103,1,37.8,137133,FW-99584,1
EQP-35271,14558.2,Eletrico,Noite,Leste,75.9,0.92,121.2,339,0,8.1,598645,FW-AA962,1
EQP-35272,13001.2,Hibrido,Manha,Sul,86.6,0.8,102.1,143,2,-8.87,219716,FW-BA900,1
EQP-35273,11675.6,Hibrido,Noite,Norte,71.2,1.32,80.4,269,1,0.78,356584,FW-BC6D9,1
EQP-35274,8117.4,Eletrico,Tarde,Norte,70.2,13.27,101.4,199,0,-21.07,169008,FW-83045,1
EQP-35275,13770.9,Diesel,Manha,Norte,79.4,3.04,108.1,35,0,12.4,115024,FW-39639,1
EQP-35276,6135.3,Eletrico,Manha,Norte,84.7,4.98,113.5,306,1,1.1,294727,FW-CA5DC,1
EQP-35277,335.7,diesel,Manha,Oeste,56.5,5.28,97.6,353,0,-1.58,381054,FW-E15B3,0
EQP-35278,7378.4,Eletrico,Manha,Leste,49.1,1.99,109.2,311,2,79.08,180145,FW-44B3F,0
EQP-35279,2373.4,Diesel,Noite,Norte,73.0,1.41,107.0,162,0,-58.2,309950,FW-56A0F,0
EQP-35280,14934.9,Hibrido,Noite,Sul,45.9,6.93,92.9,328,1,-16.48,760641,FW-D44E8,1
EQP-35281,3959.4, DIESEL ,Noite,Norte,77.7,2.28,96.9,313,2,43.75,191540,FW-19D5A,1
EQP-35282,,Diesel,Tarde,Norte,76.1,5.39,103.5,111,1,-34.33,616370,FW-3193D,1
EQP-35283,173.5,Gas_Natural,Noite,Oeste,77.3,,86.7,185,1,-7.31,683658,FW-7714A,1
EQP-35284,13328.7,diesel,Tarde,Leste,41.0,8.21,106.9,188,0,13.05,847184,FW-BE5FE,1
EQP-35285,3416.1,Eletrico,Tarde,Oeste,92.0,6.47,103.5,85,0,-58.79,906485,FW-B5942,1
EQP-35286,13878.8,Diesel,Noite,Oeste,98.9,5.68,84.1,165,2,56.63,503514,FW-23805,1
EQP-35287,11500.7,Gas_Natural,Noite,Oeste,75.1,3.75,71.8,266,0,55.47,549473,FW-5FDDB,1
EQP-35288,14556.4,diesel,Manha,Norte,76.7,,114.9,83,0,-48.04,442775,FW-35F35,1
EQP-35289,882.7,Eletrico,Tarde,Oeste,94.2,4.24,81.2,287,1,24.16,750884,FW-19250,1
EQP-35290,12172.5, DIESEL ,Manha,Sul,104.1,5.85,81.8,90,3,22.43,366549,FW-AD21B,1
EQP-35291,, DIESEL ,Manha,Sul,90.7,8.92,115.4,67,0,-0.75,146055,FW-27DB2,1
EQP-35292,106.2,Gas_Natural,Tarde,Leste,95.4,11.45,105.7,315,1,-33.46,309325,FW-6AFE6,1
EQP-35293,1069.2,Hibrido,Manha,Oeste,78.5,3.09,81.0,213,0,21.21,219035,FW-BF160,1
EQP-35294,12951.2,Diesel,Tarde,Oeste,68.4,4.93,91.9,70,1,11.31,517082,FW-B34F3,1
EQP-35295,2576.0, DIESEL ,Tarde,Leste,59.9,0.75,119.5,110,1,7.12,359020,FW-5473E,0
EQP-35296,14519.8,Hibrido,Tarde,Sul,103.8,1.07,132.0,67,0,-16.36,824649,FW-3289E,1
EQP-35297,6950.1,Diesel,Manha,Leste,44.5,10.63,119.9,323,2,-19.47,889103,FW-C3294,1
EQP-35298,5619.7,Gas_Natural,Manha,Leste,62.0,0.93,103.2,147,1,42.2,266957,FW-3B487,0
EQP-35299,2030.6,Diesel,Tarde,Norte,58.8,1.39,88.2,48,1,22.61,685588,FW-540A8,0
EQP-35300,436.6, DIESEL ,Noite,Norte,71.1,0.63,98.6,71,0,-7.93,833594,FW-7BF32,0
EQP-35301,6738.5,Diesel,Tarde,Norte,42.9,3.04,100.3,124,1,-42.09,617436,FW-806D3,0
EQP-35302,11619.5,Hibrido,Manha,Leste,44.8,1.79,116.7,200,0,41.58,591830,FW-95D8A,0
EQP-35303,7187.9,Eletrico,Tarde,Leste,66.6,9.52,86.7,90,2,-8.89,431242,FW-CBA38,1
EQP-35304,5208.5,Eletrico,Manha,Norte,69.6,2.07,88.1,353,0,52.47,690532,FW-80F83,0
EQP-35305,12434.2,Diesel,Tarde,Oeste,64.6,3.96,121.8,204,0,-12.65,976770,FW-A5306,1
EQP-35306,1083.8,Diesel,Manha,Norte,69.3,,97.1,219,1,27.06,414400,FW-BC2E8,1
EQP-35307,13445.5,Eletrico,Noite,Sul,61.3,1.91,93.0,254,1,-18.08,905614,FW-93801,1
EQP-35308,13255.2, DIESEL ,Noite,Leste,77.2,16.14,117.7,184,0,-23.03,305920,FW-AE4F8,1
EQP-35309,6053.7,Diesel,Noite,Leste,87.0,0.83,74.4,4,1,23.89,794215,FW-4BFEB,0
EQP-35310,14110.4,Diesel,Tarde,Oeste,58.4,0.76,62.8,263,0,12.93,960308,FW-DA0E7,1
EQP-35311,14582.1,Eletrico,Tarde,Oeste,63.6,5.6,86.7,298,0,-7.11,898991,FW-F1F8A,1
EQP-35312,13471.5,diesel,Tarde,Oeste,69.3,5.37,121.3,169,0,-4.34,342482,FW-C24A6,1
EQP-35313,1581.5, DIESEL ,Manha,Norte,57.3,1.35,119.5,93,0,1.67,414472,FW-EC9DD,0
EQP-35314,6399.8,Gas_Natural,Manha,Oeste,97.4,1.38,103.8,129,0,-16.88,479181,FW-4EF97,1
EQP-35315,14345.8,Eletrico,Tarde,Sul,101.9,7.69,103.0,294,1,-39.07,113543,FW-902B8,1
EQP-35316,13718.5,diesel,Noite,Leste,79.3,0.95,107.4,78,1,26.98,132556,FW-755C2,1
EQP-35317,9183.4,Eletrico,Manha,Norte,90.6,3.3,90.2,251,1,-54.13,539689,FW-200B8,1
EQP-35318,7374.0,diesel,Tarde,Norte,100.8,5.86,66.0,338,1,-5.81,137880,FW-EA847,1
EQP-35319,10030.5, DIESEL ,Manha,Oeste,88.6,4.44,102.0,182,0,-9.29,118056,FW-5D530,1
EQP-35320,14071.9,Diesel,Noite,Sul,55.1,1.03,100.8,214,0,52.11,989617,FW-BADC4,1
EQP-35321,8967.6,Diesel,Manha,Leste,96.5,1.86,95.6,254,2,-43.2,330474,FW-C791D,1
EQP-35322,4711.5, DIESEL ,Manha,Leste,87.6,1.7,93.8,214,0,6.62,990402,FW-C6762,1
EQP-35323,7280.0,Diesel,Noite,Norte,47.0,13.42,105.5,282,0,32.14,101642,FW-5142C,1
EQP-35324,2120.1,Diesel,Noite,Oeste,79.0,0.94,71.5,258,0,-8.09,302019,FW-99CEF,1
EQP-35325,7267.7,diesel,Manha,Leste,81.3,6.25,88.8,266,0,44.41,610997,FW-9738C,0
EQP-35326,414.3,Diesel,Tarde,Sul,96.9,2.21,109.7,193,1,-5.04,330977,FW-56D5B,1
EQP-35327,3143.8,Diesel,Tarde,Leste,76.4,20.84,96.7,287,1,-41.21,554722,FW-35333,1
EQP-35328,2714.5,Eletrico,Manha,Norte,121.2,9.62,96.3,195,2,11.23,882957,FW-E85BA,1
EQP-35329,8634.0,Diesel,Tarde,Leste,46.5,4.78,96.0,348,2,24.45,219885,FW-B629F,1
EQP-35330,6367.9, DIESEL ,Noite,Sul,96.9,6.08,114.4,345,0,-45.41,840608,FW-B7003,1
EQP-35331,8762.6,diesel,Manha,Oeste,41.5,2.33,109.1,191,0,-37.45,738075,FW-8CB11,1
EQP-35332,370.9,Gas_Natural,Tarde,Norte,79.1,0.92,83.5,190,0,-8.44,438571,FW-D8BF6,0
EQP-35333,6396.6,Diesel,Manha,Norte,76.1,10.23,107.6,181,0,-54.76,490881,FW-18B64,1
EQP-35334,7532.0,Eletrico,Manha,Sul,89.7,12.53,83.0,340,1,69.08,227347,FW-C268D,1
EQP-35335,2158.9,Gas_Natural,Manha,Leste,84.6,3.41,103.0,227,0,-20.96,290863,FW-E6758,1
EQP-35336,,Gas_Natural,Noite,Sul,67.9,9.55,103.1,200,2,9.86,531980,FW-A6972,1
EQP-35337,14485.1,diesel,Manha,Oeste,60.4,11.59,113.7,31,0,-1.88,532061,FW-9A26F,1
EQP-35338,6134.7, DIESEL ,Manha,Oeste,69.2,0.96,124.5,299,1,-6.04,817279,FW-644DC,1
EQP-35339,2305.8,Diesel,Manha,Norte,96.1,0.58,85.0,10,0,-12.49,818757,FW-85F0B,0
EQP-35340,666.2,Gas_Natural,Noite,Oeste,56.3,,102.6,264,3,-49.29,267132,FW-D1F82,1
EQP-35341,,diesel,Noite,Sul,83.5,4.37,84.3,210,0,37.8,247920,FW-4BE0D,1
EQP-35342,5005.9,Diesel,Tarde,Sul,65.9,1.24,110.9,360,1,36.76,888219,FW-1E0C6,1
EQP-35343,,Eletrico,Manha,Leste,65.0,1.18,108.2,167,1,33.65,607960,FW-237B7,0
EQP-35344,4687.3,Diesel,Tarde,Norte,107.4,5.3,88.2,354,1,4.83,760806,FW-42BDE,1
EQP-35345,872.4, DIESEL ,Tarde,Norte,76.0,5.03,106.2,61,0,32.74,497149,FW-DFE1F,0
EQP-35346,2214.5,Diesel,Noite,Leste,92.7,5.77,79.5,168,1,-52.1,514281,FW-40523,1
EQP-35347,14073.0,Diesel,Noite,Sul,42.7,2.23,91.7,211,0,-8.17,922193,FW-E7E22,0
EQP-35348,9777.4, DIESEL ,Tarde,Oeste,90.7,5.01,95.0,110,1,-25.45,994247,FW-889BB,1
EQP-35349,11022.9,Eletrico,Manha,Leste,59.3,12.66,95.9,180,0,-46.08,430238,FW-CA365,1
EQP-35350,8074.0,Eletrico,Noite,Oeste,86.0,1.25,110.4,163,0,24.92,279418,FW-7B1BB,0
EQP-35351,13464.1,diesel,Manha,Leste,81.7,1.79,98.5,129,1,-72.83,906382,FW-D6814,1
EQP-35352,11921.9,Diesel,Tarde,Norte,90.6,15.13,103.4,225,1,-19.76,768866,FW-E23EC,1
EQP-35353,8197.6,Diesel,Noite,Oeste,61.8,1.09,121.4,154,0,3.59,260802,FW-78B2F,0
EQP-35354,1750.6,Gas_Natural,Noite,Sul,82.4,1.38,115.5,127,2,-33.32,183943,FW-DF758,1
EQP-35355,12141.7,diesel,Tarde,Sul,68.5,5.86,87.2,7,0,28.47,301514,FW-B0C17,0
EQP-35356,10679.4,diesel,Manha,Oeste,83.1,4.34,115.5,91,1,82.39,239450,FW-A87A4,1
EQP-35357,3815.7,Diesel,Manha,Leste,85.5,2.35,92.0,359,0,-9.4,278327,FW-A2CDB,1
EQP-35358,12523.8,Hibrido,Tarde,Norte,82.7,4.68,106.7,294,0,-0.13,327833,FW-BAD40,1
EQP-35359,1595.5,Diesel,Noite,Oeste,70.7,5.72,85.8,145,1,51.89,399298,FW-35FE9,1
EQP-35360,12861.4,diesel,Tarde,Sul,84.4,7.37,115.3,83,1,67.52,402516,FW-38320,1
EQP-35361,911.9,Eletrico,Tarde,Oeste,88.4,2.86,75.1,289,0,-11.86,586968,FW-89276,1
EQP-35362,12688.0,diesel,Manha,Sul,95.8,4.72,100.6,300,0,-41.77,710995,FW-7809A,1
EQP-35363,5831.2,Eletrico,Noite,Sul,68.2,0.99,82.3,316,1,-24.88,277037,FW-41850,1
EQP-35364,3145.8,Eletrico,Manha,Oeste,39.8,6.01,99.2,95,2,7.04,758916,FW-EA05E,0
EQP-35365,12978.3,diesel,Tarde,Sul,65.7,6.79,106.4,70,2,16.11,179923,FW-18BED,1
EQP-35366,13698.6,Diesel,Noite,Oeste,59.7,13.72,109.1,275,1,-46.98,142122,FW-5CF87,1
EQP-35367,13648.9,Eletrico,Manha,Sul,57.0,1.06,103.3,267,0,-20.43,575794,FW-B1A7E,0
EQP-35368,9095.8,Diesel,Manha,Leste,74.7,4.18,87.9,228,0,-16.24,937919,FW-48129,0
EQP-35369,11139.1,Diesel,Manha,Sul,76.5,1.26,99.7,96,1,8.98,638496,FW-8C0E8,1
EQP-35370,9587.9,Diesel,Manha,Sul,56.0,3.69,97.4,140,1,-9.48,962369,FW-E5C2E,1
EQP-35371,14332.8,diesel,Noite,Leste,67.1,0.56,129.5,77,1,-17.91,734387,FW-AEC62,0
EQP-35372,6504.8,Diesel,Noite,Leste,75.7,2.52,116.0,247,0,6.31,924612,FW-29612,0
EQP-35373,12248.3,diesel,Tarde,Norte,90.2,5.39,88.0,15,0,38.68,707258,FW-7ED1E,0
EQP-35374,7104.3,Hibrido,Manha,Leste,95.0,,119.3,242,0,-28.72,709083,FW-76ED9,1
EQP-35375,5743.1, DIESEL ,Tarde,Oeste,89.4,2.62,121.9,123,0,-33.27,247559,FW-B46E5,1
EQP-35376,6551.4,Diesel,Manha,Leste,87.0,6.85,99.5,152,1,-11.97,156975,FW-76B57,1
EQP-35377,,Eletrico,Manha,Oeste,88.2,4.98,82.1,181,1,-11.77,856553,FW-E8E7D,1
EQP-35378,9996.4,diesel,Noite,Leste,92.7,2.13,103.9,255,0,-48.7,980316,FW-456AC,1
EQP-35379,6312.1,Eletrico,Noite,Oeste,89.4,3.45,65.3,231,1,11.14,262374,FW-940E9,1
EQP-35380,3405.6, DIESEL ,Noite,Norte,86.9,2.49,82.8,210,0,4.12,364189,FW-99804,0
EQP-35381,8911.5,Hibrido,Tarde,Norte,38.8,,80.6,198,0,-15.27,946891,FW-52EA3,0
EQP-35382,13103.9, DIESEL ,Tarde,Sul,82.5,4.68,100.4,332,2,32.03,539003,FW-D9F05,1
EQP-35383,608.1,Hibrido,Noite,Norte,91.1,2.39,99.1,311,1,123.83,961581,FW-D0929,1
EQP-35384,4357.9,Eletrico,Tarde,Oeste,105.6,6.97,101.2,136,2,-5.55,922383,FW-D5E85,1
EQP-35385,13051.1,Diesel,Noite,Norte,64.5,12.86,59.3,118,1,-2.58,103486,FW-9659F,1
EQP-35386,1496.6,Hibrido,Manha,Norte,72.6,6.76,89.2,51,0,-3.12,142974,FW-1BAC3,0
EQP-35387,107.7,Diesel,Noite,Sul,98.9,5.58,74.4,163,2,40.49,446543,FW-73C31,1
EQP-35388,3696.0,diesel,Manha,Leste,77.0,1.64,82.4,64,0,-20.54,780540,FW-C8636,0
EQP-35389,13673.0,Gas_Natural,Manha,Oeste,72.6,3.02,108.3,343,4,-2.28,241219,FW-7D8E6,1
EQP-35390,12238.3,Gas_Natural,Noite,Norte,109.8,3.39,88.1,213,1,11.64,479750,FW-BB622,1
EQP-35391,13687.5,Eletrico,Tarde,Sul,62.9,2.51,108.1,324,0,-28.35,886709,FW-DEDA3,1
EQP-35392,11660.0, DIESEL ,Noite,Norte,89.2,2.33,110.8,2,0,38.29,438611,FW-D2BC7,1
EQP-35393,14949.9,Hibrido,Noite,Leste,83.7,4.49,77.7,99,0,3.15,399255,FW-5BD19,1
EQP-35394,4957.0, DIESEL ,Tarde,Oeste,79.0,11.84,80.0,307,0,16.15,545690,FW-669FC,1
EQP-35395,5019.1,Gas_Natural,Noite,Oeste,56.8,5.93,102.6,151,1,-35.91,446627,FW-4EF73,0
EQP-35396,10085.9,Hibrido,Noite,Norte,91.8,3.67,109.7,251,2,-28.57,235159,FW-83601,1
EQP-35397,1887.5,Hibrido,Manha,Sul,86.1,24.3,98.2,115,0,40.38,774514,FW-6511E,1
EQP-35398,10136.5,Diesel,Tarde,Sul,71.5,2.8,114.0,316,0,-34.88,224516,FW-B6670,1
EQP-35399,1921.5,diesel,Manha,Norte,82.9,8.8,108.1,167,0,-26.17,704251,FW-662C7,1
EQP-35400,14552.9,Eletrico,Manha,Leste,79.1,14.19,97.0,327,2,40.46,729848,FW-77C5E,1
EQP-35401,12725.3,Diesel,Manha,Norte,98.1,2.18,145.7,44,0,26.54,922987,FW-EBA95,0
EQP-35402,1950.8,Eletrico,Manha,Sul,51.1,12.45,85.3,180,1,2.02,223656,FW-637FC,1
EQP-35403,6041.4,Diesel,Noite,Norte,40.7,2.08,69.6,119,1,17.3,528493,FW-EA818,0
EQP-35404,7435.7,Hibrido,Manha,Norte,70.5,4.31,110.2,39,0,-56.19,323364,FW-6E8A0,1
EQP-35405,11728.8,Diesel,Noite,Norte,51.9,6.83,107.0,168,1,2.99,988814,FW-3BBBD,1
EQP-35406,10139.9, DIESEL ,Noite,Norte,98.9,3.11,88.6,92,1,-18.79,774383,FW-ADCB9,1
EQP-35407,11508.0,Eletrico,Noite,Sul,71.2,8.84,90.2,343,0,14.83,705794,FW-601EA,1
EQP-35408,12611.7,diesel,Noite,Leste,75.1,0.76,121.9,25,2,-35.49,155265,FW-4F048,1
EQP-35409,10742.9, DIESEL ,Manha,Norte,79.2,2.73,106.5,29,0,-9.91,229762,FW-A6FE0,1
EQP-35410,4843.7,diesel,Tarde,Norte,88.0,3.24,84.7,106,1,31.16,896000,FW-89847,1
EQP-35411,5298.6,Diesel,Noite,Norte,87.7,2.9,77.5,64,0,-38.66,430838,FW-62542,0
EQP-35412,6287.7,Hibrido,Noite,Oeste,47.6,3.36,97.5,99,0,62.3,109807,FW-5234E,0
EQP-35413,2298.2,Gas_Natural,Tarde,Norte,62.7,4.67,70.6,350,2,-56.19,552468,FW-D635F,1
EQP-35414,528.7, DIESEL ,Noite,Leste,94.9,,117.1,64,2,-19.37,307816,FW-C4712,1
EQP-35415,6266.4,Diesel,Tarde,Oeste,88.3,0.75,87.2,266,1,28.44,242054,FW-7A56F,0
EQP-35416,,Eletrico,Manha,Oeste,55.9,5.64,99.1,23,1,-41.13,651735,FW-5CA83,1
EQP-35417,3448.3, DIESEL ,Tarde,Oeste,75.3,,114.2,190,0,-67.96,272027,FW-B2864,1
EQP-35418,4679.2,Eletrico,Noite,Oeste,91.9,0.7,81.1,346,1,-19.57,771748,FW-3781E,1
EQP-35419,5151.0,Gas_Natural,Tarde,Sul,73.9,5.42,129.4,257,1,72.58,281565,FW-EC880,1
EQP-35420,4032.3,diesel,Noite,Norte,51.0,13.16,88.6,171,1,26.51,662131,FW-C01D2,1
EQP-35421,2196.5,Diesel,Tarde,Sul,105.3,1.77,85.8,328,2,-7.3,119838,FW-22F39,1
EQP-35422,2162.8,Gas_Natural,Tarde,Sul,59.6,2.35,82.6,304,1,-36.99,374899,FW-855DA,1
EQP-35423,7507.7,Eletrico,Noite,Norte,99.2,5.53,100.0,268,2,-31.74,813766,FW-61C23,1
EQP-35424,13390.7,Eletrico,Tarde,Leste,79.2,1.23,109.2,286,0,9.49,463558,FW-E49A3,0
EQP-35425,7054.2,Hibrido,Manha,Oeste,51.2,12.23,50.0,362,0,55.87,821486,FW-E4846,1
EQP-35426,11575.5,Eletrico,Manha,Norte,59.5,1.33,114.4,89,0,-34.24,679844,FW-EE438,0
EQP-35427,6680.3,Hibrido,Tarde,Leste,45.7,9.15,83.5,320,2,-50.32,628104,FW-1C2AB,1
EQP-35428,9593.7,diesel,Tarde,Sul,75.4,1.18,121.6,2,1,-20.23,403300,FW-97950,0
EQP-35429,8257.3,Eletrico,Manha,Sul,52.8,,110.0,81,0,-13.82,474046,FW-7790D,0
EQP-35430,12163.1,Eletrico,Manha,Norte,88.4,3.38,102.6,219,2,32.95,531598,FW-C21F4,1
EQP-35431,4130.7,Diesel,Tarde,Leste,59.8,5.62,108.4,179,2,0.3,821577,FW-41B76,1
EQP-35432,13966.2,diesel,Noite,Leste,83.1,8.31,92.2,2,0,-2.75,311801,FW-745BE,1
EQP-35433,9769.4,Eletrico,Manha,Norte,41.5,14.25,100.0,100,1,34.96,773528,FW-7D161,0
EQP-35434,2550.7,Hibrido,Tarde,Oeste,80.7,1.93,118.7,330,1,-0.96,681174,FW-2D10C,1
EQP-35435,211.4,Eletrico,Noite,Norte,106.2,0.72,85.0,199,1,1.82,709077,FW-7F57A,1
EQP-35436,2941.2,diesel,Manha,Norte,75.3,2.88,119.9,231,1,-22.03,896787,FW-E5A71,1
EQP-35437,6227.4, DIESEL ,Manha,Oeste,82.6,8.29,88.7,291,0,-2.53,814932,FW-69B73,1
EQP-35438,7888.6, DIESEL ,Manha,Oeste,48.4,6.88,121.6,125,0,-9.17,315415,FW-D888B,1
EQP-35439,5505.2,Diesel,Manha,Leste,46.7,1.74,115.1,322,1,50.04,383283,FW-965B8,0
EQP-35440,1159.1,Diesel,Tarde,Norte,56.9,,113.1,270,0,-21.12,545884,FW-B5605,0
EQP-35441,8451.3,Eletrico,Tarde,Oeste,97.5,7.05,99.1,75,1,-24.76,108842,FW-DDEB9,1
EQP-35442,8041.9,Hibrido,Manha,Sul,53.5,8.39,113.4,92,0,-21.72,581372,FW-E482A,1
EQP-35443,3421.8,diesel,Tarde,Norte,85.4,2.17,88.2,95,1,28.75,369381,FW-CB1FE,0
EQP-35444,11739.0,Diesel,Tarde,Oeste,68.9,2.0,74.4,62,0,1.43,979443,FW-505F3,0
EQP-35445,9952.7,Diesel,Tarde,Sul,63.9,5.0,105.2,307,0,-4.09,431474,FW-B0514,1
EQP-35446,8779.1,Eletrico,Tarde,Leste,67.0,1.68,122.3,42,1,-4.35,839352,FW-BBCE6,1
EQP-35447,2920.6,Diesel,Tarde,Sul,65.6,0.66,105.7,228,1,41.71,761914,FW-65C13,0
EQP-35448,12861.2,Eletrico,Noite,Sul,87.8,4.64,85.2,179,0,-60.12,455326,FW-9F045,1
EQP-35449,1085.9,Diesel,Tarde,Leste,66.1,9.31,88.9,304,1,-52.66,408928,FW-3E75F,1
EQP-35450,4786.4,Eletrico,Noite,Oeste,80.5,9.31,107.1,311,2,10.89,252101,FW-1A081,1
EQP-35451,,Gas_Natural,Manha,Leste,71.9,3.84,112.6,32,1,-30.24,262031,FW-5F00B,0
EQP-35452,3505.4,diesel,Noite,Sul,87.2,0.97,96.4,188,0,5.55,952122,FW-CC67F,0
EQP-35453,2710.5,Diesel,Noite,Sul,73.9,3.23,111.5,277,1,-20.45,716527,FW-EC645,0
EQP-35454,8611.7, DIESEL ,Manha,Sul,94.7,3.76,89.3,262,0,-40.24,369094,FW-BDC10,1
EQP-35455,668.6,Hibrido,Tarde,Oeste,73.0,5.58,94.1,297,1,-56.68,358693,FW-C3BA7,1
EQP-35456,3834.3,Gas_Natural,Noite,Norte,38.6,1.43,129.3,291,1,-13.0,628017,FW-5380E,0
EQP-35457,10079.8,Eletrico,Noite,Norte,79.3,4.62,99.3,206,0,13.34,150612,FW-CC86D,1
EQP-35458,12333.7,Diesel,Manha,Norte,61.7,2.38,78.6,273,2,48.59,904072,FW-96D6B,1
EQP-35459,5155.1,Diesel,Tarde,Sul,57.3,,93.6,77,2,-54.9,325630,FW-2F5E5,1
EQP-35460,2462.8,diesel,Tarde,Leste,67.9,7.7,94.6,251,0,0.27,186124,FW-28A95,0
EQP-35461,12455.0, DIESEL ,Manha,Sul,95.3,2.39,115.5,166,0,39.42,237145,FW-561E7,1
EQP-35462,2022.1,Diesel,Manha,Norte,80.7,8.27,113.8,316,1,16.74,449325,FW-87B5E,1
EQP-35463,10374.2,Diesel,Manha,Norte,103.6,1.15,111.5,216,1,-20.16,551811,FW-62F79,1
EQP-35464,606.0,Diesel,Tarde,Norte,62.9,7.94,65.8,326,1,-16.16,665950,FW-9B3C4,1
EQP-35465,8897.6,Eletrico,Tarde,Leste,95.4,4.45,104.5,247,1,11.83,546719,FW-A63DF,1
EQP-35466,6541.5,Diesel,Noite,Norte,82.6,4.07,95.0,212,0,5.05,205769,FW-7C401,1
EQP-35467,8715.2, DIESEL ,Manha,Oeste,75.5,3.72,113.4,21,0,-86.48,106099,FW-1ABAE,1
EQP-35468,6757.8, DIESEL ,Tarde,Norte,62.5,4.99,99.5,186,0,61.21,919078,FW-45647,0
EQP-35469,12616.2,Eletrico,Manha,Norte,96.3,,100.8,76,2,41.51,396505,FW-AAF5E,1
EQP-35470,5855.9,Diesel,Manha,Leste,70.6,2.59,95.1,306,0,-17.23,579794,FW-4DD9A,1
EQP-35471,9056.3, DIESEL ,Manha,Norte,42.4,4.65,114.0,43,2,-30.77,860708,FW-E3300,0
EQP-35472,193.2, DIESEL ,Noite,Sul,76.9,7.49,70.2,195,1,43.64,382803,FW-9BFFF,0
EQP-35473,8048.1,Gas_Natural,Manha,Leste,95.1,3.05,100.6,66,1,-6.9,590514,FW-96D2A,1
EQP-35474,13728.8, DIESEL ,Manha,Oeste,67.2,3.83,76.6,70,0,-33.69,340801,FW-9C560,1
EQP-35475,5193.6,Eletrico,Manha,Norte,57.5,10.12,61.4,281,1,69.83,960755,FW-42077,1
EQP-35476,8256.7,Eletrico,Noite,Sul,80.8,1.02,76.6,48,0,-87.33,357687,FW-ACDDF,0
EQP-35477,,Eletrico,Noite,Sul,52.5,10.19,107.9,191,0,-21.16,524770,FW-DEFDB,1
EQP-35478,982.8, DIESEL ,Manha,Norte,65.2,0.6,98.9,190,2,-16.53,361955,FW-9604F,1
EQP-35479,7042.9,Diesel,Noite,Leste,74.2,3.27,97.4,221,1,-28.87,519039,FW-37ABE,1
EQP-35480,9174.9,Eletrico,Manha,Sul,57.7,2.47,106.3,11,0,-19.72,792139,FW-93D51,1
EQP-35481,1118.6,Hibrido,Manha,Norte,113.2,1.26,75.2,22,1,21.95,182169,FW-C2C96,0
EQP-35482,14688.7, DIESEL ,Manha,Oeste,78.3,0.78,105.8,338,1,25.61,733385,FW-A71B7,1
EQP-35483,345.1,Diesel,Tarde,Norte,34.4,5.95,68.4,316,4,18.32,176190,FW-C07BE,1
EQP-35484,6638.8,Eletrico,Manha,Norte,75.1,3.52,112.9,218,3,89.05,894308,FW-3A95F,1
EQP-35485,6934.5, DIESEL ,Noite,Sul,85.2,4.93,97.1,16,0,55.95,967108,FW-1FFE5,1
EQP-35486,3133.7,Diesel,Manha,Oeste,76.1,8.57,102.3,236,0,-10.17,961041,FW-C2E96,1
EQP-35487,9122.2,Eletrico,Manha,Sul,70.8,2.61,103.6,322,1,-8.98,703070,FW-7329D,1
EQP-35488,135.1, DIESEL ,Noite,Oeste,76.2,7.08,59.3,253,0,45.94,102706,FW-A3DA2,1
EQP-35489,234.6,Eletrico,Tarde,Norte,66.8,2.57,117.6,12,0,-21.02,135349,FW-29466,0
EQP-35490,5780.3,Gas_Natural,Noite,Norte,53.3,18.25,75.0,46,0,28.56,377782,FW-E0705,1
EQP-35491,3511.3, DIESEL ,Manha,Norte,67.4,18.14,93.3,160,0,46.4,856797,FW-B5781,1
EQP-35492,10599.0,diesel,Tarde,Leste,115.3,0.53,111.9,232,1,0.91,433060,FW-D33A0,1
EQP-35493,6759.9,Diesel,Noite,Leste,67.4,3.69,97.1,239,1,41.92,987304,FW-BD7E9,1
EQP-35494,13911.8, DIESEL ,Manha,Sul,76.1,2.11,116.1,299,0,-11.46,701688,FW-3292B,1
EQP-35495,5072.3,Hibrido,Noite,Norte,72.3,5.66,104.3,189,0,-22.64,726234,FW-27FC1,1
EQP-35496,13983.3,diesel,Manha,Norte,100.4,3.14,100.7,288,2,75.05,527578,FW-72B23,1
EQP-35497,12826.9,Eletrico,Noite,Sul,82.1,0.75,116.5,164,0,1.31,122159,FW-82D3C,1
EQP-35498,,diesel,Noite,Norte,119.4,0.93,95.8,62,0,61.98,918556,FW-CBFD7,1
EQP-35499,1740.5,diesel,Manha,Norte,90.8,10.76,129.6,137,0,15.68,504441,FW-A6D43,1
EQP-35500,14865.3,Diesel,Tarde,Oeste,93.1,18.24,72.3,159,1,-74.48,796067,FW-29E3E,1
EQP-35501,229.5, DIESEL ,Noite,Oeste,72.6,2.39,85.9,118,1,-11.38,463960,FW-7E568,0
EQP-35502,5374.4,Eletrico,Tarde,Oeste,36.0,,116.8,313,0,-31.19,565017,FW-75040,0
EQP-35503,8375.9,Diesel,Manha,Norte,91.3,4.57,106.8,23,0,-43.35,607667,FW-81221,1
EQP-35504,2749.5,Hibrido,Tarde,Leste,105.5,1.38,136.6,119,1,-24.2,873559,FW-268E1,1
EQP-35505,10724.3,Gas_Natural,Manha,Leste,66.6,0.69,77.9,108,1,27.29,845287,FW-67F4A,1
EQP-35506,12478.4,Diesel,Manha,Oeste,68.5,18.81,132.0,83,0,31.31,299123,FW-EABEB,1
EQP-35507,9421.5,Eletrico,Tarde,Sul,93.9,1.52,76.8,130,0,2.8,118538,FW-2969C,0
EQP-35508,7101.1,Eletrico,Manha,Norte,70.8,9.59,92.6,332,1,14.33,595349,FW-92E26,1
EQP-35509,8646.5,Diesel,Manha,Leste,85.8,0.65,88.7,69,0,9.98,683219,FW-B9E43,1
EQP-35510,4272.5,diesel,Manha,Leste,103.7,9999.0,107.8,27,3,13.07,970153,FW-2C041,1
EQP-35511,8377.9,diesel,Tarde,Norte,90.7,29.41,85.0,273,0,9.72,956825,FW-B650C,1
EQP-35512,12518.6,Eletrico,Tarde,Norte,75.8,3.14,92.9,59,1,10.38,662792,FW-A21CF,1
EQP-35513,1238.0,Eletrico,Tarde,Leste,74.6,2.9,106.3,272,1,26.41,753995,FW-2609E,1
EQP-35514,5166.4,Diesel,Manha,Sul,60.0,7.9,92.6,41,1,54.97,273955,FW-42FB7,1
EQP-35515,2386.9,Gas_Natural,Manha,Sul,106.5,,118.6,112,1,-28.19,719863,FW-88B20,0
EQP-35516,14608.9,Diesel,Noite,Sul,83.2,5.33,115.6,44,0,-35.18,401192,FW-A93D8,1
EQP-35517,2045.7,Eletrico,Noite,Oeste,62.6,4.72,81.7,15,1,-63.23,235395,FW-D2BD2,0
EQP-35518,13795.9,Eletrico,Manha,Sul,67.5,1.82,120.7,127,1,14.51,474070,FW-6BF32,1
EQP-35519,3317.1,diesel,Tarde,Norte,49.8,8.97,107.9,11,2,20.33,611054,FW-AF128,1
EQP-35520,14456.7,diesel,Noite,Sul,96.5,1.17,87.6,218,1,62.36,793544,FW-45EC9,1
EQP-35521,1599.4,Diesel,Noite,Leste,78.8,3.33,65.4,282,3,-63.89,507907,FW-E2B27,1
EQP-35522,11160.4, DIESEL ,Manha,Oeste,79.2,2.68,110.1,145,1,-66.08,200700,FW-57F5F,1
EQP-35523,8210.9,diesel,Manha,Sul,89.4,5.43,107.9,294,0,17.96,680627,FW-C3989,1
EQP-35524,14966.7, DIESEL ,Manha,Sul,87.9,16.65,96.4,20,0,7.15,429587,FW-2EC41,1
EQP-35525,2392.8, DIESEL ,Manha,Leste,76.1,2.29,112.3,206,2,-24.93,324797,FW-B5CB5,1
EQP-35526,,Hibrido,Noite,Leste,45.5,3.4,109.9,345,3,13.64,319199,FW-898C0,1
EQP-35527,5266.0, DIESEL ,Noite,Leste,82.1,9.8,100.4,215,0,-4.59,867362,FW-9BC18,1
EQP-35528,1563.3,Diesel,Noite,Oeste,60.7,4.18,108.9,44,0,38.38,814187,FW-E7450,1
EQP-35529,11952.2, DIESEL ,Noite,Sul,42.4,1.06,75.2,262,0,50.0,992438,FW-5CD9E,0
EQP-35530,,Gas_Natural,Manha,Sul,46.6,14.32,112.5,21,0,-16.84,111923,FW-E4A80,0
EQP-35531,3835.8,Eletrico,Manha,Leste,97.3,9.46,127.9,191,1,30.13,107856,FW-C77E2,1
EQP-35532,8163.2,Eletrico,Manha,Sul,63.8,17.21,91.5,261,0,5.64,990356,FW-41727,1
EQP-35533,8642.0,diesel,Tarde,Norte,95.9,,111.0,49,1,-53.59,982613,FW-333D4,0
EQP-35534,12312.2, DIESEL ,Noite,Norte,88.7,12.07,117.7,287,2,42.24,215342,FW-72486,1
EQP-35535,13032.3,Eletrico,Manha,Norte,51.0,3.87,78.2,178,1,-2.81,321255,FW-6B367,1
EQP-35536,465.5,diesel,Manha,Norte,86.4,10.31,87.4,232,1,11.7,757603,FW-962EF,1
EQP-35537,978.2,Hibrido,Noite,Oeste,81.8,3.76,94.1,22,0,-48.91,421307,FW-BC781,1
EQP-35538,4381.5,Diesel,Tarde,Sul,65.9,,113.6,73,1,27.59,839707,FW-B86E5,1
EQP-35539,5383.0,diesel,Manha,Norte,81.2,0.59,90.2,56,0,14.68,390150,FW-719A4,0
EQP-35540,3287.2,Diesel,Manha,Norte,22.4,7.43,91.9,249,1,28.09,158335,FW-91BD7,1
EQP-35541,1674.5,Hibrido,Noite,Leste,72.5,0.75,93.0,7,0,-38.53,160706,FW-8249C,0
EQP-35542,12175.3,Hibrido,Tarde,Norte,70.9,,110.9,325,0,-13.65,712945,FW-CF6A8,1
EQP-35543,740.9,Diesel,Tarde,Norte,54.6,1.88,92.7,191,2,-26.57,664268,FW-BD51A,1
EQP-35544,8110.6,Gas_Natural,Tarde,Leste,66.7,1.84,87.6,34,2,17.32,258831,FW-E2134,1
EQP-35545,6094.2,Eletrico,Noite,Leste,73.8,9.41,88.8,248,0,-28.5,441111,FW-EC0FA,1
EQP-35546,5317.4,Hibrido,Tarde,Leste,83.6,3.57,95.8,166,0,-48.92,824650,FW-AE530,1
EQP-35547,8810.8,Gas_Natural,Tarde,Oeste,73.2,1.1,90.0,323,1,33.8,711259,FW-8C9AA,1
EQP-35548,8230.4,Hibrido,Manha,Sul,111.6,2.01,117.9,110,1,-18.07,920419,FW-3932F,1
EQP-35549,10703.7,Diesel,Tarde,Leste,70.2,5.82,125.0,79,2,-32.2,355787,FW-6191C,1
EQP-35550,6823.1,Eletrico,Manha,Sul,102.7,0.74,78.5,166,1,17.74,212768,FW-30306,1
EQP-35551,3777.6, DIESEL ,Manha,Sul,69.1,10.31,87.4,223,0,52.29,365628,FW-F0717,1
EQP-35552,2849.2,Diesel,Manha,Leste,73.9,5.63,79.3,357,0,-7.57,443959,FW-9DD69,1
EQP-35553,4799.0,Eletrico,Tarde,Sul,63.5,27.86,126.0,233,0,67.29,561268,FW-3D109,1
EQP-35554,,Diesel,Tarde,Norte,93.3,1.09,130.9,255,0,-25.69,674672,FW-C3B86,1
EQP-35555,11574.5,Diesel,Noite,Oeste,121.9,2.68,110.3,230,1,23.94,299013,FW-596F1,1
EQP-35556,12024.7,Diesel,Manha,Leste,88.8,4.92,106.9,94,5,22.91,928285,FW-9EEAD,1
EQP-35557,11275.9, DIESEL ,Tarde,Norte,91.4,2.04,128.4,170,2,16.93,193268,FW-A760C,1
EQP-35558,8730.7,Eletrico,Tarde,Oeste,51.7,7.46,102.4,12,1,13.51,427826,FW-782CB,1
EQP-35559,8294.9, DIESEL ,Manha,Leste,72.9,1.81,107.7,309,1,45.33,644162,FW-DE418,1
EQP-35560,10314.7,Diesel,Noite,Sul,60.6,10.09,139.0,223,3,-5.24,974510,FW-C3153,1
EQP-35561,170.6,diesel,Manha,Oeste,75.1,11.66,97.4,304,3,39.8,224297,FW-876DF,1
EQP-35562,9259.1,Eletrico,Manha,Norte,66.7,,69.6,191,0,-51.79,137085,FW-1DB42,0
EQP-35563,5547.0,diesel,Tarde,Oeste,69.2,5.19,121.6,362,1,-7.83,644998,FW-7102F,1
EQP-35564,14941.4, DIESEL ,Tarde,Leste,89.8,3.49,81.0,44,0,-52.64,711447,FW-320F2,1
EQP-35565,600.6,Diesel,Tarde,Sul,112.2,3.23,119.3,310,1,-30.27,826212,FW-E3EF4,1
EQP-35566,9412.7,Gas_Natural,Noite,Sul,63.5,1.96,125.5,172,1,-5.07,373516,FW-B54F4,0
EQP-35567,7753.3,Eletrico,Manha,Sul,100.4,3.37,91.8,152,0,-84.73,422600,FW-BA1A6,1
EQP-35568,10054.8,Gas_Natural,Tarde,Sul,68.7,8.54,98.9,280,0,-12.94,993763,FW-B9F64,1
EQP-35569,12342.4,Diesel,Tarde,Norte,56.4,1.71,101.3,21,0,-20.29,946125,FW-5E654,1
EQP-35570,9585.3,Diesel,Tarde,Norte,90.5,2.57,72.5,83,0,33.07,953622,FW-4F56F,1
EQP-35571,11516.9,Diesel,Manha,Leste,94.9,5.3,82.3,68,1,2.76,563906,FW-4A0CB,1
EQP-35572,13595.9,Gas_Natural,Tarde,Oeste,71.8,0.62,86.2,268,0,-62.83,975112,FW-BA8BB,1
EQP-35573,6677.6, DIESEL ,Tarde,Oeste,68.8,18.51,73.5,55,0,-40.58,375497,FW-5606A,1
EQP-35574,8430.6,Eletrico,Tarde,Norte,82.3,4.66,105.9,112,1,6.96,171496,FW-A29BB,1
EQP-35575,3666.6, DIESEL ,Manha,Norte,77.4,2.72,100.3,334,1,43.65,687019,FW-663B6,1
EQP-35576,1450.7,diesel,Manha,Sul,68.1,11.18,110.9,53,2,-60.9,184375,FW-C6AA0,1
EQP-35577,13825.2,Gas_Natural,Manha,Leste,101.9,0.98,102.4,86,0,-36.55,708710,FW-39D8B,1
EQP-35578,1675.7,Diesel,Noite,Sul,108.7,1.32,84.2,144,0,44.98,286608,FW-63FBA,1
EQP-35579,4684.1,Diesel,Manha,Sul,72.9,0.77,98.0,205,2,15.62,522922,FW-EA948,1
EQP-35580,6020.0,Hibrido,Manha,Leste,88.4,,104.9,224,2,-65.74,163108,FW-225A7,1
EQP-35581,11831.3,Diesel,Tarde,Oeste,61.7,10.54,80.8,290,1,-23.01,601256,FW-510D2,1
EQP-35582,4376.2, DIESEL ,Noite,Oeste,60.3,5.72,106.5,109,1,15.09,726616,FW-2ADD1,1
EQP-35583,11422.8,Diesel,Tarde,Sul,97.3,4.94,104.1,333,0,15.08,118021,FW-1ECC5,1
EQP-35584,6149.4,Eletrico,Manha,Sul,54.8,2.23,106.3,286,0,-10.9,334643,FW-E2DAA,0
EQP-35585,10343.3,diesel,Tarde,Sul,60.3,2.89,100.8,197,0,24.11,102665,FW-5DE18,1
EQP-35586,7030.8,Diesel,Manha,Sul,56.0,10.78,92.3,364,0,10.66,257015,FW-CF58D,1
EQP-35587,13704.8,Hibrido,Manha,Leste,39.3,1.93,112.1,128,2,8.1,632913,FW-64BBB,1
EQP-35588,944.9,Eletrico,Noite,Norte,81.2,14.16,109.1,250,3,1.37,443599,FW-C20FF,1
EQP-35589,7081.4,diesel,Tarde,Norte,81.8,1.06,79.6,202,0,-38.26,108327,FW-9ED2B,1
EQP-35590,2917.8,Hibrido,Tarde,Norte,43.8,2.65,124.3,149,0,-38.5,923292,FW-E585B,1
EQP-35591,4058.9,Gas_Natural,Manha,Leste,34.7,5.6,66.7,113,0,16.63,720112,FW-21338,0
EQP-35592,14073.4,Gas_Natural,Manha,Norte,84.9,3.59,97.7,22,0,58.45,647455,FW-F36D2,1
EQP-35593,7968.5,Eletrico,Noite,Sul,92.4,2.3,106.7,167,1,-35.57,706957,FW-AF109,1
EQP-35594,3736.4,Gas_Natural,Manha,Norte,47.8,1.95,100.4,47,2,-35.86,502087,FW-ED251,0
EQP-35595,,Diesel,Manha,Oeste,74.7,0.93,102.5,155,1,41.34,895895,FW-1B2B8,1
EQP-35596,2807.6,Gas_Natural,Noite,Norte,106.6,4.65,108.3,5,0,7.37,698990,FW-E75D7,1
EQP-35597,13046.3,Diesel,Manha,Leste,84.4,1.72,85.4,15,0,65.93,392067,FW-878DB,1
EQP-35598,2195.0,Eletrico,Tarde,Leste,77.2,2.93,107.7,327,1,-58.71,107256,FW-72EBB,1
EQP-35599,10274.3,Gas_Natural,Manha,Oeste,105.4,1.82,107.9,75,3,-15.48,189145,FW-B7A72,1
EQP-35600,12631.6, DIESEL ,Noite,Leste,93.4,1.13,94.7,160,0,27.87,713193,FW-B877E,1
EQP-35601,6967.0, DIESEL ,Manha,Leste,77.4,2.2,77.8,302,1,15.4,634658,FW-36D61,1
EQP-35602,10405.8,diesel,Manha,Sul,104.5,6.62,102.0,267,1,22.61,585784,FW-A0E7E,1
EQP-35603,4369.2,Diesel,Manha,Norte,83.0,3.47,107.2,55,0,-31.12,209323,FW-7895B,1
EQP-35604,7220.5,diesel,Tarde,Norte,81.1,1.46,81.0,103,1,5.25,436887,FW-DD6A0,0
EQP-35605,7028.9,Diesel,Tarde,Leste,75.2,1.42,98.3,166,0,-23.34,660924,FW-2FFFE,1
EQP-35606,1849.5, DIESEL ,Manha,Oeste,78.8,1.79,84.6,359,0,-53.45,284075,FW-52CB0,0
EQP-35607,14225.3,diesel,Tarde,Leste,75.0,3.52,75.4,21,2,-56.72,367402,FW-9FC06,1
EQP-35608,5827.0,Eletrico,Tarde,Sul,43.4,1.52,109.4,179,1,3.47,874368,FW-CE2DC,0
EQP-35609,9273.6,Eletrico,Manha,Norte,121.7,4.6,99.1,128,0,11.88,218232,FW-22A56,1
EQP-35610,6845.4,diesel,Manha,Leste,76.8,0.73,84.2,224,2,-23.36,671560,FW-A68B6,1
EQP-35611,9383.0,diesel,Noite,Norte,92.2,3.5,115.7,255,1,-14.78,595376,FW-6504E,1
EQP-35612,8159.9,Hibrido,Tarde,Leste,62.0,1.58,85.8,236,1,-15.17,895488,FW-4D6A7,1
EQP-35613,12258.8,Diesel,Manha,Oeste,76.2,3.7,57.4,175,0,-30.8,750705,FW-2FE23,1
EQP-35614,12571.2,Eletrico,Noite,Norte,73.7,5.52,92.4,101,0,-69.22,247107,FW-44E6F,1
EQP-35615,9787.7,Diesel,Noite,Norte,100.3,1.06,101.0,138,0,-35.26,909640,FW-43CBE,1
EQP-35616,12762.1,Diesel,Manha,Leste,102.7,1.86,113.9,11,0,-7.61,937274,FW-32ADE,0
EQP-35617,13821.7, DIESEL ,Noite,Sul,61.8,6.55,116.9,189,0,48.03,407464,FW-9E719,1
EQP-35618,7152.9, DIESEL ,Manha,Norte,98.6,0.92,127.7,226,0,10.26,606372,FW-C2AD8,0
EQP-35619,3999.0, DIESEL ,Manha,Norte,75.1,1.2,89.3,185,1,44.92,461257,FW-A79F0,0
EQP-35620,2883.6,Eletrico,Noite,Leste,82.0,22.43,138.4,91,2,-2.13,292308,FW-91343,1
EQP-35621,11268.3, DIESEL ,Manha,Leste,53.2,0.65,92.6,182,1,-40.18,561039,FW-A1676,0
EQP-35622,5240.1,Gas_Natural,Manha,Sul,64.7,5.4,81.7,112,1,-36.9,285486,FW-C4A2E,1
EQP-35623,899.7,Eletrico,Manha,Sul,71.1,2.57,105.2,60,2,3.5,352674,FW-CE117,0
EQP-35624,441.5,Eletrico,Tarde,Norte,68.5,8.05,75.8,284,1,-17.88,186181,FW-E0A77,1
EQP-35625,9500.4,Eletrico,Tarde,Leste,92.7,,113.5,37,0,14.54,177807,FW-C33ED,1
EQP-35626,8512.2,Diesel,Manha,Norte,71.3,9.87,96.4,146,1,15.64,279705,FW-EEBB3,1
EQP-35627,5449.9, DIESEL ,Manha,Norte,35.3,4.66,103.7,362,1,-2.44,119459,FW-3F475,1
EQP-35628,14003.7,diesel,Noite,Oeste,59.8,11.71,129.9,217,0,79.24,997486,FW-E7965,1
EQP-35629,4283.8, DIESEL ,Noite,Oeste,66.1,9.23,122.2,170,0,-49.91,641027,FW-E38A5,1
EQP-35630,,Diesel,Noite,Norte,68.6,44.01,110.4,74,2,-18.89,344772,FW-62531,1
EQP-35631,12872.5, DIESEL ,Tarde,Norte,67.6,1.61,71.1,20,1,-17.43,475206,FW-3DF40,0
EQP-35632,10639.7,Eletrico,Manha,Leste,65.6,1.22,84.5,267,3,12.51,190997,FW-891D9,1
EQP-35633,,Diesel,Manha,Sul,91.9,7.93,94.3,87,0,-4.24,683832,FW-E4D2B,1
EQP-35634,2045.5,Eletrico,Manha,Norte,113.9,9.57,99.0,315,1,-17.2,793430,FW-5CCFF,1
EQP-35635,9298.2,Hibrido,Tarde,Sul,61.2,6.0,86.7,197,0,-45.0,515182,FW-6C3FD,1
EQP-35636,12304.6,Diesel,Manha,Sul,52.5,3.62,95.6,280,1,38.21,452059,FW-9EABC,1
EQP-35637,8135.1,diesel,Noite,Norte,62.5,0.75,91.2,114,0,35.79,152624,FW-9886E,1
EQP-35638,14233.3,Eletrico,Noite,Norte,86.8,15.48,67.9,58,0,-83.97,663873,FW-44C8C,1
EQP-35639,1502.7,diesel,Noite,Oeste,86.3,1.19,81.5,15,1,22.91,811022,FW-215E6,0
EQP-35640,880.3, DIESEL ,Manha,Leste,75.3,2.87,95.0,296,0,-8.63,103390,FW-E222F,1
EQP-35641,9293.3,Hibrido,Noite,Norte,32.2,7.79,81.4,345,0,-13.93,618085,FW-DDCE6,1
EQP-35642,6127.2,diesel,Noite,Oeste,109.6,3.43,98.1,9,1,-43.12,979494,FW-29A47,1
EQP-35643,11058.8,diesel,Noite,Leste,60.5,7.32,100.7,363,0,49.85,139769,FW-80105,1
EQP-35644,3860.3,Eletrico,Manha,Sul,83.5,6.25,107.3,258,0,6.76,224353,FW-99E7A,1
EQP-35645,8816.3, DIESEL ,Manha,Leste,33.6,,117.6,270,2,-35.44,319501,FW-65BF3,1
EQP-35646,1717.2,diesel,Manha,Norte,73.5,2.59,101.0,193,0,-55.1,140946,FW-48A2C,0
EQP-35647,10347.6,Diesel,Manha,Norte,67.9,1.51,111.8,36,1,2.42,173656,FW-672FF,1
EQP-35648,3062.0,Eletrico,Tarde,Norte,104.1,2.67,95.7,359,1,-47.04,830788,FW-D5BBB,1
EQP-35649,6257.5,Diesel,Tarde,Sul,36.4,5.81,114.3,213,0,18.5,905990,FW-A35AF,0
EQP-35650,10732.9,Hibrido,Manha,Oeste,81.9,2.81,116.8,29,2,10.3,575915,FW-E7068,1
EQP-35651,10990.6,Diesel,Manha,Norte,53.3,1.99,97.8,14,1,-25.51,698489,FW-95419,0
EQP-35652,4496.8,Diesel,Noite,Leste,33.8,1.43,83.8,310,2,6.09,795346,FW-F05A8,1
EQP-35653,10956.3,Diesel,Noite,Leste,59.2,0.57,120.5,115,0,-34.06,582424,FW-5F13D,0
EQP-35654,10523.2,Gas_Natural,Manha,Norte,66.1,1.39,95.0,252,0,5.08,248894,FW-949CD,1
EQP-35655,14999.3, DIESEL ,Tarde,Sul,70.0,4.76,90.5,42,0,-8.96,610286,FW-68FCD,1
EQP-35656,14975.2,diesel,Manha,Oeste,61.0,3.48,102.7,213,3,-14.61,990818,FW-C7FBD,1
EQP-35657,9226.0, DIESEL ,Noite,Leste,85.2,10.2,96.1,305,0,28.76,688681,FW-9D3CB,1
EQP-35658,8667.4,Eletrico,Tarde,Sul,83.1,2.05,80.7,132,1,17.11,116037,FW-F032D,1
EQP-35659,11205.7,Hibrido,Tarde,Sul,58.9,11.05,96.5,325,1,43.02,357693,FW-703C6,1
EQP-35660,1857.5, DIESEL ,Manha,Norte,78.4,5.8,76.9,159,0,32.35,960575,FW-56E23,1
EQP-35661,3126.6,Hibrido,Manha,Norte,74.9,13.52,96.5,42,2,64.73,638314,FW-5E04D,1
EQP-35662,10193.0,Diesel,Tarde,Oeste,62.8,14.72,124.4,214,0,24.41,709183,FW-90402,1
EQP-35663,4832.5,Eletrico,Manha,Norte,71.2,7.0,94.1,2,0,-15.6,465009,FW-D6970,0
EQP-35664,11852.0,Gas_Natural,Tarde,Norte,50.6,3.52,126.6,264,0,5.03,681607,FW-D12F6,1
EQP-35665,1568.9, DIESEL ,Noite,Norte,59.4,11.29,116.2,224,0,-47.43,405681,FW-F0C3E,1
EQP-35666,11060.0,Gas_Natural,Tarde,Leste,106.3,6.77,117.3,344,0,27.21,852014,FW-37D9C,1
EQP-35667,3683.7,Hibrido,Manha,Leste,82.6,3.03,117.1,58,1,0.44,400708,FW-85FF0,0
EQP-35668,10766.2,diesel,Tarde,Norte,70.9,4.75,74.4,360,3,-0.73,561149,FW-8A93A,1
EQP-35669,2135.7,Diesel,Tarde,Sul,88.2,4.21,127.6,72,2,-7.64,814529,FW-78EE8,1
EQP-35670,,Hibrido,Noite,Oeste,112.1,4.42,96.4,169,1,76.69,789162,FW-468AA,1
EQP-35671,6464.8, DIESEL ,Noite,Norte,78.2,0.62,116.9,275,1,2.32,414779,FW-D272D,1
EQP-35672,3163.1,Gas_Natural,Manha,Leste,58.1,3.83,108.3,307,1,2.57,640967,FW-5973F,1
EQP-35673,4155.7,Eletrico,Manha,Leste,99.3,11.25,97.0,313,0,8.26,116249,FW-38425,1
EQP-35674,6690.0, DIESEL ,Noite,Leste,107.4,10.61,89.5,176,1,9.09,249092,FW-CE70D,1
EQP-35675,14056.6,Eletrico,Manha,Oeste,101.1,4.58,126.2,304,1,-9.3,636201,FW-44BD0,1
EQP-35676,2770.3,Gas_Natural,Tarde,Sul,76.3,5.04,99.7,304,1,21.77,275526,FW-4ABA8,1
EQP-35677,5901.9,Eletrico,Noite,Norte,67.0,4.33,78.4,236,0,31.02,578091,FW-3324D,1
EQP-35678,11740.0,Eletrico,Noite,Norte,79.5,11.2,71.7,143,0,25.46,755379,FW-842A5,1
EQP-35679,3911.2,Hibrido,Manha,Leste,85.7,4.61,86.9,123,1,5.02,798316,FW-E091D,1
EQP-35680,13646.1,Eletrico,Tarde,Norte,49.4,2.46,100.8,107,3,-4.75,842882,FW-62FCE,1
EQP-35681,6806.0,Diesel,Manha,Leste,66.1,4.09,117.1,82,2,14.63,555241,FW-AF686,1
EQP-35682,7725.2,Diesel,Noite,Norte,59.7,1.1,118.0,230,1,-8.78,827851,FW-E0417,1
EQP-35683,2613.2,Diesel,Tarde,Sul,77.2,2.73,96.6,216,0,-23.84,996014,FW-781FF,1
EQP-35684,7957.2,diesel,Noite,Norte,69.9,11.18,122.4,164,3,-28.87,523449,FW-78CD5,1
EQP-35685,12254.1,Diesel,Tarde,Leste,105.4,0.72,99.8,119,2,7.78,312654,FW-4F561,1
EQP-35686,8195.4,Gas_Natural,Tarde,Norte,58.2,13.05,122.1,25,1,-38.41,479304,FW-BC3C2,1
EQP-35687,687.9,Hibrido,Noite,Leste,63.5,3.15,92.8,94,0,-2.41,704404,FW-C9F68,0
EQP-35688,7109.6,Diesel,Noite,Sul,73.6,15.58,77.6,212,1,4.65,882029,FW-E78EC,1
EQP-35689,14860.9,Hibrido,Tarde,Oeste,79.0,6.1,107.4,331,1,40.93,531753,FW-8CF16,1
EQP-35690,5591.9,Eletrico,Tarde,Sul,73.8,0.62,94.2,146,1,-67.96,989654,FW-DDFF7,1
EQP-35691,5057.0,Eletrico,Noite,Leste,80.6,6.68,96.5,95,6,-41.5,377728,FW-2AF04,1
EQP-35692,12360.6,diesel,Noite,Norte,86.0,2.05,139.3,321,0,7.85,728888,FW-A39A8,1
EQP-35693,3425.2,Eletrico,Noite,Oeste,73.8,4.43,96.6,55,1,-71.46,605529,FW-4C749,0
EQP-35694,10123.0,Eletrico,Manha,Sul,82.7,1.55,77.8,64,0,-26.62,188455,FW-7E458,1
EQP-35695,11901.3,Hibrido,Tarde,Sul,106.1,34.27,113.0,254,0,-45.04,753830,FW-49E1F,1
EQP-35696,2297.2,Diesel,Tarde,Leste,52.2,0.78,101.6,256,0,45.98,232925,FW-2842A,0
EQP-35697,4227.2,Diesel,Tarde,Oeste,82.5,7.68,101.0,261,1,23.2,980791,FW-54195,1
EQP-35698,12429.6,Eletrico,Noite,Leste,59.4,10.04,73.8,46,1,22.7,679585,FW-5FC7F,0
EQP-35699,326.2,Gas_Natural,Tarde,Leste,77.5,2.05,104.0,41,0,-11.74,402564,FW-4929D,0
EQP-35700,861.8,diesel,Tarde,Oeste,109.9,2.79,107.7,168,1,-80.34,808254,FW-CB3E0,1
EQP-35701,14299.5,diesel,Noite,Sul,73.3,2.48,100.4,228,2,52.51,749628,FW-496A2,1
EQP-35702,14391.4,Hibrido,Manha,Leste,67.2,2.21,110.8,276,0,19.99,784402,FW-8BAF7,1
EQP-35703,2519.0,Eletrico,Manha,Sul,90.2,1.29,88.9,324,1,-23.35,173595,FW-AB662,1
EQP-35704,9003.2,Diesel,Tarde,Sul,73.7,5.89,71.2,222,2,51.95,356398,FW-24073,1
EQP-35705,4355.1,Gas_Natural,Manha,Oeste,64.9,1.84,76.2,8,3,63.37,172772,FW-25F1B,1
EQP-35706,,Diesel,Manha,Leste,61.0,5.38,82.3,90,0,7.34,641644,FW-18884,1
EQP-35707,12132.0,Eletrico,Tarde,Leste,59.7,0.88,85.7,49,1,-35.67,537432,FW-3FDDD,0
EQP-35708,8164.4, DIESEL ,Tarde,Leste,71.4,5.33,80.6,161,2,-11.41,896064,FW-9495D,0
EQP-35709,3350.2,Diesel,Noite,Sul,68.2,0.98,71.1,199,1,-33.35,298051,FW-7C365,0
EQP-35710,7256.6,Hibrido,Noite,Leste,56.8,6.19,116.2,152,1,-66.17,224492,FW-DD425,0
EQP-35711,12628.4,diesel,Noite,Leste,98.0,2.27,87.2,144,1,-19.49,142499,FW-7A564,1
EQP-35712,9194.5,Eletrico,Noite,Sul,107.8,3.38,108.4,91,0,-6.38,179784,FW-76812,1
EQP-35713,14040.6, DIESEL ,Manha,Oeste,58.2,2.85,110.9,70,1,-13.16,471207,FW-706DC,1
EQP-35714,,diesel,Noite,Oeste,70.7,6.26,89.3,245,0,55.21,443939,FW-7A47A,1
EQP-35715,1791.3,Eletrico,Noite,Norte,45.0,2.52,138.0,294,0,7.05,240692,FW-79B06,0
EQP-35716,11864.7,Diesel,Tarde,Sul,58.9,17.16,108.1,129,0,28.64,526370,FW-9B120,1
EQP-35717,1374.4,Diesel,Tarde,Leste,60.1,11.32,95.2,78,0,-20.82,276191,FW-812C8,1
EQP-35718,10609.7, DIESEL ,Manha,Sul,62.4,3.42,125.2,84,1,37.12,456608,FW-86046,1
EQP-35719,7517.2,Diesel,Manha,Leste,52.6,3.24,87.9,173,1,-14.16,167605,FW-34E63,1
EQP-35720,8566.0, DIESEL ,Tarde,Norte,90.4,0.61,75.6,296,1,-0.31,705134,FW-B11DE,1
EQP-35721,14124.6,Diesel,Tarde,Norte,42.2,4.72,99.0,307,0,15.8,243800,FW-BA28B,1
EQP-35722,2238.8,Diesel,Manha,Oeste,76.7,1.21,73.6,171,1,37.95,267665,FW-A5AB5,1
EQP-35723,1554.1,Diesel,Manha,Norte,79.8,12.26,96.6,343,0,-21.93,918725,FW-73848,1
EQP-35724,13660.2,Diesel,Tarde,Norte,107.2,10.37,107.3,286,1,9.36,124470,FW-19D55,1
EQP-35725,8450.6,diesel,Noite,Oeste,95.9,13.01,86.0,279,0,-23.38,524913,FW-4D558,1
EQP-35726,4951.0,Diesel,Tarde,Norte,71.8,4.23,103.4,192,1,68.62,650196,FW-92EE7,0
EQP-35727,8929.1, DIESEL ,Tarde,Oeste,57.4,1.02,93.4,107,0,94.51,223373,FW-44042,0
EQP-35728,6274.9,Eletrico,Manha,Norte,54.9,40.37,103.2,198,1,4.9,737912,FW-5B582,1
EQP-35729,999999.0, DIESEL ,Tarde,Sul,77.3,9.77,112.1,141,1,1.49,750845,FW-4AC9B,1
EQP-35730,10721.2,Eletrico,Tarde,Leste,67.7,4.1,125.5,233,2,15.0,403527,FW-F1C1C,1
EQP-35731,3558.4,Diesel,Tarde,Norte,99.9,24.21,122.7,71,1,-28.27,472961,FW-2AAC9,1
EQP-35732,14249.9,Eletrico,Tarde,Sul,69.1,10.29,106.3,208,1,-33.63,909095,FW-AC36F,1
EQP-35733,6301.2,Diesel,Manha,Norte,33.9,,103.9,24,1,11.04,282115,FW-CAE41,0
EQP-35734,718.9,Diesel,Tarde,Norte,89.0,10.67,101.4,38,0,35.04,128924,FW-1B40E,1
EQP-35735,6044.2,Hibrido,Noite,Norte,68.7,1.67,97.9,256,0,7.82,961595,FW-55066,1
EQP-35736,7292.8,Gas_Natural,Tarde,Leste,67.1,2.22,75.4,9,3,-19.56,243836,FW-E0F0A,1
EQP-35737,3625.2,Eletrico,Noite,Sul,64.7,3.74,69.1,326,0,-6.96,201898,FW-A49F8,1
EQP-35738,12986.9,Diesel,Manha,Norte,24.8,11.06,104.8,126,1,-11.48,261321,FW-A2C72,1
EQP-35739,5962.0,Diesel,Manha,Leste,48.5,3.84,116.0,134,0,-10.61,861511,FW-4729A,1
EQP-35740,12881.7,Gas_Natural,Tarde,Sul,76.7,1.85,95.8,270,0,-13.34,800369,FW-757F5,1
EQP-35741,,Eletrico,Tarde,Sul,85.7,10.61,98.3,284,0,10.66,745737,FW-31C84,1
EQP-35742,13422.5,Eletrico,Manha,Sul,59.5,2.15,120.7,359,2,9.71,256530,FW-A0DB9,1
EQP-35743,12374.8, DIESEL ,Tarde,Sul,69.9,7.64,90.8,107,3,-77.19,108632,FW-CFEA4,1
EQP-35744,5925.6,Eletrico,Manha,Norte,106.3,1.63,94.8,50,0,0.44,596070,FW-1AF15,1
EQP-35745,,Hibrido,Tarde,Sul,80.5,7.86,90.1,124,1,46.46,104124,FW-1C9B1,1
EQP-35746,8191.0,Diesel,Noite,Norte,64.1,0.68,89.3,68,1,-19.29,313417,FW-68265,1
EQP-35747,10970.9,Diesel,Noite,Sul,79.6,8.38,112.9,89,1,64.6,672513,FW-4BAA3,1
EQP-35748,11816.2,Diesel,Manha,Norte,71.4,2.85,104.0,107,1,12.08,705683,FW-86C74,1
EQP-35749,4323.4,Diesel,Noite,Oeste,84.5,8.69,100.0,291,1,42.88,616949,FW-9345E,1
EQP-35750,8407.4,diesel,Tarde,Leste,29.5,10.27,104.0,78,1,56.66,609434,FW-8C7A8,0
EQP-35751,6377.7,Diesel,Noite,Norte,59.3,0.55,80.4,151,0,17.32,836037,FW-422BB,0
EQP-35752,11756.3,Hibrido,Manha,Leste,49.6,4.46,115.2,101,0,3.44,435676,FW-4CDED,1
EQP-35753,8919.0,diesel,Tarde,Sul,87.4,11.63,119.3,224,0,19.14,891822,FW-9C767,1
EQP-35754,11925.9,Diesel,Manha,Norte,61.6,4.82,109.2,124,0,18.98,487216,FW-F3B16,1
EQP-35755,10761.2, DIESEL ,Manha,Norte,47.4,0.57,94.9,268,1,11.43,257780,FW-9403A,0
EQP-35756,13300.9,Eletrico,Manha,Norte,81.7,4.29,94.8,332,1,19.27,240367,FW-A2EE8,1
EQP-35757,8111.6,diesel,Manha,Leste,88.1,5.17,105.3,47,1,-16.01,810098,FW-A72D0,1
EQP-35758,2228.4,Gas_Natural,Noite,Sul,70.5,0.69,127.5,195,0,-8.86,721160,FW-860FE,0
EQP-35759,448.4,Hibrido,Tarde,Norte,68.2,7.22,99.7,297,2,-14.3,738686,FW-B78A7,1
EQP-35760,4047.3,Eletrico,Noite,Sul,104.4,15.39,113.5,169,0,-25.81,149018,FW-54AD5,1
EQP-35761,8566.2,Gas_Natural,Manha,Sul,111.0,6.75,107.7,280,0,83.8,883835,FW-A9870,1
EQP-35762,878.7,Diesel,Noite,Norte,73.8,3.9,94.9,337,2,50.54,507026,FW-BAE24,0
EQP-35763,2928.9,Eletrico,Noite,Norte,86.5,2.86,117.1,40,0,-51.02,560805,FW-AC2B1,0
EQP-35764,9804.9,Eletrico,Noite,Norte,94.2,1.77,100.0,127,1,-55.19,970925,FW-6FA34,1
EQP-35765,573.5,Diesel,Noite,Norte,106.7,17.04,115.1,302,0,-18.4,874905,FW-EF640,1
EQP-35766,14146.2, DIESEL ,Tarde,Oeste,101.3,3.31,60.8,326,1,-43.73,338965,FW-256E1,1
EQP-35767,8923.3,Diesel,Manha,Sul,64.8,1.49,92.8,70,0,10.44,673203,FW-33400,1
EQP-35768,472.9, DIESEL ,Tarde,Norte,89.8,8.51,112.9,353,0,39.43,856036,FW-A3352,1
EQP-35769,3538.1, DIESEL ,Manha,Sul,90.2,0.54,107.1,206,0,13.57,179553,FW-1FE13,0
EQP-35770,4655.5, DIESEL ,Tarde,Leste,73.4,3.55,123.3,270,0,-52.89,518824,FW-BE6A5,1
EQP-35771,9254.8,Gas_Natural,Tarde,Oeste,29.4,2.41,87.9,125,2,14.77,330172,FW-B1C28,1
EQP-35772,2620.1,Hibrido,Manha,Leste,57.1,1.05,101.4,24,0,6.75,857352,FW-F3C16,0
EQP-35773,5151.2,diesel,Noite,Sul,78.0,0.76,106.8,47,2,-12.45,358497,FW-91CAB,1
EQP-35774,2655.7,Gas_Natural,Manha,Sul,44.8,4.48,100.9,331,1,-19.4,178569,FW-92B6A,1
EQP-35775,14651.5,Diesel,Noite,Sul,64.0,5.93,76.1,270,0,2.79,805192,FW-E8138,1
EQP-35776,10519.7,Eletrico,Manha,Sul,85.5,5.32,97.6,294,1,-14.19,150253,FW-2E334,1
EQP-35777,,diesel,Manha,Leste,85.9,0.59,96.4,140,0,53.06,631040,FW-5420F,1
EQP-35778,1106.3,Gas_Natural,Manha,Oeste,85.5,5.57,115.9,240,2,-58.77,997585,FW-98D69,1
EQP-35779,11809.6,Gas_Natural,Manha,Norte,84.8,15.7,105.2,218,0,-5.64,415049,FW-D2360,1
EQP-35780,9131.5,diesel,Manha,Norte,92.6,7.56,129.8,228,2,-16.32,813562,FW-1F216,1
EQP-35781,9515.2,diesel,Manha,Norte,83.1,3.46,119.7,162,1,0.54,990713,FW-28058,1
EQP-35782,-100.0,Diesel,Manha,Leste,72.0,2.28,102.6,111,2,-21.04,386062,FW-A7F89,0
EQP-35783,10587.4, DIESEL ,Manha,Leste,95.5,1.06,97.0,153,0,19.38,361504,FW-32ADD,1
EQP-35784,13470.5,Eletrico,Tarde,Norte,83.1,8.77,116.4,300,0,-5.83,913693,FW-F1FBA,1
EQP-35785,5911.3,Eletrico,Tarde,Leste,70.8,5.69,104.7,262,1,59.29,819934,FW-5882F,1
EQP-35786,6914.3,Gas_Natural,Tarde,Sul,49.6,1.13,110.5,261,1,-5.6,123885,FW-8F0CA,1
EQP-35787,7339.6,diesel,Manha,Oeste,114.9,5.58,111.3,92,0,-40.97,206751,FW-B514C,1
EQP-35788,14220.8,Hibrido,Noite,Norte,42.2,11.2,105.4,227,2,38.01,467144,FW-8B2E7,1
EQP-35789,6861.6,Eletrico,Noite,Leste,41.9,3.93,101.5,165,0,-11.49,451961,FW-D36D5,0
EQP-35790,12951.7, DIESEL ,Manha,Oeste,87.5,3.15,88.2,301,0,15.7,356731,FW-9F34F,1
EQP-35791,1104.6,Diesel,Manha,Oeste,34.4,6.12,116.1,240,1,47.71,626956,FW-7FA94,0
EQP-35792,13284.7,Eletrico,Noite,Oeste,55.0,0.51,113.3,347,0,17.92,726394,FW-3AB20,1
EQP-35793,5728.9,Eletrico,Tarde,Sul,89.1,1.9,108.4,227,1,31.39,173457,FW-DC52C,1
EQP-35794,11298.8,Eletrico,Tarde,Leste,88.2,0.78,113.3,243,0,109.56,487013,FW-5EB70,1
EQP-35795,,Gas_Natural,Tarde,Oeste,64.6,5.6,97.1,91,0,14.31,257129,FW-DB20B,1
EQP-35796,12655.5,Diesel,Tarde,Sul,90.5,8.01,114.2,270,0,-12.91,436087,FW-6ABAE,1
EQP-35797,6271.8,Hibrido,Noite,Sul,83.1,9.7,69.7,241,0,1.33,792580,FW-2E6D9,1
EQP-35798,,Eletrico,Manha,Leste,67.2,12.25,106.4,303,1,-0.09,687548,FW-B961E,1
EQP-35799,14918.9,Eletrico,Manha,Sul,74.0,1.64,103.1,112,0,13.83,220375,FW-CE1F6,0
EQP-35800,13185.2,Gas_Natural,Manha,Norte,55.4,2.63,106.9,131,1,63.79,764874,FW-B6ABD,1
EQP-35801,9033.5,Eletrico,Noite,Norte,111.8,4.11,121.2,112,0,-10.1,742432,FW-6342E,1
EQP-35802,13773.0, DIESEL ,Manha,Leste,75.3,3.53,116.9,209,1,-32.7,702112,FW-5ED6C,1
EQP-35803,13458.5,Eletrico,Tarde,Sul,32.6,2.92,107.1,47,1,47.12,479616,FW-6FE26,1
EQP-35804,10951.5, DIESEL ,Manha,Norte,90.1,5.7,77.6,283,0,13.5,460335,FW-716BB,1
EQP-35805,3300.4,Gas_Natural,Manha,Sul,64.1,1.55,119.4,25,0,-25.95,700592,FW-BB219,1
EQP-35806,14599.3,Eletrico,Noite,Leste,98.3,9.81,106.2,160,2,57.22,672527,FW-D8FB8,1
EQP-35807,,Eletrico,Manha,Sul,103.4,11.46,111.5,185,0,38.91,693809,FW-E9F84,1
EQP-35808,13364.9,Gas_Natural,Manha,Leste,81.4,9.96,99.2,221,0,11.43,480446,FW-23D67,1
EQP-35809,11149.9,Gas_Natural,Manha,Sul,88.4,0.88,105.4,167,0,-2.51,290636,FW-F1744,1
EQP-35810,13430.7,Eletrico,Noite,Leste,81.4,4.15,105.3,84,1,-52.7,399546,FW-F3BC9,1
EQP-35811,12798.3, DIESEL ,Tarde,Oeste,75.5,26.56,98.6,3,0,-7.31,494165,FW-86377,1
EQP-35812,5948.3,diesel,Tarde,Sul,96.5,0.64,63.7,297,0,-5.13,945264,FW-C4FD2,1
EQP-35813,12439.3,Hibrido,Tarde,Leste,82.5,1.68,81.5,303,0,-23.14,438456,FW-67A69,0
EQP-35814,1145.3,Diesel,Manha,Norte,92.6,10.37,81.7,91,1,34.35,368431,FW-461FC,1
EQP-35815,10700.6,Eletrico,Tarde,Leste,71.9,17.56,103.8,355,1,4.55,194385,FW-77C08,1
EQP-35816,,Hibrido,Tarde,Sul,62.1,11.81,134.3,35,2,56.07,815289,FW-911C6,1
EQP-35817,11084.8,Diesel,Manha,Oeste,53.5,1.69,97.7,216,0,-56.73,798828,FW-3488A,1
EQP-35818,,Diesel,Manha,Sul,109.7,1.93,92.0,257,2,-69.32,952906,FW-5D8EC,1
EQP-35819,3692.2,Gas_Natural,Manha,Leste,56.6,1.59,103.5,155,1,-4.83,779187,FW-A74C4,1
EQP-35820,,Diesel,Tarde,Leste,124.6,1.12,119.8,328,0,-17.56,316579,FW-603EA,1
EQP-35821,1369.2,diesel,Manha,Sul,128.4,1.55,104.3,118,2,13.69,975247,FW-9EC3D,1
EQP-35822,6830.4, DIESEL ,Manha,Oeste,91.4,0.9,93.2,146,2,40.89,490522,FW-3D703,1
EQP-35823,6065.3,Eletrico,Noite,Norte,87.6,0.7,86.0,253,0,-13.26,394238,FW-2B61C,0
EQP-35824,14128.8,Eletrico,Noite,Sul,65.1,1.5,90.9,46,1,42.29,961030,FW-29F0A,1
EQP-35825,13090.4,diesel,Noite,Norte,75.1,5.31,106.5,42,3,-15.05,164437,FW-56F09,1
EQP-35826,7112.1,Eletrico,Noite,Leste,70.0,11.27,103.3,310,2,31.84,629971,FW-3A9AA,1
EQP-35827,106.9,Diesel,Noite,Oeste,64.3,2.44,105.7,364,2,-42.2,855125,FW-1FFBA,1
EQP-35828,13835.9,Gas_Natural,Tarde,Norte,91.2,4.03,89.4,68,0,29.4,166378,FW-4B94F,1
EQP-35829,8991.1,diesel,Manha,Sul,98.1,4.81,69.6,351,1,-21.18,672307,FW-80887,1
EQP-35830,6579.6,Diesel,Manha,Leste,72.5,,119.2,234,1,-53.52,623040,FW-DD082,1
EQP-35831,10336.4,Eletrico,Noite,Norte,82.0,1.58,108.7,4,0,-23.37,804742,FW-C9BD9,0
EQP-35832,1409.0, DIESEL ,Manha,Norte,43.5,7.46,92.6,356,2,10.3,148085,FW-C405C,1
EQP-35833,8668.7, DIESEL ,Tarde,Leste,51.0,10.72,118.2,22,1,81.41,794219,FW-9E221,1
EQP-35834,5808.8,diesel,Manha,Leste,79.3,,89.4,38,0,-20.58,378846,FW-CD45C,0
EQP-35835,3556.9,Diesel,Manha,Leste,57.2,4.55,134.0,335,1,-3.22,756882,FW-CE0A8,1
EQP-35836,4386.2,Diesel,Tarde,Norte,85.0,3.3,75.9,310,0,4.89,337205,FW-3F2CA,1
EQP-35837,8159.4,Eletrico,Noite,Norte,96.8,4.71,107.6,309,2,-24.39,567581,FW-23442,1
EQP-35838,5343.9, DIESEL ,Tarde,Leste,99.0,2.52,95.1,258,2,-32.05,292531,FW-333F4,1
EQP-35839,2341.3,Eletrico,Noite,Norte,63.4,9.41,104.5,189,3,-11.0,967908,FW-44F8B,1
EQP-35840,7044.9, DIESEL ,Manha,Sul,104.3,0.75,113.0,103,1,-46.12,232701,FW-59CDE,1
EQP-35841,,Diesel,Noite,Oeste,56.2,9.24,71.0,86,1,22.01,592408,FW-4509C,1
EQP-35842,5279.5,Eletrico,Tarde,Leste,76.6,1.52,75.3,355,0,66.09,956348,FW-54CE8,0
EQP-35843,,Diesel,Manha,Sul,50.0,1.05,96.2,263,1,14.34,502552,FW-67D5E,1
EQP-35844,11265.8,Diesel,Noite,Sul,94.1,2.86,106.0,118,2,12.78,637749,FW-5494E,1
EQP-35845,9564.8,Gas_Natural,Tarde,Sul,65.6,12.87,65.6,31,1,-39.61,622801,FW-B0DA5,1
EQP-35846,13420.7,Diesel,Manha,Sul,120.0,12.27,111.5,364,0,-26.38,407182,FW-E847C,1
EQP-35847,9258.4,Diesel,Manha,Leste,70.7,3.07,68.7,259,2,-3.98,600604,FW-71858,1
EQP-35848,4630.8,diesel,Manha,Leste,69.6,1.72,94.4,179,1,43.47,548085,FW-76F2C,1
EQP-35849,2019.7,Hibrido,Manha,Norte,86.4,4.06,66.6,314,1,19.09,628081,FW-EFF99,1
EQP-35850,2650.4,Diesel,Tarde,Sul,68.1,1.69,115.9,340,1,42.71,504004,FW-E5A7D,0
EQP-35851,7262.4,Diesel,Manha,Leste,97.8,2.2,82.0,303,1,9.85,595399,FW-66668,1
EQP-35852,189.4, DIESEL ,Tarde,Norte,62.9,1.61,119.5,293,0,-59.04,793393,FW-22F63,1
EQP-35853,11329.6,Diesel,Tarde,Leste,93.9,7.98,97.8,295,0,9.55,887525,FW-7024F,1
EQP-35854,11744.5,Hibrido,Noite,Norte,66.7,5.95,117.8,47,0,46.52,873356,FW-E228F,1
EQP-35855,11922.8,Gas_Natural,Tarde,Sul,106.1,3.92,95.3,105,1,30.33,310752,FW-2B2AD,1
EQP-35856,14788.3,Gas_Natural,Noite,Oeste,99.7,7.93,93.2,319,0,22.41,971801,FW-88EA7,1
EQP-35857,,Gas_Natural,Manha,Sul,74.4,2.82,124.6,262,0,-28.4,949165,FW-B0838,1
EQP-35858,9908.0,Gas_Natural,Noite,Oeste,116.2,8.59,86.6,286,0,-32.39,610045,FW-EEB4D,1
EQP-35859,6365.9,Diesel,Manha,Sul,104.1,7.69,105.7,361,0,43.36,666468,FW-570AF,1
EQP-35860,11039.7,Eletrico,Noite,Norte,64.4,0.61,83.3,130,2,-48.85,997540,FW-236AF,1
EQP-35861,4129.4,Eletrico,Manha,Leste,79.7,8.34,99.1,125,1,27.1,768115,FW-428DB,1
EQP-35862,5964.2,Eletrico,Manha,Sul,69.4,0.77,108.2,293,2,-28.12,832575,FW-91BE4,0
EQP-35863,14123.0, DIESEL ,Noite,Leste,79.1,6.8,81.1,135,0,12.13,628232,FW-6CAA9,1
EQP-35864,12192.2,Eletrico,Manha,Leste,75.1,13.74,110.1,212,1,-31.63,459558,FW-8E95E,1
EQP-35865,7780.9,diesel,Tarde,Leste,60.7,1.8,96.9,355,1,35.12,742405,FW-8B68C,1
EQP-35866,,Eletrico,Noite,Leste,57.9,,86.4,97,0,17.25,920415,FW-31472,1
EQP-35867,,Diesel,Noite,Leste,80.2,0.6,94.0,154,1,37.21,388144,FW-324D0,1
EQP-35868,13293.4,diesel,Noite,Leste,90.9,4.06,91.2,297,1,-37.83,925610,FW-653FB,1
EQP-35869,3411.1, DIESEL ,Manha,Sul,55.3,5.47,109.3,125,0,46.01,651496,FW-DF483,0
EQP-35870,13835.9,Eletrico,Manha,Norte,76.5,,99.9,355,0,-27.88,109233,FW-7229A,1
EQP-35871,8164.2,Hibrido,Manha,Oeste,78.5,4.8,86.9,55,0,0.75,752217,FW-1D543,1
EQP-35872,5815.7,Eletrico,Noite,Leste,82.7,2.61,98.7,327,0,7.72,310393,FW-C7D73,1
EQP-35873,10802.6,Hibrido,Manha,Norte,68.3,2.59,110.2,164,1,-44.37,124867,FW-4ECE0,1
EQP-35874,250.2, DIESEL ,Noite,Norte,72.9,0.64,115.7,247,0,-99.15,671327,FW-26330,0
EQP-35875,5217.2,Gas_Natural,Noite,Sul,71.9,4.03,82.8,136,0,-28.3,295741,FW-7CF7E,1
EQP-35876,5285.3,Gas_Natural,Manha,Oeste,95.4,0.64,97.8,306,0,47.51,963856,FW-E649E,1
EQP-35877,591.7,Gas_Natural,Noite,Leste,78.4,1.73,82.8,17,1,18.27,444102,FW-A2A33,0
EQP-35878,5325.7,Diesel,Tarde,Norte,78.4,0.79,132.5,35,0,-4.66,969219,FW-C9DF3,0
EQP-35879,12318.8,Diesel,Noite,Sul,93.9,1.98,134.4,89,0,-13.39,706507,FW-BDD46,1
EQP-35880,8076.6,Eletrico,Tarde,Norte,78.5,1.71,133.1,353,0,3.49,992739,FW-34933,1
EQP-35881,, DIESEL ,Tarde,Norte,59.3,5.07,116.8,106,0,54.23,610239,FW-5193D,0
EQP-35882,6806.4,Gas_Natural,Manha,Sul,39.7,5.45,125.3,36,0,-48.08,524499,FW-B917A,0
EQP-35883,13519.2,Eletrico,Tarde,Norte,58.9,4.96,107.8,240,0,6.4,833109,FW-E26AF,1
EQP-35884,543.5,Diesel,Manha,Leste,92.7,2.82,95.3,149,0,-3.91,478559,FW-C6960,1
EQP-35885,619.2,Eletrico,Manha,Leste,62.1,3.74,101.6,210,1,21.67,150666,FW-735CC,1
EQP-35886,14426.0,Eletrico,Manha,Oeste,104.2,,101.2,49,3,-38.33,489085,FW-D1F1D,1
EQP-35887,2199.1,Eletrico,Manha,Sul,69.8,5.17,115.2,168,0,3.97,111772,FW-3E24B,1
EQP-35888,10230.7, DIESEL ,Tarde,Oeste,75.9,4.32,113.2,27,1,1.45,181909,FW-B560C,1
EQP-35889,8980.3,Hibrido,Manha,Leste,72.6,0.63,84.0,208,0,-50.46,167040,FW-E3FEA,1
EQP-35890,330.8, DIESEL ,Manha,Oeste,60.1,1.21,107.2,203,1,-51.75,441796,FW-EE585,1
EQP-35891,8172.3, DIESEL ,Noite,Sul,52.3,,100.0,298,0,15.43,971416,FW-7D565,1
EQP-35892,13411.6,Eletrico,Noite,Leste,92.3,7.91,108.8,40,2,-32.21,281782,FW-EB3E0,1
EQP-35893,12364.6,Eletrico,Noite,Norte,72.5,6.32,95.3,302,1,-4.09,648271,FW-B2D24,1
EQP-35894,3277.8, DIESEL ,Manha,Sul,121.0,0.52,74.7,213,0,-11.11,297011,FW-32735,1
EQP-35895,13321.7,Diesel,Noite,Leste,91.0,4.98,92.0,62,0,86.32,933737,FW-CA998,1
EQP-35896,,Eletrico,Noite,Norte,78.9,7.65,115.5,272,1,-16.33,305377,FW-1F5B5,1
EQP-35897,12095.6,Hibrido,Manha,Norte,77.7,3.8,90.8,45,0,71.89,269915,FW-7671A,1
EQP-35898,14609.3, DIESEL ,Noite,Leste,80.7,3.94,120.7,195,0,15.4,796037,FW-DD3B7,0
EQP-35899,7514.5, DIESEL ,Manha,Leste,67.8,,87.0,323,0,-52.67,424719,FW-EBFFD,0
EQP-35900,,Eletrico,Tarde,Oeste,90.7,0.68,120.8,231,0,15.39,960734,FW-B27A7,0
EQP-35901,9928.1,diesel,Tarde,Oeste,96.0,18.3,95.8,339,0,-48.7,767353,FW-A6F59,1
EQP-35902,7547.3,diesel,Tarde,Oeste,79.0,1.82,105.5,248,1,2.76,717342,FW-D413F,1
EQP-35903,1033.2,Gas_Natural,Tarde,Leste,67.1,13.51,108.2,350,1,40.12,852158,FW-70B40,1
EQP-35904,10218.2,Diesel,Manha,Oeste,76.8,1.1,94.5,51,1,-5.31,969455,FW-9B6A6,1
EQP-35905,10308.0,Eletrico,Noite,Norte,40.0,1.64,92.9,123,0,0.36,899560,FW-8BD0F,0
EQP-35906,7046.3,Gas_Natural,Noite,Oeste,66.1,7.36,68.9,302,0,-71.07,765411,FW-60641,1
EQP-35907,12679.5,Diesel,Manha,Oeste,92.2,8.36,119.2,64,0,11.5,833756,FW-497C7,1
EQP-35908,14919.3, DIESEL ,Tarde,Leste,92.2,3.06,102.8,64,3,86.02,587138,FW-56B72,1
EQP-35909,9902.1,Hibrido,Tarde,Leste,97.1,2.55,101.7,22,0,2.06,569698,FW-BEF6A,0
EQP-35910,360.3,Gas_Natural,Noite,Norte,85.0,2.67,93.4,128,4,-13.46,505081,FW-8704D,1
EQP-35911,4082.1,Hibrido,Manha,Leste,70.0,6.89,85.1,120,2,28.77,312301,FW-9E225,0
EQP-35912,3760.0,Eletrico,Tarde,Leste,76.8,2.4,90.4,119,1,-48.1,103913,FW-9A2F1,0
EQP-35913,2930.9,Diesel,Noite,Leste,60.9,5.39,108.6,346,1,2.12,195514,FW-8EF19,1
EQP-35914,4947.7,Eletrico,Manha,Oeste,76.8,1.46,96.9,11,3,1.84,851346,FW-35ABE,0
EQP-35915,,Diesel,Manha,Norte,85.6,3.64,107.7,118,2,-15.78,670280,FW-3F4BA,1
EQP-35916,731.4,Gas_Natural,Tarde,Sul,108.4,1.08,92.7,82,0,41.33,997134,FW-72F7A,0
EQP-35917,,Eletrico,Tarde,Oeste,91.3,2.63,110.9,184,2,55.13,158597,FW-3FC9F,1
EQP-35918,,Eletrico,Noite,Norte,47.1,6.33,109.5,287,2,34.3,352539,FW-4906B,1
EQP-35919,13158.5,Diesel,Noite,Norte,54.4,5.97,110.4,27,0,29.98,627265,FW-654D8,1
EQP-35920,4014.3,Hibrido,Noite,Sul,94.9,1.23,111.0,264,1,5.77,545962,FW-E9590,1
EQP-35921,7015.1,Diesel,Tarde,Norte,80.9,3.76,97.8,37,1,11.05,370811,FW-650D0,1
EQP-35922,3823.9,Diesel,Tarde,Leste,59.7,4.79,83.9,133,0,71.7,957674,FW-7079C,0
EQP-35923,2468.6,Eletrico,Tarde,Leste,75.1,2.3,114.3,341,0,-45.61,851205,FW-E9436,1
EQP-35924,9095.7,diesel,Tarde,Sul,77.1,0.65,94.3,207,0,-60.32,924935,FW-F07EF,1
EQP-35925,358.8,diesel,Noite,Oeste,88.2,2.73,110.8,147,0,-8.0,969167,FW-8B9FC,0
EQP-35926,6637.2,Hibrido,Noite,Oeste,69.0,3.02,94.5,107,0,-37.39,943724,FW-8F77C,1
EQP-35927,13539.3,diesel,Tarde,Oeste,83.4,3.7,109.4,169,3,-56.25,699751,FW-75B59,1
EQP-35928,331.5,Hibrido,Manha,Leste,63.7,2.4,146.9,324,2,-20.69,288510,FW-E13DF,1
EQP-35929,6567.5,Hibrido,Tarde,Leste,63.2,2.91,99.4,218,0,14.75,576442,FW-45F78,1
EQP-35930,2355.8,Eletrico,Manha,Norte,64.8,4.61,113.3,225,0,-26.68,298062,FW-67703,1
EQP-35931,, DIESEL ,Manha,Leste,89.2,0.59,122.5,51,2,-13.53,845299,FW-77A55,1
EQP-35932,6878.4,Gas_Natural,Manha,Sul,98.4,3.29,113.6,176,3,27.55,251947,FW-A7E5C,1
EQP-35933,9105.4,Diesel,Tarde,Norte,86.6,2.56,70.2,31,0,-14.66,108690,FW-37ADC,0
EQP-35934,11967.9, DIESEL ,Tarde,Oeste,74.1,10.84,89.4,185,3,-102.87,845689,FW-3D0CA,1
EQP-35935,12390.5,diesel,Manha,Norte,82.9,4.84,133.9,133,0,3.77,639524,FW-69AC4,1
EQP-35936,12172.9, DIESEL ,Tarde,Leste,73.8,,120.3,102,1,-1.49,401726,FW-5DAEF,1
EQP-35937,5458.2,Eletrico,Manha,Oeste,61.7,3.1,88.1,29,1,2.04,578451,FW-E84D1,1
EQP-35938,2323.8,Diesel,Manha,Sul,88.6,0.73,87.2,186,0,4.12,490752,FW-EDB8D,1
EQP-35939,3669.9,Eletrico,Noite,Leste,113.3,1.02,107.5,226,0,-26.4,430957,FW-3A216,1
EQP-35940,12560.1,Gas_Natural,Noite,Leste,79.9,,97.3,98,0,14.22,356219,FW-D34C2,1
EQP-35941,14560.3,diesel,Tarde,Leste,74.9,1.05,78.6,318,2,-26.54,656299,FW-E282F,1
EQP-35942,7019.3,Gas_Natural,Manha,Sul,85.6,20.17,106.2,312,2,27.0,466762,FW-5944B,1
EQP-35943,1483.3,Hibrido,Noite,Sul,82.5,0.78,103.8,251,0,-10.23,560499,FW-84A53,0
EQP-35944,3365.1,Diesel,Tarde,Norte,87.5,2.01,89.0,183,0,-21.25,173262,FW-72FB0,0
EQP-35945,8315.4, DIESEL ,Tarde,Oeste,41.6,10.91,90.7,75,1,-9.22,795632,FW-88AFE,1
EQP-35946,4002.1, DIESEL ,Manha,Leste,60.6,0.98,68.4,211,1,-7.52,853273,FW-3E0C4,0
EQP-35947,9779.9,Diesel,Manha,Oeste,77.2,1.14,100.2,268,1,35.73,577618,FW-B8974,1
EQP-35948,,Diesel,Manha,Norte,58.0,9.67,95.0,359,2,-1.77,971772,FW-7F63C,1
EQP-35949,14767.6, DIESEL ,Tarde,Leste,91.1,9.51,69.8,173,0,-1.27,950670,FW-5896F,1
EQP-35950,1514.3,Diesel,Noite,Oeste,94.9,5.31,110.2,302,1,20.47,695574,FW-1DBA4,1
EQP-35951,6386.9, DIESEL ,Noite,Norte,55.8,5.89,137.2,238,0,1.34,355291,FW-80CD1,1
EQP-35952,,Diesel,Noite,Leste,99.8,6.21,109.7,88,1,12.85,629429,FW-6E307,1
EQP-35953,1256.9,Gas_Natural,Tarde,Sul,56.6,10.89,105.2,352,0,-19.47,510166,FW-21911,1
EQP-35954,12907.2,diesel,Noite,Leste,74.3,6.48,110.5,55,1,-54.85,496004,FW-31E8B,1
EQP-35955,14440.4,Diesel,Manha,Sul,75.4,3.12,99.0,90,2,20.82,662001,FW-3D03D,0
EQP-35956,5192.2,diesel,Noite,Norte,68.6,1.59,79.7,196,0,-37.65,770425,FW-9869F,0
EQP-35957,9640.7, DIESEL ,Manha,Oeste,81.2,4.55,132.1,285,0,-19.82,948405,FW-1D8B1,1
EQP-35958,3929.1, DIESEL ,Manha,Oeste,81.6,22.27,95.1,189,1,31.0,263820,FW-54CAC,1
EQP-35959,13688.0, DIESEL ,Noite,Norte,87.3,13.44,102.1,360,2,-58.65,133043,FW-9D9B0,1
EQP-35960,10844.4, DIESEL ,Manha,Norte,92.7,7.33,119.0,328,1,-10.19,600201,FW-45F57,1
EQP-35961,10620.9, DIESEL ,Tarde,Oeste,71.2,1.84,85.1,66,2,-11.01,952934,FW-344C3,1
EQP-35962,1012.6,Gas_Natural,Manha,Sul,80.8,2.39,96.4,255,3,-11.02,465946,FW-458A9,1
EQP-35963,2212.2, DIESEL ,Tarde,Oeste,85.9,3.15,72.4,54,1,-23.75,211908,FW-755D2,0
EQP-35964,8487.4,diesel,Tarde,Sul,34.7,4.42,110.9,146,0,-23.58,278053,FW-6008C,0
EQP-35965,13861.1, DIESEL ,Tarde,Norte,93.1,2.04,111.8,319,0,-71.5,545892,FW-59287,1
EQP-35966,8864.5,Diesel,Tarde,Leste,64.9,0.55,117.2,74,0,7.46,865711,FW-90C95,0
EQP-35967,10109.2, DIESEL ,Tarde,Sul,71.3,2.36,109.3,244,2,18.09,766083,FW-64FAF,1
EQP-35968,14957.1, DIESEL ,Tarde,Leste,74.9,5.73,94.7,200,1,-0.27,751246,FW-92A49,1
EQP-35969,6872.5, DIESEL ,Tarde,Norte,104.7,3.99,84.3,279,2,23.21,558466,FW-DEE5C,1
EQP-35970,4805.2,Diesel,Noite,Norte,91.5,1.52,119.5,315,1,6.44,580982,FW-62FC2,1
EQP-35971,1765.2,Diesel,Manha,Norte,53.1,,122.2,182,0,-20.71,158989,FW-D8E00,0
EQP-35972,14477.2,Eletrico,Tarde,Norte,111.0,5.73,94.5,139,3,-1.89,469621,FW-2348F,1
EQP-35973,13931.8, DIESEL ,Tarde,Norte,76.7,0.82,127.0,318,1,13.82,358564,FW-83AA7,1
EQP-35974,4080.9,Diesel,Tarde,Sul,90.6,1.91,101.0,82,0,-28.03,697325,FW-AA3A3,0
EQP-35975,11161.6,Diesel,Manha,Oeste,82.6,5.03,114.8,249,0,12.43,208530,FW-60345,1
EQP-35976,1718.8,Diesel,Manha,Leste,99.5,2.41,111.5,8,1,40.98,711857,FW-4C70C,1
EQP-35977,13100.9,Eletrico,Manha,Sul,95.3,2.95,135.5,255,0,-29.17,417933,FW-A4639,1
EQP-35978,2327.0, DIESEL ,Noite,Sul,86.9,1.12,90.7,123,0,61.82,133063,FW-4C489,0
EQP-35979,10580.1,Diesel,Manha,Sul,85.0,5.17,110.8,197,0,17.72,784363,FW-87F12,1
EQP-35980,4159.2,Diesel,Tarde,Oeste,67.8,1.06,79.7,190,2,63.42,566028,FW-D8BEA,0
EQP-35981,1225.1,Gas_Natural,Manha,Norte,77.9,2.22,76.3,180,0,-40.12,361892,FW-4F060,0
EQP-35982,10138.6,Eletrico,Noite,Oeste,68.9,8.84,100.2,158,0,-15.98,544538,FW-4EF13,1
EQP-35983,1971.1,Gas_Natural,Manha,Leste,81.4,1.31,113.5,155,1,-3.22,645661,FW-3FFD2,1
EQP-35984,9954.5,Diesel,Tarde,Norte,68.3,0.98,97.6,142,1,21.28,240388,FW-9EF7D,1
EQP-35985,5407.1,Hibrido,Noite,Leste,80.2,0.74,118.3,207,0,-33.21,617289,FW-BFA84,0
EQP-35986,14178.8,Diesel,Manha,Sul,65.1,1.32,97.3,84,0,-44.7,392745,FW-B5997,1
EQP-35987,2409.2,Diesel,Tarde,Norte,54.6,8.28,86.2,215,1,17.57,309165,FW-321F8,1
EQP-35988,338.8,Eletrico,Tarde,Sul,82.2,1.59,91.9,220,0,13.11,841324,FW-1AAFB,1
EQP-35989,13140.7,Eletrico,Manha,Oeste,81.3,5.05,82.9,343,3,-3.02,735800,FW-35B68,1
EQP-35990,2982.5,Hibrido,Manha,Norte,89.3,3.76,96.6,116,3,-11.63,605919,FW-792F2,1
EQP-35991,9939.5,Eletrico,Tarde,Sul,68.5,4.17,94.5,178,1,0.76,637941,FW-92AD5,1
EQP-35992,12600.0,Gas_Natural,Manha,Leste,34.7,1.6,105.9,270,0,-1.76,229711,FW-71001,0
EQP-35993,4059.3,Gas_Natural,Tarde,Norte,55.3,0.71,100.3,307,1,-2.59,610291,FW-C3944,0
EQP-35994,2689.2,Eletrico,Manha,Sul,86.7,3.37,100.0,112,2,75.15,741645,FW-3AECA,1
EQP-35995,14394.8,Diesel,Tarde,Sul,72.1,7.65,74.0,326,1,-16.23,733499,FW-AD1E5,1
EQP-35996,14909.9, DIESEL ,Tarde,Leste,94.5,2.46,85.0,119,2,2.55,532625,FW-28231,1
EQP-35997,13276.8,Diesel,Noite,Sul,76.3,0.96,96.6,135,2,22.64,557559,FW-A97AF,1
EQP-35998,6440.9,Eletrico,Manha,Norte,68.1,3.99,128.1,261,0,-12.09,199034,FW-C0C02,1
EQP-35999,3414.6,Eletrico,Noite,Sul,85.5,5.11,87.5,15,2,4.63,815588,FW-A5314,1
EQP-36000,4911.1,Diesel,Tarde,Leste,89.2,1.83,122.7,163,0,50.27,742139,FW-413ED,1
EQP-36001,4061.2,Gas_Natural,Tarde,Sul,64.9,,97.5,29,1,-10.16,794782,FW-C87B7,0
EQP-36002,8116.4,Eletrico,Manha,Leste,64.3,4.25,119.3,274,0,12.95,862135,FW-E41F9,1
EQP-36003,3455.0,Eletrico,Tarde,Oeste,53.7,3.43,85.6,25,1,19.86,707973,FW-44F15,0
EQP-36004,1297.9, DIESEL ,Manha,Norte,62.7,8.51,115.2,273,2,64.7,126448,FW-8DCAD,1
EQP-36005,11832.0,Diesel,Noite,Sul,54.5,,92.5,172,1,8.07,314048,FW-C7BB1,0
EQP-36006,6856.0,Diesel,Manha,Sul,90.8,4.81,78.3,271,0,10.98,178872,FW-B765F,1
EQP-36007,7244.8, DIESEL ,Tarde,Oeste,72.9,1.69,97.0,220,2,-19.82,562481,FW-4531E,1
EQP-36008,10585.3,Eletrico,Noite,Leste,78.3,3.2,106.4,9,2,3.53,310059,FW-344B0,1
EQP-36009,8723.2,Diesel,Tarde,Sul,68.0,1.13,101.9,79,0,13.42,668583,FW-1CB11,0
EQP-36010,1741.9,Eletrico,Noite,Leste,97.4,5.39,79.6,241,0,-5.29,305639,FW-413E7,1
EQP-36011,4191.5,Eletrico,Manha,Oeste,70.2,1.91,103.5,230,2,50.24,903255,FW-38703,1
EQP-36012,7437.3,diesel,Manha,Leste,88.2,15.55,101.5,56,0,-12.57,965317,FW-30412,1
EQP-36013,, DIESEL ,Manha,Sul,79.3,4.42,127.7,151,1,48.2,386814,FW-7FA6C,1
EQP-36014,8518.5,Diesel,Tarde,Sul,85.5,5.44,103.2,143,0,23.28,747527,FW-C7E9F,1
EQP-36015,6568.1,Eletrico,Tarde,Norte,77.5,5.69,100.5,103,1,-20.34,544613,FW-6D1AF,1
EQP-36016,3140.5,Diesel,Tarde,Norte,75.8,1.57,114.3,363,0,-54.95,249089,FW-59DA2,1
EQP-36017,14550.0,Diesel,Tarde,Norte,63.4,4.42,129.0,259,0,-17.98,266259,FW-714CB,1
EQP-36018,13092.3,Diesel,Noite,Norte,66.8,9.88,76.0,340,0,-45.17,250521,FW-E646D,1
EQP-36019,2142.6,Diesel,Tarde,Sul,60.9,13.48,82.0,137,0,-2.33,864505,FW-92BCC,1
EQP-36020,9810.6,Hibrido,Tarde,Oeste,73.2,0.98,91.9,177,1,29.46,198491,FW-BCCC4,0
EQP-36021,5477.4, DIESEL ,Tarde,Sul,87.9,11.92,87.2,235,2,23.19,760755,FW-9714D,1
EQP-36022,, DIESEL ,Tarde,Norte,82.9,1.5,93.7,56,0,-28.48,400497,FW-8BF16,1
EQP-36023,1952.8,Gas_Natural,Manha,Sul,59.5,0.83,76.8,258,1,-58.97,644135,FW-DC32D,0
EQP-36024,-100.0,Hibrido,Manha,Norte,110.2,3.69,68.5,328,0,43.65,876651,FW-884F4,1
EQP-36025,13804.2,Diesel,Manha,Sul,70.1,2.07,113.9,318,1,-39.78,485602,FW-C168F,1
EQP-36026,14104.1,Diesel,Tarde,Leste,85.5,16.34,125.7,195,1,-2.99,587801,FW-554E4,1
EQP-36027,14591.1,Diesel,Manha,Leste,55.1,2.28,83.1,276,1,-36.25,616715,FW-86AE4,1
EQP-36028,13813.2,Hibrido,Tarde,Norte,95.6,7.76,102.7,363,0,31.84,220231,FW-835C5,1
EQP-36029,10117.4,Gas_Natural,Noite,Norte,67.7,0.92,98.9,144,0,-29.09,279743,FW-928E7,0
EQP-36030,5415.8,Diesel,Tarde,Norte,53.5,,86.1,233,0,54.77,596041,FW-5C142,0
EQP-36031,14442.5,Diesel,Tarde,Leste,89.2,1.06,93.6,336,2,-61.61,852959,FW-EADE9,1
EQP-36032,12719.3, DIESEL ,Manha,Sul,112.3,2.61,106.7,293,2,12.55,904010,FW-D3FCE,1
EQP-36033,3808.5,Eletrico,Tarde,Sul,44.1,3.04,107.9,272,1,68.58,105266,FW-48BF9,0
EQP-36034,4361.1,Eletrico,Tarde,Norte,43.8,7.93,105.8,282,1,-19.97,457051,FW-E9935,1
EQP-36035,12694.1,Gas_Natural,Noite,Oeste,104.2,0.56,106.3,296,2,56.86,992023,FW-1AF67,1
EQP-36036,434.0,Gas_Natural,Manha,Sul,69.2,8.07,118.7,226,1,-33.05,873669,FW-39D41,0
EQP-36037,3275.3,diesel,Manha,Norte,58.4,6.93,120.5,271,1,-37.94,583156,FW-7B320,1
EQP-36038,11200.1,Eletrico,Tarde,Sul,80.4,,116.7,306,1,15.19,936746,FW-5BE22,1
EQP-36039,9394.7,Diesel,Manha,Oeste,102.7,3.63,79.0,126,0,-26.6,925243,FW-3246B,1
EQP-36040,5847.4,Diesel,Manha,Norte,93.5,4.4,124.3,186,0,-82.66,656492,FW-D1D7A,1
EQP-36041,9701.3,Hibrido,Manha,Leste,64.3,5.97,103.0,21,0,47.7,152633,FW-C5611,0
EQP-36042,936.1,Diesel,Tarde,Norte,74.0,1.28,94.9,269,3,-10.52,581325,FW-235A4,1
EQP-36043,5413.6, DIESEL ,Tarde,Oeste,86.8,11.94,100.8,173,0,6.08,645953,FW-3D2ED,1
EQP-36044,1782.4,Hibrido,Tarde,Oeste,85.5,3.39,81.2,16,0,13.76,768730,FW-B6EC6,1
EQP-36045,,Diesel,Noite,Sul,78.4,8.21,110.4,107,0,24.66,559181,FW-6520F,1
EQP-36046,10472.6,Eletrico,Tarde,Leste,67.0,0.68,98.3,121,0,26.74,404692,FW-40350,0
EQP-36047,4712.7,Eletrico,Noite,Norte,62.2,5.9,88.3,59,0,19.23,218588,FW-29159,1
EQP-36048,5693.0,Hibrido,Tarde,Norte,99.3,11.42,94.0,183,1,19.28,823770,FW-D1BFA,1
EQP-36049,2507.1,Hibrido,Manha,Leste,102.7,14.58,82.9,291,1,-27.52,303122,FW-C2333,1
EQP-36050,1229.8, DIESEL ,Tarde,Leste,89.6,14.72,78.7,88,0,-8.47,447325,FW-DD539,1
EQP-36051,5860.8, DIESEL ,Noite,Norte,114.8,3.19,103.1,227,1,-34.17,811807,FW-768A3,1
EQP-36052,,Eletrico,Manha,Sul,106.7,9.83,103.2,100,0,-14.53,485322,FW-5D4EE,1
EQP-36053,973.0, DIESEL ,Manha,Leste,61.8,5.64,89.4,302,1,34.58,292588,FW-C91A7,1
EQP-36054,14146.8,diesel,Tarde,Oeste,55.9,1.16,105.6,249,0,-60.26,105068,FW-45849,1
EQP-36055,451.4, DIESEL ,Noite,Norte,56.0,3.31,96.6,6,2,-18.34,658947,FW-7B402,0
EQP-36056,3840.6,Eletrico,Manha,Leste,69.8,4.68,104.1,165,0,-24.97,879705,FW-E078F,0
EQP-36057,3754.5,Diesel,Noite,Leste,91.8,3.19,116.1,274,1,-30.86,545903,FW-6F4CF,1
EQP-36058,3606.5,Eletrico,Noite,Norte,73.6,1.12,97.7,132,0,-11.56,551254,FW-90BC4,0
EQP-36059,3511.5,diesel,Tarde,Oeste,108.6,6.31,101.6,280,0,26.44,934362,FW-99968,1
EQP-36060,1632.5, DIESEL ,Manha,Norte,76.1,5.58,78.4,236,0,0.5,440278,FW-8D929,1
EQP-36061,5578.8,Diesel,Noite,Leste,45.0,6.7,93.6,137,2,13.38,771448,FW-AFA33,1
EQP-36062,1601.1,Diesel,Manha,Sul,81.6,3.01,91.5,34,0,-42.56,648712,FW-C8102,0
EQP-36063,11102.5,Eletrico,Tarde,Sul,47.7,2.13,93.1,200,1,-1.44,573621,FW-CA161,1
EQP-36064,3850.0,Eletrico,Noite,Sul,53.2,,98.1,88,0,53.72,942234,FW-D9FB0,0
EQP-36065,1846.0,Diesel,Manha,Leste,74.6,4.95,85.2,300,0,6.55,223979,FW-D47B7,0
EQP-36066,2180.3,Eletrico,Tarde,Norte,54.4,6.05,112.2,35,0,-11.69,703885,FW-83739,0
EQP-36067,11931.7,Hibrido,Tarde,Sul,69.3,6.02,75.7,190,0,-19.24,864237,FW-47DE6,1
EQP-36068,9518.1, DIESEL ,Manha,Norte,44.6,4.01,111.1,13,0,-14.4,314073,FW-798DB,0
EQP-36069,6383.4,Eletrico,Manha,Norte,84.3,1.86,110.4,227,0,5.94,365497,FW-92767,1
EQP-36070,8182.1,diesel,Tarde,Leste,83.8,5.81,98.9,164,0,16.81,449259,FW-8C5D9,1
EQP-36071,10334.5, DIESEL ,Manha,Sul,85.4,3.71,100.9,283,1,-55.18,565481,FW-E0421,1
EQP-36072,10337.6,Gas_Natural,Manha,Sul,66.6,1.8,106.4,228,2,-22.52,811285,FW-504F1,1
EQP-36073,5550.9, DIESEL ,Manha,Leste,59.5,21.38,74.4,65,2,15.63,487068,FW-50BC7,1
EQP-36074,12367.1,Hibrido,Manha,Norte,57.6,4.13,110.2,144,0,11.1,433630,FW-B20F4,1
EQP-36075,7833.0,Eletrico,Tarde,Leste,80.3,0.64,103.8,244,0,-22.43,502514,FW-553EB,1
EQP-36076,3642.8,Diesel,Manha,Norte,61.7,0.6,117.8,196,0,-43.63,129202,FW-D78B0,0
EQP-36077,13041.4,Gas_Natural,Manha,Oeste,56.0,4.51,87.0,295,0,-4.54,353504,FW-A1C66,1
EQP-36078,7472.3,Eletrico,Noite,Sul,92.1,2.8,117.6,296,0,-1.0,309266,FW-F3BBF,1
EQP-36079,9663.5,Eletrico,Tarde,Leste,98.7,10.61,121.4,8,0,1.39,731920,FW-DDC27,1
EQP-36080,9054.8, DIESEL ,Tarde,Norte,105.3,0.82,100.6,84,1,10.77,345985,FW-5687A,1
EQP-36081,8752.8,Eletrico,Manha,Oeste,71.1,1.37,118.9,69,1,-69.61,594335,FW-6997F,1
EQP-36082,6734.0,Eletrico,Noite,Oeste,68.1,7.3,135.9,290,2,-38.03,247566,FW-24C94,1
EQP-36083,9627.9,Eletrico,Manha,Sul,45.0,12.05,91.6,145,3,18.15,629260,FW-AE9D8,1
EQP-36084,2938.9,Gas_Natural,Manha,Leste,95.6,1.64,95.4,129,1,34.42,293662,FW-65723,0
EQP-36085,13371.9,Gas_Natural,Tarde,Sul,74.5,2.38,91.2,82,0,-5.37,403661,FW-1EFA5,1
EQP-36086,4355.5,Hibrido,Noite,Norte,80.9,1.77,119.0,343,0,28.95,456282,FW-B8A8D,1
EQP-36087,9205.6, DIESEL ,Noite,Oeste,61.0,1.53,94.7,67,2,28.33,547472,FW-6FE9D,0
EQP-36088,10978.1,Eletrico,Manha,Norte,97.5,5.2,108.5,273,0,-74.46,138794,FW-A9E9F,1
EQP-36089,3991.6,Hibrido,Noite,Leste,62.2,,102.6,343,2,-18.51,914632,FW-D906A,1
EQP-36090,13792.0,diesel,Manha,Norte,59.7,2.37,87.1,264,1,-26.08,485384,FW-34F72,0
EQP-36091,11699.3,Diesel,Tarde,Sul,59.2,0.76,82.3,28,0,-65.46,957504,FW-ECF40,0
EQP-36092,14812.7,Eletrico,Manha,Leste,57.1,5.57,87.7,347,0,-8.0,606923,FW-65775,1
EQP-36093,13484.6, DIESEL ,Tarde,Sul,35.8,,85.0,201,0,54.11,429092,FW-94130,0
EQP-36094,13416.9, DIESEL ,Noite,Leste,109.3,4.6,116.0,58,1,-38.49,470975,FW-4FBD6,1
EQP-36095,4513.1,Eletrico,Tarde,Norte,75.2,10.49,113.4,334,0,24.85,590088,FW-9A10F,1
EQP-36096,10229.6,Diesel,Tarde,Norte,77.0,6.4,110.2,104,1,34.5,168222,FW-51816,1
EQP-36097,9945.1,diesel,Manha,Oeste,88.4,1.68,106.8,144,0,45.05,552863,FW-C52FC,1
EQP-36098,9533.8,Gas_Natural,Tarde,Norte,89.6,1.22,99.4,85,1,-85.83,651344,FW-3DA32,1
EQP-36099,12343.1, DIESEL ,Tarde,Leste,53.1,1.31,95.6,273,0,-11.27,706266,FW-BB727,1
EQP-36100,11924.1, DIESEL ,Tarde,Sul,96.6,3.23,117.4,75,4,-56.3,651283,FW-AF41E,1
EQP-36101,603.6,Diesel,Noite,Sul,94.6,2.93,72.5,356,2,24.95,843610,FW-267A0,1
EQP-36102,1347.8,diesel,Noite,Sul,95.5,2.01,115.0,350,0,-0.58,510861,FW-DD7B1,1
EQP-36103,1786.6,Diesel,Manha,Norte,59.6,8.62,91.0,118,0,13.17,755177,FW-E4F0D,1
EQP-36104,11914.8,Diesel,Tarde,Sul,84.7,7.51,70.4,129,1,35.62,187302,FW-33234,1
EQP-36105,11744.6,Diesel,Manha,Norte,78.6,11.81,118.0,156,1,45.95,251901,FW-7F206,1
EQP-36106,14157.7, DIESEL ,Tarde,Norte,50.9,5.66,116.6,254,2,-24.35,884731,FW-85594,1
EQP-36107,11458.0,Diesel,Tarde,Sul,77.6,0.51,109.8,100,0,38.82,814619,FW-6D50A,1
EQP-36108,6490.1, DIESEL ,Manha,Oeste,66.9,0.74,68.5,283,0,5.35,932496,FW-A655C,1
EQP-36109,1946.9,Diesel,Tarde,Leste,110.9,1.99,132.2,186,1,-52.23,314778,FW-887C7,1
EQP-36110,8028.9, DIESEL ,Manha,Leste,102.4,5.81,106.5,69,0,6.4,556051,FW-2E279,1
EQP-36111,12738.7,Gas_Natural,Tarde,Sul,98.8,1.47,109.3,309,2,-53.68,151492,FW-473E2,1
EQP-36112,1622.0,Diesel,Tarde,Norte,82.0,5.84,110.3,325,0,-1.02,240102,FW-C85EB,0
EQP-36113,158.1,Diesel,Noite,Leste,78.7,,104.6,324,0,-17.56,218093,FW-C96BD,0
EQP-36114,10594.4,Eletrico,Manha,Sul,80.6,19.7,86.7,301,0,23.87,201971,FW-A5A59,1
EQP-36115,12683.7,Eletrico,Manha,Norte,76.6,0.95,106.3,176,2,-26.43,931565,FW-96D31,1
EQP-36116,3292.5,Gas_Natural,Manha,Sul,67.3,,104.5,184,3,30.98,924743,FW-9E7DE,1
EQP-36117,6332.4,Diesel,Tarde,Leste,68.4,3.0,114.2,88,0,-7.75,842380,FW-B760A,0
EQP-36118,11596.6,diesel,Manha,Leste,89.8,1.61,99.2,361,2,9.02,933537,FW-D129F,1
EQP-36119,1741.7,Diesel,Tarde,Norte,55.6,0.65,125.1,346,1,-17.46,782192,FW-3B8E3,1
EQP-36120,12759.6,Gas_Natural,Tarde,Sul,67.4,0.97,113.0,105,0,3.85,507093,FW-EBD20,1
EQP-36121,7299.8,Diesel,Tarde,Leste,48.1,,88.6,101,2,8.41,139626,FW-6441E,0
EQP-36122,6275.6, DIESEL ,Manha,Leste,86.6,5.6,57.3,158,0,-49.89,820271,FW-459EA,1
EQP-36123,3878.7,Eletrico,Manha,Norte,67.9,4.17,96.5,186,1,-60.24,992776,FW-BB880,1
EQP-36124,6414.2,Gas_Natural,Manha,Norte,80.6,4.93,100.0,296,1,11.07,362998,FW-AE806,1
EQP-36125,10690.0,diesel,Manha,Norte,60.6,0.68,85.2,361,1,29.16,918319,FW-266A8,1
EQP-36126,4657.7,Diesel,Manha,Oeste,41.3,4.95,101.9,137,1,36.63,448920,FW-AA8DB,0
EQP-36127,12567.6,Eletrico,Manha,Norte,79.1,1.67,110.2,96,0,-32.63,966084,FW-33E6C,1
EQP-36128,10846.8,Eletrico,Manha,Norte,69.7,6.97,107.8,264,0,25.77,801089,FW-76FEF,1
EQP-36129,4873.3,Hibrido,Manha,Norte,110.9,7.7,92.3,73,2,50.61,218670,FW-DCB1C,1
EQP-36130,12813.4, DIESEL ,Noite,Sul,77.2,8.93,92.8,335,1,-3.73,391600,FW-9C7F2,1
EQP-36131,9417.5,Diesel,Noite,Sul,74.6,1.07,93.0,159,1,41.73,893518,FW-EA301,1
EQP-36132,2824.2,Hibrido,Tarde,Oeste,76.1,2.59,115.3,238,1,-24.36,311388,FW-2D345,0
EQP-36133,7671.4, DIESEL ,Noite,Norte,86.8,2.61,88.3,94,1,-6.65,723411,FW-BE1AF,0
EQP-36134,12789.3,Eletrico,Manha,Norte,95.3,,122.1,82,0,12.29,883968,FW-3B348,1
EQP-36135,14195.9,Hibrido,Manha,Norte,65.2,0.82,80.0,111,1,-11.97,424468,FW-C8CF9,1
EQP-36136,3050.8,diesel,Noite,Leste,64.4,3.14,140.6,254,0,-36.48,834274,FW-547D1,0
EQP-36137,, DIESEL ,Manha,Oeste,43.6,4.99,114.1,165,1,-2.17,682102,FW-F0B35,0
EQP-36138,12984.8,Gas_Natural,Manha,Norte,76.6,2.63,102.0,69,0,15.71,601279,FW-9CA3F,1
EQP-36139,2952.0,Eletrico,Tarde,Sul,99.5,11.25,84.2,345,0,61.16,842720,FW-BD058,1
EQP-36140,8336.8,diesel,Noite,Sul,73.7,2.25,134.2,165,0,-30.24,564070,FW-D6751,1
EQP-36141,12142.8,Diesel,Tarde,Oeste,89.3,5.21,90.8,23,0,-9.06,966065,FW-1CA0E,1
EQP-36142,14897.4,Hibrido,Manha,Sul,76.2,8.75,133.2,287,0,-10.56,837356,FW-2B875,1
EQP-36143,844.0,Diesel,Manha,Sul,48.5,0.99,97.8,161,1,-20.19,105164,FW-1DDEE,0
EQP-36144,7713.2,Gas_Natural,Tarde,Norte,96.8,1.83,102.8,151,1,-12.23,586422,FW-9E0DB,1
EQP-36145,7287.1, DIESEL ,Tarde,Oeste,77.6,1.48,92.7,237,1,-46.9,832721,FW-29968,1
EQP-36146,9181.3,diesel,Manha,Norte,78.4,3.95,90.4,153,1,42.1,536178,FW-6D607,1
EQP-36147,5992.4,Diesel,Tarde,Leste,92.4,,104.8,332,0,-0.14,725979,FW-3AF88,1
EQP-36148,12694.0,Diesel,Manha,Sul,76.9,4.4,102.9,250,1,-0.33,488167,FW-8A1B9,1
EQP-36149,3897.0,Diesel,Manha,Sul,87.0,6.27,78.2,246,2,-9.33,403782,FW-37A96,1
EQP-36150,2840.8, DIESEL ,Tarde,Leste,85.8,1.64,96.1,358,1,-57.28,275251,FW-59AF4,1
EQP-36151,14784.9,diesel,Manha,Sul,84.9,0.96,105.7,259,0,25.02,207845,FW-72FAA,1
EQP-36152,14474.8,Diesel,Tarde,Oeste,81.9,13.3,82.2,92,4,13.65,897884,FW-AFD2B,1
EQP-36153,542.7, DIESEL ,Manha,Leste,89.3,1.55,115.7,326,1,73.03,448007,FW-43A61,1
EQP-36154,13160.4,Gas_Natural,Manha,Sul,53.1,4.46,77.7,344,0,37.45,878028,FW-61105,1
EQP-36155,9585.3,Diesel,Tarde,Oeste,88.2,8.29,101.8,69,0,59.69,143022,FW-36171,1
EQP-36156,601.7,Diesel,Noite,Oeste,64.9,6.93,96.0,327,0,16.65,739282,FW-51312,1
EQP-36157,3934.3,Diesel,Tarde,Oeste,97.3,0.9,137.4,193,1,-31.99,717465,FW-85EC4,1
EQP-36158,157.0,Eletrico,Tarde,Sul,65.8,0.64,90.3,111,1,-62.11,486487,FW-3E946,0
EQP-36159,7918.3,Diesel,Noite,Norte,105.9,4.86,96.8,29,0,-33.47,254976,FW-92C8B,1
EQP-36160,11761.8,Diesel,Manha,Sul,91.6,12.48,77.2,66,0,-37.14,848259,FW-A78DE,1
EQP-36161,1950.9,Diesel,Manha,Sul,60.7,4.35,108.5,302,0,5.92,248920,FW-68D16,1
EQP-36162,,Diesel,Tarde,Oeste,74.5,2.69,85.3,206,1,-67.77,199897,FW-309AB,0
EQP-36163,4616.3,Eletrico,Manha,Norte,75.0,7.14,89.0,298,2,37.27,759097,FW-B69BE,1
EQP-36164,14018.7,Diesel,Noite,Norte,63.1,11.51,100.2,210,0,-37.11,997817,FW-2DF4E,1
EQP-36165,5399.1,Hibrido,Noite,Leste,71.3,0.62,75.2,262,2,78.8,499894,FW-22C13,0
EQP-36166,11883.9,Hibrido,Noite,Leste,121.6,0.99,94.3,117,2,15.19,631877,FW-3DC75,1
EQP-36167,3959.8,Diesel,Manha,Norte,77.6,0.78,122.4,20,1,-9.38,933877,FW-1C874,1
EQP-36168,8509.9, DIESEL ,Noite,Norte,53.0,7.76,109.5,360,2,-35.85,153242,FW-1DA2B,1
EQP-36169,12851.7, DIESEL ,Noite,Norte,77.6,1.97,102.4,265,0,-61.72,585176,FW-5641C,1
EQP-36170,6303.7,Hibrido,Noite,Norte,70.3,8.09,84.4,138,0,-11.86,285356,FW-5724E,1
EQP-36171,11574.8,Diesel,Manha,Norte,82.1,1.58,127.0,234,1,-22.17,432525,FW-615F2,1
EQP-36172,4111.0,Eletrico,Noite,Leste,89.8,1.58,133.3,351,1,-38.14,306168,FW-2ACB7,1
EQP-36173,5260.7, DIESEL ,Tarde,Norte,91.1,17.89,85.5,198,1,61.6,518858,FW-8D431,1
EQP-36174,14746.5,diesel,Manha,Sul,84.8,3.66,90.1,210,0,-13.97,205886,FW-D5510,1
EQP-36175,13272.5,Diesel,Manha,Leste,86.7,2.49,111.0,300,1,-17.26,696996,FW-80ADC,1
EQP-36176,6337.7,Hibrido,Manha,Oeste,74.0,1.05,63.3,268,0,33.4,383382,FW-ADD0B,1
EQP-36177,8609.0,Diesel,Manha,Norte,67.6,2.81,95.8,334,0,-24.9,403781,FW-71007,1
EQP-36178,,Diesel,Tarde,Norte,78.8,4.62,100.2,39,0,19.13,369892,FW-C895B,1
EQP-36179,6001.4,diesel,Noite,Norte,57.8,13.1,105.2,99,0,-36.85,569136,FW-5F6CB,1
EQP-36180,9396.6,Eletrico,Tarde,Oeste,90.7,13.1,113.5,132,1,-50.84,253186,FW-27216,1
EQP-36181,10749.3,Diesel,Noite,Leste,69.2,9.17,88.7,48,0,16.59,360773,FW-DD65C,1
EQP-36182,9082.1,Eletrico,Tarde,Leste,89.5,2.67,112.4,131,0,-13.58,883960,FW-37C2B,1
EQP-36183,14738.0,Diesel,Manha,Norte,63.3,9.44,148.2,207,1,17.4,104895,FW-65C9B,1
EQP-36184,4023.9,Diesel,Manha,Sul,56.7,3.26,67.2,305,0,-17.48,384706,FW-9D2B6,1
EQP-36185,9935.9,Gas_Natural,Tarde,Norte,67.2,17.94,93.2,23,2,-40.65,750707,FW-5D8EC,1
EQP-36186,6917.2,Eletrico,Tarde,Norte,92.9,0.97,110.5,228,0,22.34,998247,FW-4506E,1
EQP-36187,2857.9,Gas_Natural,Manha,Leste,59.1,6.86,95.2,149,0,29.51,142302,FW-52DF8,1
EQP-36188,3686.6,Eletrico,Tarde,Leste,97.8,4.08,111.3,48,0,28.72,438432,FW-6C2E5,1
EQP-36189,5314.8,Gas_Natural,Tarde,Oeste,40.6,3.08,98.4,179,1,55.39,155455,FW-EBD3C,1
EQP-36190,7982.8,diesel,Manha,Sul,80.5,12.53,129.3,212,1,-10.25,373450,FW-38FBC,1
EQP-36191,3149.3, DIESEL ,Noite,Leste,85.3,1.74,113.7,152,2,-20.56,975432,FW-E8308,1
EQP-36192,,Eletrico,Tarde,Leste,88.7,5.77,94.0,270,1,-20.46,874741,FW-51E7F,1
EQP-36193,10823.4,Eletrico,Noite,Norte,103.3,2.96,95.2,142,1,50.32,576225,FW-B67BF,0
EQP-36194,5069.2,Eletrico,Tarde,Oeste,41.8,8.51,119.2,324,0,0.65,642909,FW-3FD6D,1
EQP-36195,8011.1,Diesel,Tarde,Sul,79.1,5.53,103.3,68,1,-40.57,104516,FW-44571,1
EQP-36196,1588.1,Eletrico,Manha,Leste,87.9,5.0,104.0,211,1,-21.15,533579,FW-B6629,1
EQP-36197,11382.8,Diesel,Tarde,Leste,99.2,,97.9,309,0,41.71,474036,FW-2E253,1
EQP-36198,10149.7,Eletrico,Noite,Leste,74.5,1.61,87.2,191,1,48.89,539382,FW-7B3E8,1
EQP-36199,1360.7, DIESEL ,Noite,Norte,96.4,2.64,114.8,242,2,14.81,702784,FW-DCD86,0
EQP-36200,8987.9,Diesel,Noite,Leste,116.1,1.3,95.0,305,2,-6.24,315906,FW-6221B,1
EQP-36201,14853.4,Diesel,Tarde,Sul,67.5,3.44,85.2,285,2,-34.89,479615,FW-EC225,1
EQP-36202,10408.4,Gas_Natural,Tarde,Norte,54.4,6.23,101.0,224,2,10.2,854793,FW-908BC,1
EQP-36203,12963.7,Hibrido,Manha,Oeste,61.5,4.38,128.6,249,0,20.23,586330,FW-6202F,1
EQP-36204,8731.9,Eletrico,Tarde,Leste,68.6,1.75,100.4,121,2,-1.39,650813,FW-53499,0
EQP-36205,, DIESEL ,Noite,Sul,75.2,6.59,92.4,52,0,-69.74,925655,FW-672C9,1
EQP-36206,6146.1,Eletrico,Tarde,Oeste,46.3,8.66,126.6,10,0,-9.02,626567,FW-9C450,1
EQP-36207,5568.5,Diesel,Noite,Leste,79.2,4.65,105.0,165,1,-26.28,931133,FW-AB35A,1
EQP-36208,1287.9,Diesel,Manha,Sul,59.2,5.1,104.2,284,0,-14.75,614904,FW-67C4D,1
EQP-36209,7898.2,Hibrido,Tarde,Leste,79.3,5.31,117.2,31,1,-10.58,777355,FW-817FA,1
EQP-36210,8924.7,Diesel,Noite,Norte,63.8,3.17,104.3,6,0,-84.9,951747,FW-C5B34,0
EQP-36211,10099.3,Diesel,Tarde,Norte,101.6,3.66,90.1,117,0,-28.77,754986,FW-DF4FC,1
EQP-36212,370.2,diesel,Noite,Leste,92.5,2.96,100.5,51,0,32.34,695727,FW-8EAFC,0
EQP-36213,2046.8,Hibrido,Manha,Leste,96.0,1.78,73.5,60,1,1.64,816256,FW-E083D,0
EQP-36214,8636.7,diesel,Noite,Sul,85.6,2.4,73.0,67,0,-44.36,851426,FW-4D36D,0
EQP-36215,10180.9,Eletrico,Manha,Norte,76.7,4.6,86.5,157,2,-6.17,836512,FW-56FDA,1
EQP-36216,8303.1,Eletrico,Manha,Sul,62.6,7.6,109.6,228,0,3.24,699180,FW-42B29,0
EQP-36217,1708.5,diesel,Noite,Norte,78.0,5.42,127.0,13,0,-21.23,838648,FW-831B8,0
EQP-36218,8864.4,Diesel,Tarde,Oeste,93.2,22.61,104.2,49,1,28.76,551026,FW-E58AA,1
EQP-36219,12018.6,Eletrico,Tarde,Sul,54.9,8.12,99.2,166,1,-22.04,501786,FW-B4B50,1
EQP-36220,10506.4,Diesel,Noite,Norte,109.3,,100.4,273,1,53.04,369669,FW-5A8CF,1
EQP-36221,1827.8,Diesel,Manha,Norte,67.4,2.13,106.4,339,0,-58.12,461563,FW-7AB36,1
EQP-36222,12699.8,Hibrido,Manha,Oeste,93.6,4.06,81.0,303,3,-41.29,114165,FW-B07D2,1
EQP-36223,1162.3, DIESEL ,Tarde,Sul,84.3,0.98,106.3,27,0,6.19,312902,FW-85FD7,0
EQP-36224,2905.2,diesel,Tarde,Sul,82.8,6.89,83.1,97,0,9.11,243360,FW-EF376,1
EQP-36225,6328.1,Eletrico,Manha,Sul,73.6,5.03,108.8,102,0,25.56,560968,FW-6CFF4,1
EQP-36226,11445.7,diesel,Tarde,Sul,66.0,3.29,95.1,9,1,40.0,674541,FW-DA697,0
EQP-36227,9304.3,Hibrido,Manha,Sul,83.3,5.85,74.5,218,1,-11.78,108655,FW-1A331,1
EQP-36228,14020.2,diesel,Tarde,Leste,100.1,1.07,105.7,97,0,37.96,938574,FW-8A335,0
EQP-36229,2350.6,Eletrico,Manha,Sul,74.8,6.38,105.1,219,0,39.6,938307,FW-5887D,1
EQP-36230,,diesel,Noite,Oeste,65.6,6.21,111.5,169,0,2.7,403661,FW-69B4C,1
EQP-36231,14521.4,Diesel,Manha,Oeste,52.9,2.56,120.1,76,1,-13.47,496494,FW-DC691,1
EQP-36232,10895.3,Diesel,Noite,Leste,78.7,1.13,88.3,148,1,7.28,612295,FW-CE874,1
EQP-36233,8490.7,Diesel,Tarde,Leste,65.5,1.32,99.1,241,0,-25.82,623695,FW-81FB2,1
EQP-36234,7948.9,Gas_Natural,Tarde,Sul,60.4,4.2,107.2,49,2,85.25,130476,FW-D7DFD,0
EQP-36235,4413.7,Diesel,Manha,Leste,83.2,1.45,115.3,121,1,8.61,257353,FW-5728B,1
EQP-36236,12743.1,Hibrido,Noite,Norte,39.5,4.14,113.6,22,1,-4.12,709513,FW-B9E08,0
EQP-36237,3474.9,Diesel,Tarde,Sul,54.9,5.77,108.2,110,1,-24.51,193383,FW-7BA2D,0
EQP-36238,12596.1,Eletrico,Manha,Norte,80.2,3.68,101.2,162,1,16.47,840673,FW-60E59,1
EQP-36239,3193.4,Diesel,Tarde,Oeste,77.7,5.72,64.6,279,0,52.51,333414,FW-80C70,1
EQP-36240,5042.1,Eletrico,Tarde,Sul,78.3,1.6,110.7,142,1,57.44,218968,FW-74038,1
EQP-36241,7955.8, DIESEL ,Tarde,Norte,60.1,1.1,122.8,16,0,14.74,439692,FW-51C63,0
EQP-36242,12553.0,Diesel,Manha,Sul,82.1,3.11,100.7,80,1,-13.87,933381,FW-BB7C8,1
EQP-36243,7043.2, DIESEL ,Tarde,Oeste,65.9,4.83,96.0,228,0,-2.42,152531,FW-A64B0,1
EQP-36244,12318.5,Hibrido,Tarde,Oeste,86.3,,79.1,254,1,9.11,726492,FW-59167,1
EQP-36245,13263.5,Eletrico,Noite,Norte,98.4,3.73,120.8,168,1,-41.22,977275,FW-943A0,1
EQP-36246,11166.1,Hibrido,Manha,Norte,82.5,6.38,85.2,70,0,-47.55,871320,FW-8AB00,1
EQP-36247,13116.1,Diesel,Manha,Leste,38.4,4.24,100.1,178,0,-35.02,807139,FW-39227,0
EQP-36248,1279.3,Hibrido,Noite,Oeste,98.4,2.87,112.2,69,1,53.39,160060,FW-2AF58,1
EQP-36249,7115.9, DIESEL ,Manha,Sul,88.9,1.04,93.4,249,0,27.39,371682,FW-D5AC6,0
EQP-36250,9464.9,Hibrido,Manha,Sul,67.1,2.43,96.8,278,0,7.62,623276,FW-982E2,1
EQP-36251,11744.5,Eletrico,Tarde,Norte,80.9,,97.3,266,0,17.34,816386,FW-CAB17,1
EQP-36252,11005.5,Diesel,Tarde,Oeste,46.5,4.0,92.2,254,1,23.93,664362,FW-C8AA5,1
EQP-36253,543.2,Gas_Natural,Manha,Norte,51.7,14.64,96.2,230,0,11.7,634981,FW-889EC,1
EQP-36254,6174.8,Diesel,Manha,Sul,58.0,,94.8,340,1,95.51,991965,FW-474A0,1
EQP-36255,14249.2, DIESEL ,Manha,Leste,99.9,2.74,103.4,195,1,6.41,683360,FW-68740,1
EQP-36256,10703.4, DIESEL ,Manha,Norte,68.5,,99.5,228,2,-9.56,755381,FW-94813,1
EQP-36257,5097.2,Eletrico,Manha,Oeste,89.8,1.66,92.5,162,0,10.6,811495,FW-5F114,1
EQP-36258,10365.7,Eletrico,Noite,Sul,26.5,1.25,104.0,8,1,14.52,646116,FW-C4B63,0
EQP-36259,8211.5,Diesel,Manha,Sul,75.2,5.11,98.2,239,0,-35.05,145462,FW-45D49,1
EQP-36260,12009.5,Eletrico,Tarde,Sul,63.7,2.0,72.7,65,2,-30.47,107881,FW-8B37F,1
EQP-36261,14379.5,Eletrico,Manha,Leste,93.0,18.2,109.1,204,0,-9.82,869451,FW-B8D75,1
EQP-36262,9856.3,diesel,Tarde,Sul,74.5,1.62,86.0,271,1,-46.25,343568,FW-A0344,1
EQP-36263,10258.8,Gas_Natural,Manha,Sul,104.4,4.55,102.2,281,0,65.86,612923,FW-2AD1E,1
EQP-36264,13410.1,Eletrico,Noite,Leste,70.9,,88.2,282,2,-11.67,912521,FW-C33F0,1
EQP-36265,11864.4,Gas_Natural,Tarde,Oeste,73.0,2.27,86.3,306,0,7.12,856284,FW-C41F1,1
EQP-36266,14669.0, DIESEL ,Manha,Sul,70.4,6.99,100.0,10,1,-42.67,822171,FW-3F8CB,1
EQP-36267,3527.0,Hibrido,Tarde,Oeste,50.9,1.84,88.5,359,1,23.26,204998,FW-93C96,1
EQP-36268,6169.4,Eletrico,Tarde,Norte,84.4,3.31,110.4,220,1,40.18,871517,FW-90B65,1
EQP-36269,1972.3,Diesel,Noite,Norte,87.1,,116.7,78,0,-17.49,590835,FW-47BF9,0
EQP-36270,,diesel,Tarde,Oeste,56.5,6.82,99.1,204,3,-24.52,781980,FW-4D091,1
EQP-36271,14465.1,Eletrico,Tarde,Leste,99.9,3.97,90.5,175,1,-14.81,814786,FW-B3C85,1
EQP-36272,12113.3,Eletrico,Manha,Sul,71.2,1.18,110.2,102,0,37.97,997240,FW-769AB,1
EQP-36273,6319.4, DIESEL ,Tarde,Oeste,52.4,4.64,97.1,63,0,15.73,836875,FW-C14E4,0
EQP-36274,3393.0,Eletrico,Manha,Sul,80.5,3.27,105.2,68,1,45.47,795580,FW-B3C40,0
EQP-36275,135.0,Diesel,Tarde,Norte,56.9,0.96,105.7,42,0,-42.79,821763,FW-4AD7F,0
EQP-36276,,Eletrico,Manha,Norte,66.0,20.89,99.8,124,0,1.2,168800,FW-AA1F1,1
EQP-36277,10824.1,Eletrico,Noite,Norte,75.6,9.02,110.3,218,2,1.37,481016,FW-7061D,1
EQP-36278,5098.7,Gas_Natural,Manha,Sul,28.6,5.88,92.8,220,2,-31.5,788483,FW-D6CAC,0
EQP-36279,8459.7,Gas_Natural,Manha,Norte,99.3,4.81,78.6,350,1,63.64,671830,FW-6CF91,1
EQP-36280,10321.4, DIESEL ,Noite,Leste,104.1,0.55,119.5,48,0,-19.0,174194,FW-40BB0,1
EQP-36281,9621.2,Diesel,Tarde,Leste,86.6,1.17,97.9,348,1,-0.63,799057,FW-797CE,1
EQP-36282,10362.4,Hibrido,Manha,Norte,84.1,18.71,94.4,233,0,-8.04,833438,FW-BD8F2,1
EQP-36283,13701.4,diesel,Tarde,Norte,62.1,1.61,119.0,71,1,-46.94,438057,FW-1C111,1
EQP-36284,9523.2, DIESEL ,Manha,Norte,87.1,1.87,111.1,364,0,-0.44,918105,FW-A994B,1
EQP-36285,7811.9,Eletrico,Tarde,Sul,101.1,3.44,90.0,335,0,70.21,103511,FW-78B21,1
EQP-36286,8758.2,Eletrico,Manha,Oeste,85.3,8.85,118.5,139,1,86.74,621308,FW-D42B7,1
EQP-36287,1728.6,Diesel,Tarde,Sul,51.3,5.48,115.7,92,3,85.78,942620,FW-626E0,1
EQP-36288,12516.3,Diesel,Noite,Leste,53.4,9999.0,110.3,109,0,28.7,614480,FW-356DE,1
EQP-36289,11341.0,diesel,Noite,Leste,57.2,,100.9,142,1,-66.68,866327,FW-8864E,1
EQP-36290,12638.2,Diesel,Noite,Sul,75.9,2.64,86.0,301,0,-11.92,661120,FW-992BD,1
EQP-36291,2899.2,Eletrico,Noite,Norte,103.0,2.43,89.1,243,0,-30.24,736752,FW-9772E,1
EQP-36292,4502.6,Eletrico,Manha,Leste,65.2,4.35,104.2,181,2,-13.15,177348,FW-6C2B0,1
EQP-36293,5592.2,Eletrico,Noite,Norte,62.3,0.59,120.2,331,0,-13.81,920685,FW-E4527,0
EQP-36294,3423.2,Diesel,Noite,Leste,53.8,21.03,137.5,33,3,-39.22,911499,FW-41D67,1
EQP-36295,11589.5,Hibrido,Manha,Leste,99.8,,90.4,52,0,-20.26,787303,FW-BED07,1
EQP-36296,,Diesel,Tarde,Sul,24.3,,121.3,30,3,48.89,122316,FW-C15AB,1
EQP-36297,7319.0,Diesel,Manha,Sul,70.9,0.91,124.6,13,1,-33.3,369920,FW-CC122,0
EQP-36298,5902.5,Hibrido,Noite,Norte,80.1,2.65,102.3,28,1,4.84,706834,FW-B1BF1,1
EQP-36299,7667.9,Gas_Natural,Tarde,Oeste,76.4,2.3,102.2,361,0,2.27,818463,FW-B6197,1
EQP-36300,, DIESEL ,Manha,Norte,73.5,1.61,102.1,36,2,-3.66,845695,FW-A4C87,1
EQP-36301,14506.8,Eletrico,Noite,Norte,84.8,1.49,81.3,298,0,-8.27,606521,FW-D8245,1
EQP-36302,3391.5,Diesel,Manha,Oeste,56.8,6.6,118.1,293,1,-1.77,477958,FW-669BE,1
EQP-36303,257.1, DIESEL ,Noite,Leste,37.6,5.81,97.7,342,0,50.92,611989,FW-AF977,1
EQP-36304,4784.2,Eletrico,Tarde,Sul,83.7,1.98,75.2,82,0,18.68,735852,FW-A8179,1
EQP-36305,13750.2,Eletrico,Tarde,Norte,99.8,3.18,97.5,290,2,36.75,952522,FW-E6978,1
EQP-36306,6891.8,Hibrido,Manha,Sul,115.9,2.4,108.0,363,2,-42.18,973147,FW-D4221,1
EQP-36307,13503.7,Diesel,Manha,Norte,69.0,4.03,92.0,232,1,31.02,139999,FW-3018D,1
EQP-36308,10094.6,Diesel,Tarde,Sul,48.3,7.81,94.9,218,0,-51.92,626241,FW-DCAB8,1
EQP-36309,10308.5,Gas_Natural,Manha,Oeste,56.3,0.96,112.2,224,4,-61.54,749549,FW-25843,1
EQP-36310,,Hibrido,Noite,Norte,81.9,6.0,124.8,16,0,41.82,250384,FW-1B19A,1
EQP-36311,6308.9, DIESEL ,Manha,Leste,121.0,6.72,107.6,251,2,-43.83,228098,FW-EA6F6,1
EQP-36312,6763.4,Diesel,Tarde,Norte,101.7,15.73,84.3,6,0,32.0,480845,FW-6A834,1
EQP-36313,8174.7,Diesel,Tarde,Leste,71.1,0.61,83.6,247,0,-24.85,768036,FW-AEE52,1
EQP-36314,14275.6,diesel,Noite,Leste,75.7,8.99,117.1,258,3,-41.76,519744,FW-6DCE3,1
EQP-36315,6000.1,Hibrido,Tarde,Leste,91.5,1.55,90.1,156,1,-7.42,648560,FW-E463F,1
EQP-36316,14433.2,Hibrido,Tarde,Oeste,69.9,4.83,115.5,278,0,-2.99,386607,FW-B4A8B,1
EQP-36317,8445.1,Diesel,Noite,Norte,78.8,2.58,127.0,205,1,-33.56,527852,FW-736C3,1
EQP-36318,3064.0,Eletrico,Tarde,Norte,79.5,4.93,101.6,131,0,33.79,492595,FW-5A896,1
EQP-36319,1546.6,Diesel,Manha,Oeste,53.7,1.24,104.5,142,1,13.03,169768,FW-50B44,0
EQP-36320,7599.0, DIESEL ,Noite,Oeste,57.5,0.74,120.9,115,0,17.38,722518,FW-8EAF2,0
EQP-36321,1366.4,Eletrico,Manha,Oeste,83.8,4.79,78.2,60,1,69.64,501109,FW-8F0AD,1
EQP-36322,5093.5,Eletrico,Noite,Leste,110.5,3.27,119.4,186,1,33.4,434411,FW-9843A,1
EQP-36323,5030.4,Diesel,Tarde,Sul,101.6,5.17,103.0,352,1,-40.76,862275,FW-CA6C0,1
EQP-36324,3309.8,Diesel,Manha,Oeste,73.8,2.36,99.5,12,0,5.13,813599,FW-48111,0
EQP-36325,8371.5,Eletrico,Manha,Leste,71.6,10.55,123.9,50,1,-32.7,684376,FW-C2CC1,1
EQP-36326,11683.8,Hibrido,Tarde,Oeste,68.6,9.69,124.1,297,1,-17.64,794079,FW-B184A,1
EQP-36327,14096.0,Diesel,Manha,Sul,63.2,8.01,82.6,272,0,-54.99,267819,FW-666A5,1
EQP-36328,8799.0,Diesel,Manha,Sul,104.1,5.37,91.2,320,0,56.59,795137,FW-3BC1D,1
EQP-36329,, DIESEL ,Noite,Norte,83.8,10.49,98.9,219,0,17.43,505311,FW-E8AAA,1
EQP-36330,10063.9,Gas_Natural,Manha,Norte,78.4,0.81,94.0,271,1,-6.84,369194,FW-75E94,1
EQP-36331,10644.8,Diesel,Tarde,Norte,70.0,1.2,107.8,220,2,-68.91,149184,FW-61613,1
EQP-36332,12077.9,Eletrico,Manha,Sul,61.0,11.65,96.6,199,1,-45.55,685991,FW-BF2B5,1
EQP-36333,10698.8,Hibrido,Tarde,Sul,44.7,,112.7,212,1,31.0,487231,FW-93124,1
EQP-36334,14649.6,Diesel,Tarde,Oeste,87.3,30.43,116.2,335,1,62.16,669880,FW-7E59E,1
EQP-36335,929.9,Gas_Natural,Manha,Sul,50.6,5.36,113.7,112,1,-31.14,190521,FW-9C8F0,0
EQP-36336,12746.2,Diesel,Manha,Sul,57.8,1.48,98.7,330,1,34.27,987643,FW-EC413,1
EQP-36337,13215.9,Eletrico,Noite,Norte,104.0,15.58,112.3,108,0,-43.94,715654,FW-1ED39,1
EQP-36338,9159.6,Diesel,Tarde,Leste,57.7,,85.2,242,0,-60.55,145950,FW-7078A,1
EQP-36339,8827.7,Diesel,Tarde,Leste,58.5,3.7,92.8,12,0,79.04,157842,FW-407A5,0
EQP-36340,3974.8,Diesel,Noite,Leste,57.7,7.69,109.7,321,1,22.79,304795,FW-C8860,1
EQP-36341,5953.4,Diesel,Noite,Sul,75.9,12.29,106.0,85,0,69.82,114934,FW-25F89,1
EQP-36342,6549.0, DIESEL ,Tarde,Sul,48.6,0.92,92.0,79,0,27.02,558656,FW-7E524,0
EQP-36343,9406.8,Eletrico,Manha,Norte,78.1,2.74,119.4,170,2,37.02,336448,FW-D3FC6,1
EQP-36344,1657.3,diesel,Manha,Sul,70.0,23.99,106.2,170,1,21.84,999960,FW-9C5B2,1
EQP-36345,,Diesel,Tarde,Norte,78.7,5.07,121.2,215,0,47.01,482923,FW-3C5FF,1
EQP-36346,8210.8,Diesel,Manha,Sul,87.0,,115.3,238,1,-2.32,609539,FW-D40A4,1
EQP-36347,11149.8,Diesel,Noite,Norte,53.7,0.93,88.1,199,0,-46.3,726824,FW-CE99B,0
EQP-36348,6896.2,Diesel,Noite,Oeste,83.1,2.97,103.1,42,3,-38.64,112646,FW-4C684,1
EQP-36349,13243.0,Eletrico,Tarde,Sul,56.8,3.3,92.6,316,1,52.95,530956,FW-997DE,1
EQP-36350,14560.1,Eletrico,Manha,Leste,76.2,1.31,119.2,150,0,6.04,414173,FW-8C6A5,1
EQP-36351,3240.3,Eletrico,Manha,Leste,74.6,10.03,126.9,139,0,21.58,536945,FW-2A458,1
EQP-36352,3645.6,Diesel,Tarde,Oeste,113.5,2.96,97.8,144,1,9.33,456563,FW-7F994,1
EQP-36353,1871.6,Diesel,Tarde,Norte,93.9,4.01,113.7,178,1,-35.98,779247,FW-C26E0,0
EQP-36354,6538.1,Eletrico,Manha,Oeste,103.6,9.08,117.5,118,0,-29.65,439408,FW-25DF4,1
EQP-36355,10842.6,diesel,Manha,Oeste,82.4,5.33,111.3,282,0,97.21,265949,FW-CE6FC,1
EQP-36356,13023.9,Diesel,Noite,Sul,74.3,1.32,103.9,109,4,18.8,621214,FW-D85C0,1
EQP-36357,8718.7,Diesel,Noite,Sul,67.3,3.84,94.7,342,1,34.38,140500,FW-291D5,1
EQP-36358,738.9,Diesel,Tarde,Sul,43.4,6.35,126.9,111,0,-13.16,421968,FW-395E4,0
EQP-36359,1157.0,Hibrido,Tarde,Norte,89.2,2.81,124.7,347,1,48.84,528448,FW-7F78B,1
EQP-36360,10261.8,Gas_Natural,Manha,Oeste,82.7,1.47,110.6,225,0,-10.42,368314,FW-40B6A,1
EQP-36361,5074.8, DIESEL ,Noite,Norte,71.2,10.53,110.8,301,1,-38.84,907346,FW-BC0B0,1
EQP-36362,4298.6,Diesel,Tarde,Leste,111.7,2.21,97.8,123,3,-29.32,103023,FW-773FA,1
EQP-36363,191.3,Diesel,Manha,Leste,54.3,0.54,116.4,52,0,72.06,243076,FW-F0BF5,0
EQP-36364,725.7,Hibrido,Manha,Oeste,67.8,17.29,70.9,311,1,-33.35,647731,FW-9D269,1
EQP-36365,3149.8,Diesel,Manha,Oeste,76.3,3.21,98.4,112,4,-19.22,585623,FW-DC7B6,1
EQP-36366,11227.9,Hibrido,Tarde,Norte,60.3,,88.1,334,0,-25.01,534350,FW-43B0E,1
EQP-36367,5683.9,Diesel,Manha,Norte,94.4,3.42,85.3,364,0,-12.17,324153,FW-7B856,1
EQP-36368,14122.7,diesel,Tarde,Norte,55.5,16.05,87.2,232,3,-16.42,337069,FW-3B40E,1
EQP-36369,6766.2,Hibrido,Noite,Sul,65.7,8.81,115.7,32,2,-52.48,291004,FW-4688C,0
EQP-36370,7879.9,Eletrico,Noite,Norte,57.4,6.03,86.9,24,0,12.61,515027,FW-F0FC7,1
EQP-36371,13607.1,diesel,Tarde,Norte,53.8,6.18,106.9,263,0,-49.45,827698,FW-BFD1A,1
EQP-36372,10916.7,Gas_Natural,Manha,Leste,49.6,0.73,82.2,201,1,23.61,257105,FW-618EE,1
EQP-36373,1233.7,Eletrico,Manha,Norte,49.3,,76.6,89,1,37.95,732852,FW-7D32D,0
EQP-36374,3833.4,Diesel,Noite,Sul,51.6,4.51,97.9,153,1,-29.63,578507,FW-40B8A,0
EQP-36375,12077.5,Diesel,Tarde,Leste,93.4,1.15,122.9,360,0,8.63,603417,FW-21754,1
EQP-36376,1124.7,Gas_Natural,Manha,Norte,76.1,5.36,93.2,72,0,32.74,588430,FW-6EB3C,0
EQP-36377,7128.0,Eletrico,Tarde,Oeste,81.6,3.72,95.4,80,0,-1.35,914422,FW-347B8,0
EQP-36378,2932.1,Diesel,Noite,Sul,113.3,1.4,125.4,72,0,-27.03,103311,FW-B2066,1
EQP-36379,4881.1,Diesel,Manha,Oeste,40.0,2.78,102.9,317,0,-3.35,871709,FW-807ED,0
EQP-36380,14125.2,Eletrico,Manha,Oeste,102.9,0.54,118.3,5,0,-14.49,316774,FW-E6E91,0
EQP-36381,2865.2,Diesel,Tarde,Oeste,74.7,12.62,116.5,344,0,-43.48,904885,FW-28BF8,1
EQP-36382,3433.5, DIESEL ,Tarde,Leste,90.1,2.54,89.0,131,1,-5.45,775661,FW-8236B,1
EQP-36383,12997.1,Eletrico,Noite,Sul,99.7,8.61,126.2,196,0,-7.34,626577,FW-63F72,1
EQP-36384,13351.3,Diesel,Noite,Sul,38.2,11.99,110.5,83,1,-2.31,293053,FW-78892,1
EQP-36385,8968.9,Hibrido,Noite,Oeste,80.6,,100.1,294,0,-3.92,789963,FW-ABFF1,1
EQP-36386,13039.6, DIESEL ,Noite,Norte,87.1,0.72,97.7,181,0,2.13,335804,FW-199B1,1
EQP-36387,1968.4, DIESEL ,Manha,Sul,64.3,4.78,126.9,15,3,0.37,756470,FW-5209C,0
EQP-36388,9945.7,Diesel,Manha,Norte,74.1,5.25,98.9,93,0,-27.81,978845,FW-1EE8E,1
EQP-36389,11461.6,Hibrido,Noite,Sul,54.8,4.61,110.5,335,1,7.89,669458,FW-684B0,1
EQP-36390,7335.8,Diesel,Manha,Sul,93.3,0.96,92.5,6,0,-22.42,123359,FW-A6599,0
EQP-36391,5667.6, DIESEL ,Tarde,Oeste,45.0,10.31,126.7,8,0,-25.1,965972,FW-E3FCD,0
EQP-36392,313.3,Diesel,Tarde,Norte,82.2,0.61,114.6,311,0,20.86,402297,FW-4B018,1
EQP-36393,14953.2,Eletrico,Tarde,Sul,84.7,6.39,96.3,228,3,74.11,454781,FW-965A6,1
EQP-36394,7303.5,diesel,Manha,Sul,64.1,16.53,89.1,258,1,-17.57,478337,FW-8CCD2,1
EQP-36395,10533.3,Diesel,Manha,Sul,78.0,0.89,104.0,133,1,108.06,433130,FW-D517F,1
EQP-36396,6348.6,Eletrico,Manha,Sul,86.0,1.21,75.5,254,1,-11.68,386230,FW-ABB32,1
EQP-36397,5931.9,Hibrido,Tarde,Norte,66.7,5.8,126.3,298,0,11.9,648810,FW-E4223,1
EQP-36398,8653.2,Eletrico,Noite,Sul,91.2,0.63,104.6,31,0,-1.04,669789,FW-CB5E5,1
EQP-36399,11117.3,Eletrico,Manha,Norte,74.3,2.21,95.8,363,3,13.99,866411,FW-A344F,1
EQP-36400,7142.5,Eletrico,Manha,Sul,61.7,3.68,113.0,43,2,37.54,657032,FW-E9272,1
EQP-36401,3983.6,diesel,Manha,Oeste,105.2,4.84,98.3,18,1,-4.33,231815,FW-E7347,1
EQP-36402,9629.2, DIESEL ,Tarde,Leste,81.0,4.87,98.8,55,0,-2.46,643272,FW-4ECAF,1
EQP-36403,5838.4, DIESEL ,Manha,Oeste,39.2,3.14,103.2,270,0,-6.13,251013,FW-6A4E3,0
EQP-36404,8926.9, DIESEL ,Noite,Leste,37.8,11.92,86.7,87,1,-16.1,117843,FW-632BF,1
EQP-36405,,Hibrido,Manha,Leste,77.4,5.95,88.8,242,0,-18.08,743230,FW-C3AA8,1
EQP-36406,14305.7,Diesel,Tarde,Leste,86.3,2.48,97.1,175,1,63.66,984609,FW-A10C2,1
EQP-36407,14062.8, DIESEL ,Manha,Sul,69.6,8.23,78.8,121,0,1.05,999667,FW-7380E,1
EQP-36408,14975.5,Hibrido,Manha,Sul,97.4,4.5,96.4,133,1,-46.56,219170,FW-A8B4A,1
EQP-36409,10104.8,Diesel,Manha,Leste,52.5,1.72,86.7,173,0,-65.56,745047,FW-87456,0
EQP-36410,6520.0,diesel,Manha,Leste,75.1,13.42,82.9,349,0,3.89,310821,FW-3ED99,1
EQP-36411,9088.1,Eletrico,Noite,Norte,73.1,2.17,88.9,217,0,12.7,368455,FW-C2A65,1
EQP-36412,9747.1,Eletrico,Manha,Oeste,76.2,10.51,66.4,301,1,-18.5,627601,FW-B500D,1
EQP-36413,11252.0,diesel,Manha,Leste,82.6,7.12,96.6,328,0,-56.83,480661,FW-83DFE,1
EQP-36414,14416.2,Hibrido,Tarde,Leste,88.8,10.19,92.7,20,1,37.75,924108,FW-CD99D,1
EQP-36415,1175.9,Gas_Natural,Tarde,Norte,59.9,2.12,71.8,274,0,-19.06,868838,FW-CD731,1
EQP-36416,13075.3,Eletrico,Manha,Oeste,68.3,3.23,77.1,261,1,-40.75,657883,FW-4B4FF,1
EQP-36417,9882.7,Eletrico,Tarde,Oeste,97.8,12.94,104.0,17,1,-35.75,401739,FW-72AEE,1
EQP-36418,7452.4,Eletrico,Tarde,Oeste,44.8,6.74,74.1,164,3,21.58,687232,FW-6D1C8,1
EQP-36419,9710.2,Gas_Natural,Noite,Leste,93.4,,88.2,5,1,-38.32,345335,FW-522FC,1
EQP-36420,1555.4,Diesel,Tarde,Oeste,85.5,3.36,92.0,259,0,-23.18,551307,FW-EB9D1,1
EQP-36421,3741.5,Hibrido,Tarde,Leste,74.2,6.89,89.3,3,0,33.34,612494,FW-CA847,0
EQP-36422,3399.1,Gas_Natural,Manha,Oeste,96.4,1.62,92.4,273,0,-56.52,948686,FW-CDCD8,1
EQP-36423,12626.7,Gas_Natural,Tarde,Norte,69.9,10.49,107.5,150,0,-34.84,265908,FW-DDEB7,1
EQP-36424,4402.4,Diesel,Tarde,Leste,73.8,2.24,114.8,64,0,20.29,356789,FW-BF826,1
EQP-36425,10489.5,Gas_Natural,Noite,Leste,95.7,0.72,94.6,183,1,-21.86,870598,FW-B1FAA,1
EQP-36426,10452.6, DIESEL ,Manha,Leste,103.1,3.62,102.4,45,0,-35.27,186813,FW-7FF4E,1
EQP-36427,14826.9,Diesel,Tarde,Norte,58.5,12.19,99.3,27,0,54.84,387713,FW-848AC,1
EQP-36428,9869.0,Eletrico,Tarde,Leste,60.7,,103.3,70,0,-4.84,809922,FW-AEABA,0
EQP-36429,927.9,Diesel,Tarde,Oeste,84.7,0.99,106.7,166,1,31.69,285226,FW-9733F,0
EQP-36430,1836.6,Diesel,Noite,Sul,66.2,3.65,97.0,213,1,-31.57,154021,FW-E5C47,1
EQP-36431,8438.8,Diesel,Tarde,Norte,103.1,6.09,111.0,342,1,-75.96,727192,FW-CEC0E,1
EQP-36432,7883.5,Diesel,Manha,Oeste,111.6,3.9,97.2,333,0,63.79,630819,FW-AC36E,1
EQP-36433,4437.7,Eletrico,Tarde,Oeste,70.2,,105.1,295,0,-14.39,667261,FW-CBEFA,0
EQP-36434,,Gas_Natural,Manha,Sul,68.9,3.55,134.4,364,1,-10.85,393047,FW-1FA99,1
EQP-36435,6696.3,diesel,Tarde,Leste,53.6,3.29,102.0,255,1,8.82,613306,FW-4B4BA,1
EQP-36436,11462.3,Eletrico,Manha,Sul,72.9,15.0,112.5,37,0,7.14,687155,FW-9B520,1
EQP-36437,7606.4, DIESEL ,Tarde,Leste,45.5,2.12,76.5,98,1,22.06,581856,FW-77275,0
EQP-36438,3489.7,Diesel,Noite,Sul,74.1,7.23,107.6,67,2,-64.54,946524,FW-1B676,1
EQP-36439,520.3, DIESEL ,Noite,Oeste,71.5,8.03,99.8,242,0,32.82,534799,FW-8A451,0
EQP-36440,11547.0,Gas_Natural,Tarde,Oeste,45.4,6.38,100.2,358,0,35.78,609215,FW-D50CC,1
EQP-36441,11319.6,diesel,Manha,Norte,57.5,0.88,89.2,283,0,21.76,453974,FW-B2134,1
EQP-36442,11527.3,Hibrido,Noite,Norte,74.8,4.29,93.1,252,0,30.49,735039,FW-E8C78,1
EQP-36443,14763.4, DIESEL ,Noite,Leste,76.5,1.38,114.0,325,1,-48.89,926328,FW-9D747,1
EQP-36444,9306.9,Diesel,Tarde,Sul,89.0,11.09,92.4,117,0,-22.02,599743,FW-35032,1
EQP-36445,13063.6,diesel,Manha,Sul,64.7,3.77,103.0,294,1,42.72,617664,FW-252A2,1
EQP-36446,2710.8,Gas_Natural,Noite,Oeste,89.7,11.19,87.7,330,1,25.56,397627,FW-E0AC3,1
EQP-36447,11347.0,Diesel,Tarde,Norte,99.9,5.34,101.3,360,1,-6.11,634324,FW-20E25,1
EQP-36448,7189.1,Diesel,Noite,Sul,68.4,18.54,83.0,104,0,39.57,524461,FW-E8922,1
EQP-36449,9861.9, DIESEL ,Manha,Oeste,75.8,6.38,110.2,50,2,-23.65,396383,FW-6175D,1
EQP-36450,2542.4,Diesel,Tarde,Norte,93.2,6.9,96.2,359,1,25.15,247845,FW-4D090,1
EQP-36451,1266.9,Eletrico,Manha,Leste,58.5,1.06,115.6,108,1,9.42,140360,FW-57202,0
EQP-36452,5428.6, DIESEL ,Noite,Leste,57.3,5.42,83.7,111,4,38.14,240415,FW-CCCC9,1
EQP-36453,8177.8,Eletrico,Tarde,Sul,53.3,2.54,101.5,112,0,-43.35,890746,FW-9A190,1
EQP-36454,1576.8, DIESEL ,Manha,Leste,90.0,3.52,99.0,205,1,-24.72,711847,FW-61C08,1
EQP-36455,4878.2,Eletrico,Tarde,Oeste,50.1,0.95,106.9,150,1,-7.58,512637,FW-4136E,0
EQP-36456,5893.0,Diesel,Manha,Sul,87.1,18.79,103.9,220,0,-22.93,701136,FW-4D11C,1
EQP-36457,12840.3, DIESEL ,Tarde,Norte,101.2,6.12,97.2,236,0,-39.56,884935,FW-56AFA,1
EQP-36458,4266.9,Diesel,Tarde,Norte,67.7,2.88,93.6,166,1,-4.06,140043,FW-5150D,1
EQP-36459,1954.1,Diesel,Manha,Oeste,90.2,3.8,92.1,127,1,-46.87,592305,FW-4616A,1
EQP-36460,2629.5,Hibrido,Tarde,Sul,73.7,11.85,90.6,273,1,-1.38,803956,FW-29DCA,1
EQP-36461,,Eletrico,Manha,Norte,73.4,1.58,105.6,121,0,-11.86,277266,FW-7F07A,1
EQP-36462,11337.3,diesel,Tarde,Norte,82.2,9.69,107.2,325,1,-6.92,152135,FW-C9B82,1
EQP-36463,8976.2,Diesel,Tarde,Sul,97.5,5.92,85.7,81,1,9.21,590585,FW-4D324,1
EQP-36464,6706.2,Diesel,Manha,Sul,83.4,3.87,99.5,71,0,-13.67,740592,FW-8D2A8,1
EQP-36465,11333.2,Eletrico,Tarde,Sul,95.3,,104.4,233,1,-27.96,593167,FW-4ABF6,1
EQP-36466,12188.3,diesel,Manha,Leste,69.2,5.79,134.8,26,1,-90.14,776794,FW-34592,1
EQP-36467,10429.9,Gas_Natural,Manha,Norte,84.9,0.81,112.7,242,1,-4.32,919116,FW-DA320,1
EQP-36468,12028.2,Diesel,Noite,Leste,102.7,3.74,99.0,28,0,15.36,497179,FW-57069,1
EQP-36469,7379.4,diesel,Manha,Sul,77.4,6.48,115.6,71,0,-43.67,387109,FW-BE2C5,0
EQP-36470,13416.4, DIESEL ,Manha,Leste,69.9,1.52,105.0,152,4,52.44,819078,FW-28C91,1
EQP-36471,13936.2,Diesel,Manha,Oeste,76.4,5.8,97.1,46,1,-35.95,931754,FW-CB2CA,1
EQP-36472,1020.0,Eletrico,Manha,Oeste,42.2,1.39,110.1,12,0,33.39,330201,FW-A1192,0
EQP-36473,4896.3,Diesel,Tarde,Norte,49.8,2.71,92.3,132,3,31.92,195740,FW-5A599,1
EQP-36474,2878.4,Gas_Natural,Tarde,Sul,96.2,1.01,98.2,237,1,-52.22,125603,FW-C8443,1
EQP-36475,5718.5,diesel,Tarde,Norte,70.6,7.49,120.4,161,3,2.73,922122,FW-2F620,1
EQP-36476,14578.9,Gas_Natural,Tarde,Oeste,111.6,2.09,109.4,48,1,-28.31,881822,FW-1A883,1
EQP-36477,2565.7,Diesel,Tarde,Leste,47.0,,91.0,61,1,52.58,268602,FW-73762,0
EQP-36478,4817.6,Hibrido,Tarde,Sul,92.9,7.55,104.2,247,2,-32.15,958175,FW-ACEC6,1
EQP-36479,11666.1,Eletrico,Tarde,Norte,83.1,2.28,93.2,167,1,16.53,763470,FW-38003,1
EQP-36480,4195.1,Diesel,Tarde,Norte,96.8,19.89,110.7,204,0,46.66,358204,FW-190BC,1
EQP-36481,14182.3,Diesel,Noite,Norte,54.8,5.27,118.1,43,1,23.44,282144,FW-AB1F5,1
EQP-36482,2334.1,Diesel,Tarde,Norte,58.7,1.85,98.6,185,2,-40.63,182585,FW-4BBF1,0
EQP-36483,7636.6, DIESEL ,Noite,Leste,65.2,3.5,108.0,344,0,-20.19,560313,FW-C2F83,1
EQP-36484,7193.7,diesel,Tarde,Norte,59.4,8.79,119.7,82,0,-9.37,291491,FW-9BF60,1
EQP-36485,7531.1,Diesel,Tarde,Oeste,93.6,14.83,109.2,163,1,25.74,416505,FW-2FF64,1
EQP-36486,2516.6,Gas_Natural,Manha,Sul,55.2,4.23,126.0,173,0,-33.88,421530,FW-2DEAB,1
EQP-36487,13227.7,Eletrico,Tarde,Sul,83.6,18.55,113.0,216,0,40.93,930110,FW-949AE,1
EQP-36488,8162.0,Eletrico,Noite,Oeste,82.8,4.27,85.4,7,0,-14.79,750394,FW-E640B,1
EQP-36489,9921.9,Eletrico,Tarde,Sul,116.5,2.89,80.4,132,1,-8.33,280790,FW-8B54F,1
EQP-36490,12820.1,diesel,Manha,Sul,94.0,0.95,93.2,305,0,-11.04,731510,FW-72123,1
EQP-36491,,Hibrido,Noite,Sul,78.6,9.06,102.2,39,2,-77.78,720609,FW-A8E9E,1
EQP-36492,12352.8, DIESEL ,Tarde,Sul,88.5,10.73,75.5,324,1,5.52,808235,FW-19585,1
EQP-36493,11063.3, DIESEL ,Manha,Sul,81.3,5.8,101.0,323,0,3.52,258526,FW-6FA22,1
EQP-36494,8018.6,Gas_Natural,Noite,Sul,65.3,1.65,109.6,28,0,-37.77,109245,FW-9FF98,0
EQP-36495,5690.8,Eletrico,Noite,Norte,102.3,4.35,96.0,63,1,32.96,744426,FW-A6C74,1
EQP-36496,9455.5,Eletrico,Tarde,Norte,54.9,3.39,106.3,236,0,78.33,988778,FW-95DAB,1
EQP-36497,810.0,Eletrico,Manha,Norte,90.4,0.76,156.9,19,0,19.22,516744,FW-E11B7,1
EQP-36498,8904.5,Eletrico,Tarde,Sul,62.0,9.57,99.9,241,0,-10.36,757740,FW-80E43,1
EQP-36499,2887.4,Gas_Natural,Tarde,Norte,73.8,3.48,117.7,329,1,80.06,850415,FW-EDC8C,0
EQP-36500,8491.4, DIESEL ,Tarde,Sul,66.9,3.91,75.4,328,2,22.03,620822,FW-9C1F8,1
EQP-36501,7467.7, DIESEL ,Noite,Norte,59.0,10.6,103.1,358,0,7.21,920060,FW-DC39A,1
EQP-36502,,Gas_Natural,Tarde,Oeste,92.5,1.53,113.7,127,0,71.95,426529,FW-39A71,1
EQP-36503,3904.5,Eletrico,Tarde,Oeste,93.3,0.64,99.2,148,0,-4.77,499914,FW-4F3A9,0
EQP-36504,1547.9,Hibrido,Manha,Leste,44.8,,55.2,73,2,34.1,360387,FW-93F99,1
EQP-36505,9028.6,Eletrico,Tarde,Oeste,75.4,7.53,65.5,33,0,-19.26,165908,FW-6F9A2,1
EQP-36506,4449.2,Hibrido,Noite,Norte,66.5,3.31,123.2,343,0,-25.57,968818,FW-C651A,0
EQP-36507,6610.6,Eletrico,Tarde,Leste,61.9,0.98,110.2,278,0,-8.96,219596,FW-F1F2A,1
EQP-36508,10252.2,Diesel,Tarde,Norte,79.8,2.63,79.1,25,0,3.67,536458,FW-699C5,1
EQP-36509,9906.4,Eletrico,Tarde,Norte,83.1,6.88,106.0,335,2,-19.18,348590,FW-42513,1
EQP-36510,2821.1,Gas_Natural,Manha,Leste,82.0,4.11,120.3,247,0,22.11,795981,FW-BFC01,1
EQP-36511,14041.2,Diesel,Noite,Norte,60.4,3.05,109.0,266,2,14.15,648842,FW-E8745,1
EQP-36512,3881.4,Gas_Natural,Manha,Norte,86.9,13.89,79.0,18,0,-26.71,682821,FW-EAE63,1
EQP-36513,5322.1,diesel,Manha,Leste,77.5,8.51,87.1,265,0,25.4,303803,FW-5982A,1
EQP-36514,325.6, DIESEL ,Manha,Leste,85.1,3.07,107.9,131,1,-6.04,890506,FW-B7220,1
EQP-36515,4571.1,Diesel,Noite,Norte,63.4,6.17,116.8,197,0,-54.8,208778,FW-21EBB,1
EQP-36516,5770.3, DIESEL ,Manha,Sul,104.4,13.22,98.2,213,1,-13.85,872693,FW-E4DDF,1
EQP-36517,4547.4, DIESEL ,Manha,Leste,83.3,2.08,119.4,277,4,-69.71,865018,FW-42EEF,1
EQP-36518,12331.0,Diesel,Noite,Norte,71.1,2.55,96.9,149,0,25.44,920390,FW-D6D7D,0
EQP-36519,11307.0,Eletrico,Noite,Oeste,58.4,0.97,102.5,309,0,-7.77,738397,FW-A0F3C,0
EQP-36520,7004.4,Diesel,Manha,Oeste,84.4,2.3,84.2,332,1,7.33,903283,FW-6C6F8,1
EQP-36521,13924.1,Eletrico,Noite,Leste,83.6,15.65,79.6,185,1,11.89,945763,FW-F3FDF,1
EQP-36522,14148.6, DIESEL ,Tarde,Leste,97.3,3.68,91.6,54,1,-103.28,971843,FW-AF50C,1
EQP-36523,9487.4,Diesel,Manha,Leste,88.8,5.87,122.1,97,1,-24.51,407837,FW-BAF6D,1
EQP-36524,8216.2,Diesel,Tarde,Sul,49.0,2.95,110.9,355,2,-10.41,601698,FW-20C05,0
EQP-36525,,Diesel,Manha,Norte,79.7,4.34,96.4,286,3,-5.89,122899,FW-480DA,1
EQP-36526,11394.6, DIESEL ,Tarde,Leste,85.2,4.01,115.7,91,0,-19.49,981089,FW-E2253,1
EQP-36527,3454.2,Eletrico,Manha,Leste,64.6,4.67,100.6,54,1,6.14,179968,FW-B40AA,1
EQP-36528,11737.5,Diesel,Tarde,Sul,54.7,0.57,93.4,118,0,-96.23,237720,FW-9F0BC,1
EQP-36529,9395.1,Diesel,Noite,Norte,93.0,5.87,95.3,100,0,-4.67,786888,FW-CB7E0,1
EQP-36530,10488.5, DIESEL ,Tarde,Norte,50.0,9.6,74.7,281,0,-59.09,305115,FW-7AD77,1
EQP-36531,3943.4,Gas_Natural,Manha,Sul,81.8,,91.9,287,1,13.48,863392,FW-87257,0
EQP-36532,3079.1, DIESEL ,Manha,Oeste,93.4,7.29,115.0,69,0,-62.29,527674,FW-BD3F6,0
EQP-36533,13159.1, DIESEL ,Manha,Norte,64.4,1.03,116.9,265,0,-25.62,998740,FW-1FF5E,1
EQP-36534,11934.7,Hibrido,Tarde,Norte,82.4,1.85,116.7,273,3,3.17,509258,FW-5F984,1
EQP-36535,12848.2,Eletrico,Tarde,Norte,84.2,1.68,70.8,6,0,-23.92,622037,FW-E0656,0
EQP-36536,394.2,Eletrico,Manha,Oeste,85.9,4.32,117.0,24,0,-17.76,356826,FW-97641,0
EQP-36537,7891.0,Eletrico,Noite,Norte,71.2,1.96,103.8,129,0,-5.48,190144,FW-5BFD4,0
EQP-36538,14884.2, DIESEL ,Tarde,Leste,83.2,3.5,95.7,339,4,6.83,701612,FW-94107,1
EQP-36539,2744.5,Diesel,Tarde,Oeste,66.9,12.42,91.9,308,0,50.02,968143,FW-9A869,1
EQP-36540,10620.9,diesel,Manha,Sul,76.1,12.18,61.2,263,1,9.95,689649,FW-8CDA8,1
EQP-36541,6173.5,Gas_Natural,Manha,Norte,42.9,0.61,114.3,169,1,6.68,588898,FW-328EA,0
EQP-36542,1986.2, DIESEL ,Tarde,Norte,73.6,4.27,71.5,181,0,-20.05,796848,FW-C813E,0
EQP-36543,3143.3, DIESEL ,Manha,Leste,53.0,2.3,98.2,316,1,2.76,162131,FW-29C3D,0
EQP-36544,9822.8,Eletrico,Noite,Norte,72.6,6.11,100.2,179,0,-1.83,415790,FW-6926A,1
EQP-36545,,diesel,Noite,Oeste,48.4,,100.7,16,1,-9.14,868671,FW-62B64,0
EQP-36546,,Diesel,Manha,Leste,63.6,2.65,108.6,140,1,-22.13,531141,FW-CBE9D,0
EQP-36547,13096.3,Gas_Natural,Manha,Norte,73.9,,103.3,303,0,-23.75,824445,FW-A3882,1
EQP-36548,2811.4,Diesel,Noite,Sul,61.8,3.57,97.1,38,1,2.74,134160,FW-6A9B7,0
EQP-36549,9753.3, DIESEL ,Manha,Norte,81.3,9.82,112.8,84,1,13.87,914108,FW-3E145,1
EQP-36550,10630.0,Eletrico,Noite,Norte,113.9,6.96,78.0,35,1,8.43,955794,FW-8E892,1
EQP-36551,7323.8,Eletrico,Noite,Norte,54.3,2.85,98.2,290,1,-0.27,946884,FW-A7FB1,1
EQP-36552,6360.2,Eletrico,Manha,Sul,62.9,5.88,85.4,248,0,-19.79,594947,FW-6488C,1
EQP-36553,7305.5,Gas_Natural,Tarde,Oeste,57.2,5.25,84.5,68,0,-3.82,249586,FW-4EC3E,0
EQP-36554,3167.8,Gas_Natural,Manha,Leste,94.3,3.65,106.6,291,2,-90.68,223527,FW-601BA,1
EQP-36555,6305.2,Eletrico,Tarde,Sul,91.1,1.45,91.2,166,0,18.05,534725,FW-5D756,1
EQP-36556,7416.4,Diesel,Tarde,Leste,56.4,12.7,86.2,364,2,42.03,759276,FW-62791,1
EQP-36557,3246.2,Diesel,Manha,Norte,89.3,1.11,86.5,245,0,-4.08,127887,FW-5F4CF,1
EQP-36558,3171.4,Diesel,Tarde,Leste,88.7,2.56,108.4,122,0,-13.75,317943,FW-A018A,0
EQP-36559,11293.2,Diesel,Manha,Oeste,73.5,,94.0,7,0,14.74,533207,FW-C3832,1
EQP-36560,4344.8, DIESEL ,Manha,Leste,79.1,4.92,89.0,344,1,-1.94,509250,FW-9D7C2,1
EQP-36561,8638.7, DIESEL ,Tarde,Oeste,52.6,0.92,98.6,225,2,6.2,830564,FW-A1355,1
EQP-36562,11656.1,Gas_Natural,Tarde,Sul,80.7,7.83,123.9,187,1,-31.43,193783,FW-7A1EA,1
EQP-36563,3247.1,Diesel,Noite,Norte,62.9,4.22,97.3,268,2,44.23,708852,FW-78AE3,1
EQP-36564,10144.8,Diesel,Tarde,Leste,70.8,1.25,93.0,256,1,14.26,314397,FW-2EA1C,1
EQP-36565,6377.6, DIESEL ,Manha,Sul,82.5,5.42,85.8,301,0,-6.0,324423,FW-5E22C,1
EQP-36566,3412.9,Gas_Natural,Noite,Norte,81.1,2.35,107.0,63,0,-10.4,334799,FW-D5791,1
EQP-36567,11987.1, DIESEL ,Tarde,Sul,76.3,0.72,107.0,14,0,10.23,516560,FW-E0E18,1
EQP-36568,1897.7,diesel,Manha,Sul,72.7,7.18,89.0,333,1,27.84,202965,FW-33BBB,1
EQP-36569,13164.9,Eletrico,Manha,Leste,58.0,2.41,114.8,97,0,29.09,427430,FW-9AD91,1
EQP-36570,13299.7,diesel,Manha,Sul,70.0,1.17,113.2,293,0,10.61,338131,FW-18A95,0
EQP-36571,14479.4,Eletrico,Tarde,Sul,74.0,1.76,80.8,278,2,-43.05,825704,FW-F11D4,1
EQP-36572,4060.5,diesel,Noite,Oeste,61.2,2.95,120.9,156,0,-26.24,628401,FW-33F21,1
EQP-36573,9288.6,Hibrido,Manha,Norte,61.0,4.63,90.0,141,0,-34.01,507809,FW-E1777,0
EQP-36574,9974.6,Eletrico,Tarde,Sul,88.6,,77.3,274,0,-22.05,996426,FW-702B3,1
EQP-36575,6099.1,Diesel,Noite,Norte,47.3,3.44,77.3,36,1,21.57,779588,FW-DF600,0
EQP-36576,11465.5,Hibrido,Manha,Norte,80.5,,90.2,31,2,-8.84,172510,FW-E9355,1
EQP-36577,5814.6,Hibrido,Manha,Oeste,71.8,3.23,95.7,253,0,57.65,388954,FW-54D25,1
EQP-36578,7654.7,Diesel,Manha,Sul,64.2,12.34,129.2,269,1,-30.66,667716,FW-8829B,1
EQP-36579,4246.0,Gas_Natural,Noite,Norte,79.0,8.94,98.8,171,0,63.82,288658,FW-295B7,1
EQP-36580,873.7,Gas_Natural,Manha,Sul,126.7,0.61,84.2,183,2,-17.7,689521,FW-BFA0D,1
EQP-36581,6259.0,Gas_Natural,Tarde,Leste,64.5,3.69,92.2,247,0,18.91,400323,FW-B3627,0
EQP-36582,1996.7, DIESEL ,Manha,Leste,91.5,6.12,88.5,158,0,-36.19,739528,FW-580D9,1
EQP-36583,14478.5,Gas_Natural,Noite,Oeste,63.9,6.02,96.6,79,0,0.61,623126,FW-61177,1
EQP-36584,,Eletrico,Manha,Norte,81.2,5.56,89.5,318,1,-21.6,122359,FW-9EB27,1
EQP-36585,7006.0, DIESEL ,Manha,Leste,79.0,0.96,66.5,43,0,-11.99,473142,FW-72968,1
EQP-36586,1166.9,Diesel,Tarde,Sul,71.0,,140.2,265,0,-7.24,847597,FW-30CEE,1
EQP-36587,4156.0,diesel,Manha,Norte,95.6,11.53,110.8,99,1,-55.53,796033,FW-97E2B,1
EQP-36588,4675.3,diesel,Manha,Sul,104.9,2.55,101.8,151,0,30.29,619448,FW-8685D,1
EQP-36589,1760.3,Eletrico,Noite,Sul,106.3,0.95,111.0,138,0,3.44,147469,FW-A5D5C,1
EQP-36590,9373.7,Diesel,Tarde,Sul,72.3,3.32,85.0,132,1,24.81,281969,FW-42DF2,1
EQP-36591,13562.0,Diesel,Tarde,Norte,77.8,6.65,83.2,108,0,-7.63,684358,FW-46314,1
EQP-36592,5312.6,Diesel,Manha,Sul,66.9,1.0,118.9,327,3,-46.46,789347,FW-65A0E,1
EQP-36593,1352.9,Gas_Natural,Noite,Oeste,79.6,5.55,98.1,348,0,56.6,899890,FW-25647,1
EQP-36594,4646.8,Gas_Natural,Manha,Sul,86.0,4.1,105.0,247,0,5.42,880218,FW-51A66,1
EQP-36595,5853.3,Eletrico,Manha,Sul,61.7,0.59,87.0,317,0,-43.5,893715,FW-88EDA,0
EQP-36596,1601.6,Diesel,Tarde,Leste,53.4,4.84,105.8,335,2,-10.72,939668,FW-EA2F9,1
EQP-36597,8568.7,Eletrico,Manha,Leste,66.1,1.74,84.5,110,1,61.54,734716,FW-9F93C,0
EQP-36598,3718.5,Diesel,Tarde,Leste,74.3,4.69,76.4,235,0,5.84,328029,FW-BE28D,1
EQP-36599,2104.2,Eletrico,Tarde,Norte,49.9,1.8,122.1,110,1,9.54,590885,FW-56C08,0
EQP-36600,11909.9,Eletrico,Tarde,Norte,101.3,0.73,97.2,15,3,-25.32,503979,FW-AB7CF,1
EQP-36601,8381.7,Diesel,Tarde,Norte,82.1,2.39,95.2,118,2,-23.16,106624,FW-2AB12,1
EQP-36602,3106.5,Eletrico,Manha,Leste,68.3,14.52,105.2,329,1,4.22,187821,FW-29AC8,1
EQP-36603,10092.7,Eletrico,Manha,Oeste,42.6,3.14,108.9,4,1,35.33,878443,FW-EA52F,1
EQP-36604,9221.4,Eletrico,Tarde,Leste,108.2,3.12,100.3,24,1,6.78,493635,FW-61DC5,1
EQP-36605,8199.4,Diesel,Tarde,Leste,57.3,3.56,96.4,90,1,-58.58,365075,FW-202FA,0
EQP-36606,1392.8,Diesel,Tarde,Norte,90.6,0.59,91.0,249,1,27.27,742123,FW-2A21F,1
EQP-36607,1736.2,diesel,Manha,Sul,44.8,2.82,100.2,146,1,13.01,258703,FW-E98CC,0
EQP-36608,11613.3,Eletrico,Manha,Leste,35.3,2.74,95.7,331,0,23.97,923987,FW-A9577,1
EQP-36609,6516.6,Diesel,Noite,Sul,57.9,10.89,96.8,44,0,-65.9,660754,FW-7AAAA,1
EQP-36610,6143.7, DIESEL ,Noite,Oeste,98.6,2.43,109.7,43,4,-24.56,408414,FW-51F78,1
EQP-36611,8238.3,Gas_Natural,Manha,Sul,68.6,6.36,89.3,116,0,29.04,241459,FW-734ED,1
EQP-36612,1229.7,Eletrico,Manha,Leste,89.1,,70.3,83,1,1.7,750936,FW-57842,1
EQP-36613,6057.1,Diesel,Tarde,Sul,78.5,3.94,111.1,297,1,28.18,535850,FW-39D36,1
EQP-36614,2297.2,Eletrico,Tarde,Leste,67.7,12.74,98.3,98,0,35.09,935111,FW-DBDD3,1
EQP-36615,10457.5, DIESEL ,Manha,Oeste,46.9,1.01,112.0,76,1,10.9,181288,FW-73917,1
EQP-36616,9469.3,diesel,Noite,Leste,61.6,3.9,110.5,100,1,-40.64,521847,FW-88A7A,1
EQP-36617,7130.2,Eletrico,Manha,Oeste,60.5,3.94,83.2,216,1,-4.77,778165,FW-73676,1
EQP-36618,14669.0,Diesel,Manha,Leste,76.3,4.29,72.1,158,0,-29.68,614376,FW-EA9AB,1
EQP-36619,1724.4,diesel,Manha,Norte,54.6,0.84,98.9,128,0,43.78,655062,FW-31E55,0
EQP-36620,237.9,Diesel,Manha,Sul,77.8,1.51,90.2,249,1,-24.3,951306,FW-B1862,1
EQP-36621,12736.6,Diesel,Manha,Leste,86.7,4.36,86.0,250,0,-74.16,374904,FW-3CE7F,1
EQP-36622,9512.9,Eletrico,Tarde,Norte,58.7,1.4,104.4,165,3,-97.14,808169,FW-7F81F,1
EQP-36623,11275.6,Hibrido,Manha,Sul,94.1,2.71,97.8,184,1,-52.68,993556,FW-18723,1
EQP-36624,3398.2,Diesel,Tarde,Oeste,83.5,16.51,100.9,284,2,15.74,225451,FW-24AB7,1
EQP-36625,1948.1,diesel,Tarde,Oeste,96.0,1.12,98.1,205,1,-23.98,591182,FW-645BA,0
EQP-36626,14077.1,Hibrido,Manha,Leste,55.5,0.81,93.4,356,0,35.09,117774,FW-E429A,1
EQP-36627,,Diesel,Manha,Norte,112.6,1.1,121.0,352,0,-1.71,934921,FW-694D1,1
EQP-36628,6107.0,Diesel,Manha,Norte,61.0,7.11,89.0,212,1,55.0,608962,FW-D2F09,1
EQP-36629,3692.9,Diesel,Manha,Norte,87.9,3.69,114.8,124,1,17.36,874455,FW-D8448,1
EQP-36630,12706.1,Diesel,Manha,Norte,91.5,3.88,97.5,146,1,11.39,760457,FW-7FCA8,1
EQP-36631,14524.1,Hibrido,Tarde,Sul,50.8,3.13,120.4,325,2,-2.98,203124,FW-EE215,1
EQP-36632,1059.6, DIESEL ,Noite,Leste,71.0,3.51,71.3,294,0,2.61,938734,FW-28C49,1
EQP-36633,,Diesel,Tarde,Leste,60.4,12.43,97.8,279,4,35.5,835853,FW-A2F2B,1
EQP-36634,10107.0,Diesel,Tarde,Leste,77.7,0.55,119.5,140,2,36.1,598224,FW-A0147,1
EQP-36635,10532.1,Hibrido,Tarde,Sul,60.9,1.2,106.8,13,3,19.0,705686,FW-80335,0
EQP-36636,2950.3,Hibrido,Noite,Leste,64.7,0.55,104.4,353,0,55.19,617899,FW-B4284,0
EQP-36637,8487.0,Eletrico,Manha,Leste,86.2,,84.7,46,1,-35.36,305041,FW-C3195,1
EQP-36638,14112.6,diesel,Manha,Norte,82.0,,80.6,328,1,24.28,200471,FW-C5DC9,1
EQP-36639,11119.6,Hibrido,Tarde,Oeste,68.4,8.1,108.5,209,1,-5.18,361977,FW-8AFAF,1
EQP-36640,, DIESEL ,Manha,Oeste,96.0,6.01,97.3,165,1,14.06,216318,FW-31BE8,1
EQP-36641,11981.2,Diesel,Tarde,Norte,51.2,1.66,75.8,264,1,-37.98,129634,FW-A80F1,1
EQP-36642,9493.7,Diesel,Noite,Leste,80.4,3.12,88.4,98,0,14.35,484538,FW-7FB88,1
EQP-36643,11056.0,Diesel,Tarde,Norte,69.6,11.69,95.5,1,1,-48.44,263767,FW-87EE5,1
EQP-36644,2770.1,Gas_Natural,Manha,Norte,78.9,5.15,115.0,262,0,36.58,614839,FW-9882C,1
EQP-36645,5461.0, DIESEL ,Noite,Leste,73.2,4.85,85.2,322,0,9.51,912093,FW-F41A4,1
EQP-36646,3262.6,diesel,Tarde,Norte,94.0,4.67,91.8,128,0,14.94,989355,FW-AF3A0,1
EQP-36647,594.1,Diesel,Manha,Sul,57.2,2.18,98.0,139,0,-13.71,168567,FW-8C115,0
EQP-36648,3911.9,Gas_Natural,Manha,Oeste,56.9,17.26,93.3,50,1,-15.44,238017,FW-65A93,1
EQP-36649,6529.6,Diesel,Manha,Norte,93.4,7.17,73.5,118,0,44.83,272300,FW-B82A9,1
EQP-36650,7126.6,Eletrico,Noite,Oeste,72.6,7.92,100.4,101,1,61.74,495567,FW-B6F49,1
EQP-36651,13747.0,Eletrico,Tarde,Leste,52.9,4.97,85.2,282,1,-87.84,321384,FW-58436,1
EQP-36652,,Hibrido,Manha,Leste,69.8,0.54,92.4,170,2,-69.43,944601,FW-DFE95,1
EQP-36653,6909.3,Eletrico,Manha,Oeste,99.8,3.44,90.7,291,1,-28.39,343969,FW-2608B,1
EQP-36654,6686.5,Gas_Natural,Tarde,Oeste,36.5,5.66,95.7,207,2,-12.09,577580,FW-CDCB7,1
EQP-36655,7324.8,Eletrico,Tarde,Leste,61.2,6.66,95.9,298,0,4.99,994787,FW-A606B,1
EQP-36656,8256.0,Eletrico,Manha,Sul,68.6,5.43,99.5,121,0,-44.0,715715,FW-68ADC,1
EQP-36657,167.9,diesel,Manha,Norte,90.8,2.48,119.1,166,2,-42.13,379351,FW-5C73E,1
EQP-36658,13282.3, DIESEL ,Noite,Sul,69.1,2.33,109.3,166,0,38.77,299954,FW-65C57,1
EQP-36659,12670.1,diesel,Manha,Sul,58.4,2.11,121.9,211,1,3.54,942558,FW-74D89,1
EQP-36660,9539.7,Diesel,Manha,Leste,88.3,0.65,101.7,352,1,7.01,527027,FW-55438,1
EQP-36661,14465.4,Diesel,Tarde,Norte,77.2,9.03,73.4,123,0,21.76,315185,FW-42881,1
EQP-36662,3799.5,Diesel,Noite,Sul,87.8,10.12,107.7,178,0,54.43,929434,FW-B1C8B,1
EQP-36663,7156.4,Eletrico,Tarde,Sul,85.3,4.27,95.5,300,1,-63.24,583816,FW-22FCF,1
EQP-36664,4376.2,Diesel,Manha,Norte,50.0,2.97,95.8,157,0,28.51,693625,FW-77F0C,1
EQP-36665,13432.1,Diesel,Manha,Leste,57.3,2.23,84.9,150,0,-26.29,972409,FW-81BA7,1
EQP-36666,6336.1,Diesel,Tarde,Norte,88.3,5.75,106.5,199,0,-91.55,623060,FW-CC18E,1
EQP-36667,9610.6,diesel,Tarde,Leste,64.8,0.73,104.7,57,0,-19.04,314464,FW-B16D2,1
EQP-36668,2787.6,Gas_Natural,Manha,Leste,45.6,1.29,103.5,308,0,3.93,352247,FW-7F3EB,0
EQP-36669,2804.5,Eletrico,Tarde,Norte,84.1,13.4,94.1,74,2,2.44,445577,FW-63040,1
EQP-36670,5682.1,Diesel,Noite,Leste,77.6,3.78,81.4,23,1,16.88,174245,FW-557E4,1
EQP-36671,12132.0, DIESEL ,Tarde,Oeste,53.6,3.06,106.2,106,1,-17.62,920984,FW-22CBA,0
EQP-36672,1936.8,diesel,Noite,Norte,93.7,2.45,109.6,75,0,-33.19,404631,FW-ECF2F,1
EQP-36673,11540.1,Eletrico,Tarde,Norte,92.2,2.01,93.7,35,1,18.03,473061,FW-C076C,1
EQP-36674,9871.1,Diesel,Tarde,Norte,87.3,3.64,89.6,230,0,39.67,123467,FW-D9A3D,1
EQP-36675,2850.8,diesel,Tarde,Leste,51.6,3.52,99.3,233,0,43.89,462070,FW-3815A,1
EQP-36676,3255.6,Hibrido,Noite,Sul,39.5,4.41,89.6,135,0,35.15,853338,FW-50A12,0
EQP-36677,1797.4,Hibrido,Tarde,Oeste,75.2,9.64,104.0,304,2,-15.66,324302,FW-55745,1
EQP-36678,11237.0,Eletrico,Noite,Oeste,77.0,3.04,100.9,9,0,90.04,984846,FW-CFB4A,0
EQP-36679,13543.1,diesel,Manha,Leste,70.4,3.34,99.5,364,2,17.94,869359,FW-22330,1
EQP-36680,9055.4,diesel,Tarde,Leste,65.0,15.35,111.8,304,1,16.86,929974,FW-8BB2A,1
EQP-36681,12032.2,Eletrico,Manha,Norte,92.5,2.22,119.8,196,0,-19.1,490140,FW-68BEA,1
EQP-36682,999999.0,Gas_Natural,Tarde,Sul,56.4,4.75,104.5,300,1,-21.62,848438,FW-EFA4A,1
EQP-36683,5402.6,Gas_Natural,Manha,Sul,77.5,2.13,103.6,178,0,17.92,219393,FW-83459,1
EQP-36684,5652.5, DIESEL ,Manha,Norte,53.2,6.19,99.0,241,1,-14.95,237350,FW-3A991,1
EQP-36685,11190.5,diesel,Tarde,Sul,44.9,7.74,90.8,291,1,-67.13,307107,FW-3895C,1
EQP-36686,14240.0,Eletrico,Tarde,Norte,45.6,12.92,107.7,96,0,-28.57,608233,FW-50D2C,1
EQP-36687,4622.5,Eletrico,Manha,Norte,67.3,1.39,90.4,276,1,-58.06,502528,FW-7FADC,0
EQP-36688,278.5, DIESEL ,Tarde,Norte,106.4,4.76,92.9,164,1,-20.34,451194,FW-54797,1
EQP-36689,8868.7,Diesel,Manha,Leste,79.9,5.21,114.0,313,0,-38.5,661223,FW-C409C,1
EQP-36690,5469.7,Diesel,Manha,Leste,52.7,14.75,74.2,273,1,14.57,589109,FW-D52D3,1
EQP-36691,13983.3, DIESEL ,Manha,Sul,27.3,0.77,77.0,12,0,-12.92,782499,FW-953E1,0
EQP-36692,3460.1,Eletrico,Tarde,Norte,75.1,4.93,116.0,165,0,-51.9,889376,FW-4E9E1,1
EQP-36693,13119.4,Eletrico,Manha,Norte,76.9,4.99,96.0,178,1,15.45,595419,FW-DF5E5,1
EQP-36694,1447.3,Diesel,Tarde,Norte,92.5,3.65,89.0,176,1,40.03,793310,FW-C863A,1
EQP-36695,213.6, DIESEL ,Manha,Oeste,58.8,0.85,76.9,251,1,-5.91,969991,FW-B8F85,0
EQP-36696,13438.4,Eletrico,Noite,Norte,63.3,12.05,90.7,310,3,33.48,989465,FW-756B7,1
EQP-36697,8122.9, DIESEL ,Tarde,Sul,57.2,1.82,108.1,60,2,38.6,840565,FW-C4ABE,1
EQP-36698,14135.7, DIESEL ,Tarde,Sul,50.4,2.2,119.8,5,2,9.46,640299,FW-B366B,1
EQP-36699,10468.0,Diesel,Noite,Sul,100.5,8.25,101.7,288,1,-2.83,724689,FW-54F1F,1
EQP-36700,9315.3,Diesel,Tarde,Leste,76.9,7.67,105.9,329,0,-4.17,336608,FW-44738,1
EQP-36701,1130.3,Eletrico,Manha,Oeste,61.7,0.9,108.8,314,0,1.41,544474,FW-746B1,0
EQP-36702,11792.9, DIESEL ,Noite,Norte,66.9,13.42,82.4,348,1,52.33,710281,FW-C55DB,1
EQP-36703,6880.3,diesel,Noite,Sul,73.8,4.41,122.9,168,2,-46.77,745963,FW-D192E,1
EQP-36704,2188.1,Hibrido,Tarde,Sul,71.7,1.54,94.5,218,1,-44.44,537506,FW-248A4,1
EQP-36705,9224.3, DIESEL ,Tarde,Sul,74.6,1.16,89.5,214,2,-8.19,628556,FW-A87F1,1
EQP-36706,6229.9,Eletrico,Tarde,Leste,67.4,3.48,94.8,113,2,44.45,651555,FW-4B39E,1
EQP-36707,8511.2,Gas_Natural,Manha,Sul,89.4,1.95,104.1,325,0,0.55,215934,FW-C5708,1
EQP-36708,10974.1,Diesel,Manha,Leste,121.5,1.09,90.4,89,2,-16.95,638203,FW-AD6C4,1
EQP-36709,3575.0,Eletrico,Tarde,Sul,93.1,3.54,108.6,347,2,8.96,200050,FW-63774,1
EQP-36710,11103.5,Diesel,Manha,Leste,115.5,3.83,104.8,143,0,-14.98,186383,FW-78E3F,1
EQP-36711,6332.8,Eletrico,Manha,Leste,80.6,3.43,92.5,279,0,0.72,177307,FW-20D07,1
EQP-36712,10706.7,Gas_Natural,Tarde,Leste,81.3,2.07,135.5,31,2,-8.33,515115,FW-72DC0,1
EQP-36713,4672.6,Gas_Natural,Noite,Oeste,61.5,14.73,95.4,14,1,1.64,705064,FW-8038B,1
EQP-36714,7242.8,Diesel,Manha,Oeste,103.4,3.45,68.6,106,2,-21.99,539096,FW-BFCBF,1
EQP-36715,1508.6, DIESEL ,Tarde,Leste,92.9,5.56,91.9,258,1,-48.6,720176,FW-D2B0B,1
EQP-36716,3013.5,diesel,Noite,Sul,59.7,1.59,99.5,83,1,64.21,776064,FW-8A442,1
EQP-36717,413.3,Diesel,Tarde,Norte,92.9,3.05,101.5,213,0,-19.07,110987,FW-D0086,1
EQP-36718,2155.7, DIESEL ,Tarde,Sul,89.2,3.56,93.3,265,0,-38.97,250754,FW-23888,1
EQP-36719,787.0,Eletrico,Noite,Norte,73.3,2.16,101.2,198,1,-15.03,234504,FW-770D0,1
EQP-36720,4886.5,Diesel,Tarde,Sul,41.7,5.19,66.6,195,1,-0.08,489966,FW-E8AD2,1
EQP-36721,657.5,Diesel,Manha,Norte,61.5,1.81,102.2,38,2,-15.75,420036,FW-7C9A1,0
EQP-36722,9999.7,Diesel,Tarde,Norte,93.7,1.4,109.3,187,2,-17.12,213243,FW-AAF52,1
EQP-36723,14134.2,Hibrido,Noite,Sul,71.9,10.41,75.5,360,1,-6.59,478843,FW-A3A8F,1
EQP-36724,,Diesel,Manha,Oeste,91.9,,97.7,275,0,-97.37,258582,FW-CFB78,1
EQP-36725,4448.9,diesel,Tarde,Leste,50.2,11.08,106.1,47,1,-9.63,838730,FW-577AB,1
EQP-36726,14203.5,Hibrido,Manha,Sul,62.3,6.7,83.4,288,0,-23.38,694684,FW-B9F8D,1
EQP-36727,4779.6,Eletrico,Tarde,Sul,65.0,1.72,94.1,340,0,-12.13,277364,FW-AC603,0
EQP-36728,2975.7,Eletrico,Manha,Norte,76.0,0.96,96.9,186,1,-28.58,631895,FW-B3EEF,1
EQP-36729,7645.6, DIESEL ,Manha,Norte,92.2,9.29,112.9,136,1,65.31,892358,FW-EE62C,1
EQP-36730,5639.1,Hibrido,Noite,Norte,56.3,0.57,111.3,109,0,45.46,611710,FW-9DB6F,0
EQP-36731,7163.3,Diesel,Tarde,Norte,74.8,3.18,102.3,18,1,16.15,990568,FW-E5719,1
EQP-36732,5429.2,Eletrico,Manha,Leste,94.6,0.69,111.2,274,4,10.65,431600,FW-97433,1
EQP-36733,547.3,diesel,Manha,Oeste,52.0,0.53,84.8,245,1,30.84,780961,FW-BE8DB,0
EQP-36734,12282.6,Eletrico,Tarde,Sul,71.1,4.18,106.9,241,3,-64.71,243078,FW-616A3,1
EQP-36735,8929.2,Eletrico,Manha,Norte,24.7,2.47,114.0,189,0,-6.13,821413,FW-8F137,1
EQP-36736,5164.3,Diesel,Tarde,Norte,82.0,6.34,113.1,361,0,20.28,310081,FW-B6EB2,1
EQP-36737,12375.5,Diesel,Manha,Norte,80.4,7.64,88.0,308,2,-3.35,504554,FW-538D8,1
EQP-36738,13600.7,Diesel,Noite,Norte,66.4,12.8,75.8,313,2,24.17,169125,FW-DF9D7,1
EQP-36739,10856.9,Eletrico,Tarde,Oeste,83.0,5.01,98.0,195,1,5.93,990958,FW-DDFEF,1
EQP-36740,5288.1, DIESEL ,Manha,Leste,103.0,7.89,93.0,107,1,13.28,425240,FW-C7EE9,1
EQP-36741,5049.0,Eletrico,Noite,Norte,69.7,1.2,78.7,124,2,27.98,349510,FW-CF567,0
EQP-36742,1755.4,Eletrico,Tarde,Sul,87.6,3.04,96.3,56,1,57.18,554124,FW-8038E,0
EQP-36743,4347.8, DIESEL ,Manha,Sul,55.8,2.59,99.0,364,1,-19.5,105972,FW-F304A,1
EQP-36744,3379.0,Gas_Natural,Noite,Oeste,66.3,5.42,119.6,63,2,-13.85,613688,FW-75EC7,0
EQP-36745,13938.8,Eletrico,Noite,Leste,88.5,2.53,105.8,304,2,3.97,802249,FW-3B6F5,1
EQP-36746,4645.3, DIESEL ,Tarde,Norte,108.8,2.51,83.3,341,1,-37.9,318255,FW-4ED68,1
EQP-36747,1298.8,Eletrico,Manha,Oeste,62.4,1.16,110.1,335,0,-16.95,499098,FW-F07F5,0
EQP-36748,13511.0,Gas_Natural,Tarde,Sul,55.8,9.4,112.3,270,0,-44.06,955026,FW-EA2EC,1
EQP-36749,6344.4,diesel,Tarde,Leste,85.2,10.29,104.3,279,1,3.07,634619,FW-F0A7D,1
EQP-36750,5561.8,Eletrico,Noite,Sul,42.0,5.04,91.3,27,2,32.38,105983,FW-4BA05,0
EQP-36751,11903.2, DIESEL ,Manha,Sul,87.4,14.28,92.8,264,1,20.86,439365,FW-590BC,1
EQP-36752,7689.5,Eletrico,Manha,Leste,50.8,1.17,104.2,316,1,-3.49,509982,FW-CD2CC,0
EQP-36753,,diesel,Noite,Sul,70.4,3.01,102.8,66,0,-54.44,552662,FW-7653E,1
EQP-36754,13689.8,Gas_Natural,Noite,Leste,78.2,4.78,100.8,17,1,-41.0,250335,FW-82F00,1
EQP-36755,12124.3,Diesel,Tarde,Norte,103.1,5.34,146.0,1,1,-58.24,903441,FW-C863C,1
EQP-36756,4154.6, DIESEL ,Manha,Leste,89.3,1.07,83.9,27,1,-7.23,352360,FW-1AEAD,1
EQP-36757,2566.6,Diesel,Manha,Oeste,52.2,1.35,117.0,99,0,-18.16,730243,FW-24679,0
EQP-36758,670.1,Gas_Natural,Manha,Leste,76.6,1.86,85.5,57,0,73.65,574760,FW-3B0A6,0
EQP-36759,4833.8,Hibrido,Noite,Sul,87.2,1.08,110.8,361,2,-17.43,548681,FW-7D3A0,1
EQP-36760,2914.9,diesel,Manha,Oeste,79.8,3.6,96.8,364,0,-15.22,459282,FW-BA4FC,0
EQP-36761,14916.8, DIESEL ,Manha,Leste,77.1,1.11,89.7,191,1,7.8,996897,FW-8AA3E,1
EQP-36762,11876.3,Hibrido,Manha,Sul,74.5,3.13,109.9,199,0,-14.44,208466,FW-6D179,1
EQP-36763,797.7, DIESEL ,Tarde,Leste,57.1,4.61,107.2,257,1,-1.5,161199,FW-760FB,1
EQP-36764,7641.0,Eletrico,Manha,Leste,87.5,2.75,131.2,281,0,-1.65,576527,FW-83A4B,1
EQP-36765,10797.1, DIESEL ,Manha,Leste,91.8,,94.6,302,0,-10.99,344968,FW-5D9B5,1
EQP-36766,6205.9,Diesel,Manha,Norte,79.1,6.97,104.6,145,1,-1.28,477505,FW-9B779,1
EQP-36767,13825.6, DIESEL ,Manha,Leste,71.3,6.83,93.9,44,0,-53.65,142488,FW-19DF7,1
EQP-36768,4344.6,Diesel,Manha,Oeste,89.5,9.8,92.8,324,0,-63.5,365845,FW-93A1B,1
EQP-36769,9358.6, DIESEL ,Noite,Norte,113.4,3.68,110.0,104,3,85.39,975301,FW-858F9,1
EQP-36770,14856.2,Eletrico,Manha,Norte,27.8,0.83,93.2,215,1,-51.14,838800,FW-A70D7,1
EQP-36771,13972.5, DIESEL ,Tarde,Norte,56.6,10.29,130.4,6,1,-38.6,206804,FW-9E9B5,1
EQP-36772,1260.8,Gas_Natural,Manha,Leste,61.5,5.83,114.4,95,0,-40.99,746110,FW-A52F8,1
EQP-36773,408.2, DIESEL ,Manha,Norte,69.4,5.69,113.9,62,0,-49.64,716660,FW-996EE,0
EQP-36774,9018.8,Diesel,Manha,Norte,65.5,0.81,63.7,20,0,44.67,876473,FW-46C67,0
EQP-36775,13895.4, DIESEL ,Noite,Oeste,88.4,1.25,91.3,312,1,26.03,963009,FW-6ECB6,1
EQP-36776,10104.8,Eletrico,Tarde,Norte,63.6,5.7,99.4,297,3,-41.01,223962,FW-882DB,1
EQP-36777,1941.4,Diesel,Manha,Leste,96.2,16.65,114.3,243,1,-16.35,615351,FW-39BC5,1
EQP-36778,8610.9,Eletrico,Manha,Leste,31.1,1.57,81.3,334,0,-5.25,419343,FW-1EE16,0
EQP-36779,,Hibrido,Tarde,Norte,87.6,1.31,100.2,93,0,-75.2,495209,FW-78339,0
EQP-36780,7941.3,Diesel,Manha,Leste,109.7,1.6,93.3,221,1,-4.94,835274,FW-C98FB,1
EQP-36781,7187.2,Eletrico,Manha,Norte,71.2,2.59,94.3,232,1,7.15,338496,FW-998A9,1
EQP-36782,5335.7,Eletrico,Noite,Sul,71.2,,115.6,117,1,-11.83,774431,FW-40C1C,1
EQP-36783,7864.7,Eletrico,Manha,Sul,71.1,2.22,108.1,173,2,-41.73,778942,FW-D26A3,1
EQP-36784,11712.2, DIESEL ,Manha,Sul,82.6,8.84,79.7,134,0,-40.76,682376,FW-A1125,1
EQP-36785,7651.2,Diesel,Manha,Oeste,80.6,3.51,131.0,275,0,17.08,466246,FW-E4063,1
EQP-36786,5141.6,Diesel,Manha,Oeste,75.6,3.2,98.1,173,0,-35.84,891100,FW-1A52E,0
EQP-36787,7567.8,Diesel,Noite,Sul,62.5,0.78,103.7,335,0,-12.07,398401,FW-7E917,1
EQP-36788,11737.8,Gas_Natural,Manha,Leste,78.9,11.53,92.2,45,2,19.57,846525,FW-93797,1
EQP-36789,13271.1,Gas_Natural,Tarde,Norte,93.3,9.99,102.7,364,1,1.89,687310,FW-41C52,1
EQP-36790,9423.9,Gas_Natural,Manha,Norte,111.3,2.19,81.6,73,1,53.58,608832,FW-A3EDD,1
EQP-36791,10425.8,Diesel,Manha,Sul,105.3,10.08,92.1,26,1,-12.87,374354,FW-ECCF3,1
EQP-36792,10758.9,Diesel,Tarde,Norte,75.3,14.17,84.8,52,2,-35.8,989268,FW-62ECA,1
EQP-36793,13422.4, DIESEL ,Manha,Oeste,57.5,9.21,81.9,321,0,9.74,200691,FW-A9A78,1
EQP-36794,6975.7,Eletrico,Tarde,Leste,69.7,1.28,95.5,293,2,-29.75,255742,FW-D1B80,1
EQP-36795,8991.2,Diesel,Noite,Norte,75.6,8.3,99.8,107,0,-12.7,593331,FW-5AD79,1
EQP-36796,4871.3,Eletrico,Tarde,Oeste,66.5,1.31,122.1,20,0,15.91,442665,FW-840E1,1
EQP-36797,13974.2,Gas_Natural,Manha,Norte,74.3,11.14,98.5,73,2,4.38,706667,FW-AE7F7,1
EQP-36798,10479.6,Diesel,Noite,Norte,22.7,8.29,113.0,108,0,-16.05,766390,FW-9DB91,0
EQP-36799,10350.3,diesel,Manha,Norte,84.1,10.03,93.3,180,2,25.0,228347,FW-7A09C,1
EQP-36800,2372.0,Eletrico,Manha,Norte,96.3,5.83,117.1,328,2,29.06,459553,FW-D863E,1
EQP-36801,14379.4,diesel,Tarde,Norte,93.4,4.92,81.6,287,0,13.52,709235,FW-3F9DF,1
EQP-36802,10917.5, DIESEL ,Manha,Norte,84.9,0.63,107.9,267,1,-23.12,426755,FW-41868,1
EQP-36803,9684.5,Eletrico,Manha,Sul,61.1,2.15,103.4,232,0,18.21,805912,FW-642D5,1
EQP-36804,6726.6,Diesel,Manha,Oeste,78.9,10.87,105.3,120,1,45.52,900681,FW-B947C,1
EQP-36805,,Eletrico,Tarde,Oeste,56.5,4.41,102.9,188,1,-15.0,660175,FW-F2876,0
EQP-36806,4318.4,Gas_Natural,Noite,Leste,67.4,12.01,99.2,9,1,-8.38,796849,FW-9A3D8,1
EQP-36807,11269.1,Gas_Natural,Manha,Norte,65.5,1.1,112.3,314,0,14.21,385065,FW-6BA47,1
EQP-36808,859.4,Eletrico,Noite,Leste,88.5,0.63,104.2,323,1,-32.84,957551,FW-721DE,1
EQP-36809,8594.0,Eletrico,Manha,Norte,67.2,18.07,95.6,216,0,63.34,224526,FW-4B643,1
EQP-36810,4929.5,Diesel,Manha,Leste,74.5,8.3,61.5,210,1,-8.03,697432,FW-890C2,1
EQP-36811,13781.0,Gas_Natural,Tarde,Oeste,69.1,5.91,109.7,150,1,-63.67,930267,FW-9B5D1,1
EQP-36812,1916.7,Eletrico,Manha,Sul,78.2,6.7,101.1,231,3,-27.28,870593,FW-322E3,1
EQP-36813,14255.5,Diesel,Manha,Norte,69.8,1.14,108.3,27,0,-28.08,134296,FW-7C704,0
EQP-36814,1695.5,Gas_Natural,Manha,Oeste,104.5,1.26,105.3,152,2,-12.2,198525,FW-D1000,1
EQP-36815,7886.0, DIESEL ,Manha,Sul,80.3,8.69,85.4,101,0,60.47,277788,FW-7EBE4,1
EQP-36816,1880.4,Eletrico,Manha,Oeste,49.3,1.26,117.1,225,1,65.75,884123,FW-E9F17,0
EQP-36817,13680.0, DIESEL ,Tarde,Norte,82.3,2.04,103.0,125,1,-13.15,532029,FW-69AC4,1
EQP-36818,10550.1, DIESEL ,Manha,Sul,95.6,1.25,99.1,120,1,-13.35,992477,FW-BAB97,1
EQP-36819,13500.9,Diesel,Noite,Norte,84.5,1.34,105.9,152,1,71.85,183956,FW-DAD6F,1
EQP-36820,1294.7, DIESEL ,Tarde,Leste,75.8,2.02,108.0,217,0,66.65,301829,FW-85EAA,1
EQP-36821,8575.3,Diesel,Manha,Norte,60.3,4.16,102.8,231,2,-34.78,565123,FW-D5040,0
EQP-36822,,Diesel,Manha,Oeste,36.8,5.76,119.6,255,0,5.07,339555,FW-B465E,1
EQP-36823,8018.7,Hibrido,Noite,Norte,84.1,3.4,63.3,328,0,-37.84,614512,FW-C0658,1
EQP-36824,10055.6,Diesel,Manha,Norte,68.9,0.95,114.2,19,0,33.43,929148,FW-72F83,0
EQP-36825,3192.8,Gas_Natural,Noite,Leste,65.5,1.11,97.3,261,0,71.66,312388,FW-327D2,0
EQP-36826,10893.9,Diesel,Tarde,Oeste,76.7,0.6,107.0,207,2,-14.56,896636,FW-F37E8,1
EQP-36827,14505.2,Eletrico,Noite,Sul,57.9,3.76,89.8,343,1,-25.26,795876,FW-5FBA5,1
EQP-36828,14637.2,diesel,Manha,Leste,64.7,3.22,87.7,132,1,-23.98,428835,FW-AE0C1,1
EQP-36829,10603.0,Eletrico,Tarde,Sul,79.3,,88.5,19,1,6.04,462834,FW-5553B,1
EQP-36830,10329.5, DIESEL ,Manha,Sul,70.6,1.2,88.1,3,2,-16.73,458161,FW-4BA79,0
EQP-36831,3639.8,Eletrico,Tarde,Sul,80.8,3.8,104.2,157,2,24.13,361745,FW-2C18F,1
EQP-36832,12122.4,Diesel,Tarde,Sul,102.1,18.8,128.4,78,1,0.41,332170,FW-46CB6,1
EQP-36833,4172.9,Diesel,Manha,Oeste,82.2,7.39,108.0,336,0,-14.19,539646,FW-5C32E,1
EQP-36834,596.9,Hibrido,Manha,Norte,82.8,4.16,90.1,106,1,-14.48,266808,FW-A88B5,0
EQP-36835,11696.7, DIESEL ,Noite,Sul,64.8,0.79,86.2,81,0,11.61,389080,FW-BD039,0
EQP-36836,1788.1,Gas_Natural,Tarde,Norte,106.5,11.54,99.9,348,3,-10.65,348272,FW-A0C79,1
EQP-36837,8001.0,Diesel,Noite,Oeste,69.3,4.05,104.3,202,2,48.15,119001,FW-EC170,1
EQP-36838,7658.7,Eletrico,Manha,Oeste,80.1,12.34,125.8,249,1,-20.38,905827,FW-BB3B4,1
EQP-36839,2923.6,Eletrico,Tarde,Norte,59.4,5.05,85.5,73,1,-59.99,573064,FW-823E9,0
EQP-36840,1666.9,diesel,Manha,Sul,59.7,7.61,103.2,217,1,20.85,567783,FW-4332A,1
EQP-36841,8731.5,Gas_Natural,Tarde,Oeste,54.1,2.36,79.4,291,0,-0.31,838682,FW-88AE2,0
EQP-36842,12355.5,Eletrico,Manha,Sul,100.7,8.65,108.9,182,1,-35.2,656348,FW-F26E2,1
EQP-36843,8238.1,Hibrido,Manha,Sul,66.3,4.2,108.0,156,1,-6.86,765939,FW-EF798,1
EQP-36844,5802.0,Hibrido,Manha,Norte,56.4,2.7,83.9,213,0,-22.97,114892,FW-82287,0
EQP-36845,7309.7,Eletrico,Noite,Sul,64.0,2.3,102.7,262,0,-7.99,775626,FW-2ADC6,1
EQP-36846,404.4,diesel,Tarde,Norte,105.3,2.55,90.9,105,1,-41.24,964987,FW-982AC,1
EQP-36847,14017.0,Diesel,Tarde,Sul,91.7,4.36,107.3,316,1,19.72,859576,FW-7C15B,1
EQP-36848,9780.3,Gas_Natural,Manha,Norte,94.6,0.92,99.9,237,2,-23.88,843260,FW-D8044,1
EQP-36849,550.5, DIESEL ,Manha,Norte,99.7,6.46,105.1,335,1,6.22,371562,FW-46C32,1
EQP-36850,6465.5,diesel,Manha,Oeste,82.2,4.79,104.6,359,1,4.17,327868,FW-1AF25,1
EQP-36851,855.4,Gas_Natural,Tarde,Sul,26.2,1.15,78.9,355,0,16.23,394873,FW-4291E,1
EQP-36852,12764.3, DIESEL ,Manha,Norte,85.5,2.24,90.1,332,0,-2.58,890473,FW-BE522,1
EQP-36853,4338.7, DIESEL ,Manha,Oeste,53.1,5.05,87.0,42,1,13.32,800802,FW-E6C01,0
EQP-36854,3204.7, DIESEL ,Manha,Leste,73.5,3.46,98.4,271,1,-21.96,219138,FW-20622,1
EQP-36855,9728.5,Hibrido,Manha,Leste,49.3,2.03,122.4,239,0,32.7,800326,FW-919F9,0
EQP-36856,11805.0,Gas_Natural,Manha,Norte,71.0,11.25,97.9,336,1,-43.39,493535,FW-A88AE,1
EQP-36857,9201.0,Diesel,Manha,Leste,56.5,2.63,119.2,347,0,9.54,902248,FW-7C937,1
EQP-36858,4387.0, DIESEL ,Tarde,Leste,70.7,0.65,95.7,341,1,51.34,156119,FW-57650,1
EQP-36859,4525.5,Hibrido,Noite,Norte,86.1,0.62,99.3,312,0,-36.53,896298,FW-46FCF,1
EQP-36860,14136.4,Diesel,Tarde,Norte,58.7,,83.3,311,0,-17.91,598382,FW-705B2,1
EQP-36861,10494.2,Hibrido,Tarde,Norte,93.5,1.97,106.4,248,2,34.84,893184,FW-53B68,1
EQP-36862,8875.6,Eletrico,Tarde,Oeste,65.7,0.59,121.7,130,2,36.75,846998,FW-47C59,1
EQP-36863,11925.6,Diesel,Manha,Norte,44.8,2.59,95.7,29,2,1.0,949285,FW-A139D,0
EQP-36864,11937.5,Diesel,Manha,Leste,68.2,5.56,105.4,206,1,-19.14,263773,FW-CE998,1
EQP-36865,5577.4, DIESEL ,Manha,Sul,73.0,11.62,102.3,309,2,55.63,993498,FW-E83D8,1
EQP-36866,4980.4,Eletrico,Tarde,Oeste,85.5,5.65,96.2,115,1,17.41,769888,FW-D118B,1
EQP-36867,3996.0,Diesel,Manha,Oeste,84.2,3.18,103.3,108,0,-27.84,853029,FW-A0FAD,0
EQP-36868,5805.2,Hibrido,Manha,Norte,69.5,4.5,83.9,31,0,-16.43,509365,FW-27912,1
EQP-36869,9489.9,Diesel,Noite,Norte,79.9,,102.8,208,0,-77.38,877684,FW-50421,1
EQP-36870,1077.0,Gas_Natural,Manha,Leste,69.2,1.16,96.1,351,0,12.26,228451,FW-B9905,0
EQP-36871,12630.3,Eletrico,Manha,Oeste,107.9,0.91,116.0,77,1,-45.88,295222,FW-BB971,1
EQP-36872,5124.4,Diesel,Noite,Oeste,41.4,0.85,97.3,102,1,-27.69,995928,FW-31664,0
EQP-36873,12551.1,Gas_Natural,Tarde,Sul,94.7,1.57,111.1,100,0,31.53,696934,FW-9CC84,1
EQP-36874,7902.3,Eletrico,Manha,Leste,100.9,6.51,98.2,165,0,9.19,602106,FW-CB7A2,1
EQP-36875,6793.5,Eletrico,Tarde,Leste,77.1,1.21,85.8,310,1,16.5,386699,FW-29002,1
EQP-36876,5671.1,Gas_Natural,Manha,Sul,72.3,4.4,93.2,292,1,36.92,608446,FW-44AA2,1
EQP-36877,976.1,diesel,Noite,Leste,87.6,0.73,108.4,73,0,-15.91,347128,FW-81F3F,1
EQP-36878,9398.3,Diesel,Tarde,Leste,54.5,,82.7,208,0,43.85,523726,FW-4F468,1
EQP-36879,3156.3, DIESEL ,Noite,Sul,60.2,8.65,104.7,46,1,-46.99,223722,FW-68077,1
EQP-36880,9081.4, DIESEL ,Manha,Oeste,65.5,5.19,95.4,285,0,20.73,889558,FW-CDE0D,1
EQP-36881,506.6,Diesel,Noite,Norte,75.4,4.83,113.0,129,2,-28.38,466751,FW-441B3,1
EQP-36882,8646.5,Diesel,Tarde,Norte,70.3,4.69,107.5,102,0,7.48,865771,FW-9850C,0
EQP-36883,10928.9,Eletrico,Noite,Leste,69.3,3.54,119.0,273,0,-14.68,216489,FW-85181,1
EQP-36884,2801.4, DIESEL ,Tarde,Norte,81.4,5.57,90.0,185,0,-27.34,425649,FW-CE71F,0
EQP-36885,14274.1,Eletrico,Manha,Norte,87.6,0.6,107.1,140,3,-10.97,654613,FW-B8294,1
EQP-36886,9676.7, DIESEL ,Manha,Oeste,28.1,12.19,99.0,273,0,19.8,897217,FW-357D1,1
EQP-36887,3500.2,diesel,Noite,Norte,68.3,1.05,118.9,131,1,-4.56,253327,FW-AF0D8,0
EQP-36888,9758.4, DIESEL ,Manha,Norte,64.6,1.77,117.6,188,3,-12.16,939855,FW-BE208,1
EQP-36889,5524.2,Diesel,Manha,Oeste,67.3,,92.1,9,0,40.78,509927,FW-E2645,0
EQP-36890,,Diesel,Tarde,Sul,53.9,1.77,118.4,77,1,29.74,189134,FW-BF781,0
EQP-36891,11694.7,Diesel,Tarde,Sul,65.7,15.13,80.9,187,0,-55.93,183631,FW-E6C50,1
EQP-36892,3506.4,Diesel,Tarde,Leste,83.3,1.6,74.1,177,0,-25.23,426135,FW-BCDE1,1
EQP-36893,12350.1,Diesel,Noite,Sul,102.9,12.52,82.6,249,2,54.72,306783,FW-B0F29,1
EQP-36894,6695.6,Eletrico,Manha,Sul,94.4,7.84,102.5,291,2,71.1,720340,FW-D7B14,1
EQP-36895,14907.6, DIESEL ,Manha,Norte,72.2,17.92,108.3,238,1,-9.4,433470,FW-96AD1,1
EQP-36896,3065.3,Diesel,Noite,Sul,89.4,3.65,103.2,122,3,18.67,892085,FW-6F41D,1
EQP-36897,10160.7,Eletrico,Tarde,Leste,81.5,2.42,97.0,268,1,18.44,873332,FW-EFB9A,1
EQP-36898,3626.4, DIESEL ,Manha,Oeste,75.8,7.42,113.7,222,0,-26.88,618298,FW-85309,1
EQP-36899,8990.0,Eletrico,Tarde,Oeste,83.8,3.48,78.6,325,0,22.88,592689,FW-3BEC3,1
EQP-36900,,Hibrido,Manha,Sul,93.9,0.99,82.0,73,0,-42.84,773060,FW-B2B6E,1
EQP-36901,10000.0, DIESEL ,Noite,Sul,85.2,1.0,132.0,38,0,29.7,456794,FW-A200A,1
EQP-36902,6600.0,Diesel,Tarde,Leste,99.3,7.86,98.7,118,1,36.12,906681,FW-866FD,1
EQP-36903,4036.5,Eletrico,Manha,Leste,88.0,3.69,94.4,199,2,32.94,618293,FW-3A1BF,1
EQP-36904,1104.6,Eletrico,Noite,Sul,68.3,4.03,108.7,234,0,84.46,989950,FW-2B747,0
EQP-36905,8379.6,Diesel,Noite,Leste,64.2,12.69,66.9,214,1,17.97,221612,FW-50206,1
EQP-36906,2417.1,Diesel,Noite,Norte,101.4,12.02,96.5,25,1,-25.06,217244,FW-93E3E,1
EQP-36907,6547.9,diesel,Noite,Sul,47.4,9.26,114.8,111,1,3.87,841069,FW-5DE92,1
EQP-36908,9746.7,Gas_Natural,Manha,Oeste,99.7,5.31,86.6,324,0,-9.98,855417,FW-B6DD3,1
EQP-36909,,Eletrico,Noite,Sul,91.7,2.92,87.4,202,0,-11.65,797612,FW-6E1E8,1
EQP-36910,538.3, DIESEL ,Tarde,Sul,74.3,5.44,112.2,22,1,-44.25,649191,FW-228F3,0
EQP-36911,,Diesel,Noite,Sul,52.5,1.13,93.9,252,2,-16.12,268368,FW-BEDC9,1
EQP-36912,2487.6, DIESEL ,Manha,Leste,99.6,2.62,76.2,85,1,5.64,532355,FW-B39D4,1
EQP-36913,11332.3,diesel,Tarde,Sul,50.2,,90.5,343,1,-28.49,337007,FW-C8768,1
EQP-36914,12552.9,Diesel,Manha,Oeste,79.5,3.44,104.3,22,0,38.08,860443,FW-D4410,1
EQP-36915,475.9,Hibrido,Tarde,Norte,110.5,2.3,101.2,60,0,-15.35,247930,FW-E94ED,0
EQP-36916,4779.5, DIESEL ,Manha,Sul,89.6,8.49,84.7,221,1,-14.19,444033,FW-8D871,1
EQP-36917,637.2,Eletrico,Noite,Sul,59.3,,93.8,242,2,28.0,388065,FW-57FC7,0
EQP-36918,7809.1,diesel,Noite,Norte,68.6,1.83,68.7,175,3,-16.33,102959,FW-53022,1
EQP-36919,,Eletrico,Noite,Oeste,35.3,13.34,84.6,69,1,19.24,902972,FW-53C18,1
EQP-36920,4685.2,Hibrido,Noite,Norte,59.2,,76.8,106,2,0.83,737608,FW-1BC40,0
EQP-36921,12539.3,Diesel,Noite,Sul,60.6,1.84,107.7,88,0,-4.02,432632,FW-75C0D,1
EQP-36922,10516.6,diesel,Manha,Oeste,106.2,,90.1,149,0,-16.4,104814,FW-D3F93,1
EQP-36923,13053.9,Eletrico,Tarde,Sul,81.1,2.15,94.7,218,1,30.16,662153,FW-5DBF7,1
EQP-36924,6447.5,Eletrico,Manha,Leste,118.6,19.6,91.1,240,1,-41.71,795303,FW-20158,1
EQP-36925,11129.9,Diesel,Manha,Leste,88.9,,111.8,61,1,-14.08,102644,FW-B4D1E,1
EQP-36926,4302.1, DIESEL ,Tarde,Leste,50.8,1.25,106.9,22,0,-32.0,344307,FW-5722C,0
EQP-36927,3399.5,Diesel,Tarde,Sul,56.7,7.53,106.0,128,1,-3.55,584444,FW-A9009,1
EQP-36928,,Eletrico,Noite,Leste,33.0,10.13,108.6,161,0,47.61,321970,FW-978FD,1
EQP-36929,4530.5,Eletrico,Manha,Oeste,85.6,0.98,106.5,158,0,30.73,702681,FW-D4269,1
EQP-36930,10015.9, DIESEL ,Noite,Leste,87.3,5.91,90.9,355,2,11.25,543991,FW-ED5D3,1
EQP-36931,5126.1,Eletrico,Manha,Leste,89.3,5.59,93.6,285,0,27.08,601635,FW-33E71,1
EQP-36932,11134.2,Diesel,Manha,Sul,67.7,4.13,124.8,344,0,-15.69,336526,FW-75754,0
EQP-36933,13111.5,Diesel,Tarde,Sul,47.4,2.26,92.9,350,1,93.08,519240,FW-29872,1
EQP-36934,3621.8, DIESEL ,Noite,Norte,98.5,0.53,135.3,39,0,28.81,848247,FW-BC1BD,0
EQP-36935,11809.1,diesel,Tarde,Leste,67.2,2.34,95.1,155,0,-18.99,345867,FW-F07EE,1
EQP-36936,3214.2,Diesel,Tarde,Oeste,67.8,4.75,90.9,97,1,-8.48,525122,FW-35A9D,1
EQP-36937,6771.9,Diesel,Tarde,Sul,89.1,5.48,87.7,100,1,-6.63,604579,FW-B78D6,1
EQP-36938,7407.1,Diesel,Noite,Sul,66.9,1.05,95.2,232,1,-12.68,607083,FW-DC64B,1
EQP-36939,13466.8, DIESEL ,Tarde,Norte,84.0,2.12,101.4,276,1,39.84,443358,FW-9790D,1
EQP-36940,6420.2,Diesel,Noite,Sul,88.2,3.32,106.6,114,1,17.42,449446,FW-D37E0,1
EQP-36941,9996.8, DIESEL ,Manha,Oeste,50.5,5.08,91.5,236,1,-1.24,259125,FW-3E7A7,1
EQP-36942,522.9,Diesel,Manha,Norte,54.0,7.07,107.4,92,0,-7.88,991189,FW-49152,1
EQP-36943,2774.0,Gas_Natural,Noite,Oeste,86.2,2.5,122.5,61,1,-16.23,762838,FW-ED0BD,0
EQP-36944,11172.1,diesel,Noite,Oeste,70.1,8.05,116.0,110,1,-1.19,162806,FW-77672,1
EQP-36945,12429.1,Hibrido,Manha,Norte,64.0,2.15,106.3,81,2,8.52,232513,FW-9E91C,0
EQP-36946,14080.9,Gas_Natural,Tarde,Sul,88.8,7.39,99.4,99,1,-62.72,869411,FW-3BEC1,1
EQP-36947,7313.7,Diesel,Manha,Sul,83.0,2.91,130.7,42,0,-25.01,102352,FW-21E8F,1
EQP-36948,5388.4,Eletrico,Manha,Leste,80.8,2.56,110.5,53,0,-31.52,639340,FW-2EB0C,0
EQP-36949,5555.5,Diesel,Tarde,Norte,52.1,2.04,133.6,61,2,87.5,472472,FW-ABEBA,0
EQP-36950,10368.2,Diesel,Tarde,Oeste,87.7,18.79,92.6,332,0,-62.88,626467,FW-7B37F,1
EQP-36951,9867.1,Diesel,Noite,Sul,70.3,2.42,106.6,330,0,-39.49,839929,FW-68137,1
EQP-36952,5291.1,Hibrido,Manha,Leste,80.9,10.94,109.9,268,1,-51.15,335803,FW-4857B,1
EQP-36953,4059.4,Diesel,Noite,Sul,63.5,1.19,103.6,282,1,-17.22,607949,FW-397C9,1
EQP-36954,4922.9, DIESEL ,Manha,Norte,75.5,2.54,130.8,292,0,3.02,909075,FW-D7A3B,1
EQP-36955,14142.5,Diesel,Tarde,Leste,94.5,2.95,82.1,82,0,3.09,201217,FW-EDE5D,1
EQP-36956,4516.5,Diesel,Noite,Sul,68.7,18.31,112.5,268,0,-28.54,252773,FW-88D76,1
EQP-36957,7981.1,Diesel,Manha,Norte,74.9,2.72,88.3,69,2,38.21,857545,FW-BB751,0
EQP-36958,10968.3,Hibrido,Manha,Norte,77.7,8.61,104.3,101,2,20.94,750559,FW-F2347,1
EQP-36959,7074.0,Eletrico,Tarde,Norte,53.7,1.27,109.9,266,1,-2.53,449047,FW-7D5E3,1
EQP-36960,2464.9,Gas_Natural,Tarde,Norte,48.0,2.49,96.7,103,0,-53.89,657367,FW-EDF9F,0
EQP-36961,5798.0,Diesel,Manha,Oeste,80.9,3.86,115.3,18,0,-27.83,526475,FW-A20B9,1
EQP-36962,1487.7,Diesel,Manha,Leste,104.1,2.56,101.8,264,1,9.86,182994,FW-DB7DF,1
EQP-36963,6918.1,Diesel,Noite,Norte,80.1,,142.2,295,1,-28.19,412490,FW-72307,1
EQP-36964,7730.0, DIESEL ,Tarde,Sul,75.4,6.73,123.2,53,0,-64.21,727791,FW-F27AB,1
EQP-36965,5056.7, DIESEL ,Tarde,Norte,83.6,3.43,95.9,134,1,-26.92,760193,FW-BDC0C,1
EQP-36966,4889.2,Hibrido,Noite,Norte,98.4,3.15,105.6,328,0,53.89,250771,FW-E0157,1
EQP-36967,5054.3,Diesel,Tarde,Sul,67.7,,82.9,238,1,-16.36,766570,FW-80BDC,1
EQP-36968,4545.4,Diesel,Tarde,Sul,43.8,9.68,95.5,136,0,71.95,664877,FW-DF05F,0
EQP-36969,13005.9,Eletrico,Manha,Sul,47.4,0.55,78.6,202,1,37.15,442069,FW-1C9D2,1
EQP-36970,13953.6,Diesel,Tarde,Leste,82.4,4.5,101.7,354,0,6.9,678593,FW-3E8DE,1
EQP-36971,,diesel,Tarde,Leste,65.4,2.77,109.2,9,1,64.11,534279,FW-3D66B,1
EQP-36972,8912.9,Eletrico,Manha,Norte,34.4,7.43,124.7,120,1,38.74,936661,FW-3134B,1
EQP-36973,14081.7,Eletrico,Manha,Oeste,61.9,2.98,105.2,233,0,-55.5,525933,FW-84B4C,1
EQP-36974,14071.7,Eletrico,Noite,Oeste,79.8,3.26,96.5,74,3,9.38,949897,FW-558CB,1
EQP-36975,9797.2, DIESEL ,Tarde,Sul,57.4,1.45,93.5,179,1,8.67,393187,FW-6F0A4,0
EQP-36976,10456.7,Eletrico,Tarde,Sul,51.1,1.98,135.7,294,2,41.04,832540,FW-3CD1D,1
EQP-36977,13274.7,Eletrico,Tarde,Norte,48.0,17.46,91.8,271,0,-55.52,898131,FW-9DD4D,1
EQP-36978,14700.5,Hibrido,Manha,Leste,70.5,0.65,114.1,227,1,-9.52,127016,FW-360A4,1
EQP-36979,3750.4,Diesel,Noite,Norte,83.4,5.59,100.1,90,1,35.78,554311,FW-B2BB9,1
EQP-36980,6736.8, DIESEL ,Tarde,Oeste,85.1,1.5,130.3,86,0,29.85,327058,FW-98F61,1
EQP-36981,6522.7,diesel,Noite,Sul,69.2,1.17,84.2,317,0,11.46,424190,FW-4D175,1
EQP-36982,9120.0,Hibrido,Manha,Leste,80.7,20.88,100.6,132,0,-26.42,815762,FW-7BDB5,1
EQP-36983,11309.7,Eletrico,Tarde,Sul,52.9,6.85,119.6,315,1,36.51,146666,FW-BC11A,1
EQP-36984,7576.1,Diesel,Tarde,Norte,39.8,2.26,94.4,192,0,1.59,831771,FW-21C34,1
EQP-36985,4359.5, DIESEL ,Noite,Oeste,87.1,4.2,107.9,106,0,9.05,627539,FW-3137D,0
EQP-36986,6270.4, DIESEL ,Noite,Oeste,71.7,8.95,108.1,260,0,-1.22,461837,FW-2F4E5,1
EQP-36987,11757.8, DIESEL ,Tarde,Oeste,62.2,1.18,105.2,26,0,74.42,105158,FW-AB81A,0
EQP-36988,135.9,Diesel,Manha,Norte,74.0,1.33,111.9,359,2,27.52,191463,FW-C9E94,0
EQP-36989,2949.6,Diesel,Tarde,Sul,74.1,1.51,120.1,141,0,75.56,478859,FW-EF3EA,0
EQP-36990,2904.1,Eletrico,Tarde,Sul,76.8,9.35,115.1,291,1,41.84,897045,FW-81B8D,1
EQP-36991,9865.4,diesel,Noite,Leste,71.7,2.84,97.6,174,2,-44.42,137293,FW-4094B,1
EQP-36992,3883.2, DIESEL ,Manha,Sul,113.0,1.66,92.5,238,1,20.04,219191,FW-44B37,1
EQP-36993,7939.4, DIESEL ,Tarde,Leste,62.8,3.49,107.5,290,2,42.24,723522,FW-4EDDA,1
EQP-36994,13420.8,Diesel,Manha,Sul,81.6,7.71,129.4,221,1,25.83,245642,FW-31BC6,1
EQP-36995,10253.3,Diesel,Tarde,Oeste,83.7,9.48,89.8,206,1,23.93,571590,FW-6CD86,1
EQP-36996,6349.0,diesel,Manha,Sul,108.4,3.38,98.2,138,0,49.29,941837,FW-336A2,1
EQP-36997,6293.3,Hibrido,Noite,Leste,63.0,3.98,109.4,20,0,-50.26,890032,FW-4F054,0
EQP-36998,3604.6,Eletrico,Manha,Oeste,53.2,5.85,111.9,273,1,-37.9,305529,FW-79747,1
EQP-36999,12233.5,Hibrido,Tarde,Norte,83.3,2.69,72.5,21,3,22.59,895954,FW-22C0E,1
EQP-37000,11498.4, DIESEL ,Tarde,Norte,92.5,2.17,110.4,151,2,105.71,330025,FW-DBF8E,1
EQP-37001,8455.0,Diesel,Noite,Leste,81.2,1.14,100.1,193,0,-79.51,613329,FW-A9847,1
EQP-37002,8193.7,Diesel,Noite,Sul,50.5,2.98,102.7,294,0,-24.78,788014,FW-6051D,0
EQP-37003,5629.3,Eletrico,Tarde,Norte,69.2,0.72,117.9,53,1,-11.1,449554,FW-42369,1
EQP-37004,14555.8, DIESEL ,Manha,Oeste,77.6,18.29,94.4,28,1,38.86,575901,FW-18DA6,1
EQP-37005,4317.7,Diesel,Noite,Norte,45.7,2.57,113.4,256,2,-41.08,697514,FW-633DC,0
EQP-37006,2179.5,Eletrico,Noite,Norte,70.6,7.32,92.7,183,1,-75.41,679833,FW-7E1CE,1
EQP-37007,14038.9,Hibrido,Manha,Oeste,92.6,1.32,106.4,258,3,-37.29,164600,FW-4F5E3,1
EQP-37008,2020.1,Gas_Natural,Tarde,Norte,91.4,4.29,103.8,50,0,-17.85,809995,FW-B1087,1
EQP-37009,2189.3,Diesel,Tarde,Norte,79.6,7.12,105.7,118,4,-33.23,963522,FW-CCEE9,1
EQP-37010,12618.1,diesel,Manha,Sul,93.3,5.51,100.0,237,0,11.31,218225,FW-4AC34,1
EQP-37011,10883.3,Eletrico,Noite,Leste,86.9,9.03,96.7,84,0,-18.69,692828,FW-65DBB,1
EQP-37012,6136.6,Eletrico,Manha,Norte,65.3,6.24,113.4,330,0,-37.28,763247,FW-5842F,1
EQP-37013,14173.5, DIESEL ,Manha,Norte,89.0,3.75,91.7,125,1,-12.02,649744,FW-DEE74,1
EQP-37014,508.4,Diesel,Tarde,Oeste,108.6,0.79,107.4,221,1,-39.78,335863,FW-574CA,1
EQP-37015,13061.0,Diesel,Noite,Sul,70.6,1.81,101.7,187,1,3.47,629800,FW-B2D40,1
EQP-37016,13044.8,Diesel,Manha,Oeste,76.0,5.82,121.6,127,0,36.96,997043,FW-5659D,1
EQP-37017,3595.9, DIESEL ,Noite,Sul,86.5,1.6,99.5,161,0,-39.61,669403,FW-2EC89,1
EQP-37018,7188.9,Eletrico,Tarde,Sul,89.0,0.82,118.8,287,1,5.25,890926,FW-DDBF4,1
EQP-37019,8462.1,Diesel,Tarde,Sul,73.3,10.47,79.8,336,1,-14.36,938759,FW-43741,1
EQP-37020,11786.0,Eletrico,Noite,Sul,84.0,9.08,97.3,255,1,-11.08,425943,FW-96AFD,1
EQP-37021,14382.2,Diesel,Manha,Norte,74.4,0.8,100.8,347,0,0.09,662312,FW-C09F7,1
EQP-37022,13174.9,Eletrico,Manha,Sul,47.8,0.84,125.2,195,1,-45.04,733671,FW-5CBBE,1
EQP-37023,14471.9,diesel,Tarde,Norte,84.3,2.59,85.0,87,0,15.42,584552,FW-7CD7D,1
EQP-37024,5441.9,Eletrico,Manha,Norte,72.0,5.18,87.8,187,1,5.84,893660,FW-940AD,1
EQP-37025,6626.3,Eletrico,Manha,Leste,77.3,0.98,78.0,273,0,-5.37,540715,FW-5519C,1
EQP-37026,1208.8,diesel,Noite,Norte,80.7,1.59,100.7,31,2,-52.48,639838,FW-8FF3E,1
EQP-37027,8826.1,Hibrido,Noite,Norte,93.0,8.58,112.3,244,0,43.21,299978,FW-8A033,1
EQP-37028,7111.0,Eletrico,Tarde,Leste,97.2,10.15,92.6,185,1,44.59,494516,FW-94141,1
EQP-37029,10509.5, DIESEL ,Noite,Oeste,64.7,1.74,78.8,21,1,46.13,379930,FW-B78CE,1
EQP-37030,10719.1, DIESEL ,Manha,Norte,79.8,24.32,83.6,298,0,-4.7,715894,FW-45BCB,1
EQP-37031,219.3,diesel,Manha,Leste,71.7,7.41,111.6,330,1,10.22,195729,FW-68AD9,1
EQP-37032,3665.9,Diesel,Tarde,Leste,76.7,2.34,121.5,322,0,6.33,653997,FW-C9C63,1
EQP-37033,9606.7,Diesel,Tarde,Sul,71.6,,70.2,259,0,-17.54,882870,FW-BE813,1
EQP-37034,7545.4,Diesel,Manha,Norte,82.6,9.93,78.1,284,0,-6.69,195080,FW-86B08,1
EQP-37035,3156.8,Eletrico,Tarde,Norte,85.9,4.92,96.0,277,0,-10.29,313381,FW-6B3C3,1
EQP-37036,867.0,Eletrico,Noite,Oeste,82.3,3.02,83.1,62,1,33.41,928836,FW-B9608,1
EQP-37037,4276.5,Diesel,Noite,Leste,59.1,0.98,101.5,295,1,-42.99,234266,FW-D8E8C,0
EQP-37038,,Hibrido,Noite,Oeste,99.7,2.61,95.8,21,0,18.45,383799,FW-4BF4F,1
EQP-37039,1134.3,Eletrico,Tarde,Leste,98.6,2.28,110.1,274,1,-8.76,658477,FW-2019D,1
EQP-37040,14627.4,Eletrico,Tarde,Norte,59.1,3.72,104.3,15,2,-52.75,901324,FW-A9C67,0
EQP-37041,11566.8,Gas_Natural,Noite,Norte,78.1,3.28,58.0,95,0,29.34,220916,FW-89D37,1
EQP-37042,5440.4,diesel,Tarde,Norte,59.1,0.67,119.7,363,1,-3.08,336609,FW-778F4,0
EQP-37043,13518.2,Eletrico,Noite,Norte,65.5,6.05,108.1,58,0,-85.03,771269,FW-85579,1
EQP-37044,13491.6,Diesel,Noite,Norte,90.5,3.06,116.4,278,2,-18.72,237071,FW-F4090,1
EQP-37045,12495.4,Diesel,Noite,Oeste,83.6,18.02,121.4,296,1,6.52,627766,FW-A827F,1
EQP-37046,9816.5,Gas_Natural,Tarde,Norte,45.7,2.15,95.4,41,1,8.04,238919,FW-32E3F,0
EQP-37047,7147.5,Gas_Natural,Tarde,Sul,63.6,9.47,99.1,130,1,21.09,230613,FW-F2E09,1
EQP-37048,3855.9,Eletrico,Manha,Leste,76.3,2.96,98.6,146,3,22.49,774894,FW-DE713,1
EQP-37049,9004.4, DIESEL ,Tarde,Norte,64.7,4.4,106.9,347,1,-32.23,103829,FW-2AE3A,1
EQP-37050,12787.8,Gas_Natural,Noite,Leste,50.4,10.11,95.1,283,1,-10.77,142585,FW-34D90,1
EQP-37051,2248.3,Diesel,Noite,Norte,46.6,11.16,95.3,178,0,12.88,713004,FW-DE64E,0
EQP-37052,11984.4,Eletrico,Noite,Norte,86.2,6.44,112.5,187,0,11.6,504527,FW-C472D,1
EQP-37053,10233.1,Gas_Natural,Manha,Oeste,49.4,1.36,97.5,101,0,50.07,790559,FW-B33B1,0
EQP-37054,1101.4,diesel,Tarde,Sul,70.2,,66.4,167,1,19.03,916681,FW-5D605,1
EQP-37055,13060.7, DIESEL ,Tarde,Sul,78.9,6.76,123.0,67,0,14.09,549637,FW-206F2,1
EQP-37056,9780.0,Hibrido,Noite,Leste,82.5,3.22,98.8,234,1,-40.46,132295,FW-3A4BF,1
EQP-37057,,Eletrico,Manha,Leste,89.6,8.04,83.5,359,2,14.1,195311,FW-C59C8,1
EQP-37058,12783.8,Diesel,Manha,Oeste,113.4,1.4,110.2,69,0,-28.84,588626,FW-51AA0,1
EQP-37059,4171.1,Diesel,Manha,Sul,59.5,1.26,104.2,113,0,24.16,455916,FW-B137E,0
EQP-37060,5803.6,Diesel,Tarde,Leste,78.9,19.1,74.1,253,0,-59.27,993102,FW-5B02A,1
EQP-37061,12697.4,Eletrico,Manha,Leste,85.8,11.3,88.0,327,0,27.67,169669,FW-52BC1,1
EQP-37062,4472.8,Gas_Natural,Noite,Norte,66.6,,107.6,215,0,12.55,900123,FW-DE572,1
EQP-37063,3716.5,Diesel,Manha,Norte,55.1,1.0,83.5,263,0,-48.2,497398,FW-4FADE,0
EQP-37064,12379.9,Diesel,Manha,Sul,80.0,,110.2,61,0,5.98,385272,FW-9A117,1
EQP-37065,4581.8,Diesel,Tarde,Oeste,87.6,,97.5,10,2,-13.31,557327,FW-192C9,1
EQP-37066,13912.1,diesel,Tarde,Sul,77.4,5.63,117.9,5,1,-28.8,511806,FW-35C4E,1
EQP-37067,,Eletrico,Noite,Norte,76.8,4.18,95.9,109,0,-49.4,955909,FW-9B9B5,1
EQP-37068,14498.5,Gas_Natural,Tarde,Leste,68.8,,84.9,177,1,-50.64,448512,FW-F1192,1
EQP-37069,11121.2,diesel,Tarde,Oeste,91.4,1.83,95.6,138,0,-13.04,275235,FW-5CFD4,1
EQP-37070,12734.2,Hibrido,Manha,Sul,71.7,1.78,77.8,42,0,6.79,703061,FW-CA21F,1
EQP-37071,4983.9,Gas_Natural,Manha,Norte,79.1,6.5,87.0,118,1,40.93,350369,FW-514CC,1
EQP-37072,5492.7,Eletrico,Tarde,Norte,109.7,6.19,95.3,310,0,-6.35,782671,FW-8C43F,1
EQP-37073,585.6,Eletrico,Manha,Leste,103.5,4.69,103.6,355,2,38.83,663484,FW-6F4DF,1
EQP-37074,7424.6,Eletrico,Manha,Sul,90.6,1.01,113.8,340,1,63.4,130139,FW-88F27,1
EQP-37075,12681.4,Diesel,Manha,Norte,76.5,5.31,100.5,322,1,-21.43,684166,FW-4021C,1
EQP-37076,4298.6,diesel,Noite,Sul,61.3,1.45,108.2,326,1,23.56,391799,FW-CAC2D,0
EQP-37077,4440.9,Eletrico,Manha,Sul,67.2,2.2,98.5,53,2,-9.96,273577,FW-F2A1C,0
EQP-37078,10124.2,Diesel,Noite,Oeste,73.6,4.24,79.8,150,1,-47.42,705912,FW-9EB71,1
EQP-37079,14913.1, DIESEL ,Tarde,Sul,61.6,6.88,93.4,37,1,-9.11,323402,FW-DBE5F,1
EQP-37080,8621.1,Hibrido,Tarde,Leste,72.5,3.67,84.3,314,2,-5.25,194287,FW-5D1A5,1
EQP-37081,315.0,diesel,Tarde,Oeste,53.9,3.31,82.1,92,0,-30.6,962412,FW-98386,0
EQP-37082,9962.5,Diesel,Manha,Sul,57.0,1.99,92.8,71,1,-65.51,189681,FW-C328E,0
EQP-37083,14116.8,Gas_Natural,Tarde,Sul,57.5,,94.5,237,2,28.68,105075,FW-1AF7A,1
EQP-37084,4964.9, DIESEL ,Tarde,Norte,32.7,4.96,114.2,6,1,16.11,733555,FW-AB18C,1
EQP-37085,,Diesel,Manha,Norte,52.5,1.05,89.8,189,0,-5.76,161156,FW-C96F5,0
EQP-37086,13253.4,Eletrico,Tarde,Norte,78.5,1.29,80.8,12,1,12.75,445270,FW-3242A,1
EQP-37087,3968.6,Eletrico,Tarde,Leste,73.7,5.72,68.8,284,1,-24.41,456910,FW-A7EB6,1
EQP-37088,14371.3,Diesel,Noite,Leste,67.7,2.2,106.0,59,2,-25.89,460719,FW-A0137,1
EQP-37089,2089.0,Gas_Natural,Manha,Leste,69.1,9.37,95.9,331,0,-8.33,175227,FW-3033E,1
EQP-37090,1375.4,Diesel,Noite,Leste,66.6,1.33,84.2,80,1,31.74,885034,FW-B9DDB,0
EQP-37091,9743.7,Diesel,Noite,Leste,38.2,0.56,90.6,286,1,19.52,876131,FW-CF0A0,1
EQP-37092,14225.9,diesel,Tarde,Sul,95.6,1.24,103.5,242,0,15.02,443844,FW-89F3C,1
EQP-37093,, DIESEL ,Manha,Norte,79.5,11.78,95.1,108,2,1.98,772218,FW-507BB,1
EQP-37094,2762.3,Diesel,Tarde,Oeste,88.1,1.44,93.4,37,0,46.9,751247,FW-9C79F,1
EQP-37095,6640.7,Diesel,Noite,Sul,61.5,4.07,88.7,15,0,3.37,932939,FW-821CE,1
EQP-37096,7803.8,Diesel,Manha,Leste,86.4,1.89,91.4,17,2,1.06,858750,FW-9F59B,1
EQP-37097,6483.1,Hibrido,Manha,Sul,79.5,14.48,109.8,33,0,-62.51,923984,FW-970DE,1
EQP-37098,4604.5,Diesel,Tarde,Leste,68.7,2.46,103.9,349,0,9.16,275809,FW-35A88,0
EQP-37099,6919.0, DIESEL ,Manha,Norte,67.5,9.52,85.8,210,1,-4.93,347675,FW-6FCC0,1
EQP-37100,7817.9,diesel,Manha,Oeste,57.2,9.74,129.5,30,1,38.25,456766,FW-F1C8D,1
EQP-37101,11553.9,Diesel,Manha,Oeste,89.4,,95.9,39,0,-3.75,769454,FW-CBCE7,0
EQP-37102,6985.2,Diesel,Tarde,Norte,77.1,,113.2,269,0,0.95,432453,FW-EFC3F,1
EQP-37103,6406.9,Diesel,Tarde,Sul,84.1,5.99,120.6,135,0,73.79,343614,FW-832C3,1
EQP-37104,14686.3, DIESEL ,Manha,Oeste,71.2,9.41,101.4,159,0,72.2,774926,FW-40796,1
EQP-37105,1984.8,Diesel,Tarde,Norte,99.0,4.38,83.9,94,1,-18.34,599489,FW-31C2B,1
EQP-37106,13351.5,Eletrico,Noite,Oeste,85.3,5.27,119.0,310,1,-13.61,470820,FW-89015,1
EQP-37107,12845.3,Gas_Natural,Manha,Leste,101.6,10.73,85.1,299,1,-2.99,846473,FW-C474C,1
EQP-37108,14599.4,Diesel,Noite,Leste,74.9,3.82,92.6,136,0,-11.82,895772,FW-7510C,1
EQP-37109,5379.3,Diesel,Manha,Leste,77.4,0.72,106.5,167,2,62.94,915400,FW-F335B,1
EQP-37110,5488.5, DIESEL ,Manha,Leste,76.2,10.36,80.2,302,2,-32.17,978852,FW-7CCCD,1
EQP-37111,4057.8,Diesel,Manha,Sul,68.1,0.73,93.8,225,0,52.18,538458,FW-24343,0
EQP-37112,13918.0,Gas_Natural,Noite,Sul,83.8,5.15,96.2,73,0,36.63,672295,FW-75E4C,0
EQP-37113,6610.2,Diesel,Tarde,Leste,71.9,7.9,103.1,106,1,-40.37,252864,FW-B3773,1
EQP-37114,,diesel,Manha,Sul,105.4,0.84,95.2,235,1,-60.43,137860,FW-24F1F,1
EQP-37115,7472.4, DIESEL ,Tarde,Sul,37.4,2.8,104.8,280,1,0.82,999118,FW-B2712,1
EQP-37116,,diesel,Manha,Leste,76.4,4.26,116.1,96,0,-27.79,960982,FW-64D47,1
EQP-37117,13685.4,Hibrido,Manha,Leste,42.1,2.0,98.8,2,1,-15.69,543014,FW-D289C,1
EQP-37118,803.3,Hibrido,Tarde,Oeste,31.7,0.85,91.7,270,1,-10.17,692442,FW-AE7C8,0
EQP-37119,3842.9,diesel,Manha,Leste,100.9,0.56,80.8,138,1,15.0,564469,FW-4A24C,1
EQP-37120,12128.8,Diesel,Tarde,Sul,81.6,8.36,93.5,151,0,24.09,742216,FW-5A411,1
EQP-37121,8293.4,Eletrico,Tarde,Sul,89.2,3.07,102.4,208,3,-20.45,268492,FW-1DB73,1
EQP-37122,9735.0,Diesel,Manha,Norte,77.6,1.14,96.3,256,0,-19.69,554965,FW-79BBC,1
EQP-37123,10002.1,Eletrico,Manha,Leste,113.8,8.13,62.6,37,0,6.15,755903,FW-D2392,1
EQP-37124,, DIESEL ,Tarde,Sul,69.5,12.5,75.5,265,0,44.94,540954,FW-333F2,1
EQP-37125,3432.3,Diesel,Noite,Oeste,74.3,2.12,88.2,100,1,37.16,251039,FW-E8C46,0
EQP-37126,478.3, DIESEL ,Tarde,Leste,87.1,,109.2,304,0,-61.48,457226,FW-9C706,1
EQP-37127,10568.2,Eletrico,Manha,Sul,87.8,3.12,101.2,359,2,6.09,141504,FW-7B594,1
EQP-37128,11664.0,Eletrico,Tarde,Sul,98.6,9.34,139.4,305,0,60.02,577122,FW-18E65,1
EQP-37129,5667.2, DIESEL ,Tarde,Norte,86.7,5.17,99.0,286,1,-10.11,574159,FW-AA672,1
EQP-37130,11132.8,Diesel,Noite,Leste,112.4,8.54,116.2,87,1,51.34,303023,FW-E6579,1
EQP-37131,9438.3,Diesel,Manha,Norte,116.0,3.53,116.3,131,0,-11.24,148515,FW-DA838,1
EQP-37132,3223.6,diesel,Tarde,Norte,74.7,,81.0,200,3,-26.68,523854,FW-7C8AA,1
EQP-37133,10259.9,Gas_Natural,Tarde,Norte,72.5,0.91,108.8,288,3,1.9,847071,FW-9BB7A,1
EQP-37134,12258.9,Eletrico,Manha,Leste,71.0,4.92,77.7,308,2,16.24,231169,FW-CA0C0,1
EQP-37135,14768.1,Hibrido,Noite,Sul,63.6,1.76,72.9,305,1,-13.8,795562,FW-E1864,1
EQP-37136,1624.5, DIESEL ,Noite,Leste,57.0,3.25,99.4,189,1,-9.97,541183,FW-7FC44,0
EQP-37137,805.6,diesel,Tarde,Norte,78.8,4.73,97.6,325,0,-53.96,585179,FW-4EE5A,1
EQP-37138,11623.2,Hibrido,Tarde,Norte,60.6,3.85,111.5,98,0,-4.47,833377,FW-EDBBD,0
EQP-37139,2638.7,Eletrico,Manha,Oeste,65.7,7.39,114.4,166,0,-20.39,322955,FW-BD205,1
EQP-37140,14291.4,Eletrico,Tarde,Sul,101.7,,125.3,338,1,2.74,244496,FW-742A1,1
EQP-37141,10898.7,Diesel,Manha,Norte,80.2,9.43,92.4,288,1,-38.36,856345,FW-441CF,1
EQP-37142,14516.6,Diesel,Noite,Sul,84.2,0.91,97.6,74,1,40.93,936464,FW-DE39C,1
EQP-37143,7377.2,Diesel,Noite,Norte,77.1,1.49,88.8,324,1,-34.34,167289,FW-9D13F,1
EQP-37144,2771.5,Diesel,Noite,Sul,64.8,1.91,91.1,8,2,-2.22,234447,FW-F307B,0
EQP-37145,5173.9,Diesel,Tarde,Norte,80.5,7.17,123.8,183,0,43.51,987573,FW-2BB61,1
EQP-37146,11166.3,Diesel,Manha,Sul,104.1,5.17,111.8,363,0,-9.71,401190,FW-D021D,1
EQP-37147,6872.6,diesel,Tarde,Oeste,89.1,2.31,88.2,186,2,-44.7,580089,FW-4F2D8,1
EQP-37148,,Diesel,Tarde,Sul,87.2,1.68,88.1,117,0,11.32,638623,FW-BB161,0
EQP-37149,8084.6,Eletrico,Manha,Leste,86.4,1.74,83.8,57,0,-16.02,553427,FW-40FD7,1
EQP-37150,10213.5,Gas_Natural,Noite,Sul,68.6,1.67,108.6,169,1,3.78,230099,FW-CA892,1
EQP-37151,10011.3,Diesel,Manha,Sul,108.8,5.14,77.9,230,2,-33.6,786335,FW-F148B,1
EQP-37152,8943.3,Gas_Natural,Manha,Sul,91.0,1.02,75.6,35,0,89.61,466419,FW-34A6C,1
EQP-37153,6444.6,Diesel,Noite,Sul,80.4,1.61,86.9,320,1,-41.6,292781,FW-DB99C,1
EQP-37154,4549.9,Eletrico,Manha,Sul,72.9,1.31,86.7,46,0,40.42,726917,FW-75765,0
EQP-37155,7251.9,Hibrido,Manha,Oeste,64.9,6.01,127.5,195,2,26.03,595687,FW-8D947,1
EQP-37156,13081.5,Gas_Natural,Manha,Leste,86.7,2.5,126.9,322,0,-25.6,319187,FW-ED1DB,1
EQP-37157,10614.1, DIESEL ,Manha,Leste,60.3,0.78,129.4,271,0,-0.91,941192,FW-4A61E,1
EQP-37158,12782.0,Gas_Natural,Manha,Sul,87.6,0.84,92.6,70,0,-65.33,174127,FW-95C0D,1
EQP-37159,4773.9,diesel,Tarde,Leste,86.9,2.16,80.7,223,0,-6.74,591378,FW-4015A,1
EQP-37160,4899.7,Gas_Natural,Noite,Sul,106.9,2.09,131.0,182,1,-16.81,243395,FW-7E1F5,1
EQP-37161,9575.0,Diesel,Noite,Norte,69.7,1.28,81.9,159,0,11.54,762817,FW-55837,1
EQP-37162,3944.1,Diesel,Manha,Norte,56.4,2.24,102.4,1,1,28.64,629777,FW-5E26A,0
EQP-37163,10442.6,Eletrico,Tarde,Oeste,83.2,17.44,77.2,201,0,12.14,297391,FW-F00FB,1
EQP-37164,-100.0, DIESEL ,Manha,Norte,86.1,1.45,121.5,85,0,10.36,375710,FW-42BF3,1
EQP-37165,1954.7,Eletrico,Noite,Oeste,69.6,1.55,86.9,252,2,-46.45,979234,FW-6ADB1,1
EQP-37166,1996.5,Diesel,Manha,Norte,70.0,,109.7,25,3,-19.64,948479,FW-B9397,1
EQP-37167,12232.6,Eletrico,Noite,Oeste,110.3,3.79,79.5,79,0,12.53,313554,FW-A5B3A,1
EQP-37168,2922.9,Diesel,Manha,Sul,69.9,3.59,99.3,228,0,-3.36,279037,FW-A5563,0
EQP-37169,14906.3,Diesel,Manha,Oeste,84.5,7.34,101.8,361,0,29.26,921695,FW-938D2,1
EQP-37170,,Diesel,Tarde,Leste,50.0,3.11,75.4,177,0,-60.74,579810,FW-803A0,1
EQP-37171,8409.6,Hibrido,Tarde,Leste,73.7,2.26,115.1,326,0,29.96,524281,FW-E3791,0
EQP-37172,1178.3,Diesel,Manha,Norte,79.1,7.51,98.2,351,2,-10.74,380364,FW-38132,1
EQP-37173,4029.8,Eletrico,Noite,Sul,82.8,7.18,89.8,223,0,-3.55,321763,FW-37B64,1
EQP-37174,1951.5,Diesel,Noite,Norte,63.3,0.63,81.3,332,0,-98.2,305021,FW-30E9C,1
EQP-37175,,Diesel,Tarde,Norte,77.7,6.4,104.5,8,0,6.24,692545,FW-55552,1
EQP-37176,11347.2,Eletrico,Tarde,Norte,76.0,7.52,80.3,86,0,-26.06,867792,FW-4E72D,0
EQP-37177,1783.8,Hibrido,Manha,Leste,67.1,1.17,95.1,66,1,-31.36,951339,FW-B6D65,0
EQP-37178,4091.0,Diesel,Manha,Oeste,101.5,7.74,110.8,326,1,-25.14,576228,FW-DDC48,1
EQP-37179,14646.7,Diesel,Tarde,Norte,60.7,7.21,111.6,269,1,26.81,879914,FW-70131,1
EQP-37180,9717.9, DIESEL ,Manha,Leste,75.8,4.51,119.8,51,0,-46.28,770853,FW-F03E7,1
EQP-37181,4384.0,Gas_Natural,Manha,Sul,98.8,6.37,86.6,92,0,20.06,721387,FW-AF67C,1
EQP-37182,12253.2,Diesel,Manha,Norte,61.2,3.0,84.6,9,1,-11.64,143367,FW-718AA,1
EQP-37183,7635.3,Diesel,Manha,Oeste,77.0,12.55,102.3,327,1,-63.51,692997,FW-95FCF,1
EQP-37184,12484.8,Diesel,Manha,Leste,42.9,6.47,87.8,195,1,-31.87,920024,FW-6E42D,0
EQP-37185,2321.4,Gas_Natural,Tarde,Leste,71.7,6.95,111.9,323,0,8.33,613617,FW-C5F2E,1
EQP-37186,378.8,Diesel,Manha,Sul,66.3,3.3,102.3,42,0,56.58,284764,FW-4DEDC,0
EQP-37187,5972.9,Diesel,Manha,Norte,84.8,8.77,90.9,38,0,-60.65,209841,FW-A508A,1
EQP-37188,163.8,Diesel,Manha,Norte,89.5,1.45,91.0,200,0,12.59,345968,FW-1D78F,0
EQP-37189,5200.4,Hibrido,Manha,Sul,90.7,1.43,138.3,106,0,-40.36,137938,FW-60D1B,1
EQP-37190,10189.4,diesel,Manha,Norte,86.4,2.63,103.7,253,2,-10.02,771666,FW-68B52,1
EQP-37191,1819.9, DIESEL ,Manha,Oeste,87.5,3.96,92.0,133,0,-45.26,232359,FW-3EC10,0
EQP-37192,,Eletrico,Manha,Leste,78.8,3.49,105.3,69,2,6.2,459649,FW-41FAE,1
EQP-37193,3759.7,Gas_Natural,Noite,Leste,102.2,2.38,100.4,50,0,-35.39,541434,FW-AC20E,1
EQP-37194,8497.4, DIESEL ,Manha,Norte,92.7,,137.7,201,3,-24.03,528445,FW-BC4A6,1
EQP-37195,,Eletrico,Manha,Oeste,94.6,7.74,121.2,126,1,-11.07,777180,FW-D8C51,1
EQP-37196,6882.2,Gas_Natural,Manha,Oeste,61.3,3.94,122.8,304,0,-59.9,104862,FW-6D03F,1
EQP-37197,1252.5,Diesel,Manha,Sul,81.1,0.52,88.2,68,1,-13.36,125514,FW-2C2EB,0
EQP-37198,14099.1, DIESEL ,Manha,Leste,83.1,3.47,98.0,282,1,25.38,180572,FW-BD87B,1
EQP-37199,8577.4,Gas_Natural,Noite,Leste,81.4,3.77,101.0,258,0,7.96,850925,FW-85C1B,1
EQP-37200,5585.0,Eletrico,Manha,Oeste,103.2,2.38,95.1,97,1,-21.74,386619,FW-A8383,1
EQP-37201,4733.5,Gas_Natural,Tarde,Leste,88.2,0.74,83.6,79,1,-3.24,577215,FW-4BC78,1
EQP-37202,4149.7,Diesel,Manha,Norte,65.9,11.05,124.6,306,1,-9.2,223607,FW-DA00E,1
EQP-37203,10734.8, DIESEL ,Manha,Leste,62.5,1.02,97.9,24,2,17.25,558485,FW-6D74B,0
EQP-37204,8369.0,Diesel,Noite,Norte,77.5,3.45,103.6,269,1,117.1,955121,FW-C03E2,1
EQP-37205,9252.8,Diesel,Manha,Sul,70.6,0.65,111.5,103,3,-6.5,618132,FW-B1F98,1
EQP-37206,8771.4, DIESEL ,Tarde,Sul,62.3,7.4,86.6,53,0,43.0,103625,FW-EC5B2,1
EQP-37207,12421.1,Eletrico,Manha,Norte,60.6,5.56,114.4,203,0,-5.62,909787,FW-88BD1,1
EQP-37208,5847.4,Eletrico,Manha,Leste,83.5,,117.2,88,1,-62.19,314199,FW-37D53,0
EQP-37209,606.2,Diesel,Tarde,Sul,63.0,2.72,92.5,220,0,21.77,786175,FW-AD951,0
EQP-37210,11147.0, DIESEL ,Tarde,Leste,61.9,5.47,121.8,90,1,-17.73,917156,FW-B59CC,0
EQP-37211,8055.2,Eletrico,Noite,Norte,116.0,,117.4,69,0,-4.7,149424,FW-7E5AD,1
EQP-37212,5281.8,Diesel,Tarde,Leste,82.2,5.88,100.9,35,0,8.84,921728,FW-92302,0
EQP-37213,11673.1,Gas_Natural,Manha,Norte,63.4,5.18,91.7,285,1,26.08,966996,FW-9CA1E,1
EQP-37214,4156.0,Diesel,Tarde,Leste,78.1,3.02,97.1,227,0,-5.37,721677,FW-44D92,0
EQP-37215,5817.7,Eletrico,Manha,Sul,76.1,1.24,105.0,47,1,-41.59,522296,FW-653CB,1
EQP-37216,5443.7,Diesel,Manha,Norte,66.9,9.81,117.8,153,0,-59.24,763295,FW-A0E7D,1
EQP-37217,6340.6,Eletrico,Manha,Oeste,75.6,3.17,93.8,150,2,42.3,131723,FW-940B0,1
EQP-37218,11191.0,Eletrico,Manha,Norte,52.1,2.34,120.6,263,0,59.76,165515,FW-8BE6B,1
EQP-37219,14610.3,Diesel,Noite,Oeste,82.2,9.08,99.6,246,0,24.6,243133,FW-ED0B6,1
EQP-37220,5713.7,Eletrico,Tarde,Leste,57.9,8.75,81.3,101,2,-12.85,242348,FW-ED35D,1
EQP-37221,10359.3,Hibrido,Tarde,Oeste,66.2,2.13,126.0,33,1,16.62,608539,FW-56D3D,0
EQP-37222,11182.9,Hibrido,Manha,Oeste,72.6,4.99,112.0,64,0,-55.93,900491,FW-476AA,1
EQP-37223,13842.0, DIESEL ,Tarde,Norte,91.5,2.49,105.9,252,1,-4.25,833648,FW-E08EF,1
EQP-37224,8008.3,Hibrido,Manha,Leste,64.5,2.1,118.4,271,0,-3.44,969127,FW-2E8A8,1
EQP-37225,2613.4,Diesel,Manha,Leste,41.3,,113.7,199,0,56.13,677110,FW-4CBDB,0
EQP-37226,2198.6,Diesel,Manha,Sul,55.2,7.34,119.6,323,0,22.7,737585,FW-7A6B5,1
EQP-37227,4283.1,Diesel,Tarde,Sul,71.3,1.69,96.3,182,1,49.89,380956,FW-F1383,0
EQP-37228,10428.7,Hibrido,Tarde,Leste,100.3,2.41,106.8,295,0,-19.01,802799,FW-C2C6C,1
EQP-37229,5975.0,Gas_Natural,Noite,Norte,68.9,10.73,110.3,282,3,-14.33,242670,FW-1D97A,1
EQP-37230,4270.2,diesel,Manha,Oeste,33.7,1.3,100.7,316,0,-20.92,452907,FW-22AAE,1
EQP-37231,1344.4,Diesel,Manha,Leste,70.9,3.29,102.5,92,1,-55.56,626860,FW-C33E7,0
EQP-37232,, DIESEL ,Manha,Leste,78.7,11.99,104.5,33,0,-30.39,763205,FW-870B3,1
EQP-37233,11540.2,Eletrico,Tarde,Oeste,90.6,14.53,79.4,36,0,17.36,978107,FW-F01EC,1
EQP-37234,9434.9,Eletrico,Manha,Norte,75.8,7.65,80.0,56,0,19.06,232071,FW-8BA59,0
EQP-37235,5939.4,diesel,Manha,Leste,86.9,9.76,84.0,84,1,2.0,144453,FW-2E88F,1
EQP-37236,3745.8,Diesel,Manha,Oeste,89.2,,86.7,211,0,-37.95,895721,FW-90A3C,1
EQP-37237,11780.7,Diesel,Manha,Norte,85.0,4.04,90.7,147,1,21.79,557224,FW-98C65,1
EQP-37238,4118.7,Diesel,Manha,Sul,91.4,8.25,57.1,204,0,-63.08,347874,FW-99673,1
EQP-37239,6103.7,Diesel,Manha,Norte,84.9,10.44,83.9,321,0,4.15,175024,FW-630D2,1
EQP-37240,6820.8,Eletrico,Noite,Sul,81.0,3.64,98.7,79,0,14.43,374981,FW-454C8,0
EQP-37241,547.5,Diesel,Tarde,Oeste,63.4,3.38,89.4,347,0,-2.88,891962,FW-953DB,0
EQP-37242,8183.7,Diesel,Noite,Norte,56.9,2.04,88.4,23,2,16.53,904144,FW-92800,1
EQP-37243,11224.3,Gas_Natural,Tarde,Sul,71.5,1.78,79.6,174,2,32.57,707128,FW-C9A88,1
EQP-37244,739.1,Diesel,Manha,Norte,86.8,9.73,73.3,215,3,39.88,675956,FW-86DA2,1
EQP-37245,6896.1,Eletrico,Manha,Norte,73.6,0.94,84.7,48,0,57.75,548419,FW-F1590,0
EQP-37246,721.1,Diesel,Noite,Oeste,69.3,12.07,81.2,332,0,40.69,789417,FW-B52DC,1
EQP-37247,1311.0,Diesel,Tarde,Leste,67.3,6.99,88.3,136,0,108.7,882170,FW-8AA7B,1
EQP-37248,7996.2,diesel,Manha,Leste,67.1,1.91,113.0,314,0,11.1,856768,FW-DEA3C,1
EQP-37249,2200.4,Diesel,Tarde,Norte,93.0,1.31,108.3,311,3,28.86,799077,FW-37908,1
EQP-37250,10051.0,Diesel,Tarde,Leste,60.7,2.94,103.9,225,1,35.65,287039,FW-28C4F,0
EQP-37251,1105.9,Diesel,Tarde,Norte,78.9,3.07,85.8,7,1,-5.87,528858,FW-6AC52,0
EQP-37252,7524.1,Eletrico,Manha,Norte,81.9,2.18,117.8,128,0,-34.4,499085,FW-4F71A,1
EQP-37253,480.8,Gas_Natural,Manha,Norte,72.8,0.77,87.2,288,3,-48.47,867986,FW-A8FE4,1
EQP-37254,10222.3,Diesel,Tarde,Sul,38.7,5.15,65.8,206,2,45.28,390992,FW-D02A6,1
EQP-37255,8803.0,Eletrico,Manha,Sul,80.0,3.63,128.1,128,1,83.05,291260,FW-35B0E,1
EQP-37256,1936.0,Diesel,Noite,Norte,68.4,4.12,103.6,239,0,-73.24,241750,FW-A7DCC,1
EQP-37257,11237.3,Gas_Natural,Noite,Oeste,55.4,5.57,117.3,57,1,4.97,816867,FW-E936E,1
EQP-37258,4993.6,Eletrico,Tarde,Leste,96.5,13.69,96.2,67,2,61.35,780767,FW-9C40C,1
EQP-37259,984.1,Eletrico,Manha,Leste,103.6,7.23,101.0,360,1,-21.66,527848,FW-95149,1
EQP-37260,7108.5,Diesel,Tarde,Norte,50.4,,107.0,299,0,16.97,438688,FW-5763F,1
EQP-37261,5114.2,Eletrico,Tarde,Leste,65.4,,84.0,248,1,-22.11,117159,FW-516AB,1
EQP-37262,3534.0, DIESEL ,Manha,Oeste,96.1,5.18,90.7,166,0,-29.1,179901,FW-4CA33,1
EQP-37263,868.9,Hibrido,Noite,Oeste,91.1,4.51,75.4,20,2,-25.01,952651,FW-ACFDA,1
EQP-37264,8362.9, DIESEL ,Manha,Oeste,90.6,11.09,97.1,121,0,-4.54,563400,FW-C7988,1
EQP-37265,5792.1,Eletrico,Tarde,Norte,92.2,2.0,90.7,158,0,1.0,813119,FW-961E0,1
EQP-37266,9635.2,Diesel,Noite,Norte,49.9,7.01,116.9,9,2,-17.74,226979,FW-710E8,1
EQP-37267,,Diesel,Manha,Norte,64.3,5.25,95.9,56,1,22.77,593147,FW-1D38F,0
EQP-37268,5278.3,Diesel,Manha,Norte,65.3,2.82,104.7,317,3,-19.33,472240,FW-65E6E,1
EQP-37269,5703.3,Hibrido,Manha,Sul,98.0,1.08,98.4,230,2,39.83,390612,FW-1D875,1
EQP-37270,5679.7,Gas_Natural,Manha,Norte,28.3,7.27,117.1,9,0,3.92,755334,FW-DAC57,0
EQP-37271,843.8,Eletrico,Manha,Sul,58.4,13.81,88.6,180,1,61.85,697677,FW-CFF6B,1
EQP-37272,11084.9,Diesel,Tarde,Oeste,62.8,1.63,95.2,181,0,37.75,911003,FW-AE60A,0
EQP-37273,13531.7,diesel,Manha,Norte,79.0,1.52,74.6,309,0,5.96,196496,FW-2DF23,1
EQP-37274,12458.9,Gas_Natural,Manha,Oeste,51.1,1.2,104.8,294,0,25.29,952748,FW-5472A,1
EQP-37275,8598.0,Hibrido,Manha,Leste,63.2,4.01,90.8,98,1,41.95,972727,FW-7278D,0
EQP-37276,1203.5,Eletrico,Tarde,Norte,76.1,2.56,87.3,19,1,15.31,975030,FW-AED24,1
EQP-37277,6084.8,Diesel,Manha,Leste,65.8,5.84,69.3,29,2,-13.9,667889,FW-8BE51,1
EQP-37278,9520.3,Hibrido,Noite,Leste,80.9,2.07,92.8,215,0,1.87,880549,FW-360EC,1
EQP-37279,8472.3, DIESEL ,Noite,Leste,66.9,8.91,105.2,239,4,-3.37,551717,FW-230A3,1
EQP-37280,10209.9,Eletrico,Manha,Sul,79.9,2.0,109.6,224,2,-15.97,719144,FW-B806C,1
EQP-37281,1793.2,Eletrico,Tarde,Oeste,87.2,4.84,107.7,283,0,13.8,725640,FW-4DF01,0
EQP-37282,7226.2,Diesel,Tarde,Leste,76.8,7.95,84.4,95,0,49.78,337578,FW-CE6EA,1
EQP-37283,413.7,Diesel,Tarde,Oeste,96.9,4.69,84.5,99,4,29.63,806024,FW-D6B0F,1
EQP-37284,14730.1, DIESEL ,Tarde,Norte,57.6,4.42,113.2,78,0,14.14,926310,FW-33BFE,1
EQP-37285,678.5,Gas_Natural,Tarde,Norte,53.2,2.84,95.5,217,2,0.09,104018,FW-4B82B,0
EQP-37286,4506.1,Diesel,Tarde,Norte,64.6,8.16,100.8,68,1,-42.24,345136,FW-498B2,0
EQP-37287,7032.1,Diesel,Noite,Sul,73.6,10.42,87.3,182,0,-43.73,409189,FW-CCCF4,1
EQP-37288,8300.4,Eletrico,Tarde,Norte,57.9,,94.8,10,2,-23.5,699092,FW-21031,0
EQP-37289,9617.6,Eletrico,Tarde,Oeste,86.9,1.37,95.3,84,1,-21.08,632658,FW-80989,0
EQP-37290,6471.9,Diesel,Tarde,Norte,82.5,7.91,89.4,192,1,-72.29,980330,FW-2EBF9,1
EQP-37291,3042.6,Eletrico,Tarde,Leste,71.3,1.72,119.1,12,3,-48.08,339674,FW-B87E2,1
EQP-37292,7316.5,Hibrido,Noite,Norte,80.9,12.58,87.4,294,1,15.81,323809,FW-D2352,1
EQP-37293,9347.0,Eletrico,Manha,Norte,72.9,7.3,99.8,141,1,2.86,432665,FW-D9608,1
EQP-37294,9547.8, DIESEL ,Manha,Norte,73.2,1.38,84.9,333,1,56.06,955955,FW-7D39D,1
EQP-37295,6443.4,Eletrico,Noite,Norte,67.5,1.06,88.6,261,1,-45.8,892892,FW-3ECD1,0
EQP-37296,13532.8,Eletrico,Manha,Sul,87.6,1.31,133.4,190,1,-68.21,204302,FW-F0FA6,1
EQP-37297,5428.8,diesel,Tarde,Sul,53.8,3.69,93.9,116,0,28.21,750524,FW-B5629,0
EQP-37298,1601.4,Eletrico,Noite,Norte,98.8,2.23,115.3,309,2,26.27,151949,FW-EDFB9,1
EQP-37299,8464.7,Diesel,Manha,Oeste,43.1,7.88,99.6,152,1,-29.47,884814,FW-6D51E,1
EQP-37300,8738.5,Diesel,Tarde,Leste,95.7,1.74,116.1,69,0,-32.4,748575,FW-339AF,1
EQP-37301,7305.8,Diesel,Tarde,Norte,96.9,,84.5,275,2,12.27,898202,FW-2D249,1
EQP-37302,12482.9,Hibrido,Manha,Norte,85.3,3.89,86.8,115,1,-22.36,974455,FW-971BB,0
EQP-37303,9505.2,Eletrico,Manha,Oeste,114.0,9.16,102.7,294,0,-1.74,294368,FW-F1E0A,1
EQP-37304,8852.9,diesel,Tarde,Sul,87.6,5.63,102.4,310,1,51.43,868234,FW-63838,1
EQP-37305,8049.2,Eletrico,Noite,Sul,107.6,3.51,97.3,314,0,5.05,924564,FW-18AEA,1
EQP-37306,4098.5,Gas_Natural,Manha,Sul,50.7,15.0,109.0,84,2,78.34,584739,FW-301B6,1
EQP-37307,8680.9,Diesel,Manha,Norte,69.4,4.08,99.0,220,1,3.38,861264,FW-71131,1
EQP-37308,2833.2,Diesel,Manha,Leste,95.1,0.55,72.1,29,2,-7.1,148477,FW-4543D,1
EQP-37309,4714.1,Diesel,Manha,Norte,125.9,6.06,112.3,67,0,-53.08,945862,FW-A1C82,1
EQP-37310,13332.2, DIESEL ,Noite,Sul,88.2,1.98,126.2,339,2,-5.49,939679,FW-829CE,1
EQP-37311,13910.5,Hibrido,Tarde,Sul,62.8,7.76,113.6,266,0,-73.57,902396,FW-4514D,1
EQP-37312,7983.0,Gas_Natural,Tarde,Oeste,65.8,10.76,110.7,318,0,12.8,168417,FW-A58FE,1
EQP-37313,4705.4,Diesel,Manha,Leste,49.0,3.38,99.9,216,1,-7.49,687908,FW-D42F7,1
EQP-37314,3120.8,diesel,Noite,Norte,85.9,3.27,99.1,364,0,1.16,609084,FW-79DD0,1
EQP-37315,11198.8,Diesel,Manha,Oeste,58.5,16.8,108.0,287,0,-38.88,909436,FW-B42CD,1
EQP-37316,9906.0,diesel,Noite,Leste,76.1,14.45,99.5,266,3,-34.42,407706,FW-81D89,1
EQP-37317,3475.1, DIESEL ,Tarde,Norte,89.5,3.39,89.1,236,0,-94.14,992480,FW-CD8F9,1
EQP-37318,6639.8, DIESEL ,Manha,Norte,51.8,1.89,79.7,47,1,53.41,574506,FW-67454,0
EQP-37319,12541.8,Diesel,Noite,Sul,102.2,5.31,89.9,340,1,40.09,520687,FW-787A9,1
EQP-37320,5648.4,Hibrido,Manha,Sul,73.3,8.83,96.3,307,1,40.52,948612,FW-E7B7A,1
EQP-37321,2965.7,Eletrico,Manha,Oeste,83.2,2.88,104.2,102,1,23.53,688280,FW-520D3,1
EQP-37322,257.3,Diesel,Noite,Leste,71.5,2.13,88.6,245,0,16.8,153603,FW-B6616,1
EQP-37323,,Hibrido,Manha,Oeste,100.9,0.69,95.4,137,3,31.94,624045,FW-B7ECC,1
EQP-37324,9064.4,Eletrico,Tarde,Sul,108.3,10.84,100.2,128,1,-2.3,878645,FW-8B02A,1
EQP-37325,1754.7, DIESEL ,Tarde,Oeste,73.1,13.03,90.9,27,0,-32.4,524228,FW-7CA13,0
EQP-37326,4811.0,Diesel,Tarde,Norte,67.0,2.14,77.6,276,0,-78.1,697013,FW-2E135,1
EQP-37327,8572.1, DIESEL ,Manha,Norte,68.3,4.53,106.2,113,1,-26.48,205809,FW-CE296,1
EQP-37328,14193.2,Eletrico,Manha,Oeste,58.0,4.08,111.5,330,0,-10.67,398325,FW-D80B2,1
EQP-37329,3528.5,Eletrico,Manha,Sul,70.8,4.36,104.3,255,1,-6.71,941820,FW-C5521,1
EQP-37330,2636.2,Hibrido,Noite,Sul,84.0,1.53,120.4,302,3,69.85,772930,FW-7D74E,1
EQP-37331,12826.8,Hibrido,Manha,Norte,71.3,3.54,109.1,189,2,-18.26,761519,FW-3BF92,1
EQP-37332,14731.1,Eletrico,Tarde,Leste,86.5,1.08,119.2,164,0,28.5,493655,FW-954A5,1
EQP-37333,14154.3,Diesel,Tarde,Leste,63.3,1.89,78.2,106,0,-104.56,130632,FW-A3479,0
EQP-37334,12811.3,Eletrico,Manha,Leste,73.1,1.54,86.1,216,0,8.14,272032,FW-4D740,1
EQP-37335,13340.2,Diesel,Tarde,Norte,102.5,5.66,114.1,182,1,36.75,203036,FW-A4570,1
EQP-37336,5159.7,Diesel,Manha,Norte,47.5,4.64,82.2,61,6,-9.34,587608,FW-A10AC,1
EQP-37337,14857.2,Diesel,Manha,Leste,67.3,1.7,75.7,178,0,-63.41,773714,FW-3B007,1
EQP-37338,11738.1,Diesel,Noite,Oeste,53.8,2.88,106.8,27,3,-65.41,373717,FW-84433,0
EQP-37339,6616.5,Diesel,Manha,Leste,68.9,3.26,98.1,91,1,-50.12,846820,FW-7FD92,0
EQP-37340,232.7,Eletrico,Manha,Leste,79.0,12.76,94.9,61,0,-30.83,564010,FW-BDA05,1
EQP-37341,9957.1,Diesel,Manha,Norte,64.5,,73.1,7,1,44.55,920070,FW-7D3EB,1
EQP-37342,12547.2,diesel,Manha,Norte,71.0,,110.4,82,0,45.79,701918,FW-524D0,1
EQP-37343,776.8,Diesel,Noite,Leste,55.9,1.04,98.0,70,2,-12.31,876187,FW-69F4E,0
EQP-37344,8379.7,Eletrico,Noite,Sul,76.2,3.37,121.7,244,0,36.93,613002,FW-E0510,1
EQP-37345,12113.8,Eletrico,Manha,Leste,100.3,18.18,102.3,283,0,-52.37,940473,FW-DE766,1
EQP-37346,564.1,diesel,Tarde,Sul,60.3,0.71,103.9,253,1,29.32,854731,FW-7F256,0
EQP-37347,3417.3,Eletrico,Tarde,Norte,97.9,1.01,99.8,315,1,11.62,674287,FW-848A0,1
EQP-37348,7947.5,diesel,Tarde,Sul,69.0,1.16,106.2,75,0,-8.77,136706,FW-565D2,0
EQP-37349,2589.5, DIESEL ,Tarde,Sul,75.2,11.6,121.1,360,1,15.78,768829,FW-9E930,1
EQP-37350,5332.7,diesel,Manha,Oeste,74.0,4.65,108.1,301,1,-73.32,726303,FW-C99FA,1
EQP-37351,6883.6,Diesel,Manha,Norte,63.6,3.39,117.0,83,0,-33.39,563930,FW-C2E00,1
EQP-37352,9659.8,Diesel,Manha,Norte,101.8,3.64,85.6,79,1,25.27,348769,FW-8DCB6,1
EQP-37353,2878.1, DIESEL ,Manha,Sul,74.8,10.37,105.9,335,3,-9.64,262405,FW-CFA9E,1
EQP-37354,13366.7,Diesel,Noite,Oeste,108.0,0.76,118.6,129,0,-29.76,640026,FW-56ACE,1
EQP-37355,12196.9,Diesel,Manha,Norte,80.6,0.74,105.5,15,2,37.41,789848,FW-7FFFF,1
EQP-37356,9022.7,diesel,Manha,Oeste,72.5,,85.4,107,3,-33.13,806773,FW-991E1,1
EQP-37357,14235.3, DIESEL ,Manha,Norte,98.0,3.47,98.7,179,1,-25.1,978919,FW-2910A,1
EQP-37358,5134.0, DIESEL ,Manha,Oeste,44.4,1.83,61.5,303,1,43.64,613408,FW-5E0FD,0
EQP-37359,10132.5,Diesel,Manha,Norte,60.3,1.21,107.9,350,2,-26.91,877450,FW-F4132,0
EQP-37360,14986.1, DIESEL ,Tarde,Oeste,82.3,,103.4,234,2,6.68,317223,FW-9E535,0
EQP-37361,4974.2,Diesel,Manha,Sul,74.6,3.36,82.4,138,1,16.86,632029,FW-E383F,1
EQP-37362,2416.6,Diesel,Manha,Sul,34.2,1.24,125.5,10,0,-0.6,535219,FW-EF24A,0
EQP-37363,6692.9,Diesel,Noite,Norte,77.4,4.56,105.5,54,0,19.51,850838,FW-2544F,1
EQP-37364,10116.2,diesel,Manha,Sul,49.2,4.24,107.7,144,0,-1.19,801993,FW-6351D,1
EQP-37365,5985.6,Diesel,Manha,Sul,64.9,2.63,93.0,215,1,-22.06,180395,FW-4B5CA,1
EQP-37366,3795.2, DIESEL ,Tarde,Norte,59.7,0.96,80.5,360,1,-35.16,159833,FW-D215D,1
EQP-37367,4311.0,diesel,Noite,Oeste,50.4,6.46,125.4,211,0,-33.2,755408,FW-8B3FC,0
EQP-37368,161.2,Eletrico,Noite,Oeste,82.1,4.6,95.2,102,1,41.07,392434,FW-2F3F7,0
EQP-37369,8914.2,Gas_Natural,Tarde,Sul,88.4,2.47,135.4,354,1,44.8,472009,FW-EFF80,1
EQP-37370,2397.0, DIESEL ,Manha,Sul,73.7,6.92,108.6,50,0,-6.37,618120,FW-66A79,0
EQP-37371,9249.0, DIESEL ,Noite,Leste,110.6,6.56,89.4,263,1,-16.7,930746,FW-33443,1
EQP-37372,10414.7,Eletrico,Manha,Norte,44.1,2.62,103.1,23,4,-16.57,271430,FW-1CD3F,0
EQP-37373,14395.4,Eletrico,Noite,Leste,36.4,0.82,90.0,38,0,-1.49,837048,FW-D4BB3,0
EQP-37374,4489.8,Diesel,Noite,Norte,89.8,4.1,118.8,216,0,-3.65,786255,FW-C7E14,1
EQP-37375,6486.7,Eletrico,Tarde,Leste,62.0,0.66,85.8,264,2,8.29,451542,FW-DE4DF,0
EQP-37376,11790.2,Diesel,Manha,Leste,101.9,0.5,127.1,236,1,21.81,356896,FW-3889A,1
EQP-37377,2145.0,Diesel,Tarde,Oeste,59.8,3.04,126.2,127,0,-29.28,822229,FW-91D64,0
EQP-37378,6219.3,Eletrico,Tarde,Leste,46.5,4.74,75.6,186,0,-38.65,882879,FW-62D3F,0
EQP-37379,10735.3,Eletrico,Tarde,Sul,103.9,3.81,122.0,266,1,-31.02,626018,FW-EEAF6,1
EQP-37380,14121.5,Diesel,Manha,Leste,55.7,0.97,92.8,186,0,-39.4,309574,FW-8CCEF,1
EQP-37381,3603.7,diesel,Manha,Leste,83.7,2.11,61.5,285,0,56.64,695178,FW-70E01,1
EQP-37382,5472.0,Diesel,Noite,Sul,71.2,10.34,111.2,112,0,15.38,451259,FW-56A79,0
EQP-37383,2188.2,Gas_Natural,Noite,Norte,97.9,2.91,128.2,326,1,19.56,823074,FW-72071,1
EQP-37384,14189.6,Gas_Natural,Tarde,Leste,68.7,2.71,68.4,323,0,-3.24,676019,FW-59A6A,1
EQP-37385,215.3,diesel,Noite,Norte,79.1,7.16,86.4,171,0,-63.32,482723,FW-EDD04,1
EQP-37386,4434.3,Eletrico,Noite,Oeste,52.6,16.11,79.4,146,0,16.95,283440,FW-2E3C8,1
EQP-37387,5644.3,Eletrico,Manha,Norte,88.1,4.14,106.5,341,0,51.82,979698,FW-9CE4F,1
EQP-37388,14035.2,Eletrico,Manha,Oeste,82.7,2.72,114.6,170,0,6.74,795679,FW-B0E27,1
EQP-37389,4504.6,Eletrico,Tarde,Sul,77.0,3.65,86.4,158,3,37.29,391035,FW-A6A41,1
EQP-37390,10679.5,diesel,Manha,Norte,40.8,0.84,127.1,176,1,-2.21,607241,FW-D6833,0
EQP-37391,1189.6,Hibrido,Tarde,Norte,25.8,12.87,102.2,337,1,2.54,466870,FW-77969,1
EQP-37392,4427.8, DIESEL ,Manha,Norte,75.5,7.82,97.0,152,1,-39.29,507323,FW-3775A,1
EQP-37393,14142.1,Diesel,Manha,Leste,80.1,7.37,93.2,277,2,46.46,262439,FW-5DB06,1
EQP-37394,7777.2,diesel,Manha,Norte,92.4,4.01,85.0,180,0,-40.0,259744,FW-9387E,1
EQP-37395,4544.3, DIESEL ,Tarde,Oeste,88.7,6.36,99.6,13,1,6.78,748979,FW-1EB55,1
EQP-37396,12957.2,Eletrico,Manha,Oeste,79.5,1.19,124.4,133,1,-6.25,755188,FW-E405B,1
EQP-37397,4442.4,Eletrico,Noite,Oeste,89.5,9.7,87.7,195,2,14.02,988599,FW-F28C7,1
EQP-37398,1938.9,Eletrico,Manha,Norte,86.3,5.04,86.9,240,3,-36.44,312873,FW-610B4,1
EQP-37399,,Diesel,Manha,Leste,68.0,12.86,130.0,307,1,0.72,965222,FW-546BB,1
EQP-37400,12735.1,Hibrido,Manha,Leste,84.7,6.55,113.6,311,0,-29.93,883545,FW-AED17,1
EQP-37401,2913.0,Eletrico,Tarde,Leste,65.2,11.48,127.4,301,0,35.27,312450,FW-769FB,1
EQP-37402,8537.5, DIESEL ,Tarde,Sul,79.4,2.45,115.7,282,0,47.22,657857,FW-2D909,1
EQP-37403,13151.0,Diesel,Tarde,Leste,74.8,2.56,116.9,176,1,25.35,812996,FW-E1B24,1
EQP-37404,1390.3,Gas_Natural,Manha,Oeste,67.2,5.06,119.4,296,0,-13.66,652134,FW-B94C8,1
EQP-37405,8148.5,Diesel,Tarde,Sul,98.9,3.2,110.7,246,2,63.14,192494,FW-6D3D8,1
EQP-37406,3829.4, DIESEL ,Manha,Sul,83.5,4.16,98.3,240,0,-27.39,590486,FW-F0021,1
EQP-37407,11483.5, DIESEL ,Manha,Oeste,61.4,5.32,93.7,82,0,17.47,545282,FW-C8E1D,1
EQP-37408,5452.3, DIESEL ,Manha,Norte,60.5,9.1,95.6,303,1,30.68,391070,FW-55BDB,1
EQP-37409,3252.6,Diesel,Tarde,Oeste,51.6,4.17,98.0,264,1,48.87,736446,FW-6D5D8,1
EQP-37410,12610.6,Eletrico,Noite,Norte,68.8,4.65,86.5,30,0,-31.68,259295,FW-E7155,1
EQP-37411,9609.8,Diesel,Noite,Norte,45.1,7.65,92.1,122,0,-30.34,840873,FW-A1160,0
EQP-37412,10032.9,Eletrico,Noite,Sul,103.2,6.85,93.5,5,0,-13.75,934071,FW-EF093,1
EQP-37413,8213.2, DIESEL ,Noite,Norte,67.0,,85.0,313,1,4.19,626580,FW-267DA,1
EQP-37414,9535.7,Eletrico,Manha,Oeste,86.9,5.16,96.4,151,1,43.67,441681,FW-99BAD,1
EQP-37415,8554.4,Gas_Natural,Manha,Sul,61.2,3.64,115.3,355,1,17.46,447421,FW-B9369,1
EQP-37416,5846.0,Eletrico,Manha,Sul,89.2,3.39,115.2,172,0,5.59,486896,FW-2B973,1
EQP-37417,999999.0,Diesel,Tarde,Oeste,71.6,0.98,122.1,199,0,23.65,232180,FW-DCE68,0
EQP-37418,12249.8,Gas_Natural,Manha,Norte,87.3,,108.6,350,2,9.25,374320,FW-90028,1
EQP-37419,8992.3,Diesel,Noite,Norte,60.6,3.52,89.5,43,0,-4.93,312725,FW-C888B,0
EQP-37420,13957.3,diesel,Tarde,Sul,98.2,7.17,104.1,9,0,-31.59,226046,FW-4DD0B,1
EQP-37421,12805.4,Gas_Natural,Manha,Sul,74.0,6.48,94.3,198,1,-7.73,532844,FW-1F648,1
EQP-37422,3635.5, DIESEL ,Manha,Norte,76.5,26.69,94.0,314,0,4.51,274888,FW-20CBD,1
EQP-37423,, DIESEL ,Noite,Norte,66.8,8.04,73.9,318,0,18.47,408943,FW-82749,1
EQP-37424,6717.5,Diesel,Tarde,Sul,67.6,2.26,73.7,27,0,-38.8,331853,FW-59838,0
EQP-37425,14488.7, DIESEL ,Manha,Oeste,77.7,0.6,113.2,302,0,16.45,540329,FW-97739,1
EQP-37426,13691.6,Eletrico,Manha,Oeste,106.7,0.66,95.6,343,2,-4.39,442929,FW-4C880,1
EQP-37427,7167.7,Diesel,Tarde,Oeste,84.9,16.14,80.5,274,0,-27.35,375354,FW-78527,1
EQP-37428,14013.1,Eletrico,Noite,Norte,80.8,7.75,82.3,67,1,-10.08,163601,FW-66CB5,1
EQP-37429,3861.0,Diesel,Tarde,Leste,56.5,6.9,110.2,89,1,-18.59,919871,FW-4FFF0,1
EQP-37430,8751.9,Eletrico,Tarde,Norte,87.5,4.21,104.8,65,0,-0.21,650102,FW-69217,1
EQP-37431,3142.8,Gas_Natural,Noite,Leste,59.8,23.53,85.6,80,2,0.96,855751,FW-2DCC5,1
EQP-37432,213.5,Eletrico,Noite,Oeste,81.7,14.12,102.0,105,2,-67.31,533973,FW-B7B1B,1
EQP-37433,2180.4,Eletrico,Noite,Leste,78.1,0.86,92.8,269,0,-46.76,509785,FW-E5940,0
EQP-37434,6699.0,diesel,Noite,Norte,96.5,1.94,90.0,198,0,-79.47,475265,FW-1A476,1
EQP-37435,7045.8,Diesel,Tarde,Oeste,70.5,9.25,78.6,142,1,7.32,170367,FW-2ECB0,1
EQP-37436,11778.7,Hibrido,Tarde,Leste,100.9,4.15,88.3,176,1,-17.05,689592,FW-2D0CE,1
EQP-37437,1593.8,Eletrico,Tarde,Leste,64.3,7.8,101.5,48,1,-58.57,521320,FW-A1F04,0
EQP-37438,12769.1, DIESEL ,Manha,Sul,70.0,2.63,126.3,183,1,-55.97,759075,FW-F278F,1
EQP-37439,10357.3,Eletrico,Manha,Sul,89.6,2.4,90.5,130,2,-19.49,156226,FW-EB168,1
EQP-37440,7148.7, DIESEL ,Tarde,Norte,49.6,2.57,90.6,80,0,16.17,610009,FW-61C24,0
EQP-37441,8321.4,Eletrico,Noite,Sul,79.0,,89.7,170,2,5.53,266372,FW-DEAAF,1
EQP-37442,1426.3,Eletrico,Tarde,Sul,64.1,6.19,109.1,289,0,-6.8,541014,FW-D2CB3,1
EQP-37443,10634.4,Hibrido,Manha,Norte,91.1,7.83,114.9,192,2,31.91,651427,FW-57236,1
EQP-37444,14590.9,Eletrico,Tarde,Norte,95.2,2.51,118.8,317,1,35.1,775903,FW-26623,1
EQP-37445,4340.9,Diesel,Tarde,Oeste,45.6,0.63,99.4,251,1,23.49,646220,FW-2475C,0
EQP-37446,12350.3,Eletrico,Noite,Norte,95.0,5.53,100.0,244,1,21.77,235699,FW-6C301,1
EQP-37447,5134.6,diesel,Manha,Sul,67.7,3.38,86.4,234,0,37.81,623824,FW-88AEA,1
EQP-37448,, DIESEL ,Noite,Norte,68.9,11.97,115.1,5,0,-68.76,552974,FW-615D3,0
EQP-37449,3319.3,diesel,Noite,Norte,72.3,3.24,106.2,138,2,-27.19,749428,FW-A51A3,1
EQP-37450,939.8,Diesel,Manha,Leste,78.6,2.97,92.5,119,1,-21.76,932854,FW-4D047,0
EQP-37451,,diesel,Manha,Oeste,83.8,5.48,95.0,124,1,28.5,367489,FW-1938E,1
EQP-37452,7586.9,diesel,Tarde,Sul,85.5,1.7,109.7,297,0,8.61,638962,FW-52F5F,1
EQP-37453,14285.8,Diesel,Manha,Sul,70.4,6.75,97.7,44,2,-33.52,950050,FW-1BBA2,1
EQP-37454,9033.3,Diesel,Noite,Sul,59.5,10.89,88.7,360,2,-41.62,663004,FW-70793,1
EQP-37455,7267.0,Hibrido,Manha,Norte,87.5,6.54,93.3,112,0,33.23,949739,FW-9C678,1
EQP-37456,9616.1,Diesel,Manha,Oeste,67.6,5.63,96.1,231,1,38.19,570466,FW-E73D7,1
EQP-37457,8071.0,diesel,Manha,Sul,91.2,10.32,96.5,69,1,-7.0,657724,FW-F19B0,1
EQP-37458,14759.2,Diesel,Noite,Sul,82.8,1.92,92.4,88,0,46.91,794615,FW-1A45A,1
EQP-37459,9489.0,Eletrico,Tarde,Leste,54.1,1.78,106.4,34,3,-2.88,959563,FW-C0817,1
EQP-37460,3279.4,Eletrico,Tarde,Leste,80.3,13.51,82.2,54,1,28.84,885141,FW-B53B8,1
EQP-37461,4145.4,Eletrico,Tarde,Sul,85.3,0.76,55.5,33,0,31.32,162689,FW-7D205,0
EQP-37462,5091.9,Eletrico,Noite,Leste,110.3,1.32,94.4,327,0,5.32,740999,FW-2447F,1
EQP-37463,1689.4,diesel,Tarde,Norte,84.9,0.93,87.1,360,3,-29.34,109708,FW-33FF7,1
EQP-37464,5138.1,Hibrido,Noite,Leste,85.8,2.4,102.2,272,1,12.93,388138,FW-715AB,1
EQP-37465,12235.7,Diesel,Manha,Sul,58.6,0.58,83.8,300,1,60.06,197929,FW-30C5A,1
EQP-37466,6824.8,Diesel,Manha,Norte,59.8,1.44,123.0,133,0,14.65,117749,FW-38B55,1
EQP-37467,4639.0,Gas_Natural,Manha,Leste,64.0,1.18,96.4,344,0,-48.95,982325,FW-EE3FA,1
EQP-37468,7877.7,Diesel,Manha,Leste,95.9,2.17,113.7,205,0,-48.55,428258,FW-87E50,1
EQP-37469,3140.8, DIESEL ,Manha,Sul,72.2,4.11,132.2,250,0,-39.03,304266,FW-3FFCC,0
EQP-37470,14962.7,Eletrico,Noite,Oeste,75.8,3.9,112.3,69,1,24.85,256273,FW-BCCBE,1
EQP-37471,1212.8,Eletrico,Noite,Norte,75.8,4.56,116.5,208,0,-5.91,687728,FW-F1213,0
EQP-37472,10565.4,Eletrico,Noite,Sul,67.7,4.99,101.3,285,3,-43.27,449484,FW-93723,1
EQP-37473,13623.9,Eletrico,Tarde,Norte,95.9,10.11,102.9,57,1,-23.73,882946,FW-7BE92,1
EQP-37474,,Gas_Natural,Noite,Leste,54.6,7.63,96.5,312,0,28.92,746205,FW-359F5,1
EQP-37475,10666.3, DIESEL ,Noite,Sul,75.4,11.23,91.2,59,2,-16.05,540213,FW-DD01F,1
EQP-37476,337.0, DIESEL ,Tarde,Leste,77.0,1.63,131.5,141,1,-2.96,878256,FW-BA6E3,0
EQP-37477,14321.9, DIESEL ,Manha,Sul,95.5,6.95,81.3,145,2,38.63,487479,FW-3C845,1
EQP-37478,128.4,Diesel,Tarde,Norte,94.9,0.99,69.1,110,0,3.67,162128,FW-27C95,1
EQP-37479,2780.7,Diesel,Noite,Oeste,63.8,6.82,82.0,229,0,-17.57,599486,FW-75F7D,1
EQP-37480,,Hibrido,Manha,Sul,88.6,3.67,109.6,206,0,26.39,379017,FW-EA73F,1
EQP-37481,1306.2,Diesel,Tarde,Leste,62.3,4.59,96.4,290,2,29.79,524832,FW-6D7FA,0
EQP-37482,3605.7,Eletrico,Noite,Norte,61.3,6.17,96.9,133,1,-36.58,955852,FW-74C6B,1
EQP-37483,928.1,Eletrico,Manha,Oeste,90.5,4.51,105.4,207,0,-2.34,732106,FW-207D6,1
EQP-37484,13096.8,Hibrido,Manha,Leste,47.5,1.77,80.3,212,1,-23.45,398577,FW-A041E,0
EQP-37485,6444.9, DIESEL ,Noite,Sul,84.9,0.66,108.1,146,3,16.02,737872,FW-AF5B0,1
EQP-37486,12896.2,Diesel,Noite,Leste,76.1,7.99,95.6,34,2,38.41,807237,FW-A93BA,1
EQP-37487,8850.2,Eletrico,Tarde,Sul,83.0,8.58,114.2,88,0,-3.76,818429,FW-A7072,1
EQP-37488,13379.9,Eletrico,Tarde,Leste,84.3,1.63,85.7,236,2,-9.62,537277,FW-C68EF,1
EQP-37489,11548.0,Hibrido,Tarde,Sul,66.2,5.64,102.5,47,0,-8.83,770595,FW-81513,1
EQP-37490,13386.0,Hibrido,Tarde,Sul,93.6,2.68,57.2,3,2,24.84,716559,FW-6F8BB,1
EQP-37491,13505.9,diesel,Manha,Sul,82.0,2.04,108.1,349,1,-1.54,719815,FW-438B4,1
EQP-37492,10120.6,Diesel,Manha,Oeste,62.7,,115.1,238,1,-23.37,113087,FW-B58F4,0
EQP-37493,13705.2, DIESEL ,Tarde,Leste,100.1,6.71,114.6,357,0,-38.33,502575,FW-9E458,1
EQP-37494,14644.6,Eletrico,Tarde,Oeste,65.4,2.98,79.9,329,0,4.85,229122,FW-3D940,1
EQP-37495,13638.5,Gas_Natural,Tarde,Leste,96.7,2.36,93.9,247,0,-54.37,590591,FW-608A8,0
EQP-37496,5703.8,Diesel,Noite,Oeste,63.1,5.47,67.5,351,0,-37.37,959891,FW-A7098,1
EQP-37497,5285.7, DIESEL ,Manha,Norte,71.2,3.88,97.7,279,2,-4.06,625826,FW-98CAC,1
EQP-37498,9627.0,Gas_Natural,Tarde,Norte,65.4,12.17,104.7,334,1,-1.27,267520,FW-5301F,1
EQP-37499,2893.5,Diesel,Noite,Leste,101.9,7.38,122.2,221,0,-38.93,674709,FW-3C8B2,1
EQP-37500,14134.7,diesel,Manha,Norte,63.6,10.19,123.5,72,1,-14.45,947586,FW-696DD,1
EQP-37501,6345.4,Diesel,Tarde,Oeste,74.0,1.66,102.9,176,0,37.45,608596,FW-A60E0,1
EQP-37502,2517.3,Diesel,Noite,Norte,77.9,5.13,114.9,359,1,-62.75,111703,FW-3784E,1
EQP-37503,14587.7,Diesel,Tarde,Oeste,76.6,1.86,86.4,165,0,-12.86,636260,FW-67336,0
EQP-37504,12329.4,diesel,Tarde,Leste,70.1,1.18,108.1,47,0,-22.8,899657,FW-210D7,0
EQP-37505,10090.0,diesel,Noite,Leste,38.8,2.02,97.4,291,1,27.91,730710,FW-E4F44,0
EQP-37506,873.1,diesel,Tarde,Sul,88.8,1.26,108.2,12,0,52.28,753288,FW-66689,1
EQP-37507,8704.5, DIESEL ,Manha,Oeste,94.0,1.71,113.9,316,0,-34.91,934676,FW-9081E,1
EQP-37508,5223.2,Diesel,Noite,Norte,69.5,9.31,101.1,235,1,37.23,360247,FW-45C5A,1
EQP-37509,7286.4,Diesel,Manha,Norte,69.2,3.91,107.1,302,2,29.53,243967,FW-9EAB8,1
EQP-37510,13289.0,Diesel,Noite,Leste,96.6,1.06,91.8,8,1,-6.25,607272,FW-CF485,1
EQP-37511,1027.6, DIESEL ,Tarde,Norte,71.6,0.61,79.7,97,2,49.71,211355,FW-4FBD2,0
EQP-37512,7265.7,diesel,Manha,Oeste,96.3,0.75,84.5,143,2,-20.82,561171,FW-A874A,1
EQP-37513,4518.7,Eletrico,Tarde,Norte,29.6,4.12,106.1,115,1,3.18,983064,FW-B6F7F,0
EQP-37514,4568.8,Eletrico,Manha,Oeste,84.1,4.72,78.5,363,0,-0.07,417612,FW-1E7BB,1
EQP-37515,10283.2,Eletrico,Manha,Leste,77.5,1.78,104.6,20,1,-27.45,129116,FW-D2D20,1
EQP-37516,8860.7,Eletrico,Tarde,Leste,61.4,2.6,91.2,343,0,-52.27,244384,FW-24308,1
EQP-37517,2907.4,Gas_Natural,Tarde,Leste,72.3,5.77,92.1,130,1,9.21,677254,FW-483E8,0
EQP-37518,7361.8,Eletrico,Noite,Leste,101.3,5.95,104.1,51,0,-55.15,928531,FW-217C1,1
EQP-37519,2229.1,Eletrico,Noite,Norte,77.6,5.1,113.9,93,0,-3.2,818217,FW-60D30,1
EQP-37520,5731.5, DIESEL ,Tarde,Norte,52.0,9.62,75.9,136,0,-58.7,539996,FW-A39FD,1
EQP-37521,3457.9,Gas_Natural,Tarde,Norte,71.5,0.75,100.5,64,2,-20.19,791380,FW-BFDDE,1
EQP-37522,4198.6, DIESEL ,Noite,Oeste,72.3,3.45,102.5,358,0,-8.42,642372,FW-2943D,1
EQP-37523,,Diesel,Noite,Leste,83.9,3.77,87.8,307,0,22.73,327284,FW-56E13,1
EQP-37524,1287.4,Eletrico,Manha,Oeste,82.9,2.61,97.7,92,0,42.83,494050,FW-1EB5A,1
EQP-37525,2386.5,Gas_Natural,Manha,Leste,78.8,6.61,108.8,99,0,-42.21,334036,FW-CE871,0
EQP-37526,9898.1,Eletrico,Manha,Sul,73.3,10.38,110.4,242,2,17.97,809931,FW-8C6B9,1
EQP-37527,3308.5,diesel,Manha,Leste,75.5,2.93,93.2,158,1,-3.01,973608,FW-BA70D,1
EQP-37528,2655.7,Eletrico,Manha,Sul,87.0,0.57,91.5,104,0,-24.19,606650,FW-A7FE6,1
EQP-37529,5514.6, DIESEL ,Tarde,Norte,68.1,,91.8,40,1,-21.34,269722,FW-39F3B,0
EQP-37530,457.4,Eletrico,Tarde,Norte,61.8,11.24,100.9,257,0,36.31,333562,FW-C3CD6,1
EQP-37531,8139.8,Diesel,Manha,Norte,92.3,4.21,108.2,119,0,-18.08,963483,FW-DDD90,0
EQP-37532,,diesel,Noite,Sul,91.8,6.83,122.8,194,1,-94.7,799908,FW-395A2,1
EQP-37533,8462.3,Diesel,Manha,Norte,88.2,17.83,115.7,269,1,26.11,429463,FW-8512A,1
EQP-37534,,Diesel,Noite,Sul,94.6,0.6,87.0,241,0,-0.36,737162,FW-B29C6,0
EQP-37535,1622.9,Diesel,Noite,Leste,33.7,4.16,90.1,354,2,35.46,545005,FW-D9310,1
EQP-37536,4379.7,Diesel,Tarde,Norte,125.5,,109.0,360,1,-68.75,659151,FW-28826,1
EQP-37537,2632.9,Hibrido,Noite,Leste,83.0,2.82,81.6,346,0,42.74,777185,FW-464BB,1
EQP-37538,567.0,Eletrico,Tarde,Leste,78.8,7.95,129.2,345,0,-4.43,643095,FW-6F238,1
EQP-37539,11918.7,Diesel,Tarde,Leste,50.8,6.33,100.2,112,0,-24.96,274758,FW-CA8AF,1
EQP-37540,13231.0,Eletrico,Tarde,Norte,58.6,1.7,112.2,223,0,-55.65,175791,FW-530D7,1
EQP-37541,6179.4,Gas_Natural,Manha,Leste,84.3,10.39,111.1,342,1,7.11,508098,FW-68C7C,1
EQP-37542,4123.1,Gas_Natural,Manha,Sul,48.0,3.68,82.9,114,1,-17.03,480111,FW-E123B,0
EQP-37543,4348.0, DIESEL ,Manha,Sul,67.8,0.54,102.3,88,2,-51.89,735248,FW-32123,1
EQP-37544,7301.7,Eletrico,Tarde,Leste,82.8,,97.7,209,4,4.86,825359,FW-6E982,1
EQP-37545,263.1,Diesel,Noite,Sul,59.1,0.63,104.6,130,2,13.94,462084,FW-A3F7F,0
EQP-37546,7079.9,Hibrido,Noite,Leste,85.2,7.19,101.1,17,0,-13.93,339733,FW-B47C8,0
EQP-37547,1392.9, DIESEL ,Tarde,Norte,56.1,5.44,87.0,154,0,28.78,743464,FW-3448D,0
EQP-37548,,Eletrico,Tarde,Oeste,95.6,5.77,116.7,206,1,-23.24,380921,FW-D443D,1
EQP-37549,779.7,Diesel,Tarde,Sul,76.9,3.96,66.0,332,2,-12.33,596885,FW-64008,1
EQP-37550,14187.5,Hibrido,Tarde,Norte,61.1,5.43,91.1,157,1,-3.48,137126,FW-392BC,1
EQP-37551,5267.1,Eletrico,Tarde,Norte,86.2,9.81,90.9,98,0,-73.44,388839,FW-5B242,1
EQP-37552,13786.7,Diesel,Manha,Norte,69.4,1.14,91.1,250,1,28.91,204474,FW-1B1A9,1
EQP-37553,2883.1, DIESEL ,Manha,Oeste,58.7,3.59,114.0,129,0,11.32,832947,FW-7A68D,0
EQP-37554,6522.9, DIESEL ,Manha,Oeste,100.8,8.3,74.8,249,1,19.72,324845,FW-6FA5C,1
EQP-37555,5846.8,Diesel,Manha,Norte,46.0,0.68,111.3,162,1,-49.85,474138,FW-CAC3D,0
EQP-37556,7831.6,Eletrico,Manha,Leste,90.0,1.06,94.7,217,1,-15.85,958651,FW-675F8,1
EQP-37557,8711.2,Diesel,Manha,Oeste,71.8,1.88,123.2,241,2,-24.39,967333,FW-AB393,1
EQP-37558,6144.4,Hibrido,Manha,Norte,54.9,5.44,99.6,40,2,-26.48,531919,FW-A2099,1
EQP-37559,14975.0,Diesel,Manha,Oeste,50.4,18.92,117.6,351,0,-26.49,611889,FW-ABA31,1
EQP-37560,2153.4,Eletrico,Noite,Leste,57.5,1.66,93.4,260,0,-2.9,573427,FW-E686E,0
EQP-37561,1932.1, DIESEL ,Tarde,Leste,85.6,1.9,117.4,298,2,-6.53,422046,FW-E939B,1
EQP-37562,12838.1,Hibrido,Tarde,Oeste,83.5,9.63,132.2,284,1,26.18,639311,FW-6F329,1
EQP-37563,11621.1,Eletrico,Tarde,Norte,88.5,2.94,113.0,89,0,24.03,765912,FW-C8E55,1
EQP-37564,11089.9,Hibrido,Noite,Leste,76.0,12.82,105.9,114,1,-11.92,640538,FW-C2273,1
EQP-37565,11288.6,Diesel,Tarde,Leste,40.4,0.94,95.1,166,0,-49.71,423426,FW-4DA32,1
EQP-37566,5441.9,Eletrico,Tarde,Sul,92.4,2.58,70.2,78,1,18.63,760615,FW-49C65,0
EQP-37567,4749.1,Hibrido,Manha,Norte,43.6,7.71,100.8,42,1,-5.92,430586,FW-C5D7C,1
EQP-37568,3626.7,Eletrico,Manha,Norte,92.3,1.01,109.2,20,0,23.64,606427,FW-5EA48,1
EQP-37569,13732.3,Diesel,Noite,Leste,65.9,4.88,108.8,310,2,-36.68,781513,FW-AAC5C,1
EQP-37570,10065.0,Eletrico,Manha,Leste,46.3,1.91,110.5,49,0,-8.19,707227,FW-901ED,0
EQP-37571,9376.6, DIESEL ,Noite,Norte,42.3,5.67,98.1,90,0,62.95,420644,FW-E15E6,0
EQP-37572,3314.0,Diesel,Noite,Sul,91.5,1.94,122.0,313,1,30.12,736387,FW-CACC9,1
EQP-37573,, DIESEL ,Tarde,Norte,70.9,5.6,88.6,100,2,-6.52,695109,FW-75352,1
EQP-37574,9372.2,diesel,Noite,Norte,74.2,2.8,111.1,250,1,44.53,891946,FW-6CA88,0
EQP-37575,,Diesel,Tarde,Sul,84.2,1.2,108.9,336,0,-91.32,684538,FW-739FB,1
EQP-37576,6107.4,Eletrico,Noite,Leste,86.5,9.3,97.6,200,1,0.1,201766,FW-F2F75,1
EQP-37577,4430.2,Eletrico,Manha,Norte,54.0,0.99,85.7,16,0,61.48,590518,FW-A4E5A,0
EQP-37578,11577.9,Eletrico,Tarde,Leste,75.5,1.01,118.2,332,1,-20.08,821123,FW-74AE4,1
EQP-37579,12504.1,Diesel,Manha,Leste,65.6,5.46,69.8,342,0,-55.08,854975,FW-787AC,1
EQP-37580,1163.2,Eletrico,Manha,Norte,51.9,2.4,108.8,296,0,71.73,275245,FW-E0ACE,0
EQP-37581,7376.0,Hibrido,Tarde,Oeste,75.2,4.5,109.4,213,1,6.39,539761,FW-DA199,1
EQP-37582,2202.3,Diesel,Noite,Leste,101.1,6.65,85.8,355,1,23.65,171453,FW-904F8,1
EQP-37583,7467.0,Diesel,Manha,Norte,110.9,1.84,77.0,248,2,55.2,703950,FW-A5A7A,1
EQP-37584,3715.6,diesel,Manha,Norte,84.3,3.9,140.9,291,0,-24.27,248025,FW-75363,0
EQP-37585,11202.8,Hibrido,Noite,Norte,117.2,8.65,103.6,56,0,-74.41,422409,FW-5E5B6,1
EQP-37586,1160.5,Hibrido,Manha,Oeste,78.0,0.65,84.7,109,0,28.13,722439,FW-2FADD,0
EQP-37587,11109.7,Gas_Natural,Tarde,Leste,62.0,4.59,97.3,78,0,-20.4,732032,FW-98F06,1
EQP-37588,6439.4,Eletrico,Tarde,Leste,67.5,1.76,119.4,94,0,23.09,568678,FW-D606B,0
EQP-37589,2925.2,Gas_Natural,Manha,Norte,77.5,3.85,100.1,131,0,2.32,629701,FW-F3FD1,1
EQP-37590,1979.0,Eletrico,Manha,Norte,94.3,3.61,98.2,212,0,-11.32,330710,FW-CB593,1
EQP-37591,6854.0,Eletrico,Noite,Leste,76.0,4.97,125.7,61,0,-12.43,899143,FW-7D1B9,1
EQP-37592,6586.0, DIESEL ,Manha,Leste,22.7,2.34,100.8,329,0,-29.06,954198,FW-A1D5E,1
EQP-37593,12863.8, DIESEL ,Tarde,Leste,91.3,0.77,114.7,46,0,6.62,199155,FW-1A783,1
EQP-37594,8616.5,Gas_Natural,Noite,Leste,71.2,9.99,121.5,227,1,-5.56,508087,FW-670D8,1
EQP-37595,9566.9,Hibrido,Tarde,Norte,80.6,4.96,114.6,224,1,21.41,586402,FW-39769,1
EQP-37596,12267.3,Eletrico,Tarde,Oeste,56.5,3.57,104.8,356,0,64.06,420513,FW-D645D,1
EQP-37597,14887.7,diesel,Noite,Oeste,86.8,1.13,75.1,108,0,-1.52,703396,FW-19AFE,0
EQP-37598,2450.4,diesel,Noite,Norte,80.8,2.99,93.7,355,1,-11.34,982105,FW-4B920,1
EQP-37599,,Diesel,Noite,Oeste,78.7,4.07,108.5,266,0,42.15,148741,FW-E8F06,1
EQP-37600,4075.7,Eletrico,Noite,Sul,88.2,0.63,110.5,253,0,4.63,386606,FW-408E8,1
EQP-37601,3814.4,Hibrido,Tarde,Norte,47.8,4.87,80.3,59,1,3.69,348059,FW-74EFF,0
EQP-37602,1159.7,Diesel,Manha,Oeste,76.6,1.56,112.4,49,0,-38.98,985749,FW-4B7F5,0
EQP-37603,3168.9,Eletrico,Noite,Norte,79.2,16.28,100.3,251,1,7.41,891202,FW-37EB5,1
EQP-37604,11116.2,Diesel,Tarde,Norte,103.9,4.04,99.3,277,0,-16.96,286986,FW-D1843,1
EQP-37605,1920.6,Eletrico,Tarde,Norte,75.1,14.67,86.1,356,1,-11.27,476912,FW-4F688,1
EQP-37606,1066.7, DIESEL ,Manha,Oeste,36.0,7.76,96.0,8,1,-25.15,993935,FW-E2A57,0
EQP-37607,12915.9,Hibrido,Tarde,Norte,73.3,6.56,108.6,114,1,22.6,495590,FW-B9D17,1
EQP-37608,8860.6,Diesel,Manha,Oeste,74.1,4.32,69.5,101,0,-47.05,334419,FW-9C66C,1
EQP-37609,14577.4,Diesel,Manha,Leste,91.6,9.69,120.5,251,0,24.14,981040,FW-982AA,1
EQP-37610,3807.4,Eletrico,Manha,Oeste,102.9,,106.2,224,0,2.86,727976,FW-731DB,1
EQP-37611,6444.5,Diesel,Manha,Oeste,119.7,2.85,96.7,238,1,26.82,569279,FW-ECE90,1
EQP-37612,1757.8,Eletrico,Tarde,Sul,79.3,7.97,99.4,325,1,-18.14,453071,FW-69276,1
EQP-37613,13845.2, DIESEL ,Noite,Sul,48.7,,107.5,337,1,21.68,551373,FW-D0D98,1
EQP-37614,13241.0, DIESEL ,Manha,Norte,90.0,5.39,100.9,106,2,-19.57,679762,FW-6715D,1
EQP-37615,,Eletrico,Tarde,Oeste,74.1,6.78,100.1,49,1,-6.68,663712,FW-EBB48,1
EQP-37616,13836.0,Eletrico,Manha,Sul,74.8,4.46,107.7,158,0,-39.67,966776,FW-7D7F6,1
EQP-37617,8016.7, DIESEL ,Noite,Oeste,100.1,1.2,116.2,169,0,-26.38,106177,FW-EEA18,1
EQP-37618,5410.0,Eletrico,Manha,Norte,48.0,5.37,77.5,33,2,2.22,112992,FW-65448,1
EQP-37619,5787.1,Diesel,Tarde,Sul,77.6,9.86,110.8,162,0,-30.4,235568,FW-F1EC1,1
EQP-37620,5714.7,Eletrico,Manha,Norte,79.1,2.03,86.8,198,2,18.9,553965,FW-C7FD4,1
EQP-37621,,Diesel,Noite,Sul,75.8,1.0,102.4,363,0,-4.76,487924,FW-20640,0
EQP-37622,8623.0,Eletrico,Tarde,Norte,101.9,2.12,113.8,221,0,-47.14,824461,FW-668EB,0
EQP-37623,11694.8,Hibrido,Manha,Oeste,79.1,4.85,94.8,23,0,49.81,867773,FW-7894B,0
EQP-37624,7906.7, DIESEL ,Noite,Sul,85.4,7.85,122.4,8,2,44.79,969667,FW-8AE0C,1
EQP-37625,5142.1,Eletrico,Tarde,Oeste,62.7,5.68,120.1,111,0,-67.0,715397,FW-9B676,0
EQP-37626,11058.5,Diesel,Tarde,Norte,93.1,6.18,95.2,48,3,-21.43,854061,FW-379CC,1
EQP-37627,2141.0,diesel,Manha,Sul,69.1,6.37,79.0,111,1,19.96,653290,FW-38991,1
EQP-37628,2719.4,Diesel,Manha,Sul,44.0,,122.5,169,0,26.91,499669,FW-27874,0
EQP-37629,1390.9,Diesel,Manha,Oeste,52.9,1.81,83.5,107,1,-5.11,417472,FW-2E9F9,1
EQP-37630,999999.0,diesel,Noite,Leste,65.8,2.13,94.0,22,0,1.73,809934,FW-2B21B,0
EQP-37631,11007.5,Diesel,Tarde,Oeste,40.0,0.96,75.8,33,1,-30.47,611750,FW-59531,0
EQP-37632,12456.2,Hibrido,Manha,Sul,85.8,5.5,97.4,141,0,23.67,244970,FW-EBCE0,1
EQP-37633,7977.7,Diesel,Manha,Oeste,73.3,1.26,81.1,95,2,-20.73,803162,FW-5D29B,1
EQP-37634,11964.5,Diesel,Tarde,Sul,108.9,2.27,79.7,266,1,3.11,646099,FW-1CF84,1
EQP-37635,10818.4,Gas_Natural,Manha,Sul,84.7,1.29,106.2,41,0,7.08,791817,FW-9EDF9,1
EQP-37636,1781.7, DIESEL ,Manha,Norte,23.9,16.18,93.5,140,0,18.88,931391,FW-8B0BF,1
EQP-37637,13397.4,Gas_Natural,Manha,Norte,128.4,5.9,116.7,261,1,7.47,564969,FW-70680,1
EQP-37638,8649.8,Diesel,Tarde,Sul,64.4,,97.7,346,0,-39.65,621165,FW-C5D24,1
EQP-37639,7983.0,Eletrico,Noite,Sul,90.9,0.81,83.4,110,1,3.68,568665,FW-DE7F0,1
EQP-37640,379.6,Gas_Natural,Manha,Leste,55.5,0.96,70.7,159,0,-25.2,654737,FW-2544A,0
EQP-37641,11273.0,Eletrico,Tarde,Leste,95.9,7.98,101.2,156,0,20.96,534499,FW-8F6E9,1
EQP-37642,7004.6,Gas_Natural,Manha,Sul,80.8,1.24,101.7,316,1,36.2,689256,FW-9B404,1
EQP-37643,1268.1,Diesel,Manha,Leste,76.1,5.9,115.7,254,1,-6.38,344262,FW-41464,1
EQP-37644,,Eletrico,Manha,Norte,88.4,15.16,100.4,140,2,-25.5,948659,FW-D0C98,1
EQP-37645,6346.2,Eletrico,Noite,Norte,73.4,1.04,96.7,281,1,26.08,973735,FW-21EB1,0
EQP-37646,13160.4,Eletrico,Tarde,Norte,68.7,0.79,126.4,207,3,-39.67,760000,FW-B95BD,1
EQP-37647,6560.1,Eletrico,Noite,Leste,67.0,3.02,87.3,38,1,36.53,634525,FW-3403C,0
EQP-37648,,diesel,Manha,Oeste,113.0,9.71,97.3,65,1,-63.78,204755,FW-40767,1
EQP-37649,14112.7,Diesel,Manha,Norte,91.9,10.11,86.2,212,0,-11.43,597270,FW-73F1D,1
EQP-37650,3225.9,Hibrido,Noite,Oeste,107.8,1.81,76.9,86,0,-37.63,118434,FW-467B1,1
EQP-37651,10968.5,Hibrido,Manha,Sul,77.8,1.53,90.2,23,0,17.66,804501,FW-7980C,1
EQP-37652,3018.1,Diesel,Manha,Leste,71.7,1.9,102.8,279,0,14.18,382656,FW-8523B,1
EQP-37653,12311.1,Diesel,Noite,Sul,91.3,0.9,93.0,203,0,27.91,154040,FW-288F9,1
EQP-37654,7310.7,Eletrico,Tarde,Leste,85.6,29.84,121.0,336,1,-0.75,281482,FW-789BE,1
EQP-37655,911.5,Eletrico,Tarde,Sul,70.1,1.91,70.1,151,0,-38.3,221748,FW-DFB86,0
EQP-37656,14721.2,Eletrico,Tarde,Sul,61.9,9.3,124.2,128,0,16.01,524994,FW-9F2ED,1
EQP-37657,12981.0, DIESEL ,Tarde,Norte,107.8,0.68,101.5,52,0,-46.19,422384,FW-85A43,1
EQP-37658,6342.7,Eletrico,Tarde,Norte,88.5,2.72,91.4,103,0,6.08,795151,FW-63DE4,1
EQP-37659,11420.4,Gas_Natural,Manha,Sul,61.7,7.1,90.2,112,1,-15.46,812278,FW-33DE6,1
EQP-37660,13030.7,Diesel,Noite,Norte,68.3,8.6,124.1,22,2,-44.0,870822,FW-E47E0,1
EQP-37661,,Hibrido,Manha,Oeste,74.5,3.62,107.1,97,0,-15.7,785789,FW-35217,1
EQP-37662,14082.1, DIESEL ,Manha,Sul,94.7,6.19,102.2,52,0,15.89,757995,FW-1C5FE,1
EQP-37663,10534.2,Diesel,Manha,Leste,96.1,1.82,98.9,243,0,27.72,424908,FW-25AE9,1
EQP-37664,2054.1,Gas_Natural,Manha,Norte,99.7,3.12,83.8,216,0,-32.39,101496,FW-31642,1
EQP-37665,602.6, DIESEL ,Tarde,Leste,59.7,6.88,143.8,331,1,21.35,703663,FW-9A17E,1
EQP-37666,11350.2,Gas_Natural,Manha,Sul,54.8,4.29,117.7,357,1,5.03,208933,FW-87AC3,1
EQP-37667,5529.3,Gas_Natural,Tarde,Norte,72.3,0.7,91.0,303,2,-10.86,873737,FW-F2A16,1
EQP-37668,5326.8,Hibrido,Manha,Norte,87.7,3.12,90.7,196,0,50.18,834433,FW-D3BEB,1
EQP-37669,10647.7,Diesel,Noite,Leste,80.0,1.69,94.9,256,0,-19.23,403047,FW-80926,1
EQP-37670,224.5,Diesel,Manha,Sul,91.8,4.77,97.3,213,2,-68.61,681724,FW-5D842,1
EQP-37671,3890.5,Diesel,Tarde,Oeste,54.1,8.47,93.4,314,0,5.13,718903,FW-6F7CB,1
EQP-37672,,Eletrico,Tarde,Leste,77.5,3.3,102.5,293,0,8.93,612421,FW-C041C,1
EQP-37673,10135.8,Diesel,Manha,Norte,94.6,5.77,110.2,50,2,6.01,199909,FW-8BCB8,1
EQP-37674,4796.9,Hibrido,Noite,Sul,82.0,1.69,96.6,352,0,-5.97,572594,FW-A3D3C,1
EQP-37675,2560.4,Eletrico,Manha,Norte,88.8,4.87,95.8,19,0,-25.66,906267,FW-3391B,0
EQP-37676,13551.2,Diesel,Tarde,Norte,59.1,2.88,122.1,256,0,39.58,989932,FW-271FB,1
EQP-37677,8857.4,Gas_Natural,Manha,Leste,78.2,2.55,130.7,145,1,14.3,212048,FW-2FFF5,1
EQP-37678,14603.6,Hibrido,Tarde,Sul,70.0,3.29,109.1,230,2,12.85,158696,FW-220C1,1
EQP-37679,7663.2, DIESEL ,Noite,Leste,82.7,5.57,111.7,144,1,-11.65,582503,FW-CAFE8,1
EQP-37680,14480.4,Hibrido,Tarde,Norte,62.8,2.53,117.4,354,1,-7.79,169166,FW-E4C6B,1
EQP-37681,12469.5,Diesel,Manha,Oeste,50.5,1.32,94.4,94,0,-12.52,915326,FW-74B60,1
EQP-37682,,Eletrico,Noite,Norte,74.4,11.98,73.0,187,0,9.91,614222,FW-840DD,1
EQP-37683,10902.0,diesel,Tarde,Norte,78.1,0.57,82.9,328,0,11.58,295379,FW-C1343,1
EQP-37684,3856.9,Diesel,Tarde,Leste,77.5,6.91,122.7,299,1,52.65,521967,FW-27098,1
EQP-37685,9820.5,Diesel,Manha,Leste,78.6,6.0,88.9,145,0,-12.74,488887,FW-900B0,1
EQP-37686,10307.0, DIESEL ,Tarde,Sul,99.6,6.97,83.9,288,0,11.79,599004,FW-1C08F,1
EQP-37687,,Eletrico,Manha,Sul,83.3,23.51,92.3,351,1,27.1,895552,FW-DC2AB,1
EQP-37688,1155.1, DIESEL ,Manha,Norte,71.4,2.81,121.7,273,1,40.5,630641,FW-4DE57,0
EQP-37689,2567.0, DIESEL ,Manha,Norte,86.0,5.59,101.6,255,0,-13.65,354784,FW-EB39F,1
EQP-37690,7844.8,diesel,Tarde,Norte,87.6,5.49,114.6,280,0,33.29,251309,FW-676A5,1
EQP-37691,3133.3,diesel,Manha,Oeste,86.0,4.85,87.4,182,2,39.34,819321,FW-CFA79,1
EQP-37692,, DIESEL ,Manha,Norte,67.9,1.76,108.6,360,0,-6.94,716791,FW-BB581,1
EQP-37693,11157.5,Eletrico,Tarde,Leste,83.0,0.52,87.3,115,0,3.09,379536,FW-4F076,1
EQP-37694,2709.3,Gas_Natural,Tarde,Norte,62.2,6.72,120.1,316,2,-18.7,736726,FW-6CE87,1
EQP-37695,6823.5,Gas_Natural,Tarde,Sul,72.1,6.11,111.6,105,0,7.03,785979,FW-482EE,1
EQP-37696,6170.8,diesel,Tarde,Norte,88.4,3.88,82.4,261,0,-53.3,910599,FW-44E80,1
EQP-37697,2518.8,Diesel,Tarde,Sul,98.7,4.27,115.9,285,0,43.42,223513,FW-69DBF,1
EQP-37698,3818.4,Diesel,Manha,Norte,52.1,8.79,88.1,181,1,19.37,916103,FW-5C0D8,0
EQP-37699,7468.3,Gas_Natural,Tarde,Sul,76.9,15.87,96.7,213,2,-21.26,237118,FW-CD624,1
EQP-37700,11942.3,Diesel,Noite,Leste,72.1,3.82,128.3,173,1,19.47,656506,FW-B856A,0
EQP-37701,11923.9,Eletrico,Tarde,Norte,67.9,0.73,90.7,80,1,-49.23,846353,FW-798B5,1
EQP-37702,7649.7, DIESEL ,Noite,Sul,106.0,5.47,105.2,116,0,39.1,442841,FW-258E1,1
EQP-37703,8750.3,Hibrido,Tarde,Oeste,68.1,2.89,95.8,249,1,-33.1,869236,FW-8419C,1
EQP-37704,7926.2,Gas_Natural,Noite,Oeste,92.0,9.5,98.1,276,0,37.3,551899,FW-C0D8A,1
EQP-37705,11890.3,Diesel,Manha,Norte,89.9,1.62,86.7,76,1,41.96,909526,FW-9A6D4,1
EQP-37706,10865.6, DIESEL ,Manha,Leste,59.1,3.42,59.2,59,1,14.11,335771,FW-7C6A5,1
EQP-37707,11306.7,Gas_Natural,Manha,Leste,105.1,12.13,91.5,260,1,-5.02,971019,FW-EAB06,1
EQP-37708,11894.4, DIESEL ,Manha,Norte,61.9,9.34,109.6,283,2,39.28,773055,FW-94DEF,1
EQP-37709,12126.2,Diesel,Tarde,Sul,94.8,4.8,116.9,11,1,88.46,525052,FW-EB0DD,1
EQP-37710,8951.7, DIESEL ,Manha,Norte,74.3,2.79,107.5,307,0,34.93,937048,FW-ECC14,1
EQP-37711,4212.7,Gas_Natural,Noite,Norte,84.9,3.35,98.4,263,2,0.94,896653,FW-9B4D2,1
EQP-37712,5726.2,Diesel,Noite,Sul,63.3,14.65,120.5,331,1,56.69,762929,FW-1E540,1
EQP-37713,11141.5,Diesel,Manha,Sul,70.3,7.81,86.7,297,0,23.77,729988,FW-7F36B,1
EQP-37714,7601.0,Eletrico,Tarde,Leste,57.9,8.63,85.7,315,1,20.78,635906,FW-3914C,1
EQP-37715,4223.9,Diesel,Noite,Leste,83.8,3.43,124.8,193,0,-3.92,353635,FW-3DFCF,1
EQP-37716,14614.7,Eletrico,Noite,Leste,70.3,1.52,97.2,100,1,-31.5,229440,FW-6BA97,1
EQP-37717,8234.3,Diesel,Manha,Leste,70.7,13.62,77.1,205,2,10.9,229969,FW-9EF9F,1
EQP-37718,7079.7,Diesel,Tarde,Leste,68.6,1.05,104.1,144,2,-92.07,752651,FW-670F0,0
EQP-37719,975.9,Diesel,Tarde,Norte,103.8,2.52,85.9,175,0,14.13,871326,FW-999CF,1
EQP-37720,14397.6,Diesel,Tarde,Norte,47.5,1.08,105.3,300,1,54.74,205121,FW-30F4A,1
EQP-37721,477.6,Eletrico,Tarde,Leste,46.4,4.09,91.5,223,0,-25.53,298523,FW-1D807,0
EQP-37722,13186.4,diesel,Tarde,Norte,85.2,2.71,90.5,322,0,2.05,438940,FW-D50EF,1
EQP-37723,2002.2,Gas_Natural,Tarde,Leste,89.1,4.72,101.0,215,1,-6.07,563639,FW-7C101,1
EQP-37724,11712.3,Diesel,Noite,Oeste,70.6,0.57,97.2,24,0,-4.68,676144,FW-6EF32,0
EQP-37725,11996.8,Diesel,Noite,Norte,77.8,7.67,119.6,53,1,36.44,826489,FW-DA979,1
EQP-37726,5521.2,diesel,Manha,Oeste,82.7,0.52,123.6,70,0,34.68,744528,FW-CBD27,0
EQP-37727,9461.0,Diesel,Tarde,Leste,58.7,7.96,74.0,16,1,19.24,677027,FW-47A03,1
EQP-37728,11311.8,Diesel,Tarde,Oeste,91.6,5.4,75.2,173,2,21.48,555822,FW-A386C,1
EQP-37729,,diesel,Manha,Norte,57.0,1.67,118.3,208,1,-58.6,648576,FW-CAD64,0
EQP-37730,3646.6,diesel,Manha,Norte,103.0,4.65,61.7,125,4,13.76,526034,FW-658AE,1
EQP-37731,11979.1,Diesel,Tarde,Oeste,96.3,2.05,113.0,34,2,23.68,818602,FW-5C760,1
EQP-37732,733.4,Diesel,Noite,Norte,71.9,4.03,96.4,316,2,-25.9,456021,FW-ECED8,1
EQP-37733,8454.3,Eletrico,Tarde,Oeste,68.5,9.97,95.6,242,0,1.65,391485,FW-CC0CD,1
EQP-37734,,Diesel,Manha,Leste,55.6,4.24,106.1,360,2,-10.25,229451,FW-5319B,1
EQP-37735,5407.9,diesel,Tarde,Oeste,107.6,5.8,134.9,213,1,-40.34,768915,FW-C8FF9,1
EQP-37736,7412.5,Gas_Natural,Noite,Oeste,64.5,5.67,107.8,16,1,27.17,778028,FW-6CAC5,0
EQP-37737,5128.4,Eletrico,Manha,Sul,60.1,1.62,108.6,289,1,35.51,854385,FW-86B32,1
EQP-37738,11400.7,diesel,Noite,Norte,88.0,1.78,82.2,3,1,96.89,579626,FW-7EB29,0
EQP-37739,,Diesel,Tarde,Oeste,73.0,2.69,117.4,360,1,-3.72,427007,FW-73A74,1
EQP-37740,283.6,Gas_Natural,Noite,Leste,86.0,3.2,105.8,119,1,-3.83,609282,FW-4FF6E,1
EQP-37741,1321.7,Gas_Natural,Manha,Sul,76.8,8.87,108.9,235,1,-56.44,799775,FW-341FE,1
EQP-37742,5547.9,Eletrico,Tarde,Oeste,73.1,8.41,111.7,361,2,-19.91,709126,FW-ABE96,1
EQP-37743,5836.2,Diesel,Noite,Norte,92.1,0.91,92.2,280,0,-32.4,409588,FW-A372A,0
EQP-37744,12431.6,Eletrico,Tarde,Sul,81.1,6.21,71.4,247,3,-53.02,450193,FW-41485,1
EQP-37745,2132.2, DIESEL ,Noite,Leste,69.8,8.3,110.6,165,0,11.72,299331,FW-9BEB7,1
EQP-37746,3311.7,Gas_Natural,Tarde,Oeste,122.9,,118.1,63,0,26.14,817401,FW-2A51D,1
EQP-37747,11886.1,Hibrido,Manha,Oeste,47.4,5.57,100.3,318,0,-22.39,898801,FW-4A034,1
EQP-37748,10964.4,Eletrico,Noite,Sul,63.3,1.97,134.1,178,0,46.88,501957,FW-A810A,1
EQP-37749,13350.2,Eletrico,Tarde,Norte,86.8,2.68,115.8,269,0,6.87,156746,FW-1B3B4,1
EQP-37750,,Hibrido,Noite,Sul,84.9,0.82,86.9,221,0,41.55,114201,FW-66782,1
EQP-37751,6253.8,Diesel,Manha,Sul,69.6,0.96,74.4,266,1,-76.6,423453,FW-7FEAF,1
EQP-37752,8002.5,Gas_Natural,Tarde,Leste,92.0,16.06,96.1,78,2,55.79,376779,FW-C71D7,1
EQP-37753,12429.1,Eletrico,Manha,Norte,46.9,2.25,102.3,233,0,-10.88,477339,FW-B4C91,0
EQP-37754,3608.6,Gas_Natural,Manha,Oeste,70.7,1.45,80.4,282,0,0.15,845886,FW-B3B6A,0
EQP-37755,2529.7, DIESEL ,Noite,Norte,89.5,1.69,83.3,151,0,-10.63,406375,FW-7B5DD,1
EQP-37756,12638.3, DIESEL ,Manha,Norte,114.8,5.43,92.2,187,0,6.57,905230,FW-9C0FB,1
EQP-37757,3317.1,Eletrico,Noite,Sul,48.1,2.5,101.1,128,0,52.38,732227,FW-7C591,0
EQP-37758,2730.4,diesel,Tarde,Oeste,99.6,,111.3,164,2,16.78,252996,FW-D6452,1
EQP-37759,13559.3,Diesel,Noite,Leste,105.3,0.97,97.2,136,2,37.07,692641,FW-BA8E8,1
EQP-37760,9825.5,Diesel,Manha,Norte,87.6,14.31,113.9,37,2,5.14,301044,FW-9BBEF,1
EQP-37761,8697.8, DIESEL ,Manha,Oeste,74.3,4.37,119.3,319,1,-40.65,268360,FW-9CCA0,1
EQP-37762,5577.1,Diesel,Manha,Leste,64.6,6.85,88.8,311,1,-17.76,578882,FW-7684C,1
EQP-37763,4369.1,Hibrido,Manha,Norte,73.4,3.8,94.1,93,0,18.35,538812,FW-69E1A,0
EQP-37764,1857.7, DIESEL ,Tarde,Sul,51.5,,110.1,151,0,-40.81,122255,FW-994E7,0
EQP-37765,10217.0,diesel,Noite,Norte,75.2,2.37,105.6,230,0,16.76,275941,FW-D939B,1
EQP-37766,7929.7,Hibrido,Tarde,Norte,55.2,1.46,121.8,81,1,-29.2,747053,FW-75BB0,1
EQP-37767,9655.0,Eletrico,Noite,Norte,42.2,1.66,130.3,27,0,11.51,122350,FW-DFF3F,1
EQP-37768,12198.9,Eletrico,Manha,Sul,78.5,0.8,109.2,19,1,-20.4,523274,FW-28429,1
EQP-37769,11986.8,Gas_Natural,Noite,Leste,55.0,6.51,97.9,103,0,-36.25,647088,FW-99E17,1
EQP-37770,11412.8,Gas_Natural,Tarde,Oeste,70.7,3.34,100.1,323,0,39.35,784149,FW-523A1,0
EQP-37771,12334.4,Diesel,Noite,Leste,55.5,0.96,124.0,356,0,-15.95,650451,FW-1CCD2,1
EQP-37772,14867.9,Diesel,Noite,Norte,97.9,1.28,109.4,351,1,-10.11,876517,FW-8F733,1
EQP-37773,7202.6,Hibrido,Manha,Sul,68.0,2.79,90.9,32,1,-31.23,487773,FW-C957A,0
EQP-37774,6200.9,Eletrico,Tarde,Leste,70.1,1.01,110.8,177,1,-2.89,758724,FW-A5418,1
EQP-37775,13128.7,Diesel,Noite,Oeste,93.2,0.98,79.8,133,1,-26.43,962078,FW-B8074,1
EQP-37776,6949.0, DIESEL ,Manha,Sul,62.9,1.11,92.9,79,0,33.51,289441,FW-4D1FA,0
EQP-37777,6331.4,Eletrico,Tarde,Norte,82.0,6.17,119.1,44,2,15.0,315954,FW-D977D,1
EQP-37778,2884.4,Diesel,Noite,Oeste,69.9,3.88,108.8,162,0,22.62,905202,FW-766D7,1
EQP-37779,3790.0,Eletrico,Manha,Sul,72.0,4.18,94.5,326,1,-30.51,724802,FW-7822A,1
EQP-37780,5803.1,Gas_Natural,Tarde,Norte,77.1,1.84,74.5,163,1,-3.62,161639,FW-6DE4E,1
EQP-37781,4734.1,Eletrico,Manha,Leste,72.0,1.58,66.5,18,2,34.34,636801,FW-B77BC,0
EQP-37782,3000.8,Gas_Natural,Manha,Leste,59.2,2.76,121.5,157,2,-22.07,903074,FW-EBBCF,1
EQP-37783,14826.5,Diesel,Tarde,Sul,73.2,1.89,95.7,278,0,-31.33,931835,FW-BD7F7,1
EQP-37784,5366.3,Hibrido,Tarde,Sul,73.6,3.55,107.2,222,0,-7.45,834225,FW-B3D74,0
EQP-37785,6358.5,diesel,Manha,Sul,86.5,6.75,108.8,250,0,-16.71,887412,FW-19C24,1
EQP-37786,1282.5, DIESEL ,Manha,Oeste,59.0,3.46,126.1,244,0,14.56,213900,FW-9211E,1
EQP-37787,10890.2,Hibrido,Manha,Norte,76.4,2.67,115.7,179,1,-25.07,244206,FW-D2E6E,0
EQP-37788,9479.5,Eletrico,Manha,Oeste,73.8,18.26,104.2,135,0,-16.94,929876,FW-E0F2F,1
EQP-37789,12906.2,Diesel,Noite,Leste,57.7,0.51,115.6,361,0,-54.8,480589,FW-D9E11,1
EQP-37790,6122.7,Diesel,Noite,Leste,57.6,1.57,94.1,135,0,-47.5,700675,FW-6BCA2,1
EQP-37791,11637.3,Diesel,Manha,Oeste,56.7,1.51,107.8,310,0,16.68,197852,FW-5FF74,1
EQP-37792,12304.0,Eletrico,Tarde,Sul,74.5,4.07,119.7,316,0,-55.88,171198,FW-513B1,1
EQP-37793,12942.8,Diesel,Manha,Oeste,80.6,3.3,113.1,280,0,-34.07,327962,FW-90CBC,1
EQP-37794,7340.3,Hibrido,Manha,Leste,78.9,0.89,92.6,216,0,1.48,331580,FW-E2B26,0
EQP-37795,4192.1, DIESEL ,Noite,Norte,83.7,8.81,145.5,137,1,34.66,447977,FW-7055A,1
EQP-37796,5091.3,Diesel,Tarde,Sul,86.2,3.73,103.3,299,0,50.56,453993,FW-E39A8,0
EQP-37797,10468.9,diesel,Noite,Sul,82.6,3.53,83.7,165,0,10.15,885538,FW-BE638,1
EQP-37798,1320.8,Diesel,Manha,Sul,73.3,1.56,110.2,257,1,-8.69,198890,FW-EE2C2,0
EQP-37799,10860.4,Diesel,Manha,Leste,69.0,12.47,76.1,338,0,22.07,258333,FW-65BBF,1
EQP-37800,1757.7,Eletrico,Tarde,Norte,50.5,7.23,96.3,306,0,-33.94,390215,FW-96C9C,0
EQP-37801,11461.6,Gas_Natural,Noite,Leste,56.5,3.4,119.7,293,2,-20.09,361467,FW-959E9,1
EQP-37802,3018.4,Diesel,Noite,Norte,62.9,6.85,67.6,106,0,7.21,266672,FW-29850,1
EQP-37803,5444.9,Eletrico,Noite,Norte,95.1,2.11,94.9,163,0,-59.92,674830,FW-E26E0,1
EQP-37804,10495.2,Diesel,Manha,Sul,63.9,5.52,80.4,151,0,-29.2,471192,FW-697F5,1
EQP-37805,5897.8,Eletrico,Tarde,Leste,35.4,9.56,117.3,46,1,54.13,925893,FW-A31F6,1
EQP-37806,5614.9,Gas_Natural,Manha,Norte,46.5,2.25,95.7,185,1,9.04,448532,FW-5F15F,1
EQP-37807,14845.4,Eletrico,Manha,Norte,61.9,12.2,86.4,200,2,-25.71,902966,FW-EFD01,1
EQP-37808,7842.8,diesel,Tarde,Sul,93.3,4.88,104.7,281,0,29.05,760604,FW-6F3D5,1
EQP-37809,6190.6, DIESEL ,Noite,Leste,76.0,14.43,98.5,138,1,22.46,197769,FW-F0FF3,1
EQP-37810,14592.7, DIESEL ,Noite,Leste,112.8,2.48,126.1,178,1,41.32,403660,FW-404A2,1
EQP-37811,,Diesel,Manha,Sul,80.4,3.1,108.4,353,2,2.67,177500,FW-AC090,1
EQP-37812,7428.0, DIESEL ,Tarde,Oeste,89.0,3.07,111.5,246,1,28.37,121512,FW-D93C5,1
EQP-37813,12599.4,Hibrido,Tarde,Norte,90.0,13.52,93.3,299,1,-0.57,836212,FW-54DFF,1
EQP-37814,10061.5,diesel,Tarde,Norte,75.5,6.34,74.7,83,0,-69.88,606089,FW-BB196,0
EQP-37815,,Eletrico,Manha,Sul,83.4,2.49,102.6,246,0,35.47,666444,FW-8E974,1
EQP-37816,12777.0,Hibrido,Noite,Oeste,70.7,4.99,132.6,285,0,32.12,306984,FW-E034B,1
EQP-37817,10760.3,Gas_Natural,Noite,Norte,72.4,1.86,119.7,311,0,-4.37,106830,FW-B1260,1
EQP-37818,3818.6, DIESEL ,Tarde,Oeste,53.7,18.39,93.6,166,0,24.01,253061,FW-A8ACD,1
EQP-37819,1595.3,diesel,Noite,Norte,65.1,7.26,101.3,179,0,-17.38,810952,FW-9EF09,1
EQP-37820,,diesel,Noite,Norte,68.1,10.22,87.2,232,0,-77.36,281256,FW-C2879,1
EQP-37821,12148.0,Diesel,Tarde,Sul,79.2,1.07,114.0,150,3,-25.56,893930,FW-20292,1
EQP-37822,11698.0,Eletrico,Noite,Leste,49.8,2.17,98.9,193,0,-30.21,631922,FW-1E5F2,1
EQP-37823,11033.4,Diesel,Manha,Leste,60.8,1.07,102.3,1,0,-18.73,790569,FW-1E0C0,0
EQP-37824,12096.0, DIESEL ,Manha,Oeste,64.9,,82.4,342,2,-3.42,779317,FW-A49FA,1
EQP-37825,13150.0,Diesel,Tarde,Sul,126.1,2.08,108.9,50,0,38.33,527029,FW-96AE7,1
EQP-37826,13908.7,Diesel,Noite,Leste,61.6,2.11,100.4,243,0,-21.52,256834,FW-B782D,1
EQP-37827,3121.9,Eletrico,Manha,Norte,22.7,1.48,130.0,1,0,-44.89,579464,FW-38347,0
EQP-37828,5142.2,Hibrido,Manha,Leste,98.8,0.7,101.7,159,0,-35.65,673353,FW-4C26B,1
EQP-37829,11765.2, DIESEL ,Manha,Norte,85.6,3.43,110.2,166,0,-50.52,827642,FW-A9938,1
EQP-37830,1284.5,diesel,Manha,Leste,105.9,9.59,53.3,107,0,36.05,580910,FW-B8771,1
EQP-37831,7416.0,Eletrico,Manha,Sul,84.6,1.34,84.5,73,0,9.84,692317,FW-F0B1B,1
EQP-37832,7543.8,Diesel,Tarde,Leste,100.4,2.76,95.9,177,1,-77.28,991606,FW-F1FF6,1
EQP-37833,7953.2,Eletrico,Manha,Oeste,79.7,6.16,91.3,92,1,-24.88,254897,FW-72DB9,1
EQP-37834,9216.0,Eletrico,Manha,Norte,65.0,0.99,95.6,94,0,0.15,945508,FW-9E2AE,1
EQP-37835,,Gas_Natural,Manha,Norte,82.0,6.63,87.3,296,3,-49.0,757380,FW-B3EB5,1
EQP-37836,6715.1,Diesel,Manha,Oeste,78.3,0.66,54.4,268,1,8.91,101825,FW-7FCE7,1
EQP-37837,5671.4,Diesel,Noite,Sul,74.4,2.5,88.3,149,0,-56.05,133625,FW-C7887,0
EQP-37838,8867.7,Gas_Natural,Tarde,Leste,57.1,1.74,93.3,32,1,7.97,418116,FW-95E21,1
EQP-37839,1323.9,diesel,Noite,Sul,78.4,7.41,105.0,250,1,65.12,512525,FW-C8472,1
EQP-37840,9170.0,Eletrico,Manha,Sul,83.2,4.65,92.3,232,1,-0.71,863293,FW-DDEB6,1
EQP-37841,403.8,Diesel,Tarde,Sul,65.6,3.45,101.3,148,1,17.09,638560,FW-6040F,1
EQP-37842,13901.1, DIESEL ,Noite,Sul,72.7,6.54,79.1,242,1,38.48,109776,FW-DEEBF,1
EQP-37843,1128.1,Eletrico,Manha,Sul,57.9,1.79,104.6,276,1,-15.52,140068,FW-544CA,1
EQP-37844,3180.1, DIESEL ,Manha,Leste,92.2,2.21,115.8,93,1,-0.61,608201,FW-5B848,1
EQP-37845,14032.6, DIESEL ,Noite,Leste,69.9,3.75,113.2,159,0,82.36,148554,FW-E3153,1
EQP-37846,1001.7,Hibrido,Manha,Norte,78.1,3.37,104.9,87,1,-27.51,755782,FW-90522,0
EQP-37847,403.6,diesel,Manha,Leste,73.7,1.6,81.2,340,0,15.21,425950,FW-B3E5E,1
EQP-37848,9970.3,Diesel,Tarde,Leste,77.4,,120.8,94,1,-18.33,888761,FW-A21A2,1
EQP-37849,13853.8,Diesel,Manha,Sul,86.0,4.22,102.0,213,2,64.85,662020,FW-49133,1
EQP-37850,12350.7,Eletrico,Manha,Sul,84.4,5.13,115.6,284,0,-43.65,402173,FW-E2DC7,1
EQP-37851,,Gas_Natural,Tarde,Oeste,55.6,8.51,77.4,130,1,-27.54,425451,FW-24D0E,1
EQP-37852,5442.3,Diesel,Manha,Oeste,80.3,1.55,155.0,287,0,-26.67,460084,FW-CD3DC,1
EQP-37853,,Eletrico,Noite,Sul,86.5,2.02,127.6,9,3,-5.95,927686,FW-CE701,1
EQP-37854,12010.9,Eletrico,Tarde,Sul,82.1,7.63,95.1,343,0,23.64,773634,FW-9192A,1
EQP-37855,3444.7,Hibrido,Manha,Leste,36.8,5.43,98.4,273,2,-5.3,435104,FW-A006A,1
EQP-37856,12388.7,diesel,Manha,Norte,84.3,5.47,115.4,307,0,62.24,105559,FW-19685,1
EQP-37857,10762.8,Diesel,Noite,Sul,60.0,3.89,106.5,265,1,-42.16,820477,FW-423C1,1
EQP-37858,9933.6,diesel,Noite,Norte,63.6,2.78,106.6,203,0,-7.0,747618,FW-52158,1
EQP-37859,3644.0,Eletrico,Noite,Oeste,90.3,,98.5,328,0,-28.66,679609,FW-D8371,1
EQP-37860,5096.1,Diesel,Noite,Sul,73.6,4.61,85.7,175,1,14.49,360311,FW-CADB6,1
EQP-37861,11170.8,Diesel,Tarde,Leste,81.4,4.03,107.1,172,0,19.97,995388,FW-382EF,1
EQP-37862,5994.9,diesel,Tarde,Oeste,67.5,3.21,108.7,63,0,4.1,827570,FW-3C43E,1
EQP-37863,8106.6,Gas_Natural,Manha,Sul,70.3,1.37,84.5,175,2,-18.82,329769,FW-6CF2A,1
EQP-37864,12884.9,Diesel,Noite,Leste,94.4,12.23,88.0,43,0,-18.25,840017,FW-D9195,1
EQP-37865,8399.6,Eletrico,Manha,Leste,63.4,1.38,93.6,177,0,10.41,383214,FW-572E3,1
EQP-37866,4059.6, DIESEL ,Noite,Norte,80.3,7.17,97.5,136,0,9.28,884713,FW-EE2B9,1
EQP-37867,5483.3,Eletrico,Tarde,Sul,62.8,7.37,99.2,154,0,-1.81,694454,FW-3E242,1
EQP-37868,11513.3,diesel,Tarde,Oeste,75.8,4.2,112.6,94,1,0.85,345497,FW-D9588,1
EQP-37869,14345.5,Hibrido,Tarde,Norte,60.2,2.95,107.9,359,0,30.84,948182,FW-B35AF,1
EQP-37870,491.5,Hibrido,Tarde,Oeste,75.6,7.74,137.5,299,2,10.23,654123,FW-86EB6,1
EQP-37871,14507.4,Diesel,Noite,Leste,56.5,1.01,96.2,49,0,-32.52,330774,FW-B3379,0
EQP-37872,3389.3,Diesel,Noite,Sul,51.6,14.51,141.6,168,0,-21.56,813335,FW-5A9A2,1
EQP-37873,7494.0,Diesel,Tarde,Leste,76.9,2.94,111.4,131,1,13.37,381080,FW-4855D,1
EQP-37874,1654.7,Eletrico,Manha,Sul,78.5,10.44,94.6,232,0,25.31,572333,FW-2CFAB,1
EQP-37875,7239.9,Diesel,Noite,Sul,74.7,4.04,94.4,131,0,-47.27,745149,FW-8905F,1
EQP-37876,1000.3, DIESEL ,Tarde,Sul,81.1,4.4,77.1,196,2,-94.46,361433,FW-50FFC,1
EQP-37877,6269.4,diesel,Manha,Leste,55.8,5.8,114.5,321,0,-101.37,217468,FW-7907C,1
EQP-37878,7873.3,Diesel,Manha,Oeste,88.3,0.63,99.1,41,1,0.33,389293,FW-DEF56,1
EQP-37879,6808.3,Diesel,Tarde,Oeste,93.5,7.38,91.0,151,0,8.12,469504,FW-EEA87,1
EQP-37880,3226.0,Diesel,Tarde,Norte,35.1,15.36,124.6,120,0,0.28,811610,FW-8EC34,1
EQP-37881,7787.8,Diesel,Manha,Oeste,50.5,3.69,104.8,210,1,45.64,988649,FW-4E11B,1
EQP-37882,9950.5,Eletrico,Manha,Leste,59.1,3.65,89.4,56,0,27.34,244088,FW-E32BA,0
EQP-37883,13180.6,Gas_Natural,Noite,Leste,51.7,5.69,99.1,78,1,37.51,402021,FW-C352A,1
EQP-37884,9209.6,Diesel,Manha,Oeste,73.8,1.72,94.3,316,0,-16.47,874888,FW-E9B24,1
EQP-37885,12728.5,Eletrico,Manha,Leste,87.9,3.13,107.2,120,1,27.67,512822,FW-9EDF8,1
EQP-37886,602.5,Gas_Natural,Manha,Oeste,70.8,4.74,87.7,234,2,18.12,867532,FW-77A88,1
EQP-37887,4459.1,Eletrico,Manha,Oeste,98.4,6.23,87.9,57,1,-11.09,392713,FW-479C1,1
EQP-37888,11777.2, DIESEL ,Tarde,Sul,66.9,6.08,88.4,165,0,-10.59,785028,FW-E5FC1,1
EQP-37889,2870.9,Diesel,Noite,Oeste,59.1,7.12,119.1,181,1,-75.25,601643,FW-3C2AB,1
EQP-37890,3672.8,Diesel,Manha,Sul,101.5,11.17,89.5,316,1,28.87,443125,FW-5A405,1
EQP-37891,9384.8, DIESEL ,Manha,Leste,94.4,8.34,114.3,109,2,32.94,541328,FW-9A07C,1
EQP-37892,2455.9, DIESEL ,Manha,Leste,119.7,8.6,102.4,270,0,-13.58,706774,FW-8401A,1
EQP-37893,4154.8,Hibrido,Manha,Oeste,84.1,4.07,99.5,47,0,7.62,740958,FW-33922,1
EQP-37894,11585.7,Diesel,Noite,Leste,94.5,13.87,108.7,326,0,-66.42,892011,FW-A6DC3,1
EQP-37895,999.4,Diesel,Tarde,Sul,102.6,3.89,96.8,179,0,-6.96,783683,FW-1FB33,0
EQP-37896,3664.0,Eletrico,Tarde,Sul,59.6,5.38,84.1,155,0,-18.79,216736,FW-72DA3,1
EQP-37897,7360.6,Hibrido,Tarde,Norte,79.3,1.3,115.7,57,1,-48.49,704325,FW-A31B4,1
EQP-37898,10027.9,Eletrico,Manha,Norte,104.1,12.45,117.1,73,2,-24.09,299512,FW-5EE1B,1
EQP-37899,10088.9,Diesel,Tarde,Norte,86.0,0.58,116.1,329,2,34.52,793093,FW-E3862,1
EQP-37900,5166.9,diesel,Manha,Sul,81.1,23.21,107.7,356,1,32.53,303857,FW-72B7F,1
EQP-37901,7601.4,Diesel,Tarde,Leste,69.7,2.68,110.8,88,0,-77.32,268448,FW-62780,1
EQP-37902,4172.6,Diesel,Manha,Leste,33.0,4.72,114.9,328,0,-46.07,307484,FW-EBA6C,0
EQP-37903,6955.4,Diesel,Tarde,Norte,56.8,0.56,112.3,344,2,-13.17,624076,FW-E647C,1
EQP-37904,14032.8,Diesel,Manha,Sul,74.6,3.59,106.7,146,0,-98.09,114615,FW-90126,1
EQP-37905,2648.6,diesel,Noite,Leste,63.3,11.31,112.7,302,0,-19.53,753531,FW-77603,1
EQP-37906,3283.5,diesel,Tarde,Oeste,69.7,5.63,132.8,331,0,-37.37,372768,FW-DD437,0
EQP-37907,1544.9,Diesel,Manha,Sul,60.9,1.21,101.1,304,0,-24.7,616875,FW-67BCB,0
EQP-37908,9706.2,Eletrico,Manha,Sul,42.2,0.69,100.2,176,2,-67.52,437853,FW-B669C,0
EQP-37909,12450.2,Eletrico,Noite,Norte,77.5,1.78,91.0,20,1,32.63,974051,FW-EAD06,1
EQP-37910,12127.0, DIESEL ,Manha,Oeste,59.4,9.12,94.0,56,1,-20.27,126926,FW-43988,1
EQP-37911,1987.6,Gas_Natural,Noite,Norte,91.5,1.44,89.5,237,1,17.52,936918,FW-966C1,1
EQP-37912,1356.2,Eletrico,Tarde,Sul,102.1,11.63,128.7,194,0,-21.37,795495,FW-A4504,1
EQP-37913,5802.3,Eletrico,Manha,Oeste,88.2,3.47,107.1,27,0,15.18,143494,FW-EA5CE,1
EQP-37914,3220.3,Diesel,Manha,Norte,76.8,1.97,114.7,204,3,-39.07,180927,FW-D4B71,1
EQP-37915,2995.4,Eletrico,Tarde,Leste,83.0,6.95,94.2,192,1,22.98,584782,FW-C2FF4,0
EQP-37916,9635.3,diesel,Manha,Norte,46.4,3.49,99.3,83,0,-34.57,903528,FW-24541,0
EQP-37917,5013.8,diesel,Noite,Sul,73.3,8.07,91.1,328,1,-14.49,842101,FW-2B38F,1
EQP-37918,5142.6,Eletrico,Manha,Norte,62.1,0.94,119.5,312,0,-35.83,824179,FW-D31A6,0
EQP-37919,3387.4,Eletrico,Noite,Norte,74.9,2.57,105.3,175,2,-48.12,891584,FW-C8EDB,1
EQP-37920,10541.1,diesel,Noite,Norte,77.0,,76.1,189,3,15.32,453506,FW-27038,1
EQP-37921,144.5,Eletrico,Noite,Sul,90.9,18.36,114.0,267,0,12.09,994218,FW-19546,1
EQP-37922,14448.4,Eletrico,Manha,Leste,76.1,3.81,106.6,66,2,28.15,758387,FW-E483C,1
EQP-37923,,Diesel,Manha,Sul,51.2,4.76,102.3,229,0,-11.5,169009,FW-EDFA8,0
EQP-37924,6414.4,Diesel,Tarde,Norte,93.7,3.18,109.1,93,0,-53.85,138247,FW-97E10,1
EQP-37925,918.3,diesel,Manha,Sul,76.6,6.4,91.3,29,0,13.03,366866,FW-9DFFC,1
EQP-37926,967.9,Diesel,Tarde,Leste,52.2,2.15,147.8,139,1,13.02,960284,FW-77D6B,0
EQP-37927,8721.5,diesel,Manha,Oeste,68.4,1.64,94.2,346,2,-55.11,942097,FW-8E5A6,1
EQP-37928,2025.8,Hibrido,Tarde,Sul,46.2,10.02,114.5,324,1,24.66,111393,FW-28BD4,0
EQP-37929,1190.1,Eletrico,Manha,Oeste,80.7,4.76,106.1,273,1,-9.45,553847,FW-AE93E,0
EQP-37930,5924.6,Diesel,Tarde,Leste,101.4,3.67,104.5,302,1,18.96,234330,FW-A54AF,1
EQP-37931,10490.5,Eletrico,Manha,Leste,86.8,3.95,107.3,41,0,-30.74,337875,FW-29556,1
EQP-37932,9338.2,Diesel,Manha,Norte,55.3,1.61,111.3,221,0,-10.9,271397,FW-3FB4E,0
EQP-37933,14342.2,Gas_Natural,Noite,Norte,51.9,7.12,85.3,317,0,-18.66,324590,FW-A64BD,1
EQP-37934,9058.9,Gas_Natural,Noite,Oeste,58.0,0.98,111.9,116,0,-9.1,656608,FW-D9103,0
EQP-37935,214.2,Hibrido,Noite,Sul,67.9,6.06,92.5,320,1,63.38,647251,FW-473DE,0
EQP-37936,9591.0,Gas_Natural,Noite,Norte,51.5,1.38,107.7,214,0,-5.69,625725,FW-AFD1B,0
EQP-37937,, DIESEL ,Noite,Sul,70.9,0.71,114.0,170,2,-67.76,782487,FW-5378A,0
EQP-37938,216.2,Gas_Natural,Tarde,Leste,108.7,11.58,130.8,276,0,-17.1,565076,FW-5D905,1
EQP-37939,,Diesel,Tarde,Leste,58.2,0.62,96.0,259,1,19.47,810262,FW-30290,0
EQP-37940,4365.1, DIESEL ,Noite,Oeste,86.2,0.81,78.7,351,1,-14.38,906661,FW-1EB88,1
EQP-37941,, DIESEL ,Noite,Norte,73.4,,102.2,194,0,-23.39,981573,FW-E48FF,1
EQP-37942,4149.6,Diesel,Manha,Sul,61.6,4.64,120.8,65,1,23.96,672030,FW-279F3,1
EQP-37943,14833.1,Eletrico,Noite,Norte,79.3,1.64,114.7,73,0,-18.92,389181,FW-38CF8,1
EQP-37944,10547.6, DIESEL ,Manha,Sul,72.3,3.37,80.9,30,0,52.89,134827,FW-9469B,0
EQP-37945,9089.2, DIESEL ,Manha,Oeste,77.3,1.83,89.7,196,3,16.23,313699,FW-201DE,1
EQP-37946,1482.3,Diesel,Tarde,Oeste,68.4,6.18,85.4,202,0,50.01,600306,FW-D78C3,1
EQP-37947,5784.6,Gas_Natural,Noite,Leste,66.2,3.36,100.4,114,0,23.44,309107,FW-9866C,0
EQP-37948,802.0,Diesel,Noite,Leste,72.0,,131.4,281,1,19.24,186126,FW-D3260,1
EQP-37949,2964.5,Gas_Natural,Manha,Leste,115.9,0.52,84.5,8,1,-5.95,118985,FW-D60BE,1
EQP-37950,1180.2,Eletrico,Manha,Sul,71.0,10.07,98.0,161,1,69.11,301124,FW-58C7D,1
EQP-37951,8411.2,Eletrico,Manha,Norte,80.0,4.13,124.4,49,1,37.91,280977,FW-D9F03,0
EQP-37952,, DIESEL ,Tarde,Sul,79.4,3.9,94.5,193,0,59.28,359358,FW-4EB2B,1
EQP-37953,11691.2, DIESEL ,Tarde,Leste,74.0,2.34,108.1,87,2,20.6,513047,FW-63175,1
EQP-37954,7708.0,Eletrico,Tarde,Sul,52.7,2.36,76.7,84,2,-45.05,986501,FW-D4686,1
EQP-37955,14300.8, DIESEL ,Tarde,Sul,45.1,1.75,96.8,256,1,42.71,280555,FW-D5CD0,1
EQP-37956,5608.0,Eletrico,Tarde,Oeste,70.7,1.65,102.9,120,1,-41.7,657640,FW-B1DFB,0
EQP-37957,5117.5,Hibrido,Tarde,Norte,118.4,2.33,138.9,169,1,3.46,498122,FW-4CAC1,1
EQP-37958,10444.8,Diesel,Manha,Leste,83.3,3.73,106.9,31,0,53.2,284098,FW-46748,1
EQP-37959,662.6,Diesel,Noite,Sul,77.6,3.04,86.8,306,0,23.48,401423,FW-69DDD,1
EQP-37960,7944.1,Eletrico,Noite,Sul,104.8,1.0,85.9,262,0,46.81,576883,FW-380E5,1
EQP-37961,2575.7,Eletrico,Tarde,Leste,64.3,7.06,110.9,30,0,-18.29,979443,FW-D52E1,0
EQP-37962,9254.9, DIESEL ,Tarde,Leste,83.7,1.74,119.5,166,2,-60.04,734448,FW-4B5E6,1
EQP-37963,10594.9, DIESEL ,Tarde,Norte,76.5,6.48,104.6,280,1,-28.28,884657,FW-AE113,1
EQP-37964,6793.1,Gas_Natural,Manha,Oeste,80.9,5.31,92.9,214,0,36.7,417421,FW-20448,1
EQP-37965,8304.8,Eletrico,Tarde,Oeste,74.1,7.27,106.6,350,1,11.16,118866,FW-49BCB,1
EQP-37966,7640.8,Eletrico,Tarde,Sul,60.8,2.11,101.1,180,0,-11.49,284276,FW-6E2EA,1
EQP-37967,1881.3,Eletrico,Tarde,Leste,55.1,1.17,97.4,100,1,-25.1,689585,FW-B9EA8,0
EQP-37968,11506.5,Eletrico,Tarde,Sul,74.7,0.75,121.9,109,0,-79.51,945356,FW-8413A,1
EQP-37969,4184.8,Eletrico,Manha,Sul,83.1,6.03,81.7,8,1,-24.4,480791,FW-5953C,1
EQP-37970,3111.8,Eletrico,Manha,Leste,71.5,1.33,66.9,92,0,12.89,106703,FW-D2250,0
EQP-37971,10596.2,Diesel,Noite,Leste,39.9,5.46,106.4,211,2,-16.86,318921,FW-3B8AB,1
EQP-37972,3434.5,diesel,Manha,Leste,59.3,5.03,87.5,54,2,53.89,727071,FW-F12F8,0
EQP-37973,3639.8, DIESEL ,Tarde,Leste,72.4,,102.5,95,2,-31.12,655975,FW-A7130,1
EQP-37974,2347.5,Hibrido,Manha,Leste,59.1,5.56,118.6,132,2,52.05,285153,FW-2695F,0
EQP-37975,11010.8,Gas_Natural,Manha,Norte,90.4,2.38,86.4,93,1,-41.74,197810,FW-3DF4A,1
EQP-37976,852.6,Gas_Natural,Tarde,Oeste,60.9,6.23,124.9,298,1,12.66,146554,FW-36EAD,1
EQP-37977,14645.9,Diesel,Tarde,Sul,82.7,25.19,95.5,185,3,76.02,658413,FW-2C2B3,1
EQP-37978,14389.2,Gas_Natural,Tarde,Oeste,81.7,3.79,119.8,360,0,62.71,243578,FW-BB496,1
EQP-37979,4068.5,diesel,Noite,Leste,61.3,8.28,97.8,156,1,7.6,559947,FW-4F8EA,1
EQP-37980,3744.6,Diesel,Tarde,Leste,79.2,0.57,95.1,71,0,-16.21,933165,FW-298A6,1
EQP-37981,12003.6,Diesel,Noite,Sul,120.9,2.75,97.2,300,1,48.47,920575,FW-57EED,1
EQP-37982,1643.5,diesel,Tarde,Leste,102.9,11.24,108.2,306,1,14.46,937477,FW-32914,1
EQP-37983,4141.7,Eletrico,Manha,Norte,65.9,9.42,121.7,246,1,48.43,671238,FW-35836,1
EQP-37984,6701.3,Diesel,Noite,Sul,116.2,4.56,107.8,78,0,-8.89,347389,FW-D9DE2,1
EQP-37985,9818.2,Hibrido,Tarde,Sul,86.4,3.15,136.7,350,2,-18.54,258073,FW-C8D2A,1
EQP-37986,688.6,Eletrico,Tarde,Oeste,78.0,4.05,114.8,235,1,-36.56,422168,FW-29716,1
EQP-37987,3511.6,Diesel,Manha,Sul,92.9,1.39,87.3,64,1,35.02,850159,FW-72CF3,0
EQP-37988,5306.4,Diesel,Manha,Oeste,59.8,6.8,78.4,1,0,-12.12,336958,FW-41556,0
EQP-37989,5281.6,diesel,Manha,Oeste,77.9,3.62,90.5,246,1,51.55,623935,FW-713DE,1
EQP-37990,3525.8,Diesel,Noite,Oeste,36.8,11.28,85.9,293,1,7.8,754217,FW-4EE87,1
EQP-37991,10160.5,Diesel,Noite,Oeste,73.7,1.06,105.0,322,2,16.79,467006,FW-A9A5D,1
EQP-37992,,Diesel,Manha,Norte,108.8,2.43,99.3,317,4,36.28,323783,FW-834BB,1
EQP-37993,12327.8, DIESEL ,Tarde,Oeste,46.7,12.08,121.3,295,2,53.67,182971,FW-B2295,0
EQP-37994,6245.1, DIESEL ,Noite,Leste,105.3,7.01,87.5,265,0,-85.99,610586,FW-44131,1
EQP-37995,8575.7, DIESEL ,Tarde,Oeste,81.3,1.82,118.9,257,0,21.44,326250,FW-893AF,1
EQP-37996,8023.5,Diesel,Manha,Oeste,95.6,6.49,78.1,358,1,20.88,313223,FW-29826,1
EQP-37997,10099.1,Gas_Natural,Tarde,Leste,56.7,0.65,112.5,89,1,-31.89,504010,FW-1FAFF,0
EQP-37998,8481.6,Diesel,Tarde,Oeste,61.1,1.83,102.2,31,0,50.22,142527,FW-AB693,0
EQP-37999,13650.6,Eletrico,Tarde,Oeste,84.6,2.08,94.1,261,3,-24.54,829088,FW-B7635,1
EQP-38000,3553.0, DIESEL ,Manha,Norte,73.7,1.07,101.8,210,1,63.4,280935,FW-ACD08,0
EQP-38001,14364.3,Diesel,Noite,Sul,37.5,,115.0,334,1,-24.75,546970,FW-953E8,1
EQP-38002,14445.5,Gas_Natural,Manha,Norte,46.3,5.59,109.4,78,0,-41.23,614422,FW-3412D,1
EQP-38003,1496.7,Diesel,Tarde,Leste,64.7,2.49,106.1,58,2,-24.73,603088,FW-2470C,1
EQP-38004,4200.3,Eletrico,Noite,Sul,36.7,1.13,103.0,328,1,-14.8,610308,FW-848CC,0
EQP-38005,7929.9,diesel,Noite,Sul,43.9,5.82,105.6,57,1,-3.82,804408,FW-59C48,1
EQP-38006,11547.4,Eletrico,Manha,Leste,94.2,9.61,71.1,51,0,-23.78,611887,FW-C3B08,1
EQP-38007,3019.8,Diesel,Noite,Norte,74.9,8.62,80.6,144,0,7.43,476929,FW-2C6E1,1
EQP-38008,3252.5,Eletrico,Noite,Sul,59.4,15.03,114.0,200,1,-36.88,628415,FW-DF6B7,1
EQP-38009,, DIESEL ,Tarde,Sul,66.0,0.97,82.5,280,1,-90.4,981732,FW-87037,1
EQP-38010,7576.0,Diesel,Manha,Sul,92.1,2.67,83.6,268,1,-11.71,584900,FW-28D0E,1
EQP-38011,10559.2,Diesel,Manha,Norte,81.1,6.55,79.0,1,1,-38.92,220877,FW-9E345,1
EQP-38012,221.0,Eletrico,Manha,Sul,72.9,4.2,109.4,346,2,38.84,994512,FW-C769A,1
EQP-38013,5371.8,Diesel,Manha,Norte,99.1,15.68,90.3,189,1,-68.25,845594,FW-829A9,1
EQP-38014,3587.8,Diesel,Tarde,Norte,46.2,2.06,96.4,307,1,-16.63,791503,FW-CAC79,0
EQP-38015,1771.3,Gas_Natural,Manha,Oeste,79.1,2.37,107.9,315,1,22.39,818241,FW-72F08,1
EQP-38016,3489.4, DIESEL ,Tarde,Oeste,73.2,3.99,114.4,232,1,6.8,412994,FW-7DC73,1
EQP-38017,13251.5,Diesel,Tarde,Sul,85.5,0.61,96.9,262,0,-29.39,442717,FW-9FE33,1
EQP-38018,7363.5,Eletrico,Manha,Oeste,103.3,1.73,81.5,308,1,-46.79,485729,FW-9EA44,1
EQP-38019,1221.1,Hibrido,Manha,Leste,59.4,2.61,84.7,45,1,-10.43,674562,FW-4B637,0
EQP-38020,4655.1,Gas_Natural,Manha,Sul,67.2,7.34,119.4,344,1,-46.41,360904,FW-B6687,1
EQP-38021,9505.4,Eletrico,Noite,Oeste,103.6,2.83,112.8,119,0,11.02,360994,FW-5AD67,1
EQP-38022,6685.5,diesel,Manha,Norte,96.3,0.66,77.6,107,1,31.9,850173,FW-9E923,1
EQP-38023,2897.3,diesel,Manha,Sul,70.5,1.75,69.1,72,2,14.24,140918,FW-91746,0
EQP-38024,5682.1, DIESEL ,Manha,Leste,69.0,7.85,109.4,190,0,-62.51,629351,FW-532EF,1
EQP-38025,3395.9,Eletrico,Tarde,Leste,103.2,2.71,104.3,205,1,0.55,267683,FW-5C79C,1
EQP-38026,12413.3,Diesel,Noite,Leste,74.2,1.7,91.6,247,1,88.72,521382,FW-20174,1
EQP-38027,4031.0,Diesel,Tarde,Leste,60.8,2.66,83.7,123,0,-22.83,272896,FW-B312D,1
EQP-38028,1341.4,Eletrico,Manha,Leste,81.5,9.37,112.9,118,1,41.7,702140,FW-567B2,1
EQP-38029,7033.6,Eletrico,Noite,Oeste,86.5,1.23,119.1,281,1,-49.97,823238,FW-550BD,1
EQP-38030,4022.7,Eletrico,Manha,Norte,44.5,5.01,111.1,225,0,22.66,404041,FW-A5E9C,0
EQP-38031,7925.9, DIESEL ,Manha,Leste,55.0,,110.4,252,1,32.34,107865,FW-EE186,1
EQP-38032,622.6,Diesel,Tarde,Norte,48.9,2.98,86.6,33,0,1.21,671076,FW-42677,0
EQP-38033,14021.4,diesel,Noite,Oeste,74.6,0.84,81.8,89,0,19.84,900238,FW-5AE32,1
EQP-38034,7106.5,Hibrido,Noite,Leste,91.0,9.9,119.3,246,1,-37.81,478613,FW-57727,1
EQP-38035,14988.0,Diesel,Manha,Sul,67.9,1.83,70.3,48,2,5.23,195054,FW-2973F,1
EQP-38036,3703.4,Hibrido,Manha,Norte,55.3,15.82,84.2,191,0,-2.95,243118,FW-B2E62,1
EQP-38037,8002.0,Gas_Natural,Manha,Leste,49.7,1.65,107.7,193,0,-5.62,317769,FW-28DD8,1
EQP-38038,14332.4,Hibrido,Tarde,Sul,65.4,2.88,52.3,188,1,9.32,473679,FW-2DE78,0
EQP-38039,2307.8,Eletrico,Manha,Norte,72.6,4.76,91.6,300,3,-22.37,531285,FW-DF04F,1
EQP-38040,3304.3,Gas_Natural,Tarde,Oeste,64.2,7.16,82.9,43,1,-38.23,769646,FW-B83F6,0
EQP-38041,2591.1,Diesel,Tarde,Oeste,88.2,11.99,107.3,187,1,-9.3,784202,FW-84FB3,1
EQP-38042,9670.9,Hibrido,Manha,Oeste,56.1,2.78,117.0,187,1,47.4,785761,FW-49CE2,1
EQP-38043,9611.4,Diesel,Noite,Sul,50.6,10.25,106.2,69,2,61.83,605097,FW-7EDA5,1
EQP-38044,14498.3,Diesel,Noite,Oeste,73.2,1.38,116.8,257,0,23.88,326623,FW-DFCC4,1
EQP-38045,9075.3,Diesel,Tarde,Sul,76.6,6.77,87.3,114,2,35.2,160806,FW-C40C0,1
EQP-38046,278.9,Diesel,Tarde,Oeste,110.2,5.97,126.4,224,1,39.8,123534,FW-7FFEA,1
EQP-38047,13717.6,Eletrico,Manha,Sul,70.7,,95.2,267,0,-13.53,759564,FW-9CA04,1
EQP-38048,13859.6,Diesel,Noite,Leste,73.3,9.24,102.4,20,2,18.32,249739,FW-979D6,1
EQP-38049,6689.1,Diesel,Tarde,Oeste,70.1,2.77,89.0,111,0,7.27,157317,FW-91359,1
EQP-38050,496.9,Diesel,Manha,Sul,81.3,4.7,108.1,172,2,-56.56,117920,FW-47232,1
EQP-38051,12935.5, DIESEL ,Tarde,Norte,60.2,6.88,118.2,147,1,-13.43,613358,FW-2CB75,1
EQP-38052,1161.1,Hibrido,Manha,Sul,72.4,8.16,98.4,348,1,-44.57,715879,FW-6D06A,1
EQP-38053,1940.7, DIESEL ,Manha,Leste,114.3,2.54,99.8,11,0,15.35,358430,FW-4FD49,0
EQP-38054,8084.6,diesel,Manha,Leste,106.1,4.22,115.5,34,0,-44.43,116238,FW-70858,1
EQP-38055,8692.9,Diesel,Noite,Norte,48.8,4.51,111.6,120,0,-22.83,280419,FW-8CADA,1
EQP-38056,4910.2,Gas_Natural,Tarde,Oeste,70.6,2.58,97.7,57,1,37.64,620997,FW-1E845,1
EQP-38057,6933.3,Diesel,Manha,Norte,111.1,13.19,70.9,228,1,19.58,474910,FW-36CFE,1
EQP-38058,,diesel,Manha,Norte,64.5,1.5,80.2,105,2,-42.33,331087,FW-D3495,0
EQP-38059,,diesel,Manha,Norte,53.5,6.06,97.8,319,2,27.02,977719,FW-B619E,1
EQP-38060,2672.9,Diesel,Manha,Norte,89.3,5.37,111.3,119,2,-1.3,491730,FW-AD58D,1
EQP-38061,2408.6,Eletrico,Tarde,Sul,115.1,7.85,98.7,134,0,27.13,386435,FW-AD077,1
EQP-38062,7584.8,Diesel,Manha,Oeste,62.5,15.72,119.2,184,2,-36.13,322544,FW-94CC6,1
EQP-38063,11740.4,Diesel,Tarde,Norte,75.2,10.69,87.8,73,0,-34.54,626514,FW-A5011,1
EQP-38064,6833.2,Eletrico,Tarde,Sul,64.9,9.07,76.6,256,1,-4.32,773303,FW-386D0,1
EQP-38065,11668.0,Hibrido,Tarde,Leste,57.9,6.57,99.6,349,1,2.49,682563,FW-D819D,1
EQP-38066,5442.8,Diesel,Noite,Norte,70.0,1.8,99.2,231,0,22.27,849437,FW-B0C75,0
EQP-38067,, DIESEL ,Noite,Sul,61.5,10.86,116.0,263,3,67.63,642161,FW-3BC67,1
EQP-38068,13603.6,Diesel,Manha,Norte,51.4,3.58,87.7,14,0,-7.82,765708,FW-EB2F1,0
EQP-38069,5628.0, DIESEL ,Tarde,Sul,82.9,3.63,86.9,305,0,47.59,270537,FW-64700,1
EQP-38070,13490.2,Diesel,Tarde,Sul,49.0,2.28,80.1,305,0,-32.01,645229,FW-990AB,0
EQP-38071,13007.4,Gas_Natural,Noite,Oeste,106.7,2.36,79.8,1,2,9.8,761861,FW-286B4,1
EQP-38072,11032.8,Diesel,Noite,Norte,73.5,4.06,103.4,223,2,14.86,400231,FW-BA222,1
EQP-38073,13497.4,Eletrico,Manha,Norte,86.2,,90.1,283,2,30.38,391699,FW-333F3,1
EQP-38074,4013.9,diesel,Manha,Sul,68.7,6.59,89.2,239,0,-21.0,855579,FW-A3E61,1
EQP-38075,9991.2,diesel,Tarde,Leste,57.7,5.7,98.9,267,0,5.28,339380,FW-6FE0B,1
EQP-38076,129.9,Diesel,Manha,Norte,76.3,13.64,115.2,48,0,5.62,656274,FW-E0E37,1
EQP-38077,8616.9,diesel,Manha,Sul,77.0,1.53,98.8,149,1,12.72,661994,FW-411DB,1
EQP-38078,8831.6,diesel,Manha,Sul,87.6,14.43,98.6,52,1,22.47,791119,FW-68208,1
EQP-38079,14077.4,Diesel,Manha,Sul,40.6,3.36,88.4,188,0,30.9,782202,FW-AF0D5,0
EQP-38080,903.3,Diesel,Tarde,Leste,68.0,0.52,118.1,189,0,-28.36,590218,FW-5F90C,0
EQP-38081,907.1,Hibrido,Tarde,Oeste,102.3,0.64,113.2,337,1,61.16,933164,FW-18B01,1
EQP-38082,1760.8,Hibrido,Noite,Oeste,95.1,0.72,97.6,33,0,3.79,113564,FW-5B012,1
EQP-38083,11418.3,Hibrido,Tarde,Norte,70.1,4.56,121.6,256,3,-43.54,155079,FW-40C21,1
EQP-38084,9392.7,Eletrico,Noite,Norte,44.9,3.1,89.8,322,1,56.33,483718,FW-DD06B,1
EQP-38085,7990.1, DIESEL ,Tarde,Leste,84.6,6.55,103.8,174,0,-70.23,764292,FW-79A3A,1
EQP-38086,4760.6, DIESEL ,Manha,Leste,86.8,7.54,76.0,178,1,28.43,140002,FW-74A26,1
EQP-38087,5363.2,diesel,Noite,Leste,81.8,4.38,131.9,245,2,-59.55,402039,FW-B0FC4,1
EQP-38088,11693.0, DIESEL ,Noite,Leste,60.4,7.22,112.4,114,3,-30.33,665770,FW-AA455,1
EQP-38089,5017.8,Gas_Natural,Manha,Norte,84.6,5.04,147.7,285,0,10.07,887770,FW-94786,1
EQP-38090,3619.7,Diesel,Tarde,Leste,118.6,5.91,116.3,9,1,-46.18,188826,FW-2C540,1
EQP-38091,4012.4,Eletrico,Manha,Leste,87.0,7.05,104.4,161,0,35.52,451423,FW-A6CB1,1
EQP-38092,9356.5,diesel,Tarde,Norte,62.9,4.24,80.3,50,0,0.99,608468,FW-DC5D2,1
EQP-38093,5253.7,Diesel,Noite,Norte,109.1,6.12,107.1,269,1,8.9,705720,FW-AD6BE,1
EQP-38094,1295.0,Diesel,Manha,Sul,67.1,1.15,123.3,244,1,-25.19,165846,FW-E9FD1,1
EQP-38095,14157.4,Hibrido,Manha,Norte,56.5,8.63,99.1,333,1,-21.72,454522,FW-D13AE,1
EQP-38096,3130.4, DIESEL ,Manha,Sul,65.3,17.47,121.8,342,0,-23.39,510902,FW-4D615,1
EQP-38097,13116.6, DIESEL ,Manha,Leste,85.9,3.4,100.1,36,2,-29.87,137451,FW-2CFF4,1
EQP-38098,8277.8,Diesel,Tarde,Leste,80.6,10.0,114.7,220,1,36.08,697120,FW-CA888,1
EQP-38099,,Eletrico,Manha,Leste,86.2,2.17,102.0,197,3,-14.96,470530,FW-641C1,1
EQP-38100,2832.6,Eletrico,Manha,Norte,63.2,,98.4,148,1,26.11,808301,FW-27011,0
EQP-38101,,Diesel,Noite,Sul,41.1,1.21,71.4,54,1,34.32,193485,FW-66B5B,0
EQP-38102,5235.1,Eletrico,Noite,Leste,85.6,,84.9,103,1,-10.03,154859,FW-AE256,1
EQP-38103,2620.5,Diesel,Tarde,Sul,43.7,13.26,88.6,326,0,12.35,721857,FW-3019A,1
EQP-38104,6484.4,Eletrico,Manha,Leste,45.6,0.64,128.4,364,1,50.38,794053,FW-C9EFF,1
EQP-38105,14668.9,Gas_Natural,Manha,Leste,65.4,,59.0,194,1,-43.8,881570,FW-ED902,1
EQP-38106,12743.5,Eletrico,Tarde,Sul,88.0,4.15,74.1,196,1,16.41,384427,FW-F284D,1
EQP-38107,6005.1,Gas_Natural,Manha,Oeste,84.9,21.95,93.8,303,1,32.75,973234,FW-D44D8,1
EQP-38108,11100.2,Eletrico,Noite,Norte,67.3,11.96,100.4,253,0,-17.04,872408,FW-886F6,1
EQP-38109,11415.2,Gas_Natural,Manha,Norte,62.1,2.08,114.4,318,2,52.46,202808,FW-E6062,1
EQP-38110,3021.3,Eletrico,Noite,Norte,34.1,2.12,105.8,115,1,-15.7,424169,FW-BACE4,0
EQP-38111,4580.0,Diesel,Manha,Norte,84.3,7.02,121.9,204,0,19.33,644533,FW-B25FC,1
EQP-38112,6032.8,Hibrido,Manha,Sul,52.3,4.51,87.4,328,1,13.26,585306,FW-B90C7,1
EQP-38113,5862.8,Diesel,Noite,Leste,77.9,6.95,86.2,119,1,-16.95,517518,FW-5BA46,1
EQP-38114,3143.7, DIESEL ,Noite,Leste,73.6,12.24,87.3,14,0,2.91,749986,FW-9081B,1
EQP-38115,246.4,Gas_Natural,Tarde,Leste,50.9,1.0,58.1,129,2,31.59,350549,FW-EA164,0
EQP-38116,3867.0,Eletrico,Manha,Norte,83.7,0.74,107.5,8,0,-26.48,919361,FW-93EC1,0
EQP-38117,14654.8,Gas_Natural,Tarde,Sul,76.9,6.13,101.9,320,3,46.02,211940,FW-8D176,1
EQP-38118,6707.8,Eletrico,Manha,Norte,73.3,1.97,99.7,70,2,-4.44,448806,FW-CD908,0
EQP-38119,5528.2,Eletrico,Tarde,Norte,57.5,9.54,83.8,124,3,-22.67,285255,FW-BAD8A,1
EQP-38120,5885.4,Diesel,Manha,Leste,69.1,1.25,128.4,113,2,31.93,276339,FW-4757E,1
EQP-38121,5598.8,diesel,Manha,Oeste,84.4,1.47,99.6,154,1,14.32,593537,FW-7E89F,1
EQP-38122,1629.0,Diesel,Tarde,Norte,49.9,,110.8,148,0,-27.0,922333,FW-A9595,0
EQP-38123,376.3,Hibrido,Tarde,Leste,33.7,13.03,80.0,153,2,-30.25,328318,FW-827D2,1
EQP-38124,12957.3,Diesel,Noite,Sul,65.8,3.08,87.4,66,0,14.55,587436,FW-620C7,1
EQP-38125,14392.5,Diesel,Manha,Sul,72.5,21.87,81.2,267,1,-27.96,732858,FW-E9B4F,1
EQP-38126,3746.8,Gas_Natural,Tarde,Norte,59.5,1.45,87.6,82,1,-8.3,161123,FW-A66C2,0
EQP-38127,5870.4,Eletrico,Tarde,Sul,86.0,3.55,101.5,66,1,-0.05,415881,FW-DFCFC,1
EQP-38128,10748.9,diesel,Manha,Sul,59.8,6.58,132.8,89,0,11.3,191596,FW-AF3B6,1
EQP-38129,9007.6,Diesel,Tarde,Sul,95.1,3.74,106.8,346,1,6.87,906177,FW-1AAE1,1
EQP-38130,7453.0,Diesel,Manha,Norte,76.5,7.05,95.6,268,0,-56.71,304776,FW-E289E,1
EQP-38131,4282.4,Hibrido,Manha,Norte,77.8,3.38,107.0,293,1,-43.47,577636,FW-D3A50,1
EQP-38132,4609.7,Hibrido,Noite,Leste,54.0,3.95,97.1,263,4,39.5,383562,FW-1C786,1
EQP-38133,4718.6,diesel,Tarde,Leste,71.3,1.32,99.0,30,0,35.24,340575,FW-71D15,1
EQP-38134,2580.7,Eletrico,Manha,Norte,67.2,11.79,96.3,29,1,-19.26,274666,FW-EC6DF,1
EQP-38135,1555.6,Eletrico,Manha,Norte,63.0,1.29,109.6,83,1,-3.5,616729,FW-93E2B,0
EQP-38136,13477.1,Diesel,Noite,Norte,67.3,6.77,98.3,35,2,35.77,789595,FW-B4D99,1
EQP-38137,5222.9,Hibrido,Tarde,Sul,88.2,7.5,108.6,280,0,24.15,495674,FW-E67FA,1
EQP-38138,,diesel,Tarde,Norte,91.6,6.01,71.5,178,0,43.68,104854,FW-3739C,1
EQP-38139,,Diesel,Tarde,Oeste,89.3,2.23,94.6,8,2,-42.35,204238,FW-6DCD7,0
EQP-38140,10548.3, DIESEL ,Tarde,Sul,62.3,3.72,90.0,202,0,67.21,276562,FW-9BE41,0
EQP-38141,13467.6,diesel,Manha,Oeste,85.1,5.57,93.3,14,1,47.18,688001,FW-92C70,1
EQP-38142,10512.3,Diesel,Manha,Oeste,73.1,1.23,103.8,353,1,0.29,270992,FW-E0831,1
EQP-38143,,Hibrido,Tarde,Norte,64.8,1.45,93.8,327,1,25.95,779039,FW-4FBA6,1
EQP-38144,14952.5, DIESEL ,Manha,Sul,46.2,6.31,106.5,329,3,0.66,837092,FW-D0FF0,1
EQP-38145,14310.6,Eletrico,Noite,Norte,95.7,24.43,99.2,173,2,7.69,470942,FW-DD31F,1
EQP-38146,8548.0, DIESEL ,Tarde,Sul,99.2,1.16,129.3,246,1,-49.14,973516,FW-6920C,1
EQP-38147,14751.9,Diesel,Tarde,Sul,86.2,1.09,80.8,341,2,-1.16,139829,FW-5163C,1
EQP-38148,937.7,Diesel,Tarde,Leste,78.3,1.69,100.2,159,0,47.76,775542,FW-A76BD,0
EQP-38149,8024.3,Hibrido,Tarde,Oeste,73.5,5.75,106.3,309,0,-32.99,876294,FW-35454,1
EQP-38150,13107.7, DIESEL ,Manha,Sul,79.6,6.08,79.6,45,2,-2.21,992684,FW-DDB85,1
EQP-38151,2395.8,Eletrico,Manha,Sul,93.4,6.73,122.8,164,0,11.71,435902,FW-C3946,1
EQP-38152,10364.5, DIESEL ,Noite,Leste,107.6,2.73,116.1,26,2,-12.67,353228,FW-65659,1
EQP-38153,5192.5,Eletrico,Tarde,Oeste,54.0,1.81,103.9,247,1,54.43,446725,FW-35ADD,1
EQP-38154,2825.2,Gas_Natural,Manha,Oeste,88.1,2.8,139.8,229,1,80.78,778617,FW-4793C,1
EQP-38155,7699.4, DIESEL ,Manha,Norte,118.7,12.68,117.5,331,1,-38.48,742857,FW-5396D,1
EQP-38156,931.8,diesel,Manha,Oeste,67.2,12.59,99.2,267,1,16.28,545178,FW-A0D55,1
EQP-38157,5527.4,Hibrido,Manha,Sul,82.6,4.55,102.6,346,0,55.93,468483,FW-C4154,1
EQP-38158,13702.4,diesel,Manha,Oeste,49.4,17.88,106.5,218,0,3.48,931443,FW-A5EC2,1
EQP-38159,3524.6,diesel,Tarde,Leste,99.1,12.6,96.4,248,1,43.08,175145,FW-47E2B,1
EQP-38160,10354.4,Diesel,Manha,Leste,68.2,1.81,106.7,180,2,-63.48,398161,FW-D68E5,1
EQP-38161,1810.0,Diesel,Tarde,Oeste,55.9,0.54,87.2,341,0,5.59,627379,FW-F0259,1
EQP-38162,2591.3,Hibrido,Noite,Norte,61.2,3.59,97.1,90,1,43.91,739827,FW-A5C37,1
EQP-38163,1381.2, DIESEL ,Manha,Sul,88.0,4.33,77.3,344,1,-29.77,291817,FW-55B7C,1
EQP-38164,6081.0,Eletrico,Manha,Leste,75.3,1.36,126.2,235,1,-33.41,184091,FW-B0C01,1
EQP-38165,7737.6,Gas_Natural,Manha,Leste,91.2,0.8,114.1,353,4,-28.45,235831,FW-85348,1
EQP-38166,3747.6,diesel,Tarde,Sul,53.8,3.46,94.7,262,1,9.18,919720,FW-B81AB,1
EQP-38167,3518.8,Diesel,Noite,Leste,37.8,1.99,93.8,117,0,-8.36,157706,FW-7657E,0
EQP-38168,9398.9,diesel,Manha,Norte,71.1,1.09,99.1,58,1,54.09,712481,FW-E5B00,1
EQP-38169,6956.8, DIESEL ,Tarde,Sul,89.1,3.51,95.1,337,0,-62.01,882203,FW-2BEBC,1
EQP-38170,4403.3,Diesel,Tarde,Norte,57.9,5.57,84.4,78,2,-14.99,262862,FW-74C7E,1
EQP-38171,9142.9, DIESEL ,Tarde,Norte,54.8,22.41,118.1,337,1,16.14,177611,FW-A2414,1
EQP-38172,270.7,Eletrico,Manha,Oeste,73.8,1.69,93.0,266,1,17.1,713179,FW-F0BEF,0
EQP-38173,9184.3,Diesel,Tarde,Leste,46.9,1.03,109.3,89,0,2.72,645477,FW-B7DBC,0
EQP-38174,9734.6, DIESEL ,Tarde,Leste,84.9,9.64,96.7,183,0,92.66,426321,FW-C0D31,1
EQP-38175,3120.8,Eletrico,Manha,Oeste,79.0,5.41,121.8,41,0,-5.03,879391,FW-194BA,1
EQP-38176,5438.5, DIESEL ,Tarde,Norte,84.3,1.06,83.5,56,0,-27.82,742675,FW-6B708,0
EQP-38177,13909.7,Hibrido,Manha,Leste,58.2,12.04,130.5,148,0,-25.74,578580,FW-24F4F,1
EQP-38178,5495.7,Gas_Natural,Tarde,Oeste,74.7,5.39,99.4,187,0,18.25,520288,FW-8BC03,1
EQP-38179,4390.0,Eletrico,Tarde,Sul,91.5,10.15,95.0,317,0,-50.07,654404,FW-3F7B7,1
EQP-38180,11773.5, DIESEL ,Manha,Norte,71.5,,98.7,268,3,-16.37,528182,FW-B46DC,1
EQP-38181,9023.5,Eletrico,Tarde,Norte,68.9,5.59,74.3,69,1,43.47,924874,FW-97CD0,1
EQP-38182,6977.4,Diesel,Manha,Oeste,65.7,5.57,84.1,146,0,49.23,734118,FW-9990A,1
EQP-38183,11350.4, DIESEL ,Tarde,Sul,71.2,3.87,99.0,11,3,-37.01,898429,FW-9CEFF,1
EQP-38184,13406.0,Gas_Natural,Noite,Leste,61.7,8.33,97.4,183,2,28.55,340760,FW-A3004,1
EQP-38185,8395.3,Eletrico,Tarde,Norte,62.6,7.01,107.1,158,0,-29.78,771679,FW-AB741,1
EQP-38186,1927.3,Gas_Natural,Manha,Norte,77.7,15.08,114.3,310,1,-12.61,919533,FW-4070F,1
EQP-38187,9605.5,Hibrido,Tarde,Norte,52.6,5.46,91.3,244,0,-57.59,721672,FW-74817,1
EQP-38188,9385.4, DIESEL ,Noite,Norte,96.7,5.8,79.0,319,0,18.94,178001,FW-3480C,1
EQP-38189,7620.3,Diesel,Tarde,Oeste,81.9,2.46,120.0,235,0,1.59,449903,FW-A8FA0,1
EQP-38190,5155.3,Hibrido,Noite,Leste,101.6,3.0,86.8,30,1,-48.22,153291,FW-215FE,1
EQP-38191,4697.4,Eletrico,Tarde,Norte,113.2,0.58,135.2,78,0,40.08,847569,FW-65E51,1
EQP-38192,12220.4, DIESEL ,Tarde,Norte,98.5,7.31,129.9,206,0,40.46,439792,FW-DE975,1
EQP-38193,11418.0,diesel,Noite,Sul,69.2,1.8,87.4,87,0,-0.78,971143,FW-A387E,1
EQP-38194,12587.3,Gas_Natural,Manha,Oeste,87.3,10.17,101.1,18,1,21.17,849882,FW-D05D4,1
EQP-38195,9575.5,diesel,Manha,Norte,68.3,4.62,82.4,100,1,79.31,935719,FW-5DEB4,1
EQP-38196,1124.9,Eletrico,Manha,Oeste,86.3,23.0,110.5,184,2,-40.45,153522,FW-9EE4E,1
EQP-38197,3651.5,Eletrico,Manha,Oeste,83.7,2.06,84.6,332,3,66.51,157146,FW-2180B,1
EQP-38198,268.2,Eletrico,Manha,Oeste,114.9,2.22,118.4,305,0,45.32,168079,FW-87BD6,1
EQP-38199,2529.7,Eletrico,Manha,Sul,80.2,1.92,103.7,262,0,-58.52,227937,FW-F037D,1
EQP-38200,2961.8,Eletrico,Tarde,Leste,39.7,2.94,96.8,174,0,16.69,571227,FW-EAEB8,0
EQP-38201,9789.2,diesel,Noite,Sul,63.4,2.03,80.7,196,0,15.39,916227,FW-63BD2,1
EQP-38202,12500.8,Diesel,Manha,Norte,39.3,9.08,109.3,1,0,38.36,276601,FW-90A77,1
EQP-38203,4388.3,Diesel,Tarde,Oeste,76.1,4.57,94.5,203,1,-12.51,464131,FW-82B5F,0
EQP-38204,13233.3, DIESEL ,Manha,Norte,76.4,1.97,126.9,228,0,-41.44,579885,FW-DFF22,0
EQP-38205,624.2,Gas_Natural,Manha,Leste,56.3,4.31,102.0,19,1,43.8,715746,FW-EC6D6,0
EQP-38206,8416.5,Diesel,Manha,Sul,63.1,2.18,97.7,271,1,30.26,882011,FW-30889,0
EQP-38207,12026.0, DIESEL ,Tarde,Leste,80.7,1.06,111.2,276,1,13.21,898993,FW-D720D,1
EQP-38208,7519.4,Eletrico,Noite,Leste,75.9,5.65,102.4,274,0,-18.38,227534,FW-EA005,1
EQP-38209,1429.8,Gas_Natural,Noite,Leste,73.0,22.91,95.3,255,0,-7.51,348439,FW-2376D,1
EQP-38210,4513.0,Gas_Natural,Manha,Oeste,72.3,2.8,89.1,151,1,41.54,730734,FW-C1605,1
EQP-38211,1797.4,Gas_Natural,Manha,Sul,103.7,6.09,109.2,59,0,-32.8,691883,FW-E87CB,1
EQP-38212,13876.8,Gas_Natural,Manha,Norte,102.8,2.15,94.6,221,1,-5.52,499790,FW-D3B49,1
EQP-38213,9267.0,diesel,Manha,Sul,88.6,0.75,107.6,295,1,60.26,998471,FW-CDEE0,1
EQP-38214,7591.0,Hibrido,Tarde,Sul,76.2,4.93,114.6,126,0,-52.91,968609,FW-19166,1
EQP-38215,11504.7,Diesel,Manha,Leste,106.2,2.57,105.0,153,2,7.59,194657,FW-2427C,1
EQP-38216,7688.2,Eletrico,Tarde,Norte,64.4,4.08,93.1,273,0,-70.66,862167,FW-8D9E9,1
EQP-38217,3208.9,Eletrico,Tarde,Leste,65.1,6.52,115.0,59,0,10.62,407146,FW-90E3E,1
EQP-38218,14790.9,diesel,Noite,Sul,64.1,3.37,87.1,74,0,15.32,828605,FW-31DE3,1
EQP-38219,7395.6,Diesel,Manha,Oeste,67.3,5.12,125.2,144,0,59.56,720330,FW-69ABF,1
EQP-38220,3451.4,Diesel,Noite,Norte,41.1,2.14,74.4,164,0,13.43,207622,FW-46905,0
EQP-38221,821.8,Eletrico,Tarde,Oeste,62.2,4.21,76.5,312,2,36.61,527855,FW-D3C8E,1
EQP-38222,8477.5,Hibrido,Manha,Sul,64.6,2.24,100.6,97,0,5.46,557117,FW-2C658,0
EQP-38223,10214.7,Hibrido,Noite,Norte,70.8,7.72,105.8,24,1,-36.39,748855,FW-570A2,1
EQP-38224,5248.8, DIESEL ,Manha,Leste,86.4,5.03,84.3,311,1,21.73,465647,FW-24AB3,1
EQP-38225,6780.9, DIESEL ,Noite,Leste,53.7,4.42,68.9,259,0,-16.7,457291,FW-8C82F,0
EQP-38226,13910.2,Diesel,Tarde,Norte,46.9,14.56,80.4,247,2,16.81,216908,FW-189CD,1
EQP-38227,12681.3,Hibrido,Tarde,Oeste,51.6,0.54,105.0,48,2,18.62,237918,FW-513EB,1
EQP-38228,308.9,Gas_Natural,Tarde,Norte,79.3,6.17,119.6,186,2,6.39,958727,FW-32D0B,1
EQP-38229,14269.4,diesel,Manha,Norte,71.5,6.66,101.5,197,0,9.79,224015,FW-355D1,1
EQP-38230,1225.3,Eletrico,Manha,Leste,78.0,,107.1,141,0,-61.86,215785,FW-EC716,1
EQP-38231,3725.6,Diesel,Manha,Norte,74.6,,89.5,211,1,-23.35,468447,FW-7F225,0
EQP-38232,7260.5,Eletrico,Tarde,Leste,75.4,8.79,104.7,267,3,-6.28,296797,FW-7D984,1
EQP-38233,3782.5,diesel,Manha,Leste,55.6,6.32,120.6,218,1,30.72,439899,FW-74FF2,1
EQP-38234,13287.8,Diesel,Tarde,Norte,52.2,2.47,114.0,294,2,-50.55,474196,FW-BE032,0
EQP-38235,9031.4,Eletrico,Tarde,Leste,77.8,2.32,102.7,284,1,25.53,632468,FW-3AC80,1
EQP-38236,2701.8,Gas_Natural,Noite,Sul,79.2,2.17,100.7,56,0,-7.49,214958,FW-DBD00,0
EQP-38237,4506.6,diesel,Manha,Norte,70.2,1.86,113.3,304,2,-11.15,722498,FW-CE754,1
EQP-38238,9508.2,Gas_Natural,Manha,Sul,76.3,3.71,101.1,181,2,23.38,308610,FW-E1A08,1
EQP-38239,5069.9,Eletrico,Manha,Sul,63.1,4.73,111.0,186,0,9.27,670246,FW-EF1F9,1
EQP-38240,993.7,Diesel,Noite,Norte,78.1,2.39,91.4,319,0,65.94,511203,FW-3BD1A,1
EQP-38241,3101.9,Eletrico,Tarde,Sul,76.7,3.64,70.1,315,1,25.17,614415,FW-7AA87,1
EQP-38242,4767.3, DIESEL ,Manha,Leste,63.7,3.76,110.8,85,1,-12.9,627486,FW-38D0F,0
EQP-38243,11359.8, DIESEL ,Noite,Norte,91.0,0.86,114.6,355,1,-42.52,251190,FW-93969,1
EQP-38244,9266.1,Diesel,Manha,Norte,95.0,7.29,101.6,269,1,57.52,950544,FW-1E8B6,1
EQP-38245,6099.0,Diesel,Tarde,Sul,95.5,2.9,106.3,213,2,46.82,750863,FW-6F4AA,1
EQP-38246,10548.8,Hibrido,Manha,Oeste,40.5,0.68,98.1,240,1,-8.23,878352,FW-DB931,0
EQP-38247,983.5,Gas_Natural,Tarde,Oeste,79.4,9.49,119.3,227,2,-26.19,102759,FW-B4762,1
EQP-38248,10897.5,Diesel,Noite,Sul,76.4,8.02,106.2,195,2,-20.48,862155,FW-94D39,1
EQP-38249,1343.2,Eletrico,Tarde,Leste,43.2,1.98,75.6,176,0,18.29,241342,FW-AF24B,1
EQP-38250,1131.9,Diesel,Manha,Norte,86.5,3.18,99.5,299,1,-8.75,832230,FW-A5D04,1
EQP-38251,8449.9,Hibrido,Tarde,Sul,85.8,4.67,95.2,91,1,-7.36,252731,FW-E58A7,1
EQP-38252,12234.5,Diesel,Manha,Leste,81.2,3.26,91.7,9,1,11.12,288470,FW-71C67,1
EQP-38253,469.2,Eletrico,Noite,Norte,89.9,,96.1,140,0,50.31,733225,FW-83CEE,0
EQP-38254,14271.1,diesel,Tarde,Leste,107.2,1.63,81.8,324,0,5.64,478148,FW-C9DF1,1
EQP-38255,12248.1,Diesel,Manha,Sul,83.9,5.39,116.2,65,0,-18.92,781176,FW-CA49A,0
EQP-38256,5264.5,Diesel,Manha,Sul,82.7,5.82,109.9,70,0,16.06,975074,FW-A202D,1
EQP-38257,6010.8,Eletrico,Tarde,Sul,70.3,7.44,111.7,58,2,-49.6,345149,FW-98AB7,1
EQP-38258,3531.4,Hibrido,Tarde,Oeste,97.1,9.01,78.3,223,0,-32.95,450694,FW-EA692,1
EQP-38259,3352.7,Diesel,Manha,Oeste,84.1,2.06,87.6,183,0,38.11,690873,FW-6F074,0
EQP-38260,9097.7,Diesel,Noite,Leste,61.6,6.88,103.2,5,2,-33.04,726029,FW-8DEF6,1
EQP-38261,6842.5,Diesel,Manha,Leste,114.6,5.03,86.1,302,2,-33.59,618203,FW-3BF46,1
EQP-38262,, DIESEL ,Noite,Oeste,104.9,9.05,121.9,208,1,10.85,906927,FW-7FABF,1
EQP-38263,8493.3,Gas_Natural,Manha,Sul,85.3,,103.9,124,1,-9.06,881051,FW-454C4,1
EQP-38264,14480.9,Eletrico,Tarde,Sul,97.5,4.83,92.0,81,2,17.51,159667,FW-E48C2,1
EQP-38265,8641.2,Eletrico,Noite,Oeste,77.4,14.64,90.6,57,1,6.38,331678,FW-22924,1
EQP-38266,7432.1, DIESEL ,Noite,Norte,60.3,2.15,85.0,168,1,43.24,583931,FW-5F81D,0
EQP-38267,5142.6,Hibrido,Tarde,Leste,50.1,2.97,91.7,301,1,-72.28,451065,FW-C5522,1
EQP-38268,10380.8,Hibrido,Noite,Oeste,78.9,11.75,86.1,203,2,-20.84,424196,FW-87F42,1
EQP-38269,,Eletrico,Manha,Oeste,76.4,5.0,111.5,68,2,12.41,776204,FW-B7549,1
EQP-38270,5730.0, DIESEL ,Noite,Sul,90.1,6.62,94.0,71,0,-9.53,984918,FW-486D5,1
EQP-38271,8499.9,Diesel,Manha,Sul,88.2,5.55,94.1,39,1,63.83,711402,FW-30EF5,1
EQP-38272,4079.1,Eletrico,Tarde,Norte,96.2,2.52,86.4,234,2,4.01,207012,FW-5FCDF,1
EQP-38273,4131.9,Diesel,Noite,Sul,66.2,4.59,107.3,234,0,-21.03,725233,FW-79E05,1
EQP-38274,4287.4,Gas_Natural,Manha,Norte,51.2,3.13,102.4,59,0,50.56,661780,FW-BDA7A,0
EQP-38275,10895.9,Eletrico,Manha,Leste,49.5,11.3,98.3,263,0,-3.29,286622,FW-81C18,1
EQP-38276,13361.4,Gas_Natural,Tarde,Leste,66.2,3.77,110.3,158,1,11.38,316586,FW-6966F,1
EQP-38277,7559.7,Diesel,Noite,Norte,59.7,3.77,102.8,310,0,22.98,707540,FW-6A02F,0
EQP-38278,6505.5,Eletrico,Noite,Norte,92.9,3.37,99.2,53,1,-38.69,266231,FW-32C4E,1
EQP-38279,7073.1,Diesel,Manha,Sul,104.5,14.65,118.2,94,0,0.98,553098,FW-DC8C4,1
EQP-38280,1176.2, DIESEL ,Tarde,Sul,63.1,4.84,115.7,67,0,-9.86,906636,FW-1B9D0,0
EQP-38281,4103.7,Diesel,Manha,Leste,56.2,2.49,73.8,342,1,28.65,896634,FW-489F2,1
EQP-38282,14507.4,Eletrico,Tarde,Oeste,74.2,4.28,79.3,354,1,28.55,870275,FW-9F8BD,1
EQP-38283,11202.2,Diesel,Tarde,Sul,81.3,3.43,78.7,81,2,5.56,560354,FW-5FA0A,1
EQP-38284,4236.5,Eletrico,Manha,Leste,75.2,7.58,99.4,318,1,-26.27,177001,FW-7DA27,1
EQP-38285,11864.0, DIESEL ,Manha,Oeste,71.3,13.79,81.4,303,1,41.01,826168,FW-2A85B,1
EQP-38286,11589.5,Diesel,Tarde,Oeste,60.1,,112.1,174,0,14.9,372910,FW-28F17,0
EQP-38287,5764.0,Gas_Natural,Noite,Norte,88.7,,111.5,222,1,-12.26,108206,FW-96789,1
EQP-38288,2871.1,Diesel,Manha,Oeste,94.2,7.78,83.1,178,0,69.49,451130,FW-9BED4,1
EQP-38289,,Hibrido,Manha,Norte,70.8,1.38,106.4,106,0,-20.76,615018,FW-B8AD6,1
EQP-38290,10324.0,Diesel,Manha,Oeste,101.8,19.34,100.9,241,0,26.68,320436,FW-2EA4F,1
EQP-38291,9999.3,Eletrico,Manha,Sul,93.9,3.59,95.4,82,0,-45.23,246096,FW-DD1FD,1
EQP-38292,7881.7,Hibrido,Manha,Sul,62.7,0.52,89.2,184,1,-29.95,234652,FW-D6D15,1
EQP-38293,14055.1,Diesel,Manha,Sul,105.2,3.64,104.7,321,0,-29.87,261114,FW-B43C2,1
EQP-38294,11332.3,Eletrico,Manha,Sul,79.4,,108.3,73,0,32.19,982300,FW-D7E1E,1
EQP-38295,11127.2,Eletrico,Manha,Sul,72.4,8.91,96.8,51,0,17.99,860658,FW-EB03F,1
EQP-38296,9203.6,Gas_Natural,Manha,Sul,99.9,3.94,92.4,176,1,18.74,716635,FW-A34ED,1
EQP-38297,5684.4,Eletrico,Tarde,Leste,69.1,10.04,101.9,232,0,-58.37,559836,FW-D0301,1
EQP-38298,11819.6, DIESEL ,Tarde,Oeste,76.0,3.39,117.2,302,0,17.05,225190,FW-B250B,1
EQP-38299,2678.7,Eletrico,Noite,Sul,58.5,8.16,87.9,118,0,14.54,832392,FW-5EFA2,1
EQP-38300,3964.7,Diesel,Tarde,Norte,37.8,3.22,84.2,312,0,-7.25,819709,FW-19ED1,0
EQP-38301,6406.6,Gas_Natural,Tarde,Norte,67.5,0.69,123.1,62,0,-15.47,673384,FW-C1831,0
EQP-38302,6523.7,Diesel,Tarde,Sul,113.7,2.64,90.1,164,0,13.21,170614,FW-530BE,1
EQP-38303,1551.0,Eletrico,Manha,Sul,75.1,1.17,58.9,309,1,-2.37,200414,FW-2EAC7,0
EQP-38304,1224.9,Hibrido,Tarde,Sul,82.7,8.37,102.7,109,0,-28.25,861026,FW-F104F,1
EQP-38305,7939.9, DIESEL ,Noite,Sul,89.9,13.69,103.0,258,0,41.86,788874,FW-60623,1
EQP-38306,8954.6,Gas_Natural,Noite,Sul,84.3,1.25,95.6,159,1,-10.43,647027,FW-B423C,0
EQP-38307,13692.4,Diesel,Noite,Norte,65.3,7.77,92.4,69,3,-41.91,765110,FW-40B56,1
EQP-38308,1725.5,Eletrico,Manha,Sul,88.1,0.59,117.4,355,0,-22.64,945048,FW-1A0CA,0
EQP-38309,2930.4,Gas_Natural,Noite,Norte,63.7,1.67,84.3,103,1,-16.93,218236,FW-594F7,0
EQP-38310,4418.2,diesel,Manha,Norte,90.8,5.69,112.3,278,0,24.66,999439,FW-DDB03,1
EQP-38311,10933.9,Diesel,Manha,Oeste,47.1,3.58,97.2,230,0,55.78,379936,FW-221B7,1
EQP-38312,13846.2,Diesel,Tarde,Leste,72.5,4.03,97.4,229,2,19.4,817698,FW-8DE91,1
EQP-38313,2450.3, DIESEL ,Manha,Leste,57.9,3.25,105.0,247,0,21.17,352981,FW-AF5F0,0
EQP-38314,8152.9,Diesel,Noite,Leste,51.8,2.99,93.3,151,5,8.27,806220,FW-E896D,1
EQP-38315,7510.1,Eletrico,Tarde,Sul,42.7,12.61,97.0,43,1,34.96,343435,FW-C0276,1
EQP-38316,8063.8,Eletrico,Tarde,Sul,69.2,5.31,72.7,59,0,4.52,951641,FW-5E626,1
EQP-38317,1334.5,Diesel,Noite,Sul,65.4,9.15,131.8,208,2,-95.5,589206,FW-B9A18,1
EQP-38318,14582.1,Gas_Natural,Noite,Sul,70.9,3.88,90.8,268,0,29.38,859863,FW-ADC9B,0
EQP-38319,11704.7,Diesel,Manha,Sul,78.0,2.5,119.7,70,0,-1.8,302496,FW-94A15,0
EQP-38320,379.4,diesel,Tarde,Leste,50.5,12.89,96.2,206,0,26.76,676450,FW-2F9E7,1
EQP-38321,2707.7, DIESEL ,Manha,Sul,37.9,10.38,105.7,226,0,-66.68,474366,FW-CD924,1
EQP-38322,5940.6,Hibrido,Tarde,Norte,69.8,5.46,94.4,223,1,43.77,985319,FW-81511,1
EQP-38323,8604.2, DIESEL ,Manha,Oeste,62.5,5.87,87.6,310,1,-31.67,865415,FW-61334,1
EQP-38324,14702.1, DIESEL ,Manha,Leste,79.1,8.57,109.7,274,0,8.17,342133,FW-73CAC,1
EQP-38325,13522.8,Diesel,Manha,Sul,65.0,2.12,133.3,15,0,-91.78,196228,FW-1DD29,1
EQP-38326,7637.0,Diesel,Manha,Oeste,70.0,6.58,103.7,240,2,55.68,413186,FW-A4476,1
EQP-38327,3143.3,Hibrido,Tarde,Oeste,71.8,3.78,98.2,306,0,34.11,684538,FW-E7DA5,1
EQP-38328,943.8, DIESEL ,Tarde,Oeste,53.3,8.44,91.3,249,0,-50.85,989662,FW-97642,1
EQP-38329,11853.1,Eletrico,Manha,Oeste,77.3,9999.0,87.5,301,1,-8.42,685795,FW-63931,1
EQP-38330,5153.5, DIESEL ,Manha,Norte,77.2,1.05,87.4,233,0,-92.1,378840,FW-B0C71,1
EQP-38331,14276.0,Gas_Natural,Tarde,Oeste,108.9,9.12,66.2,47,3,-35.82,771372,FW-D1646,1
EQP-38332,11887.2,Eletrico,Tarde,Leste,71.8,2.4,111.9,61,0,-15.18,566900,FW-2290C,1
EQP-38333,13979.8,Eletrico,Noite,Leste,78.8,13.95,83.5,40,0,-8.27,322937,FW-1E6E9,1
EQP-38334,,diesel,Manha,Leste,72.6,15.88,99.9,324,0,-9.42,445009,FW-62867,1
EQP-38335,8227.5,Diesel,Tarde,Oeste,48.8,2.87,101.1,314,1,13.95,730603,FW-A47DB,0
EQP-38336,9555.1,Eletrico,Manha,Sul,88.5,,102.2,203,0,-49.84,377597,FW-B8CF6,1
EQP-38337,6094.5,Gas_Natural,Tarde,Norte,71.8,1.25,101.9,262,1,-11.88,906702,FW-6AAEC,1
EQP-38338,9986.6,Eletrico,Tarde,Leste,56.6,,98.0,218,0,11.18,351355,FW-B3C9C,1
EQP-38339,14182.4,Gas_Natural,Manha,Oeste,84.1,0.74,94.7,95,3,-7.77,711737,FW-83F3B,1
EQP-38340,9749.2,Eletrico,Tarde,Leste,86.3,3.56,127.2,199,1,-18.88,640805,FW-57DE8,1
EQP-38341,4415.8,diesel,Tarde,Oeste,81.4,5.54,101.4,210,0,11.61,162458,FW-E2442,1
EQP-38342,9162.8,diesel,Manha,Oeste,74.8,8.83,114.2,339,1,-17.01,627054,FW-CC1A6,1
EQP-38343,856.4,Eletrico,Noite,Norte,62.6,0.55,97.2,127,0,-29.96,243878,FW-8BE6E,0
EQP-38344,3893.6,Hibrido,Tarde,Norte,92.1,3.87,118.5,7,1,15.56,580036,FW-233A1,1
EQP-38345,2151.6,Diesel,Noite,Sul,90.0,6.78,124.9,228,2,11.21,920643,FW-F01EA,1
EQP-38346,2534.4,Hibrido,Tarde,Leste,91.4,6.52,117.0,258,1,42.81,196292,FW-6EF1E,1
EQP-38347,6065.8,Diesel,Noite,Sul,65.5,9.31,112.8,64,0,-55.56,373421,FW-D94A1,1
EQP-38348,7119.0,Eletrico,Manha,Oeste,101.9,5.6,115.5,311,1,-26.7,735672,FW-A909C,1
EQP-38349,1981.6,Diesel,Manha,Norte,104.6,9.86,98.4,63,1,-9.76,927662,FW-E0E5F,1
EQP-38350,14794.1,Hibrido,Tarde,Norte,51.0,6.69,88.7,1,0,33.9,302285,FW-1A1F4,0
EQP-38351,,Gas_Natural,Tarde,Sul,80.0,17.76,73.1,335,2,15.95,444725,FW-891E5,1
EQP-38352,4390.3,Eletrico,Noite,Oeste,83.3,0.94,73.0,2,2,0.74,995555,FW-E9A1A,1
EQP-38353,4470.1,Diesel,Tarde,Norte,106.4,2.96,92.6,345,2,-8.32,880919,FW-D6D1D,1
EQP-38354,8780.5, DIESEL ,Tarde,Sul,60.9,11.73,83.3,179,2,-41.18,513439,FW-92E33,1
EQP-38355,13794.2,Eletrico,Manha,Oeste,81.8,2.25,105.4,84,0,11.88,597078,FW-F131B,1
EQP-38356,10162.5,Gas_Natural,Tarde,Sul,100.4,6.6,83.6,101,1,35.42,799025,FW-7AB53,1
EQP-38357,4002.1,Diesel,Manha,Sul,84.1,9.25,100.3,245,1,44.86,998506,FW-E960D,1
EQP-38358,619.6,Diesel,Manha,Sul,26.9,10.48,88.8,254,1,29.54,254060,FW-4EB5A,1
EQP-38359,13096.7, DIESEL ,Manha,Leste,85.7,4.77,144.2,364,2,49.33,305232,FW-2C0C7,1
EQP-38360,,Diesel,Manha,Sul,63.3,6.34,112.2,59,0,-15.73,117518,FW-F1940,1
EQP-38361,10260.8,Diesel,Tarde,Sul,58.8,3.02,90.6,282,0,47.65,631838,FW-BC0DC,1
EQP-38362,6408.5,Eletrico,Tarde,Norte,62.8,16.29,92.2,246,1,-0.43,887893,FW-A88AD,1
EQP-38363,14294.0,Eletrico,Manha,Oeste,79.6,2.6,89.1,175,2,-38.05,519323,FW-B8B87,1
EQP-38364,8872.3,Hibrido,Manha,Norte,43.7,10.8,111.2,116,0,-2.22,611593,FW-8CAB1,1
EQP-38365,7891.2,Eletrico,Manha,Oeste,93.2,3.35,85.2,9,0,-1.78,786061,FW-E0E4A,1
EQP-38366,276.6,Diesel,Tarde,Norte,75.0,0.72,80.5,44,0,31.71,476757,FW-C3AFE,0
EQP-38367,13363.1,Eletrico,Manha,Oeste,56.8,2.47,100.4,119,2,12.5,593308,FW-CE86A,1
EQP-38368,12993.1,Diesel,Manha,Oeste,86.1,1.15,124.6,328,1,34.13,421250,FW-D5DCE,1
EQP-38369,14884.3,Gas_Natural,Tarde,Oeste,73.2,13.73,79.5,205,1,4.11,773604,FW-5C3B7,1
EQP-38370,14076.6,Gas_Natural,Manha,Norte,67.3,1.16,81.3,249,0,49.54,339928,FW-DCAF9,1
EQP-38371,9185.6,Eletrico,Manha,Norte,54.8,16.73,88.4,348,0,-61.63,166139,FW-30243,1
EQP-38372,4540.2,Eletrico,Noite,Norte,58.5,12.25,93.2,3,1,17.33,346366,FW-E3011,1
EQP-38373,2647.5,Hibrido,Manha,Leste,72.3,1.3,122.0,176,1,-15.46,895959,FW-DBB26,0
EQP-38374,1631.5,Eletrico,Manha,Sul,92.6,17.15,121.4,328,2,35.79,233799,FW-A0C73,1
EQP-38375,8602.9, DIESEL ,Tarde,Leste,79.4,2.05,85.1,206,0,-17.38,135479,FW-C56D9,1
EQP-38376,13463.2,Hibrido,Manha,Norte,48.4,6.26,108.9,325,1,5.19,534901,FW-7C770,0
EQP-38377,10641.9,Diesel,Manha,Sul,80.6,3.88,106.2,40,0,-7.0,336828,FW-4CFBB,0
EQP-38378,2638.6,Hibrido,Tarde,Leste,63.3,,87.4,18,0,-31.5,858251,FW-B523E,0
EQP-38379,14140.8,Eletrico,Manha,Sul,47.2,1.24,61.5,20,0,9.48,408760,FW-9FBA7,0
EQP-38380,5410.8,Eletrico,Manha,Norte,103.0,14.02,112.5,133,1,46.28,458016,FW-3ECDB,1
EQP-38381,2389.7,Diesel,Tarde,Norte,104.1,3.51,109.7,5,1,-22.93,938003,FW-A99BF,1
EQP-38382,9207.8, DIESEL ,Noite,Sul,59.4,3.67,100.2,328,4,-21.07,197362,FW-85738,1
EQP-38383,8041.8,Diesel,Manha,Norte,76.9,0.53,120.6,135,1,-19.54,305417,FW-E5B59,1
EQP-38384,2033.9,Gas_Natural,Noite,Leste,79.8,2.52,110.8,172,2,-35.11,662329,FW-EFF44,1
EQP-38385,6701.1,Eletrico,Noite,Sul,81.1,6.08,112.8,195,0,-13.62,184325,FW-E2BB3,1
EQP-38386,12138.1,Diesel,Tarde,Norte,81.3,0.5,74.9,8,2,3.86,945236,FW-800E3,1
EQP-38387,13459.7,Hibrido,Noite,Sul,66.0,6.7,109.9,339,0,-6.48,197837,FW-DDAB6,1
EQP-38388,10980.6, DIESEL ,Tarde,Sul,65.3,2.6,108.7,92,1,25.15,452148,FW-83A16,1
EQP-38389,9739.7,Diesel,Manha,Leste,80.4,5.23,89.8,183,0,42.09,306605,FW-44842,1
EQP-38390,8286.1,Eletrico,Manha,Leste,51.9,1.38,110.5,81,1,22.83,135021,FW-DC843,0
EQP-38391,8621.2,Eletrico,Noite,Oeste,113.6,3.6,92.0,263,3,-8.22,240863,FW-27CB1,1
EQP-38392,5287.5, DIESEL ,Manha,Leste,86.2,0.97,88.0,58,2,63.32,706884,FW-EC582,1
EQP-38393,8985.5,Diesel,Noite,Leste,74.3,4.55,121.3,276,1,56.07,351040,FW-721CD,1
EQP-38394,4485.5,Diesel,Manha,Norte,86.2,3.54,103.6,145,0,-18.91,315070,FW-A8039,1
EQP-38395,8261.1,Eletrico,Manha,Norte,104.1,8.1,146.3,187,1,73.69,807304,FW-943BB,1
EQP-38396,2293.9,Eletrico,Manha,Oeste,97.5,5.06,112.8,236,0,1.84,769833,FW-A711D,1
EQP-38397,4433.5,Hibrido,Manha,Norte,80.2,8.36,83.5,312,1,58.83,937171,FW-D7C6A,1
EQP-38398,13010.5,Diesel,Manha,Sul,63.8,1.34,93.3,195,0,-15.37,448933,FW-B6B2A,1
EQP-38399,279.6,diesel,Tarde,Oeste,57.4,6.34,115.6,156,1,24.99,624332,FW-BE098,0
EQP-38400,10427.5,Eletrico,Manha,Norte,73.5,6.45,90.6,58,0,-8.37,772845,FW-C733A,1
EQP-38401,8110.3,Diesel,Tarde,Oeste,72.4,11.24,106.2,338,2,75.71,556821,FW-B3EA4,1
EQP-38402,13967.7,Gas_Natural,Noite,Leste,67.7,3.38,107.1,214,2,16.46,518228,FW-DB8B3,1
EQP-38403,7648.3,Eletrico,Noite,Sul,60.1,1.65,97.5,219,1,11.66,967970,FW-7F82B,1
EQP-38404,4628.0,Diesel,Tarde,Sul,85.0,10.89,75.7,258,2,-23.74,364303,FW-E9A88,1
EQP-38405,, DIESEL ,Manha,Oeste,103.4,2.58,92.2,325,1,1.89,721575,FW-911C0,1
EQP-38406,3812.8,Eletrico,Noite,Norte,62.6,4.55,92.5,227,0,29.11,988798,FW-8A6C4,0
EQP-38407,8882.6,Eletrico,Tarde,Sul,81.8,0.81,102.3,116,2,-61.29,756757,FW-2A8BF,1
EQP-38408,14109.3, DIESEL ,Manha,Norte,51.8,4.56,78.9,261,0,-6.86,752011,FW-9EEB6,1
EQP-38409,9200.5,Eletrico,Manha,Leste,65.2,1.02,103.4,269,2,-59.47,913471,FW-CFD3E,1
EQP-38410,2944.4,Diesel,Tarde,Sul,86.0,3.02,98.4,157,0,11.71,980396,FW-84BC8,1
EQP-38411,7139.3,Diesel,Noite,Sul,54.7,3.59,113.1,10,2,34.98,487088,FW-A1819,1
EQP-38412,10288.2,Eletrico,Noite,Oeste,49.6,9.96,99.5,238,0,32.91,679040,FW-4BDC4,1
EQP-38413,12990.3,Hibrido,Manha,Leste,98.8,0.79,126.2,51,1,-22.93,804088,FW-89C6F,0
EQP-38414,2355.0,Eletrico,Manha,Norte,43.7,,77.6,300,0,-4.48,824326,FW-81692,0
EQP-38415,7145.5,Diesel,Manha,Leste,26.8,,99.6,89,0,-26.52,974535,FW-EBE89,0
EQP-38416,3747.8,diesel,Manha,Sul,62.9,1.73,129.6,198,2,15.64,758739,FW-9BFB1,1
EQP-38417,2666.2,Diesel,Manha,Leste,30.3,2.68,83.7,65,1,34.49,477752,FW-2230E,0
EQP-38418,3042.2,Diesel,Noite,Norte,63.9,16.65,72.5,306,1,-38.42,184604,FW-1DE23,1
EQP-38419,1725.7,Hibrido,Noite,Sul,53.5,0.99,113.1,13,1,-32.35,877721,FW-C655D,1
EQP-38420,8975.6,Eletrico,Manha,Leste,68.5,2.71,105.3,351,1,-34.8,717093,FW-B1C8D,1
EQP-38421,2939.2,Eletrico,Tarde,Leste,66.4,6.02,82.8,67,0,-17.35,457671,FW-E6272,1
EQP-38422,574.9,Gas_Natural,Manha,Norte,30.9,4.38,115.6,311,0,-13.05,723850,FW-D601C,0
EQP-38423,,Diesel,Manha,Sul,69.1,15.25,116.6,96,0,16.39,327516,FW-F10E8,0
EQP-38424,3989.8,Diesel,Manha,Oeste,98.4,2.72,71.1,43,0,-61.3,208447,FW-D9442,1
EQP-38425,14617.9,diesel,Tarde,Norte,64.9,5.58,106.7,224,0,49.6,114169,FW-52FF5,1
EQP-38426,14699.9,Hibrido,Noite,Leste,55.0,4.44,97.8,51,2,-36.89,792776,FW-34FC4,1
EQP-38427,4490.0, DIESEL ,Tarde,Sul,73.8,0.65,107.9,117,2,-71.49,500196,FW-581E5,0
EQP-38428,3479.7,Diesel,Noite,Norte,73.2,4.8,91.7,102,1,-33.71,671914,FW-97D72,1
EQP-38429,3574.4,Eletrico,Tarde,Oeste,61.2,1.71,104.3,177,0,-27.32,210161,FW-C419F,0
EQP-38430,9113.5,Hibrido,Noite,Oeste,97.3,,87.8,93,3,2.1,361328,FW-32FFE,1
EQP-38431,13805.9, DIESEL ,Noite,Leste,72.4,1.23,88.0,341,1,32.66,970222,FW-4E27A,1
EQP-38432,1872.8,Diesel,Tarde,Sul,84.8,3.46,115.6,1,0,41.18,650362,FW-3F9FD,0
EQP-38433,9309.4,Eletrico,Manha,Norte,72.0,3.58,109.0,159,1,12.38,588847,FW-D18B9,0
EQP-38434,6557.3,Eletrico,Manha,Sul,67.7,5.12,100.4,53,0,-6.45,572768,FW-6302A,0
EQP-38435,8475.9,Eletrico,Manha,Sul,58.6,3.3,102.3,141,2,50.76,338698,FW-AC058,1
EQP-38436,2742.1,Eletrico,Tarde,Sul,71.1,2.55,82.8,354,0,-3.51,133369,FW-30BE1,1
EQP-38437,12335.4, DIESEL ,Tarde,Norte,70.2,7.5,92.3,73,0,-1.79,937815,FW-747AD,1
EQP-38438,5836.6,Diesel,Manha,Leste,89.0,14.35,109.9,12,0,-58.92,706952,FW-C3D90,1
EQP-38439,10805.4,Hibrido,Manha,Norte,96.3,18.28,98.2,203,0,-34.32,388872,FW-B7CB8,1
EQP-38440,238.8,Gas_Natural,Tarde,Oeste,52.7,4.09,110.0,187,2,-19.53,242057,FW-39EB6,0
EQP-38441,8274.0,Eletrico,Manha,Sul,77.7,3.6,97.1,114,1,-33.44,615875,FW-229E6,1
EQP-38442,2518.8,Gas_Natural,Noite,Sul,71.6,2.33,96.1,245,1,-12.03,645471,FW-A252F,1
EQP-38443,10004.4,Eletrico,Manha,Leste,65.8,3.14,93.2,283,1,-42.8,104331,FW-2EA1B,1
EQP-38444,14632.7,diesel,Noite,Norte,88.9,7.53,91.8,176,1,47.58,816467,FW-37650,1
EQP-38445,9327.4,Diesel,Noite,Oeste,98.0,9.75,112.7,144,2,-17.57,938007,FW-44389,1
EQP-38446,14182.2, DIESEL ,Tarde,Norte,90.7,4.35,88.4,207,1,-11.06,306915,FW-BBD5C,1
EQP-38447,9517.2,Gas_Natural,Noite,Oeste,84.6,0.93,122.1,159,1,18.86,123415,FW-AC94D,1
EQP-38448,6521.8,Hibrido,Tarde,Oeste,85.5,1.2,109.3,102,0,40.92,592468,FW-2424E,0
EQP-38449,,diesel,Tarde,Norte,90.8,3.61,118.1,54,0,-22.24,698624,FW-C28E7,1
EQP-38450,, DIESEL ,Noite,Leste,43.6,1.0,80.1,145,0,5.5,606929,FW-88163,0
EQP-38451,1325.0,Hibrido,Tarde,Sul,83.4,12.62,101.9,86,1,-26.45,707944,FW-ECC45,1
EQP-38452,11775.6,Eletrico,Tarde,Leste,112.8,2.4,127.9,255,1,30.5,978750,FW-B1550,1
EQP-38453,6718.2,Diesel,Noite,Oeste,74.0,2.89,100.8,24,1,20.19,357673,FW-C3F45,1
EQP-38454,9552.2,Hibrido,Tarde,Sul,97.8,32.1,100.5,352,0,29.09,448605,FW-39D77,1
EQP-38455,1126.4,Gas_Natural,Noite,Sul,59.4,17.09,110.9,304,3,24.86,680585,FW-CB895,1
EQP-38456,7266.4,Diesel,Manha,Oeste,106.5,0.56,117.9,242,2,-38.2,936783,FW-EFAA1,1
EQP-38457,3617.3,Eletrico,Noite,Leste,40.2,7.92,87.6,12,0,28.23,453308,FW-DFA53,0
EQP-38458,2566.7,diesel,Noite,Norte,28.0,2.53,128.0,47,0,-15.72,106871,FW-847CB,0
EQP-38459,11805.3,Hibrido,Noite,Leste,77.0,6.0,104.1,6,1,-34.29,918295,FW-98563,1
EQP-38460,4172.3,Diesel,Tarde,Oeste,62.7,8.22,96.4,357,4,-111.59,171606,FW-49625,0
EQP-38461,10847.8, DIESEL ,Manha,Leste,103.3,1.75,114.2,158,2,3.44,404852,FW-5A7F6,1
EQP-38462,11251.7,Eletrico,Noite,Oeste,88.2,4.9,87.5,38,0,-17.78,138904,FW-1D281,0
EQP-38463,8876.6,Gas_Natural,Manha,Sul,70.5,11.34,114.7,46,1,-14.51,493613,FW-2F72A,1
EQP-38464,12295.0,Gas_Natural,Tarde,Norte,77.6,3.14,79.7,16,1,-49.8,153186,FW-ABD0C,0
EQP-38465,6292.2,Diesel,Manha,Sul,89.0,5.29,116.7,104,0,-44.05,891059,FW-7C511,1
EQP-38466,3364.3,diesel,Manha,Oeste,94.0,4.88,98.3,341,0,-38.84,181846,FW-B3D6F,1
EQP-38467,8308.4,Eletrico,Manha,Sul,72.2,17.26,101.3,146,2,-22.16,332585,FW-982BE,1
EQP-38468,2832.0,Diesel,Noite,Sul,96.8,6.43,126.8,65,0,50.39,179682,FW-55464,1
EQP-38469,12725.9,Eletrico,Manha,Sul,35.7,2.35,96.8,131,2,56.15,946817,FW-5FED8,1
EQP-38470,5925.0,Diesel,Tarde,Leste,114.7,1.94,107.3,177,0,39.7,535271,FW-AAAFD,1
EQP-38471,,Diesel,Noite,Norte,61.7,1.03,146.2,343,0,-47.19,627950,FW-A807A,1
EQP-38472,5358.0,Hibrido,Noite,Oeste,83.6,1.01,123.9,162,1,63.95,578306,FW-D104C,1
EQP-38473,11493.4,Diesel,Noite,Leste,119.6,2.47,77.2,354,0,24.86,491196,FW-BCDED,1
EQP-38474,11763.0,Gas_Natural,Noite,Oeste,74.3,2.03,92.8,288,0,35.4,333906,FW-22BA3,1
EQP-38475,1805.0, DIESEL ,Tarde,Sul,70.9,7.8,96.6,248,1,18.87,284696,FW-5E550,1
EQP-38476,882.9, DIESEL ,Tarde,Norte,72.0,10.81,80.2,325,0,-16.55,988634,FW-89294,1
EQP-38477,9392.5,Hibrido,Manha,Norte,97.7,7.18,111.6,342,1,-17.49,783422,FW-CEF78,1
EQP-38478,, DIESEL ,Manha,Sul,89.4,2.35,104.0,284,0,22.96,720505,FW-6F6F2,1
EQP-38479,3270.7,Diesel,Manha,Sul,83.9,8.07,100.9,264,3,7.89,966117,FW-F4044,1
EQP-38480,6506.3,Eletrico,Noite,Norte,75.6,3.5,87.9,278,0,41.46,276995,FW-80ECB,1
EQP-38481,9582.5,Diesel,Manha,Sul,66.9,6.66,95.3,109,0,39.35,600262,FW-1908F,1
EQP-38482,8130.2,Diesel,Tarde,Sul,81.4,0.88,90.3,17,1,19.62,607707,FW-5D928,1
EQP-38483,6491.8,Eletrico,Tarde,Leste,73.8,6.03,123.9,216,1,6.24,449041,FW-190BE,1
EQP-38484,8893.7,Hibrido,Tarde,Norte,59.1,0.87,92.3,249,1,-25.5,693676,FW-62F41,1
EQP-38485,6212.5, DIESEL ,Manha,Norte,77.6,7.3,86.4,117,0,-40.37,791576,FW-3B267,1
EQP-38486,3985.1,diesel,Manha,Sul,72.9,4.09,86.6,196,3,-22.49,340728,FW-91B13,1
EQP-38487,10990.2,Diesel,Noite,Norte,80.3,,124.6,75,0,1.82,232055,FW-DE750,1
EQP-38488,6190.8,Gas_Natural,Tarde,Sul,70.2,,101.3,198,0,-17.85,852365,FW-85964,0
EQP-38489,2026.7,Eletrico,Noite,Norte,54.8,14.23,86.2,273,0,20.83,703578,FW-7E00D,1
EQP-38490,14342.9,Diesel,Manha,Norte,54.3,1.91,107.2,341,2,-21.11,329410,FW-C4E79,1
EQP-38491,1548.3,Diesel,Tarde,Norte,54.7,1.14,119.3,193,0,-24.65,622398,FW-B2FA6,1
EQP-38492,11754.3,Eletrico,Tarde,Leste,104.5,5.56,67.0,316,0,-24.8,532975,FW-8271C,1
EQP-38493,8464.4,Eletrico,Noite,Norte,58.4,0.84,95.1,331,3,27.76,700836,FW-994DC,1
EQP-38494,,Eletrico,Tarde,Sul,68.8,2.4,109.6,208,0,34.22,634072,FW-E3606,1
EQP-38495,12240.1,Hibrido,Tarde,Leste,79.3,1.75,103.0,305,0,-10.33,644864,FW-3FB13,1
EQP-38496,9868.2,Eletrico,Manha,Leste,65.4,1.21,64.8,71,0,1.91,315027,FW-D2229,0
EQP-38497,13081.6,Eletrico,Noite,Norte,91.4,1.95,74.7,162,1,43.16,208881,FW-A2F50,1
EQP-38498,1765.1,Hibrido,Manha,Leste,68.0,3.69,115.0,348,1,-43.54,986309,FW-7D369,1
EQP-38499,11484.5,Diesel,Manha,Oeste,60.9,1.65,75.0,137,2,-7.54,494711,FW-D4C8F,0
EQP-38500,12936.0,Diesel,Tarde,Leste,40.0,0.75,95.0,254,2,9.6,143100,FW-767A5,1
EQP-38501,11240.3,Diesel,Tarde,Leste,77.3,2.74,88.5,16,0,-59.98,530774,FW-C83DA,1
EQP-38502,3738.5,Hibrido,Manha,Leste,81.2,2.74,91.8,143,0,-28.32,789068,FW-43C5E,0
EQP-38503,11553.4,Eletrico,Tarde,Norte,66.6,9.23,118.9,164,1,-59.25,615011,FW-6B4C1,1
EQP-38504,1872.2,Gas_Natural,Noite,Sul,47.6,7.8,95.5,296,1,2.81,412387,FW-6D693,1
EQP-38505,14909.5,Hibrido,Manha,Sul,72.2,22.32,111.1,109,1,-18.34,833000,FW-5BB56,1
EQP-38506,750.5,Diesel,Manha,Oeste,81.6,16.04,102.8,324,1,49.75,918845,FW-4494B,1
EQP-38507,8228.9,Eletrico,Noite,Leste,98.2,3.66,82.8,51,0,40.77,717284,FW-26759,1
EQP-38508,906.6,Eletrico,Manha,Norte,82.3,2.14,105.9,29,2,-8.05,401449,FW-F083A,0
EQP-38509,14723.0,Eletrico,Noite,Oeste,99.9,6.27,102.9,267,2,-16.38,458666,FW-388B6,1
EQP-38510,9089.6,Eletrico,Tarde,Norte,74.2,6.6,90.6,142,0,11.26,713993,FW-80493,0
EQP-38511,13938.8,Eletrico,Manha,Leste,109.9,3.46,75.4,121,1,-0.37,703251,FW-8CC50,1
EQP-38512,4020.7,Hibrido,Manha,Leste,90.9,1.17,79.3,140,1,94.56,190226,FW-B73A5,1
EQP-38513,5419.6,Hibrido,Manha,Leste,88.2,,127.1,7,0,12.08,769029,FW-D1417,1
EQP-38514,11302.3,Diesel,Manha,Leste,89.7,1.18,115.5,293,0,17.47,788771,FW-5AEEA,1
EQP-38515,13131.9,Diesel,Noite,Sul,78.6,3.66,92.7,110,1,58.42,778500,FW-18E6A,1
EQP-38516,4299.8,Diesel,Noite,Sul,109.7,5.73,118.5,172,0,-49.13,886345,FW-98232,1
EQP-38517,,Eletrico,Noite,Norte,109.3,4.9,97.4,238,2,27.11,385415,FW-82AE1,1
EQP-38518,11061.5,diesel,Noite,Leste,71.8,5.35,97.3,232,1,-3.34,100055,FW-8523C,1
EQP-38519,3906.5,Diesel,Noite,Sul,84.5,1.18,123.8,125,0,48.14,749301,FW-BD76B,0
EQP-38520,14060.0,Eletrico,Noite,Leste,75.7,3.52,104.4,238,2,20.3,190998,FW-D5F28,1
EQP-38521,13423.7,diesel,Manha,Leste,61.0,2.14,88.9,56,2,14.09,441015,FW-38B43,1
EQP-38522,,Hibrido,Manha,Leste,51.3,3.15,87.3,208,0,65.73,817283,FW-D0952,0
EQP-38523,6386.7,Diesel,Tarde,Norte,71.4,7.33,133.2,127,0,-10.53,369087,FW-61166,0
EQP-38524,13348.9,Eletrico,Manha,Oeste,74.3,1.91,88.2,1,3,-30.38,547931,FW-2A247,1
EQP-38525,3683.5,Diesel,Manha,Leste,67.7,9.39,105.2,185,1,-34.63,623137,FW-D565B,1
EQP-38526,13056.7,Diesel,Tarde,Sul,28.4,1.56,80.7,8,0,-17.49,310107,FW-D0C8F,0
EQP-38527,476.2,Eletrico,Tarde,Oeste,87.0,1.22,95.7,324,0,67.89,358408,FW-E9B65,1
EQP-38528,3246.9, DIESEL ,Tarde,Sul,56.1,2.85,107.1,108,0,24.38,653474,FW-E2FA5,1
EQP-38529,526.7,Hibrido,Noite,Sul,85.3,2.3,109.9,224,0,-30.24,822169,FW-9244B,1
EQP-38530,10004.8,Eletrico,Noite,Norte,60.5,8.28,120.3,197,3,-24.08,330575,FW-AF7F5,1
EQP-38531,14656.7, DIESEL ,Noite,Leste,98.1,4.19,77.7,172,0,2.86,829520,FW-D7911,1
EQP-38532,,Gas_Natural,Manha,Sul,78.4,21.07,90.5,291,1,-56.4,459657,FW-9299A,1
EQP-38533,13294.1,Diesel,Noite,Leste,52.1,7.34,75.6,356,0,-18.63,510017,FW-3E5A2,1
EQP-38534,6869.1,Eletrico,Noite,Oeste,81.7,6.14,83.3,295,1,16.04,736371,FW-A55C6,1
EQP-38535,9247.9,diesel,Manha,Norte,76.0,0.64,121.6,6,0,-72.76,135182,FW-AB766,0
EQP-38536,3125.2, DIESEL ,Manha,Norte,79.2,7.73,99.5,297,1,-36.92,517593,FW-5C23F,1
EQP-38537,14716.6,Hibrido,Tarde,Sul,95.1,1.66,96.1,256,1,29.92,728218,FW-2C364,1
EQP-38538,7654.0,Hibrido,Tarde,Sul,89.1,2.94,101.6,355,0,2.32,216034,FW-25FA7,1
EQP-38539,13900.7,Eletrico,Manha,Leste,57.1,4.07,77.9,52,2,7.35,617489,FW-6B0E6,1
EQP-38540,8777.3,Diesel,Tarde,Leste,74.8,2.07,115.4,115,0,50.04,413331,FW-22C2F,1
EQP-38541,11392.4, DIESEL ,Tarde,Leste,99.7,1.84,112.1,323,0,-28.97,562232,FW-4079E,1
EQP-38542,11893.9,Diesel,Manha,Norte,77.2,,79.3,200,1,-17.64,454838,FW-80F67,1
EQP-38543,1391.4,diesel,Tarde,Leste,66.2,3.31,77.3,350,0,-30.58,866238,FW-AF9B8,1
EQP-38544,4494.7,Diesel,Manha,Norte,94.8,2.01,109.2,249,1,-26.02,582663,FW-1BC54,1
EQP-38545,14920.6, DIESEL ,Noite,Norte,85.3,4.73,122.4,209,0,-2.44,566119,FW-ED8C7,1
EQP-38546,6692.3,diesel,Manha,Leste,67.1,4.23,86.8,287,0,-32.69,800972,FW-C1123,0
EQP-38547,4290.9,diesel,Manha,Norte,88.1,5.17,86.4,220,1,22.61,934644,FW-90A3B,1
EQP-38548,3912.0,Hibrido,Tarde,Sul,63.5,2.25,125.0,11,1,15.01,271472,FW-9F5AB,1
EQP-38549,11133.0,Hibrido,Manha,Oeste,99.0,3.23,103.2,58,0,-65.58,376889,FW-A9939,1
EQP-38550,3398.0,Hibrido,Manha,Norte,94.7,13.12,88.5,254,0,9.37,550427,FW-5A01E,1
EQP-38551,2293.3,Eletrico,Tarde,Oeste,78.6,7.91,118.6,140,2,-9.33,808943,FW-AACA2,1
EQP-38552,1320.1,Gas_Natural,Manha,Sul,86.1,3.31,92.3,296,0,-23.3,394668,FW-ADC9D,1
EQP-38553,,Gas_Natural,Noite,Sul,85.0,5.92,89.8,39,0,4.3,529425,FW-7DE89,0
EQP-38554,10091.1,Eletrico,Noite,Leste,72.6,,77.4,125,0,-3.74,290135,FW-CCF85,1
EQP-38555,8832.9,Gas_Natural,Manha,Leste,53.4,6.65,74.7,322,0,-29.55,858426,FW-8155A,1
EQP-38556,14909.9,Hibrido,Manha,Oeste,65.5,1.14,90.3,33,0,-12.55,742295,FW-57B53,1
EQP-38557,,Eletrico,Noite,Norte,92.4,2.78,64.8,253,0,-36.89,219144,FW-24047,0
EQP-38558,5269.2,diesel,Manha,Sul,76.0,2.43,108.9,243,1,-44.38,314900,FW-4C595,0
EQP-38559,6140.4,Diesel,Tarde,Leste,78.8,4.72,80.2,92,0,10.3,567706,FW-AB7A9,0
EQP-38560,12750.6,Gas_Natural,Tarde,Norte,49.6,5.7,93.6,17,1,56.63,837910,FW-E1F7A,1
EQP-38561,12920.8, DIESEL ,Tarde,Leste,95.8,8.88,84.5,184,1,51.45,136583,FW-3C3A0,1
EQP-38562,8798.1, DIESEL ,Noite,Oeste,100.9,4.25,92.6,31,1,-33.7,857818,FW-2C63F,0
EQP-38563,6299.5, DIESEL ,Manha,Leste,76.4,4.54,102.8,130,1,45.1,564783,FW-35E89,1
EQP-38564,6958.7,Eletrico,Manha,Leste,107.0,0.73,94.4,11,1,-14.4,396652,FW-7B6F2,1
EQP-38565,5727.2,Eletrico,Tarde,Norte,106.6,3.86,101.4,229,2,7.84,136369,FW-56FE6,1
EQP-38566,13174.6,Diesel,Noite,Norte,79.9,11.16,93.8,216,0,-13.38,769507,FW-6E439,1
EQP-38567,12062.2,Gas_Natural,Noite,Leste,68.7,1.77,87.7,355,3,-1.14,287907,FW-D640A,1
EQP-38568,4871.7, DIESEL ,Manha,Sul,44.2,6.46,107.3,139,0,27.44,382626,FW-24F4C,0
EQP-38569,8050.0,Eletrico,Noite,Sul,65.5,3.92,95.7,190,0,-3.84,521551,FW-86102,1
EQP-38570,5968.2,Eletrico,Noite,Norte,101.4,0.81,92.1,43,0,-61.2,977511,FW-ECA02,1
EQP-38571,3113.9,Eletrico,Tarde,Norte,86.4,4.82,85.7,18,0,23.29,759703,FW-9CB32,1
EQP-38572,2491.8,Eletrico,Manha,Sul,105.7,4.86,75.2,290,1,-46.04,790606,FW-77E14,1
EQP-38573,591.8,Diesel,Manha,Norte,95.5,6.05,109.1,321,0,33.28,862241,FW-9D52C,1
EQP-38574,2818.5,Hibrido,Tarde,Norte,93.5,24.88,104.1,17,0,6.58,380699,FW-59E4F,1
EQP-38575,3791.7,Eletrico,Manha,Oeste,44.1,4.29,83.4,8,2,19.49,801201,FW-99D34,0
EQP-38576,13844.3,diesel,Tarde,Oeste,65.4,7.35,108.5,52,0,33.48,207792,FW-65F00,1
EQP-38577,4007.5,Diesel,Noite,Oeste,63.1,4.87,107.3,182,0,58.82,780194,FW-6148F,1
EQP-38578,5620.6,Eletrico,Manha,Leste,93.6,0.61,100.7,193,0,-30.28,193907,FW-BDB1A,0
EQP-38579,11675.6,Diesel,Manha,Norte,100.0,1.38,103.8,151,1,-51.62,263818,FW-3D249,1
EQP-38580,-100.0, DIESEL ,Noite,Leste,90.8,12.04,105.6,39,2,52.68,943734,FW-C1724,1
EQP-38581,,Eletrico,Noite,Oeste,89.3,2.03,105.7,293,2,-55.24,985047,FW-A491A,1
EQP-38582,6885.0,Eletrico,Noite,Sul,69.0,2.93,73.8,39,0,-4.41,171086,FW-BE8D2,1
EQP-38583,5267.5,Eletrico,Manha,Leste,93.3,1.57,124.1,252,1,-21.84,670037,FW-B6D86,1
EQP-38584,1848.3,Diesel,Manha,Sul,36.5,7.57,115.9,219,0,12.88,267108,FW-C0B80,0
EQP-38585,2815.9,Diesel,Manha,Oeste,57.7,4.82,101.0,345,2,2.36,290384,FW-DDD00,1
EQP-38586,2755.1, DIESEL ,Manha,Norte,40.1,18.07,136.6,16,1,10.78,537277,FW-7F0BC,1
EQP-38587,3767.1,Hibrido,Noite,Leste,82.3,1.35,113.8,213,0,22.33,213356,FW-CD0CA,1
EQP-38588,4787.5,Diesel,Manha,Leste,64.7,2.58,84.7,343,2,15.29,989135,FW-63966,1
EQP-38589,11361.8,Eletrico,Manha,Sul,83.2,1.11,116.2,245,1,0.31,838125,FW-8B70B,1
EQP-38590,7266.3, DIESEL ,Manha,Norte,78.2,2.39,129.6,350,0,-3.12,772625,FW-DDAB5,1
EQP-38591,8510.3,Diesel,Noite,Norte,76.4,3.39,93.7,169,0,-41.6,237547,FW-43621,1
EQP-38592,8961.9,Eletrico,Tarde,Norte,57.6,9999.0,109.4,214,1,17.55,704116,FW-70235,1
EQP-38593,4222.0, DIESEL ,Tarde,Norte,82.3,4.0,112.9,216,0,42.55,422855,FW-78C6C,1
EQP-38594,14987.4,Gas_Natural,Noite,Norte,88.1,8.85,89.4,155,0,10.4,998997,FW-C81D0,1
EQP-38595,7907.7,Eletrico,Noite,Sul,60.2,8.13,110.4,132,3,12.82,965060,FW-DEDE9,1
EQP-38596,6319.5,Diesel,Manha,Sul,71.8,5.72,125.0,150,0,-38.3,695072,FW-98AB3,1
EQP-38597,2494.7,Eletrico,Manha,Norte,85.8,5.22,117.5,79,1,1.45,440716,FW-59EDE,1
EQP-38598,5246.5,diesel,Tarde,Oeste,49.8,4.43,100.1,19,1,-13.01,561601,FW-892FC,0
EQP-38599,807.7,Eletrico,Tarde,Norte,93.4,1.99,87.9,121,0,-35.15,244323,FW-AA513,1
EQP-38600,8428.1,Eletrico,Manha,Leste,53.0,0.88,123.9,151,0,-30.1,502454,FW-72D10,1
EQP-38601,6680.4,Eletrico,Tarde,Sul,73.7,0.71,114.9,352,2,1.19,323861,FW-A1864,1
EQP-38602,13257.9, DIESEL ,Noite,Leste,65.6,1.84,83.2,340,0,-18.63,862248,FW-A339A,1
EQP-38603,9229.5, DIESEL ,Manha,Oeste,113.6,4.6,80.0,322,0,-70.76,514084,FW-9A284,1
EQP-38604,3368.5,Eletrico,Tarde,Oeste,51.9,7.78,89.7,334,2,-80.99,815987,FW-4047C,1
EQP-38605,,Hibrido,Tarde,Sul,68.7,7.32,113.2,253,1,-27.91,520324,FW-240E1,1
EQP-38606,7932.4,Eletrico,Manha,Norte,70.3,4.91,123.7,333,0,30.5,492490,FW-77066,1
EQP-38607,13081.4, DIESEL ,Manha,Leste,65.8,1.4,80.2,182,3,-13.96,573534,FW-89BC7,1
EQP-38608,8677.8,diesel,Tarde,Norte,102.2,3.47,115.8,93,2,-10.25,618712,FW-A101D,1
EQP-38609,6281.9,Hibrido,Tarde,Leste,99.7,9999.0,113.7,326,1,-44.73,416921,FW-7D413,1
EQP-38610,11630.7,Diesel,Noite,Leste,75.4,,111.7,228,3,-53.78,673062,FW-9DBCD,1
EQP-38611,14198.5,Gas_Natural,Manha,Norte,97.1,0.55,104.9,84,2,5.74,218724,FW-414EC,1
EQP-38612,3920.0,Diesel,Tarde,Leste,90.3,0.65,115.9,190,0,-38.75,924384,FW-7736B,0
EQP-38613,,Hibrido,Manha,Leste,92.9,1.11,91.1,232,0,-36.27,582628,FW-AE814,1
EQP-38614,8617.6, DIESEL ,Manha,Oeste,93.5,1.08,106.7,130,4,52.17,290353,FW-62396,1
EQP-38615,9810.9,Hibrido,Manha,Sul,74.5,1.11,118.9,359,1,-25.17,474603,FW-EE6C1,0
EQP-38616,996.2,Diesel,Tarde,Norte,81.7,1.35,120.7,59,0,60.19,803937,FW-65F8A,0
EQP-38617,,Diesel,Manha,Leste,72.8,4.44,94.2,109,0,-65.4,904612,FW-E0B4E,1
EQP-38618,1809.0,Diesel,Manha,Sul,70.3,46.72,91.1,133,0,-16.23,119874,FW-3B749,1
EQP-38619,14387.3,diesel,Tarde,Norte,67.5,11.53,112.4,204,1,14.12,237010,FW-2C521,1
EQP-38620,,Gas_Natural,Manha,Sul,102.1,0.6,98.4,135,1,49.97,590785,FW-CB11F,0
EQP-38621,6536.2,Eletrico,Noite,Leste,72.5,10.35,89.3,40,1,66.82,290377,FW-CD607,1
EQP-38622,2560.6,Diesel,Manha,Leste,85.1,0.52,87.6,304,1,18.31,985733,FW-3457D,1
EQP-38623,11726.8,Eletrico,Tarde,Sul,72.9,2.83,99.0,78,2,-85.65,852382,FW-70021,1
EQP-38624,9688.1,Eletrico,Manha,Leste,65.3,3.17,104.1,266,0,52.59,440583,FW-298B0,1
EQP-38625,3932.0, DIESEL ,Manha,Oeste,79.9,3.05,83.7,143,2,-27.28,361163,FW-9AA06,1
EQP-38626,12271.6, DIESEL ,Manha,Norte,83.8,8.97,104.4,286,0,-15.34,464265,FW-BCF8D,1
EQP-38627,3382.6,Diesel,Manha,Oeste,61.5,4.36,119.2,38,1,24.79,709011,FW-2DF39,1
EQP-38628,10348.5,Hibrido,Tarde,Leste,82.2,1.84,101.5,295,0,36.9,445196,FW-8DE9D,1
EQP-38629,7701.7,Hibrido,Noite,Leste,74.5,1.28,79.3,191,1,9.37,123322,FW-DA637,1
EQP-38630,8086.9,Diesel,Noite,Leste,69.3,1.21,101.3,80,1,71.66,757966,FW-88D94,0
EQP-38631,3662.7, DIESEL ,Tarde,Oeste,62.1,29.17,107.9,62,1,13.31,398707,FW-C5BC2,1
EQP-38632,1868.4,Eletrico,Noite,Leste,83.7,0.77,118.3,7,0,44.76,443697,FW-CBEE7,1
EQP-38633,11132.6,Diesel,Noite,Leste,80.0,5.85,94.2,264,1,27.33,933958,FW-7901F,1
EQP-38634,6600.0,Diesel,Noite,Leste,79.5,0.93,80.3,72,3,17.76,910548,FW-E12F4,1
EQP-38635,10376.6,diesel,Manha,Oeste,66.0,16.85,115.7,206,3,47.16,147007,FW-2AAED,1
EQP-38636,3773.9, DIESEL ,Manha,Leste,88.1,0.89,93.3,218,2,17.21,342601,FW-59579,0
EQP-38637,14122.3,Diesel,Manha,Norte,62.6,7.9,84.2,6,2,-9.84,246265,FW-F262C,1
EQP-38638,1022.7,Gas_Natural,Tarde,Norte,82.3,6.6,110.1,146,1,-0.15,912472,FW-41C67,1
EQP-38639,2937.8, DIESEL ,Tarde,Oeste,45.2,2.15,117.8,139,2,-31.09,655234,FW-E22F4,0
EQP-38640,13222.4,Eletrico,Noite,Oeste,82.1,1.66,87.3,3,1,1.01,757434,FW-EC4D4,1
EQP-38641,5093.8,Eletrico,Tarde,Leste,51.9,0.76,113.6,333,1,21.3,581156,FW-591EB,1
EQP-38642,14703.1,Diesel,Manha,Oeste,86.4,1.81,104.2,151,0,44.62,616159,FW-64779,1
EQP-38643,12450.4, DIESEL ,Manha,Leste,74.9,6.33,107.4,280,0,23.51,734402,FW-67756,1
EQP-38644,7684.8,Hibrido,Tarde,Oeste,84.5,5.65,75.5,14,1,27.04,229790,FW-ED4E7,1
EQP-38645,7508.7,Diesel,Tarde,Norte,63.3,4.73,89.5,109,0,-54.58,228103,FW-A85F1,1
EQP-38646,9097.0,Eletrico,Noite,Sul,111.4,1.32,61.6,232,1,-26.04,908297,FW-6A213,1
EQP-38647,8022.0,Eletrico,Manha,Sul,70.0,5.99,90.3,61,0,38.97,126871,FW-652B5,0
EQP-38648,14438.0,Diesel,Tarde,Leste,92.4,2.14,73.2,63,0,23.1,423729,FW-F3AE2,1
EQP-38649,6638.2,Eletrico,Noite,Norte,101.7,1.56,95.3,343,0,-98.66,738887,FW-A1349,1
EQP-38650,11497.9,Gas_Natural,Noite,Norte,77.8,6.22,135.1,359,1,16.93,998150,FW-E7070,1
EQP-38651,2830.5,Diesel,Tarde,Oeste,43.6,0.68,114.2,184,0,-25.36,409225,FW-D020F,0
EQP-38652,5250.2,diesel,Noite,Sul,72.6,4.22,106.6,160,1,-40.08,710659,FW-6C04C,0
EQP-38653,12580.8,Hibrido,Manha,Norte,75.3,1.93,108.3,344,0,4.91,632227,FW-35CC9,1
EQP-38654,9066.0, DIESEL ,Noite,Norte,112.6,1.7,109.9,127,0,-102.32,107152,FW-57F84,1
EQP-38655,3722.6,Diesel,Tarde,Oeste,69.2,15.58,92.4,76,1,47.46,657420,FW-C6BD6,1
EQP-38656,9547.4,Eletrico,Noite,Sul,53.7,4.72,97.1,271,1,-17.19,503596,FW-BE9CD,0
EQP-38657,1666.4,Eletrico,Tarde,Sul,83.1,,87.2,71,0,11.52,810992,FW-A14AF,1
EQP-38658,10947.8,Diesel,Tarde,Norte,70.7,1.33,110.3,205,2,-37.72,763104,FW-6A0CC,1
EQP-38659,901.3,Gas_Natural,Tarde,Norte,108.4,2.5,107.5,203,1,-17.74,276583,FW-A7EB8,0
EQP-38660,11797.0,diesel,Manha,Sul,85.2,2.1,89.7,27,1,-14.41,397319,FW-83666,1
EQP-38661,1421.9,Eletrico,Manha,Oeste,83.5,2.3,117.5,52,0,11.18,267721,FW-B70AE,0
EQP-38662,3407.8, DIESEL ,Tarde,Leste,80.4,5.07,81.0,300,2,-4.26,150954,FW-70F4A,1
EQP-38663,7359.4,diesel,Noite,Leste,60.1,3.35,95.3,125,1,-13.67,420521,FW-B7532,1
EQP-38664,10015.8,diesel,Manha,Norte,65.6,1.67,89.1,338,1,31.44,707301,FW-C312E,1
EQP-38665,9008.0,Diesel,Manha,Sul,84.7,3.71,116.7,145,0,11.52,365097,FW-78F85,1
EQP-38666,10407.7, DIESEL ,Manha,Norte,66.6,3.32,91.0,155,0,-24.65,152167,FW-B5A2A,1
EQP-38667,6425.4,diesel,Manha,Leste,86.3,7.58,75.7,275,0,-34.24,742439,FW-E1015,1
EQP-38668,11306.6, DIESEL ,Noite,Norte,81.3,2.75,75.0,86,1,-13.72,841256,FW-193A0,1
EQP-38669,1958.1,Diesel,Manha,Sul,45.2,0.98,88.2,73,1,-32.9,943395,FW-562BB,0
EQP-38670,11083.2, DIESEL ,Tarde,Norte,73.3,4.24,68.4,308,0,-54.61,996000,FW-C33B6,1
EQP-38671,7485.6, DIESEL ,Tarde,Sul,82.2,2.21,89.2,85,0,20.03,896070,FW-A59F8,1
EQP-38672,10902.4,Eletrico,Manha,Sul,80.0,2.59,78.2,235,0,-20.71,178647,FW-31D9A,0
EQP-38673,9304.5,Diesel,Manha,Norte,51.8,24.2,110.7,25,0,24.11,390106,FW-6AF4B,1
EQP-38674,3378.4,Diesel,Manha,Oeste,99.2,1.85,88.1,279,1,5.53,787337,FW-37945,1
EQP-38675,6251.8,diesel,Noite,Oeste,74.0,11.97,98.6,116,0,-65.62,902282,FW-33037,1
EQP-38676,1733.6,Diesel,Manha,Oeste,86.2,3.9,88.4,129,1,-20.32,736089,FW-BA0AB,1
EQP-38677,7214.2, DIESEL ,Tarde,Sul,91.4,,93.6,304,1,-39.89,562615,FW-3D7D0,1
EQP-38678,8283.5,Diesel,Tarde,Norte,98.2,8.54,81.4,249,2,-16.77,607362,FW-AE070,1
EQP-38679,11516.8,Eletrico,Manha,Leste,69.1,0.83,114.8,289,0,-33.06,678851,FW-281D5,1
EQP-38680,14989.7,Diesel,Noite,Leste,89.9,7.56,81.9,246,2,-76.88,169749,FW-EE137,1
EQP-38681,496.6,Gas_Natural,Manha,Sul,67.8,2.49,101.1,86,0,-84.44,128117,FW-C25BF,0
EQP-38682,10728.7,Eletrico,Tarde,Norte,59.9,4.59,121.1,282,0,-58.86,427078,FW-5E047,1
EQP-38683,972.8,Diesel,Noite,Sul,35.0,4.09,108.8,176,0,-2.81,707003,FW-F2432,0
EQP-38684,4536.3, DIESEL ,Tarde,Norte,78.1,5.39,136.9,198,0,-16.89,975273,FW-93535,1
EQP-38685,, DIESEL ,Tarde,Leste,57.2,7.83,114.5,160,1,49.03,115347,FW-D1422,1
EQP-38686,4953.6,diesel,Manha,Norte,80.7,2.0,105.0,350,2,67.59,704183,FW-EC082,1
EQP-38687,12237.8,Diesel,Tarde,Sul,69.0,5.32,98.4,329,0,2.64,603532,FW-8A2B0,1
EQP-38688,8659.6,Diesel,Manha,Norte,88.0,11.36,124.6,52,0,-15.36,183668,FW-DC2B7,1
EQP-38689,13147.5,diesel,Noite,Leste,79.1,7.07,105.5,38,1,-8.48,353779,FW-7FEFF,1
EQP-38690,9647.5,diesel,Manha,Norte,98.3,9.42,99.2,71,3,84.42,582729,FW-AE087,1
EQP-38691,5238.1,Diesel,Tarde,Norte,96.0,0.8,98.3,196,0,3.76,484029,FW-6B0AF,0
EQP-38692,8992.8,Eletrico,Noite,Sul,65.2,4.7,95.7,114,0,18.85,881394,FW-B4B56,1
EQP-38693,3897.4,Diesel,Tarde,Norte,89.2,1.52,97.5,177,0,-51.92,929399,FW-DEE3A,0
EQP-38694,13442.6,Diesel,Noite,Leste,88.4,7.31,95.4,282,0,46.9,263280,FW-C2F4D,1
EQP-38695,1467.2,Diesel,Manha,Sul,60.7,3.12,102.1,353,0,-11.22,111940,FW-CD7AC,1
EQP-38696,8311.4,Gas_Natural,Manha,Leste,72.2,2.38,91.3,133,2,-7.36,522919,FW-D9D8D,1
EQP-38697,8653.5,Hibrido,Noite,Norte,83.6,1.71,94.3,200,2,25.4,734140,FW-D2D7A,1
EQP-38698,6796.6, DIESEL ,Noite,Sul,101.7,7.88,107.0,48,2,12.2,429812,FW-A6D5B,1
EQP-38699,7375.3,Diesel,Manha,Sul,71.5,3.6,83.0,59,1,67.25,227458,FW-AE39C,0
EQP-38700,12404.7,Hibrido,Manha,Oeste,69.0,6.29,124.4,54,1,-39.76,816480,FW-D9C0F,1
EQP-38701,779.9,diesel,Tarde,Oeste,42.3,1.44,95.6,79,0,-18.05,441559,FW-1DA48,0
EQP-38702,8254.9,diesel,Noite,Oeste,61.7,2.99,110.3,108,1,-52.14,888783,FW-600C2,0
EQP-38703,7647.9,Hibrido,Tarde,Norte,87.9,0.57,99.0,15,1,-47.69,785043,FW-AF5FB,1
EQP-38704,,Diesel,Manha,Norte,75.4,6.36,78.2,283,1,27.05,702116,FW-9CD3C,1
EQP-38705,8365.9,Diesel,Manha,Norte,80.5,9.51,127.8,335,3,-42.32,412197,FW-5D74D,1
EQP-38706,163.9,Diesel,Noite,Norte,112.2,5.85,105.4,272,0,22.22,177976,FW-BB72F,1
EQP-38707,13927.8,Eletrico,Manha,Sul,64.9,4.97,132.8,310,0,-71.32,674179,FW-EE46C,1
EQP-38708,4192.2,Diesel,Tarde,Norte,78.0,0.73,108.1,342,1,35.5,837551,FW-AFC3A,1
EQP-38709,3511.1,Eletrico,Tarde,Norte,92.9,,127.2,251,2,-53.48,808553,FW-B8B59,1
EQP-38710,3502.4,diesel,Manha,Sul,45.3,1.62,92.8,346,1,10.3,644976,FW-8465F,1
EQP-38711,769.7,Eletrico,Noite,Sul,101.2,1.2,94.3,53,0,-3.94,337404,FW-BF2D0,1
EQP-38712,12759.6,Hibrido,Manha,Sul,94.3,5.85,104.7,325,0,41.93,281835,FW-AF74A,1
EQP-38713,14834.8, DIESEL ,Manha,Norte,98.3,4.31,75.1,185,1,-6.85,926500,FW-555C6,1
EQP-38714,7460.8,Gas_Natural,Noite,Sul,64.4,11.26,92.2,213,0,-5.7,943332,FW-5A074,1
EQP-38715,3762.8,Eletrico,Manha,Oeste,82.9,,120.0,304,1,5.1,944879,FW-A42B0,1
EQP-38716,4632.7,Diesel,Manha,Oeste,57.6,19.86,86.1,355,1,-32.11,541006,FW-F08EC,1
EQP-38717,3774.1,Eletrico,Noite,Sul,34.9,4.75,116.2,204,1,-14.45,842607,FW-AC88D,0
EQP-38718,, DIESEL ,Manha,Norte,69.4,9.31,110.2,103,0,-30.16,914349,FW-24B94,1
EQP-38719,14588.8,Gas_Natural,Noite,Sul,70.5,0.81,79.4,195,3,7.27,213266,FW-52841,1
EQP-38720,1963.0,Gas_Natural,Tarde,Leste,39.4,7.92,125.7,111,1,-28.19,208936,FW-C8639,1
EQP-38721,3435.2, DIESEL ,Manha,Norte,47.3,3.99,128.3,362,1,-9.16,122501,FW-5A663,0
EQP-38722,6378.9,Eletrico,Noite,Sul,64.3,2.94,97.5,171,0,10.46,703454,FW-7A1D7,0
EQP-38723,,Hibrido,Noite,Oeste,76.5,0.82,94.2,116,1,-24.93,237808,FW-D3860,0
EQP-38724,3093.5,diesel,Noite,Oeste,73.9,9.41,83.1,89,0,-29.72,463338,FW-88F7C,1
EQP-38725,11158.4, DIESEL ,Noite,Oeste,105.3,1.38,98.8,52,1,5.27,261267,FW-C4930,1
EQP-38726,13869.5,Gas_Natural,Tarde,Sul,146.3,4.82,90.8,248,0,-49.06,727735,FW-1FC0F,1
EQP-38727,,Diesel,Manha,Leste,78.5,2.3,70.2,294,0,45.63,976748,FW-EB81A,1
EQP-38728,4563.6,Diesel,Manha,Leste,47.1,5.84,108.6,193,0,38.96,797658,FW-5AE83,1
EQP-38729,12460.0, DIESEL ,Noite,Sul,75.2,6.22,92.1,10,0,68.4,114628,FW-4643A,1
EQP-38730,1995.9,diesel,Noite,Oeste,56.8,4.76,121.8,102,1,-17.56,732262,FW-5D463,0
EQP-38731,5230.8,Eletrico,Manha,Norte,89.3,5.32,92.8,150,2,4.87,125642,FW-3DAEF,1
EQP-38732,4250.5,Diesel,Manha,Leste,101.6,2.39,69.3,58,1,-14.54,889753,FW-7FA03,1
EQP-38733,3163.5,Diesel,Manha,Leste,37.3,4.2,66.9,157,1,-36.36,268691,FW-7282D,0
EQP-38734,9049.5,diesel,Manha,Norte,80.6,1.25,103.7,40,2,29.53,973648,FW-36FF5,0
EQP-38735,8163.7,diesel,Manha,Norte,98.2,6.35,109.0,41,0,6.84,753216,FW-5DDB0,1
EQP-38736,,Hibrido,Manha,Leste,67.0,2.36,94.3,77,1,17.69,858160,FW-3F432,1
EQP-38737,3703.6,Gas_Natural,Tarde,Oeste,81.3,1.88,109.2,152,1,41.37,864922,FW-6CEC8,1
EQP-38738,1174.0,Gas_Natural,Noite,Norte,81.3,0.86,89.3,241,2,47.89,858904,FW-9FCEF,0
EQP-38739,989.2,diesel,Tarde,Leste,106.4,14.01,135.0,262,1,18.01,254489,FW-26C58,1
EQP-38740,10673.4,Eletrico,Manha,Norte,56.6,3.89,87.4,339,0,-9.89,337528,FW-AEC76,1
EQP-38741,3365.5,Diesel,Manha,Leste,96.2,4.53,93.9,323,0,0.27,405470,FW-21F7C,1
EQP-38742,6416.7,Diesel,Manha,Sul,51.0,1.22,112.1,108,1,45.8,531394,FW-620E7,1
EQP-38743,14954.4,Gas_Natural,Tarde,Oeste,52.0,11.28,69.2,45,0,12.35,814518,FW-D85A2,1
EQP-38744,12530.1,Diesel,Tarde,Leste,89.0,2.78,108.0,334,0,12.35,627667,FW-6F705,1
EQP-38745,8534.9,Eletrico,Manha,Leste,71.9,3.31,106.6,195,0,21.19,695118,FW-30002,1
EQP-38746,9374.2, DIESEL ,Manha,Norte,61.8,6.48,72.6,233,0,23.41,137954,FW-A2F94,0
EQP-38747,,Hibrido,Noite,Oeste,78.6,17.97,105.5,361,3,66.71,585496,FW-B2C64,1
EQP-38748,8791.4,Eletrico,Noite,Norte,50.9,0.63,141.6,64,1,-39.59,533941,FW-47735,0
EQP-38749,5241.7, DIESEL ,Noite,Leste,52.8,15.18,101.8,223,1,-31.58,731041,FW-B0A97,1
EQP-38750,,Eletrico,Noite,Norte,68.0,11.2,104.1,307,0,-27.34,645238,FW-EA94A,1
EQP-38751,7875.0,Eletrico,Manha,Norte,81.3,0.72,108.8,291,1,-25.26,253983,FW-989CF,1
EQP-38752,3070.9, DIESEL ,Tarde,Norte,57.7,6.69,102.4,91,1,18.15,934992,FW-1C145,0
EQP-38753,3241.1,Hibrido,Noite,Oeste,93.3,2.1,101.8,158,1,34.34,684864,FW-2CEFC,1
EQP-38754,8902.8,diesel,Manha,Oeste,92.2,10.96,86.4,135,1,-38.25,607744,FW-80E27,1
EQP-38755,11667.4,Gas_Natural,Tarde,Sul,82.8,1.71,114.0,170,0,-80.24,256184,FW-4E3F7,1
EQP-38756,4636.1,Hibrido,Tarde,Leste,45.4,6.66,104.3,217,1,20.76,679409,FW-9BF70,1
EQP-38757,10172.9, DIESEL ,Manha,Norte,75.4,2.47,103.7,278,1,-52.41,657366,FW-AF911,1
EQP-38758,7124.5,Hibrido,Manha,Norte,36.5,2.11,89.9,200,1,34.73,795834,FW-731B2,0
EQP-38759,8092.7,Diesel,Tarde,Oeste,71.5,5.75,115.5,193,0,-37.97,452876,FW-29628,1
EQP-38760,11045.1, DIESEL ,Tarde,Leste,44.9,0.73,115.6,273,3,61.44,537202,FW-600BB,1
EQP-38761,2650.6,Hibrido,Tarde,Oeste,59.3,3.06,98.0,238,0,25.35,924624,FW-D00A7,0
EQP-38762,,Eletrico,Manha,Sul,93.6,0.64,88.3,301,1,31.18,840282,FW-21D99,1
EQP-38763,13769.0,Diesel,Noite,Oeste,82.0,2.7,116.5,51,2,-28.53,963938,FW-6E704,1
EQP-38764,11466.4,Diesel,Manha,Leste,77.5,1.49,106.3,271,2,-29.24,981456,FW-A9877,1
EQP-38765,6741.0,Diesel,Tarde,Leste,57.2,0.57,79.3,113,0,-16.58,906471,FW-A2F63,1
EQP-38766,14992.1,Hibrido,Noite,Sul,66.9,2.79,110.6,352,1,-56.3,835158,FW-F41C2,1
EQP-38767,,Gas_Natural,Noite,Oeste,73.2,3.82,71.7,204,0,-5.36,191373,FW-B1D69,0
EQP-38768,,Eletrico,Tarde,Leste,100.1,5.39,108.7,292,1,-20.9,922820,FW-F0D68,1
EQP-38769,1585.9,Diesel,Tarde,Oeste,86.4,5.96,108.2,224,0,3.38,161481,FW-52437,1
EQP-38770,262.4,Diesel,Manha,Norte,80.7,14.63,96.3,316,0,9.75,919764,FW-A018F,1
EQP-38771,12326.5,Diesel,Noite,Norte,52.6,1.0,82.3,98,0,4.16,350922,FW-D83BC,1
EQP-38772,5205.4,diesel,Tarde,Oeste,98.8,1.16,95.5,12,0,11.95,546010,FW-6A6B7,1
EQP-38773,,Hibrido,Manha,Sul,120.7,13.17,112.8,186,0,-12.48,555060,FW-F2C62,1
EQP-38774,5900.2,Eletrico,Tarde,Norte,103.7,3.02,59.0,193,0,-12.22,185149,FW-CE9B0,1
EQP-38775,10821.3,Diesel,Noite,Leste,31.7,5.0,92.3,279,3,46.99,777395,FW-AF304,1
EQP-38776,14125.1, DIESEL ,Manha,Sul,44.3,2.16,126.0,55,1,-56.17,508128,FW-B22CF,1
EQP-38777,8810.7,Eletrico,Tarde,Oeste,66.7,8.53,129.8,222,0,-105.2,750955,FW-6E9BB,1
EQP-38778,10761.6,Eletrico,Tarde,Oeste,57.6,,117.2,6,0,22.37,595727,FW-AD9FE,1
EQP-38779,743.2,Diesel,Tarde,Norte,86.8,3.6,108.9,348,0,-17.29,197933,FW-20DA4,1
EQP-38780,9603.8, DIESEL ,Manha,Leste,67.4,1.7,115.6,73,0,38.89,991981,FW-D1767,1
EQP-38781,8146.2,Diesel,Tarde,Norte,63.4,,84.6,332,0,1.06,285552,FW-60FDA,0
EQP-38782,8652.5, DIESEL ,Manha,Sul,93.6,1.56,92.3,64,0,-0.78,418542,FW-A5991,1
EQP-38783,3225.9,Gas_Natural,Tarde,Norte,56.6,,74.0,202,0,-25.34,707296,FW-6C12E,1
EQP-38784,5931.5,Gas_Natural,Manha,Sul,89.0,9.74,104.5,257,2,34.33,679140,FW-88746,1
EQP-38785,4920.1,Diesel,Noite,Sul,92.2,,105.6,230,1,17.99,438889,FW-A4B11,1
EQP-38786,12573.0,Gas_Natural,Manha,Norte,90.9,3.72,109.5,340,0,-32.85,515839,FW-359A0,1
EQP-38787,4847.4,diesel,Manha,Sul,83.8,0.5,99.3,246,0,-17.14,633093,FW-95849,0
EQP-38788,7949.8,Eletrico,Tarde,Leste,66.4,4.67,113.1,255,0,-27.49,481384,FW-59856,0
EQP-38789,103.1,Eletrico,Noite,Oeste,94.3,24.53,92.8,139,1,13.99,582855,FW-A5D45,1
EQP-38790,328.5,Gas_Natural,Tarde,Norte,52.9,7.31,81.2,343,1,14.87,689283,FW-F33C0,1
EQP-38791,5356.5,Hibrido,Manha,Sul,37.3,1.9,88.6,251,0,-26.37,589179,FW-85277,1
EQP-38792,,Hibrido,Manha,Oeste,77.1,2.05,135.8,283,2,3.64,493464,FW-C2EB6,1
EQP-38793,13120.9,Gas_Natural,Noite,Norte,86.7,14.63,110.9,262,2,60.43,402190,FW-81F95,1
EQP-38794,13701.1,Diesel,Tarde,Norte,94.0,2.31,61.0,30,2,-9.18,371960,FW-C2366,1
EQP-38795,9605.4, DIESEL ,Noite,Sul,53.8,17.28,120.3,151,0,-8.52,904610,FW-4F95A,1
EQP-38796,12147.6,Diesel,Tarde,Norte,56.0,3.24,98.6,336,0,-96.43,853858,FW-6C941,1
EQP-38797,9991.7,Eletrico,Manha,Oeste,45.4,1.6,106.7,247,1,18.18,842473,FW-ED6AF,0
EQP-38798,8807.0,Gas_Natural,Tarde,Leste,49.6,7.35,109.6,76,1,29.56,943484,FW-CBE84,1
EQP-38799,9755.9,diesel,Tarde,Oeste,88.9,0.85,87.3,301,0,-86.28,727812,FW-ED4F8,1
EQP-38800,6271.7,Gas_Natural,Tarde,Norte,91.8,,100.2,213,1,-59.93,602612,FW-922CD,1
EQP-38801,4651.2, DIESEL ,Manha,Sul,95.3,4.94,86.2,2,1,-10.99,257730,FW-97A6A,1
EQP-38802,1564.6,Diesel,Noite,Oeste,87.0,2.83,122.9,335,0,49.95,575743,FW-46163,1
EQP-38803,13216.3,Diesel,Manha,Leste,112.9,14.11,115.7,333,2,-9.08,203469,FW-639F3,1
EQP-38804,5799.8,Eletrico,Tarde,Leste,71.0,5.22,70.9,161,0,-0.44,949343,FW-53DAC,0
EQP-38805,8197.6,diesel,Tarde,Sul,72.6,4.22,80.7,260,0,11.99,822019,FW-451BB,1
EQP-38806,7315.6, DIESEL ,Manha,Norte,60.5,2.42,67.8,75,0,7.22,556074,FW-CB9A6,0
EQP-38807,13836.3, DIESEL ,Noite,Sul,101.4,18.25,116.8,306,1,45.5,939870,FW-1CF79,1
EQP-38808,6336.4,Diesel,Manha,Sul,38.8,2.33,107.9,39,0,-79.37,590044,FW-1C1BE,0
EQP-38809,13316.1,Eletrico,Noite,Norte,32.0,1.85,99.9,218,0,-12.64,363237,FW-69349,0
EQP-38810,2117.0,Diesel,Tarde,Oeste,62.1,1.9,74.2,314,2,-14.47,677332,FW-276A1,1
EQP-38811,5433.1,Diesel,Noite,Sul,69.1,22.39,129.1,97,1,-35.96,300755,FW-46B6A,1
EQP-38812,12524.9,Gas_Natural,Noite,Norte,60.6,1.61,98.4,314,0,-22.18,916194,FW-42E1A,1
EQP-38813,7316.8,Diesel,Manha,Leste,19.3,10.3,88.4,218,0,19.05,684012,FW-E5ACC,0
EQP-38814,1556.6, DIESEL ,Manha,Norte,83.4,3.82,100.9,33,0,-20.24,934536,FW-EA4B6,0
EQP-38815,8448.8,Eletrico,Tarde,Leste,82.0,7.06,83.5,293,0,8.47,660983,FW-B4221,1
EQP-38816,, DIESEL ,Manha,Sul,66.9,3.47,114.2,251,0,6.67,395778,FW-5B4F3,1
EQP-38817,2062.1, DIESEL ,Tarde,Oeste,111.4,0.68,99.1,152,1,-23.11,369732,FW-75445,1
EQP-38818,8145.0, DIESEL ,Manha,Norte,86.7,2.95,128.5,159,0,22.92,665644,FW-47524,0
EQP-38819,9526.8, DIESEL ,Noite,Sul,73.7,6.31,93.7,22,0,52.39,957122,FW-E1638,1
EQP-38820,5381.0, DIESEL ,Manha,Sul,63.6,7.07,101.8,43,2,41.84,427788,FW-B6EAC,1
EQP-38821,7406.2,Eletrico,Manha,Leste,56.4,0.99,120.0,226,0,1.87,475847,FW-39F1A,0
EQP-38822,12489.7,Diesel,Manha,Oeste,58.2,2.22,68.6,85,0,76.84,464848,FW-6474F,1
EQP-38823,7793.8, DIESEL ,Manha,Norte,57.6,3.46,108.4,353,1,33.89,432566,FW-C346E,1
EQP-38824,3893.3, DIESEL ,Manha,Sul,78.1,4.88,132.3,266,0,-8.06,610786,FW-D836F,0
EQP-38825,11664.6, DIESEL ,Noite,Oeste,82.8,4.76,81.0,90,1,-74.15,874553,FW-4A93F,1
EQP-38826,14644.9,Diesel,Manha,Leste,77.8,5.33,84.7,100,0,30.05,125564,FW-60136,1
EQP-38827,5868.4,Diesel,Tarde,Norte,103.2,4.75,99.1,275,2,6.33,834771,FW-24C53,1
EQP-38828,3416.2,Gas_Natural,Manha,Leste,85.9,2.35,83.1,297,1,-3.68,370577,FW-39620,1
EQP-38829,836.6,Diesel,Tarde,Leste,55.4,4.81,120.8,120,1,-2.63,375279,FW-CD5C0,1
EQP-38830,12614.9,Diesel,Noite,Oeste,73.0,7.22,108.9,357,0,57.14,634380,FW-D1F2A,1
EQP-38831,11392.7,Hibrido,Tarde,Oeste,69.1,0.84,104.7,98,0,21.68,108074,FW-A9DC1,1
EQP-38832,5519.1,Diesel,Noite,Norte,71.2,3.98,77.0,105,1,-6.36,418581,FW-1E476,1
EQP-38833,5494.4,Eletrico,Tarde,Leste,80.6,4.29,126.7,92,1,-14.63,390971,FW-678D5,1
EQP-38834,7420.3,Diesel,Noite,Leste,71.6,11.31,95.5,271,0,12.74,826433,FW-C9893,1
EQP-38835,6864.2,Hibrido,Manha,Leste,77.2,2.47,76.3,232,0,16.4,102945,FW-CDA03,0
EQP-38836,11885.8,Eletrico,Noite,Leste,134.7,1.5,90.1,51,2,38.48,282614,FW-2012E,1
EQP-38837,13758.6,Diesel,Manha,Norte,91.7,1.85,104.0,344,0,-14.73,634515,FW-5B23D,1
EQP-38838,9886.6,Hibrido,Noite,Sul,91.0,2.23,93.2,356,2,22.63,321023,FW-CFE20,1
EQP-38839,5358.6,Diesel,Manha,Oeste,97.5,3.03,135.2,39,0,-31.91,627403,FW-94274,1
EQP-38840,11480.8,Gas_Natural,Manha,Sul,86.6,0.7,110.6,71,2,-25.93,432747,FW-445E4,1
EQP-38841,8065.0, DIESEL ,Tarde,Sul,77.4,4.37,81.5,39,1,25.79,912216,FW-96A71,1
EQP-38842,6902.6,Diesel,Tarde,Oeste,79.6,3.63,129.0,33,2,1.91,356956,FW-904F6,1
EQP-38843,11524.7,Gas_Natural,Manha,Oeste,38.1,4.58,103.2,170,0,-27.31,939737,FW-8A622,0
EQP-38844,9150.1,Eletrico,Noite,Leste,74.1,12.44,113.6,199,2,32.78,309775,FW-75057,1
EQP-38845,,Eletrico,Manha,Norte,94.4,,104.6,45,2,-18.32,756280,FW-A2304,1
EQP-38846,2263.8,Diesel,Tarde,Norte,90.7,6.22,90.5,60,2,42.77,388993,FW-46CCE,0
EQP-38847,12347.4,Diesel,Noite,Norte,84.5,1.65,113.1,240,2,2.1,507523,FW-30F3A,1
EQP-38848,1936.5, DIESEL ,Manha,Sul,46.3,5.49,97.5,24,0,-60.88,210605,FW-54F86,0
EQP-38849,12094.7,Eletrico,Noite,Oeste,46.2,0.94,108.0,344,2,-0.95,861777,FW-68B52,1
EQP-38850,12081.5,diesel,Noite,Leste,96.9,1.53,86.6,237,2,-27.22,707752,FW-51015,1
EQP-38851,4525.1,Diesel,Manha,Oeste,67.2,1.22,79.2,285,1,-36.89,868556,FW-F0B90,0
EQP-38852,6946.6,Diesel,Manha,Leste,53.1,6.98,97.3,158,0,-69.23,503488,FW-21CA5,0
EQP-38853,9399.1,Eletrico,Manha,Leste,95.6,1.52,110.7,197,0,68.45,674411,FW-DEB73,1
EQP-38854,9373.1,Hibrido,Tarde,Sul,77.3,1.88,93.5,276,1,-26.55,691961,FW-4F969,1
EQP-38855,4338.5,Hibrido,Manha,Sul,82.7,9.21,115.3,137,0,15.93,263884,FW-5266D,1
EQP-38856,10842.9, DIESEL ,Noite,Sul,95.6,,113.4,97,1,-31.86,360577,FW-E3EAE,1
EQP-38857,8792.9,Hibrido,Manha,Leste,52.5,31.9,90.4,300,1,12.91,424606,FW-699B1,1
EQP-38858,3005.5,Gas_Natural,Tarde,Oeste,84.8,1.3,81.7,4,0,10.37,320425,FW-D36BF,0
EQP-38859,12294.7, DIESEL ,Tarde,Leste,75.0,3.47,94.5,194,0,-83.94,845732,FW-EAE95,1
EQP-38860,9988.3, DIESEL ,Noite,Norte,93.7,4.81,77.8,39,1,-33.52,687096,FW-B3EBA,1
EQP-38861,10527.3,Diesel,Tarde,Leste,67.3,4.61,84.3,341,1,-64.81,949759,FW-60734,1
EQP-38862,5844.1,Diesel,Tarde,Sul,77.7,5.37,97.9,94,1,56.11,108057,FW-3B598,1
EQP-38863,761.4,Diesel,Tarde,Norte,95.9,2.65,101.8,124,1,-21.35,998607,FW-98B86,1
EQP-38864,2539.0,Diesel,Noite,Leste,78.2,4.3,94.3,128,2,-17.22,615859,FW-A670E,1
EQP-38865,12456.4, DIESEL ,Manha,Norte,82.9,1.43,92.3,181,1,-35.86,981312,FW-517DA,1
EQP-38866,10498.5,Diesel,Noite,Oeste,53.4,0.65,106.5,364,0,-34.84,326369,FW-4BD09,0
EQP-38867,8699.3,Gas_Natural,Manha,Norte,53.9,5.35,107.4,159,2,26.1,855570,FW-83226,1
EQP-38868,11908.7,Gas_Natural,Tarde,Sul,57.5,12.81,92.4,296,0,49.94,327599,FW-ABE54,1
EQP-38869,1619.3, DIESEL ,Manha,Sul,97.9,1.35,109.0,224,1,-41.47,293249,FW-2D9D9,1
EQP-38870,265.3,Diesel,Noite,Sul,106.6,18.56,101.1,362,1,-24.35,265978,FW-4B22F,1
EQP-38871,6172.7,Diesel,Noite,Sul,87.0,2.22,88.6,76,3,15.92,183220,FW-982C9,1
EQP-38872,14907.7,Eletrico,Noite,Leste,61.4,9.59,110.8,249,2,-10.3,435435,FW-9CE60,1
EQP-38873,14814.7,Diesel,Tarde,Leste,90.0,,86.6,73,0,-9.79,707927,FW-C0DEF,1
EQP-38874,12997.3,diesel,Tarde,Sul,44.9,4.05,117.0,282,0,-33.27,479719,FW-93C64,1
EQP-38875,12963.5,Eletrico,Manha,Norte,108.0,0.61,125.5,303,1,-37.38,716905,FW-6D3D5,1
EQP-38876,8140.5, DIESEL ,Manha,Sul,82.6,0.66,87.5,143,2,-25.44,921890,FW-C21F9,1
EQP-38877,8951.3,Diesel,Manha,Leste,87.5,1.87,116.1,353,1,10.3,484707,FW-5ED61,1
EQP-38878,1854.9,Eletrico,Manha,Norte,33.5,5.19,89.5,93,0,8.49,278382,FW-6914D,0
EQP-38879,11649.0, DIESEL ,Tarde,Leste,79.7,3.92,114.0,236,0,1.8,220205,FW-A1AC9,1
EQP-38880,13690.9,diesel,Tarde,Sul,46.8,2.34,103.9,202,0,6.15,333844,FW-A2B3B,1
EQP-38881,1960.9,diesel,Noite,Norte,63.2,1.62,103.4,147,0,-19.95,466042,FW-F277F,0
EQP-38882,4202.0, DIESEL ,Manha,Oeste,62.9,,97.6,228,0,13.0,333089,FW-8EB36,1
EQP-38883,7115.8, DIESEL ,Manha,Norte,73.1,2.08,116.9,291,0,46.05,637410,FW-5D6BB,1
EQP-38884,11760.7,Diesel,Tarde,Norte,88.7,1.21,103.4,65,0,-49.82,611078,FW-4F876,0
EQP-38885,7822.9,Diesel,Tarde,Norte,82.8,4.6,88.4,296,1,-14.84,220629,FW-92EC1,1
EQP-38886,8881.4,diesel,Manha,Oeste,119.5,3.71,109.4,131,0,-42.65,908238,FW-18BE6,1
EQP-38887,447.0,Diesel,Noite,Norte,96.6,3.56,95.9,238,1,33.1,262180,FW-61DA2,1
EQP-38888,5022.5,Gas_Natural,Tarde,Leste,114.6,3.16,89.9,47,1,-22.75,514547,FW-DA075,1
EQP-38889,1832.4,Diesel,Tarde,Sul,95.1,5.53,102.3,140,1,23.23,835740,FW-3BB7D,1
EQP-38890,11055.8, DIESEL ,Tarde,Sul,60.3,3.23,121.7,46,1,-75.37,349548,FW-D6CA7,0
EQP-38891,5607.8,Gas_Natural,Noite,Leste,104.9,3.1,76.5,13,0,8.26,112847,FW-5324D,0
EQP-38892,9761.4,Eletrico,Noite,Leste,74.0,15.15,103.0,14,1,-66.38,798851,FW-E4008,1
EQP-38893,10975.2,Diesel,Manha,Norte,77.8,12.63,114.8,101,2,-48.43,528838,FW-4ED60,1
EQP-38894,968.0,Diesel,Tarde,Oeste,86.1,1.28,90.6,46,0,-10.84,714364,FW-2F8FA,1
EQP-38895,9113.7,Diesel,Noite,Sul,78.4,3.44,111.6,333,1,-23.06,324822,FW-BEF52,1
EQP-38896,5015.9,Diesel,Tarde,Norte,109.5,,119.9,23,1,-14.63,648141,FW-5640C,1
EQP-38897,12362.6,Eletrico,Manha,Oeste,76.0,3.69,100.0,154,1,-1.86,355732,FW-C021B,1
EQP-38898,3064.3,Eletrico,Manha,Leste,49.8,,92.3,17,1,-52.24,547411,FW-52E9D,0
EQP-38899,6206.2,Diesel,Manha,Norte,50.5,,109.7,240,2,66.4,654855,FW-48A19,1
EQP-38900,12789.6,Eletrico,Manha,Sul,102.7,0.88,104.1,147,1,-36.81,626038,FW-A26F2,1
EQP-38901,11657.7,Diesel,Manha,Norte,81.2,2.48,89.0,227,0,-27.8,577917,FW-5C5A9,1
EQP-38902,5478.2, DIESEL ,Manha,Norte,92.5,3.7,83.6,189,2,-14.13,528799,FW-494DB,0
EQP-38903,2498.4,Diesel,Noite,Leste,59.2,1.99,111.7,32,1,-43.04,252957,FW-7E634,0
EQP-38904,1121.4,Diesel,Manha,Norte,88.0,2.87,98.4,135,2,-28.2,140403,FW-5AF07,1
EQP-38905,14979.3,Hibrido,Tarde,Sul,53.6,1.86,110.9,136,2,-18.58,588062,FW-C61A7,1
EQP-38906,11431.9,Diesel,Noite,Leste,62.8,1.07,76.8,227,1,55.45,891575,FW-2B267,1
EQP-38907,509.1,diesel,Noite,Sul,54.5,1.23,93.6,346,0,-37.8,648733,FW-4FA8A,0
EQP-38908,10451.9,diesel,Manha,Leste,72.3,3.77,95.6,159,3,-28.83,260445,FW-61C8B,1
EQP-38909,7174.5,Diesel,Manha,Norte,52.6,18.31,115.4,83,0,1.55,924862,FW-2661D,1
EQP-38910,13325.4,Eletrico,Tarde,Oeste,76.1,2.1,119.4,300,0,-5.44,786417,FW-19478,1
EQP-38911,6248.0,Diesel,Noite,Sul,58.6,13.98,98.4,179,0,1.46,458973,FW-AD121,1
EQP-38912,8075.8, DIESEL ,Manha,Leste,54.9,1.79,105.0,344,0,-13.73,961466,FW-31129,1
EQP-38913,543.0,Eletrico,Tarde,Norte,63.5,3.23,92.7,19,1,25.94,788836,FW-D8F2A,0
EQP-38914,12487.1,Hibrido,Noite,Norte,65.1,2.01,101.2,82,2,-33.43,618374,FW-7E097,1
EQP-38915,14979.4,Eletrico,Noite,Sul,55.1,4.85,86.7,223,0,-48.89,953350,FW-74AC7,1
EQP-38916,2049.4,Diesel,Tarde,Norte,84.7,3.22,123.6,348,2,-32.88,380243,FW-27A09,1
EQP-38917,13068.5, DIESEL ,Manha,Leste,70.2,3.65,122.4,9,1,11.03,894067,FW-79275,0
EQP-38918,8563.3, DIESEL ,Noite,Sul,41.6,0.83,74.7,306,1,-4.32,883901,FW-E93BB,1
EQP-38919,14027.6,Diesel,Noite,Norte,72.7,10.83,127.4,262,1,51.36,827603,FW-A1D09,1
EQP-38920,14937.3,diesel,Noite,Sul,71.5,10.3,108.0,286,1,54.73,533980,FW-B3454,1
EQP-38921,3767.0,diesel,Manha,Leste,74.7,1.23,100.3,4,1,35.89,721997,FW-A0507,0
EQP-38922,569.5,Eletrico,Tarde,Norte,77.7,3.24,94.7,245,1,6.76,765098,FW-2CA78,1
EQP-38923,11668.4,Eletrico,Noite,Leste,92.1,,93.0,220,1,-14.07,311122,FW-6A883,1
EQP-38924,4967.3,Hibrido,Noite,Norte,76.9,0.51,93.7,281,1,12.42,994587,FW-49CF3,1
EQP-38925,14168.1,Eletrico,Tarde,Norte,64.4,2.05,89.2,64,1,-54.9,283462,FW-36556,1
EQP-38926,5584.7,Eletrico,Tarde,Oeste,85.3,5.88,107.1,280,1,-87.68,967120,FW-969F4,0
EQP-38927,13908.3,Diesel,Tarde,Leste,74.9,1.17,98.7,180,0,-5.39,632956,FW-A4F0F,1
EQP-38928,2635.1,Hibrido,Tarde,Leste,90.2,5.28,111.6,97,0,-15.55,598797,FW-5E6BC,1
EQP-38929,8847.8,Diesel,Tarde,Oeste,61.9,10.96,103.0,317,0,-66.12,651481,FW-31256,1
EQP-38930,7010.6,Diesel,Manha,Sul,51.1,2.79,128.4,337,1,-47.99,717144,FW-6BAF6,1
EQP-38931,3021.1,Eletrico,Noite,Leste,85.8,,100.2,82,0,34.65,326023,FW-D014C,0
EQP-38932,7323.6, DIESEL ,Manha,Sul,67.9,2.08,96.5,161,0,-0.58,424934,FW-4D0FE,0
EQP-38933,14446.4,Hibrido,Tarde,Oeste,70.1,0.81,103.6,237,2,-28.18,532823,FW-9E6A5,1
EQP-38934,3997.7,Diesel,Noite,Norte,90.5,1.46,90.3,348,0,6.51,819589,FW-ACAD5,1
EQP-38935,6878.0, DIESEL ,Tarde,Oeste,98.0,5.0,115.4,247,1,33.29,692707,FW-B21B8,1
EQP-38936,12545.2, DIESEL ,Tarde,Oeste,68.5,0.69,109.9,241,0,-22.56,121890,FW-3DEF9,1
EQP-38937,3193.5, DIESEL ,Manha,Norte,101.0,8.17,120.2,326,0,30.61,312808,FW-F226F,1
EQP-38938,12130.5,Diesel,Manha,Sul,97.4,4.18,99.6,52,0,2.5,692173,FW-25865,1
EQP-38939,11836.3, DIESEL ,Noite,Oeste,68.9,3.38,95.8,263,0,11.61,277556,FW-1B764,1
EQP-38940,12291.9,Eletrico,Tarde,Leste,47.6,4.12,111.1,74,1,-51.16,323933,FW-D15C2,0
EQP-38941,6885.0,Eletrico,Manha,Sul,58.4,13.35,109.2,127,1,-26.43,338538,FW-D825E,1
EQP-38942,9951.1,Eletrico,Noite,Sul,52.6,2.59,102.9,300,1,32.73,720568,FW-AC87E,1
EQP-38943,8024.2, DIESEL ,Tarde,Oeste,79.6,14.24,94.7,7,0,28.76,968423,FW-D2EC8,1
EQP-38944,12690.9, DIESEL ,Tarde,Leste,68.9,1.22,99.1,355,1,16.87,206752,FW-B630E,1
EQP-38945,, DIESEL ,Noite,Leste,74.8,,108.7,317,2,25.29,142152,FW-9B311,1
EQP-38946,3052.2,Diesel,Noite,Oeste,71.7,3.73,136.5,320,2,-16.9,236123,FW-A4AFC,1
EQP-38947,,Eletrico,Manha,Oeste,89.6,12.45,85.5,354,2,0.91,659879,FW-7F69D,1
EQP-38948,9235.2, DIESEL ,Manha,Oeste,72.1,6.54,99.1,199,1,46.3,464162,FW-684A3,1
EQP-38949,3657.9,Hibrido,Manha,Oeste,99.6,15.09,84.4,314,1,16.58,275426,FW-F11DA,1
EQP-38950,14622.0,Diesel,Noite,Oeste,92.5,1.13,128.9,198,0,40.0,844987,FW-5E665,1
EQP-38951,8659.0,Eletrico,Manha,Norte,72.7,2.35,104.6,63,1,-19.98,500264,FW-C6AFB,1
EQP-38952,12081.2,Diesel,Tarde,Leste,90.5,2.69,116.3,136,0,30.05,456285,FW-6D7BE,1
EQP-38953,4101.9,Eletrico,Noite,Sul,120.1,5.38,127.7,122,1,-7.01,610206,FW-BB257,1
EQP-38954,10391.3, DIESEL ,Manha,Oeste,80.4,5.52,105.4,82,0,1.19,822217,FW-CAFE5,1
EQP-38955,9241.8,Eletrico,Tarde,Leste,48.2,1.88,103.3,253,0,-60.1,303602,FW-8CC4F,1
EQP-38956,14628.6,Eletrico,Manha,Norte,65.9,2.4,102.6,61,1,-2.74,184363,FW-C2E5D,0
EQP-38957,8225.3,Diesel,Tarde,Leste,58.8,6.97,80.0,296,0,26.21,549005,FW-80352,1
EQP-38958,12452.7,Eletrico,Noite,Norte,72.0,1.45,97.6,309,0,-7.99,763465,FW-94688,1
EQP-38959,12588.4,Gas_Natural,Tarde,Norte,62.6,1.46,125.9,196,0,35.63,728354,FW-CA44E,1
EQP-38960,7116.6,Diesel,Manha,Norte,69.0,1.98,103.5,128,2,-10.29,918152,FW-D2F0E,1
EQP-38961,10328.1,Hibrido,Manha,Norte,47.8,1.91,103.9,182,0,-104.45,304640,FW-41C3F,0
EQP-38962,13063.9,Diesel,Noite,Norte,64.8,22.26,85.3,4,0,63.36,962082,FW-8F01C,1
EQP-38963,406.2,Diesel,Manha,Oeste,95.9,4.24,79.3,350,0,-53.61,251525,FW-812ED,1
EQP-38964,6482.4, DIESEL ,Tarde,Sul,108.2,3.94,88.7,190,1,20.73,451669,FW-6EA8C,1
EQP-38965,632.7,Hibrido,Manha,Sul,81.2,10.48,100.7,342,2,14.1,139705,FW-BA010,1
EQP-38966,2018.8,Eletrico,Manha,Oeste,88.5,0.61,75.5,158,0,30.28,459661,FW-DFA72,0
EQP-38967,2892.6, DIESEL ,Noite,Leste,56.4,2.13,105.2,179,0,19.19,555193,FW-D8F6B,0
EQP-38968,11310.6,Eletrico,Noite,Norte,69.0,8.0,124.2,220,2,-59.65,736066,FW-9B6F8,1
EQP-38969,1605.4,Diesel,Manha,Leste,68.7,4.01,94.3,73,0,11.72,121080,FW-6EF0A,0
EQP-38970,12994.0,Hibrido,Noite,Sul,69.7,0.93,118.0,167,1,3.44,541899,FW-F3349,1
EQP-38971,6275.2, DIESEL ,Manha,Norte,57.0,11.81,82.7,288,1,-14.61,211929,FW-781BE,1
EQP-38972,4097.8,Eletrico,Noite,Sul,31.5,1.27,122.1,26,1,-6.0,498773,FW-B2253,0
EQP-38973,8156.5,Eletrico,Tarde,Leste,77.8,4.26,102.4,270,1,-6.26,928646,FW-EB9F3,1
EQP-38974,9120.5,Eletrico,Noite,Sul,38.5,1.58,88.2,182,0,16.54,653421,FW-B1B91,0
EQP-38975,4115.3,Diesel,Manha,Norte,76.2,0.89,84.9,315,1,-49.61,575843,FW-94B83,1
EQP-38976,12023.2,Diesel,Tarde,Norte,75.7,1.4,120.8,297,0,20.16,832895,FW-E85FE,1
EQP-38977,4946.4, DIESEL ,Manha,Leste,106.7,9.36,72.8,312,2,85.88,508363,FW-433F0,1
EQP-38978,6195.4, DIESEL ,Tarde,Norte,97.4,1.8,109.3,93,1,9.41,270942,FW-2A15C,1
EQP-38979,8103.6,Hibrido,Manha,Norte,71.6,6.64,103.0,92,0,0.8,375662,FW-C95C5,1
EQP-38980,2482.5,Diesel,Tarde,Norte,65.1,6.37,114.9,39,1,-28.36,983737,FW-C3E80,0
EQP-38981,7780.2,Hibrido,Tarde,Leste,50.0,0.79,127.6,167,2,52.36,641107,FW-56699,0
EQP-38982,8546.1,diesel,Tarde,Leste,65.5,9.03,119.9,323,1,51.49,639811,FW-E8215,1
EQP-38983,2045.0,Eletrico,Tarde,Norte,86.9,2.89,124.9,253,0,-38.89,706196,FW-904A9,1
EQP-38984,2618.1, DIESEL ,Tarde,Leste,60.9,7.79,105.7,235,1,23.46,439380,FW-34A73,1
EQP-38985,12460.5, DIESEL ,Manha,Leste,93.1,7.1,96.6,10,0,-28.85,487050,FW-C6AAB,1
EQP-38986,14915.3,Diesel,Manha,Sul,64.3,3.57,87.2,335,0,30.78,175660,FW-6ACF8,1
EQP-38987,12055.6,diesel,Manha,Norte,82.4,2.56,62.7,34,2,14.45,892682,FW-A9C66,1
EQP-38988,3346.6,Diesel,Manha,Leste,100.5,2.12,86.7,85,2,1.54,975351,FW-3E908,1
EQP-38989,11456.7,Eletrico,Manha,Leste,50.2,6.39,99.0,196,0,-46.66,224123,FW-9B4BC,0
EQP-38990,595.5,Hibrido,Manha,Norte,69.8,3.4,105.9,83,1,-25.8,167712,FW-F327C,0
EQP-38991,13270.9, DIESEL ,Manha,Leste,76.7,2.53,87.2,132,1,-74.0,138866,FW-EE0F3,1
EQP-38992,10837.8,diesel,Tarde,Oeste,51.2,4.46,85.8,295,0,29.11,400942,FW-B0E44,1
EQP-38993,3162.6,Gas_Natural,Tarde,Norte,70.5,3.87,79.5,69,0,-10.17,706019,FW-EF5DD,0
EQP-38994,10674.4,Diesel,Manha,Leste,78.8,,74.3,265,0,27.71,701803,FW-D62B5,1
EQP-38995,7934.7,Diesel,Tarde,Norte,78.5,5.26,113.1,68,2,-17.28,255310,FW-B821E,1
EQP-38996,5582.9,Diesel,Manha,Leste,47.6,1.36,127.8,315,0,-47.86,870947,FW-3D30D,0
EQP-38997,13942.2,Hibrido,Tarde,Norte,118.3,3.07,113.2,323,0,46.02,639677,FW-9FA0C,1
EQP-38998,13707.7,diesel,Noite,Leste,85.9,7.27,97.0,315,0,-28.45,505270,FW-340A4,1
EQP-38999,6709.5,Gas_Natural,Manha,Leste,67.8,5.6,94.4,14,0,-89.17,629745,FW-AF2DB,0
