proponente_id,idade,tipo_vinculo,estado_civil,escolaridade,renda_mensal,valor_solicitado,numero_parcelas,score_serasa,num_consultas_recentes,atrasos_ultimos_12m,ruido_estocastico,numero_da_sorte_app,ip_origem_hash,inadimplente
PROP-10000,38.6, CLT ,Casado,Superior,6712.15,14246.95,36,558.4,2,1,6.18,6065,IP-6C5C3,0
PROP-10001,47.5,Estudante,Casado,Medio,5368.84,5190.76,48,870.5,1,0,-35.96,2952,IP-C8AB0,0
PROP-10002,32.8,AUTONOMO,Solteiro,Pos_Graduacao,2225.99,9473.2,36,621.8,3,0,15.62,2156,IP-E8425,1
PROP-10003,56.4,Autonomo,Casado,Superior,3381.73,31624.27,36,577.0,1,1,-14.38,5055,IP-B3634,1
PROP-10004,21.9,CLT,Casado,Medio,4049.39,34329.83,24,622.4,1,1,51.27,8441,IP-779C5,0
PROP-10005,51.1,CLT,Casado,Fundamental,3683.44,23372.77,36,669.7,3,0,13.56,3065,IP-2AADC,0
PROP-10006,45.4,CLT,Divorciado,Superior,2224.67,32255.17,24,712.2,2,1,95.19,4923,IP-4B3D9,1
PROP-10007,19.1,PJ,Solteiro,Medio,12247.33,23210.48,48,588.0,2,3,-72.09,4942,IP-8D28F,0
PROP-10008,67.8,Autonomo,Casado,Superior,7434.66,3095.48,48,679.5,2,1,15.99,2383,IP-BB4EB,1
PROP-10009,37.3,AUTONOMO,Solteiro,Medio,4157.46,34893.17,48,854.7,4,1,0.84,2875,IP-86DAB,1
PROP-10010,28.3,CLT,Casado,Superior,6186.43,5265.43,24,760.9,1,2,21.03,2795,IP-2D15D,0
PROP-10011,22.5,Estudante,Solteiro,Superior,10958.25,24527.18,12,947.6,1,1,65.43,1021,IP-4FC8F,0
PROP-10012,35.6,PJ,Solteiro,Fundamental,,10343.59,12,528.1,0,0,-71.64,7360,IP-D8AA5,0
PROP-10013,36.6,CLT,Solteiro,Superior,2610.35,14935.38,36,854.7,2,0,30.4,7996,IP-7336C,0
PROP-10014,39.1,CLT,Casado,Superior,4686.16,23315.83,48,509.3,1,0,16.85,7637,IP-76B99,1
PROP-10015,34.7,CLT,Solteiro,Superior,8138.91,16404.08,36,669.5,3,0,-45.49,9392,IP-7184F,0
PROP-10016,45.0,CLT,Casado,Medio,1555.1,10268.02,12,722.5,1,2,59.44,4770,IP-B1FF7,0
PROP-10017,33.7,Autonomo,Solteiro,Superior,18772.47,13036.72,60,548.5,5,1,3.03,3310,IP-D5909,0
PROP-10018,16.7, CLT ,Solteiro,Superior,3948.55,13271.09,60,632.3,1,0,-37.14,3113,IP-B0C40,0
PROP-10019,36.4,CLT,Casado,Medio,3269.36,33657.69,24,747.5,2,2,21.43,5864,IP-3B8B4,1
PROP-10020,12.0,Autonomo,Solteiro,Superior,2854.61,28354.23,36,520.6,1,1,47.79,6748,IP-22E9F,1
PROP-10021,41.9,CLT,Solteiro,Pos_Graduacao,2204.69,17132.11,48,,3,2,15.88,5958,IP-D2886,0
PROP-10022,27.2,CLT,Casado,Pos_Graduacao,7986.32,8594.09,36,426.2,4,0,-21.36,8202,IP-26637,1
PROP-10023,39.8, CLT ,Solteiro,Medio,14463.42,28763.53,60,891.6,2,1,-39.71,4366,IP-856D6,0
PROP-10024,52.5,clt,Solteiro,Medio,3642.08,7187.02,12,760.2,2,0,-40.69,9723,IP-22F50,0
PROP-10025,27.6,PJ,Solteiro,Medio,14190.5,8945.25,36,607.4,1,1,39.74,2376,IP-B8D8B,0
PROP-10026,49.7,CLT,Divorciado,Pos_Graduacao,8691.71,14078.44,36,563.6,4,4,47.16,5310,IP-C2213,1
PROP-10027,33.2,Autonomo,Casado,Medio,4154.99,31051.49,48,549.0,1,1,-12.58,4124,IP-6A073,1
PROP-10028,57.3,Autonomo,Casado,Superior,6107.94,6348.96,48,601.0,4,0,116.75,2163,IP-B708E,0
PROP-10029,34.0,CLT,Casado,Medio,3797.79,6033.73,60,613.2,2,1,-11.91,2671,IP-CB4A8,0
PROP-10030,28.8,Autonomo,Solteiro,Superior,4835.95,18301.17,36,795.7,4,1,-3.75,1447,IP-BEDFE,0
PROP-10031,45.6,CLT,Solteiro,Medio,1651.16,11121.55,48,895.6,1,1,-19.78,6770,IP-C2A7B,0
PROP-10032,33.2,CLT,Casado,Superior,6404.7,20768.02,24,647.9,2,0,-5.86,1025,IP-DDB15,0
PROP-10033,28.7,Servidor_Publico,Solteiro,Medio,1627.94,16904.01,24,501.6,3,1,-1.93,2573,IP-79DC5,1
PROP-10034,32.7,Estudante,Solteiro,Superior,8534.68,16353.65,24,543.6,4,2,29.03,7788,IP-39424,0
PROP-10035,37.5,PJ,Solteiro,Medio,8719.2,5695.11,48,594.4,5,0,-9.73,1196,IP-8E504,1
PROP-10036,52.8,CLT,Solteiro,Superior,2536.51,6654.64,60,475.8,1,0,30.32,5207,IP-B0648,0
PROP-10037,16.7,CLT,Viuvo,Pos_Graduacao,3042.47,29095.59,24,454.9,1,0,-79.85,2678,IP-E5C41,1
PROP-10038,38.3,Autonomo,Solteiro,Medio,4157.09,31234.13,12,913.6,3,1,-31.2,6994,IP-5F769,0
PROP-10039,44.9, CLT ,Casado,Pos_Graduacao,5213.53,9744.56,48,662.4,3,0,-16.02,6590,IP-E19FF,0
PROP-10040,40.1,CLT,Solteiro,Superior,2822.83,5744.2,36,503.4,0,1,-12.75,4218,IP-D7E04,1
PROP-10041,52.4,clt,Viuvo,Medio,,3762.75,60,734.3,4,1,-91.67,8248,IP-6F25E,0
PROP-10042,37.2,CLT,Solteiro,Superior,2884.78,22073.82,24,455.0,0,0,44.75,3001,IP-46B30,1
PROP-10043,36.0,Servidor_Publico,Solteiro,Medio,1639.78,25606.66,12,466.6,3,2,-73.44,1022,IP-BAEC3,1
PROP-10044,44.5,CLT,Casado,Superior,1410.63,14302.73,24,507.6,1,2,-31.58,9147,IP-35C2C,1
PROP-10045,39.1,Autonomo,Casado,Superior,1847.89,24429.3,12,851.6,2,0,-1.4,3328,IP-6DB85,0
PROP-10046,33.7,CLT,Solteiro,Medio,7999.98,25527.64,24,584.6,1,0,102.1,7303,IP-C8B72,0
PROP-10047,43.7,Autonomo,Solteiro,Superior,15072.32,32866.3,12,278.2,4,0,-2.65,7427,IP-B3875,0
PROP-10048,30.8,Autonomo,Solteiro,Superior,3738.6,4140.83,24,789.4,1,0,22.42,3138,IP-8ADAF,0
PROP-10049,31.3,CLT,Solteiro,Pos_Graduacao,4419.14,8345.63,12,577.1,5,1,-74.2,6747,IP-B82A5,1
PROP-10050,32.2,Estudante,Solteiro,Superior,2067.03,4261.36,60,361.1,3,1,-41.75,1492,IP-7E86A,1
PROP-10051,52.9,PJ,Casado,Fundamental,4763.37,30643.8,24,575.7,1,0,-34.79,5579,IP-8AF3E,0
PROP-10052,2.6,Servidor_Publico,Solteiro,Superior,2056.25,28155.38,24,692.9,2,1,-26.68,5235,IP-B7B31,1
PROP-10053,42.4,Servidor_Publico,Solteiro,Medio,5367.85,20963.19,48,676.6,0,3,50.84,6995,IP-71FFF,1
PROP-10054,38.4,Autonomo,Casado,Pos_Graduacao,12769.11,4760.89,36,871.8,1,2,-27.43,8506,IP-1DD48,0
PROP-10055,19.5,Servidor_Publico,Divorciado,Superior,,11019.31,36,500.6,2,2,30.42,6529,IP-E12CE,0
PROP-10056,41.4,CLT,Casado,Superior,7474.52,11824.75,36,626.5,3,0,-38.53,2636,IP-DCCB7,0
PROP-10057,43.2,CLT,Solteiro,Superior,1499.89,20504.53,48,522.1,1,1,-13.98,1938,IP-A270D,1
PROP-10058,44.5,CLT,Solteiro,Pos_Graduacao,3377.36,10515.45,48,404.1,2,0,-119.95,7577,IP-ED26F,0
PROP-10059,8.8,CLT,Divorciado,Pos_Graduacao,1892.98,4407.68,36,744.0,1,1,-3.55,5120,IP-C9886,1
PROP-10060,53.0, CLT ,Solteiro,Superior,3225.31,26115.16,48,684.9,1,1,-0.69,7002,IP-1F778,1
PROP-10061,29.9,CLT,Solteiro,Medio,2200.52,11869.65,36,659.7,3,0,-9.7,2491,IP-33F07,0
PROP-10062,45.6,PJ,Casado,Superior,3362.64,16928.35,24,679.8,1,1,98.27,6326,IP-CDD78,1
PROP-10063,46.2, CLT ,Casado,Superior,3669.95,6213.0,48,524.0,1,0,-3.26,9359,IP-D9CCC,0
PROP-10064,28.4,CLT,Casado,Medio,2901.58,28484.09,36,479.2,2,0,-136.12,2366,IP-773F2,1
PROP-10065,45.3,Autonomo,Solteiro,Superior,5889.48,20662.55,60,625.3,1,0,-60.98,8234,IP-86D69,0
PROP-10066,33.8,CLT,Solteiro,Superior,11948.22,31752.33,12,782.6,3,2,-2.15,4774,IP-805A0,0
PROP-10067,15.2,PJ,Divorciado,Medio,3549.64,18350.56,24,845.1,4,1,-3.98,9331,IP-8DBBA,0
PROP-10068,50.8,CLT,Solteiro,Medio,2297.2,33067.05,60,731.4,3,1,-40.65,9697,IP-EA2BB,1
PROP-10069,29.5,Estudante,Casado,Medio,2725.95,31431.65,24,624.1,3,1,-51.06,1837,IP-8C19D,1
PROP-10070,28.6,PJ,Casado,Fundamental,9481.45,21023.18,60,657.8,3,1,69.28,1939,IP-C9A4F,0
PROP-10071,33.6,CLT,Casado,Medio,4960.72,32818.48,60,621.6,2,0,49.49,5308,IP-57CC2,0
PROP-10072,41.0,CLT,Solteiro,Medio,3949.36,12661.93,48,476.4,3,0,56.26,7488,IP-994A2,1
PROP-10073,37.4,PJ,Solteiro,Superior,2080.78,14066.19,36,623.5,4,1,-31.41,1558,IP-1FC45,1
PROP-10074,44.0,AUTONOMO,Casado,Medio,3908.83,3500.77,36,433.1,3,0,35.01,7084,IP-77D79,0
PROP-10075,23.3,AUTONOMO,Divorciado,Medio,2770.93,21443.63,48,602.6,2,2,-128.36,9598,IP-791CB,0
PROP-10076,29.8,PJ,Divorciado,Medio,13443.79,25823.49,48,849.1,1,0,-20.78,5182,IP-60B9D,0
PROP-10077,36.7,CLT,Solteiro,Superior,10450.03,27526.13,36,735.2,2,0,-27.57,4106,IP-DDA24,0
PROP-10078,58.9, CLT ,Solteiro,Superior,1768.06,6943.94,60,490.8,3,1,-12.57,9912,IP-DB38F,1
PROP-10079,36.7,CLT,Divorciado,Medio,4453.49,16657.25,36,609.9,2,0,5.77,5261,IP-83326,0
PROP-10080,49.9,PJ,Casado,Superior,2470.86,7836.49,60,503.2,2,1,-8.56,8347,IP-22C7D,1
PROP-10081,38.4,Autonomo,Divorciado,Fundamental,3621.59,23850.2,12,611.2,3,0,-56.38,4585,IP-4D478,1
PROP-10082,32.7,CLT,Solteiro,Medio,10196.21,7212.23,12,765.8,3,1,-37.22,6010,IP-73001,0
PROP-10083,35.3,CLT,Casado,Medio,4548.94,31837.4,24,711.4,2,2,25.91,1878,IP-AB80E,1
PROP-10084,36.1,CLT,Casado,Medio,3108.51,9610.94,24,967.8,4,1,17.73,3494,IP-F24D8,0
PROP-10085,44.6,CLT,Casado,Superior,,11616.27,48,786.9,3,1,79.64,8874,IP-ECEF4,0
PROP-10086,53.1,AUTONOMO,Solteiro,Superior,8166.47,30079.91,12,648.6,3,0,15.62,8520,IP-4033C,0
PROP-10087,42.0,Autonomo,Solteiro,Medio,5514.09,17129.43,60,714.8,1,0,74.4,9221,IP-53B5E,0
PROP-10088,51.1,Servidor_Publico,Casado,Superior,4051.19,2791.87,24,591.7,2,1,-72.38,1678,IP-F1A43,0
PROP-10089,27.4,clt,Solteiro,Medio,2430.01,18321.35,24,,2,0,29.54,9415,IP-42247,0
PROP-10090,33.4,CLT,Casado,Superior,3108.71,4789.93,24,802.8,3,1,37.88,8624,IP-D4492,0
PROP-10091,30.0,AUTONOMO,Divorciado,Superior,14902.87,34516.38,36,761.3,1,0,24.24,5156,IP-C0501,0
PROP-10092,41.5,PJ,Solteiro,Medio,4483.46,21407.68,12,586.3,3,2,-60.03,7319,IP-2D554,1
PROP-10093,34.1,Autonomo,Casado,Superior,3550.37,10465.58,12,658.4,3,0,15.87,6726,IP-2392F,0
PROP-10094,46.0,PJ,Solteiro,Medio,4495.13,20602.68,36,793.7,3,0,-18.05,7284,IP-94D4D,0
PROP-10095,27.8,clt,Casado,Superior,7740.07,4536.61,12,738.5,2,0,28.92,5181,IP-C388B,0
PROP-10096,38.5,Autonomo,Viuvo,Medio,3145.86,28396.41,24,415.2,3,1,-4.34,4559,IP-CFB8B,1
PROP-10097,45.6, CLT ,Solteiro,Pos_Graduacao,2226.87,32535.83,48,654.1,2,1,-28.45,4466,IP-682A2,0
PROP-10098,15.3,CLT,Solteiro,Medio,5093.16,30856.66,12,596.5,3,1,114.08,2447,IP-EC6B6,1
PROP-10099,61.3,CLT,Solteiro,Pos_Graduacao,5995.78,13278.0,24,775.8,2,1,-37.17,8275,IP-B6F2C,0
PROP-10100,34.9,CLT,Solteiro,Medio,,12750.35,12,764.3,1,1,13.97,9773,IP-89341,0
PROP-10101,15.7,Autonomo,Casado,Superior,10375.26,3157.89,24,804.6,4,0,27.59,2949,IP-AD77D,0
PROP-10102,39.7,CLT,Divorciado,Medio,3348.38,23496.21,36,,4,1,-14.67,5509,IP-86186,0
PROP-10103,38.4,Autonomo,Solteiro,Pos_Graduacao,1729.05,19651.86,12,510.2,3,1,56.96,1205,IP-72439,1
PROP-10104,37.1,Servidor_Publico,Solteiro,Medio,14749.36,17158.43,48,776.0,2,1,43.16,1774,IP-3EEB3,0
PROP-10105,48.9,CLT,Solteiro,Medio,3797.99,31951.82,60,,2,0,-84.34,1478,IP-CA4CD,0
PROP-10106,46.2, CLT ,Casado,Superior,5500.01,7540.0,12,407.0,1,0,30.95,9416,IP-EA305,0
PROP-10107,41.3,PJ,Solteiro,Medio,6009.62,2318.99,60,694.6,3,1,88.64,4960,IP-4BDD6,0
PROP-10108,43.0,CLT,Casado,Medio,4721.32,4419.44,24,543.4,1,1,-38.1,2316,IP-4A228,1
PROP-10109,36.9,CLT,Casado,Fundamental,2364.9,9371.26,12,870.6,3,0,-68.87,1014,IP-D2486,0
PROP-10110,57.5,CLT,Casado,Fundamental,7309.74,3098.42,12,661.5,1,0,-15.11,9241,IP-51BD2,0
PROP-10111,21.7,CLT,Solteiro,Medio,8239.18,18593.84,24,642.4,2,1,-1.61,8939,IP-E12D8,0
PROP-10112,39.5,Servidor_Publico,Casado,Pos_Graduacao,4781.6,12364.99,36,568.3,1,0,1.57,6220,IP-87DEF,1
PROP-10113,38.7,PJ,Solteiro,Superior,4216.21,7955.94,24,842.7,3,0,52.36,4497,IP-DAE4C,0
PROP-10114,46.9,Autonomo,Solteiro,Medio,1908.07,26752.77,48,670.2,1,0,-34.7,1963,IP-89B2B,1
PROP-10115,28.7,Servidor_Publico,Divorciado,Superior,1768.28,8746.89,36,562.8,4,0,26.55,6129,IP-F0479,0
PROP-10116,18.8,PJ,Casado,Superior,3142.4,24690.97,24,508.8,5,0,38.53,1122,IP-C466F,1
PROP-10117,39.7,CLT,Solteiro,Fundamental,2963.62,13525.74,36,609.7,0,1,5.12,5757,IP-7D7E0,0
PROP-10118,41.1,Servidor_Publico,Solteiro,Medio,14301.03,18890.32,60,483.1,1,0,-31.2,2918,IP-1CFAB,0
PROP-10119,54.4,Autonomo,Solteiro,Superior,7829.07,32817.61,12,764.0,2,1,-57.84,9862,IP-4A853,1
PROP-10120,24.0,PJ,Solteiro,Medio,5930.07,3232.6,24,366.8,2,1,-76.8,4043,IP-7A19D,1
PROP-10121,50.7,Servidor_Publico,Solteiro,Medio,4462.14,18508.73,24,,1,0,-73.5,4272,IP-BCA75,0
PROP-10122,64.0,CLT,Solteiro,Medio,2169.28,30195.96,24,705.4,2,0,-80.48,8265,IP-9AFDF,1
PROP-10123,33.8,CLT,Casado,Fundamental,17518.29,21403.15,36,667.9,2,1,76.23,3767,IP-68558,0
PROP-10124,23.8,CLT,Casado,Superior,3374.29,11136.73,24,519.6,5,0,-9.06,1845,IP-B9CFC,1
PROP-10125,33.5, CLT ,Casado,Superior,,15123.48,36,712.4,2,1,102.13,1558,IP-AF4B2,0
PROP-10126,38.2,PJ,Casado,Superior,4259.45,24448.77,36,496.0,3,0,18.42,7513,IP-C697B,1
PROP-10127,44.2,PJ,Solteiro,Medio,10100.12,31396.79,36,616.9,2,2,-76.82,1588,IP-AFD74,1
PROP-10128,31.5,CLT,Divorciado,Medio,10568.37,3355.19,12,711.3,4,0,-9.91,2353,IP-1CBF1,0
PROP-10129,55.1,Autonomo,Casado,Medio,1446.31,4360.78,24,684.8,3,2,31.3,6340,IP-9C988,0
PROP-10130,25.7, CLT ,Casado,Medio,10531.45,12726.7,24,525.5,1,1,15.55,5442,IP-E1EB7,0
PROP-10131,18.9,CLT,Casado,Superior,2730.33,9681.73,24,787.6,4,3,-21.83,2589,IP-B93B9,1
PROP-10132,50.2,CLT,Divorciado,Superior,1566.96,10742.72,60,,1,0,44.43,9250,IP-41A0A,0
PROP-10133,13.0,CLT,Casado,Medio,9306.48,9301.91,24,724.0,6,0,-52.65,3079,IP-B39D7,1
PROP-10134,35.8,Servidor_Publico,Solteiro,Medio,9775.31,8462.23,12,834.1,1,1,8.57,8825,IP-F01D9,0
PROP-10135,72.3,CLT,Casado,Medio,5209.03,6310.59,24,776.5,4,1,39.44,4715,IP-D00BF,1
PROP-10136,37.9,Autonomo,Casado,Superior,,32820.49,48,776.8,1,0,-18.79,9399,IP-DDFA1,0
PROP-10137,25.7,AUTONOMO,Casado,Pos_Graduacao,8444.62,6758.25,48,647.0,4,1,24.65,3385,IP-53668,0
PROP-10138,37.4, CLT ,Casado,Superior,7881.55,8745.32,36,,5,1,-6.52,1309,IP-1FBF1,0
PROP-10139,37.4,Estudante,Solteiro,Superior,10674.58,10126.77,24,649.9,1,0,9.79,7552,IP-A6F50,0
PROP-10140,39.8,Estudante,Solteiro,Superior,4779.45,32789.49,24,450.7,3,3,20.69,2661,IP-3C490,1
PROP-10141,45.3,CLT,Divorciado,Medio,15810.42,26938.57,36,662.4,1,1,-14.93,3185,IP-F2C4D,0
PROP-10142,26.6,clt,Casado,Medio,24747.21,28060.08,60,655.9,0,0,69.28,3438,IP-65C8C,0
PROP-10143,56.6,CLT,Casado,Pos_Graduacao,1920.44,5457.02,36,701.7,2,0,12.7,7525,IP-2B0F2,0
PROP-10144,40.7,CLT,Solteiro,Superior,9355.15,29598.23,36,602.1,2,0,27.52,5800,IP-6C219,1
PROP-10145,46.0,CLT,Solteiro,Medio,4309.73,15470.37,24,513.4,3,0,56.65,2888,IP-2EDD6,1
PROP-10146,31.1,Autonomo,Divorciado,Superior,3459.32,10673.16,24,711.9,2,0,29.42,6088,IP-D2D85,0
PROP-10147,52.2,Autonomo,Casado,Superior,5387.97,20999.75,48,436.1,0,0,-47.63,6992,IP-E97AB,0
PROP-10148,35.2,CLT,Casado,Superior,1641.89,29132.04,24,824.2,1,1,36.05,5557,IP-3E78F,0
PROP-10149,41.1,CLT,Casado,Fundamental,4365.85,27695.52,60,587.6,2,1,12.63,5013,IP-EC714,1
PROP-10150,27.7,Servidor_Publico,Casado,Superior,9997.8,31369.92,24,654.4,4,1,-35.16,7890,IP-BF4E9,0
PROP-10151,27.0,CLT,Solteiro,Superior,2408.48,32628.36,12,698.2,2,2,57.02,4138,IP-1C435,1
PROP-10152,45.6,CLT,Casado,Medio,3734.38,9858.03,36,702.7,0,0,-51.48,4685,IP-D0FA9,0
PROP-10153,33.1,clt,Solteiro,Medio,13180.14,15987.31,12,422.7,2,0,-27.62,3218,IP-A63D1,0
PROP-10154,28.6,Estudante,Solteiro,Medio,3750.33,2482.74,24,735.4,1,0,-21.02,8046,IP-A8E8C,0
PROP-10155,30.9,CLT,Casado,Medio,3263.71,31017.61,24,662.4,3,0,-63.79,4305,IP-6D92F,1
PROP-10156,45.7,Autonomo,Divorciado,Superior,3839.26,7100.88,36,531.1,2,1,-0.91,2327,IP-2C1C3,1
PROP-10157,31.1,PJ,Solteiro,Superior,4477.88,30428.67,24,515.0,0,0,-33.18,6614,IP-D0E97,0
PROP-10158,36.7,CLT,Casado,Medio,5598.53,12869.78,12,573.2,2,0,11.32,9748,IP-A94DC,0
PROP-10159,38.2,AUTONOMO,Solteiro,Pos_Graduacao,8174.21,14148.41,36,438.2,1,0,86.33,7680,IP-E08EA,0
PROP-10160,16.9, CLT ,Solteiro,Medio,3927.0,3291.36,24,861.1,0,0,-1.96,7147,IP-F22B0,1
PROP-10161,21.8,Autonomo,Solteiro,Medio,8543.78,12787.0,60,828.1,3,2,24.1,4459,IP-B6DF8,0
PROP-10162,41.7,Autonomo,Solteiro,Medio,4604.48,31316.0,24,,6,0,-0.97,7373,IP-98620,0
PROP-10163,29.9,Autonomo,Casado,Medio,3135.51,2843.06,36,588.7,4,1,-15.78,4945,IP-A1EAB,1
PROP-10164,49.6,CLT,Solteiro,Medio,5905.76,15408.81,24,592.4,4,2,36.53,1194,IP-300A2,0
PROP-10165,48.6,PJ,Casado,Superior,6712.43,3036.19,48,726.1,3,0,-46.94,5251,IP-26212,0
PROP-10166,45.9,CLT,Divorciado,Superior,4829.54,14240.47,36,866.1,0,0,49.84,5205,IP-290E8,0
PROP-10167,58.0,CLT,Solteiro,Fundamental,1644.78,7697.14,60,540.1,2,1,-38.69,4530,IP-44EF2,1
PROP-10168,37.1,CLT,Casado,Medio,2181.99,10323.21,12,463.5,0,0,67.41,2700,IP-82532,1
PROP-10169,45.1,Autonomo,Solteiro,Medio,2810.73,30960.75,24,836.7,2,2,-18.37,6840,IP-5181E,0
PROP-10170,31.6,Autonomo,Casado,Medio,2795.06,16389.62,36,369.8,4,0,-41.24,5732,IP-524EA,1
PROP-10171,65.0,CLT,Solteiro,Superior,6100.15,11035.33,12,478.8,4,1,5.09,4890,IP-38A77,0
PROP-10172,59.8,Autonomo,Solteiro,Medio,1477.78,21448.17,24,585.4,3,0,-78.64,8966,IP-485B5,1
PROP-10173,38.1,CLT,Solteiro,Pos_Graduacao,7318.99,6689.53,60,401.5,1,1,-53.7,5692,IP-5C8A0,1
PROP-10174,42.3,Autonomo,Solteiro,Superior,2695.07,10559.92,24,775.7,0,0,23.7,4817,IP-2ACD4,0
PROP-10175,53.0,CLT,Solteiro,Superior,2958.6,20026.18,60,740.0,3,0,58.86,8632,IP-7349C,0
PROP-10176,36.4,Autonomo,Casado,Superior,4552.46,9838.26,12,539.5,3,1,-29.38,1986,IP-56F4B,0
PROP-10177,30.8, CLT ,Divorciado,Medio,2421.66,24411.22,36,799.1,0,2,63.76,9475,IP-1988A,0
PROP-10178,47.6,Servidor_Publico,Casado,Medio,10464.59,18219.21,36,822.9,1,1,-20.65,9954,IP-537A9,0
PROP-10179,38.9,CLT,Casado,Medio,1774.78,27475.64,36,604.2,1,0,9.11,4238,IP-5246A,0
PROP-10180,40.0,CLT,Solteiro,Superior,3868.23,33292.07,60,556.9,3,1,9.53,6824,IP-792A7,0
PROP-10181,28.8,CLT,Solteiro,Medio,9351.76,5821.56,12,936.3,1,0,76.54,8567,IP-88F30,0
PROP-10182,19.1,Servidor_Publico,Solteiro,Medio,5418.17,13043.95,48,721.0,1,0,44.22,9770,IP-2CD65,0
PROP-10183,40.6,Servidor_Publico,Solteiro,Fundamental,2852.26,12545.12,36,655.9,3,1,-10.16,9910,IP-CDD9A,1
PROP-10184,48.0,CLT,Casado,Medio,3693.36,6989.04,24,810.9,2,1,121.77,3595,IP-22326,1
PROP-10185,35.5,Autonomo,Casado,Superior,,28740.0,60,662.3,4,1,-2.83,9574,IP-E391C,0
PROP-10186,53.8,PJ,Solteiro,Superior,16610.81,27076.0,24,549.2,2,1,0.77,7941,IP-C61DE,0
PROP-10187,30.3,Autonomo,Solteiro,Medio,10792.14,17986.04,48,631.2,2,0,16.62,7492,IP-671FE,0
PROP-10188,26.4,Autonomo,Casado,Medio,3160.67,19746.44,24,765.4,1,1,-21.04,9982,IP-4CC44,1
PROP-10189,37.3,CLT,Casado,Medio,27938.92,3964.96,48,341.1,3,0,69.21,1446,IP-C4EE3,0
PROP-10190,37.1,CLT,Solteiro,Superior,1414.75,20331.74,36,579.7,1,1,-4.78,4594,IP-BC4DF,1
PROP-10191,46.5,Servidor_Publico,Divorciado,Superior,1517.68,28114.27,12,813.6,1,1,32.37,3935,IP-66B9D,1
PROP-10192,29.5,Servidor_Publico,Divorciado,Superior,8692.74,20936.31,36,548.3,1,0,-137.12,5394,IP-E11A6,0
PROP-10193,53.0,Autonomo,Solteiro,Pos_Graduacao,2334.38,10755.11,12,836.5,4,2,6.57,4146,IP-BC02F,1
PROP-10194,59.6,CLT,Solteiro,Superior,1663.32,24029.09,24,818.1,2,1,-16.81,1648,IP-5C678,1
PROP-10195,37.6,CLT,Casado,Medio,2536.9,13929.12,12,610.8,3,1,3.57,7893,IP-50C03,1
PROP-10196,51.7,AUTONOMO,Divorciado,Medio,3732.26,19980.82,12,540.4,0,0,-57.9,9844,IP-50D82,1
PROP-10197,26.4,Servidor_Publico,Divorciado,Pos_Graduacao,6908.02,18089.66,24,579.8,1,0,-9.14,9392,IP-459AD,0
PROP-10198,49.8,Servidor_Publico,Solteiro,Medio,5512.05,14578.78,36,990.0,4,0,9.18,2511,IP-9E799,0
PROP-10199,49.5,PJ,Solteiro,Medio,2539.51,25722.97,24,882.4,5,0,-17.83,9286,IP-DC343,0
PROP-10200,47.5,Autonomo,Casado,Superior,4338.78,31167.91,36,637.6,3,0,29.85,1130,IP-C2A14,0
PROP-10201,37.8,CLT,Casado,Superior,12347.67,2172.01,24,534.9,6,1,3.21,9305,IP-5D5E8,1
PROP-10202,5.5,CLT,Solteiro,Pos_Graduacao,8487.25,32809.35,36,636.4,4,0,31.84,4161,IP-71BAA,0
PROP-10203,30.9,Servidor_Publico,Divorciado,Superior,3039.53,18880.0,36,654.1,2,2,48.83,3845,IP-AD81F,0
PROP-10204,31.1,Autonomo,Casado,Medio,18335.2,25124.15,24,445.9,3,1,52.83,8712,IP-1C420,0
PROP-10205,27.2,CLT,Casado,Fundamental,6579.14,30235.61,48,631.2,3,1,-19.11,4588,IP-B6BA8,1
PROP-10206,39.3,CLT,Divorciado,Medio,1670.83,17414.42,36,805.1,2,0,-19.85,9890,IP-B48B8,0
PROP-10207,33.4,Autonomo,Casado,Medio,1550.33,29554.14,36,368.1,2,0,80.22,3295,IP-58D07,1
PROP-10208,28.9,CLT,Solteiro,Superior,2174.54,7861.45,24,735.7,3,1,-45.9,7754,IP-B81AE,0
PROP-10209,26.4,CLT,Casado,Medio,6865.98,7252.53,12,812.5,3,0,-21.01,4267,IP-67D9C,0
PROP-10210,30.1,Autonomo,Solteiro,Superior,2252.69,23696.56,48,541.5,0,0,-8.06,7713,IP-9B0D9,1
PROP-10211,50.3,Autonomo,Casado,Medio,4408.83,30714.72,48,857.2,3,2,-42.85,9677,IP-BCEB7,1
PROP-10212,30.7,Autonomo,Solteiro,Superior,1811.18,31450.06,12,523.4,6,1,5.64,1676,IP-714E7,1
PROP-10213,32.3,CLT,Casado,Medio,12054.84,23243.44,24,681.8,1,0,60.76,9763,IP-93413,0
PROP-10214,33.0,AUTONOMO,Solteiro,Superior,,19341.14,36,577.1,3,1,-95.63,8482,IP-C74FC,0
PROP-10215,41.7,CLT,Solteiro,Superior,11427.09,12935.97,36,577.0,1,0,-25.82,6513,IP-70266,0
PROP-10216,43.0,CLT,Solteiro,Medio,13572.29,34340.01,48,533.6,3,0,5.97,1800,IP-DD31E,0
PROP-10217,4.5,AUTONOMO,Solteiro,Medio,1425.82,12549.96,12,717.8,1,0,78.23,9314,IP-A9B4D,1
PROP-10218,49.2,Autonomo,Casado,Medio,4020.27,26558.14,24,738.8,3,0,-74.69,2869,IP-B5C62,0
PROP-10219,53.8,PJ,Casado,Medio,1504.85,19555.4,12,611.0,2,1,43.45,1931,IP-4BADE,1
PROP-10220,26.4,Autonomo,Casado,Superior,11452.81,22080.91,24,429.6,4,0,-8.16,1805,IP-D5D0E,1
PROP-10221,27.3,Autonomo,Solteiro,Superior,4468.76,14984.86,12,676.4,3,0,8.12,8961,IP-EFB37,1
PROP-10222,33.0,CLT,Solteiro,Medio,1727.18,33839.16,48,679.1,1,2,61.39,4986,IP-4BDF3,1
PROP-10223,29.7, CLT ,Solteiro,Medio,1890.75,20865.52,36,589.7,1,0,-6.58,7732,IP-44879,0
PROP-10224,40.5,CLT,Solteiro,Medio,3431.59,32946.99,48,881.4,0,1,-1.63,2110,IP-B1C9A,1
PROP-10225,16.6,CLT,Divorciado,Superior,13232.75,2250.52,12,401.0,1,2,6.75,2615,IP-99645,1
PROP-10226,25.7,Estudante,Solteiro,Medio,,20898.13,24,309.6,4,1,10.07,2432,IP-44E9B,0
PROP-10227,54.9, CLT ,Solteiro,Fundamental,9892.69,25667.17,24,517.7,2,0,-54.43,8548,IP-EA58E,0
PROP-10228,27.8,Servidor_Publico,Solteiro,Superior,3316.99,26587.65,24,719.5,2,0,8.1,2497,IP-8E18D,0
PROP-10229,51.7,Autonomo,Solteiro,Medio,1585.54,31864.24,48,472.2,3,1,21.71,2916,IP-E1DCA,1
PROP-10230,41.9,PJ,Casado,Superior,16780.19,2145.25,24,482.7,4,0,-80.68,9276,IP-302A7,0
PROP-10231,18.1,Autonomo,Casado,Pos_Graduacao,1472.75,2010.9,24,753.1,3,0,43.22,6896,IP-D977F,0
PROP-10232,45.0,Autonomo,Solteiro,Superior,13789.31,17584.69,12,684.8,4,1,45.76,9067,IP-3DF67,0
PROP-10233,36.7,clt,Solteiro,Medio,3331.74,2966.69,12,672.8,1,0,12.65,9501,IP-94724,0
PROP-10234,33.0,CLT,Solteiro,Medio,1442.59,34159.57,48,729.4,0,1,-67.23,4070,IP-C11EF,1
PROP-10235,40.7,AUTONOMO,Solteiro,Pos_Graduacao,6307.57,9328.15,24,560.5,2,1,-32.44,7920,IP-6C0BA,1
PROP-10236,43.2,CLT,Solteiro,Superior,17945.52,17597.94,36,566.9,1,1,-116.28,5347,IP-9381D,0
PROP-10237,45.8,CLT,Divorciado,Superior,15555.88,4017.54,36,733.4,5,0,-17.88,6592,IP-C035E,0
PROP-10238,51.0,Autonomo,Casado,Pos_Graduacao,2136.97,19227.6,12,431.7,3,2,-45.67,6377,IP-4C960,1
PROP-10239,42.5,CLT,Casado,Pos_Graduacao,2239.89,14538.55,12,320.0,2,2,-3.4,1075,IP-AEA24,1
PROP-10240,22.9,Servidor_Publico,Solteiro,Pos_Graduacao,4901.33,3473.78,48,559.3,3,1,50.07,4858,IP-56E8C,1
PROP-10241,32.8,Estudante,Solteiro,Medio,5659.61,13059.1,36,750.3,1,1,-25.12,4704,IP-6B6D3,0
PROP-10242,70.4,Servidor_Publico,Casado,Superior,7048.32,14917.39,24,655.8,2,0,20.56,7500,IP-F2A80,0
PROP-10243,46.0, CLT ,Casado,Superior,,34667.41,12,740.0,0,1,-4.38,9548,IP-DEE23,0
PROP-10244,64.1,CLT,Casado,Superior,14816.3,8860.23,12,337.7,3,2,-45.2,2993,IP-AB7EC,1
PROP-10245,53.3,Servidor_Publico,Solteiro,Superior,5676.25,19977.73,24,664.2,5,1,70.46,3831,IP-92C52,0
PROP-10246,40.7, CLT ,Casado,Medio,9286.02,34581.41,12,711.5,1,1,41.37,1104,IP-36D91,1
PROP-10247,41.3,Estudante,Solteiro,Superior,999999.0,28136.63,24,430.9,3,0,-55.43,7790,IP-90156,0
PROP-10248,37.6,Estudante,Divorciado,Superior,3646.61,34781.13,24,740.7,3,0,22.42,7339,IP-AB879,1
PROP-10249,18.9,PJ,Casado,Medio,17277.03,33953.84,12,604.4,2,0,-10.38,2766,IP-8C1C8,0
PROP-10250,38.2,CLT,Casado,Superior,5064.77,18154.8,12,990.0,0,0,25.63,4038,IP-5453E,0
PROP-10251,51.3, CLT ,Solteiro,Medio,9869.12,24980.4,48,315.2,2,1,-67.06,6003,IP-5D1C2,1
PROP-10252,31.4,PJ,Casado,Medio,14268.16,5644.62,36,811.7,3,2,-17.42,7020,IP-F396F,0
PROP-10253,42.5,CLT,Solteiro,Medio,6125.09,16557.91,60,564.8,3,0,17.69,2486,IP-E09D8,1
PROP-10254,47.4,CLT,Solteiro,Superior,4743.84,28697.61,24,393.6,1,3,-54.38,9708,IP-CBC37,1
PROP-10255,28.0,Autonomo,Solteiro,Superior,1414.77,18676.07,36,546.2,2,0,12.95,5399,IP-C8DD4,0
PROP-10256,33.0,Servidor_Publico,Casado,Superior,1571.54,25189.07,24,658.8,1,1,-16.74,4028,IP-891BD,1
PROP-10257,26.8,Autonomo,Solteiro,Superior,2341.67,26609.79,36,765.2,3,1,2.2,5486,IP-5181A,1
PROP-10258,29.0,Autonomo,Solteiro,Pos_Graduacao,2264.38,10364.48,12,861.1,2,1,50.98,3914,IP-B899B,1
PROP-10259,23.8,CLT,Divorciado,Medio,2635.0,30898.08,12,819.1,1,1,135.33,9487,IP-DBE95,1
PROP-10260,28.1,Autonomo,Solteiro,Medio,2927.75,17174.14,60,484.8,2,1,3.9,2988,IP-B5170,0
PROP-10261,53.6,Estudante,Casado,Pos_Graduacao,3274.84,8936.11,36,778.2,3,0,-9.41,5577,IP-29F6C,0
PROP-10262,27.9,CLT,Solteiro,Medio,3691.75,30558.72,60,674.8,3,0,96.56,5945,IP-5CF98,1
PROP-10263,39.4,Autonomo,Solteiro,Fundamental,,15788.02,24,528.4,3,2,56.68,8397,IP-37226,0
PROP-10264,32.5,Servidor_Publico,Casado,Pos_Graduacao,1581.8,26760.31,24,590.3,3,0,88.82,9159,IP-F1A28,0
PROP-10265,51.0,AUTONOMO,Solteiro,Superior,6106.89,20085.09,24,520.6,5,1,11.91,9336,IP-58B34,1
PROP-10266,52.4,Autonomo,Casado,Fundamental,4637.16,14601.77,36,625.2,1,0,40.82,4032,IP-AB93D,1
PROP-10267,47.5,AUTONOMO,Casado,Medio,3866.43,28725.92,36,,1,1,2.42,7066,IP-C7484,0
PROP-10268,41.4, CLT ,Casado,Medio,5626.56,21287.51,60,,1,3,2.82,3255,IP-679B5,0
PROP-10269,35.5,CLT,Casado,Superior,8785.27,14888.55,12,687.1,0,0,5.53,9637,IP-9924E,0
PROP-10270,24.9,PJ,Solteiro,Medio,,5616.73,36,708.0,3,1,20.82,5509,IP-483DD,0
PROP-10271,59.4,PJ,Solteiro,Pos_Graduacao,5704.02,31549.7,24,593.7,1,0,3.72,6921,IP-1A09E,1
PROP-10272,29.6,PJ,Casado,Medio,14293.4,3170.5,12,811.5,3,2,69.43,8403,IP-7B7BE,0
PROP-10273,45.3,Servidor_Publico,Casado,Superior,9087.0,30485.18,36,583.5,2,0,28.78,9736,IP-569A9,0
PROP-10274,49.7,Autonomo,Casado,Superior,,13878.73,36,577.6,1,1,10.07,2154,IP-9E5BD,0
PROP-10275,31.9,Autonomo,Casado,Superior,5746.33,23098.18,12,712.5,1,1,8.07,5798,IP-7A97D,1
PROP-10276,49.4,PJ,Casado,Medio,2218.52,32432.59,24,601.5,5,0,-21.26,4852,IP-E7A26,1
PROP-10277,46.4,Autonomo,Casado,Medio,4853.11,7006.32,24,631.9,1,2,-54.23,5851,IP-AFF2E,0
PROP-10278,57.0,AUTONOMO,Solteiro,Pos_Graduacao,18119.13,20709.37,24,267.1,5,1,50.04,7535,IP-37432,0
PROP-10279,32.8,PJ,Casado,Medio,4467.95,27226.28,24,622.3,2,1,49.8,3865,IP-F38E9,1
PROP-10280,23.9,Servidor_Publico,Casado,Pos_Graduacao,12429.53,27000.27,12,364.2,2,1,-55.35,6188,IP-97346,0
PROP-10281,32.4,CLT,Solteiro,Superior,3597.13,19345.85,12,449.1,2,0,-54.27,9286,IP-DDDFA,1
PROP-10282,40.3, CLT ,Divorciado,Superior,29806.72,22616.4,60,433.1,1,0,35.0,5855,IP-E1DA2,0
PROP-10283,38.6,CLT,Divorciado,Superior,5035.71,26998.39,60,474.0,2,1,-16.01,1257,IP-A1502,0
PROP-10284,33.7,Autonomo,Casado,Medio,1581.39,29753.91,24,543.2,2,1,-49.5,8430,IP-720D3,1
PROP-10285,17.0,CLT,Solteiro,Superior,5111.6,27139.83,60,551.9,1,0,-80.23,5489,IP-CAC1B,0
PROP-10286,43.2,clt,Solteiro,Pos_Graduacao,2748.18,13682.16,36,713.0,4,0,-23.11,7684,IP-AA371,0
PROP-10287,59.7,Autonomo,Casado,Superior,1538.69,34891.97,12,651.1,3,0,6.53,5829,IP-6A5F7,1
PROP-10288,43.1,CLT,Divorciado,Fundamental,8622.11,16338.59,12,353.8,6,1,-14.13,8329,IP-BF9AC,0
PROP-10289,44.7,Autonomo,Solteiro,Superior,2754.88,2807.34,60,631.7,2,1,-66.32,9647,IP-902CB,0
PROP-10290,44.3,CLT,Solteiro,Medio,8087.78,13966.36,36,664.6,4,1,-29.42,3017,IP-8FCB0,0
PROP-10291,42.4,CLT,Divorciado,Medio,2827.93,6216.84,48,574.0,1,1,27.75,1172,IP-87BEA,1
PROP-10292,48.2,PJ,Solteiro,Fundamental,2307.52,6007.61,48,611.5,4,1,79.15,9774,IP-C5930,1
PROP-10293,42.3, CLT ,Casado,Medio,16718.17,11290.66,24,646.6,4,0,2.33,3745,IP-1E3D3,0
PROP-10294,34.6,CLT,Divorciado,Pos_Graduacao,3285.22,3761.39,12,727.0,2,0,51.64,2357,IP-60D50,1
PROP-10295,29.2,Autonomo,Solteiro,Pos_Graduacao,5262.9,24720.9,12,399.5,2,1,36.05,7739,IP-AA1F2,1
PROP-10296,35.3,PJ,Casado,Medio,5354.56,4441.63,12,585.8,1,1,-29.04,8396,IP-6CEE6,0
PROP-10297,41.5,CLT,Solteiro,Medio,4852.64,8708.56,12,831.2,3,2,46.88,8513,IP-E7A32,1
PROP-10298,34.5,Autonomo,Solteiro,Superior,11738.43,5065.69,24,818.3,5,0,56.22,5825,IP-34E1B,0
PROP-10299,41.5,CLT,Casado,Medio,6113.29,4084.54,12,739.1,2,0,-24.21,3994,IP-8F77C,0
PROP-10300,42.8,CLT,Solteiro,Superior,3571.68,10835.8,12,695.2,1,6,0.89,7309,IP-F2D3D,1
PROP-10301,47.2,Autonomo,Viuvo,Superior,9729.7,20872.67,24,851.6,3,2,-28.26,1448,IP-D1109,0
PROP-10302,52.1,Autonomo,Casado,Superior,2238.94,33834.62,24,888.5,0,0,-62.85,1187,IP-5EC9E,0
PROP-10303,38.9,Autonomo,Solteiro,Superior,4700.28,30893.37,24,601.9,4,0,51.16,5553,IP-A88BC,1
PROP-10304,23.6,AUTONOMO,Solteiro,Medio,14028.56,30905.82,24,484.3,2,2,80.14,4446,IP-34085,0
PROP-10305,34.2,Estudante,Solteiro,Superior,5523.94,7810.21,36,582.2,4,1,-3.07,3821,IP-B0827,0
PROP-10306,38.5,Autonomo,Solteiro,Medio,8532.01,10741.94,60,990.0,5,3,-26.72,7209,IP-B40E3,0
PROP-10307,17.8,CLT,Solteiro,Medio,5852.2,4520.98,12,400.3,2,1,53.4,2125,IP-7FBD3,1
PROP-10308,53.3,PJ,Solteiro,Superior,9080.36,27689.46,12,554.1,0,0,58.81,6497,IP-EF0EA,1
PROP-10309,39.6,CLT,Casado,Superior,13542.85,4303.94,48,422.2,4,1,-43.31,5606,IP-7FCF4,1
PROP-10310,42.2, CLT ,Casado,Medio,2738.63,20370.96,36,637.5,2,3,7.01,4477,IP-9760E,1
PROP-10311,53.0,CLT,Casado,Superior,,10179.89,48,451.6,5,0,98.97,8744,IP-55ED9,0
PROP-10312,31.1,CLT,Casado,Superior,4178.85,10033.71,24,604.8,2,1,91.07,4067,IP-C368F,1
PROP-10313,44.3,Estudante,Solteiro,Medio,6482.84,34693.93,48,,4,2,-46.21,9112,IP-CAEDC,0
PROP-10314,36.8,PJ,Solteiro,Medio,2482.44,26973.73,60,706.5,4,1,-69.57,5722,IP-EF047,1
PROP-10315,36.0,Autonomo,Casado,Pos_Graduacao,1417.26,29619.0,36,791.1,1,0,17.55,4706,IP-E27B0,0
PROP-10316,29.5, CLT ,Casado,Superior,3163.88,20875.43,12,566.2,0,1,35.65,5541,IP-EBF81,1
PROP-10317,56.3,CLT,Solteiro,Superior,15970.81,30743.47,48,601.1,5,1,35.97,2649,IP-D23F0,0
PROP-10318,33.9,CLT,Casado,Superior,6386.81,23301.19,48,597.1,3,1,27.26,3641,IP-2EC06,0
PROP-10319,45.7,CLT,Casado,Medio,3554.76,33223.73,48,645.3,0,0,14.18,3773,IP-DA22A,0
PROP-10320,17.4,Autonomo,Casado,Superior,2298.41,11284.17,12,614.7,2,1,-21.22,4840,IP-EEBF2,1
PROP-10321,51.0,AUTONOMO,Solteiro,Superior,3248.82,21645.55,48,727.5,6,1,-31.66,1323,IP-199FF,0
PROP-10322,49.6,Autonomo,Casado,Superior,2181.77,24774.33,12,792.6,1,0,40.2,2538,IP-F0677,1
PROP-10323,39.1,CLT,Casado,Medio,1872.04,14966.93,24,506.0,1,1,-35.27,1455,IP-A91E5,1
PROP-10324,35.5,Estudante,Casado,Medio,11364.04,31030.36,36,,2,1,-83.37,7920,IP-A37F1,0
PROP-10325,42.4,AUTONOMO,Casado,Medio,26824.63,34333.5,24,746.2,2,0,7.19,2361,IP-22018,0
PROP-10326,63.2,Autonomo,Casado,Fundamental,2152.91,18294.39,36,421.0,2,3,14.28,8492,IP-6DD4F,1
PROP-10327,18.6,Autonomo,Casado,Superior,1635.47,14891.14,36,344.1,3,0,96.18,2813,IP-A63AC,1
PROP-10328,46.6, CLT ,Solteiro,Superior,3080.32,17573.95,12,651.7,1,2,1.68,1612,IP-5B516,1
PROP-10329,28.0,CLT,Casado,Medio,4000.91,30140.31,36,689.5,1,0,-66.32,7550,IP-E1F39,1
PROP-10330,37.8, CLT ,Casado,Medio,2362.59,23300.46,60,518.9,2,0,60.97,5687,IP-EFAA7,0
PROP-10331,35.3,PJ,Casado,Superior,2906.59,3477.49,12,539.0,0,0,-2.47,8652,IP-717B9,1
PROP-10332,33.3,CLT,Solteiro,Superior,2341.78,19891.61,36,513.6,1,1,-7.99,3539,IP-27E10,1
PROP-10333,37.9,CLT,Solteiro,Superior,7651.17,2570.9,24,498.6,5,0,-58.17,7694,IP-DAC2D,0
PROP-10334,25.5,CLT,Divorciado,Medio,6636.57,27691.67,24,717.1,2,0,25.48,7681,IP-2B395,0
PROP-10335,49.3,CLT,Casado,Superior,5632.45,12834.31,24,454.7,3,0,7.81,4335,IP-AAE48,1
PROP-10336,18.3,PJ,Divorciado,Medio,3456.93,17576.25,24,582.8,3,0,3.97,2075,IP-89325,1
PROP-10337,43.9,AUTONOMO,Casado,Medio,11468.85,28356.38,12,493.3,3,2,46.89,7013,IP-EBD2F,1
PROP-10338,34.4,clt,Casado,Superior,16062.6,3532.81,60,416.3,3,2,52.94,8573,IP-323C7,0
PROP-10339,25.1,CLT,Casado,Medio,2201.04,7231.87,36,741.8,4,0,16.03,4557,IP-2407A,0
PROP-10340,40.2,clt,Divorciado,Medio,2459.79,15132.69,36,547.2,3,0,26.93,3615,IP-36E83,1
PROP-10341,20.9,clt,Casado,Superior,4532.23,9587.53,24,646.4,3,1,17.35,7698,IP-7CB2B,1
PROP-10342,38.4,CLT,Casado,Superior,1801.88,13150.75,36,408.9,0,0,83.6,6676,IP-C669E,1
PROP-10343,22.3, CLT ,Solteiro,Pos_Graduacao,3808.68,34939.77,24,516.1,2,2,-45.34,9048,IP-7C020,1
PROP-10344,43.1, CLT ,Casado,Superior,5061.45,29238.68,24,725.9,1,1,-54.29,1032,IP-80E97,0
PROP-10345,27.8,Autonomo,Casado,Medio,4500.85,31168.76,24,982.2,1,1,-59.42,6246,IP-EFBBC,0
PROP-10346,33.0,Autonomo,Solteiro,Medio,3087.71,32922.8,24,343.3,2,1,25.87,3843,IP-36370,1
PROP-10347,41.2,CLT,Solteiro,Fundamental,4683.81,13250.88,12,591.8,3,1,-5.67,3397,IP-222F1,1
PROP-10348,29.5, CLT ,Solteiro,Superior,14795.23,11803.54,36,677.7,5,1,-55.31,8009,IP-44450,0
PROP-10349,37.4,Autonomo,Solteiro,Superior,2368.91,9724.06,48,533.7,0,0,-9.67,8248,IP-BCD97,1
PROP-10350,21.3,Autonomo,Solteiro,Medio,5867.63,29393.86,12,738.9,1,0,107.87,3738,IP-A442F,0
PROP-10351,44.9,PJ,Solteiro,Superior,999999.0,24425.21,12,498.7,1,0,21.37,7690,IP-CAC02,0
PROP-10352,57.4,Autonomo,Divorciado,Medio,1688.64,9793.68,24,641.5,0,4,73.75,1492,IP-8D928,1
PROP-10353,68.7,CLT,Casado,Superior,4770.83,14440.8,60,546.9,0,0,-65.16,9924,IP-42A5A,0
PROP-10354,39.0,CLT,Solteiro,Pos_Graduacao,1865.63,18721.49,48,790.7,0,2,14.6,8353,IP-9F00B,1
PROP-10355,46.7,Autonomo,Solteiro,Fundamental,1494.92,19428.62,36,525.3,2,0,25.64,8295,IP-77BC6,1
PROP-10356,18.4,CLT,Casado,Superior,2190.25,31328.02,60,570.7,2,0,34.6,9086,IP-95445,0
PROP-10357,54.5,Autonomo,Solteiro,Superior,4894.66,14558.68,24,752.4,2,0,-12.65,1269,IP-2DE8A,0
PROP-10358,46.5,Servidor_Publico,Casado,Fundamental,6503.72,31981.29,60,476.1,4,0,49.33,3871,IP-872A5,0
PROP-10359,32.7,Autonomo,Casado,Superior,2350.24,16565.13,24,629.6,2,1,24.59,6016,IP-5E0F0,1
PROP-10360,51.6, CLT ,Casado,Medio,6034.29,26630.3,24,364.8,1,4,4.41,4562,IP-599F7,1
PROP-10361,35.2,Autonomo,Solteiro,Superior,2246.2,32698.39,36,467.7,4,1,-21.42,9134,IP-BF8E9,1
PROP-10362,33.0,clt,Casado,Medio,5392.16,31950.0,24,673.5,3,1,-74.27,3189,IP-AA47F,1
PROP-10363,43.2,Autonomo,Solteiro,Superior,3630.03,3879.44,36,481.3,5,0,-95.83,2561,IP-855DA,1
PROP-10364,26.3,Servidor_Publico,Divorciado,Superior,5855.1,8788.24,24,543.8,5,0,-33.66,1743,IP-2BCA2,1
PROP-10365,49.2, CLT ,Casado,Superior,23697.48,17737.88,36,689.0,2,0,-7.72,6791,IP-3DE32,0
PROP-10366,26.4,Estudante,Solteiro,Medio,13066.23,16241.29,24,538.9,4,2,-33.79,3279,IP-68382,0
PROP-10367,26.4,Servidor_Publico,Solteiro,Medio,1418.02,23149.42,12,735.2,2,1,17.22,3490,IP-D613A,1
PROP-10368,28.0,CLT,Solteiro,Superior,10499.91,33175.4,60,650.2,2,0,41.15,6702,IP-21BB8,0
PROP-10369,46.4,CLT,Casado,Pos_Graduacao,1688.98,5709.36,48,681.0,2,1,-62.53,9504,IP-39574,0
PROP-10370,31.2,CLT,Solteiro,Superior,14246.12,16911.34,60,793.7,4,2,27.46,9392,IP-3B161,0
PROP-10371,23.2,CLT,Casado,Medio,2790.38,8349.56,36,664.8,4,0,-1.34,9194,IP-44BF3,0
PROP-10372,31.3,CLT,Solteiro,Pos_Graduacao,3421.56,31505.55,36,835.4,1,3,-86.17,9095,IP-72436,0
PROP-10373,37.6,Autonomo,Casado,Pos_Graduacao,1803.67,33831.15,36,747.6,3,0,45.42,6262,IP-264DE,1
PROP-10374,25.0,CLT,Casado,Medio,1900.18,17797.16,12,546.7,2,0,-46.78,9328,IP-53859,1
PROP-10375,25.3,CLT,Casado,Medio,6848.8,5432.34,12,801.0,3,0,128.51,8760,IP-6F180,0
PROP-10376,61.2,PJ,Casado,Superior,13531.09,27914.72,24,656.9,3,1,58.38,2179,IP-3B5D1,0
PROP-10377,28.5,CLT,Solteiro,Pos_Graduacao,5362.82,25005.66,48,564.7,0,3,-7.12,2964,IP-3C827,1
PROP-10378,34.4,PJ,Solteiro,Fundamental,6684.66,13704.14,12,659.0,1,0,-0.08,2804,IP-A2E17,0
PROP-10379,34.0,CLT,Casado,Pos_Graduacao,7428.5,31284.45,60,,2,1,-69.57,1049,IP-1C052,0
PROP-10380,33.4,CLT,Solteiro,Superior,2680.64,34202.45,36,683.7,3,2,87.84,6541,IP-DC397,1
PROP-10381,44.8,Autonomo,Solteiro,Superior,1594.39,20409.18,36,875.1,1,0,-42.46,9996,IP-F3BC9,0
PROP-10382,48.4,Autonomo,Solteiro,Medio,1407.87,20669.02,12,772.1,2,1,2.1,8656,IP-48DDE,1
PROP-10383,34.6,Servidor_Publico,Solteiro,Medio,3213.49,11817.95,24,693.2,5,0,-32.11,9607,IP-5543E,1
PROP-10384,24.4,AUTONOMO,Solteiro,Superior,2560.73,21288.7,60,,3,2,23.05,8607,IP-E1F08,0
PROP-10385,52.0,PJ,Divorciado,Superior,1670.25,16508.2,24,594.8,0,3,-1.04,2638,IP-6F6DA,1
PROP-10386,37.0,CLT,Solteiro,Superior,2231.08,11972.3,24,630.0,2,0,-31.31,9986,IP-7E771,1
PROP-10387,57.0,CLT,Casado,Superior,1958.43,4217.11,12,717.5,1,0,23.22,9754,IP-CFEFE,0
PROP-10388,13.3,PJ,Solteiro,Medio,11747.43,10339.36,12,709.2,1,0,75.2,3735,IP-628F9,0
PROP-10389,40.1,PJ,Casado,Superior,2034.76,8529.2,24,643.7,1,0,2.44,9007,IP-41BF7,1
PROP-10390,59.1,Estudante,Solteiro,Medio,4640.01,19887.39,36,,2,1,-109.54,6842,IP-62ED2,0
PROP-10391,34.1, CLT ,Divorciado,Superior,5176.65,21855.11,24,720.9,2,2,18.78,6469,IP-C6E58,0
PROP-10392,35.5, CLT ,Divorciado,Superior,4693.4,22082.87,36,499.8,1,2,-73.83,9969,IP-8D224,1
PROP-10393,41.3,PJ,Solteiro,Superior,1838.11,14809.97,12,857.4,1,0,-68.47,5701,IP-91894,0
PROP-10394,31.9,CLT,Divorciado,Fundamental,3012.37,15900.58,48,,4,1,-73.67,8560,IP-9616A,0
PROP-10395,34.6,Servidor_Publico,Viuvo,Medio,1621.05,29529.87,48,823.8,3,1,35.31,4055,IP-C20D3,0
PROP-10396,34.3,PJ,Casado,Superior,3515.27,17715.68,12,613.7,3,0,-72.62,1085,IP-E8677,0
PROP-10397,31.1, CLT ,Casado,Medio,2277.77,34596.52,24,760.4,2,0,49.36,5190,IP-E2D60,1
PROP-10398,51.5,PJ,Solteiro,Superior,4863.73,16507.37,12,670.9,1,2,40.55,9237,IP-3D32B,1
PROP-10399,43.1,PJ,Casado,Pos_Graduacao,6357.19,23436.17,48,668.4,3,0,-43.15,9073,IP-C7B05,1
PROP-10400,40.8,CLT,Solteiro,Superior,4590.08,3661.98,36,697.6,2,0,23.96,3083,IP-C1A36,0
PROP-10401,46.9,Servidor_Publico,Solteiro,Pos_Graduacao,3792.23,23560.22,60,733.3,2,0,58.91,9201,IP-64317,0
PROP-10402,35.1,Autonomo,Viuvo,Medio,3457.72,30097.07,24,574.0,4,1,-29.12,3939,IP-7C7D3,1
PROP-10403,29.5,PJ,Solteiro,Pos_Graduacao,9141.49,33101.11,24,764.9,2,0,61.61,9782,IP-B920B,0
PROP-10404,31.4,CLT,Casado,Medio,2440.14,34911.58,12,468.2,3,1,8.44,9223,IP-86878,1
PROP-10405,38.0,Servidor_Publico,Casado,Pos_Graduacao,6965.34,11311.9,24,619.3,3,2,-34.46,5141,IP-B0C5E,0
PROP-10406,26.3, CLT ,Divorciado,Medio,7350.06,20987.21,36,737.0,2,0,41.29,1571,IP-886EB,0
PROP-10407,32.5,CLT,Viuvo,Medio,3682.07,16873.69,12,759.3,4,1,-36.32,8235,IP-BC922,1
PROP-10408,32.3,Servidor_Publico,Solteiro,Superior,2881.87,20605.98,36,684.5,1,1,69.3,9208,IP-9AF37,0
PROP-10409,61.4,CLT,Solteiro,Fundamental,4070.78,7195.95,36,,1,2,-57.61,2540,IP-75D79,0
PROP-10410,7.5,CLT,Solteiro,Medio,1810.96,30252.94,48,745.5,3,2,65.47,5048,IP-450EE,1
PROP-10411,36.0,Estudante,Solteiro,Medio,1597.48,32015.78,24,526.3,2,2,10.9,2078,IP-DA1FE,1
PROP-10412,57.0,Estudante,Solteiro,Pos_Graduacao,1897.01,16838.83,60,865.2,3,0,35.62,2385,IP-C508A,1
PROP-10413,39.3,Autonomo,Solteiro,Medio,2270.25,11254.19,60,608.1,0,1,-19.68,1130,IP-2AE49,0
PROP-10414,46.3,Autonomo,Casado,Medio,4346.45,6647.5,60,404.5,0,1,19.59,3545,IP-94034,1
PROP-10415,39.1, CLT ,Casado,Superior,9343.8,24564.24,48,452.7,2,1,-126.49,7722,IP-AAD74,0
PROP-10416,30.7,CLT,Solteiro,Medio,2528.62,12303.65,48,626.1,2,0,10.93,8452,IP-66816,0
PROP-10417,13.3,CLT,Casado,Pos_Graduacao,12890.63,32014.77,36,639.6,2,0,-65.67,7791,IP-A93F4,0
PROP-10418,40.3,Autonomo,Solteiro,Superior,14416.0,24143.41,12,895.8,4,0,37.4,3423,IP-D5B16,0
PROP-10419,29.5,PJ,Solteiro,Superior,14805.81,23307.62,36,474.6,5,0,-26.74,5740,IP-96A8F,0
PROP-10420,29.2,PJ,Casado,Fundamental,9033.35,20460.27,36,625.5,1,1,-27.21,8481,IP-D0738,0
PROP-10421,32.5,PJ,Casado,Superior,3299.58,3510.62,60,471.7,3,2,-58.2,9985,IP-8ECAB,1
PROP-10422,57.2,CLT,Casado,Medio,1716.94,32753.44,36,551.0,2,0,9.2,8437,IP-575CF,1
PROP-10423,64.5,clt,Solteiro,Medio,,22721.94,24,855.8,1,0,-42.35,4544,IP-77D04,0
PROP-10424,40.4,CLT,Casado,Superior,4835.55,34804.05,36,460.9,3,1,-2.64,4615,IP-2E571,0
PROP-10425,32.9,Autonomo,Casado,Medio,9367.23,19732.76,60,702.2,1,0,-16.34,5090,IP-32965,1
PROP-10426,25.1, CLT ,Casado,Fundamental,24580.75,25433.66,12,675.0,0,0,-51.23,3534,IP-DBDBC,0
PROP-10427,43.2,Servidor_Publico,Casado,Superior,4380.3,3854.92,24,616.6,5,3,-19.43,3856,IP-3CB3C,1
PROP-10428,57.6, CLT ,Divorciado,Medio,3178.41,22847.29,36,,1,0,-29.53,6880,IP-9474D,0
PROP-10429,35.3,CLT,Casado,Superior,2263.83,27233.44,12,457.6,2,0,48.52,9845,IP-EF78D,1
PROP-10430,11.8,CLT,Casado,Superior,1420.21,27690.97,12,851.9,1,1,56.84,7191,IP-B599B,1
PROP-10431,45.4,PJ,Viuvo,Fundamental,4388.48,27413.68,24,889.5,0,1,-65.96,5442,IP-AE0BF,1
PROP-10432,48.8,Autonomo,Casado,Pos_Graduacao,4805.56,9467.33,48,626.6,1,1,9.68,6413,IP-E108F,0
PROP-10433,20.6,CLT,Solteiro,Superior,8718.99,34188.15,12,959.2,2,2,-14.01,3410,IP-8932C,0
PROP-10434,39.9,CLT,Casado,Superior,4349.84,34841.01,24,564.1,2,1,-43.96,8656,IP-C5E0D,1
PROP-10435,43.0,AUTONOMO,Solteiro,Superior,11826.62,4494.66,48,676.1,2,1,7.29,6143,IP-B0754,0
PROP-10436,37.2,CLT,Solteiro,Superior,5554.16,32902.73,60,820.5,2,0,23.45,4609,IP-8FF01,0
PROP-10437,29.3,PJ,Casado,Medio,9105.68,11551.82,60,555.7,2,1,-133.09,1681,IP-DAFD5,0
PROP-10438,-15.0,AUTONOMO,Divorciado,Medio,2074.2,24746.37,24,426.6,3,2,50.24,2118,IP-1D01B,1
PROP-10439,33.6,CLT,Divorciado,Superior,9520.04,13157.66,60,394.4,2,0,35.55,5476,IP-EDE93,0
PROP-10440,21.7,CLT,Solteiro,Medio,6122.37,33935.89,12,908.5,5,2,-1.32,5748,IP-41C13,1
PROP-10441,15.5,Estudante,Casado,Medio,2183.76,5349.63,36,545.9,1,0,-43.89,3974,IP-D143C,0
PROP-10442,51.9, CLT ,Solteiro,Superior,2283.8,18425.64,36,594.0,1,1,24.47,6855,IP-B2152,0
PROP-10443,44.8, CLT ,Viuvo,Medio,12364.01,16125.58,24,464.2,1,0,-32.74,2302,IP-6206B,0
PROP-10444,39.0,PJ,Viuvo,Superior,1537.53,12758.77,36,752.8,2,2,63.5,6284,IP-25B50,1
PROP-10445,33.2,Servidor_Publico,Casado,Superior,4007.74,23302.62,12,510.6,3,1,44.89,2900,IP-429FE,1
PROP-10446,32.2,Estudante,Casado,Fundamental,2979.67,6324.84,48,551.2,3,0,0.98,2082,IP-BBA48,1
PROP-10447,26.2,PJ,Casado,Superior,5994.19,25649.86,24,661.9,3,1,-40.26,9633,IP-2E875,0
PROP-10448,33.3, CLT ,Casado,Medio,9087.12,34359.54,36,471.0,1,2,24.81,4783,IP-9B979,1
PROP-10449,14.7,CLT,Solteiro,Superior,3276.89,28550.44,12,595.0,3,1,39.61,3641,IP-AA28A,1
PROP-10450,29.9,PJ,Casado,Pos_Graduacao,,30380.55,24,816.3,4,2,-16.71,2800,IP-74DAB,0
PROP-10451,34.6,Autonomo,Casado,Fundamental,,13868.01,60,680.0,2,0,20.57,4349,IP-42010,0
PROP-10452,44.7, CLT ,Casado,Superior,7834.78,12721.26,48,638.3,4,0,-24.0,5682,IP-B6085,0
PROP-10453,37.6,Servidor_Publico,Solteiro,Medio,10955.04,19062.6,60,650.1,3,0,-87.1,8989,IP-A85A3,0
PROP-10454,46.7,CLT,Divorciado,Pos_Graduacao,3825.96,3508.98,24,565.5,1,1,-83.15,6013,IP-C58CC,1
PROP-10455,52.8,clt,Solteiro,Medio,2520.02,33196.82,12,899.5,2,0,7.8,2102,IP-CF5D0,0
PROP-10456,49.6,CLT,Casado,Superior,,6744.91,36,506.3,3,0,76.16,1433,IP-34A69,0
PROP-10457,43.2,clt,Casado,Superior,6688.24,31799.43,24,649.5,2,1,-48.36,9668,IP-E6B93,0
PROP-10458,38.1,CLT,Casado,Medio,1886.75,4758.21,12,636.1,2,0,-40.24,4933,IP-ED71E,0
PROP-10459,27.2,CLT,Casado,Medio,2724.48,29146.62,36,761.2,2,1,15.02,7544,IP-84531,1
PROP-10460,46.1,CLT,Solteiro,Medio,1600.59,7014.76,24,,2,1,1.84,8936,IP-8F1CD,0
PROP-10461,56.5,Autonomo,Solteiro,Superior,3778.23,3258.34,12,615.5,2,0,14.28,4213,IP-39B0F,0
PROP-10462,41.8,AUTONOMO,Casado,Fundamental,8779.58,25743.15,24,660.7,4,1,25.89,4310,IP-57A72,0
PROP-10463,59.1,Autonomo,Casado,Medio,1504.89,11248.75,36,666.0,1,1,-0.91,8734,IP-D4C59,1
PROP-10464,21.2,Estudante,Solteiro,Superior,6124.69,25578.37,36,301.9,1,1,6.84,4563,IP-89FAE,1
PROP-10465,25.3, CLT ,Casado,Medio,12721.38,20317.81,24,397.5,1,0,-56.34,1383,IP-733D9,0
PROP-10466,47.4,CLT,Casado,Superior,,5590.64,36,535.3,2,4,-20.91,1862,IP-E4936,0
PROP-10467,40.9,PJ,Casado,Medio,,32760.29,12,541.4,3,2,63.1,9459,IP-C9C36,0
PROP-10468,52.5,CLT,Casado,Pos_Graduacao,16910.45,16926.37,60,452.1,3,1,23.57,6518,IP-35DF4,0
PROP-10469,37.8,Estudante,Solteiro,Superior,15165.56,26236.76,60,724.9,3,0,13.95,4489,IP-91639,0
PROP-10470,28.5,CLT,Solteiro,Superior,2524.7,18533.68,36,620.3,2,0,-43.62,6499,IP-C8B8C,1
PROP-10471,35.7,Estudante,Casado,Pos_Graduacao,1844.06,21943.93,12,589.9,1,2,-40.21,1989,IP-7D741,1
PROP-10472,21.1,CLT,Casado,Superior,2074.1,11991.53,36,,4,1,-53.72,7989,IP-94C1C,0
PROP-10473,25.6,Servidor_Publico,Casado,Fundamental,6485.28,8611.89,36,613.8,1,2,-91.76,8047,IP-A29C8,1
PROP-10474,48.7,Autonomo,Casado,Superior,6833.74,19904.82,60,252.3,2,1,-13.46,5678,IP-A546C,1
PROP-10475,47.6,Estudante,Casado,Pos_Graduacao,6110.65,16527.23,60,597.2,6,1,-19.48,8269,IP-5C3D8,0
PROP-10476,42.0,CLT,Divorciado,Superior,3120.28,14873.74,48,628.8,2,3,9.24,7023,IP-BEBB8,1
PROP-10477,19.1,Autonomo,Casado,Medio,,24194.72,12,,2,2,51.79,4367,IP-26255,0
PROP-10478,34.1,Estudante,Casado,Superior,5051.12,24786.72,60,401.0,1,0,-31.32,3568,IP-878CB,0
PROP-10479,24.5,Autonomo,Solteiro,Medio,4176.32,3515.36,36,651.5,5,1,62.46,8227,IP-3C17B,1
PROP-10480,50.9,Autonomo,Solteiro,Superior,6881.1,13178.57,48,474.2,8,1,25.73,9021,IP-4DB2C,1
PROP-10481,31.6,Autonomo,Casado,Superior,3845.45,15588.23,24,506.3,3,0,71.1,6921,IP-E8AD5,0
PROP-10482,26.1,clt,Solteiro,Superior,3136.52,5197.44,24,720.5,2,1,-56.96,7051,IP-DACBA,0
PROP-10483,38.3,Autonomo,Divorciado,Medio,2859.09,9784.73,24,902.0,5,0,58.64,4966,IP-E38A7,1
PROP-10484,31.0,Autonomo,Casado,Medio,2397.86,3704.18,12,627.2,3,0,-33.73,8845,IP-EA883,1
PROP-10485,54.3,Servidor_Publico,Casado,Superior,2697.38,34875.99,24,505.6,4,1,-39.77,2886,IP-5C495,1
PROP-10486,29.9,CLT,Solteiro,Fundamental,1818.46,26306.39,48,646.4,1,1,-2.95,8704,IP-CC74A,1
PROP-10487,22.6,CLT,Solteiro,Medio,3189.03,4885.86,12,751.5,3,1,-42.43,3879,IP-36017,0
PROP-10488,14.3,Estudante,Solteiro,Superior,1556.47,2668.23,12,706.9,5,0,21.46,1160,IP-EF965,0
PROP-10489,37.7,Servidor_Publico,Solteiro,Superior,2266.47,25736.5,12,990.0,1,1,42.05,9516,IP-9BAEC,1
PROP-10490,31.8,clt,Solteiro,Superior,7168.53,16493.34,24,519.9,5,0,24.69,1637,IP-A41F3,0
PROP-10491,22.3,Autonomo,Casado,Medio,3053.7,27964.29,60,655.3,2,0,-2.82,9476,IP-E0356,1
PROP-10492,51.1,CLT,Divorciado,Superior,,32474.71,12,836.8,4,0,58.98,3042,IP-A455F,0
PROP-10493,45.3,CLT,Divorciado,Medio,6699.98,21776.91,12,828.1,3,1,21.42,8609,IP-4F0DA,0
PROP-10494,37.7,clt,Casado,Fundamental,,8174.58,60,347.0,3,2,-7.26,1084,IP-51B8C,0
PROP-10495,53.0, CLT ,Solteiro,Medio,14784.72,27812.4,48,619.5,2,1,-6.38,1737,IP-F0D3A,0
PROP-10496,45.3,Autonomo,Divorciado,Medio,1491.03,33541.79,12,827.8,3,3,-44.21,5784,IP-80690,1
PROP-10497,28.9,CLT,Divorciado,Medio,7036.0,21147.63,48,990.0,1,1,-48.2,7382,IP-76C92,0
PROP-10498,26.6,Estudante,Solteiro,Medio,14793.77,24505.92,36,718.5,3,2,-22.75,2487,IP-C16E0,0
PROP-10499,47.0,Estudante,Casado,Superior,9726.38,13136.66,48,568.5,3,0,-52.64,4436,IP-3FDE3,0
PROP-10500,42.4,Autonomo,Solteiro,Medio,2171.93,14590.41,24,478.7,2,2,-57.51,1703,IP-EC3E1,0
PROP-10501,39.9,Autonomo,Casado,Medio,3062.12,26243.6,60,930.6,1,0,-45.85,5269,IP-60F8B,0
PROP-10502,28.7,CLT,Viuvo,Superior,2195.01,32616.45,12,722.0,3,1,53.74,8098,IP-90939,1
PROP-10503,44.7,PJ,Solteiro,Medio,5262.18,22756.62,24,501.3,2,0,-40.43,1724,IP-A47C0,1
PROP-10504,29.7,Autonomo,Divorciado,Medio,6630.88,28064.98,24,591.6,2,0,41.24,1090,IP-56F8B,1
PROP-10505,36.9,CLT,Casado,Superior,3001.75,7663.96,24,663.4,2,1,-32.02,2769,IP-4798C,0
PROP-10506,53.9,Servidor_Publico,Viuvo,Superior,4656.92,8994.65,60,,0,0,9.47,1676,IP-7C845,0
PROP-10507,30.7,PJ,Casado,Pos_Graduacao,6331.46,19557.14,36,494.1,2,2,-40.69,7570,IP-6F826,0
PROP-10508,20.7,Servidor_Publico,Casado,Pos_Graduacao,3697.57,7826.29,12,534.0,3,2,9.81,5204,IP-2F17C,1
PROP-10509,26.4,AUTONOMO,Solteiro,Superior,9481.87,22954.84,24,388.6,3,0,113.88,7689,IP-81B28,0
PROP-10510,48.9,Autonomo,Solteiro,Medio,7601.04,11624.56,24,765.6,1,0,-34.89,5796,IP-D942C,0
PROP-10511,40.8, CLT ,Solteiro,Superior,1680.77,28120.58,60,572.2,0,0,-14.68,3374,IP-5698D,0
PROP-10512,36.6,Servidor_Publico,Viuvo,Pos_Graduacao,5476.31,28667.64,36,685.3,1,2,-59.38,4522,IP-ABACF,0
PROP-10513,32.4,PJ,Casado,Superior,2526.88,17304.99,36,819.1,2,3,54.97,5780,IP-4B8CD,1
PROP-10514,43.3,CLT,Divorciado,Superior,4824.5,7966.75,36,,1,1,62.95,9872,IP-19ADF,0
PROP-10515,28.7,CLT,Divorciado,Medio,14604.65,23343.57,48,604.2,1,1,-46.6,7067,IP-D595F,0
PROP-10516,41.4, CLT ,Solteiro,Pos_Graduacao,10272.4,34761.97,36,647.1,3,1,-7.86,2291,IP-BD0BC,0
PROP-10517,30.0,PJ,Solteiro,Superior,,22545.5,24,628.8,1,2,21.04,3685,IP-504B1,0
PROP-10518,28.1,Estudante,Solteiro,Fundamental,2847.42,3180.56,48,794.5,1,0,3.36,3319,IP-6BD3D,0
PROP-10519,31.0,CLT,Solteiro,Medio,2521.83,2570.7,36,663.5,2,1,-46.26,5354,IP-60569,0
PROP-10520,33.9,Autonomo,Solteiro,Medio,4593.63,12571.95,36,543.8,2,1,-48.33,8066,IP-E32B2,0
PROP-10521,37.5, CLT ,Casado,Medio,1909.54,8460.87,60,766.7,1,1,-61.59,9429,IP-BC34F,0
PROP-10522,40.6,Estudante,Solteiro,Superior,4746.97,28830.69,48,792.3,1,2,51.22,7079,IP-36D74,0
PROP-10523,-2.6,PJ,Solteiro,Medio,1405.61,29878.59,48,432.6,1,0,33.17,1303,IP-4B4A0,1
PROP-10524,29.1,PJ,Solteiro,Medio,3043.63,10534.42,60,834.6,2,0,83.42,2626,IP-C6997,0
PROP-10525,33.7,clt,Solteiro,Fundamental,2443.18,12746.28,12,671.1,2,0,-50.4,2253,IP-20779,1
PROP-10526,54.6, CLT ,Viuvo,Medio,16301.74,9796.15,24,659.7,1,1,14.98,2998,IP-44E6D,0
PROP-10527,26.1,CLT,Casado,Pos_Graduacao,6856.52,31976.62,36,,2,0,6.81,5259,IP-E1CD6,0
PROP-10528,39.8,CLT,Divorciado,Medio,3207.05,18587.43,24,,3,0,18.57,3401,IP-74D97,0
PROP-10529,54.4,PJ,Solteiro,Pos_Graduacao,1809.26,23652.52,48,753.6,3,0,30.48,3749,IP-B348A,0
PROP-10530,23.6,PJ,Solteiro,Superior,4454.77,15710.91,48,567.3,1,1,159.86,8296,IP-E67D3,1
PROP-10531,42.3,Estudante,Casado,Pos_Graduacao,2408.4,22823.47,36,413.5,3,1,157.91,6061,IP-63DDF,1
PROP-10532,29.2,Estudante,Solteiro,Pos_Graduacao,,14733.23,60,480.3,4,0,17.96,7852,IP-752B7,0
PROP-10533,32.4,Autonomo,Solteiro,Medio,8976.83,13209.39,24,699.4,1,1,80.74,1860,IP-3EFBA,0
PROP-10534,29.2,PJ,Solteiro,Medio,5417.61,22937.84,36,487.6,2,1,-43.08,5933,IP-B7589,1
PROP-10535,29.9,Servidor_Publico,Solteiro,Medio,,21505.05,36,845.4,4,0,-4.97,1480,IP-95412,0
PROP-10536,67.9,PJ,Solteiro,Superior,4670.84,11686.42,24,786.5,4,2,-39.87,2971,IP-55CE1,0
PROP-10537,47.3,CLT,Solteiro,Pos_Graduacao,,6928.5,12,806.7,1,1,12.61,9299,IP-62D61,0
PROP-10538,50.1,clt,Casado,Superior,12684.63,14163.03,48,637.5,9,0,26.29,6820,IP-93F98,0
PROP-10539,43.4,CLT,Solteiro,Superior,4419.48,15701.52,36,656.1,1,0,114.97,4913,IP-E86DD,0
PROP-10540,20.3,Estudante,Solteiro,Medio,2932.73,22746.58,48,452.9,0,1,-46.57,3162,IP-EAA9C,0
PROP-10541,42.3,Autonomo,Casado,Superior,3984.77,32179.45,36,759.4,2,2,66.31,1546,IP-AEC2F,0
PROP-10542,49.8,CLT,Solteiro,Fundamental,2267.22,3194.1,24,673.2,3,0,-20.67,7815,IP-87B2B,0
PROP-10543,28.6,Autonomo,Solteiro,Medio,5648.5,10040.81,24,,3,0,-27.91,3686,IP-C28C7,0
PROP-10544,48.6,Autonomo,Divorciado,Superior,,8392.63,24,856.4,2,0,-11.78,4885,IP-9E379,0
PROP-10545,45.7, CLT ,Solteiro,Medio,1857.94,18575.72,60,535.2,1,0,99.03,8715,IP-47AA9,1
PROP-10546,58.4,CLT,Solteiro,Superior,2324.87,16180.13,12,602.3,4,2,-98.05,3118,IP-6125F,1
PROP-10547,33.4,Autonomo,Casado,Superior,4143.52,26058.24,60,,1,1,22.61,9585,IP-AA8D6,0
PROP-10548,25.9,Autonomo,Solteiro,Medio,10579.49,9999.73,60,489.0,3,0,56.3,5633,IP-319EE,0
PROP-10549,34.0,PJ,Casado,Superior,4909.57,21618.45,60,593.7,4,0,-48.36,1175,IP-78A8F,0
PROP-10550,53.8,Autonomo,Casado,Medio,6205.82,31167.29,24,689.0,1,0,26.66,7156,IP-7A2F8,1
PROP-10551,17.9,PJ,Solteiro,Superior,3138.99,32052.37,60,,2,0,-36.17,5765,IP-5B079,0
PROP-10552,15.2,Autonomo,Casado,Superior,,33639.89,24,,2,1,98.14,5319,IP-9E39C,0
PROP-10553,39.0,Autonomo,Casado,Medio,3890.95,27517.62,12,408.5,2,1,-64.44,4525,IP-27AB6,1
PROP-10554,33.1,Servidor_Publico,Solteiro,Superior,5920.27,31897.6,24,,0,2,28.96,1483,IP-58D04,0
PROP-10555,38.1, CLT ,Casado,Superior,1617.98,9739.52,60,712.6,2,0,-21.61,7337,IP-668D0,1
PROP-10556,48.4,CLT,Solteiro,Medio,4255.31,8520.17,12,540.4,0,3,-6.98,9503,IP-70809,1
PROP-10557,31.9,CLT,Casado,Medio,2874.06,2214.11,36,490.6,3,0,-14.45,6405,IP-D11A3,1
PROP-10558,17.4,PJ,Solteiro,Superior,3058.16,25325.86,12,328.8,4,0,55.51,7710,IP-24420,1
PROP-10559,60.5,Autonomo,Casado,Fundamental,15016.73,32936.42,24,,1,1,9.75,5825,IP-4FA60,0
PROP-10560,27.0,AUTONOMO,Solteiro,Medio,,8168.87,12,766.6,0,0,-70.3,6336,IP-98146,0
PROP-10561,26.4,CLT,Casado,Medio,2966.05,23019.14,48,612.1,1,1,19.07,1517,IP-D2422,1
PROP-10562,50.1,CLT,Solteiro,Medio,4395.15,26633.17,36,,4,0,14.09,9455,IP-2138F,0
PROP-10563,33.8,CLT,Solteiro,Superior,9749.48,32611.27,60,533.2,3,1,52.6,5936,IP-ECDD8,0
PROP-10564,37.3, CLT ,Casado,Medio,3663.81,23346.39,36,719.0,3,0,17.42,9407,IP-35BDA,1
PROP-10565,43.3,Autonomo,Casado,Medio,7120.62,34019.69,60,519.6,4,0,-75.4,7469,IP-CBF6E,0
PROP-10566,49.9, CLT ,Casado,Superior,9550.28,13374.21,36,484.8,1,1,59.45,3599,IP-74196,1
PROP-10567,34.3, CLT ,Casado,Superior,2958.57,13547.64,36,605.0,4,0,57.73,5687,IP-B6B8A,1
PROP-10568,54.7,Servidor_Publico,Casado,Medio,,19919.41,36,526.9,1,1,26.81,5439,IP-A6615,0
PROP-10569,14.5,CLT,Divorciado,Superior,3251.87,14655.56,24,404.0,3,0,15.17,6927,IP-A2B34,1
PROP-10570,46.4,Autonomo,Solteiro,Superior,8913.37,2047.05,48,594.5,0,1,19.38,2127,IP-BD0D7,0
PROP-10571,28.8,PJ,Casado,Medio,1590.51,26148.48,36,634.9,2,0,58.45,3361,IP-AA953,1
PROP-10572,53.1, CLT ,Casado,Medio,2948.87,26806.66,48,797.6,3,2,68.76,1346,IP-20E1D,1
PROP-10573,39.6,Autonomo,Viuvo,Pos_Graduacao,6177.87,26650.16,48,751.2,4,1,27.36,8113,IP-38E27,0
PROP-10574,30.6,PJ,Divorciado,Medio,4900.4,13385.68,12,790.8,2,1,32.47,7965,IP-C3BB8,0
PROP-10575,45.3,Servidor_Publico,Solteiro,Superior,3807.5,19235.55,36,720.9,1,0,10.69,7962,IP-6B73F,0
PROP-10576,47.8,CLT,Solteiro,Pos_Graduacao,4660.95,13879.13,12,666.6,3,1,120.95,9841,IP-6AE17,1
PROP-10577,45.1,Servidor_Publico,Casado,Medio,2324.54,2529.2,36,447.9,2,1,-101.25,9456,IP-9D2E5,1
PROP-10578,26.7,clt,Casado,Medio,3766.18,20560.82,36,641.0,1,0,-32.32,1377,IP-76691,1
PROP-10579,32.7,CLT,Casado,Superior,4325.55,6084.1,60,703.6,5,1,-39.05,3941,IP-48DC7,1
PROP-10580,38.0,clt,Casado,Pos_Graduacao,,4641.36,12,824.0,4,1,105.9,7937,IP-D63F3,0
PROP-10581,37.5,Estudante,Casado,Fundamental,2669.38,26931.47,12,716.1,2,0,-10.14,7305,IP-BE390,1
PROP-10582,46.2,clt,Solteiro,Superior,9899.35,2313.7,12,793.7,1,0,-99.2,4810,IP-7223C,0
PROP-10583,15.8,CLT,Divorciado,Medio,5740.71,33647.28,24,475.5,3,0,-39.72,3074,IP-4D742,0
PROP-10584,41.7,Autonomo,Solteiro,Superior,1486.31,19003.43,48,,3,4,28.75,4666,IP-8D2F2,0
PROP-10585,34.8,CLT,Solteiro,Superior,,34439.54,48,680.1,2,0,2.51,4377,IP-8DD06,0
PROP-10586,28.8,CLT,Casado,Superior,1552.04,3913.92,36,782.5,3,0,-4.17,2834,IP-B7C6B,0
PROP-10587,29.8,CLT,Casado,Medio,26369.05,21256.48,48,,1,1,11.19,7343,IP-5D340,0
PROP-10588,35.6,CLT,Solteiro,Medio,10054.99,13527.79,24,608.5,4,0,58.06,8220,IP-5DE02,0
PROP-10589,-1.6,CLT,Solteiro,Superior,2882.13,29834.92,12,716.2,1,1,47.13,5175,IP-31E09,1
PROP-10590,30.3,CLT,Divorciado,Superior,2649.97,13920.35,12,462.4,2,0,-39.79,5889,IP-EB505,1
PROP-10591,28.4,Autonomo,Solteiro,Medio,3417.52,10596.09,48,845.0,2,0,15.77,7199,IP-6D78F,1
PROP-10592,43.9,CLT,Casado,Medio,3249.33,30299.25,36,496.9,0,1,78.52,9380,IP-D4E4D,0
PROP-10593,29.1,CLT,Casado,Pos_Graduacao,3356.16,14363.55,36,351.4,3,1,11.77,8667,IP-DAD67,1
PROP-10594,35.6,Servidor_Publico,Casado,Superior,3009.15,2555.5,24,621.4,4,1,-28.58,4505,IP-BF885,1
PROP-10595,55.0,clt,Casado,Medio,5476.4,14879.54,24,857.8,2,2,-56.33,4220,IP-D893E,0
PROP-10596,48.9,Autonomo,Solteiro,Medio,2153.66,23599.23,60,702.1,2,1,12.74,5832,IP-4936A,0
PROP-10597,47.9,CLT,Casado,Medio,9256.86,10393.86,12,725.2,4,0,-9.76,1703,IP-5ADE3,0
PROP-10598,32.5,CLT,Solteiro,Pos_Graduacao,8428.52,16255.59,48,625.8,2,1,-10.65,1839,IP-C4047,0
PROP-10599,44.0,CLT,Casado,Superior,4118.18,3871.6,24,598.7,2,1,11.54,3565,IP-9BA99,0
PROP-10600,35.4,CLT,Solteiro,Superior,9445.05,21407.06,12,403.7,3,0,-33.73,1533,IP-7CB64,0
PROP-10601,35.8,CLT,Casado,Superior,2592.31,26957.73,36,303.7,2,0,64.61,2341,IP-C2AC9,1
PROP-10602,42.5,CLT,Solteiro,Medio,1474.43,15639.31,24,647.5,3,0,-3.54,2621,IP-99F75,0
PROP-10603,31.4,CLT,Solteiro,Superior,5455.11,15867.68,36,803.8,3,1,99.3,4695,IP-C814B,0
PROP-10604,54.4,CLT,Solteiro,Superior,3971.75,4913.32,36,668.2,1,0,51.66,7808,IP-BD533,0
PROP-10605,36.2,clt,Solteiro,Medio,4917.07,8664.05,36,707.3,4,2,-3.8,4537,IP-4168A,1
PROP-10606,44.8,CLT,Casado,Medio,11043.2,7104.29,48,841.7,3,0,-63.95,6960,IP-26713,0
PROP-10607,54.0, CLT ,Solteiro,Superior,16117.14,17895.7,36,666.0,3,0,33.15,8029,IP-51E1B,0
PROP-10608,49.3,Autonomo,Divorciado,Pos_Graduacao,5626.72,19465.43,24,602.8,3,0,23.65,1672,IP-78B6B,0
PROP-10609,22.5,Autonomo,Divorciado,Medio,7465.47,33315.02,36,505.4,2,0,-35.02,1362,IP-4C9CB,0
PROP-10610,42.9,CLT,Casado,Pos_Graduacao,1767.63,4416.64,36,903.1,2,0,-57.32,4079,IP-A4630,0
PROP-10611,47.4,PJ,Solteiro,Superior,,21795.64,12,693.7,3,0,-0.66,2383,IP-7CE93,0
PROP-10612,47.8,Autonomo,Solteiro,Medio,6949.35,19374.45,60,487.9,1,1,11.7,8799,IP-74736,1
PROP-10613,25.8,CLT,Casado,Medio,,19035.69,36,456.0,1,0,8.01,9332,IP-58F95,0
PROP-10614,30.8,Servidor_Publico,Solteiro,Medio,3880.22,30814.26,48,795.4,4,2,0.16,7460,IP-62AD9,0
PROP-10615,48.9,Servidor_Publico,Solteiro,Superior,2950.0,8782.77,48,474.8,3,0,59.76,3287,IP-CB164,1
PROP-10616,29.6,CLT,Casado,Medio,5326.38,3345.52,24,879.5,2,1,-31.78,1628,IP-3289A,0
PROP-10617,34.7,CLT,Casado,Medio,2260.03,24184.96,36,234.1,3,2,94.78,2649,IP-6FF90,1
PROP-10618,55.3,PJ,Casado,Superior,5541.0,13390.2,24,819.2,2,3,-83.33,8477,IP-2D557,0
PROP-10619,37.5,AUTONOMO,Solteiro,Superior,2201.85,2580.47,24,688.2,2,2,-36.43,9347,IP-92AFB,1
PROP-10620,30.0,CLT,Casado,Medio,1677.01,10295.34,48,636.6,1,1,-59.67,5308,IP-BA504,0
PROP-10621,28.3,CLT,Solteiro,Superior,3084.25,12207.78,48,595.4,4,0,11.04,3844,IP-A6CFD,1
PROP-10622,41.7, CLT ,Solteiro,Superior,2503.96,22355.67,12,884.7,6,0,19.95,4260,IP-C0E4C,0
PROP-10623,23.3,clt,Divorciado,Superior,10632.23,7695.33,36,719.0,3,0,87.67,4315,IP-E1E3C,0
PROP-10624,35.3,Autonomo,Solteiro,Superior,1637.39,15630.79,60,493.6,0,0,10.7,9008,IP-3642D,0
PROP-10625,41.7, CLT ,Solteiro,Medio,,17921.69,36,379.4,3,0,42.34,4783,IP-4F827,0
PROP-10626,52.3,clt,Solteiro,Superior,4741.8,17154.83,48,644.8,0,0,-54.42,9236,IP-E56CD,0
PROP-10627,45.3,AUTONOMO,Divorciado,Superior,4155.12,34140.05,48,,3,2,-69.07,1592,IP-BE73A,0
PROP-10628,30.1,CLT,Casado,Superior,1597.13,3501.64,24,407.2,3,1,65.42,7870,IP-5B626,1
PROP-10629,51.0,CLT,Casado,Superior,1430.57,33381.95,24,612.2,4,1,47.07,2998,IP-9589E,1
PROP-10630,34.7,AUTONOMO,Casado,Superior,19999.81,21203.93,36,539.6,1,1,11.95,5237,IP-BF7B9,0
PROP-10631,24.4,Servidor_Publico,Solteiro,Medio,5916.63,28259.01,24,621.3,1,2,-43.81,7872,IP-41C49,0
PROP-10632,36.1,Autonomo,Casado,Superior,3310.03,16202.96,36,721.6,3,0,121.54,4056,IP-DC6BD,0
PROP-10633,53.8,Autonomo,Solteiro,Superior,4069.92,16976.65,36,829.0,2,1,41.44,6265,IP-AC970,0
PROP-10634,39.8,CLT,Solteiro,Superior,2701.98,31017.77,48,747.2,2,1,-34.57,9819,IP-A3FA5,0
PROP-10635,38.1, CLT ,Casado,Medio,3176.29,31565.84,24,519.0,1,0,2.64,1142,IP-73EF2,0
PROP-10636,56.0,Autonomo,Divorciado,Pos_Graduacao,5797.8,9876.73,12,671.6,2,0,-72.93,9100,IP-C0472,0
PROP-10637,22.3,CLT,Solteiro,Superior,10404.69,8574.98,24,628.8,2,0,6.09,7847,IP-A3255,0
PROP-10638,23.9,CLT,Solteiro,Medio,2254.7,18375.76,36,433.5,3,0,-23.22,2620,IP-45377,1
PROP-10639,20.2, CLT ,Solteiro,Superior,9106.34,31709.14,24,675.8,2,0,119.37,8460,IP-E157B,0
PROP-10640,42.1,CLT,Solteiro,Superior,1944.34,12637.72,36,879.9,1,0,38.1,4641,IP-5FDC2,0
PROP-10641,39.8,CLT,Divorciado,Superior,2416.66,23516.48,12,624.5,1,0,-126.45,3056,IP-5CEA4,1
PROP-10642,55.0,CLT,Casado,Superior,1559.11,25369.01,36,396.8,3,2,92.03,7726,IP-3F205,1
PROP-10643,40.7,CLT,Casado,Pos_Graduacao,2037.42,27696.26,24,624.2,2,0,20.19,4262,IP-D5AA5,1
PROP-10644,33.6,CLT,Casado,Medio,11868.81,20609.51,36,450.1,0,2,77.0,8998,IP-3CB96,1
PROP-10645,38.0,Servidor_Publico,Solteiro,Superior,3983.62,15281.02,24,740.9,1,1,13.89,7563,IP-6CAFC,0
PROP-10646,39.3,Autonomo,Casado,Pos_Graduacao,1739.56,33911.53,24,693.5,4,2,7.6,5359,IP-60DB6,1
PROP-10647,19.6,Autonomo,Solteiro,Pos_Graduacao,14890.69,22173.91,60,596.1,1,1,-41.73,1601,IP-1DE8C,0
PROP-10648,67.8,PJ,Casado,Superior,,26042.65,12,,1,1,32.67,6615,IP-4D7DA,0
PROP-10649,43.7,clt,Viuvo,Pos_Graduacao,7301.85,13384.43,36,590.3,1,1,54.45,2068,IP-7D35D,0
PROP-10650,40.3,CLT,Casado,Medio,12782.61,24108.32,60,,3,2,-87.66,7057,IP-32604,0
PROP-10651,44.8,Autonomo,Solteiro,Pos_Graduacao,2444.23,10507.32,36,511.9,2,0,-40.99,5365,IP-8D8BF,1
PROP-10652,45.8,Autonomo,Casado,Medio,9002.6,10088.2,48,425.7,1,0,-61.58,2897,IP-221A0,0
PROP-10653,36.5,AUTONOMO,Solteiro,Medio,6318.85,25585.83,12,779.4,2,2,89.25,3423,IP-C5050,0
PROP-10654,31.1, CLT ,Solteiro,Medio,,19206.03,24,566.0,1,1,56.04,2988,IP-24381,0
PROP-10655,44.6,CLT,Solteiro,Superior,8095.28,24548.13,24,643.4,2,0,-17.97,5788,IP-CDB8B,0
PROP-10656,42.2,CLT,Solteiro,Medio,3186.7,10891.47,12,659.9,2,0,53.78,4572,IP-D6CBB,0
PROP-10657,29.1, CLT ,Casado,Medio,7653.74,21757.87,24,665.1,4,3,-68.41,4890,IP-D5366,0
PROP-10658,53.6,Autonomo,Casado,Medio,2678.61,16649.81,24,455.7,1,1,15.23,9140,IP-E1444,1
PROP-10659,41.2,Autonomo,Divorciado,Medio,,21699.69,36,385.4,2,0,46.71,8629,IP-30332,0
PROP-10660,46.0, CLT ,Casado,Superior,1879.57,11599.03,60,537.6,4,0,-27.03,8088,IP-4DF0F,1
PROP-10661,53.3,Estudante,Casado,Superior,12885.1,25609.88,12,675.4,2,0,-0.42,3127,IP-5FE96,0
PROP-10662,38.2,Autonomo,Solteiro,Medio,2844.4,28595.67,24,518.1,2,1,25.15,1001,IP-29B0B,1
PROP-10663,41.5,CLT,Solteiro,Superior,4488.12,10577.24,24,570.3,2,1,57.69,5170,IP-CD852,1
PROP-10664,46.9,CLT,Casado,Pos_Graduacao,3485.23,11920.48,24,917.8,2,0,-76.28,6079,IP-CE473,0
PROP-10665,30.0,CLT,Solteiro,Superior,14911.74,23818.09,48,361.6,1,0,-8.54,6340,IP-3F814,0
PROP-10666,38.6,CLT,Casado,Medio,3113.78,24954.31,24,514.3,1,0,-45.97,2805,IP-5EFAE,0
PROP-10667,39.4,CLT,Solteiro,Superior,7731.67,25235.29,12,885.5,3,1,27.37,7395,IP-67A37,0
PROP-10668,27.5,CLT,Solteiro,Medio,9522.36,24529.05,36,613.8,1,1,-15.37,7613,IP-6CE08,1
PROP-10669,63.5,CLT,Solteiro,Medio,3802.41,14962.65,48,521.2,1,0,40.73,8470,IP-E0167,1
PROP-10670,22.5,CLT,Solteiro,Medio,3395.38,15030.17,36,783.6,0,0,-67.15,1895,IP-6449F,0
PROP-10671,23.7,Servidor_Publico,Solteiro,Superior,7184.74,10408.98,36,627.7,1,1,-23.7,4104,IP-1C312,1
PROP-10672,52.5,CLT,Casado,Medio,11650.74,7175.51,12,571.2,2,1,100.18,2382,IP-44EA6,1
PROP-10673,45.8,Autonomo,Solteiro,Medio,7306.12,24855.05,24,646.9,3,0,-10.18,5842,IP-4D472,0
PROP-10674,26.7, CLT ,Casado,Medio,2482.09,5075.23,24,527.9,1,1,54.09,5113,IP-3B3FB,1
PROP-10675,44.7,Estudante,Solteiro,Pos_Graduacao,10606.43,32947.15,24,477.6,4,0,-52.86,1216,IP-A8AEB,0
PROP-10676,54.1,CLT,Solteiro,Superior,3459.43,29280.65,60,604.1,1,1,-74.36,2380,IP-B79F9,0
PROP-10677,37.7, CLT ,Solteiro,Medio,5005.96,30297.69,36,478.5,3,1,70.26,2311,IP-E7502,1
PROP-10678,66.6,Estudante,Casado,Superior,8877.84,31920.07,12,621.5,3,0,40.29,3979,IP-CD0E3,0
PROP-10679,19.0,PJ,Solteiro,Superior,2276.71,15483.96,24,669.6,0,0,-20.88,4903,IP-4FAC1,0
PROP-10680,45.6,PJ,Casado,Superior,7846.33,29941.12,24,739.4,1,1,81.71,2567,IP-864A6,0
PROP-10681,50.8,CLT,Solteiro,Medio,5208.32,7216.02,36,,4,1,-31.06,4692,IP-94455,0
PROP-10682,47.8,CLT,Casado,Pos_Graduacao,10800.12,2714.18,24,563.2,3,0,-42.82,7963,IP-DE97A,0
PROP-10683,35.8,Autonomo,Solteiro,Medio,2192.57,27901.42,24,689.9,1,0,0.77,9840,IP-9F062,1
PROP-10684,34.8,Servidor_Publico,Casado,Superior,3692.8,4468.29,36,689.0,0,0,-13.53,2131,IP-90400,0
PROP-10685,42.9,Autonomo,Casado,Medio,8913.05,34621.31,24,665.9,4,2,-57.99,6663,IP-29F2B,0
PROP-10686,47.0,Autonomo,Divorciado,Medio,1481.56,24268.28,12,552.9,1,0,-5.87,4209,IP-877D9,1
PROP-10687,44.6,CLT,Solteiro,Medio,1899.84,26863.84,12,476.1,2,2,12.61,9917,IP-E9872,1
PROP-10688,49.4,PJ,Solteiro,Superior,20986.08,10111.53,24,690.3,5,0,41.5,1068,IP-84DD3,0
PROP-10689,26.8,CLT,Solteiro,Medio,2782.02,24237.56,12,381.0,0,1,132.92,3826,IP-C39D7,1
PROP-10690,35.5,CLT,Casado,Superior,16985.56,3426.26,24,582.5,5,0,61.23,4769,IP-746F1,0
PROP-10691,27.7, CLT ,Casado,Medio,2246.48,29648.25,48,262.5,0,1,-52.97,7427,IP-256FF,1
PROP-10692,33.8,Autonomo,Casado,Superior,3281.59,7597.6,36,432.9,6,0,136.14,6463,IP-8BFDE,0
PROP-10693,49.2,CLT,Solteiro,Superior,7270.92,25012.82,36,497.2,2,2,2.54,1436,IP-BF824,1
PROP-10694,39.2,CLT,Solteiro,Superior,5903.65,9407.86,48,773.5,2,0,16.59,3665,IP-B0538,0
PROP-10695,66.7,Autonomo,Solteiro,Superior,5054.74,4258.95,24,716.3,1,1,-33.96,1807,IP-1B012,0
PROP-10696,40.1,CLT,Divorciado,Superior,4570.19,17889.29,48,542.4,0,0,-0.44,6823,IP-1C612,0
PROP-10697,38.7,Autonomo,Casado,Medio,9188.14,7586.44,24,722.1,5,0,-1.25,2673,IP-CAAE7,0
PROP-10698,39.2,CLT,Divorciado,Superior,,26071.65,24,744.3,1,1,34.03,1554,IP-AD86F,0
PROP-10699,31.0,clt,Solteiro,Medio,3853.81,9839.67,24,597.5,4,1,45.4,9107,IP-B32FF,1
PROP-10700,37.4,Autonomo,Casado,Superior,2109.61,13301.59,12,426.2,4,3,-18.97,1623,IP-A9BA4,1
PROP-10701,50.4,CLT,Casado,Superior,5206.02,20725.5,60,590.9,0,0,59.61,8608,IP-B29DA,1
PROP-10702,39.3,CLT,Solteiro,Medio,2611.31,11403.95,12,606.3,1,2,-27.27,7990,IP-1CDB8,1
PROP-10703,29.3,CLT,Casado,Medio,3106.16,14473.61,24,447.5,3,1,55.82,8741,IP-DB7EF,1
PROP-10704,27.8,CLT,Divorciado,Superior,4076.41,28915.52,24,671.4,1,0,-32.88,4437,IP-C3DF7,0
PROP-10705,33.0,Estudante,Divorciado,Superior,1513.97,7913.93,12,659.2,2,0,-56.67,7380,IP-B0EAD,0
PROP-10706,38.8,CLT,Casado,Pos_Graduacao,1805.06,4712.65,12,682.3,4,1,-14.88,4516,IP-C496C,1
PROP-10707,51.1,PJ,Solteiro,Superior,6264.18,12835.81,12,659.0,1,2,-12.33,5908,IP-6FC76,0
PROP-10708,23.3,CLT,Solteiro,Superior,3753.32,16004.43,24,722.2,2,1,-49.24,4772,IP-288D3,1
PROP-10709,34.5,Autonomo,Divorciado,Pos_Graduacao,9803.9,19907.76,48,594.9,7,1,-18.96,7361,IP-F0FB8,1
PROP-10710,39.6,PJ,Solteiro,Medio,6382.75,14289.98,24,648.2,1,1,-27.1,3909,IP-9C37A,0
PROP-10711,17.8,Autonomo,Casado,Medio,1434.16,28067.09,12,564.3,3,0,0.14,4906,IP-B72E7,1
PROP-10712,28.8,clt,Casado,Superior,5427.67,3297.54,36,538.2,1,0,27.37,5837,IP-7F6D7,0
PROP-10713,30.5, CLT ,Casado,Pos_Graduacao,1813.33,16248.33,60,807.4,2,0,-4.1,9476,IP-77299,0
PROP-10714,29.2,CLT,Viuvo,Pos_Graduacao,7777.19,14614.45,24,333.9,2,0,-46.71,1621,IP-BEB71,1
PROP-10715,40.1,Servidor_Publico,Solteiro,Superior,21428.09,23370.09,24,742.7,5,1,-18.2,1430,IP-A4BC4,0
PROP-10716,36.2,PJ,Solteiro,Medio,,33887.12,60,533.1,1,1,49.56,4652,IP-39165,0
PROP-10717,31.9,Estudante,Solteiro,Superior,,18842.39,12,515.0,4,1,-33.15,8230,IP-DC025,0
PROP-10718,42.7,CLT,Solteiro,Medio,2537.82,34566.94,36,656.6,1,1,-48.07,4922,IP-46C38,1
PROP-10719,57.0,AUTONOMO,Solteiro,Medio,3817.26,11974.23,24,411.5,1,0,-76.88,2381,IP-A4C33,1
PROP-10720,56.0,Servidor_Publico,Solteiro,Superior,9542.14,3018.65,60,,3,0,-34.21,2571,IP-8C1B6,0
PROP-10721,16.8,CLT,Casado,Medio,2169.56,7466.88,60,501.1,1,2,41.26,1331,IP-1DCD8,0
PROP-10722,44.3,CLT,Divorciado,Pos_Graduacao,2696.18,15039.12,48,589.0,1,0,-36.54,4671,IP-4A354,1
PROP-10723,36.0,AUTONOMO,Solteiro,Superior,,12439.02,24,507.4,3,2,-1.82,7840,IP-4425A,0
PROP-10724,39.7,Autonomo,Solteiro,Superior,6631.77,5202.79,24,844.2,2,0,-24.5,6277,IP-6AF15,0
PROP-10725,33.6,PJ,Divorciado,Medio,3379.96,16277.78,24,871.6,1,1,-27.48,8053,IP-5CFF0,0
PROP-10726,39.3,CLT,Solteiro,Medio,12434.99,13157.82,48,336.9,1,1,65.67,4878,IP-901D6,1
PROP-10727,39.7,PJ,Solteiro,Medio,1816.73,6046.43,60,696.2,4,3,-7.45,2396,IP-477EF,1
PROP-10728,31.6,CLT,Solteiro,Fundamental,3345.91,11771.87,24,,6,0,-62.73,8379,IP-EBBB3,0
PROP-10729,28.1,CLT,Casado,Superior,6583.95,31252.39,36,696.0,3,2,-76.36,2379,IP-AB7A2,1
PROP-10730,33.1,CLT,Solteiro,Superior,2475.9,11967.61,12,527.9,2,1,-52.9,8539,IP-DA5E0,1
PROP-10731,40.6,PJ,Divorciado,Medio,5886.92,25560.53,24,585.8,3,0,-58.64,1726,IP-D87C4,0
PROP-10732,44.6,Autonomo,Solteiro,Pos_Graduacao,2153.42,22197.55,36,515.2,1,0,43.06,7562,IP-2FB42,1
PROP-10733,47.4,Autonomo,Casado,Medio,1641.95,16096.98,24,561.2,4,2,-10.4,3516,IP-7BD1B,1
PROP-10734,32.6, CLT ,Solteiro,Medio,,9887.85,24,450.6,2,2,3.28,2404,IP-78C9E,0
PROP-10735,41.1,Servidor_Publico,Casado,Superior,12567.98,14177.49,12,603.9,3,1,-12.54,4941,IP-36CAF,0
PROP-10736,48.6, CLT ,Casado,Fundamental,4770.11,21539.54,48,409.6,3,1,-10.09,4882,IP-40C0F,1
PROP-10737,50.8,PJ,Casado,Medio,8083.59,13574.86,48,592.0,0,4,47.1,9958,IP-5CA9C,0
PROP-10738,37.4, CLT ,Casado,Medio,3098.68,9091.58,60,445.2,2,0,50.8,9562,IP-E01A2,0
PROP-10739,35.6, CLT ,Casado,Pos_Graduacao,5172.04,5843.27,36,649.0,2,0,89.44,1861,IP-B2BB0,0
PROP-10740,40.1,clt,Divorciado,Medio,4269.03,31032.31,36,524.9,2,0,-43.91,8278,IP-4754B,1
PROP-10741,25.4,CLT,Casado,Medio,13638.51,16530.33,24,660.7,2,0,-19.54,2203,IP-BB75E,0
PROP-10742,35.9,AUTONOMO,Casado,Superior,7181.89,22631.87,60,771.4,0,0,9.75,9787,IP-6DA89,0
PROP-10743,46.2,Autonomo,Solteiro,Pos_Graduacao,6907.65,18183.54,36,842.5,0,1,78.66,7227,IP-EF301,0
PROP-10744,45.1,CLT,Solteiro,Superior,1599.34,30794.7,36,266.1,1,1,-34.73,1813,IP-25549,0
PROP-10745,35.0,Servidor_Publico,Solteiro,Fundamental,4750.65,20048.85,36,503.2,4,2,47.28,8007,IP-9D101,1
PROP-10746,40.4, CLT ,Casado,Superior,4042.71,17865.79,48,577.6,4,1,-30.49,8996,IP-E6944,1
PROP-10747,28.9,Autonomo,Solteiro,Medio,12441.38,32511.83,12,684.4,4,1,48.68,2464,IP-B9BA1,0
PROP-10748,45.7,Servidor_Publico,Solteiro,Fundamental,2649.58,25749.76,24,389.0,2,0,4.66,8256,IP-42517,1
PROP-10749,37.1,Autonomo,Divorciado,Superior,2720.83,5681.15,36,482.5,1,0,-52.14,7910,IP-D5C29,1
PROP-10750,35.0,CLT,Divorciado,Medio,3625.65,7864.25,48,638.3,4,2,-5.9,4332,IP-4C9AE,1
PROP-10751,34.0,Servidor_Publico,Divorciado,Superior,2571.3,27975.05,36,631.9,2,0,30.7,3402,IP-F40C4,0
PROP-10752,37.3,Autonomo,Solteiro,Medio,1980.96,29583.09,24,672.9,3,0,-144.02,4604,IP-CE7D9,1
PROP-10753,33.1,CLT,Casado,Medio,9580.83,19991.3,24,682.1,0,0,45.5,3659,IP-8E04D,0
PROP-10754,45.2,CLT,Solteiro,Medio,4831.7,20297.02,36,667.4,1,2,-73.28,1324,IP-30D54,0
PROP-10755,33.7,PJ,Solteiro,Superior,9698.76,22853.79,36,647.1,3,0,-10.92,4040,IP-F38F1,1
PROP-10756,55.5,Autonomo,Solteiro,Pos_Graduacao,,16490.82,36,627.8,3,1,-5.45,3286,IP-5A79D,0
PROP-10757,54.1,Autonomo,Solteiro,Superior,,24446.57,24,713.1,1,2,-136.39,2058,IP-5C18C,0
PROP-10758,28.2,Servidor_Publico,Solteiro,Fundamental,,5579.88,60,,5,0,-30.73,9506,IP-2F8AC,0
PROP-10759,38.8,PJ,Casado,Medio,1764.92,33722.21,36,836.2,4,1,20.89,2577,IP-CE743,0
PROP-10760,30.8,CLT,Solteiro,Medio,11765.9,26755.11,48,311.4,4,1,93.15,1638,IP-BA684,0
PROP-10761,34.4,CLT,Casado,Medio,3575.41,22828.75,24,468.9,4,0,41.13,6849,IP-A13E9,1
PROP-10762,60.0,CLT,Casado,Medio,3501.43,12438.63,24,588.3,1,1,45.27,1356,IP-4A098,1
PROP-10763,34.6,AUTONOMO,Solteiro,Medio,2914.6,7311.53,48,714.2,4,0,-107.92,8253,IP-427FC,1
PROP-10764,42.0,CLT,Casado,Superior,3993.15,15508.32,12,200.7,1,0,-15.07,8216,IP-6CA41,1
PROP-10765,44.0,Autonomo,Solteiro,Pos_Graduacao,2618.13,23832.03,36,616.1,4,1,90.98,7617,IP-358B7,0
PROP-10766,27.0,PJ,Casado,Fundamental,3373.02,22912.42,24,730.9,1,0,49.92,1296,IP-50F54,0
PROP-10767,28.6,Servidor_Publico,Solteiro,Medio,8158.53,14627.16,48,759.2,2,1,-25.62,8272,IP-4E0BA,0
PROP-10768,24.7,CLT,Solteiro,Pos_Graduacao,8948.69,22238.45,24,522.4,2,0,5.72,7704,IP-19C68,0
PROP-10769,28.3,PJ,Solteiro,Medio,2923.2,28853.69,24,577.9,4,2,48.99,9655,IP-CFE68,1
PROP-10770,6.6,CLT,Casado,Medio,4058.69,2867.4,60,533.7,2,0,47.72,4505,IP-6E2E9,1
PROP-10771,44.0,PJ,Divorciado,Pos_Graduacao,10094.18,16870.49,36,565.0,3,0,-6.32,6786,IP-77B2B,0
PROP-10772,60.6,CLT,Solteiro,Superior,1627.27,27032.32,12,475.5,0,1,-12.24,9405,IP-CAD2E,1
PROP-10773,39.6, CLT ,Casado,Medio,10638.03,20022.77,12,495.5,3,0,22.09,9037,IP-84AA2,0
PROP-10774,22.4,PJ,Casado,Superior,2439.15,23498.71,60,680.8,5,0,48.75,9898,IP-561BB,1
PROP-10775,30.9,CLT,Divorciado,Medio,6166.5,19050.32,12,638.4,1,0,-19.62,3202,IP-1BFA8,0
PROP-10776,33.0,CLT,Casado,Superior,5069.1,34731.86,36,688.8,3,1,-92.5,1006,IP-26446,0
PROP-10777,26.8,AUTONOMO,Casado,Superior,4781.27,3802.51,24,650.0,3,1,-4.0,4052,IP-918BD,0
PROP-10778,47.5,AUTONOMO,Casado,Fundamental,9638.52,18204.48,48,718.6,3,1,-63.15,4194,IP-A6CD8,0
PROP-10779,46.9,Autonomo,Divorciado,Medio,1849.86,5016.75,48,742.9,2,0,96.67,4521,IP-9EC3D,0
PROP-10780,25.3,Autonomo,Solteiro,Medio,3190.13,7272.92,36,,1,0,-47.66,4747,IP-533DF,0
PROP-10781,46.0,Autonomo,Solteiro,Superior,4645.5,14640.27,12,500.4,1,2,-5.89,4897,IP-8E82F,1
PROP-10782,54.8,CLT,Solteiro,Superior,8403.66,7132.82,48,587.6,2,0,-35.51,7096,IP-A7B17,0
PROP-10783,58.9,CLT,Casado,Medio,2424.43,33801.68,24,616.8,3,0,-25.9,1557,IP-79043,1
PROP-10784,69.5,CLT,Casado,Superior,,33244.06,60,526.2,3,1,41.71,2789,IP-DB6CD,0
PROP-10785,28.1,Servidor_Publico,Solteiro,Pos_Graduacao,3542.94,13091.62,24,747.7,0,2,52.65,3868,IP-6DC04,0
PROP-10786,69.1,Autonomo,Casado,Pos_Graduacao,2279.4,23111.67,36,897.2,5,1,32.79,1154,IP-8CAEF,1
PROP-10787,34.1, CLT ,Casado,Superior,7376.19,19613.86,12,646.1,4,1,48.4,6912,IP-B999F,0
PROP-10788,31.5,clt,Solteiro,Pos_Graduacao,1800.26,28914.37,36,631.8,4,0,-26.31,8179,IP-289FB,1
PROP-10789,41.6,Servidor_Publico,Viuvo,Superior,4437.13,22705.71,24,738.9,0,0,-54.8,1187,IP-87A15,0
PROP-10790,31.6,CLT,Solteiro,Pos_Graduacao,1677.23,2008.33,24,358.8,1,0,-37.46,3064,IP-CA033,1
PROP-10791,42.4,Autonomo,Solteiro,Medio,3250.96,27184.75,12,624.0,2,2,21.55,8797,IP-280D7,1
PROP-10792,23.5,Autonomo,Casado,Medio,5259.74,26645.99,12,757.1,3,1,60.85,5236,IP-B037C,0
PROP-10793,35.4,Autonomo,Casado,Medio,4811.2,18820.85,12,530.0,2,1,-61.73,3862,IP-9378D,1
PROP-10794,52.1,CLT,Solteiro,Superior,3578.18,31796.33,24,448.3,0,1,-17.77,7274,IP-25DC4,1
PROP-10795,37.4,Servidor_Publico,Casado,Medio,3753.89,31978.72,48,594.0,0,0,-13.65,4017,IP-92872,1
PROP-10796,39.6,Servidor_Publico,Casado,Fundamental,2480.15,19289.09,24,611.5,2,0,-38.65,9081,IP-31370,0
PROP-10797,43.2,Autonomo,Solteiro,Medio,3956.08,22063.61,36,,2,2,29.84,7652,IP-A575D,0
PROP-10798,50.9,Autonomo,Solteiro,Medio,14264.79,34885.23,12,913.5,1,1,49.93,2187,IP-EE260,0
PROP-10799,19.8,Servidor_Publico,Casado,Superior,9380.6,11861.07,36,553.0,3,0,122.65,2915,IP-8EF1D,1
PROP-10800,44.4,AUTONOMO,Solteiro,Medio,2059.09,12712.37,24,458.5,2,1,98.75,1987,IP-A411D,1
PROP-10801,35.1,CLT,Divorciado,Medio,1526.98,8031.54,60,606.9,1,0,39.5,7576,IP-5811F,0
PROP-10802,39.8,Autonomo,Casado,Medio,12785.86,31563.61,48,747.1,1,3,-22.99,8844,IP-D1CFC,1
PROP-10803,49.7,Autonomo,Viuvo,Superior,4542.15,26568.12,24,622.4,3,0,35.35,9981,IP-A6C77,0
PROP-10804,24.9, CLT ,Solteiro,Superior,4641.73,5486.21,48,688.0,2,0,-97.75,3708,IP-20EF2,0
PROP-10805,26.9,AUTONOMO,Divorciado,Superior,7773.07,34398.32,12,498.0,2,1,33.06,9681,IP-EA169,1
PROP-10806,16.7,Servidor_Publico,Solteiro,Superior,2987.11,26121.74,36,828.3,1,0,18.28,4968,IP-52BC3,0
PROP-10807,32.0,Servidor_Publico,Solteiro,Superior,4161.93,30067.23,12,698.6,5,0,3.85,4834,IP-A3A16,1
PROP-10808,52.6,clt,Solteiro,Medio,15944.4,3588.98,24,766.7,1,1,-39.08,1007,IP-66F30,0
PROP-10809,36.7,CLT,Solteiro,Medio,6083.82,18663.71,24,671.1,3,0,39.69,3930,IP-C3755,0
PROP-10810,23.3,Estudante,Casado,Superior,2101.13,25053.74,36,735.5,1,0,-49.48,9964,IP-F0B3F,0
PROP-10811,32.7,PJ,Casado,Medio,2000.51,19917.24,24,497.8,4,0,52.76,6247,IP-7422F,1
PROP-10812,21.6,CLT,Solteiro,Medio,2359.65,23999.37,48,551.2,2,0,30.05,1818,IP-F1BD2,0
PROP-10813,25.6,Servidor_Publico,Casado,Superior,7513.02,28989.84,36,,2,0,21.47,2006,IP-61C13,0
PROP-10814,42.3,PJ,Solteiro,Superior,2870.39,14353.12,12,838.4,4,1,-49.2,6036,IP-CE05A,0
PROP-10815,25.1,Autonomo,Casado,Medio,,30006.07,36,459.4,0,0,-32.61,8074,IP-1EE8D,0
PROP-10816,50.2,Autonomo,Solteiro,Medio,13519.19,7376.23,48,655.0,3,0,-74.35,1543,IP-BE1B6,0
PROP-10817,37.2, CLT ,Casado,Pos_Graduacao,2181.13,10939.24,60,559.7,0,1,42.01,7549,IP-1DD2F,0
PROP-10818,38.9,CLT,Casado,Pos_Graduacao,1440.34,3430.41,36,522.4,2,2,1.81,3096,IP-CB0BF,1
PROP-10819,34.9,CLT,Casado,Superior,2536.81,14026.08,48,659.9,1,0,-26.87,5091,IP-315E5,1
PROP-10820,46.5,PJ,Solteiro,Superior,2525.25,14537.01,48,779.7,1,2,-6.82,1778,IP-AE169,0
PROP-10821,46.6,CLT,Solteiro,Superior,,28573.93,12,683.2,2,1,52.49,6702,IP-41A81,0
PROP-10822,41.7,CLT,Casado,Fundamental,12028.58,23553.31,12,,1,1,-56.97,3115,IP-8E55D,0
PROP-10823,44.2, CLT ,Solteiro,Fundamental,10276.68,16411.84,12,692.1,1,1,-21.92,9359,IP-5E03D,0
PROP-10824,35.7,Autonomo,Solteiro,Medio,3963.9,23519.76,24,569.6,2,0,-78.99,3977,IP-30843,1
PROP-10825,44.0,Servidor_Publico,Solteiro,Superior,3622.47,3741.85,24,677.7,3,0,-52.61,2898,IP-4C7A5,1
PROP-10826,34.3,CLT,Casado,Medio,4800.75,7948.96,60,815.5,1,0,-12.54,3151,IP-681C0,0
PROP-10827,38.0,CLT,Casado,Medio,2571.77,22689.28,24,329.2,2,0,54.21,1725,IP-8C2A4,1
PROP-10828,35.0,AUTONOMO,Casado,Superior,1625.1,23165.11,36,731.6,1,2,32.09,7461,IP-CBFD7,1
PROP-10829,33.0,clt,Solteiro,Superior,13162.36,27546.44,36,404.5,2,0,49.48,3725,IP-1F8BB,0
PROP-10830,30.4,CLT,Solteiro,Pos_Graduacao,,15298.99,24,792.0,2,0,33.16,9733,IP-A398D,0
PROP-10831,43.1,clt,Casado,Medio,,25844.29,12,530.8,4,0,-48.04,8199,IP-CA2DA,0
PROP-10832,52.4,CLT,Casado,Superior,,24571.35,36,449.5,2,0,84.74,6235,IP-D8A32,0
PROP-10833,50.9,CLT,Solteiro,Pos_Graduacao,4241.35,33791.98,36,717.3,2,2,37.1,2432,IP-BC1DD,0
PROP-10834,24.2,clt,Casado,Pos_Graduacao,1478.15,9099.3,60,671.0,1,1,89.84,7649,IP-383CA,0
PROP-10835,52.2, CLT ,Solteiro,Medio,2072.49,20205.43,24,,2,0,83.69,8766,IP-286D1,0
PROP-10836,34.5,Servidor_Publico,Divorciado,Medio,3395.27,21858.23,48,444.6,1,0,-4.57,2547,IP-6A591,1
PROP-10837,44.6, CLT ,Solteiro,Superior,6234.88,34955.38,24,593.8,1,1,-24.45,5360,IP-C0E79,0
PROP-10838,28.0,Autonomo,Divorciado,Medio,2489.11,8639.08,36,451.4,3,0,-111.73,3980,IP-64654,1
PROP-10839,39.6,Autonomo,Casado,Fundamental,3709.74,19266.19,36,471.4,2,1,8.31,1272,IP-68917,1
PROP-10840,41.5,CLT,Casado,Pos_Graduacao,4822.85,13424.12,12,636.2,2,0,-1.97,9098,IP-52586,0
PROP-10841,21.7,Autonomo,Solteiro,Medio,10617.15,19354.47,12,484.8,2,2,-31.95,7642,IP-72430,1
PROP-10842,44.7,CLT,Casado,Medio,3057.45,9660.24,12,,0,1,-24.95,6102,IP-62972,0
PROP-10843,52.8,Estudante,Solteiro,Medio,2002.11,3571.21,24,828.6,2,2,25.96,1368,IP-643BA,1
PROP-10844,36.1,CLT,Solteiro,Pos_Graduacao,,20894.66,36,599.2,2,0,-94.2,7109,IP-87F44,0
PROP-10845,53.0, CLT ,Casado,Medio,7167.72,13083.19,12,638.2,2,0,64.04,9568,IP-A7E1E,0
PROP-10846,35.9,CLT,Viuvo,Superior,1888.78,8004.07,36,902.5,2,0,43.74,2083,IP-90FA6,0
PROP-10847,47.3,Estudante,Casado,Superior,3721.91,12689.87,24,453.7,3,0,-17.83,1771,IP-1FFC5,1
PROP-10848,13.6,Autonomo,Casado,Superior,1475.37,3626.25,48,786.8,3,1,-3.8,8619,IP-24A18,1
PROP-10849,64.6,Autonomo,Solteiro,Medio,1543.37,33364.59,48,,1,0,15.88,3007,IP-DDFD2,0
PROP-10850,54.5,CLT,Solteiro,Medio,4170.41,21177.88,48,739.6,1,2,40.75,4970,IP-F380B,0
PROP-10851,34.9,AUTONOMO,Solteiro,Pos_Graduacao,2887.23,28887.37,36,800.8,3,2,101.44,6256,IP-86706,1
PROP-10852,16.3,CLT,Casado,Pos_Graduacao,9233.1,15962.9,24,659.3,3,0,-26.31,7922,IP-6A48B,0
PROP-10853,41.2,Servidor_Publico,Divorciado,Superior,5271.1,31809.38,48,538.4,2,2,68.2,9159,IP-C7D2F,0
PROP-10854,22.1,CLT,Casado,Medio,3941.06,17949.5,12,773.2,3,0,-11.08,2278,IP-3A100,0
PROP-10855,42.9,CLT,Solteiro,Medio,3601.39,20940.2,24,778.6,3,4,-19.9,7631,IP-D61AA,1
PROP-10856,42.5,CLT,Solteiro,Superior,4288.14,18229.2,12,774.7,4,3,-12.9,1737,IP-54640,1
PROP-10857,27.6,clt,Casado,Medio,1573.37,26198.18,36,626.2,3,1,54.15,4439,IP-317FF,1
PROP-10858,50.3,Autonomo,Solteiro,Pos_Graduacao,10778.59,20699.65,36,519.7,1,0,-28.6,6217,IP-87B8C,0
PROP-10859,46.9,CLT,Casado,Superior,28191.74,10962.76,36,646.8,3,1,5.34,5120,IP-3CEFB,0
PROP-10860,48.7,PJ,Casado,Medio,2241.12,6802.8,24,751.9,1,0,-25.65,6693,IP-1E61E,1
PROP-10861,38.1,clt,Casado,Pos_Graduacao,1938.73,22002.1,12,763.4,3,4,-21.42,4780,IP-2BB33,1
PROP-10862,22.4,Autonomo,Solteiro,Fundamental,2050.96,18142.94,60,559.8,0,0,67.54,3472,IP-97A90,1
PROP-10863,48.8, CLT ,Solteiro,Medio,5943.71,5167.2,36,664.2,4,0,-0.53,8096,IP-B9AAF,0
PROP-10864,35.0, CLT ,Solteiro,Superior,5948.84,15055.38,24,436.8,2,1,-33.3,8402,IP-425FD,1
PROP-10865,22.7,Autonomo,Solteiro,Medio,9310.18,18987.62,36,757.9,4,1,-21.7,5743,IP-C0430,0
PROP-10866,52.9,CLT,Solteiro,Medio,7253.23,29287.48,12,510.3,2,0,13.97,7269,IP-BCE58,0
PROP-10867,61.1,CLT,Casado,Medio,3908.55,4511.33,12,729.9,1,0,-2.61,7751,IP-E376D,0
PROP-10868,37.5,PJ,Casado,Superior,5385.62,13500.35,24,459.1,4,0,0.12,7982,IP-C8577,0
PROP-10869,61.8,Servidor_Publico,Solteiro,Fundamental,6295.79,29147.65,24,764.4,0,1,-14.94,1549,IP-371C4,1
PROP-10870,39.0, CLT ,Solteiro,Superior,4419.59,23397.99,24,665.1,3,0,52.2,4219,IP-1CDEC,0
PROP-10871,33.8,CLT,Solteiro,Medio,4111.51,11568.62,48,510.6,2,0,28.83,2530,IP-B0EB1,0
PROP-10872,31.1,Autonomo,Solteiro,Superior,5750.83,29896.06,36,716.8,1,1,-11.23,3126,IP-A25E6,0
PROP-10873,56.0, CLT ,Casado,Medio,4824.08,18278.69,24,537.3,3,0,6.5,7118,IP-94E1B,1
PROP-10874,29.4,CLT,Solteiro,Pos_Graduacao,5737.18,18445.61,36,724.9,4,2,-40.74,5635,IP-E2750,0
PROP-10875,46.1,CLT,Solteiro,Superior,5385.61,34227.38,60,581.6,3,0,-3.69,5574,IP-BD52A,1
PROP-10876,31.8,AUTONOMO,Solteiro,Medio,6734.42,33254.84,12,379.1,1,1,-34.51,9304,IP-EE858,1
PROP-10877,32.9,Autonomo,Divorciado,Medio,5723.77,13831.58,48,482.5,1,0,9.78,6810,IP-3E170,0
PROP-10878,49.3,CLT,Casado,Superior,4480.42,6639.11,36,559.7,0,1,-5.17,3839,IP-610B2,0
PROP-10879,33.8,CLT,Solteiro,Medio,6209.27,12747.0,12,,2,2,-12.04,8393,IP-1DAE5,0
PROP-10880,33.5,CLT,Casado,Superior,3906.96,3005.95,24,746.2,0,0,7.14,6192,IP-A3113,0
PROP-10881,50.5,Autonomo,Casado,Medio,2561.88,2685.34,24,847.3,2,0,14.93,7582,IP-BE271,0
PROP-10882,55.6,CLT,Divorciado,Medio,1405.96,15052.23,36,851.5,0,3,54.52,4075,IP-D51D4,0
PROP-10883,45.1,CLT,Solteiro,Superior,4847.78,33053.65,24,545.1,2,0,38.93,3791,IP-A28A9,1
PROP-10884,30.8,PJ,Divorciado,Fundamental,5151.43,30754.79,36,593.6,2,1,47.55,1057,IP-41BA0,0
PROP-10885,32.4,CLT,Divorciado,Pos_Graduacao,16424.66,18877.61,36,562.4,1,1,-17.6,8948,IP-2E0CE,0
PROP-10886,38.9,Autonomo,Divorciado,Medio,3284.12,20652.47,24,526.0,3,1,14.39,2756,IP-A3E9A,0
PROP-10887,41.5,CLT,Casado,Medio,3504.6,2195.81,48,362.2,3,0,86.74,7298,IP-95385,0
PROP-10888,27.1,CLT,Casado,Medio,2346.66,9111.54,48,617.9,1,1,-4.84,7253,IP-2513A,1
PROP-10889,46.0,CLT,Solteiro,Superior,1707.21,2817.55,24,440.0,3,2,6.47,9550,IP-4F938,1
PROP-10890,38.9,AUTONOMO,Casado,Superior,7624.17,26899.8,60,615.2,3,2,7.14,7009,IP-E2379,0
PROP-10891,19.1,PJ,Casado,Pos_Graduacao,2606.48,6806.31,12,916.2,2,3,-5.2,1763,IP-A3106,1
PROP-10892,27.8,PJ,Casado,Pos_Graduacao,5342.98,30678.55,12,548.7,2,1,64.41,6312,IP-49A29,0
PROP-10893,32.5, CLT ,Solteiro,Medio,6288.9,23229.7,24,647.3,4,1,-22.11,7998,IP-83343,1
PROP-10894,37.2,Autonomo,Casado,Superior,4076.3,9570.82,36,746.9,3,2,54.0,1528,IP-E5E4D,0
PROP-10895,58.8,CLT,Casado,Pos_Graduacao,10179.33,7204.77,36,659.2,7,1,38.48,3446,IP-3A027,0
PROP-10896,40.6,CLT,Solteiro,Superior,3863.8,22711.62,24,660.9,2,0,-3.04,2929,IP-5AA80,0
PROP-10897,28.8,Servidor_Publico,Casado,Medio,2808.45,31727.62,12,569.3,2,0,-20.55,7095,IP-6EA5D,1
PROP-10898,40.4,CLT,Casado,Medio,10906.76,25705.89,12,587.5,1,0,-1.64,3276,IP-5AA3C,0
PROP-10899,34.1,CLT,Casado,Superior,9704.87,13502.04,48,485.6,0,2,57.96,3971,IP-3E6D4,1
PROP-10900,41.6,CLT,Solteiro,Medio,2152.53,21383.66,48,738.4,2,0,53.84,5386,IP-C1281,1
PROP-10901,44.4,CLT,Solteiro,Medio,1510.48,12255.14,36,376.2,1,1,40.0,7602,IP-DE47A,1
PROP-10902,51.3,CLT,Divorciado,Medio,1796.04,34971.94,36,756.0,0,0,-4.32,3102,IP-69E92,1
PROP-10903,37.7,Autonomo,Solteiro,Superior,2818.08,26711.69,36,423.5,2,2,2.18,2743,IP-A8209,1
PROP-10904,56.0, CLT ,Casado,Medio,16456.47,22274.59,24,754.8,2,0,31.32,8731,IP-D0CD0,0
PROP-10905,48.0,Servidor_Publico,Casado,Medio,4833.98,15967.55,24,570.5,4,0,-11.84,7897,IP-9650F,1
PROP-10906,30.2,PJ,Casado,Medio,3362.35,22399.03,36,447.5,1,2,41.88,6819,IP-1D364,1
PROP-10907,62.3,CLT,Solteiro,Superior,10621.82,13273.33,36,701.1,2,1,7.59,8489,IP-6E949,0
PROP-10908,41.6,CLT,Casado,Pos_Graduacao,3934.93,2952.54,12,750.0,0,1,50.7,1439,IP-492EA,1
PROP-10909,28.8, CLT ,Solteiro,Superior,2990.48,15037.92,60,558.7,2,1,-70.72,5185,IP-1D76C,0
PROP-10910,56.2,Autonomo,Solteiro,Superior,13302.57,32705.87,48,720.9,2,0,-30.36,1167,IP-65CF3,0
PROP-10911,60.9,CLT,Solteiro,Fundamental,9354.42,22667.94,24,300.1,4,1,-16.65,3450,IP-A90C1,0
PROP-10912,37.6,Autonomo,Solteiro,Medio,9194.26,4770.54,36,435.1,1,0,20.63,8136,IP-DDC00,0
PROP-10913,32.5, CLT ,Viuvo,Medio,4415.7,31204.79,60,800.9,2,0,-18.79,8030,IP-450AD,0
PROP-10914,36.1,Autonomo,Divorciado,Medio,7943.5,10872.87,12,588.7,1,0,109.01,6475,IP-8B254,0
PROP-10915,45.9, CLT ,Solteiro,Medio,2230.18,10044.39,36,359.3,1,0,-60.94,2733,IP-DEBEB,0
PROP-10916,52.1,CLT,Casado,Medio,4976.27,11804.0,24,522.2,1,0,50.98,4377,IP-B7B6A,1
PROP-10917,44.3,Servidor_Publico,Solteiro,Pos_Graduacao,,21047.67,24,490.7,2,1,61.51,7802,IP-B51A0,0
PROP-10918,39.1,PJ,Casado,Superior,2844.13,19974.71,48,596.8,1,3,24.91,8953,IP-5438D,1
PROP-10919,54.5,CLT,Casado,Superior,8042.68,18216.65,24,568.1,0,0,-15.78,4482,IP-A09A7,0
PROP-10920,34.6,PJ,Divorciado,Pos_Graduacao,4231.99,25678.72,12,645.1,4,2,-0.96,8776,IP-35831,1
PROP-10921,49.3,clt,Solteiro,Medio,1570.6,12445.75,12,610.3,1,0,40.85,2835,IP-AFC24,1
PROP-10922,34.8,Servidor_Publico,Casado,Medio,7447.06,27808.13,12,810.4,2,1,-79.93,6181,IP-42E1E,0
PROP-10923,42.7,PJ,Solteiro,Superior,2175.35,7785.62,24,679.4,4,1,-31.72,2457,IP-6D91F,0
PROP-10924,36.8, CLT ,Viuvo,Superior,5592.62,27826.49,36,684.1,1,2,-26.88,6940,IP-7097E,1
PROP-10925,37.4,CLT,Solteiro,Medio,1776.14,23905.73,24,783.1,1,1,27.23,3506,IP-E8EE2,1
PROP-10926,33.8,CLT,Casado,Superior,,24545.87,36,565.6,3,1,54.45,3101,IP-1FB25,0
PROP-10927,52.8,Autonomo,Casado,Superior,2848.67,17891.26,36,443.3,2,0,99.05,8917,IP-F3C3A,1
PROP-10928,29.9,Autonomo,Casado,Superior,2478.49,24011.05,24,789.0,3,2,-93.21,3758,IP-9AB74,1
PROP-10929,29.9,CLT,Solteiro,Superior,1980.73,4633.3,36,639.0,2,3,-51.39,9526,IP-F2CC4,1
PROP-10930,61.3,CLT,Divorciado,Medio,13659.01,30101.19,36,639.5,2,0,-17.11,1357,IP-22C94,0
PROP-10931,48.8,PJ,Solteiro,Medio,6626.73,3833.06,24,531.3,2,1,27.81,7571,IP-AF118,1
PROP-10932,11.8,Estudante,Casado,Superior,7084.63,6908.47,24,533.6,4,1,38.22,7442,IP-D6F81,1
PROP-10933,31.8,Autonomo,Solteiro,Medio,4306.22,21034.06,36,738.5,1,1,-58.94,4839,IP-52C1E,0
PROP-10934,18.1,CLT,Solteiro,Fundamental,4104.12,26400.58,60,757.9,3,0,18.82,7814,IP-E5CC3,1
PROP-10935,27.5,CLT,Casado,Superior,1889.54,4516.3,24,729.7,0,2,-127.99,1899,IP-9EF5C,1
PROP-10936,3.5,CLT,Solteiro,Medio,4846.6,32385.24,24,731.0,0,0,14.6,1332,IP-BCB79,0
PROP-10937,36.5,Servidor_Publico,Solteiro,Superior,,34129.05,24,699.7,2,1,-1.31,1806,IP-E7C1B,0
PROP-10938,25.4,CLT,Solteiro,Superior,17270.12,21996.36,12,638.4,5,1,-4.98,3141,IP-7D5A0,0
PROP-10939,38.7,Autonomo,Solteiro,Medio,,17881.03,36,595.4,3,0,-19.59,1018,IP-65B4F,0
PROP-10940,20.1,CLT,Casado,Superior,3637.41,26466.03,24,789.4,2,0,-4.48,8363,IP-3B7F6,1
PROP-10941,38.9,Autonomo,Divorciado,Pos_Graduacao,2089.21,12835.79,12,567.7,3,0,16.08,3112,IP-4AA81,1
PROP-10942,33.4,Autonomo,Solteiro,Superior,7862.38,18277.73,24,671.8,3,0,83.03,3855,IP-E67FA,0
PROP-10943,54.5,PJ,Solteiro,Medio,1946.71,32232.98,12,507.4,3,1,-64.26,2227,IP-BEFE2,1
PROP-10944,53.5,CLT,Solteiro,Superior,2281.58,33536.63,24,527.7,3,0,-13.64,5819,IP-5188D,1
PROP-10945,46.6,CLT,Solteiro,Superior,2398.13,32593.28,12,586.9,2,0,27.04,3032,IP-42C86,1
PROP-10946,34.4,CLT,Casado,Medio,4818.54,10660.79,12,507.4,0,2,-3.02,4830,IP-85EEC,0
PROP-10947,59.8,Servidor_Publico,Casado,Medio,7896.26,9671.48,48,731.7,4,0,6.21,4563,IP-CEA6F,0
PROP-10948,20.9,Servidor_Publico,Solteiro,Pos_Graduacao,2984.81,11822.93,60,431.3,0,1,-29.33,7655,IP-9CEA2,1
PROP-10949,22.6,Autonomo,Solteiro,Medio,1771.58,16563.27,24,633.9,3,1,41.27,4307,IP-910B9,1
PROP-10950,37.1,Autonomo,Solteiro,Superior,4023.43,12367.52,36,638.6,2,1,-108.62,2712,IP-EA464,1
PROP-10951,62.8,Autonomo,Casado,Superior,7190.81,14349.02,24,,4,0,-49.63,9796,IP-EC256,0
PROP-10952,35.8,CLT,Viuvo,Superior,2452.51,22481.02,24,558.3,0,0,97.77,4240,IP-306A2,1
PROP-10953,36.0,Servidor_Publico,Solteiro,Medio,,27163.35,24,655.8,2,0,-61.44,3156,IP-D5DD7,0
PROP-10954,22.1, CLT ,Solteiro,Superior,13755.38,26273.42,24,680.0,4,0,-43.6,9348,IP-94F8E,0
PROP-10955,48.4, CLT ,Divorciado,Medio,,28875.98,36,591.4,1,2,-39.38,2664,IP-68B93,0
PROP-10956,48.5,Autonomo,Divorciado,Superior,20942.02,3062.09,12,714.8,3,0,-27.06,8458,IP-1904A,0
PROP-10957,46.7,CLT,Solteiro,Superior,8323.65,3575.22,12,604.7,2,2,-0.96,2735,IP-668BD,0
PROP-10958,31.1,CLT,Solteiro,Superior,2275.62,28049.64,48,621.9,1,1,53.95,3181,IP-B77F6,1
PROP-10959,30.2,AUTONOMO,Solteiro,Fundamental,2400.58,19591.6,36,655.2,4,0,23.87,5750,IP-E4C31,0
PROP-10960,23.8,CLT,Casado,Superior,3146.6,21078.64,24,749.8,5,0,-11.81,4484,IP-2DCA4,0
PROP-10961,38.9,Autonomo,Solteiro,Medio,3008.26,3735.37,24,525.4,3,0,87.46,9150,IP-9B5F5,1
PROP-10962,26.1,CLT,Solteiro,Fundamental,14569.66,10425.36,24,,5,1,-20.86,2114,IP-371DC,0
PROP-10963,25.0, CLT ,Casado,Superior,7936.24,23065.69,24,526.4,2,0,2.88,8785,IP-92FA0,1
PROP-10964,33.3,CLT,Solteiro,Medio,6807.02,30353.0,24,573.5,2,1,5.96,8771,IP-DEEDF,0
PROP-10965,32.6, CLT ,Casado,Medio,2264.15,32260.45,24,819.7,4,0,42.35,4839,IP-EC97A,1
PROP-10966,32.1,AUTONOMO,Solteiro,Pos_Graduacao,11491.29,18513.84,36,700.2,3,2,-57.56,7689,IP-D672D,0
PROP-10967,43.1,CLT,Solteiro,Medio,8789.93,20000.65,36,461.6,2,1,-51.19,7386,IP-2FBC8,0
PROP-10968,38.9,Autonomo,Casado,Superior,2150.53,29490.64,36,535.9,3,5,47.13,3444,IP-F119D,1
PROP-10969,34.8,clt,Solteiro,Superior,10006.91,19741.61,24,672.2,2,0,89.24,7026,IP-61AE8,0
PROP-10970,40.0,Autonomo,Viuvo,Medio,2734.74,19056.33,24,493.1,3,0,-18.2,9369,IP-9CA63,1
PROP-10971,27.1,Servidor_Publico,Casado,Superior,1754.18,31867.77,24,518.5,1,0,-63.08,7676,IP-76954,1
PROP-10972,39.2,AUTONOMO,Solteiro,Medio,5891.93,28067.78,36,808.3,2,1,-59.5,8739,IP-B2578,0
PROP-10973,39.7,CLT,Casado,Superior,5855.16,31999.39,24,534.1,1,0,51.81,7188,IP-2503E,0
PROP-10974,21.5,CLT,Solteiro,Superior,1818.93,9202.15,48,753.7,1,3,-84.33,7697,IP-9B319,1
PROP-10975,49.0,CLT,Divorciado,Superior,3012.7,19304.39,36,795.7,1,2,3.19,7046,IP-D93DA,1
PROP-10976,28.3,Autonomo,Solteiro,Superior,22129.88,29801.58,48,517.3,5,1,-8.81,5478,IP-CA17F,0
PROP-10977,39.0,CLT,Casado,Pos_Graduacao,6165.02,5667.88,36,495.4,1,2,-33.77,1707,IP-B9061,1
PROP-10978,50.8,clt,Solteiro,Superior,6900.37,28223.85,60,581.3,2,3,-42.92,7950,IP-8B98F,1
PROP-10979,48.2,Autonomo,Solteiro,Medio,2405.57,8038.12,36,467.6,4,0,34.81,8397,IP-7F9C4,1
PROP-10980,38.4,CLT,Casado,Medio,1744.65,28667.92,60,636.9,3,0,38.87,1017,IP-C9193,1
PROP-10981,34.0,PJ,Casado,Superior,2761.68,22196.03,12,591.2,2,0,58.37,4689,IP-BB4D1,1
PROP-10982,48.4,CLT,Solteiro,Pos_Graduacao,2602.1,8376.79,12,670.5,0,0,24.22,7306,IP-C88AD,1
PROP-10983,45.4,CLT,Solteiro,Pos_Graduacao,2522.59,17620.69,36,815.6,1,1,0.38,6151,IP-9A42E,0
PROP-10984,999.0,AUTONOMO,Casado,Pos_Graduacao,2299.33,24502.87,60,734.4,3,1,8.16,1121,IP-707B8,1
PROP-10985,29.3,clt,Divorciado,Medio,4991.38,22917.15,24,688.5,2,1,49.54,3486,IP-CDC69,1
PROP-10986,15.2,Autonomo,Solteiro,Superior,3070.13,16099.16,24,344.8,2,2,-85.38,1734,IP-9158F,1
PROP-10987,39.7, CLT ,Casado,Superior,,31679.1,36,682.1,1,0,22.2,7269,IP-C70A7,0
PROP-10988,37.1,CLT,Solteiro,Medio,2253.76,19135.69,36,861.2,2,0,-28.91,8827,IP-C0D59,1
PROP-10989,50.5,PJ,Divorciado,Medio,4024.13,18693.62,24,198.5,2,2,18.81,3407,IP-DCD97,1
PROP-10990,41.9,PJ,Solteiro,Fundamental,1457.76,4054.27,36,,4,0,-51.53,7849,IP-4FC57,0
PROP-10991,52.7,Autonomo,Solteiro,Medio,4160.1,32429.97,60,597.7,0,0,42.5,8526,IP-6E894,0
PROP-10992,30.3,CLT,Casado,Medio,1641.32,7844.85,48,501.0,2,0,29.38,7871,IP-CBA2D,0
PROP-10993,50.5,Autonomo,Solteiro,Medio,17377.74,19435.37,24,732.2,1,0,-35.27,8005,IP-5C6F3,0
PROP-10994,32.2, CLT ,Casado,Pos_Graduacao,7966.58,28517.73,24,859.4,3,0,-23.35,5132,IP-45AC9,0
PROP-10995,46.6,CLT,Solteiro,Superior,4228.97,9109.96,24,728.5,2,0,-27.95,7533,IP-DB3AC,0
PROP-10996,22.0,Servidor_Publico,Solteiro,Superior,1780.38,19403.32,24,568.0,3,1,2.86,1437,IP-844B2,1
PROP-10997,40.6,CLT,Solteiro,Pos_Graduacao,5169.84,9942.6,12,487.9,3,0,101.49,8664,IP-DA6C1,0
PROP-10998,16.2,Estudante,Casado,Medio,7372.31,27069.93,48,640.2,1,1,-90.88,1174,IP-97879,0
PROP-10999,35.1, CLT ,Solteiro,Superior,2288.75,20623.26,24,742.2,1,1,16.28,4374,IP-C3604,0
PROP-11000,42.8,CLT,Casado,Medio,4927.21,30247.2,48,565.8,1,2,21.54,7424,IP-D2B4D,0
PROP-11001,32.3,Autonomo,Casado,Medio,8469.2,31520.41,60,579.3,1,0,-26.55,9611,IP-89577,0
PROP-11002,26.4,Servidor_Publico,Casado,Pos_Graduacao,7540.76,23408.2,12,990.0,3,2,-83.68,9182,IP-5D414,0
PROP-11003,47.3,AUTONOMO,Solteiro,Superior,8222.95,25937.91,60,771.0,6,0,-10.05,4049,IP-321D6,0
PROP-11004,36.9,PJ,Solteiro,Medio,10281.49,20124.26,36,781.0,3,1,-60.88,5025,IP-25674,0
PROP-11005,32.6,Autonomo,Solteiro,Medio,13057.13,14686.15,36,415.6,4,1,27.82,4882,IP-E825F,1
PROP-11006,38.5,Autonomo,Solteiro,Superior,3584.29,23387.89,24,521.0,2,1,-69.1,8446,IP-D3099,1
PROP-11007,67.0,PJ,Solteiro,Medio,4932.67,31973.52,36,630.5,1,0,-2.5,8232,IP-A3F58,0
PROP-11008,50.7,CLT,Casado,Medio,7967.93,15750.45,24,479.8,2,1,-38.54,3364,IP-BD677,1
PROP-11009,50.8,clt,Solteiro,Medio,6416.83,12375.53,36,844.1,8,0,55.85,7473,IP-B7E5F,0
PROP-11010,42.8,CLT,Solteiro,Medio,24114.37,14818.42,12,817.4,1,1,78.49,5181,IP-24500,0
PROP-11011,39.8,Estudante,Solteiro,Superior,1457.84,16368.12,36,545.3,4,0,-17.95,8406,IP-49B24,0
PROP-11012,11.6,Servidor_Publico,Casado,Medio,3242.59,4427.51,24,869.7,2,0,-52.55,3623,IP-B9278,0
PROP-11013,30.5,CLT,Solteiro,Medio,2785.72,18448.58,12,619.4,3,2,83.63,7004,IP-81ACA,1
PROP-11014,32.7,AUTONOMO,Casado,Superior,2677.81,18312.37,36,982.5,3,1,-6.82,5299,IP-69707,1
PROP-11015,17.4,Servidor_Publico,Solteiro,Pos_Graduacao,2457.18,21418.65,36,640.3,2,0,15.71,1550,IP-3BAB0,0
PROP-11016,25.3,CLT,Divorciado,Medio,6586.4,13973.06,24,700.7,1,4,-6.06,4723,IP-8C2F8,0
PROP-11017,16.2,Autonomo,Divorciado,Medio,1771.99,22232.55,12,816.0,1,1,-10.28,3095,IP-D0489,1
PROP-11018,37.6,Servidor_Publico,Solteiro,Medio,7083.78,30981.14,48,798.9,3,0,-24.64,2842,IP-4554D,0
PROP-11019,47.0,CLT,Solteiro,Superior,6365.64,33530.54,36,691.5,2,0,-94.45,7535,IP-A5F40,1
PROP-11020,50.2,Autonomo,Solteiro,Superior,2612.77,21259.2,12,600.2,4,2,88.37,6327,IP-2E9E4,1
PROP-11021,42.6,CLT,Solteiro,Superior,2624.16,3405.5,36,692.0,2,1,9.9,9675,IP-B55AE,0
PROP-11022,27.4,Servidor_Publico,Casado,Fundamental,5562.95,33984.79,24,505.7,2,0,-4.08,3943,IP-1DE60,1
PROP-11023,16.7,Estudante,Casado,Superior,7432.06,25293.45,12,641.3,3,1,46.41,3667,IP-B215E,0
PROP-11024,18.7,Servidor_Publico,Casado,Superior,10183.87,13086.8,36,464.7,2,2,-27.97,2121,IP-AD2D7,0
PROP-11025,24.0,clt,Casado,Superior,9428.24,6856.2,48,370.7,0,0,18.48,3017,IP-3F14A,0
PROP-11026,28.2,PJ,Solteiro,Medio,15466.09,6732.81,36,627.1,1,3,-38.48,8788,IP-BF4F1,0
PROP-11027,36.2,PJ,Solteiro,Fundamental,5057.37,7535.57,24,796.7,7,0,-17.25,1601,IP-19B61,0
PROP-11028,26.8,CLT,Casado,Medio,11451.1,3503.89,48,,1,1,29.22,4146,IP-A2470,0
PROP-11029,41.7,PJ,Solteiro,Medio,8342.33,31771.09,24,608.5,4,0,13.74,2052,IP-90E15,1
PROP-11030,35.4,CLT,Casado,Superior,10852.66,19845.35,60,864.6,5,2,-16.3,7973,IP-6A6E4,1
PROP-11031,38.1,Autonomo,Solteiro,Medio,1449.12,25098.66,12,540.3,0,0,36.55,1522,IP-E6D2D,1
PROP-11032,50.5,CLT,Solteiro,Superior,15589.89,29327.58,24,351.5,3,0,-38.86,7216,IP-D4B6B,0
PROP-11033,25.0,CLT,Viuvo,Superior,4094.56,28120.85,36,314.5,3,0,-45.71,3265,IP-BAFC8,1
PROP-11034,42.6,CLT,Solteiro,Superior,8121.65,31125.99,24,454.6,3,0,-22.63,5213,IP-7D35A,0
PROP-11035,37.8,Autonomo,Viuvo,Pos_Graduacao,1971.42,33919.4,48,734.3,2,1,-11.52,2210,IP-3EED1,1
PROP-11036,34.3,CLT,Viuvo,Medio,3517.15,16489.33,36,531.1,2,0,-16.62,5351,IP-75769,1
PROP-11037,47.7,AUTONOMO,Casado,Superior,2730.2,33361.07,12,684.5,5,2,-21.35,9404,IP-94846,1
PROP-11038,47.7,CLT,Casado,Superior,2848.28,25868.57,36,850.5,1,1,45.18,5167,IP-3A33D,1
PROP-11039,27.6,CLT,Casado,Superior,1952.47,4332.05,24,466.0,3,0,75.18,2833,IP-96BCE,1
PROP-11040,36.0,Autonomo,Divorciado,Superior,8282.46,24498.84,12,687.0,1,1,-6.53,3870,IP-B8B1D,0
PROP-11041,41.1,PJ,Solteiro,Medio,1439.0,24661.65,60,695.5,0,2,29.59,4025,IP-7F579,1
PROP-11042,35.0,CLT,Casado,Superior,,31893.4,48,499.5,3,1,-36.76,2285,IP-B564C,0
PROP-11043,44.4,Autonomo,Casado,Medio,2204.96,14306.76,24,809.6,4,1,-4.73,9175,IP-A628D,1
PROP-11044,41.1,Servidor_Publico,Solteiro,Pos_Graduacao,5134.88,21302.08,36,579.7,1,0,23.17,9951,IP-1E7D8,0
PROP-11045,58.2,Autonomo,Solteiro,Medio,2632.15,2402.19,24,566.3,1,2,-42.06,3479,IP-22223,0
PROP-11046,21.2,CLT,Solteiro,Superior,2658.96,12958.48,48,,1,0,37.5,1209,IP-8B7A5,0
PROP-11047,36.7,CLT,Casado,Medio,4214.38,4054.04,60,693.2,3,0,-36.35,2242,IP-9622E,0
PROP-11048,28.0,Servidor_Publico,Divorciado,Medio,5841.65,19221.81,24,749.5,1,1,51.07,5012,IP-3C90C,0
PROP-11049,44.6,CLT,Solteiro,Superior,1943.13,28975.77,48,809.7,1,0,42.48,2978,IP-3C8F1,0
PROP-11050,20.2,Servidor_Publico,Divorciado,Pos_Graduacao,2210.57,8812.61,24,528.9,4,1,55.78,6899,IP-DF1F0,1
PROP-11051,41.8,Autonomo,Casado,Superior,2592.47,19405.55,24,795.0,1,0,51.19,4155,IP-A585B,0
PROP-11052,31.1,Servidor_Publico,Casado,Pos_Graduacao,16688.09,8732.29,60,549.7,5,0,96.63,6138,IP-AC080,0
PROP-11053,29.9,PJ,Casado,Superior,3525.58,5982.72,36,543.8,0,0,25.37,2403,IP-C0903,1
PROP-11054,22.1,Estudante,Casado,Superior,5237.83,18862.89,24,581.9,2,0,-72.33,6508,IP-9FD0A,0
PROP-11055,32.9, CLT ,Solteiro,Medio,2561.17,4611.9,36,532.9,0,0,6.44,7034,IP-DB9F8,0
PROP-11056,49.9,PJ,Casado,Superior,4231.83,21382.7,24,735.1,5,0,-22.88,5088,IP-26912,1
PROP-11057,37.7, CLT ,Solteiro,Medio,1723.44,3034.14,24,657.4,4,1,-68.24,8676,IP-66E3B,1
PROP-11058,44.9,clt,Divorciado,Pos_Graduacao,1548.51,5521.59,60,551.2,3,1,63.94,8435,IP-76FBF,1
PROP-11059,56.3,Autonomo,Viuvo,Pos_Graduacao,4056.46,20149.92,36,714.4,0,0,-15.31,9612,IP-DAE4F,1
PROP-11060,40.9,Servidor_Publico,Solteiro,Fundamental,,21516.44,48,581.5,0,1,-74.53,5175,IP-22C32,0
PROP-11061,31.9,Estudante,Solteiro,Superior,2018.25,2956.57,24,574.1,4,0,-32.24,8486,IP-CEEBE,0
PROP-11062,43.1,PJ,Casado,Superior,6286.6,20921.43,36,626.8,1,3,113.25,9046,IP-4256E,0
PROP-11063,32.0, CLT ,Solteiro,Superior,,29670.58,60,684.9,4,0,68.37,9425,IP-2F25B,0
PROP-11064,32.5, CLT ,Divorciado,Medio,3515.11,25836.43,24,674.6,3,2,36.47,9501,IP-EA4CB,1
PROP-11065,21.3,AUTONOMO,Solteiro,Superior,5514.54,6329.11,12,569.1,1,1,31.54,7534,IP-4B036,0
PROP-11066,48.2,CLT,Solteiro,Medio,15243.99,21551.66,36,,3,1,-45.17,1801,IP-9BC87,0
PROP-11067,33.8,CLT,Viuvo,Superior,8880.31,24184.33,24,588.9,2,1,-48.94,1524,IP-B3EBA,1
PROP-11068,40.0, CLT ,Casado,Medio,4015.7,3228.63,12,528.3,1,1,27.9,3760,IP-1B920,1
PROP-11069,26.6,CLT,Casado,Medio,7017.35,30226.47,48,414.5,4,1,79.42,7948,IP-42B35,1
PROP-11070,42.8,CLT,Solteiro,Medio,1975.91,31906.82,60,757.6,0,1,-50.82,9613,IP-2CE27,1
PROP-11071,29.6,CLT,Casado,Superior,4414.14,30064.93,36,621.7,2,1,-4.83,9420,IP-C2BE4,0
PROP-11072,36.4,CLT,Casado,Superior,2774.24,29212.84,48,649.5,2,1,11.71,9129,IP-2D51B,1
PROP-11073,47.7,CLT,Casado,Medio,2138.11,26583.85,48,766.4,2,2,-24.07,2490,IP-193C0,0
PROP-11074,46.7,Estudante,Casado,Superior,3733.58,22903.26,36,553.2,2,0,-8.79,1722,IP-9662B,0
PROP-11075,37.8, CLT ,Casado,Medio,1989.8,24394.69,12,427.6,3,2,-51.43,3316,IP-A38DF,1
PROP-11076,18.6, CLT ,Solteiro,Superior,6442.5,28611.04,12,629.8,3,0,15.44,6012,IP-BD1DB,1
PROP-11077,70.9,Autonomo,Solteiro,Superior,3958.84,23862.45,12,663.1,2,2,8.61,5267,IP-93A28,0
PROP-11078,57.2,CLT,Casado,Superior,4581.34,12814.99,12,583.2,4,1,30.81,7939,IP-38CC9,1
PROP-11079,45.9,Servidor_Publico,Solteiro,Superior,2064.71,14406.72,24,826.3,4,2,-10.21,7072,IP-535D4,1
PROP-11080,29.7,PJ,Casado,Medio,2032.34,31602.9,24,271.9,2,0,35.64,8808,IP-56E6C,1
PROP-11081,36.8,CLT,Solteiro,Superior,5077.8,2565.03,24,776.8,1,1,16.94,8687,IP-21769,0
PROP-11082,32.0, CLT ,Casado,Superior,19041.49,25061.08,12,730.8,1,2,61.77,2996,IP-E20DB,0
PROP-11083,51.9,Servidor_Publico,Casado,Superior,1825.05,33507.66,36,683.9,1,3,-13.25,5345,IP-E1409,1
PROP-11084,40.9,Servidor_Publico,Solteiro,Superior,2813.28,25305.53,24,153.0,3,1,47.14,7210,IP-F03D2,1
PROP-11085,29.4,clt,Solteiro,Medio,9951.49,34799.1,48,799.7,1,1,-11.21,2946,IP-50292,0
PROP-11086,32.8,Autonomo,Solteiro,Superior,1715.07,24688.98,12,476.3,3,1,32.08,3833,IP-31018,1
PROP-11087,50.3,CLT,Casado,Superior,10163.52,3133.98,48,548.9,1,1,66.43,5476,IP-65EE0,0
PROP-11088,55.6,Estudante,Casado,Medio,,29291.33,60,596.1,2,1,58.74,8979,IP-9063A,0
PROP-11089,54.8,CLT,Solteiro,Medio,3603.74,11392.79,36,,6,0,-10.19,4681,IP-EC8B5,0
PROP-11090,46.3,Servidor_Publico,Casado,Medio,2956.52,16719.89,36,,2,1,-26.28,9830,IP-96FB5,0
PROP-11091,35.2,Autonomo,Solteiro,Pos_Graduacao,2880.77,12299.03,60,745.0,4,0,48.56,3043,IP-4BC79,0
PROP-11092,2.3,Autonomo,Casado,Superior,,10862.29,24,734.2,2,1,-22.68,8252,IP-7A45F,0
PROP-11093,41.3,Autonomo,Divorciado,Medio,10476.67,16236.39,60,655.4,2,0,49.49,8597,IP-BDAB7,0
PROP-11094,38.0,CLT,Solteiro,Medio,6803.77,14498.8,48,678.2,4,2,-59.75,4626,IP-AB4BD,0
PROP-11095,39.5,CLT,Casado,Superior,6052.86,22900.17,36,467.3,2,0,23.69,1239,IP-276C7,1
PROP-11096,38.6,CLT,Solteiro,Pos_Graduacao,8133.45,28833.99,24,514.9,2,1,-18.41,7183,IP-AB2F0,0
PROP-11097,23.4,CLT,Solteiro,Medio,2648.3,11803.93,36,745.4,6,1,-83.3,3871,IP-4FE36,1
PROP-11098,44.1,PJ,Solteiro,Medio,5442.28,9052.8,36,737.2,3,2,-38.7,3202,IP-D8129,0
PROP-11099,45.0, CLT ,Solteiro,Pos_Graduacao,3988.5,24007.54,36,721.3,2,0,-19.35,2171,IP-415C0,0
PROP-11100,45.5,CLT,Casado,Medio,7806.21,24120.56,36,548.0,1,3,96.23,1717,IP-37CE7,0
PROP-11101,48.4,Estudante,Solteiro,Medio,2953.94,31737.33,12,747.5,0,1,-149.78,5920,IP-861A4,1
PROP-11102,44.6,Servidor_Publico,Casado,Fundamental,5728.18,2526.21,24,457.4,2,0,-16.65,6131,IP-D0C81,0
PROP-11103,33.5,Servidor_Publico,Solteiro,Superior,10383.26,30150.34,24,770.8,2,0,-17.45,4824,IP-8AF92,0
PROP-11104,37.2,Estudante,Solteiro,Medio,3560.55,19193.07,24,583.5,2,0,-48.5,8702,IP-7C13A,0
PROP-11105,39.0,CLT,Casado,Medio,1689.57,22502.97,12,855.8,2,2,-19.41,5203,IP-8ABDD,1
PROP-11106,39.2, CLT ,Divorciado,Medio,4448.26,5015.26,12,407.0,1,1,-7.4,8851,IP-B8D7E,1
PROP-11107,49.0,PJ,Solteiro,Medio,3183.34,16276.29,24,866.9,7,1,-33.5,1038,IP-80E38,0
PROP-11108,45.1,Autonomo,Divorciado,Pos_Graduacao,6084.8,9500.98,24,569.4,5,1,17.87,3781,IP-6DC61,0
PROP-11109,60.9,CLT,Casado,Superior,14069.75,10389.43,12,566.9,3,1,79.09,1047,IP-9CCB3,0
PROP-11110,62.3,PJ,Casado,Superior,4192.04,18635.14,60,647.3,4,1,-2.48,3394,IP-87716,1
PROP-11111,38.9,CLT,Casado,Pos_Graduacao,4036.41,28811.05,48,522.4,1,0,-34.33,6975,IP-245CA,1
PROP-11112,-4.2,CLT,Solteiro,Superior,5864.63,26544.77,36,609.9,3,0,-5.5,4549,IP-C8CE2,0
PROP-11113,51.6,Autonomo,Solteiro,Medio,1858.87,21503.0,12,516.7,5,3,-17.4,6666,IP-36D59,1
PROP-11114,32.1,Autonomo,Casado,Superior,2627.95,19800.8,36,521.9,1,0,54.84,5863,IP-5D099,0
PROP-11115,29.2,Autonomo,Solteiro,Pos_Graduacao,11954.81,16101.1,36,688.2,3,1,-23.21,3852,IP-95848,0
PROP-11116,33.6,CLT,Divorciado,Superior,6055.65,34099.43,60,493.8,3,0,24.37,1935,IP-73F87,0
PROP-11117,33.1,Servidor_Publico,Solteiro,Medio,1456.85,20486.35,36,512.5,1,1,14.45,4056,IP-1A8DF,1
PROP-11118,44.7,CLT,Solteiro,Superior,2361.56,10380.89,36,427.8,0,0,5.34,1783,IP-48A05,1
PROP-11119,20.8,CLT,Casado,Superior,6223.03,9593.0,48,549.4,2,3,-56.81,9081,IP-20BCD,1
PROP-11120,26.1,Servidor_Publico,Solteiro,Pos_Graduacao,7471.59,22174.65,12,803.6,2,3,-30.72,6121,IP-DE05B,0
PROP-11121,41.8,Estudante,Casado,Medio,9093.16,19253.31,12,501.6,0,1,-9.51,8220,IP-A5187,0
PROP-11122,44.9,PJ,Casado,Superior,2851.36,2254.03,36,517.6,1,2,-59.53,2753,IP-3822E,1
PROP-11123,45.1,PJ,Divorciado,Pos_Graduacao,12631.07,29392.16,12,647.1,2,1,-48.99,1982,IP-E2B59,0
PROP-11124,29.3,Autonomo,Casado,Superior,4781.33,25236.04,12,568.1,3,1,-23.99,1959,IP-79737,1
PROP-11125,27.2,Autonomo,Casado,Superior,6408.51,23840.37,36,931.9,1,0,17.09,8000,IP-2D4B6,0
PROP-11126,32.4,CLT,Casado,Medio,5214.32,4269.76,24,,2,0,70.41,8444,IP-8F0A7,0
PROP-11127,40.6, CLT ,Divorciado,Medio,1950.0,13947.84,36,666.9,3,1,13.36,1643,IP-9561B,1
PROP-11128,54.3, CLT ,Solteiro,Medio,15259.75,32867.61,60,752.1,1,0,6.35,4678,IP-E9B75,0
PROP-11129,15.5,CLT,Solteiro,Fundamental,1950.65,30465.44,24,749.4,3,1,3.49,4895,IP-2D52F,1
PROP-11130,35.6,AUTONOMO,Solteiro,Medio,2635.69,11422.92,24,652.7,0,2,-17.05,1259,IP-79C86,1
PROP-11131,23.3,clt,Solteiro,Superior,8456.04,7182.94,12,597.4,5,3,-4.76,2155,IP-4AE5C,1
PROP-11132,19.8,CLT,Casado,Superior,5448.37,16819.9,12,903.4,2,0,28.17,3102,IP-76E0C,0
PROP-11133,48.6,CLT,Casado,Medio,9048.54,13742.4,12,,1,1,47.31,4359,IP-BC293,0
PROP-11134,44.0,Autonomo,Casado,Superior,4445.53,24513.47,12,558.2,1,2,-122.02,2403,IP-76559,1
PROP-11135,42.9,CLT,Solteiro,Superior,3387.43,33892.35,24,529.6,0,1,36.08,4385,IP-9703C,0
PROP-11136,48.1,PJ,Casado,Pos_Graduacao,12106.08,13979.05,24,378.2,2,0,-14.73,1456,IP-BD59E,0
PROP-11137,32.7,clt,Solteiro,Superior,1555.09,4053.4,36,735.0,1,1,24.73,1244,IP-AEA28,0
PROP-11138,33.2,clt,Casado,Superior,9543.16,31621.26,48,291.3,1,0,18.02,5873,IP-63432,0
PROP-11139,62.0,Autonomo,Casado,Medio,2502.2,3252.34,48,619.2,4,1,-6.59,5356,IP-CADE6,0
PROP-11140,35.3,PJ,Solteiro,Fundamental,9332.67,33441.27,36,591.3,2,1,26.28,5252,IP-3190F,0
PROP-11141,46.1,CLT,Solteiro,Medio,,23931.12,12,933.6,1,1,14.26,6385,IP-4B5B8,0
PROP-11142,38.1,Autonomo,Solteiro,Superior,5045.69,33075.74,36,363.6,2,0,-1.88,9586,IP-1C8B7,1
PROP-11143,17.7,Autonomo,Casado,Medio,10598.93,8588.77,24,493.8,0,2,-5.47,4124,IP-5C2C6,0
PROP-11144,15.5,CLT,Divorciado,Pos_Graduacao,4094.63,3343.09,12,600.9,3,2,-49.36,5407,IP-D094E,1
PROP-11145,31.6,Servidor_Publico,Casado,Superior,,18110.93,48,592.3,3,1,0.72,7390,IP-C2104,0
PROP-11146,49.6,PJ,Solteiro,Superior,8258.91,16870.57,24,543.1,0,0,-99.54,8124,IP-1A981,0
PROP-11147,46.7,Autonomo,Solteiro,Medio,7001.46,12939.25,24,608.7,2,0,14.4,1963,IP-91201,0
PROP-11148,48.1,PJ,Casado,Superior,12297.63,33602.66,48,443.7,3,0,37.45,1603,IP-BC9B3,0
PROP-11149,27.1,PJ,Casado,Superior,3886.81,29145.26,60,670.0,1,0,-72.44,1732,IP-2E78B,0
PROP-11150,55.8,AUTONOMO,Solteiro,Superior,2198.43,23832.21,24,295.0,0,0,-13.84,6836,IP-E4043,1
PROP-11151,27.4,PJ,Solteiro,Medio,1605.77,7374.32,24,,0,0,70.97,7769,IP-5587D,0
PROP-11152,40.3,Autonomo,Casado,Fundamental,2588.49,26232.67,36,536.0,0,1,109.14,6530,IP-AA41A,0
PROP-11153,37.9,Autonomo,Solteiro,Pos_Graduacao,2049.1,25991.41,36,762.3,3,1,-4.83,6506,IP-4C55D,1
PROP-11154,36.1,Autonomo,Solteiro,Medio,4828.58,16027.25,12,865.7,2,1,3.12,2468,IP-F412A,1
PROP-11155,52.7,PJ,Solteiro,Pos_Graduacao,2258.9,32517.94,36,573.7,1,0,-3.57,8589,IP-87F1C,1
PROP-11156,30.2,CLT,Casado,Superior,1566.79,7510.27,60,814.7,3,1,7.53,2915,IP-BDC74,0
PROP-11157,23.2,Servidor_Publico,Divorciado,Superior,1553.94,10822.14,24,575.7,2,0,61.78,4396,IP-59B33,1
PROP-11158,38.2,Servidor_Publico,Divorciado,Medio,8881.17,4086.4,60,484.7,1,0,0.17,9831,IP-AE9A5,0
PROP-11159,33.6,CLT,Casado,Superior,5159.59,28249.88,60,864.4,2,1,-68.57,9464,IP-E3FB9,0
PROP-11160,75.2,PJ,Casado,Superior,3261.86,22518.06,24,692.9,3,0,12.86,7474,IP-BE736,1
PROP-11161,45.4,CLT,Solteiro,Superior,10835.17,12393.03,48,620.6,3,1,-19.24,7883,IP-3FA38,0
PROP-11162,33.5,CLT,Casado,Superior,1705.68,7405.85,24,716.2,2,1,-56.0,1808,IP-B6C7C,0
PROP-11163,26.4,AUTONOMO,Solteiro,Superior,,3324.88,36,658.4,1,0,-55.98,7637,IP-4F6A3,0
PROP-11164,17.3,CLT,Casado,Superior,,7502.6,48,610.3,1,0,-5.5,3919,IP-A6DFA,0
PROP-11165,26.7,PJ,Solteiro,Medio,2251.28,16958.39,24,434.3,2,1,31.34,2132,IP-C7629,1
PROP-11166,39.3,PJ,Solteiro,Pos_Graduacao,6173.42,10156.84,36,582.1,2,3,28.56,9943,IP-25341,1
PROP-11167,53.7,Autonomo,Solteiro,Superior,7453.48,10546.41,48,707.3,2,0,60.29,1504,IP-46CFA,0
PROP-11168,50.3,CLT,Solteiro,Medio,3756.06,30894.02,24,602.8,3,1,-37.84,9370,IP-5EC59,1
PROP-11169,40.5,CLT,Solteiro,Medio,9706.94,18999.54,12,746.3,0,2,-18.49,7325,IP-D31A7,0
PROP-11170,34.4,Autonomo,Solteiro,Superior,2086.2,26065.32,12,673.7,2,0,31.77,7801,IP-9671D,1
PROP-11171,41.0,Estudante,Viuvo,Pos_Graduacao,2772.94,3178.46,36,497.1,3,2,36.04,3144,IP-31653,1
PROP-11172,32.3,Autonomo,Solteiro,Medio,1812.25,14050.39,60,435.3,3,0,-26.05,1208,IP-29713,1
PROP-11173,56.9,CLT,Casado,Superior,2394.7,17812.59,48,598.0,4,0,-34.35,4959,IP-B9E02,0
PROP-11174,35.9,Autonomo,Divorciado,Medio,2545.62,8151.76,24,546.6,2,1,23.56,6544,IP-910BB,1
PROP-11175,37.1,Autonomo,Viuvo,Superior,11885.61,5966.32,36,667.1,1,1,43.96,1043,IP-D5328,0
PROP-11176,13.6,PJ,Casado,Fundamental,1741.58,30720.02,24,519.5,3,2,-11.88,5841,IP-DF293,1
PROP-11177,35.9,CLT,Casado,Superior,3741.9,33001.24,12,533.8,1,0,22.97,6660,IP-82F5A,1
PROP-11178,47.2,PJ,Solteiro,Medio,4592.58,4600.62,24,767.4,0,1,0.14,8896,IP-3247D,0
PROP-11179,26.3,Autonomo,Solteiro,Superior,11016.32,13517.62,24,640.7,1,1,-32.58,3589,IP-91430,0
PROP-11180,29.7,Estudante,Solteiro,Medio,,33623.43,36,521.6,0,0,36.76,8415,IP-EDC1B,0
PROP-11181,46.7,CLT,Casado,Superior,7279.75,4744.34,60,622.5,5,1,-11.37,5315,IP-2D6C0,1
PROP-11182,21.8,Autonomo,Casado,Superior,16239.77,23240.17,36,813.0,3,1,-75.78,4017,IP-B3DD7,0
PROP-11183,49.6,Servidor_Publico,Solteiro,Superior,7897.14,34083.31,36,661.1,0,1,-32.9,4745,IP-BE1DC,0
PROP-11184,32.1,CLT,Solteiro,Medio,15269.78,34281.38,12,703.0,3,0,-112.45,2911,IP-19A7C,0
PROP-11185,33.7,Servidor_Publico,Casado,Pos_Graduacao,6559.73,17550.37,60,514.7,0,0,135.2,6565,IP-BAE10,0
PROP-11186,25.6,Autonomo,Solteiro,Superior,1749.12,7370.72,48,763.7,2,0,64.96,6263,IP-E61C4,0
PROP-11187,42.2,CLT,Casado,Medio,3558.93,8668.78,48,944.5,0,1,-65.98,5124,IP-A8EAC,0
PROP-11188,65.1,CLT,Casado,Superior,5768.62,31356.85,24,509.2,1,0,-29.49,9953,IP-67E3C,0
PROP-11189,46.6,AUTONOMO,Casado,Superior,3213.93,32085.54,36,454.5,4,1,11.25,5216,IP-9A3C7,1
PROP-11190,28.5,CLT,Casado,Superior,2741.3,22060.03,36,644.6,2,1,79.98,9206,IP-9D39D,1
PROP-11191,50.5,Autonomo,Divorciado,Superior,5017.58,27283.82,12,,1,2,36.21,5919,IP-31806,0
PROP-11192,34.5,CLT,Casado,Superior,12784.44,26417.73,36,607.2,6,3,11.04,5567,IP-309D6,0
PROP-11193,53.1,Autonomo,Casado,Medio,1549.56,23840.11,60,472.6,4,0,-29.42,2705,IP-DCEAD,1
PROP-11194,46.9,CLT,Casado,Superior,7558.62,29300.14,12,604.8,1,3,23.91,9083,IP-5CA2A,1
PROP-11195,5.6,Servidor_Publico,Solteiro,Superior,,24618.42,12,703.7,1,1,21.9,3734,IP-4D182,0
PROP-11196,27.0,Estudante,Solteiro,Medio,15356.36,19622.08,36,563.0,2,0,1.72,5097,IP-603E4,0
PROP-11197,48.4,Estudante,Solteiro,Superior,12611.78,9819.56,24,705.0,2,1,-3.98,2055,IP-C3D51,0
PROP-11198,999.0,AUTONOMO,Solteiro,Pos_Graduacao,7433.14,26548.31,36,783.1,5,0,-22.35,5974,IP-A6D44,0
PROP-11199,26.7,CLT,Casado,Fundamental,4486.25,17623.45,36,653.6,3,1,64.34,2333,IP-502CC,0
PROP-11200,31.0,PJ,Casado,Medio,2359.67,11728.13,24,616.1,1,4,-84.58,8977,IP-2C064,1
PROP-11201,17.0,CLT,Solteiro,Medio,4709.5,28464.23,48,736.1,3,2,15.43,6789,IP-201E1,0
PROP-11202,37.0,CLT,Solteiro,Superior,7488.61,24991.55,36,500.1,1,0,0.84,4336,IP-3F139,0
PROP-11203,62.3,CLT,Divorciado,Medio,10892.79,32932.21,48,,3,1,-98.42,1645,IP-D21BD,0
PROP-11204,46.9,clt,Solteiro,Pos_Graduacao,7948.96,7459.57,48,582.7,3,2,-18.91,3816,IP-597EC,0
PROP-11205,62.1,PJ,Casado,Medio,2312.43,23423.25,48,551.1,1,1,-50.95,4468,IP-A021B,1
PROP-11206,47.7,Autonomo,Casado,Medio,5245.13,10059.9,12,507.5,0,0,-51.63,3821,IP-88CC5,1
PROP-11207,49.3, CLT ,Casado,Superior,3095.65,31818.24,24,876.3,2,1,-39.17,9802,IP-CB290,1
PROP-11208,59.7,CLT,Solteiro,Medio,1438.84,5283.48,12,924.1,4,4,62.25,2180,IP-4AF07,1
PROP-11209,42.1,Estudante,Solteiro,Superior,2338.36,23653.34,24,570.5,2,0,-2.96,5289,IP-B76F0,1
PROP-11210,35.9, CLT ,Solteiro,Superior,1904.67,28105.83,48,632.8,3,1,37.25,8674,IP-C1352,1
PROP-11211,49.4,clt,Casado,Medio,9168.83,13712.29,24,593.7,3,0,-60.11,8751,IP-6F82E,0
PROP-11212,54.0,CLT,Casado,Medio,2656.17,33486.56,48,775.0,0,1,-30.97,5520,IP-70BDD,1
PROP-11213,32.7,PJ,Solteiro,Superior,2807.21,30074.11,24,802.8,2,1,-21.27,2830,IP-78EBD,0
PROP-11214,30.1,Autonomo,Casado,Medio,14912.62,11722.4,24,371.2,3,0,7.99,3590,IP-83B3F,0
PROP-11215,39.5,CLT,Casado,Superior,3401.57,2248.86,48,686.6,4,1,26.59,9204,IP-E9851,1
PROP-11216,47.1,CLT,Solteiro,Superior,1440.45,11789.69,24,437.0,1,0,13.55,7214,IP-2CAA6,0
PROP-11217,46.8,Autonomo,Casado,Superior,,11283.25,48,866.2,0,1,-40.38,4122,IP-E9C5C,0
PROP-11218,22.3,Autonomo,Casado,Pos_Graduacao,1933.56,31368.83,24,681.6,1,0,37.01,5672,IP-E49AF,1
PROP-11219,59.0,CLT,Solteiro,Pos_Graduacao,1855.64,33915.0,60,504.7,2,0,-30.46,5652,IP-6E96A,1
PROP-11220,30.9,Estudante,Solteiro,Fundamental,,4324.52,36,586.2,0,3,13.31,1624,IP-E9A44,0
PROP-11221,35.1,CLT,Casado,Medio,5178.24,17552.73,48,579.5,1,0,-68.7,3027,IP-3E3D4,0
PROP-11222,28.1, CLT ,Divorciado,Medio,2281.65,20094.96,12,693.5,4,0,-12.8,5660,IP-9A8ED,1
PROP-11223,67.7,Servidor_Publico,Casado,Medio,,5066.08,24,,2,0,25.87,5536,IP-4D136,0
PROP-11224,40.7, CLT ,Casado,Pos_Graduacao,9718.65,14457.42,60,459.3,2,1,5.14,1143,IP-9DC19,1
PROP-11225,28.6,Autonomo,Casado,Fundamental,3719.39,12463.72,48,877.4,0,1,-40.89,4829,IP-CA75A,0
PROP-11226,47.5, CLT ,Solteiro,Pos_Graduacao,11787.74,19689.86,12,844.8,0,0,27.1,1271,IP-523FE,0
PROP-11227,46.5,CLT,Casado,Medio,4293.93,23819.3,24,497.5,6,0,-38.89,6466,IP-1AABB,0
PROP-11228,35.9,Estudante,Casado,Fundamental,3537.33,25215.01,24,630.2,1,1,-87.37,4123,IP-A4889,0
PROP-11229,47.2, CLT ,Solteiro,Superior,7228.98,6512.92,12,859.5,2,1,51.65,8896,IP-A3264,1
PROP-11230,28.9,Servidor_Publico,Casado,Medio,,28827.27,36,792.6,1,1,-50.18,3041,IP-CABF7,0
PROP-11231,32.6,CLT,Casado,Superior,1793.7,24391.89,12,572.9,2,0,39.46,3642,IP-49952,1
PROP-11232,15.9,CLT,Solteiro,Medio,5833.0,31339.47,24,734.0,3,0,-11.85,6574,IP-6CD71,0
PROP-11233,23.4,CLT,Divorciado,Superior,4202.93,16828.09,36,990.0,4,0,32.28,2529,IP-A8499,0
PROP-11234,57.9,Autonomo,Solteiro,Medio,7963.03,31498.36,24,634.7,5,0,-39.25,3635,IP-37F9E,1
PROP-11235,56.1, CLT ,Solteiro,Superior,11816.71,30570.55,36,531.4,6,1,42.75,9855,IP-AF776,0
PROP-11236,38.7,PJ,Solteiro,Superior,3464.82,16467.51,60,644.1,6,0,-27.26,1452,IP-99F12,0
PROP-11237,56.3,clt,Casado,Pos_Graduacao,5210.89,14577.73,12,654.5,2,1,-13.69,7912,IP-D812A,0
PROP-11238,36.2,Estudante,Casado,Superior,4317.07,32782.8,36,546.6,4,0,-107.78,7598,IP-599C2,1
PROP-11239,35.3,CLT,Solteiro,Superior,18183.13,25600.44,24,,3,2,-81.02,3543,IP-83CB0,0
PROP-11240,38.6,PJ,Casado,Superior,8869.1,32632.1,24,444.4,2,1,37.9,5695,IP-71AD6,1
PROP-11241,36.6,PJ,Solteiro,Pos_Graduacao,11595.26,28300.17,12,526.8,1,0,-33.33,5284,IP-1E8F1,0
PROP-11242,35.6,PJ,Casado,Medio,2632.64,22106.82,12,726.2,3,1,-98.08,6693,IP-A10B9,1
PROP-11243,50.6,PJ,Casado,Superior,7619.03,5823.14,24,374.3,6,0,-31.2,2231,IP-948CE,0
PROP-11244,39.7,PJ,Solteiro,Medio,2695.82,11618.86,24,746.4,5,2,26.91,5579,IP-8E89D,1
PROP-11245,45.8,Autonomo,Divorciado,Medio,2383.35,33971.8,48,338.3,2,2,-59.82,8236,IP-7D490,1
PROP-11246,49.3,CLT,Solteiro,Superior,13526.1,12540.93,36,377.6,0,0,51.81,7740,IP-E94B9,0
PROP-11247,42.3,CLT,Solteiro,Pos_Graduacao,1481.87,5077.41,60,550.1,4,0,-27.54,6808,IP-E87D8,1
PROP-11248,27.3,Servidor_Publico,Casado,Medio,15527.02,25349.26,36,660.2,3,0,-19.25,4506,IP-B2370,0
PROP-11249,23.1,Autonomo,Divorciado,Superior,2078.93,26222.14,24,805.5,4,0,-38.75,4616,IP-65317,1
PROP-11250,39.6,PJ,Solteiro,Pos_Graduacao,8589.06,11420.1,24,,2,0,-94.0,9150,IP-98069,0
PROP-11251,36.1,clt,Solteiro,Pos_Graduacao,2756.0,11823.18,24,585.5,3,1,-15.53,2849,IP-AB37D,0
PROP-11252,39.0,CLT,Solteiro,Medio,3213.83,17473.47,24,701.1,4,0,-4.87,8004,IP-4D4EE,0
PROP-11253,37.8,CLT,Casado,Pos_Graduacao,2426.12,2719.04,36,498.1,1,1,17.91,2769,IP-54096,0
PROP-11254,66.4,Autonomo,Solteiro,Medio,5099.01,28047.66,36,639.5,2,3,-39.24,7822,IP-74E4F,1
PROP-11255,23.4, CLT ,Casado,Superior,3197.0,12463.93,24,452.1,1,3,-82.74,6861,IP-F068E,1
PROP-11256,16.1,CLT,Viuvo,Medio,5898.92,30174.18,12,631.6,0,1,84.66,9440,IP-535B9,0
PROP-11257,41.7,clt,Casado,Medio,1466.24,28486.8,12,601.8,5,3,8.0,6062,IP-3A2C8,1
PROP-11258,33.9,CLT,Solteiro,Superior,1679.47,23826.27,24,507.4,4,0,-4.97,7588,IP-83D3B,1
PROP-11259,41.5,Autonomo,Solteiro,Superior,1840.93,12720.87,12,643.1,1,0,51.42,4164,IP-BDE94,1
PROP-11260,44.4,CLT,Solteiro,Medio,3680.57,19038.45,48,642.2,3,2,-49.94,3825,IP-6FC32,0
PROP-11261,52.1,PJ,Divorciado,Medio,8482.45,16679.37,12,784.6,1,1,-58.12,3835,IP-E6EA0,0
PROP-11262,21.4,CLT,Solteiro,Superior,10601.55,13183.1,36,,3,0,30.37,1236,IP-B0D9F,0
PROP-11263,31.9,clt,Solteiro,Medio,2579.3,29988.5,24,609.4,5,1,88.53,8816,IP-1F6C1,1
PROP-11264,42.7,CLT,Casado,Superior,4987.57,17955.73,12,513.6,3,1,-71.97,7853,IP-DBA05,1
PROP-11265,46.5,CLT,Solteiro,Medio,7542.89,29479.86,48,741.8,1,1,-3.27,6907,IP-6F048,0
PROP-11266,62.1, CLT ,Casado,Medio,2831.54,5472.21,36,725.5,3,0,15.17,6695,IP-2E5F7,0
PROP-11267,48.5,clt,Solteiro,Medio,3609.0,6653.82,24,691.1,2,2,20.26,9823,IP-51671,0
PROP-11268,37.4,Autonomo,Casado,Superior,4517.59,34251.57,48,521.5,0,1,-17.87,4135,IP-97AE0,0
PROP-11269,28.2,CLT,Divorciado,Medio,2008.5,21396.36,12,744.0,3,1,-48.43,7447,IP-43D9E,1
PROP-11270,31.8,Autonomo,Casado,Medio,1510.57,18822.4,24,405.8,2,0,-106.13,3350,IP-5CCE9,1
PROP-11271,31.5,PJ,Divorciado,Fundamental,2096.47,19264.15,48,377.1,1,3,97.93,1191,IP-E18A3,1
PROP-11272,45.2,PJ,Solteiro,Superior,5540.29,9103.87,36,441.4,4,2,77.29,6804,IP-3842D,1
PROP-11273,40.8,CLT,Casado,Medio,1721.17,25717.23,24,615.3,4,0,-36.1,2296,IP-51A5E,1
PROP-11274,23.4,clt,Casado,Superior,2283.45,4797.76,12,714.5,6,2,-2.16,9626,IP-5BAB4,1
PROP-11275,33.2,CLT,Casado,Pos_Graduacao,3131.53,20919.68,48,203.4,2,1,-33.6,7849,IP-1B9DF,1
PROP-11276,47.7,CLT,Solteiro,Medio,1740.49,20835.37,24,805.2,2,1,-18.13,6993,IP-8FF39,1
PROP-11277,41.9,Estudante,Solteiro,Medio,2293.85,32168.22,12,638.4,1,1,-10.38,3251,IP-7C205,1
PROP-11278,44.3,CLT,Solteiro,Superior,11573.05,19364.03,36,400.5,2,1,-63.98,9076,IP-22F93,1
PROP-11279,42.2,clt,Solteiro,Superior,1481.85,6523.07,60,634.1,1,1,-6.84,3586,IP-D3AE4,0
PROP-11280,55.9,Autonomo,Solteiro,Superior,5850.64,20900.86,12,773.0,6,0,2.47,4161,IP-C9E6E,1
PROP-11281,40.6,AUTONOMO,Casado,Medio,3437.72,5013.81,48,703.9,3,1,-85.18,1626,IP-8FA37,0
PROP-11282,33.8,Autonomo,Solteiro,Medio,6090.23,8725.2,36,773.9,3,1,-39.22,3087,IP-A6D02,0
PROP-11283,27.9,CLT,Solteiro,Superior,5131.33,3026.58,24,428.7,4,0,-73.5,4652,IP-BC470,0
PROP-11284,40.7,CLT,Casado,Medio,2462.42,18938.69,36,,3,0,-55.59,9351,IP-7A6BF,0
PROP-11285,11.2,Autonomo,Casado,Superior,9290.49,4789.58,60,490.5,2,1,-15.06,9527,IP-A503E,0
PROP-11286,36.0,CLT,Divorciado,Superior,4244.06,17490.01,24,860.5,3,2,-10.9,2865,IP-9182E,0
PROP-11287,35.7, CLT ,Casado,Medio,8661.75,32787.19,12,709.5,1,0,-10.52,8673,IP-F2351,0
PROP-11288,23.0,CLT,Solteiro,Fundamental,3587.77,25752.13,60,990.0,1,1,101.53,2403,IP-1E0A2,0
PROP-11289,27.8,CLT,Casado,Pos_Graduacao,18951.63,4554.59,36,554.5,1,0,12.63,1499,IP-E0707,0
PROP-11290,46.9, CLT ,Casado,Superior,7581.58,9398.92,24,518.5,0,0,16.37,7408,IP-39EC2,0
PROP-11291,40.5,CLT,Solteiro,Medio,15595.71,24230.86,36,600.0,3,0,3.11,2846,IP-D0912,0
PROP-11292,39.1,Autonomo,Casado,Medio,4433.32,31525.16,36,813.0,0,0,-74.84,3879,IP-E1FD5,0
PROP-11293,41.4,Autonomo,Divorciado,Superior,4095.84,3086.31,48,568.7,3,1,-8.86,4854,IP-D016C,1
PROP-11294,39.0,PJ,Solteiro,Medio,7315.07,28810.89,60,637.4,1,1,-2.43,3083,IP-671F5,0
PROP-11295,51.7,CLT,Solteiro,Fundamental,10315.31,20539.86,24,633.5,1,1,34.25,3624,IP-A430F,0
PROP-11296,39.4,CLT,Solteiro,Medio,15378.84,20021.01,24,625.5,4,2,-58.04,9224,IP-36199,0
PROP-11297,22.0,CLT,Solteiro,Superior,3047.99,33607.84,36,528.7,5,0,-30.96,8744,IP-781F3,0
PROP-11298,55.9,Autonomo,Solteiro,Medio,8132.52,26672.27,24,600.8,3,0,-56.91,3949,IP-34304,0
PROP-11299,42.1,AUTONOMO,Casado,Superior,2393.47,30053.92,36,594.8,5,0,-35.98,5954,IP-5EC39,1
PROP-11300,31.5,CLT,Solteiro,Medio,4712.63,13681.85,24,618.9,1,1,-17.37,3500,IP-EF8F2,0
PROP-11301,24.2,Servidor_Publico,Divorciado,Superior,2232.72,20294.01,12,752.1,6,1,-62.4,7217,IP-2537D,1
PROP-11302,42.4,CLT,Casado,Medio,3192.5,22308.39,24,866.5,2,1,38.8,8018,IP-8A401,0
PROP-11303,36.7,Autonomo,Casado,Pos_Graduacao,12651.2,12612.27,36,502.3,1,0,-51.85,2049,IP-51DC2,0
PROP-11304,55.3,AUTONOMO,Casado,Medio,2063.31,20818.19,48,565.1,4,3,31.96,1689,IP-7B93B,1
PROP-11305,34.2,Servidor_Publico,Solteiro,Pos_Graduacao,5603.2,9809.63,24,504.5,2,2,-24.8,4125,IP-B8102,1
PROP-11306,28.8,AUTONOMO,Casado,Pos_Graduacao,5175.08,6731.4,12,646.2,2,0,-25.96,5301,IP-AC59C,1
PROP-11307,47.9,PJ,Casado,Medio,1940.43,14341.02,24,544.6,1,1,40.43,8360,IP-C2581,1
PROP-11308,48.2,CLT,Casado,Superior,3056.88,26396.56,48,653.6,4,1,29.6,2826,IP-45F8F,1
PROP-11309,39.9,PJ,Casado,Medio,4876.67,32234.18,24,774.5,3,2,20.99,8196,IP-6C81A,1
PROP-11310,45.4,CLT,Solteiro,Fundamental,2270.42,17104.56,36,266.4,4,0,-88.21,8838,IP-4D32F,1
PROP-11311,37.6,Servidor_Publico,Divorciado,Superior,8172.76,23213.18,36,688.8,3,2,59.48,9459,IP-6D792,0
PROP-11312,40.6,Autonomo,Solteiro,Medio,16440.86,5400.23,24,555.6,1,2,71.77,2092,IP-E307F,0
PROP-11313,50.8,PJ,Divorciado,Medio,2415.41,31847.3,48,684.5,2,2,-14.8,8917,IP-695F0,1
PROP-11314,44.9,clt,Viuvo,Medio,2269.05,20763.94,12,494.5,2,0,-49.84,9324,IP-733F7,1
PROP-11315,36.1,Autonomo,Solteiro,Fundamental,3948.77,27751.16,36,787.5,3,0,-62.23,9207,IP-1C96B,0
PROP-11316,52.9,Autonomo,Casado,Medio,7185.06,28216.56,24,747.9,2,1,-16.77,6702,IP-91235,0
PROP-11317,12.0,AUTONOMO,Solteiro,Superior,2789.06,10463.86,12,699.6,1,0,-56.34,5305,IP-3BAAB,0
PROP-11318,60.6,CLT,Solteiro,Superior,1484.34,19462.76,36,731.1,3,3,-12.82,4951,IP-794D9,0
PROP-11319,19.2,CLT,Casado,Fundamental,4672.58,33695.83,24,515.6,0,1,-29.61,5681,IP-D7086,0
PROP-11320,31.1,CLT,Casado,Medio,14576.7,4957.94,36,533.3,2,2,-68.61,1472,IP-3E1C6,0
PROP-11321,37.5,CLT,Divorciado,Superior,3484.85,24540.65,36,725.3,2,1,-35.5,7315,IP-D4C43,1
PROP-11322,36.4,Servidor_Publico,Casado,Superior,,33754.71,36,512.5,2,1,2.57,1840,IP-5D9A5,0
PROP-11323,49.1,CLT,Casado,Superior,,11919.04,24,822.4,1,2,-47.37,8439,IP-6F2A7,0
PROP-11324,26.4,Estudante,Casado,Medio,6381.86,30427.78,36,574.7,1,2,-19.35,2149,IP-A66E5,1
PROP-11325,40.9,CLT,Divorciado,Medio,6734.05,32810.7,36,690.3,5,2,42.98,7679,IP-51CD6,0
PROP-11326,31.6,CLT,Solteiro,Medio,4873.99,26653.84,24,913.9,0,1,-39.31,4770,IP-E9EDC,0
PROP-11327,41.2,PJ,Viuvo,Superior,16828.15,9633.83,36,521.1,2,1,-48.13,1481,IP-4D39D,0
PROP-11328,37.3,Autonomo,Solteiro,Medio,6303.64,13022.02,60,629.6,0,1,4.34,8814,IP-CA1FD,0
PROP-11329,39.0,clt,Casado,Superior,10867.25,3181.71,12,767.6,1,0,56.43,4483,IP-3DE78,0
PROP-11330,32.0,Autonomo,Solteiro,Medio,6448.0,29437.96,60,753.2,1,1,19.97,4234,IP-D5629,0
PROP-11331,32.4,AUTONOMO,Solteiro,Pos_Graduacao,6979.54,30037.17,12,574.1,1,0,-35.23,4001,IP-60FCF,0
PROP-11332,41.2,CLT,Solteiro,Fundamental,2840.89,22879.44,24,547.7,0,0,-35.4,6919,IP-E2E0D,1
PROP-11333,48.4,Estudante,Casado,Superior,2918.96,13633.42,24,587.4,1,1,-26.06,3365,IP-C110A,0
PROP-11334,31.4,Estudante,Solteiro,Medio,7816.71,4534.76,36,822.7,2,2,-18.11,4169,IP-21C17,0
PROP-11335,28.4,Autonomo,Solteiro,Medio,2878.32,26850.9,12,580.9,1,2,123.17,5695,IP-E9FBB,1
PROP-11336,44.7,CLT,Casado,Medio,4874.64,25975.36,48,630.9,3,0,4.62,6160,IP-4B2C1,1
PROP-11337,37.6,Autonomo,Divorciado,Medio,2604.64,32115.88,48,560.2,2,1,89.4,5077,IP-9C3D8,1
PROP-11338,47.1,CLT,Solteiro,Superior,8532.35,26107.56,36,,1,2,40.98,8937,IP-EB4E2,0
PROP-11339,28.0,CLT,Solteiro,Superior,1891.81,29346.93,24,641.8,5,0,-126.59,7825,IP-E47B9,1
PROP-11340,18.4,CLT,Solteiro,Fundamental,8828.57,26616.5,60,479.5,1,0,-25.66,1266,IP-C315E,0
PROP-11341,32.1,clt,Solteiro,Medio,,22812.68,48,484.4,4,3,-3.63,5827,IP-A2935,0
PROP-11342,29.6,PJ,Casado,Superior,2269.03,16089.89,24,,1,1,8.13,9534,IP-CA87F,0
PROP-11343,37.1,AUTONOMO,Casado,Superior,4680.05,31769.87,36,503.6,4,1,3.18,3808,IP-9A10A,1
PROP-11344,31.0,AUTONOMO,Casado,Superior,2794.32,23481.96,36,731.2,2,1,-86.29,4729,IP-95B6D,0
PROP-11345,46.2, CLT ,Solteiro,Medio,3041.25,15145.73,36,805.3,2,1,-88.21,2002,IP-428C4,0
PROP-11346,34.8,CLT,Casado,Superior,,4754.49,24,716.0,5,0,-2.38,1279,IP-AA922,0
PROP-11347,39.7, CLT ,Casado,Superior,1674.73,11593.26,24,697.6,2,0,-20.44,6108,IP-46A7B,0
PROP-11348,39.7,Estudante,Casado,Superior,19317.05,19942.98,12,602.3,1,1,63.52,3069,IP-2FDF9,0
PROP-11349,40.1,CLT,Casado,Fundamental,,11095.97,24,728.5,1,0,0.12,3570,IP-D8187,0
PROP-11350,37.7,PJ,Casado,Medio,5961.96,9300.77,36,660.1,2,1,38.31,6755,IP-5C669,1
PROP-11351,43.6,Autonomo,Casado,Medio,3348.74,19403.99,60,872.6,3,0,32.35,9827,IP-EE2DF,0
PROP-11352,29.2, CLT ,Solteiro,Superior,5761.65,7604.07,60,606.2,2,1,-3.58,5550,IP-8480B,0
PROP-11353,53.4,AUTONOMO,Divorciado,Superior,3249.86,28413.53,36,808.0,4,0,55.08,8353,IP-D2379,0
PROP-11354,35.4,clt,Casado,Medio,6104.39,17984.15,36,742.4,4,1,-23.34,7628,IP-79507,0
PROP-11355,23.6,Servidor_Publico,Casado,Superior,6887.32,20937.47,12,723.0,3,1,-2.75,1609,IP-86036,0
PROP-11356,40.1,Servidor_Publico,Solteiro,Fundamental,6326.46,6863.65,36,338.4,3,1,3.32,8660,IP-A5681,1
PROP-11357,28.6, CLT ,Casado,Fundamental,1908.18,12711.02,12,750.1,6,1,-42.38,3241,IP-91AD9,0
PROP-11358,45.3,CLT,Casado,Medio,5892.8,15532.96,24,602.1,1,0,-58.1,6486,IP-7562B,0
PROP-11359,62.3,Autonomo,Solteiro,Pos_Graduacao,2779.64,28671.02,36,557.9,2,0,-64.51,9116,IP-4C5F5,0
PROP-11360,29.3,Servidor_Publico,Solteiro,Superior,1522.74,27415.26,24,412.4,2,0,-52.4,7508,IP-CBBAA,1
PROP-11361,41.7,CLT,Casado,Superior,3650.59,9358.26,12,619.2,2,0,-6.89,9041,IP-64FA8,1
PROP-11362,18.7,Autonomo,Casado,Superior,3787.09,22333.91,48,624.7,3,0,15.27,9359,IP-6EBE5,0
PROP-11363,43.0,Autonomo,Casado,Pos_Graduacao,4044.15,10034.06,24,437.6,0,1,-63.0,3226,IP-AFCE6,0
PROP-11364,28.3,AUTONOMO,Solteiro,Superior,,34612.16,12,413.7,0,0,2.66,3440,IP-92B31,0
PROP-11365,31.1,CLT,Casado,Medio,2951.44,33420.09,12,688.1,2,2,-12.83,1652,IP-83E6E,1
PROP-11366,25.9,AUTONOMO,Solteiro,Superior,2990.73,20587.74,24,742.0,2,1,46.36,7475,IP-56EE0,0
PROP-11367,46.1,Servidor_Publico,Solteiro,Superior,1662.34,25063.78,12,646.6,1,0,-25.27,7281,IP-B200F,1
PROP-11368,49.1,CLT,Solteiro,Medio,6276.12,28447.2,48,781.1,3,0,79.23,8570,IP-63DD5,0
PROP-11369,38.3,CLT,Solteiro,Pos_Graduacao,4923.49,25792.95,24,607.9,1,0,38.08,6991,IP-EFC28,1
PROP-11370,28.5,Estudante,Solteiro,Superior,3205.58,25094.35,48,,3,0,-16.65,2247,IP-AE28B,0
PROP-11371,55.5,CLT,Solteiro,Superior,6529.97,33632.28,12,491.6,3,0,-27.42,2624,IP-9345B,1
PROP-11372,29.7,PJ,Solteiro,Medio,4637.37,21683.05,24,401.6,2,0,44.29,4850,IP-36328,1
PROP-11373,14.2,clt,Solteiro,Superior,4060.51,22997.99,36,879.7,2,1,-16.72,3716,IP-3E94B,0
PROP-11374,43.0,CLT,Casado,Medio,4407.44,30025.87,36,778.4,2,1,1.9,1824,IP-5732A,1
PROP-11375,25.8,Servidor_Publico,Casado,Medio,5648.54,24106.4,36,425.0,3,3,-25.56,8173,IP-54722,1
PROP-11376,48.9, CLT ,Solteiro,Superior,5931.03,26186.78,60,,2,0,-27.83,1090,IP-8796C,0
PROP-11377,33.8,Autonomo,Casado,Superior,2832.3,9727.57,24,606.0,2,1,-61.16,7434,IP-731A4,1
PROP-11378,44.6, CLT ,Solteiro,Superior,2037.09,14251.81,24,581.6,4,0,68.44,8807,IP-D553F,0
PROP-11379,53.4,Autonomo,Casado,Medio,2115.49,6860.94,48,562.7,4,0,-19.76,1314,IP-AB135,1
PROP-11380,24.7,CLT,Solteiro,Superior,5683.83,18690.26,12,,2,1,6.73,5621,IP-7E1D5,0
PROP-11381,31.8, CLT ,Solteiro,Medio,10062.8,17039.0,12,734.5,1,0,24.55,6805,IP-30E54,0
PROP-11382,37.2,Estudante,Casado,Fundamental,3612.47,34906.37,24,676.3,3,0,67.84,3934,IP-3C65D,1
PROP-11383,54.9,CLT,Casado,Superior,2180.16,22169.89,36,603.1,3,1,-27.95,7331,IP-80F0A,1
PROP-11384,30.8,Autonomo,Divorciado,Superior,7334.85,27952.68,24,598.0,2,0,-115.16,3537,IP-3CEB9,0
PROP-11385,31.5,CLT,Casado,Medio,8904.18,13022.48,12,751.2,1,4,4.54,3132,IP-380E2,0
PROP-11386,43.3,PJ,Divorciado,Medio,10325.54,29441.0,24,684.9,5,1,24.96,2409,IP-67F55,0
PROP-11387,31.7,CLT,Solteiro,Fundamental,5320.77,22297.8,36,630.2,0,1,-27.05,7468,IP-89648,0
PROP-11388,39.7,Estudante,Solteiro,Medio,9679.59,25000.75,24,615.0,0,0,27.41,3799,IP-1911E,0
PROP-11389,20.9,clt,Solteiro,Superior,1465.25,11716.22,24,,1,0,0.03,6843,IP-26019,0
PROP-11390,62.4,CLT,Solteiro,Superior,1876.42,20105.07,36,554.4,2,0,-17.57,7617,IP-DE2B7,0
PROP-11391,23.2,CLT,Casado,Medio,1808.01,22923.22,60,735.0,2,1,66.31,5798,IP-1C287,1
PROP-11392,34.5,CLT,Casado,Superior,6636.97,21440.12,36,469.4,6,1,-16.03,6026,IP-DA7AC,1
PROP-11393,37.6,Autonomo,Solteiro,Superior,1702.91,32201.39,48,562.4,2,0,82.85,6113,IP-E8FEA,1
PROP-11394,59.0,CLT,Divorciado,Medio,4280.79,31643.0,24,705.6,3,1,1.65,1855,IP-C6385,1
PROP-11395,23.4,PJ,Casado,Medio,4087.99,34042.47,24,461.4,1,0,-41.59,9217,IP-4535B,1
PROP-11396,59.8, CLT ,Solteiro,Medio,2962.75,24025.12,24,399.8,1,1,-95.29,7780,IP-F198A,0
PROP-11397,46.3,CLT,Solteiro,Pos_Graduacao,9982.04,34073.17,48,628.8,1,0,59.54,8409,IP-ED2CD,0
PROP-11398,42.6,Autonomo,Solteiro,Superior,2184.78,29471.77,24,382.5,2,0,47.73,2818,IP-C6792,1
PROP-11399,27.2,AUTONOMO,Solteiro,Medio,3225.23,10937.46,48,438.2,1,0,39.78,9466,IP-C1D8E,1
PROP-11400,44.3,CLT,Solteiro,Medio,7649.51,16105.38,60,725.9,3,1,64.23,4620,IP-4FF2C,0
PROP-11401,30.0,CLT,Casado,Superior,1529.76,9866.95,12,591.3,2,0,89.85,8971,IP-89B37,1
PROP-11402,51.9,CLT,Solteiro,Superior,6094.1,2138.51,12,800.0,5,1,-106.97,8388,IP-3F02F,0
PROP-11403,27.3,AUTONOMO,Solteiro,Superior,8518.93,8205.61,12,451.3,3,1,-88.49,4199,IP-ED8BC,0
PROP-11404,36.8,Autonomo,Viuvo,Medio,12707.22,2134.0,24,606.8,3,3,-14.06,3666,IP-D8EB2,0
PROP-11405,31.9,clt,Casado,Medio,10177.45,25754.67,12,675.9,3,0,48.93,5943,IP-680F0,0
PROP-11406,27.1,PJ,Divorciado,Superior,3015.98,16042.63,48,456.1,3,1,14.43,3510,IP-7F65B,1
PROP-11407,46.2,PJ,Solteiro,Fundamental,,12314.97,12,764.4,1,1,14.54,2823,IP-25E5D,0
PROP-11408,43.9,Autonomo,Solteiro,Medio,1737.87,27136.79,24,691.5,2,1,-22.27,9447,IP-C947E,1
PROP-11409,51.3,PJ,Casado,Superior,2652.57,29472.06,12,394.7,2,1,-42.31,6361,IP-C534F,1
PROP-11410,18.4,CLT,Solteiro,Superior,1815.64,34184.88,60,614.7,0,1,-4.86,8287,IP-AA77C,1
PROP-11411,49.7,CLT,Solteiro,Superior,2990.16,23186.45,36,674.0,2,0,-12.72,8173,IP-A3FBF,1
PROP-11412,65.6,CLT,Casado,Medio,10139.95,17230.46,60,537.4,1,2,-22.47,3920,IP-764CD,0
PROP-11413,33.0,CLT,Casado,Pos_Graduacao,3191.02,12073.72,60,412.8,1,0,31.45,9848,IP-7E4F0,1
PROP-11414,58.8,Autonomo,Solteiro,Superior,4866.28,9336.5,24,659.0,1,0,-0.5,6611,IP-908E6,0
PROP-11415,35.1,Servidor_Publico,Casado,Superior,3785.89,9026.56,24,929.6,2,1,22.11,7913,IP-4E585,0
PROP-11416,22.9,CLT,Solteiro,Medio,3979.56,15503.25,12,565.8,0,0,-5.59,2291,IP-53A77,0
PROP-11417,34.6,CLT,Solteiro,Medio,16068.05,34728.95,24,839.7,5,3,34.32,3924,IP-A3257,0
PROP-11418,49.5,clt,Solteiro,Medio,2875.02,2028.17,36,514.7,1,1,-55.22,8563,IP-BE11A,1
PROP-11419,28.8,Servidor_Publico,Solteiro,Superior,5545.6,8507.79,12,650.2,3,0,-70.71,4634,IP-24C40,1
PROP-11420,31.4,CLT,Solteiro,Medio,3688.31,8216.97,12,728.0,7,1,-16.84,9239,IP-4F88F,0
PROP-11421,44.5,Autonomo,Divorciado,Superior,1665.0,25664.94,36,618.8,3,0,38.23,8846,IP-356B6,1
PROP-11422,38.0,CLT,Casado,Medio,4222.54,13632.0,36,578.3,1,0,-18.11,2513,IP-E006D,0
PROP-11423,44.4,CLT,Casado,Superior,8449.63,17089.61,36,721.7,1,0,101.7,6224,IP-5D01A,0
PROP-11424,40.6,Estudante,Solteiro,Superior,1836.7,6904.6,24,884.8,4,0,-50.95,1069,IP-66D01,0
PROP-11425,43.3,Estudante,Solteiro,Medio,1702.95,15364.9,48,662.1,1,1,-9.68,7504,IP-E6523,1
PROP-11426,33.2,CLT,Solteiro,Medio,2100.56,5405.59,36,547.8,1,0,-91.82,5953,IP-EB860,1
PROP-11427,40.5,Estudante,Solteiro,Medio,7471.61,19590.43,12,593.4,2,0,73.89,3861,IP-9C921,1
PROP-11428,27.8,Autonomo,Solteiro,Superior,6806.82,5231.97,48,972.8,6,1,-6.02,6694,IP-19959,0
PROP-11429,52.2,PJ,Casado,Superior,4896.29,28086.78,60,638.9,3,0,-117.71,6095,IP-B19E8,1
PROP-11430,31.0,clt,Casado,Medio,,20697.86,12,536.8,1,0,-15.78,5910,IP-A96BB,0
PROP-11431,50.4,Autonomo,Casado,Superior,10607.11,25890.94,24,459.7,3,0,-128.65,6165,IP-BA140,0
PROP-11432,35.4,clt,Casado,Medio,7512.77,15811.04,24,364.4,2,0,60.97,5175,IP-463B6,1
PROP-11433,40.2,Autonomo,Divorciado,Medio,,14589.21,12,670.9,2,0,-45.55,3470,IP-594F3,0
PROP-11434,32.6,CLT,Solteiro,Medio,8447.81,5240.89,48,,3,1,2.03,5572,IP-C5E16,0
PROP-11435,26.8,CLT,Solteiro,Pos_Graduacao,5722.76,19287.24,24,564.5,3,0,-37.03,2585,IP-F11BE,1
PROP-11436,18.8,CLT,Solteiro,Medio,3972.57,18978.57,48,617.9,6,2,-10.0,8472,IP-8B2CF,1
PROP-11437,26.4,AUTONOMO,Casado,Medio,9800.4,17447.37,36,456.1,3,0,40.17,2433,IP-554CD,0
PROP-11438,999.0,CLT,Viuvo,Medio,12335.92,26437.11,36,638.6,2,1,-20.27,3013,IP-28696,0
PROP-11439,40.3,Autonomo,Solteiro,Medio,1501.19,29472.65,12,687.4,3,0,27.86,9554,IP-8D41E,1
PROP-11440,49.1,Estudante,Divorciado,Superior,1622.31,26776.06,24,545.1,2,0,-140.66,2299,IP-A8A9A,1
PROP-11441,33.1,CLT,Casado,Medio,14789.36,6747.57,12,856.7,0,2,-63.65,2252,IP-DE8CC,0
PROP-11442,28.3,Autonomo,Solteiro,Medio,2763.19,22527.96,24,502.8,1,0,2.61,8542,IP-D64FE,1
PROP-11443,22.1, CLT ,Solteiro,Superior,10079.22,4650.66,24,659.7,3,0,-35.93,9524,IP-4823F,0
PROP-11444,43.3,PJ,Solteiro,Medio,3467.76,24922.54,48,738.8,0,0,58.69,7623,IP-B2FD2,0
PROP-11445,53.2,CLT,Viuvo,Superior,1932.61,14600.69,24,609.2,3,1,41.85,4537,IP-829CE,1
PROP-11446,51.9,Autonomo,Solteiro,Superior,1752.23,6372.47,48,593.6,1,1,68.17,9872,IP-869DC,0
PROP-11447,45.8,PJ,Casado,Medio,2114.86,30447.68,24,420.0,4,0,4.93,6501,IP-E5B51,0
PROP-11448,45.0,Servidor_Publico,Solteiro,Superior,2607.67,22262.28,48,810.0,0,0,-37.17,3314,IP-8E8C2,0
PROP-11449,56.7,Autonomo,Casado,Medio,4215.86,13705.92,60,596.2,2,1,30.62,8038,IP-62E2E,1
PROP-11450,41.7,clt,Solteiro,Superior,6477.71,3014.0,24,695.2,0,1,-52.73,5173,IP-9366E,0
PROP-11451,45.1,Autonomo,Casado,Superior,19449.84,19731.24,48,714.2,7,0,-14.52,1817,IP-79444,0
PROP-11452,34.5,PJ,Casado,Medio,,32466.45,36,532.0,1,1,20.41,2908,IP-32AD7,0
PROP-11453,23.0,Autonomo,Casado,Superior,4466.82,21680.53,48,592.3,1,1,-35.26,1360,IP-68CDA,0
PROP-11454,30.5,CLT,Divorciado,Pos_Graduacao,4498.59,34064.47,36,806.8,5,0,119.44,9252,IP-78E38,0
PROP-11455,37.9,Servidor_Publico,Solteiro,Fundamental,4656.26,6502.89,24,463.6,2,1,36.04,5102,IP-64CB3,0
PROP-11456,38.7,Autonomo,Casado,Superior,4462.95,20754.07,24,917.9,3,2,-45.96,2294,IP-1A94F,0
PROP-11457,59.2,Autonomo,Solteiro,Superior,1437.02,28338.13,12,515.7,1,0,47.91,5616,IP-3AEF5,1
PROP-11458,38.9,CLT,Solteiro,Medio,1407.25,19342.84,36,454.9,3,2,81.65,1212,IP-8F933,1
PROP-11459,51.0,Autonomo,Casado,Medio,1831.64,5005.19,60,638.5,1,2,-75.41,9422,IP-C922E,1
PROP-11460,33.2, CLT ,Solteiro,Superior,1849.78,21235.24,36,929.2,5,1,63.99,7970,IP-C28DD,1
PROP-11461,34.6,Autonomo,Casado,Medio,6525.81,22187.35,24,352.5,0,1,-63.1,9859,IP-374FD,1
PROP-11462,23.4,CLT,Viuvo,Pos_Graduacao,2363.09,26047.41,48,600.3,0,0,-0.44,9073,IP-21B08,0
PROP-11463,29.8,Autonomo,Solteiro,Medio,10854.52,27119.98,48,686.7,2,1,8.75,4189,IP-B7634,0
PROP-11464,43.8,Estudante,Casado,Medio,12486.09,27435.5,24,624.7,2,2,-32.95,5183,IP-EBF51,0
PROP-11465,38.1,CLT,Solteiro,Medio,17046.12,23893.66,12,673.5,4,0,-33.11,6635,IP-EAF70,0
PROP-11466,48.4,Estudante,Solteiro,Pos_Graduacao,13152.5,9121.77,12,519.5,4,1,-42.8,1750,IP-4FAE4,0
PROP-11467,40.0, CLT ,Solteiro,Superior,2732.66,15339.78,48,536.0,4,1,-27.01,3274,IP-28A2E,0
PROP-11468,-15.0,Servidor_Publico,Divorciado,Superior,4394.16,27612.29,48,599.2,1,1,-49.71,2267,IP-DB2DE,1
PROP-11469,61.6,PJ,Divorciado,Medio,2210.28,33463.09,24,461.8,4,0,55.65,1420,IP-D9B4A,1
PROP-11470,37.0,Autonomo,Divorciado,Superior,8292.11,4605.25,24,613.7,3,0,-73.52,5526,IP-469BA,0
PROP-11471,50.8,AUTONOMO,Viuvo,Medio,10611.1,19672.71,48,565.6,1,0,89.89,2383,IP-E001D,0
PROP-11472,33.6,Servidor_Publico,Solteiro,Pos_Graduacao,9404.15,12313.23,60,554.2,2,1,-6.68,6590,IP-441DC,0
PROP-11473,45.8, CLT ,Solteiro,Superior,3785.78,9438.0,48,664.9,5,0,-104.74,6832,IP-5CBD5,0
PROP-11474,48.2,CLT,Casado,Medio,7370.75,18691.75,36,365.1,4,0,38.64,4654,IP-EC55A,0
PROP-11475,40.3,Autonomo,Casado,Superior,1831.23,22000.95,24,587.9,2,1,-19.42,1146,IP-35746,1
PROP-11476,12.1,PJ,Solteiro,Superior,1572.52,2322.48,36,944.4,2,1,-59.64,4884,IP-B1E98,0
PROP-11477,38.2,PJ,Solteiro,Medio,7277.16,27746.82,24,467.9,1,2,-17.06,2353,IP-72573,1
PROP-11478,51.5,PJ,Casado,Pos_Graduacao,3726.81,29056.11,48,800.0,3,1,-38.71,6173,IP-8EA9F,0
PROP-11479,43.8, CLT ,Casado,Superior,24141.68,33861.86,24,627.7,4,3,64.37,4884,IP-43914,0
PROP-11480,42.9,PJ,Solteiro,Medio,,7961.24,48,535.6,2,0,-39.03,9962,IP-53788,0
PROP-11481,19.1,CLT,Casado,Medio,9528.51,21620.23,24,435.1,3,2,-66.22,3123,IP-30742,1
PROP-11482,30.1,Autonomo,Casado,Superior,4146.35,16078.64,48,,4,2,-35.44,4461,IP-E80F0,0
PROP-11483,42.5,CLT,Casado,Superior,8772.4,13049.32,24,823.5,3,1,-49.63,2773,IP-673A8,0
PROP-11484,42.5,CLT,Solteiro,Superior,8535.65,20665.9,24,565.5,0,0,53.86,2740,IP-CEE0A,0
PROP-11485,51.4, CLT ,Casado,Superior,11802.74,27818.64,36,608.7,1,1,10.06,5541,IP-76E0D,0
PROP-11486,36.4, CLT ,Solteiro,Superior,2885.15,2760.74,12,761.5,1,0,-73.33,1392,IP-87899,0
PROP-11487,42.5,Autonomo,Solteiro,Fundamental,13965.25,33990.2,60,667.7,6,0,-52.8,1040,IP-7111A,1
PROP-11488,38.2, CLT ,Casado,Superior,2090.82,28726.09,36,399.9,2,1,-22.26,3970,IP-77EDB,1
PROP-11489,27.1, CLT ,Casado,Superior,,26788.07,36,633.8,2,0,-92.13,8860,IP-6DADD,0
PROP-11490,13.2,CLT,Solteiro,Medio,3772.82,27092.78,48,831.7,1,0,-55.39,3057,IP-45309,0
PROP-11491,42.7, CLT ,Casado,Medio,8800.99,14839.0,48,614.8,3,0,16.21,1560,IP-86DE3,0
PROP-11492,39.9,CLT,Casado,Medio,4093.69,26803.48,36,,2,0,90.73,7632,IP-EEB2F,0
PROP-11493,31.2,CLT,Casado,Superior,8824.63,14763.42,60,674.4,7,0,-91.89,8560,IP-DD82F,1
PROP-11494,20.2,Autonomo,Casado,Pos_Graduacao,6894.33,31657.33,12,592.2,5,0,136.33,7873,IP-2727C,1
PROP-11495,44.9,Autonomo,Casado,Medio,2387.0,7848.34,12,363.9,1,2,18.74,3685,IP-7FDFF,1
PROP-11496,35.1,Autonomo,Casado,Medio,13889.17,11647.46,36,384.9,0,1,-56.72,4762,IP-EB8BF,0
PROP-11497,44.1,clt,Solteiro,Pos_Graduacao,1663.37,20194.14,24,756.5,1,1,76.36,7371,IP-5A805,1
PROP-11498,58.5, CLT ,Solteiro,Medio,10999.22,12533.96,24,517.5,2,0,20.92,3314,IP-E3886,0
PROP-11499,14.4,PJ,Solteiro,Superior,2924.78,15999.83,24,493.0,3,1,42.3,4330,IP-73796,1
PROP-11500,30.3,Autonomo,Casado,Superior,4312.46,18249.95,24,615.0,1,0,41.27,4835,IP-A6B87,1
PROP-11501,35.7,clt,Casado,Pos_Graduacao,,30259.66,48,529.8,4,0,53.77,3492,IP-1AEC5,0
PROP-11502,54.0,CLT,Solteiro,Medio,2191.88,19265.34,36,634.0,1,1,-62.55,3632,IP-5C946,0
PROP-11503,20.0,CLT,Solteiro,Medio,,13961.18,60,591.6,5,0,40.35,7173,IP-CC85D,0
PROP-11504,59.3, CLT ,Casado,Superior,2300.27,10175.29,48,452.0,1,2,2.67,2615,IP-1C45E,1
PROP-11505,39.5, CLT ,Solteiro,Fundamental,2357.66,15486.31,24,548.4,1,0,29.04,2031,IP-80D08,1
PROP-11506,36.9,Autonomo,Casado,Superior,2269.8,19019.29,24,682.0,4,1,-33.77,2192,IP-89EAF,0
PROP-11507,35.8,Autonomo,Solteiro,Medio,4219.96,26621.79,24,625.9,3,2,-32.34,3199,IP-6E6D5,1
PROP-11508,33.2,Autonomo,Casado,Superior,8116.42,5994.61,48,608.5,1,0,-28.97,1380,IP-DE59D,0
PROP-11509,49.5,PJ,Divorciado,Pos_Graduacao,4934.63,9313.1,12,891.2,3,0,36.56,8587,IP-8162E,0
PROP-11510,26.2,PJ,Solteiro,Pos_Graduacao,10794.81,14528.58,24,722.3,3,1,-4.21,8056,IP-926B1,0
PROP-11511,41.8,AUTONOMO,Casado,Fundamental,5650.81,13893.15,60,,3,1,-26.96,4839,IP-EC9A3,0
PROP-11512,33.8,Estudante,Solteiro,Medio,6310.04,14927.69,36,596.8,4,0,-16.86,2350,IP-DE0C4,1
PROP-11513,29.6,CLT,Casado,Medio,6026.04,28186.2,24,650.8,1,1,62.54,5686,IP-C2BC7,1
PROP-11514,66.4,CLT,Casado,Superior,3906.79,12697.1,24,559.6,3,1,24.7,4131,IP-44CDE,0
PROP-11515,42.6,CLT,Solteiro,Pos_Graduacao,6310.02,18562.64,48,728.9,3,0,22.92,2151,IP-EE430,0
PROP-11516,44.7,Autonomo,Casado,Medio,1703.48,22588.93,48,604.5,1,2,13.32,2193,IP-7C270,1
PROP-11517,50.5,Servidor_Publico,Divorciado,Medio,9653.22,9661.89,24,651.1,4,0,53.59,1551,IP-65481,0
PROP-11518,22.4,CLT,Solteiro,Superior,999999.0,25716.95,24,642.5,2,0,-52.89,7588,IP-E4217,0
PROP-11519,57.3,Servidor_Publico,Solteiro,Medio,2581.64,20054.67,48,617.5,5,2,44.3,7095,IP-6A14F,1
PROP-11520,10.4,CLT,Divorciado,Medio,7536.86,16743.78,48,990.0,0,1,3.82,4379,IP-346B2,0
PROP-11521,29.5,Servidor_Publico,Casado,Superior,1453.44,28722.87,48,526.7,1,2,-46.65,6503,IP-E38F5,1
PROP-11522,33.0, CLT ,Divorciado,Superior,2428.74,10035.34,36,525.4,4,0,-0.96,1252,IP-32E46,1
PROP-11523,44.4,CLT,Casado,Superior,1682.89,31144.81,60,717.2,3,1,-13.73,6083,IP-4B460,0
PROP-11524,40.4,clt,Casado,Medio,7763.67,20514.61,24,536.7,2,2,17.07,7790,IP-EC7D4,1
PROP-11525,36.2,CLT,Solteiro,Superior,7322.3,22102.77,12,579.2,3,2,45.03,9370,IP-5AF31,1
PROP-11526,37.9,CLT,Casado,Superior,8456.23,30876.95,36,467.9,3,1,-56.48,9448,IP-E5E5B,1
PROP-11527,27.2,CLT,Divorciado,Superior,1418.87,28980.23,36,688.8,1,0,85.88,7675,IP-422FB,1
PROP-11528,21.5,PJ,Casado,Superior,4321.59,21851.55,48,690.6,0,1,-84.03,3601,IP-19C6C,0
PROP-11529,46.0,Autonomo,Solteiro,Medio,6524.94,26855.19,12,575.9,2,0,-37.02,8768,IP-CD442,1
PROP-11530,45.6,CLT,Solteiro,Medio,2109.35,16299.54,48,720.1,2,0,98.55,3642,IP-917E8,0
PROP-11531,55.4,Autonomo,Solteiro,Medio,5806.74,20063.47,24,359.9,0,1,-74.25,7927,IP-30BF0,0
PROP-11532,29.3,AUTONOMO,Solteiro,Medio,1769.01,4048.31,36,521.0,3,0,-29.59,9079,IP-66C41,0
PROP-11533,45.6,CLT,Solteiro,Superior,2240.29,4965.31,12,596.2,2,1,-38.91,7831,IP-E09AE,0
PROP-11534,34.9, CLT ,Casado,Pos_Graduacao,4112.68,29371.04,36,455.9,2,0,-120.98,4039,IP-3C0E8,0
PROP-11535,51.1,CLT,Casado,Superior,5852.25,3969.16,36,375.2,2,1,-5.51,4382,IP-5A206,1
PROP-11536,49.2,CLT,Solteiro,Superior,2062.22,7590.17,24,576.9,1,0,22.2,9939,IP-DB5B2,0
PROP-11537,40.3,Autonomo,Casado,Medio,2260.33,28262.48,24,717.2,1,1,22.05,8835,IP-54AEA,1
PROP-11538,34.3,CLT,Solteiro,Superior,2360.61,2037.82,36,799.5,3,1,-29.75,3710,IP-20A77,1
PROP-11539,48.6,Autonomo,Solteiro,Medio,2545.46,11319.34,48,543.4,3,0,-99.15,3492,IP-932F4,0
PROP-11540,45.1,AUTONOMO,Solteiro,Medio,2478.98,21273.28,24,722.7,2,1,-35.14,1095,IP-3C15E,1
PROP-11541,30.5,CLT,Casado,Medio,3511.65,21649.85,24,709.1,5,0,-45.47,5439,IP-2E9B9,1
PROP-11542,23.4,Autonomo,Solteiro,Superior,5854.98,27646.05,24,790.6,3,1,12.35,1243,IP-1AD95,1
PROP-11543,34.8,CLT,Solteiro,Fundamental,3820.5,18695.57,60,571.0,2,1,-28.93,9729,IP-189A3,1
PROP-11544,54.7,Estudante,Solteiro,Medio,7683.17,18810.26,24,368.2,3,1,19.45,5371,IP-4A330,0
PROP-11545,50.6,clt,Casado,Medio,6735.5,25935.25,12,629.8,1,0,-97.32,2835,IP-53E93,1
PROP-11546,25.8,PJ,Solteiro,Superior,1968.17,18454.61,48,478.1,5,3,30.38,4857,IP-BC320,1
PROP-11547,25.2,Autonomo,Casado,Medio,1610.31,22080.21,36,518.7,2,2,24.24,8267,IP-A28EC,1
PROP-11548,52.0,CLT,Casado,Pos_Graduacao,10233.67,31626.54,12,577.8,0,2,-56.51,6977,IP-1C969,0
PROP-11549,25.5,Autonomo,Casado,Superior,1749.43,15247.88,60,572.6,7,1,-37.56,7540,IP-A2AF0,1
PROP-11550,43.6,Estudante,Divorciado,Fundamental,2074.38,14709.13,36,639.8,4,0,-17.84,1601,IP-C3B74,0
PROP-11551,31.2,Autonomo,Solteiro,Superior,1494.0,2117.12,36,718.4,1,0,52.36,7184,IP-D8410,0
PROP-11552,55.8,PJ,Solteiro,Superior,5557.02,22243.07,24,568.5,5,2,-16.41,8118,IP-B130A,1
PROP-11553,29.5,Servidor_Publico,Divorciado,Superior,5067.28,2982.47,48,675.4,0,2,15.09,4512,IP-822FE,0
PROP-11554,50.6,CLT,Casado,Superior,19608.78,18636.9,24,622.1,4,0,-1.8,8638,IP-A1302,0
PROP-11555,40.0,CLT,Casado,Superior,10555.03,28539.72,24,751.0,4,0,43.89,7793,IP-91A29,1
PROP-11556,40.8,Autonomo,Casado,Medio,3622.06,20147.4,12,593.6,2,0,6.77,9132,IP-646CF,0
PROP-11557,16.3, CLT ,Casado,Superior,3351.13,10897.99,48,609.0,5,2,-63.7,2635,IP-63F4F,1
PROP-11558,13.8,PJ,Divorciado,Superior,2879.19,27943.56,36,567.6,2,0,-14.56,9463,IP-6A82E,1
PROP-11559,35.6,Servidor_Publico,Viuvo,Superior,2094.49,10900.66,36,597.3,2,0,48.68,7111,IP-3EECC,0
PROP-11560,40.7, CLT ,Casado,Superior,,26190.05,24,510.3,3,0,14.86,9074,IP-B4BA1,0
PROP-11561,25.6,CLT,Solteiro,Superior,1995.94,22138.53,36,496.4,3,1,-62.5,4942,IP-7DFD9,1
PROP-11562,26.0,PJ,Divorciado,Medio,1908.91,7609.88,48,728.6,4,0,87.56,5064,IP-21745,1
PROP-11563,44.2,CLT,Solteiro,Superior,2555.47,31869.42,24,468.4,0,1,-31.58,7639,IP-ED4A2,1
PROP-11564,44.2,PJ,Solteiro,Superior,2938.24,8621.24,48,575.3,2,2,45.23,8107,IP-B3D79,1
PROP-11565,36.5, CLT ,Divorciado,Pos_Graduacao,15088.43,34656.37,24,762.1,3,2,69.62,6590,IP-8DA97,0
PROP-11566,46.6,Autonomo,Solteiro,Pos_Graduacao,5028.26,2241.25,48,570.6,1,0,52.01,1192,IP-B6880,0
PROP-11567,25.1,CLT,Solteiro,Medio,19836.82,10694.95,12,736.0,0,1,-44.93,1507,IP-21C77,0
PROP-11568,34.1,Autonomo,Solteiro,Pos_Graduacao,3357.03,8595.39,36,537.3,0,0,53.88,2161,IP-C195A,1
PROP-11569,56.1,clt,Divorciado,Medio,3969.56,2461.78,60,472.8,0,0,11.41,8478,IP-3F100,0
PROP-11570,38.8,Autonomo,Casado,Medio,3048.16,26168.14,60,396.7,2,0,-66.51,4999,IP-4EF5E,1
PROP-11571,39.4,CLT,Casado,Superior,2248.31,24883.05,24,803.8,1,2,-4.57,8724,IP-57DFD,1
PROP-11572,63.4,AUTONOMO,Solteiro,Medio,2048.94,28147.58,24,460.8,1,0,-50.21,7330,IP-976CA,1
PROP-11573,22.6,PJ,Casado,Superior,13587.82,10471.05,12,724.6,1,3,19.36,8013,IP-EF1A3,0
PROP-11574,46.8,CLT,Casado,Medio,19579.06,16663.06,48,480.0,1,1,39.25,7430,IP-6814A,0
PROP-11575,56.3,CLT,Solteiro,Medio,,23750.75,36,,4,0,56.12,4540,IP-3078C,0
PROP-11576,34.4,CLT,Solteiro,Superior,2084.29,16512.36,24,928.9,1,2,-3.97,5567,IP-F155C,0
PROP-11577,47.5,Autonomo,Solteiro,Superior,3713.45,25011.75,12,383.9,1,1,-46.02,2658,IP-C49D0,1
PROP-11578,27.2,Autonomo,Viuvo,Pos_Graduacao,2266.06,22921.12,60,468.1,1,4,-60.31,3135,IP-A4E5F,1
PROP-11579,30.4,Autonomo,Casado,Superior,3299.95,5783.38,36,728.2,1,2,33.74,5531,IP-2A8B3,1
PROP-11580,42.2,CLT,Divorciado,Superior,1980.54,27774.42,24,691.8,4,0,48.54,6893,IP-A767C,1
PROP-11581,46.8, CLT ,Solteiro,Medio,3960.94,25782.32,24,728.8,1,1,27.24,4803,IP-2D5F4,1
PROP-11582,50.3,Autonomo,Casado,Medio,2731.55,23642.53,24,539.7,5,1,-42.85,4833,IP-6294C,1
PROP-11583,55.3,clt,Casado,Medio,3221.62,7118.09,36,898.3,0,0,-32.11,2865,IP-21130,0
PROP-11584,37.3,Estudante,Casado,Superior,1816.06,10843.88,60,636.5,2,0,-28.72,3903,IP-DE8E1,0
PROP-11585,51.1,CLT,Divorciado,Superior,3747.13,14974.84,48,449.6,1,2,-75.22,6182,IP-F3B81,1
PROP-11586,34.2,Autonomo,Solteiro,Superior,18577.21,11237.68,24,584.6,3,2,25.1,6593,IP-D1635,0
PROP-11587,47.9, CLT ,Solteiro,Superior,3074.7,9517.74,48,451.5,0,1,-7.22,9064,IP-29051,0
PROP-11588,40.3, CLT ,Casado,Superior,10181.95,28576.8,24,842.7,4,1,71.48,4091,IP-C05B8,0
PROP-11589,42.9,AUTONOMO,Casado,Medio,9181.67,23061.66,24,,3,0,-48.71,3753,IP-E3921,0
PROP-11590,42.7,Autonomo,Casado,Medio,14158.64,20660.58,60,688.9,3,0,-7.38,2729,IP-C9E96,0
PROP-11591,20.3,Estudante,Solteiro,Pos_Graduacao,7956.91,9456.44,24,554.1,2,0,-62.38,2991,IP-8759D,0
PROP-11592,25.6,CLT,Casado,Superior,5926.02,32296.53,24,533.8,2,1,-19.12,5917,IP-E184A,1
PROP-11593,39.1,CLT,Solteiro,Pos_Graduacao,9556.44,8309.04,60,352.6,3,1,39.44,4928,IP-2DC30,1
PROP-11594,19.4,AUTONOMO,Solteiro,Medio,1730.37,28233.38,12,703.7,3,3,2.78,2297,IP-97EE8,1
PROP-11595,47.1,Autonomo,Casado,Fundamental,4010.06,33900.2,48,801.9,1,1,-48.35,2744,IP-2F853,0
PROP-11596,47.6,CLT,Casado,Medio,20440.41,25994.06,60,491.8,0,1,-74.97,2287,IP-B94EE,0
PROP-11597,41.6,CLT,Solteiro,Medio,7565.34,34764.34,36,403.7,2,1,-16.76,8218,IP-58FB9,1
PROP-11598,25.7,CLT,Solteiro,Fundamental,15143.05,23484.69,12,732.5,5,0,10.28,2874,IP-DF838,0
PROP-11599,53.2,Servidor_Publico,Solteiro,Medio,7752.36,9176.19,24,389.5,2,2,41.01,8012,IP-927DF,1
PROP-11600,60.4,CLT,Solteiro,Superior,10129.69,8726.04,12,790.7,2,1,-37.33,4537,IP-7D23D,0
PROP-11601,39.6,CLT,Casado,Medio,6549.11,12710.62,24,493.4,2,2,-38.61,9824,IP-6B010,0
PROP-11602,43.6,CLT,Divorciado,Superior,7402.68,2235.29,48,465.5,1,0,106.17,8729,IP-B8029,0
PROP-11603,40.2, CLT ,Solteiro,Pos_Graduacao,4510.57,24496.05,24,654.8,1,0,-1.2,8720,IP-6A445,1
PROP-11604,43.8,CLT,Casado,Medio,12236.65,10866.04,24,474.7,2,0,47.68,8483,IP-9951B,1
PROP-11605,36.7,Autonomo,Divorciado,Superior,8721.41,28901.05,36,,5,3,-63.28,5420,IP-CB4F4,0
PROP-11606,37.6,CLT,Casado,Medio,9200.08,13852.7,36,669.6,1,1,16.09,7990,IP-54C8F,0
PROP-11607,48.0,PJ,Solteiro,Superior,6094.86,17838.56,48,279.9,1,1,36.91,1222,IP-57C77,1
PROP-11608,63.8,CLT,Divorciado,Medio,2925.6,33867.73,24,849.9,3,2,2.89,6725,IP-A5301,1
PROP-11609,22.6,Autonomo,Solteiro,Medio,1552.38,9991.68,48,626.1,2,0,-87.03,1838,IP-6063B,1
PROP-11610,36.9,Servidor_Publico,Solteiro,Medio,12922.69,25801.39,36,439.0,2,2,-45.39,5883,IP-3E413,0
PROP-11611,25.0,Autonomo,Solteiro,Medio,5105.16,26918.89,24,477.6,2,1,18.37,1038,IP-40284,0
PROP-11612,55.5,Autonomo,Casado,Pos_Graduacao,2886.91,9292.94,24,758.8,3,0,-79.91,1770,IP-72B37,0
PROP-11613,31.5,CLT,Solteiro,Medio,2078.31,18532.9,24,704.1,2,1,126.65,4334,IP-DD63C,1
PROP-11614,22.1,CLT,Solteiro,Medio,8830.45,13556.66,36,814.1,2,2,56.99,3432,IP-B82F0,0
PROP-11615,45.0,Autonomo,Solteiro,Superior,9006.48,27472.91,24,524.4,3,1,-75.35,6530,IP-75E06,0
PROP-11616,57.2,Estudante,Casado,Medio,8475.92,22541.95,60,661.5,2,2,13.13,9896,IP-BA677,1
PROP-11617,45.3,Autonomo,Divorciado,Superior,5750.66,17707.44,36,679.7,3,1,3.79,6587,IP-A3AB0,0
PROP-11618,40.3,Autonomo,Solteiro,Fundamental,3314.07,27718.99,60,717.3,3,1,54.45,5203,IP-39D04,0
PROP-11619,42.5,AUTONOMO,Divorciado,Superior,2922.53,9760.13,12,777.8,1,0,-124.85,2210,IP-3AAE5,1
PROP-11620,53.6,clt,Divorciado,Pos_Graduacao,1436.08,26869.52,24,519.6,3,1,8.49,7401,IP-381DF,1
PROP-11621,28.4,CLT,Casado,Superior,8932.31,30557.35,12,604.0,4,1,-60.11,1763,IP-2A209,1
PROP-11622,36.8,Autonomo,Solteiro,Medio,1784.27,30994.51,24,534.6,2,0,21.94,1351,IP-47F8D,1
PROP-11623,33.0,Estudante,Casado,Superior,5584.44,27861.23,48,612.6,3,0,-54.38,9467,IP-9083E,0
PROP-11624,25.2,CLT,Divorciado,Superior,4345.59,15464.47,12,717.8,2,0,68.46,4555,IP-ABED8,0
PROP-11625,34.4,Autonomo,Casado,Superior,4541.61,34399.66,24,388.4,3,1,15.46,9474,IP-DDC4D,1
PROP-11626,50.2,CLT,Solteiro,Pos_Graduacao,12376.15,14526.59,12,775.3,6,0,-90.11,4667,IP-2B321,0
PROP-11627,44.2,Autonomo,Casado,Superior,1534.93,23074.64,24,460.5,4,0,-127.59,1318,IP-B2908,1
PROP-11628,45.1,CLT,Casado,Pos_Graduacao,7635.05,7315.45,48,577.0,2,0,24.92,9916,IP-5B0F1,0
PROP-11629,39.6,clt,Casado,Superior,1624.52,34354.81,36,794.2,1,0,-34.74,8722,IP-5B6D1,1
PROP-11630,43.8,PJ,Solteiro,Superior,1563.38,25231.54,36,665.9,3,3,28.68,2668,IP-CA65B,1
PROP-11631,29.2,CLT,Solteiro,Superior,3759.56,26861.46,24,667.5,2,1,-32.99,5470,IP-A4875,0
PROP-11632,34.6,Autonomo,Casado,Medio,1673.64,4170.63,60,454.7,0,0,60.18,2524,IP-A09C8,1
PROP-11633,40.1,PJ,Divorciado,Fundamental,7937.63,27192.79,36,473.8,1,2,50.46,2726,IP-66084,1
PROP-11634,41.1,Servidor_Publico,Solteiro,Superior,4567.19,27565.87,24,751.8,3,3,21.6,5245,IP-435F9,1
PROP-11635,41.5,CLT,Divorciado,Medio,1523.77,24168.5,24,537.5,2,2,-44.96,4163,IP-A1491,1
PROP-11636,36.5, CLT ,Solteiro,Medio,1573.64,11633.02,60,550.7,1,2,-29.3,7795,IP-75FEB,1
PROP-11637,33.8,CLT,Casado,Superior,5383.59,18159.77,36,755.0,0,1,-12.95,7758,IP-D7A65,0
PROP-11638,72.7,Estudante,Casado,Medio,8289.99,5644.33,36,473.0,0,2,-52.49,5809,IP-45730,1
PROP-11639,48.0,Servidor_Publico,Casado,Medio,3818.77,17562.37,24,657.7,2,0,33.07,1239,IP-1876D,0
PROP-11640,42.5,Autonomo,Divorciado,Superior,4796.7,10046.19,24,626.0,1,2,-16.29,1610,IP-65A29,0
PROP-11641,35.4,PJ,Solteiro,Medio,8156.06,13520.2,36,619.6,3,1,-9.09,1228,IP-DEE12,1
PROP-11642,33.0,Autonomo,Divorciado,Superior,5360.21,7365.81,36,547.4,2,0,-26.01,6008,IP-A8749,1
PROP-11643,36.6,Autonomo,Solteiro,Medio,2469.25,9591.79,36,538.8,3,2,-0.9,9947,IP-C5B8D,0
PROP-11644,41.2,CLT,Casado,Medio,5387.75,4526.77,36,469.0,3,0,8.77,7874,IP-A706E,0
PROP-11645,17.3,PJ,Casado,Superior,,32356.75,24,687.6,4,0,-27.39,9499,IP-AFB45,0
PROP-11646,20.7,CLT,Casado,Superior,6963.58,19503.55,48,526.5,3,1,-11.83,2352,IP-7412D,0
PROP-11647,31.0,PJ,Solteiro,Medio,5473.53,15092.49,60,755.6,3,0,-23.28,4250,IP-84843,0
PROP-11648,40.3,PJ,Divorciado,Medio,16022.76,19655.96,48,588.6,2,2,-23.16,1921,IP-B082C,0
PROP-11649,35.4,AUTONOMO,Solteiro,Superior,2322.99,22733.68,24,471.8,5,0,1.03,1735,IP-9B35A,1
PROP-11650,54.3,CLT,Solteiro,Medio,14074.71,32422.0,24,586.7,1,2,-127.89,4402,IP-5E3A7,0
PROP-11651,21.7,CLT,Casado,Medio,,7896.87,48,562.5,2,1,70.13,6895,IP-7BAF6,0
PROP-11652,29.7,CLT,Casado,Medio,6081.35,11753.23,36,761.3,3,1,38.15,6843,IP-E5B88,0
PROP-11653,54.7, CLT ,Casado,Superior,1840.0,34201.05,36,568.3,2,1,8.02,4363,IP-80FD4,1
PROP-11654,39.4,CLT,Solteiro,Superior,3411.65,14249.37,60,581.3,6,2,41.87,2177,IP-7F96A,1
PROP-11655,47.7,Servidor_Publico,Solteiro,Superior,7561.32,2744.53,36,817.6,4,1,-67.84,6080,IP-C3F24,0
PROP-11656,60.6,Autonomo,Casado,Superior,6554.57,6872.24,36,691.2,2,0,-87.33,1918,IP-75D24,0
PROP-11657,30.4,CLT,Casado,Superior,1572.06,2869.18,12,852.8,2,1,-94.46,4045,IP-38478,0
PROP-11658,36.9, CLT ,Solteiro,Superior,4722.07,34667.46,12,796.3,2,1,21.64,9667,IP-87DF1,1
PROP-11659,35.0, CLT ,Casado,Superior,1788.17,11202.74,12,495.8,4,2,7.06,1330,IP-DBD96,1
PROP-11660,16.5,Autonomo,Casado,Medio,24442.03,32476.91,60,758.6,1,0,17.98,1348,IP-C5599,0
PROP-11661,34.6,Autonomo,Casado,Superior,10958.82,34864.25,24,833.5,0,0,46.79,7059,IP-9A7B7,0
PROP-11662,47.7,Servidor_Publico,Casado,Superior,1489.49,21794.76,24,834.6,1,1,-118.7,1467,IP-D1768,1
PROP-11663,43.9,clt,Casado,Superior,9617.36,3095.48,48,758.3,3,0,-60.07,2751,IP-8988A,0
PROP-11664,44.8,Estudante,Casado,Medio,11978.22,4692.52,36,755.5,2,0,-32.66,1686,IP-68E6A,0
PROP-11665,33.9,PJ,Casado,Medio,3232.28,17892.44,36,577.6,6,0,33.28,5264,IP-64D6D,1
PROP-11666,30.8,CLT,Solteiro,Superior,6738.99,15403.68,24,502.8,1,1,7.44,8436,IP-317C9,1
PROP-11667,52.0,Servidor_Publico,Casado,Superior,3851.05,22003.85,48,570.7,1,1,131.68,9129,IP-47B28,1
PROP-11668,32.5,CLT,Casado,Pos_Graduacao,5872.52,16481.98,12,386.9,1,2,-54.66,4257,IP-AA85F,1
PROP-11669,41.2,PJ,Casado,Medio,3147.19,32824.54,12,808.0,2,1,26.12,7874,IP-85F64,1
PROP-11670,39.8, CLT ,Solteiro,Superior,3035.62,19646.41,12,580.3,2,1,47.51,6441,IP-C4E19,1
PROP-11671,54.1,Servidor_Publico,Divorciado,Superior,3720.08,24892.96,24,,2,0,73.24,9445,IP-DF2FA,0
PROP-11672,48.7,PJ,Casado,Pos_Graduacao,2060.74,31584.01,24,447.6,4,6,-10.26,8620,IP-8762A,1
PROP-11673,23.8,PJ,Solteiro,Superior,8870.45,6846.77,36,771.6,1,2,-65.11,1026,IP-5517B,0
PROP-11674,24.9,PJ,Solteiro,Superior,3200.88,9581.24,24,550.7,1,1,32.8,3618,IP-64528,0
PROP-11675,44.4,CLT,Divorciado,Superior,3546.51,5541.52,36,440.2,2,2,14.59,1986,IP-4A5EC,1
PROP-11676,37.3,CLT,Solteiro,Superior,10828.29,6608.07,12,847.8,7,0,28.78,2613,IP-29EDC,1
PROP-11677,33.0, CLT ,Divorciado,Fundamental,4282.95,18915.27,12,775.0,2,2,67.53,3746,IP-429F2,1
PROP-11678,49.2,CLT,Casado,Medio,4700.44,12598.92,36,649.7,3,1,-11.88,9887,IP-846E7,0
PROP-11679,40.1,Autonomo,Casado,Medio,14566.8,15964.7,60,,3,0,-51.93,7612,IP-CC1D6,0
PROP-11680,38.6,CLT,Solteiro,Pos_Graduacao,10547.39,34422.16,48,681.5,1,1,28.33,4376,IP-20863,0
PROP-11681,46.6,Estudante,Solteiro,Superior,2179.89,7171.24,60,647.2,0,0,15.4,2755,IP-CC60B,0
PROP-11682,33.9,Autonomo,Divorciado,Superior,4092.04,19846.8,36,509.1,1,1,-15.87,9848,IP-A95B8,1
PROP-11683,55.3,PJ,Solteiro,Superior,16313.05,5262.75,36,562.3,1,1,-50.56,5473,IP-96D1E,0
PROP-11684,29.3,CLT,Casado,Medio,3356.35,12510.38,36,894.5,1,0,17.1,2272,IP-6E1D7,0
PROP-11685,45.2,PJ,Solteiro,Superior,3351.05,19408.36,36,990.0,1,0,42.82,7911,IP-457BA,0
PROP-11686,53.8,Servidor_Publico,Solteiro,Superior,2311.19,33238.85,12,838.8,5,0,-79.57,5005,IP-97D92,1
PROP-11687,22.8,clt,Solteiro,Medio,1909.89,14910.53,36,687.0,5,0,2.19,2024,IP-9EB36,1
PROP-11688,34.2,Autonomo,Casado,Medio,7062.64,4141.92,24,572.7,3,0,29.5,3585,IP-5B812,0
PROP-11689,50.6,PJ,Viuvo,Pos_Graduacao,7573.2,14809.33,24,508.3,4,1,90.01,8364,IP-5AE98,1
PROP-11690,50.7,CLT,Solteiro,Medio,15991.58,6809.46,36,517.5,3,0,3.34,6996,IP-EB87C,0
PROP-11691,36.1,Autonomo,Solteiro,Pos_Graduacao,7635.53,9589.66,12,542.5,1,1,77.74,9819,IP-996D9,1
PROP-11692,29.9, CLT ,Solteiro,Medio,2571.2,22396.99,24,921.2,2,1,41.92,7572,IP-610C3,1
PROP-11693,48.5,CLT,Casado,Superior,1571.96,4224.99,12,872.9,2,0,42.94,1268,IP-6039C,0
PROP-11694,51.0, CLT ,Solteiro,Pos_Graduacao,,17335.88,60,724.5,2,1,-40.28,3656,IP-DA969,0
PROP-11695,25.2,CLT,Divorciado,Superior,3148.03,22112.23,12,485.5,2,1,123.85,2432,IP-2403F,1
PROP-11696,24.8,CLT,Casado,Superior,2970.49,15921.33,24,745.0,3,1,3.12,8441,IP-6AF8E,1
PROP-11697,40.5,CLT,Casado,Superior,11328.73,2631.17,48,586.6,2,0,10.18,9246,IP-1E01F,0
PROP-11698,44.9,Estudante,Solteiro,Medio,5094.81,34522.14,24,318.6,3,1,0.99,7042,IP-87836,1
PROP-11699,34.7,Autonomo,Viuvo,Medio,2416.01,14114.82,12,660.2,1,2,62.0,7711,IP-E0347,1
PROP-11700,45.5,Estudante,Solteiro,Fundamental,10636.19,27693.05,24,502.1,2,1,97.93,9123,IP-C2C4F,0
PROP-11701,30.2, CLT ,Solteiro,Superior,22462.04,12746.33,12,506.9,5,0,32.98,7227,IP-9A637,0
PROP-11702,14.7,CLT,Casado,Superior,1780.8,17675.55,24,584.9,1,0,-19.19,3341,IP-ACD74,0
PROP-11703,33.3,Autonomo,Casado,Medio,9725.77,14819.3,12,550.2,3,1,84.92,4017,IP-B7D46,0
PROP-11704,38.7, CLT ,Solteiro,Medio,3479.6,13303.79,24,615.2,2,0,-63.08,9155,IP-7CFCC,1
PROP-11705,35.0,CLT,Solteiro,Medio,4518.46,2721.1,48,608.5,2,0,-34.78,9658,IP-2960C,0
PROP-11706,25.3,Autonomo,Casado,Superior,11744.35,13880.69,36,,3,0,-69.39,9756,IP-BC0FA,0
PROP-11707,18.0,CLT,Solteiro,Superior,16629.46,31353.17,36,832.8,1,0,-18.35,3430,IP-D50C1,0
PROP-11708,32.3,Autonomo,Casado,Superior,2676.94,24782.98,24,482.3,4,0,50.21,5255,IP-B7493,1
PROP-11709,47.9,Autonomo,Casado,Pos_Graduacao,2405.22,6798.95,24,486.7,5,0,-11.15,7373,IP-624AE,1
PROP-11710,51.8,CLT,Solteiro,Medio,1752.56,21508.12,48,574.0,3,0,2.94,8371,IP-708E5,0
PROP-11711,51.1,CLT,Casado,Medio,4865.31,31443.62,12,604.8,3,2,18.22,2794,IP-5BD78,1
PROP-11712,29.0,PJ,Solteiro,Medio,1457.53,25101.12,48,824.3,4,1,-11.43,1831,IP-D61F1,1
PROP-11713,25.3,clt,Casado,Superior,3629.59,6906.58,24,657.7,3,1,-55.84,7539,IP-36AE6,0
PROP-11714,43.5,CLT,Casado,Medio,1720.11,30638.47,48,699.3,4,4,-82.7,1281,IP-E3121,1
PROP-11715,45.0,Estudante,Solteiro,Fundamental,3582.21,11950.95,24,658.4,6,0,65.32,7948,IP-4FE99,0
PROP-11716,42.4,CLT,Casado,Medio,1571.16,16984.51,24,652.4,0,1,-31.75,8537,IP-9D001,1
PROP-11717,15.8,Autonomo,Viuvo,Pos_Graduacao,8973.14,19362.71,48,663.4,2,0,-34.27,4657,IP-30920,0
PROP-11718,28.5,Estudante,Solteiro,Superior,2388.65,30066.72,48,349.4,1,1,-74.71,4627,IP-9B918,1
PROP-11719,37.7,CLT,Divorciado,Fundamental,,32743.05,24,585.0,3,0,-6.87,9330,IP-CC31C,0
PROP-11720,43.4,CLT,Solteiro,Superior,9970.48,32678.54,60,782.7,1,1,27.13,7098,IP-5C70D,0
PROP-11721,46.4,CLT,Solteiro,Pos_Graduacao,7160.17,2262.49,12,990.0,2,0,-18.21,5548,IP-49421,0
PROP-11722,39.6,CLT,Solteiro,Medio,2438.36,32422.32,12,451.4,0,0,17.55,8447,IP-BF589,1
PROP-11723,41.6,CLT,Solteiro,Superior,1713.38,3794.77,36,679.2,0,2,-98.81,7747,IP-51F43,1
PROP-11724,38.9,Autonomo,Solteiro,Pos_Graduacao,6682.06,10770.53,36,540.1,0,0,8.53,9722,IP-D2CBB,0
PROP-11725,45.5,CLT,Solteiro,Medio,3480.88,18994.6,60,906.7,2,0,-20.45,4702,IP-22376,0
PROP-11726,41.4,Autonomo,Divorciado,Medio,7501.66,17837.55,24,430.5,4,0,-72.0,1108,IP-CAF06,1
PROP-11727,38.7,Estudante,Casado,Superior,3875.14,21955.42,12,707.5,0,0,-80.92,9166,IP-F3344,0
PROP-11728,35.0,PJ,Casado,Pos_Graduacao,3183.54,17821.73,36,423.0,3,3,-42.97,1722,IP-C2CDA,1
PROP-11729,38.9,Autonomo,Solteiro,Superior,3920.13,32834.4,24,575.4,3,0,-60.72,1498,IP-F1B2B,1
PROP-11730,43.3,CLT,Solteiro,Superior,7198.3,9938.11,24,615.2,1,1,17.36,7992,IP-642BF,0
PROP-11731,40.9,Autonomo,Solteiro,Medio,11165.16,11042.81,24,769.8,3,0,21.76,3830,IP-E6F98,0
PROP-11732,42.2,Autonomo,Casado,Medio,1614.4,32384.35,12,469.2,1,2,8.59,4517,IP-8B9C5,1
PROP-11733,52.8, CLT ,Divorciado,Superior,4518.8,4532.4,24,712.9,4,1,18.82,7282,IP-A38BE,1
PROP-11734,40.9,CLT,Solteiro,Medio,1540.22,22115.51,24,622.6,1,0,-78.52,1268,IP-378B1,1
PROP-11735,30.9,Servidor_Publico,Solteiro,Superior,4053.9,24497.29,36,658.2,1,1,25.4,9528,IP-2BD3C,1
PROP-11736,47.7, CLT ,Casado,Pos_Graduacao,10494.2,18682.88,36,754.2,6,0,33.34,6147,IP-23D81,0
PROP-11737,23.0,CLT,Solteiro,Medio,3284.85,24909.65,12,440.4,5,0,13.7,6275,IP-205D2,1
PROP-11738,26.1, CLT ,Solteiro,Superior,12718.55,7700.9,24,733.5,2,0,-4.91,8183,IP-7903C,0
PROP-11739,41.7, CLT ,Casado,Medio,5582.77,30136.86,24,540.4,1,1,-37.12,6923,IP-63CFA,1
PROP-11740,43.7,PJ,Casado,Superior,12825.92,6620.85,12,773.4,2,1,16.93,4824,IP-66A7E,0
PROP-11741,24.3,AUTONOMO,Solteiro,Medio,7344.6,15226.81,36,666.8,1,0,-19.12,2191,IP-E29DE,0
PROP-11742,33.8,PJ,Solteiro,Superior,1858.58,4483.5,60,590.7,2,1,46.14,8059,IP-DCD96,1
PROP-11743,31.3,CLT,Viuvo,Medio,2504.02,19991.97,36,537.4,1,1,13.87,1352,IP-EA681,1
PROP-11744,32.6, CLT ,Solteiro,Superior,3504.86,24101.61,36,735.3,1,1,-8.41,3561,IP-6E1F0,0
PROP-11745,48.4,clt,Solteiro,Superior,2183.13,33060.31,24,796.5,3,1,-17.14,1204,IP-2A8B3,0
PROP-11746,45.8,CLT,Solteiro,Medio,4268.69,26398.09,24,545.4,3,2,-7.93,4329,IP-AED3E,1
PROP-11747,37.8,CLT,Solteiro,Superior,4077.34,19856.4,60,461.4,2,0,-7.69,2786,IP-7BABE,1
PROP-11748,32.0,PJ,Solteiro,Medio,14543.79,32776.36,60,717.2,2,2,-3.89,3431,IP-57959,0
PROP-11749,23.2,CLT,Casado,Superior,3788.46,17788.42,24,417.2,2,1,-64.6,4428,IP-74286,1
PROP-11750,53.6,Autonomo,Solteiro,Medio,7868.15,20519.79,24,437.2,3,2,11.93,3372,IP-95DF4,0
PROP-11751,44.5,CLT,Solteiro,Superior,13352.24,21671.25,48,471.2,3,1,8.52,3117,IP-9CF7F,0
PROP-11752,30.2,CLT,Casado,Medio,10201.02,15529.33,12,561.8,1,0,-58.91,1561,IP-1CC96,0
PROP-11753,45.9,CLT,Casado,Superior,2382.96,29669.93,48,432.9,1,3,11.51,2887,IP-745AB,1
PROP-11754,37.2,Estudante,Divorciado,Medio,4278.0,8110.81,48,348.6,2,0,-0.58,5271,IP-A2A76,0
PROP-11755,34.8,PJ,Divorciado,Superior,3194.71,20309.79,12,461.0,1,1,-41.51,7654,IP-CB09C,1
PROP-11756,42.8,Estudante,Solteiro,Medio,3544.48,25833.7,60,709.9,2,0,30.32,9912,IP-DDC0A,0
PROP-11757,29.8,clt,Casado,Pos_Graduacao,3279.7,31831.21,60,442.0,0,0,66.95,1392,IP-449C7,0
PROP-11758,999.0,CLT,Casado,Pos_Graduacao,8753.22,31169.31,60,572.4,1,3,-28.64,1244,IP-A8965,0
PROP-11759,39.3,Autonomo,Viuvo,Medio,,18788.43,24,892.5,5,0,5.25,6031,IP-CAE3F,0
PROP-11760,32.5,clt,Casado,Superior,4515.12,23224.33,24,613.1,1,3,62.44,9321,IP-7355E,1
PROP-11761,45.4,PJ,Viuvo,Medio,18378.71,15009.85,36,668.0,2,0,-109.62,7728,IP-D0585,0
PROP-11762,58.6,CLT,Casado,Medio,1659.78,17449.87,24,487.6,3,3,94.64,5704,IP-312AE,1
PROP-11763,29.7,clt,Solteiro,Superior,4211.26,31906.77,24,922.9,5,0,4.02,9056,IP-E27F9,0
PROP-11764,19.7,CLT,Casado,Superior,7647.47,32713.23,24,544.2,3,2,37.88,4090,IP-4DC73,0
PROP-11765,16.0,CLT,Viuvo,Superior,2088.32,31548.66,36,588.1,2,1,-85.1,5844,IP-BF1AB,1
PROP-11766,36.3,AUTONOMO,Divorciado,Medio,5371.28,6566.24,12,804.4,4,1,-68.25,2852,IP-4B588,0
PROP-11767,30.7,clt,Solteiro,Medio,2549.68,30052.77,24,594.6,1,2,-48.25,8142,IP-8A08C,1
PROP-11768,40.3, CLT ,Casado,Medio,9885.89,33296.0,12,626.7,1,1,-52.83,8357,IP-6460E,1
PROP-11769,39.5, CLT ,Solteiro,Superior,3063.86,13921.24,36,580.6,1,0,-116.53,8820,IP-E3F8E,1
PROP-11770,20.4,clt,Solteiro,Superior,3076.14,19115.33,36,581.5,4,1,-59.55,2937,IP-87939,1
PROP-11771,18.0,PJ,Solteiro,Superior,5229.5,27710.14,12,671.9,2,0,-41.55,5993,IP-70A3D,0
PROP-11772,41.3,Servidor_Publico,Solteiro,Medio,2251.78,20548.58,60,697.4,4,2,-71.68,7146,IP-DD1FC,1
PROP-11773,39.5,Estudante,Casado,Medio,2808.33,34784.96,12,529.9,4,0,74.42,1901,IP-4023D,1
PROP-11774,33.3,PJ,Solteiro,Medio,3663.53,17038.54,36,512.7,0,0,31.87,9091,IP-35EEC,0
PROP-11775,19.8,CLT,Casado,Medio,3232.86,25560.11,48,534.7,1,1,-36.78,2356,IP-56F88,1
PROP-11776,43.2,Autonomo,Solteiro,Medio,4525.56,28155.51,48,,1,2,29.02,2363,IP-60C5D,0
PROP-11777,52.0, CLT ,Solteiro,Superior,5244.64,18305.31,12,397.3,3,0,16.78,7303,IP-56F4A,1
PROP-11778,41.1,CLT,Solteiro,Pos_Graduacao,4912.25,30280.47,60,661.6,1,1,-86.14,4486,IP-D40B5,0
PROP-11779,28.7,PJ,Solteiro,Superior,5859.57,20023.1,60,751.4,3,2,21.49,8432,IP-2398A,0
PROP-11780,38.5,CLT,Solteiro,Superior,2944.79,15584.48,36,741.9,2,0,-20.86,7210,IP-5EA88,0
PROP-11781,23.0,Servidor_Publico,Solteiro,Medio,1967.68,5558.18,24,286.5,4,1,34.53,2973,IP-AD7B0,1
PROP-11782,49.6,clt,Casado,Pos_Graduacao,7408.04,14982.65,12,585.7,0,0,-54.11,5336,IP-E9E36,0
PROP-11783,38.9,Autonomo,Solteiro,Medio,9389.81,26219.9,36,465.7,2,0,27.19,3796,IP-61994,0
PROP-11784,18.6,Autonomo,Solteiro,Fundamental,2647.68,32402.45,24,640.1,1,2,52.57,8296,IP-8F1E5,1
PROP-11785,34.7,Servidor_Publico,Solteiro,Superior,3595.41,10305.42,48,561.5,5,1,19.92,1424,IP-50395,0
PROP-11786,43.1,Autonomo,Divorciado,Medio,4299.22,13722.77,24,702.9,3,1,-89.6,4296,IP-E38C4,0
PROP-11787,34.3,Autonomo,Divorciado,Pos_Graduacao,4600.93,7080.71,36,617.3,3,0,122.94,2200,IP-73079,0
PROP-11788,35.0,CLT,Casado,Medio,,24793.86,12,354.6,2,1,29.75,8260,IP-763D8,0
PROP-11789,24.5,Autonomo,Solteiro,Superior,1578.47,33686.22,12,,3,0,-11.96,7140,IP-21474,0
PROP-11790,44.2,CLT,Solteiro,Superior,6768.67,23151.42,12,620.8,3,2,31.17,9625,IP-D5C02,1
PROP-11791,30.9,AUTONOMO,Divorciado,Medio,,22363.53,12,632.6,1,1,105.61,3795,IP-685E5,0
PROP-11792,14.3,Autonomo,Solteiro,Superior,4052.95,20265.17,36,423.2,2,0,-70.67,2965,IP-AA5B5,0
PROP-11793,33.9,Autonomo,Solteiro,Superior,8785.07,4919.04,48,404.9,3,0,54.65,8627,IP-59D70,1
PROP-11794,48.8,CLT,Solteiro,Superior,3920.21,26073.63,36,627.9,2,0,-8.32,6633,IP-E3C6A,0
PROP-11795,33.7,CLT,Solteiro,Medio,2078.08,21867.63,36,423.5,6,0,-15.87,7868,IP-3D0A3,1
PROP-11796,57.1,AUTONOMO,Solteiro,Pos_Graduacao,19048.25,23828.73,36,386.4,5,1,-12.88,1668,IP-D0ED9,0
PROP-11797,42.7,CLT,Casado,Medio,10643.36,31660.77,24,557.7,2,0,-104.58,8068,IP-98F4B,0
PROP-11798,41.7,CLT,Solteiro,Medio,7596.7,27870.71,24,551.6,0,0,24.03,5466,IP-283E9,0
PROP-11799,36.6,CLT,Casado,Medio,3626.83,27770.2,24,497.0,4,0,-121.38,6308,IP-75385,1
PROP-11800,37.2,Estudante,Solteiro,Medio,2253.24,32597.06,36,521.5,2,1,-26.13,5960,IP-1B3B2,1
PROP-11801,35.1,AUTONOMO,Solteiro,Medio,13316.29,34667.85,12,621.9,2,0,-25.14,3307,IP-5D9F5,0
PROP-11802,34.7, CLT ,Divorciado,Fundamental,4592.16,21182.33,12,519.2,3,2,-19.12,8355,IP-59CD8,1
PROP-11803,43.8,CLT,Solteiro,Medio,9434.38,5593.09,36,629.9,1,1,-107.86,7404,IP-613EE,0
PROP-11804,27.7,CLT,Casado,Medio,3158.52,17151.29,60,566.7,0,0,44.52,5652,IP-4EFCB,1
PROP-11805,26.2,PJ,Casado,Medio,3115.29,27990.84,36,643.5,0,0,-92.03,2287,IP-53F32,0
PROP-11806,25.6,Autonomo,Solteiro,Superior,19192.89,2914.94,48,742.9,4,1,-46.31,2861,IP-72238,0
PROP-11807,60.5,CLT,Divorciado,Pos_Graduacao,4498.74,3877.29,36,737.5,3,0,-27.26,3984,IP-978C4,0
PROP-11808,43.8,CLT,Solteiro,Medio,2036.85,4216.21,24,800.3,1,0,-15.72,6129,IP-7029C,0
PROP-11809,41.3,CLT,Divorciado,Medio,2441.79,26124.18,36,737.3,0,0,19.05,1803,IP-37631,0
PROP-11810,26.4,Autonomo,Solteiro,Medio,4162.22,18538.5,48,653.4,0,1,0.98,5198,IP-2DAD9,1
PROP-11811,44.9,PJ,Divorciado,Medio,1582.28,14173.63,24,559.3,2,0,96.55,3957,IP-7ABAB,1
PROP-11812,36.7,CLT,Solteiro,Medio,4007.74,5485.36,24,565.7,2,1,17.4,7987,IP-DC6BF,1
PROP-11813,40.4,CLT,Casado,Superior,3680.19,26163.93,24,497.1,1,1,13.77,7928,IP-38639,0
PROP-11814,27.3,CLT,Casado,Medio,7746.68,12593.65,24,620.6,3,1,-28.79,1500,IP-D6039,0
PROP-11815,39.8,Estudante,Divorciado,Superior,3241.34,10755.69,48,717.6,3,0,15.16,2228,IP-2904E,1
PROP-11816,33.3,CLT,Divorciado,Medio,18403.05,23526.53,24,518.4,0,0,-24.43,1096,IP-28E49,0
PROP-11817,29.6,PJ,Casado,Fundamental,2237.44,20447.36,24,614.8,3,1,-23.96,7540,IP-73E7B,0
PROP-11818,46.1,Autonomo,Divorciado,Pos_Graduacao,5154.83,13959.55,48,525.2,2,0,158.54,9111,IP-D1CF8,0
PROP-11819,21.1, CLT ,Solteiro,Superior,1794.72,23169.09,36,649.3,2,0,77.14,4884,IP-E577D,1
PROP-11820,44.2,CLT,Solteiro,Medio,6959.74,10950.31,36,543.1,3,0,-43.44,4638,IP-ADED2,0
PROP-11821,45.5,CLT,Solteiro,Medio,23450.97,28229.4,48,516.5,4,0,32.45,5657,IP-5D9C8,0
PROP-11822,28.3,Autonomo,Solteiro,Superior,8582.1,9567.53,24,524.8,4,0,13.51,3543,IP-D346D,0
PROP-11823,29.0,PJ,Solteiro,Superior,4807.31,7241.64,36,690.5,2,0,-33.14,8699,IP-75E00,0
PROP-11824,35.5,Autonomo,Casado,Superior,4184.96,27820.5,12,606.5,6,0,104.21,7092,IP-D78DC,1
PROP-11825,41.1,Autonomo,Solteiro,Pos_Graduacao,,25360.44,12,560.0,1,0,-10.03,9383,IP-C9A1E,0
PROP-11826,36.3,CLT,Casado,Fundamental,12943.56,8027.09,24,656.6,2,2,69.25,7381,IP-B506A,0
PROP-11827,42.8,Estudante,Solteiro,Medio,20421.02,5836.11,24,562.0,2,3,-32.93,1224,IP-C39C2,0
PROP-11828,57.4,PJ,Solteiro,Superior,3521.31,29667.17,60,777.7,0,2,54.99,8356,IP-8A0F4,0
PROP-11829,32.4,CLT,Casado,Medio,21145.89,27627.75,60,483.7,2,2,66.79,1772,IP-C7BB5,0
PROP-11830,19.1,Estudante,Casado,Medio,2111.96,12799.49,48,593.8,1,1,-48.49,4012,IP-512C7,1
PROP-11831,47.1,Autonomo,Casado,Superior,2628.19,23720.51,24,423.3,1,0,-16.42,3666,IP-B9271,1
PROP-11832,56.5,Autonomo,Casado,Medio,1791.57,6097.29,60,571.4,2,0,-4.32,2624,IP-41B44,1
PROP-11833,42.3,AUTONOMO,Solteiro,Pos_Graduacao,2731.8,18732.57,36,384.9,3,1,81.72,9123,IP-8FA4B,1
PROP-11834,26.0,PJ,Casado,Medio,7535.14,2618.1,24,724.5,3,2,77.65,4474,IP-56F96,0
PROP-11835,36.6,Autonomo,Solteiro,Superior,9450.59,14922.86,36,727.3,3,0,-19.79,5152,IP-945BC,0
PROP-11836,25.7,CLT,Solteiro,Superior,7738.25,4469.81,12,729.8,1,1,-19.19,1519,IP-8DFF1,1
PROP-11837,45.1,CLT,Solteiro,Superior,5587.98,17679.86,12,624.0,3,1,12.26,4529,IP-9AE14,0
PROP-11838,23.1,Servidor_Publico,Solteiro,Medio,4430.21,15915.49,48,496.8,1,1,-78.57,1872,IP-8B0AB,1
PROP-11839,34.7,CLT,Solteiro,Pos_Graduacao,6580.35,16664.71,36,508.0,4,0,63.61,1957,IP-1CC34,0
PROP-11840,27.0, CLT ,Divorciado,Superior,3481.79,3495.93,24,834.2,1,1,-43.15,4031,IP-D56C7,0
PROP-11841,39.4, CLT ,Divorciado,Superior,9131.33,13933.34,36,821.0,3,0,4.87,9428,IP-5EABD,0
PROP-11842,34.0, CLT ,Solteiro,Medio,6148.9,26963.97,60,637.2,0,1,70.07,5428,IP-8D7C8,0
PROP-11843,39.9,Autonomo,Solteiro,Superior,6426.06,14174.17,36,547.8,3,0,22.26,8991,IP-921EE,1
PROP-11844,38.2,Servidor_Publico,Solteiro,Pos_Graduacao,4624.48,25600.67,24,811.6,1,1,-19.88,5720,IP-92582,0
PROP-11845,27.1,CLT,Solteiro,Superior,10492.23,14192.8,12,522.8,4,2,-51.14,4226,IP-C6FCE,1
PROP-11846,44.9,CLT,Divorciado,Pos_Graduacao,2619.56,15966.9,24,652.0,4,1,-2.75,2567,IP-3617B,1
PROP-11847,37.5,CLT,Solteiro,Superior,3415.53,20608.44,60,809.3,0,0,-14.47,1909,IP-46BA3,0
PROP-11848,27.1,Servidor_Publico,Casado,Medio,7714.57,33372.5,24,502.9,3,1,131.24,2960,IP-18E3B,0
PROP-11849,62.7,Autonomo,Solteiro,Medio,4250.75,5592.39,24,736.1,0,0,-40.27,7261,IP-3C8FD,0
PROP-11850,43.2,CLT,Viuvo,Medio,10640.65,3086.15,24,692.9,2,1,-26.6,2385,IP-8A04F,0
PROP-11851,36.3,PJ,Solteiro,Superior,3186.09,22062.59,48,614.5,0,2,-50.11,1815,IP-52BD8,0
PROP-11852,53.6,PJ,Casado,Superior,3336.09,33320.2,36,480.9,0,1,-12.96,6349,IP-A1218,0
PROP-11853,58.3,PJ,Solteiro,Medio,10622.56,34660.86,36,518.6,3,1,26.1,4784,IP-D8692,0
PROP-11854,36.4,Servidor_Publico,Casado,Superior,4022.11,17977.42,24,660.5,4,1,-47.31,1321,IP-8DCAF,0
PROP-11855,41.8,CLT,Solteiro,Superior,4448.9,17446.69,12,,3,3,17.64,5398,IP-859FF,0
PROP-11856,27.1,PJ,Solteiro,Superior,3099.37,23283.8,60,638.3,5,0,-60.61,8642,IP-CB62B,0
PROP-11857,36.4,clt,Divorciado,Medio,2760.34,20335.95,60,695.7,3,1,46.62,1843,IP-BB88B,0
PROP-11858,35.8,PJ,Divorciado,Medio,5881.25,22924.91,60,757.9,9,3,-22.86,3571,IP-977D6,1
PROP-11859,40.0,AUTONOMO,Divorciado,Medio,1936.14,30841.98,60,424.2,0,0,-16.35,7594,IP-D2243,1
PROP-11860,41.7,PJ,Casado,Medio,10279.73,26628.1,48,,2,1,70.35,9602,IP-A0E2E,0
PROP-11861,44.2,Autonomo,Casado,Medio,7744.15,18396.95,36,857.4,1,2,-21.82,8330,IP-1D132,1
PROP-11862,40.6,CLT,Solteiro,Medio,2288.91,17241.53,48,677.4,4,1,19.86,8180,IP-BAE6A,0
PROP-11863,24.7,Autonomo,Solteiro,Superior,,23106.86,36,,2,1,35.31,7901,IP-C2A7D,0
PROP-11864,27.7,Estudante,Solteiro,Medio,5276.16,17038.31,12,574.1,2,0,65.06,3500,IP-BBA3B,0
PROP-11865,32.0,Servidor_Publico,Casado,Fundamental,2256.79,17106.72,24,613.3,1,0,16.41,3809,IP-76E57,0
PROP-11866,34.9,CLT,Solteiro,Medio,2740.26,2538.09,60,657.9,0,1,-15.85,2875,IP-D5F36,0
PROP-11867,49.6,CLT,Solteiro,Medio,3608.85,7744.12,24,623.1,1,1,-26.1,5154,IP-D486E,0
PROP-11868,-15.0,CLT,Casado,Medio,6446.1,18120.95,48,659.4,2,3,15.74,7102,IP-EA04A,1
PROP-11869,34.1,AUTONOMO,Casado,Medio,5676.07,29147.56,12,607.3,5,1,-37.95,4339,IP-F21F4,1
PROP-11870,48.5,PJ,Solteiro,Pos_Graduacao,4591.11,11197.99,24,657.1,2,0,27.01,9860,IP-E221F,0
PROP-11871,34.7,CLT,Solteiro,Medio,7543.71,19247.23,24,555.5,0,2,10.05,4071,IP-8EFCC,1
PROP-11872,43.1,Autonomo,Solteiro,Fundamental,7357.95,13383.75,12,572.7,1,0,-58.34,7591,IP-B96C6,1
PROP-11873,36.5,PJ,Solteiro,Pos_Graduacao,5440.26,5458.53,12,539.4,4,2,-61.43,3930,IP-7C27E,1
PROP-11874,40.8,AUTONOMO,Solteiro,Superior,7894.95,33623.85,12,888.4,3,0,4.14,6674,IP-5A8EE,0
PROP-11875,35.5,Autonomo,Casado,Superior,,30204.24,48,824.9,2,1,-14.36,6253,IP-66C70,0
PROP-11876,45.3,Autonomo,Casado,Superior,10349.07,4590.25,12,,1,1,40.79,9404,IP-EDA78,0
PROP-11877,21.0,Autonomo,Casado,Medio,5407.97,25752.98,24,805.5,4,0,-45.87,3146,IP-99337,0
PROP-11878,34.0,CLT,Solteiro,Superior,8657.67,13470.14,12,731.8,4,1,36.58,4342,IP-DD3C3,0
PROP-11879,41.3,Autonomo,Casado,Medio,4719.15,34830.04,36,645.4,0,0,38.0,7801,IP-26E00,0
PROP-11880,43.9,Autonomo,Solteiro,Medio,2435.14,11979.15,36,409.2,1,0,-59.11,3222,IP-7FA0B,0
PROP-11881,54.4,Servidor_Publico,Casado,Superior,4683.48,9878.37,36,583.3,1,1,-11.14,6633,IP-4E0A3,1
PROP-11882,33.7,Autonomo,Casado,Superior,3347.97,20740.39,24,573.1,3,3,68.31,5996,IP-94905,1
PROP-11883,54.3,PJ,Solteiro,Pos_Graduacao,6421.82,29559.16,24,461.4,4,0,20.03,7632,IP-58157,0
PROP-11884,30.8,CLT,Solteiro,Medio,,8353.12,36,411.9,2,0,-4.93,8922,IP-CDA2A,0
PROP-11885,52.6,clt,Divorciado,Pos_Graduacao,8996.02,25410.29,48,689.0,4,1,42.91,3601,IP-71D38,0
PROP-11886,47.0,CLT,Solteiro,Medio,6160.4,4026.42,12,665.4,2,1,-24.57,4538,IP-AC0D1,1
PROP-11887,28.0,CLT,Casado,Medio,6245.7,32324.85,24,456.6,2,1,-16.39,9719,IP-977FB,1
PROP-11888,41.4,AUTONOMO,Solteiro,Medio,2428.25,4675.47,24,515.6,1,0,8.43,6835,IP-71611,0
PROP-11889,37.4,Estudante,Casado,Superior,18833.78,32169.64,12,782.6,3,2,71.05,9919,IP-4FFA5,0
PROP-11890,44.9,CLT,Solteiro,Medio,9141.05,18196.64,36,497.1,2,0,-46.04,9784,IP-E43CD,0
PROP-11891,35.5, CLT ,Solteiro,Superior,7934.87,16787.01,36,643.9,1,0,23.53,8767,IP-2E575,0
PROP-11892,34.6,PJ,Casado,Superior,3083.36,34119.13,24,593.4,2,2,-19.98,4497,IP-50DAE,1
PROP-11893,53.1,CLT,Solteiro,Superior,4621.72,34682.68,24,690.9,2,0,62.13,7719,IP-38D15,0
PROP-11894,36.9,Autonomo,Solteiro,Superior,2019.33,23455.88,60,500.1,1,1,38.29,8558,IP-E0C5C,0
PROP-11895,47.1,AUTONOMO,Solteiro,Pos_Graduacao,,6194.94,48,632.6,2,0,-3.82,8496,IP-E8C1C,0
PROP-11896,35.5,Autonomo,Solteiro,Superior,2062.32,18703.61,48,643.6,2,2,29.85,6775,IP-6502B,0
PROP-11897,56.3,CLT,Solteiro,Superior,4782.18,19462.38,24,652.2,2,0,-28.82,1266,IP-717BE,1
PROP-11898,30.5, CLT ,Solteiro,Medio,5793.94,18976.73,36,631.1,2,1,-31.68,4464,IP-54282,1
PROP-11899,31.2,PJ,Divorciado,Pos_Graduacao,,20793.23,24,668.2,2,0,126.17,7912,IP-836BF,0
PROP-11900,54.8,Autonomo,Solteiro,Superior,4299.01,2617.92,12,926.8,1,1,-18.64,4883,IP-C7CB6,0
PROP-11901,33.1,CLT,Casado,Medio,10155.67,25470.5,24,978.6,2,1,8.9,4847,IP-A5D05,0
PROP-11902,55.6,PJ,Solteiro,Medio,1882.67,25509.01,36,530.5,3,0,-19.63,2606,IP-278C7,1
PROP-11903,47.8,CLT,Solteiro,Superior,7989.52,5810.5,24,295.4,2,1,-64.26,7692,IP-91661,0
PROP-11904,36.3,AUTONOMO,Divorciado,Medio,2186.4,20817.9,48,703.4,6,0,-51.03,7244,IP-1E41A,0
PROP-11905,18.1,CLT,Solteiro,Fundamental,1557.07,20755.92,12,646.1,0,2,16.92,7788,IP-C62BE,1
PROP-11906,37.8,Estudante,Divorciado,Medio,2262.14,24520.86,24,768.5,2,0,-70.57,8371,IP-8FC2B,1
PROP-11907,39.1, CLT ,Solteiro,Superior,7483.08,4818.12,12,659.9,2,3,-35.57,9659,IP-74606,1
PROP-11908,50.8,CLT,Casado,Medio,3581.5,22674.61,24,628.2,2,3,32.61,3070,IP-7028D,1
PROP-11909,55.5,CLT,Casado,Superior,10051.16,11264.81,12,778.0,3,0,11.32,5792,IP-957C9,0
PROP-11910,30.5,CLT,Divorciado,Pos_Graduacao,4524.06,18731.1,24,797.6,2,2,-20.62,7720,IP-52E33,0
PROP-11911,46.8,Servidor_Publico,Casado,Superior,1494.51,27519.68,24,425.9,2,0,-22.17,8064,IP-2EBAD,1
PROP-11912,46.4,Estudante,Casado,Superior,6697.45,25286.32,24,505.7,4,0,-51.49,1658,IP-CF9EA,1
PROP-11913,49.8, CLT ,Solteiro,Medio,1890.54,5923.8,36,605.2,3,2,111.46,1536,IP-6515B,1
PROP-11914,43.5, CLT ,Solteiro,Medio,7942.33,21509.1,24,633.8,0,3,-49.14,3427,IP-61C7E,0
PROP-11915,16.6,AUTONOMO,Divorciado,Medio,2172.99,33980.85,36,,3,1,50.53,7122,IP-F1B80,0
PROP-11916,36.3,Servidor_Publico,Solteiro,Superior,3179.97,7173.39,36,680.8,3,0,-110.51,5924,IP-8BCF9,1
PROP-11917,25.3,Autonomo,Solteiro,Medio,7416.2,30145.93,24,759.5,0,0,43.77,3091,IP-974A1,0
PROP-11918,35.8, CLT ,Casado,Medio,14353.46,25184.09,48,861.2,2,0,48.86,2676,IP-9703E,0
PROP-11919,48.8, CLT ,Solteiro,Superior,3350.12,27542.11,36,701.0,3,1,-46.61,6843,IP-A0AC2,1
PROP-11920,41.4,Autonomo,Divorciado,Superior,8827.43,11304.62,24,500.7,3,1,-30.87,9844,IP-9AEBA,0
PROP-11921,50.6,CLT,Casado,Superior,2289.14,11500.33,60,,3,0,53.4,5403,IP-1D924,0
PROP-11922,41.8,Autonomo,Casado,Medio,8313.19,31898.64,48,609.5,1,1,-57.09,8963,IP-DB2EA,0
PROP-11923,23.7, CLT ,Divorciado,Medio,5900.16,13874.46,60,692.0,3,1,21.84,8524,IP-ACA52,0
PROP-11924,10.3,PJ,Solteiro,Fundamental,2299.28,4079.51,36,674.3,1,0,-33.85,8532,IP-1A986,0
PROP-11925,39.6,CLT,Solteiro,Medio,2913.09,21819.69,24,907.1,2,2,45.03,5455,IP-F00FB,1
PROP-11926,35.6,Autonomo,Casado,Pos_Graduacao,1993.46,6118.98,24,555.4,3,0,93.12,6110,IP-8442F,1
PROP-11927,27.3,clt,Solteiro,Pos_Graduacao,,28287.68,36,673.9,3,0,-50.3,4125,IP-67247,0
PROP-11928,19.3,Autonomo,Casado,Superior,2356.4,23177.63,60,949.7,1,0,29.45,5762,IP-757F9,0
PROP-11929,29.9,CLT,Divorciado,Medio,5737.84,30865.97,36,538.1,2,1,48.91,3382,IP-C2BF7,0
PROP-11930,35.9,Autonomo,Solteiro,Pos_Graduacao,23256.53,27899.63,48,640.3,3,2,-99.72,7238,IP-D846B,0
PROP-11931,45.3,Autonomo,Solteiro,Superior,1450.74,5699.75,24,487.7,2,2,50.22,1314,IP-A2F71,1
PROP-11932,40.1,Autonomo,Divorciado,Superior,4669.83,14575.33,24,631.5,4,2,17.52,9679,IP-C0D16,1
PROP-11933,55.7,Autonomo,Solteiro,Medio,4980.64,27560.49,60,510.8,2,2,32.06,7972,IP-655F0,1
PROP-11934,26.6,Autonomo,Casado,Medio,11714.52,15772.27,48,766.6,3,0,-91.28,4883,IP-5B648,0
PROP-11935,47.7,PJ,Solteiro,Medio,4361.97,34088.06,60,640.6,4,1,37.19,9878,IP-F10AF,1
PROP-11936,38.5,CLT,Divorciado,Superior,4695.35,26279.43,48,489.0,3,1,-9.15,2991,IP-E1114,0
PROP-11937,45.6,PJ,Casado,Superior,4079.61,2511.5,24,737.7,1,1,-56.95,7364,IP-DBBC9,1
PROP-11938,33.2,clt,Casado,Medio,2715.49,31039.53,36,645.2,2,1,35.06,3927,IP-CD033,0
PROP-11939,49.8,CLT,Casado,Superior,1642.17,5326.56,60,753.4,4,3,40.56,2444,IP-DF75D,0
PROP-11940,41.2,CLT,Solteiro,Medio,3606.51,6637.28,36,459.3,1,2,-3.84,8496,IP-8470A,1
PROP-11941,30.5,CLT,Solteiro,Superior,1626.9,26238.25,24,671.6,2,1,18.14,4019,IP-AA05B,1
PROP-11942,37.9,PJ,Casado,Pos_Graduacao,4758.33,30543.96,24,728.3,2,1,-8.09,8539,IP-B8C20,0
PROP-11943,35.4,AUTONOMO,Solteiro,Medio,2942.03,19699.54,36,560.7,2,1,-68.76,4964,IP-6DBD5,0
PROP-11944,43.4,PJ,Casado,Medio,4603.41,11538.64,12,443.7,3,0,-7.21,2512,IP-2267F,1
PROP-11945,25.0,Autonomo,Divorciado,Medio,2005.7,13593.41,36,614.2,4,1,59.99,9090,IP-4E167,1
PROP-11946,37.7, CLT ,Casado,Superior,12729.73,13315.35,12,791.9,0,1,60.7,2950,IP-D8B61,0
PROP-11947,42.3,CLT,Casado,Superior,10846.83,12780.38,24,777.6,2,1,-41.27,7348,IP-71D8D,0
PROP-11948,38.4,CLT,Casado,Pos_Graduacao,2285.01,10016.02,48,560.0,1,1,11.97,3318,IP-9A137,1
PROP-11949,52.8, CLT ,Casado,Medio,3167.14,22092.61,24,440.4,0,0,3.84,2732,IP-779C8,0
PROP-11950,46.5,CLT,Solteiro,Fundamental,5392.54,31713.38,48,559.6,1,1,24.71,6929,IP-9E6DE,1
PROP-11951,37.9,CLT,Solteiro,Medio,1822.43,12133.72,24,554.4,3,0,2.6,1630,IP-9F5D7,1
PROP-11952,40.4,Autonomo,Solteiro,Superior,3238.91,8160.91,60,682.5,2,0,36.11,4083,IP-8F08D,0
PROP-11953,41.3,AUTONOMO,Casado,Medio,2614.5,29673.06,24,605.3,1,1,-20.69,7128,IP-F0FAD,1
PROP-11954,42.4,Estudante,Casado,Pos_Graduacao,11779.05,26478.85,12,514.5,5,0,55.17,7436,IP-61654,0
PROP-11955,17.9,Servidor_Publico,Casado,Superior,9438.8,32717.62,48,774.6,3,0,-26.56,7280,IP-6451D,0
PROP-11956,34.7,Autonomo,Solteiro,Superior,5041.83,7462.15,48,639.7,3,0,9.63,6933,IP-72B4B,0
PROP-11957,21.7, CLT ,Casado,Pos_Graduacao,4485.7,6760.29,24,681.0,3,0,33.28,9646,IP-9AF33,0
PROP-11958,52.1,Autonomo,Solteiro,Medio,,19867.17,60,378.5,3,1,10.87,9104,IP-32998,0
PROP-11959,37.3,PJ,Casado,Medio,12717.15,22276.31,36,280.6,1,0,-117.11,6214,IP-6E2EE,0
PROP-11960,35.9,CLT,Casado,Pos_Graduacao,16034.79,17845.72,60,418.7,1,0,14.96,4307,IP-40B7B,0
PROP-11961,47.9, CLT ,Solteiro,Medio,1962.65,21765.9,36,,0,2,34.47,5102,IP-54034,0
PROP-11962,42.6,PJ,Solteiro,Medio,2135.07,7952.53,24,700.7,1,1,14.9,7532,IP-552F6,0
PROP-11963,25.6, CLT ,Casado,Superior,6143.01,17827.25,24,292.1,1,0,47.06,8292,IP-3E1E8,1
PROP-11964,37.2,Autonomo,Casado,Superior,4674.54,23717.05,24,843.0,1,0,58.59,6411,IP-1D033,0
PROP-11965,34.3,Autonomo,Solteiro,Medio,,16279.31,36,643.9,4,0,-34.74,1512,IP-E5714,0
PROP-11966,18.8,CLT,Divorciado,Medio,1668.71,24421.76,24,810.4,0,0,-85.7,1717,IP-D5095,1
PROP-11967,30.4, CLT ,Casado,Medio,10597.89,16889.31,12,496.0,2,0,-59.98,7587,IP-D6530,1
PROP-11968,36.0,CLT,Divorciado,Superior,9932.6,13008.79,24,690.5,6,1,3.57,4520,IP-D3509,0
PROP-11969,36.7,CLT,Solteiro,Pos_Graduacao,3256.53,12018.97,24,631.9,3,3,30.65,1040,IP-7A65E,1
PROP-11970,21.7,CLT,Casado,Fundamental,10710.86,15559.77,48,734.5,1,3,-6.25,9110,IP-D418B,1
PROP-11971,50.7,PJ,Divorciado,Superior,5182.53,2761.96,36,587.3,3,1,-69.15,6994,IP-D7624,0
PROP-11972,36.9,CLT,Casado,Medio,8285.53,24061.33,48,686.3,1,0,14.84,4929,IP-35F4D,0
PROP-11973,38.4,Autonomo,Casado,Pos_Graduacao,3742.01,29888.49,60,774.3,3,0,0.57,7051,IP-CA309,0
PROP-11974,42.4,CLT,Solteiro,Superior,1905.51,13702.69,36,528.8,2,1,8.04,4175,IP-B85D3,1
PROP-11975,29.3,Servidor_Publico,Solteiro,Medio,3788.45,3519.09,60,,5,0,90.48,6360,IP-6AB00,0
PROP-11976,43.0,CLT,Solteiro,Pos_Graduacao,3967.03,34563.59,24,355.7,5,1,40.92,4331,IP-C207D,1
PROP-11977,34.0, CLT ,Solteiro,Superior,4762.55,10702.04,12,718.4,1,2,-6.7,6934,IP-AD5EF,1
PROP-11978,28.1,Servidor_Publico,Solteiro,Superior,1868.65,6178.5,24,893.7,1,0,-66.31,5125,IP-D68C3,0
PROP-11979,44.3,PJ,Solteiro,Superior,21376.08,14201.83,24,445.8,1,3,67.24,7429,IP-73A08,0
PROP-11980,54.4,CLT,Viuvo,Medio,2575.56,26372.38,48,607.2,5,0,-88.32,6997,IP-CCC45,1
PROP-11981,46.0,PJ,Solteiro,Medio,2329.61,11699.25,36,743.3,5,0,-14.08,1354,IP-C9577,1
PROP-11982,48.2,clt,Casado,Superior,4542.62,20965.21,24,624.4,3,1,-60.01,2858,IP-D34F8,0
PROP-11983,32.3,clt,Casado,Medio,4636.01,15713.48,36,643.1,4,0,-20.4,9726,IP-DC43A,0
PROP-11984,20.4,CLT,Casado,Superior,,5886.21,36,565.3,1,1,-4.53,7518,IP-4ABE4,0
PROP-11985,54.4,CLT,Solteiro,Superior,7607.33,12899.47,12,560.1,0,0,-65.77,1252,IP-C3651,0
PROP-11986,60.6,AUTONOMO,Casado,Superior,,25920.73,36,607.9,3,2,-122.46,6694,IP-25A10,0
PROP-11987,55.0,clt,Casado,Superior,5351.48,22196.13,60,625.8,4,1,-48.31,8211,IP-5EC74,1
PROP-11988,34.3, CLT ,Casado,Superior,6803.03,5952.69,48,454.6,1,2,-67.69,8357,IP-AB44A,0
PROP-11989,25.3,AUTONOMO,Casado,Pos_Graduacao,1506.44,7389.64,36,610.8,4,1,-47.85,8886,IP-8E402,0
PROP-11990,26.3,PJ,Viuvo,Superior,,23144.2,24,839.6,1,1,-14.14,7696,IP-AF7E5,0
PROP-11991,19.5,CLT,Casado,Medio,10454.54,28842.71,12,561.3,1,0,76.08,8631,IP-7CEA8,0
PROP-11992,36.8,Autonomo,Solteiro,Medio,1473.68,13532.66,24,446.8,0,1,-29.94,3657,IP-DD28C,1
PROP-11993,55.7,CLT,Casado,Medio,3581.9,21645.25,48,598.8,1,0,-26.51,5875,IP-CFAFA,0
PROP-11994,36.4,PJ,Solteiro,Medio,12348.43,7631.24,24,520.0,1,1,-5.23,5667,IP-D6960,0
PROP-11995,41.3,Autonomo,Divorciado,Medio,3229.72,12275.42,24,432.6,3,1,33.09,9963,IP-ACFBD,1
PROP-11996,53.1,Estudante,Solteiro,Medio,3978.11,2668.92,60,639.5,4,0,28.07,6601,IP-9BB2E,1
PROP-11997,33.6,CLT,Solteiro,Superior,18167.34,27353.11,48,520.6,2,0,-95.94,8570,IP-4303F,0
PROP-11998,60.4,CLT,Casado,Pos_Graduacao,2333.65,15233.32,36,532.5,1,0,-52.24,8084,IP-8425B,0
PROP-11999,59.9,CLT,Casado,Medio,1683.42,28932.14,12,641.5,4,0,55.39,8344,IP-7AA56,1
PROP-12000,36.6,CLT,Solteiro,Superior,9640.39,25376.31,12,405.4,5,0,-26.07,3601,IP-7CDC1,1
PROP-12001,31.6,CLT,Casado,Superior,9919.64,29348.56,12,376.2,2,0,48.16,4091,IP-67D17,0
PROP-12002,45.7,Servidor_Publico,Divorciado,Medio,4082.99,11426.74,36,713.9,1,1,35.86,1723,IP-23ADC,1
PROP-12003,34.2,CLT,Solteiro,Pos_Graduacao,,8108.59,12,349.7,2,2,-112.16,2039,IP-57FC5,0
PROP-12004,25.3,CLT,Divorciado,Superior,8988.18,34072.89,48,483.3,1,0,-82.82,3554,IP-60FF3,0
PROP-12005,52.1,PJ,Solteiro,Medio,7034.5,25671.82,60,368.0,2,0,-16.66,4346,IP-25A0E,1
PROP-12006,51.4, CLT ,Casado,Superior,2693.97,29523.39,24,551.9,2,2,20.03,7878,IP-CA1D2,1
PROP-12007,39.7,PJ,Casado,Medio,1471.56,2433.4,24,679.9,2,2,-13.37,8926,IP-C4759,1
PROP-12008,24.1,CLT,Solteiro,Superior,4144.07,13697.23,36,635.7,3,1,-9.75,4603,IP-B0B86,1
PROP-12009,24.5,clt,Solteiro,Medio,9625.17,26512.95,60,,3,0,1.74,3410,IP-F14B8,0
PROP-12010,39.2,CLT,Solteiro,Pos_Graduacao,10899.46,4573.43,48,772.2,5,2,-5.04,4403,IP-41B2A,0
PROP-12011,32.5,CLT,Casado,Superior,14540.62,20722.22,12,489.6,4,0,-1.64,4504,IP-18A11,0
PROP-12012,34.2,Servidor_Publico,Casado,Superior,10289.85,16159.4,12,452.4,6,2,-118.54,2262,IP-A49A7,0
PROP-12013,49.2,CLT,Casado,Medio,5043.94,2581.34,48,990.0,1,0,-15.58,6529,IP-779C1,0
PROP-12014,46.1,Autonomo,Solteiro,Superior,3869.92,9787.19,36,768.8,1,1,-16.03,8561,IP-2E5BA,0
PROP-12015,53.2, CLT ,Solteiro,Superior,7662.15,11398.14,12,702.5,2,0,-53.38,5427,IP-9360B,0
PROP-12016,27.1,CLT,Solteiro,Superior,,5691.38,36,,0,0,-38.3,6109,IP-BF935,0
PROP-12017,34.2,Servidor_Publico,Solteiro,Superior,4644.5,22840.72,48,658.3,1,2,-83.42,8368,IP-5575D,1
PROP-12018,46.3,CLT,Casado,Superior,1783.79,9999.13,24,,2,2,19.3,5932,IP-E4CE7,0
PROP-12019,42.9,Autonomo,Divorciado,Pos_Graduacao,12340.12,11161.44,48,642.0,0,2,-57.64,8326,IP-EE800,0
PROP-12020,54.9,Estudante,Casado,Superior,3953.92,31641.87,12,630.0,2,1,-6.04,2461,IP-5AEC6,1
PROP-12021,42.6,Autonomo,Solteiro,Pos_Graduacao,3296.34,17415.06,48,493.4,3,0,-24.54,4385,IP-5A215,1
PROP-12022,58.3,Servidor_Publico,Divorciado,Superior,5570.95,14940.23,36,544.6,3,0,-9.26,3145,IP-696B5,0
PROP-12023,43.9,CLT,Casado,Superior,6105.52,25887.74,24,832.1,2,2,45.52,6947,IP-54968,0
PROP-12024,49.7, CLT ,Divorciado,Medio,2393.69,32017.26,36,602.5,2,0,-36.67,7357,IP-526BE,0
PROP-12025,34.4,CLT,Casado,Superior,,2826.2,48,910.0,2,0,-5.0,7183,IP-4D3C1,0
PROP-12026,38.2,AUTONOMO,Solteiro,Pos_Graduacao,2838.09,16791.88,60,376.3,1,1,31.9,1444,IP-7D1E3,1
PROP-12027,48.0,Estudante,Solteiro,Medio,,22155.78,24,546.9,1,0,7.7,2743,IP-4760D,0
PROP-12028,55.7,CLT,Casado,Superior,3590.51,12512.58,36,403.4,0,3,-39.71,1033,IP-C72ED,1
PROP-12029,46.0,Autonomo,Solteiro,Superior,6907.92,27489.45,36,450.7,1,0,-77.52,1061,IP-4B45A,1
PROP-12030,37.1,CLT,Solteiro,Medio,15535.45,34058.74,36,504.1,4,3,-41.85,6292,IP-B7DA7,1
PROP-12031,53.2,Autonomo,Casado,Superior,8359.21,33133.1,48,664.1,4,1,9.07,7750,IP-ACC54,1
PROP-12032,13.9,clt,Casado,Medio,13240.78,10777.42,12,657.4,2,0,-2.29,4588,IP-6FC08,0
PROP-12033,22.4,Estudante,Casado,Medio,,9469.16,24,524.9,6,0,31.88,1352,IP-CAE82,0
PROP-12034,45.5,Autonomo,Solteiro,Superior,1710.11,33597.19,36,308.1,3,1,-16.58,2081,IP-5B175,1
PROP-12035,38.2,CLT,Solteiro,Medio,4826.27,17134.74,12,,4,0,-38.73,3170,IP-696D5,0
PROP-12036,44.7,CLT,Casado,Medio,2840.22,8873.82,60,580.0,3,1,-74.25,2628,IP-65812,0
PROP-12037,38.7,CLT,Divorciado,Pos_Graduacao,8794.44,25330.9,36,463.7,1,0,-60.59,5098,IP-894E5,0
PROP-12038,44.3,CLT,Casado,Medio,6081.76,11385.87,24,658.5,0,2,-52.38,4960,IP-728B1,0
PROP-12039,29.0,CLT,Divorciado,Fundamental,16230.74,10819.15,48,648.6,4,1,65.52,1252,IP-D65FF,0
PROP-12040,44.3,PJ,Casado,Fundamental,2635.19,31015.22,24,574.8,4,2,-59.1,4619,IP-38429,1
PROP-12041,48.9,Autonomo,Casado,Medio,4193.47,7361.81,36,640.8,4,1,-58.52,5405,IP-A7AC3,0
PROP-12042,51.4,Autonomo,Solteiro,Medio,4321.65,4124.97,12,458.3,2,0,-35.59,1531,IP-59FDD,1
PROP-12043,60.1,CLT,Casado,Superior,2548.09,10883.15,24,726.4,3,1,51.61,1196,IP-3BC11,0
PROP-12044,40.7,PJ,Casado,Superior,,22029.2,12,480.4,1,0,23.59,6506,IP-222D2,0
PROP-12045,41.0,AUTONOMO,Casado,Medio,3859.96,6061.9,36,535.2,3,0,-12.79,4322,IP-3467E,1
PROP-12046,21.2,CLT,Casado,Superior,3885.95,17562.62,24,710.8,2,0,-79.09,9654,IP-59FBE,1
PROP-12047,32.2,AUTONOMO,Casado,Medio,3292.4,22702.12,24,788.6,3,2,-6.58,2733,IP-51929,1
PROP-12048,35.9,Autonomo,Solteiro,Pos_Graduacao,1471.71,30008.32,24,842.0,0,0,35.03,9214,IP-F14F3,1
PROP-12049,49.6,CLT,Casado,Medio,4501.04,9585.7,24,,3,1,61.61,3747,IP-DF792,0
PROP-12050,31.3,clt,Solteiro,Medio,3115.03,28972.43,60,574.6,2,0,-117.21,4238,IP-E1BC2,0
PROP-12051,46.8,clt,Casado,Medio,1405.55,9751.91,12,404.3,4,0,-47.02,1812,IP-4AF7D,1
PROP-12052,38.0,CLT,Solteiro,Fundamental,2945.97,24333.3,48,816.7,0,0,-3.61,9597,IP-E6650,0
PROP-12053,36.1,Servidor_Publico,Solteiro,Superior,2771.72,16212.23,36,811.9,2,2,53.96,4123,IP-36ABE,1
PROP-12054,40.7,PJ,Solteiro,Superior,3499.85,5784.48,36,525.9,2,1,-74.4,9721,IP-3EE00,0
PROP-12055,33.7,Autonomo,Casado,Medio,1993.85,25570.69,24,749.0,2,3,-63.62,8281,IP-67517,0
PROP-12056,33.3,clt,Solteiro,Medio,4376.26,9186.17,60,573.5,1,1,-32.06,7948,IP-2FD90,0
PROP-12057,19.2, CLT ,Solteiro,Medio,6352.16,7828.57,24,,1,0,-78.94,9310,IP-7E281,0
PROP-12058,35.3,Autonomo,Casado,Superior,5577.97,13824.66,36,547.9,1,1,-107.15,2898,IP-231B0,1
PROP-12059,32.7,Autonomo,Solteiro,Superior,8239.24,23558.58,60,897.0,4,0,97.14,6449,IP-3CC81,0
PROP-12060,32.3,CLT,Divorciado,Superior,3926.28,9721.88,48,730.1,3,1,-21.51,5843,IP-686FF,0
PROP-12061,42.6,Autonomo,Divorciado,Medio,4474.73,8060.83,36,871.7,2,1,-41.54,3293,IP-3C780,0
PROP-12062,45.2,PJ,Casado,Fundamental,8383.97,2328.47,60,555.1,0,0,-68.18,7460,IP-52CC4,0
PROP-12063,40.6,clt,Solteiro,Medio,3743.99,17564.22,36,676.7,3,1,-10.79,5948,IP-4597E,0
PROP-12064,48.9,CLT,Casado,Fundamental,6479.14,16145.3,24,484.3,2,2,-36.44,3115,IP-7B3F9,1
PROP-12065,44.3,PJ,Solteiro,Medio,3794.95,9717.64,24,738.2,3,2,30.37,5067,IP-2777E,0
PROP-12066,34.8,CLT,Casado,Superior,,3770.52,24,745.9,0,2,-62.71,9247,IP-BE3BB,0
PROP-12067,32.9,CLT,Solteiro,Medio,7397.49,16165.44,24,955.6,2,0,-9.94,4971,IP-C439D,0
PROP-12068,41.4,CLT,Divorciado,Superior,2207.13,28010.77,48,687.5,4,2,-12.09,7800,IP-60D45,1
PROP-12069,44.3,CLT,Solteiro,Superior,3136.18,25604.31,36,721.4,3,0,17.74,7195,IP-8D58B,0
PROP-12070,53.4,PJ,Casado,Superior,2466.06,30406.23,12,554.1,0,1,-18.19,3684,IP-8A729,1
PROP-12071,51.1,Autonomo,Casado,Superior,3268.57,2316.23,48,695.8,2,0,19.69,8081,IP-B4FE7,0
PROP-12072,32.0,CLT,Casado,Superior,2499.78,33891.84,24,566.8,1,2,5.72,2809,IP-4B20D,1
PROP-12073,36.9,Servidor_Publico,Solteiro,Superior,5037.56,13266.6,60,636.2,3,0,33.79,8118,IP-3C183,0
PROP-12074,45.4,Servidor_Publico,Viuvo,Pos_Graduacao,8121.4,34683.13,60,644.4,1,1,20.4,6564,IP-198F2,1
PROP-12075,49.7,Servidor_Publico,Casado,Medio,7887.52,10336.44,60,570.7,6,1,-18.35,1060,IP-3D8BB,0
PROP-12076,48.3,CLT,Casado,Superior,3304.05,17560.7,48,628.8,2,1,73.78,4407,IP-3D564,1
PROP-12077,37.3,clt,Solteiro,Superior,20250.91,13679.61,24,567.5,1,3,-34.68,9579,IP-202F7,0
PROP-12078,24.2,Estudante,Casado,Medio,,13740.1,36,566.8,1,0,67.62,5766,IP-40414,0
PROP-12079,27.0,PJ,Solteiro,Superior,3541.27,29795.31,24,770.7,0,0,45.26,5895,IP-9D119,0
PROP-12080,41.0,CLT,Solteiro,Medio,,26631.83,24,644.6,6,0,25.07,1663,IP-8FC26,0
PROP-12081,41.8,CLT,Solteiro,Medio,6897.24,34741.0,36,668.6,5,0,-8.93,7458,IP-937F3,0
PROP-12082,25.9,clt,Casado,Medio,7210.28,22245.98,12,416.0,1,1,-39.44,2226,IP-9ACA1,1
PROP-12083,38.5,Servidor_Publico,Solteiro,Medio,,17287.47,60,679.3,2,0,5.58,3247,IP-481D8,0
PROP-12084,44.9,Autonomo,Solteiro,Superior,4053.23,4972.44,60,694.3,3,0,5.09,3752,IP-DC58A,1
PROP-12085,25.3,clt,Casado,Superior,9712.88,34886.53,24,564.2,3,1,-9.26,3945,IP-BDEF1,1
PROP-12086,50.2,CLT,Casado,Fundamental,4345.28,20200.51,36,911.9,10,1,22.92,9176,IP-62A01,1
PROP-12087,33.8,Autonomo,Solteiro,Superior,6231.19,25115.76,24,299.5,3,0,41.07,3683,IP-6682D,1
PROP-12088,51.8,PJ,Casado,Medio,5123.6,15422.5,48,729.8,3,0,-45.8,7259,IP-96697,0
PROP-12089,32.1, CLT ,Solteiro,Pos_Graduacao,9159.17,20074.62,36,719.8,2,0,-37.18,3002,IP-DD969,0
PROP-12090,26.7,PJ,Solteiro,Pos_Graduacao,2806.41,33105.07,24,695.8,3,1,-67.54,8133,IP-41005,1
PROP-12091,33.0,Estudante,Solteiro,Superior,4998.5,7491.84,24,644.7,0,1,14.58,2524,IP-631BF,1
PROP-12092,37.0,CLT,Casado,Superior,1952.37,11648.3,24,697.1,2,3,74.36,4710,IP-20754,1
PROP-12093,33.7,Autonomo,Solteiro,Fundamental,6321.83,7017.97,60,741.5,4,1,-69.86,3456,IP-61CA2,0
PROP-12094,35.6,CLT,Solteiro,Superior,6929.92,28143.12,12,518.4,1,0,-41.9,9756,IP-9C0CF,1
PROP-12095,41.7,PJ,Solteiro,Pos_Graduacao,1583.88,4047.49,12,661.9,2,2,-72.35,9435,IP-59BA8,0
PROP-12096,36.1,Autonomo,Casado,Medio,6130.74,4693.84,48,594.3,2,1,-30.3,4867,IP-B876A,0
PROP-12097,37.3,Autonomo,Solteiro,Medio,3649.58,11850.31,48,466.9,4,0,-107.07,5004,IP-CDC81,1
PROP-12098,19.2,PJ,Solteiro,Superior,1956.5,18968.21,48,720.4,2,2,54.48,7047,IP-C2DF7,1
PROP-12099,42.3, CLT ,Solteiro,Superior,,15407.07,36,541.0,2,1,33.64,3122,IP-E5FBE,0
PROP-12100,37.0,Servidor_Publico,Solteiro,Superior,2307.03,3478.94,36,,5,1,9.2,1369,IP-72F24,0
PROP-12101,55.7,Autonomo,Casado,Fundamental,3655.82,33597.22,36,544.5,1,0,44.96,3173,IP-28B00,0
PROP-12102,27.7,CLT,Casado,Medio,,33444.69,12,508.2,5,2,42.31,7743,IP-94699,0
PROP-12103,18.1,Autonomo,Solteiro,Medio,7031.81,11218.76,36,764.0,2,1,-3.27,6599,IP-69616,0
PROP-12104,44.8,PJ,Solteiro,Superior,7650.33,26140.35,12,641.4,2,1,-67.44,2621,IP-406FD,0
PROP-12105,41.8,CLT,Solteiro,Superior,5322.88,21092.99,24,813.5,1,0,-37.89,5288,IP-4856E,0
PROP-12106,26.9,PJ,Solteiro,Medio,1496.38,9836.73,60,526.7,7,0,-4.39,1354,IP-45BC6,1
PROP-12107,21.2,Servidor_Publico,Solteiro,Superior,,10651.66,24,742.4,3,1,-38.86,9249,IP-DEAAF,0
PROP-12108,54.9,CLT,Casado,Superior,6268.24,18208.05,60,990.0,3,0,86.43,6323,IP-C625F,0
PROP-12109,53.6,Estudante,Divorciado,Superior,1546.13,15834.82,24,669.8,2,0,7.85,8671,IP-2DC6B,1
PROP-12110,10.6,CLT,Viuvo,Superior,8575.01,11610.57,24,740.6,6,0,5.16,4373,IP-E8772,0
PROP-12111,33.0,CLT,Divorciado,Medio,,28647.88,36,717.1,3,1,47.36,8512,IP-A60CE,0
PROP-12112,56.3,CLT,Casado,Fundamental,5035.72,17888.28,48,420.9,1,0,13.85,4355,IP-6505A,1
PROP-12113,32.8,Servidor_Publico,Casado,Superior,4039.9,23609.99,36,702.0,4,0,-13.25,6584,IP-32702,0
PROP-12114,32.6,Autonomo,Solteiro,Superior,3686.69,8246.03,48,662.9,0,1,75.69,3255,IP-4F6B3,0
PROP-12115,34.9,CLT,Casado,Medio,10659.64,19605.75,12,583.6,3,1,21.72,8903,IP-2E6B4,0
PROP-12116,25.7, CLT ,Casado,Superior,3815.49,12493.21,60,496.2,1,1,-24.7,8660,IP-B2354,0
PROP-12117,19.2,Autonomo,Casado,Medio,1729.0,19371.65,12,717.2,4,1,8.92,9963,IP-E8484,1
PROP-12118,49.6,CLT,Casado,Medio,13708.81,27767.25,48,483.9,1,0,-26.5,6755,IP-85DEE,0
PROP-12119,17.7,Servidor_Publico,Solteiro,Superior,12036.25,27374.14,24,918.7,0,1,-41.02,1680,IP-D2155,0
PROP-12120,40.7,PJ,Solteiro,Medio,6244.21,13689.28,48,636.0,3,0,39.49,1571,IP-A48D0,0
PROP-12121,47.8,Autonomo,Divorciado,Superior,4049.82,24911.14,36,448.7,1,1,-25.06,2341,IP-6242F,1
PROP-12122,22.0,Estudante,Solteiro,Medio,1809.32,33062.57,12,548.0,1,1,-38.36,3579,IP-E13AF,1
PROP-12123,27.8, CLT ,Casado,Superior,7969.71,22647.09,60,581.1,3,1,9.05,5230,IP-3BAB6,1
PROP-12124,51.3,Estudante,Divorciado,Medio,1729.61,6897.53,24,957.7,1,2,52.44,1350,IP-3870B,0
PROP-12125,43.9,Autonomo,Casado,Medio,1698.48,24430.38,24,496.2,1,0,-105.01,6750,IP-3D9E3,1
PROP-12126,31.2,Autonomo,Casado,Medio,4637.6,5461.84,48,603.7,3,1,-36.21,3691,IP-680FC,0
PROP-12127,51.2,CLT,Solteiro,Pos_Graduacao,2132.93,30779.64,12,544.7,2,1,-111.72,5295,IP-29D44,1
PROP-12128,51.3,Servidor_Publico,Solteiro,Pos_Graduacao,1432.59,19049.8,24,689.9,1,1,-169.23,7386,IP-4CEB7,1
PROP-12129,41.0, CLT ,Divorciado,Medio,3710.46,14709.64,36,546.9,1,1,2.39,4320,IP-7D1A7,1
PROP-12130,28.1,CLT,Casado,Superior,2019.89,3881.22,48,460.5,1,0,-65.9,8830,IP-24D8B,0
PROP-12131,33.5,CLT,Casado,Superior,2134.86,14565.86,12,592.7,3,1,38.28,2880,IP-E5064,1
PROP-12132,41.2,Autonomo,Solteiro,Fundamental,1736.12,31805.82,36,578.1,3,0,-60.03,6923,IP-B2D0A,1
PROP-12133,35.9,Autonomo,Solteiro,Medio,2364.03,2692.44,36,537.1,1,2,29.37,6616,IP-BFCBC,0
PROP-12134,48.3,AUTONOMO,Divorciado,Superior,6679.26,17663.39,48,544.6,2,0,14.47,6140,IP-28F12,0
PROP-12135,21.2,Servidor_Publico,Solteiro,Medio,8351.43,32728.22,60,785.9,2,1,-46.75,8230,IP-3E029,0
PROP-12136,21.6,CLT,Casado,Medio,3930.31,15029.75,48,575.2,1,0,-25.19,5420,IP-C0A57,1
PROP-12137,40.0,AUTONOMO,Solteiro,Fundamental,4366.63,16129.8,36,461.2,0,1,8.68,2753,IP-F3E11,1
PROP-12138,32.6,CLT,Casado,Superior,1539.44,21092.48,24,555.3,2,1,26.52,8038,IP-3910B,1
PROP-12139,31.1,PJ,Divorciado,Medio,1701.71,17276.93,12,627.6,3,2,68.17,2195,IP-82CE8,1
PROP-12140,18.6,PJ,Casado,Medio,2650.86,7563.86,36,432.9,0,1,10.72,1625,IP-9F535,0
PROP-12141,38.2,Autonomo,Solteiro,Superior,4697.17,2612.33,60,847.6,4,0,-2.28,9636,IP-2F9A9,0
PROP-12142,37.4,AUTONOMO,Casado,Superior,7050.46,22123.78,36,741.5,3,0,1.17,8358,IP-CD0F3,0
PROP-12143,45.2,CLT,Casado,Medio,5301.28,32386.62,12,820.2,1,1,-12.77,9274,IP-1FC33,0
PROP-12144,38.8,clt,Solteiro,Fundamental,3490.72,5510.02,24,674.9,3,0,-23.41,1153,IP-C45D2,0
PROP-12145,36.5,PJ,Divorciado,Medio,1928.91,8961.44,36,326.9,1,2,-46.67,9625,IP-ABCFA,1
PROP-12146,50.9,clt,Casado,Medio,7774.12,14217.57,36,834.9,2,0,19.3,5512,IP-F3A94,0
PROP-12147,23.6, CLT ,Divorciado,Pos_Graduacao,3299.33,28688.49,36,499.1,4,0,-42.08,9067,IP-6D305,1
PROP-12148,43.9,clt,Casado,Medio,6994.45,10885.59,36,510.5,0,2,8.61,8406,IP-DF7A9,0
PROP-12149,19.6,PJ,Solteiro,Medio,4421.68,31107.8,24,641.9,3,1,-1.74,6949,IP-B76F2,0
PROP-12150,28.8,CLT,Solteiro,Superior,7036.15,3813.61,60,813.0,1,1,32.1,5257,IP-67A48,0
PROP-12151,24.7,CLT,Solteiro,Pos_Graduacao,11388.75,33051.57,36,767.5,2,1,11.83,9833,IP-25D6F,0
PROP-12152,46.6,AUTONOMO,Divorciado,Medio,,20504.65,24,,1,0,-38.78,5394,IP-E03C7,0
PROP-12153,37.3,PJ,Casado,Fundamental,4616.98,23739.66,24,576.3,3,0,-55.47,3375,IP-37E6B,0
PROP-12154,37.9,CLT,Casado,Superior,4409.02,14133.75,60,574.1,1,0,51.92,9724,IP-67BA4,0
PROP-12155,25.8,CLT,Solteiro,Medio,2696.99,27805.81,48,668.4,3,3,-21.06,8819,IP-389CA,1
PROP-12156,34.7,CLT,Solteiro,Superior,12932.15,7496.69,24,601.8,6,0,69.87,8034,IP-E8A92,0
PROP-12157,29.6,CLT,Casado,Medio,3971.83,3614.09,12,744.5,1,0,-131.08,8936,IP-65D62,0
PROP-12158,42.2,clt,Casado,Superior,1973.29,15052.06,12,736.2,0,0,9.06,4579,IP-DFB37,0
PROP-12159,27.1,AUTONOMO,Solteiro,Superior,3780.88,30171.96,24,702.8,1,0,42.78,4632,IP-3BC15,1
PROP-12160,52.6,Autonomo,Casado,Fundamental,1970.7,26912.59,36,266.4,3,1,4.36,9928,IP-423F9,1
PROP-12161,19.6,Autonomo,Solteiro,Medio,4332.54,19066.15,36,637.9,0,2,10.6,3026,IP-BB93E,0
PROP-12162,29.1, CLT ,Solteiro,Superior,4860.31,20880.55,36,604.8,2,1,28.61,7316,IP-8C48E,1
PROP-12163,56.4,PJ,Casado,Superior,3130.91,6286.46,36,643.5,3,0,41.35,3568,IP-8CDDA,0
PROP-12164,33.2,clt,Solteiro,Medio,1712.26,29742.49,12,514.4,2,0,30.17,4739,IP-78B15,1
PROP-12165,23.5,Estudante,Viuvo,Medio,13469.02,27969.67,12,434.5,3,1,61.44,2441,IP-57913,1
PROP-12166,40.4,Autonomo,Solteiro,Medio,7634.32,23663.52,24,684.8,1,1,-23.64,3207,IP-62962,0
PROP-12167,32.8,CLT,Solteiro,Superior,,17384.3,12,570.1,2,0,83.54,1960,IP-1965E,0
PROP-12168,28.8,Autonomo,Solteiro,Superior,3319.72,33827.16,12,700.5,3,0,-51.68,1088,IP-5A415,1
PROP-12169,25.9,CLT,Casado,Medio,7408.46,31008.06,36,526.1,3,1,47.9,5787,IP-D3F20,1
PROP-12170,68.5,Autonomo,Solteiro,Superior,4190.11,23266.21,48,,2,1,19.72,3110,IP-B168C,0
PROP-12171,35.2,CLT,Casado,Superior,2342.9,14269.43,48,760.1,4,0,112.05,1107,IP-5F5E4,0
PROP-12172,16.8,CLT,Solteiro,Superior,1958.06,22394.74,48,661.6,2,1,14.93,9004,IP-7D766,1
PROP-12173,54.4,PJ,Solteiro,Medio,3177.43,20989.55,36,590.1,3,0,34.35,4734,IP-EC99E,1
PROP-12174,44.7,CLT,Solteiro,Superior,2021.52,15009.99,36,739.3,2,0,-82.64,6506,IP-E6240,1
PROP-12175,29.6,PJ,Casado,Medio,28107.98,12120.24,24,675.0,4,2,42.72,4455,IP-B8AEC,0
PROP-12176,27.7,CLT,Divorciado,Medio,1611.85,15431.36,60,653.4,2,1,14.09,7464,IP-C2C5E,1
PROP-12177,45.4,Autonomo,Solteiro,Superior,3843.82,20939.08,12,,2,0,36.82,2005,IP-99449,0
PROP-12178,35.3,Autonomo,Casado,Medio,3926.93,16128.45,24,819.7,1,0,-47.65,1306,IP-7AD3E,1
PROP-12179,16.8,Autonomo,Divorciado,Medio,2901.83,10697.96,24,444.7,0,1,-24.94,9399,IP-7609B,1
PROP-12180,57.7,CLT,Solteiro,Medio,4957.9,27111.79,60,472.9,5,0,9.07,9931,IP-B7AD3,0
PROP-12181,33.2,CLT,Casado,Medio,2082.47,19538.43,60,510.8,0,1,-3.56,4659,IP-86F51,1
PROP-12182,54.5,CLT,Solteiro,Medio,7834.7,4233.28,48,409.7,4,1,13.64,3948,IP-ABDAC,1
PROP-12183,52.1,CLT,Divorciado,Fundamental,3097.38,14154.44,36,611.2,1,0,8.27,3689,IP-ACC60,0
PROP-12184,27.0,Autonomo,Casado,Medio,5158.49,31202.14,36,704.0,2,1,-24.81,3050,IP-BE310,1
PROP-12185,49.4,Servidor_Publico,Divorciado,Medio,6681.55,26922.81,60,617.0,2,0,-11.95,1646,IP-65B8B,0
PROP-12186,30.8,Servidor_Publico,Casado,Medio,10634.14,12667.14,36,545.2,3,1,-37.34,7489,IP-E5E16,0
PROP-12187,17.5,PJ,Solteiro,Pos_Graduacao,8987.69,32960.04,60,777.7,0,1,137.86,2483,IP-D6B45,0
PROP-12188,33.3,PJ,Divorciado,Superior,5336.58,4527.9,24,639.7,2,1,16.99,3481,IP-8BCC6,0
PROP-12189,42.4,Autonomo,Solteiro,Medio,3465.0,33720.75,24,668.0,3,0,87.81,1955,IP-7EE00,1
PROP-12190,32.9,CLT,Solteiro,Pos_Graduacao,4338.22,10108.27,48,781.6,3,0,-52.02,6056,IP-7FE9E,1
PROP-12191,34.6,Servidor_Publico,Casado,Medio,7549.6,2300.11,12,602.7,2,0,-4.42,1704,IP-717C9,0
PROP-12192,50.6,Autonomo,Casado,Medio,10220.07,16315.67,60,908.4,2,1,-22.31,9699,IP-9B81B,0
PROP-12193,39.2,Autonomo,Divorciado,Medio,1860.2,13846.02,36,557.3,5,3,19.8,3100,IP-A8502,1
PROP-12194,28.7,CLT,Solteiro,Medio,3440.78,19789.94,60,899.7,3,1,10.21,6640,IP-659E8,1
PROP-12195,45.7, CLT ,Casado,Medio,7685.85,28293.5,24,483.5,3,1,-56.84,5494,IP-9D465,1
PROP-12196,40.2,clt,Casado,Superior,3773.09,29800.22,36,692.4,5,0,23.79,6227,IP-55897,0
PROP-12197,10.3,PJ,Solteiro,Medio,3095.99,15240.59,24,530.0,2,0,13.38,6681,IP-4DD08,1
PROP-12198,42.7,Autonomo,Solteiro,Superior,3625.48,16184.91,36,776.7,3,1,14.73,7867,IP-19868,0
PROP-12199,42.3, CLT ,Solteiro,Medio,5278.4,6889.87,36,553.0,1,2,57.62,9260,IP-4C9FA,1
PROP-12200,38.2,Estudante,Solteiro,Medio,37281.65,3569.07,60,660.7,3,1,47.39,3523,IP-E83C9,0
PROP-12201,47.8,CLT,Viuvo,Superior,4252.76,23160.09,36,528.9,2,0,81.26,2638,IP-92A3C,0
PROP-12202,30.6, CLT ,Casado,Pos_Graduacao,2382.04,4126.44,24,751.2,2,2,16.95,4941,IP-D5963,0
PROP-12203,41.7,CLT,Casado,Medio,2146.54,26216.39,60,528.2,0,0,45.7,9207,IP-6ED38,0
PROP-12204,20.8,AUTONOMO,Viuvo,Superior,,19789.97,24,855.7,1,2,-9.52,6198,IP-36DAF,0
PROP-12205,42.5,Servidor_Publico,Solteiro,Medio,4836.84,8553.24,24,480.6,3,0,9.6,8912,IP-74F58,0
PROP-12206,59.5,CLT,Casado,Medio,4703.37,19804.26,12,431.6,3,1,29.05,4369,IP-66841,1
PROP-12207,27.1,PJ,Solteiro,Medio,2364.77,8038.92,48,753.2,1,3,-24.71,7553,IP-D296A,0
PROP-12208,29.6,CLT,Divorciado,Medio,6391.8,16478.33,24,537.2,1,1,3.09,4741,IP-611A8,0
PROP-12209,30.2,Servidor_Publico,Solteiro,Medio,7075.63,28385.49,24,619.0,5,0,-64.07,2234,IP-6C542,1
PROP-12210,39.4,PJ,Divorciado,Medio,2659.53,17243.34,60,574.9,2,1,61.7,1183,IP-7F9BA,0
PROP-12211,26.3,PJ,Solteiro,Superior,3171.34,6907.08,48,436.2,1,2,63.15,2943,IP-58646,1
PROP-12212,42.6,CLT,Solteiro,Medio,20944.64,25886.35,12,609.2,2,1,-60.67,1039,IP-83A4C,0
PROP-12213,47.3,Estudante,Casado,Superior,3369.08,8163.36,48,797.1,3,0,57.89,9894,IP-5671A,0
PROP-12214,43.9,AUTONOMO,Solteiro,Medio,7407.94,26372.15,60,,6,1,48.4,7596,IP-ED38C,0
PROP-12215,18.5,CLT,Casado,Superior,3931.78,17818.63,12,,4,2,16.0,4039,IP-D745B,0
PROP-12216,48.9,PJ,Solteiro,Superior,8022.16,16973.48,48,775.7,1,0,16.12,7204,IP-6DE92,0
PROP-12217,48.3,CLT,Casado,Medio,7554.84,30097.36,36,471.7,2,0,28.63,9011,IP-360FB,0
PROP-12218,47.1,Servidor_Publico,Solteiro,Medio,6027.92,25383.92,36,574.4,6,0,-65.7,3083,IP-BAC4A,0
PROP-12219,42.1,CLT,Solteiro,Superior,9503.88,3086.06,24,675.4,7,0,115.2,9734,IP-5E6DC,0
PROP-12220,40.4,AUTONOMO,Solteiro,Pos_Graduacao,,11773.75,36,601.7,4,0,-108.47,8904,IP-E1D64,0
PROP-12221,49.4,Autonomo,Casado,Medio,5043.34,30740.38,12,,2,1,-73.11,6242,IP-3122F,0
PROP-12222,59.2,CLT,Solteiro,Medio,2538.67,2604.76,48,,1,1,53.07,3310,IP-CEA21,0
PROP-12223,27.5,CLT,Solteiro,Pos_Graduacao,3535.88,19993.36,12,,1,0,45.88,3265,IP-60A69,0
PROP-12224,49.9,CLT,Solteiro,Medio,7364.34,26018.25,24,734.5,6,0,85.2,6465,IP-C90B2,0
PROP-12225,37.1,clt,Solteiro,Superior,5819.87,22521.25,12,654.1,2,0,5.22,9467,IP-45DDF,1
PROP-12226,36.6,CLT,Casado,Medio,2222.23,27097.56,48,746.3,1,1,-46.15,6024,IP-D1A99,0
PROP-12227,21.1,Autonomo,Divorciado,Medio,1620.92,25947.83,24,558.8,1,1,3.26,6604,IP-949B3,1
PROP-12228,34.9,CLT,Solteiro,Superior,6224.68,24837.01,24,520.2,2,3,42.61,7266,IP-261D9,1
PROP-12229,27.0,CLT,Casado,Superior,2614.31,29110.82,24,620.9,0,3,-34.74,8059,IP-DAA9B,1
PROP-12230,32.9,AUTONOMO,Casado,Medio,4308.45,23307.79,48,739.6,4,0,-53.33,1361,IP-7FE5B,1
PROP-12231,25.9,CLT,Solteiro,Superior,7168.13,15279.81,24,587.6,1,2,1.58,8593,IP-D8D15,1
PROP-12232,33.1,Servidor_Publico,Casado,Superior,4873.65,17573.0,48,732.2,2,1,-36.11,8934,IP-97552,1
PROP-12233,33.5,PJ,Solteiro,Superior,1765.31,25651.92,12,,1,0,-8.7,6849,IP-193C2,0
PROP-12234,39.1,Autonomo,Casado,Medio,2262.17,30918.1,12,597.4,2,1,-30.89,6467,IP-30329,1
PROP-12235,20.2,Autonomo,Solteiro,Superior,2439.92,10983.22,36,610.2,2,2,29.13,5209,IP-EF10F,1
PROP-12236,22.1,Servidor_Publico,Casado,Superior,2652.54,13288.53,60,791.7,3,0,-22.49,6996,IP-6EF91,1
PROP-12237,42.0,CLT,Casado,Superior,4900.02,32714.4,12,649.1,2,1,-25.9,7343,IP-2D7C3,1
PROP-12238,29.2,CLT,Solteiro,Superior,4344.66,21090.89,12,864.5,2,0,35.26,9348,IP-C0617,0
PROP-12239,49.8,CLT,Solteiro,Medio,2353.83,7905.74,12,431.3,1,3,-55.51,6442,IP-F12D5,1
PROP-12240,40.5,PJ,Viuvo,Superior,1693.77,23901.94,36,638.2,0,1,-45.3,7031,IP-9A0AF,1
PROP-12241,44.7,CLT,Solteiro,Superior,2189.84,34695.15,24,,5,1,16.94,2534,IP-516D1,0
PROP-12242,53.5,Autonomo,Casado,Medio,18869.01,29173.97,48,706.8,1,0,-43.75,1849,IP-B71B9,0
PROP-12243,34.6,Estudante,Divorciado,Superior,4054.99,26609.46,12,506.1,1,0,65.05,7466,IP-3B1BE,1
PROP-12244,31.7,PJ,Casado,Medio,9884.03,8865.54,12,855.8,6,1,-52.66,9413,IP-1DF5C,0
PROP-12245,47.6,Autonomo,Casado,Superior,9333.12,30912.61,24,621.8,4,0,-5.97,9793,IP-A4249,0
PROP-12246,43.6,CLT,Casado,Medio,4409.11,19351.03,36,467.8,2,1,-43.39,5074,IP-BD350,0
PROP-12247,35.9,PJ,Divorciado,Superior,6551.37,31346.57,36,617.8,1,0,73.14,5122,IP-8BF7A,0
PROP-12248,53.3,Autonomo,Casado,Pos_Graduacao,,12884.32,12,576.2,1,0,-52.82,3403,IP-8F132,0
PROP-12249,35.7,CLT,Casado,Superior,6297.3,4047.68,60,,3,2,95.89,7697,IP-5E16F,0
PROP-12250,38.4,CLT,Solteiro,Pos_Graduacao,2735.53,17707.21,24,767.0,2,3,4.16,4924,IP-F1B9F,1
PROP-12251,38.2,Servidor_Publico,Divorciado,Fundamental,8893.48,10904.64,36,627.0,1,1,-9.23,6273,IP-38005,0
PROP-12252,27.7,Autonomo,Casado,Medio,1767.24,25602.57,36,604.3,1,0,-104.31,9467,IP-8C127,0
PROP-12253,38.9,PJ,Solteiro,Superior,7630.35,33584.52,24,753.1,2,1,83.3,9412,IP-58F5D,0
PROP-12254,53.4,Servidor_Publico,Divorciado,Superior,1842.22,24802.15,48,759.8,2,1,25.39,8254,IP-19DEF,0
PROP-12255,42.9,Autonomo,Casado,Pos_Graduacao,10346.94,31268.82,48,212.4,2,0,-60.95,8758,IP-C0C6B,1
PROP-12256,38.3,Autonomo,Solteiro,Medio,2923.34,16949.79,24,710.0,3,0,-26.06,9242,IP-1DAA8,1
PROP-12257,36.2, CLT ,Casado,Fundamental,5862.31,27464.14,36,623.9,4,3,-82.71,9065,IP-8220F,0
PROP-12258,41.6,CLT,Solteiro,Superior,4207.53,29820.43,24,436.4,3,1,-38.89,9319,IP-679A6,1
PROP-12259,46.2, CLT ,Divorciado,Superior,3315.98,25458.9,36,743.2,3,2,-5.72,3276,IP-5BD47,1
PROP-12260,44.7,PJ,Solteiro,Medio,5754.91,18756.65,24,934.5,4,0,81.84,2370,IP-A6A93,0
PROP-12261,34.3,Autonomo,Casado,Medio,13779.0,22653.58,48,698.0,1,1,124.59,4984,IP-CFC84,0
PROP-12262,41.6,Servidor_Publico,Casado,Superior,1577.01,25116.73,24,774.1,1,2,26.66,7338,IP-1BB5C,1
PROP-12263,43.3, CLT ,Solteiro,Medio,11948.26,10351.79,12,872.6,2,0,-77.84,9292,IP-D22B6,0
PROP-12264,26.9,Autonomo,Viuvo,Superior,5344.88,28716.12,24,503.8,3,2,116.47,8472,IP-A87C8,1
PROP-12265,39.9,Autonomo,Casado,Medio,8316.12,33360.71,12,359.9,1,1,-88.61,5807,IP-F3FE7,1
PROP-12266,14.2,Autonomo,Solteiro,Superior,3434.08,17352.9,36,712.0,2,0,42.95,5257,IP-EC536,0
PROP-12267,43.3,AUTONOMO,Casado,Medio,,25135.22,24,585.3,5,1,3.29,8407,IP-2DA73,0
PROP-12268,45.3,CLT,Divorciado,Superior,9931.96,26321.85,48,427.6,6,0,61.65,5488,IP-B8D8F,0
PROP-12269,46.2,Autonomo,Solteiro,Superior,3650.71,23854.17,24,609.1,2,0,-37.77,6305,IP-2C6AA,1
PROP-12270,33.7,CLT,Solteiro,Medio,4612.94,20054.8,36,721.9,4,0,51.74,2104,IP-262A0,0
PROP-12271,41.4, CLT ,Solteiro,Medio,,31094.38,36,599.1,3,0,72.56,6815,IP-C7350,0
PROP-12272,53.7,clt,Solteiro,Medio,2125.28,16814.58,60,509.8,4,1,20.5,1200,IP-D79CB,0
PROP-12273,53.6,Autonomo,Casado,Superior,5710.66,4016.4,60,,7,2,0.65,9894,IP-A7BE4,0
PROP-12274,37.7,Estudante,Casado,Superior,6701.35,29870.36,48,617.3,5,0,51.02,1882,IP-DD32D,1
PROP-12275,39.5,Autonomo,Solteiro,Superior,5069.59,24241.38,48,349.9,2,1,67.11,7160,IP-1B0A6,0
PROP-12276,50.2,AUTONOMO,Solteiro,Superior,2049.65,30025.53,24,600.0,3,0,-23.29,5333,IP-A9B1A,1
PROP-12277,21.5,Autonomo,Solteiro,Superior,3875.98,6572.07,48,431.8,1,0,-31.74,7892,IP-3185B,1
PROP-12278,34.4,Autonomo,Divorciado,Medio,3242.34,3014.85,60,712.3,4,0,-32.24,7489,IP-3F4B7,0
PROP-12279,52.7,CLT,Solteiro,Medio,4274.93,32834.36,12,401.5,1,0,-112.37,8621,IP-30186,1
PROP-12280,48.7,CLT,Viuvo,Medio,9979.57,6875.03,36,761.8,3,0,46.67,3464,IP-9AA23,0
PROP-12281,42.1, CLT ,Casado,Fundamental,7681.06,28718.53,24,562.7,1,1,-0.32,6925,IP-EDB8E,0
PROP-12282,21.4,clt,Solteiro,Pos_Graduacao,1768.46,29165.93,36,544.0,2,1,-14.21,3102,IP-EDF3A,1
PROP-12283,37.5,CLT,Divorciado,Medio,10682.38,25387.27,24,661.2,2,0,-22.18,6491,IP-5B25D,0
PROP-12284,31.5,CLT,Casado,Superior,4080.52,6331.65,36,498.8,2,1,21.88,4196,IP-5B855,1
PROP-12285,41.6,CLT,Casado,Pos_Graduacao,7120.57,24024.15,36,659.0,3,0,-33.14,9215,IP-CEC68,0
PROP-12286,29.1,Estudante,Viuvo,Superior,2033.65,31339.86,60,517.5,1,1,44.88,1091,IP-7A460,0
PROP-12287,26.7,CLT,Solteiro,Medio,6065.55,16042.54,36,542.1,4,0,-18.88,9687,IP-82D81,0
PROP-12288,15.3,clt,Solteiro,Medio,2532.38,15646.06,48,676.7,2,0,-57.38,4435,IP-6F9FE,0
PROP-12289,51.4,CLT,Casado,Superior,3823.11,16614.32,24,460.6,3,0,30.25,3610,IP-6A906,1
PROP-12290,33.6,Autonomo,Solteiro,Fundamental,1471.43,4714.97,24,443.0,2,0,-43.46,8037,IP-8BDF6,1
PROP-12291,39.7,CLT,Solteiro,Superior,2090.55,31436.84,24,654.8,3,2,-3.53,4730,IP-5E262,1
PROP-12292,38.0,CLT,Solteiro,Medio,1805.72,30683.03,24,616.2,2,2,46.76,7622,IP-57706,1
PROP-12293,26.3,Autonomo,Solteiro,Medio,2551.22,34931.01,24,643.6,4,1,2.43,5528,IP-93933,1
PROP-12294,24.2,CLT,Casado,Superior,1842.6,21311.04,36,665.9,2,0,5.41,1310,IP-EEB59,0
PROP-12295,26.9,CLT,Solteiro,Pos_Graduacao,6344.93,26789.32,36,628.0,1,2,-21.93,3093,IP-9994F,0
PROP-12296,30.0,CLT,Casado,Superior,1523.77,8688.17,36,705.1,5,1,8.41,8310,IP-3D639,1
PROP-12297,42.0,CLT,Casado,Superior,5438.95,24028.45,24,633.6,3,0,-31.19,5067,IP-2AE3F,0
PROP-12298,29.2,CLT,Solteiro,Medio,2036.91,23441.18,24,339.0,3,2,26.36,3271,IP-47C00,1
PROP-12299,57.2,CLT,Solteiro,Pos_Graduacao,13594.12,31739.89,36,375.3,1,0,-16.79,7310,IP-327C7,0
PROP-12300,49.3,PJ,Casado,Superior,12758.76,29416.16,12,889.9,2,0,-9.42,6094,IP-C20A4,0
PROP-12301,46.9,Autonomo,Solteiro,Medio,2473.27,32969.39,24,620.0,4,0,-50.34,5083,IP-688A9,1
PROP-12302,36.7,Autonomo,Casado,Superior,5402.64,30671.5,12,753.0,3,0,25.86,9854,IP-75B7D,1
PROP-12303,54.7,CLT,Divorciado,Medio,1519.3,30666.9,12,571.6,1,1,-27.18,6847,IP-864E8,1
PROP-12304,35.6,Servidor_Publico,Solteiro,Medio,12677.6,4102.87,24,,2,1,-54.67,2061,IP-3694D,0
PROP-12305,37.7, CLT ,Casado,Medio,4508.89,29916.74,12,556.5,2,0,-25.92,8822,IP-814BF,1
PROP-12306,39.9,CLT,Casado,Medio,1585.58,22046.79,24,965.2,1,1,40.72,6621,IP-2BE5C,0
PROP-12307,45.7,Autonomo,Solteiro,Medio,3161.1,14554.67,36,655.5,2,3,29.0,7048,IP-A8CF4,1
PROP-12308,45.0,CLT,Divorciado,Superior,1735.84,3864.98,12,545.1,1,1,-111.85,5207,IP-1F649,1
PROP-12309,32.8,CLT,Divorciado,Superior,3496.37,24363.23,24,388.8,4,1,-34.72,7641,IP-ADE11,1
PROP-12310,32.1,Autonomo,Solteiro,Superior,6055.45,12830.66,60,896.3,2,1,71.93,3593,IP-48898,0
PROP-12311,45.0,Servidor_Publico,Casado,Medio,4065.62,17436.62,48,597.1,1,1,62.78,2324,IP-423B9,0
PROP-12312,45.9,clt,Divorciado,Medio,3433.04,24497.04,24,724.2,3,0,-62.67,5876,IP-8A636,1
PROP-12313,33.7,AUTONOMO,Divorciado,Superior,1932.88,32088.56,60,739.8,1,3,44.92,9250,IP-3D428,1
PROP-12314,20.5,Estudante,Casado,Medio,2580.02,29239.42,24,555.2,4,0,-71.91,7466,IP-84464,1
PROP-12315,35.7,CLT,Casado,Medio,1843.18,16869.71,12,714.1,0,0,-41.84,6556,IP-39ED6,1
PROP-12316,44.9,CLT,Solteiro,Pos_Graduacao,8320.14,14796.84,60,,1,0,-53.54,3552,IP-31927,0
PROP-12317,57.9, CLT ,Divorciado,Superior,2010.27,9912.73,48,481.3,2,1,36.9,5550,IP-8E28B,1
PROP-12318,24.8, CLT ,Solteiro,Pos_Graduacao,5200.12,14290.08,24,783.0,3,2,1.67,1377,IP-56913,0
PROP-12319,33.3, CLT ,Casado,Superior,3162.64,5664.53,36,597.9,1,1,25.35,5652,IP-5E2D7,1
PROP-12320,33.7,Servidor_Publico,Solteiro,Medio,2475.85,34046.48,36,692.6,0,1,-98.0,7446,IP-E5192,1
PROP-12321,52.9,AUTONOMO,Solteiro,Superior,5684.74,20939.28,12,677.5,3,1,44.18,6983,IP-2AD8D,1
PROP-12322,37.6,Autonomo,Solteiro,Medio,3964.73,6217.59,24,709.3,1,0,81.79,1752,IP-5EDEA,0
PROP-12323,28.0,CLT,Viuvo,Superior,3546.49,13642.6,24,402.1,5,1,12.03,2433,IP-8A6D7,1
PROP-12324,44.1,PJ,Solteiro,Medio,5174.03,20052.29,60,538.1,1,1,99.33,8070,IP-9B743,0
PROP-12325,33.5,Estudante,Casado,Pos_Graduacao,4238.5,19585.23,12,574.6,1,1,43.54,4195,IP-5E631,1
PROP-12326,24.5,PJ,Solteiro,Medio,2918.99,3171.61,48,503.6,6,1,90.35,8838,IP-DD5BE,0
PROP-12327,28.2,CLT,Solteiro,Pos_Graduacao,4839.17,33377.75,12,680.1,3,2,-11.49,5411,IP-99088,1
PROP-12328,57.1,Autonomo,Solteiro,Pos_Graduacao,6050.01,11087.4,24,786.2,2,0,16.03,2536,IP-52EA7,0
PROP-12329,42.2,CLT,Casado,Superior,1513.63,2534.09,36,808.3,1,0,-33.92,8341,IP-EE103,0
PROP-12330,39.2,CLT,Solteiro,Superior,4033.9,4522.65,36,572.5,1,0,-72.58,6337,IP-4E692,0
PROP-12331,35.3,CLT,Solteiro,Superior,1649.54,21146.43,12,660.9,3,0,-40.64,7837,IP-6FC35,1
PROP-12332,41.2,Autonomo,Solteiro,Superior,2266.43,6546.92,24,682.4,3,1,14.23,2722,IP-C6EE1,0
PROP-12333,41.1,Autonomo,Solteiro,Superior,4852.98,3376.92,36,707.0,4,1,-62.99,9797,IP-79762,0
PROP-12334,41.2,CLT,Divorciado,Superior,9847.57,14527.67,12,497.1,2,0,5.68,5136,IP-E4FC0,0
PROP-12335,39.3, CLT ,Divorciado,Superior,10404.47,22551.12,12,874.9,0,4,-108.77,8218,IP-5C869,0
PROP-12336,47.6,clt,Solteiro,Fundamental,1704.54,5690.71,36,749.7,3,3,-16.53,5439,IP-A81D4,0
PROP-12337,38.3, CLT ,Casado,Superior,3681.38,12339.82,36,753.4,3,2,13.02,8132,IP-1F84C,1
PROP-12338,27.2,CLT,Divorciado,Superior,,15786.1,12,788.5,1,0,-35.24,1658,IP-EA762,0
PROP-12339,31.3, CLT ,Solteiro,Superior,2068.13,7262.18,36,694.8,1,1,-15.66,7705,IP-9FD1A,1
PROP-12340,16.2,PJ,Casado,Pos_Graduacao,7490.04,18700.44,60,476.2,1,1,-0.99,1859,IP-527C6,0
PROP-12341,60.3,CLT,Divorciado,Superior,7126.69,4812.06,12,,3,0,-19.45,3721,IP-80598,0
PROP-12342,47.5,CLT,Solteiro,Medio,11213.58,3535.11,36,388.9,1,0,14.28,5995,IP-7F444,0
PROP-12343,28.9, CLT ,Solteiro,Superior,1435.79,19154.57,12,678.1,1,1,-84.52,6878,IP-56101,1
PROP-12344,34.9,Servidor_Publico,Divorciado,Fundamental,2425.72,10180.6,12,596.3,2,1,-59.32,4013,IP-40ED1,0
PROP-12345,31.0,Autonomo,Casado,Superior,8773.28,5147.34,12,614.3,2,0,-51.29,1731,IP-985BB,0
PROP-12346,55.0,Autonomo,Solteiro,Superior,6063.77,15989.12,24,788.6,3,0,-10.6,3405,IP-A39D3,0
PROP-12347,22.4, CLT ,Solteiro,Medio,10841.6,32199.64,48,556.0,2,1,90.38,9584,IP-74019,0
PROP-12348,39.3,Autonomo,Solteiro,Superior,1647.29,25898.35,24,584.7,3,0,28.96,1691,IP-D9CFB,1
PROP-12349,36.8,CLT,Casado,Superior,5216.66,28915.33,36,623.1,1,1,-85.79,3385,IP-7473D,1
PROP-12350,47.1,Autonomo,Casado,Pos_Graduacao,4935.37,30773.16,24,362.4,5,0,10.44,8070,IP-CF718,1
PROP-12351,36.9,Servidor_Publico,Viuvo,Medio,1552.57,34096.72,24,582.8,0,0,-27.56,3901,IP-5E13A,1
PROP-12352,18.7,Autonomo,Solteiro,Pos_Graduacao,4426.37,27187.14,36,272.0,2,2,-22.74,6187,IP-50704,1
PROP-12353,35.2,Servidor_Publico,Casado,Superior,5349.59,22077.46,48,538.0,2,0,-36.41,4232,IP-7ABC6,1
PROP-12354,27.3,AUTONOMO,Casado,Medio,2291.74,14059.05,48,739.7,3,2,-14.01,9803,IP-6DC49,0
PROP-12355,38.9,CLT,Solteiro,Medio,2740.99,7994.23,48,682.6,1,0,-89.38,7970,IP-571BB,0
PROP-12356,53.8,Servidor_Publico,Solteiro,Medio,,24659.78,24,536.7,0,0,-6.1,2442,IP-1E1DE,0
PROP-12357,18.9,CLT,Viuvo,Superior,4053.05,34833.35,48,625.7,4,3,15.78,7332,IP-90A06,1
PROP-12358,29.2,Autonomo,Divorciado,Medio,9598.5,17422.84,24,469.5,1,1,-40.11,3913,IP-8DED6,0
PROP-12359,31.9,CLT,Casado,Medio,3160.35,25881.42,36,619.7,3,0,-26.48,2589,IP-57791,1
PROP-12360,33.8,CLT,Casado,Superior,2702.61,18338.05,60,990.0,1,1,-59.74,9350,IP-2AF31,0
PROP-12361,46.1, CLT ,Solteiro,Medio,19001.39,16253.8,12,878.4,3,0,-20.3,2072,IP-90D41,0
PROP-12362,36.1,CLT,Casado,Medio,11566.71,15540.09,24,627.4,2,1,4.46,8632,IP-44958,0
PROP-12363,42.6,clt,Casado,Superior,1523.57,18652.61,36,642.4,1,2,-9.47,3709,IP-6D00F,1
PROP-12364,31.1,Autonomo,Casado,Superior,7585.97,14107.56,36,482.9,4,2,32.7,5319,IP-89B4C,1
PROP-12365,40.5,CLT,Viuvo,Superior,1891.02,26709.52,12,507.7,2,2,47.71,3240,IP-98CF0,1
PROP-12366,46.6,CLT,Casado,Superior,1517.05,30850.98,60,670.7,3,1,-29.52,6167,IP-9A236,1
PROP-12367,29.9,Autonomo,Solteiro,Superior,2743.1,31135.22,36,546.5,3,0,-11.63,1104,IP-3D2BE,1
PROP-12368,46.6,CLT,Casado,Superior,2718.02,9514.06,12,,0,0,-55.2,1961,IP-8EC28,0
PROP-12369,38.6,AUTONOMO,Solteiro,Medio,8586.29,31565.0,12,839.8,1,0,-24.14,1280,IP-2F1C2,0
PROP-12370,49.5,Autonomo,Solteiro,Medio,6608.75,13271.19,48,666.6,7,3,2.58,5116,IP-E1C38,1
PROP-12371,35.8,PJ,Solteiro,Superior,18182.85,12207.15,12,634.2,4,2,37.68,4556,IP-B4146,0
PROP-12372,42.2,Autonomo,Solteiro,Medio,6621.04,25982.95,12,384.7,3,0,-4.94,3688,IP-2D7A4,0
PROP-12373,37.6, CLT ,Casado,Superior,3675.24,12054.98,36,724.7,4,1,15.4,2439,IP-9C93B,0
PROP-12374,36.9,Autonomo,Casado,Superior,6441.7,3747.89,36,459.9,2,4,-66.88,1173,IP-72514,1
PROP-12375,40.8,CLT,Casado,Medio,32993.3,14329.39,36,561.5,2,1,12.19,9359,IP-CA4A6,0
PROP-12376,43.9,CLT,Casado,Medio,6601.13,25808.36,24,754.3,1,0,-43.46,4216,IP-A9E09,0
PROP-12377,24.3,PJ,Solteiro,Medio,7423.42,12789.63,48,764.2,3,1,78.47,1564,IP-AFB95,0
PROP-12378,53.8, CLT ,Casado,Superior,13103.41,22775.45,60,554.7,5,0,90.74,3667,IP-9EA17,0
PROP-12379,17.5,PJ,Solteiro,Superior,1906.71,23783.94,24,562.8,2,1,77.12,4659,IP-5DC49,1
PROP-12380,30.5,PJ,Solteiro,Superior,6524.21,26213.29,36,522.1,2,3,-46.04,7791,IP-D39C9,1
PROP-12381,37.0,PJ,Casado,Medio,9390.53,31605.31,60,452.3,4,1,32.82,4806,IP-311D8,1
PROP-12382,42.5,Servidor_Publico,Solteiro,Superior,14366.99,16274.63,36,,1,0,-124.59,8329,IP-7D585,0
PROP-12383,55.3, CLT ,Solteiro,Pos_Graduacao,2395.19,7492.26,36,,4,2,53.51,6721,IP-379F2,0
PROP-12384,17.6,CLT,Casado,Medio,4344.35,12524.55,24,715.6,3,2,-1.79,8132,IP-CF05F,0
PROP-12385,32.4,Autonomo,Casado,Superior,6192.91,16261.52,36,675.2,1,1,-91.13,9096,IP-B151B,1
PROP-12386,14.6, CLT ,Solteiro,Fundamental,2594.11,25558.42,36,698.5,3,0,30.06,8444,IP-32778,1
PROP-12387,38.3,Autonomo,Divorciado,Medio,5253.39,2433.03,36,486.4,2,2,-17.3,9157,IP-E81DE,1
PROP-12388,41.0,AUTONOMO,Casado,Superior,2650.92,12420.92,60,452.7,3,1,-17.51,1497,IP-D18B1,1
PROP-12389,55.5,Autonomo,Divorciado,Medio,3103.73,27734.81,12,627.5,3,0,26.35,2024,IP-E0F14,1
PROP-12390,39.3, CLT ,Solteiro,Superior,3846.64,24138.3,12,629.0,2,0,49.89,3226,IP-4AF8E,0
PROP-12391,49.5,CLT,Casado,Medio,4563.86,26147.42,12,599.4,2,0,13.35,3208,IP-ED24C,0
PROP-12392,44.4, CLT ,Divorciado,Fundamental,3906.08,28789.76,36,579.5,2,0,-114.94,1309,IP-D3BB3,1
PROP-12393,33.2,CLT,Casado,Superior,4254.45,27846.78,12,859.5,5,1,13.23,2690,IP-872A1,1
PROP-12394,22.5,Servidor_Publico,Casado,Superior,2889.58,24512.04,36,679.6,0,0,-51.93,7962,IP-425DF,0
PROP-12395,41.0,CLT,Solteiro,Superior,,16508.83,24,895.9,2,1,23.9,4099,IP-B7135,0
PROP-12396,21.6,CLT,Solteiro,Superior,1603.73,34458.74,24,797.7,3,1,16.07,9403,IP-8F109,1
PROP-12397,52.2,CLT,Casado,Superior,2316.14,20779.42,24,858.5,3,0,-16.34,6639,IP-84016,1
PROP-12398,36.2,Autonomo,Solteiro,Pos_Graduacao,5062.98,8691.38,48,469.6,2,1,-7.48,2881,IP-B47C1,1
PROP-12399,51.1,Autonomo,Divorciado,Fundamental,7877.74,11662.82,36,703.0,1,0,-92.79,4076,IP-E5B1C,0
PROP-12400,32.7,CLT,Solteiro,Superior,2178.78,24887.56,60,559.6,4,0,77.34,3388,IP-30742,0
PROP-12401,41.0,CLT,Divorciado,Pos_Graduacao,1882.63,32516.41,36,387.1,1,1,12.6,9391,IP-8DA1D,1
PROP-12402,40.3, CLT ,Divorciado,Superior,7210.53,7897.76,12,829.4,3,1,8.92,6753,IP-EFF64,0
PROP-12403,37.5,CLT,Solteiro,Superior,,4717.43,12,578.9,3,1,11.25,4259,IP-B05D8,0
PROP-12404,33.2,Autonomo,Solteiro,Superior,14109.96,31090.52,60,472.3,0,3,-94.21,5397,IP-240AE,1
PROP-12405,42.3,Autonomo,Divorciado,Medio,6662.08,32204.17,36,562.0,3,1,44.84,5235,IP-483C6,1
PROP-12406,27.8, CLT ,Divorciado,Medio,3061.72,11120.52,12,508.5,2,1,-24.52,1371,IP-7A46E,1
PROP-12407,24.7,CLT,Solteiro,Medio,2835.76,14450.43,36,522.9,0,1,1.39,4420,IP-78CBB,0
PROP-12408,51.7,Estudante,Solteiro,Superior,4515.16,23786.2,24,589.0,6,1,-34.52,6545,IP-906AB,0
PROP-12409,46.0,clt,Casado,Medio,1746.3,12887.69,24,,0,2,-65.76,3149,IP-E1762,0
PROP-12410,38.7,Autonomo,Casado,Superior,1925.83,30946.24,12,526.7,3,1,-31.73,2667,IP-84A03,1
PROP-12411,56.3,CLT,Solteiro,Fundamental,2212.33,5550.1,48,852.3,2,2,-14.13,8380,IP-E8DA6,1
PROP-12412,35.1,clt,Casado,Medio,7659.79,3253.41,12,738.8,4,1,-5.26,2336,IP-4DD4A,0
PROP-12413,52.5,CLT,Solteiro,Superior,4429.26,8880.04,24,675.5,3,0,-29.82,3470,IP-73FF0,0
PROP-12414,39.9,Autonomo,Solteiro,Medio,1444.62,11440.9,24,,7,0,-9.98,5763,IP-E5FB3,0
PROP-12415,26.7,Estudante,Solteiro,Medio,6101.38,5726.58,12,621.9,3,0,-19.85,9696,IP-439CE,0
PROP-12416,58.3, CLT ,Solteiro,Superior,3714.66,4167.78,36,800.0,3,1,-73.27,7165,IP-B4990,0
PROP-12417,48.9,CLT,Solteiro,Superior,4403.38,26935.05,12,699.4,5,1,-6.36,8368,IP-9DC8D,1
PROP-12418,36.7,CLT,Casado,Superior,2411.97,7421.13,24,386.9,2,1,-6.38,5268,IP-69394,1
PROP-12419,46.0, CLT ,Solteiro,Medio,4770.4,32159.43,60,661.5,1,0,-39.54,7592,IP-D32BB,0
PROP-12420,33.6,CLT,Solteiro,Superior,17656.34,14143.99,24,729.8,1,3,41.78,2375,IP-2736B,0
PROP-12421,47.1,CLT,Solteiro,Medio,1720.38,24129.99,24,579.5,3,0,-5.18,6614,IP-401B1,0
PROP-12422,11.7,PJ,Viuvo,Medio,2802.63,9438.27,24,637.7,1,0,14.75,9032,IP-B7FD8,0
PROP-12423,26.8,clt,Solteiro,Medio,2569.23,9930.65,36,534.2,1,1,-47.74,1387,IP-1900C,0
PROP-12424,48.8,CLT,Solteiro,Medio,2600.15,20965.4,48,427.1,2,0,-38.33,9495,IP-21A52,1
PROP-12425,35.3,Servidor_Publico,Casado,Medio,3399.0,20501.22,12,402.9,2,1,-18.36,9274,IP-CF2C4,1
PROP-12426,40.3,CLT,Viuvo,Medio,8558.28,27368.06,48,404.8,0,1,-65.1,6679,IP-D1A6B,0
PROP-12427,23.2,Estudante,Solteiro,Fundamental,11648.94,27007.84,48,713.7,2,1,-96.53,9011,IP-7FC27,0
PROP-12428,58.3,CLT,Casado,Medio,2348.85,24132.7,36,271.4,3,0,63.85,8866,IP-9D59D,1
PROP-12429,51.1,Servidor_Publico,Casado,Medio,4688.44,16821.31,12,526.7,0,2,-32.78,9675,IP-C2A07,1
PROP-12430,35.8,Autonomo,Casado,Medio,5654.91,31391.13,12,512.8,1,0,-11.06,4368,IP-3E108,1
PROP-12431,33.5,PJ,Solteiro,Superior,,22545.09,36,580.5,3,1,10.68,1366,IP-8929B,0
PROP-12432,49.3,Estudante,Casado,Medio,3791.04,34676.55,48,360.1,1,1,-14.26,3096,IP-3E392,1
PROP-12433,59.8,CLT,Solteiro,Pos_Graduacao,2295.28,29039.2,36,676.5,2,0,-60.12,7773,IP-BBE72,1
PROP-12434,48.5,Estudante,Casado,Fundamental,4213.41,3462.22,24,441.8,1,0,48.53,6814,IP-94F03,1
PROP-12435,61.9, CLT ,Casado,Medio,3553.98,12579.6,12,778.5,1,0,-27.31,6723,IP-4EA65,1
PROP-12436,27.9, CLT ,Solteiro,Superior,8067.49,20871.9,36,533.0,1,2,28.48,4719,IP-B6D96,1
PROP-12437,29.0,CLT,Casado,Medio,7457.44,25808.49,36,606.6,5,2,69.71,1478,IP-23ECB,1
PROP-12438,24.9,Autonomo,Solteiro,Superior,2004.25,20161.1,12,620.5,3,0,-65.65,9062,IP-E5EE0,1
PROP-12439,42.9,CLT,Casado,Superior,1789.28,27942.3,12,654.2,1,1,40.25,8995,IP-5B351,1
PROP-12440,39.9,Autonomo,Casado,Medio,11428.09,11327.64,24,625.2,2,1,4.9,7489,IP-BE8D0,0
PROP-12441,36.3,Autonomo,Solteiro,Medio,4620.61,8069.1,36,560.2,3,0,-45.61,2922,IP-C2AE2,0
PROP-12442,46.9,PJ,Solteiro,Superior,999999.0,3779.25,36,668.0,2,1,21.19,2926,IP-24A83,0
PROP-12443,51.6,PJ,Divorciado,Superior,1651.62,20919.35,48,685.3,3,0,5.19,7990,IP-96ECD,0
PROP-12444,21.2, CLT ,Solteiro,Medio,4540.07,24723.78,36,512.9,5,0,-30.59,9403,IP-75AE5,0
PROP-12445,31.4,CLT,Solteiro,Superior,4656.19,12762.94,12,679.7,2,2,95.17,6008,IP-4E644,1
PROP-12446,47.0,CLT,Solteiro,Superior,9678.79,22248.28,36,786.8,1,0,19.12,4593,IP-8B5FA,0
PROP-12447,32.9,CLT,Casado,Pos_Graduacao,1831.38,3721.19,60,718.8,2,0,-54.68,9303,IP-58C65,1
PROP-12448,29.2,CLT,Casado,Medio,2555.1,5276.68,60,750.5,2,3,16.47,4865,IP-D310C,0
PROP-12449,49.2,CLT,Solteiro,Superior,3591.49,25157.91,48,644.1,3,1,-9.12,1277,IP-87208,1
PROP-12450,23.8,CLT,Solteiro,Superior,9836.68,14146.3,24,488.9,3,0,-56.68,7542,IP-795CE,0
PROP-12451,34.7,Estudante,Solteiro,Medio,13138.88,24154.02,48,506.6,2,1,-11.67,2593,IP-5EA7D,0
PROP-12452,41.6,Autonomo,Solteiro,Superior,22077.69,29446.8,48,664.8,2,1,19.37,7907,IP-C336E,0
PROP-12453,31.7,CLT,Solteiro,Superior,14835.44,30136.54,36,752.0,3,0,-46.39,2851,IP-C581C,0
PROP-12454,46.6,Autonomo,Casado,Fundamental,1425.03,7681.53,24,990.0,4,0,-69.88,7475,IP-9A2F2,0
PROP-12455,31.7,CLT,Solteiro,Medio,1605.31,18047.42,60,757.5,1,2,-68.77,9358,IP-A37BD,0
PROP-12456,53.5, CLT ,Solteiro,Superior,2070.77,26219.58,24,456.1,3,1,-66.22,5994,IP-E4207,1
PROP-12457,36.6,Autonomo,Solteiro,Medio,3201.94,27541.36,12,512.6,2,0,26.71,8860,IP-2A468,1
PROP-12458,45.4,clt,Viuvo,Fundamental,,27894.31,12,939.0,3,0,20.43,9705,IP-E8D1A,0
PROP-12459,46.2, CLT ,Divorciado,Medio,10773.22,9529.52,36,590.0,2,1,-46.06,9598,IP-EF841,0
PROP-12460,31.1,Estudante,Casado,Fundamental,2268.65,8353.65,24,626.7,1,1,-10.79,3616,IP-9AB8D,1
PROP-12461,15.4,Servidor_Publico,Solteiro,Pos_Graduacao,5460.14,21470.41,12,485.5,2,0,-65.62,9903,IP-1E7F9,0
PROP-12462,42.0,Autonomo,Solteiro,Medio,11871.8,26455.83,36,839.1,2,0,-32.39,6259,IP-2980D,0
PROP-12463,38.8,Autonomo,Solteiro,Superior,4017.11,12531.6,48,690.0,1,2,-33.17,2536,IP-ED804,0
PROP-12464,44.1,Autonomo,Solteiro,Fundamental,1859.08,5455.27,36,,1,0,14.95,2890,IP-3F01F,0
PROP-12465,35.5,CLT,Casado,Medio,3971.01,25652.63,24,480.9,0,0,58.9,1957,IP-1E342,1
PROP-12466,33.3, CLT ,Casado,Superior,3379.36,11890.03,36,663.0,2,0,-54.69,3459,IP-C4D89,0
PROP-12467,60.1,CLT,Divorciado,Superior,5020.15,7489.97,12,626.2,5,0,-41.43,1751,IP-B18E1,1
PROP-12468,21.8,clt,Casado,Medio,3825.19,6874.88,24,736.5,1,1,13.65,6893,IP-6BEAC,1
PROP-12469,46.1,Autonomo,Solteiro,Medio,1473.49,12392.02,24,696.6,3,0,-72.0,8081,IP-4D30A,0
PROP-12470,31.7,CLT,Casado,Medio,22885.6,21558.38,48,583.0,3,2,-45.74,4621,IP-C680A,0
PROP-12471,34.3,Estudante,Solteiro,Medio,4693.87,13827.27,24,543.9,3,1,42.83,7987,IP-38BA8,0
PROP-12472,34.5,Servidor_Publico,Solteiro,Superior,4095.36,2681.84,12,597.6,2,1,61.17,8323,IP-ABE34,0
PROP-12473,29.2,AUTONOMO,Casado,Medio,,5197.98,24,542.9,1,0,-46.55,1011,IP-CB30B,0
PROP-12474,44.3,Autonomo,Solteiro,Pos_Graduacao,2111.64,11586.61,24,601.8,3,1,-41.32,5267,IP-8B9E0,1
PROP-12475,53.3,PJ,Solteiro,Superior,2281.08,23770.25,60,622.3,0,0,33.5,4598,IP-75073,1
PROP-12476,43.2,CLT,Solteiro,Medio,8331.41,5251.0,60,494.3,2,0,47.92,4445,IP-D1150,1
PROP-12477,39.1,PJ,Casado,Superior,2669.36,20501.68,12,708.3,3,1,-15.26,5406,IP-EF1E4,1
PROP-12478,27.1,CLT,Casado,Superior,8143.44,5956.23,12,568.1,3,0,-35.34,2118,IP-81F8A,0
PROP-12479,43.7,PJ,Solteiro,Fundamental,2730.62,8983.31,12,502.1,2,0,25.15,3004,IP-ABA34,1
PROP-12480,61.7,CLT,Casado,Medio,1541.75,7682.22,48,570.8,2,1,15.88,9529,IP-21DDC,1
PROP-12481,33.8,Servidor_Publico,Solteiro,Medio,4456.63,4218.54,12,653.9,4,1,-3.83,1063,IP-96D0F,1
PROP-12482,33.9,Servidor_Publico,Solteiro,Pos_Graduacao,,24153.88,12,631.6,1,1,89.81,9912,IP-95DC6,0
PROP-12483,31.8,CLT,Casado,Pos_Graduacao,,17292.32,36,679.1,4,0,10.39,6666,IP-DD867,0
PROP-12484,32.6,clt,Casado,Superior,,29424.76,24,745.8,3,1,-58.89,7609,IP-95BB5,0
PROP-12485,7.8,Estudante,Viuvo,Superior,12201.59,5263.4,12,802.7,4,0,19.02,8127,IP-AD0F9,0
PROP-12486,42.5,clt,Solteiro,Medio,7816.78,6776.19,24,660.0,2,0,-36.21,3417,IP-C4FF2,0
PROP-12487,28.7,PJ,Casado,Superior,2237.47,12113.11,24,470.3,2,0,-10.4,1079,IP-581D8,1
PROP-12488,20.3,Autonomo,Casado,Medio,8162.96,27273.58,36,582.3,1,0,36.39,5060,IP-CC96E,0
PROP-12489,46.3, CLT ,Divorciado,Medio,5711.25,12090.04,60,479.4,4,0,41.16,2052,IP-5CB44,1
PROP-12490,26.1,CLT,Solteiro,Superior,6043.06,15477.82,12,857.6,1,1,-149.36,4067,IP-99AC8,1
PROP-12491,34.3,CLT,Casado,Medio,8898.5,11952.92,24,898.2,1,2,-30.41,2691,IP-54F12,0
PROP-12492,54.1,PJ,Casado,Superior,4982.19,4647.4,60,711.0,3,2,-27.26,8618,IP-29C6C,0
PROP-12493,22.5, CLT ,Solteiro,Pos_Graduacao,4034.94,33001.31,48,740.2,3,0,-2.16,6737,IP-3D326,0
PROP-12494,21.1,Autonomo,Casado,Medio,5651.93,20101.79,24,655.1,4,0,-45.96,6079,IP-C4BF8,0
PROP-12495,41.0,clt,Solteiro,Fundamental,,27998.5,36,671.2,3,1,-16.3,3321,IP-7DEC0,0
PROP-12496,50.6,Autonomo,Casado,Fundamental,,23725.78,12,396.4,1,0,-5.9,3991,IP-448A2,0
PROP-12497,20.7,PJ,Divorciado,Superior,5426.31,18970.39,36,609.6,2,2,-85.77,8568,IP-7C4C6,1
PROP-12498,42.5,Estudante,Casado,Medio,2518.78,4959.38,60,496.6,1,1,-10.44,3288,IP-CB3FF,1
PROP-12499,44.4, CLT ,Casado,Medio,1749.82,23210.21,36,659.4,5,3,46.79,4401,IP-51188,1
PROP-12500,15.3,PJ,Casado,Superior,,7127.22,24,611.7,2,0,-63.65,9856,IP-3A947,0
PROP-12501,46.8,PJ,Solteiro,Medio,5336.7,15674.64,12,892.6,2,0,5.5,2518,IP-99893,1
PROP-12502,47.6,Autonomo,Solteiro,Medio,3288.53,22760.73,36,748.3,1,1,2.61,3225,IP-AEC91,0
PROP-12503,34.6,Estudante,Casado,Fundamental,7261.44,27813.56,36,659.8,3,0,-91.83,2993,IP-39BB6,0
PROP-12504,51.8,CLT,Solteiro,Medio,3375.2,24606.49,36,582.6,1,1,-18.84,6160,IP-D1461,1
PROP-12505,50.5,CLT,Solteiro,Superior,4195.26,24160.61,12,854.6,2,1,-5.51,1260,IP-E357F,0
PROP-12506,39.1,PJ,Casado,Medio,3595.36,6918.39,36,615.8,0,0,61.41,2285,IP-7A7CD,0
PROP-12507,33.0, CLT ,Solteiro,Superior,5816.16,13422.24,36,666.4,0,1,-19.33,1386,IP-674A5,1
PROP-12508,27.3,PJ,Solteiro,Pos_Graduacao,3249.15,3416.1,24,625.9,4,1,17.79,9492,IP-651E6,0
PROP-12509,37.6,Servidor_Publico,Casado,Medio,15334.77,25742.74,24,,0,1,-36.3,2253,IP-4CBB4,0
PROP-12510,44.3,CLT,Solteiro,Medio,12954.92,33435.34,24,625.1,0,1,14.08,6820,IP-35100,0
PROP-12511,34.4,Servidor_Publico,Divorciado,Superior,9313.05,10715.64,36,345.3,1,1,42.86,3793,IP-B7AEF,1
PROP-12512,13.8, CLT ,Divorciado,Superior,12023.85,4893.99,36,403.3,4,0,-83.73,7319,IP-88C62,1
PROP-12513,52.0,Autonomo,Casado,Superior,3904.35,17693.81,48,668.9,2,1,6.16,9599,IP-539B9,0
PROP-12514,40.1,Autonomo,Solteiro,Medio,4628.95,30271.04,24,839.5,2,1,25.88,1409,IP-A5F9E,0
PROP-12515,33.8,Servidor_Publico,Casado,Medio,7091.65,20215.15,60,668.8,2,0,-7.43,9368,IP-92D38,0
PROP-12516,47.4,CLT,Casado,Fundamental,6403.07,3543.65,36,519.1,3,0,11.3,2751,IP-25DEE,0
PROP-12517,54.8,clt,Casado,Pos_Graduacao,10696.54,34150.98,24,418.0,2,1,37.08,7887,IP-6B375,1
PROP-12518,7.2,Autonomo,Solteiro,Superior,6691.78,29345.45,12,729.8,2,0,-68.95,5995,IP-C5304,1
PROP-12519,42.8,AUTONOMO,Casado,Pos_Graduacao,27265.96,6342.6,24,540.6,2,1,18.8,9240,IP-1D910,0
PROP-12520,22.3,Autonomo,Casado,Superior,3199.64,32419.33,60,710.1,3,1,58.84,7955,IP-82C0F,0
PROP-12521,43.5,CLT,Casado,Superior,8916.94,16872.71,24,674.6,1,1,-21.94,4868,IP-36D5F,0
PROP-12522,39.4,CLT,Casado,Medio,6423.7,14272.63,24,687.0,1,0,-32.09,1281,IP-4B154,0
PROP-12523,45.0, CLT ,Casado,Superior,6337.79,17214.76,12,624.7,2,1,-32.25,9660,IP-368D1,1
PROP-12524,32.5,PJ,Casado,Superior,3055.98,29540.87,48,673.7,2,0,14.42,2234,IP-5E2BC,0
PROP-12525,17.4,CLT,Solteiro,Medio,7867.66,23762.83,24,603.3,2,2,70.73,8294,IP-40804,0
PROP-12526,33.0,CLT,Casado,Superior,11086.68,3955.2,24,,2,0,103.55,4388,IP-40032,0
PROP-12527,42.5,Estudante,Solteiro,Superior,2435.73,33600.94,24,485.1,2,1,78.48,5391,IP-8DAFE,1
PROP-12528,49.2,CLT,Solteiro,Superior,5525.05,6876.88,24,286.1,1,1,-17.29,7757,IP-86CD9,1
PROP-12529,25.1,Estudante,Solteiro,Superior,3490.77,26603.74,24,594.6,1,1,-43.01,3769,IP-4232D,1
PROP-12530,49.3,Autonomo,Casado,Pos_Graduacao,20556.09,22992.51,36,832.7,3,0,-77.04,3897,IP-5371C,0
PROP-12531,30.9,PJ,Solteiro,Medio,4137.07,8188.43,48,722.2,1,0,22.31,4931,IP-5462E,0
PROP-12532,42.0,CLT,Casado,Superior,2488.58,7634.16,48,651.9,2,0,146.9,6208,IP-DFC13,0
PROP-12533,32.4,CLT,Casado,Superior,3420.35,30720.81,48,517.2,2,0,10.31,9431,IP-BFF6B,1
PROP-12534,40.0,AUTONOMO,Solteiro,Superior,5855.57,15849.93,12,759.6,3,0,17.13,4058,IP-AEFDF,0
PROP-12535,47.8,PJ,Solteiro,Medio,1732.39,23601.02,48,603.3,5,1,-2.16,9373,IP-A9F2A,1
PROP-12536,24.5,AUTONOMO,Solteiro,Medio,,18634.34,12,840.5,3,1,27.81,3907,IP-C2B4E,0
PROP-12537,30.5,CLT,Divorciado,Pos_Graduacao,12643.03,26002.67,12,482.6,3,3,-31.1,7881,IP-9C5A8,1
PROP-12538,40.0,PJ,Casado,Superior,9378.07,17815.0,60,515.0,2,1,16.24,4209,IP-C8C8B,1
PROP-12539,64.4,PJ,Casado,Pos_Graduacao,1694.3,11483.54,48,501.4,1,0,-14.97,7513,IP-3DB55,0
PROP-12540,28.5,Autonomo,Solteiro,Superior,22480.44,13991.65,36,412.5,2,1,23.86,8962,IP-51115,0
PROP-12541,60.4,PJ,Casado,Superior,6438.9,30349.56,48,488.8,2,0,-0.61,1492,IP-BD181,0
PROP-12542,60.0,PJ,Divorciado,Superior,2143.7,17445.14,60,634.5,0,0,25.97,3912,IP-1C890,0
PROP-12543,36.9,Autonomo,Casado,Superior,1452.47,9043.83,36,520.3,0,0,-45.59,7800,IP-3E320,1
PROP-12544,34.7,CLT,Casado,Medio,2189.08,32841.98,36,150.0,3,0,54.49,7259,IP-1DCA9,1
PROP-12545,30.4,clt,Solteiro,Superior,9049.23,28287.82,48,770.4,2,1,48.62,1845,IP-38D2C,0
PROP-12546,37.2,CLT,Solteiro,Superior,1491.88,3836.98,24,384.2,1,2,-14.94,1120,IP-7C93C,1
PROP-12547,22.5, CLT ,Solteiro,Medio,2514.93,34965.12,12,702.5,1,2,-28.2,6053,IP-BDBA4,1
PROP-12548,37.2, CLT ,Solteiro,Medio,7347.0,24932.58,48,624.4,5,0,-63.17,5006,IP-7F66A,0
PROP-12549,54.5,CLT,Solteiro,Medio,5105.06,7288.8,24,,1,3,-58.24,9922,IP-D92FA,0
PROP-12550,31.3,CLT,Solteiro,Pos_Graduacao,7811.89,9826.53,12,759.6,2,0,-19.59,2853,IP-E1D46,0
PROP-12551,35.4,CLT,Solteiro,Medio,7158.26,24850.7,24,549.4,2,1,7.7,5174,IP-6917A,0
PROP-12552,19.3,PJ,Divorciado,Superior,1618.09,27732.11,24,,3,1,10.07,8513,IP-AB4CD,0
PROP-12553,42.1,Servidor_Publico,Casado,Superior,10767.56,9888.19,60,830.4,2,1,87.14,6655,IP-8DFC6,0
PROP-12554,40.9,CLT,Casado,Superior,2481.57,10479.97,36,413.4,1,1,-25.59,5916,IP-479F7,1
PROP-12555,38.7,Estudante,Casado,Superior,4785.52,12134.98,36,646.7,2,1,-30.56,1739,IP-8D2C9,0
PROP-12556,35.6,Autonomo,Solteiro,Medio,5741.26,21734.61,60,601.6,2,0,-4.66,5384,IP-8F94F,0
PROP-12557,34.8,CLT,Casado,Superior,2175.65,7669.93,60,571.9,3,0,-45.8,6956,IP-254BE,0
PROP-12558,43.5,CLT,Solteiro,Superior,17105.41,5440.03,36,669.5,1,2,76.46,7472,IP-CB0E6,0
PROP-12559,37.7,Autonomo,Casado,Pos_Graduacao,4212.89,24402.51,60,646.5,2,2,89.64,1871,IP-C0078,0
PROP-12560,41.5,PJ,Solteiro,Medio,1649.36,27710.23,24,684.0,2,1,39.61,8174,IP-746EA,1
PROP-12561,40.4,AUTONOMO,Viuvo,Pos_Graduacao,13028.91,18530.67,24,639.5,2,0,46.54,9033,IP-305B8,0
PROP-12562,50.4,CLT,Solteiro,Superior,,14006.48,24,678.5,5,0,-8.09,4242,IP-4BA72,0
PROP-12563,45.4,CLT,Solteiro,Pos_Graduacao,6445.41,16257.41,36,633.1,0,1,33.64,9030,IP-64823,0
PROP-12564,40.1, CLT ,Divorciado,Superior,4528.2,14817.46,36,527.7,0,1,62.42,9563,IP-45D78,1
PROP-12565,54.7,CLT,Solteiro,Superior,8960.94,33679.5,36,620.6,5,0,-16.08,2852,IP-60C81,0
PROP-12566,42.6,CLT,Casado,Pos_Graduacao,1541.52,27346.97,36,520.0,5,2,71.64,9735,IP-738BB,1
PROP-12567,52.4,CLT,Casado,Pos_Graduacao,2712.47,8866.88,12,510.7,3,1,-1.19,1496,IP-48A6F,1
PROP-12568,44.7,PJ,Casado,Superior,4063.7,14678.24,12,572.9,2,1,-4.91,7478,IP-DB6A1,1
PROP-12569,17.7,Servidor_Publico,Viuvo,Medio,1734.73,19952.41,36,603.3,1,0,-43.86,3363,IP-BC9E7,1
PROP-12570,52.4, CLT ,Viuvo,Medio,6540.2,22228.53,12,624.9,6,2,11.04,9651,IP-22B4A,1
PROP-12571,39.5,Servidor_Publico,Solteiro,Medio,3501.34,17450.07,36,748.3,2,2,56.0,7877,IP-DC479,0
PROP-12572,37.4,CLT,Casado,Medio,,28734.18,36,550.2,1,0,-112.99,2431,IP-86045,0
PROP-12573,41.1,clt,Casado,Medio,1414.22,27331.0,36,647.6,2,0,17.16,8350,IP-EDCB4,0
PROP-12574,34.2,CLT,Casado,Pos_Graduacao,6743.91,18670.21,24,636.5,5,2,36.29,7390,IP-931D1,1
PROP-12575,40.5,Autonomo,Solteiro,Medio,8937.4,30196.17,36,534.8,2,2,5.96,9370,IP-A41B0,1
PROP-12576,31.5,Estudante,Casado,Superior,3510.89,26785.95,48,630.3,1,0,-98.38,8672,IP-4DFBD,1
PROP-12577,52.0,Autonomo,Viuvo,Medio,4888.58,27693.2,60,760.4,1,0,-67.95,8544,IP-CF9CA,0
PROP-12578,36.8, CLT ,Divorciado,Medio,2485.13,33561.23,48,646.1,4,2,-4.0,5373,IP-362C5,1
PROP-12579,33.8,Autonomo,Solteiro,Medio,5488.21,10793.41,36,651.7,1,1,-83.66,8650,IP-9971C,0
PROP-12580,27.8,CLT,Solteiro,Medio,1451.29,10832.39,12,521.3,2,0,134.26,8443,IP-4FFDA,1
PROP-12581,41.0,Servidor_Publico,Solteiro,Superior,4216.89,31335.42,36,895.6,1,1,64.89,2316,IP-9D6CB,0
PROP-12582,40.1,Autonomo,Casado,Pos_Graduacao,5740.29,27483.47,60,529.2,4,1,-51.83,8295,IP-56FEB,1
PROP-12583,42.3, CLT ,Casado,Medio,,32576.0,24,386.5,0,0,43.67,5402,IP-F2D8B,0
PROP-12584,26.7,Autonomo,Casado,Superior,3416.81,4083.3,24,740.4,3,1,33.5,9564,IP-9AF44,1
PROP-12585,20.4,Autonomo,Solteiro,Superior,7485.71,22715.98,12,603.9,1,0,-18.13,9917,IP-DF405,0
PROP-12586,44.9,CLT,Solteiro,Pos_Graduacao,5224.2,6772.74,36,,2,1,49.15,1433,IP-C15CE,0
PROP-12587,54.3,Autonomo,Casado,Superior,12393.34,18628.61,24,543.6,1,0,-104.32,6953,IP-4319A,0
PROP-12588,26.7,CLT,Divorciado,Superior,3534.13,7139.65,12,882.0,3,0,-17.09,8229,IP-1F966,0
PROP-12589,55.5,AUTONOMO,Casado,Superior,3014.2,6226.59,48,669.6,3,1,-26.13,2393,IP-97C66,1
PROP-12590,41.1,PJ,Solteiro,Pos_Graduacao,10562.82,2401.56,36,697.0,1,0,89.87,8004,IP-C5642,0
PROP-12591,37.9,PJ,Casado,Medio,1612.09,22797.88,24,642.8,3,0,-48.02,5090,IP-1B37A,1
PROP-12592,33.6,Autonomo,Solteiro,Superior,,13847.75,24,657.8,5,2,34.27,3741,IP-60939,0
PROP-12593,22.8,Autonomo,Viuvo,Pos_Graduacao,1761.19,5471.21,24,815.8,5,1,-34.37,7626,IP-19F57,1
PROP-12594,48.9,CLT,Solteiro,Superior,9179.28,12653.65,24,584.9,4,1,53.14,4251,IP-42C1E,0
PROP-12595,29.5,PJ,Casado,Superior,1444.79,7575.16,24,416.0,0,0,-21.58,6754,IP-66BCA,0
PROP-12596,29.4,CLT,Solteiro,Superior,9707.69,33075.93,36,741.5,2,1,-60.72,1021,IP-44832,0
PROP-12597,48.9,clt,Casado,Medio,,12560.16,48,689.5,7,0,-1.5,1514,IP-86135,0
PROP-12598,17.3,CLT,Casado,Superior,1416.94,13020.47,36,635.1,1,2,42.19,5778,IP-D1858,0
PROP-12599,21.2,CLT,Casado,Superior,3557.0,29715.31,24,,2,1,26.14,1993,IP-6B8E0,0
PROP-12600,37.8,Autonomo,Solteiro,Superior,2268.47,23375.94,36,568.1,3,1,-74.64,2588,IP-4001A,1
PROP-12601,41.2,CLT,Solteiro,Superior,5512.77,25435.66,48,622.9,2,2,-79.91,9415,IP-72141,1
PROP-12602,43.3,AUTONOMO,Solteiro,Pos_Graduacao,6177.22,22988.06,12,601.6,2,0,-32.17,5632,IP-458D1,0
PROP-12603,34.7,CLT,Casado,Medio,4207.74,33224.48,12,537.2,2,1,-49.25,5398,IP-4453F,1
PROP-12604,65.8,CLT,Solteiro,Superior,1573.73,8831.03,36,,7,0,-45.1,3681,IP-34FD4,0
PROP-12605,35.5,Autonomo,Casado,Superior,5883.45,34638.29,36,422.3,0,0,-23.06,2379,IP-27A7C,0
PROP-12606,35.5,CLT,Divorciado,Superior,9150.7,29421.55,24,950.5,7,0,29.59,5673,IP-33C75,0
PROP-12607,29.2,CLT,Divorciado,Medio,6751.32,21436.1,36,742.8,2,0,-13.81,6388,IP-ABED2,0
PROP-12608,39.4,AUTONOMO,Solteiro,Superior,8841.18,23858.26,36,371.1,2,0,-59.24,3565,IP-737B3,1
PROP-12609,44.8,CLT,Casado,Pos_Graduacao,2339.88,23411.25,60,588.6,1,0,-45.86,3300,IP-73659,1
PROP-12610,51.2,PJ,Solteiro,Superior,10628.31,3927.08,12,596.4,3,1,22.19,3210,IP-EA9FB,0
PROP-12611,21.6,CLT,Casado,Pos_Graduacao,3033.35,9194.54,48,674.9,4,0,-5.56,6356,IP-294CC,0
PROP-12612,35.3,CLT,Casado,Fundamental,1456.68,33728.54,12,481.5,2,2,-35.59,7954,IP-86451,1
PROP-12613,42.9,AUTONOMO,Solteiro,Medio,9186.83,19634.03,36,624.5,1,1,31.58,1147,IP-E6C1B,0
PROP-12614,44.5,CLT,Solteiro,Medio,13345.79,14485.67,36,603.0,5,0,40.35,4508,IP-B2F12,0
PROP-12615,38.1,CLT,Casado,Fundamental,5876.49,27147.27,24,516.7,3,0,38.28,4692,IP-C81FB,1
PROP-12616,44.0, CLT ,Divorciado,Fundamental,2505.58,19309.13,48,497.3,2,0,-5.05,6679,IP-63EB4,0
PROP-12617,29.1,CLT,Solteiro,Medio,2618.05,2434.37,12,748.6,3,0,-44.99,4226,IP-44809,0
PROP-12618,55.1,PJ,Casado,Medio,4039.58,26295.84,36,382.5,5,1,-11.27,7103,IP-393AE,1
PROP-12619,48.9,CLT,Solteiro,Medio,,26163.18,24,686.9,2,2,-35.49,2293,IP-79229,0
PROP-12620,23.2,PJ,Solteiro,Fundamental,2080.59,7449.91,36,731.7,3,0,-131.67,9181,IP-4E77A,0
PROP-12621,26.2,Servidor_Publico,Divorciado,Medio,8743.9,33569.78,12,589.4,4,1,-11.8,1415,IP-7EFDE,1
PROP-12622,26.5, CLT ,Casado,Superior,2846.17,9388.97,48,627.3,3,0,-107.44,7978,IP-AE071,1
PROP-12623,45.5,Servidor_Publico,Casado,Pos_Graduacao,8343.93,17105.73,48,782.9,2,1,-36.3,4081,IP-D6C33,0
PROP-12624,23.9, CLT ,Solteiro,Medio,12022.32,5786.29,48,521.3,3,1,-29.14,8577,IP-7F718,0
PROP-12625,34.4,Estudante,Casado,Superior,,21908.32,12,535.8,2,0,77.23,8390,IP-8C6DD,0
PROP-12626,43.0,CLT,Solteiro,Medio,3307.68,14389.89,36,550.6,3,1,-59.29,3889,IP-38E85,1
PROP-12627,37.3,Autonomo,Solteiro,Pos_Graduacao,8206.55,13654.72,12,783.1,0,0,11.66,7687,IP-D5B00,0
PROP-12628,40.8,clt,Casado,Medio,4566.48,29290.24,48,800.9,3,2,-15.79,5672,IP-48A8D,0
PROP-12629,26.3, CLT ,Solteiro,Superior,,2315.54,36,424.6,1,1,23.04,4097,IP-E719A,0
PROP-12630,44.5,Autonomo,Casado,Superior,5495.24,28332.24,36,760.9,1,2,-33.15,4268,IP-B1453,0
PROP-12631,31.3,AUTONOMO,Casado,Medio,2096.88,20857.8,36,734.6,1,0,-78.93,5837,IP-74C3D,0
PROP-12632,34.4,CLT,Solteiro,Medio,9224.51,34541.25,12,837.5,2,1,5.35,2776,IP-DBA22,0
PROP-12633,40.6,CLT,Solteiro,Superior,2315.08,21451.63,36,673.9,5,2,0.86,7539,IP-B2320,1
PROP-12634,39.1,AUTONOMO,Solteiro,Medio,12708.1,3827.51,24,613.8,2,1,9.39,8651,IP-9FB95,0
PROP-12635,38.3,Autonomo,Solteiro,Superior,2611.47,3671.3,60,780.3,3,1,-15.0,8831,IP-249D0,0
PROP-12636,29.7,Estudante,Casado,Superior,6960.01,31144.05,48,717.8,5,0,-17.79,7326,IP-C88E0,0
PROP-12637,34.7,PJ,Casado,Superior,2806.96,29760.07,36,934.3,1,1,40.22,9139,IP-D2196,0
PROP-12638,38.0,Estudante,Solteiro,Superior,3006.13,13414.37,60,754.2,3,0,35.63,1507,IP-DC440,0
PROP-12639,22.9,AUTONOMO,Solteiro,Superior,2958.48,22395.07,24,641.5,1,0,-40.21,1702,IP-9561A,0
PROP-12640,32.9,CLT,Casado,Pos_Graduacao,7187.17,18156.51,60,455.6,2,0,-7.42,7271,IP-4E7FC,0
PROP-12641,42.3,CLT,Casado,Superior,4817.83,33916.41,24,538.7,2,0,-60.09,7562,IP-8F042,1
PROP-12642,23.9,PJ,Solteiro,Medio,10409.74,33348.71,36,419.0,1,1,28.4,4491,IP-5EB52,0
PROP-12643,50.7,Autonomo,Solteiro,Medio,2942.51,34466.69,36,,3,3,23.11,1823,IP-9D6D5,0
PROP-12644,52.0,CLT,Casado,Superior,6346.05,30592.81,12,749.6,3,0,70.79,7687,IP-4C7DE,0
PROP-12645,24.3, CLT ,Solteiro,Superior,7272.27,32015.2,24,619.5,3,0,36.84,4150,IP-AFACD,0
PROP-12646,52.9,Estudante,Solteiro,Superior,2089.91,9170.2,12,763.0,1,2,8.93,4127,IP-4984D,1
PROP-12647,36.4,Autonomo,Casado,Medio,3549.6,29423.22,60,667.3,4,4,128.97,3908,IP-A2351,1
PROP-12648,42.6, CLT ,Casado,Superior,4169.31,25392.28,12,563.6,3,1,17.37,8581,IP-B30A6,1
PROP-12649,32.5,clt,Casado,Medio,3246.2,33771.95,36,632.3,4,1,27.79,8640,IP-B7B1F,0
PROP-12650,48.2,CLT,Casado,Medio,3032.85,20851.64,48,686.1,0,0,-90.52,5297,IP-C4A5C,1
PROP-12651,42.5, CLT ,Casado,Superior,6270.74,4810.52,24,639.5,1,3,40.61,5318,IP-5208A,0
PROP-12652,29.0, CLT ,Solteiro,Medio,2421.34,21714.16,24,641.1,5,0,120.83,7473,IP-4CD75,0
PROP-12653,25.2,CLT,Solteiro,Superior,6590.26,24657.17,36,512.3,4,0,14.33,8024,IP-8FB89,1
PROP-12654,21.9,PJ,Solteiro,Medio,12883.0,9270.59,12,559.4,2,1,39.2,6859,IP-58EAB,1
PROP-12655,40.1, CLT ,Solteiro,Superior,4898.03,15005.74,48,936.2,2,0,55.46,7133,IP-874E9,0
PROP-12656,44.3,PJ,Casado,Superior,5370.23,21750.61,24,792.0,2,1,90.11,7271,IP-5C0C5,0
PROP-12657,45.2,PJ,Divorciado,Medio,1699.98,14345.49,24,413.7,3,1,30.47,8308,IP-631FE,1
PROP-12658,36.7,CLT,Divorciado,Medio,9794.18,14373.27,36,288.6,2,1,-79.12,7141,IP-E5C87,1
PROP-12659,25.3,Autonomo,Casado,Pos_Graduacao,,6391.86,24,630.7,1,0,11.45,1881,IP-56646,0
PROP-12660,30.5,clt,Solteiro,Superior,,33044.64,60,745.1,2,1,38.85,7106,IP-BC68C,0
PROP-12661,50.7,Servidor_Publico,Solteiro,Superior,17648.07,26766.31,48,547.2,1,1,34.88,3571,IP-1E534,0
PROP-12662,32.7,CLT,Casado,Medio,5201.46,2041.03,24,763.0,2,2,-7.62,2050,IP-5F436,0
PROP-12663,39.6,Autonomo,Casado,Superior,6817.7,27265.24,24,,3,1,-18.38,1368,IP-5007E,0
PROP-12664,26.2,Autonomo,Casado,Superior,,26413.23,24,597.2,1,0,-18.07,2916,IP-6B24B,0
PROP-12665,41.7,CLT,Casado,Superior,1661.51,2321.12,24,725.9,2,2,-7.46,8533,IP-8DA7D,1
PROP-12666,33.0,CLT,Casado,Superior,8109.53,14196.94,36,545.5,2,0,6.56,5771,IP-4DF75,0
PROP-12667,49.5,Autonomo,Casado,Medio,1549.63,22022.67,48,,0,0,27.11,6305,IP-8B18C,0
PROP-12668,46.5,AUTONOMO,Solteiro,Medio,6465.91,16940.77,24,713.8,2,1,18.8,4762,IP-EEAB4,0
PROP-12669,32.5,CLT,Casado,Superior,1497.39,27673.54,12,615.6,1,3,-21.59,6419,IP-EDA08,1
PROP-12670,36.6,Autonomo,Divorciado,Fundamental,9727.41,16040.12,24,887.2,2,2,-59.44,2210,IP-46873,0
PROP-12671,31.9, CLT ,Solteiro,Medio,2120.48,7077.48,12,717.1,0,0,18.92,2726,IP-A05FB,1
PROP-12672,22.4,AUTONOMO,Casado,Superior,4432.84,34221.72,36,708.0,3,2,-14.47,4321,IP-A4986,0
PROP-12673,28.6,CLT,Solteiro,Medio,5218.61,9987.32,36,613.1,0,0,80.37,2220,IP-8885C,1
PROP-12674,40.2,Servidor_Publico,Divorciado,Medio,3968.93,25683.85,24,742.5,1,2,45.61,8151,IP-80F72,1
PROP-12675,41.6,CLT,Solteiro,Medio,3150.03,6724.16,24,574.8,2,0,17.04,6322,IP-D0137,0
PROP-12676,39.6, CLT ,Casado,Medio,,12857.42,60,659.5,0,0,-37.78,5036,IP-B6B98,0
PROP-12677,34.7,CLT,Solteiro,Superior,2967.09,16586.91,12,491.7,3,4,-67.56,7920,IP-6A70A,1
PROP-12678,48.3,CLT,Casado,Superior,3821.18,8343.66,48,765.5,1,1,0.12,4990,IP-6E93E,0
PROP-12679,38.7,Autonomo,Solteiro,Medio,3267.28,16848.67,24,,3,4,7.31,6898,IP-AA0A4,0
PROP-12680,45.7,CLT,Solteiro,Medio,,7186.37,48,897.6,4,0,-86.84,9380,IP-69470,0
PROP-12681,18.5,PJ,Casado,Superior,2541.18,20447.22,36,954.9,4,1,23.68,1846,IP-5D160,0
PROP-12682,-5.1,CLT,Divorciado,Medio,20212.28,23902.54,12,726.9,0,3,2.47,1272,IP-5AD44,0
PROP-12683,41.1, CLT ,Solteiro,Superior,4318.53,4060.33,48,629.6,3,0,-133.54,1948,IP-B54FD,0
PROP-12684,22.3,CLT,Solteiro,Medio,2306.67,30747.36,36,487.6,1,0,-42.79,6209,IP-8FFBF,1
PROP-12685,35.7,CLT,Casado,Superior,4122.87,8109.65,12,746.7,1,2,-39.48,1269,IP-74E7F,0
PROP-12686,34.7,CLT,Casado,Medio,9854.68,9436.96,12,649.4,1,1,-61.01,5662,IP-1C561,0
PROP-12687,55.5, CLT ,Divorciado,Medio,1492.6,23824.54,36,695.3,3,0,19.37,8432,IP-AF5C1,1
PROP-12688,42.4,clt,Solteiro,Medio,6179.78,17468.78,36,862.2,1,1,89.41,6310,IP-65D8B,0
PROP-12689,39.8, CLT ,Casado,Medio,4734.81,18480.05,36,504.6,2,1,23.18,2780,IP-CDABC,0
PROP-12690,47.2,Autonomo,Solteiro,Superior,2180.35,6229.11,36,490.6,3,0,31.61,5893,IP-7D315,0
PROP-12691,42.1,Autonomo,Solteiro,Superior,,28589.28,36,586.9,5,3,-38.79,4161,IP-C9724,0
PROP-12692,33.0,CLT,Casado,Medio,3333.12,22362.79,48,735.0,2,0,25.48,5454,IP-E073D,0
PROP-12693,49.8,clt,Casado,Medio,,6467.61,36,697.7,2,0,-9.17,1379,IP-65D0A,0
PROP-12694,25.8,Estudante,Casado,Superior,8796.15,14341.98,24,494.6,2,0,0.04,3214,IP-1B34C,0
PROP-12695,41.6,Autonomo,Solteiro,Superior,5673.76,28743.53,60,725.9,3,1,-30.18,9160,IP-3E531,1
PROP-12696,21.0,Autonomo,Solteiro,Fundamental,10998.37,20755.72,12,451.8,1,1,-78.91,5711,IP-42444,0
PROP-12697,40.2,CLT,Solteiro,Superior,5574.54,5585.41,24,502.7,2,1,45.98,1569,IP-84DAA,1
PROP-12698,40.1,PJ,Viuvo,Superior,7070.94,14301.64,36,,3,0,8.07,6323,IP-49BA3,0
PROP-12699,56.4,PJ,Solteiro,Superior,9004.57,10008.92,24,542.5,5,0,-11.46,9317,IP-D4675,1
PROP-12700,20.8,Autonomo,Solteiro,Pos_Graduacao,1636.44,19076.36,12,744.6,1,0,91.28,1344,IP-CD210,1
PROP-12701,31.4,Estudante,Solteiro,Pos_Graduacao,7684.58,29830.92,12,660.1,0,0,-49.82,5025,IP-ABCCD,0
PROP-12702,47.0,CLT,Casado,Medio,5394.86,16396.82,36,867.2,3,1,32.01,9958,IP-9F61B,0
PROP-12703,41.7,CLT,Solteiro,Medio,1702.57,16300.29,60,585.4,2,0,102.65,4048,IP-9BDD4,1
PROP-12704,40.0,PJ,Divorciado,Medio,4383.9,31876.58,36,602.9,2,0,20.94,3313,IP-C2537,0
PROP-12705,27.5,PJ,Solteiro,Superior,1761.44,21014.12,36,789.5,1,3,-58.0,1029,IP-E2201,1
PROP-12706,31.5,CLT,Divorciado,Superior,6992.75,20684.31,24,607.3,1,1,48.92,4376,IP-4C727,0
PROP-12707,51.7,CLT,Solteiro,Superior,4721.21,10643.03,24,829.2,0,0,-27.27,4524,IP-9D777,0
PROP-12708,37.4,CLT,Casado,Medio,14293.52,22054.85,12,,1,4,-30.72,2819,IP-F1D25,0
PROP-12709,42.1,CLT,Divorciado,Superior,2249.58,21005.05,24,290.6,3,0,-45.13,3746,IP-D4DF4,1
PROP-12710,36.7,PJ,Solteiro,Superior,5312.25,15096.1,24,784.9,1,1,81.42,2931,IP-B037F,0
PROP-12711,25.0,Autonomo,Divorciado,Medio,2398.45,34692.95,12,747.8,1,1,-20.25,7490,IP-C2DF5,1
PROP-12712,48.3,CLT,Casado,Superior,5398.76,31102.4,12,753.2,4,2,-46.0,8745,IP-7A48E,1
PROP-12713,43.5, CLT ,Divorciado,Superior,6786.39,26736.35,36,352.5,2,0,62.34,6341,IP-D4568,1
PROP-12714,63.4,CLT,Casado,Pos_Graduacao,6781.16,19732.4,48,527.2,2,0,-79.38,2211,IP-69B6B,0
PROP-12715,26.8,CLT,Solteiro,Pos_Graduacao,8488.76,17247.97,60,537.6,1,2,3.21,8592,IP-76F25,0
PROP-12716,47.0,Autonomo,Solteiro,Superior,9468.51,8101.61,36,502.2,0,3,-34.0,4620,IP-82FFA,1
PROP-12717,23.6,Estudante,Solteiro,Superior,1737.77,12089.34,12,863.9,0,1,30.31,4277,IP-AF70B,1
PROP-12718,39.7,PJ,Solteiro,Pos_Graduacao,3166.01,27540.71,36,618.4,1,1,-21.17,3521,IP-CF046,1
PROP-12719,48.7,CLT,Solteiro,Superior,6280.16,16973.72,12,614.9,3,1,-70.57,2905,IP-80E0E,0
PROP-12720,15.2,Servidor_Publico,Solteiro,Medio,,31114.89,36,697.3,1,0,7.19,8559,IP-88CA0,0
PROP-12721,35.7,PJ,Solteiro,Superior,2288.53,6881.07,48,699.7,1,3,-22.95,9219,IP-62EAE,1
PROP-12722,31.8,PJ,Casado,Medio,4779.1,18775.45,36,153.1,3,0,42.1,7797,IP-AD4EC,1
PROP-12723,30.3,clt,Solteiro,Medio,3597.84,23349.87,60,529.5,2,1,3.35,7044,IP-26097,1
PROP-12724,42.2, CLT ,Solteiro,Pos_Graduacao,3476.31,19056.0,36,422.2,2,1,107.07,7375,IP-279F4,1
PROP-12725,50.3,CLT,Casado,Superior,8369.63,31344.49,36,676.0,3,0,-27.83,9117,IP-7F70E,0
PROP-12726,36.5,CLT,Solteiro,Superior,3599.0,34655.59,24,,2,0,58.63,4178,IP-6A714,0
PROP-12727,40.3,CLT,Solteiro,Medio,1512.61,5822.54,60,622.2,0,0,-17.51,6497,IP-482C8,0
PROP-12728,39.3,CLT,Solteiro,Medio,1651.23,6288.51,12,329.0,5,3,-6.05,4747,IP-B3611,1
PROP-12729,38.0,clt,Divorciado,Medio,9546.48,6300.7,60,576.6,3,3,37.81,8558,IP-85AA5,1
PROP-12730,26.0,AUTONOMO,Casado,Medio,,24478.84,24,776.1,6,0,-47.09,8952,IP-457B3,0
PROP-12731,50.2,clt,Solteiro,Superior,6297.47,14298.31,12,,1,0,59.43,3942,IP-D2632,0
PROP-12732,41.2,CLT,Casado,Medio,3303.17,26199.38,48,720.6,1,2,34.63,8983,IP-DAC8A,1
PROP-12733,42.3,Estudante,Casado,Superior,13119.47,15380.56,12,433.0,1,0,39.56,9882,IP-F0107,0
PROP-12734,29.1,Servidor_Publico,Casado,Medio,5965.77,22711.02,48,796.3,0,2,46.79,7219,IP-3B71E,0
PROP-12735,32.9,PJ,Casado,Fundamental,9212.17,27405.31,24,721.4,4,1,28.93,5685,IP-444E9,0
PROP-12736,36.1,Estudante,Casado,Medio,7497.57,20091.13,48,,1,0,34.01,2758,IP-82B1C,0
PROP-12737,21.1,Autonomo,Solteiro,Medio,3401.92,19803.62,36,336.5,3,2,65.82,7602,IP-D79E4,1
PROP-12738,19.4,Estudante,Solteiro,Medio,4136.02,4911.73,36,753.5,3,0,0.28,2386,IP-2F7A1,1
PROP-12739,31.4,CLT,Casado,Superior,2265.02,15555.8,24,537.1,3,1,-8.93,7722,IP-82FFE,1
PROP-12740,43.7, CLT ,Divorciado,Superior,2850.39,20010.65,12,668.5,2,1,24.2,2661,IP-EC9CB,1
PROP-12741,30.8,CLT,Casado,Superior,7723.71,17245.37,48,629.6,0,2,5.0,5916,IP-367D4,1
PROP-12742,26.8,CLT,Casado,Superior,10825.27,31725.81,12,835.4,2,1,46.78,6032,IP-25973,0
PROP-12743,29.0,CLT,Viuvo,Medio,6813.9,31915.51,24,602.4,3,2,93.26,8312,IP-CB398,0
PROP-12744,33.0,Autonomo,Solteiro,Superior,4028.42,29123.27,36,617.9,1,0,-47.29,7512,IP-29CA5,0
PROP-12745,34.1,PJ,Casado,Superior,1780.02,14384.84,24,841.0,1,0,4.91,8110,IP-8B2CA,1
PROP-12746,61.8,Autonomo,Casado,Medio,1646.26,25670.87,12,527.8,2,1,-53.17,6246,IP-4159C,1
PROP-12747,49.6,CLT,Viuvo,Medio,3369.49,15044.52,12,734.0,1,2,-10.52,5992,IP-40C32,1
PROP-12748,49.3,PJ,Viuvo,Medio,4017.81,9675.59,12,592.2,5,1,-7.43,9543,IP-53F31,1
PROP-12749,50.9,Autonomo,Casado,Medio,5345.3,13315.79,48,,1,1,-19.49,7264,IP-60766,0
PROP-12750,27.0, CLT ,Solteiro,Superior,1427.34,4341.83,12,620.2,7,0,45.23,1373,IP-4F514,1
PROP-12751,24.6,Autonomo,Casado,Medio,20626.91,12948.66,60,716.8,2,0,17.94,7484,IP-48F54,0
PROP-12752,25.8,CLT,Solteiro,Medio,3300.33,17204.49,12,809.5,4,1,-29.98,7174,IP-8A663,0
PROP-12753,52.7,CLT,Casado,Medio,9314.89,33530.87,12,826.5,1,1,45.33,8720,IP-8675F,0
PROP-12754,32.0,Servidor_Publico,Divorciado,Fundamental,4615.71,12342.55,36,578.7,2,2,-5.7,3016,IP-DC99E,0
PROP-12755,24.2,CLT,Solteiro,Pos_Graduacao,1987.02,31780.97,12,481.8,3,2,-26.61,1203,IP-6CC38,1
PROP-12756,33.3,clt,Casado,Medio,,9552.32,36,575.4,2,1,-50.92,6491,IP-D643D,0
PROP-12757,35.4,Servidor_Publico,Solteiro,Medio,6596.57,8301.97,48,454.6,2,0,-73.26,7704,IP-C0743,1
PROP-12758,41.0,AUTONOMO,Solteiro,Medio,4548.25,19126.85,12,589.6,1,0,-23.25,3649,IP-A2FED,0
PROP-12759,40.8,CLT,Solteiro,Superior,4435.28,24192.88,48,572.2,1,0,2.93,3738,IP-66248,0
PROP-12760,28.9,CLT,Casado,Medio,,3462.96,24,721.8,3,1,46.38,9537,IP-5FB36,0
PROP-12761,45.5,CLT,Divorciado,Superior,,9295.17,12,311.2,2,0,-102.2,9938,IP-81198,0
PROP-12762,31.0,Autonomo,Divorciado,Superior,11571.88,17037.56,12,517.3,4,0,93.2,4858,IP-22D51,1
PROP-12763,36.3, CLT ,Solteiro,Pos_Graduacao,1811.11,12923.14,60,518.4,0,1,-38.47,7917,IP-56CAF,0
PROP-12764,45.6,CLT,Divorciado,Medio,2684.62,25516.5,12,786.2,0,1,-19.27,3169,IP-D94FB,1
PROP-12765,30.9,Estudante,Casado,Superior,11168.93,18868.3,48,464.1,3,1,-17.48,8724,IP-92D3D,1
PROP-12766,31.7,Autonomo,Solteiro,Superior,2805.13,7291.85,36,651.7,1,3,-31.57,6061,IP-409DB,1
PROP-12767,44.5,CLT,Solteiro,Medio,5856.85,31517.36,12,602.1,5,2,-15.23,5111,IP-62008,1
PROP-12768,28.6,Autonomo,Solteiro,Medio,4614.37,11665.89,24,766.0,3,0,-11.91,9629,IP-B8591,0
PROP-12769,33.8,Autonomo,Divorciado,Medio,5210.04,26127.33,48,703.4,4,1,-7.61,7492,IP-94785,0
PROP-12770,44.1,CLT,Casado,Medio,3657.47,27737.22,36,637.0,5,0,79.26,3207,IP-5418D,1
PROP-12771,60.6,CLT,Casado,Medio,2897.98,33784.2,24,542.3,3,1,-36.74,6200,IP-5C9A5,1
PROP-12772,44.7,PJ,Solteiro,Superior,1608.95,18450.75,48,360.7,2,0,91.69,3428,IP-86FC6,1
PROP-12773,43.2,clt,Casado,Superior,7127.44,22322.57,12,654.6,1,0,27.26,5956,IP-D28A4,0
PROP-12774,43.8,Autonomo,Solteiro,Fundamental,7157.31,13050.92,60,694.3,1,3,-77.63,5482,IP-CC5A2,1
PROP-12775,26.2, CLT ,Solteiro,Medio,6065.63,24379.92,48,399.5,1,2,-41.56,2458,IP-92FEF,1
PROP-12776,39.3,CLT,Casado,Fundamental,5733.54,17291.66,36,447.3,7,1,-47.52,2067,IP-5D3AA,1
PROP-12777,37.7,CLT,Solteiro,Medio,2573.23,16442.53,48,655.3,3,3,-1.12,3840,IP-9ACD5,0
PROP-12778,41.5, CLT ,Casado,Superior,1494.91,30230.43,36,667.5,1,1,65.98,4578,IP-EAAAC,1
PROP-12779,39.3,CLT,Solteiro,Medio,8346.77,3655.57,36,481.3,2,0,40.71,1661,IP-B60DE,1
PROP-12780,42.2,CLT,Casado,Medio,,31104.76,36,539.6,4,1,-50.86,1074,IP-42BD7,0
PROP-12781,34.6,PJ,Solteiro,Pos_Graduacao,2939.27,30118.3,24,362.9,3,1,60.75,2460,IP-97BC6,1
PROP-12782,38.6,Estudante,Casado,Medio,1851.54,18710.09,36,812.8,4,2,-52.15,3842,IP-EF646,0
PROP-12783,24.5,PJ,Solteiro,Superior,1672.05,18176.69,24,438.0,3,0,-44.6,4722,IP-D1605,1
PROP-12784,34.5,PJ,Solteiro,Superior,3201.97,13939.64,24,695.9,2,2,52.44,6786,IP-5B2E2,0
PROP-12785,53.3,CLT,Divorciado,Superior,8260.31,34807.74,24,615.1,1,0,51.39,1646,IP-CD63D,0
PROP-12786,41.5,Estudante,Solteiro,Superior,11941.59,5668.59,12,800.5,5,1,40.75,8002,IP-E1D0B,0
PROP-12787,37.8,CLT,Casado,Superior,10936.58,21477.1,24,509.1,1,0,1.0,5590,IP-CA048,0
PROP-12788,58.9,Estudante,Viuvo,Medio,12008.1,24495.49,48,628.6,6,2,-3.75,6578,IP-232F9,0
PROP-12789,23.0,Estudante,Solteiro,Superior,11408.54,32832.89,24,382.2,3,3,-58.55,9920,IP-3382A,1
PROP-12790,25.8,AUTONOMO,Solteiro,Pos_Graduacao,4546.37,27746.72,36,348.6,2,0,-0.62,4238,IP-50CEB,0
PROP-12791,56.8,Estudante,Casado,Medio,2440.39,23246.96,12,703.5,1,0,-33.67,4378,IP-7E115,1
PROP-12792,-15.0,Autonomo,Divorciado,Medio,8118.82,5854.81,24,370.1,4,0,-8.92,7420,IP-F1CF5,0
PROP-12793,35.3,CLT,Divorciado,Superior,2409.82,14333.21,12,588.0,1,3,114.75,4161,IP-439B5,1
PROP-12794,24.8, CLT ,Casado,Superior,2705.75,6581.77,12,761.6,1,1,16.17,6560,IP-1F945,0
PROP-12795,42.9,Autonomo,Casado,Superior,2515.52,31080.02,36,724.5,1,0,-55.43,5786,IP-C18AB,0
PROP-12796,44.0,CLT,Solteiro,Medio,4438.99,26737.5,36,527.0,4,1,62.16,4700,IP-B7443,0
PROP-12797,26.0,Autonomo,Viuvo,Superior,3031.09,26998.71,24,397.6,0,0,67.14,4856,IP-291D1,1
PROP-12798,36.5,Estudante,Divorciado,Medio,2103.17,23524.47,24,691.3,1,0,71.72,7046,IP-E1B87,1
PROP-12799,34.3,CLT,Solteiro,Superior,3935.22,18732.44,48,807.9,3,0,-23.83,3445,IP-ACD3F,0
PROP-12800,40.8,PJ,Solteiro,Superior,10097.1,6949.04,12,527.3,2,1,-5.57,2921,IP-CE962,1
PROP-12801,25.7,Servidor_Publico,Solteiro,Medio,4950.08,12879.93,12,507.5,0,1,-63.08,5057,IP-3CDB8,1
PROP-12802,51.8,Servidor_Publico,Solteiro,Superior,10247.25,6518.22,36,546.5,1,0,77.97,3965,IP-4A2F2,0
PROP-12803,48.1,Estudante,Casado,Fundamental,2315.59,25922.13,12,700.0,2,1,6.21,3331,IP-5C604,1
PROP-12804,34.0,Autonomo,Solteiro,Superior,2167.3,7287.55,60,,1,0,-68.52,7021,IP-70511,0
PROP-12805,35.6,Estudante,Solteiro,Pos_Graduacao,4999.5,25169.75,36,446.5,0,1,82.69,6778,IP-6F305,1
PROP-12806,36.5,PJ,Solteiro,Superior,4013.95,24844.43,24,410.2,1,1,-33.93,8188,IP-7BF08,0
PROP-12807,29.4,CLT,Viuvo,Superior,5933.13,17157.05,24,947.6,3,0,-19.73,3985,IP-F31D0,0
PROP-12808,33.1,clt,Casado,Medio,8048.29,6462.55,36,595.2,1,1,-52.33,5574,IP-22ACA,1
PROP-12809,35.0,AUTONOMO,Solteiro,Medio,7244.46,12388.43,12,655.4,2,0,-60.35,9538,IP-B3FB2,0
PROP-12810,55.7,CLT,Solteiro,Medio,13377.67,12563.07,60,523.1,3,0,19.48,9363,IP-841EF,0
PROP-12811,48.4,Autonomo,Viuvo,Superior,3533.28,25112.71,36,688.6,2,0,-34.83,7961,IP-26DB9,0
PROP-12812,48.3,Autonomo,Casado,Pos_Graduacao,2370.87,5753.52,12,754.4,1,3,-76.25,1978,IP-6B700,1
PROP-12813,42.1,CLT,Solteiro,Medio,4762.26,29359.27,36,662.0,4,1,49.55,1543,IP-876AE,1
PROP-12814,25.7,Autonomo,Solteiro,Superior,1892.95,27113.24,12,,2,2,25.16,9393,IP-D93D4,0
PROP-12815,37.5,PJ,Solteiro,Superior,2831.67,8148.13,12,574.3,3,3,89.39,7860,IP-C2784,1
PROP-12816,48.7,clt,Solteiro,Superior,2378.82,25732.42,36,583.2,4,3,-18.64,4956,IP-1B0B3,1
PROP-12817,24.2,CLT,Casado,Medio,3521.48,24060.93,36,652.4,2,1,2.0,4840,IP-B4D24,1
PROP-12818,45.0,CLT,Divorciado,Superior,1895.19,26687.99,36,685.1,2,3,10.58,6513,IP-4A84F,1
PROP-12819,63.5, CLT ,Casado,Medio,1535.91,8234.64,12,,3,1,6.98,2604,IP-CCA47,0
PROP-12820,49.7,Servidor_Publico,Casado,Medio,5891.58,7200.48,36,,1,1,12.56,5977,IP-B8E9D,0
PROP-12821,53.6,CLT,Solteiro,Fundamental,5357.44,9803.97,12,663.8,3,1,-16.04,4777,IP-BCDB7,0
PROP-12822,40.4,Autonomo,Casado,Medio,6575.37,14073.77,36,567.6,3,1,-90.11,7389,IP-A09E5,1
PROP-12823,48.6,CLT,Casado,Medio,5935.78,28190.94,36,538.7,3,0,14.4,8592,IP-5191F,0
PROP-12824,30.1,CLT,Solteiro,Pos_Graduacao,1909.76,26351.49,36,624.5,1,0,28.75,8471,IP-59DA3,1
PROP-12825,46.8,PJ,Solteiro,Medio,2844.85,32539.9,48,485.4,5,0,-16.82,3163,IP-EF66C,1
PROP-12826,45.2,AUTONOMO,Casado,Superior,1982.62,3934.78,48,461.0,3,0,124.31,2140,IP-86553,1
PROP-12827,41.2,CLT,Solteiro,Medio,9175.6,2381.36,60,253.8,0,1,-23.86,6551,IP-7BA8E,0
PROP-12828,52.5, CLT ,Solteiro,Medio,7170.74,25071.58,60,864.6,0,0,-31.27,7268,IP-53C34,0
PROP-12829,32.1,CLT,Casado,Medio,2345.23,11216.49,48,697.8,1,1,22.19,9224,IP-3ED64,0
PROP-12830,35.9,clt,Viuvo,Medio,3153.5,13024.6,60,603.7,3,0,11.75,5568,IP-E67A1,0
PROP-12831,39.1,Autonomo,Casado,Superior,15678.52,20044.47,48,526.6,1,0,-78.7,2988,IP-68325,0
PROP-12832,26.7,CLT,Casado,Superior,999999.0,5379.63,36,217.4,1,1,39.84,7747,IP-4E2FC,0
PROP-12833,40.5,CLT,Solteiro,Superior,8183.98,23208.92,12,518.0,3,0,-22.82,9954,IP-E0536,0
PROP-12834,19.1, CLT ,Casado,Fundamental,2690.78,12729.87,12,720.2,4,2,61.92,2458,IP-BF7E9,0
PROP-12835,49.5,Servidor_Publico,Casado,Medio,2390.32,22879.6,48,751.9,2,2,19.99,2727,IP-71C73,1
PROP-12836,38.5,Estudante,Divorciado,Superior,7834.79,29522.23,24,709.9,2,0,-11.75,7993,IP-B07F8,0
PROP-12837,32.3,CLT,Solteiro,Superior,6263.42,7646.67,48,,3,1,63.75,9214,IP-1C943,0
PROP-12838,28.8,PJ,Casado,Pos_Graduacao,6198.48,32718.81,24,802.5,1,0,-27.44,2105,IP-824A9,1
PROP-12839,35.4, CLT ,Casado,Medio,4778.39,19512.71,24,574.0,3,1,-66.77,7346,IP-A803A,1
PROP-12840,45.6, CLT ,Solteiro,Superior,4882.41,32456.62,36,771.9,2,0,-68.14,8274,IP-A5426,0
PROP-12841,44.0,PJ,Solteiro,Pos_Graduacao,6988.78,8855.09,60,566.2,5,1,12.13,4145,IP-EA0D1,1
PROP-12842,30.2,Servidor_Publico,Solteiro,Medio,2721.8,21950.57,12,496.6,0,0,91.02,7025,IP-6B1B4,1
PROP-12843,28.7,Estudante,Solteiro,Pos_Graduacao,3227.21,15328.27,48,479.2,2,1,-7.13,6475,IP-45ECD,1
PROP-12844,45.2,Autonomo,Divorciado,Medio,10022.14,27549.33,48,471.0,6,1,38.0,3248,IP-47271,1
PROP-12845,30.1, CLT ,Solteiro,Superior,2951.57,21995.0,24,712.3,1,0,15.57,8756,IP-68056,0
PROP-12846,38.7,PJ,Solteiro,Pos_Graduacao,4719.43,18319.01,24,516.0,2,0,-20.65,4542,IP-95797,0
PROP-12847,39.4,CLT,Casado,Superior,999999.0,32128.52,12,475.4,8,1,-82.88,5480,IP-EFED4,0
PROP-12848,41.4,Autonomo,Solteiro,Superior,41282.01,14444.86,12,719.9,1,1,8.32,6007,IP-6DB10,0
PROP-12849,47.4, CLT ,Casado,Medio,3800.07,9259.35,24,665.9,5,2,40.22,2158,IP-26A7D,1
PROP-12850,24.1,Autonomo,Solteiro,Pos_Graduacao,3746.87,22067.34,12,754.8,2,1,22.76,2357,IP-85282,1
PROP-12851,17.0,CLT,Divorciado,Superior,9165.34,22592.94,12,691.8,4,4,-16.98,7688,IP-E778E,1
PROP-12852,31.8,CLT,Divorciado,Medio,,16490.12,48,514.6,2,4,-26.44,4205,IP-BE6AD,0
PROP-12853,57.8,Servidor_Publico,Divorciado,Superior,6915.97,18058.13,36,630.7,1,1,-31.69,7365,IP-5F5C6,0
PROP-12854,60.2,CLT,Solteiro,Superior,4013.18,33665.26,36,,3,1,-32.94,4203,IP-A351D,0
PROP-12855,58.1,Autonomo,Casado,Medio,3044.18,26178.63,12,491.3,4,3,2.25,7092,IP-9CBC9,1
PROP-12856,35.9,CLT,Solteiro,Medio,5341.11,5649.86,48,465.4,1,0,-7.83,4840,IP-AE43C,0
PROP-12857,18.4,CLT,Solteiro,Medio,10174.96,9000.29,48,524.7,1,1,25.29,6374,IP-B199C,0
PROP-12858,12.2,CLT,Solteiro,Superior,,34194.03,36,905.1,2,0,-48.51,9933,IP-46E87,0
PROP-12859,31.2,CLT,Casado,Superior,1882.36,25973.36,60,562.2,4,1,-1.32,3396,IP-39BBF,0
PROP-12860,35.8,PJ,Casado,Superior,3748.76,32196.49,48,792.6,0,0,-1.75,7413,IP-3D73B,0
PROP-12861,52.3,CLT,Casado,Superior,4024.87,12027.43,36,554.4,1,3,-25.42,4230,IP-58D9F,1
PROP-12862,47.5,Estudante,Solteiro,Pos_Graduacao,17357.4,26481.61,36,744.4,5,1,15.37,2596,IP-C2982,0
PROP-12863,40.5,Autonomo,Solteiro,Superior,6159.43,25562.09,12,,3,1,-44.63,4342,IP-9D6D3,0
PROP-12864,28.2, CLT ,Casado,Medio,3596.5,11724.77,24,753.4,1,0,59.63,5713,IP-7E548,0
PROP-12865,27.4,Autonomo,Solteiro,Superior,1510.89,20176.94,12,674.3,4,0,21.2,4848,IP-4DB52,1
PROP-12866,40.8,Autonomo,Casado,Superior,4899.84,22704.7,12,812.8,3,2,27.23,8644,IP-A2D26,0
PROP-12867,45.7,PJ,Solteiro,Superior,1824.24,17877.35,12,673.0,5,1,-3.59,8127,IP-2C240,1
PROP-12868,42.3,CLT,Casado,Superior,8953.62,29296.9,48,859.9,2,0,-16.44,1398,IP-97CC9,0
PROP-12869,26.6, CLT ,Casado,Medio,7264.96,29484.68,24,393.2,0,1,-36.1,3388,IP-BAA7A,0
PROP-12870,45.2,Servidor_Publico,Solteiro,Pos_Graduacao,3991.94,30069.82,60,668.8,4,0,-41.63,3664,IP-9720B,0
PROP-12871,42.7,Servidor_Publico,Solteiro,Medio,3755.09,28512.98,36,,3,0,-76.45,6719,IP-B650E,0
PROP-12872,26.2,Servidor_Publico,Casado,Superior,10960.56,18106.75,24,488.9,4,0,4.64,5102,IP-97F74,1
PROP-12873,29.4, CLT ,Casado,Medio,2829.35,14587.46,24,701.1,2,2,34.94,5664,IP-F1ED8,0
PROP-12874,45.6,PJ,Solteiro,Pos_Graduacao,2602.78,29435.42,24,411.4,5,2,-61.09,1726,IP-3667A,1
PROP-12875,35.4,clt,Solteiro,Medio,,18176.65,60,528.4,5,1,66.14,3367,IP-BE275,0
PROP-12876,55.5,clt,Divorciado,Medio,8358.43,10130.26,48,340.1,5,0,-78.63,1536,IP-A6EBD,1
PROP-12877,43.5,CLT,Casado,Medio,8616.78,18742.34,12,,1,0,42.72,6575,IP-4CC7B,0
PROP-12878,32.6,Autonomo,Solteiro,Medio,2312.05,6681.04,60,587.6,3,2,-42.28,6537,IP-7BC08,1
PROP-12879,37.9,CLT,Casado,Medio,2049.58,24823.77,36,923.4,3,0,53.95,5578,IP-37EB6,0
PROP-12880,38.7,CLT,Solteiro,Superior,1510.77,13085.4,12,732.4,1,0,38.15,9993,IP-8D1D2,1
PROP-12881,30.0,PJ,Casado,Superior,2536.32,10601.74,36,682.7,1,0,132.49,7043,IP-63981,0
PROP-12882,28.0,CLT,Solteiro,Medio,7649.87,33564.79,36,537.9,2,0,-31.17,7906,IP-84FF4,0
PROP-12883,45.7,CLT,Viuvo,Medio,2552.85,27637.07,24,473.5,9,0,-111.83,6156,IP-7C0A4,1
PROP-12884,47.3,CLT,Casado,Superior,6885.27,27973.29,48,693.2,3,0,-94.55,9477,IP-6D9D1,0
PROP-12885,44.6,Servidor_Publico,Casado,Superior,2618.96,22582.82,12,610.0,4,1,-10.31,1506,IP-4279F,0
PROP-12886,54.7,Autonomo,Casado,Superior,3512.64,29692.7,24,432.5,2,0,8.22,1625,IP-7934B,0
PROP-12887,32.0, CLT ,Divorciado,Superior,18553.36,27052.36,12,,2,0,-35.87,9088,IP-EC617,0
PROP-12888,56.4,PJ,Casado,Medio,2579.31,21759.53,60,485.8,2,0,18.21,3802,IP-9A8AE,0
PROP-12889,28.1,PJ,Casado,Medio,3383.24,33717.11,48,874.9,2,0,44.67,2211,IP-D6237,1
PROP-12890,26.9,CLT,Casado,Medio,2904.56,8322.63,12,929.9,1,1,29.2,9321,IP-7D555,0
PROP-12891,18.6,Autonomo,Casado,Pos_Graduacao,1887.67,33131.53,24,648.7,4,0,-1.98,7043,IP-27DA9,1
PROP-12892,33.1,PJ,Casado,Fundamental,4227.18,15247.46,12,640.9,1,1,-42.29,7870,IP-96F73,1
PROP-12893,32.5,Autonomo,Solteiro,Superior,,19437.17,48,572.9,1,0,41.6,4941,IP-9381D,0
PROP-12894,43.8,CLT,Casado,Medio,6385.71,6050.4,12,489.2,4,0,69.09,1535,IP-3BEC8,1
PROP-12895,40.7,Servidor_Publico,Solteiro,Medio,8546.4,19823.55,48,812.5,2,2,-30.06,8416,IP-EF7CE,0
PROP-12896,24.9,Autonomo,Divorciado,Medio,4700.4,22169.82,60,882.3,2,0,-58.56,9418,IP-E831D,0
PROP-12897,33.7,CLT,Solteiro,Superior,1537.45,34924.15,36,494.9,2,1,57.73,9849,IP-B7995,1
PROP-12898,33.9, CLT ,Divorciado,Medio,5451.96,34181.35,24,608.4,4,0,16.07,3371,IP-E87F4,1
PROP-12899,18.5,CLT,Casado,Fundamental,1639.33,33891.11,24,557.0,3,1,15.08,8001,IP-E7E3D,1
PROP-12900,27.2,CLT,Casado,Medio,5423.77,13496.81,24,561.2,4,0,85.96,9247,IP-BED9C,0
PROP-12901,29.5,PJ,Casado,Pos_Graduacao,6252.17,34711.79,36,786.0,3,2,-89.67,6692,IP-7F07C,0
PROP-12902,53.8,CLT,Solteiro,Superior,2325.5,17030.78,36,436.3,1,1,-10.6,8123,IP-32519,1
PROP-12903,40.1, CLT ,Solteiro,Superior,8586.92,30110.6,36,685.3,2,0,18.88,9465,IP-62202,0
PROP-12904,45.3,Autonomo,Solteiro,Superior,11564.32,9138.56,24,722.0,3,1,100.74,2120,IP-94A92,0
PROP-12905,21.5,CLT,Casado,Superior,8443.87,18692.49,48,600.1,2,1,-2.46,7801,IP-CB245,0
PROP-12906,51.1,Estudante,Solteiro,Superior,2928.8,33878.4,12,745.0,0,0,-24.17,6217,IP-C2CB9,1
PROP-12907,52.3,CLT,Casado,Superior,5110.46,33252.04,24,640.7,4,1,10.84,7910,IP-9F4B3,1
PROP-12908,16.0,CLT,Solteiro,Superior,11744.31,24563.25,48,790.4,1,0,36.55,2577,IP-C67C3,0
PROP-12909,30.2,CLT,Solteiro,Fundamental,3023.89,28327.87,12,406.9,1,1,59.62,8110,IP-691DF,1
PROP-12910,43.5,CLT,Solteiro,Superior,8602.8,7822.08,36,571.2,3,0,73.54,6773,IP-D40B1,0
PROP-12911,45.1,CLT,Divorciado,Superior,1439.99,25814.73,48,609.9,2,1,-95.65,7944,IP-9AA35,1
PROP-12912,30.5,AUTONOMO,Casado,Pos_Graduacao,1415.34,22395.68,36,245.9,3,2,-38.37,4201,IP-3E76C,1
PROP-12913,34.6,Estudante,Solteiro,Medio,7388.85,5021.21,12,468.0,3,0,43.18,5391,IP-688AF,0
PROP-12914,31.4,CLT,Casado,Medio,7419.3,5734.25,12,506.1,2,1,13.04,9301,IP-DE078,0
PROP-12915,39.2,Autonomo,Solteiro,Superior,7934.31,5578.64,24,752.7,0,1,21.77,8345,IP-BD5A2,0
PROP-12916,51.2,AUTONOMO,Viuvo,Superior,12570.5,25903.78,24,521.0,2,0,-31.27,8561,IP-B71E4,0
PROP-12917,29.5,PJ,Casado,Pos_Graduacao,1926.92,6676.6,60,505.5,2,0,12.03,1548,IP-D6A3A,1
PROP-12918,49.0, CLT ,Solteiro,Superior,2508.57,17435.16,36,734.4,1,1,-11.59,4360,IP-70306,0
PROP-12919,29.4,CLT,Casado,Superior,,13780.4,24,393.5,4,2,23.73,5375,IP-F0E47,0
PROP-12920,28.7,CLT,Solteiro,Superior,2219.36,20166.64,60,330.0,1,0,25.43,9937,IP-26505,1
PROP-12921,47.0,AUTONOMO,Divorciado,Medio,6214.99,25313.72,36,,5,0,16.23,7685,IP-CA4A3,0
PROP-12922,48.1,PJ,Solteiro,Superior,,24595.84,24,417.3,1,2,13.75,2600,IP-C054A,0
PROP-12923,47.4,CLT,Casado,Pos_Graduacao,1764.81,19012.16,24,422.6,2,0,-8.48,4453,IP-28905,1
PROP-12924,23.5, CLT ,Solteiro,Medio,2810.53,17323.05,12,700.3,5,0,79.46,5108,IP-CFE91,1
PROP-12925,32.9,Servidor_Publico,Casado,Superior,4485.93,15127.91,60,742.6,0,0,55.93,1443,IP-B31D3,0
PROP-12926,47.1,PJ,Casado,Superior,9434.23,30443.03,36,730.4,1,1,2.77,9329,IP-34797,0
PROP-12927,38.5,Estudante,Casado,Medio,6563.57,12918.11,48,775.2,2,0,42.97,6312,IP-DADD3,0
PROP-12928,26.2,PJ,Casado,Medio,5484.72,10559.07,24,793.8,1,1,101.39,3438,IP-9E114,0
PROP-12929,43.0, CLT ,Divorciado,Fundamental,4278.03,26529.41,48,322.0,2,0,-45.17,5027,IP-A33E1,1
PROP-12930,30.1,Autonomo,Solteiro,Medio,2890.15,13872.19,12,683.1,3,0,-34.9,5550,IP-7A45D,0
PROP-12931,57.7,Autonomo,Solteiro,Medio,1933.3,29950.95,60,545.9,3,1,4.3,1487,IP-614F2,1
PROP-12932,55.0,CLT,Solteiro,Medio,,12820.33,60,515.4,1,0,15.67,1367,IP-342DE,0
PROP-12933,44.6,Autonomo,Viuvo,Superior,1521.52,25164.18,24,698.5,4,0,-26.71,2192,IP-A7752,1
PROP-12934,53.0,AUTONOMO,Solteiro,Superior,2395.65,3488.6,48,377.8,3,0,35.28,5268,IP-40B5F,1
PROP-12935,38.7,CLT,Casado,Superior,3779.24,14723.58,48,374.8,1,0,-4.08,2242,IP-24171,1
PROP-12936,46.4,PJ,Casado,Medio,3677.77,13326.6,60,708.7,1,0,54.64,8585,IP-2F257,0
PROP-12937,54.3,Autonomo,Solteiro,Pos_Graduacao,1590.29,28950.4,24,688.3,2,0,-33.39,9779,IP-CDAAA,1
PROP-12938,40.7,Estudante,Solteiro,Medio,5135.1,33912.83,24,639.1,3,0,-42.97,8481,IP-A4B42,0
PROP-12939,35.2,CLT,Solteiro,Medio,4750.79,17209.08,48,496.8,4,0,-9.76,2614,IP-6362A,1
PROP-12940,19.2,CLT,Solteiro,Superior,1741.56,29219.6,48,724.1,4,1,-7.54,6331,IP-D9840,0
PROP-12941,37.1,Autonomo,Solteiro,Medio,13443.79,25089.93,24,715.2,6,1,-44.79,1237,IP-A74E1,0
PROP-12942,47.1,CLT,Solteiro,Pos_Graduacao,1839.63,33923.74,48,631.9,3,0,5.31,4673,IP-3CA97,1
PROP-12943,48.4,AUTONOMO,Divorciado,Pos_Graduacao,9505.49,28766.58,12,455.2,1,0,-32.75,3960,IP-CDC20,0
PROP-12944,43.5,PJ,Divorciado,Medio,1401.3,4556.78,48,560.5,1,0,94.99,2340,IP-286C0,1
PROP-12945,32.0,CLT,Solteiro,Pos_Graduacao,10385.71,25538.3,24,737.3,3,0,-2.98,7775,IP-2D6EC,0
PROP-12946,16.3,Autonomo,Solteiro,Superior,1483.65,19671.49,24,805.8,3,0,18.42,7154,IP-5B53A,1
PROP-12947,32.6,Autonomo,Solteiro,Pos_Graduacao,7355.77,2542.39,24,574.3,3,1,-62.31,5611,IP-9DC60,0
PROP-12948,34.7, CLT ,Casado,Medio,3285.52,10293.33,24,,4,4,27.51,4811,IP-6CA09,0
PROP-12949,34.6,Servidor_Publico,Casado,Superior,7029.0,32417.92,36,597.4,1,0,-40.29,7324,IP-C8F7C,0
PROP-12950,44.8,PJ,Solteiro,Medio,3557.7,32560.03,36,658.5,1,0,45.69,7574,IP-41B4C,0
PROP-12951,59.8,Autonomo,Solteiro,Pos_Graduacao,,28362.07,24,538.7,6,0,-77.02,1734,IP-B6E07,0
PROP-12952,39.4,AUTONOMO,Casado,Medio,7527.35,34398.73,12,214.8,1,0,-1.59,5508,IP-D1EF5,1
PROP-12953,35.6,clt,Casado,Superior,1710.46,28615.99,48,787.0,1,1,51.64,7686,IP-4C0F3,1
PROP-12954,35.1,Servidor_Publico,Solteiro,Medio,,2336.74,24,871.3,3,0,8.78,2795,IP-19DC7,0
PROP-12955,39.4,Autonomo,Casado,Medio,1619.74,11498.53,36,534.3,1,1,-7.0,2960,IP-630CC,1
PROP-12956,28.9,AUTONOMO,Solteiro,Superior,4141.05,3010.6,36,470.7,1,0,66.85,1661,IP-6DD21,0
PROP-12957,39.3,PJ,Solteiro,Pos_Graduacao,6792.22,5105.56,60,600.8,5,0,-41.06,1455,IP-A7948,1
PROP-12958,43.0,CLT,Casado,Superior,3498.46,9221.75,36,593.7,4,1,-58.53,1024,IP-66853,1
PROP-12959,40.3,PJ,Casado,Pos_Graduacao,2428.67,18617.43,12,759.4,5,1,-52.19,2017,IP-F22B0,1
PROP-12960,43.0,CLT,Solteiro,Medio,7378.01,29968.56,48,627.6,2,1,-50.29,9500,IP-B4ED1,0
PROP-12961,42.8,CLT,Divorciado,Superior,7842.14,30444.9,60,509.0,2,2,20.78,3253,IP-B3097,0
PROP-12962,18.5,CLT,Solteiro,Superior,12151.99,22334.66,24,435.4,0,1,-15.06,1004,IP-BEA0F,0
PROP-12963,45.0,Estudante,Casado,Medio,3381.85,32629.81,60,741.2,2,0,49.18,4377,IP-5BD48,0
PROP-12964,30.6,PJ,Casado,Superior,4364.06,18502.06,36,703.9,3,1,23.03,9506,IP-C6624,1
PROP-12965,25.9,AUTONOMO,Divorciado,Superior,,31338.19,24,768.5,2,2,18.26,1916,IP-C6A53,0
PROP-12966,25.9,AUTONOMO,Divorciado,Superior,2648.11,16984.15,24,484.5,2,1,-86.82,3894,IP-EE04F,1
PROP-12967,42.8,Autonomo,Solteiro,Superior,7239.83,11148.43,36,877.4,0,0,28.62,2686,IP-E75F9,0
PROP-12968,35.6,Servidor_Publico,Divorciado,Superior,3142.95,32241.63,24,375.9,1,0,62.47,2616,IP-8A9AC,0
PROP-12969,19.5,clt,Casado,Medio,3747.29,14801.86,12,719.3,2,0,5.17,5087,IP-55656,0
PROP-12970,43.3, CLT ,Casado,Medio,3571.26,18612.34,12,352.7,1,1,-48.33,3353,IP-DEB41,1
PROP-12971,22.2,CLT,Solteiro,Superior,6637.79,12852.4,24,509.4,4,1,-77.61,9501,IP-A99D6,1
PROP-12972,39.5,PJ,Casado,Medio,11893.9,23873.64,24,838.5,0,1,49.8,8258,IP-46FFD,0
PROP-12973,40.6,AUTONOMO,Divorciado,Medio,6015.3,34836.03,36,736.4,5,0,5.11,7952,IP-B3E4B,0
PROP-12974,47.7, CLT ,Solteiro,Superior,4079.05,2841.95,24,543.5,2,4,-67.98,5617,IP-956A1,1
PROP-12975,57.6,CLT,Divorciado,Superior,7744.19,31694.98,60,547.4,0,1,19.1,4189,IP-BB16B,0
PROP-12976,23.0,PJ,Solteiro,Medio,,2129.56,24,634.1,3,0,-1.09,8760,IP-A8357,0
PROP-12977,37.4,CLT,Solteiro,Superior,1662.6,14019.52,24,692.0,1,1,79.46,8629,IP-A69F5,1
PROP-12978,35.0,AUTONOMO,Casado,Superior,1822.33,7564.02,12,795.2,4,0,-40.26,9421,IP-3EA05,0
PROP-12979,42.8,Estudante,Casado,Medio,1562.35,26992.28,24,556.1,0,0,18.64,7300,IP-7B9AC,1
PROP-12980,40.4, CLT ,Casado,Superior,3963.29,3670.16,12,394.4,0,0,59.31,1333,IP-E704F,1
PROP-12981,34.1,CLT,Solteiro,Superior,8741.0,20265.0,36,642.0,1,0,23.07,8847,IP-2C013,0
PROP-12982,33.2,AUTONOMO,Divorciado,Superior,2977.28,11732.56,48,556.0,2,2,-7.85,8120,IP-729F8,1
PROP-12983,25.7,PJ,Solteiro,Superior,3436.03,6411.12,12,437.9,4,1,-16.87,9490,IP-8D647,0
PROP-12984,48.9,Autonomo,Solteiro,Medio,11489.04,27470.0,24,661.7,1,0,-15.6,8686,IP-94D06,0
PROP-12985,43.1,Estudante,Solteiro,Superior,9016.33,9174.76,12,590.2,3,2,-25.36,7863,IP-C9C5B,1
PROP-12986,48.1,CLT,Casado,Medio,5993.83,9381.28,48,662.9,3,0,-35.03,3060,IP-4B08E,0
PROP-12987,34.6,Autonomo,Divorciado,Fundamental,2703.44,11077.53,48,494.8,2,0,56.85,1382,IP-AB0B4,1
PROP-12988,30.8,AUTONOMO,Casado,Superior,1922.8,21363.3,12,688.1,1,1,52.44,8018,IP-44494,1
PROP-12989,26.1,PJ,Casado,Superior,1467.99,23768.98,24,435.6,3,0,36.39,2655,IP-36672,1
PROP-12990,41.9,CLT,Solteiro,Medio,,2580.88,60,504.1,0,3,11.08,9459,IP-41DEC,0
PROP-12991,26.6,PJ,Casado,Medio,2853.85,9981.7,24,586.0,0,1,9.4,9063,IP-3E8F8,0
PROP-12992,58.3,Autonomo,Casado,Medio,4770.47,16222.04,36,863.9,1,0,-78.25,1674,IP-EEB6F,0
PROP-12993,23.6, CLT ,Casado,Superior,1677.79,12955.24,24,729.9,3,1,34.83,5059,IP-D0B0C,1
PROP-12994,41.0,CLT,Solteiro,Medio,2015.07,31177.63,36,770.8,3,1,0.64,6953,IP-CD199,1
PROP-12995,55.2,PJ,Casado,Superior,2239.03,27994.39,60,818.4,1,0,-59.85,2050,IP-C617C,0
PROP-12996,44.6,CLT,Casado,Medio,5598.42,22654.38,60,990.0,1,0,52.42,4330,IP-7494D,0
PROP-12997,39.9,CLT,Casado,Fundamental,5417.58,13155.4,48,625.8,2,1,-8.08,7036,IP-1CF75,0
PROP-12998,27.3,CLT,Casado,Medio,4760.89,25122.19,24,818.9,2,0,37.48,7956,IP-B192B,0
PROP-12999,22.8,Servidor_Publico,Solteiro,Pos_Graduacao,2611.07,29840.05,24,761.8,0,0,21.96,3848,IP-BDBDF,0
