id,timestamp,plant,station,piece_id,event,status,pressao_bar,temperature,payload
1,2026-08-01 00:00:00,SmartN1,Torno_CNC_02,PART-1000,press.cycle,WARNING,,75.26,"{""pressao_bar"": null, ""temperatura_c"": 75.26}"
2,2026-08-01 00:01:00,SmartN1,Injetora_04,PART-1001,inspection.done,OK,,73.24,"{""pressao_bar"": null, ""temperatura_c"": 73.24}"
3,2026-08-01 00:02:00,SmartN1,Fresadora_03,PART-1002,sensor.read,WARNING,5.32,73.51,"{""pressao_bar"": 5.32, ""temperatura_c"": 73.51}"
4,2026-08-01 00:03:00,SmartN1,Fresadora_03,PART-1003,sensor.read,OK,5.83,72.41,"{""pressao_bar"": 5.83, ""temperatura_c"": 72.41}"
5,2026-08-01 00:04:00,SmartN1,Linha_Montagem,PART-1004,sensor.read,OK,6.1,68.5,"{""pressao_bar"": 6.1, ""temperatura_c"": 68.5}"
6,2026-08-01 00:05:00,SmartN1,Torno_CNC_02,PART-1005,inspection.done,OK,6.27,73.59,"{""pressao_bar"": 6.27, ""temperatura_c"": 73.59}"
7,2026-08-01 00:06:00,SmartN1,Torno_CNC_02,PART-1006,sensor.read,OK,5.53,74.62,"{""pressao_bar"": 5.53, ""temperatura_c"": 74.62}"
8,2026-08-01 00:07:00,SmartN1,Injetora_04,PART-1007,sensor.read,OK,5.66,69.46,"{""pressao_bar"": 5.66, ""temperatura_c"": 69.46}"
9,2026-08-01 00:08:00,SmartN1,Linha_Montagem,PART-1008,sensor.read,OK,6.0,72.4,"{""pressao_bar"": 6.0, ""temperatura_c"": 72.4}"
10,2026-08-01 00:09:00,SmartN1,Linha_Montagem,PART-1009,sensor.read,OK,6.18,70.23,"{""pressao_bar"": 6.18, ""temperatura_c"": 70.23}"
11,2026-08-01 00:10:00,SmartN1,Injetora_04,PART-1010,piece.detected,OK,5.95,71.75,"{""pressao_bar"": 5.95, ""temperatura_c"": 71.75}"
12,2026-08-01 00:11:00,SmartN1,Fresadora_03,PART-1011,sensor.read,OK,6.31,68.53,"{""pressao_bar"": 6.31, ""temperatura_c"": 68.53}"
13,2026-08-01 00:12:00,SmartN1,Prensa_01,PART-1012,press.cycle,OK,6.53,71.56,"{""pressao_bar"": 6.53, ""temperatura_c"": 71.56}"
14,2026-08-01 00:13:00,SmartN1,Injetora_04,PART-1013,press.cycle,WARNING,5.15,78.2,"{""pressao_bar"": 5.15, ""temperatura_c"": 78.2}"
15,2026-08-01 00:14:00,SmartN1,Fresadora_03,PART-1014,sensor.read,OK,6.41,70.74,"{""pressao_bar"": 6.41, ""temperatura_c"": 70.74}"
16,2026-08-01 00:15:00,SmartN1,Linha_Montagem,PART-1015,sensor.read,OK,6.32,70.12,"{""pressao_bar"": 6.32, ""temperatura_c"": 70.12}"
17,2026-08-01 00:16:00,SmartN1,Injetora_04,PART-1016,inspection.done,WARNING,5.33,70.34,"{""pressao_bar"": 5.33, ""temperatura_c"": 70.34}"
18,2026-08-01 00:17:00,SmartN1,Prensa_01,PART-1017,press.cycle,OK,5.99,71.83,"{""pressao_bar"": 5.99, ""temperatura_c"": 71.83}"
19,2026-08-01 00:18:00,SmartN1,Torno_CNC_02,PART-1018,piece.detected,OK,6.05,78.77,"{""pressao_bar"": 6.05, ""temperatura_c"": 78.77}"
20,2026-08-01 00:19:00,SmartN1,Injetora_04,PART-1019,press.cycle,OK,5.36,77.42,"{""pressao_bar"": 5.36, ""temperatura_c"": 77.42}"
21,2026-08-01 00:20:00,SmartN1,Prensa_01,PART-1020,temp.warning,OK,5.78,72.0,"{""pressao_bar"": 5.78, ""temperatura_c"": 72.0}"
22,2026-08-01 00:21:00,SmartN1,Prensa_01,PART-1021,sensor.read,OK,5.86,70.25,"{""pressao_bar"": 5.86, ""temperatura_c"": 70.25}"
23,2026-08-01 00:22:00,SmartN1,Injetora_04,PART-1022,sensor.read,OK,5.37,66.34,"{""pressao_bar"": 5.37, ""temperatura_c"": 66.34}"
24,2026-08-01 00:23:00,SmartN1,Fresadora_03,PART-1023,sensor.read,OK,5.66,69.31,"{""pressao_bar"": 5.66, ""temperatura_c"": 69.31}"
25,2026-08-01 00:24:00,SmartN1,Injetora_04,PART-1024,sensor.read,OK,6.36,65.59,"{""pressao_bar"": 6.36, ""temperatura_c"": 65.59}"
26,2026-08-01 00:25:00,SmartN1,Linha_Montagem,PART-1025,sensor.read,OK,6.47,75.09,"{""pressao_bar"": 6.47, ""temperatura_c"": 75.09}"
27,2026-08-01 00:26:00,SmartN1,Prensa_01,PART-1026,temp.warning,OK,5.36,77.17,"{""pressao_bar"": 5.36, ""temperatura_c"": 77.17}"
28,2026-08-01 00:27:00,SmartN1,Prensa_01,PART-1027,inspection.done,WARNING,4.73,71.19,"{""pressao_bar"": 4.73, ""temperatura_c"": 71.19}"
29,2026-08-01 00:28:00,SmartN1,Torno_CNC_02,PART-1028,sensor.read,OK,6.29,73.84,"{""pressao_bar"": 6.29, ""temperatura_c"": 73.84}"
30,2026-08-01 00:29:00,SmartN1,Prensa_01,PART-1029,sensor.read,OK,6.53,68.69,"{""pressao_bar"": 6.53, ""temperatura_c"": 68.69}"
31,2026-08-01 00:30:00,SmartN1,Torno_CNC_02,PART-1030,sensor.read,WARNING,,65.71,"{""pressao_bar"": null, ""temperatura_c"": 65.71}"
32,2026-08-01 00:31:00,SmartN1,Prensa_01,PART-1031,inspection.done,OK,5.69,72.69,"{""pressao_bar"": 5.69, ""temperatura_c"": 72.69}"
33,2026-08-01 00:32:00,SmartN1,Prensa_01,PART-1032,sensor.read,OK,5.37,73.84,"{""pressao_bar"": 5.37, ""temperatura_c"": 73.84}"
34,2026-08-01 00:33:00,SmartN1,Injetora_04,PART-1033,press.cycle,OK,6.05,78.46,"{""pressao_bar"": 6.05, ""temperatura_c"": 78.46}"
35,2026-08-01 00:34:00,SmartN1,Injetora_04,PART-1034,inspection.done,OK,6.22,79.72,"{""pressao_bar"": 6.22, ""temperatura_c"": 79.72}"
36,2026-08-01 00:35:00,SmartN1,Linha_Montagem,PART-1035,sensor.read,OK,5.54,71.53,"{""pressao_bar"": 5.54, ""temperatura_c"": 71.53}"
37,2026-08-01 00:36:00,SmartN1,Fresadora_03,PART-1036,piece.detected,OK,5.91,75.69,"{""pressao_bar"": 5.91, ""temperatura_c"": 75.69}"
38,2026-08-01 00:37:00,SmartN1,Linha_Montagem,PART-1037,sensor.read,OK,5.63,73.6,"{""pressao_bar"": 5.63, ""temperatura_c"": 73.6}"
39,2026-08-01 00:38:00,SmartN1,Prensa_01,PART-1038,piece.detected,OK,6.1,72.51,"{""pressao_bar"": 6.1, ""temperatura_c"": 72.51}"
40,2026-08-01 00:39:00,SmartN1,Linha_Montagem,PART-1039,sensor.read,OK,4.98,72.37,"{""pressao_bar"": 4.98, ""temperatura_c"": 72.37}"
41,2026-08-01 00:40:00,SmartN1,Injetora_04,PART-1040,sensor.read,OK,5.96,71.99,"{""pressao_bar"": 5.96, ""temperatura_c"": 71.99}"
42,2026-08-01 00:41:00,SmartN1,Prensa_01,PART-1041,temp.warning,OK,10.29,72.14,"{""pressao_bar"": 10.29, ""temperatura_c"": 72.14}"
43,2026-08-01 00:42:00,SmartN1,Prensa_01,PART-1042,press.cycle,OK,6.53,78.3,"{""pressao_bar"": 6.53, ""temperatura_c"": 78.3}"
44,2026-08-01 00:43:00,SmartN1,Linha_Montagem,PART-1043,sensor.read,OK,5.92,73.25,"{""pressao_bar"": 5.92, ""temperatura_c"": 73.25}"
45,2026-08-01 00:44:00,SmartN1,Torno_CNC_02,PART-1044,sensor.read,OK,,78.6,"{""pressao_bar"": null, ""temperatura_c"": 78.6}"
46,2026-08-01 00:45:00,SmartN1,Fresadora_03,PART-1045,sensor.read,OK,5.42,69.36,"{""pressao_bar"": 5.42, ""temperatura_c"": 69.36}"
47,2026-08-01 00:46:00,SmartN1,Linha_Montagem,PART-1046,piece.detected,OK,5.71,62.59,"{""pressao_bar"": 5.71, ""temperatura_c"": 62.59}"
48,2026-08-01 00:47:00,SmartN1,Linha_Montagem,PART-1047,sensor.read,OK,5.96,70.88,"{""pressao_bar"": 5.96, ""temperatura_c"": 70.88}"
49,2026-08-01 00:48:00,SmartN1,Fresadora_03,PART-1048,piece.detected,ERROR,5.66,69.57,"{""pressao_bar"": 5.66, ""temperatura_c"": 69.57}"
50,2026-08-01 00:49:00,SmartN1,Prensa_01,PART-1049,sensor.read,OK,5.7,67.27,"{""pressao_bar"": 5.7, ""temperatura_c"": 67.27}"
51,2026-08-01 00:50:00,SmartN1,Prensa_01,PART-1050,sensor.read,OK,5.91,77.05,"{""pressao_bar"": 5.91, ""temperatura_c"": 77.05}"
52,2026-08-01 00:51:00,SmartN1,Torno_CNC_02,PART-1051,piece.detected,OK,5.11,67.82,"{""pressao_bar"": 5.11, ""temperatura_c"": 67.82}"
53,2026-08-01 00:52:00,SmartN1,Linha_Montagem,PART-1052,sensor.read,OK,5.59,74.54,"{""pressao_bar"": 5.59, ""temperatura_c"": 74.54}"
54,2026-08-01 00:53:00,SmartN1,Fresadora_03,PART-1053,inspection.done,OK,6.12,79.55,"{""pressao_bar"": 6.12, ""temperatura_c"": 79.55}"
55,2026-08-01 00:54:00,SmartN1,Linha_Montagem,PART-1054,press.cycle,ERROR,5.64,68.48,"{""pressao_bar"": 5.64, ""temperatura_c"": 68.48}"
56,2026-08-01 00:55:00,SmartN1,Injetora_04,PART-1055,sensor.read,OK,6.73,71.69,"{""pressao_bar"": 6.73, ""temperatura_c"": 71.69}"
57,2026-08-01 00:56:00,SmartN1,Linha_Montagem,PART-1056,press.cycle,OK,5.84,77.23,"{""pressao_bar"": 5.84, ""temperatura_c"": 77.23}"
58,2026-08-01 00:57:00,SmartN1,Linha_Montagem,PART-1057,sensor.read,OK,5.06,71.05,"{""pressao_bar"": 5.06, ""temperatura_c"": 71.05}"
59,2026-08-01 00:58:00,SmartN1,Injetora_04,PART-1058,sensor.read,OK,5.98,73.66,"{""pressao_bar"": 5.98, ""temperatura_c"": 73.66}"
60,2026-08-01 00:59:00,SmartN1,Injetora_04,PART-1059,sensor.read,OK,5.38,74.74,"{""pressao_bar"": 5.38, ""temperatura_c"": 74.74}"
61,2026-08-01 01:00:00,SmartN1,Fresadora_03,PART-1060,press.cycle,OK,5.94,73.11,"{""pressao_bar"": 5.94, ""temperatura_c"": 73.11}"
62,2026-08-01 01:01:00,SmartN1,Prensa_01,PART-1061,sensor.read,OK,5.57,70.93,"{""pressao_bar"": 5.57, ""temperatura_c"": 70.93}"
63,2026-08-01 01:02:00,SmartN1,Torno_CNC_02,PART-1062,sensor.read,OK,5.6,69.77,"{""pressao_bar"": 5.6, ""temperatura_c"": 69.77}"
64,2026-08-01 01:03:00,SmartN1,Injetora_04,PART-1063,sensor.read,OK,6.21,68.67,"{""pressao_bar"": 6.21, ""temperatura_c"": 68.67}"
65,2026-08-01 01:04:00,SmartN1,Prensa_01,PART-1064,sensor.read,OK,5.17,74.59,"{""pressao_bar"": 5.17, ""temperatura_c"": 74.59}"
66,2026-08-01 01:05:00,SmartN1,Fresadora_03,PART-1065,sensor.read,OK,5.61,70.2,"{""pressao_bar"": 5.61, ""temperatura_c"": 70.2}"
67,2026-08-01 01:06:00,SmartN1,Linha_Montagem,PART-1066,sensor.read,OK,5.56,76.69,"{""pressao_bar"": 5.56, ""temperatura_c"": 76.69}"
68,2026-08-01 01:07:00,SmartN1,Fresadora_03,PART-1067,sensor.read,OK,6.33,78.06,"{""pressao_bar"": 6.33, ""temperatura_c"": 78.06}"
69,2026-08-01 01:08:00,SmartN1,Fresadora_03,PART-1068,sensor.read,OK,5.66,68.45,"{""pressao_bar"": 5.66, ""temperatura_c"": 68.45}"
70,2026-08-01 01:09:00,SmartN1,Injetora_04,PART-1069,sensor.read,OK,5.42,75.08,"{""pressao_bar"": 5.42, ""temperatura_c"": 75.08}"
71,2026-08-01 01:10:00,SmartN1,Torno_CNC_02,PART-1070,piece.detected,OK,,79.71,"{""pressao_bar"": null, ""temperatura_c"": 79.71}"
72,2026-08-01 01:11:00,SmartN1,Injetora_04,PART-1071,press.cycle,OK,5.44,69.51,"{""pressao_bar"": 5.44, ""temperatura_c"": 69.51}"
73,2026-08-01 01:12:00,SmartN1,Linha_Montagem,PART-1072,sensor.read,ERROR,5.5,76.7,"{""pressao_bar"": 5.5, ""temperatura_c"": 76.7}"
74,2026-08-01 01:13:00,SmartN1,Injetora_04,PART-1073,inspection.done,OK,6.08,74.47,"{""pressao_bar"": 6.08, ""temperatura_c"": 74.47}"
75,2026-08-01 01:14:00,SmartN1,Linha_Montagem,PART-1074,sensor.read,OK,4.65,75.86,"{""pressao_bar"": 4.65, ""temperatura_c"": 75.86}"
76,2026-08-01 01:15:00,SmartN1,Injetora_04,PART-1075,sensor.read,OK,5.41,69.85,"{""pressao_bar"": 5.41, ""temperatura_c"": 69.85}"
77,2026-08-01 01:16:00,SmartN1,Torno_CNC_02,PART-1076,piece.detected,OK,5.53,79.17,"{""pressao_bar"": 5.53, ""temperatura_c"": 79.17}"
78,2026-08-01 01:17:00,SmartN1,Prensa_01,PART-1077,press.cycle,OK,6.42,70.16,"{""pressao_bar"": 6.42, ""temperatura_c"": 70.16}"
79,2026-08-01 01:18:00,SmartN1,Torno_CNC_02,PART-1078,temp.warning,OK,5.98,74.74,"{""pressao_bar"": 5.98, ""temperatura_c"": 74.74}"
80,2026-08-01 01:19:00,SmartN1,Injetora_04,PART-1079,inspection.done,OK,5.79,72.28,"{""pressao_bar"": 5.79, ""temperatura_c"": 72.28}"
81,2026-08-01 01:20:00,SmartN1,Fresadora_03,PART-1080,sensor.read,OK,5.76,74.38,"{""pressao_bar"": 5.76, ""temperatura_c"": 74.38}"
82,2026-08-01 01:21:00,SmartN1,Prensa_01,PART-1081,temp.warning,ERROR,5.85,69.06,"{""pressao_bar"": 5.85, ""temperatura_c"": 69.06}"
83,2026-08-01 01:22:00,SmartN1,Fresadora_03,PART-1082,inspection.done,OK,5.9,68.2,"{""pressao_bar"": 5.9, ""temperatura_c"": 68.2}"
84,2026-08-01 01:23:00,SmartN1,Torno_CNC_02,PART-1083,sensor.read,WARNING,5.85,73.5,"{""pressao_bar"": 5.85, ""temperatura_c"": 73.5}"
85,2026-08-01 01:24:00,SmartN1,Prensa_01,PART-1084,temp.warning,OK,6.58,71.21,"{""pressao_bar"": 6.58, ""temperatura_c"": 71.21}"
86,2026-08-01 01:25:00,SmartN1,Injetora_04,PART-1085,sensor.read,OK,5.62,71.1,"{""pressao_bar"": 5.62, ""temperatura_c"": 71.1}"
87,2026-08-01 01:26:00,SmartN1,Fresadora_03,PART-1086,press.cycle,WARNING,5.87,74.41,"{""pressao_bar"": 5.87, ""temperatura_c"": 74.41}"
88,2026-08-01 01:27:00,SmartN1,Injetora_04,PART-1087,sensor.read,OK,5.82,67.27,"{""pressao_bar"": 5.82, ""temperatura_c"": 67.27}"
89,2026-08-01 01:28:00,SmartN1,Linha_Montagem,PART-1088,sensor.read,OK,6.18,76.72,"{""pressao_bar"": 6.18, ""temperatura_c"": 76.72}"
90,2026-08-01 01:29:00,SmartN1,Prensa_01,PART-1089,press.cycle,OK,5.52,72.92,"{""pressao_bar"": 5.52, ""temperatura_c"": 72.92}"
91,2026-08-01 01:30:00,SmartN1,Fresadora_03,PART-1090,sensor.read,OK,5.65,75.17,"{""pressao_bar"": 5.65, ""temperatura_c"": 75.17}"
92,2026-08-01 01:31:00,SmartN1,Torno_CNC_02,PART-1091,press.cycle,OK,5.2,74.35,"{""pressao_bar"": 5.2, ""temperatura_c"": 74.35}"
93,2026-08-01 01:32:00,SmartN1,Torno_CNC_02,PART-1092,press.cycle,OK,6.19,74.54,"{""pressao_bar"": 6.19, ""temperatura_c"": 74.54}"
94,2026-08-01 01:33:00,SmartN1,Torno_CNC_02,PART-1093,sensor.read,OK,5.19,68.31,"{""pressao_bar"": 5.19, ""temperatura_c"": 68.31}"
95,2026-08-01 01:34:00,SmartN1,Torno_CNC_02,PART-1094,sensor.read,OK,6.02,76.58,"{""pressao_bar"": 6.02, ""temperatura_c"": 76.58}"
96,2026-08-01 01:35:00,SmartN1,Fresadora_03,PART-1095,press.cycle,ERROR,6.47,73.46,"{""pressao_bar"": 6.47, ""temperatura_c"": 73.46}"
97,2026-08-01 01:36:00,SmartN1,Linha_Montagem,PART-1096,piece.detected,OK,6.57,70.84,"{""pressao_bar"": 6.57, ""temperatura_c"": 70.84}"
98,2026-08-01 01:37:00,SmartN1,Torno_CNC_02,PART-1097,press.cycle,OK,5.68,72.06,"{""pressao_bar"": 5.68, ""temperatura_c"": 72.06}"
99,2026-08-01 01:38:00,SmartN1,Torno_CNC_02,PART-1098,press.cycle,OK,5.66,73.77,"{""pressao_bar"": 5.66, ""temperatura_c"": 73.77}"
100,2026-08-01 01:39:00,SmartN1,Torno_CNC_02,PART-1099,press.cycle,OK,5.77,73.13,"{""pressao_bar"": 5.77, ""temperatura_c"": 73.13}"
101,2026-08-01 01:40:00,SmartN1,Linha_Montagem,PART-1100,sensor.read,OK,6.16,74.59,"{""pressao_bar"": 6.16, ""temperatura_c"": 74.59}"
102,2026-08-01 01:41:00,SmartN1,Prensa_01,PART-1101,sensor.read,OK,5.75,78.29,"{""pressao_bar"": 5.75, ""temperatura_c"": 78.29}"
103,2026-08-01 01:42:00,SmartN1,Torno_CNC_02,PART-1102,temp.warning,ERROR,5.69,68.87,"{""pressao_bar"": 5.69, ""temperatura_c"": 68.87}"
104,2026-08-01 01:43:00,SmartN1,Torno_CNC_02,PART-1103,piece.detected,OK,6.23,75.13,"{""pressao_bar"": 6.23, ""temperatura_c"": 75.13}"
105,2026-08-01 01:44:00,SmartN1,Torno_CNC_02,PART-1104,sensor.read,OK,5.82,72.12,"{""pressao_bar"": 5.82, ""temperatura_c"": 72.12}"
106,2026-08-01 01:45:00,SmartN1,Prensa_01,PART-1105,sensor.read,OK,5.74,76.5,"{""pressao_bar"": 5.74, ""temperatura_c"": 76.5}"
107,2026-08-01 01:46:00,SmartN1,Torno_CNC_02,PART-1106,sensor.read,OK,5.45,78.19,"{""pressao_bar"": 5.45, ""temperatura_c"": 78.19}"
108,2026-08-01 01:47:00,SmartN1,Prensa_01,PART-1107,press.cycle,OK,6.21,73.19,"{""pressao_bar"": 6.21, ""temperatura_c"": 73.19}"
109,2026-08-01 01:48:00,SmartN1,Prensa_01,PART-1108,sensor.read,OK,5.9,74.67,"{""pressao_bar"": 5.9, ""temperatura_c"": 74.67}"
110,2026-08-01 01:49:00,SmartN1,Injetora_04,PART-1109,press.cycle,ERROR,5.8,76.76,"{""pressao_bar"": 5.8, ""temperatura_c"": 76.76}"
111,2026-08-01 01:50:00,SmartN1,Injetora_04,PART-1110,sensor.read,OK,5.06,75.99,"{""pressao_bar"": 5.06, ""temperatura_c"": 75.99}"
112,2026-08-01 01:51:00,SmartN1,Torno_CNC_02,PART-1111,sensor.read,OK,6.18,76.9,"{""pressao_bar"": 6.18, ""temperatura_c"": 76.9}"
113,2026-08-01 01:52:00,SmartN1,Fresadora_03,PART-1112,inspection.done,OK,5.35,71.46,"{""pressao_bar"": 5.35, ""temperatura_c"": 71.46}"
114,2026-08-01 01:53:00,SmartN1,Injetora_04,PART-1113,sensor.read,OK,5.98,70.69,"{""pressao_bar"": 5.98, ""temperatura_c"": 70.69}"
115,2026-08-01 01:54:00,SmartN1,Injetora_04,PART-1114,temp.warning,OK,5.49,68.52,"{""pressao_bar"": 5.49, ""temperatura_c"": 68.52}"
116,2026-08-01 01:55:00,SmartN1,Fresadora_03,PART-1115,sensor.read,OK,5.37,71.82,"{""pressao_bar"": 5.37, ""temperatura_c"": 71.82}"
117,2026-08-01 01:56:00,SmartN1,Linha_Montagem,PART-1116,sensor.read,OK,,72.21,"{""pressao_bar"": null, ""temperatura_c"": 72.21}"
118,2026-08-01 01:57:00,SmartN1,Torno_CNC_02,PART-1117,sensor.read,OK,11.7,72.0,"{""pressao_bar"": 11.7, ""temperatura_c"": 72.0}"
119,2026-08-01 01:58:00,SmartN1,Linha_Montagem,PART-1118,piece.detected,OK,5.82,74.22,"{""pressao_bar"": 5.82, ""temperatura_c"": 74.22}"
120,2026-08-01 01:59:00,SmartN1,Linha_Montagem,PART-1119,piece.detected,OK,6.58,74.31,"{""pressao_bar"": 6.58, ""temperatura_c"": 74.31}"
121,2026-08-01 02:00:00,SmartN1,Prensa_01,PART-1120,sensor.read,OK,6.57,72.27,"{""pressao_bar"": 6.57, ""temperatura_c"": 72.27}"
122,2026-08-01 02:01:00,SmartN1,Prensa_01,PART-1121,sensor.read,WARNING,5.7,73.71,"{""pressao_bar"": 5.7, ""temperatura_c"": 73.71}"
123,2026-08-01 02:02:00,SmartN1,Torno_CNC_02,PART-1122,press.cycle,OK,5.28,75.39,"{""pressao_bar"": 5.28, ""temperatura_c"": 75.39}"
124,2026-08-01 02:03:00,SmartN1,Fresadora_03,PART-1123,sensor.read,OK,6.37,69.7,"{""pressao_bar"": 6.37, ""temperatura_c"": 69.7}"
125,2026-08-01 02:04:00,SmartN1,Prensa_01,PART-1124,sensor.read,OK,5.26,75.77,"{""pressao_bar"": 5.26, ""temperatura_c"": 75.77}"
126,2026-08-01 02:05:00,SmartN1,Injetora_04,PART-1125,sensor.read,OK,5.99,70.36,"{""pressao_bar"": 5.99, ""temperatura_c"": 70.36}"
127,2026-08-01 02:06:00,SmartN1,Torno_CNC_02,PART-1126,press.cycle,OK,5.69,77.54,"{""pressao_bar"": 5.69, ""temperatura_c"": 77.54}"
128,2026-08-01 02:07:00,SmartN1,Linha_Montagem,PART-1127,sensor.read,OK,5.83,73.08,"{""pressao_bar"": 5.83, ""temperatura_c"": 73.08}"
129,2026-08-01 02:08:00,SmartN1,Torno_CNC_02,PART-1128,sensor.read,OK,6.29,72.72,"{""pressao_bar"": 6.29, ""temperatura_c"": 72.72}"
130,2026-08-01 02:09:00,SmartN1,Prensa_01,PART-1129,sensor.read,OK,5.49,66.24,"{""pressao_bar"": 5.49, ""temperatura_c"": 66.24}"
131,2026-08-01 02:10:00,SmartN1,Fresadora_03,PART-1130,sensor.read,OK,5.56,74.8,"{""pressao_bar"": 5.56, ""temperatura_c"": 74.8}"
132,2026-08-01 02:11:00,SmartN1,Linha_Montagem,PART-1131,press.cycle,OK,11.15,72.83,"{""pressao_bar"": 11.15, ""temperatura_c"": 72.83}"
133,2026-08-01 02:12:00,SmartN1,Fresadora_03,PART-1132,piece.detected,WARNING,6.52,73.11,"{""pressao_bar"": 6.52, ""temperatura_c"": 73.11}"
134,2026-08-01 02:13:00,SmartN1,Torno_CNC_02,PART-1133,sensor.read,WARNING,6.79,72.17,"{""pressao_bar"": 6.79, ""temperatura_c"": 72.17}"
135,2026-08-01 02:14:00,SmartN1,Fresadora_03,PART-1134,sensor.read,OK,5.22,74.69,"{""pressao_bar"": 5.22, ""temperatura_c"": 74.69}"
136,2026-08-01 02:15:00,SmartN1,Fresadora_03,PART-1135,sensor.read,OK,,75.39,"{""pressao_bar"": null, ""temperatura_c"": 75.39}"
137,2026-08-01 02:16:00,SmartN1,Torno_CNC_02,PART-1136,piece.detected,OK,5.39,74.19,"{""pressao_bar"": 5.39, ""temperatura_c"": 74.19}"
138,2026-08-01 02:17:00,SmartN1,Linha_Montagem,PART-1137,sensor.read,OK,6.14,77.11,"{""pressao_bar"": 6.14, ""temperatura_c"": 77.11}"
139,2026-08-01 02:18:00,SmartN1,Fresadora_03,PART-1138,temp.warning,OK,5.82,69.98,"{""pressao_bar"": 5.82, ""temperatura_c"": 69.98}"
140,2026-08-01 02:19:00,SmartN1,Fresadora_03,PART-1139,sensor.read,OK,6.15,70.43,"{""pressao_bar"": 6.15, ""temperatura_c"": 70.43}"
141,2026-08-01 02:20:00,SmartN1,Torno_CNC_02,PART-1140,sensor.read,OK,5.64,73.92,"{""pressao_bar"": 5.64, ""temperatura_c"": 73.92}"
142,2026-08-01 02:21:00,SmartN1,Injetora_04,PART-1141,sensor.read,WARNING,6.08,74.82,"{""pressao_bar"": 6.08, ""temperatura_c"": 74.82}"
143,2026-08-01 02:22:00,SmartN1,Fresadora_03,PART-1142,press.cycle,OK,5.73,74.31,"{""pressao_bar"": 5.73, ""temperatura_c"": 74.31}"
144,2026-08-01 02:23:00,SmartN1,Prensa_01,PART-1143,press.cycle,OK,5.86,67.99,"{""pressao_bar"": 5.86, ""temperatura_c"": 67.99}"
145,2026-08-01 02:24:00,SmartN1,Linha_Montagem,PART-1144,sensor.read,OK,5.57,68.29,"{""pressao_bar"": 5.57, ""temperatura_c"": 68.29}"
146,2026-08-01 02:25:00,SmartN1,Fresadora_03,PART-1145,sensor.read,OK,6.34,71.85,"{""pressao_bar"": 6.34, ""temperatura_c"": 71.85}"
147,2026-08-01 02:26:00,SmartN1,Torno_CNC_02,PART-1146,sensor.read,OK,5.29,66.24,"{""pressao_bar"": 5.29, ""temperatura_c"": 66.24}"
148,2026-08-01 02:27:00,SmartN1,Prensa_01,PART-1147,sensor.read,OK,5.75,73.41,"{""pressao_bar"": 5.75, ""temperatura_c"": 73.41}"
149,2026-08-01 02:28:00,SmartN1,Torno_CNC_02,PART-1148,sensor.read,OK,6.51,72.24,"{""pressao_bar"": 6.51, ""temperatura_c"": 72.24}"
150,2026-08-01 02:29:00,SmartN1,Fresadora_03,PART-1149,sensor.read,WARNING,6.31,69.3,"{""pressao_bar"": 6.31, ""temperatura_c"": 69.3}"
151,2026-08-01 02:30:00,SmartN1,Prensa_01,PART-1150,press.cycle,OK,5.46,70.57,"{""pressao_bar"": 5.46, ""temperatura_c"": 70.57}"
152,2026-08-01 02:31:00,SmartN1,Linha_Montagem,PART-1151,sensor.read,OK,5.48,72.88,"{""pressao_bar"": 5.48, ""temperatura_c"": 72.88}"
153,2026-08-01 02:32:00,SmartN1,Linha_Montagem,PART-1152,sensor.read,OK,6.01,67.27,"{""pressao_bar"": 6.01, ""temperatura_c"": 67.27}"
154,2026-08-01 02:33:00,SmartN1,Linha_Montagem,PART-1153,sensor.read,OK,6.06,70.39,"{""pressao_bar"": 6.06, ""temperatura_c"": 70.39}"
155,2026-08-01 02:34:00,SmartN1,Injetora_04,PART-1154,sensor.read,ERROR,6.28,71.58,"{""pressao_bar"": 6.28, ""temperatura_c"": 71.58}"
156,2026-08-01 02:35:00,SmartN1,Torno_CNC_02,PART-1155,sensor.read,OK,5.24,71.45,"{""pressao_bar"": 5.24, ""temperatura_c"": 71.45}"
157,2026-08-01 02:36:00,SmartN1,Fresadora_03,PART-1156,sensor.read,OK,6.33,71.55,"{""pressao_bar"": 6.33, ""temperatura_c"": 71.55}"
158,2026-08-01 02:37:00,SmartN1,Prensa_01,PART-1157,sensor.read,OK,5.44,77.26,"{""pressao_bar"": 5.44, ""temperatura_c"": 77.26}"
159,2026-08-01 02:38:00,SmartN1,Torno_CNC_02,PART-1158,inspection.done,OK,6.33,75.82,"{""pressao_bar"": 6.33, ""temperatura_c"": 75.82}"
160,2026-08-01 02:39:00,SmartN1,Fresadora_03,PART-1159,sensor.read,OK,5.15,70.25,"{""pressao_bar"": 5.15, ""temperatura_c"": 70.25}"
161,2026-08-01 02:40:00,SmartN1,Injetora_04,PART-1160,sensor.read,OK,5.35,68.87,"{""pressao_bar"": 5.35, ""temperatura_c"": 68.87}"
162,2026-08-01 02:41:00,SmartN1,Fresadora_03,PART-1161,piece.detected,OK,6.49,71.05,"{""pressao_bar"": 6.49, ""temperatura_c"": 71.05}"
163,2026-08-01 02:42:00,SmartN1,Torno_CNC_02,PART-1162,sensor.read,ERROR,6.51,76.8,"{""pressao_bar"": 6.51, ""temperatura_c"": 76.8}"
164,2026-08-01 02:43:00,SmartN1,Fresadora_03,PART-1163,inspection.done,OK,5.84,65.05,"{""pressao_bar"": 5.84, ""temperatura_c"": 65.05}"
165,2026-08-01 02:44:00,SmartN1,Prensa_01,PART-1164,sensor.read,OK,5.67,72.79,"{""pressao_bar"": 5.67, ""temperatura_c"": 72.79}"
166,2026-08-01 02:45:00,SmartN1,Injetora_04,PART-1165,press.cycle,OK,5.79,71.42,"{""pressao_bar"": 5.79, ""temperatura_c"": 71.42}"
167,2026-08-01 02:46:00,SmartN1,Prensa_01,PART-1166,press.cycle,OK,10.08,76.69,"{""pressao_bar"": 10.08, ""temperatura_c"": 76.69}"
168,2026-08-01 02:47:00,SmartN1,Injetora_04,PART-1167,inspection.done,OK,6.0,75.93,"{""pressao_bar"": 6.0, ""temperatura_c"": 75.93}"
169,2026-08-01 02:48:00,SmartN1,Injetora_04,PART-1168,press.cycle,OK,5.68,67.36,"{""pressao_bar"": 5.68, ""temperatura_c"": 67.36}"
170,2026-08-01 02:49:00,SmartN1,Fresadora_03,PART-1169,sensor.read,WARNING,5.03,76.69,"{""pressao_bar"": 5.03, ""temperatura_c"": 76.69}"
171,2026-08-01 02:50:00,SmartN1,Prensa_01,PART-1170,press.cycle,OK,5.58,64.33,"{""pressao_bar"": 5.58, ""temperatura_c"": 64.33}"
172,2026-08-01 02:51:00,SmartN1,Injetora_04,PART-1171,sensor.read,OK,5.18,74.64,"{""pressao_bar"": 5.18, ""temperatura_c"": 74.64}"
173,2026-08-01 02:52:00,SmartN1,Injetora_04,PART-1172,press.cycle,OK,6.11,74.96,"{""pressao_bar"": 6.11, ""temperatura_c"": 74.96}"
174,2026-08-01 02:53:00,SmartN1,Fresadora_03,PART-1173,sensor.read,OK,5.95,78.4,"{""pressao_bar"": 5.95, ""temperatura_c"": 78.4}"
175,2026-08-01 02:54:00,SmartN1,Torno_CNC_02,PART-1174,press.cycle,OK,5.76,73.3,"{""pressao_bar"": 5.76, ""temperatura_c"": 73.3}"
176,2026-08-01 02:55:00,SmartN1,Torno_CNC_02,PART-1175,press.cycle,OK,5.7,70.17,"{""pressao_bar"": 5.7, ""temperatura_c"": 70.17}"
177,2026-08-01 02:56:00,SmartN1,Linha_Montagem,PART-1176,inspection.done,OK,6.59,68.97,"{""pressao_bar"": 6.59, ""temperatura_c"": 68.97}"
178,2026-08-01 02:57:00,SmartN1,Linha_Montagem,PART-1177,sensor.read,OK,6.26,77.61,"{""pressao_bar"": 6.26, ""temperatura_c"": 77.61}"
179,2026-08-01 02:58:00,SmartN1,Injetora_04,PART-1178,piece.detected,WARNING,5.88,78.44,"{""pressao_bar"": 5.88, ""temperatura_c"": 78.44}"
180,2026-08-01 02:59:00,SmartN1,Torno_CNC_02,PART-1179,sensor.read,OK,5.58,70.93,"{""pressao_bar"": 5.58, ""temperatura_c"": 70.93}"
181,2026-08-01 03:00:00,SmartN1,Injetora_04,PART-1180,sensor.read,OK,6.32,72.58,"{""pressao_bar"": 6.32, ""temperatura_c"": 72.58}"
182,2026-08-01 03:01:00,SmartN1,Prensa_01,PART-1181,press.cycle,OK,5.84,77.27,"{""pressao_bar"": 5.84, ""temperatura_c"": 77.27}"
183,2026-08-01 03:02:00,SmartN1,Torno_CNC_02,PART-1182,press.cycle,OK,5.54,75.19,"{""pressao_bar"": 5.54, ""temperatura_c"": 75.19}"
184,2026-08-01 03:03:00,SmartN1,Torno_CNC_02,PART-1183,press.cycle,OK,5.56,71.85,"{""pressao_bar"": 5.56, ""temperatura_c"": 71.85}"
185,2026-08-01 03:04:00,SmartN1,Torno_CNC_02,PART-1184,piece.detected,OK,10.69,69.84,"{""pressao_bar"": 10.69, ""temperatura_c"": 69.84}"
186,2026-08-01 03:05:00,SmartN1,Linha_Montagem,PART-1185,sensor.read,OK,6.18,69.56,"{""pressao_bar"": 6.18, ""temperatura_c"": 69.56}"
187,2026-08-01 03:06:00,SmartN1,Fresadora_03,PART-1186,press.cycle,WARNING,6.05,75.84,"{""pressao_bar"": 6.05, ""temperatura_c"": 75.84}"
188,2026-08-01 03:07:00,SmartN1,Fresadora_03,PART-1187,sensor.read,OK,6.06,71.22,"{""pressao_bar"": 6.06, ""temperatura_c"": 71.22}"
189,2026-08-01 03:08:00,SmartN1,Linha_Montagem,PART-1188,sensor.read,OK,5.68,71.08,"{""pressao_bar"": 5.68, ""temperatura_c"": 71.08}"
190,2026-08-01 03:09:00,SmartN1,Linha_Montagem,PART-1189,sensor.read,OK,5.58,74.64,"{""pressao_bar"": 5.58, ""temperatura_c"": 74.64}"
191,2026-08-01 03:10:00,SmartN1,Linha_Montagem,PART-1190,piece.detected,OK,5.86,72.78,"{""pressao_bar"": 5.86, ""temperatura_c"": 72.78}"
192,2026-08-01 03:11:00,SmartN1,Fresadora_03,PART-1191,press.cycle,OK,5.77,73.86,"{""pressao_bar"": 5.77, ""temperatura_c"": 73.86}"
193,2026-08-01 03:12:00,SmartN1,Injetora_04,PART-1192,sensor.read,OK,5.4,71.37,"{""pressao_bar"": 5.4, ""temperatura_c"": 71.37}"
194,2026-08-01 03:13:00,SmartN1,Linha_Montagem,PART-1193,press.cycle,OK,5.79,71.22,"{""pressao_bar"": 5.79, ""temperatura_c"": 71.22}"
195,2026-08-01 03:14:00,SmartN1,Injetora_04,PART-1194,sensor.read,OK,6.08,69.93,"{""pressao_bar"": 6.08, ""temperatura_c"": 69.93}"
196,2026-08-01 03:15:00,SmartN1,Injetora_04,PART-1195,piece.detected,OK,5.64,74.98,"{""pressao_bar"": 5.64, ""temperatura_c"": 74.98}"
197,2026-08-01 03:16:00,SmartN1,Prensa_01,PART-1196,press.cycle,OK,6.43,72.8,"{""pressao_bar"": 6.43, ""temperatura_c"": 72.8}"
198,2026-08-01 03:17:00,SmartN1,Fresadora_03,PART-1197,sensor.read,OK,5.3,73.53,"{""pressao_bar"": 5.3, ""temperatura_c"": 73.53}"
199,2026-08-01 03:18:00,SmartN1,Injetora_04,PART-1198,temp.warning,OK,5.47,68.93,"{""pressao_bar"": 5.47, ""temperatura_c"": 68.93}"
200,2026-08-01 03:19:00,SmartN1,Fresadora_03,PART-1199,sensor.read,OK,5.57,74.93,"{""pressao_bar"": 5.57, ""temperatura_c"": 74.93}"
201,2026-08-01 03:20:00,SmartN1,Fresadora_03,PART-1200,press.cycle,OK,6.13,73.59,"{""pressao_bar"": 6.13, ""temperatura_c"": 73.59}"
202,2026-08-01 03:21:00,SmartN1,Prensa_01,PART-1201,sensor.read,OK,5.88,75.06,"{""pressao_bar"": 5.88, ""temperatura_c"": 75.06}"
203,2026-08-01 03:22:00,SmartN1,Fresadora_03,PART-1202,sensor.read,OK,11.89,73.71,"{""pressao_bar"": 11.89, ""temperatura_c"": 73.71}"
204,2026-08-01 03:23:00,SmartN1,Injetora_04,PART-1203,press.cycle,WARNING,5.05,73.5,"{""pressao_bar"": 5.05, ""temperatura_c"": 73.5}"
205,2026-08-01 03:24:00,SmartN1,Torno_CNC_02,PART-1204,sensor.read,OK,5.33,66.13,"{""pressao_bar"": 5.33, ""temperatura_c"": 66.13}"
206,2026-08-01 03:25:00,SmartN1,Injetora_04,PART-1205,inspection.done,OK,5.1,76.48,"{""pressao_bar"": 5.1, ""temperatura_c"": 76.48}"
207,2026-08-01 03:26:00,SmartN1,Injetora_04,PART-1206,sensor.read,OK,6.15,67.88,"{""pressao_bar"": 6.15, ""temperatura_c"": 67.88}"
208,2026-08-01 03:27:00,SmartN1,Fresadora_03,PART-1207,sensor.read,OK,9.32,76.13,"{""pressao_bar"": 9.32, ""temperatura_c"": 76.13}"
209,2026-08-01 03:28:00,SmartN1,Injetora_04,PART-1208,press.cycle,OK,6.07,72.25,"{""pressao_bar"": 6.07, ""temperatura_c"": 72.25}"
210,2026-08-01 03:29:00,SmartN1,Torno_CNC_02,PART-1209,sensor.read,OK,6.02,66.88,"{""pressao_bar"": 6.02, ""temperatura_c"": 66.88}"
211,2026-08-01 03:30:00,SmartN1,Fresadora_03,PART-1210,sensor.read,OK,6.28,72.2,"{""pressao_bar"": 6.28, ""temperatura_c"": 72.2}"
212,2026-08-01 03:31:00,SmartN1,Linha_Montagem,PART-1211,inspection.done,OK,5.51,67.25,"{""pressao_bar"": 5.51, ""temperatura_c"": 67.25}"
213,2026-08-01 03:32:00,SmartN1,Injetora_04,PART-1212,press.cycle,OK,5.96,76.38,"{""pressao_bar"": 5.96, ""temperatura_c"": 76.38}"
214,2026-08-01 03:33:00,SmartN1,Injetora_04,PART-1213,sensor.read,OK,5.85,70.69,"{""pressao_bar"": 5.85, ""temperatura_c"": 70.69}"
215,2026-08-01 03:34:00,SmartN1,Prensa_01,PART-1214,press.cycle,WARNING,5.85,68.86,"{""pressao_bar"": 5.85, ""temperatura_c"": 68.86}"
216,2026-08-01 03:35:00,SmartN1,Linha_Montagem,PART-1215,inspection.done,OK,5.79,74.81,"{""pressao_bar"": 5.79, ""temperatura_c"": 74.81}"
217,2026-08-01 03:36:00,SmartN1,Linha_Montagem,PART-1216,sensor.read,OK,6.14,72.35,"{""pressao_bar"": 6.14, ""temperatura_c"": 72.35}"
218,2026-08-01 03:37:00,SmartN1,Torno_CNC_02,PART-1217,press.cycle,OK,6.09,74.32,"{""pressao_bar"": 6.09, ""temperatura_c"": 74.32}"
219,2026-08-01 03:38:00,SmartN1,Linha_Montagem,PART-1218,sensor.read,OK,,72.1,"{""pressao_bar"": null, ""temperatura_c"": 72.1}"
220,2026-08-01 03:39:00,SmartN1,Prensa_01,PART-1219,inspection.done,OK,5.62,76.55,"{""pressao_bar"": 5.62, ""temperatura_c"": 76.55}"
221,2026-08-01 03:40:00,SmartN1,Torno_CNC_02,PART-1220,piece.detected,OK,5.57,71.09,"{""pressao_bar"": 5.57, ""temperatura_c"": 71.09}"
222,2026-08-01 03:41:00,SmartN1,Linha_Montagem,PART-1221,piece.detected,OK,5.81,66.98,"{""pressao_bar"": 5.81, ""temperatura_c"": 66.98}"
223,2026-08-01 03:42:00,SmartN1,Torno_CNC_02,PART-1222,inspection.done,OK,5.89,68.67,"{""pressao_bar"": 5.89, ""temperatura_c"": 68.67}"
224,2026-08-01 03:43:00,SmartN1,Linha_Montagem,PART-1223,sensor.read,OK,5.76,74.02,"{""pressao_bar"": 5.76, ""temperatura_c"": 74.02}"
225,2026-08-01 03:44:00,SmartN1,Linha_Montagem,PART-1224,sensor.read,WARNING,5.28,70.2,"{""pressao_bar"": 5.28, ""temperatura_c"": 70.2}"
226,2026-08-01 03:45:00,SmartN1,Linha_Montagem,PART-1225,sensor.read,OK,5.68,76.99,"{""pressao_bar"": 5.68, ""temperatura_c"": 76.99}"
227,2026-08-01 03:46:00,SmartN1,Injetora_04,PART-1226,sensor.read,OK,5.59,68.4,"{""pressao_bar"": 5.59, ""temperatura_c"": 68.4}"
228,2026-08-01 03:47:00,SmartN1,Linha_Montagem,PART-1227,press.cycle,OK,5.81,76.06,"{""pressao_bar"": 5.81, ""temperatura_c"": 76.06}"
229,2026-08-01 03:48:00,SmartN1,Injetora_04,PART-1228,piece.detected,OK,6.81,70.98,"{""pressao_bar"": 6.81, ""temperatura_c"": 70.98}"
230,2026-08-01 03:49:00,SmartN1,Fresadora_03,PART-1229,sensor.read,OK,5.97,77.08,"{""pressao_bar"": 5.97, ""temperatura_c"": 77.08}"
231,2026-08-01 03:50:00,SmartN1,Prensa_01,PART-1230,sensor.read,WARNING,6.3,74.27,"{""pressao_bar"": 6.3, ""temperatura_c"": 74.27}"
232,2026-08-01 03:51:00,SmartN1,Torno_CNC_02,PART-1231,piece.detected,OK,5.53,73.17,"{""pressao_bar"": 5.53, ""temperatura_c"": 73.17}"
233,2026-08-01 03:52:00,SmartN1,Torno_CNC_02,PART-1232,sensor.read,OK,5.81,74.83,"{""pressao_bar"": 5.81, ""temperatura_c"": 74.83}"
234,2026-08-01 03:53:00,SmartN1,Fresadora_03,PART-1233,sensor.read,WARNING,6.29,76.79,"{""pressao_bar"": 6.29, ""temperatura_c"": 76.79}"
235,2026-08-01 03:54:00,SmartN1,Linha_Montagem,PART-1234,press.cycle,WARNING,5.17,72.32,"{""pressao_bar"": 5.17, ""temperatura_c"": 72.32}"
236,2026-08-01 03:55:00,SmartN1,Prensa_01,PART-1235,sensor.read,OK,5.71,65.93,"{""pressao_bar"": 5.71, ""temperatura_c"": 65.93}"
237,2026-08-01 03:56:00,SmartN1,Fresadora_03,PART-1236,inspection.done,OK,6.05,76.7,"{""pressao_bar"": 6.05, ""temperatura_c"": 76.7}"
238,2026-08-01 03:57:00,SmartN1,Fresadora_03,PART-1237,sensor.read,OK,5.77,71.55,"{""pressao_bar"": 5.77, ""temperatura_c"": 71.55}"
239,2026-08-01 03:58:00,SmartN1,Torno_CNC_02,PART-1238,piece.detected,ERROR,5.57,81.46,"{""pressao_bar"": 5.57, ""temperatura_c"": 81.46}"
240,2026-08-01 03:59:00,SmartN1,Injetora_04,PART-1239,press.cycle,OK,5.6,70.39,"{""pressao_bar"": 5.6, ""temperatura_c"": 70.39}"
241,2026-08-01 04:00:00,SmartN1,Injetora_04,PART-1240,sensor.read,OK,5.93,71.17,"{""pressao_bar"": 5.93, ""temperatura_c"": 71.17}"
242,2026-08-01 04:01:00,SmartN1,Linha_Montagem,PART-1241,sensor.read,OK,5.17,75.11,"{""pressao_bar"": 5.17, ""temperatura_c"": 75.11}"
243,2026-08-01 04:02:00,SmartN1,Linha_Montagem,PART-1242,sensor.read,OK,5.85,75.17,"{""pressao_bar"": 5.85, ""temperatura_c"": 75.17}"
244,2026-08-01 04:03:00,SmartN1,Fresadora_03,PART-1243,sensor.read,ERROR,6.09,73.98,"{""pressao_bar"": 6.09, ""temperatura_c"": 73.98}"
245,2026-08-01 04:04:00,SmartN1,Linha_Montagem,PART-1244,sensor.read,OK,5.66,70.54,"{""pressao_bar"": 5.66, ""temperatura_c"": 70.54}"
246,2026-08-01 04:05:00,SmartN1,Injetora_04,PART-1245,press.cycle,WARNING,5.18,68.44,"{""pressao_bar"": 5.18, ""temperatura_c"": 68.44}"
247,2026-08-01 04:06:00,SmartN1,Prensa_01,PART-1246,press.cycle,OK,5.6,70.13,"{""pressao_bar"": 5.6, ""temperatura_c"": 70.13}"
248,2026-08-01 04:07:00,SmartN1,Torno_CNC_02,PART-1247,press.cycle,WARNING,5.75,67.19,"{""pressao_bar"": 5.75, ""temperatura_c"": 67.19}"
249,2026-08-01 04:08:00,SmartN1,Injetora_04,PART-1248,sensor.read,OK,5.37,79.72,"{""pressao_bar"": 5.37, ""temperatura_c"": 79.72}"
250,2026-08-01 04:09:00,SmartN1,Linha_Montagem,PART-1249,press.cycle,OK,5.81,68.91,"{""pressao_bar"": 5.81, ""temperatura_c"": 68.91}"
251,2026-08-01 04:10:00,SmartN1,Torno_CNC_02,PART-1000,sensor.read,ERROR,5.87,71.47,"{""pressao_bar"": 5.87, ""temperatura_c"": 71.47}"
252,2026-08-01 04:11:00,SmartN1,Torno_CNC_02,PART-1001,inspection.done,OK,6.28,74.92,"{""pressao_bar"": 6.28, ""temperatura_c"": 74.92}"
253,2026-08-01 04:12:00,SmartN1,Fresadora_03,PART-1002,inspection.done,OK,5.73,72.52,"{""pressao_bar"": 5.73, ""temperatura_c"": 72.52}"
254,2026-08-01 04:13:00,SmartN1,Linha_Montagem,PART-1003,piece.detected,OK,5.84,70.43,"{""pressao_bar"": 5.84, ""temperatura_c"": 70.43}"
255,2026-08-01 04:14:00,SmartN1,Fresadora_03,PART-1004,piece.detected,OK,5.58,71.98,"{""pressao_bar"": 5.58, ""temperatura_c"": 71.98}"
256,2026-08-01 04:15:00,SmartN1,Torno_CNC_02,PART-1005,sensor.read,WARNING,5.61,70.37,"{""pressao_bar"": 5.61, ""temperatura_c"": 70.37}"
257,2026-08-01 04:16:00,SmartN1,Fresadora_03,PART-1006,sensor.read,OK,6.08,71.61,"{""pressao_bar"": 6.08, ""temperatura_c"": 71.61}"
258,2026-08-01 04:17:00,SmartN1,Linha_Montagem,PART-1007,piece.detected,OK,5.71,73.87,"{""pressao_bar"": 5.71, ""temperatura_c"": 73.87}"
259,2026-08-01 04:18:00,SmartN1,Injetora_04,PART-1008,sensor.read,OK,6.13,68.87,"{""pressao_bar"": 6.13, ""temperatura_c"": 68.87}"
260,2026-08-01 04:19:00,SmartN1,Prensa_01,PART-1009,sensor.read,OK,5.78,76.28,"{""pressao_bar"": 5.78, ""temperatura_c"": 76.28}"
261,2026-08-01 04:20:00,SmartN1,Injetora_04,PART-1010,piece.detected,OK,5.34,72.75,"{""pressao_bar"": 5.34, ""temperatura_c"": 72.75}"
262,2026-08-01 04:21:00,SmartN1,Torno_CNC_02,PART-1011,press.cycle,OK,5.52,70.46,"{""pressao_bar"": 5.52, ""temperatura_c"": 70.46}"
263,2026-08-01 04:22:00,SmartN1,Injetora_04,PART-1012,sensor.read,OK,6.77,71.4,"{""pressao_bar"": 6.77, ""temperatura_c"": 71.4}"
264,2026-08-01 04:23:00,SmartN1,Fresadora_03,PART-1013,sensor.read,WARNING,5.76,76.59,"{""pressao_bar"": 5.76, ""temperatura_c"": 76.59}"
265,2026-08-01 04:24:00,SmartN1,Linha_Montagem,PART-1014,sensor.read,OK,9.99,75.36,"{""pressao_bar"": 9.99, ""temperatura_c"": 75.36}"
266,2026-08-01 04:25:00,SmartN1,Injetora_04,PART-1015,piece.detected,OK,5.34,73.34,"{""pressao_bar"": 5.34, ""temperatura_c"": 73.34}"
267,2026-08-01 04:26:00,SmartN1,Injetora_04,PART-1016,sensor.read,OK,5.51,70.4,"{""pressao_bar"": 5.51, ""temperatura_c"": 70.4}"
268,2026-08-01 04:27:00,SmartN1,Linha_Montagem,PART-1017,inspection.done,OK,5.44,74.49,"{""pressao_bar"": 5.44, ""temperatura_c"": 74.49}"
269,2026-08-01 04:28:00,SmartN1,Fresadora_03,PART-1018,piece.detected,OK,5.36,72.55,"{""pressao_bar"": 5.36, ""temperatura_c"": 72.55}"
270,2026-08-01 04:29:00,SmartN1,Prensa_01,PART-1019,sensor.read,OK,6.38,78.61,"{""pressao_bar"": 6.38, ""temperatura_c"": 78.61}"
271,2026-08-01 04:30:00,SmartN1,Injetora_04,PART-1020,sensor.read,OK,6.07,72.37,"{""pressao_bar"": 6.07, ""temperatura_c"": 72.37}"
272,2026-08-01 04:31:00,SmartN1,Torno_CNC_02,PART-1021,press.cycle,WARNING,5.72,78.39,"{""pressao_bar"": 5.72, ""temperatura_c"": 78.39}"
273,2026-08-01 04:32:00,SmartN1,Fresadora_03,PART-1022,inspection.done,OK,5.57,73.18,"{""pressao_bar"": 5.57, ""temperatura_c"": 73.18}"
274,2026-08-01 04:33:00,SmartN1,Fresadora_03,PART-1023,sensor.read,OK,5.74,68.87,"{""pressao_bar"": 5.74, ""temperatura_c"": 68.87}"
275,2026-08-01 04:34:00,SmartN1,Injetora_04,PART-1024,piece.detected,ERROR,6.51,84.04,"{""pressao_bar"": 6.51, ""temperatura_c"": 84.04}"
276,2026-08-01 04:35:00,SmartN1,Linha_Montagem,PART-1025,sensor.read,OK,5.45,67.44,"{""pressao_bar"": 5.45, ""temperatura_c"": 67.44}"
277,2026-08-01 04:36:00,SmartN1,Injetora_04,PART-1026,sensor.read,WARNING,5.17,65.58,"{""pressao_bar"": 5.17, ""temperatura_c"": 65.58}"
278,2026-08-01 04:37:00,SmartN1,Injetora_04,PART-1027,inspection.done,OK,6.07,65.24,"{""pressao_bar"": 6.07, ""temperatura_c"": 65.24}"
279,2026-08-01 04:38:00,SmartN1,Linha_Montagem,PART-1028,sensor.read,OK,6.2,82.09,"{""pressao_bar"": 6.2, ""temperatura_c"": 82.09}"
280,2026-08-01 04:39:00,SmartN1,Torno_CNC_02,PART-1029,press.cycle,OK,6.38,79.93,"{""pressao_bar"": 6.38, ""temperatura_c"": 79.93}"
281,2026-08-01 04:40:00,SmartN1,Linha_Montagem,PART-1030,sensor.read,OK,5.66,73.0,"{""pressao_bar"": 5.66, ""temperatura_c"": 73.0}"
282,2026-08-01 04:41:00,SmartN1,Injetora_04,PART-1031,piece.detected,OK,5.66,74.02,"{""pressao_bar"": 5.66, ""temperatura_c"": 74.02}"
283,2026-08-01 04:42:00,SmartN1,Prensa_01,PART-1032,piece.detected,OK,6.6,73.38,"{""pressao_bar"": 6.6, ""temperatura_c"": 73.38}"
284,2026-08-01 04:43:00,SmartN1,Linha_Montagem,PART-1033,inspection.done,OK,6.04,66.3,"{""pressao_bar"": 6.04, ""temperatura_c"": 66.3}"
285,2026-08-01 04:44:00,SmartN1,Torno_CNC_02,PART-1034,sensor.read,OK,5.77,77.61,"{""pressao_bar"": 5.77, ""temperatura_c"": 77.61}"
286,2026-08-01 04:45:00,SmartN1,Linha_Montagem,PART-1035,sensor.read,OK,6.0,77.15,"{""pressao_bar"": 6.0, ""temperatura_c"": 77.15}"
287,2026-08-01 04:46:00,SmartN1,Linha_Montagem,PART-1036,press.cycle,OK,5.63,68.19,"{""pressao_bar"": 5.63, ""temperatura_c"": 68.19}"
288,2026-08-01 04:47:00,SmartN1,Fresadora_03,PART-1037,sensor.read,WARNING,5.92,73.64,"{""pressao_bar"": 5.92, ""temperatura_c"": 73.64}"
289,2026-08-01 04:48:00,SmartN1,Fresadora_03,PART-1038,press.cycle,OK,5.91,72.24,"{""pressao_bar"": 5.91, ""temperatura_c"": 72.24}"
290,2026-08-01 04:49:00,SmartN1,Injetora_04,PART-1039,press.cycle,WARNING,6.13,71.76,"{""pressao_bar"": 6.13, ""temperatura_c"": 71.76}"
291,2026-08-01 04:50:00,SmartN1,Injetora_04,PART-1040,sensor.read,OK,5.41,70.12,"{""pressao_bar"": 5.41, ""temperatura_c"": 70.12}"
292,2026-08-01 04:51:00,SmartN1,Linha_Montagem,PART-1041,piece.detected,OK,5.94,72.11,"{""pressao_bar"": 5.94, ""temperatura_c"": 72.11}"
293,2026-08-01 04:52:00,SmartN1,Prensa_01,PART-1042,piece.detected,OK,5.33,70.66,"{""pressao_bar"": 5.33, ""temperatura_c"": 70.66}"
294,2026-08-01 04:53:00,SmartN1,Injetora_04,PART-1043,temp.warning,OK,6.55,76.22,"{""pressao_bar"": 6.55, ""temperatura_c"": 76.22}"
295,2026-08-01 04:54:00,SmartN1,Linha_Montagem,PART-1044,sensor.read,WARNING,5.63,72.4,"{""pressao_bar"": 5.63, ""temperatura_c"": 72.4}"
296,2026-08-01 04:55:00,SmartN1,Linha_Montagem,PART-1045,sensor.read,OK,5.14,70.08,"{""pressao_bar"": 5.14, ""temperatura_c"": 70.08}"
297,2026-08-01 04:56:00,SmartN1,Linha_Montagem,PART-1046,sensor.read,OK,6.91,72.41,"{""pressao_bar"": 6.91, ""temperatura_c"": 72.41}"
298,2026-08-01 04:57:00,SmartN1,Linha_Montagem,PART-1047,sensor.read,OK,5.59,72.01,"{""pressao_bar"": 5.59, ""temperatura_c"": 72.01}"
299,2026-08-01 04:58:00,SmartN1,Linha_Montagem,PART-1048,sensor.read,OK,5.84,71.86,"{""pressao_bar"": 5.84, ""temperatura_c"": 71.86}"
300,2026-08-01 04:59:00,SmartN1,Fresadora_03,PART-1049,temp.warning,OK,5.12,74.87,"{""pressao_bar"": 5.12, ""temperatura_c"": 74.87}"
301,2026-08-01 05:00:00,SmartN1,Torno_CNC_02,PART-1050,sensor.read,OK,5.78,71.53,"{""pressao_bar"": 5.78, ""temperatura_c"": 71.53}"
302,2026-08-01 05:01:00,SmartN1,Torno_CNC_02,PART-1051,sensor.read,OK,,70.5,"{""pressao_bar"": null, ""temperatura_c"": 70.5}"
303,2026-08-01 05:02:00,SmartN1,Linha_Montagem,PART-1052,sensor.read,OK,6.08,67.74,"{""pressao_bar"": 6.08, ""temperatura_c"": 67.74}"
304,2026-08-01 05:03:00,SmartN1,Injetora_04,PART-1053,sensor.read,OK,5.12,72.47,"{""pressao_bar"": 5.12, ""temperatura_c"": 72.47}"
305,2026-08-01 05:04:00,SmartN1,Prensa_01,PART-1054,sensor.read,OK,5.49,76.86,"{""pressao_bar"": 5.49, ""temperatura_c"": 76.86}"
306,2026-08-01 05:05:00,SmartN1,Linha_Montagem,PART-1055,press.cycle,OK,6.17,72.07,"{""pressao_bar"": 6.17, ""temperatura_c"": 72.07}"
307,2026-08-01 05:06:00,SmartN1,Prensa_01,PART-1056,sensor.read,OK,6.05,70.74,"{""pressao_bar"": 6.05, ""temperatura_c"": 70.74}"
308,2026-08-01 05:07:00,SmartN1,Fresadora_03,PART-1057,sensor.read,ERROR,5.61,69.85,"{""pressao_bar"": 5.61, ""temperatura_c"": 69.85}"
309,2026-08-01 05:08:00,SmartN1,Torno_CNC_02,PART-1058,sensor.read,OK,5.96,66.47,"{""pressao_bar"": 5.96, ""temperatura_c"": 66.47}"
310,2026-08-01 05:09:00,SmartN1,Fresadora_03,PART-1059,press.cycle,OK,5.32,76.62,"{""pressao_bar"": 5.32, ""temperatura_c"": 76.62}"
311,2026-08-01 05:10:00,SmartN1,Injetora_04,PART-1060,sensor.read,OK,5.28,74.2,"{""pressao_bar"": 5.28, ""temperatura_c"": 74.2}"
312,2026-08-01 05:11:00,SmartN1,Injetora_04,PART-1061,sensor.read,OK,4.8,75.19,"{""pressao_bar"": 4.8, ""temperatura_c"": 75.19}"
313,2026-08-01 05:12:00,SmartN1,Linha_Montagem,PART-1062,inspection.done,OK,6.17,73.38,"{""pressao_bar"": 6.17, ""temperatura_c"": 73.38}"
314,2026-08-01 05:13:00,SmartN1,Injetora_04,PART-1063,sensor.read,OK,5.76,69.68,"{""pressao_bar"": 5.76, ""temperatura_c"": 69.68}"
315,2026-08-01 05:14:00,SmartN1,Injetora_04,PART-1064,press.cycle,OK,5.8,71.39,"{""pressao_bar"": 5.8, ""temperatura_c"": 71.39}"
316,2026-08-01 05:15:00,SmartN1,Fresadora_03,PART-1065,inspection.done,OK,4.57,70.75,"{""pressao_bar"": 4.57, ""temperatura_c"": 70.75}"
317,2026-08-01 05:16:00,SmartN1,Prensa_01,PART-1066,sensor.read,OK,5.78,71.04,"{""pressao_bar"": 5.78, ""temperatura_c"": 71.04}"
318,2026-08-01 05:17:00,SmartN1,Torno_CNC_02,PART-1067,piece.detected,OK,6.02,71.06,"{""pressao_bar"": 6.02, ""temperatura_c"": 71.06}"
319,2026-08-01 05:18:00,SmartN1,Injetora_04,PART-1068,inspection.done,WARNING,10.91,76.37,"{""pressao_bar"": 10.91, ""temperatura_c"": 76.37}"
320,2026-08-01 05:19:00,SmartN1,Injetora_04,PART-1069,sensor.read,WARNING,5.82,79.58,"{""pressao_bar"": 5.82, ""temperatura_c"": 79.58}"
321,2026-08-01 05:20:00,SmartN1,Fresadora_03,PART-1070,inspection.done,OK,5.77,69.45,"{""pressao_bar"": 5.77, ""temperatura_c"": 69.45}"
322,2026-08-01 05:21:00,SmartN1,Torno_CNC_02,PART-1071,sensor.read,OK,5.61,71.91,"{""pressao_bar"": 5.61, ""temperatura_c"": 71.91}"
323,2026-08-01 05:22:00,SmartN1,Fresadora_03,PART-1072,sensor.read,OK,6.32,73.26,"{""pressao_bar"": 6.32, ""temperatura_c"": 73.26}"
324,2026-08-01 05:23:00,SmartN1,Prensa_01,PART-1073,piece.detected,OK,6.23,69.07,"{""pressao_bar"": 6.23, ""temperatura_c"": 69.07}"
325,2026-08-01 05:24:00,SmartN1,Fresadora_03,PART-1074,inspection.done,OK,7.13,72.68,"{""pressao_bar"": 7.13, ""temperatura_c"": 72.68}"
326,2026-08-01 05:25:00,SmartN1,Torno_CNC_02,PART-1075,press.cycle,OK,,73.73,"{""pressao_bar"": null, ""temperatura_c"": 73.73}"
327,2026-08-01 05:26:00,SmartN1,Torno_CNC_02,PART-1076,sensor.read,OK,5.97,72.23,"{""pressao_bar"": 5.97, ""temperatura_c"": 72.23}"
328,2026-08-01 05:27:00,SmartN1,Injetora_04,PART-1077,press.cycle,ERROR,6.4,74.69,"{""pressao_bar"": 6.4, ""temperatura_c"": 74.69}"
329,2026-08-01 05:28:00,SmartN1,Prensa_01,PART-1078,press.cycle,ERROR,5.52,72.5,"{""pressao_bar"": 5.52, ""temperatura_c"": 72.5}"
330,2026-08-01 05:29:00,SmartN1,Linha_Montagem,PART-1079,sensor.read,OK,6.48,62.47,"{""pressao_bar"": 6.48, ""temperatura_c"": 62.47}"
331,2026-08-01 05:30:00,SmartN1,Injetora_04,PART-1080,temp.warning,ERROR,5.95,69.14,"{""pressao_bar"": 5.95, ""temperatura_c"": 69.14}"
332,2026-08-01 05:31:00,SmartN1,Fresadora_03,PART-1081,sensor.read,OK,5.1,77.51,"{""pressao_bar"": 5.1, ""temperatura_c"": 77.51}"
333,2026-08-01 05:32:00,SmartN1,Fresadora_03,PART-1082,sensor.read,OK,5.29,74.32,"{""pressao_bar"": 5.29, ""temperatura_c"": 74.32}"
334,2026-08-01 05:33:00,SmartN1,Torno_CNC_02,PART-1083,sensor.read,OK,5.57,62.52,"{""pressao_bar"": 5.57, ""temperatura_c"": 62.52}"
335,2026-08-01 05:34:00,SmartN1,Torno_CNC_02,PART-1084,sensor.read,OK,5.76,67.21,"{""pressao_bar"": 5.76, ""temperatura_c"": 67.21}"
336,2026-08-01 05:35:00,SmartN1,Torno_CNC_02,PART-1085,press.cycle,OK,,75.03,"{""pressao_bar"": null, ""temperatura_c"": 75.03}"
337,2026-08-01 05:36:00,SmartN1,Linha_Montagem,PART-1086,sensor.read,ERROR,5.76,70.48,"{""pressao_bar"": 5.76, ""temperatura_c"": 70.48}"
338,2026-08-01 05:37:00,SmartN1,Linha_Montagem,PART-1087,piece.detected,OK,6.28,63.04,"{""pressao_bar"": 6.28, ""temperatura_c"": 63.04}"
339,2026-08-01 05:38:00,SmartN1,Injetora_04,PART-1088,sensor.read,OK,5.84,76.21,"{""pressao_bar"": 5.84, ""temperatura_c"": 76.21}"
340,2026-08-01 05:39:00,SmartN1,Linha_Montagem,PART-1089,sensor.read,OK,5.8,75.03,"{""pressao_bar"": 5.8, ""temperatura_c"": 75.03}"
341,2026-08-01 05:40:00,SmartN1,Torno_CNC_02,PART-1090,piece.detected,OK,5.68,69.6,"{""pressao_bar"": 5.68, ""temperatura_c"": 69.6}"
342,2026-08-01 05:41:00,SmartN1,Injetora_04,PART-1091,sensor.read,OK,6.19,76.86,"{""pressao_bar"": 6.19, ""temperatura_c"": 76.86}"
343,2026-08-01 05:42:00,SmartN1,Injetora_04,PART-1092,press.cycle,OK,5.85,69.73,"{""pressao_bar"": 5.85, ""temperatura_c"": 69.73}"
344,2026-08-01 05:43:00,SmartN1,Prensa_01,PART-1093,piece.detected,OK,5.51,70.32,"{""pressao_bar"": 5.51, ""temperatura_c"": 70.32}"
345,2026-08-01 05:44:00,SmartN1,Linha_Montagem,PART-1094,press.cycle,OK,5.93,70.8,"{""pressao_bar"": 5.93, ""temperatura_c"": 70.8}"
346,2026-08-01 05:45:00,SmartN1,Fresadora_03,PART-1095,press.cycle,OK,5.62,65.87,"{""pressao_bar"": 5.62, ""temperatura_c"": 65.87}"
347,2026-08-01 05:46:00,SmartN1,Fresadora_03,PART-1096,piece.detected,OK,,73.94,"{""pressao_bar"": null, ""temperatura_c"": 73.94}"
348,2026-08-01 05:47:00,SmartN1,Prensa_01,PART-1097,temp.warning,OK,6.27,74.32,"{""pressao_bar"": 6.27, ""temperatura_c"": 74.32}"
349,2026-08-01 05:48:00,SmartN1,Torno_CNC_02,PART-1098,sensor.read,OK,5.74,70.9,"{""pressao_bar"": 5.74, ""temperatura_c"": 70.9}"
350,2026-08-01 05:49:00,SmartN1,Prensa_01,PART-1099,press.cycle,OK,6.65,74.97,"{""pressao_bar"": 6.65, ""temperatura_c"": 74.97}"
351,2026-08-01 05:50:00,SmartN1,Torno_CNC_02,PART-1100,sensor.read,ERROR,6.09,66.93,"{""pressao_bar"": 6.09, ""temperatura_c"": 66.93}"
352,2026-08-01 05:51:00,SmartN1,Linha_Montagem,PART-1101,sensor.read,OK,5.49,74.9,"{""pressao_bar"": 5.49, ""temperatura_c"": 74.9}"
353,2026-08-01 05:52:00,SmartN1,Linha_Montagem,PART-1102,sensor.read,WARNING,5.47,73.64,"{""pressao_bar"": 5.47, ""temperatura_c"": 73.64}"
354,2026-08-01 05:53:00,SmartN1,Injetora_04,PART-1103,temp.warning,ERROR,5.3,70.08,"{""pressao_bar"": 5.3, ""temperatura_c"": 70.08}"
355,2026-08-01 05:54:00,SmartN1,Injetora_04,PART-1104,press.cycle,WARNING,6.04,73.95,"{""pressao_bar"": 6.04, ""temperatura_c"": 73.95}"
356,2026-08-01 05:55:00,SmartN1,Injetora_04,PART-1105,sensor.read,OK,5.46,69.41,"{""pressao_bar"": 5.46, ""temperatura_c"": 69.41}"
357,2026-08-01 05:56:00,SmartN1,Injetora_04,PART-1106,sensor.read,OK,4.89,76.37,"{""pressao_bar"": 4.89, ""temperatura_c"": 76.37}"
358,2026-08-01 05:57:00,SmartN1,Fresadora_03,PART-1107,inspection.done,OK,5.14,74.34,"{""pressao_bar"": 5.14, ""temperatura_c"": 74.34}"
359,2026-08-01 05:58:00,SmartN1,Injetora_04,PART-1108,sensor.read,OK,5.36,73.77,"{""pressao_bar"": 5.36, ""temperatura_c"": 73.77}"
360,2026-08-01 05:59:00,SmartN1,Injetora_04,PART-1109,sensor.read,WARNING,5.93,70.88,"{""pressao_bar"": 5.93, ""temperatura_c"": 70.88}"
361,2026-08-01 06:00:00,SmartN1,Injetora_04,PART-1110,inspection.done,OK,,75.21,"{""pressao_bar"": null, ""temperatura_c"": 75.21}"
362,2026-08-01 06:01:00,SmartN1,Torno_CNC_02,PART-1111,press.cycle,ERROR,6.18,76.71,"{""pressao_bar"": 6.18, ""temperatura_c"": 76.71}"
363,2026-08-01 06:02:00,SmartN1,Injetora_04,PART-1112,sensor.read,OK,5.44,78.12,"{""pressao_bar"": 5.44, ""temperatura_c"": 78.12}"
364,2026-08-01 06:03:00,SmartN1,Prensa_01,PART-1113,sensor.read,OK,5.67,70.59,"{""pressao_bar"": 5.67, ""temperatura_c"": 70.59}"
365,2026-08-01 06:04:00,SmartN1,Injetora_04,PART-1114,inspection.done,OK,6.5,75.36,"{""pressao_bar"": 6.5, ""temperatura_c"": 75.36}"
366,2026-08-01 06:05:00,SmartN1,Injetora_04,PART-1115,inspection.done,OK,5.66,77.38,"{""pressao_bar"": 5.66, ""temperatura_c"": 77.38}"
367,2026-08-01 06:06:00,SmartN1,Fresadora_03,PART-1116,sensor.read,OK,5.89,71.65,"{""pressao_bar"": 5.89, ""temperatura_c"": 71.65}"
368,2026-08-01 06:07:00,SmartN1,Injetora_04,PART-1117,sensor.read,OK,5.54,77.42,"{""pressao_bar"": 5.54, ""temperatura_c"": 77.42}"
369,2026-08-01 06:08:00,SmartN1,Torno_CNC_02,PART-1118,sensor.read,OK,5.71,73.06,"{""pressao_bar"": 5.71, ""temperatura_c"": 73.06}"
370,2026-08-01 06:09:00,SmartN1,Linha_Montagem,PART-1119,press.cycle,OK,5.99,68.93,"{""pressao_bar"": 5.99, ""temperatura_c"": 68.93}"
371,2026-08-01 06:10:00,SmartN1,Injetora_04,PART-1120,piece.detected,OK,6.06,70.02,"{""pressao_bar"": 6.06, ""temperatura_c"": 70.02}"
372,2026-08-01 06:11:00,SmartN1,Injetora_04,PART-1121,sensor.read,OK,5.85,67.45,"{""pressao_bar"": 5.85, ""temperatura_c"": 67.45}"
373,2026-08-01 06:12:00,SmartN1,Injetora_04,PART-1122,piece.detected,OK,5.7,72.36,"{""pressao_bar"": 5.7, ""temperatura_c"": 72.36}"
374,2026-08-01 06:13:00,SmartN1,Fresadora_03,PART-1123,press.cycle,OK,5.85,71.94,"{""pressao_bar"": 5.85, ""temperatura_c"": 71.94}"
375,2026-08-01 06:14:00,SmartN1,Linha_Montagem,PART-1124,piece.detected,OK,5.51,73.16,"{""pressao_bar"": 5.51, ""temperatura_c"": 73.16}"
376,2026-08-01 06:15:00,SmartN1,Fresadora_03,PART-1125,inspection.done,OK,5.71,77.27,"{""pressao_bar"": 5.71, ""temperatura_c"": 77.27}"
377,2026-08-01 06:16:00,SmartN1,Fresadora_03,PART-1126,sensor.read,OK,5.93,72.44,"{""pressao_bar"": 5.93, ""temperatura_c"": 72.44}"
378,2026-08-01 06:17:00,SmartN1,Fresadora_03,PART-1127,sensor.read,OK,6.19,71.57,"{""pressao_bar"": 6.19, ""temperatura_c"": 71.57}"
379,2026-08-01 06:18:00,SmartN1,Torno_CNC_02,PART-1128,press.cycle,OK,5.44,71.8,"{""pressao_bar"": 5.44, ""temperatura_c"": 71.8}"
380,2026-08-01 06:19:00,SmartN1,Linha_Montagem,PART-1129,piece.detected,OK,5.73,66.01,"{""pressao_bar"": 5.73, ""temperatura_c"": 66.01}"
381,2026-08-01 06:20:00,SmartN1,Torno_CNC_02,PART-1130,sensor.read,OK,10.16,74.89,"{""pressao_bar"": 10.16, ""temperatura_c"": 74.89}"
382,2026-08-01 06:21:00,SmartN1,Torno_CNC_02,PART-1131,piece.detected,OK,5.62,71.97,"{""pressao_bar"": 5.62, ""temperatura_c"": 71.97}"
383,2026-08-01 06:22:00,SmartN1,Linha_Montagem,PART-1132,sensor.read,OK,6.2,72.78,"{""pressao_bar"": 6.2, ""temperatura_c"": 72.78}"
384,2026-08-01 06:23:00,SmartN1,Torno_CNC_02,PART-1133,sensor.read,OK,5.59,71.8,"{""pressao_bar"": 5.59, ""temperatura_c"": 71.8}"
385,2026-08-01 06:24:00,SmartN1,Linha_Montagem,PART-1134,sensor.read,OK,5.76,72.95,"{""pressao_bar"": 5.76, ""temperatura_c"": 72.95}"
386,2026-08-01 06:25:00,SmartN1,Injetora_04,PART-1135,temp.warning,OK,5.31,67.91,"{""pressao_bar"": 5.31, ""temperatura_c"": 67.91}"
387,2026-08-01 06:26:00,SmartN1,Fresadora_03,PART-1136,press.cycle,OK,5.58,72.5,"{""pressao_bar"": 5.58, ""temperatura_c"": 72.5}"
388,2026-08-01 06:27:00,SmartN1,Torno_CNC_02,PART-1137,sensor.read,WARNING,5.18,70.39,"{""pressao_bar"": 5.18, ""temperatura_c"": 70.39}"
389,2026-08-01 06:28:00,SmartN1,Linha_Montagem,PART-1138,temp.warning,OK,5.91,72.62,"{""pressao_bar"": 5.91, ""temperatura_c"": 72.62}"
390,2026-08-01 06:29:00,SmartN1,Prensa_01,PART-1139,piece.detected,OK,5.95,68.95,"{""pressao_bar"": 5.95, ""temperatura_c"": 68.95}"
391,2026-08-01 06:30:00,SmartN1,Torno_CNC_02,PART-1140,piece.detected,OK,,74.17,"{""pressao_bar"": null, ""temperatura_c"": 74.17}"
392,2026-08-01 06:31:00,SmartN1,Torno_CNC_02,PART-1141,sensor.read,OK,5.96,72.57,"{""pressao_bar"": 5.96, ""temperatura_c"": 72.57}"
393,2026-08-01 06:32:00,SmartN1,Linha_Montagem,PART-1142,sensor.read,WARNING,5.94,67.97,"{""pressao_bar"": 5.94, ""temperatura_c"": 67.97}"
394,2026-08-01 06:33:00,SmartN1,Prensa_01,PART-1143,press.cycle,OK,5.19,75.81,"{""pressao_bar"": 5.19, ""temperatura_c"": 75.81}"
395,2026-08-01 06:34:00,SmartN1,Prensa_01,PART-1144,piece.detected,WARNING,5.48,70.7,"{""pressao_bar"": 5.48, ""temperatura_c"": 70.7}"
396,2026-08-01 06:35:00,SmartN1,Injetora_04,PART-1145,press.cycle,OK,4.9,71.24,"{""pressao_bar"": 4.9, ""temperatura_c"": 71.24}"
397,2026-08-01 06:36:00,SmartN1,Torno_CNC_02,PART-1146,press.cycle,OK,5.61,75.29,"{""pressao_bar"": 5.61, ""temperatura_c"": 75.29}"
398,2026-08-01 06:37:00,SmartN1,Fresadora_03,PART-1147,piece.detected,OK,5.45,76.26,"{""pressao_bar"": 5.45, ""temperatura_c"": 76.26}"
399,2026-08-01 06:38:00,SmartN1,Torno_CNC_02,PART-1148,sensor.read,WARNING,5.78,70.87,"{""pressao_bar"": 5.78, ""temperatura_c"": 70.87}"
400,2026-08-01 06:39:00,SmartN1,Fresadora_03,PART-1149,press.cycle,OK,6.78,72.89,"{""pressao_bar"": 6.78, ""temperatura_c"": 72.89}"
401,2026-08-01 06:40:00,SmartN1,Fresadora_03,PART-1150,sensor.read,OK,6.11,74.89,"{""pressao_bar"": 6.11, ""temperatura_c"": 74.89}"
402,2026-08-01 06:41:00,SmartN1,Linha_Montagem,PART-1151,sensor.read,OK,6.41,76.92,"{""pressao_bar"": 6.41, ""temperatura_c"": 76.92}"
403,2026-08-01 06:42:00,SmartN1,Torno_CNC_02,PART-1152,sensor.read,OK,6.13,72.81,"{""pressao_bar"": 6.13, ""temperatura_c"": 72.81}"
404,2026-08-01 06:43:00,SmartN1,Linha_Montagem,PART-1153,piece.detected,OK,5.76,74.15,"{""pressao_bar"": 5.76, ""temperatura_c"": 74.15}"
405,2026-08-01 06:44:00,SmartN1,Injetora_04,PART-1154,inspection.done,OK,5.8,69.3,"{""pressao_bar"": 5.8, ""temperatura_c"": 69.3}"
406,2026-08-01 06:45:00,SmartN1,Fresadora_03,PART-1155,sensor.read,OK,6.15,67.21,"{""pressao_bar"": 6.15, ""temperatura_c"": 67.21}"
407,2026-08-01 06:46:00,SmartN1,Prensa_01,PART-1156,sensor.read,OK,5.9,74.44,"{""pressao_bar"": 5.9, ""temperatura_c"": 74.44}"
408,2026-08-01 06:47:00,SmartN1,Fresadora_03,PART-1157,sensor.read,WARNING,5.68,69.68,"{""pressao_bar"": 5.68, ""temperatura_c"": 69.68}"
409,2026-08-01 06:48:00,SmartN1,Injetora_04,PART-1158,inspection.done,OK,6.37,69.26,"{""pressao_bar"": 6.37, ""temperatura_c"": 69.26}"
410,2026-08-01 06:49:00,SmartN1,Fresadora_03,PART-1159,press.cycle,ERROR,5.98,74.74,"{""pressao_bar"": 5.98, ""temperatura_c"": 74.74}"
411,2026-08-01 06:50:00,SmartN1,Linha_Montagem,PART-1160,temp.warning,OK,5.23,71.98,"{""pressao_bar"": 5.23, ""temperatura_c"": 71.98}"
412,2026-08-01 06:51:00,SmartN1,Torno_CNC_02,PART-1161,inspection.done,OK,5.73,73.3,"{""pressao_bar"": 5.73, ""temperatura_c"": 73.3}"
413,2026-08-01 06:52:00,SmartN1,Prensa_01,PART-1162,sensor.read,WARNING,5.82,68.01,"{""pressao_bar"": 5.82, ""temperatura_c"": 68.01}"
414,2026-08-01 06:53:00,SmartN1,Linha_Montagem,PART-1163,sensor.read,WARNING,5.64,69.31,"{""pressao_bar"": 5.64, ""temperatura_c"": 69.31}"
415,2026-08-01 06:54:00,SmartN1,Torno_CNC_02,PART-1164,sensor.read,OK,5.65,78.21,"{""pressao_bar"": 5.65, ""temperatura_c"": 78.21}"
416,2026-08-01 06:55:00,SmartN1,Prensa_01,PART-1165,sensor.read,OK,5.63,70.2,"{""pressao_bar"": 5.63, ""temperatura_c"": 70.2}"
417,2026-08-01 06:56:00,SmartN1,Injetora_04,PART-1166,sensor.read,OK,5.09,71.79,"{""pressao_bar"": 5.09, ""temperatura_c"": 71.79}"
418,2026-08-01 06:57:00,SmartN1,Fresadora_03,PART-1167,sensor.read,OK,5.01,73.33,"{""pressao_bar"": 5.01, ""temperatura_c"": 73.33}"
419,2026-08-01 06:58:00,SmartN1,Prensa_01,PART-1168,press.cycle,OK,5.54,68.76,"{""pressao_bar"": 5.54, ""temperatura_c"": 68.76}"
420,2026-08-01 06:59:00,SmartN1,Injetora_04,PART-1169,press.cycle,OK,5.64,77.23,"{""pressao_bar"": 5.64, ""temperatura_c"": 77.23}"
421,2026-08-01 07:00:00,SmartN1,Torno_CNC_02,PART-1170,sensor.read,ERROR,5.26,72.53,"{""pressao_bar"": 5.26, ""temperatura_c"": 72.53}"
422,2026-08-01 07:01:00,SmartN1,Prensa_01,PART-1171,press.cycle,OK,5.39,71.67,"{""pressao_bar"": 5.39, ""temperatura_c"": 71.67}"
423,2026-08-01 07:02:00,SmartN1,Injetora_04,PART-1172,sensor.read,OK,5.7,76.24,"{""pressao_bar"": 5.7, ""temperatura_c"": 76.24}"
424,2026-08-01 07:03:00,SmartN1,Torno_CNC_02,PART-1173,piece.detected,OK,6.21,75.69,"{""pressao_bar"": 6.21, ""temperatura_c"": 75.69}"
425,2026-08-01 07:04:00,SmartN1,Linha_Montagem,PART-1174,piece.detected,OK,6.19,79.38,"{""pressao_bar"": 6.19, ""temperatura_c"": 79.38}"
426,2026-08-01 07:05:00,SmartN1,Fresadora_03,PART-1175,sensor.read,OK,6.2,70.97,"{""pressao_bar"": 6.2, ""temperatura_c"": 70.97}"
427,2026-08-01 07:06:00,SmartN1,Injetora_04,PART-1176,press.cycle,ERROR,5.4,80.18,"{""pressao_bar"": 5.4, ""temperatura_c"": 80.18}"
428,2026-08-01 07:07:00,SmartN1,Linha_Montagem,PART-1177,press.cycle,OK,5.71,74.76,"{""pressao_bar"": 5.71, ""temperatura_c"": 74.76}"
429,2026-08-01 07:08:00,SmartN1,Torno_CNC_02,PART-1178,sensor.read,OK,6.29,78.42,"{""pressao_bar"": 6.29, ""temperatura_c"": 78.42}"
430,2026-08-01 07:09:00,SmartN1,Prensa_01,PART-1179,sensor.read,WARNING,5.09,75.95,"{""pressao_bar"": 5.09, ""temperatura_c"": 75.95}"
431,2026-08-01 07:10:00,SmartN1,Fresadora_03,PART-1180,temp.warning,OK,5.62,70.25,"{""pressao_bar"": 5.62, ""temperatura_c"": 70.25}"
432,2026-08-01 07:11:00,SmartN1,Torno_CNC_02,PART-1181,sensor.read,ERROR,5.89,69.58,"{""pressao_bar"": 5.89, ""temperatura_c"": 69.58}"
433,2026-08-01 07:12:00,SmartN1,Injetora_04,PART-1182,press.cycle,OK,5.12,66.19,"{""pressao_bar"": 5.12, ""temperatura_c"": 66.19}"
434,2026-08-01 07:13:00,SmartN1,Fresadora_03,PART-1183,piece.detected,OK,5.97,65.46,"{""pressao_bar"": 5.97, ""temperatura_c"": 65.46}"
435,2026-08-01 07:14:00,SmartN1,Linha_Montagem,PART-1184,sensor.read,OK,6.42,70.36,"{""pressao_bar"": 6.42, ""temperatura_c"": 70.36}"
436,2026-08-01 07:15:00,SmartN1,Fresadora_03,PART-1185,sensor.read,WARNING,6.29,76.93,"{""pressao_bar"": 6.29, ""temperatura_c"": 76.93}"
437,2026-08-01 07:16:00,SmartN1,Linha_Montagem,PART-1186,inspection.done,WARNING,5.73,70.76,"{""pressao_bar"": 5.73, ""temperatura_c"": 70.76}"
438,2026-08-01 07:17:00,SmartN1,Torno_CNC_02,PART-1187,sensor.read,OK,6.13,70.13,"{""pressao_bar"": 6.13, ""temperatura_c"": 70.13}"
439,2026-08-01 07:18:00,SmartN1,Prensa_01,PART-1188,press.cycle,OK,5.11,74.95,"{""pressao_bar"": 5.11, ""temperatura_c"": 74.95}"
440,2026-08-01 07:19:00,SmartN1,Fresadora_03,PART-1189,piece.detected,WARNING,5.91,69.48,"{""pressao_bar"": 5.91, ""temperatura_c"": 69.48}"
441,2026-08-01 07:20:00,SmartN1,Prensa_01,PART-1190,piece.detected,OK,5.68,78.94,"{""pressao_bar"": 5.68, ""temperatura_c"": 78.94}"
442,2026-08-01 07:21:00,SmartN1,Prensa_01,PART-1191,temp.warning,OK,5.74,71.58,"{""pressao_bar"": 5.74, ""temperatura_c"": 71.58}"
443,2026-08-01 07:22:00,SmartN1,Fresadora_03,PART-1192,piece.detected,OK,5.84,75.76,"{""pressao_bar"": 5.84, ""temperatura_c"": 75.76}"
444,2026-08-01 07:23:00,SmartN1,Fresadora_03,PART-1193,press.cycle,WARNING,5.96,71.8,"{""pressao_bar"": 5.96, ""temperatura_c"": 71.8}"
445,2026-08-01 07:24:00,SmartN1,Prensa_01,PART-1194,inspection.done,OK,5.22,72.59,"{""pressao_bar"": 5.22, ""temperatura_c"": 72.59}"
446,2026-08-01 07:25:00,SmartN1,Injetora_04,PART-1195,inspection.done,OK,5.41,76.44,"{""pressao_bar"": 5.41, ""temperatura_c"": 76.44}"
447,2026-08-01 07:26:00,SmartN1,Injetora_04,PART-1196,temp.warning,ERROR,5.7,73.3,"{""pressao_bar"": 5.7, ""temperatura_c"": 73.3}"
448,2026-08-01 07:27:00,SmartN1,Fresadora_03,PART-1197,piece.detected,OK,5.09,77.73,"{""pressao_bar"": 5.09, ""temperatura_c"": 77.73}"
449,2026-08-01 07:28:00,SmartN1,Prensa_01,PART-1198,sensor.read,OK,5.85,69.76,"{""pressao_bar"": 5.85, ""temperatura_c"": 69.76}"
450,2026-08-01 07:29:00,SmartN1,Prensa_01,PART-1199,piece.detected,OK,6.13,67.95,"{""pressao_bar"": 6.13, ""temperatura_c"": 67.95}"
451,2026-08-01 07:30:00,SmartN1,Torno_CNC_02,PART-1200,sensor.read,ERROR,6.36,66.38,"{""pressao_bar"": 6.36, ""temperatura_c"": 66.38}"
452,2026-08-01 07:31:00,SmartN1,Prensa_01,PART-1201,sensor.read,OK,5.84,76.89,"{""pressao_bar"": 5.84, ""temperatura_c"": 76.89}"
453,2026-08-01 07:32:00,SmartN1,Injetora_04,PART-1202,sensor.read,OK,6.55,75.66,"{""pressao_bar"": 6.55, ""temperatura_c"": 75.66}"
454,2026-08-01 07:33:00,SmartN1,Torno_CNC_02,PART-1203,inspection.done,OK,5.79,71.57,"{""pressao_bar"": 5.79, ""temperatura_c"": 71.57}"
455,2026-08-01 07:34:00,SmartN1,Injetora_04,PART-1204,sensor.read,OK,5.3,73.55,"{""pressao_bar"": 5.3, ""temperatura_c"": 73.55}"
456,2026-08-01 07:35:00,SmartN1,Linha_Montagem,PART-1205,piece.detected,ERROR,5.78,76.24,"{""pressao_bar"": 5.78, ""temperatura_c"": 76.24}"
457,2026-08-01 07:36:00,SmartN1,Fresadora_03,PART-1206,press.cycle,OK,5.72,71.83,"{""pressao_bar"": 5.72, ""temperatura_c"": 71.83}"
458,2026-08-01 07:37:00,SmartN1,Linha_Montagem,PART-1207,sensor.read,OK,6.01,66.34,"{""pressao_bar"": 6.01, ""temperatura_c"": 66.34}"
459,2026-08-01 07:38:00,SmartN1,Fresadora_03,PART-1208,press.cycle,OK,5.91,66.38,"{""pressao_bar"": 5.91, ""temperatura_c"": 66.38}"
460,2026-08-01 07:39:00,SmartN1,Injetora_04,PART-1209,press.cycle,OK,5.88,68.67,"{""pressao_bar"": 5.88, ""temperatura_c"": 68.67}"
461,2026-08-01 07:40:00,SmartN1,Injetora_04,PART-1210,inspection.done,WARNING,6.19,72.86,"{""pressao_bar"": 6.19, ""temperatura_c"": 72.86}"
462,2026-08-01 07:41:00,SmartN1,Linha_Montagem,PART-1211,sensor.read,OK,5.63,69.2,"{""pressao_bar"": 5.63, ""temperatura_c"": 69.2}"
463,2026-08-01 07:42:00,SmartN1,Fresadora_03,PART-1212,sensor.read,OK,6.02,76.12,"{""pressao_bar"": 6.02, ""temperatura_c"": 76.12}"
464,2026-08-01 07:43:00,SmartN1,Fresadora_03,PART-1213,press.cycle,OK,5.91,68.04,"{""pressao_bar"": 5.91, ""temperatura_c"": 68.04}"
465,2026-08-01 07:44:00,SmartN1,Torno_CNC_02,PART-1214,sensor.read,OK,5.85,70.07,"{""pressao_bar"": 5.85, ""temperatura_c"": 70.07}"
466,2026-08-01 07:45:00,SmartN1,Prensa_01,PART-1215,sensor.read,OK,5.77,66.13,"{""pressao_bar"": 5.77, ""temperatura_c"": 66.13}"
467,2026-08-01 07:46:00,SmartN1,Torno_CNC_02,PART-1216,sensor.read,ERROR,5.29,70.94,"{""pressao_bar"": 5.29, ""temperatura_c"": 70.94}"
468,2026-08-01 07:47:00,SmartN1,Injetora_04,PART-1217,press.cycle,OK,5.7,72.52,"{""pressao_bar"": 5.7, ""temperatura_c"": 72.52}"
469,2026-08-01 07:48:00,SmartN1,Linha_Montagem,PART-1218,sensor.read,OK,5.72,76.27,"{""pressao_bar"": 5.72, ""temperatura_c"": 76.27}"
470,2026-08-01 07:49:00,SmartN1,Fresadora_03,PART-1219,press.cycle,OK,5.51,72.92,"{""pressao_bar"": 5.51, ""temperatura_c"": 72.92}"
471,2026-08-01 07:50:00,SmartN1,Torno_CNC_02,PART-1220,temp.warning,WARNING,5.26,75.09,"{""pressao_bar"": 5.26, ""temperatura_c"": 75.09}"
472,2026-08-01 07:51:00,SmartN1,Linha_Montagem,PART-1221,piece.detected,OK,5.58,76.02,"{""pressao_bar"": 5.58, ""temperatura_c"": 76.02}"
473,2026-08-01 07:52:00,SmartN1,Linha_Montagem,PART-1222,sensor.read,OK,5.61,73.87,"{""pressao_bar"": 5.61, ""temperatura_c"": 73.87}"
474,2026-08-01 07:53:00,SmartN1,Prensa_01,PART-1223,sensor.read,OK,5.26,69.36,"{""pressao_bar"": 5.26, ""temperatura_c"": 69.36}"
475,2026-08-01 07:54:00,SmartN1,Fresadora_03,PART-1224,sensor.read,OK,5.26,73.92,"{""pressao_bar"": 5.26, ""temperatura_c"": 73.92}"
476,2026-08-01 07:55:00,SmartN1,Linha_Montagem,PART-1225,sensor.read,OK,4.96,77.71,"{""pressao_bar"": 4.96, ""temperatura_c"": 77.71}"
477,2026-08-01 07:56:00,SmartN1,Fresadora_03,PART-1226,sensor.read,WARNING,5.92,71.4,"{""pressao_bar"": 5.92, ""temperatura_c"": 71.4}"
478,2026-08-01 07:57:00,SmartN1,Torno_CNC_02,PART-1227,sensor.read,OK,6.19,74.44,"{""pressao_bar"": 6.19, ""temperatura_c"": 74.44}"
479,2026-08-01 07:58:00,SmartN1,Linha_Montagem,PART-1228,press.cycle,OK,5.81,74.35,"{""pressao_bar"": 5.81, ""temperatura_c"": 74.35}"
480,2026-08-01 07:59:00,SmartN1,Linha_Montagem,PART-1229,inspection.done,OK,5.64,71.21,"{""pressao_bar"": 5.64, ""temperatura_c"": 71.21}"
481,2026-08-01 08:00:00,SmartN1,Torno_CNC_02,PART-1230,inspection.done,OK,5.24,75.78,"{""pressao_bar"": 5.24, ""temperatura_c"": 75.78}"
482,2026-08-01 08:01:00,SmartN1,Fresadora_03,PART-1231,sensor.read,OK,4.92,71.15,"{""pressao_bar"": 4.92, ""temperatura_c"": 71.15}"
483,2026-08-01 08:02:00,SmartN1,Fresadora_03,PART-1232,press.cycle,OK,5.79,74.09,"{""pressao_bar"": 5.79, ""temperatura_c"": 74.09}"
484,2026-08-01 08:03:00,SmartN1,Linha_Montagem,PART-1233,sensor.read,OK,6.05,71.66,"{""pressao_bar"": 6.05, ""temperatura_c"": 71.66}"
485,2026-08-01 08:04:00,SmartN1,Torno_CNC_02,PART-1234,press.cycle,OK,5.47,72.65,"{""pressao_bar"": 5.47, ""temperatura_c"": 72.65}"
486,2026-08-01 08:05:00,SmartN1,Injetora_04,PART-1235,sensor.read,OK,6.22,75.77,"{""pressao_bar"": 6.22, ""temperatura_c"": 75.77}"
487,2026-08-01 08:06:00,SmartN1,Fresadora_03,PART-1236,inspection.done,OK,5.52,65.69,"{""pressao_bar"": 5.52, ""temperatura_c"": 65.69}"
488,2026-08-01 08:07:00,SmartN1,Injetora_04,PART-1237,inspection.done,OK,6.23,74.66,"{""pressao_bar"": 6.23, ""temperatura_c"": 74.66}"
489,2026-08-01 08:08:00,SmartN1,Linha_Montagem,PART-1238,sensor.read,OK,5.49,74.98,"{""pressao_bar"": 5.49, ""temperatura_c"": 74.98}"
490,2026-08-01 08:09:00,SmartN1,Injetora_04,PART-1239,piece.detected,OK,4.73,70.49,"{""pressao_bar"": 4.73, ""temperatura_c"": 70.49}"
491,2026-08-01 08:10:00,SmartN1,Injetora_04,PART-1240,press.cycle,WARNING,6.05,72.39,"{""pressao_bar"": 6.05, ""temperatura_c"": 72.39}"
492,2026-08-01 08:11:00,SmartN1,Fresadora_03,PART-1241,sensor.read,OK,5.43,69.08,"{""pressao_bar"": 5.43, ""temperatura_c"": 69.08}"
493,2026-08-01 08:12:00,SmartN1,Linha_Montagem,PART-1242,press.cycle,OK,5.18,69.7,"{""pressao_bar"": 5.18, ""temperatura_c"": 69.7}"
494,2026-08-01 08:13:00,SmartN1,Injetora_04,PART-1243,press.cycle,ERROR,5.99,73.45,"{""pressao_bar"": 5.99, ""temperatura_c"": 73.45}"
495,2026-08-01 08:14:00,SmartN1,Fresadora_03,PART-1244,inspection.done,OK,5.44,81.69,"{""pressao_bar"": 5.44, ""temperatura_c"": 81.69}"
496,2026-08-01 08:15:00,SmartN1,Injetora_04,PART-1245,piece.detected,OK,5.23,74.82,"{""pressao_bar"": 5.23, ""temperatura_c"": 74.82}"
497,2026-08-01 08:16:00,SmartN1,Fresadora_03,PART-1246,press.cycle,OK,6.32,69.53,"{""pressao_bar"": 6.32, ""temperatura_c"": 69.53}"
498,2026-08-01 08:17:00,SmartN1,Linha_Montagem,PART-1247,piece.detected,OK,5.72,75.22,"{""pressao_bar"": 5.72, ""temperatura_c"": 75.22}"
499,2026-08-01 08:18:00,SmartN1,Torno_CNC_02,PART-1248,temp.warning,OK,5.23,74.53,"{""pressao_bar"": 5.23, ""temperatura_c"": 74.53}"
500,2026-08-01 08:19:00,SmartN1,Fresadora_03,PART-1249,sensor.read,OK,5.61,66.46,"{""pressao_bar"": 5.61, ""temperatura_c"": 66.46}"
501,2026-08-01 08:20:00,SmartN1,Fresadora_03,PART-1000,sensor.read,OK,6.65,71.39,"{""pressao_bar"": 6.65, ""temperatura_c"": 71.39}"
502,2026-08-01 08:21:00,SmartN1,Injetora_04,PART-1001,piece.detected,OK,5.84,72.0,"{""pressao_bar"": 5.84, ""temperatura_c"": 72.0}"
503,2026-08-01 08:22:00,SmartN1,Linha_Montagem,PART-1002,temp.warning,ERROR,5.54,72.91,"{""pressao_bar"": 5.54, ""temperatura_c"": 72.91}"
504,2026-08-01 08:23:00,SmartN1,Prensa_01,PART-1003,sensor.read,OK,6.0,72.39,"{""pressao_bar"": 6.0, ""temperatura_c"": 72.39}"
505,2026-08-01 08:24:00,SmartN1,Prensa_01,PART-1004,sensor.read,OK,5.62,73.02,"{""pressao_bar"": 5.62, ""temperatura_c"": 73.02}"
506,2026-08-01 08:25:00,SmartN1,Torno_CNC_02,PART-1005,sensor.read,OK,5.6,69.23,"{""pressao_bar"": 5.6, ""temperatura_c"": 69.23}"
507,2026-08-01 08:26:00,SmartN1,Linha_Montagem,PART-1006,piece.detected,OK,5.54,71.36,"{""pressao_bar"": 5.54, ""temperatura_c"": 71.36}"
508,2026-08-01 08:27:00,SmartN1,Fresadora_03,PART-1007,inspection.done,OK,6.14,71.57,"{""pressao_bar"": 6.14, ""temperatura_c"": 71.57}"
509,2026-08-01 08:28:00,SmartN1,Prensa_01,PART-1008,sensor.read,OK,5.88,76.56,"{""pressao_bar"": 5.88, ""temperatura_c"": 76.56}"
510,2026-08-01 08:29:00,SmartN1,Torno_CNC_02,PART-1009,sensor.read,OK,6.37,70.06,"{""pressao_bar"": 6.37, ""temperatura_c"": 70.06}"
511,2026-08-01 08:30:00,SmartN1,Linha_Montagem,PART-1010,inspection.done,OK,5.92,71.64,"{""pressao_bar"": 5.92, ""temperatura_c"": 71.64}"
512,2026-08-01 08:31:00,SmartN1,Torno_CNC_02,PART-1011,sensor.read,OK,6.41,71.25,"{""pressao_bar"": 6.41, ""temperatura_c"": 71.25}"
513,2026-08-01 08:32:00,SmartN1,Prensa_01,PART-1012,inspection.done,OK,6.06,78.06,"{""pressao_bar"": 6.06, ""temperatura_c"": 78.06}"
514,2026-08-01 08:33:00,SmartN1,Injetora_04,PART-1013,sensor.read,OK,5.7,74.83,"{""pressao_bar"": 5.7, ""temperatura_c"": 74.83}"
515,2026-08-01 08:34:00,SmartN1,Injetora_04,PART-1014,press.cycle,OK,,69.23,"{""pressao_bar"": null, ""temperatura_c"": 69.23}"
516,2026-08-01 08:35:00,SmartN1,Linha_Montagem,PART-1015,press.cycle,OK,6.53,73.89,"{""pressao_bar"": 6.53, ""temperatura_c"": 73.89}"
517,2026-08-01 08:36:00,SmartN1,Torno_CNC_02,PART-1016,press.cycle,OK,6.32,68.96,"{""pressao_bar"": 6.32, ""temperatura_c"": 68.96}"
518,2026-08-01 08:37:00,SmartN1,Fresadora_03,PART-1017,inspection.done,OK,6.42,73.41,"{""pressao_bar"": 6.42, ""temperatura_c"": 73.41}"
519,2026-08-01 08:38:00,SmartN1,Prensa_01,PART-1018,temp.warning,OK,5.4,77.28,"{""pressao_bar"": 5.4, ""temperatura_c"": 77.28}"
520,2026-08-01 08:39:00,SmartN1,Injetora_04,PART-1019,piece.detected,ERROR,5.05,65.65,"{""pressao_bar"": 5.05, ""temperatura_c"": 65.65}"
521,2026-08-01 08:40:00,SmartN1,Injetora_04,PART-1020,sensor.read,OK,5.46,68.97,"{""pressao_bar"": 5.46, ""temperatura_c"": 68.97}"
522,2026-08-01 08:41:00,SmartN1,Torno_CNC_02,PART-1021,sensor.read,OK,5.87,73.05,"{""pressao_bar"": 5.87, ""temperatura_c"": 73.05}"
523,2026-08-01 08:42:00,SmartN1,Injetora_04,PART-1022,sensor.read,OK,5.54,71.11,"{""pressao_bar"": 5.54, ""temperatura_c"": 71.11}"
524,2026-08-01 08:43:00,SmartN1,Torno_CNC_02,PART-1023,inspection.done,OK,5.81,73.25,"{""pressao_bar"": 5.81, ""temperatura_c"": 73.25}"
525,2026-08-01 08:44:00,SmartN1,Prensa_01,PART-1024,press.cycle,OK,5.62,72.21,"{""pressao_bar"": 5.62, ""temperatura_c"": 72.21}"
526,2026-08-01 08:45:00,SmartN1,Torno_CNC_02,PART-1025,temp.warning,OK,5.09,66.62,"{""pressao_bar"": 5.09, ""temperatura_c"": 66.62}"
527,2026-08-01 08:46:00,SmartN1,Injetora_04,PART-1026,temp.warning,OK,5.97,74.68,"{""pressao_bar"": 5.97, ""temperatura_c"": 74.68}"
528,2026-08-01 08:47:00,SmartN1,Torno_CNC_02,PART-1027,press.cycle,OK,5.81,67.83,"{""pressao_bar"": 5.81, ""temperatura_c"": 67.83}"
529,2026-08-01 08:48:00,SmartN1,Injetora_04,PART-1028,inspection.done,WARNING,6.33,73.22,"{""pressao_bar"": 6.33, ""temperatura_c"": 73.22}"
530,2026-08-01 08:49:00,SmartN1,Linha_Montagem,PART-1029,temp.warning,OK,5.86,70.91,"{""pressao_bar"": 5.86, ""temperatura_c"": 70.91}"
531,2026-08-01 08:50:00,SmartN1,Injetora_04,PART-1030,piece.detected,OK,6.11,80.9,"{""pressao_bar"": 6.11, ""temperatura_c"": 80.9}"
532,2026-08-01 08:51:00,SmartN1,Injetora_04,PART-1031,press.cycle,OK,5.47,72.08,"{""pressao_bar"": 5.47, ""temperatura_c"": 72.08}"
533,2026-08-01 08:52:00,SmartN1,Injetora_04,PART-1032,piece.detected,OK,5.94,73.73,"{""pressao_bar"": 5.94, ""temperatura_c"": 73.73}"
534,2026-08-01 08:53:00,SmartN1,Linha_Montagem,PART-1033,sensor.read,OK,6.12,74.44,"{""pressao_bar"": 6.12, ""temperatura_c"": 74.44}"
535,2026-08-01 08:54:00,SmartN1,Fresadora_03,PART-1034,press.cycle,OK,6.02,73.68,"{""pressao_bar"": 6.02, ""temperatura_c"": 73.68}"
536,2026-08-01 08:55:00,SmartN1,Injetora_04,PART-1035,sensor.read,OK,5.71,72.41,"{""pressao_bar"": 5.71, ""temperatura_c"": 72.41}"
537,2026-08-01 08:56:00,SmartN1,Fresadora_03,PART-1036,sensor.read,OK,5.94,69.03,"{""pressao_bar"": 5.94, ""temperatura_c"": 69.03}"
538,2026-08-01 08:57:00,SmartN1,Prensa_01,PART-1037,inspection.done,OK,6.05,72.11,"{""pressao_bar"": 6.05, ""temperatura_c"": 72.11}"
539,2026-08-01 08:58:00,SmartN1,Torno_CNC_02,PART-1038,press.cycle,OK,6.28,65.97,"{""pressao_bar"": 6.28, ""temperatura_c"": 65.97}"
540,2026-08-01 08:59:00,SmartN1,Fresadora_03,PART-1039,sensor.read,OK,5.58,74.21,"{""pressao_bar"": 5.58, ""temperatura_c"": 74.21}"
541,2026-08-01 09:00:00,SmartN1,Prensa_01,PART-1040,sensor.read,OK,5.35,82.72,"{""pressao_bar"": 5.35, ""temperatura_c"": 82.72}"
542,2026-08-01 09:01:00,SmartN1,Torno_CNC_02,PART-1041,temp.warning,OK,5.47,73.12,"{""pressao_bar"": 5.47, ""temperatura_c"": 73.12}"
543,2026-08-01 09:02:00,SmartN1,Injetora_04,PART-1042,inspection.done,OK,5.86,73.69,"{""pressao_bar"": 5.86, ""temperatura_c"": 73.69}"
544,2026-08-01 09:03:00,SmartN1,Injetora_04,PART-1043,sensor.read,OK,5.8,67.07,"{""pressao_bar"": 5.8, ""temperatura_c"": 67.07}"
545,2026-08-01 09:04:00,SmartN1,Injetora_04,PART-1044,temp.warning,OK,6.05,69.64,"{""pressao_bar"": 6.05, ""temperatura_c"": 69.64}"
546,2026-08-01 09:05:00,SmartN1,Linha_Montagem,PART-1045,sensor.read,OK,6.13,75.63,"{""pressao_bar"": 6.13, ""temperatura_c"": 75.63}"
547,2026-08-01 09:06:00,SmartN1,Linha_Montagem,PART-1046,press.cycle,OK,,67.43,"{""pressao_bar"": null, ""temperatura_c"": 67.43}"
548,2026-08-01 09:07:00,SmartN1,Linha_Montagem,PART-1047,piece.detected,OK,5.61,69.95,"{""pressao_bar"": 5.61, ""temperatura_c"": 69.95}"
549,2026-08-01 09:08:00,SmartN1,Linha_Montagem,PART-1048,inspection.done,OK,5.88,74.49,"{""pressao_bar"": 5.88, ""temperatura_c"": 74.49}"
550,2026-08-01 09:09:00,SmartN1,Prensa_01,PART-1049,inspection.done,OK,6.25,75.33,"{""pressao_bar"": 6.25, ""temperatura_c"": 75.33}"
551,2026-08-01 09:10:00,SmartN1,Prensa_01,PART-1050,sensor.read,OK,5.78,72.12,"{""pressao_bar"": 5.78, ""temperatura_c"": 72.12}"
552,2026-08-01 09:11:00,SmartN1,Injetora_04,PART-1051,press.cycle,OK,6.35,72.93,"{""pressao_bar"": 6.35, ""temperatura_c"": 72.93}"
553,2026-08-01 09:12:00,SmartN1,Torno_CNC_02,PART-1052,sensor.read,OK,6.02,72.92,"{""pressao_bar"": 6.02, ""temperatura_c"": 72.92}"
554,2026-08-01 09:13:00,SmartN1,Linha_Montagem,PART-1053,press.cycle,OK,5.95,68.18,"{""pressao_bar"": 5.95, ""temperatura_c"": 68.18}"
555,2026-08-01 09:14:00,SmartN1,Torno_CNC_02,PART-1054,press.cycle,OK,5.76,72.24,"{""pressao_bar"": 5.76, ""temperatura_c"": 72.24}"
556,2026-08-01 09:15:00,SmartN1,Prensa_01,PART-1055,sensor.read,OK,5.79,73.35,"{""pressao_bar"": 5.79, ""temperatura_c"": 73.35}"
557,2026-08-01 09:16:00,SmartN1,Linha_Montagem,PART-1056,sensor.read,OK,5.93,72.19,"{""pressao_bar"": 5.93, ""temperatura_c"": 72.19}"
558,2026-08-01 09:17:00,SmartN1,Prensa_01,PART-1057,sensor.read,WARNING,,65.76,"{""pressao_bar"": null, ""temperatura_c"": 65.76}"
559,2026-08-01 09:18:00,SmartN1,Prensa_01,PART-1058,press.cycle,OK,6.25,77.87,"{""pressao_bar"": 6.25, ""temperatura_c"": 77.87}"
560,2026-08-01 09:19:00,SmartN1,Fresadora_03,PART-1059,piece.detected,OK,6.15,68.67,"{""pressao_bar"": 6.15, ""temperatura_c"": 68.67}"
561,2026-08-01 09:20:00,SmartN1,Prensa_01,PART-1060,sensor.read,OK,6.28,72.75,"{""pressao_bar"": 6.28, ""temperatura_c"": 72.75}"
562,2026-08-01 09:21:00,SmartN1,Injetora_04,PART-1061,temp.warning,OK,5.38,73.63,"{""pressao_bar"": 5.38, ""temperatura_c"": 73.63}"
563,2026-08-01 09:22:00,SmartN1,Prensa_01,PART-1062,sensor.read,OK,5.37,70.91,"{""pressao_bar"": 5.37, ""temperatura_c"": 70.91}"
564,2026-08-01 09:23:00,SmartN1,Linha_Montagem,PART-1063,press.cycle,WARNING,6.0,73.36,"{""pressao_bar"": 6.0, ""temperatura_c"": 73.36}"
565,2026-08-01 09:24:00,SmartN1,Injetora_04,PART-1064,press.cycle,OK,5.77,69.79,"{""pressao_bar"": 5.77, ""temperatura_c"": 69.79}"
566,2026-08-01 09:25:00,SmartN1,Prensa_01,PART-1065,sensor.read,WARNING,5.9,80.01,"{""pressao_bar"": 5.9, ""temperatura_c"": 80.01}"
567,2026-08-01 09:26:00,SmartN1,Injetora_04,PART-1066,sensor.read,OK,5.35,71.59,"{""pressao_bar"": 5.35, ""temperatura_c"": 71.59}"
568,2026-08-01 09:27:00,SmartN1,Prensa_01,PART-1067,inspection.done,WARNING,5.22,75.65,"{""pressao_bar"": 5.22, ""temperatura_c"": 75.65}"
569,2026-08-01 09:28:00,SmartN1,Injetora_04,PART-1068,press.cycle,OK,5.89,68.68,"{""pressao_bar"": 5.89, ""temperatura_c"": 68.68}"
570,2026-08-01 09:29:00,SmartN1,Torno_CNC_02,PART-1069,sensor.read,OK,5.5,75.02,"{""pressao_bar"": 5.5, ""temperatura_c"": 75.02}"
571,2026-08-01 09:30:00,SmartN1,Fresadora_03,PART-1070,sensor.read,OK,6.09,69.99,"{""pressao_bar"": 6.09, ""temperatura_c"": 69.99}"
572,2026-08-01 09:31:00,SmartN1,Injetora_04,PART-1071,inspection.done,OK,5.55,67.62,"{""pressao_bar"": 5.55, ""temperatura_c"": 67.62}"
573,2026-08-01 09:32:00,SmartN1,Linha_Montagem,PART-1072,sensor.read,OK,,68.77,"{""pressao_bar"": null, ""temperatura_c"": 68.77}"
574,2026-08-01 09:33:00,SmartN1,Fresadora_03,PART-1073,inspection.done,WARNING,4.89,69.53,"{""pressao_bar"": 4.89, ""temperatura_c"": 69.53}"
575,2026-08-01 09:34:00,SmartN1,Fresadora_03,PART-1074,sensor.read,OK,6.3,72.89,"{""pressao_bar"": 6.3, ""temperatura_c"": 72.89}"
576,2026-08-01 09:35:00,SmartN1,Prensa_01,PART-1075,press.cycle,OK,11.85,82.57,"{""pressao_bar"": 11.85, ""temperatura_c"": 82.57}"
577,2026-08-01 09:36:00,SmartN1,Injetora_04,PART-1076,sensor.read,ERROR,5.2,82.07,"{""pressao_bar"": 5.2, ""temperatura_c"": 82.07}"
578,2026-08-01 09:37:00,SmartN1,Fresadora_03,PART-1077,piece.detected,WARNING,5.0,71.37,"{""pressao_bar"": 5.0, ""temperatura_c"": 71.37}"
579,2026-08-01 09:38:00,SmartN1,Linha_Montagem,PART-1078,piece.detected,OK,5.56,75.86,"{""pressao_bar"": 5.56, ""temperatura_c"": 75.86}"
580,2026-08-01 09:39:00,SmartN1,Linha_Montagem,PART-1079,press.cycle,OK,6.18,68.11,"{""pressao_bar"": 6.18, ""temperatura_c"": 68.11}"
581,2026-08-01 09:40:00,SmartN1,Linha_Montagem,PART-1080,sensor.read,ERROR,5.59,65.14,"{""pressao_bar"": 5.59, ""temperatura_c"": 65.14}"
582,2026-08-01 09:41:00,SmartN1,Prensa_01,PART-1081,sensor.read,OK,5.72,72.61,"{""pressao_bar"": 5.72, ""temperatura_c"": 72.61}"
583,2026-08-01 09:42:00,SmartN1,Torno_CNC_02,PART-1082,sensor.read,OK,6.2,74.41,"{""pressao_bar"": 6.2, ""temperatura_c"": 74.41}"
584,2026-08-01 09:43:00,SmartN1,Injetora_04,PART-1083,sensor.read,WARNING,5.4,75.24,"{""pressao_bar"": 5.4, ""temperatura_c"": 75.24}"
585,2026-08-01 09:44:00,SmartN1,Fresadora_03,PART-1084,inspection.done,OK,5.53,76.28,"{""pressao_bar"": 5.53, ""temperatura_c"": 76.28}"
586,2026-08-01 09:45:00,SmartN1,Injetora_04,PART-1085,piece.detected,OK,5.89,71.34,"{""pressao_bar"": 5.89, ""temperatura_c"": 71.34}"
587,2026-08-01 09:46:00,SmartN1,Fresadora_03,PART-1086,sensor.read,OK,5.69,72.75,"{""pressao_bar"": 5.69, ""temperatura_c"": 72.75}"
588,2026-08-01 09:47:00,SmartN1,Prensa_01,PART-1087,temp.warning,OK,5.45,75.37,"{""pressao_bar"": 5.45, ""temperatura_c"": 75.37}"
589,2026-08-01 09:48:00,SmartN1,Injetora_04,PART-1088,inspection.done,OK,6.08,76.68,"{""pressao_bar"": 6.08, ""temperatura_c"": 76.68}"
590,2026-08-01 09:49:00,SmartN1,Prensa_01,PART-1089,press.cycle,OK,6.01,69.33,"{""pressao_bar"": 6.01, ""temperatura_c"": 69.33}"
591,2026-08-01 09:50:00,SmartN1,Prensa_01,PART-1090,press.cycle,OK,6.13,73.24,"{""pressao_bar"": 6.13, ""temperatura_c"": 73.24}"
592,2026-08-01 09:51:00,SmartN1,Injetora_04,PART-1091,inspection.done,OK,5.74,74.77,"{""pressao_bar"": 5.74, ""temperatura_c"": 74.77}"
593,2026-08-01 09:52:00,SmartN1,Injetora_04,PART-1092,press.cycle,OK,5.1,73.02,"{""pressao_bar"": 5.1, ""temperatura_c"": 73.02}"
594,2026-08-01 09:53:00,SmartN1,Fresadora_03,PART-1093,press.cycle,OK,5.8,70.32,"{""pressao_bar"": 5.8, ""temperatura_c"": 70.32}"
595,2026-08-01 09:54:00,SmartN1,Linha_Montagem,PART-1094,piece.detected,OK,5.33,72.51,"{""pressao_bar"": 5.33, ""temperatura_c"": 72.51}"
596,2026-08-01 09:55:00,SmartN1,Prensa_01,PART-1095,sensor.read,OK,4.99,74.35,"{""pressao_bar"": 4.99, ""temperatura_c"": 74.35}"
597,2026-08-01 09:56:00,SmartN1,Torno_CNC_02,PART-1096,inspection.done,OK,5.69,69.84,"{""pressao_bar"": 5.69, ""temperatura_c"": 69.84}"
598,2026-08-01 09:57:00,SmartN1,Fresadora_03,PART-1097,press.cycle,WARNING,5.84,68.31,"{""pressao_bar"": 5.84, ""temperatura_c"": 68.31}"
599,2026-08-01 09:58:00,SmartN1,Fresadora_03,PART-1098,press.cycle,OK,6.44,79.71,"{""pressao_bar"": 6.44, ""temperatura_c"": 79.71}"
600,2026-08-01 09:59:00,SmartN1,Linha_Montagem,PART-1099,sensor.read,OK,5.32,73.16,"{""pressao_bar"": 5.32, ""temperatura_c"": 73.16}"
601,2026-08-01 10:00:00,SmartN1,Linha_Montagem,PART-1100,sensor.read,OK,6.07,75.78,"{""pressao_bar"": 6.07, ""temperatura_c"": 75.78}"
602,2026-08-01 10:01:00,SmartN1,Prensa_01,PART-1101,sensor.read,OK,5.16,73.23,"{""pressao_bar"": 5.16, ""temperatura_c"": 73.23}"
603,2026-08-01 10:02:00,SmartN1,Fresadora_03,PART-1102,sensor.read,WARNING,6.31,76.18,"{""pressao_bar"": 6.31, ""temperatura_c"": 76.18}"
604,2026-08-01 10:03:00,SmartN1,Fresadora_03,PART-1103,piece.detected,OK,5.52,72.78,"{""pressao_bar"": 5.52, ""temperatura_c"": 72.78}"
605,2026-08-01 10:04:00,SmartN1,Torno_CNC_02,PART-1104,sensor.read,OK,5.67,74.55,"{""pressao_bar"": 5.67, ""temperatura_c"": 74.55}"
606,2026-08-01 10:05:00,SmartN1,Prensa_01,PART-1105,sensor.read,OK,5.67,68.62,"{""pressao_bar"": 5.67, ""temperatura_c"": 68.62}"
607,2026-08-01 10:06:00,SmartN1,Prensa_01,PART-1106,press.cycle,ERROR,6.1,66.32,"{""pressao_bar"": 6.1, ""temperatura_c"": 66.32}"
608,2026-08-01 10:07:00,SmartN1,Linha_Montagem,PART-1107,press.cycle,OK,5.22,70.83,"{""pressao_bar"": 5.22, ""temperatura_c"": 70.83}"
609,2026-08-01 10:08:00,SmartN1,Prensa_01,PART-1108,sensor.read,OK,5.73,67.51,"{""pressao_bar"": 5.73, ""temperatura_c"": 67.51}"
610,2026-08-01 10:09:00,SmartN1,Torno_CNC_02,PART-1109,sensor.read,OK,5.54,65.09,"{""pressao_bar"": 5.54, ""temperatura_c"": 65.09}"
611,2026-08-01 10:10:00,SmartN1,Prensa_01,PART-1110,inspection.done,OK,6.68,73.56,"{""pressao_bar"": 6.68, ""temperatura_c"": 73.56}"
612,2026-08-01 10:11:00,SmartN1,Injetora_04,PART-1111,sensor.read,OK,5.37,66.31,"{""pressao_bar"": 5.37, ""temperatura_c"": 66.31}"
613,2026-08-01 10:12:00,SmartN1,Injetora_04,PART-1112,inspection.done,OK,4.77,75.82,"{""pressao_bar"": 4.77, ""temperatura_c"": 75.82}"
614,2026-08-01 10:13:00,SmartN1,Torno_CNC_02,PART-1113,sensor.read,OK,6.48,77.54,"{""pressao_bar"": 6.48, ""temperatura_c"": 77.54}"
615,2026-08-01 10:14:00,SmartN1,Linha_Montagem,PART-1114,press.cycle,OK,6.0,67.45,"{""pressao_bar"": 6.0, ""temperatura_c"": 67.45}"
616,2026-08-01 10:15:00,SmartN1,Fresadora_03,PART-1115,sensor.read,OK,5.49,73.51,"{""pressao_bar"": 5.49, ""temperatura_c"": 73.51}"
617,2026-08-01 10:16:00,SmartN1,Prensa_01,PART-1116,piece.detected,OK,5.79,79.0,"{""pressao_bar"": 5.79, ""temperatura_c"": 79.0}"
618,2026-08-01 10:17:00,SmartN1,Linha_Montagem,PART-1117,sensor.read,OK,5.48,70.85,"{""pressao_bar"": 5.48, ""temperatura_c"": 70.85}"
619,2026-08-01 10:18:00,SmartN1,Linha_Montagem,PART-1118,sensor.read,OK,5.02,74.64,"{""pressao_bar"": 5.02, ""temperatura_c"": 74.64}"
620,2026-08-01 10:19:00,SmartN1,Prensa_01,PART-1119,sensor.read,OK,5.73,80.88,"{""pressao_bar"": 5.73, ""temperatura_c"": 80.88}"
621,2026-08-01 10:20:00,SmartN1,Fresadora_03,PART-1120,piece.detected,OK,5.73,66.63,"{""pressao_bar"": 5.73, ""temperatura_c"": 66.63}"
622,2026-08-01 10:21:00,SmartN1,Prensa_01,PART-1121,inspection.done,OK,5.94,68.93,"{""pressao_bar"": 5.94, ""temperatura_c"": 68.93}"
623,2026-08-01 10:22:00,SmartN1,Fresadora_03,PART-1122,sensor.read,WARNING,5.41,74.47,"{""pressao_bar"": 5.41, ""temperatura_c"": 74.47}"
624,2026-08-01 10:23:00,SmartN1,Torno_CNC_02,PART-1123,sensor.read,OK,5.49,80.1,"{""pressao_bar"": 5.49, ""temperatura_c"": 80.1}"
625,2026-08-01 10:24:00,SmartN1,Fresadora_03,PART-1124,piece.detected,OK,5.65,70.01,"{""pressao_bar"": 5.65, ""temperatura_c"": 70.01}"
626,2026-08-01 10:25:00,SmartN1,Linha_Montagem,PART-1125,inspection.done,OK,5.41,81.03,"{""pressao_bar"": 5.41, ""temperatura_c"": 81.03}"
627,2026-08-01 10:26:00,SmartN1,Torno_CNC_02,PART-1126,press.cycle,OK,6.25,72.96,"{""pressao_bar"": 6.25, ""temperatura_c"": 72.96}"
628,2026-08-01 10:27:00,SmartN1,Injetora_04,PART-1127,inspection.done,OK,6.14,65.61,"{""pressao_bar"": 6.14, ""temperatura_c"": 65.61}"
629,2026-08-01 10:28:00,SmartN1,Torno_CNC_02,PART-1128,sensor.read,OK,5.59,78.07,"{""pressao_bar"": 5.59, ""temperatura_c"": 78.07}"
630,2026-08-01 10:29:00,SmartN1,Fresadora_03,PART-1129,sensor.read,OK,6.01,70.88,"{""pressao_bar"": 6.01, ""temperatura_c"": 70.88}"
631,2026-08-01 10:30:00,SmartN1,Torno_CNC_02,PART-1130,sensor.read,OK,5.3,74.07,"{""pressao_bar"": 5.3, ""temperatura_c"": 74.07}"
632,2026-08-01 10:31:00,SmartN1,Torno_CNC_02,PART-1131,press.cycle,OK,5.62,66.69,"{""pressao_bar"": 5.62, ""temperatura_c"": 66.69}"
633,2026-08-01 10:32:00,SmartN1,Injetora_04,PART-1132,sensor.read,WARNING,6.39,69.86,"{""pressao_bar"": 6.39, ""temperatura_c"": 69.86}"
634,2026-08-01 10:33:00,SmartN1,Fresadora_03,PART-1133,sensor.read,WARNING,6.06,67.26,"{""pressao_bar"": 6.06, ""temperatura_c"": 67.26}"
635,2026-08-01 10:34:00,SmartN1,Linha_Montagem,PART-1134,sensor.read,OK,5.92,66.89,"{""pressao_bar"": 5.92, ""temperatura_c"": 66.89}"
636,2026-08-01 10:35:00,SmartN1,Torno_CNC_02,PART-1135,press.cycle,OK,5.66,72.84,"{""pressao_bar"": 5.66, ""temperatura_c"": 72.84}"
637,2026-08-01 10:36:00,SmartN1,Prensa_01,PART-1136,sensor.read,OK,5.78,74.48,"{""pressao_bar"": 5.78, ""temperatura_c"": 74.48}"
638,2026-08-01 10:37:00,SmartN1,Linha_Montagem,PART-1137,sensor.read,OK,5.21,70.59,"{""pressao_bar"": 5.21, ""temperatura_c"": 70.59}"
639,2026-08-01 10:38:00,SmartN1,Torno_CNC_02,PART-1138,inspection.done,WARNING,5.67,67.47,"{""pressao_bar"": 5.67, ""temperatura_c"": 67.47}"
640,2026-08-01 10:39:00,SmartN1,Linha_Montagem,PART-1139,sensor.read,OK,5.95,68.03,"{""pressao_bar"": 5.95, ""temperatura_c"": 68.03}"
641,2026-08-01 10:40:00,SmartN1,Prensa_01,PART-1140,sensor.read,OK,5.79,73.8,"{""pressao_bar"": 5.79, ""temperatura_c"": 73.8}"
642,2026-08-01 10:41:00,SmartN1,Linha_Montagem,PART-1141,press.cycle,OK,5.79,72.89,"{""pressao_bar"": 5.79, ""temperatura_c"": 72.89}"
643,2026-08-01 10:42:00,SmartN1,Linha_Montagem,PART-1142,inspection.done,OK,5.54,73.86,"{""pressao_bar"": 5.54, ""temperatura_c"": 73.86}"
644,2026-08-01 10:43:00,SmartN1,Prensa_01,PART-1143,press.cycle,OK,5.44,77.95,"{""pressao_bar"": 5.44, ""temperatura_c"": 77.95}"
645,2026-08-01 10:44:00,SmartN1,Prensa_01,PART-1144,sensor.read,ERROR,5.4,74.51,"{""pressao_bar"": 5.4, ""temperatura_c"": 74.51}"
646,2026-08-01 10:45:00,SmartN1,Prensa_01,PART-1145,inspection.done,OK,5.7,73.93,"{""pressao_bar"": 5.7, ""temperatura_c"": 73.93}"
647,2026-08-01 10:46:00,SmartN1,Injetora_04,PART-1146,press.cycle,OK,6.09,80.79,"{""pressao_bar"": 6.09, ""temperatura_c"": 80.79}"
648,2026-08-01 10:47:00,SmartN1,Prensa_01,PART-1147,sensor.read,OK,5.46,71.54,"{""pressao_bar"": 5.46, ""temperatura_c"": 71.54}"
649,2026-08-01 10:48:00,SmartN1,Linha_Montagem,PART-1148,press.cycle,OK,5.82,80.84,"{""pressao_bar"": 5.82, ""temperatura_c"": 80.84}"
650,2026-08-01 10:49:00,SmartN1,Prensa_01,PART-1149,piece.detected,WARNING,5.81,77.48,"{""pressao_bar"": 5.81, ""temperatura_c"": 77.48}"
651,2026-08-01 10:50:00,SmartN1,Torno_CNC_02,PART-1150,press.cycle,OK,6.17,71.46,"{""pressao_bar"": 6.17, ""temperatura_c"": 71.46}"
652,2026-08-01 10:51:00,SmartN1,Prensa_01,PART-1151,inspection.done,OK,5.81,75.32,"{""pressao_bar"": 5.81, ""temperatura_c"": 75.32}"
653,2026-08-01 10:52:00,SmartN1,Prensa_01,PART-1152,press.cycle,OK,5.2,71.75,"{""pressao_bar"": 5.2, ""temperatura_c"": 71.75}"
654,2026-08-01 10:53:00,SmartN1,Fresadora_03,PART-1153,inspection.done,OK,6.65,67.47,"{""pressao_bar"": 6.65, ""temperatura_c"": 67.47}"
655,2026-08-01 10:54:00,SmartN1,Linha_Montagem,PART-1154,press.cycle,OK,6.19,72.47,"{""pressao_bar"": 6.19, ""temperatura_c"": 72.47}"
656,2026-08-01 10:55:00,SmartN1,Linha_Montagem,PART-1155,sensor.read,OK,5.99,67.37,"{""pressao_bar"": 5.99, ""temperatura_c"": 67.37}"
657,2026-08-01 10:56:00,SmartN1,Torno_CNC_02,PART-1156,press.cycle,OK,5.57,73.32,"{""pressao_bar"": 5.57, ""temperatura_c"": 73.32}"
658,2026-08-01 10:57:00,SmartN1,Injetora_04,PART-1157,sensor.read,OK,5.67,75.3,"{""pressao_bar"": 5.67, ""temperatura_c"": 75.3}"
659,2026-08-01 10:58:00,SmartN1,Fresadora_03,PART-1158,sensor.read,OK,5.23,71.74,"{""pressao_bar"": 5.23, ""temperatura_c"": 71.74}"
660,2026-08-01 10:59:00,SmartN1,Torno_CNC_02,PART-1159,piece.detected,OK,5.67,73.31,"{""pressao_bar"": 5.67, ""temperatura_c"": 73.31}"
661,2026-08-01 11:00:00,SmartN1,Torno_CNC_02,PART-1160,press.cycle,OK,5.87,73.25,"{""pressao_bar"": 5.87, ""temperatura_c"": 73.25}"
662,2026-08-01 11:01:00,SmartN1,Linha_Montagem,PART-1161,sensor.read,OK,5.79,75.46,"{""pressao_bar"": 5.79, ""temperatura_c"": 75.46}"
663,2026-08-01 11:02:00,SmartN1,Fresadora_03,PART-1162,sensor.read,OK,6.5,72.81,"{""pressao_bar"": 6.5, ""temperatura_c"": 72.81}"
664,2026-08-01 11:03:00,SmartN1,Linha_Montagem,PART-1163,sensor.read,OK,6.07,71.4,"{""pressao_bar"": 6.07, ""temperatura_c"": 71.4}"
665,2026-08-01 11:04:00,SmartN1,Injetora_04,PART-1164,inspection.done,OK,6.19,75.3,"{""pressao_bar"": 6.19, ""temperatura_c"": 75.3}"
666,2026-08-01 11:05:00,SmartN1,Linha_Montagem,PART-1165,sensor.read,WARNING,6.02,73.05,"{""pressao_bar"": 6.02, ""temperatura_c"": 73.05}"
667,2026-08-01 11:06:00,SmartN1,Prensa_01,PART-1166,press.cycle,OK,5.87,65.03,"{""pressao_bar"": 5.87, ""temperatura_c"": 65.03}"
668,2026-08-01 11:07:00,SmartN1,Linha_Montagem,PART-1167,press.cycle,OK,5.98,71.27,"{""pressao_bar"": 5.98, ""temperatura_c"": 71.27}"
669,2026-08-01 11:08:00,SmartN1,Prensa_01,PART-1168,sensor.read,OK,5.01,70.69,"{""pressao_bar"": 5.01, ""temperatura_c"": 70.69}"
670,2026-08-01 11:09:00,SmartN1,Torno_CNC_02,PART-1169,sensor.read,OK,5.7,73.02,"{""pressao_bar"": 5.7, ""temperatura_c"": 73.02}"
671,2026-08-01 11:10:00,SmartN1,Injetora_04,PART-1170,sensor.read,OK,5.24,72.64,"{""pressao_bar"": 5.24, ""temperatura_c"": 72.64}"
672,2026-08-01 11:11:00,SmartN1,Prensa_01,PART-1171,piece.detected,OK,5.33,65.67,"{""pressao_bar"": 5.33, ""temperatura_c"": 65.67}"
673,2026-08-01 11:12:00,SmartN1,Injetora_04,PART-1172,piece.detected,OK,6.28,67.28,"{""pressao_bar"": 6.28, ""temperatura_c"": 67.28}"
674,2026-08-01 11:13:00,SmartN1,Linha_Montagem,PART-1173,piece.detected,OK,9.25,69.16,"{""pressao_bar"": 9.25, ""temperatura_c"": 69.16}"
675,2026-08-01 11:14:00,SmartN1,Linha_Montagem,PART-1174,piece.detected,OK,5.27,72.73,"{""pressao_bar"": 5.27, ""temperatura_c"": 72.73}"
676,2026-08-01 11:15:00,SmartN1,Torno_CNC_02,PART-1175,sensor.read,OK,5.96,76.26,"{""pressao_bar"": 5.96, ""temperatura_c"": 76.26}"
677,2026-08-01 11:16:00,SmartN1,Linha_Montagem,PART-1176,sensor.read,WARNING,5.77,66.89,"{""pressao_bar"": 5.77, ""temperatura_c"": 66.89}"
678,2026-08-01 11:17:00,SmartN1,Prensa_01,PART-1177,inspection.done,OK,5.98,70.15,"{""pressao_bar"": 5.98, ""temperatura_c"": 70.15}"
679,2026-08-01 11:18:00,SmartN1,Torno_CNC_02,PART-1178,piece.detected,OK,6.5,72.33,"{""pressao_bar"": 6.5, ""temperatura_c"": 72.33}"
680,2026-08-01 11:19:00,SmartN1,Injetora_04,PART-1179,press.cycle,OK,6.03,69.24,"{""pressao_bar"": 6.03, ""temperatura_c"": 69.24}"
681,2026-08-01 11:20:00,SmartN1,Torno_CNC_02,PART-1180,press.cycle,OK,5.18,72.81,"{""pressao_bar"": 5.18, ""temperatura_c"": 72.81}"
682,2026-08-01 11:21:00,SmartN1,Injetora_04,PART-1181,sensor.read,OK,6.17,74.74,"{""pressao_bar"": 6.17, ""temperatura_c"": 74.74}"
683,2026-08-01 11:22:00,SmartN1,Fresadora_03,PART-1182,sensor.read,OK,5.71,69.85,"{""pressao_bar"": 5.71, ""temperatura_c"": 69.85}"
684,2026-08-01 11:23:00,SmartN1,Prensa_01,PART-1183,press.cycle,OK,5.87,73.65,"{""pressao_bar"": 5.87, ""temperatura_c"": 73.65}"
685,2026-08-01 11:24:00,SmartN1,Prensa_01,PART-1184,inspection.done,OK,5.14,72.1,"{""pressao_bar"": 5.14, ""temperatura_c"": 72.1}"
686,2026-08-01 11:25:00,SmartN1,Injetora_04,PART-1185,sensor.read,OK,6.0,68.48,"{""pressao_bar"": 6.0, ""temperatura_c"": 68.48}"
687,2026-08-01 11:26:00,SmartN1,Linha_Montagem,PART-1186,sensor.read,OK,5.28,72.01,"{""pressao_bar"": 5.28, ""temperatura_c"": 72.01}"
688,2026-08-01 11:27:00,SmartN1,Linha_Montagem,PART-1187,sensor.read,OK,6.01,74.1,"{""pressao_bar"": 6.01, ""temperatura_c"": 74.1}"
689,2026-08-01 11:28:00,SmartN1,Fresadora_03,PART-1188,sensor.read,OK,5.51,77.45,"{""pressao_bar"": 5.51, ""temperatura_c"": 77.45}"
690,2026-08-01 11:29:00,SmartN1,Injetora_04,PART-1189,press.cycle,OK,6.09,78.25,"{""pressao_bar"": 6.09, ""temperatura_c"": 78.25}"
691,2026-08-01 11:30:00,SmartN1,Fresadora_03,PART-1190,temp.warning,OK,5.28,70.51,"{""pressao_bar"": 5.28, ""temperatura_c"": 70.51}"
692,2026-08-01 11:31:00,SmartN1,Injetora_04,PART-1191,piece.detected,OK,5.18,70.3,"{""pressao_bar"": 5.18, ""temperatura_c"": 70.3}"
693,2026-08-01 11:32:00,SmartN1,Fresadora_03,PART-1192,inspection.done,OK,5.58,72.64,"{""pressao_bar"": 5.58, ""temperatura_c"": 72.64}"
694,2026-08-01 11:33:00,SmartN1,Injetora_04,PART-1193,press.cycle,OK,5.91,70.6,"{""pressao_bar"": 5.91, ""temperatura_c"": 70.6}"
695,2026-08-01 11:34:00,SmartN1,Prensa_01,PART-1194,sensor.read,OK,5.34,76.75,"{""pressao_bar"": 5.34, ""temperatura_c"": 76.75}"
696,2026-08-01 11:35:00,SmartN1,Fresadora_03,PART-1195,temp.warning,OK,5.88,72.85,"{""pressao_bar"": 5.88, ""temperatura_c"": 72.85}"
697,2026-08-01 11:36:00,SmartN1,Fresadora_03,PART-1196,sensor.read,OK,6.15,72.69,"{""pressao_bar"": 6.15, ""temperatura_c"": 72.69}"
698,2026-08-01 11:37:00,SmartN1,Injetora_04,PART-1197,inspection.done,OK,5.27,74.75,"{""pressao_bar"": 5.27, ""temperatura_c"": 74.75}"
699,2026-08-01 11:38:00,SmartN1,Torno_CNC_02,PART-1198,piece.detected,OK,5.88,73.06,"{""pressao_bar"": 5.88, ""temperatura_c"": 73.06}"
700,2026-08-01 11:39:00,SmartN1,Torno_CNC_02,PART-1199,sensor.read,OK,6.02,73.57,"{""pressao_bar"": 6.02, ""temperatura_c"": 73.57}"
701,2026-08-01 11:40:00,SmartN1,Prensa_01,PART-1200,press.cycle,WARNING,5.72,73.42,"{""pressao_bar"": 5.72, ""temperatura_c"": 73.42}"
702,2026-08-01 11:41:00,SmartN1,Linha_Montagem,PART-1201,sensor.read,OK,5.77,71.99,"{""pressao_bar"": 5.77, ""temperatura_c"": 71.99}"
703,2026-08-01 11:42:00,SmartN1,Linha_Montagem,PART-1202,sensor.read,OK,5.24,69.34,"{""pressao_bar"": 5.24, ""temperatura_c"": 69.34}"
704,2026-08-01 11:43:00,SmartN1,Prensa_01,PART-1203,sensor.read,OK,5.97,78.66,"{""pressao_bar"": 5.97, ""temperatura_c"": 78.66}"
705,2026-08-01 11:44:00,SmartN1,Linha_Montagem,PART-1204,inspection.done,OK,5.82,69.33,"{""pressao_bar"": 5.82, ""temperatura_c"": 69.33}"
706,2026-08-01 11:45:00,SmartN1,Injetora_04,PART-1205,piece.detected,OK,5.86,78.29,"{""pressao_bar"": 5.86, ""temperatura_c"": 78.29}"
707,2026-08-01 11:46:00,SmartN1,Torno_CNC_02,PART-1206,sensor.read,OK,6.63,73.7,"{""pressao_bar"": 6.63, ""temperatura_c"": 73.7}"
708,2026-08-01 11:47:00,SmartN1,Prensa_01,PART-1207,sensor.read,OK,5.72,70.39,"{""pressao_bar"": 5.72, ""temperatura_c"": 70.39}"
709,2026-08-01 11:48:00,SmartN1,Injetora_04,PART-1208,press.cycle,ERROR,5.93,74.44,"{""pressao_bar"": 5.93, ""temperatura_c"": 74.44}"
710,2026-08-01 11:49:00,SmartN1,Prensa_01,PART-1209,sensor.read,OK,6.32,75.25,"{""pressao_bar"": 6.32, ""temperatura_c"": 75.25}"
711,2026-08-01 11:50:00,SmartN1,Torno_CNC_02,PART-1210,press.cycle,ERROR,5.78,78.51,"{""pressao_bar"": 5.78, ""temperatura_c"": 78.51}"
712,2026-08-01 11:51:00,SmartN1,Linha_Montagem,PART-1211,press.cycle,OK,5.51,67.9,"{""pressao_bar"": 5.51, ""temperatura_c"": 67.9}"
713,2026-08-01 11:52:00,SmartN1,Injetora_04,PART-1212,sensor.read,OK,5.96,72.01,"{""pressao_bar"": 5.96, ""temperatura_c"": 72.01}"
714,2026-08-01 11:53:00,SmartN1,Torno_CNC_02,PART-1213,sensor.read,OK,,77.32,"{""pressao_bar"": null, ""temperatura_c"": 77.32}"
715,2026-08-01 11:54:00,SmartN1,Prensa_01,PART-1214,press.cycle,OK,6.28,75.11,"{""pressao_bar"": 6.28, ""temperatura_c"": 75.11}"
716,2026-08-01 11:55:00,SmartN1,Fresadora_03,PART-1215,sensor.read,OK,6.01,74.2,"{""pressao_bar"": 6.01, ""temperatura_c"": 74.2}"
717,2026-08-01 11:56:00,SmartN1,Injetora_04,PART-1216,sensor.read,OK,5.46,77.67,"{""pressao_bar"": 5.46, ""temperatura_c"": 77.67}"
718,2026-08-01 11:57:00,SmartN1,Prensa_01,PART-1217,sensor.read,OK,5.3,71.87,"{""pressao_bar"": 5.3, ""temperatura_c"": 71.87}"
719,2026-08-01 11:58:00,SmartN1,Prensa_01,PART-1218,sensor.read,ERROR,5.86,64.11,"{""pressao_bar"": 5.86, ""temperatura_c"": 64.11}"
720,2026-08-01 11:59:00,SmartN1,Torno_CNC_02,PART-1219,inspection.done,OK,5.9,71.22,"{""pressao_bar"": 5.9, ""temperatura_c"": 71.22}"
721,2026-08-01 12:00:00,SmartN1,Prensa_01,PART-1220,piece.detected,OK,5.3,79.54,"{""pressao_bar"": 5.3, ""temperatura_c"": 79.54}"
722,2026-08-01 12:01:00,SmartN1,Injetora_04,PART-1221,press.cycle,OK,6.11,73.54,"{""pressao_bar"": 6.11, ""temperatura_c"": 73.54}"
723,2026-08-01 12:02:00,SmartN1,Injetora_04,PART-1222,sensor.read,WARNING,6.07,69.55,"{""pressao_bar"": 6.07, ""temperatura_c"": 69.55}"
724,2026-08-01 12:03:00,SmartN1,Prensa_01,PART-1223,sensor.read,OK,5.94,77.17,"{""pressao_bar"": 5.94, ""temperatura_c"": 77.17}"
725,2026-08-01 12:04:00,SmartN1,Torno_CNC_02,PART-1224,sensor.read,OK,6.1,75.46,"{""pressao_bar"": 6.1, ""temperatura_c"": 75.46}"
726,2026-08-01 12:05:00,SmartN1,Injetora_04,PART-1225,piece.detected,OK,5.4,73.01,"{""pressao_bar"": 5.4, ""temperatura_c"": 73.01}"
727,2026-08-01 12:06:00,SmartN1,Fresadora_03,PART-1226,sensor.read,OK,5.43,74.55,"{""pressao_bar"": 5.43, ""temperatura_c"": 74.55}"
728,2026-08-01 12:07:00,SmartN1,Linha_Montagem,PART-1227,press.cycle,OK,5.7,68.94,"{""pressao_bar"": 5.7, ""temperatura_c"": 68.94}"
729,2026-08-01 12:08:00,SmartN1,Torno_CNC_02,PART-1228,sensor.read,OK,5.55,71.23,"{""pressao_bar"": 5.55, ""temperatura_c"": 71.23}"
730,2026-08-01 12:09:00,SmartN1,Torno_CNC_02,PART-1229,inspection.done,OK,6.0,72.27,"{""pressao_bar"": 6.0, ""temperatura_c"": 72.27}"
731,2026-08-01 12:10:00,SmartN1,Linha_Montagem,PART-1230,inspection.done,OK,6.12,76.35,"{""pressao_bar"": 6.12, ""temperatura_c"": 76.35}"
732,2026-08-01 12:11:00,SmartN1,Linha_Montagem,PART-1231,sensor.read,OK,,70.58,"{""pressao_bar"": null, ""temperatura_c"": 70.58}"
733,2026-08-01 12:12:00,SmartN1,Injetora_04,PART-1232,piece.detected,OK,5.45,72.41,"{""pressao_bar"": 5.45, ""temperatura_c"": 72.41}"
734,2026-08-01 12:13:00,SmartN1,Prensa_01,PART-1233,sensor.read,WARNING,6.14,77.54,"{""pressao_bar"": 6.14, ""temperatura_c"": 77.54}"
735,2026-08-01 12:14:00,SmartN1,Prensa_01,PART-1234,press.cycle,OK,5.41,81.34,"{""pressao_bar"": 5.41, ""temperatura_c"": 81.34}"
736,2026-08-01 12:15:00,SmartN1,Fresadora_03,PART-1235,sensor.read,OK,5.69,69.45,"{""pressao_bar"": 5.69, ""temperatura_c"": 69.45}"
737,2026-08-01 12:16:00,SmartN1,Prensa_01,PART-1236,sensor.read,OK,5.4,72.99,"{""pressao_bar"": 5.4, ""temperatura_c"": 72.99}"
738,2026-08-01 12:17:00,SmartN1,Fresadora_03,PART-1237,sensor.read,OK,5.56,67.22,"{""pressao_bar"": 5.56, ""temperatura_c"": 67.22}"
739,2026-08-01 12:18:00,SmartN1,Fresadora_03,PART-1238,inspection.done,WARNING,5.2,72.45,"{""pressao_bar"": 5.2, ""temperatura_c"": 72.45}"
740,2026-08-01 12:19:00,SmartN1,Torno_CNC_02,PART-1239,piece.detected,OK,6.31,71.48,"{""pressao_bar"": 6.31, ""temperatura_c"": 71.48}"
741,2026-08-01 12:20:00,SmartN1,Torno_CNC_02,PART-1240,sensor.read,OK,6.2,76.88,"{""pressao_bar"": 6.2, ""temperatura_c"": 76.88}"
742,2026-08-01 12:21:00,SmartN1,Injetora_04,PART-1241,press.cycle,OK,5.48,68.39,"{""pressao_bar"": 5.48, ""temperatura_c"": 68.39}"
743,2026-08-01 12:22:00,SmartN1,Linha_Montagem,PART-1242,sensor.read,OK,5.99,67.92,"{""pressao_bar"": 5.99, ""temperatura_c"": 67.92}"
744,2026-08-01 12:23:00,SmartN1,Linha_Montagem,PART-1243,sensor.read,OK,5.23,77.82,"{""pressao_bar"": 5.23, ""temperatura_c"": 77.82}"
745,2026-08-01 12:24:00,SmartN1,Fresadora_03,PART-1244,inspection.done,OK,6.05,70.28,"{""pressao_bar"": 6.05, ""temperatura_c"": 70.28}"
746,2026-08-01 12:25:00,SmartN1,Linha_Montagem,PART-1245,sensor.read,OK,5.45,73.19,"{""pressao_bar"": 5.45, ""temperatura_c"": 73.19}"
747,2026-08-01 12:26:00,SmartN1,Fresadora_03,PART-1246,press.cycle,OK,6.29,73.53,"{""pressao_bar"": 6.29, ""temperatura_c"": 73.53}"
748,2026-08-01 12:27:00,SmartN1,Linha_Montagem,PART-1247,sensor.read,OK,6.0,69.74,"{""pressao_bar"": 6.0, ""temperatura_c"": 69.74}"
749,2026-08-01 12:28:00,SmartN1,Injetora_04,PART-1248,sensor.read,ERROR,5.65,69.75,"{""pressao_bar"": 5.65, ""temperatura_c"": 69.75}"
750,2026-08-01 12:29:00,SmartN1,Torno_CNC_02,PART-1249,sensor.read,OK,5.64,76.44,"{""pressao_bar"": 5.64, ""temperatura_c"": 76.44}"
751,2026-08-01 12:30:00,SmartN1,Torno_CNC_02,PART-1000,inspection.done,OK,5.86,74.87,"{""pressao_bar"": 5.86, ""temperatura_c"": 74.87}"
752,2026-08-01 12:31:00,SmartN1,Fresadora_03,PART-1001,piece.detected,OK,5.43,72.45,"{""pressao_bar"": 5.43, ""temperatura_c"": 72.45}"
753,2026-08-01 12:32:00,SmartN1,Linha_Montagem,PART-1002,sensor.read,OK,6.25,72.02,"{""pressao_bar"": 6.25, ""temperatura_c"": 72.02}"
754,2026-08-01 12:33:00,SmartN1,Prensa_01,PART-1003,piece.detected,WARNING,5.92,73.61,"{""pressao_bar"": 5.92, ""temperatura_c"": 73.61}"
755,2026-08-01 12:34:00,SmartN1,Injetora_04,PART-1004,inspection.done,OK,6.19,73.84,"{""pressao_bar"": 6.19, ""temperatura_c"": 73.84}"
756,2026-08-01 12:35:00,SmartN1,Linha_Montagem,PART-1005,sensor.read,ERROR,4.82,76.91,"{""pressao_bar"": 4.82, ""temperatura_c"": 76.91}"
757,2026-08-01 12:36:00,SmartN1,Prensa_01,PART-1006,sensor.read,OK,5.81,72.43,"{""pressao_bar"": 5.81, ""temperatura_c"": 72.43}"
758,2026-08-01 12:37:00,SmartN1,Injetora_04,PART-1007,sensor.read,OK,5.9,74.05,"{""pressao_bar"": 5.9, ""temperatura_c"": 74.05}"
759,2026-08-01 12:38:00,SmartN1,Injetora_04,PART-1008,sensor.read,OK,5.8,75.01,"{""pressao_bar"": 5.8, ""temperatura_c"": 75.01}"
760,2026-08-01 12:39:00,SmartN1,Torno_CNC_02,PART-1009,press.cycle,OK,5.81,75.08,"{""pressao_bar"": 5.81, ""temperatura_c"": 75.08}"
761,2026-08-01 12:40:00,SmartN1,Fresadora_03,PART-1010,sensor.read,OK,5.67,77.57,"{""pressao_bar"": 5.67, ""temperatura_c"": 77.57}"
762,2026-08-01 12:41:00,SmartN1,Linha_Montagem,PART-1011,sensor.read,WARNING,6.7,72.46,"{""pressao_bar"": 6.7, ""temperatura_c"": 72.46}"
763,2026-08-01 12:42:00,SmartN1,Injetora_04,PART-1012,sensor.read,OK,5.9,70.52,"{""pressao_bar"": 5.9, ""temperatura_c"": 70.52}"
764,2026-08-01 12:43:00,SmartN1,Linha_Montagem,PART-1013,sensor.read,WARNING,5.85,71.25,"{""pressao_bar"": 5.85, ""temperatura_c"": 71.25}"
765,2026-08-01 12:44:00,SmartN1,Injetora_04,PART-1014,press.cycle,OK,6.17,74.74,"{""pressao_bar"": 6.17, ""temperatura_c"": 74.74}"
766,2026-08-01 12:45:00,SmartN1,Torno_CNC_02,PART-1015,press.cycle,OK,5.58,72.12,"{""pressao_bar"": 5.58, ""temperatura_c"": 72.12}"
767,2026-08-01 12:46:00,SmartN1,Fresadora_03,PART-1016,sensor.read,OK,5.28,80.5,"{""pressao_bar"": 5.28, ""temperatura_c"": 80.5}"
768,2026-08-01 12:47:00,SmartN1,Prensa_01,PART-1017,sensor.read,OK,6.16,72.54,"{""pressao_bar"": 6.16, ""temperatura_c"": 72.54}"
769,2026-08-01 12:48:00,SmartN1,Prensa_01,PART-1018,sensor.read,WARNING,5.67,69.16,"{""pressao_bar"": 5.67, ""temperatura_c"": 69.16}"
770,2026-08-01 12:49:00,SmartN1,Torno_CNC_02,PART-1019,inspection.done,OK,6.34,73.63,"{""pressao_bar"": 6.34, ""temperatura_c"": 73.63}"
771,2026-08-01 12:50:00,SmartN1,Injetora_04,PART-1020,sensor.read,OK,6.32,77.89,"{""pressao_bar"": 6.32, ""temperatura_c"": 77.89}"
772,2026-08-01 12:51:00,SmartN1,Torno_CNC_02,PART-1021,sensor.read,OK,4.87,69.64,"{""pressao_bar"": 4.87, ""temperatura_c"": 69.64}"
773,2026-08-01 12:52:00,SmartN1,Fresadora_03,PART-1022,sensor.read,WARNING,5.83,69.54,"{""pressao_bar"": 5.83, ""temperatura_c"": 69.54}"
774,2026-08-01 12:53:00,SmartN1,Prensa_01,PART-1023,sensor.read,OK,6.23,71.85,"{""pressao_bar"": 6.23, ""temperatura_c"": 71.85}"
775,2026-08-01 12:54:00,SmartN1,Linha_Montagem,PART-1024,sensor.read,OK,5.1,70.24,"{""pressao_bar"": 5.1, ""temperatura_c"": 70.24}"
776,2026-08-01 12:55:00,SmartN1,Prensa_01,PART-1025,press.cycle,OK,5.95,67.77,"{""pressao_bar"": 5.95, ""temperatura_c"": 67.77}"
777,2026-08-01 12:56:00,SmartN1,Fresadora_03,PART-1026,piece.detected,OK,6.06,67.11,"{""pressao_bar"": 6.06, ""temperatura_c"": 67.11}"
778,2026-08-01 12:57:00,SmartN1,Injetora_04,PART-1027,sensor.read,OK,5.78,73.31,"{""pressao_bar"": 5.78, ""temperatura_c"": 73.31}"
779,2026-08-01 12:58:00,SmartN1,Torno_CNC_02,PART-1028,press.cycle,OK,5.78,75.0,"{""pressao_bar"": 5.78, ""temperatura_c"": 75.0}"
780,2026-08-01 12:59:00,SmartN1,Prensa_01,PART-1029,piece.detected,OK,6.28,70.05,"{""pressao_bar"": 6.28, ""temperatura_c"": 70.05}"
781,2026-08-01 13:00:00,SmartN1,Prensa_01,PART-1030,sensor.read,OK,5.2,72.25,"{""pressao_bar"": 5.2, ""temperatura_c"": 72.25}"
782,2026-08-01 13:01:00,SmartN1,Linha_Montagem,PART-1031,sensor.read,ERROR,6.13,73.15,"{""pressao_bar"": 6.13, ""temperatura_c"": 73.15}"
783,2026-08-01 13:02:00,SmartN1,Torno_CNC_02,PART-1032,sensor.read,OK,5.98,68.63,"{""pressao_bar"": 5.98, ""temperatura_c"": 68.63}"
784,2026-08-01 13:03:00,SmartN1,Linha_Montagem,PART-1033,inspection.done,WARNING,10.73,75.51,"{""pressao_bar"": 10.73, ""temperatura_c"": 75.51}"
785,2026-08-01 13:04:00,SmartN1,Linha_Montagem,PART-1034,piece.detected,OK,5.42,73.24,"{""pressao_bar"": 5.42, ""temperatura_c"": 73.24}"
786,2026-08-01 13:05:00,SmartN1,Injetora_04,PART-1035,sensor.read,OK,6.39,74.34,"{""pressao_bar"": 6.39, ""temperatura_c"": 74.34}"
787,2026-08-01 13:06:00,SmartN1,Prensa_01,PART-1036,sensor.read,OK,5.24,74.88,"{""pressao_bar"": 5.24, ""temperatura_c"": 74.88}"
788,2026-08-01 13:07:00,SmartN1,Torno_CNC_02,PART-1037,piece.detected,OK,5.67,80.99,"{""pressao_bar"": 5.67, ""temperatura_c"": 80.99}"
789,2026-08-01 13:08:00,SmartN1,Injetora_04,PART-1038,sensor.read,WARNING,5.33,68.91,"{""pressao_bar"": 5.33, ""temperatura_c"": 68.91}"
790,2026-08-01 13:09:00,SmartN1,Injetora_04,PART-1039,piece.detected,ERROR,6.09,69.38,"{""pressao_bar"": 6.09, ""temperatura_c"": 69.38}"
791,2026-08-01 13:10:00,SmartN1,Injetora_04,PART-1040,sensor.read,OK,5.5,78.39,"{""pressao_bar"": 5.5, ""temperatura_c"": 78.39}"
792,2026-08-01 13:11:00,SmartN1,Fresadora_03,PART-1041,temp.warning,WARNING,6.25,74.78,"{""pressao_bar"": 6.25, ""temperatura_c"": 74.78}"
793,2026-08-01 13:12:00,SmartN1,Fresadora_03,PART-1042,piece.detected,OK,5.12,72.74,"{""pressao_bar"": 5.12, ""temperatura_c"": 72.74}"
794,2026-08-01 13:13:00,SmartN1,Injetora_04,PART-1043,sensor.read,ERROR,5.62,70.83,"{""pressao_bar"": 5.62, ""temperatura_c"": 70.83}"
795,2026-08-01 13:14:00,SmartN1,Fresadora_03,PART-1044,press.cycle,OK,6.51,71.69,"{""pressao_bar"": 6.51, ""temperatura_c"": 71.69}"
796,2026-08-01 13:15:00,SmartN1,Torno_CNC_02,PART-1045,sensor.read,ERROR,5.5,71.76,"{""pressao_bar"": 5.5, ""temperatura_c"": 71.76}"
797,2026-08-01 13:16:00,SmartN1,Prensa_01,PART-1046,sensor.read,WARNING,6.22,67.27,"{""pressao_bar"": 6.22, ""temperatura_c"": 67.27}"
798,2026-08-01 13:17:00,SmartN1,Torno_CNC_02,PART-1047,press.cycle,OK,6.08,75.91,"{""pressao_bar"": 6.08, ""temperatura_c"": 75.91}"
799,2026-08-01 13:18:00,SmartN1,Prensa_01,PART-1048,sensor.read,OK,5.28,65.46,"{""pressao_bar"": 5.28, ""temperatura_c"": 65.46}"
800,2026-08-01 13:19:00,SmartN1,Fresadora_03,PART-1049,press.cycle,OK,5.88,69.53,"{""pressao_bar"": 5.88, ""temperatura_c"": 69.53}"
801,2026-08-01 13:20:00,SmartN1,Torno_CNC_02,PART-1050,sensor.read,OK,6.41,70.99,"{""pressao_bar"": 6.41, ""temperatura_c"": 70.99}"
802,2026-08-01 13:21:00,SmartN1,Linha_Montagem,PART-1051,piece.detected,OK,5.64,80.0,"{""pressao_bar"": 5.64, ""temperatura_c"": 80.0}"
803,2026-08-01 13:22:00,SmartN1,Injetora_04,PART-1052,sensor.read,OK,5.52,72.15,"{""pressao_bar"": 5.52, ""temperatura_c"": 72.15}"
804,2026-08-01 13:23:00,SmartN1,Prensa_01,PART-1053,piece.detected,OK,5.93,73.61,"{""pressao_bar"": 5.93, ""temperatura_c"": 73.61}"
805,2026-08-01 13:24:00,SmartN1,Prensa_01,PART-1054,sensor.read,OK,5.71,69.43,"{""pressao_bar"": 5.71, ""temperatura_c"": 69.43}"
806,2026-08-01 13:25:00,SmartN1,Linha_Montagem,PART-1055,sensor.read,OK,5.2,75.54,"{""pressao_bar"": 5.2, ""temperatura_c"": 75.54}"
807,2026-08-01 13:26:00,SmartN1,Linha_Montagem,PART-1056,sensor.read,OK,5.71,82.83,"{""pressao_bar"": 5.71, ""temperatura_c"": 82.83}"
808,2026-08-01 13:27:00,SmartN1,Injetora_04,PART-1057,sensor.read,OK,,74.22,"{""pressao_bar"": null, ""temperatura_c"": 74.22}"
809,2026-08-01 13:28:00,SmartN1,Fresadora_03,PART-1058,sensor.read,OK,5.75,71.33,"{""pressao_bar"": 5.75, ""temperatura_c"": 71.33}"
810,2026-08-01 13:29:00,SmartN1,Torno_CNC_02,PART-1059,sensor.read,OK,4.84,65.39,"{""pressao_bar"": 4.84, ""temperatura_c"": 65.39}"
811,2026-08-01 13:30:00,SmartN1,Torno_CNC_02,PART-1060,temp.warning,OK,5.95,74.93,"{""pressao_bar"": 5.95, ""temperatura_c"": 74.93}"
812,2026-08-01 13:31:00,SmartN1,Torno_CNC_02,PART-1061,sensor.read,OK,,69.05,"{""pressao_bar"": null, ""temperatura_c"": 69.05}"
813,2026-08-01 13:32:00,SmartN1,Fresadora_03,PART-1062,piece.detected,OK,6.1,69.85,"{""pressao_bar"": 6.1, ""temperatura_c"": 69.85}"
814,2026-08-01 13:33:00,SmartN1,Injetora_04,PART-1063,press.cycle,OK,6.23,75.76,"{""pressao_bar"": 6.23, ""temperatura_c"": 75.76}"
815,2026-08-01 13:34:00,SmartN1,Torno_CNC_02,PART-1064,sensor.read,ERROR,5.01,70.84,"{""pressao_bar"": 5.01, ""temperatura_c"": 70.84}"
816,2026-08-01 13:35:00,SmartN1,Prensa_01,PART-1065,press.cycle,OK,6.32,72.17,"{""pressao_bar"": 6.32, ""temperatura_c"": 72.17}"
817,2026-08-01 13:36:00,SmartN1,Prensa_01,PART-1066,inspection.done,WARNING,,75.12,"{""pressao_bar"": null, ""temperatura_c"": 75.12}"
818,2026-08-01 13:37:00,SmartN1,Prensa_01,PART-1067,sensor.read,OK,6.23,70.03,"{""pressao_bar"": 6.23, ""temperatura_c"": 70.03}"
819,2026-08-01 13:38:00,SmartN1,Linha_Montagem,PART-1068,inspection.done,WARNING,6.17,67.99,"{""pressao_bar"": 6.17, ""temperatura_c"": 67.99}"
820,2026-08-01 13:39:00,SmartN1,Linha_Montagem,PART-1069,sensor.read,OK,5.22,74.13,"{""pressao_bar"": 5.22, ""temperatura_c"": 74.13}"
821,2026-08-01 13:40:00,SmartN1,Fresadora_03,PART-1070,press.cycle,OK,5.46,75.14,"{""pressao_bar"": 5.46, ""temperatura_c"": 75.14}"
822,2026-08-01 13:41:00,SmartN1,Torno_CNC_02,PART-1071,sensor.read,WARNING,6.45,70.48,"{""pressao_bar"": 6.45, ""temperatura_c"": 70.48}"
823,2026-08-01 13:42:00,SmartN1,Linha_Montagem,PART-1072,sensor.read,OK,11.46,70.31,"{""pressao_bar"": 11.46, ""temperatura_c"": 70.31}"
824,2026-08-01 13:43:00,SmartN1,Prensa_01,PART-1073,press.cycle,WARNING,5.94,68.65,"{""pressao_bar"": 5.94, ""temperatura_c"": 68.65}"
825,2026-08-01 13:44:00,SmartN1,Linha_Montagem,PART-1074,sensor.read,OK,5.5,75.0,"{""pressao_bar"": 5.5, ""temperatura_c"": 75.0}"
826,2026-08-01 13:45:00,SmartN1,Prensa_01,PART-1075,sensor.read,OK,5.44,79.22,"{""pressao_bar"": 5.44, ""temperatura_c"": 79.22}"
827,2026-08-01 13:46:00,SmartN1,Torno_CNC_02,PART-1076,sensor.read,OK,5.79,75.76,"{""pressao_bar"": 5.79, ""temperatura_c"": 75.76}"
828,2026-08-01 13:47:00,SmartN1,Fresadora_03,PART-1077,press.cycle,WARNING,6.68,72.18,"{""pressao_bar"": 6.68, ""temperatura_c"": 72.18}"
829,2026-08-01 13:48:00,SmartN1,Injetora_04,PART-1078,press.cycle,OK,6.11,75.01,"{""pressao_bar"": 6.11, ""temperatura_c"": 75.01}"
830,2026-08-01 13:49:00,SmartN1,Injetora_04,PART-1079,sensor.read,OK,5.38,69.59,"{""pressao_bar"": 5.38, ""temperatura_c"": 69.59}"
831,2026-08-01 13:50:00,SmartN1,Prensa_01,PART-1080,sensor.read,OK,5.88,73.79,"{""pressao_bar"": 5.88, ""temperatura_c"": 73.79}"
832,2026-08-01 13:51:00,SmartN1,Linha_Montagem,PART-1081,piece.detected,WARNING,5.06,68.7,"{""pressao_bar"": 5.06, ""temperatura_c"": 68.7}"
833,2026-08-01 13:52:00,SmartN1,Linha_Montagem,PART-1082,piece.detected,OK,4.9,72.07,"{""pressao_bar"": 4.9, ""temperatura_c"": 72.07}"
834,2026-08-01 13:53:00,SmartN1,Prensa_01,PART-1083,sensor.read,ERROR,5.87,76.26,"{""pressao_bar"": 5.87, ""temperatura_c"": 76.26}"
835,2026-08-01 13:54:00,SmartN1,Torno_CNC_02,PART-1084,sensor.read,OK,6.09,75.34,"{""pressao_bar"": 6.09, ""temperatura_c"": 75.34}"
836,2026-08-01 13:55:00,SmartN1,Prensa_01,PART-1085,sensor.read,OK,6.42,74.49,"{""pressao_bar"": 6.42, ""temperatura_c"": 74.49}"
837,2026-08-01 13:56:00,SmartN1,Torno_CNC_02,PART-1086,inspection.done,OK,5.95,73.96,"{""pressao_bar"": 5.95, ""temperatura_c"": 73.96}"
838,2026-08-01 13:57:00,SmartN1,Fresadora_03,PART-1087,piece.detected,OK,,69.92,"{""pressao_bar"": null, ""temperatura_c"": 69.92}"
839,2026-08-01 13:58:00,SmartN1,Fresadora_03,PART-1088,sensor.read,OK,5.66,73.0,"{""pressao_bar"": 5.66, ""temperatura_c"": 73.0}"
840,2026-08-01 13:59:00,SmartN1,Prensa_01,PART-1089,piece.detected,OK,6.01,75.24,"{""pressao_bar"": 6.01, ""temperatura_c"": 75.24}"
841,2026-08-01 14:00:00,SmartN1,Fresadora_03,PART-1090,sensor.read,OK,5.31,71.65,"{""pressao_bar"": 5.31, ""temperatura_c"": 71.65}"
842,2026-08-01 14:01:00,SmartN1,Linha_Montagem,PART-1091,sensor.read,OK,5.53,71.78,"{""pressao_bar"": 5.53, ""temperatura_c"": 71.78}"
843,2026-08-01 14:02:00,SmartN1,Torno_CNC_02,PART-1092,inspection.done,OK,5.33,70.85,"{""pressao_bar"": 5.33, ""temperatura_c"": 70.85}"
844,2026-08-01 14:03:00,SmartN1,Injetora_04,PART-1093,inspection.done,OK,5.59,71.5,"{""pressao_bar"": 5.59, ""temperatura_c"": 71.5}"
845,2026-08-01 14:04:00,SmartN1,Injetora_04,PART-1094,piece.detected,OK,5.51,69.79,"{""pressao_bar"": 5.51, ""temperatura_c"": 69.79}"
846,2026-08-01 14:05:00,SmartN1,Fresadora_03,PART-1095,sensor.read,OK,5.48,72.58,"{""pressao_bar"": 5.48, ""temperatura_c"": 72.58}"
847,2026-08-01 14:06:00,SmartN1,Torno_CNC_02,PART-1096,sensor.read,OK,5.54,71.38,"{""pressao_bar"": 5.54, ""temperatura_c"": 71.38}"
848,2026-08-01 14:07:00,SmartN1,Linha_Montagem,PART-1097,inspection.done,OK,5.88,67.34,"{""pressao_bar"": 5.88, ""temperatura_c"": 67.34}"
849,2026-08-01 14:08:00,SmartN1,Injetora_04,PART-1098,press.cycle,WARNING,6.31,81.6,"{""pressao_bar"": 6.31, ""temperatura_c"": 81.6}"
850,2026-08-01 14:09:00,SmartN1,Linha_Montagem,PART-1099,sensor.read,OK,5.92,68.87,"{""pressao_bar"": 5.92, ""temperatura_c"": 68.87}"
851,2026-08-01 14:10:00,SmartN1,Linha_Montagem,PART-1100,sensor.read,WARNING,5.57,72.03,"{""pressao_bar"": 5.57, ""temperatura_c"": 72.03}"
852,2026-08-01 14:11:00,SmartN1,Injetora_04,PART-1101,inspection.done,OK,5.98,72.71,"{""pressao_bar"": 5.98, ""temperatura_c"": 72.71}"
853,2026-08-01 14:12:00,SmartN1,Injetora_04,PART-1102,inspection.done,WARNING,5.84,70.63,"{""pressao_bar"": 5.84, ""temperatura_c"": 70.63}"
854,2026-08-01 14:13:00,SmartN1,Fresadora_03,PART-1103,press.cycle,OK,5.87,72.19,"{""pressao_bar"": 5.87, ""temperatura_c"": 72.19}"
855,2026-08-01 14:14:00,SmartN1,Torno_CNC_02,PART-1104,piece.detected,OK,5.79,69.64,"{""pressao_bar"": 5.79, ""temperatura_c"": 69.64}"
856,2026-08-01 14:15:00,SmartN1,Prensa_01,PART-1105,sensor.read,OK,6.49,75.05,"{""pressao_bar"": 6.49, ""temperatura_c"": 75.05}"
857,2026-08-01 14:16:00,SmartN1,Torno_CNC_02,PART-1106,press.cycle,OK,5.84,72.42,"{""pressao_bar"": 5.84, ""temperatura_c"": 72.42}"
858,2026-08-01 14:17:00,SmartN1,Prensa_01,PART-1107,press.cycle,OK,5.58,75.01,"{""pressao_bar"": 5.58, ""temperatura_c"": 75.01}"
859,2026-08-01 14:18:00,SmartN1,Injetora_04,PART-1108,sensor.read,OK,5.49,77.64,"{""pressao_bar"": 5.49, ""temperatura_c"": 77.64}"
860,2026-08-01 14:19:00,SmartN1,Linha_Montagem,PART-1109,piece.detected,OK,6.16,71.52,"{""pressao_bar"": 6.16, ""temperatura_c"": 71.52}"
861,2026-08-01 14:20:00,SmartN1,Torno_CNC_02,PART-1110,inspection.done,WARNING,5.33,75.21,"{""pressao_bar"": 5.33, ""temperatura_c"": 75.21}"
862,2026-08-01 14:21:00,SmartN1,Linha_Montagem,PART-1111,sensor.read,ERROR,6.34,77.88,"{""pressao_bar"": 6.34, ""temperatura_c"": 77.88}"
863,2026-08-01 14:22:00,SmartN1,Torno_CNC_02,PART-1112,piece.detected,OK,5.03,72.07,"{""pressao_bar"": 5.03, ""temperatura_c"": 72.07}"
864,2026-08-01 14:23:00,SmartN1,Torno_CNC_02,PART-1113,press.cycle,OK,6.29,74.92,"{""pressao_bar"": 6.29, ""temperatura_c"": 74.92}"
865,2026-08-01 14:24:00,SmartN1,Linha_Montagem,PART-1114,press.cycle,ERROR,6.12,70.87,"{""pressao_bar"": 6.12, ""temperatura_c"": 70.87}"
866,2026-08-01 14:25:00,SmartN1,Fresadora_03,PART-1115,piece.detected,WARNING,5.62,76.69,"{""pressao_bar"": 5.62, ""temperatura_c"": 76.69}"
867,2026-08-01 14:26:00,SmartN1,Injetora_04,PART-1116,sensor.read,OK,5.5,70.75,"{""pressao_bar"": 5.5, ""temperatura_c"": 70.75}"
868,2026-08-01 14:27:00,SmartN1,Fresadora_03,PART-1117,piece.detected,OK,6.29,74.96,"{""pressao_bar"": 6.29, ""temperatura_c"": 74.96}"
869,2026-08-01 14:28:00,SmartN1,Fresadora_03,PART-1118,sensor.read,OK,6.52,75.98,"{""pressao_bar"": 6.52, ""temperatura_c"": 75.98}"
870,2026-08-01 14:29:00,SmartN1,Torno_CNC_02,PART-1119,piece.detected,ERROR,5.55,68.37,"{""pressao_bar"": 5.55, ""temperatura_c"": 68.37}"
871,2026-08-01 14:30:00,SmartN1,Injetora_04,PART-1120,sensor.read,OK,6.03,70.17,"{""pressao_bar"": 6.03, ""temperatura_c"": 70.17}"
872,2026-08-01 14:31:00,SmartN1,Torno_CNC_02,PART-1121,sensor.read,OK,,70.02,"{""pressao_bar"": null, ""temperatura_c"": 70.02}"
873,2026-08-01 14:32:00,SmartN1,Prensa_01,PART-1122,sensor.read,OK,6.04,76.28,"{""pressao_bar"": 6.04, ""temperatura_c"": 76.28}"
874,2026-08-01 14:33:00,SmartN1,Torno_CNC_02,PART-1123,sensor.read,WARNING,5.82,68.39,"{""pressao_bar"": 5.82, ""temperatura_c"": 68.39}"
875,2026-08-01 14:34:00,SmartN1,Linha_Montagem,PART-1124,sensor.read,OK,5.64,73.64,"{""pressao_bar"": 5.64, ""temperatura_c"": 73.64}"
876,2026-08-01 14:35:00,SmartN1,Torno_CNC_02,PART-1125,sensor.read,OK,5.91,75.04,"{""pressao_bar"": 5.91, ""temperatura_c"": 75.04}"
877,2026-08-01 14:36:00,SmartN1,Prensa_01,PART-1126,piece.detected,OK,4.97,73.09,"{""pressao_bar"": 4.97, ""temperatura_c"": 73.09}"
878,2026-08-01 14:37:00,SmartN1,Torno_CNC_02,PART-1127,inspection.done,ERROR,6.34,76.96,"{""pressao_bar"": 6.34, ""temperatura_c"": 76.96}"
879,2026-08-01 14:38:00,SmartN1,Prensa_01,PART-1128,inspection.done,OK,5.12,65.76,"{""pressao_bar"": 5.12, ""temperatura_c"": 65.76}"
880,2026-08-01 14:39:00,SmartN1,Injetora_04,PART-1129,inspection.done,OK,5.46,74.63,"{""pressao_bar"": 5.46, ""temperatura_c"": 74.63}"
881,2026-08-01 14:40:00,SmartN1,Torno_CNC_02,PART-1130,piece.detected,OK,5.67,71.86,"{""pressao_bar"": 5.67, ""temperatura_c"": 71.86}"
882,2026-08-01 14:41:00,SmartN1,Prensa_01,PART-1131,sensor.read,OK,5.4,67.23,"{""pressao_bar"": 5.4, ""temperatura_c"": 67.23}"
883,2026-08-01 14:42:00,SmartN1,Injetora_04,PART-1132,piece.detected,OK,5.35,68.72,"{""pressao_bar"": 5.35, ""temperatura_c"": 68.72}"
884,2026-08-01 14:43:00,SmartN1,Linha_Montagem,PART-1133,piece.detected,OK,6.36,77.98,"{""pressao_bar"": 6.36, ""temperatura_c"": 77.98}"
885,2026-08-01 14:44:00,SmartN1,Fresadora_03,PART-1134,sensor.read,OK,6.52,74.71,"{""pressao_bar"": 6.52, ""temperatura_c"": 74.71}"
886,2026-08-01 14:45:00,SmartN1,Prensa_01,PART-1135,press.cycle,WARNING,6.42,75.31,"{""pressao_bar"": 6.42, ""temperatura_c"": 75.31}"
887,2026-08-01 14:46:00,SmartN1,Linha_Montagem,PART-1136,sensor.read,OK,6.13,75.86,"{""pressao_bar"": 6.13, ""temperatura_c"": 75.86}"
888,2026-08-01 14:47:00,SmartN1,Injetora_04,PART-1137,inspection.done,OK,6.79,67.75,"{""pressao_bar"": 6.79, ""temperatura_c"": 67.75}"
889,2026-08-01 14:48:00,SmartN1,Linha_Montagem,PART-1138,press.cycle,OK,5.69,73.36,"{""pressao_bar"": 5.69, ""temperatura_c"": 73.36}"
890,2026-08-01 14:49:00,SmartN1,Torno_CNC_02,PART-1139,temp.warning,OK,5.66,76.34,"{""pressao_bar"": 5.66, ""temperatura_c"": 76.34}"
891,2026-08-01 14:50:00,SmartN1,Fresadora_03,PART-1140,sensor.read,OK,5.8,71.09,"{""pressao_bar"": 5.8, ""temperatura_c"": 71.09}"
892,2026-08-01 14:51:00,SmartN1,Prensa_01,PART-1141,sensor.read,OK,6.37,77.27,"{""pressao_bar"": 6.37, ""temperatura_c"": 77.27}"
893,2026-08-01 14:52:00,SmartN1,Injetora_04,PART-1142,temp.warning,OK,,70.36,"{""pressao_bar"": null, ""temperatura_c"": 70.36}"
894,2026-08-01 14:53:00,SmartN1,Fresadora_03,PART-1143,sensor.read,OK,6.49,72.94,"{""pressao_bar"": 6.49, ""temperatura_c"": 72.94}"
895,2026-08-01 14:54:00,SmartN1,Injetora_04,PART-1144,sensor.read,OK,5.83,73.89,"{""pressao_bar"": 5.83, ""temperatura_c"": 73.89}"
896,2026-08-01 14:55:00,SmartN1,Linha_Montagem,PART-1145,press.cycle,OK,5.2,75.14,"{""pressao_bar"": 5.2, ""temperatura_c"": 75.14}"
897,2026-08-01 14:56:00,SmartN1,Injetora_04,PART-1146,inspection.done,OK,5.53,71.49,"{""pressao_bar"": 5.53, ""temperatura_c"": 71.49}"
898,2026-08-01 14:57:00,SmartN1,Injetora_04,PART-1147,sensor.read,OK,6.21,76.04,"{""pressao_bar"": 6.21, ""temperatura_c"": 76.04}"
899,2026-08-01 14:58:00,SmartN1,Linha_Montagem,PART-1148,sensor.read,OK,5.6,74.0,"{""pressao_bar"": 5.6, ""temperatura_c"": 74.0}"
900,2026-08-01 14:59:00,SmartN1,Linha_Montagem,PART-1149,press.cycle,OK,5.84,66.76,"{""pressao_bar"": 5.84, ""temperatura_c"": 66.76}"
901,2026-08-01 15:00:00,SmartN1,Fresadora_03,PART-1150,sensor.read,OK,5.9,78.93,"{""pressao_bar"": 5.9, ""temperatura_c"": 78.93}"
902,2026-08-01 15:01:00,SmartN1,Prensa_01,PART-1151,sensor.read,OK,,69.15,"{""pressao_bar"": null, ""temperatura_c"": 69.15}"
903,2026-08-01 15:02:00,SmartN1,Linha_Montagem,PART-1152,inspection.done,OK,6.15,79.22,"{""pressao_bar"": 6.15, ""temperatura_c"": 79.22}"
904,2026-08-01 15:03:00,SmartN1,Fresadora_03,PART-1153,piece.detected,WARNING,6.07,71.95,"{""pressao_bar"": 6.07, ""temperatura_c"": 71.95}"
905,2026-08-01 15:04:00,SmartN1,Injetora_04,PART-1154,inspection.done,OK,5.86,71.3,"{""pressao_bar"": 5.86, ""temperatura_c"": 71.3}"
906,2026-08-01 15:05:00,SmartN1,Injetora_04,PART-1155,sensor.read,OK,5.47,73.9,"{""pressao_bar"": 5.47, ""temperatura_c"": 73.9}"
907,2026-08-01 15:06:00,SmartN1,Torno_CNC_02,PART-1156,press.cycle,WARNING,5.9,70.05,"{""pressao_bar"": 5.9, ""temperatura_c"": 70.05}"
908,2026-08-01 15:07:00,SmartN1,Linha_Montagem,PART-1157,temp.warning,OK,6.67,65.9,"{""pressao_bar"": 6.67, ""temperatura_c"": 65.9}"
909,2026-08-01 15:08:00,SmartN1,Fresadora_03,PART-1158,press.cycle,OK,6.01,72.12,"{""pressao_bar"": 6.01, ""temperatura_c"": 72.12}"
910,2026-08-01 15:09:00,SmartN1,Fresadora_03,PART-1159,sensor.read,ERROR,5.58,73.81,"{""pressao_bar"": 5.58, ""temperatura_c"": 73.81}"
911,2026-08-01 15:10:00,SmartN1,Prensa_01,PART-1160,temp.warning,OK,5.63,77.88,"{""pressao_bar"": 5.63, ""temperatura_c"": 77.88}"
912,2026-08-01 15:11:00,SmartN1,Fresadora_03,PART-1161,press.cycle,OK,6.37,68.33,"{""pressao_bar"": 6.37, ""temperatura_c"": 68.33}"
913,2026-08-01 15:12:00,SmartN1,Linha_Montagem,PART-1162,piece.detected,OK,5.59,74.53,"{""pressao_bar"": 5.59, ""temperatura_c"": 74.53}"
914,2026-08-01 15:13:00,SmartN1,Fresadora_03,PART-1163,sensor.read,OK,5.72,72.14,"{""pressao_bar"": 5.72, ""temperatura_c"": 72.14}"
915,2026-08-01 15:14:00,SmartN1,Torno_CNC_02,PART-1164,press.cycle,OK,5.34,72.62,"{""pressao_bar"": 5.34, ""temperatura_c"": 72.62}"
916,2026-08-01 15:15:00,SmartN1,Injetora_04,PART-1165,inspection.done,OK,5.69,75.9,"{""pressao_bar"": 5.69, ""temperatura_c"": 75.9}"
917,2026-08-01 15:16:00,SmartN1,Injetora_04,PART-1166,press.cycle,OK,5.99,70.71,"{""pressao_bar"": 5.99, ""temperatura_c"": 70.71}"
918,2026-08-01 15:17:00,SmartN1,Fresadora_03,PART-1167,sensor.read,OK,5.68,73.09,"{""pressao_bar"": 5.68, ""temperatura_c"": 73.09}"
919,2026-08-01 15:18:00,SmartN1,Fresadora_03,PART-1168,sensor.read,OK,5.81,76.31,"{""pressao_bar"": 5.81, ""temperatura_c"": 76.31}"
920,2026-08-01 15:19:00,SmartN1,Fresadora_03,PART-1169,sensor.read,WARNING,5.34,76.1,"{""pressao_bar"": 5.34, ""temperatura_c"": 76.1}"
921,2026-08-01 15:20:00,SmartN1,Fresadora_03,PART-1170,sensor.read,OK,5.58,68.23,"{""pressao_bar"": 5.58, ""temperatura_c"": 68.23}"
922,2026-08-01 15:21:00,SmartN1,Torno_CNC_02,PART-1171,piece.detected,OK,6.65,70.35,"{""pressao_bar"": 6.65, ""temperatura_c"": 70.35}"
923,2026-08-01 15:22:00,SmartN1,Linha_Montagem,PART-1172,sensor.read,OK,5.75,72.0,"{""pressao_bar"": 5.75, ""temperatura_c"": 72.0}"
924,2026-08-01 15:23:00,SmartN1,Torno_CNC_02,PART-1173,sensor.read,OK,5.95,75.35,"{""pressao_bar"": 5.95, ""temperatura_c"": 75.35}"
925,2026-08-01 15:24:00,SmartN1,Torno_CNC_02,PART-1174,sensor.read,OK,5.48,71.62,"{""pressao_bar"": 5.48, ""temperatura_c"": 71.62}"
926,2026-08-01 15:25:00,SmartN1,Torno_CNC_02,PART-1175,sensor.read,OK,5.82,72.79,"{""pressao_bar"": 5.82, ""temperatura_c"": 72.79}"
927,2026-08-01 15:26:00,SmartN1,Injetora_04,PART-1176,press.cycle,OK,5.69,76.88,"{""pressao_bar"": 5.69, ""temperatura_c"": 76.88}"
928,2026-08-01 15:27:00,SmartN1,Torno_CNC_02,PART-1177,piece.detected,ERROR,6.24,71.31,"{""pressao_bar"": 6.24, ""temperatura_c"": 71.31}"
929,2026-08-01 15:28:00,SmartN1,Fresadora_03,PART-1178,inspection.done,OK,6.22,77.66,"{""pressao_bar"": 6.22, ""temperatura_c"": 77.66}"
930,2026-08-01 15:29:00,SmartN1,Torno_CNC_02,PART-1179,sensor.read,OK,6.26,66.88,"{""pressao_bar"": 6.26, ""temperatura_c"": 66.88}"
931,2026-08-01 15:30:00,SmartN1,Fresadora_03,PART-1180,press.cycle,OK,5.83,71.13,"{""pressao_bar"": 5.83, ""temperatura_c"": 71.13}"
932,2026-08-01 15:31:00,SmartN1,Linha_Montagem,PART-1181,sensor.read,OK,6.62,67.72,"{""pressao_bar"": 6.62, ""temperatura_c"": 67.72}"
933,2026-08-01 15:32:00,SmartN1,Injetora_04,PART-1182,sensor.read,WARNING,6.12,72.91,"{""pressao_bar"": 6.12, ""temperatura_c"": 72.91}"
934,2026-08-01 15:33:00,SmartN1,Linha_Montagem,PART-1183,press.cycle,OK,5.23,75.13,"{""pressao_bar"": 5.23, ""temperatura_c"": 75.13}"
935,2026-08-01 15:34:00,SmartN1,Linha_Montagem,PART-1184,piece.detected,WARNING,6.42,71.94,"{""pressao_bar"": 6.42, ""temperatura_c"": 71.94}"
936,2026-08-01 15:35:00,SmartN1,Injetora_04,PART-1185,sensor.read,OK,5.8,70.84,"{""pressao_bar"": 5.8, ""temperatura_c"": 70.84}"
937,2026-08-01 15:36:00,SmartN1,Fresadora_03,PART-1186,sensor.read,OK,6.26,67.74,"{""pressao_bar"": 6.26, ""temperatura_c"": 67.74}"
938,2026-08-01 15:37:00,SmartN1,Fresadora_03,PART-1187,piece.detected,OK,5.38,78.38,"{""pressao_bar"": 5.38, ""temperatura_c"": 78.38}"
939,2026-08-01 15:38:00,SmartN1,Fresadora_03,PART-1188,press.cycle,OK,5.77,72.42,"{""pressao_bar"": 5.77, ""temperatura_c"": 72.42}"
940,2026-08-01 15:39:00,SmartN1,Injetora_04,PART-1189,sensor.read,OK,6.1,70.92,"{""pressao_bar"": 6.1, ""temperatura_c"": 70.92}"
941,2026-08-01 15:40:00,SmartN1,Torno_CNC_02,PART-1190,press.cycle,OK,5.9,77.97,"{""pressao_bar"": 5.9, ""temperatura_c"": 77.97}"
942,2026-08-01 15:41:00,SmartN1,Prensa_01,PART-1191,temp.warning,OK,5.74,71.27,"{""pressao_bar"": 5.74, ""temperatura_c"": 71.27}"
943,2026-08-01 15:42:00,SmartN1,Torno_CNC_02,PART-1192,sensor.read,ERROR,4.82,69.31,"{""pressao_bar"": 4.82, ""temperatura_c"": 69.31}"
944,2026-08-01 15:43:00,SmartN1,Torno_CNC_02,PART-1193,sensor.read,ERROR,5.5,70.01,"{""pressao_bar"": 5.5, ""temperatura_c"": 70.01}"
945,2026-08-01 15:44:00,SmartN1,Linha_Montagem,PART-1194,sensor.read,OK,5.41,69.5,"{""pressao_bar"": 5.41, ""temperatura_c"": 69.5}"
946,2026-08-01 15:45:00,SmartN1,Prensa_01,PART-1195,piece.detected,WARNING,5.06,68.77,"{""pressao_bar"": 5.06, ""temperatura_c"": 68.77}"
947,2026-08-01 15:46:00,SmartN1,Fresadora_03,PART-1196,sensor.read,OK,5.52,70.07,"{""pressao_bar"": 5.52, ""temperatura_c"": 70.07}"
948,2026-08-01 15:47:00,SmartN1,Torno_CNC_02,PART-1197,temp.warning,OK,6.54,80.95,"{""pressao_bar"": 6.54, ""temperatura_c"": 80.95}"
949,2026-08-01 15:48:00,SmartN1,Injetora_04,PART-1198,piece.detected,OK,,68.48,"{""pressao_bar"": null, ""temperatura_c"": 68.48}"
950,2026-08-01 15:49:00,SmartN1,Torno_CNC_02,PART-1199,sensor.read,OK,5.47,67.28,"{""pressao_bar"": 5.47, ""temperatura_c"": 67.28}"
951,2026-08-01 15:50:00,SmartN1,Fresadora_03,PART-1200,sensor.read,WARNING,5.56,73.47,"{""pressao_bar"": 5.56, ""temperatura_c"": 73.47}"
952,2026-08-01 15:51:00,SmartN1,Torno_CNC_02,PART-1201,press.cycle,OK,5.57,72.23,"{""pressao_bar"": 5.57, ""temperatura_c"": 72.23}"
953,2026-08-01 15:52:00,SmartN1,Linha_Montagem,PART-1202,sensor.read,OK,6.1,74.81,"{""pressao_bar"": 6.1, ""temperatura_c"": 74.81}"
954,2026-08-01 15:53:00,SmartN1,Linha_Montagem,PART-1203,inspection.done,OK,5.96,70.56,"{""pressao_bar"": 5.96, ""temperatura_c"": 70.56}"
955,2026-08-01 15:54:00,SmartN1,Torno_CNC_02,PART-1204,sensor.read,OK,5.52,69.46,"{""pressao_bar"": 5.52, ""temperatura_c"": 69.46}"
956,2026-08-01 15:55:00,SmartN1,Linha_Montagem,PART-1205,sensor.read,OK,5.56,78.36,"{""pressao_bar"": 5.56, ""temperatura_c"": 78.36}"
957,2026-08-01 15:56:00,SmartN1,Injetora_04,PART-1206,press.cycle,OK,6.23,66.86,"{""pressao_bar"": 6.23, ""temperatura_c"": 66.86}"
958,2026-08-01 15:57:00,SmartN1,Prensa_01,PART-1207,sensor.read,OK,6.41,73.76,"{""pressao_bar"": 6.41, ""temperatura_c"": 73.76}"
959,2026-08-01 15:58:00,SmartN1,Torno_CNC_02,PART-1208,press.cycle,OK,,74.92,"{""pressao_bar"": null, ""temperatura_c"": 74.92}"
960,2026-08-01 15:59:00,SmartN1,Injetora_04,PART-1209,sensor.read,OK,5.75,75.38,"{""pressao_bar"": 5.75, ""temperatura_c"": 75.38}"
961,2026-08-01 16:00:00,SmartN1,Injetora_04,PART-1210,press.cycle,OK,5.85,71.44,"{""pressao_bar"": 5.85, ""temperatura_c"": 71.44}"
962,2026-08-01 16:01:00,SmartN1,Injetora_04,PART-1211,press.cycle,OK,,68.13,"{""pressao_bar"": null, ""temperatura_c"": 68.13}"
963,2026-08-01 16:02:00,SmartN1,Fresadora_03,PART-1212,press.cycle,WARNING,6.25,77.75,"{""pressao_bar"": 6.25, ""temperatura_c"": 77.75}"
964,2026-08-01 16:03:00,SmartN1,Torno_CNC_02,PART-1213,press.cycle,OK,5.74,70.94,"{""pressao_bar"": 5.74, ""temperatura_c"": 70.94}"
965,2026-08-01 16:04:00,SmartN1,Torno_CNC_02,PART-1214,sensor.read,OK,6.56,77.85,"{""pressao_bar"": 6.56, ""temperatura_c"": 77.85}"
966,2026-08-01 16:05:00,SmartN1,Torno_CNC_02,PART-1215,sensor.read,OK,6.28,73.79,"{""pressao_bar"": 6.28, ""temperatura_c"": 73.79}"
967,2026-08-01 16:06:00,SmartN1,Prensa_01,PART-1216,sensor.read,OK,5.53,70.81,"{""pressao_bar"": 5.53, ""temperatura_c"": 70.81}"
968,2026-08-01 16:07:00,SmartN1,Injetora_04,PART-1217,sensor.read,OK,5.83,73.88,"{""pressao_bar"": 5.83, ""temperatura_c"": 73.88}"
969,2026-08-01 16:08:00,SmartN1,Torno_CNC_02,PART-1218,temp.warning,ERROR,5.41,76.53,"{""pressao_bar"": 5.41, ""temperatura_c"": 76.53}"
970,2026-08-01 16:09:00,SmartN1,Linha_Montagem,PART-1219,sensor.read,OK,5.64,72.79,"{""pressao_bar"": 5.64, ""temperatura_c"": 72.79}"
971,2026-08-01 16:10:00,SmartN1,Fresadora_03,PART-1220,press.cycle,ERROR,6.15,69.92,"{""pressao_bar"": 6.15, ""temperatura_c"": 69.92}"
972,2026-08-01 16:11:00,SmartN1,Prensa_01,PART-1221,sensor.read,ERROR,5.9,66.24,"{""pressao_bar"": 5.9, ""temperatura_c"": 66.24}"
973,2026-08-01 16:12:00,SmartN1,Fresadora_03,PART-1222,press.cycle,WARNING,6.65,71.02,"{""pressao_bar"": 6.65, ""temperatura_c"": 71.02}"
974,2026-08-01 16:13:00,SmartN1,Injetora_04,PART-1223,piece.detected,OK,10.96,75.33,"{""pressao_bar"": 10.96, ""temperatura_c"": 75.33}"
975,2026-08-01 16:14:00,SmartN1,Linha_Montagem,PART-1224,sensor.read,WARNING,5.79,68.96,"{""pressao_bar"": 5.79, ""temperatura_c"": 68.96}"
976,2026-08-01 16:15:00,SmartN1,Injetora_04,PART-1225,piece.detected,OK,5.6,74.88,"{""pressao_bar"": 5.6, ""temperatura_c"": 74.88}"
977,2026-08-01 16:16:00,SmartN1,Torno_CNC_02,PART-1226,sensor.read,OK,5.67,72.6,"{""pressao_bar"": 5.67, ""temperatura_c"": 72.6}"
978,2026-08-01 16:17:00,SmartN1,Fresadora_03,PART-1227,sensor.read,OK,5.82,75.11,"{""pressao_bar"": 5.82, ""temperatura_c"": 75.11}"
979,2026-08-01 16:18:00,SmartN1,Linha_Montagem,PART-1228,piece.detected,OK,5.53,64.31,"{""pressao_bar"": 5.53, ""temperatura_c"": 64.31}"
980,2026-08-01 16:19:00,SmartN1,Fresadora_03,PART-1229,sensor.read,OK,6.18,67.53,"{""pressao_bar"": 6.18, ""temperatura_c"": 67.53}"
981,2026-08-01 16:20:00,SmartN1,Prensa_01,PART-1230,piece.detected,OK,6.5,70.88,"{""pressao_bar"": 6.5, ""temperatura_c"": 70.88}"
982,2026-08-01 16:21:00,SmartN1,Linha_Montagem,PART-1231,sensor.read,WARNING,4.87,79.03,"{""pressao_bar"": 4.87, ""temperatura_c"": 79.03}"
983,2026-08-01 16:22:00,SmartN1,Prensa_01,PART-1232,piece.detected,OK,6.36,69.86,"{""pressao_bar"": 6.36, ""temperatura_c"": 69.86}"
984,2026-08-01 16:23:00,SmartN1,Linha_Montagem,PART-1233,sensor.read,OK,6.81,72.06,"{""pressao_bar"": 6.81, ""temperatura_c"": 72.06}"
985,2026-08-01 16:24:00,SmartN1,Torno_CNC_02,PART-1234,press.cycle,OK,5.88,80.03,"{""pressao_bar"": 5.88, ""temperatura_c"": 80.03}"
986,2026-08-01 16:25:00,SmartN1,Fresadora_03,PART-1235,inspection.done,WARNING,5.56,74.0,"{""pressao_bar"": 5.56, ""temperatura_c"": 74.0}"
987,2026-08-01 16:26:00,SmartN1,Fresadora_03,PART-1236,sensor.read,OK,5.57,75.51,"{""pressao_bar"": 5.57, ""temperatura_c"": 75.51}"
988,2026-08-01 16:27:00,SmartN1,Injetora_04,PART-1237,sensor.read,OK,5.68,70.25,"{""pressao_bar"": 5.68, ""temperatura_c"": 70.25}"
989,2026-08-01 16:28:00,SmartN1,Linha_Montagem,PART-1238,inspection.done,OK,5.97,76.63,"{""pressao_bar"": 5.97, ""temperatura_c"": 76.63}"
990,2026-08-01 16:29:00,SmartN1,Linha_Montagem,PART-1239,sensor.read,OK,5.63,77.16,"{""pressao_bar"": 5.63, ""temperatura_c"": 77.16}"
991,2026-08-01 16:30:00,SmartN1,Prensa_01,PART-1240,press.cycle,OK,5.77,74.26,"{""pressao_bar"": 5.77, ""temperatura_c"": 74.26}"
992,2026-08-01 16:31:00,SmartN1,Linha_Montagem,PART-1241,inspection.done,OK,5.42,72.2,"{""pressao_bar"": 5.42, ""temperatura_c"": 72.2}"
993,2026-08-01 16:32:00,SmartN1,Fresadora_03,PART-1242,press.cycle,OK,5.62,74.46,"{""pressao_bar"": 5.62, ""temperatura_c"": 74.46}"
994,2026-08-01 16:33:00,SmartN1,Linha_Montagem,PART-1243,sensor.read,OK,5.64,66.81,"{""pressao_bar"": 5.64, ""temperatura_c"": 66.81}"
995,2026-08-01 16:34:00,SmartN1,Injetora_04,PART-1244,sensor.read,WARNING,5.79,76.31,"{""pressao_bar"": 5.79, ""temperatura_c"": 76.31}"
996,2026-08-01 16:35:00,SmartN1,Injetora_04,PART-1245,sensor.read,OK,5.22,69.53,"{""pressao_bar"": 5.22, ""temperatura_c"": 69.53}"
997,2026-08-01 16:36:00,SmartN1,Fresadora_03,PART-1246,sensor.read,OK,5.67,71.52,"{""pressao_bar"": 5.67, ""temperatura_c"": 71.52}"
998,2026-08-01 16:37:00,SmartN1,Fresadora_03,PART-1247,sensor.read,OK,5.71,77.11,"{""pressao_bar"": 5.71, ""temperatura_c"": 77.11}"
999,2026-08-01 16:38:00,SmartN1,Fresadora_03,PART-1248,piece.detected,OK,5.87,76.34,"{""pressao_bar"": 5.87, ""temperatura_c"": 76.34}"
1000,2026-08-01 16:39:00,SmartN1,Linha_Montagem,PART-1249,sensor.read,WARNING,6.36,66.83,"{""pressao_bar"": 6.36, ""temperatura_c"": 66.83}"
