idade,renda_mensal,valor_solicitado,numero_parcelas,score_serasa,num_consultas_recentes,atrasos_ultimos_12m,valor_parcela,comprometimento_renda,tipo_vinculo_CLT,tipo_vinculo_ESTUDANTE,tipo_vinculo_PJ,tipo_vinculo_SERVIDOR_PUBLICO,estado_civil_Divorciado,estado_civil_Solteiro,estado_civil_Viuvo,escolaridade_Medio,escolaridade_Pos_Graduacao,escolaridade_Superior
39.8,3241.34,10755.69,48,717.6,3,0,224.076875,0.06913093791724738,False,True,False,False,True,False,False,False,False,True
44.7,2021.52,15009.99,36,739.3,2,0,416.94416666666666,0.20625280215092537,True,False,False,False,False,True,False,False,False,True
67.7,4264.07,5066.08,24,623.3,2,0,211.08666666666667,0.12949295926816135,False,False,False,True,False,False,False,True,False,False
42.2,3186.7,10891.47,12,659.9,2,0,907.6225,0.28481579601212603,True,False,False,False,False,True,False,True,False,False
37.9,4264.07,32820.49,48,776.8,1,0,683.7602083333333,0.12949295926816135,False,False,False,False,False,False,False,False,False,True
41.3,6009.62,2318.99,60,694.6,3,1,38.649833333333326,0.006431327316705558,False,False,True,False,False,True,False,True,False,False
40.9,4264.07,32760.29,12,541.4,3,2,2730.0241666666666,0.12949295926816135,False,False,True,False,False,False,False,True,False,False
28.2,3596.5,11724.77,24,753.4,1,0,488.53208333333333,0.13583541831641294,True,False,False,False,False,False,False,True,False,False
30.8,3880.22,30814.26,48,795.4,4,2,641.96375,0.16544519340283492,False,False,False,True,False,True,False,True,False,False
43.9,2435.14,11979.15,36,409.2,1,0,332.75416666666666,0.13664683151695523,False,False,False,False,False,True,False,True,False,False
46.0,1707.21,2817.55,24,440.0,3,2,117.39791666666667,0.06876594910936978,True,False,False,False,False,True,False,False,False,True
58.6,1659.78,17449.87,24,487.6,3,3,727.0779166666666,0.43805679806124825,True,False,False,False,False,False,False,True,False,False
49.7,8691.71,14078.44,36,563.6,4,4,391.0677777777778,0.04499319205632101,True,False,False,False,True,False,False,False,True,False
49.2,2062.22,7590.17,24,576.9,1,0,316.25708333333336,0.15335758638736774,True,False,False,False,False,True,False,False,False,True
29.4,9707.69,33075.93,36,741.5,2,1,918.7758333333334,0.09464412567633414,True,False,False,False,False,True,False,False,False,True
37.2,4278.0,8110.81,48,348.6,2,0,168.97520833333334,0.03949864608189502,False,True,False,False,True,False,False,True,False,False
22.1,10079.22,4650.66,24,659.7,3,0,193.7775,0.019225445997581712,True,False,False,False,False,True,False,False,False,True
37.2,5554.16,32902.73,60,820.5,2,0,548.3788333333334,0.09873299154975794,True,False,False,False,False,True,False,False,False,True
43.2,4380.3,3854.92,24,616.6,5,3,160.62166666666667,0.036669101728186576,False,False,False,True,False,False,False,False,False,True
29.7,4637.37,21683.05,24,401.6,2,0,903.4604166666667,0.19482172324365957,False,False,True,False,False,True,False,True,False,False
54.3,2697.38,34875.99,24,505.6,4,1,1453.16625,0.5387324902730334,False,False,False,True,False,False,False,False,False,True
32.6,1793.7,24391.89,12,572.9,2,0,2032.6575,1.1332204318825867,True,False,False,False,False,False,False,False,False,True
44.3,3136.18,25604.31,36,721.4,3,0,711.2308333333334,0.22678252876604918,True,False,False,False,False,True,False,False,False,True
38.7,4344.35,12524.55,24,715.6,3,2,521.8562499999999,0.12012297554266349,True,False,False,False,False,False,False,True,False,False
58.9,1768.06,6943.94,60,490.8,3,1,115.73233333333333,0.06545724278517749,True,False,False,False,False,True,False,False,False,True
29.1,2618.05,2434.37,12,748.6,3,0,202.86416666666665,0.07748674238146681,True,False,False,False,False,True,False,True,False,False
45.6,2240.29,4965.31,12,596.2,2,1,413.77583333333337,0.18469744161977195,True,False,False,False,False,True,False,False,False,True
44.9,8320.14,14796.84,60,623.3,1,0,246.614,0.029640606973391548,True,False,False,False,False,True,False,False,True,False
50.5,4024.13,18693.62,24,198.5,2,2,778.9008333333333,0.19355757179757052,False,False,True,False,True,False,False,True,False,False
34.6,2939.27,30118.3,24,362.9,3,1,1254.9291666666666,0.42695266593308534,False,False,True,False,False,True,False,False,True,False
27.4,5562.95,33984.79,24,505.7,2,0,1416.0329166666668,0.2545471223220046,False,False,False,True,False,False,False,False,False,False
48.9,11489.04,27470.0,24,661.7,1,0,1144.5833333333333,0.09962393135867695,False,False,False,False,False,True,False,True,False,False
39.2,5891.93,28067.78,36,808.3,2,1,779.6605555555556,0.1323268528703306,False,False,False,False,False,True,False,True,False,False
70.9,3958.84,23862.45,12,663.1,2,2,1988.5375000000001,0.5023030723588146,False,False,False,False,False,True,False,False,False,True
39.6,6382.75,14289.98,24,648.2,1,1,595.4158333333334,0.09328515646084866,False,False,True,False,False,True,False,True,False,False
39.0,7315.07,28810.89,60,637.4,1,1,480.18149999999997,0.06564277571418622,False,False,True,False,False,True,False,True,False,False
39.4,2248.31,24883.05,24,803.8,1,2,1036.79375,0.46114359024714746,True,False,False,False,False,False,False,False,False,True
49.7,4542.15,26568.12,24,622.4,3,0,1107.0049999999999,0.2437182826553102,False,False,False,False,False,False,True,False,False,True
52.8,3167.14,22092.61,24,440.4,0,0,920.5254166666667,0.2906487915785784,True,False,False,False,False,False,False,True,False,False
41.6,1713.38,3794.77,36,679.2,0,2,105.41027777777778,0.06152183237960023,True,False,False,False,False,True,False,False,False,True
21.8,8543.78,12787.0,60,828.1,3,2,213.11666666666667,0.024944072344702924,False,False,False,False,False,True,False,True,False,False
48.0,4833.98,15967.55,24,570.5,4,0,665.3145833333333,0.1376328784887411,False,False,False,True,False,False,False,True,False,False
34.0,8657.67,13470.14,12,731.8,4,1,1122.5116666666665,0.12965516881217637,True,False,False,False,False,True,False,False,False,True
49.2,4020.27,26558.14,24,738.8,3,0,1106.5891666666666,0.2752524491922538,False,False,False,False,False,False,False,True,False,False
33.2,8116.42,5994.61,48,608.5,1,0,124.88770833333332,0.015387043570867807,False,False,False,False,False,False,False,False,False,True
38.4,1744.65,28667.92,60,636.9,3,0,477.79866666666663,0.27386505254808474,True,False,False,False,False,False,False,True,False,False
27.2,5423.77,13496.81,24,561.2,4,0,562.3670833333333,0.10368564343555808,True,False,False,False,False,False,False,True,False,False
33.0,3191.02,12073.72,60,412.8,1,0,201.22866666666667,0.06306092285101862,True,False,False,False,False,False,False,False,True,False
42.4,2827.93,6216.84,48,574.0,1,1,129.5175,0.04579940081331787,True,False,False,False,True,False,False,True,False,False
39.8,2416.66,23516.48,12,624.5,1,0,1959.7066666666667,0.8109153371005906,True,False,False,False,True,False,False,False,False,True
41.8,8313.19,31898.64,48,609.5,1,1,664.555,0.07993983046226558,False,False,False,False,False,False,False,True,False,False
38.7,12890.63,32014.77,36,639.6,2,0,889.2991666666667,0.06898802975314523,True,False,False,False,False,False,False,False,True,False
33.1,4227.18,15247.46,12,640.9,1,1,1270.6216666666667,0.30058376119796865,False,False,True,False,False,False,False,False,False,False
40.1,4269.03,31032.31,36,524.9,2,0,862.0086111111111,0.20192142221813786,True,False,False,False,True,False,False,True,False,False
43.4,9970.48,32678.54,60,782.7,1,1,544.6423333333333,0.05462548771845272,True,False,False,False,False,True,False,False,False,True
55.9,5850.64,20900.86,12,773.0,6,0,1741.7383333333335,0.29770047898286833,False,False,False,False,False,True,False,False,False,True
48.3,3821.18,8343.66,48,765.5,1,1,173.82625,0.045490201860445716,True,False,False,False,False,False,False,False,False,True
37.7,4264.07,32743.05,24,585.0,3,0,1364.29375,0.12949295926816135,True,False,False,False,True,False,False,False,False,False
44.6,1899.84,26863.84,12,476.1,2,2,2238.653333333333,1.1783378187373437,True,False,False,False,False,True,False,True,False,False
32.1,2345.23,11216.49,48,697.8,1,1,233.676875,0.09963921406583057,True,False,False,False,False,False,False,True,False,False
44.3,4264.07,21047.67,24,490.7,2,1,876.9862499999999,0.12949295926816135,False,False,False,True,False,True,False,False,True,False
30.6,4364.06,18502.06,36,703.9,3,1,513.9461111111111,0.11776788356104918,False,False,True,False,False,False,False,False,False,True
50.9,6881.1,13178.57,48,474.2,8,1,274.55354166666666,0.03989965866906019,False,False,False,False,False,True,False,False,False,True
38.7,4264.07,7502.6,48,610.3,1,0,156.30416666666667,0.12949295926816135,True,False,False,False,False,False,False,False,False,True
26.3,2551.22,34931.01,24,643.6,4,1,1455.45875,0.5704951922198196,False,False,False,False,False,True,False,True,False,False
35.8,18182.85,12207.15,12,634.2,4,2,1017.2624999999999,0.05594626251883161,False,False,True,False,False,True,False,False,False,True
51.1,6264.18,12835.81,12,659.0,1,2,1069.6508333333334,0.17075672021330265,False,False,True,False,False,True,False,False,False,True
25.1,3490.77,26603.74,24,594.6,1,1,1108.4891666666667,0.3175486106191988,False,True,False,False,False,True,False,False,False,True
34.4,9224.51,34541.25,12,837.5,2,1,2878.4375,0.3120423195247852,True,False,False,False,False,True,False,True,False,False
43.9,6105.52,25887.74,24,832.1,2,2,1078.6558333333335,0.1766689539247507,True,False,False,False,False,False,False,False,False,True
57.6,3178.41,22847.29,36,623.3,1,0,634.6469444444444,0.19967434737736822,True,False,False,False,True,False,False,True,False,False
39.8,12785.86,31563.61,48,747.1,1,3,657.5752083333333,0.051429877053169246,False,False,False,False,False,False,False,True,False,False
47.2,4592.58,4600.62,24,767.4,0,1,191.6925,0.04173961032417593,False,False,True,False,False,True,False,True,False,False
45.3,10349.07,4590.25,12,623.3,1,1,382.5208333333333,0.036961855796097114,False,False,False,False,False,False,False,False,False,True
29.5,6252.17,34711.79,36,786.0,3,2,964.2163888888889,0.15422107641773627,False,False,True,False,False,False,False,False,True,False
43.2,2748.18,13682.16,36,713.0,4,0,380.06,0.13829516211348905,True,False,False,False,False,True,False,False,True,False
50.8,6416.83,12375.53,36,844.1,8,0,343.76472222222225,0.05357235920018119,True,False,False,False,False,True,False,True,False,False
63.8,2925.6,33867.73,24,849.9,3,2,1411.1554166666667,0.4823473516007633,True,False,False,False,True,False,False,True,False,False
32.5,4515.12,23224.33,24,613.1,1,3,967.6804166666667,0.21431997699362743,True,False,False,False,False,False,False,False,False,True
43.7,2850.39,20010.65,12,668.5,2,1,1667.5541666666668,0.585026666812752,True,False,False,False,True,False,False,False,False,True
44.3,21376.08,14201.83,24,445.8,1,3,591.7429166666667,0.027682480435601002,False,False,True,False,False,True,False,False,False,True
45.7,4082.99,11426.74,36,713.9,1,1,317.40944444444443,0.07773946144052515,False,False,False,True,True,False,False,True,False,False
37.9,1822.43,12133.72,24,554.4,3,0,505.57166666666666,0.27741623211454175,True,False,False,False,False,True,False,True,False,False
26.3,11016.32,13517.62,24,640.7,1,1,563.2341666666667,0.051127251764236534,False,False,False,False,False,True,False,False,False,True
49.4,9168.83,13712.29,24,593.7,3,0,571.3454166666667,0.06231388476430775,True,False,False,False,False,False,False,True,False,False
40.4,6575.37,14073.77,36,567.6,3,1,390.9380555555556,0.059454913557869214,False,False,False,False,False,False,False,True,False,False
34.6,1673.64,4170.63,60,454.7,0,0,69.51050000000001,0.041532527655095915,False,False,False,False,False,False,False,True,False,False
38.7,4264.07,24618.42,12,703.7,1,1,2051.535,0.12949295926816135,False,False,False,True,False,True,False,False,False,True
32.9,9367.23,19732.76,60,702.2,1,0,328.8793333333333,0.03510956098891964,False,False,False,False,False,False,False,True,False,False
42.3,6662.08,32204.17,36,562.0,3,1,894.5602777777777,0.1342764236447196,False,False,False,False,True,False,False,True,False,False
39.3,1647.29,25898.35,24,584.7,3,0,1079.0979166666666,0.6550746438792928,False,False,False,False,False,True,False,False,False,True
56.4,9004.57,10008.92,24,542.5,5,0,417.03833333333336,0.04631407528290553,False,False,True,False,False,True,False,False,False,True
29.6,2269.03,16089.89,24,623.3,1,1,670.4120833333333,0.2954619729041544,False,False,True,False,False,False,False,False,False,True
48.9,6479.14,16145.3,24,484.3,2,2,672.7208333333333,0.10382872299333647,True,False,False,False,False,False,False,False,False,False
39.6,2913.09,21819.69,24,907.1,2,2,909.15375,0.31209257073385105,True,False,False,False,False,True,False,True,False,False
33.7,18772.47,13036.72,60,548.5,5,1,217.27866666666665,0.011574324878448249,False,False,False,False,False,True,False,False,False,True
31.1,2275.62,28049.64,48,621.9,1,1,584.3675,0.2567948503845332,True,False,False,False,False,True,False,False,False,True
57.7,1933.3,29950.95,60,545.9,3,1,499.1825,0.25820229525576843,False,False,False,False,False,True,False,True,False,False
46.7,7001.46,12939.25,24,608.7,2,0,539.1354166666666,0.07700328444304956,False,False,False,False,False,True,False,True,False,False
28.1,2847.42,3180.56,48,794.5,1,0,66.26166666666667,0.023270773694768924,False,True,False,False,False,True,False,False,False,False
27.0,15356.36,19622.08,36,563.0,2,0,545.0577777777778,0.03549394370950136,False,True,False,False,False,True,False,True,False,False
23.9,12022.32,5786.29,48,521.3,3,1,120.54770833333333,0.010026992147361193,True,False,False,False,False,True,False,True,False,False
50.9,5345.3,13315.79,48,623.3,1,1,277.4122916666667,0.051898357650212924,False,False,False,False,False,False,False,True,False,False
35.6,1710.46,28615.99,48,787.0,1,1,596.1664583333334,0.34854159398519546,True,False,False,False,False,False,False,False,False,True
36.5,4013.95,24844.43,24,410.2,1,1,1035.1845833333334,0.25789673034152544,False,False,True,False,False,True,False,False,False,True
48.9,3797.99,31951.82,60,623.3,2,0,532.5303333333334,0.14021372671628837,True,False,False,False,False,True,False,True,False,False
29.5,2725.95,31431.65,24,624.1,3,1,1309.6520833333334,0.48043877493312265,False,True,False,False,False,False,False,True,False,False
44.9,1548.51,5521.59,60,551.2,3,1,92.0265,0.059429063684257356,True,False,False,False,True,False,False,False,True,False
35.5,11364.04,31030.36,36,623.3,2,1,861.9544444444444,0.07584929687733864,False,True,False,False,False,False,False,True,False,False
45.6,4882.41,32456.62,36,771.9,2,0,901.5727777777778,0.18465732618342265,True,False,False,False,False,True,False,False,False,True
34.7,6580.35,16664.71,36,508.0,4,0,462.9086111111111,0.07034711077794342,True,False,False,False,False,True,False,False,True,False
33.2,2977.28,11732.56,48,556.0,2,2,244.4283333333333,0.08209786533760836,False,False,False,False,True,False,False,False,False,True
45.6,2684.62,25516.5,12,786.2,0,1,2126.375,0.7920580909325785,True,False,False,False,True,False,False,True,False,False
35.3,2263.83,27233.44,12,457.6,2,0,2269.4533333333334,1.002483986566347,True,False,False,False,False,False,False,False,False,True
25.3,8988.18,34072.89,48,483.3,1,0,709.851875,0.0789761524813965,True,False,False,False,True,False,False,False,False,True
38.1,1449.12,25098.66,12,540.3,0,0,2091.555,1.4433276647667022,False,False,False,False,False,True,False,True,False,False
50.1,4395.15,26633.17,36,623.3,4,0,739.8102777777777,0.16832423832964413,True,False,False,False,False,True,False,True,False,False
40.4,3238.91,8160.91,60,682.5,2,0,136.01516666666666,0.041994117232873246,False,False,False,False,False,True,False,False,False,True
42.7,3755.09,28512.98,36,623.3,3,0,792.0272222222222,0.21092096863537557,False,False,False,True,False,True,False,True,False,False
42.9,10346.94,31268.82,48,212.4,2,0,651.43375,0.06295907286312757,False,False,False,False,False,False,False,False,True,False
25.6,6143.01,17827.25,24,292.1,1,0,742.8020833333334,0.12091826028675694,True,False,False,False,False,False,False,False,False,True
38.3,4157.09,31234.13,12,913.6,3,1,2602.8441666666668,0.6261216765587105,False,False,False,False,False,True,False,True,False,False
31.7,22885.6,21558.38,48,583.0,3,2,449.1329166666667,0.019625131806481604,True,False,False,False,False,False,False,True,False,False
33.3,4264.07,9552.32,36,575.4,2,1,265.34222222222223,0.12949295926816135,True,False,False,False,False,False,False,True,False,False
23.4,4087.99,34042.47,24,461.4,1,0,1418.43625,0.3469764472345176,False,False,True,False,False,False,False,True,False,False
42.1,4762.26,29359.27,36,662.0,4,1,815.5352777777778,0.17124963275110586,True,False,False,False,False,True,False,True,False,False
46.8,4264.07,11283.25,48,866.2,0,1,235.06770833333334,0.12949295926816135,False,False,False,False,False,False,False,False,False,True
33.9,4593.63,12571.95,36,543.8,2,1,349.22083333333336,0.07602284741546553,False,False,False,False,False,True,False,True,False,False
36.9,8285.53,24061.33,48,686.3,1,0,501.27770833333335,0.06050037930323462,True,False,False,False,False,False,False,True,False,False
55.4,5806.74,20063.47,24,359.9,0,1,835.9779166666667,0.14396682393683866,False,False,False,False,False,True,False,True,False,False
44.2,10100.12,31396.79,36,616.9,2,2,872.1330555555555,0.08634878146913776,False,False,True,False,False,True,False,True,False,False
39.7,4264.07,31679.1,36,682.1,1,0,879.9749999999999,0.12949295926816135,True,False,False,False,False,False,False,False,False,True
22.1,3941.06,17949.5,12,773.2,3,0,1495.7916666666667,0.3795404441625507,True,False,False,False,False,False,False,True,False,False
38.7,4264.07,34194.03,36,905.1,2,0,949.8341666666666,0.12949295926816135,True,False,False,False,False,True,False,False,False,True
58.9,2424.43,33801.68,24,616.8,3,0,1408.4033333333334,0.580921423808532,True,False,False,False,False,False,False,True,False,False
53.6,2678.61,16649.81,24,455.7,1,1,693.7420833333334,0.25899331397381486,False,False,False,False,False,False,False,True,False,False
41.3,1838.11,14809.97,12,857.4,1,0,1234.1641666666667,0.67143106775566,False,False,True,False,False,True,False,False,False,True
36.9,1552.57,34096.72,24,582.8,0,0,1420.6966666666667,0.9150612581178653,False,False,False,True,False,False,True,True,False,False
38.0,2571.77,22689.28,24,329.2,2,0,945.3866666666667,0.36760155962261437,True,False,False,False,False,False,False,True,False,False
30.3,3597.84,23349.87,60,529.5,2,1,389.1645,0.10816614938917196,True,False,False,False,False,True,False,True,False,False
43.7,15072.32,32866.3,12,278.2,4,0,2738.8583333333336,0.18171444950188087,False,False,False,False,False,True,False,False,False,True
32.3,12054.84,23243.44,24,681.8,1,0,968.4766666666666,0.08033923850198545,True,False,False,False,False,False,False,True,False,False
38.7,6446.1,18120.95,48,659.4,2,3,377.51979166666666,0.05856561193295334,True,False,False,False,False,False,False,True,False,False
40.2,4510.57,24496.05,24,654.8,1,0,1020.6687499999999,0.2262837618609538,True,False,False,False,False,True,False,False,True,False
37.9,2049.1,25991.41,36,762.3,3,1,721.9836111111111,0.3523418123018364,False,False,False,False,False,True,False,False,True,False
41.0,2772.94,3178.46,36,497.1,3,2,88.29055555555556,0.03184005252084612,False,True,False,False,False,False,True,False,True,False
63.4,2048.94,28147.58,24,460.8,1,0,1172.8158333333333,0.5724012550925457,False,False,False,False,False,True,False,True,False,False
56.3,2212.33,5550.1,48,852.3,2,2,115.62708333333335,0.05226484421884841,True,False,False,False,False,True,False,False,False,False
30.1,1909.76,26351.49,36,624.5,1,0,731.9858333333334,0.3832868158828676,True,False,False,False,False,True,False,False,True,False
49.9,4231.83,21382.7,24,735.1,5,0,890.9458333333333,0.21053440975369742,False,False,True,False,False,False,False,False,False,True
62.4,1876.42,20105.07,36,554.4,2,0,558.4741666666666,0.29762748408692713,True,False,False,False,False,True,False,False,False,True
36.6,9727.41,16040.12,24,887.2,2,2,668.3383333333334,0.06870670945773504,False,False,False,False,True,False,False,False,False,False
37.3,4157.46,34893.17,48,854.7,4,1,726.9410416666666,0.17485220300812146,False,False,False,False,False,True,False,True,False,False
38.2,5064.77,18154.8,12,990.0,0,0,1512.8999999999999,0.29871050353972534,True,False,False,False,False,False,False,False,False,True
30.5,6524.21,26213.29,36,522.1,2,3,728.1469444444444,0.11160691383759495,False,False,True,False,False,True,False,False,False,True
37.6,10955.04,19062.6,60,650.1,3,0,317.71,0.029001263318982617,False,False,False,True,False,True,False,True,False,False
46.2,3650.71,23854.17,24,609.1,2,0,993.9237499999999,0.2722549167908299,False,False,False,False,False,True,False,False,False,True
48.5,20942.02,3062.09,12,714.8,3,0,255.17416666666668,0.012184792419490515,False,False,False,False,True,False,False,False,False,True
25.1,2201.04,7231.87,36,741.8,4,0,200.8852777777778,0.09126834444857627,True,False,False,False,False,False,False,True,False,False
40.8,1680.77,28120.58,60,572.2,0,0,468.6763333333334,0.2788462017675657,True,False,False,False,False,True,False,False,False,True
46.2,4264.07,12314.97,12,764.4,1,1,1026.2475,0.12949295926816135,False,False,True,False,False,True,False,False,False,False
41.5,1494.91,30230.43,36,667.5,1,1,839.7341666666666,0.5617289074588955,True,False,False,False,False,False,False,False,False,True
47.1,4264.07,6194.94,48,632.6,2,0,129.06125,0.12949295926816135,False,False,False,False,False,True,False,False,True,False
37.4,14293.52,22054.85,12,623.3,1,4,1837.9041666666665,0.12858303380698638,True,False,False,False,False,False,False,True,False,False
23.0,4466.82,21680.53,48,592.3,1,1,451.6777083333333,0.10111840354483712,False,False,False,False,False,False,False,False,False,True
30.8,5151.43,30754.79,36,593.6,2,1,854.2997222222223,0.1658373928334168,False,False,True,False,True,False,False,False,False,False
44.0,2618.13,23832.03,36,616.1,4,1,662.0008333333333,0.252852543916768,False,False,False,False,False,True,False,False,True,False
41.3,2441.79,26124.18,36,737.3,0,0,725.6716666666666,0.29718840018788784,True,False,False,False,True,False,False,True,False,False
40.9,4264.07,21516.44,48,581.5,0,1,448.25916666666666,0.12949295926816135,False,False,False,True,False,True,False,False,False,False
37.1,14749.36,17158.43,48,776.0,2,1,357.46729166666665,0.02423612220627237,False,False,False,True,False,True,False,True,False,False
40.6,3863.8,22711.62,24,660.9,2,0,946.3175,0.24491886162607052,True,False,False,False,False,True,False,False,False,True
28.0,1891.81,29346.93,24,641.8,5,0,1222.78875,0.646359171130509,True,False,False,False,False,True,False,False,False,True
27.5,1889.54,4516.3,24,729.7,0,2,188.17916666666667,0.09958993494224379,True,False,False,False,False,False,False,False,False,True
45.5,8343.93,17105.73,48,782.9,2,1,356.369375,0.04271001489380901,False,False,False,True,False,False,False,False,True,False
54.3,6421.82,29559.16,24,461.4,4,0,1231.6316666666667,0.19178856846638198,False,False,True,False,False,True,False,False,True,False
34.3,3517.15,16489.33,36,531.1,2,0,458.0369444444445,0.13022957313226582,True,False,False,False,False,False,True,True,False,False
23.4,2648.3,11803.93,36,745.4,6,1,327.88694444444445,0.12381034747058148,True,False,False,False,False,True,False,True,False,False
26.5,2846.17,9388.97,48,627.3,3,0,195.60354166666664,0.06872517839040354,True,False,False,False,False,False,False,False,False,True
38.7,2854.61,28354.23,36,520.6,1,1,787.6175,0.2759107188866054,False,False,False,False,False,True,False,False,False,True
27.1,2364.77,8038.92,48,753.2,1,3,167.4775,0.07082189781322538,False,False,True,False,False,True,False,True,False,False
30.2,2721.8,21950.57,12,496.6,0,0,1829.2141666666666,0.6720604599698956,False,False,False,True,False,True,False,True,False,False
45.4,18378.71,15009.85,36,668.0,2,0,416.9402777777778,0.022686046928806068,False,False,True,False,False,False,True,True,False,False
29.1,7653.74,21757.87,24,665.1,4,3,906.5779166666666,0.11844900865226368,True,False,False,False,False,False,False,True,False,False
40.1,4528.2,14817.46,36,527.7,0,1,411.5961111111111,0.0908961861671634,True,False,False,False,True,False,False,False,False,True
28.8,2808.45,31727.62,12,569.3,2,0,2643.9683333333332,0.9414332902202284,False,False,False,True,False,False,False,True,False,False
49.5,1549.63,22022.67,48,623.3,0,0,458.80562499999996,0.2960743029234442,False,False,False,False,False,False,False,True,False,False
38.9,3920.13,32834.4,24,575.4,3,0,1368.1000000000001,0.3489935273855879,False,False,False,False,False,True,False,False,False,True
32.0,4615.71,12342.55,36,578.7,2,2,342.8486111111111,0.0742786289364637,False,False,False,True,True,False,False,False,False,False
56.4,3130.91,6286.46,36,643.5,3,0,174.6238888888889,0.05577416416669507,False,False,True,False,False,False,False,False,False,True
52.1,2238.94,33834.62,24,888.5,0,0,1409.7758333333334,0.6296621736342696,False,False,False,False,False,False,False,False,False,True
40.1,14566.8,15964.7,60,623.3,3,0,266.0783333333333,0.018266079931808808,False,False,False,False,False,False,False,True,False,False
36.8,12707.22,2134.0,24,606.8,3,3,88.91666666666667,0.006997334318339757,False,False,False,False,False,False,True,True,False,False
47.8,1732.39,23601.02,48,603.3,5,1,491.6879166666667,0.2838205680178603,False,False,True,False,False,True,False,True,False,False
50.4,10607.11,25890.94,24,459.7,3,0,1078.7891666666667,0.10170434412857256,False,False,False,False,False,False,False,False,False,True
28.6,3719.39,12463.72,48,877.4,0,1,259.6608333333333,0.06981274688462512,False,False,False,False,False,False,False,False,False,False
39.8,4734.81,18480.05,36,504.6,2,1,513.3347222222222,0.10841717431914913,True,False,False,False,False,False,False,True,False,False
50.5,2561.88,2685.34,24,847.3,2,0,111.88916666666667,0.04367463200068713,False,False,False,False,False,False,False,True,False,False
66.4,5099.01,28047.66,36,639.5,2,3,779.1016666666667,0.15279469252633743,False,False,False,False,False,True,False,True,False,False
40.0,2732.66,15339.78,48,536.0,4,1,319.57875,0.11694786355804285,True,False,False,False,False,True,False,False,False,True
35.0,1822.33,7564.02,12,795.2,4,0,630.335,0.34589508845327094,False,False,False,False,False,False,False,False,False,True
47.7,2138.11,26583.85,48,766.4,2,2,553.8302083333333,0.25902792921928897,True,False,False,False,False,False,False,True,False,False
27.1,4264.07,26788.07,36,633.8,2,0,744.1130555555555,0.12949295926816135,True,False,False,False,False,False,False,False,False,True
38.7,2183.76,5349.63,36,545.9,1,0,148.60083333333333,0.06804815211051204,False,True,False,False,False,False,False,True,False,False
49.0,3012.7,19304.39,36,795.7,1,2,536.2330555555556,0.1779908566321396,True,False,False,False,True,False,False,False,False,True
64.4,1694.3,11483.54,48,501.4,1,0,239.24041666666668,0.14120310172616163,False,False,True,False,False,False,False,False,True,False
38.7,1420.21,27690.97,12,851.9,1,1,2307.5808333333334,1.6248166236578867,True,False,False,False,False,False,False,False,False,True
48.4,3533.28,25112.71,36,688.6,2,0,697.5752777777777,0.19742994492468138,False,False,False,False,False,False,True,False,False,True
55.6,4264.07,29291.33,60,596.1,2,1,488.1888333333334,0.12949295926816135,False,True,False,False,False,False,False,True,False,False
48.8,4805.56,9467.33,48,626.6,1,1,197.23604166666667,0.04104330010575951,False,False,False,False,False,False,False,False,True,False
38.9,2740.99,7994.23,48,682.6,1,0,166.54645833333333,0.060761424786562185,True,False,False,False,False,True,False,True,False,False
41.3,3229.72,12275.42,24,432.6,3,1,511.47583333333336,0.15836537896464076,False,False,False,False,True,False,False,True,False,False
36.0,1417.26,29619.0,36,791.1,1,0,822.75,0.5805215656935103,False,False,False,False,False,False,False,False,True,False
31.0,4264.07,20697.86,12,536.8,1,0,1724.8216666666667,0.12949295926816135,True,False,False,False,False,False,False,True,False,False
35.1,1526.98,8031.54,60,606.9,1,0,133.859,0.08766257522912825,True,False,False,False,True,False,False,True,False,False
19.0,2276.71,15483.96,24,669.6,0,0,645.165,0.2833760106321138,False,False,True,False,False,True,False,False,False,True
28.0,1414.77,18676.07,36,546.2,2,0,518.7797222222222,0.36668837942233606,False,False,False,False,False,True,False,False,False,True
19.3,1618.09,27732.11,24,623.3,3,1,1155.5045833333334,0.7141163817786215,False,False,True,False,True,False,False,False,False,True
48.7,6833.74,19904.82,60,252.3,2,1,331.747,0.04854545234594022,False,False,False,False,False,False,False,False,False,True
43.4,4419.48,15701.52,36,656.1,1,0,436.15333333333336,0.09868883496394261,True,False,False,False,False,True,False,False,False,True
36.6,2469.25,9591.79,36,538.8,3,2,266.43861111111113,0.10790264656559062,False,False,False,False,False,True,False,True,False,False
48.9,9179.28,12653.65,24,584.9,4,1,527.2354166666667,0.05743755676831855,True,False,False,False,False,True,False,False,False,True
25.3,4264.07,6391.86,24,630.7,1,0,266.3275,0.12949295926816135,False,False,False,False,False,False,False,False,True,False
37.4,4264.07,28734.18,36,550.2,1,0,798.1716666666666,0.12949295926816135,True,False,False,False,False,False,False,True,False,False
37.5,3415.53,20608.44,60,809.3,0,0,343.474,0.10056243071920774,True,False,False,False,False,True,False,False,False,True
31.8,4779.1,18775.45,36,153.1,3,0,521.5402777777778,0.10912939187011861,False,False,True,False,False,False,False,True,False,False
29.4,5933.13,17157.05,24,947.6,3,0,714.8770833333333,0.12048903060078626,True,False,False,False,False,False,True,False,False,True
52.9,7185.06,28216.56,24,747.9,2,1,1175.69,0.16362980940502958,False,False,False,False,False,False,False,True,False,False
57.2,1716.94,32753.44,36,551.0,2,0,909.8177777777778,0.5299065619524923,True,False,False,False,False,False,False,True,False,False
47.0,9468.51,8101.61,36,502.2,0,3,225.04472222222222,0.023767701780379933,False,False,False,False,False,True,False,False,False,True
34.7,2260.03,24184.96,36,234.1,3,2,671.8044444444445,0.29725465656292077,True,False,False,False,False,False,False,True,False,False
43.5,7942.33,21509.1,24,633.8,0,3,896.2125,0.11283999769231448,True,False,False,False,False,True,False,True,False,False
33.0,8109.53,14196.94,36,545.5,2,0,394.3594444444445,0.04862913682521097,True,False,False,False,False,False,False,False,False,True
53.2,8359.21,33133.1,48,664.1,4,1,690.2729166666667,0.08257633386897846,False,False,False,False,False,False,False,False,False,True
52.5,16910.45,16926.37,60,452.1,3,1,282.10616666666664,0.016682357151929315,True,False,False,False,False,False,False,False,True,False
50.7,4462.14,18508.73,24,623.3,1,0,771.1970833333334,0.17283121587512296,False,False,False,True,False,True,False,True,False,False
24.2,4264.07,13740.1,36,566.8,1,0,381.6694444444445,0.12949295926816135,False,True,False,False,False,False,False,True,False,False
38.7,5864.63,26544.77,36,609.9,3,0,737.3547222222222,0.12572911180499557,True,False,False,False,False,True,False,False,False,True
45.0,1555.1,10268.02,12,722.5,1,2,855.6683333333334,0.5502336363134185,True,False,False,False,False,False,False,True,False,False
32.8,5659.61,13059.1,36,750.3,1,1,362.7527777777778,0.06409501310811658,False,True,False,False,False,True,False,True,False,False
42.5,6125.09,16557.91,60,564.8,3,0,275.9651666666667,0.04505487531058612,True,False,False,False,False,True,False,True,False,False
46.8,1405.55,9751.91,12,404.3,4,0,812.6591666666667,0.5781787633914689,True,False,False,False,False,False,False,True,False,False
53.8,4264.07,24659.78,24,536.7,0,0,1027.4908333333333,0.12949295926816135,False,False,False,True,False,True,False,True,False,False
40.5,11328.73,2631.17,48,586.6,2,0,54.81604166666667,0.004838674910451562,True,False,False,False,False,False,False,False,False,True
36.4,2774.24,29212.84,48,649.5,2,1,608.6008333333333,0.21937569609679636,True,False,False,False,False,False,False,False,False,True
45.9,2230.18,10044.39,36,359.3,1,0,279.0108333333333,0.12510686674719737,True,False,False,False,False,True,False,True,False,False
19.1,12247.33,23210.48,48,588.0,2,3,483.5516666666667,0.03948221092040833,False,False,True,False,False,True,False,True,False,False
22.2,6637.79,12852.4,24,509.4,4,1,535.5166666666667,0.0806769520969927,True,False,False,False,False,True,False,False,False,True
31.5,10568.37,3355.19,12,711.3,4,0,279.5991666666667,0.02645622422399144,True,False,False,False,True,False,False,True,False,False
31.1,1701.71,17276.93,12,627.6,3,2,1439.7441666666666,0.8460572942546578,False,False,True,False,True,False,False,True,False,False
62.3,2779.64,28671.02,36,557.9,2,0,796.4172222222222,0.2865181172227486,False,False,False,False,False,True,False,False,True,False
41.1,1439.0,24661.65,60,695.5,0,2,411.02750000000003,0.285634118932355,False,False,True,False,False,True,False,True,False,False
38.7,3434.08,17352.9,36,712.0,2,0,482.02500000000003,0.14036510465578814,False,False,False,False,False,True,False,False,False,True
47.4,4264.07,21795.64,12,693.7,3,0,1816.3033333333333,0.12949295926816135,False,False,True,False,False,True,False,False,False,True
36.6,9450.59,14922.86,36,727.3,3,0,414.5238888888889,0.043862223252756356,False,False,False,False,False,True,False,False,False,True
29.2,9598.5,17422.84,24,469.5,1,1,725.9516666666667,0.07563178266503609,False,False,False,False,True,False,False,True,False,False
39.1,1872.04,14966.93,24,506.0,1,1,623.6220833333333,0.33312433495122434,True,False,False,False,False,False,False,True,False,False
38.6,8586.29,31565.0,12,839.8,1,0,2630.4166666666665,0.30635078288797124,False,False,False,False,False,True,False,True,False,False
46.6,3080.32,17573.95,12,651.7,1,2,1464.4958333333334,0.4754362626541952,True,False,False,False,False,True,False,False,False,True
40.3,1831.23,22000.95,24,587.9,2,1,916.7062500000001,0.5005959082114432,False,False,False,False,False,False,False,False,False,True
44.3,8087.78,13966.36,36,664.6,4,1,387.95444444444445,0.04796797686939614,True,False,False,False,False,True,False,True,False,False
55.0,5351.48,22196.13,60,625.8,4,1,369.9355,0.06912769912411577,True,False,False,False,False,False,False,False,False,True
36.9,12922.69,25801.39,36,439.0,2,2,716.7052777777777,0.05546099745665707,False,False,False,True,False,True,False,True,False,False
51.5,3726.81,29056.11,48,800.0,3,1,605.335625,0.16242728321962407,False,False,True,False,False,False,False,False,True,False
47.1,8532.35,26107.56,36,623.3,1,2,725.21,0.08499534116041262,True,False,False,False,False,True,False,False,False,True
57.0,1897.01,16838.83,60,865.2,3,0,280.6471666666667,0.14794184805944524,False,True,False,False,False,True,False,False,True,False
54.4,7829.07,32817.61,12,764.0,2,1,2734.8008333333332,0.3493136259913626,False,False,False,False,False,True,False,False,False,True
38.7,3927.0,3291.36,24,861.1,0,0,137.14000000000001,0.034922332480462615,True,False,False,False,False,True,False,True,False,False
48.7,2378.82,25732.42,36,583.2,4,3,714.7894444444444,0.300480675897982,True,False,False,False,False,True,False,False,False,True
38.7,7432.06,25293.45,12,641.3,3,1,2107.7875,0.2836074382020497,False,True,False,False,False,False,False,False,False,True
28.6,5648.5,10040.81,24,623.3,3,0,418.3670833333333,0.07406693504340338,False,False,False,False,False,True,False,True,False,False
50.8,3581.5,22674.61,24,628.2,2,3,944.7754166666667,0.26379321905032377,True,False,False,False,False,False,False,True,False,False
35.1,4264.07,2336.74,24,871.3,3,0,97.36416666666666,0.12949295926816135,False,False,False,True,False,True,False,True,False,False
38.5,4264.07,17287.47,60,679.3,2,0,288.1245,0.12949295926816135,False,False,False,True,False,True,False,True,False,False
35.1,13889.17,11647.46,36,384.9,0,1,323.54055555555556,0.023294448503590286,False,False,False,False,False,False,False,True,False,False
61.3,13659.01,30101.19,36,639.5,2,0,836.1441666666666,0.061215576096255206,True,False,False,False,True,False,False,True,False,False
23.8,2635.0,30898.08,12,819.1,1,1,2574.84,0.9771688767469872,True,False,False,False,True,False,False,True,False,False
35.1,3457.72,30097.07,24,574.0,4,1,1254.0445833333333,0.36267962116843966,False,False,False,False,False,False,True,True,False,False
58.5,10999.22,12533.96,24,517.5,2,0,522.2483333333333,0.04748048796719481,True,False,False,False,False,True,False,True,False,False
26.2,8743.9,33569.78,12,589.4,4,1,2797.4816666666666,0.3199352306713611,False,False,False,True,True,False,False,True,False,False
23.4,5854.98,27646.05,24,790.6,3,1,1151.91875,0.196741705015659,False,False,False,False,False,True,False,False,False,True
30.2,3362.35,22399.03,36,447.5,1,2,622.1952777777777,0.1850477421824915,False,False,True,False,False,False,False,True,False,False
21.1,1794.72,23169.09,36,649.3,2,0,643.5858333333333,0.35859957528045466,True,False,False,False,False,True,False,False,False,True
28.3,3084.25,12207.78,48,595.4,4,0,254.32875,0.08246048445339876,True,False,False,False,False,True,False,False,False,True
46.9,7948.96,7459.57,48,582.7,3,2,155.40770833333332,0.019550696963857705,True,False,False,False,False,True,False,False,True,False
47.8,4660.95,13879.13,12,666.6,3,1,1156.5941666666665,0.24814558495268363,True,False,False,False,False,True,False,False,True,False
29.2,9033.35,20460.27,36,625.5,1,1,568.3408333333333,0.06291584325905393,False,False,True,False,False,False,False,False,False,False
40.7,3499.85,5784.48,36,525.9,2,1,160.67999999999998,0.04591053889192239,False,False,True,False,False,True,False,False,False,True
33.0,4282.95,18915.27,12,775.0,2,2,1576.2725,0.3680342979300849,True,False,False,False,True,False,False,False,False,False
49.2,7270.92,25012.82,36,497.2,2,2,694.8005555555555,0.0955588226249178,True,False,False,False,False,True,False,False,False,True
34.6,3083.36,34119.13,24,593.4,2,2,1421.6304166666666,0.4610653352368887,False,False,True,False,False,False,False,False,False,True
38.7,8487.25,32809.35,36,636.4,4,0,911.3708333333333,0.10738116966738598,True,False,False,False,False,True,False,False,True,False
45.3,3807.5,19235.55,36,720.9,1,0,534.3208333333333,0.1403337706973068,False,False,False,True,False,True,False,False,False,True
38.7,1741.58,30720.02,24,519.5,3,2,1280.0008333333333,0.734965276348879,False,False,True,False,False,False,False,False,False,False
29.2,5417.61,22937.84,36,487.6,2,1,637.1622222222222,0.11760946635991289,False,False,True,False,False,True,False,True,False,False
46.7,8323.65,3575.22,12,604.7,2,2,297.935,0.035793792343750894,True,False,False,False,False,True,False,False,False,True
54.7,7683.17,18810.26,24,368.2,3,1,783.7608333333333,0.10201008598185807,False,True,False,False,False,True,False,True,False,False
24.7,2835.76,14450.43,36,522.9,0,1,401.40083333333337,0.14154964874243126,True,False,False,False,False,True,False,True,False,False
29.0,16230.74,10819.15,48,648.6,4,1,225.39895833333333,0.013887164614457609,True,False,False,False,True,False,False,False,False,False
52.8,2002.11,3571.21,24,828.6,2,2,148.80041666666668,0.07432179846434447,False,True,False,False,False,True,False,True,False,False
35.3,1637.39,15630.79,60,493.6,0,0,260.5131666666667,0.15910269702125926,False,False,False,False,False,True,False,False,False,True
19.1,2690.78,12729.87,12,720.2,4,2,1060.8225,0.39424348926986413,True,False,False,False,False,False,False,False,False,False
34.7,2189.08,32841.98,36,150.0,3,0,912.2772222222223,0.41674000861312616,True,False,False,False,False,False,False,True,False,False
46.9,1908.07,26752.77,48,670.2,1,0,557.349375,0.2921011137321948,False,False,False,False,False,True,False,True,False,False
26.2,10960.56,18106.75,24,488.9,4,0,754.4479166666666,0.06883297167100376,False,False,False,True,False,False,False,False,False,True
39.4,15378.84,20021.01,24,625.5,4,2,834.2087499999999,0.054243931886771735,True,False,False,False,False,True,False,True,False,False
51.1,2928.8,33878.4,12,745.0,0,0,2823.2000000000003,0.9639442742285431,False,True,False,False,False,True,False,False,False,True
38.7,4264.07,33639.89,24,623.3,2,1,1401.6620833333334,0.12949295926816135,False,False,False,False,False,False,False,False,False,True
47.5,9638.52,18204.48,48,718.6,3,1,379.26,0.03934836464587056,False,False,False,False,False,False,False,False,False,False
54.9,3953.92,31641.87,12,630.0,2,1,2636.8224999999998,0.6668881751100472,False,True,False,False,False,False,False,False,False,True
39.8,4779.45,32789.49,24,450.7,3,3,1366.22875,0.28585480487115716,False,True,False,False,False,True,False,False,False,True
28.7,3227.21,15328.27,48,479.2,2,1,319.3389583333333,0.09895202275148288,False,True,False,False,False,True,False,False,True,False
51.7,4515.16,23786.2,24,589.0,6,1,991.0916666666667,0.21950311051471835,False,True,False,False,False,True,False,False,False,True
22.9,3979.56,15503.25,12,565.8,0,0,1291.9375,0.32464330145884646,True,False,False,False,False,True,False,True,False,False
34.4,2084.29,16512.36,24,928.9,1,2,688.015,0.33009561850752234,True,False,False,False,False,True,False,False,False,True
28.7,3440.78,19789.94,60,899.7,3,1,329.83233333333334,0.09585975632697695,True,False,False,False,False,True,False,True,False,False
35.7,2288.53,6881.07,48,699.7,1,3,143.355625,0.06264091988026846,False,False,True,False,False,True,False,False,False,True
38.4,3742.01,29888.49,60,774.3,3,0,498.1415,0.13312137024454404,False,False,False,False,False,False,False,False,True,False
46.7,3825.96,3508.98,24,565.5,1,1,146.2075,0.0382145917933941,True,False,False,False,True,False,False,False,True,False
38.7,11744.31,24563.25,48,790.4,1,0,511.734375,0.043572962103714086,True,False,False,False,False,True,False,False,False,True
43.3,4824.5,7966.75,36,623.3,1,1,221.29861111111111,0.04586975036841406,True,False,False,False,True,False,False,False,False,True
28.6,3750.33,2482.74,24,735.4,1,0,103.44749999999999,0.02758357257205746,False,True,False,False,False,True,False,True,False,False
27.3,7746.68,12593.65,24,620.6,3,1,524.7354166666667,0.06773681318826885,True,False,False,False,False,False,False,True,False,False
32.0,6448.0,29437.96,60,753.2,1,1,490.63266666666664,0.07609067399282878,False,False,False,False,False,True,False,True,False,False
47.4,1641.95,16096.98,24,561.2,4,2,670.7075,0.40848228990844854,False,False,False,False,False,False,False,True,False,False
36.6,5476.31,28667.64,36,685.3,1,2,796.3233333333333,0.1454123911683614,False,False,False,True,False,False,True,False,True,False
35.6,5172.04,5843.27,36,649.0,2,0,162.31305555555556,0.03138279194316511,True,False,False,False,False,False,False,False,True,False
46.1,1600.59,7014.76,24,623.3,2,1,292.2816666666667,0.18260870356592238,True,False,False,False,False,True,False,True,False,False
32.3,4636.01,15713.48,36,643.1,4,0,436.48555555555555,0.0941511244829162,True,False,False,False,False,False,False,True,False,False
37.7,5005.96,30297.69,36,478.5,3,1,841.6025,0.1681201005039591,True,False,False,False,False,True,False,True,False,False
33.2,3131.53,20919.68,48,203.4,2,1,435.82666666666665,0.13917371549208515,True,False,False,False,False,False,False,False,True,False
47.4,1764.81,19012.16,24,422.6,2,0,792.1733333333333,0.4488717362461772,True,False,False,False,False,False,False,False,True,False
39.6,6177.87,26650.16,48,751.2,4,1,555.2116666666667,0.0898710503406443,False,False,False,False,False,False,True,False,True,False
56.0,5797.8,9876.73,12,671.6,2,0,823.0608333333333,0.14196088721820768,False,False,False,False,True,False,False,False,True,False
25.7,3436.03,6411.12,12,437.9,4,1,534.26,0.15548758260117757,False,False,True,False,False,True,False,False,False,True
50.7,15991.58,6809.46,36,517.5,3,0,189.15166666666667,0.011828203751498265,True,False,False,False,False,True,False,True,False,False
55.7,3655.82,33597.22,36,544.5,1,0,933.2561111111112,0.25527955658602325,False,False,False,False,False,False,False,False,False,False
28.5,3205.58,25094.35,48,623.3,3,0,522.7989583333333,0.16309028528454458,False,True,False,False,False,True,False,False,False,True
29.6,3971.83,3614.09,12,744.5,1,0,301.1741666666667,0.07582755704760553,True,False,False,False,False,False,False,True,False,False
42.6,8121.65,31125.99,24,454.6,3,0,1296.91625,0.15968630123227878,True,False,False,False,False,True,False,False,False,True
37.6,9200.08,13852.7,36,669.6,1,1,384.7972222222222,0.041825421279376704,True,False,False,False,False,False,False,True,False,False
53.6,3336.09,33320.2,36,480.9,0,1,925.561111111111,0.2774388905385412,False,False,True,False,False,False,False,False,False,True
23.2,3788.46,17788.42,24,417.2,2,1,741.1841666666666,0.19564260008294676,True,False,False,False,False,False,False,False,False,True
33.5,1765.31,25651.92,12,623.3,1,0,2137.66,1.210926119429867,False,False,True,False,False,True,False,False,False,True
52.1,7034.5,25671.82,60,368.0,2,0,427.8636666666667,0.060823607372013734,False,False,True,False,False,True,False,True,False,False
45.5,3480.88,18994.6,60,906.7,2,0,316.57666666666665,0.09094730808220725,True,False,False,False,False,True,False,True,False,False
48.9,4403.38,26935.05,12,699.4,5,1,2244.5875,0.5097419470730622,True,False,False,False,False,True,False,False,False,True
38.9,3284.12,20652.47,24,526.0,3,1,860.5195833333333,0.26202440249232345,False,False,False,False,True,False,False,True,False,False
38.7,7867.66,23762.83,24,603.3,2,2,990.1179166666667,0.1258465560799782,True,False,False,False,False,True,False,True,False,False
31.4,7816.71,4534.76,36,822.7,2,2,125.96555555555557,0.01611490708935172,False,True,False,False,False,True,False,True,False,False
37.5,2669.38,26931.47,12,716.1,2,0,2244.289166666667,0.8407529682020308,False,True,False,False,False,False,False,False,False,False
30.9,6166.5,19050.32,12,638.4,1,0,1587.5266666666666,0.2574437142775042,True,False,False,False,True,False,False,True,False,False
28.5,2388.65,30066.72,48,349.4,1,1,626.39,0.2622359899431227,False,True,False,False,False,True,False,False,False,True
44.7,5262.18,22756.62,24,501.3,2,0,948.1925,0.18019005396966645,False,False,True,False,False,True,False,True,False,False
32.5,14540.62,20722.22,12,489.6,4,0,1726.8516666666667,0.1187605250311927,True,False,False,False,False,False,False,False,False,True
34.5,4264.07,32466.45,36,532.0,1,1,901.8458333333333,0.12949295926816135,False,False,True,False,False,False,False,True,False,False
40.3,1501.19,29472.65,12,687.4,3,0,2456.054166666667,1.6360714834937296,False,False,False,False,False,True,False,True,False,False
38.7,7372.31,27069.93,48,640.2,1,1,563.956875,0.07649663053168324,False,True,False,False,False,False,False,True,False,False
36.4,4264.07,33754.71,36,512.5,2,1,937.6308333333333,0.12949295926816135,False,False,False,True,False,False,False,False,False,True
51.2,12570.5,25903.78,24,521.0,2,0,1079.3241666666665,0.08586167342651842,False,False,False,False,False,False,True,False,False,True
38.7,8575.01,11610.57,24,740.6,6,0,483.77375,0.05641669799053681,True,False,False,False,False,False,True,False,False,True
48.5,4213.41,3462.22,24,441.8,1,0,144.25916666666666,0.03423810318110168,False,True,False,False,False,False,False,False,False,False
67.9,4670.84,11686.42,24,786.5,4,2,486.93416666666667,0.10424980637833207,False,False,True,False,False,True,False,False,False,True
25.3,3190.13,7272.92,36,623.3,1,0,202.02555555555557,0.06332831418226606,False,False,False,False,False,True,False,True,False,False
38.9,4036.41,28811.05,48,522.4,1,0,600.2302083333333,0.14870397379014855,True,False,False,False,False,False,False,False,True,False
29.3,3356.35,12510.38,36,894.5,1,0,347.5105555555555,0.10353823484445102,True,False,False,False,False,False,False,True,False,False
58.3,2348.85,24132.7,36,271.4,3,0,670.3527777777778,0.2853961619191588,True,False,False,False,False,False,False,True,False,False
38.7,9290.49,4789.58,60,490.5,2,1,79.82633333333334,0.008592262975086428,False,False,False,False,False,False,False,False,False,True
30.1,2252.69,23696.56,48,541.5,0,0,493.67833333333334,0.21915058491928646,False,False,False,False,False,True,False,False,False,True
30.4,1572.06,2869.18,12,852.8,2,1,239.09833333333333,0.15209237040088142,True,False,False,False,False,False,False,False,False,True
33.6,17656.34,14143.99,24,729.8,1,3,589.3329166666666,0.03337797733465072,True,False,False,False,False,True,False,False,False,True
30.9,4264.07,22363.53,12,632.6,1,1,1863.6274999999998,0.12949295926816135,False,False,False,False,True,False,False,True,False,False
34.8,10006.91,19741.61,24,672.2,2,0,822.5670833333334,0.08219990811462623,True,False,False,False,False,True,False,False,False,True
38.7,8118.82,5854.81,24,370.1,4,0,243.95041666666668,0.030047521236607228,False,False,False,False,True,False,False,True,False,False
43.2,1499.89,20504.53,48,522.1,1,1,427.1777083333333,0.28480602276518485,True,False,False,False,False,True,False,False,False,True
46.9,3792.23,23560.22,60,733.3,2,0,392.67033333333336,0.10354602233985626,False,False,False,True,False,True,False,False,True,False
39.5,4781.6,12364.99,36,568.3,1,0,343.47194444444443,0.07183201098505193,False,False,False,True,False,False,False,False,True,False
45.9,4829.54,14240.47,36,866.1,0,0,395.56861111111107,0.08190606357790814,True,False,False,False,True,False,False,False,False,True
33.8,4264.07,24545.87,36,565.6,3,1,681.8297222222222,0.12949295926816135,True,False,False,False,False,False,False,False,False,True
64.0,2169.28,30195.96,24,705.4,2,0,1258.165,0.579991976231782,True,False,False,False,False,True,False,True,False,False
41.6,3934.93,2952.54,12,750.0,0,1,246.045,0.06252843109654191,True,False,False,False,False,False,False,False,True,False
40.4,3963.29,3670.16,12,394.4,0,0,305.84666666666664,0.07716989316829394,True,False,False,False,False,False,False,False,False,True
22.3,1933.56,31368.83,24,681.6,1,0,1307.0345833333333,0.675973115172843,False,False,False,False,False,False,False,False,True,False
39.1,9343.8,24564.24,48,452.7,2,1,511.75500000000005,0.05476947274688086,True,False,False,False,False,False,False,False,False,True
18.1,4104.12,26400.58,60,757.9,3,0,440.0096666666667,0.10721169595298134,True,False,False,False,False,True,False,False,False,False
52.0,4888.58,27693.2,60,760.4,1,0,461.55333333333334,0.09441460145669854,False,False,False,False,False,False,True,True,False,False
38.7,2879.19,27943.56,36,567.6,2,0,776.21,0.2695931832578149,False,False,True,False,True,False,False,False,False,True
47.8,6949.35,19374.45,60,487.9,1,1,322.9075,0.04646585645209141,False,False,False,False,False,True,False,True,False,False
46.3,9982.04,34073.17,48,628.8,1,0,709.8577083333333,0.07111349059132185,True,False,False,False,False,True,False,False,True,False
29.9,4264.07,30380.55,24,816.3,4,2,1265.85625,0.12949295926816135,False,False,True,False,False,False,False,False,True,False
27.7,4264.07,33444.69,12,508.2,5,2,2787.0575000000003,0.12949295926816135,True,False,False,False,False,False,False,True,False,False
27.8,5342.98,30678.55,12,548.7,2,1,2556.545833333333,0.47848687970916315,False,False,True,False,False,False,False,False,True,False
28.7,2195.01,32616.45,12,722.0,3,1,2718.0375,1.2382802299840079,True,False,False,False,False,False,True,False,False,True
46.1,5385.61,34227.38,60,581.6,3,0,570.4563333333333,0.10592232491289011,True,False,False,False,False,True,False,False,False,True
34.0,4909.57,21618.45,60,593.7,4,0,360.3075,0.07338880986850416,False,False,True,False,False,False,False,False,False,True
40.9,1540.22,22115.51,24,622.6,1,0,921.4795833333333,0.5982778936454236,True,False,False,False,False,True,False,True,False,False
47.3,8222.95,25937.91,60,771.0,6,0,432.2985,0.052572191181300874,False,False,False,False,False,True,False,False,False,True
22.4,4264.07,9469.16,24,524.9,6,0,394.54833333333335,0.12949295926816135,False,True,False,False,False,False,False,True,False,False
18.1,1472.75,2010.9,24,753.1,3,0,83.78750000000001,0.056891868566342776,False,False,False,False,False,False,False,False,True,False
37.8,2362.59,23300.46,60,518.9,2,0,388.341,0.1643708804135678,True,False,False,False,False,False,False,True,False,False
38.9,1440.34,3430.41,36,522.4,2,2,95.28916666666666,0.0661574114480557,True,False,False,False,False,False,False,False,True,False
26.2,3115.29,27990.84,36,643.5,0,0,777.5233333333333,0.24958297007261077,False,False,True,False,False,False,False,True,False,False
18.9,2730.33,9681.73,24,787.6,4,3,403.40541666666667,0.1477496914985257,True,False,False,False,False,False,False,False,False,True
53.4,1842.22,24802.15,48,759.8,2,1,516.7114583333333,0.28048303434361965,False,False,False,True,True,False,False,False,False,True
40.6,5169.84,9942.6,12,487.9,3,0,828.5500000000001,0.16026608142560297,True,False,False,False,False,True,False,False,True,False
38.9,3008.26,3735.37,24,525.4,3,0,155.64041666666665,0.05173768761652575,False,False,False,False,False,True,False,True,False,False
41.2,2840.89,22879.44,24,547.7,0,0,953.31,0.33556737383155494,True,False,False,False,False,True,False,False,False,False
30.2,3023.89,28327.87,12,406.9,1,1,2360.6558333333332,0.7806685512788651,True,False,False,False,False,True,False,False,False,False
44.9,2851.36,2254.03,36,517.6,1,2,62.61194444444445,0.02195862473516434,False,False,True,False,False,False,False,False,False,True
42.6,4169.31,25392.28,12,563.6,3,1,2116.023333333333,0.5075236257937397,True,False,False,False,False,False,False,False,False,True
48.8,3920.21,26073.63,36,627.9,2,0,724.2675,0.1847522194353052,True,False,False,False,False,True,False,False,False,True
25.3,9712.88,34886.53,24,564.2,3,1,1453.6054166666665,0.14965750788335608,True,False,False,False,False,False,False,False,False,True
42.0,5514.09,17129.43,60,714.8,1,0,285.4905,0.051774726107526856,False,False,False,False,False,True,False,True,False,False
37.1,2720.83,5681.15,36,482.5,1,0,157.8097222222222,0.05800058130872432,False,False,False,False,True,False,False,False,False,True
38.7,3251.87,14655.56,24,404.0,3,0,610.6483333333333,0.18778374641529208,True,False,False,False,True,False,False,False,False,True
54.7,4264.07,19919.41,36,526.9,1,1,553.3169444444444,0.12949295926816135,False,False,False,True,False,False,False,True,False,False
31.9,2579.3,29988.5,24,609.4,5,1,1249.5208333333333,0.48444183634665017,True,False,False,False,False,True,False,True,False,False
32.9,4485.93,15127.91,60,742.6,0,0,252.13183333333333,0.056205030566968954,False,False,False,True,False,False,False,False,False,True
38.7,12335.92,26437.11,36,638.6,2,1,734.3641666666667,0.05953055516502711,True,False,False,False,False,False,True,True,False,False
44.0,4118.18,3871.6,24,598.7,2,1,161.31666666666666,0.03917183471216613,True,False,False,False,False,False,False,False,False,True
29.9,1818.46,26306.39,48,646.4,1,1,548.0497916666667,0.3013812724243887,True,False,False,False,False,True,False,False,False,False
41.5,4822.85,13424.12,12,636.2,2,0,1118.6766666666667,0.23195344336795304,True,False,False,False,False,False,False,False,True,False
26.4,6865.98,7252.53,12,812.5,3,0,604.3774999999999,0.08802494314282165,True,False,False,False,False,False,False,True,False,False
46.5,2525.25,14537.01,48,779.7,1,2,302.854375,0.11993045195552736,False,False,True,False,False,True,False,False,False,True
29.3,4991.38,22917.15,24,688.5,2,1,954.88125,0.19130606126701222,True,False,False,False,True,False,False,True,False,False
32.9,7187.17,18156.51,60,455.6,2,0,302.6085,0.0421039852374384,True,False,False,False,False,False,False,False,True,False
40.3,10181.95,28576.8,24,842.7,4,1,1190.7,0.11694223590084195,True,False,False,False,False,False,False,False,False,True
48.4,1407.87,20669.02,12,772.1,2,1,1722.4183333333333,1.2234214246337511,False,False,False,False,False,True,False,True,False,False
46.8,19579.06,16663.06,48,480.0,1,1,347.14708333333334,0.017730528593100387,True,False,False,False,False,False,False,True,False,False
46.6,4264.07,20504.65,24,623.3,1,0,854.3604166666668,0.12949295926816135,False,False,False,False,True,False,False,True,False,False
33.7,4612.94,20054.8,36,721.9,4,0,557.0777777777778,0.1207641496681371,True,False,False,False,False,True,False,True,False,False
45.2,8383.97,2328.47,60,555.1,0,0,38.80783333333333,0.0046288134722625674,False,False,True,False,False,False,False,False,False,False
44.6,8095.28,24548.13,24,643.4,2,0,1022.83875,0.1263500149144316,True,False,False,False,False,True,False,False,False,True
39.8,3035.62,19646.41,12,580.3,2,1,1637.2008333333333,0.539329964863861,True,False,False,False,False,True,False,False,False,True
35.1,13316.29,34667.85,12,621.9,2,0,2888.9874999999997,0.216951380439333,False,False,False,False,False,True,False,True,False,False
35.1,2288.75,20623.26,24,742.2,1,1,859.3024999999999,0.3754462026195687,True,False,False,False,False,True,False,False,False,True
61.2,13531.09,27914.72,24,656.9,3,1,1163.1133333333335,0.08595858371156703,False,False,True,False,False,False,False,False,False,True
52.8,4518.8,4532.4,24,712.9,4,1,188.85,0.04179206859831799,True,False,False,False,True,False,False,False,False,True
18.3,3456.93,17576.25,24,582.8,3,0,732.34375,0.2118480119300998,False,False,True,False,True,False,False,True,False,False
20.2,2439.92,10983.22,36,610.2,2,2,305.08944444444444,0.12504075674367882,False,False,False,False,False,True,False,False,False,True
39.7,1471.56,2433.4,24,679.9,2,2,101.39166666666667,0.06890080321404403,False,False,True,False,False,False,False,True,False,False
30.9,4137.07,8188.43,48,722.2,1,0,170.59229166666668,0.04123505071326233,False,False,True,False,False,True,False,True,False,False
21.2,3557.0,29715.31,24,623.3,2,1,1238.1379166666668,0.3480848786015794,True,False,False,False,False,False,False,False,False,True
52.5,4429.26,8880.04,24,675.5,3,0,370.0016666666667,0.08353577478660294,True,False,False,False,False,True,False,False,False,True
33.1,13180.14,15987.31,12,422.7,2,0,1332.2758333333334,0.10108206986591287,True,False,False,False,False,True,False,True,False,False
59.8,1477.78,21448.17,24,585.4,3,0,893.6737499999999,0.6047407218615712,False,False,False,False,False,True,False,True,False,False
52.1,8482.45,16679.37,12,784.6,1,1,1389.9475,0.1638615610302901,False,False,True,False,True,False,False,True,False,False
50.3,8369.63,31344.49,36,676.0,3,0,870.6802777777779,0.10402852655822213,True,False,False,False,False,False,False,False,False,True
38.1,3176.29,31565.84,24,519.0,1,0,1315.2433333333333,0.41408162642344276,True,False,False,False,False,False,False,True,False,False
24.5,9625.17,26512.95,60,623.3,3,0,441.8825,0.04590905922086669,True,False,False,False,False,True,False,True,False,False
45.0,3381.85,32629.81,60,741.2,2,0,543.8301666666667,0.16080848206117418,False,True,False,False,False,False,False,True,False,False
30.5,3511.65,21649.85,24,709.1,5,0,902.0770833333332,0.2568812611634191,True,False,False,False,False,False,False,True,False,False
46.1,3869.92,9787.19,36,768.8,1,1,271.8663888888889,0.07025116493012186,False,False,False,False,False,True,False,False,False,True
31.1,5750.83,29896.06,36,716.8,1,1,830.4461111111111,0.14440456589171746,False,False,False,False,False,True,False,False,False,True
36.9,3001.75,7663.96,24,663.4,2,1,319.33166666666665,0.10638183246534465,True,False,False,False,False,False,False,False,False,True
35.8,9775.31,8462.23,12,834.1,1,1,705.1858333333333,0.07213948535769592,False,False,False,True,False,True,False,True,False,False
55.1,4039.58,26295.84,36,382.5,5,1,730.44,0.18082077795013152,False,False,True,False,False,False,False,True,False,False
33.6,4960.72,32818.48,60,621.6,2,0,546.9746666666667,0.11026114466530167,True,False,False,False,False,False,False,True,False,False
48.6,4770.11,21539.54,48,409.6,3,1,448.7404166666667,0.09407338944509307,True,False,False,False,False,False,False,False,False,False
33.0,1571.54,25189.07,24,658.8,1,1,1049.5445833333333,0.6678446470690449,False,False,False,True,False,False,False,False,False,True
47.3,6885.27,27973.29,48,693.2,3,0,582.776875,0.08464110690700422,True,False,False,False,False,False,False,False,False,True
40.5,1891.02,26709.52,12,507.7,2,2,2225.7933333333335,1.1770331998408274,True,False,False,False,False,False,True,False,False,True
31.9,4264.07,18842.39,12,515.0,4,1,1570.1991666666665,0.12949295926816135,False,True,False,False,False,True,False,False,False,True
33.4,2680.64,34202.45,36,683.7,3,2,950.0680555555555,0.35441836725982295,True,False,False,False,False,True,False,False,False,True
21.3,5514.54,6329.11,12,569.1,1,1,527.4258333333333,0.0956427612052693,False,False,False,False,False,True,False,False,False,True
42.4,3192.5,22308.39,24,866.5,2,1,929.51625,0.2911562246165819,True,False,False,False,False,False,False,True,False,False
28.0,4000.91,30140.31,36,689.5,1,0,837.2308333333334,0.2092601011371744,True,False,False,False,False,False,False,True,False,False
44.9,2387.0,7848.34,12,363.9,1,2,654.0283333333333,0.2739959491384054,False,False,False,False,False,False,False,True,False,False
38.3,3681.38,12339.82,36,753.4,3,2,342.7727777777778,0.09310986011948758,True,False,False,False,False,False,False,False,False,True
44.0,6988.78,8855.09,60,566.2,5,1,147.58483333333334,0.021117395757508376,False,False,True,False,False,True,False,False,True,False
38.7,10375.26,3157.89,24,804.6,4,0,131.57874999999999,0.012681971331145462,False,False,False,False,False,False,False,False,False,True
52.0,5244.64,18305.31,12,397.3,3,0,1525.4425,0.2908574272192993,True,False,False,False,False,True,False,False,False,True
21.2,3885.95,17562.62,24,710.8,2,0,731.7758333333333,0.18831323909216557,True,False,False,False,False,False,False,False,False,True
50.6,7573.2,14809.33,24,508.3,4,1,617.0554166666667,0.08147882214280337,False,False,True,False,False,False,True,False,True,False
34.4,9313.05,10715.64,36,345.3,1,1,297.65666666666664,0.031961244312771246,False,False,False,True,True,False,False,False,False,True
22.5,4034.94,33001.31,48,740.2,3,0,687.5272916666667,0.17039343582871921,True,False,False,False,False,True,False,False,True,False
23.0,4264.07,2129.56,24,634.1,3,0,88.73166666666667,0.12949295926816135,False,False,True,False,False,True,False,True,False,False
37.5,2831.67,8148.13,12,574.3,3,3,679.0108333333334,0.2397916533125035,False,False,True,False,False,True,False,False,False,True
47.6,20440.41,25994.06,60,491.8,0,1,433.2343333333334,0.021194992327520996,True,False,False,False,False,False,False,True,False,False
38.9,7624.17,26899.8,60,615.2,3,2,448.33,0.058803777907885345,False,False,False,False,False,False,False,False,False,True
45.3,15810.42,26938.57,36,662.4,1,1,748.2936111111111,0.04732914183417137,True,False,False,False,True,False,False,True,False,False
43.0,4407.44,30025.87,36,778.4,2,1,834.0519444444444,0.18923727663951675,True,False,False,False,False,False,False,True,False,False
45.9,3433.04,24497.04,24,724.2,3,0,1020.71,0.29731957595216024,True,False,False,False,True,False,False,True,False,False
34.1,3357.03,8595.39,36,537.3,0,0,238.76083333333332,0.07112263894636238,False,False,False,False,False,True,False,False,True,False
61.9,3553.98,12579.6,12,778.5,1,0,1048.3,0.29496508057173904,True,False,False,False,False,False,False,True,False,False
47.0,6214.99,25313.72,36,623.3,5,0,703.1588888888889,0.11313918248581206,False,False,False,False,True,False,False,True,False,False
33.7,2078.08,21867.63,36,423.5,6,0,607.4341666666667,0.2923054760854307,True,False,False,False,False,True,False,True,False,False
62.3,10621.82,13273.33,36,701.1,2,1,368.7036111111111,0.0347119053762907,True,False,False,False,False,True,False,False,False,True
33.4,1550.33,29554.14,36,368.1,2,0,820.9483333333333,0.5295313436739403,False,False,False,False,False,False,False,True,False,False
28.3,4264.07,34612.16,12,413.7,0,0,2884.346666666667,0.12949295926816135,False,False,False,False,False,True,False,False,False,True
25.3,6586.4,13973.06,24,700.7,1,4,582.2108333333333,0.08839591164359502,True,False,False,False,True,False,False,True,False,False
21.9,4049.39,34329.83,24,622.4,1,1,1430.4095833333333,0.3532407547311881,True,False,False,False,False,False,False,True,False,False
43.8,1563.38,25231.54,36,665.9,3,3,700.8761111111112,0.44830822105184215,False,False,True,False,False,True,False,False,False,True
47.0,9726.38,13136.66,48,568.5,3,0,273.68041666666664,0.028137952289062032,False,True,False,False,False,False,False,False,False,True
38.1,5876.49,27147.27,24,516.7,3,0,1131.13625,0.19248501198422016,True,False,False,False,False,False,False,False,False,False
55.3,5541.0,13390.2,24,819.2,2,3,557.9250000000001,0.10069030842683577,False,False,True,False,False,False,False,False,False,True
51.0,1831.64,5005.19,60,638.5,1,2,83.41983333333333,0.045543792927592426,False,False,False,False,False,False,False,True,False,False
28.8,2990.48,15037.92,60,558.7,2,1,250.632,0.0838099566497353,True,False,False,False,False,True,False,False,False,True
65.0,6100.15,11035.33,12,478.8,4,1,919.6108333333333,0.150752167049304,True,False,False,False,False,True,False,False,False,True
31.6,2795.06,16389.62,36,369.8,4,0,455.2672222222222,0.1628828077370053,False,False,False,False,False,False,False,True,False,False
27.4,2430.01,18321.35,24,623.3,2,0,763.3895833333332,0.3141507978122827,True,False,False,False,False,True,False,True,False,False
35.5,3971.01,25652.63,24,480.9,0,0,1068.8595833333334,0.26916567337822783,True,False,False,False,False,False,False,True,False,False
39.4,6423.7,14272.63,24,687.0,1,0,594.6929166666666,0.09257794039897368,True,False,False,False,False,False,False,True,False,False
43.1,4299.22,13722.77,24,702.9,3,1,571.7820833333334,0.13299670219327375,False,False,False,False,True,False,False,True,False,False
32.5,1581.8,26760.31,24,590.3,3,0,1115.0129166666668,0.704901321037839,False,False,False,True,False,False,False,False,True,False
22.3,3053.7,27964.29,60,655.3,2,0,466.0715,0.15262517551617652,False,False,False,False,False,False,False,True,False,False
46.2,9899.35,2313.7,12,793.7,1,0,192.8083333333333,0.0194768679901776,True,False,False,False,False,True,False,False,False,True
39.5,2357.66,15486.31,24,548.4,1,0,645.2629166666667,0.27368785742209994,True,False,False,False,False,True,False,False,False,False
43.0,13572.29,34340.01,48,533.6,3,0,715.416875,0.05271158179444178,True,False,False,False,False,True,False,True,False,False
41.3,10476.67,16236.39,60,655.4,2,0,270.6065,0.025829438146062214,False,False,False,False,True,False,False,True,False,False
22.4,4432.84,34221.72,36,708.0,3,2,950.6033333333334,0.2144456671544375,False,False,False,False,False,False,False,False,False,True
47.9,1962.65,21765.9,36,623.3,0,2,604.6083333333333,0.30805713206774615,True,False,False,False,False,True,False,True,False,False
37.6,9194.26,4770.54,36,435.1,1,0,132.515,0.014412796663991666,False,False,False,False,False,True,False,True,False,False
34.7,3595.41,10305.42,48,561.5,5,1,214.69625,0.0597139823838895,False,False,False,True,False,True,False,False,False,True
40.6,3743.99,17564.22,36,676.7,3,1,487.89500000000004,0.13031418318341081,True,False,False,False,False,True,False,True,False,False
44.6,2618.96,22582.82,12,610.0,4,1,1881.9016666666666,0.7185683093598159,False,False,False,True,False,False,False,False,False,True
51.3,1729.61,6897.53,24,957.7,1,2,287.39708333333334,0.1661629394324177,False,True,False,False,True,False,False,True,False,False
62.3,10892.79,32932.21,48,623.3,3,1,686.0877083333334,0.06298548927349912,True,False,False,False,True,False,False,True,False,False
34.0,6148.9,26963.97,60,637.2,0,1,449.39950000000005,0.07308616163364805,True,False,False,False,False,True,False,True,False,False
36.7,9794.18,14373.27,36,288.6,2,1,399.2575,0.04076477046494472,True,False,False,False,True,False,False,True,False,False
34.1,9704.87,13502.04,48,485.6,0,2,281.2925,0.028984674674689435,True,False,False,False,False,False,False,False,False,True
38.9,9389.81,26219.9,36,465.7,2,0,728.3305555555556,0.07756605882120034,False,False,False,False,False,True,False,True,False,False
59.5,4703.37,19804.26,12,431.6,3,1,1650.3549999999998,0.35088776696094975,True,False,False,False,False,False,False,True,False,False
51.1,3747.13,14974.84,48,449.6,1,2,311.97583333333336,0.08325727490126059,True,False,False,False,True,False,False,False,False,True
40.6,2288.91,17241.53,48,677.4,4,1,359.19854166666664,0.1569299536012194,True,False,False,False,False,True,False,True,False,False
48.9,2153.66,23599.23,60,702.1,2,1,393.3205,0.18262887279037138,False,False,False,False,False,True,False,True,False,False
38.2,7277.16,27746.82,24,467.9,1,2,1156.1175,0.1588693251778588,False,False,True,False,False,True,False,True,False,False
33.8,6310.04,14927.69,36,596.8,4,0,414.65805555555556,0.06571401368270494,False,True,False,False,False,True,False,True,False,False
52.6,8996.02,25410.29,48,689.0,4,1,529.3810416666666,0.05884613874560141,True,False,False,False,True,False,False,False,True,False
28.5,2524.7,18533.68,36,620.3,2,0,514.8244444444445,0.20391509581546063,True,False,False,False,False,True,False,False,False,True
35.6,4264.07,10343.59,12,528.1,0,0,861.9658333333333,0.12949295926816135,False,False,True,False,False,True,False,False,False,False
51.8,1752.56,21508.12,48,574.0,3,0,448.0858333333333,0.25567503011399495,True,False,False,False,False,True,False,True,False,False
40.7,2462.42,18938.69,36,623.3,3,0,526.0747222222221,0.21364134472827895,True,False,False,False,False,False,False,True,False,False
21.9,12883.0,9270.59,12,559.4,2,1,772.5491666666667,0.05996655794977886,False,False,True,False,False,True,False,True,False,False
26.1,14569.66,10425.36,24,623.3,5,1,434.39000000000004,0.02981469709669636,True,False,False,False,False,True,False,False,False,False
25.1,4264.07,30006.07,36,459.4,0,0,833.5019444444445,0.12949295926816135,False,False,False,False,False,False,False,True,False,False
56.0,9542.14,3018.65,60,623.3,3,0,50.310833333333335,0.00527248953385807,False,False,False,True,False,True,False,False,False,True
24.9,4264.07,5616.73,36,708.0,3,1,156.02027777777778,0.12949295926816135,False,False,True,False,False,True,False,True,False,False
44.3,5370.23,21750.61,24,792.0,2,1,906.2754166666667,0.16875914345923274,False,False,True,False,False,False,False,False,False,True
29.9,1980.73,4633.3,36,639.0,2,3,128.70277777777778,0.06497744625870427,True,False,False,False,False,True,False,False,False,True
29.3,1522.74,27415.26,24,412.4,2,0,1142.3025,0.750162531028524,False,False,False,True,False,True,False,False,False,True
48.9,2950.0,8782.77,48,474.8,3,0,182.974375,0.06202521165415183,False,False,False,True,False,True,False,False,False,True
40.3,12782.61,24108.32,60,623.3,3,2,401.80533333333335,0.03143374733477716,True,False,False,False,False,False,False,True,False,False
36.8,5592.62,27826.49,36,684.1,1,2,772.9580555555556,0.13821036547690563,True,False,False,False,False,False,True,False,False,True
23.3,2101.13,25053.74,36,735.5,1,0,695.9372222222223,0.3312204475258636,False,True,False,False,False,False,False,False,False,True
48.1,12297.63,33602.66,48,443.7,3,0,700.0554166666667,0.056926043156072054,False,False,True,False,False,False,False,False,False,True
50.2,12376.15,14526.59,12,775.3,6,0,1210.5491666666667,0.09781306510413465,True,False,False,False,False,True,False,False,True,False
22.6,1552.38,9991.68,48,626.1,2,0,208.16,0.13409087894657956,False,False,False,False,False,True,False,True,False,False
38.2,37281.65,3569.07,60,660.7,3,1,59.484500000000004,0.0015955436517440767,False,True,False,False,False,True,False,True,False,False
42.3,8953.62,29296.9,48,859.9,2,0,610.3520833333333,0.06816819148586285,True,False,False,False,False,False,False,False,False,True
20.8,6223.03,9593.0,48,549.4,2,3,199.85416666666666,0.03211525034356482,True,False,False,False,False,False,False,False,False,True
41.1,4912.25,30280.47,60,661.6,1,1,504.6745,0.10273795083161902,True,False,False,False,False,True,False,False,True,False
38.7,4264.07,7127.22,24,611.7,2,0,296.96750000000003,0.12949295926816135,False,False,True,False,False,False,False,False,False,True
22.3,10404.69,8574.98,24,628.8,2,0,357.2908333333333,0.03433940203792129,True,False,False,False,False,True,False,False,False,True
31.4,7684.58,29830.92,12,660.1,0,0,2485.91,0.3234932809294805,False,True,False,False,False,True,False,False,True,False
31.7,2805.13,7291.85,36,651.7,1,3,202.5513888888889,0.07220748705650505,False,False,False,False,False,True,False,False,False,True
33.2,2715.49,31039.53,36,645.2,2,1,862.2091666666666,0.317515131151842,True,False,False,False,False,False,False,True,False,False
37.5,5385.62,13500.35,24,459.1,4,0,562.5145833333333,0.10444750693306588,False,False,True,False,False,False,False,False,False,True
53.0,2334.38,10755.11,12,836.5,4,2,896.2591666666667,0.38393884578658066,False,False,False,False,False,True,False,False,True,False
49.3,13526.1,12540.93,36,377.6,0,0,348.3591666666667,0.025754590488693767,True,False,False,False,False,True,False,False,False,True
45.7,3161.1,14554.67,36,655.5,2,3,404.2963888888889,0.1278973735756272,False,False,False,False,False,True,False,True,False,False
54.8,10696.54,34150.98,24,418.0,2,1,1422.9575000000002,0.13302969919896557,True,False,False,False,False,False,False,False,True,False
59.9,1683.42,28932.14,12,641.5,4,0,2411.0116666666668,1.432210412341877,True,False,False,False,False,False,False,True,False,False
26.2,4264.07,26413.23,24,597.2,1,0,1100.55125,0.12949295926816135,False,False,False,False,False,False,False,False,False,True
49.2,23697.48,17737.88,36,689.0,2,0,492.7188888888889,0.020792037325528645,True,False,False,False,False,False,False,False,False,True
49.6,7408.04,14982.65,12,585.7,0,0,1248.5541666666666,0.1685404189206946,True,False,False,False,False,False,False,False,True,False
53.5,18869.01,29173.97,48,706.8,1,0,607.7910416666667,0.032211072088284234,False,False,False,False,False,False,False,True,False,False
47.4,4264.07,5590.64,36,535.3,2,4,155.29555555555555,0.12949295926816135,True,False,False,False,False,False,False,False,False,True
44.8,1594.39,20409.18,36,875.1,1,0,566.9216666666666,0.35557276645672575,False,False,False,False,False,True,False,False,False,True
53.6,5710.66,4016.4,60,623.3,7,2,66.94,0.011721937548861363,False,False,False,False,False,False,False,False,False,True
51.3,1796.04,34971.94,36,756.0,0,0,971.4427777777778,0.540880365898852,True,False,False,False,True,False,False,True,False,False
34.5,12784.44,26417.73,36,607.2,6,3,733.8258333333333,0.05739991996202681,True,False,False,False,False,False,False,False,False,True
29.2,11954.81,16101.1,36,688.2,3,1,447.2527777777778,0.03741195195939193,False,False,False,False,False,True,False,False,True,False
36.3,4620.61,8069.1,36,560.2,3,0,224.14166666666668,0.048509107278384374,False,False,False,False,False,True,False,True,False,False
33.3,18403.05,23526.53,24,518.4,0,0,980.2720833333333,0.05326682711836707,True,False,False,False,True,False,False,True,False,False
22.1,8830.45,13556.66,36,814.1,2,2,376.57388888888886,0.042644926188635864,True,False,False,False,False,True,False,True,False,False
37.0,7488.61,24991.55,36,500.1,1,0,694.2097222222222,0.09270207973111184,True,False,False,False,False,True,False,False,False,True
31.6,4873.99,26653.84,24,913.9,0,1,1110.5766666666666,0.22785780528644675,True,False,False,False,False,True,False,True,False,False
38.7,9188.14,7586.44,24,722.1,5,0,316.10166666666663,0.03440322702120716,False,False,False,False,False,False,False,True,False,False
22.5,7465.47,33315.02,36,505.4,2,0,925.4172222222221,0.12395967313278673,False,False,False,False,True,False,False,True,False,False
33.8,3281.59,7597.6,36,432.9,6,0,211.04444444444445,0.06431164277113473,False,False,False,False,False,False,False,False,False,True
25.6,1995.94,22138.53,36,496.4,3,1,614.9591666666666,0.3081050350138863,True,False,False,False,False,True,False,False,False,True
45.8,4268.69,26398.09,24,545.4,3,2,1099.9204166666666,0.2576716543225088,True,False,False,False,False,True,False,True,False,False
42.8,7239.83,11148.43,36,877.4,0,0,309.67861111111114,0.042774293137182534,False,False,False,False,False,True,False,False,False,True
26.9,2904.56,8322.63,12,929.9,1,1,693.5524999999999,0.2387805717947621,True,False,False,False,False,False,False,True,False,False
23.8,3374.29,11136.73,24,519.6,5,0,464.03041666666667,0.13751942343173598,True,False,False,False,False,False,False,False,False,True
41.2,4683.81,13250.88,12,591.8,3,1,1104.24,0.23575678723996749,True,False,False,False,False,True,False,False,False,False
29.7,6960.01,31144.05,48,717.8,5,0,648.834375,0.09322319566606485,False,True,False,False,False,False,False,False,False,True
30.1,14912.62,11722.4,24,371.2,3,0,488.43333333333334,0.03275301945639352,False,False,False,False,False,False,False,True,False,False
26.4,9800.4,17447.37,36,456.1,3,0,484.64916666666664,0.04945197810009254,False,False,False,False,False,False,False,True,False,False
38.7,5111.6,27139.83,60,551.9,1,0,452.33050000000003,0.08849098112432315,True,False,False,False,False,True,False,False,False,True
33.9,4092.04,19846.8,36,509.1,1,1,551.3,0.13472497792122026,False,False,False,False,True,False,False,False,False,True
28.2,2008.5,21396.36,12,744.0,3,1,1783.03,0.8877420916716848,True,False,False,False,True,False,False,True,False,False
50.2,2612.77,21259.2,12,600.2,4,2,1771.6000000000001,0.6780543228908235,False,False,False,False,False,True,False,False,False,True
31.9,2120.48,7077.48,12,717.1,0,0,589.79,0.2781398538154575,True,False,False,False,False,True,False,True,False,False
21.1,2074.1,11991.53,36,623.3,4,1,333.09805555555556,0.16059883995447044,True,False,False,False,False,False,False,False,False,True
36.0,4264.07,12439.02,24,507.4,3,2,518.2925,0.12949295926816135,False,False,False,False,False,True,False,False,False,True
46.5,7542.89,29479.86,48,741.8,1,1,614.16375,0.08142286964091633,True,False,False,False,False,True,False,True,False,False
53.8,16610.81,27076.0,24,549.2,2,1,1128.1666666666667,0.06791761906779323,False,False,True,False,False,True,False,False,False,True
49.3,1570.6,12445.75,12,610.3,1,0,1037.1458333333333,0.6603500743218086,True,False,False,False,False,True,False,True,False,False
44.2,6959.74,10950.31,36,543.1,3,0,304.17527777777775,0.043704977102697516,True,False,False,False,False,True,False,True,False,False
29.4,9951.49,34799.1,48,799.7,1,1,724.9812499999999,0.07285152768796278,True,False,False,False,False,True,False,True,False,False
45.3,1450.74,5699.75,24,487.7,2,2,237.48958333333334,0.16370237375154031,False,False,False,False,False,True,False,False,False,True
36.2,7322.3,22102.77,12,579.2,3,2,1841.8975,0.2515463034134817,True,False,False,False,False,True,False,False,False,True
31.1,18335.2,25124.15,24,445.9,3,1,1046.8395833333334,0.057094527616954716,False,False,False,False,False,False,False,True,False,False
31.7,14835.44,30136.54,36,752.0,3,0,837.1261111111112,0.0564274541602296,True,False,False,False,False,True,False,False,False,True
31.9,5746.33,23098.18,12,712.5,1,1,1924.8483333333334,0.33497002956384914,False,False,False,False,False,False,False,False,False,True
48.3,7554.84,30097.36,36,471.7,2,0,836.0377777777778,0.11066253907047038,True,False,False,False,False,False,False,True,False,False
32.7,4325.55,6084.1,60,703.6,5,1,101.40166666666667,0.023442490881446697,True,False,False,False,False,False,False,False,False,True
35.0,1788.17,11202.74,12,495.8,4,2,933.5616666666666,0.5220765707096645,True,False,False,False,False,False,False,False,False,True
45.1,1599.34,30794.7,36,266.1,1,1,855.4083333333333,0.5348508309582859,True,False,False,False,False,True,False,False,False,True
59.4,5704.02,31549.7,24,593.7,1,0,1314.5708333333334,0.2304639238692526,False,False,True,False,False,True,False,False,True,False
48.4,2183.13,33060.31,24,796.5,3,1,1377.5129166666666,0.6309807067636188,True,False,False,False,False,True,False,False,False,True
27.1,10492.23,14192.8,12,522.8,4,2,1182.7333333333333,0.11272468600155415,True,False,False,False,False,True,False,False,False,True
45.2,1699.98,14345.49,24,413.7,3,1,597.72875,0.3516092815703168,False,False,True,False,True,False,False,True,False,False
32.6,8447.81,5240.89,48,623.3,3,1,109.18520833333334,0.012924676123644658,True,False,False,False,False,True,False,True,False,False
38.7,1810.96,30252.94,48,745.5,3,2,630.2695833333333,0.34803064664764927,True,False,False,False,False,True,False,True,False,False
33.7,3347.97,20740.39,24,573.1,3,3,864.1829166666666,0.25812146288212023,False,False,False,False,False,False,False,False,False,True
20.2,6894.33,31657.33,12,592.2,5,0,2638.1108333333336,0.38264934076361884,False,False,False,False,False,False,False,False,True,False
37.7,12729.73,13315.35,12,791.9,0,1,1109.6125,0.08716700975812762,True,False,False,False,False,False,False,False,False,True
30.0,1529.76,9866.95,12,591.3,2,0,822.2458333333334,0.5374998875368258,True,False,False,False,False,False,False,False,False,True
56.0,4824.08,18278.69,24,537.3,3,0,761.6120833333333,0.15787716657985806,True,False,False,False,False,False,False,True,False,False
47.8,10800.12,2714.18,24,563.2,3,0,113.09083333333332,0.010471257099793404,True,False,False,False,False,False,False,False,True,False
38.7,2924.78,15999.83,24,493.0,3,1,666.6595833333333,0.227934949313789,False,False,True,False,False,True,False,False,False,True
28.5,5362.82,25005.66,48,564.7,0,3,520.95125,0.09714128928969966,True,False,False,False,False,True,False,False,True,False
60.5,4498.74,3877.29,36,737.5,3,0,107.7025,0.023940592201503998,True,False,False,False,True,False,False,False,True,False
40.1,21428.09,23370.09,24,742.7,5,1,973.75375,0.0454428625951063,False,False,False,True,False,True,False,False,False,True
43.3,7198.3,9938.11,24,615.2,1,1,414.0879166666667,0.05752579304716513,True,False,False,False,False,True,False,False,False,True
29.7,6081.35,11753.23,36,761.3,3,1,326.4786111111111,0.05368521965916431,True,False,False,False,False,False,False,True,False,False
55.0,5476.4,14879.54,24,857.8,2,2,619.9808333333334,0.11320955960142391,True,False,False,False,False,False,False,True,False,False
42.0,4900.02,32714.4,12,649.1,2,1,2726.2000000000003,0.5563650749254798,True,False,False,False,False,False,False,False,False,True
18.1,7031.81,11218.76,36,764.0,2,1,311.63222222222225,0.04431749745500053,False,False,False,False,False,True,False,True,False,False
53.7,2125.28,16814.58,60,509.8,4,1,280.24300000000005,0.131861683487062,True,False,False,False,False,True,False,True,False,False
31.8,4264.07,16490.12,48,514.6,2,4,343.5441666666666,0.12949295926816135,True,False,False,False,True,False,False,True,False,False
38.7,4264.07,17881.03,36,595.4,3,0,496.69527777777773,0.12949295926816135,False,False,False,False,False,True,False,True,False,False
53.7,7453.48,10546.41,48,707.3,2,0,219.716875,0.029478428157748558,False,False,False,False,False,True,False,False,False,True
39.3,4264.07,18788.43,24,892.5,5,0,782.85125,0.12949295926816135,False,False,False,False,False,False,True,True,False,False
59.1,4640.01,19887.39,36,623.3,2,1,552.4275,0.11905739401626851,False,True,False,False,False,True,False,True,False,False
48.3,6679.26,17663.39,48,544.6,2,0,367.98729166666664,0.05509402106157365,False,False,False,False,True,False,False,False,False,True
34.0,4762.55,10702.04,12,718.4,1,2,891.8366666666667,0.18726032583260302,True,False,False,False,False,True,False,False,False,True
34.7,2806.96,29760.07,36,934.3,1,1,826.6686111111111,0.29450672904709857,False,False,True,False,False,False,False,False,False,True
22.4,2050.96,18142.94,60,559.8,0,0,302.3823333333333,0.14743453400309509,False,False,False,False,False,True,False,False,False,False
41.2,16828.15,9633.83,36,521.1,2,1,267.6063888888889,0.01590230588210028,False,False,True,False,False,False,True,False,False,True
41.7,5582.77,30136.86,24,540.4,1,1,1255.7025,0.22492463378408098,True,False,False,False,False,False,False,True,False,False
26.7,6065.55,16042.54,36,542.1,4,0,445.62611111111113,0.0734683763840752,True,False,False,False,False,True,False,True,False,False
35.4,4811.2,18820.85,12,530.0,2,1,1568.4041666666665,0.3259902235215257,False,False,False,False,False,False,False,True,False,False
41.5,1649.36,27710.23,24,684.0,2,1,1154.5929166666667,0.70002480335792,False,False,True,False,False,True,False,True,False,False
48.4,12611.78,9819.56,24,705.0,2,1,409.1483333333333,0.03244175945099865,False,True,False,False,False,True,False,False,False,True
43.6,2074.38,14709.13,36,639.8,4,0,408.58694444444444,0.19696822302315012,False,True,False,False,True,False,False,False,False,False
42.5,1474.43,15639.31,24,647.5,3,0,651.6379166666667,0.4419592060980003,True,False,False,False,False,True,False,True,False,False
26.4,13066.23,16241.29,24,538.9,4,2,676.7204166666667,0.05179155855581535,False,True,False,False,False,True,False,True,False,False
29.2,6751.32,21436.1,36,742.8,2,0,595.4472222222222,0.08819715571773382,True,False,False,False,True,False,False,True,False,False
34.9,4264.07,12750.35,12,764.3,1,1,1062.5291666666667,0.12949295926816135,True,False,False,False,False,True,False,True,False,False
51.6,1651.62,20919.35,48,685.3,3,0,435.8197916666666,0.2638741290538534,False,False,True,False,True,False,False,False,False,True
39.1,15678.52,20044.47,48,526.6,1,0,417.59312500000004,0.026634728579843808,False,False,False,False,False,False,False,False,False,True
54.4,3971.75,4913.32,36,668.2,1,0,136.4811111111111,0.03436296614023577,True,False,False,False,False,True,False,False,False,True
55.5,3014.2,6226.59,48,669.6,3,1,129.720625,0.04303650208003284,False,False,False,False,False,False,False,False,False,True
38.2,8893.48,10904.64,36,627.0,1,1,302.90666666666664,0.03405940827730793,False,False,False,True,True,False,False,False,False,False
29.5,1926.92,6676.6,60,505.5,2,0,111.27666666666667,0.05774846184023314,False,False,True,False,False,False,False,False,True,False
32.7,5201.46,2041.03,24,763.0,2,2,85.04291666666667,0.016349816494439735,True,False,False,False,False,False,False,True,False,False
19.1,5418.17,13043.95,48,721.0,1,0,271.74895833333335,0.0501551183945469,False,False,False,True,False,True,False,True,False,False
44.3,2111.64,11586.61,24,601.8,3,1,482.7754166666667,0.228625814239363,False,False,False,False,False,True,False,False,True,False
41.8,5650.81,13893.15,60,623.3,3,1,231.55249999999998,0.040976868730364546,False,False,False,False,False,False,False,False,False,False
35.3,9332.67,33441.27,36,591.3,2,1,928.9241666666666,0.09953466324977953,False,False,True,False,False,True,False,False,False,False
20.8,4264.07,19789.97,24,855.7,1,2,824.5820833333333,0.12949295926816135,False,False,False,False,False,False,True,False,False,True
36.7,8721.41,28901.05,36,623.3,5,3,802.8069444444444,0.09205013220613904,False,False,False,False,True,False,False,False,False,True
34.2,7062.64,4141.92,24,572.7,3,0,172.58,0.024435621772544516,False,False,False,False,False,False,False,True,False,False
38.0,2945.97,24333.3,48,816.7,0,0,506.94374999999997,0.17208041775007749,True,False,False,False,False,True,False,False,False,False
26.7,4264.07,5379.63,36,217.4,1,1,149.43416666666667,0.12949295926816135,True,False,False,False,False,False,False,False,False,True
38.9,2150.53,29490.64,36,535.9,3,5,819.1844444444445,0.38092211716889474,False,False,False,False,False,False,False,False,False,True
39.7,2695.82,11618.86,24,746.4,5,2,484.1191666666667,0.17958141302863415,False,False,True,False,False,True,False,True,False,False
45.2,5540.29,9103.87,36,441.4,4,2,252.8852777777778,0.04564477262405579,False,False,True,False,False,True,False,False,False,True
24.1,4144.07,13697.23,36,635.7,3,1,380.4786111111111,0.091812785544883,True,False,False,False,False,True,False,False,False,True
53.1,3978.11,2668.92,60,639.5,4,0,44.482,0.011181691780313535,False,True,False,False,False,True,False,True,False,False
59.0,4280.79,31643.0,24,705.6,3,1,1318.4583333333333,0.3079941623516668,True,False,False,False,True,False,False,True,False,False
31.3,3421.56,31505.55,36,835.4,1,3,875.1541666666667,0.25577636052236497,True,False,False,False,False,True,False,False,True,False
34.2,5523.94,7810.21,36,582.2,4,1,216.95027777777779,0.03927455355869765,False,True,False,False,False,True,False,False,False,True
22.1,5237.83,18862.89,24,581.9,2,0,785.95375,0.15005331377678674,False,True,False,False,False,False,False,False,False,True
41.7,4264.07,17921.69,36,379.4,3,0,497.8247222222222,0.12949295926816135,True,False,False,False,False,True,False,True,False,False
46.2,10773.22,9529.52,36,590.0,2,1,264.7088888888889,0.02457100928442739,True,False,False,False,True,False,False,True,False,False
27.5,1761.44,21014.12,36,789.5,1,3,583.7255555555555,0.33139110741305094,False,False,True,False,False,True,False,False,False,True
33.7,2475.85,34046.48,36,692.6,0,1,945.7355555555556,0.3819841879498813,False,False,False,True,False,True,False,True,False,False
32.8,4039.9,23609.99,36,702.0,4,0,655.8330555555556,0.16233893263005675,False,False,False,True,False,False,False,False,False,True
59.8,2962.75,24025.12,24,399.8,1,1,1001.0466666666666,0.3378775338074057,True,False,False,False,False,True,False,True,False,False
41.7,1702.57,16300.29,60,585.4,2,0,271.67150000000004,0.15956553821830802,True,False,False,False,False,True,False,True,False,False
39.9,3062.12,26243.6,60,930.6,1,0,437.3933333333333,0.1428400362836639,False,False,False,False,False,False,False,True,False,False
46.4,3677.77,13326.6,60,708.7,1,0,222.11,0.060392574684135836,False,False,True,False,False,False,False,True,False,False
45.1,1439.99,25814.73,48,609.9,2,1,537.806875,0.37347958754241634,True,False,False,False,True,False,False,False,False,True
28.8,3319.72,33827.16,12,700.5,3,0,2818.9300000000003,0.8491469134470772,False,False,False,False,False,True,False,False,False,True
22.5,10958.25,24527.18,12,947.6,1,1,2043.9316666666666,0.1865198973195052,False,True,False,False,False,True,False,False,False,True
43.3,10325.54,29441.0,24,684.9,5,1,1226.7083333333333,0.1188033102525679,False,False,True,False,True,False,False,True,False,False
20.9,1465.25,11716.22,24,623.3,1,0,488.1758333333333,0.3331689677540649,True,False,False,False,False,True,False,False,False,True
30.9,4053.9,24497.29,36,658.2,1,1,680.4802777777778,0.16785818004864353,False,False,False,True,False,True,False,False,False,True
19.5,4264.07,11019.31,36,500.6,2,2,306.09194444444444,0.12949295926816135,False,False,False,True,True,False,False,False,False,True
29.9,2571.2,22396.99,24,921.2,2,1,933.2079166666667,0.36294645031005063,True,False,False,False,False,True,False,True,False,False
38.7,4060.51,22997.99,36,879.7,2,1,638.8330555555556,0.15732827994076426,True,False,False,False,False,True,False,False,False,True
26.1,6856.52,31976.62,36,623.3,2,0,888.2394444444444,0.12954668594986635,True,False,False,False,False,False,False,False,True,False
51.8,3375.2,24606.49,36,582.6,1,1,683.5136111111111,0.20251055021510003,True,False,False,False,False,True,False,True,False,False
46.2,6907.65,18183.54,36,842.5,0,1,505.09833333333336,0.07312158731292372,False,False,False,False,False,True,False,False,True,False
51.0,4264.07,17335.88,60,724.5,2,1,288.9313333333333,0.12949295926816135,True,False,False,False,False,True,False,False,True,False
27.0,2408.48,32628.36,12,698.2,2,2,2719.03,1.1289402397821853,True,False,False,False,False,True,False,False,False,True
25.8,2696.99,27805.81,48,668.4,3,3,579.2877083333334,0.21479045387095572,True,False,False,False,False,True,False,True,False,False
40.6,6015.3,34836.03,36,736.4,5,0,967.6675,0.16086770375398118,False,False,False,False,True,False,False,True,False,False
51.1,5852.25,3969.16,36,375.2,2,1,110.25444444444445,0.018839667522072327,True,False,False,False,False,False,False,False,False,True
29.0,2421.34,21714.16,24,641.1,5,0,904.7566666666667,0.3736594872798003,True,False,False,False,False,True,False,True,False,False
27.2,1418.87,28980.23,36,688.8,1,0,805.0063888888889,0.5673573923018423,True,False,False,False,True,False,False,False,False,True
40.5,1693.77,23901.94,36,638.2,0,1,663.9427777777778,0.3919911049657668,False,False,True,False,False,False,True,False,False,True
24.8,5200.12,14290.08,24,783.0,3,2,595.42,0.11450120359818389,True,False,False,False,False,True,False,False,True,False
25.6,1749.12,7370.72,48,763.7,2,0,153.55666666666667,0.08779081240209852,False,False,False,False,False,True,False,False,False,True
54.9,9892.69,25667.17,24,517.7,2,0,1069.4654166666667,0.10810663384636537,True,False,False,False,False,True,False,False,False,False
37.8,2426.12,2719.04,36,498.1,1,1,75.52888888888889,0.031131555148786263,True,False,False,False,False,False,False,False,True,False
21.7,6122.37,33935.89,12,908.5,5,2,2827.9908333333333,0.46191112734353235,True,False,False,False,False,True,False,True,False,False
32.3,2881.87,20605.98,36,684.5,1,1,572.3883333333333,0.19861698527246666,False,False,False,True,False,True,False,False,False,True
38.0,6803.77,14498.8,48,678.2,4,2,302.05833333333334,0.04439572955719785,True,False,False,False,False,True,False,True,False,False
48.7,9979.57,6875.03,36,761.8,3,0,190.97305555555556,0.01913640120407909,True,False,False,False,False,False,True,True,False,False
36.1,2756.0,11823.18,24,585.5,3,1,492.6325,0.1787490922396622,True,False,False,False,False,True,False,False,True,False
38.7,2901.83,10697.96,24,444.7,0,1,445.7483333333333,0.15360938848838127,False,False,False,False,True,False,False,True,False,False
37.1,11885.61,5966.32,36,667.1,1,1,165.7311111111111,0.013943845622704483,False,False,False,False,False,False,True,False,False,True
37.6,1803.67,33831.15,36,747.6,3,0,939.7541666666667,0.5210233365618064,False,False,False,False,False,False,False,False,True,False
37.1,15535.45,34058.74,36,504.1,4,3,946.076111111111,0.06089788905388206,True,False,False,False,False,True,False,True,False,False
40.3,8558.28,27368.06,48,404.8,0,1,570.1679166666667,0.06662178802287945,True,False,False,False,False,False,True,True,False,False
32.2,3292.4,22702.12,24,788.6,3,2,945.9216666666666,0.2873045996214374,False,False,False,False,False,False,False,True,False,False
41.1,10562.82,2401.56,36,697.0,1,0,66.71,0.00631554830403666,False,False,True,False,False,True,False,False,True,False
40.0,10555.03,28539.72,24,751.0,4,0,1189.155,0.11266239876849009,True,False,False,False,False,False,False,False,False,True
26.7,3766.18,20560.82,36,641.0,1,0,571.1338888888889,0.1516480591401389,True,False,False,False,False,False,False,True,False,False
46.0,6907.92,27489.45,36,450.7,1,0,763.5958333333333,0.11053918288398555,False,False,False,False,False,True,False,False,False,True
53.1,8166.47,30079.91,12,648.6,3,0,2506.659166666667,0.30694524850972504,False,False,False,False,False,True,False,False,False,True
44.6,1943.13,28975.77,48,809.7,1,0,603.661875,0.3106646863016644,True,False,False,False,False,True,False,False,False,True
33.0,3087.71,32922.8,24,343.3,2,1,1371.7833333333335,0.4442720750622995,False,False,False,False,False,True,False,True,False,False
47.7,10494.2,18682.88,36,754.2,6,0,518.968888888889,0.04945292527247048,True,False,False,False,False,False,False,False,True,False
61.8,6295.79,29147.65,24,764.4,0,1,1214.4854166666667,0.19290437176869352,False,False,False,True,False,True,False,False,False,False
26.0,3031.09,26998.71,24,397.6,0,0,1124.94625,0.37113587728791986,False,False,False,False,False,False,True,False,False,True
45.2,5301.28,32386.62,12,820.2,1,1,2698.8849999999998,0.5091006313397884,True,False,False,False,False,False,False,True,False,False
46.6,4264.07,28573.93,12,683.2,2,1,2381.1608333333334,0.12949295926816135,True,False,False,False,False,True,False,False,False,True
41.0,3949.36,12661.93,48,476.4,3,0,263.79020833333334,0.06679315323632229,True,False,False,False,False,True,False,True,False,False
35.5,4264.07,28740.0,60,662.3,4,1,479.0,0.12949295926816135,False,False,False,False,False,False,False,False,False,True
38.7,3351.13,10897.99,48,609.0,5,2,227.04145833333334,0.06775071622283413,True,False,False,False,False,False,False,False,False,True
28.3,6186.43,5265.43,24,760.9,1,2,219.39291666666668,0.03546357371085278,True,False,False,False,False,False,False,False,False,True
34.4,3575.41,22828.75,24,468.9,4,0,951.1979166666666,0.2660388358275773,True,False,False,False,False,False,False,True,False,False
31.0,11571.88,17037.56,12,517.3,4,0,1419.7966666666669,0.1226936906915497,False,False,False,False,True,False,False,False,False,True
25.4,17270.12,21996.36,12,638.4,5,1,1833.03,0.10613881078641098,True,False,False,False,False,True,False,False,False,True
39.9,5417.58,13155.4,48,625.8,2,1,274.0708333333333,0.05058916210327152,True,False,False,False,False,False,False,False,False,False
21.2,4540.07,24723.78,36,512.9,5,0,686.7716666666666,0.15126895954335,True,False,False,False,False,True,False,True,False,False
50.6,10220.07,16315.67,60,908.4,2,1,271.92783333333335,0.026607237823934766,False,False,False,False,False,False,False,True,False,False
32.3,3926.28,9721.88,48,730.1,3,1,202.53916666666666,0.05158551253369895,True,False,False,False,True,False,False,False,False,True
53.8,1504.85,19555.4,12,611.0,2,1,1629.6166666666668,1.0829096958750506,False,False,True,False,False,False,False,True,False,False
37.0,8292.11,4605.25,24,613.7,3,0,191.88541666666666,0.02314072249828565,False,False,False,False,True,False,False,False,False,True
44.7,1608.95,18450.75,48,360.7,2,0,384.390625,0.2389077489113537,False,False,True,False,False,True,False,False,False,True
49.5,2390.32,22879.6,48,751.9,2,2,476.6583333333333,0.19941193285384964,False,False,False,True,False,False,False,True,False,False
44.1,1663.37,20194.14,24,756.5,1,1,841.4225,0.5058540763278521,True,False,False,False,False,True,False,False,True,False
59.2,1437.02,28338.13,12,515.7,1,0,2361.5108333333333,1.6433388657777517,False,False,False,False,False,True,False,False,False,True
23.6,14028.56,30905.82,24,484.3,2,2,1287.7425,0.09179434661020494,False,False,False,False,False,True,False,True,False,False
29.1,5965.77,22711.02,48,796.3,0,2,473.14625,0.07931017273661209,False,False,False,True,False,False,False,True,False,False
28.1,3383.24,33717.11,48,874.9,2,0,702.4397916666667,0.20762339934217872,False,False,True,False,False,False,False,True,False,False
29.5,5067.28,2982.47,48,675.4,0,2,62.134791666666665,0.012261961356792413,False,False,False,True,True,False,False,False,False,True
34.7,2967.09,16586.91,12,491.7,3,4,1382.2425,0.46585796027131643,True,False,False,False,False,True,False,False,False,True
27.3,4264.07,28287.68,36,673.9,3,0,785.7688888888889,0.12949295926816135,True,False,False,False,False,True,False,False,True,False
28.7,5859.57,20023.1,60,751.4,3,2,333.7183333333333,0.05695270007249787,False,False,True,False,False,True,False,False,False,True
40.7,2037.42,27696.26,24,624.2,2,0,1154.0108333333333,0.5664079216210963,True,False,False,False,False,False,False,False,True,False
45.2,3351.05,19408.36,36,990.0,1,0,539.1211111111111,0.16088124901218978,False,False,True,False,False,True,False,False,False,True
54.4,2575.56,26372.38,48,607.2,5,0,549.4245833333333,0.21332237695883982,True,False,False,False,False,False,True,True,False,False
52.2,2072.49,20205.43,24,623.3,2,0,841.8929166666667,0.4062229070366745,True,False,False,False,False,True,False,True,False,False
26.4,2966.05,23019.14,48,612.1,1,1,479.56541666666664,0.16168487215313898,True,False,False,False,False,False,False,True,False,False
44.3,2635.19,31015.22,24,574.8,4,2,1292.3008333333335,0.49040138602124306,False,False,True,False,False,False,False,False,False,False
49.2,4700.44,12598.92,36,649.7,3,1,349.97,0.07445473173903991,True,False,False,False,False,False,False,True,False,False
57.5,7309.74,3098.42,12,661.5,1,0,258.20166666666665,0.035322961735087303,True,False,False,False,False,False,False,False,False,False
36.5,2103.17,23524.47,24,691.3,1,0,980.1862500000001,0.4660518385767587,False,True,False,False,True,False,False,True,False,False
44.2,10276.68,16411.84,12,692.1,1,1,1367.6533333333334,0.1330831875666559,True,False,False,False,False,True,False,False,False,False
33.7,6321.83,7017.97,60,741.5,4,1,116.96616666666667,0.01850194745534872,False,False,False,False,False,True,False,False,False,False
38.7,12023.85,4893.99,36,403.3,4,0,135.94416666666666,0.011306209454842215,True,False,False,False,True,False,False,False,False,True
38.7,10598.93,8588.77,24,493.8,0,2,357.8654166666667,0.03376429661569835,False,False,False,False,False,False,False,True,False,False
43.3,3467.76,24922.54,48,738.8,0,0,519.2195833333334,0.14972765757608852,False,False,True,False,False,True,False,True,False,False
36.3,2186.4,20817.9,48,703.4,6,0,433.70625,0.19836546286880047,False,False,False,False,True,False,False,True,False,False
44.5,1410.63,14302.73,24,507.6,1,2,595.9470833333334,0.4224687402852952,True,False,False,False,False,False,False,False,False,True
60.9,14069.75,10389.43,12,566.9,3,1,865.7858333333334,0.061535267699709,True,False,False,False,False,False,False,False,False,True
34.2,5603.2,9809.63,24,504.5,2,2,408.7345833333333,0.07294663453095857,False,False,False,True,False,True,False,False,True,False
38.7,3276.89,28550.44,12,595.0,3,1,2379.2033333333334,0.72605529208267,True,False,False,False,False,True,False,False,False,True
45.4,4264.07,27894.31,12,939.0,3,0,2324.5258333333336,0.12949295926816135,True,False,False,False,False,False,True,False,False,False
33.8,11948.22,31752.33,12,782.6,3,2,2646.0275,0.22145788224400131,True,False,False,False,False,True,False,False,False,True
49.6,7897.14,34083.31,36,661.1,0,1,946.758611111111,0.11988626387682735,False,False,False,True,False,True,False,False,False,True
38.7,3948.55,13271.09,60,632.3,1,0,221.18483333333333,0.05601672329669526,True,False,False,False,False,True,False,False,False,True
38.7,7433.14,26548.31,36,783.1,5,0,737.4530555555556,0.09921151149627755,False,False,False,False,False,True,False,False,True,False
44.0,4445.53,24513.47,12,558.2,1,2,2042.7891666666667,0.45951532484799645,False,False,False,False,False,False,False,False,False,True
26.8,4781.27,3802.51,24,650.0,3,1,158.43791666666667,0.03313720336548545,False,False,False,False,False,False,False,False,False,True
38.3,2859.09,9784.73,24,902.0,5,0,407.6970833333333,0.14259679894909402,False,False,False,False,True,False,False,True,False,False
29.2,2036.91,23441.18,24,339.0,3,2,976.7158333333333,0.47950858336315666,True,False,False,False,False,True,False,True,False,False
34.2,4644.5,22840.72,48,658.3,1,2,475.84833333333336,0.10245415702633046,False,False,False,True,False,True,False,False,False,True
36.6,3626.83,27770.2,24,497.0,4,0,1157.0916666666667,0.3190366417715471,True,False,False,False,False,False,False,True,False,False
50.7,2942.51,34466.69,36,623.3,3,3,957.4080555555556,0.3253712144739842,False,False,False,False,False,True,False,True,False,False
56.5,1791.57,6097.29,60,571.4,2,0,101.6215,0.056722036779349755,False,False,False,False,False,False,False,True,False,False
42.3,4264.07,32576.0,24,386.5,0,0,1357.3333333333333,0.12949295926816135,True,False,False,False,False,False,False,True,False,False
31.0,2397.86,3704.18,12,627.2,3,0,308.6816666666667,0.12873214673890268,False,False,False,False,False,False,False,True,False,False
42.6,1523.57,18652.61,36,642.4,1,2,518.1280555555555,0.34007498976404477,True,False,False,False,False,False,False,False,False,True
45.2,1982.62,3934.78,48,461.0,3,0,81.97458333333334,0.04134659335619908,False,False,False,False,False,False,False,False,False,True
40.4,7763.67,20514.61,24,536.7,2,2,854.7754166666667,0.11009940087171051,True,False,False,False,False,False,False,True,False,False
41.0,4264.07,26631.83,24,644.6,6,0,1109.6595833333333,0.12949295926816135,True,False,False,False,False,True,False,True,False,False
28.4,8932.31,30557.35,12,604.0,4,1,2546.445833333333,0.28508256324315967,True,False,False,False,False,False,False,False,False,True
42.4,1571.16,16984.51,24,652.4,0,1,707.6879166666666,0.4504238347223887,True,False,False,False,False,False,False,True,False,False
31.3,2096.88,20857.8,36,734.6,1,0,579.3833333333333,0.27630733784015293,False,False,False,False,False,False,False,True,False,False
45.3,5750.66,17707.44,36,679.7,3,1,491.8733333333333,0.08553337051364532,False,False,False,False,True,False,False,False,False,True
42.8,24114.37,14818.42,12,817.4,1,1,1234.8683333333333,0.05120881585632323,True,False,False,False,False,True,False,True,False,False
61.1,3908.55,4511.33,12,729.9,1,0,375.94416666666666,0.09618507264965676,True,False,False,False,False,False,False,True,False,False
37.5,4264.07,4717.43,12,578.9,3,1,393.1191666666667,0.12949295926816135,True,False,False,False,False,True,False,False,False,True
41.5,4488.12,10577.24,24,570.3,2,1,440.7183333333333,0.0981966463355184,True,False,False,False,False,True,False,False,False,True
25.0,7936.24,23065.69,24,526.4,2,0,961.0704166666666,0.12109896064832679,True,False,False,False,False,False,False,False,False,True
24.5,1672.05,18176.69,24,438.0,3,0,757.3620833333333,0.45295420519948043,False,False,True,False,False,True,False,False,False,True
24.5,4176.32,3515.36,36,651.5,5,1,97.64888888888889,0.023381562872354916,False,False,False,False,False,True,False,True,False,False
53.0,2958.6,20026.18,60,740.0,3,0,333.7696666666667,0.11281337982104134,True,False,False,False,False,True,False,False,False,True
32.4,2526.88,17304.99,36,819.1,2,3,480.6941666666667,0.1902322883414898,False,False,True,False,False,False,False,False,False,True
47.9,3074.7,9517.74,48,451.5,0,1,198.28625,0.06448962479432262,True,False,False,False,False,True,False,False,False,True
51.0,3248.82,21645.55,48,727.5,6,1,450.94895833333334,0.13880392171474384,False,False,False,False,False,True,False,False,False,True
47.0,5394.86,16396.82,36,867.2,3,1,455.46722222222223,0.0844261429171398,True,False,False,False,False,False,False,True,False,False
39.6,10638.03,20022.77,12,495.5,3,0,1668.5641666666668,0.15684898097656963,True,False,False,False,False,False,False,True,False,False
38.7,11747.43,10339.36,12,709.2,1,0,861.6133333333333,0.07334483649614298,False,False,True,False,False,True,False,True,False,False
60.3,7126.69,4812.06,12,623.3,3,0,401.00500000000005,0.05626805704153254,True,False,False,False,True,False,False,False,False,True
47.5,4338.78,31167.91,36,637.6,3,0,865.7752777777778,0.19954348360192106,False,False,False,False,False,False,False,False,False,True
46.0,4645.5,14640.27,12,500.4,1,2,1220.0225,0.2626245823643858,False,False,False,False,False,True,False,False,False,True
45.4,2270.42,17104.56,36,266.4,4,0,475.1266666666667,0.20926818147038206,True,False,False,False,False,True,False,False,False,False
34.9,10659.64,19605.75,12,583.6,3,1,1633.8125,0.15327088892939078,True,False,False,False,False,False,False,True,False,False
34.6,1621.05,29529.87,48,823.8,3,1,615.2056249999999,0.3795105772214887,False,False,False,True,False,False,True,True,False,False
31.6,4264.07,18110.93,48,592.3,3,1,377.31104166666665,0.12949295926816135,False,False,False,True,False,False,False,False,False,True
38.7,2532.38,15646.06,48,676.7,2,0,325.95958333333334,0.12871669419524967,True,False,False,False,False,True,False,True,False,False
29.5,14805.81,23307.62,36,474.6,5,0,647.4338888888889,0.04372836666495148,False,False,True,False,False,True,False,False,False,True
22.6,3189.03,4885.86,12,751.5,3,1,407.155,0.12767361822349232,True,False,False,False,False,True,False,True,False,False
33.1,2475.9,11967.61,12,527.9,2,1,997.3008333333333,0.40280335607467976,True,False,False,False,False,True,False,False,False,True
42.5,2518.78,4959.38,60,496.6,1,1,82.65633333333334,0.03281601926534796,False,True,False,False,False,False,False,True,False,False
39.2,4033.9,4522.65,36,572.5,1,0,125.62916666666666,0.03114335168329238,True,False,False,False,False,True,False,False,False,True
38.7,3267.28,16848.67,24,623.3,3,4,702.0279166666666,0.21486616222607333,False,False,False,False,False,True,False,True,False,False
32.4,6979.54,30037.17,12,574.1,1,0,2503.0975,0.3586335913847709,False,False,False,False,False,True,False,False,True,False
33.0,1513.97,7913.93,12,659.2,2,0,659.4941666666667,0.43560583255322655,False,True,False,False,True,False,False,False,False,True
32.0,4161.93,30067.23,12,698.6,5,0,2505.6025,0.6020289851053983,False,False,False,True,False,True,False,False,False,True
38.8,3490.72,5510.02,24,674.9,3,0,229.58416666666668,0.06576986008874046,True,False,False,False,False,True,False,False,False,False
37.7,1723.44,3034.14,24,657.4,4,1,126.4225,0.07335474357474155,True,False,False,False,False,True,False,True,False,False
42.2,4264.07,31104.76,36,539.6,4,1,864.021111111111,0.12949295926816135,True,False,False,False,False,False,False,True,False,False
43.5,8916.94,16872.71,24,674.6,1,1,703.0295833333333,0.07884202232435265,True,False,False,False,False,False,False,False,False,True
55.0,6063.77,15989.12,24,788.6,3,0,666.2133333333334,0.10986784331111749,False,False,False,False,False,True,False,False,False,True
41.5,3504.6,2195.81,48,362.2,3,0,45.74604166666666,0.013053142023664682,True,False,False,False,False,False,False,True,False,False
53.8,2325.5,17030.78,36,436.3,1,1,473.0772222222222,0.2034303247421711,True,False,False,False,False,True,False,False,False,True
48.3,2370.87,5753.52,12,754.4,1,3,479.46000000000004,0.20222956044730603,False,False,False,False,False,False,False,False,True,False
36.9,4722.07,34667.46,12,796.3,2,1,2888.955,0.6117984260889856,True,False,False,False,False,True,False,False,False,True
57.6,7744.19,31694.98,60,547.4,0,1,528.2496666666667,0.06821238450819814,True,False,False,False,True,False,False,False,False,True
32.8,4264.07,17384.3,12,570.1,2,0,1448.6916666666666,0.12949295926816135,True,False,False,False,False,True,False,False,False,True
44.3,12954.92,33435.34,24,625.1,0,1,1393.1391666666666,0.10753745801527852,True,False,False,False,False,True,False,True,False,False
29.7,6630.88,28064.98,24,591.6,2,0,1169.3741666666667,0.17635278649336722,False,False,False,False,True,False,False,True,False,False
37.2,3560.55,19193.07,24,583.5,2,0,799.71125,0.22460329099548298,False,True,False,False,False,True,False,True,False,False
54.4,3177.43,20989.55,36,590.1,3,0,583.0430555555555,0.18349516864906665,False,False,True,False,False,True,False,True,False,False
43.8,12486.09,27435.5,24,624.7,2,2,1143.1458333333333,0.09155354738094934,False,True,False,False,False,False,False,True,False,False
38.7,3779.24,14723.58,48,374.8,1,0,306.74125,0.0811647974694256,True,False,False,False,False,False,False,False,False,True
41.5,11941.59,5668.59,12,800.5,5,1,472.3825,0.03955775567612206,False,True,False,False,False,True,False,False,False,True
36.1,7943.5,10872.87,12,588.7,1,0,906.0725000000001,0.11406464390499826,False,False,False,False,True,False,False,True,False,False
55.6,1882.67,25509.01,36,530.5,3,0,708.583611111111,0.376371646304129,False,False,True,False,False,True,False,True,False,False
33.0,4264.07,19341.14,36,577.1,3,1,537.2538888888889,0.12949295926816135,False,False,False,False,False,True,False,False,False,True
43.0,11826.62,4494.66,48,676.1,2,1,93.63875,0.007917625654736835,False,False,False,False,False,True,False,False,False,True
55.0,1559.11,25369.01,36,396.8,3,2,704.6947222222221,0.4519852465203672,True,False,False,False,False,False,False,False,False,True
33.5,3906.96,3005.95,24,746.2,0,0,125.24791666666665,0.03205763978799124,True,False,False,False,False,False,False,False,False,True
48.6,4264.07,8392.63,24,856.4,2,0,349.69291666666663,0.12949295926816135,False,False,False,False,True,False,False,False,False,True
30.8,2421.66,24411.22,36,799.1,0,2,678.0894444444444,0.28001017551776164,True,False,False,False,True,False,False,True,False,False
34.8,3820.5,18695.57,60,571.0,2,1,311.5928333333333,0.08155812917622092,True,False,False,False,False,True,False,False,False,False
27.8,3316.99,26587.65,24,719.5,2,0,1107.8187500000001,0.33398314334989515,False,False,False,True,False,True,False,False,False,True
31.9,3160.35,25881.42,36,619.7,3,0,718.9283333333333,0.22748376953770802,True,False,False,False,False,False,False,True,False,False
28.8,9351.76,5821.56,12,936.3,1,0,485.13000000000005,0.05187579658601612,True,False,False,False,False,True,False,True,False,False
42.3,1481.87,5077.41,60,550.1,4,0,84.62349999999999,0.05710588609590662,True,False,False,False,False,True,False,False,True,False
22.4,10841.6,32199.64,48,556.0,2,1,670.8258333333333,0.06187516904465961,True,False,False,False,False,True,False,True,False,False
38.7,1572.52,2322.48,36,944.4,2,1,64.51333333333334,0.041025445096455934,False,False,True,False,False,True,False,False,False,True
33.8,4111.51,11568.62,48,510.6,2,0,241.01291666666668,0.058619075736280814,True,False,False,False,False,True,False,True,False,False
33.8,2832.3,9727.57,24,606.0,2,1,405.31541666666664,0.14310469061738504,False,False,False,False,False,False,False,False,False,True
37.7,2573.23,16442.53,48,655.3,3,3,342.5527083333333,0.13312168247770953,True,False,False,False,False,True,False,True,False,False
32.0,19041.49,25061.08,12,730.8,1,2,2088.4233333333336,0.10967751642526705,True,False,False,False,False,False,False,False,False,True
49.8,5512.05,14578.78,36,990.0,4,0,404.9661111111111,0.07346923746635439,False,False,False,True,False,True,False,True,False,False
35.8,5881.25,22924.91,60,757.9,9,3,382.08183333333335,0.0649660926986053,False,False,True,False,True,False,False,True,False,False
28.9,4141.05,3010.6,36,470.7,1,0,83.62777777777778,0.020194824398601693,False,False,False,False,False,True,False,False,False,True
38.3,4923.49,25792.95,24,607.9,1,0,1074.70625,0.21828139141486752,True,False,False,False,False,True,False,False,True,False
32.3,8469.2,31520.41,60,579.3,1,0,525.3401666666666,0.062029491102627364,False,False,False,False,False,False,False,True,False,False
37.1,13443.79,25089.93,24,715.2,6,1,1045.41375,0.07776183272889428,False,False,False,False,False,True,False,True,False,False
41.7,1486.31,19003.43,48,623.3,3,4,395.90479166666665,0.2663675740612597,False,False,False,False,False,True,False,False,False,True
25.9,4264.07,31338.19,24,768.5,2,2,1305.7579166666667,0.12949295926816135,False,False,False,False,True,False,False,False,False,True
42.6,1541.52,27346.97,36,520.0,5,2,759.6380555555556,0.49278507617656914,True,False,False,False,False,False,False,False,True,False
42.8,7842.14,30444.9,60,509.0,2,2,507.415,0.0647036394852634,True,False,False,False,True,False,False,False,False,True
43.1,4264.07,25844.29,12,530.8,4,0,2153.6908333333336,0.12949295926816135,True,False,False,False,False,False,False,True,False,False
46.3,5711.25,12090.04,60,479.4,4,0,201.5006666666667,0.03528135982733256,True,False,False,False,True,False,False,True,False,False
31.0,2359.67,11728.13,24,616.1,1,4,488.6720833333333,0.20709339918819125,False,False,True,False,False,False,False,True,False,False
37.5,10682.38,25387.27,24,661.2,2,0,1057.8029166666668,0.09902314986701796,True,False,False,False,True,False,False,True,False,False
46.1,4264.07,23931.12,12,933.6,1,1,1994.26,0.12949295926816135,True,False,False,False,False,True,False,True,False,False
50.8,10611.1,19672.71,48,565.6,1,0,409.848125,0.03862447103634451,False,False,False,False,False,False,True,True,False,False
44.9,2619.56,15966.9,24,652.0,4,1,665.2875,0.2539691770603873,True,False,False,False,True,False,False,False,True,False
55.5,4264.07,16490.82,36,627.8,3,1,458.0783333333333,0.12949295926816135,False,False,False,False,False,True,False,False,True,False
38.7,2169.56,7466.88,60,501.1,1,2,124.44800000000001,0.05736093928095586,True,False,False,False,False,False,False,True,False,False
52.6,15944.4,3588.98,24,766.7,1,1,149.54083333333332,0.009378893733194374,True,False,False,False,False,True,False,True,False,False
39.3,2611.31,11403.95,12,606.3,1,2,950.3291666666668,0.3639281291870308,True,False,False,False,False,True,False,True,False,False
19.8,3232.86,25560.11,48,534.7,1,1,532.5022916666667,0.16471554289994345,True,False,False,False,False,False,False,True,False,False
42.2,6621.04,25982.95,12,384.7,3,0,2165.2458333333334,0.32702503384107073,False,False,False,False,False,True,False,True,False,False
31.0,5473.53,15092.49,60,755.6,3,0,251.54149999999998,0.04595599175311729,False,False,True,False,False,True,False,True,False,False
39.7,6631.77,5202.79,24,844.2,2,0,216.78291666666667,0.032688545643136176,False,False,False,False,False,True,False,False,False,True
44.9,4264.07,24425.21,12,498.7,1,0,2035.4341666666667,0.12949295926816135,False,False,True,False,False,True,False,False,False,True
45.3,4155.12,34140.05,48,623.3,3,2,711.2510416666668,0.17117460866471262,False,False,False,False,True,False,False,False,False,True
45.1,2478.98,21273.28,24,722.7,2,1,886.3866666666667,0.35756103844769066,False,False,False,False,False,True,False,True,False,False
50.3,10163.52,3133.98,48,548.9,1,1,65.29125,0.006424078462556203,True,False,False,False,False,False,False,False,False,True
35.6,2632.64,22106.82,12,726.2,3,1,1842.235,0.6997671512255106,False,False,True,False,False,False,False,True,False,False
43.9,6601.13,25808.36,24,754.3,1,0,1075.3483333333334,0.1629036743261073,True,False,False,False,False,False,False,True,False,False
53.0,14784.72,27812.4,48,619.5,2,1,579.4250000000001,0.03919079966398363,True,False,False,False,False,True,False,True,False,False
48.4,9505.49,28766.58,12,455.2,1,0,2397.215,0.25219267996474387,False,False,False,False,True,False,False,False,True,False
28.0,10499.91,33175.4,60,650.2,2,0,552.9233333333334,0.05265981639906773,True,False,False,False,False,True,False,False,False,True
33.6,11868.81,20609.51,36,450.1,0,2,572.4863888888889,0.04823452295609616,True,False,False,False,False,False,False,True,False,False
31.6,9919.64,29348.56,12,376.2,2,0,2445.7133333333336,0.2465526300216346,True,False,False,False,False,False,False,False,False,True
52.4,4637.16,14601.77,36,625.2,1,0,405.6047222222222,0.08746834729609045,False,False,False,False,False,False,False,False,False,False
18.7,4426.37,27187.14,36,272.0,2,2,755.1983333333333,0.17061346693276855,False,False,False,False,False,True,False,False,True,False
42.3,16718.17,11290.66,24,646.6,4,0,470.44416666666666,0.02813969270472006,True,False,False,False,False,False,False,True,False,False
28.9,12441.38,32511.83,12,684.4,4,1,2709.3191666666667,0.21776677221409516,False,False,False,False,False,True,False,True,False,False
35.7,4264.07,30259.66,48,529.8,4,0,630.4095833333333,0.12949295926816135,True,False,False,False,False,False,False,False,True,False
51.1,3683.44,23372.77,36,669.7,3,0,649.2436111111111,0.17626012894156273,True,False,False,False,False,False,False,False,False,False
62.1,2831.54,5472.21,36,725.5,3,0,152.00583333333333,0.05368309569933759,True,False,False,False,False,False,False,True,False,False
42.8,1562.35,26992.28,24,556.1,0,0,1124.6783333333333,0.719863235596826,False,True,False,False,False,False,False,True,False,False
49.1,6276.12,28447.2,48,781.1,3,0,592.65,0.0944293606648226,True,False,False,False,False,True,False,True,False,False
51.3,2652.57,29472.06,12,394.7,2,1,2456.005,0.9258963913265383,False,False,True,False,False,False,False,False,False,True
29.8,26369.05,21256.48,48,623.3,1,1,442.8433333333333,0.016794057167982643,True,False,False,False,False,False,False,True,False,False
28.4,2878.32,26850.9,12,580.9,1,2,2237.5750000000003,0.7773892382452637,False,False,False,False,False,True,False,True,False,False
39.7,1674.73,11593.26,24,697.6,2,0,483.0525,0.28843604468519674,True,False,False,False,False,False,False,False,False,True
56.4,2579.31,21759.53,60,485.8,2,0,362.6588333333333,0.14060304187061767,False,False,True,False,False,False,False,True,False,False
36.3,12943.56,8027.09,24,656.6,2,2,334.46208333333334,0.025840038063325157,True,False,False,False,False,False,False,False,False,False
29.9,3525.58,5982.72,36,543.8,0,0,166.18666666666667,0.04713739758998312,False,False,True,False,False,False,False,False,False,True
75.2,3261.86,22518.06,24,692.9,3,0,938.2525,0.28764339889620216,False,False,True,False,False,False,False,False,False,True
27.8,3061.72,11120.52,12,508.5,2,1,926.71,0.302676272478619,True,False,False,False,True,False,False,True,False,False
31.5,4712.63,13681.85,24,618.9,1,1,570.0770833333333,0.12096792706485637,True,False,False,False,False,True,False,True,False,False
30.1,2890.15,13872.19,12,683.1,3,0,1156.0158333333334,0.3999847168255925,False,False,False,False,False,True,False,True,False,False
35.6,2635.69,11422.92,24,652.7,0,2,475.955,0.18058079599429067,False,False,False,False,False,True,False,True,False,False
40.7,9718.65,14457.42,60,459.3,2,1,240.957,0.02479325829740421,True,False,False,False,False,False,False,False,True,False
33.0,4998.5,7491.84,24,644.7,0,1,312.16,0.06245073509562723,False,True,False,False,False,True,False,False,False,True
23.4,4202.93,16828.09,36,990.0,4,0,467.44694444444445,0.11121930256565096,True,False,False,False,True,False,False,False,False,True
26.4,1418.02,23149.42,12,735.2,2,1,1929.118333333333,1.3604309669320769,False,False,False,True,False,True,False,True,False,False
27.2,6408.51,23840.37,36,931.9,1,0,662.2325,0.10333642281382657,False,False,False,False,False,False,False,False,False,True
54.8,8403.66,7132.82,48,587.6,2,0,148.60041666666666,0.017682821114828357,True,False,False,False,False,True,False,False,False,True
28.7,14604.65,23343.57,48,604.2,1,1,486.324375,0.033299283082238,True,False,False,False,True,False,False,True,False,False
30.7,2549.68,30052.77,24,594.6,1,2,1252.19875,0.49111996214772063,True,False,False,False,False,True,False,True,False,False
29.0,4807.31,7241.64,36,690.5,2,0,201.15666666666667,0.04184391400767321,False,False,True,False,False,True,False,False,False,True
47.9,9256.86,10393.86,12,725.2,4,0,866.1550000000001,0.09356898549446682,True,False,False,False,False,False,False,True,False,False
35.4,9445.05,21407.06,12,403.7,3,0,1783.9216666666669,0.18887371319134677,True,False,False,False,False,True,False,False,False,True
52.7,4160.1,32429.97,60,597.7,0,0,540.4995,0.12992464092227438,False,False,False,False,False,True,False,True,False,False
32.2,2067.03,4261.36,60,361.1,3,1,71.02266666666667,0.03435976561688461,False,True,False,False,False,True,False,False,False,True
39.7,2963.62,13525.74,36,609.7,0,1,375.715,0.1267756995607544,True,False,False,False,False,True,False,False,False,False
30.5,1813.33,16248.33,60,807.4,2,0,270.8055,0.1493415420836718,True,False,False,False,False,False,False,False,True,False
50.5,4195.26,24160.61,12,854.6,2,1,2013.3841666666667,0.4799188040473007,True,False,False,False,False,True,False,False,False,True
46.6,2718.02,9514.06,12,623.3,0,0,792.8383333333333,0.291697018571005,True,False,False,False,False,False,False,False,False,True
51.9,2283.8,18425.64,36,594.0,1,1,511.8233333333333,0.22411039981269343,True,False,False,False,False,True,False,False,False,True
38.7,5833.0,31339.47,24,734.0,3,0,1305.81125,0.22386614911046435,True,False,False,False,False,True,False,True,False,False
40.2,3968.93,25683.85,24,742.5,1,2,1070.1604166666666,0.26963448938890877,False,False,False,True,True,False,False,True,False,False
33.1,10155.67,25470.5,24,978.6,2,1,1061.2708333333333,0.10450032664396637,True,False,False,False,False,False,False,True,False,False
45.4,3843.82,20939.08,12,623.3,2,0,1744.9233333333334,0.45395552569937664,False,False,False,False,False,True,False,False,False,True
38.7,1556.47,2668.23,12,706.9,5,0,222.3525,0.1428569124823677,False,True,False,False,False,True,False,False,False,True
59.2,2538.67,2604.76,48,623.3,1,1,54.26583333333334,0.02137569401283995,True,False,False,False,False,True,False,True,False,False
52.8,2536.51,6654.64,60,475.8,1,0,110.91066666666667,0.043725696421228255,True,False,False,False,False,True,False,False,False,True
60.5,15016.73,32936.42,24,623.3,1,1,1372.3508333333332,0.09138812727001497,False,False,False,False,False,False,False,False,False,False
39.7,2090.55,31436.84,24,654.8,3,2,1309.8683333333333,0.6265663710830496,True,False,False,False,False,True,False,False,False,True
56.7,4215.86,13705.92,60,596.2,2,1,228.432,0.05418396233702267,False,False,False,False,False,False,False,True,False,False
22.8,2611.07,29840.05,24,761.8,0,0,1243.3354166666666,0.47617850609324197,False,False,False,True,False,True,False,False,True,False
34.4,4264.07,2826.2,48,910.0,2,0,58.87916666666666,0.12949295926816135,True,False,False,False,False,False,False,False,False,True
40.5,6159.43,25562.09,12,623.3,3,1,2130.1741666666667,0.34583949540919723,False,False,False,False,False,True,False,False,False,True
43.2,10640.65,3086.15,24,692.9,2,1,128.58958333333334,0.01208474888399542,True,False,False,False,False,False,True,True,False,False
34.5,9803.9,19907.76,48,594.9,7,1,414.74499999999995,0.04230408302583249,False,False,False,False,True,False,False,False,True,False
21.4,10601.55,13183.1,36,623.3,3,0,366.19722222222225,0.034541856792337323,True,False,False,False,False,True,False,False,False,True
26.3,4264.07,2315.54,36,424.6,1,1,64.32055555555556,0.12949295926816135,True,False,False,False,False,True,False,False,False,True
50.6,7619.03,5823.14,24,374.3,6,0,242.63083333333336,0.03184537047562218,False,False,True,False,False,False,False,False,False,True
32.6,1539.44,21092.48,24,555.3,2,1,878.8533333333334,0.5708915759135904,True,False,False,False,False,False,False,False,False,True
46.8,3960.94,25782.32,24,728.8,1,1,1074.2633333333333,0.2712142397060271,True,False,False,False,False,True,False,True,False,False
34.3,4600.93,7080.71,36,617.3,3,0,196.6863888888889,0.042749267748345705,False,False,False,False,True,False,False,False,True,False
46.4,4853.11,7006.32,24,631.9,1,2,291.93,0.06015318000178612,False,False,False,False,False,False,False,True,False,False
25.2,6590.26,24657.17,36,512.3,4,0,684.9213888888888,0.10392934237034585,True,False,False,False,False,True,False,False,False,True
52.3,4741.8,17154.83,48,644.8,0,0,357.3922916666667,0.07537059574696545,True,False,False,False,False,True,False,False,False,True
43.5,6786.39,26736.35,36,352.5,2,0,742.6763888888888,0.10943614908582137,True,False,False,False,True,False,False,False,False,True
35.0,4750.65,20048.85,36,503.2,4,2,556.9124999999999,0.1172286947739179,False,False,False,True,False,True,False,False,False,False
21.2,2658.96,12958.48,48,623.3,1,0,269.9683333333333,0.10153155080107176,True,False,False,False,False,True,False,False,False,True
48.7,2241.12,6802.8,24,751.9,1,0,283.45,0.12647693953703085,False,False,True,False,False,False,False,True,False,False
39.0,1865.63,18721.49,48,790.7,0,2,390.0310416666667,0.209061303461058,True,False,False,False,False,True,False,False,True,False
58.1,3044.18,26178.63,12,491.3,4,3,2181.5525000000002,0.7166305845362937,False,False,False,False,False,False,False,True,False,False
27.7,5276.16,17038.31,12,574.1,2,0,1419.8591666666669,0.269108435675867,False,True,False,False,False,True,False,True,False,False
20.8,1636.44,19076.36,12,744.6,1,0,1589.6966666666667,0.9714359566817647,False,False,False,False,False,True,False,False,True,False
47.1,1440.45,11789.69,24,437.0,1,0,491.2370833333334,0.3410302890923187,True,False,False,False,False,True,False,False,False,True
25.7,8444.62,6758.25,48,647.0,4,1,140.796875,0.0166729675027734,False,False,False,False,False,False,False,False,True,False
34.6,6525.81,22187.35,24,352.5,0,1,924.4729166666666,0.1416640869485973,False,False,False,False,False,False,False,True,False,False
37.4,18833.78,32169.64,12,782.6,3,2,2680.8033333333333,0.14234016389221557,False,True,False,False,False,False,False,False,False,True
30.8,4264.07,8353.12,36,411.9,2,0,232.03111111111113,0.12949295926816135,True,False,False,False,False,True,False,True,False,False
29.8,13443.79,25823.49,48,849.1,1,0,537.989375,0.04001768657497797,False,False,True,False,True,False,False,True,False,False
36.7,2411.97,7421.13,24,386.9,2,1,309.21375,0.12819966613100633,True,False,False,False,False,False,False,False,False,True
49.6,4501.04,9585.7,24,623.3,3,1,399.4041666666667,0.088735973414879,True,False,False,False,False,False,False,True,False,False
32.1,2627.95,19800.8,36,521.9,1,0,550.0222222222222,0.2092970643007864,False,False,False,False,False,False,False,False,False,True
39.1,2844.13,19974.71,48,596.8,1,3,416.13979166666667,0.14631531969477957,False,False,True,False,False,False,False,False,False,True
39.7,1816.73,6046.43,60,696.2,4,3,100.77383333333334,0.05546990074399296,False,False,True,False,False,True,False,True,False,False
38.5,4695.35,26279.43,48,489.0,3,1,547.488125,0.11660219660599913,True,False,False,False,True,False,False,False,False,True
48.8,5943.71,5167.2,36,664.2,4,0,143.53333333333333,0.024148777967270534,True,False,False,False,False,True,False,True,False,False
34.7,7543.71,19247.23,24,555.5,0,2,801.9679166666666,0.10630948374255794,True,False,False,False,False,True,False,True,False,False
54.1,4982.19,4647.4,60,711.0,3,2,77.45666666666666,0.015546710685702386,False,False,True,False,False,False,False,False,False,True
37.7,4508.89,29916.74,12,556.5,2,0,2493.061666666667,0.5529213755796777,True,False,False,False,False,False,False,True,False,False
27.8,7969.71,22647.09,60,581.1,3,1,377.4515,0.047360757107396935,True,False,False,False,False,False,False,False,False,True
35.7,1843.18,16869.71,12,714.1,0,0,1405.8091666666667,0.7627085575145027,True,False,False,False,False,False,False,True,False,False
50.8,2415.41,31847.3,48,684.5,2,2,663.4854166666667,0.27468852655233744,False,False,True,False,True,False,False,True,False,False
48.1,12106.08,13979.05,24,378.2,2,0,582.4604166666667,0.04811304866526045,False,False,True,False,False,False,False,False,True,False
46.3,4346.45,6647.5,60,404.5,0,1,110.79166666666667,0.025490150907468204,False,False,False,False,False,False,False,True,False,False
46.5,6465.91,16940.77,24,713.8,2,1,705.8654166666666,0.10916721939757815,False,False,False,False,False,True,False,True,False,False
38.2,8174.21,14148.41,36,438.2,1,0,393.01138888888886,0.04807943378113537,False,False,False,False,False,True,False,False,True,False
23.2,11648.94,27007.84,48,713.7,2,1,562.6633333333333,0.04830167662038919,False,True,False,False,False,True,False,False,False,False
18.6,1887.67,33131.53,24,648.7,4,0,1380.4804166666665,0.7313144825915132,False,False,False,False,False,False,False,False,True,False
33.3,3162.64,5664.53,36,597.9,1,1,157.34805555555556,0.049752123244515445,True,False,False,False,False,False,False,False,False,True
35.4,4264.07,18176.65,60,528.4,5,1,302.9441666666667,0.12949295926816135,True,False,False,False,False,True,False,True,False,False
25.8,5648.54,24106.4,36,425.0,3,3,669.6222222222223,0.11854784086449664,False,False,False,True,False,False,False,True,False,False
42.3,3984.77,32179.45,36,759.4,2,2,893.8736111111111,0.22432251017446075,False,False,False,False,False,False,False,False,False,True
33.3,5336.58,4527.9,24,639.7,2,1,188.6625,0.035352697728971184,False,False,True,False,True,False,False,False,False,True
41.7,2503.96,22355.67,12,884.7,6,0,1862.9724999999999,0.744010484416642,True,False,False,False,False,True,False,False,False,True
34.1,8741.0,20265.0,36,642.0,1,0,562.9166666666666,0.06439957282034904,True,False,False,False,False,True,False,False,False,True
38.7,12201.59,5263.4,12,802.7,4,0,438.6166666666666,0.0359475008017145,False,True,False,False,False,False,True,False,False,True
38.6,6712.15,14246.95,36,558.4,2,1,395.74861111111113,0.05896003672765221,True,False,False,False,False,False,False,False,False,True
31.5,2078.31,18532.9,24,704.1,2,1,772.2041666666668,0.37155388895358626,True,False,False,False,False,True,False,True,False,False
22.6,13587.82,10471.05,12,724.6,1,3,872.5875,0.06421835874760017,False,False,True,False,False,False,False,False,False,True
56.9,2394.7,17812.59,48,598.0,4,0,371.095625,0.1549653916775989,True,False,False,False,False,False,False,False,False,True
20.9,2984.81,11822.93,60,431.3,0,1,197.04883333333333,0.06601721137129707,False,False,False,True,False,True,False,False,True,False
26.9,5344.88,28716.12,24,503.8,3,2,1196.5049999999999,0.2238600301150633,False,False,False,False,False,False,True,False,False,True
29.0,2264.38,10364.48,12,861.1,2,1,863.7066666666666,0.3814318545704996,False,False,False,False,False,True,False,False,True,False
41.0,3859.96,6061.9,36,535.2,3,0,168.3861111111111,0.0436237967944935,False,False,False,False,False,False,False,True,False,False
48.7,2060.74,31584.01,24,447.6,4,6,1316.0004166666665,0.6386057485566394,False,False,True,False,False,False,False,False,True,False
56.3,4782.18,19462.38,24,652.2,2,0,810.9325,0.16957381326178894,True,False,False,False,False,True,False,False,False,True
47.3,3369.08,8163.36,48,797.1,3,0,170.07,0.05047965601743011,False,True,False,False,False,False,False,False,False,True
35.5,4184.96,27820.5,12,606.5,6,0,2318.375,0.5539778144737876,False,False,False,False,False,False,False,False,False,True
49.3,5626.72,19465.43,24,602.8,3,0,811.0595833333333,0.14414429399221756,False,False,False,False,True,False,False,False,True,False
41.9,16780.19,2145.25,24,482.7,4,0,89.38541666666667,0.005326841746928865,False,False,True,False,False,False,False,False,False,True
44.9,9141.05,18196.64,36,497.1,2,0,505.4622222222222,0.05529586006741716,True,False,False,False,False,True,False,True,False,False
37.8,2262.14,24520.86,24,768.5,2,0,1021.7025,0.4516530787146106,False,True,False,False,True,False,False,True,False,False
43.8,7157.31,13050.92,60,694.3,1,3,217.51533333333333,0.03039065417446314,False,False,False,False,False,True,False,False,False,False
52.3,4024.87,12027.43,36,554.4,1,3,334.09527777777777,0.08300771874562422,True,False,False,False,False,False,False,False,False,True
46.5,1517.68,28114.27,12,813.6,1,1,2342.8558333333335,1.5437086987350737,False,False,False,True,True,False,False,False,False,True
25.9,7210.28,22245.98,12,416.0,1,1,1853.8316666666667,0.2571095247473845,True,False,False,False,False,False,False,True,False,False
27.1,1754.18,31867.77,24,518.5,1,0,1327.82375,0.7569483989274282,False,False,False,True,False,False,False,False,False,True
54.8,4299.01,2617.92,12,926.8,1,1,218.16,0.05074656711487862,False,False,False,False,False,True,False,False,False,True
21.8,16239.77,23240.17,36,813.0,3,1,645.5602777777777,0.03975181159463832,False,False,False,False,False,False,False,False,False,True
20.5,2580.02,29239.42,24,555.2,4,0,1218.3091666666667,0.4722091929305101,False,True,False,False,False,False,False,True,False,False
23.3,3753.32,16004.43,24,722.2,2,1,666.85125,0.1776697026161646,True,False,False,False,False,True,False,False,False,True
21.7,8239.18,18593.84,24,642.4,2,1,774.7433333333333,0.09403160659107063,True,False,False,False,False,True,False,True,False,False
45.0,9006.48,27472.91,24,524.4,3,1,1144.7045833333334,0.1270978875279082,False,False,False,False,False,True,False,False,False,True
34.8,2175.65,7669.93,60,571.9,3,0,127.83216666666667,0.05875585047186273,True,False,False,False,False,False,False,False,False,True
49.2,3591.49,25157.91,48,644.1,3,1,524.123125,0.14593473002588137,True,False,False,False,False,True,False,False,False,True
38.5,3584.29,23387.89,24,521.0,2,1,974.4954166666666,0.2718796230070308,False,False,False,False,False,True,False,False,False,True
33.5,4264.07,22545.09,36,580.5,3,1,626.2525,0.12949295926816135,False,False,True,False,False,True,False,False,False,True
34.8,3194.71,20309.79,12,461.0,1,1,1692.4825,0.529776566480912,False,False,True,False,True,False,False,False,False,True
47.3,3721.91,12689.87,24,453.7,3,0,528.7445833333334,0.14206269950447656,False,True,False,False,False,False,False,False,False,True
61.4,4070.78,7195.95,36,623.3,1,2,199.8875,0.049102997339323176,True,False,False,False,False,True,False,False,False,False
38.5,2944.79,15584.48,36,741.9,2,0,432.90222222222224,0.14700614330806638,True,False,False,False,False,True,False,False,False,True
38.7,4216.21,7955.94,24,842.7,3,0,331.4975,0.0786245227855716,False,False,True,False,False,True,False,False,False,True
48.8,6626.73,3833.06,24,531.3,2,1,159.71083333333334,0.02410100201642791,False,False,True,False,False,True,False,True,False,False
36.4,12348.43,7631.24,24,520.0,1,1,317.9683333333333,0.025749697174121434,False,False,True,False,False,True,False,True,False,False
54.3,1590.29,28950.4,24,688.3,2,0,1206.2666666666667,0.7585199297495849,False,False,False,False,False,True,False,False,True,False
35.2,1641.89,29132.04,24,824.2,1,1,1213.835,0.7392913000305057,True,False,False,False,False,False,False,False,False,True
42.6,4474.73,8060.83,36,871.7,2,1,223.91194444444443,0.05003920771623146,False,False,False,False,True,False,False,True,False,False
42.9,9186.83,19634.03,36,624.5,1,1,545.3897222222222,0.05936647588216582,False,False,False,False,False,True,False,True,False,False
39.1,4433.32,31525.16,36,813.0,0,0,875.6988888888889,0.19752665878249762,False,False,False,False,False,False,False,True,False,False
47.6,9333.12,30912.61,24,621.8,4,0,1288.0254166666666,0.1380058774864791,False,False,False,False,False,False,False,False,False,True
45.7,3839.26,7100.88,36,531.1,2,1,197.24666666666667,0.05137621993636911,False,False,False,False,True,False,False,False,False,True
34.9,4112.68,29371.04,36,455.9,2,0,815.8622222222223,0.19837726743594192,True,False,False,False,False,False,False,False,True,False
27.0,4264.07,8168.87,12,766.6,0,0,680.7391666666666,0.12949295926816135,False,False,False,False,False,True,False,True,False,False
23.0,1967.68,5558.18,24,286.5,4,1,231.59083333333334,0.11769740616175357,False,False,False,True,False,True,False,True,False,False
33.2,4007.74,23302.62,12,510.6,3,1,1941.885,0.48453367612536324,False,False,False,True,False,False,False,False,False,True
36.7,5598.53,12869.78,12,573.2,2,0,1072.4816666666668,0.1915648687693052,True,False,False,False,False,False,False,True,False,False
54.0,16117.14,17895.7,36,666.0,3,0,497.1027777777778,0.03084311344750661,True,False,False,False,False,True,False,False,False,True
31.5,8904.18,13022.48,12,751.2,1,4,1085.2066666666667,0.12187609251474092,True,False,False,False,False,False,False,True,False,False
27.0,3541.27,29795.31,24,770.7,0,0,1241.47125,0.3505723219337347,False,False,True,False,False,True,False,False,False,True
47.5,11787.74,19689.86,12,844.8,0,0,1640.8216666666667,0.1391973071406982,True,False,False,False,False,True,False,False,True,False
37.5,3484.85,24540.65,36,725.3,2,1,681.6847222222223,0.19561379120079325,True,False,False,False,True,False,False,False,False,True
42.8,27265.96,6342.6,24,540.6,2,1,264.27500000000003,0.009692488359224292,False,False,False,False,False,False,False,False,True,False
37.5,1909.54,8460.87,60,766.7,1,1,141.01450000000003,0.07384736599470364,True,False,False,False,False,False,False,True,False,False
40.6,3437.72,5013.81,48,703.9,3,1,104.45437500000001,0.030384782558251455,False,False,False,False,False,False,False,True,False,False
25.7,10531.45,12726.7,24,525.5,1,1,530.2791666666667,0.05035196161622066,True,False,False,False,False,False,False,True,False,False
38.9,6682.06,10770.53,36,540.1,0,0,299.18138888888893,0.04477382550308597,False,False,False,False,False,True,False,False,True,False
28.7,2237.47,12113.11,24,470.3,2,0,504.7129166666667,0.22557304205684825,False,False,True,False,False,False,False,False,False,True
42.2,1980.54,27774.42,24,691.8,4,0,1157.2675,0.5843191726280753,True,False,False,False,True,False,False,False,False,True
45.9,2064.71,14406.72,24,826.3,4,2,600.28,0.2907333219157493,False,False,False,True,False,True,False,False,False,True
42.9,3387.43,33892.35,24,529.6,0,1,1412.1812499999999,0.4168886872440502,True,False,False,False,False,True,False,False,False,True
40.7,6307.57,9328.15,24,560.5,2,1,388.67291666666665,0.06162007176305074,False,False,False,False,False,True,False,False,True,False
35.3,2409.82,14333.21,12,588.0,1,3,1194.4341666666667,0.4956528544497672,True,False,False,False,True,False,False,False,False,True
29.6,28107.98,12120.24,24,675.0,4,2,505.01,0.01796678380375723,False,False,True,False,False,False,False,True,False,False
34.4,3242.34,3014.85,60,712.3,4,0,50.247499999999995,0.015497295115573025,False,False,False,False,True,False,False,True,False,False
48.9,8022.16,16973.48,48,775.7,1,0,353.6141666666667,0.04407967009207869,False,False,True,False,False,True,False,False,False,True
58.3,10622.56,34660.86,36,518.6,3,1,962.8016666666667,0.09063744198764632,False,False,True,False,False,True,False,True,False,False
44.6,5728.18,2526.21,24,457.4,2,0,105.25875,0.018375600944147006,False,False,False,True,False,False,False,False,False,False
33.0,13162.36,27546.44,36,404.5,2,0,765.1788888888889,0.058133867202200075,True,False,False,False,False,True,False,False,False,True
24.7,4264.07,23106.86,36,623.3,2,1,641.8572222222223,0.12949295926816135,False,False,False,False,False,True,False,False,False,True
29.6,5326.38,3345.52,24,879.5,2,1,139.39666666666668,0.026170995386164096,True,False,False,False,False,False,False,True,False,False
39.2,5903.65,9407.86,48,773.5,2,0,195.99708333333334,0.0331993060227724,True,False,False,False,False,True,False,False,False,True
48.2,4542.62,20965.21,24,624.4,3,1,873.5504166666666,0.19230101015353618,True,False,False,False,False,False,False,False,False,True
43.7,2730.62,8983.31,12,502.1,2,0,748.6091666666666,0.2741535489834291,False,False,True,False,False,True,False,False,False,False
43.2,3630.03,3879.44,36,481.3,5,0,107.76222222222222,0.02968631717240878,False,False,False,False,False,True,False,False,False,True
35.5,7934.87,16787.01,36,643.9,1,0,466.3058333333333,0.05876666318990313,True,False,False,False,False,True,False,False,False,True
51.5,4863.73,16507.37,12,670.9,1,2,1375.6141666666665,0.28283111189115256,False,False,True,False,False,True,False,False,False,True
30.9,11168.93,18868.3,48,464.1,3,1,393.08958333333334,0.03519491867004128,False,True,False,False,False,False,False,False,False,True
39.5,6052.86,22900.17,36,467.3,2,0,636.1158333333333,0.10509343224234478,True,False,False,False,False,False,False,False,False,True
48.6,6712.43,3036.19,48,726.1,3,0,63.25395833333334,0.009423406760159774,False,False,True,False,False,False,False,False,False,True
36.2,4317.07,32782.8,36,546.6,4,0,910.6333333333334,0.21093781922089644,False,True,False,False,False,False,False,False,False,True
42.0,5438.95,24028.45,24,633.6,3,0,1001.1854166666667,0.18407696611035165,True,False,False,False,False,False,False,False,False,True
39.2,1860.2,13846.02,36,557.3,5,3,384.6116666666667,0.20675823277017757,False,False,False,False,True,False,False,True,False,False
35.8,4219.96,26621.79,24,625.9,3,2,1109.24125,0.2628558676791821,False,False,False,False,False,True,False,True,False,False
34.0,2167.3,7287.55,60,623.3,1,0,121.45916666666668,0.05604169524581262,False,False,False,False,False,True,False,False,False,True
37.7,4264.07,8174.58,60,347.0,3,2,136.243,0.12949295926816135,True,False,False,False,False,False,False,False,False,False
40.5,7471.61,19590.43,12,593.4,2,0,1632.5358333333334,0.21849853393690893,False,True,False,False,False,True,False,True,False,False
40.1,2822.83,5744.2,36,503.4,0,1,159.5611111111111,0.056525228421781974,True,False,False,False,False,True,False,False,False,True
28.7,1768.28,8746.89,36,562.8,4,0,242.96916666666664,0.13740423761656767,False,False,False,True,True,False,False,False,False,True
53.6,1436.08,26869.52,24,519.6,3,1,1119.5633333333333,0.7795967672673986,True,False,False,False,True,False,False,False,True,False
25.9,7168.13,15279.81,24,587.6,1,2,636.6587499999999,0.08881796913725341,True,False,False,False,False,True,False,False,False,True
27.7,3158.52,17151.29,60,566.7,0,0,285.8548333333334,0.09050277738570774,True,False,False,False,False,False,False,True,False,False
40.2,4264.07,14589.21,12,670.9,2,0,1215.7675,0.12949295926816135,False,False,False,False,True,False,False,True,False,False
30.3,1641.32,7844.85,48,501.0,2,0,163.43437500000002,0.0995749604003183,True,False,False,False,False,False,False,True,False,False
24.2,1478.15,9099.3,60,671.0,1,1,151.655,0.10259784120286952,True,False,False,False,False,False,False,False,True,False
51.7,4721.21,10643.03,24,829.2,0,0,443.45958333333334,0.09392922204139217,True,False,False,False,False,True,False,False,False,True
34.8,7447.06,27808.13,12,810.4,2,1,2317.3441666666668,0.3111757074006265,False,False,False,True,False,False,False,True,False,False
34.6,4231.99,25678.72,12,645.1,4,2,2139.8933333333334,0.5056470663392075,False,False,True,False,True,False,False,False,True,False
55.3,2063.31,20818.19,48,565.1,4,3,433.71229166666666,0.2102021943210883,False,False,False,False,False,False,False,True,False,False
52.5,11650.74,7175.51,12,571.2,2,1,597.9591666666666,0.05132370700517131,True,False,False,False,False,False,False,True,False,False
26.3,7350.06,20987.21,36,737.0,2,0,582.9780555555556,0.07931609466621968,True,False,False,False,True,False,False,True,False,False
19.8,9380.6,11861.07,36,553.0,3,0,329.47416666666663,0.03512293097621019,False,False,False,True,False,False,False,False,False,True
29.9,2200.52,11869.65,36,659.7,3,0,329.7125,0.14983390221477694,True,False,False,False,False,True,False,True,False,False
38.7,6691.78,29345.45,12,729.8,2,0,2445.454166666667,0.3654415062976147,False,False,False,False,False,True,False,False,False,True
34.2,10289.85,16159.4,12,452.4,6,2,1346.6166666666666,0.1308684446671217,False,False,False,True,False,False,False,False,False,True
62.0,2502.2,3252.34,48,619.2,4,1,67.75708333333334,0.027079003701759773,False,False,False,False,False,False,False,True,False,False
49.3,4480.42,6639.11,36,559.7,0,1,184.41972222222222,0.041161257607681793,True,False,False,False,False,False,False,False,False,True
30.7,6331.46,19557.14,36,494.1,2,2,543.2538888888889,0.0858023091089363,False,False,True,False,False,False,False,False,True,False
52.8,2848.67,17891.26,36,443.3,2,0,496.9794444444444,0.17446016656890503,False,False,False,False,False,False,False,False,False,True
42.5,8535.65,20665.9,24,565.5,0,0,861.0791666666668,0.10088032729292597,True,False,False,False,False,True,False,False,False,True
33.1,14789.36,6747.57,12,856.7,0,2,562.2975,0.0380204078891714,True,False,False,False,False,False,False,True,False,False
38.1,5045.69,33075.74,36,363.6,2,0,918.7705555555555,0.1820901707664668,False,False,False,False,False,True,False,False,False,True
25.2,3148.03,22112.23,12,485.5,2,1,1842.6858333333332,0.5853457011146259,True,False,False,False,True,False,False,False,False,True
40.2,3773.09,29800.22,36,692.4,5,0,827.7838888888889,0.21939150316980877,True,False,False,False,False,False,False,False,False,True
30.5,4498.59,34064.47,36,806.8,5,0,946.2352777777778,0.21034041236795833,True,False,False,False,True,False,False,False,True,False
40.6,4746.97,28830.69,48,792.3,1,2,600.639375,0.12653110799829972,False,True,False,False,False,True,False,False,False,True
38.7,1780.8,17675.55,24,584.9,1,0,736.4812499999999,0.41356763581779177,True,False,False,False,False,False,False,False,False,True
44.8,12364.01,16125.58,24,464.2,1,0,671.8991666666667,0.05434314321350721,True,False,False,False,False,False,True,True,False,False
29.4,5737.18,18445.61,36,724.9,4,2,512.3780555555555,0.08930834567896982,True,False,False,False,False,True,False,False,True,False
47.7,4361.97,34088.06,60,640.6,4,1,568.1343333333333,0.13024718923579515,False,False,True,False,False,True,False,True,False,False
38.6,5035.71,26998.39,60,474.0,2,1,449.97316666666666,0.08935644939305523,True,False,False,False,True,False,False,False,False,True
40.6,2852.26,12545.12,36,655.9,3,1,348.47555555555556,0.12217524150456238,False,False,False,True,False,True,False,False,False,False
38.7,1958.06,22394.74,48,661.6,2,1,466.55708333333337,0.23827517080711605,True,False,False,False,False,True,False,False,False,True
32.4,8976.83,13209.39,24,699.4,1,1,550.39125,0.06131242870666769,False,False,False,False,False,True,False,True,False,False
25.3,7416.2,30145.93,24,759.5,0,0,1256.0804166666667,0.16936981405207097,False,False,False,False,False,True,False,True,False,False
30.7,1811.18,31450.06,12,523.4,6,1,2620.8383333333336,1.4470336017750844,False,False,False,False,False,True,False,False,False,True
46.4,1688.98,5709.36,48,681.0,2,1,118.945,0.0704241609111762,True,False,False,False,False,False,False,False,True,False
45.4,2522.59,17620.69,36,815.6,1,1,489.46361111111105,0.19403216898932815,True,False,False,False,False,True,False,False,True,False
29.2,5262.9,24720.9,12,399.5,2,1,2060.0750000000003,0.3914334294943218,False,False,False,False,False,True,False,False,True,False
52.2,2316.14,20779.42,24,858.5,3,0,865.8091666666666,0.3738155564553572,True,False,False,False,False,False,False,False,False,True
36.2,5062.98,8691.38,48,469.6,2,1,181.07041666666666,0.035763604894554324,False,False,False,False,False,True,False,False,True,False
36.3,3186.09,22062.59,48,614.5,0,2,459.63729166666667,0.14426374968190764,False,False,True,False,False,True,False,False,False,True
37.3,20250.91,13679.61,24,567.5,1,3,569.98375,0.028146080828888143,True,False,False,False,False,True,False,False,False,True
23.3,2770.93,21443.63,48,602.6,2,2,446.7422916666667,0.16122467548960814,False,False,False,False,True,False,False,True,False,False
59.0,1855.64,33915.0,60,504.7,2,0,565.25,0.30461188428460323,True,False,False,False,False,True,False,False,True,False
42.8,3571.68,10835.8,12,695.2,1,6,902.9833333333332,0.25281753427103154,True,False,False,False,False,True,False,False,False,True
52.3,5110.46,33252.04,24,640.7,4,1,1385.5016666666668,0.2711109496905479,True,False,False,False,False,False,False,False,False,True
37.3,6303.64,13022.02,60,629.6,0,1,217.03366666666668,0.03442989547664012,False,False,False,False,False,True,False,True,False,False
27.1,3099.37,23283.8,60,638.3,5,0,388.06333333333333,0.1252071653533659,False,False,True,False,False,True,False,False,False,True
38.7,1906.71,23783.94,24,562.8,2,1,990.9975,0.5197421185196379,False,False,True,False,False,True,False,False,False,True
37.5,8719.2,5695.11,48,594.4,5,0,118.648125,0.013607684749050731,False,False,True,False,False,True,False,True,False,False
32.3,2676.94,24782.98,24,482.3,4,0,1032.6241666666667,0.38574796701053704,False,False,False,False,False,False,False,False,False,True
30.1,1597.13,3501.64,24,407.2,3,1,145.90166666666667,0.09135240447123441,True,False,False,False,False,False,False,False,False,True
32.1,6055.45,12830.66,60,896.3,2,1,213.84433333333334,0.035314358632337776,False,False,False,False,False,True,False,False,False,True
26.6,24747.21,28060.08,60,655.9,0,0,467.668,0.0188978070582915,True,False,False,False,False,False,False,True,False,False
42.3,4264.07,15407.07,36,541.0,2,1,427.97416666666663,0.12949295926816135,True,False,False,False,False,True,False,False,False,True
42.7,2175.35,7785.62,24,679.4,4,1,324.4008333333333,0.14912581048662293,False,False,True,False,False,True,False,False,False,True
43.8,12236.65,10866.04,24,474.7,2,0,452.7516666666667,0.03699964175625439,True,False,False,False,False,False,False,True,False,False
41.8,9093.16,19253.31,12,501.6,0,1,1604.4425,0.1764449870271226,False,True,False,False,False,False,False,True,False,False
24.2,2232.72,20294.01,12,752.1,6,1,1691.1674999999998,0.7574471910609157,False,False,False,True,True,False,False,False,False,True
49.8,1890.54,5923.8,36,605.2,3,2,164.55,0.08703862342484887,True,False,False,False,False,True,False,True,False,False
67.8,4264.07,26042.65,12,623.3,1,1,2170.2208333333333,0.12949295926816135,False,False,True,False,False,False,False,False,False,True
37.6,2536.9,13929.12,12,610.8,3,1,1160.76,0.4575505520219537,True,False,False,False,False,False,False,True,False,False
48.2,2405.57,8038.12,36,467.6,4,0,223.2811111111111,0.09281837991948988,False,False,False,False,False,True,False,True,False,False
34.0,2761.68,22196.03,12,591.2,2,0,1849.6691666666666,0.6697623040935385,False,False,True,False,False,False,False,False,False,True
47.4,6403.07,3543.65,36,519.1,3,0,98.43472222222222,0.015373051062770158,True,False,False,False,False,False,False,False,False,False
41.2,3147.19,32824.54,12,808.0,2,1,2735.3783333333336,0.8691494077706905,False,False,True,False,False,False,False,True,False,False
35.3,1456.68,33728.54,12,481.5,2,2,2810.7116666666666,1.929532668376953,True,False,False,False,False,False,False,False,False,False
40.9,2813.28,25305.53,24,153.0,3,1,1054.3970833333333,0.3747927968724781,False,False,False,True,False,True,False,False,False,True
40.6,2315.08,21451.63,36,673.9,5,2,595.8786111111111,0.2573900722813943,True,False,False,False,False,True,False,False,False,True
60.6,2897.98,33784.2,24,542.3,3,1,1407.675,0.48574351622252904,True,False,False,False,False,False,False,True,False,False
45.7,3554.76,33223.73,48,645.3,0,0,692.1610416666667,0.19471385964721333,True,False,False,False,False,False,False,True,False,False
31.0,2794.32,23481.96,36,731.2,2,1,652.2766666666666,0.2334294799208293,False,False,False,False,False,False,False,False,False,True
40.1,4628.95,30271.04,24,839.5,2,1,1261.2933333333333,0.2724793593814018,False,False,False,False,False,True,False,True,False,False
39.5,3401.57,2248.86,48,686.6,4,1,46.85125,0.013773419292346123,True,False,False,False,False,False,False,False,False,True
42.2,1973.29,15052.06,12,736.2,0,0,1254.3383333333334,0.6356583811688853,True,False,False,False,False,False,False,False,False,True
38.5,7834.79,29522.23,24,709.9,2,0,1230.0929166666667,0.15700394204524018,False,True,False,False,True,False,False,False,False,True
37.3,10828.29,6608.07,12,847.8,7,0,550.6725,0.05085498259572381,True,False,False,False,False,True,False,False,False,True
52.7,2258.9,32517.94,36,573.7,1,0,903.276111111111,0.3998743225075779,False,False,True,False,False,True,False,False,True,False
41.4,2207.13,28010.77,48,687.5,4,2,583.5577083333334,0.2643966171858328,True,False,False,False,True,False,False,False,False,True
52.9,5684.74,20939.28,12,677.5,3,1,1744.9399999999998,0.3069515926727492,False,False,False,False,False,True,False,False,False,True
26.0,4264.07,24478.84,24,776.1,6,0,1019.9516666666667,0.12949295926816135,False,False,False,False,False,False,False,True,False,False
41.0,3710.46,14709.64,36,546.9,1,1,408.6011111111111,0.11012141621521238,True,False,False,False,True,False,False,True,False,False
25.7,4264.07,20898.13,24,309.6,4,1,870.7554166666667,0.12949295926816135,False,True,False,False,False,True,False,True,False,False
32.5,3515.11,25836.43,24,674.6,3,2,1076.5179166666667,0.30625440273679133,True,False,False,False,True,False,False,True,False,False
26.4,6381.86,30427.78,36,574.7,1,2,845.2161111111111,0.13244040292120277,False,True,False,False,False,False,False,True,False,False
35.4,6104.39,17984.15,36,742.4,4,1,499.55972222222226,0.08183614110564051,True,False,False,False,False,False,False,True,False,False
54.5,5105.06,7288.8,24,623.3,1,3,303.7,0.05948999608331734,True,False,False,False,False,True,False,True,False,False
40.7,9286.02,34581.41,12,711.5,1,1,2881.784166666667,0.3103357696368637,True,False,False,False,False,False,False,True,False,False
50.1,12684.63,14163.03,48,637.5,9,0,295.063125,0.023261468782880174,True,False,False,False,False,False,False,False,False,True
42.1,2338.36,23653.34,24,570.5,2,0,985.5558333333333,0.42147309615226153,False,True,False,False,False,True,False,False,False,True
39.6,6549.11,12710.62,24,493.4,2,2,529.6091666666667,0.08086734928226787,True,False,False,False,False,False,False,True,False,False
27.3,4760.89,25122.19,24,818.9,2,0,1046.7579166666667,0.21986601548618148,True,False,False,False,False,False,False,True,False,False
53.0,2395.65,3488.6,48,377.8,3,0,72.67916666666666,0.030337973561783613,False,False,False,False,False,True,False,False,False,True
60.6,6554.57,6872.24,36,691.2,2,0,190.89555555555555,0.029124039450996047,False,False,False,False,False,False,False,False,False,True
30.5,4524.06,18731.1,24,797.6,2,2,780.4625,0.17251373727909503,True,False,False,False,True,False,False,False,True,False
35.0,4264.07,31893.4,48,499.5,3,1,664.4458333333333,0.12949295926816135,True,False,False,False,False,False,False,False,False,True
35.9,5341.11,5649.86,48,465.4,1,0,117.70541666666666,0.02203763196157547,True,False,False,False,False,True,False,True,False,False
40.7,8546.4,19823.55,48,812.5,2,2,412.99062499999997,0.048323343690532455,False,False,False,True,False,True,False,True,False,False
25.9,2990.73,20587.74,24,742.0,2,1,857.8225000000001,0.2868271282033914,False,False,False,False,False,True,False,False,False,True
48.1,5993.83,9381.28,48,662.9,3,0,195.44333333333336,0.0326074201315785,True,False,False,False,False,False,False,True,False,False
27.1,8143.44,5956.23,12,568.1,3,0,496.35249999999996,0.060951207277328494,True,False,False,False,False,False,False,False,False,True
27.3,15527.02,25349.26,36,660.2,3,0,704.146111111111,0.045349726519165544,False,False,False,True,False,False,False,True,False,False
31.6,3845.45,15588.23,24,506.3,3,0,649.5095833333334,0.16890340054981845,False,False,False,False,False,False,False,False,False,True
38.7,3138.99,32052.37,60,623.3,2,0,534.2061666666666,0.17018409264280093,False,False,True,False,False,True,False,False,False,True
23.0,3284.85,24909.65,12,440.4,5,0,2075.804166666667,0.6319327093618703,True,False,False,False,False,True,False,True,False,False
51.9,1752.23,6372.47,48,593.6,1,1,132.75979166666667,0.07576618988888717,False,False,False,False,False,True,False,False,False,True
31.9,3012.37,15900.58,48,623.3,4,1,331.26208333333335,0.10996726239926062,True,False,False,False,True,False,False,False,False,False
52.5,3642.08,7187.02,12,760.2,2,0,598.9183333333334,0.16444403519112513,True,False,False,False,False,True,False,True,False,False
43.6,7402.68,2235.29,48,465.5,1,0,46.56854166666667,0.006290767884571397,True,False,False,False,True,False,False,False,False,True
36.7,6083.82,18663.71,24,671.1,3,0,777.6545833333333,0.1278234040545413,True,False,False,False,False,True,False,True,False,False
39.9,4093.69,26803.48,36,623.3,2,0,744.5411111111111,0.18187530303768923,True,False,False,False,False,False,False,True,False,False
49.3,20556.09,22992.51,36,832.7,3,0,638.6808333333333,0.03107015162040212,False,False,False,False,False,False,False,False,True,False
46.1,5154.83,13959.55,48,525.2,2,0,290.82395833333334,0.05641775922176983,False,False,False,False,True,False,False,False,True,False
34.0,3797.79,6033.73,60,613.2,2,1,100.56216666666666,0.026479127703710678,True,False,False,False,False,False,False,True,False,False
20.9,4532.23,9587.53,24,646.4,3,1,399.4804166666667,0.08814213219215385,True,False,False,False,False,False,False,False,False,True
48.9,4264.07,26163.18,24,686.9,2,2,1090.1325,0.12949295926816135,True,False,False,False,False,True,False,True,False,False
50.8,5208.32,7216.02,36,623.3,4,1,200.44500000000002,0.038485538449086205,True,False,False,False,False,True,False,True,False,False
38.4,12769.11,4760.89,36,871.8,1,2,132.24694444444447,0.010356786364975836,False,False,False,False,False,False,False,False,True,False
34.3,6803.03,5952.69,48,454.6,1,2,124.01437499999999,0.018229285306357187,True,False,False,False,False,False,False,False,False,True
28.6,5218.61,9987.32,36,613.1,0,0,277.42555555555555,0.05316081389947657,True,False,False,False,False,True,False,True,False,False
33.0,5584.44,27861.23,48,612.6,3,0,580.4422916666666,0.10393921156414512,False,True,False,False,False,False,False,False,False,True
38.7,2802.63,9438.27,24,637.7,1,0,393.26125,0.14031864662720855,False,False,True,False,False,False,True,True,False,False
29.2,4344.66,21090.89,12,864.5,2,0,1757.5741666666665,0.40453664098486425,True,False,False,False,False,True,False,False,False,True
39.5,11893.9,23873.64,24,838.5,0,1,994.735,0.0836340476348094,False,False,True,False,False,False,False,True,False,False
40.5,15595.71,24230.86,36,600.0,3,0,673.0794444444444,0.04315798665228224,True,False,False,False,False,True,False,True,False,False
35.0,5948.84,15055.38,24,436.8,2,1,627.3075,0.10545039015093634,True,False,False,False,False,True,False,False,False,True
38.7,2172.99,33980.85,36,623.3,3,1,943.9124999999999,0.434384187527857,False,False,False,False,True,False,False,True,False,False
32.0,18553.36,27052.36,12,623.3,2,0,2254.3633333333332,0.12150701178213882,True,False,False,False,True,False,False,False,False,True
19.5,10454.54,28842.71,12,561.3,1,0,2403.5591666666664,0.22990577915122123,True,False,False,False,False,False,False,True,False,False
42.5,14366.99,16274.63,36,623.3,1,0,452.0730555555555,0.0314660938192965,False,False,False,True,False,True,False,False,False,True
35.0,4518.46,2721.1,48,608.5,2,0,56.68958333333333,0.01254621778390672,True,False,False,False,False,True,False,True,False,False
67.0,4932.67,31973.52,36,630.5,1,0,888.1533333333333,0.18005529085318508,False,False,True,False,False,True,False,True,False,False
42.3,2870.39,14353.12,12,838.4,4,1,1196.0933333333335,0.41670063272458696,False,False,True,False,False,True,False,False,False,True
28.8,5427.67,3297.54,36,538.2,1,0,91.59833333333333,0.01687617949591105,True,False,False,False,False,False,False,False,False,True
54.3,15259.75,32867.61,60,752.1,1,0,547.7935,0.03589793408417705,True,False,False,False,False,True,False,True,False,False
27.2,2266.06,22921.12,60,468.1,1,4,382.01866666666666,0.16858276699683106,False,False,False,False,False,False,True,False,True,False
24.9,4641.73,5486.21,48,688.0,2,0,114.29604166666667,0.024623586770542626,True,False,False,False,False,True,False,False,False,True
33.2,2082.47,19538.43,60,510.8,0,1,325.64050000000003,0.15637223990563015,True,False,False,False,False,False,False,True,False,False
29.2,2555.1,5276.68,60,750.5,2,3,87.94466666666668,0.03441926590836915,True,False,False,False,False,False,False,True,False,False
22.3,3199.64,32419.33,60,710.1,3,1,540.3221666666667,0.16886967439398493,False,False,False,False,False,False,False,False,False,True
36.4,2760.34,20335.95,60,695.7,3,1,338.9325,0.12278650411620848,True,False,False,False,True,False,False,True,False,False
22.0,3047.99,33607.84,36,528.7,5,0,933.551111111111,0.30628417680119335,True,False,False,False,False,True,False,False,False,True
48.9,4193.47,7361.81,36,640.8,4,1,204.49472222222224,0.048765037483175476,False,False,False,False,False,False,False,True,False,False
30.9,3263.71,31017.61,24,662.4,3,0,1292.4004166666666,0.39599119183590287,True,False,False,False,False,False,False,True,False,False
65.8,1573.73,8831.03,36,623.3,7,0,245.3063888888889,0.15587577750321283,True,False,False,False,False,True,False,False,False,True
39.2,7934.31,5578.64,24,752.7,0,1,232.44333333333336,0.029295973189902288,False,False,False,False,False,True,False,False,False,True
48.9,7601.04,11624.56,24,765.6,1,0,484.3566666666666,0.0637224203568778,False,False,False,False,False,True,False,True,False,False
23.2,1553.94,10822.14,24,575.7,2,0,450.92249999999996,0.2901801209172804,False,False,False,True,True,False,False,False,False,True
33.8,6209.27,12747.0,12,623.3,2,2,1062.25,0.171074860376381,True,False,False,False,False,True,False,True,False,False
44.8,11978.22,4692.52,36,755.5,2,0,130.3477777777778,0.010882065755091921,False,True,False,False,False,False,False,True,False,False
32.1,11491.29,18513.84,36,700.2,3,2,514.2733333333333,0.044753316023335946,False,False,False,False,False,True,False,False,True,False
41.2,1736.12,31805.82,36,578.1,3,0,883.495,0.5088905115493716,False,False,False,False,False,True,False,False,False,False
35.9,2364.03,2692.44,36,537.1,1,2,74.79,0.03163665422335311,False,False,False,False,False,True,False,True,False,False
26.6,7264.96,29484.68,24,393.2,0,1,1228.5283333333334,0.16910324786954106,True,False,False,False,False,False,False,True,False,False
37.4,7881.55,8745.32,36,623.3,5,1,242.92555555555555,0.030822053434582667,True,False,False,False,False,False,False,False,False,True
52.0,3904.35,17693.81,48,668.9,2,1,368.6210416666667,0.094412908863841,False,False,False,False,False,False,False,False,False,True
30.3,10792.14,17986.04,48,631.2,2,0,374.7091666666667,0.034720562031206145,False,False,False,False,False,True,False,True,False,False
38.2,4826.27,17134.74,12,623.3,4,0,1427.8950000000002,0.2958589132065572,True,False,False,False,False,True,False,True,False,False
39.5,3501.34,17450.07,36,748.3,2,2,484.72416666666663,0.13843961605621574,False,False,False,True,False,True,False,True,False,False
34.3,2958.57,13547.64,36,605.0,4,0,376.3233333333333,0.12719771107709338,True,False,False,False,False,False,False,False,False,True
21.6,3033.35,9194.54,48,674.9,4,0,191.55291666666668,0.0631489660062891,True,False,False,False,False,False,False,False,True,False
38.7,4785.52,12134.98,36,646.7,2,1,337.0827777777778,0.07043806672491121,False,True,False,False,False,False,False,False,False,True
32.7,10196.21,7212.23,12,765.8,3,1,601.0191666666666,0.05894534989738473,True,False,False,False,False,True,False,True,False,False
39.8,1457.84,16368.12,36,545.3,4,0,454.67,0.31187921643061506,False,True,False,False,False,True,False,False,False,True
31.1,2268.65,8353.65,24,626.7,1,1,348.06874999999997,0.15342549466235206,False,True,False,False,False,False,False,False,False,False
38.7,4394.16,27612.29,48,599.2,1,1,575.2560416666666,0.13091376744532038,False,False,False,True,True,False,False,False,False,True
34.7,19999.81,21203.93,36,539.6,1,1,588.9980555555555,0.02945018253978681,False,False,False,False,False,False,False,False,False,True
30.8,7334.85,27952.68,24,598.0,2,0,1164.695,0.15878920474339733,False,False,False,False,True,False,False,False,False,True
34.3,13779.0,22653.58,48,698.0,1,1,471.94958333333335,0.03425136678937656,False,False,False,False,False,False,False,True,False,False
43.3,1702.95,15364.9,48,662.1,1,1,320.1020833333333,0.18796916025346705,False,True,False,False,False,True,False,True,False,False
40.7,4264.07,26190.05,24,510.3,3,0,1091.2520833333333,0.12949295926816135,True,False,False,False,False,False,False,False,False,True
34.7,4592.16,21182.33,12,519.2,3,2,1765.194166666667,0.3843930008585801,True,False,False,False,True,False,False,False,False,False
19.4,1730.37,28233.38,12,703.7,3,3,2352.7816666666668,1.3596985922488722,False,False,False,False,False,True,False,True,False,False
60.1,5020.15,7489.97,12,626.2,5,0,624.1641666666667,0.12433177602727986,True,False,False,False,True,False,False,False,False,True
42.5,2435.73,33600.94,24,485.1,2,1,1400.0391666666667,0.5747924281093316,False,True,False,False,False,True,False,False,False,True
40.3,29806.72,22616.4,60,433.1,1,0,376.94,0.012646141536993623,True,False,False,False,True,False,False,False,False,True
38.7,1434.16,28067.09,12,564.3,3,0,2338.9241666666667,1.6308669537276155,False,False,False,False,False,False,False,True,False,False
44.0,10094.18,16870.49,36,565.0,3,0,468.62472222222226,0.04642523927233018,False,False,True,False,True,False,False,False,True,False
49.4,20986.08,10111.53,24,690.3,5,0,421.31375,0.020075866946053827,False,False,True,False,False,True,False,False,False,True
36.4,4552.46,9838.26,12,539.5,3,1,819.855,0.1800905440572997,False,False,False,False,False,False,False,False,False,True
38.1,17046.12,23893.66,12,673.5,4,0,1991.1383333333333,0.11680888860135002,True,False,False,False,False,True,False,True,False,False
47.1,6027.92,25383.92,36,574.4,6,0,705.1088888888888,0.1169738297321714,False,False,False,True,False,True,False,True,False,False
28.5,2741.3,22060.03,36,644.6,2,1,612.7786111111111,0.22353577093924537,True,False,False,False,False,False,False,False,False,True
49.4,6681.55,26922.81,60,617.0,2,0,448.7135,0.06715709668092419,False,False,False,True,True,False,False,True,False,False
30.1,2951.57,21995.0,24,712.3,1,0,916.4583333333334,0.3104985923519846,True,False,False,False,False,True,False,False,False,True
53.1,2948.87,26806.66,48,797.6,3,2,558.4720833333333,0.1893851141079404,True,False,False,False,False,False,False,True,False,False
28.1,2927.75,17174.14,60,484.8,2,1,286.23566666666665,0.09776643008761074,False,False,False,False,False,True,False,True,False,False
46.7,1494.92,19428.62,36,525.3,2,0,539.6838888888889,0.3610118837655326,False,False,False,False,False,True,False,False,False,False
43.3,11948.26,10351.79,12,872.6,2,0,862.6491666666667,0.07219872734144381,True,False,False,False,False,True,False,True,False,False
39.4,4264.07,32128.52,12,475.4,8,1,2677.3766666666666,0.12949295926816135,True,False,False,False,False,False,False,False,False,True
55.5,1492.6,23824.54,36,695.3,3,0,661.7927777777778,0.4433825360739331,True,False,False,False,True,False,False,True,False,False
35.9,1471.71,30008.32,24,842.0,0,0,1250.3466666666666,0.8495876620874968,False,False,False,False,False,True,False,False,True,False
38.7,1510.77,13085.4,12,732.4,1,0,1090.45,0.7217842509330723,True,False,False,False,False,True,False,False,False,True
49.6,13708.81,27767.25,48,483.9,1,0,578.484375,0.04219800074390265,True,False,False,False,False,False,False,True,False,False
53.1,4621.72,34682.68,24,690.9,2,0,1445.1116666666667,0.3126783239875811,True,False,False,False,False,True,False,False,False,True
28.8,1552.04,3913.92,36,782.5,3,0,108.72,0.07004974053471727,True,False,False,False,False,False,False,False,False,True
40.8,4435.28,24192.88,48,572.2,1,0,504.0183333333334,0.11363844722248628,True,False,False,False,False,True,False,False,False,True
38.7,7536.86,16743.78,48,990.0,0,1,348.82874999999996,0.04628303425261576,True,False,False,False,True,False,False,True,False,False
25.8,4546.37,27746.72,36,348.6,2,0,770.7422222222223,0.1695291453460521,False,False,False,False,False,True,False,False,True,False
42.3,4817.83,33916.41,24,538.7,2,0,1413.1837500000001,0.2933237052919599,True,False,False,False,False,False,False,False,False,True
37.9,1612.09,22797.88,24,642.8,3,0,949.9116666666667,0.5892423256606291,False,False,True,False,False,False,False,True,False,False
26.8,2782.02,24237.56,12,381.0,0,1,2019.7966666666669,0.7260180226621256,True,False,False,False,False,True,False,True,False,False
37.2,4674.54,23717.05,24,843.0,1,0,988.2104166666667,0.21140270797824806,False,False,False,False,False,False,False,False,False,True
33.9,5451.96,34181.35,24,608.4,4,0,1424.2229166666666,0.26123135790694596,True,False,False,False,True,False,False,True,False,False
41.1,12567.98,14177.49,12,603.9,3,1,1181.4575,0.09400536116861631,False,False,False,True,False,False,False,False,False,True
49.6,3369.49,15044.52,12,734.0,1,2,1253.71,0.3720770788099176,True,False,False,False,False,False,True,True,False,False
37.9,8456.23,30876.95,36,467.9,3,1,857.6930555555556,0.10142735646278331,True,False,False,False,False,False,False,False,False,True
41.3,2614.5,29673.06,24,605.3,1,1,1236.3775,0.47289252066210546,False,False,False,False,False,False,False,True,False,False
50.8,8083.59,13574.86,48,592.0,0,4,282.80958333333336,0.034985641649746824,False,False,True,False,False,False,False,True,False,False
48.6,9048.54,13742.4,12,623.3,1,1,1145.2,0.12656185403771011,True,False,False,False,False,False,False,True,False,False
18.9,4053.05,34833.35,48,625.7,4,3,725.6947916666667,0.17904905931981496,True,False,False,False,False,False,True,False,False,True
39.7,3166.01,27540.71,36,618.4,1,1,765.0197222222222,0.2416352822024786,False,False,True,False,False,True,False,False,True,False
36.1,4264.07,20894.66,36,599.2,2,0,580.4072222222222,0.12949295926816135,True,False,False,False,False,True,False,False,True,False
40.0,2734.74,19056.33,24,493.1,3,0,794.0137500000001,0.2903434136687824,False,False,False,False,False,False,True,True,False,False
42.2,2738.63,20370.96,36,637.5,2,3,565.86,0.2066215582001893,True,False,False,False,False,False,False,True,False,False
34.6,4054.99,26609.46,12,506.1,1,0,2217.455,0.5468459834750616,False,True,False,False,True,False,False,False,False,True
47.0,1481.56,24268.28,12,552.9,1,0,2022.3566666666666,1.365018394811201,False,False,False,False,True,False,False,True,False,False
45.2,3991.94,30069.82,60,668.8,4,0,501.16366666666664,0.1255438872856876,False,False,False,True,False,True,False,False,True,False
23.3,8456.04,7182.94,12,597.4,5,3,598.5783333333333,0.07078707440190236,True,False,False,False,False,True,False,False,False,True
43.1,9016.33,9174.76,12,590.2,3,2,764.5633333333334,0.08479762081527153,False,True,False,False,False,True,False,False,False,True
39.3,6792.22,5105.56,60,600.8,5,0,85.09266666666667,0.012527960893697064,False,False,True,False,False,True,False,False,True,False
32.6,4264.07,29424.76,24,745.8,3,1,1226.0316666666665,0.12949295926816135,True,False,False,False,False,False,False,False,False,True
41.8,5322.88,21092.99,24,813.5,1,0,878.8745833333334,0.1651126047707646,True,False,False,False,False,True,False,False,False,True
42.1,7681.06,28718.53,24,562.7,1,1,1196.6054166666665,0.15578649497709973,True,False,False,False,False,False,False,False,False,False
32.0,2256.79,17106.72,24,613.3,1,0,712.7800000000001,0.3158379808673471,False,False,False,True,False,False,False,False,False,False
60.6,4264.07,25920.73,36,607.9,3,2,720.0202777777778,0.12949295926816135,False,False,False,False,False,False,False,False,False,True
53.2,7662.15,11398.14,12,702.5,2,0,949.8449999999999,0.12396585798507487,True,False,False,False,False,True,False,False,False,True
28.0,3546.49,13642.6,24,402.1,5,1,568.4416666666667,0.16028288957922843,True,False,False,False,False,False,True,False,False,True
29.4,2829.35,14587.46,24,701.1,2,2,607.8108333333333,0.21482348637853163,True,False,False,False,False,False,False,True,False,False
41.0,4548.25,19126.85,12,589.6,1,0,1593.9041666666665,0.35044339320886775,False,False,False,False,False,True,False,True,False,False
43.6,3348.74,19403.99,60,872.6,3,0,323.39983333333333,0.09657358659304618,False,False,False,False,False,False,False,True,False,False
36.6,3201.94,27541.36,12,512.6,2,0,2295.1133333333332,0.7167883614825542,False,False,False,False,False,True,False,True,False,False
35.6,12677.6,4102.87,24,623.3,2,1,170.95291666666665,0.013484643507589782,False,False,False,True,False,True,False,True,False,False
21.7,10710.86,15559.77,48,734.5,1,3,324.161875,0.03026478496566589,True,False,False,False,False,False,False,False,False,False
41.3,4719.15,34830.04,36,645.4,0,0,967.5011111111112,0.20501596877847741,False,False,False,False,False,False,False,True,False,False
44.9,2269.05,20763.94,12,494.5,2,0,1730.3283333333331,0.7625783150250324,True,False,False,False,False,False,True,True,False,False
34.1,1780.02,14384.84,24,841.0,1,0,599.3683333333333,0.3367199975090917,False,False,True,False,False,False,False,False,False,True
56.3,4264.07,23750.75,36,623.3,4,0,659.7430555555555,0.12949295926816135,True,False,False,False,False,True,False,True,False,False
42.5,13965.25,33990.2,60,667.7,6,0,566.5033333333333,0.04056521243283731,False,False,False,False,False,True,False,False,False,False
48.4,4264.07,28875.98,36,591.4,1,2,802.1105555555555,0.12949295926816135,True,False,False,False,True,False,False,True,False,False
57.8,6915.97,18058.13,36,630.7,1,1,501.61472222222227,0.07252991575974492,False,False,False,True,True,False,False,False,False,True
38.7,1950.65,30465.44,24,749.4,3,1,1269.3933333333332,0.6507540188274642,True,False,False,False,False,True,False,False,False,False
41.7,1661.51,2321.12,24,725.9,2,2,96.71333333333332,0.05820809549822292,True,False,False,False,False,False,False,False,False,True
50.4,5206.02,20725.5,60,590.9,0,0,345.425,0.06635107036401883,True,False,False,False,False,False,False,False,False,True
37.2,1491.88,3836.98,24,384.2,1,2,159.87416666666667,0.10716288548344223,True,False,False,False,False,True,False,False,False,True
28.4,3417.52,10596.09,48,845.0,2,0,220.751875,0.06459417190069357,False,False,False,False,False,True,False,True,False,False
45.6,3362.64,16928.35,24,679.8,1,1,705.3479166666666,0.2097601630174699,False,False,True,False,False,False,False,False,False,True
59.8,4264.07,28362.07,24,538.7,6,0,1181.7529166666666,0.12949295926816135,False,False,False,False,False,True,False,False,True,False
39.9,1585.58,22046.79,24,965.2,1,1,918.61625,0.5793566040227766,True,False,False,False,False,False,False,True,False,False
43.8,9434.38,5593.09,36,629.9,1,1,155.3636111111111,0.016467813565537216,True,False,False,False,False,True,False,True,False,False
31.3,3115.03,28972.43,60,574.6,2,0,482.8738333333333,0.1550141834214089,True,False,False,False,False,True,False,True,False,False
36.2,4917.07,8664.05,36,707.3,4,2,240.66805555555553,0.04894541974511271,True,False,False,False,False,True,False,True,False,False
35.6,5741.26,21734.61,60,601.6,2,0,362.2435,0.0630947735112244,False,False,False,False,False,True,False,True,False,False
57.4,3521.31,29667.17,60,777.7,0,2,494.45283333333333,0.14041729695174818,False,False,True,False,False,True,False,False,False,True
47.7,2730.2,33361.07,12,684.5,5,2,2780.0891666666666,1.0182730776074778,False,False,False,False,False,False,False,False,False,True
30.0,4264.07,22545.5,24,628.8,1,2,939.3958333333334,0.12949295926816135,False,False,True,False,False,True,False,False,False,True
53.2,1932.61,14600.69,24,609.2,3,1,608.3620833333333,0.31478781553725543,True,False,False,False,False,False,True,False,False,True
23.6,1677.79,12955.24,24,729.9,3,1,539.8016666666666,0.32173374704184027,True,False,False,False,False,False,False,False,False,True
37.0,1952.37,11648.3,24,697.1,2,3,485.3458333333333,0.2485931615664048,True,False,False,False,False,False,False,False,False,True
32.5,3682.07,16873.69,12,759.3,4,1,1406.1408333333331,0.38188867390202963,True,False,False,False,False,False,True,True,False,False
35.8,5654.91,31391.13,12,512.8,1,0,2615.9275000000002,0.4625940104040666,False,False,False,False,False,False,False,True,False,False
33.4,7862.38,18277.73,24,671.8,3,0,761.5720833333334,0.09686279248328183,False,False,False,False,False,True,False,False,False,True
23.9,10409.74,33348.71,36,419.0,1,1,926.3530555555556,0.08898906741817422,False,False,True,False,False,True,False,True,False,False
34.9,2536.81,14026.08,48,659.9,1,0,292.21,0.11518797184184872,True,False,False,False,False,False,False,False,False,True
37.9,7651.17,2570.9,24,498.6,5,0,107.12083333333334,0.01400058202775883,True,False,False,False,False,True,False,False,False,True
41.1,5134.88,21302.08,36,579.7,1,0,591.7244444444445,0.11523627490653761,False,False,False,True,False,True,False,False,True,False
27.5,9522.36,24529.05,36,613.8,1,1,681.3625,0.07155395293650528,True,False,False,False,False,True,False,True,False,False
51.2,10628.31,3927.08,12,596.4,3,1,327.25666666666666,0.03079103510894548,False,False,True,False,False,True,False,False,False,True
30.5,2785.72,18448.58,12,619.4,3,2,1537.381666666667,0.5518794642490531,True,False,False,False,False,True,False,True,False,False
42.5,6270.74,4810.52,24,639.5,1,3,200.43833333333336,0.03196406373309892,True,False,False,False,False,False,False,False,False,True
46.0,4495.13,20602.68,36,793.7,3,0,572.2966666666666,0.1273148196811924,False,False,True,False,False,True,False,True,False,False
40.3,9885.89,33296.0,12,626.7,1,1,2774.6666666666665,0.2806693847352108,True,False,False,False,False,False,False,True,False,False
42.7,14158.64,20660.58,60,688.9,3,0,344.343,0.02432034430967922,False,False,False,False,False,False,False,True,False,False
30.5,1626.9,26238.25,24,671.6,2,1,1093.2604166666667,0.6719899255927023,True,False,False,False,False,True,False,False,False,True
44.7,10606.43,32947.15,24,477.6,4,0,1372.7979166666667,0.12943072413360193,False,True,False,False,False,True,False,False,True,False
38.7,8987.69,32960.04,60,777.7,0,1,549.3340000000001,0.06112071059291019,False,False,True,False,False,True,False,False,True,False
19.6,4332.54,19066.15,36,637.9,0,2,529.6152777777778,0.12224128953347572,False,False,False,False,False,True,False,True,False,False
44.1,5174.03,20052.29,60,538.1,1,1,334.20483333333334,0.064592751237895,False,False,True,False,False,True,False,True,False,False
24.8,2970.49,15921.33,24,745.0,3,1,663.38875,0.22332636964498662,True,False,False,False,False,False,False,False,False,True
60.9,9354.42,22667.94,24,300.1,4,1,944.4975,0.10096804494456306,True,False,False,False,False,True,False,False,False,False
41.8,2592.47,19405.55,24,795.0,1,0,808.5645833333333,0.3118896574365129,False,False,False,False,False,False,False,False,False,True
38.7,2882.13,29834.92,12,716.2,1,1,2486.2433333333333,0.8626409373300038,True,False,False,False,False,True,False,False,False,True
24.3,7272.27,32015.2,24,619.5,3,0,1333.9666666666667,0.18343194969828502,True,False,False,False,False,True,False,False,False,True
50.7,7967.93,15750.45,24,479.8,2,1,656.2687500000001,0.08236376940765824,True,False,False,False,False,False,False,True,False,False
36.7,5312.25,15096.1,24,784.9,1,1,629.0041666666667,0.118406356154662,False,False,True,False,False,True,False,False,False,True
41.2,9175.6,2381.36,60,253.8,0,1,39.68933333333334,0.004325530024203108,True,False,False,False,False,True,False,True,False,False
40.3,16022.76,19655.96,48,588.6,2,2,409.49916666666667,0.025557342580872038,False,False,True,False,True,False,False,True,False,False
23.2,2080.59,7449.91,36,731.7,3,0,206.94194444444443,0.09946310587372492,False,False,True,False,False,True,False,False,False,False
60.4,6438.9,30349.56,48,488.8,2,0,632.2825,0.09819728509807998,False,False,True,False,False,False,False,False,False,True
47.6,6110.65,16527.23,60,597.2,6,1,275.4538333333333,0.045077664877313656,False,True,False,False,False,False,False,False,True,False
37.8,10936.58,21477.1,24,509.1,1,0,894.8791666666666,0.08182440633620588,True,False,False,False,False,False,False,False,False,True
26.8,11451.1,3503.89,48,623.3,1,1,72.99770833333334,0.006374733280609374,True,False,False,False,False,False,False,True,False,False
35.4,2942.03,19699.54,36,560.7,2,1,547.2094444444444,0.18599723408139007,False,False,False,False,False,True,False,True,False,False
31.9,2874.06,2214.11,36,490.6,3,0,61.50305555555556,0.02139936373686072,True,False,False,False,False,False,False,True,False,False
53.8,13103.41,22775.45,60,554.7,5,0,379.59083333333336,0.028968858720260206,True,False,False,False,False,False,False,False,False,True
40.1,4570.19,17889.29,48,542.4,0,0,372.6935416666667,0.08154880669100818,True,False,False,False,True,False,False,False,False,True
26.1,6043.06,15477.82,12,857.6,1,1,1289.8183333333334,0.2134379488535533,True,False,False,False,False,True,False,False,False,True
33.5,10383.26,30150.34,24,770.8,2,0,1256.2641666666666,0.12098937765757313,False,False,False,True,False,True,False,False,False,True
57.0,3817.26,11974.23,24,411.5,1,0,498.92625,0.13070271574191247,False,False,False,False,False,True,False,True,False,False
55.6,1405.96,15052.23,36,851.5,0,3,418.1175,0.29738932617294,True,False,False,False,True,False,False,True,False,False
33.6,1471.43,4714.97,24,443.0,2,0,196.45708333333334,0.13351439212071892,False,False,False,False,False,True,False,False,False,False
36.7,4214.38,4054.04,60,693.2,3,0,67.56733333333334,0.01603256782089125,True,False,False,False,False,False,False,True,False,False
33.1,9580.83,19991.3,24,682.1,0,0,832.9708333333333,0.08694140616876818,True,False,False,False,False,False,False,True,False,False
24.8,2705.75,6581.77,12,761.6,1,1,548.4808333333334,0.20270935278804023,True,False,False,False,False,False,False,False,False,True
26.6,11714.52,15772.27,48,766.6,3,0,328.5889583333333,0.028049715912631175,False,False,False,False,False,False,False,True,False,False
22.8,1761.19,5471.21,24,815.8,5,1,227.96708333333333,0.12943923258645632,False,False,False,False,False,False,True,False,True,False
51.1,3268.57,2316.23,48,695.8,2,0,48.25479166666667,0.01476327308854757,False,False,False,False,False,False,False,False,False,True
44.2,2555.47,31869.42,24,468.4,0,1,1327.8925,0.5196275028874238,True,False,False,False,False,True,False,False,False,True
50.3,2731.55,23642.53,24,539.7,5,1,985.1054166666667,0.36063971483599766,False,False,False,False,False,False,False,True,False,False
48.6,5935.78,28190.94,36,538.7,3,0,783.0816666666666,0.13192565515356197,True,False,False,False,False,False,False,True,False,False
45.1,4847.78,33053.65,24,545.1,2,0,1377.2354166666667,0.2840961045727541,True,False,False,False,False,True,False,False,False,True
41.3,2251.78,20548.58,60,697.4,4,2,342.47633333333334,0.15209138184565965,False,False,False,True,False,True,False,True,False,False
59.1,1504.89,11248.75,36,666.0,1,1,312.46527777777777,0.2076332992454231,False,False,False,False,False,False,False,True,False,False
36.5,4264.07,34129.05,24,699.7,2,1,1422.04375,0.12949295926816135,False,False,False,True,False,True,False,False,False,True
37.6,8172.76,23213.18,36,688.8,3,2,644.8105555555555,0.07889752724496746,False,False,False,True,True,False,False,False,False,True
50.6,19608.78,18636.9,24,622.1,4,0,776.5375,0.03960152031916238,True,False,False,False,False,False,False,False,False,True
26.9,1496.38,9836.73,60,526.7,7,0,163.94549999999998,0.10956140746627588,False,False,True,False,False,True,False,True,False,False
52.4,4264.07,24571.35,36,449.5,2,0,682.5374999999999,0.12949295926816135,True,False,False,False,False,False,False,False,False,True
41.6,7120.57,24024.15,36,659.0,3,0,667.3375000000001,0.09371967399559353,True,False,False,False,False,False,False,False,True,False
49.5,2539.51,25722.97,24,882.4,5,0,1071.7904166666667,0.42204614766084997,False,False,True,False,False,True,False,True,False,False
34.8,4264.07,3770.52,24,745.9,0,2,157.105,0.12949295926816135,True,False,False,False,False,False,False,False,False,True
29.5,1453.44,28722.87,48,526.7,1,2,598.3931249999999,0.4117081688153059,False,False,False,True,False,False,False,False,False,True
20.0,4264.07,13961.18,60,591.6,5,0,232.68633333333335,0.12949295926816135,True,False,False,False,False,True,False,True,False,False
47.1,2628.19,23720.51,24,423.3,1,0,988.3545833333333,0.3760590290552597,False,False,False,False,False,False,False,False,False,True
31.1,14576.7,4957.94,36,533.3,2,2,137.72055555555553,0.009447992718590327,True,False,False,False,False,False,False,True,False,False
36.5,1573.64,11633.02,60,550.7,1,2,193.88366666666667,0.123207128335957,True,False,False,False,False,True,False,True,False,False
41.7,6477.71,3014.0,24,695.2,0,1,125.58333333333333,0.01938699527139427,True,False,False,False,False,True,False,False,False,True
42.5,7816.78,6776.19,24,660.0,2,0,282.34125,0.036119892032115665,True,False,False,False,False,True,False,True,False,False
41.5,4483.46,21407.68,12,586.3,3,2,1783.9733333333334,0.3979010249571365,False,False,True,False,False,True,False,True,False,False
39.1,7483.08,4818.12,12,659.9,2,3,401.51,0.05365571388565175,True,False,False,False,False,True,False,False,False,True
39.3,3846.64,24138.3,12,629.0,2,0,2011.5249999999999,0.5229304002377908,True,False,False,False,False,True,False,False,False,True
53.6,7868.15,20519.79,24,437.2,3,2,854.99125,0.1086648384834239,False,False,False,False,False,True,False,True,False,False
37.6,1702.91,32201.39,48,562.4,2,0,670.8622916666667,0.3939505245298703,False,False,False,False,False,True,False,False,False,True
23.9,12429.53,27000.27,12,364.2,2,1,2250.0225,0.18102233135040316,False,False,False,True,False,False,False,False,True,False
38.7,24442.03,32476.91,60,758.6,1,0,541.2818333333333,0.022145535093111252,False,False,False,False,False,False,False,True,False,False
41.7,3650.59,9358.26,12,619.2,2,0,779.855,0.21362437246137095,True,False,False,False,False,False,False,False,False,True
41.2,5512.77,25435.66,48,622.9,2,2,529.9095833333333,0.09612401431078989,True,False,False,False,False,True,False,False,False,True
32.7,8534.68,16353.65,24,543.6,4,2,681.4020833333333,0.079839206922221,False,True,False,False,False,True,False,False,False,True
25.6,19192.89,2914.94,48,742.9,4,1,60.727916666666665,0.0031640840246062907,False,False,False,False,False,True,False,False,False,True
25.8,4264.07,19035.69,36,456.0,1,0,528.7691666666666,0.12949295926816135,True,False,False,False,False,False,False,True,False,False
46.5,6503.72,31981.29,60,476.1,4,0,533.0215000000001,0.08195640328618638,False,False,False,True,False,False,False,False,False,False
19.2,1956.5,18968.21,48,720.4,2,2,395.17104166666667,0.20197855335899878,False,False,True,False,False,True,False,False,False,True
29.1,3043.63,10534.42,60,834.6,2,0,175.57366666666667,0.05768561424674172,False,False,True,False,False,True,False,True,False,False
41.4,41282.01,14444.86,12,719.9,1,1,1203.7383333333335,0.02915890803383227,False,False,False,False,False,True,False,False,False,True
33.3,2341.78,19891.61,36,513.6,1,1,552.5447222222223,0.23595073826863103,True,False,False,False,False,True,False,False,False,True
38.7,3479.6,13303.79,24,615.2,2,0,554.3245833333334,0.1593069840614621,True,False,False,False,False,True,False,True,False,False
49.4,5043.34,30740.38,12,623.3,2,1,2561.6983333333333,0.5079368688714155,False,False,False,False,False,False,False,True,False,False
46.5,4293.93,23819.3,24,497.5,6,0,992.4708333333333,0.2311334444255027,True,False,False,False,False,False,False,True,False,False
55.1,1446.31,4360.78,24,684.8,3,2,181.69916666666666,0.12562947460113802,False,False,False,False,False,False,False,True,False,False
46.9,4264.07,3779.25,36,668.0,2,1,104.97916666666667,0.12949295926816135,False,False,True,False,False,True,False,False,False,True
36.0,1639.78,25606.66,12,466.6,3,2,2133.8883333333333,1.301325982948977,False,False,False,True,False,True,False,True,False,False
63.4,6781.16,19732.4,48,527.2,2,0,411.0916666666667,0.06062261708327787,True,False,False,False,False,False,False,False,True,False
50.2,4345.28,20200.51,36,911.9,10,1,561.1252777777777,0.12913443471684988,True,False,False,False,False,False,False,False,False,False
24.9,4700.4,22169.82,60,882.3,2,0,369.497,0.07860969262486238,False,False,False,False,True,False,False,True,False,False
29.6,6391.8,16478.33,24,537.2,1,1,686.5970833333334,0.10741842395868914,True,False,False,False,True,False,False,True,False,False
31.1,16688.09,8732.29,60,549.7,5,0,145.53816666666668,0.008721079918639933,False,False,False,True,False,False,False,False,True,False
23.5,2810.53,17323.05,12,700.3,5,0,1443.5874999999999,0.5136353267403821,True,False,False,False,False,True,False,True,False,False
37.0,2307.03,3478.94,36,623.3,5,1,96.63722222222222,0.04188815134755105,False,False,False,True,False,True,False,False,False,True
47.6,3288.53,22760.73,36,748.3,1,1,632.2425,0.19225687406757158,False,False,False,False,False,True,False,True,False,False
32.5,8428.52,16255.59,48,625.8,2,1,338.658125,0.04018002266094163,True,False,False,False,False,True,False,False,True,False
24.2,1987.02,31780.97,12,481.8,3,2,2648.414166666667,1.3328573206802619,True,False,False,False,False,True,False,False,True,False
62.1,2312.43,23423.25,48,551.1,1,1,487.984375,0.21102665719167,False,False,True,False,False,False,False,True,False,False
39.3,2270.25,11254.19,60,608.1,0,1,187.56983333333335,0.08262078295655786,False,False,False,False,False,True,False,True,False,False
53.3,8260.31,34807.74,24,615.1,1,0,1450.3225,0.17557724809894878,True,False,False,False,True,False,False,False,False,True
29.3,1769.01,4048.31,36,521.0,3,0,112.45305555555555,0.06356835457112849,False,False,False,False,False,True,False,True,False,False
57.1,19048.25,23828.73,36,386.4,5,1,661.9091666666667,0.03474908016847615,False,False,False,False,False,True,False,False,True,False
38.9,7630.35,33584.52,24,753.1,2,1,1399.3549999999998,0.18339329102414265,False,False,True,False,False,True,False,False,False,True
58.3,4770.47,16222.04,36,863.9,1,0,450.6122222222223,0.09445866366996032,False,False,False,False,False,False,False,True,False,False
43.0,4721.32,4419.44,24,543.4,1,1,184.14333333333332,0.039002510514709494,True,False,False,False,False,False,False,True,False,False
35.3,18183.13,25600.44,24,623.3,3,2,1066.685,0.05866344240036592,True,False,False,False,False,True,False,False,False,True
38.7,1771.99,22232.55,12,816.0,1,1,1852.7124999999999,1.045554709419609,False,False,False,False,True,False,False,True,False,False
38.3,2611.47,3671.3,60,780.3,3,1,61.18833333333334,0.02343060923503898,False,False,False,False,False,True,False,False,False,True
42.5,4288.14,18229.2,12,774.7,4,3,1519.1000000000001,0.3542561568552889,True,False,False,False,False,True,False,False,False,True
28.3,22129.88,29801.58,48,517.3,5,1,620.86625,0.028055563325216602,False,False,False,False,False,True,False,False,False,True
29.5,3163.88,20875.43,12,566.2,0,1,1739.6191666666666,0.5498372761192882,True,False,False,False,False,False,False,False,False,True
40.9,6734.05,32810.7,36,690.3,5,2,911.4083333333333,0.13534326771852015,True,False,False,False,True,False,False,True,False,False
35.5,2062.32,18703.61,48,643.6,2,2,389.6585416666667,0.1889418420891269,False,False,False,False,False,True,False,False,False,True
53.0,3225.31,26115.16,48,684.9,1,1,544.0658333333333,0.16868636864253966,True,False,False,False,False,True,False,False,False,True
30.7,2528.62,12303.65,48,626.1,2,0,256.32604166666664,0.10136993326516729,True,False,False,False,False,True,False,True,False,False
46.2,5500.01,7540.0,12,407.0,1,0,628.3333333333334,0.11424221632159054,True,False,False,False,False,False,False,False,False,True
21.7,4264.07,7896.87,48,562.5,2,1,164.518125,0.12949295926816135,True,False,False,False,False,False,False,True,False,False
35.5,4693.4,22082.87,36,499.8,1,2,613.4130555555555,0.13069694768154985,True,False,False,False,True,False,False,False,False,True
19.1,2111.96,12799.49,48,593.8,1,1,266.6560416666667,0.12625998617590617,False,True,False,False,False,False,False,True,False,False
43.0,4044.15,10034.06,24,437.6,0,1,418.0858333333333,0.10338039694361716,False,False,False,False,False,False,False,False,True,False
38.7,3875.14,21955.42,12,707.5,0,0,1829.618333333333,0.4721425106220441,False,True,False,False,False,False,False,False,False,True
57.0,18119.13,20709.37,24,267.1,5,1,862.8904166666666,0.04762317043867089,False,False,False,False,False,True,False,False,True,False
42.7,3625.48,16184.91,36,776.7,3,1,449.5808333333333,0.12400587841976084,False,False,False,False,False,True,False,False,False,True
19.8,5448.37,16819.9,12,903.4,2,0,1401.6583333333335,0.2572619573855509,True,False,False,False,False,False,False,False,False,True
33.0,3333.12,22362.79,48,735.0,2,0,465.89145833333333,0.13977638276916807,True,False,False,False,False,False,False,True,False,False
23.8,3146.6,21078.64,24,749.8,5,0,878.2766666666666,0.27911926011424204,True,False,False,False,False,False,False,False,False,True
32.3,6263.42,7646.67,48,623.3,3,1,159.305625,0.025434287457276876,True,False,False,False,False,True,False,False,False,True
35.8,2452.51,22481.02,24,558.3,0,0,936.7091666666666,0.3819389779643209,True,False,False,False,False,False,True,False,False,True
27.2,6579.14,30235.61,48,631.2,3,1,629.9085416666667,0.09574329482413108,True,False,False,False,False,False,False,False,False,False
22.7,9310.18,18987.62,36,757.9,4,1,527.4338888888889,0.05665130946151157,False,False,False,False,False,True,False,True,False,False
20.3,7956.91,9456.44,24,554.1,2,0,394.0183333333334,0.04951901339064326,False,True,False,False,False,True,False,False,True,False
44.9,4053.23,4972.44,60,694.3,3,0,82.874,0.020446409356374026,False,False,False,False,False,True,False,False,False,True
40.7,4264.07,22029.2,12,480.4,1,0,1835.7666666666667,0.12949295926816135,False,False,True,False,False,False,False,False,False,True
30.3,4312.46,18249.95,24,615.0,1,0,760.4145833333333,0.1763296544362236,False,False,False,False,False,False,False,False,False,True
53.4,2466.06,30406.23,12,554.1,0,1,2533.8525,1.0274902028843977,False,False,True,False,False,False,False,False,False,True
38.7,3058.16,25325.86,12,328.8,4,0,2110.4883333333332,0.6901170397991481,False,False,True,False,False,True,False,False,False,True
36.5,3599.0,34655.59,24,623.3,2,0,1443.9829166666666,0.40121781401902984,True,False,False,False,False,True,False,False,False,True
39.3,10404.47,22551.12,12,874.9,0,4,1879.26,0.1806204446928864,True,False,False,False,True,False,False,False,False,True
25.1,19836.82,10694.95,12,736.0,0,1,891.2458333333334,0.044928866264050626,True,False,False,False,False,True,False,True,False,False
53.3,12885.1,25609.88,12,675.4,2,0,2134.1566666666668,0.16562981001392063,False,True,False,False,False,False,False,False,False,True
38.7,1405.61,29878.59,48,432.6,1,0,622.470625,0.4428473193642098,False,False,True,False,False,True,False,True,False,False
23.0,11408.54,32832.89,24,382.2,3,3,1368.0370833333334,0.11991342293879839,False,True,False,False,False,True,False,False,False,True
55.8,5557.02,22243.07,24,568.5,5,2,926.7945833333333,0.16677906173912324,False,False,True,False,False,True,False,False,False,True
23.9,2254.7,18375.76,36,433.5,3,0,510.43777777777774,0.22638833348733509,True,False,False,False,False,True,False,True,False,False
50.5,5017.58,27283.82,12,623.3,1,2,2273.6516666666666,0.4531371023751083,False,False,False,False,True,False,False,False,False,True
34.7,9854.68,9436.96,12,649.4,1,1,786.4133333333333,0.0798010014059638,True,False,False,False,False,False,False,True,False,False
38.7,13232.75,2250.52,12,401.0,1,2,187.54333333333332,0.014172665031199613,True,False,False,False,True,False,False,False,False,True
44.2,1534.93,23074.64,24,460.5,4,0,961.4433333333333,0.6263760087232467,False,False,False,False,False,False,False,False,False,True
31.6,3345.91,11771.87,24,623.3,6,0,490.49458333333337,0.14659527060422445,True,False,False,False,False,True,False,False,False,False
42.6,20944.64,25886.35,12,609.2,2,1,2157.195833333333,0.10299512583187785,True,False,False,False,False,True,False,True,False,False
25.6,6485.28,8611.89,36,613.8,1,2,239.21916666666664,0.036886482356629446,False,False,False,True,False,False,False,False,False,False
42.7,8800.99,14839.0,48,614.8,3,0,309.1458333333333,0.035126256589550806,True,False,False,False,False,False,False,True,False,False
32.7,2677.81,18312.37,36,982.5,3,1,508.6769444444444,0.1899600578625234,False,False,False,False,False,False,False,False,False,True
40.9,11165.16,11042.81,24,769.8,3,0,460.1170833333333,0.041210075173238235,False,False,False,False,False,True,False,True,False,False
37.6,3675.24,12054.98,36,724.7,4,1,334.86055555555555,0.09111256806206666,True,False,False,False,False,False,False,False,False,True
56.5,3778.23,3258.34,12,615.5,2,0,271.52833333333336,0.07186654402052493,False,False,False,False,False,True,False,False,False,True
35.5,16985.56,3426.26,24,582.5,5,0,142.76083333333335,0.00840483523942013,True,False,False,False,False,False,False,False,False,True
41.7,2146.54,26216.39,60,528.2,0,0,436.9398333333333,0.2035554107064295,True,False,False,False,False,False,False,True,False,False
29.9,3135.51,2843.06,36,588.7,4,1,78.9738888888889,0.025186935661828388,False,False,False,False,False,False,False,True,False,False
36.3,3179.97,7173.39,36,680.8,3,0,199.26083333333335,0.06266123035963266,False,False,False,True,False,True,False,False,False,True
19.6,4421.68,31107.8,24,641.9,3,1,1296.1583333333333,0.2931370724254045,False,False,True,False,False,True,False,True,False,False
47.2,9729.7,20872.67,24,851.6,3,2,869.6945833333333,0.08938554965101471,False,False,False,False,False,False,True,False,False,True
46.1,1662.34,25063.78,12,646.6,1,0,2088.648333333333,1.2564507385786456,False,False,False,True,False,True,False,False,False,True
38.6,10547.39,34422.16,48,681.5,1,1,717.1283333333334,0.06799107008022105,True,False,False,False,False,True,False,False,True,False
47.9,1940.43,14341.02,24,544.6,1,1,597.5425,0.3079433408680378,False,False,True,False,False,False,False,True,False,False
48.2,7370.75,18691.75,36,365.1,4,0,519.2152777777778,0.0704426655460233,True,False,False,False,False,False,False,True,False,False
40.8,7894.95,33623.85,12,888.4,3,0,2801.9874999999997,0.35490883367860615,False,False,False,False,False,True,False,False,False,True
46.1,19001.39,16253.8,12,878.4,3,0,1354.4833333333333,0.07128338151158939,True,False,False,False,False,True,False,True,False,False
31.0,8773.28,5147.34,12,614.3,2,0,428.945,0.04889220445615299,False,False,False,False,False,False,False,False,False,True
54.9,2180.16,22169.89,36,603.1,3,1,615.8302777777777,0.28247022005406736,True,False,False,False,False,False,False,False,False,True
29.7,4211.26,31906.77,24,922.9,5,0,1329.44875,0.31568906855504275,True,False,False,False,False,True,False,False,False,True
50.2,2049.65,30025.53,24,600.0,3,0,1251.06375,0.6103792081068513,False,False,False,False,False,True,False,False,False,True
28.6,8158.53,14627.16,48,759.2,2,1,304.7325,0.03735139781633285,False,False,False,True,False,True,False,True,False,False
38.7,1475.37,3626.25,48,786.8,3,1,75.546875,0.051205375253628754,False,False,False,False,False,False,False,False,False,True
39.9,4349.84,34841.01,24,564.1,2,1,1451.70875,0.3337384240943611,True,False,False,False,False,False,False,False,False,True
23.6,4454.77,15710.91,48,567.3,1,1,327.310625,0.07347419154417806,False,False,True,False,False,True,False,False,False,True
59.3,2300.27,10175.29,48,452.0,1,2,211.98520833333336,0.09215666309249206,True,False,False,False,False,False,False,False,False,True
38.7,9165.34,22592.94,12,691.8,4,4,1882.745,0.20542009330213598,True,False,False,False,True,False,False,False,False,True
24.3,7344.6,15226.81,36,666.8,1,0,422.96694444444444,0.05758883313843587,False,False,False,False,False,True,False,True,False,False
32.2,7966.58,28517.73,24,859.4,3,0,1188.23875,0.14915292992833445,True,False,False,False,False,False,False,False,True,False
26.4,4162.22,18538.5,48,653.4,0,1,386.21875,0.09279152689480247,False,False,False,False,False,True,False,True,False,False
35.3,2906.59,3477.49,12,539.0,0,0,289.7908333333333,0.0997013105860545,False,False,True,False,False,False,False,False,False,True
39.3,8346.77,3655.57,36,481.3,2,0,101.54361111111112,0.012165617477114494,True,False,False,False,False,True,False,True,False,False
45.5,10636.19,27693.05,24,502.1,2,1,1153.8770833333333,0.10848594113573318,False,True,False,False,False,True,False,False,False,False
45.0,3582.21,11950.95,24,658.4,6,0,497.95625,0.13900811192250562,False,True,False,False,False,True,False,False,False,False
43.6,4409.11,19351.03,36,467.8,2,1,537.5286111111111,0.12191317746483517,True,False,False,False,False,False,False,True,False,False
31.0,3853.81,9839.67,24,597.5,4,1,409.98625,0.1063846554283043,True,False,False,False,False,True,False,True,False,False
43.9,11468.85,28356.38,12,493.3,3,2,2363.0316666666668,0.2060391115592475,False,False,False,False,False,False,False,True,False,False
55.5,6529.97,33632.28,12,491.6,3,0,2802.69,0.429204115134979,True,False,False,False,False,True,False,False,False,True
35.9,2545.62,8151.76,24,546.6,2,1,339.6566666666667,0.1334278742830383,False,False,False,False,True,False,False,True,False,False
44.5,5495.24,28332.24,36,760.9,1,2,787.0066666666667,0.14321606794871672,False,False,False,False,False,False,False,False,False,True
50.2,6297.47,14298.31,12,623.3,1,0,1191.5258333333334,0.18920706751143915,True,False,False,False,False,True,False,False,False,True
29.7,1890.75,20865.52,36,589.7,1,0,579.5977777777778,0.306543844882898,True,False,False,False,False,True,False,True,False,False
48.1,2315.59,25922.13,12,700.0,2,1,2160.1775000000002,0.9328842716850381,False,True,False,False,False,False,False,False,False,False
18.7,10183.87,13086.8,36,464.7,2,2,363.5222222222222,0.03569588200411664,False,False,False,True,False,False,False,False,False,True
37.8,2268.47,23375.94,36,568.1,3,1,649.3316666666666,0.28624212081457784,False,False,False,False,False,True,False,False,False,True
36.5,5440.26,5458.53,12,539.4,4,2,454.8775,0.08361319112760568,False,False,True,False,False,True,False,False,True,False
33.0,11086.68,3955.2,24,623.3,2,0,164.79999999999998,0.014864684454800998,True,False,False,False,False,False,False,False,False,True
52.4,2712.47,8866.88,12,510.7,3,1,738.9066666666666,0.2724109995474813,True,False,False,False,False,False,False,False,True,False
38.3,2923.34,16949.79,24,710.0,3,0,706.24125,0.24158710501827665,False,False,False,False,False,True,False,True,False,False
26.2,10794.81,14528.58,24,722.3,3,1,605.3575,0.056078569186415905,False,False,True,False,False,True,False,False,True,False
67.8,7434.66,3095.48,48,679.5,2,1,64.48916666666666,0.008674124516780245,False,False,False,False,False,False,False,False,False,True
40.1,5740.29,27483.47,60,529.2,4,1,458.05783333333335,0.0797969845661741,False,False,False,False,False,False,False,False,True,False
52.0,3851.05,22003.85,48,570.7,1,1,458.4135416666666,0.11903598771148302,False,False,False,True,False,False,False,False,False,True
42.9,9181.67,23061.66,24,623.3,3,0,960.9025,0.10465443638831015,False,False,False,False,False,False,False,True,False,False
33.1,8048.29,6462.55,36,595.2,1,1,179.51527777777778,0.022304772511270103,True,False,False,False,False,False,False,True,False,False
44.8,11043.2,7104.29,48,841.7,3,0,148.00604166666668,0.013402459570834729,True,False,False,False,False,False,False,True,False,False
46.9,2473.27,32969.39,24,620.0,4,0,1373.7245833333334,0.5554284723378557,False,False,False,False,False,True,False,True,False,False
53.3,4264.07,12884.32,12,576.2,1,0,1073.6933333333334,0.12949295926816135,False,False,False,False,False,False,False,False,True,False
25.0,5105.16,26918.89,24,477.6,2,1,1121.6204166666666,0.21970328343668638,False,False,False,False,False,True,False,True,False,False
50.5,9653.22,9661.89,24,651.1,4,0,402.57874999999996,0.041704089369449686,False,False,False,True,True,False,False,True,False,False
27.1,3886.81,29145.26,60,670.0,1,0,485.7543333333333,0.12497506492048303,False,False,True,False,False,False,False,False,False,True
28.0,6245.7,32324.85,24,456.6,2,1,1346.8687499999999,0.21564736504211318,True,False,False,False,False,False,False,True,False,False
38.0,4222.54,13632.0,36,578.3,1,0,378.6666666666667,0.08967746090502211,True,False,False,False,False,False,False,True,False,False
46.9,7581.58,9398.92,24,518.5,0,0,391.62166666666667,0.051654360456543764,True,False,False,False,False,False,False,False,False,True
27.8,7740.07,4536.61,12,738.5,2,0,378.0508333333333,0.048843335117757326,True,False,False,False,False,False,False,False,False,True
34.1,7376.19,19613.86,12,646.1,4,1,1634.4883333333335,0.22158978159692683,True,False,False,False,False,False,False,False,False,True
35.4,7158.26,24850.7,24,549.4,2,1,1035.4458333333334,0.14465049214289905,True,False,False,False,False,True,False,True,False,False
42.3,2408.4,22823.47,36,413.5,3,1,633.9852777777778,0.2632391941311185,False,True,False,False,False,False,False,False,True,False
22.9,2958.48,22395.07,24,641.5,1,0,933.1279166666667,0.31540788293738264,False,False,False,False,False,True,False,False,False,True
37.2,3612.47,34906.37,24,676.3,3,0,1454.4320833333334,0.4026142997193583,False,True,False,False,False,False,False,False,False,False
54.4,1809.26,23652.52,48,753.6,3,0,492.7608333333333,0.2723549023411695,False,False,True,False,False,True,False,False,True,False
34.4,2086.2,26065.32,12,673.7,2,0,2172.11,1.0411801311418842,False,False,False,False,False,True,False,False,False,True
54.6,16301.74,9796.15,24,659.7,1,1,408.17291666666665,0.025038610382467182,True,False,False,False,False,False,True,True,False,False
33.5,4264.07,15123.48,36,712.4,2,1,420.09666666666664,0.12949295926816135,True,False,False,False,False,False,False,False,False,True
23.2,2790.38,8349.56,36,664.8,4,0,231.9322222222222,0.08311850765524305,True,False,False,False,False,False,False,True,False,False
39.6,2438.36,32422.32,12,451.4,0,0,2701.86,1.1080644322082693,True,False,False,False,False,True,False,True,False,False
54.9,6268.24,18208.05,60,990.0,3,0,303.4675,0.04841350993514366,True,False,False,False,False,False,False,False,False,True
35.9,7181.89,22631.87,60,771.4,0,0,377.19783333333334,0.05252069201952778,False,False,False,False,False,False,False,False,False,True
39.1,1847.89,24429.3,12,851.6,2,0,2035.7749999999999,1.1016754184411657,False,False,False,False,False,False,False,False,False,True
34.7,5041.83,7462.15,48,639.7,3,0,155.46145833333333,0.03083433158694165,False,False,False,False,False,True,False,False,False,True
39.3,1739.56,33911.53,24,693.5,4,2,1412.9804166666665,0.8122631059256568,False,False,False,False,False,False,False,False,True,False
35.6,2094.49,10900.66,36,597.3,2,0,302.7961111111111,0.14456794239429727,False,False,False,True,False,False,True,False,False,True
41.9,1457.76,4054.27,36,623.3,4,0,112.61861111111111,0.077254562025687,False,False,True,False,False,True,False,False,False,False
35.9,23256.53,27899.63,48,640.3,3,2,581.2422916666667,0.024992649007256895,False,False,False,False,False,True,False,False,True,False
46.5,5392.54,31713.38,48,559.6,1,1,660.6954166666667,0.12252026233304975,True,False,False,False,False,True,False,False,False,False
36.3,1811.11,12923.14,60,518.4,0,1,215.38566666666665,0.11892467353027697,True,False,False,False,False,True,False,False,True,False
64.5,4264.07,22721.94,24,855.8,1,0,946.7475,0.12949295926816135,True,False,False,False,False,True,False,True,False,False
44.7,3057.45,9660.24,12,623.3,0,1,805.02,0.26329784538325124,True,False,False,False,False,False,False,True,False,False
38.8,1764.92,33722.21,36,836.2,4,1,936.7280555555556,0.5307481643632991,False,False,True,False,False,False,False,True,False,False
35.2,2246.2,32698.39,36,467.7,4,1,908.2886111111111,0.4043667558843574,False,False,False,False,False,True,False,False,False,True
49.6,3608.85,7744.12,24,623.1,1,1,322.6716666666667,0.08941121569822921,True,False,False,False,False,True,False,True,False,False
45.3,9087.0,30485.18,36,583.5,2,0,846.8105555555555,0.09318923237852572,False,False,False,True,False,False,False,False,False,True
23.2,1808.01,22923.22,60,735.0,2,1,382.0536666666667,0.211311698803408,True,False,False,False,False,False,False,True,False,False
52.7,4274.93,32834.36,12,401.5,1,0,2736.1966666666667,0.6400564828584566,True,False,False,False,False,True,False,True,False,False
37.8,15165.56,26236.76,60,724.9,3,0,437.2793333333333,0.028833708286736277,False,True,False,False,False,True,False,False,False,True
39.1,2262.17,30918.1,12,597.4,2,1,2576.508333333333,1.138954332319759,False,False,False,False,False,False,False,True,False,False
40.1,4264.07,11095.97,24,728.5,1,0,462.3320833333333,0.12949295926816135,True,False,False,False,False,False,False,False,False,False
31.1,4264.07,19206.03,24,566.0,1,1,800.2512499999999,0.12949295926816135,True,False,False,False,False,True,False,True,False,False
44.9,5094.81,34522.14,24,318.6,3,1,1438.4225,0.28233094014824706,False,True,False,False,False,True,False,True,False,False
37.2,7347.0,24932.58,48,624.4,5,0,519.42875,0.07069943504736705,True,False,False,False,False,True,False,True,False,False
42.6,3296.34,17415.06,48,493.4,3,0,362.81375,0.11006563306556473,False,False,False,False,False,True,False,False,True,False
32.4,16424.66,18877.61,36,562.4,1,1,524.3780555555555,0.03192626545915062,True,False,False,False,True,False,False,False,True,False
55.5,3103.73,27734.81,12,627.5,3,0,2311.2341666666666,0.7446634079704202,False,False,False,False,True,False,False,True,False,False
55.5,10051.16,11264.81,12,778.0,3,0,938.7341666666666,0.09339560465983136,True,False,False,False,False,False,False,False,False,True
40.5,9706.94,18999.54,12,746.3,0,2,1583.295,0.1631095894657744,True,False,False,False,False,True,False,True,False,False
36.4,2885.15,2760.74,12,761.5,1,0,230.06166666666664,0.07973993236721394,True,False,False,False,False,True,False,False,False,True
34.4,4541.61,34399.66,24,388.4,3,1,1433.319166666667,0.3155971480401654,False,False,False,False,False,False,False,False,False,True
64.1,14816.3,8860.23,12,337.7,3,2,738.3525,0.049833797878124905,True,False,False,False,False,False,False,False,False,True
49.6,8258.91,16870.57,24,543.1,0,0,702.9404166666667,0.08511297687171031,False,False,True,False,False,True,False,False,False,True
33.5,4238.5,19585.23,12,574.6,1,1,1632.1025,0.38506606019802747,False,True,False,False,False,False,False,False,True,False
30.2,1566.79,7510.27,60,814.7,3,1,125.17116666666668,0.07989019962328371,True,False,False,False,False,False,False,False,False,True
33.2,9543.16,31621.26,48,291.3,1,0,658.77625,0.06903124848684163,True,False,False,False,False,False,False,False,False,True
48.6,2545.46,11319.34,48,543.4,3,0,235.81958333333333,0.09264320885297793,False,False,False,False,False,True,False,True,False,False
32.7,2807.21,30074.11,24,802.8,2,1,1253.0879166666666,0.44638196365888083,False,False,True,False,False,True,False,False,False,True
36.5,15088.43,34656.37,24,762.1,3,2,1444.0154166666669,0.09570349040354974,True,False,False,False,True,False,False,False,True,False
34.0,2571.3,27975.05,36,631.9,2,0,777.0847222222222,0.3022147237584393,False,False,False,True,True,False,False,False,False,True
30.8,3738.6,4140.83,24,789.4,1,0,172.53458333333333,0.04614951662971117,False,False,False,False,False,True,False,False,False,True
54.3,14074.71,32422.0,24,586.7,1,2,1350.9166666666667,0.09598184727833457,True,False,False,False,False,True,False,True,False,False
41.9,2293.85,32168.22,12,638.4,1,1,2680.685,1.1686400541943018,False,True,False,False,False,True,False,True,False,False
45.4,4388.48,27413.68,24,889.5,0,1,1142.2366666666667,0.26028070403963555,False,False,True,False,False,False,True,False,False,False
46.6,1517.05,30850.98,60,670.7,3,1,514.183,0.3389360908411978,True,False,False,False,False,False,False,False,False,True
31.1,2951.44,33420.09,12,688.1,2,2,2785.0074999999997,0.9436097262908621,True,False,False,False,False,False,False,True,False,False
27.7,9997.8,31369.92,24,654.4,4,1,1307.08,0.13073676195689377,False,False,False,True,False,False,False,False,False,True
31.4,5455.11,15867.68,36,803.8,3,1,440.7688888888889,0.08079926675738826,True,False,False,False,False,True,False,False,False,True
48.0,3693.36,6989.04,24,810.9,2,1,291.21,0.07884690341898189,True,False,False,False,False,False,False,True,False,False
38.7,20212.28,23902.54,12,726.9,0,3,1991.8783333333333,0.0985479289000476,True,False,False,False,True,False,False,True,False,False
34.7,12932.15,7496.69,24,601.8,6,0,312.3620833333333,0.02415391741448979,True,False,False,False,False,True,False,False,False,True
29.6,6026.04,28186.2,24,650.8,1,1,1174.425,0.19489166982812647,True,False,False,False,False,False,False,True,False,False
43.8,6385.71,6050.4,12,489.2,4,0,504.2,0.07895754727515414,True,False,False,False,False,False,False,True,False,False
36.2,5862.31,27464.14,36,623.9,4,3,762.8927777777777,0.13013518160527607,True,False,False,False,False,False,False,False,False,False
43.2,7127.44,22322.57,12,654.6,1,0,1860.2141666666666,0.2609933109302546,True,False,False,False,False,False,False,False,False,True
36.7,10450.03,27526.13,36,735.2,2,0,764.6147222222222,0.07316866281633025,True,False,False,False,False,True,False,False,False,True
44.5,1665.0,25664.94,36,618.8,3,0,712.915,0.4281771746055425,False,False,False,False,True,False,False,False,False,True
43.7,7301.85,13384.43,36,590.3,1,1,371.7897222222222,0.05091719519204726,True,False,False,False,False,False,True,False,True,False
50.3,3756.06,30894.02,24,602.8,3,1,1287.2508333333333,0.34271306366410614,True,False,False,False,False,True,False,True,False,False
37.1,2253.76,19135.69,36,861.2,2,0,531.5469444444444,0.23584895556135294,True,False,False,False,False,True,False,True,False,False
33.4,4143.52,26058.24,60,623.3,1,1,434.30400000000003,0.10481522931030808,False,False,False,False,False,False,False,False,False,True
38.7,8973.14,19362.71,48,663.4,2,0,403.38979166666667,0.0449552543721723,False,False,False,False,False,False,True,False,True,False
52.0,10233.67,31626.54,12,577.8,0,2,2635.545,0.2575366410510241,True,False,False,False,False,False,False,False,True,False
31.2,14246.12,16911.34,60,793.7,4,2,281.85566666666665,0.0197847320160731,True,False,False,False,False,True,False,False,False,True
38.7,5898.92,30174.18,12,631.6,0,1,2514.515,0.4262670108659432,True,False,False,False,False,False,True,True,False,False
61.8,1646.26,25670.87,12,527.8,2,1,2139.2391666666667,1.2994540070657896,False,False,False,False,False,False,False,True,False,False
23.5,5259.74,26645.99,12,757.1,3,1,2220.499166666667,0.4221689974114647,False,False,False,False,False,False,False,True,False,False
35.6,10054.99,13527.79,24,608.5,4,0,563.6579166666667,0.05605753124628581,True,False,False,False,False,True,False,True,False,False
52.6,1970.7,26912.59,36,266.4,3,1,747.5719444444444,0.37934335040899725,False,False,False,False,False,False,False,False,False,False
39.6,6817.7,27265.24,24,623.3,3,1,1136.0516666666667,0.16663268624321104,False,False,False,False,False,False,False,False,False,True
37.8,1989.8,24394.69,12,427.6,3,2,2032.8908333333331,1.0216558564261609,True,False,False,False,False,False,False,True,False,False
60.4,10129.69,8726.04,12,790.7,2,1,727.1700000000001,0.07178600720082648,True,False,False,False,False,True,False,False,False,True
44.7,4874.64,25975.36,48,630.9,3,0,541.1533333333333,0.11101400969572998,True,False,False,False,False,False,False,True,False,False
25.7,1892.95,27113.24,12,623.3,2,2,2259.436666666667,1.1936060935210153,False,False,False,False,False,True,False,False,False,True
44.9,5213.53,9744.56,48,662.4,3,0,203.01166666666666,0.03893938776170326,True,False,False,False,False,False,False,False,True,False
56.3,4056.46,20149.92,36,714.4,0,0,559.7199999999999,0.13798237838415173,False,False,False,False,False,False,True,False,True,False
36.0,4244.06,17490.01,24,860.5,3,2,728.7504166666666,0.17171067679287283,True,False,False,False,True,False,False,False,False,True
36.8,2485.13,33561.23,48,646.1,4,2,699.1922916666667,0.2813503876469894,True,False,False,False,True,False,False,True,False,False
38.2,4624.48,25600.67,24,811.6,1,1,1066.6945833333332,0.23066260012513998,False,False,False,True,False,True,False,False,True,False
28.0,5841.65,19221.81,24,749.5,1,1,800.90875,0.13710317267021618,False,False,False,True,True,False,False,True,False,False
32.6,4264.07,9887.85,24,450.6,2,2,411.99375000000003,0.12949295926816135,True,False,False,False,False,True,False,True,False,False
40.0,4366.63,16129.8,36,461.2,0,1,448.04999999999995,0.10260773158566736,False,False,False,False,False,True,False,False,False,False
61.6,2210.28,33463.09,24,461.8,4,0,1394.2954166666666,0.6308229773415298,False,False,True,False,True,False,False,True,False,False
50.5,15589.89,29327.58,24,351.5,3,0,1221.9825,0.07838300970796908,True,False,False,False,False,True,False,False,False,True
40.3,3314.07,27718.99,60,717.3,3,1,461.9831666666667,0.1394005453332794,False,False,False,False,False,True,False,False,False,False
49.4,2218.52,32432.59,24,601.5,5,0,1351.3579166666666,0.6091258634474369,False,False,True,False,False,False,False,True,False,False
33.2,4254.45,27846.78,12,859.5,5,1,2320.565,0.5454441806921126,True,False,False,False,False,False,False,False,False,True
39.0,1537.53,12758.77,36,752.8,2,2,354.41027777777776,0.2305062505919984,False,False,True,False,False,False,True,False,False,True
18.8,3972.57,18978.57,48,617.9,6,2,395.386875,0.09952924026630305,True,False,False,False,False,True,False,True,False,False
18.5,12151.99,22334.66,24,435.4,0,1,930.6108333333333,0.07658094127525812,True,False,False,False,False,True,False,False,False,True
28.8,5175.08,6731.4,12,646.2,2,0,560.9499999999999,0.1083944593931022,False,False,False,False,False,False,False,False,True,False
25.5,1749.43,15247.88,60,572.6,7,1,254.13133333333332,0.1452652188888273,False,False,False,False,False,False,False,False,False,True
39.5,3063.86,13921.24,36,580.6,1,0,386.7011111111111,0.1262137009683778,True,False,False,False,False,True,False,False,False,True
40.4,10906.76,25705.89,12,587.5,1,0,2142.1575,0.19640640282136362,True,False,False,False,False,False,False,True,False,False
33.1,4873.65,17573.0,48,732.2,2,1,366.1041666666667,0.07511909265447371,False,False,False,True,False,False,False,False,False,True
42.4,11779.05,26478.85,12,514.5,5,0,2206.570833333333,0.18733011842721037,False,True,False,False,False,False,False,False,True,False
55.5,2886.91,9292.94,24,758.8,3,0,387.2058333333334,0.1341246633916841,False,False,False,False,False,False,False,False,True,False
38.7,7084.63,6908.47,24,533.6,4,1,287.85291666666666,0.04063062097249404,False,True,False,False,False,False,False,False,False,True
28.1,2281.65,20094.96,12,693.5,4,0,1674.58,0.7339337727787618,True,False,False,False,True,False,False,True,False,False
34.4,4818.54,10660.79,12,507.4,0,2,888.3991666666667,0.1843710262492283,True,False,False,False,False,False,False,True,False,False
29.7,2032.34,31602.9,24,271.9,2,0,1316.7875000000001,0.6479169300022786,False,False,True,False,False,False,False,True,False,False
32.4,3597.13,19345.85,12,449.1,2,0,1612.1541666666665,0.448177897986697,True,False,False,False,False,True,False,False,False,True
44.4,1749.82,23210.21,36,659.4,5,3,644.7280555555556,0.36845392775886454,True,False,False,False,False,False,False,True,False,False
35.6,3009.15,2555.5,24,621.4,4,1,106.47916666666667,0.035385130788699586,False,False,False,True,False,False,False,False,False,True
37.8,4077.34,19856.4,60,461.4,2,0,330.94,0.08116566172758302,True,False,False,False,False,True,False,False,False,True
51.4,2693.97,29523.39,24,551.9,2,2,1230.14125,0.4566276704765544,True,False,False,False,False,False,False,False,False,True
42.4,3465.0,33720.75,24,668.0,3,0,1405.03125,0.4054924230721719,False,False,False,False,False,True,False,True,False,False
52.1,3097.38,14154.44,36,611.2,1,0,393.1788888888889,0.12693918331605972,True,False,False,False,True,False,False,False,False,False
53.4,3249.86,28413.53,36,808.0,4,0,789.2647222222222,0.2428611447242683,False,False,False,False,True,False,False,False,False,True
19.1,2606.48,6806.31,12,916.2,2,3,567.1925,0.2176086130812106,False,False,True,False,False,False,False,False,True,False
21.6,3930.31,15029.75,48,575.2,1,0,313.1197916666667,0.07966796279936876,True,False,False,False,False,False,False,True,False,False
57.0,1958.43,4217.11,12,717.5,1,0,351.4258333333333,0.1794426308517062,True,False,False,False,False,False,False,False,False,True
42.6,2135.07,7952.53,24,700.7,1,1,331.35541666666666,0.1551965111751378,False,False,True,False,False,True,False,True,False,False
36.8,2482.44,26973.73,60,706.5,4,1,449.56216666666666,0.18109689050115924,False,False,True,False,False,True,False,True,False,False
43.2,3956.08,22063.61,36,623.3,2,2,612.8780555555555,0.1549205410422312,False,False,False,False,False,True,False,True,False,False
48.4,2918.96,13633.42,24,587.4,1,1,568.0591666666667,0.19461012303031403,False,True,False,False,False,False,False,False,False,True
44.5,5856.85,31517.36,12,602.1,5,2,2626.4466666666667,0.4484401448188472,True,False,False,False,False,True,False,True,False,False
29.3,3788.45,3519.09,60,623.3,5,0,58.651500000000006,0.015481661324600667,False,False,False,True,False,True,False,True,False,False
47.7,1740.49,20835.37,24,805.2,2,1,868.1404166666666,0.4987908070019124,True,False,False,False,False,True,False,True,False,False
48.5,1571.96,4224.99,12,872.9,2,0,352.0825,0.22397675370889364,True,False,False,False,False,False,False,False,False,True
28.8,6198.48,32718.81,24,802.5,1,0,1363.28375,0.21993839583262612,False,False,True,False,False,False,False,False,True,False
38.3,5253.39,2433.03,36,486.4,2,2,67.58416666666668,0.012864867549909297,False,False,False,False,True,False,False,True,False,False
21.0,5407.97,25752.98,24,805.5,4,0,1073.0408333333332,0.19841841418298348,False,False,False,False,False,False,False,True,False,False
38.5,8532.01,10741.94,60,990.0,5,3,179.03233333333336,0.02098360563612763,False,False,False,False,False,True,False,True,False,False
21.5,8443.87,18692.49,48,600.1,2,1,389.42687500000005,0.04611947774406821,True,False,False,False,False,False,False,False,False,True
36.9,2364.9,9371.26,12,870.6,3,0,780.9383333333334,0.3302204448522681,True,False,False,False,False,False,False,False,False,False
57.9,7963.03,31498.36,24,634.7,5,0,1312.4316666666666,0.16481561227554217,False,False,False,False,False,True,False,True,False,False
47.7,5245.13,10059.9,12,507.5,0,0,838.3249999999999,0.15982921269858094,False,False,False,False,False,False,False,True,False,False
50.8,6900.37,28223.85,60,581.3,2,3,470.3975,0.06816989513871011,True,False,False,False,False,True,False,False,False,True
40.0,9378.07,17815.0,60,515.0,2,1,296.9166666666667,0.031660743239286894,False,False,True,False,False,False,False,False,False,True
28.8,7036.15,3813.61,60,813.0,1,1,63.56016666666667,0.009033372878112738,True,False,False,False,False,True,False,False,False,True
27.3,2291.74,14059.05,48,739.7,3,2,292.89687499999997,0.127805455122285,False,False,False,False,False,False,False,True,False,False
56.3,5210.89,14577.73,12,654.5,2,1,1214.8108333333332,0.23312924107053512,True,False,False,False,False,False,False,False,True,False
48.3,5398.76,31102.4,12,753.2,4,2,2591.866666666667,0.48008554961987776,True,False,False,False,False,False,False,False,False,True
55.7,3581.9,21645.25,48,598.8,1,0,450.9427083333333,0.12589483432658224,True,False,False,False,False,False,False,True,False,False
21.7,10617.15,19354.47,12,484.8,2,2,1612.8725000000002,0.15191200072344088,False,False,False,False,False,True,False,True,False,False
38.5,3145.86,28396.41,24,415.2,3,1,1183.18375,0.3761082013309295,False,False,False,False,False,False,True,True,False,False
33.2,1849.78,21235.24,36,929.2,5,1,589.8677777777779,0.3188853672268725,True,False,False,False,False,True,False,False,False,True
32.5,4264.07,19437.17,48,572.9,1,0,404.94104166666665,0.12949295926816135,False,False,False,False,False,True,False,False,False,True
26.0,7535.14,2618.1,24,724.5,3,2,109.08749999999999,0.014477169615326097,False,False,True,False,False,False,False,True,False,False
31.8,10062.8,17039.0,12,734.5,1,0,1419.9166666666667,0.14110552383587188,True,False,False,False,False,True,False,True,False,False
38.4,3621.59,23850.2,12,611.2,3,0,1987.5166666666667,0.5487967056399812,False,False,False,False,True,False,False,False,False,False
42.4,1905.51,13702.69,36,528.8,2,1,380.6302777777778,0.1997524420130324,True,False,False,False,False,True,False,False,False,True
33.3,4376.26,9186.17,60,573.5,1,1,153.10283333333334,0.034984857614375,True,False,False,False,False,True,False,True,False,False
40.1,2034.76,8529.2,24,643.7,1,0,355.3833333333334,0.17465614204464996,False,False,True,False,False,False,False,False,False,True
26.2,5484.72,10559.07,24,793.8,1,1,439.96125,0.08021580850031394,False,False,True,False,False,False,False,True,False,False
49.7,7887.52,10336.44,60,570.7,6,1,172.274,0.02184133920187671,False,False,False,True,False,False,False,True,False,False
35.3,5354.56,4441.63,12,585.8,1,1,370.1358333333333,0.06912534972847065,False,False,True,False,False,False,False,True,False,False
35.8,2192.57,27901.42,24,689.9,1,0,1162.5591666666667,0.530226702620395,False,False,False,False,False,True,False,True,False,False
39.6,3709.74,19266.19,36,471.4,2,1,535.1719444444444,0.14426130753147967,False,False,False,False,False,False,False,False,False,False
38.9,4700.28,30893.37,24,601.9,4,0,1287.2237499999999,0.27386107790629266,False,False,False,False,False,True,False,False,False,True
40.3,2428.67,18617.43,12,759.4,5,1,1551.4525,0.6388074516554021,False,False,True,False,False,False,False,False,True,False
38.7,2594.11,25558.42,36,698.5,3,0,709.9561111111111,0.2736800322169494,True,False,False,False,False,True,False,False,False,False
38.7,2299.33,24502.87,60,734.4,3,1,408.3811666666667,0.17760876641916515,False,False,False,False,False,False,False,False,True,False
69.1,2279.4,23111.67,36,897.2,5,1,641.9908333333333,0.2816490438347121,False,False,False,False,False,False,False,False,True,False
35.0,7244.46,12388.43,12,655.4,2,0,1032.3691666666666,0.14250464013075098,False,False,False,False,False,True,False,True,False,False
33.3,6807.02,30353.0,24,573.5,2,1,1264.7083333333333,0.18579471361555955,True,False,False,False,False,True,False,True,False,False
37.4,2080.78,14066.19,36,623.5,4,1,390.7275,0.18777934145955197,False,False,True,False,False,True,False,False,False,True
40.4,7634.32,23663.52,24,684.8,1,1,985.98,0.12915099166769145,False,False,False,False,False,True,False,True,False,False
33.3,9087.12,34359.54,36,471.0,1,2,954.4316666666667,0.10503126024706992,True,False,False,False,False,False,False,True,False,False
21.1,1620.92,25947.83,24,558.8,1,1,1081.1595833333333,0.6670036625270196,False,False,False,False,True,False,False,True,False,False
25.6,7513.02,28989.84,36,623.3,2,0,805.2733333333333,0.10718370672000024,False,False,False,True,False,False,False,False,False,True
26.3,4264.07,23144.2,24,839.6,1,1,964.3416666666667,0.12949295926816135,False,False,True,False,False,False,True,False,False,True
51.8,10247.25,6518.22,36,546.5,1,0,181.06166666666667,0.01766929337041389,False,False,False,True,False,True,False,False,False,True
28.6,9481.45,21023.18,60,657.8,3,1,350.3863333333333,0.03695493125669428,False,False,True,False,False,False,False,False,False,False
44.0,4438.99,26737.5,36,527.0,4,1,742.7083333333334,0.16731471160335715,True,False,False,False,False,True,False,True,False,False
42.1,2393.47,30053.92,36,594.8,5,0,834.8311111111111,0.3487953087455276,False,False,False,False,False,False,False,False,False,True
46.0,4309.73,15470.37,24,513.4,3,0,644.59875,0.14956824406733546,True,False,False,False,False,True,False,True,False,False
52.2,5387.97,20999.75,48,436.1,0,0,437.4947916666667,0.08119844595546787,False,False,False,False,False,False,False,False,False,True
33.8,7091.65,20215.15,60,668.8,2,0,336.9191666666667,0.04750927727560919,False,False,False,True,False,False,False,True,False,False
35.4,8156.06,13520.2,36,619.6,3,1,375.56111111111113,0.04604687933274673,False,False,True,False,False,True,False,True,False,False
31.5,4080.52,6331.65,36,498.8,2,1,175.87916666666666,0.043102145372561636,True,False,False,False,False,False,False,False,False,True
36.1,7635.53,9589.66,12,542.5,1,1,799.1383333333333,0.1046604927603884,False,False,False,False,False,True,False,False,True,False
35.4,2322.99,22733.68,24,471.8,5,0,947.2366666666667,0.4077661387216498,False,False,False,False,False,True,False,False,False,True
38.9,2089.21,12835.79,12,567.7,3,0,1069.6491666666668,0.5119873835309964,False,False,False,False,True,False,False,False,True,False
45.2,10022.14,27549.33,48,471.0,6,1,573.944375,0.05726764687255652,False,False,False,False,True,False,False,True,False,False
50.7,17648.07,26766.31,48,547.2,1,1,557.6314583333334,0.03159730542871602,False,False,False,True,False,True,False,False,False,True
50.3,4408.83,30714.72,48,857.2,3,2,639.89,0.14513827898753576,False,False,False,False,False,False,False,True,False,False
38.7,3464.82,16467.51,60,644.1,6,0,274.45849999999996,0.07921291703692278,False,False,True,False,False,True,False,False,False,True
45.6,2226.87,32535.83,48,654.1,2,1,677.8297916666667,0.3043867799300358,True,False,False,False,False,True,False,False,True,False
27.9,5131.33,3026.58,24,428.7,4,0,126.1075,0.02457598707435307,True,False,False,False,False,True,False,False,False,True
24.0,5930.07,3232.6,24,366.8,2,1,134.69166666666666,0.02271333499259424,False,False,True,False,False,True,False,True,False,False
42.1,9503.88,3086.06,24,675.4,7,0,128.58583333333334,0.01352982499758363,True,False,False,False,False,True,False,False,False,True
34.7,8138.91,16404.08,36,669.5,3,0,455.66888888888894,0.05598647587072768,True,False,False,False,False,True,False,False,False,True
21.3,5867.63,29393.86,12,738.9,1,0,2449.4883333333332,0.41745787126297235,False,False,False,False,False,True,False,True,False,False
24.9,2004.25,20161.1,12,620.5,3,0,1680.0916666666665,0.8382645170432936,False,False,False,False,False,True,False,False,False,True
23.6,6887.32,20937.47,12,723.0,3,1,1744.7891666666667,0.2533335410774193,False,False,False,True,False,False,False,False,False,True
51.1,4688.44,16821.31,12,526.7,0,2,1401.7758333333334,0.29898555390353254,False,False,False,True,False,False,False,True,False,False
62.3,4192.04,18635.14,60,647.3,4,1,310.58566666666667,0.0740893851026643,False,False,True,False,False,False,False,False,False,True
36.7,5402.64,30671.5,12,753.0,3,0,2555.9583333333335,0.4730943258485463,False,False,False,False,False,False,False,False,False,True
40.3,1512.61,5822.54,60,622.2,0,0,97.04233333333333,0.06415555410302576,True,False,False,False,False,True,False,True,False,False
21.1,5651.93,20101.79,24,655.1,4,0,837.5745833333334,0.14819266725727437,False,False,False,False,False,False,False,True,False,False
35.4,10852.66,19845.35,60,864.6,5,2,330.7558333333333,0.030476936808908044,True,False,False,False,False,False,False,False,False,True
35.9,1888.78,8004.07,36,902.5,2,0,222.33527777777778,0.11771369698993044,True,False,False,False,False,False,True,False,False,True
38.2,2090.82,28726.09,36,399.9,2,1,797.9469444444444,0.3816430590046076,True,False,False,False,False,False,False,False,False,True
27.9,8067.49,20871.9,36,533.0,1,2,579.7750000000001,0.07186559875269063,True,False,False,False,False,True,False,False,False,True
39.0,3890.95,27517.62,12,408.5,2,1,2293.1349999999998,0.5893509282068622,False,False,False,False,False,False,False,True,False,False
42.9,1767.63,4416.64,36,903.1,2,0,122.68444444444445,0.06940617875368864,True,False,False,False,False,False,False,False,True,False
44.7,7834.78,12721.26,48,638.3,4,0,265.02625,0.03382689107565638,True,False,False,False,False,False,False,False,False,True
38.2,2844.4,28595.67,24,518.1,2,1,1191.48625,0.41888842842466445,False,False,False,False,False,True,False,True,False,False
58.2,2632.15,2402.19,24,566.3,1,2,100.09125,0.03802642312168218,False,False,False,False,False,True,False,True,False,False
29.1,2033.65,31339.86,60,517.5,1,1,522.331,0.25684409678733267,False,True,False,False,False,False,True,False,False,True
28.1,2019.89,3881.22,48,460.5,1,0,80.85875,0.040031263880551594,True,False,False,False,False,False,False,False,False,True
24.5,1578.47,33686.22,12,623.3,3,0,2807.185,1.7784214981696105,False,False,False,False,False,True,False,False,False,True
38.1,1938.73,22002.1,12,763.4,3,4,1833.5083333333332,0.9457264930527037,True,False,False,False,False,False,False,False,True,False
41.4,7501.66,17837.55,24,430.5,4,0,743.2312499999999,0.09907557114148659,False,False,False,False,True,False,False,True,False,False
51.9,6094.1,2138.51,12,800.0,5,1,178.20916666666668,0.029242901556298332,True,False,False,False,False,True,False,False,False,True
24.5,4264.07,18634.34,12,840.5,3,1,1552.8616666666667,0.12949295926816135,False,False,False,False,False,True,False,True,False,False
40.5,8937.4,30196.17,36,534.8,2,2,838.7824999999999,0.09385084018411301,False,False,False,False,False,True,False,True,False,False
48.4,4255.31,8520.17,12,540.4,0,3,710.0141666666667,0.16685368750998866,True,False,False,False,False,True,False,True,False,False
36.6,11595.26,28300.17,12,526.8,1,0,2358.3475,0.2033889277140927,False,False,True,False,False,True,False,False,True,False
42.8,4927.21,30247.2,48,565.8,1,2,630.15,0.12789184928612368,True,False,False,False,False,False,False,True,False,False
41.9,4264.07,2580.88,60,504.1,0,3,43.01466666666667,0.12949295926816135,True,False,False,False,False,True,False,True,False,False
51.3,1432.59,19049.8,24,689.9,1,1,793.7416666666667,0.5540605903475948,False,False,False,True,False,True,False,False,True,False
42.3,2731.8,18732.57,36,384.9,3,1,520.3491666666666,0.19047849943695788,False,False,False,False,False,True,False,False,True,False
40.6,16440.86,5400.23,24,555.6,1,2,225.00958333333332,0.013685998372133412,False,False,False,False,False,True,False,True,False,False
31.5,2096.47,19264.15,48,377.1,1,3,401.3364583333334,0.19143439038907759,False,False,True,False,True,False,False,False,False,False
40.3,7210.53,7897.76,12,829.4,3,1,658.1466666666666,0.09127576832131744,True,False,False,False,True,False,False,False,False,True
42.9,8913.05,34621.31,24,665.9,4,2,1442.5545833333333,0.16184746879181186,False,False,False,False,False,False,False,True,False,False
41.4,4264.07,31094.38,36,599.1,3,0,863.7327777777778,0.12949295926816135,True,False,False,False,False,True,False,True,False,False
33.8,1858.58,4483.5,60,590.7,2,1,74.725,0.04020542543121401,False,False,True,False,False,True,False,False,False,True
26.4,3160.67,19746.44,24,765.4,1,1,822.7683333333333,0.2603145316436667,False,False,False,False,False,False,False,True,False,False
43.1,6357.19,23436.17,48,668.4,3,0,488.25354166666665,0.07680335822881384,False,False,True,False,False,False,False,False,True,False
33.8,5488.21,10793.41,36,651.7,1,1,299.81694444444446,0.05462927692237573,False,False,False,False,False,True,False,True,False,False
24.4,2560.73,21288.7,60,623.3,3,2,354.81166666666667,0.13855879584379402,False,False,False,False,False,True,False,False,False,True
50.2,1566.96,10742.72,60,623.3,1,0,179.04533333333333,0.11426286069249038,True,False,False,False,True,False,False,False,False,True
34.8,3692.8,4468.29,36,689.0,0,0,124.11916666666667,0.033611126064383504,False,False,False,True,False,False,False,False,False,True
39.9,6426.06,14174.17,36,547.8,3,0,393.7269444444444,0.06127034976824694,False,False,False,False,False,True,False,False,False,True
35.6,1993.46,6118.98,24,555.4,3,0,254.95749999999998,0.12789697246046083,False,False,False,False,False,False,False,False,True,False
34.1,5051.12,24786.72,60,401.0,1,0,413.112,0.08178621754821463,False,True,False,False,False,False,False,False,False,True
51.3,9869.12,24980.4,48,315.2,2,1,520.4250000000001,0.052732665067673046,True,False,False,False,False,True,False,True,False,False
30.0,1523.77,8688.17,36,705.1,5,1,241.33805555555557,0.15838220595741714,True,False,False,False,False,False,False,False,False,True
53.6,1546.13,15834.82,24,669.8,2,0,659.7841666666667,0.4267326566325859,False,True,False,False,True,False,False,False,False,True
28.3,2923.2,28853.69,24,577.9,4,2,1202.2370833333332,0.41127431555165234,False,False,True,False,False,True,False,True,False,False
38.0,6965.34,11311.9,24,619.3,3,2,471.32916666666665,0.06766779022847251,False,False,False,True,False,False,False,False,True,False
42.3,2695.07,10559.92,24,775.7,0,0,439.99666666666667,0.16325982814326467,False,False,False,False,False,True,False,False,False,True
34.6,3213.49,11817.95,24,693.2,5,0,492.4145833333334,0.15323358149581842,False,False,False,True,False,True,False,True,False,False
40.7,9355.15,29598.23,36,602.1,2,0,822.1730555555555,0.08788454003160934,True,False,False,False,False,True,False,False,False,True
35.1,5178.24,17552.73,48,579.5,1,0,365.681875,0.07061895051094784,True,False,False,False,False,False,False,True,False,False
38.5,6563.57,12918.11,48,775.2,2,0,269.1272916666667,0.04100318748129978,False,True,False,False,False,False,False,True,False,False
34.1,3550.37,10465.58,12,658.4,3,0,872.1316666666667,0.2456452888600945,False,False,False,False,False,False,False,False,False,True
42.0,11871.8,26455.83,36,839.1,2,0,734.8841666666667,0.06190166327327365,False,False,False,False,False,True,False,True,False,False
44.4,1510.48,12255.14,36,376.2,1,1,340.42055555555555,0.2253724334660712,True,False,False,False,False,True,False,True,False,False
21.0,10998.37,20755.72,12,451.8,1,1,1729.6433333333334,0.1572636064944803,False,False,False,False,False,True,False,False,False,False
33.6,3379.96,16277.78,24,871.6,1,1,678.2408333333334,0.20066534258591223,False,False,True,False,True,False,False,True,False,False
31.8,7168.53,16493.34,24,519.9,5,0,687.2225,0.0958665861817324,True,False,False,False,False,True,False,False,False,True
50.3,10778.59,20699.65,36,519.7,1,0,574.9902777777778,0.05334559318466719,False,False,False,False,False,True,False,False,True,False
42.9,4264.07,7961.24,48,535.6,2,0,165.85916666666665,0.12949295926816135,False,False,True,False,False,True,False,True,False,False
46.0,6524.94,26855.19,12,575.9,2,0,2237.9325,0.34298131424506384,False,False,False,False,False,True,False,True,False,False
31.2,1882.36,25973.36,60,562.2,4,1,432.88933333333335,0.22997159471812906,True,False,False,False,False,False,False,False,False,True
37.6,3964.73,6217.59,24,709.3,1,0,259.06625,0.06534272178599118,False,False,False,False,False,True,False,True,False,False
32.4,6192.91,16261.52,36,675.2,1,1,451.7088888888889,0.07293968233988418,False,False,False,False,False,False,False,False,False,True
52.1,3578.18,31796.33,24,448.3,0,1,1324.8470833333333,0.37025724799500326,True,False,False,False,False,True,False,False,False,True
27.0,5158.49,31202.14,36,704.0,2,1,866.7261111111111,0.168019344697948,False,False,False,False,False,False,False,True,False,False
40.1,7937.63,27192.79,36,473.8,1,2,755.3552777777778,0.09516131097395125,False,False,True,False,True,False,False,False,False,False
43.3,7120.62,34019.69,60,519.6,4,0,566.9948333333334,0.07962717186664388,False,False,False,False,False,False,False,True,False,False
45.2,4831.7,20297.02,36,667.4,1,2,563.8061111111111,0.1166889728137553,True,False,False,False,False,True,False,True,False,False
26.4,11452.81,22080.91,24,429.6,4,0,920.0379166666667,0.08033294151071547,False,False,False,False,False,False,False,False,False,True
38.0,3983.62,15281.02,24,740.9,1,1,636.7091666666666,0.15983180249831777,False,False,False,True,False,True,False,False,False,True
49.7,2393.69,32017.26,36,602.5,2,0,889.3683333333333,0.37154699631859733,True,False,False,False,True,False,False,True,False,False
38.7,4709.5,28464.23,48,736.1,3,2,593.0047916666666,0.1259167194834907,True,False,False,False,False,True,False,True,False,False
24.9,3200.88,9581.24,24,550.7,1,1,399.2183333333333,0.1247214303835567,False,False,True,False,False,True,False,False,False,True
44.3,6081.76,11385.87,24,658.5,0,2,474.41125000000005,0.07800558542592016,True,False,False,False,False,False,False,True,False,False
28.8,5545.6,8507.79,12,650.2,3,0,708.9825000000001,0.12784594971176078,False,False,False,True,False,True,False,False,False,True
47.2,2180.35,6229.11,36,490.6,3,0,173.03083333333333,0.07935920037596776,False,False,False,False,False,True,False,False,False,True
56.6,1920.44,5457.02,36,701.7,2,0,151.5838888888889,0.07893185316884171,True,False,False,False,False,False,False,False,True,False
45.1,2810.73,30960.75,24,836.7,2,2,1290.03125,0.4589666191382074,False,False,False,False,False,True,False,True,False,False
29.0,6813.9,31915.51,24,602.4,3,2,1329.8129166666665,0.19516178909509221,True,False,False,False,False,False,True,True,False,False
38.7,1425.82,12549.96,12,717.8,1,0,1045.83,0.7334937037389453,False,False,False,False,False,True,False,True,False,False
48.4,13152.5,9121.77,12,519.5,4,1,760.1475,0.057794905867481546,False,True,False,False,False,True,False,False,True,False
26.1,1467.99,23768.98,24,435.6,3,0,990.3741666666666,0.6746463939946475,False,False,True,False,False,False,False,False,False,True
37.0,9390.53,31605.31,60,452.3,4,1,526.7551666666667,0.0560942956473941,False,False,True,False,False,False,False,True,False,False
33.5,2134.86,14565.86,12,592.7,3,1,1213.8216666666667,0.5685720192335546,True,False,False,False,False,False,False,False,False,True
36.9,10281.49,20124.26,36,781.0,3,1,559.0072222222221,0.054370253891072175,False,False,True,False,False,True,False,True,False,False
32.7,1555.09,4053.4,36,735.0,1,1,112.59444444444445,0.07240381181822682,True,False,False,False,False,True,False,False,False,True
34.5,4095.36,2681.84,12,597.6,2,1,223.48666666666668,0.05457070101797147,False,False,False,True,False,True,False,False,False,True
43.7,12825.92,6620.85,12,773.4,2,1,551.7375000000001,0.04301738195543293,False,False,True,False,False,False,False,False,False,True
45.3,1491.03,33541.79,12,827.8,3,3,2795.1491666666666,1.8746431312047613,False,False,False,False,True,False,False,True,False,False
39.6,8589.06,11420.1,24,623.3,2,0,475.83750000000003,0.05540041627908012,False,False,True,False,False,True,False,False,True,False
42.2,3558.93,8668.78,48,944.5,0,1,180.59958333333336,0.050745472045215456,True,False,False,False,False,False,False,True,False,False
31.2,4264.07,20793.23,24,668.2,2,0,866.3845833333334,0.12949295926816135,False,False,True,False,True,False,False,False,True,False
55.8,2198.43,23832.21,24,295.0,0,0,993.00875,0.45168995395946215,False,False,False,False,False,True,False,False,False,True
44.0,3622.47,3741.85,24,677.7,3,0,155.91041666666666,0.04303980881450187,False,False,False,True,False,True,False,False,False,True
25.8,3300.33,17204.49,12,809.5,4,1,1433.7075000000002,0.4344133755278613,True,False,False,False,False,True,False,True,False,False
25.0,4094.56,28120.85,36,314.5,3,0,781.1347222222222,0.1907737877365295,True,False,False,False,False,False,True,False,False,True
45.1,2324.54,2529.2,36,447.9,2,1,70.25555555555555,0.030223422807661434,False,False,False,True,False,False,False,True,False,False
33.7,1932.88,32088.56,60,739.8,1,3,534.8093333333334,0.27669039493731085,False,False,False,False,True,False,False,False,False,True
46.6,2398.13,32593.28,12,586.9,2,0,2716.1066666666666,1.1325935855607203,True,False,False,False,False,True,False,False,False,True
31.8,1510.57,18822.4,24,405.8,2,0,784.2666666666668,0.5191859109308458,False,False,False,False,False,False,False,True,False,False
48.0,4264.07,22155.78,24,546.9,1,0,923.1574999999999,0.12949295926816135,False,True,False,False,False,True,False,True,False,False
42.4,26824.63,34333.5,24,746.2,2,0,1430.5625,0.05333018570868259,False,False,False,False,False,False,False,True,False,False
38.9,1407.25,19342.84,36,454.9,3,2,537.3011111111111,0.38180927858803937,True,False,False,False,False,True,False,True,False,False
32.9,4338.22,10108.27,48,781.6,3,0,210.58895833333335,0.04854271056975124,True,False,False,False,False,True,False,False,True,False
48.3,3304.05,17560.7,48,628.8,2,1,365.84791666666666,0.11072711234981175,True,False,False,False,False,False,False,False,False,True
44.6,1521.52,25164.18,24,698.5,4,0,1048.5075,0.6891184428129867,False,False,False,False,False,False,True,False,False,True
30.0,14902.87,34516.38,36,761.3,1,0,958.7883333333333,0.06433581804645515,False,False,False,False,True,False,False,False,False,True
36.8,5077.8,2565.03,24,776.8,1,1,106.87625000000001,0.021047747014361053,True,False,False,False,False,True,False,False,False,True
40.8,4566.48,29290.24,48,800.9,3,2,610.2133333333334,0.13362881957153985,True,False,False,False,False,False,False,True,False,False
33.2,14109.96,31090.52,60,472.3,0,3,518.1753333333334,0.03672408234793668,False,False,False,False,False,True,False,False,False,True
61.3,5995.78,13278.0,24,775.8,2,1,553.25,0.09227323201939827,True,False,False,False,False,True,False,False,True,False
25.7,3815.49,12493.21,60,496.2,1,1,208.22016666666664,0.05457232652187357,True,False,False,False,False,False,False,False,False,True
31.5,3510.89,26785.95,48,630.3,1,0,558.040625,0.1589456301423695,False,True,False,False,False,False,False,False,False,True
47.1,4010.06,33900.2,48,801.9,1,1,706.2541666666666,0.17612059792258983,False,False,False,False,False,False,False,False,False,False
41.7,4604.48,31316.0,24,623.3,6,0,1304.8333333333333,0.2833834288561356,False,False,False,False,False,True,False,True,False,False
56.8,2440.39,23246.96,12,703.5,1,0,1937.2466666666667,0.7938266665280549,False,True,False,False,False,False,False,True,False,False
56.2,13302.57,32705.87,48,720.9,2,0,681.3722916666667,0.051221101723535806,False,False,False,False,False,True,False,False,False,True
32.0,2499.78,33891.84,24,566.8,1,2,1412.1599999999999,0.5649137101468379,True,False,False,False,False,False,False,False,False,True
41.8,4448.9,17446.69,12,623.3,3,3,1453.8908333333331,0.32679782194820184,True,False,False,False,False,True,False,False,False,True
56.1,3969.56,2461.78,60,472.8,0,0,41.02966666666667,0.010336074165223835,True,False,False,False,True,False,False,True,False,False
30.0,2536.32,10601.74,36,682.7,1,0,294.49277777777775,0.116110260778086,False,False,True,False,False,False,False,False,False,True
42.2,1513.63,2534.09,36,808.3,1,0,70.3913888888889,0.04650501669750119,True,False,False,False,False,False,False,False,False,True
26.1,12718.55,7700.9,24,733.5,2,0,320.87083333333334,0.02522857032295723,True,False,False,False,False,True,False,False,False,True
44.0,3908.83,3500.77,36,433.1,3,0,97.24361111111111,0.02487793300356674,False,False,False,False,False,False,False,True,False,False
30.6,4900.4,13385.68,12,790.8,2,1,1115.4733333333334,0.2276290366208969,False,False,True,False,True,False,False,True,False,False
45.6,2109.35,16299.54,48,720.1,2,0,339.57375,0.16098501831851036,True,False,False,False,False,True,False,True,False,False
40.0,4015.7,3228.63,12,528.3,1,1,269.0525,0.0670001492467063,True,False,False,False,False,False,False,True,False,False
44.2,7744.15,18396.95,36,857.4,1,2,511.0263888888889,0.06598869962862315,False,False,False,False,False,False,False,True,False,False
59.6,1663.32,24029.09,24,818.1,2,1,1001.2120833333333,0.6019359337433411,True,False,False,False,False,True,False,False,False,True
51.0,1430.57,33381.95,24,612.2,4,1,1390.9145833333332,0.9722799818327894,True,False,False,False,False,False,False,False,False,True
42.6,2184.78,29471.77,24,382.5,2,0,1227.9904166666668,0.5620659338908298,False,False,False,False,False,True,False,False,False,True
36.1,3108.51,9610.94,24,967.8,4,1,400.4558333333334,0.1288256534626161,True,False,False,False,False,False,False,True,False,False
37.6,7083.78,30981.14,48,798.9,3,0,645.4404166666667,0.09111525425062808,False,False,False,True,False,True,False,True,False,False
26.7,2251.28,16958.39,24,434.3,2,1,706.5995833333333,0.31386570315317336,False,False,True,False,False,True,False,True,False,False
19.2,1729.0,19371.65,12,717.2,4,1,1614.3041666666668,0.9336634802371498,False,False,False,False,False,False,False,True,False,False
36.2,4264.07,33887.12,60,533.1,1,1,564.7853333333334,0.12949295926816135,False,False,True,False,False,True,False,True,False,False
54.7,3512.64,29692.7,24,432.5,2,0,1237.1958333333334,0.352212532400476,False,False,False,False,False,False,False,False,False,True
20.3,8162.96,27273.58,36,582.3,1,0,757.5994444444445,0.0928094029024215,False,False,False,False,False,False,False,True,False,False
35.5,8785.27,14888.55,12,687.1,0,0,1240.7124999999999,0.14122645047764443,True,False,False,False,False,False,False,False,False,True
33.4,3108.71,4789.93,24,802.8,3,1,199.58041666666668,0.0642003969571503,True,False,False,False,False,False,False,False,False,True
39.2,10899.46,4573.43,48,772.2,5,2,95.27979166666667,0.00874169835746447,True,False,False,False,False,True,False,False,True,False
42.7,4987.57,17955.73,12,513.6,3,1,1496.3108333333332,0.30000798591964695,True,False,False,False,False,False,False,False,False,True
37.1,1414.75,20331.74,36,579.7,1,1,564.7705555555556,0.39920166217603037,True,False,False,False,False,True,False,False,False,True
47.5,3713.45,25011.75,12,383.9,1,1,2084.3125,0.5612873458339621,False,False,False,False,False,True,False,False,False,True
36.8,1473.68,13532.66,24,446.8,0,1,563.8608333333333,0.3826209417968106,False,False,False,False,False,True,False,True,False,False
32.1,9159.17,20074.62,36,719.8,2,0,557.6283333333333,0.0608819721355225,True,False,False,False,False,True,False,False,True,False
26.7,3534.13,7139.65,12,882.0,3,0,594.9708333333333,0.16835001305832925,True,False,False,False,True,False,False,False,False,True
50.6,2289.14,11500.33,60,623.3,3,0,191.67216666666667,0.08373108059330397,True,False,False,False,False,False,False,False,False,True
44.4,3906.08,28789.76,36,579.5,2,0,799.7155555555555,0.2047360918128135,True,False,False,False,True,False,False,False,False,False
43.2,6688.24,31799.43,24,649.5,2,1,1324.97625,0.19810536823124564,True,False,False,False,False,False,False,False,False,True
40.8,10097.1,6949.04,12,527.3,2,1,579.0866666666667,0.05735178081757623,False,False,True,False,False,True,False,False,False,True
58.4,2324.87,16180.13,12,602.3,4,2,1348.3441666666665,0.5799654005888555,True,False,False,False,False,True,False,False,False,True
44.7,2189.84,34695.15,24,623.3,5,1,1445.6312500000001,0.6601538210090516,True,False,False,False,False,True,False,False,False,True
41.2,9847.57,14527.67,12,497.1,2,0,1210.6391666666666,0.12293785831807116,True,False,False,False,True,False,False,False,False,True
46.0,1879.57,11599.03,60,537.6,4,0,193.31716666666668,0.10285180420955253,True,False,False,False,False,False,False,False,False,True
34.4,6684.66,13704.14,12,659.0,1,0,1142.0116666666665,0.17084065082715652,False,False,True,False,False,True,False,False,False,False
48.4,2953.94,31737.33,12,747.5,0,1,2644.7775,0.8953389341173519,False,True,False,False,False,True,False,True,False,False
37.2,2884.78,22073.82,24,455.0,0,0,919.7425,0.3188258712316853,True,False,False,False,False,True,False,False,False,True
29.5,9141.49,33101.11,24,764.9,2,0,1379.2129166666666,0.1508739729691688,False,False,True,False,False,True,False,False,True,False
40.7,5135.1,33912.83,24,639.1,3,0,1413.0345833333333,0.2751717747622472,False,True,False,False,False,True,False,True,False,False
27.7,1611.85,15431.36,60,653.4,2,1,257.18933333333337,0.15956157938872575,True,False,False,False,True,False,False,True,False,False
27.9,3691.75,30558.72,60,674.8,3,0,509.312,0.1379595039264319,True,False,False,False,False,True,False,True,False,False
41.5,1523.77,24168.5,24,537.5,2,2,1007.0208333333334,0.6608745589718841,True,False,False,False,True,False,False,True,False,False
32.8,2225.99,9473.2,36,621.8,3,0,263.14444444444445,0.11821456667024505,False,False,False,False,False,True,False,False,True,False
38.7,1416.94,13020.47,36,635.1,1,2,361.6797222222222,0.2552540825085617,True,False,False,False,False,False,False,False,False,True
44.9,1582.28,14173.63,24,559.3,2,0,590.5679166666666,0.3732385626654455,False,False,True,False,True,False,False,True,False,False
42.1,2249.58,21005.05,24,290.6,3,0,875.2104166666667,0.38905502928374025,True,False,False,False,True,False,False,False,False,True
38.7,13240.78,10777.42,12,657.4,2,0,898.1183333333333,0.06782971491521166,True,False,False,False,False,False,False,True,False,False
40.8,1721.17,25717.23,24,615.3,4,0,1071.55125,0.6225714158242857,True,False,False,False,False,False,False,True,False,False
37.8,12347.67,2172.01,24,534.9,6,1,90.50041666666668,0.007329351739508196,True,False,False,False,False,False,False,False,False,True
28.8,1590.51,26148.48,36,634.9,2,0,726.3466666666667,0.45667531930004435,False,False,True,False,False,False,False,True,False,False
40.4,3680.19,26163.93,24,497.1,1,1,1090.16375,0.296224854433535,True,False,False,False,False,False,False,False,False,True
28.4,2901.58,28484.09,36,479.2,2,0,791.2247222222222,0.27268754247525373,True,False,False,False,False,False,False,True,False,False
38.7,4462.95,20754.07,24,917.9,3,2,864.7529166666667,0.1937626266772069,False,False,False,False,False,False,False,False,False,True
54.1,3720.08,24892.96,24,623.3,2,0,1037.2066666666667,0.2788129996877854,False,False,False,True,True,False,False,False,False,True
38.4,1729.05,19651.86,12,510.2,3,1,1637.655,0.9471414884061103,False,False,False,False,False,True,False,False,True,False
34.9,2887.23,28887.37,36,800.8,3,2,802.4269444444444,0.27792276391739373,False,False,False,False,False,True,False,False,True,False
34.6,2703.44,11077.53,48,494.8,2,0,230.781875,0.08536600558782143,False,False,False,False,True,False,False,False,False,False
40.4,13028.91,18530.67,24,639.5,2,0,772.1112499999999,0.059261384828614684,False,False,False,False,False,False,True,False,True,False
53.0,7167.72,13083.19,12,638.2,2,0,1090.2658333333334,0.15210775976353091,True,False,False,False,False,False,False,True,False,False
39.1,9556.44,8309.04,60,352.6,3,1,138.484,0.014491170336975726,True,False,False,False,False,True,False,False,True,False
37.1,4680.05,31769.87,36,503.6,4,1,882.4963888888889,0.18856558947088878,False,False,False,False,False,False,False,False,False,True
39.2,4264.07,26071.65,24,744.3,1,1,1086.3187500000001,0.12949295926816135,True,False,False,False,True,False,False,False,False,True
39.1,4686.16,23315.83,48,509.3,1,0,485.74645833333335,0.10365554255441085,True,False,False,False,False,False,False,False,False,True
27.8,1451.29,10832.39,12,521.3,2,0,902.6991666666667,0.6219977815920242,True,False,False,False,False,True,False,True,False,False
37.3,27938.92,3964.96,48,341.1,3,0,82.60333333333334,0.0029565685897582177,True,False,False,False,False,False,False,True,False,False
37.4,3753.89,31978.72,48,594.0,0,0,666.2233333333334,0.17747545387813143,False,False,False,True,False,False,False,True,False,False
45.3,6699.98,21776.91,12,828.1,3,1,1814.7425,0.2708578976790112,True,False,False,False,True,False,False,True,False,False
33.8,8880.31,24184.33,24,588.9,2,1,1007.6804166666667,0.11347356291975519,True,False,False,False,False,False,True,False,False,True
29.0,7457.44,25808.49,36,606.6,5,2,716.9025,0.09613251987795743,True,False,False,False,False,False,False,True,False,False
35.8,3748.76,32196.49,48,792.6,0,0,670.7602083333334,0.1789285541203085,False,False,True,False,False,False,False,False,False,True
38.9,1774.78,27475.64,36,604.2,1,0,763.2122222222222,0.43003201406478664,True,False,False,False,False,False,False,True,False,False
40.8,4899.84,22704.7,12,812.8,3,2,1892.0583333333334,0.386146961833828,False,False,False,False,False,False,False,False,False,True
31.7,9884.03,8865.54,12,855.8,6,1,738.7950000000001,0.07474633315080353,False,False,True,False,False,False,False,True,False,False
35.0,3183.54,17821.73,36,423.0,3,3,495.04805555555555,0.15550238225388457,False,False,True,False,False,False,False,False,True,False
27.3,8518.93,8205.61,12,451.3,3,1,683.8008333333333,0.08026839433246305,False,False,False,False,False,True,False,False,False,True
43.3,4264.07,25135.22,24,585.3,5,1,1047.3008333333335,0.12949295926816135,False,False,False,False,False,False,False,True,False,False
33.7,1993.85,25570.69,24,749.0,2,3,1065.4454166666667,0.5343658807447942,False,False,False,False,False,False,False,True,False,False
32.5,3055.98,29540.87,48,673.7,2,0,615.4347916666667,0.20138704757648812,False,False,True,False,False,False,False,False,False,True
22.6,1771.58,16563.27,24,633.9,3,1,690.13625,0.3895597410810704,False,False,False,False,False,True,False,True,False,False
36.3,5371.28,6566.24,12,804.4,4,1,547.1866666666666,0.10187267572123217,False,False,False,False,True,False,False,True,False,False
43.0,7378.01,29968.56,48,627.6,2,1,624.345,0.084622411619634,True,False,False,False,False,True,False,True,False,False
31.8,4264.07,17292.32,36,679.1,4,0,480.34222222222223,0.12949295926816135,True,False,False,False,False,False,False,False,True,False
37.1,2181.99,10323.21,12,463.5,0,0,860.2674999999999,0.39425822119139764,True,False,False,False,False,False,False,True,False,False
37.4,2109.61,13301.59,12,426.2,4,3,1108.4658333333334,0.5254363735851506,False,False,False,False,False,False,False,False,False,True
20.7,3697.57,7826.29,12,534.0,3,2,652.1908333333333,0.17638363345913585,False,False,False,True,False,False,False,False,True,False
42.2,3476.31,19056.0,36,422.2,2,1,529.3333333333334,0.15226873662321427,True,False,False,False,False,True,False,False,True,False
50.9,4241.35,33791.98,36,717.3,2,2,938.6661111111111,0.221313051009226,True,False,False,False,False,True,False,False,True,False
49.3,5632.45,12834.31,24,454.7,3,0,534.7629166666667,0.09494321577949819,True,False,False,False,False,False,False,False,False,True
39.4,4264.07,15788.02,24,528.4,3,2,657.8341666666666,0.12949295926816135,False,False,False,False,False,True,False,False,False,False
38.7,2789.06,10463.86,12,699.6,1,0,871.9883333333333,0.3126459560593439,False,False,False,False,False,True,False,False,False,True
47.7,7561.32,2744.53,36,817.6,4,1,76.23694444444445,0.010082491462286947,False,False,False,True,False,True,False,False,False,True
43.5,8602.8,7822.08,36,571.2,3,0,217.28,0.025256893075211687,True,False,False,False,False,True,False,False,False,True
34.3,4693.87,13827.27,24,543.9,3,1,576.13625,0.12274226784563215,False,True,False,False,False,True,False,True,False,False
45.5,4264.07,9295.17,12,311.2,2,0,774.5975,0.12949295926816135,True,False,False,False,True,False,False,False,False,True
43.2,17945.52,17597.94,36,566.9,1,1,488.83166666666665,0.027239760474718426,True,False,False,False,False,True,False,False,False,True
54.4,7607.33,12899.47,12,560.1,0,0,1074.9558333333332,0.1413052716157023,True,False,False,False,False,True,False,False,False,True
42.1,4264.07,28589.28,36,586.9,5,3,794.1466666666666,0.12949295926816135,False,False,False,False,False,True,False,False,False,True
41.1,14301.03,18890.32,60,483.1,1,0,314.83866666666665,0.02201510425798111,False,False,False,True,False,True,False,True,False,False
34.2,4264.07,8108.59,12,349.7,2,2,675.7158333333333,0.12949295926816135,True,False,False,False,False,True,False,False,True,False
40.6,1950.0,13947.84,36,666.9,3,1,387.44,0.1986871784682709,True,False,False,False,True,False,False,True,False,False
33.2,4154.99,31051.49,48,549.0,1,1,646.9060416666667,0.155693765835713,False,False,False,False,False,False,False,True,False,False
37.6,3646.61,34781.13,24,740.7,3,0,1449.21375,0.39741396695173326,False,True,False,False,True,False,False,False,False,True
72.7,8289.99,5644.33,36,473.0,0,2,156.78694444444443,0.018912802579414016,False,True,False,False,False,False,False,True,False,False
40.0,3868.23,33292.07,60,556.9,3,1,554.8678333333334,0.14344230614490613,True,False,False,False,False,True,False,False,False,True
45.8,7306.12,24855.05,24,646.9,3,0,1035.6270833333333,0.14174788833414376,False,False,False,False,False,True,False,True,False,False
26.7,2806.41,33105.07,24,695.8,3,1,1379.3779166666666,0.49150976220565384,False,False,True,False,False,True,False,False,True,False
46.2,3315.98,25458.9,36,743.2,3,2,707.1916666666667,0.2132677713779905,True,False,False,False,True,False,False,False,False,True
25.7,15143.05,23484.69,12,732.5,5,0,1957.0575,0.12923800018540652,True,False,False,False,False,True,False,False,False,False
18.7,3787.09,22333.91,48,624.7,3,0,465.28979166666664,0.1228620894771568,False,False,False,False,False,False,False,False,False,True
27.2,3225.23,10937.46,48,438.2,1,0,227.86374999999998,0.07065038750523098,False,False,False,False,False,True,False,True,False,False
47.8,4252.76,23160.09,36,528.9,2,0,643.3358333333333,0.151274897201014,True,False,False,False,False,False,True,False,False,True
32.9,1831.38,3721.19,60,718.8,2,0,62.01983333333333,0.03386508152031938,True,False,False,False,False,False,False,False,True,False
43.0,4278.03,26529.41,48,322.0,2,0,552.6960416666667,0.12919405436023737,True,False,False,False,True,False,False,False,False,False
49.0,3183.34,16276.29,24,866.9,7,1,678.17875,0.21303999819987812,False,False,True,False,False,True,False,True,False,False
27.1,2346.66,9111.54,48,617.9,1,1,189.82375000000002,0.08089103201618031,True,False,False,False,False,False,False,True,False,False
40.1,8586.92,30110.6,36,685.3,2,0,836.4055555555556,0.09740460544426983,True,False,False,False,False,True,False,False,False,True
37.8,1971.42,33919.4,48,734.3,2,1,706.6541666666667,0.3584493223575765,False,False,False,False,False,False,True,False,True,False
41.1,4567.19,27565.87,24,751.8,3,3,1148.5779166666666,0.25148459209094015,False,False,False,True,False,True,False,False,False,True
51.7,1585.54,31864.24,48,472.2,3,1,663.8383333333334,0.4186828015354424,False,False,False,False,False,True,False,True,False,False
35.4,4778.39,19512.71,24,574.0,3,1,813.0295833333333,0.17014717962155904,True,False,False,False,False,False,False,True,False,False
39.7,9679.59,25000.75,24,615.0,0,0,1041.6979166666667,0.10761797923160867,False,True,False,False,False,True,False,True,False,False
33.8,17518.29,21403.15,36,667.9,2,1,594.5319444444444,0.03393778411620464,True,False,False,False,False,False,False,False,False,False
47.0,9678.79,22248.28,36,786.8,1,0,618.0077777777777,0.06385176010010137,True,False,False,False,False,True,False,False,False,True
45.1,7635.05,7315.45,48,577.0,2,0,152.40520833333332,0.019961258686416034,True,False,False,False,False,False,False,False,True,False
44.4,1682.89,31144.81,60,717.2,3,1,519.0801666666667,0.30844568782404663,True,False,False,False,False,False,False,False,False,True
52.9,4763.37,30643.8,24,575.7,1,0,1276.825,0.2680507702150982,False,False,True,False,False,False,False,False,False,False
26.2,5994.19,25649.86,24,661.9,3,1,1068.7441666666666,0.1782966780972408,False,False,True,False,False,False,False,False,False,True
58.0,1644.78,7697.14,60,540.1,2,1,128.28566666666669,0.07799563825357209,True,False,False,False,False,True,False,False,False,False
49.3,12758.76,29416.16,12,889.9,2,0,2451.346666666667,0.1921304785688705,False,False,True,False,False,False,False,False,False,True
30.4,3299.95,5783.38,36,728.2,1,2,160.64944444444444,0.04868238729605617,False,False,False,False,False,False,False,False,False,True
39.4,8841.18,23858.26,36,371.1,2,0,662.7294444444444,0.0749593881919439,False,False,False,False,False,True,False,False,False,True
43.5,1720.11,30638.47,48,699.3,4,4,638.3014583333334,0.37108176490021905,True,False,False,False,False,False,False,True,False,False
39.9,4876.67,32234.18,24,774.5,3,2,1343.0908333333334,0.2754114653194124,False,False,True,False,False,False,False,True,False,False
23.0,3587.77,25752.13,60,990.0,1,1,429.2021666666667,0.11962923082315041,True,False,False,False,False,True,False,False,False,False
70.4,7048.32,14917.39,24,655.8,2,0,621.5579166666666,0.08818525773302206,False,False,False,True,False,False,False,False,False,True
34.6,4264.07,13868.01,60,680.0,2,0,231.1335,0.12949295926816135,False,False,False,False,False,False,False,False,False,False
32.2,2979.67,6324.84,48,551.2,3,0,131.7675,0.04422217881771411,False,True,False,False,False,False,False,False,False,False
46.0,1746.3,12887.69,24,623.3,0,2,536.9870833333333,0.3074999027992523,True,False,False,False,False,False,False,True,False,False
27.5,3535.88,19993.36,12,623.3,1,0,1666.1133333333335,0.4712018871175816,True,False,False,False,False,True,False,False,True,False
51.8,5123.6,15422.5,48,729.8,3,0,321.3020833333333,0.06271021990518992,False,False,True,False,False,False,False,True,False,False
72.3,5209.03,6310.59,24,776.5,4,1,262.94125,0.050477967970086635,True,False,False,False,False,False,False,True,False,False
43.9,1698.48,24430.38,24,496.2,1,0,1017.9325,0.5993196823081833,False,False,False,False,False,False,False,True,False,False
49.9,7364.34,26018.25,24,734.5,6,0,1084.09375,0.14720854123083868,True,False,False,False,False,True,False,True,False,False
51.7,3732.26,19980.82,12,540.4,0,0,1665.0683333333334,0.4461287072369144,False,False,False,False,True,False,False,True,False,False
25.0,2005.7,13593.41,36,614.2,4,1,377.59472222222223,0.18826081684180787,False,False,False,False,True,False,False,True,False,False
33.9,3232.28,17892.44,36,577.6,6,0,497.0122222222222,0.15376521238400448,False,False,True,False,False,False,False,True,False,False
31.5,6992.75,20684.31,24,607.3,1,1,861.84625,0.12324854295770829,True,False,False,False,True,False,False,False,False,True
34.9,2740.26,2538.09,60,657.9,0,1,42.301500000000004,0.015437038764799548,True,False,False,False,False,True,False,True,False,False
32.5,3299.58,3510.62,60,471.7,3,2,58.51033333333333,0.01773266087077953,False,False,True,False,False,False,False,False,False,True
43.1,8622.11,16338.59,12,353.8,6,1,1361.5491666666667,0.15791368529136485,True,False,False,False,True,False,False,False,False,False
44.8,7650.33,26140.35,12,641.4,2,1,2178.3624999999997,0.28474098465720954,False,False,True,False,False,True,False,False,False,True
43.9,3249.33,30299.25,36,496.9,0,1,841.6458333333334,0.2590213461677084,True,False,False,False,False,False,False,True,False,False
18.4,8828.57,26616.5,60,479.5,1,0,443.60833333333335,0.050246906671280206,True,False,False,False,False,True,False,False,False,False
32.3,1812.25,14050.39,60,435.3,3,0,234.17316666666665,0.12921681080121317,False,False,False,False,False,True,False,True,False,False
57.4,1688.64,9793.68,24,641.5,0,4,408.07,0.24165600576999238,False,False,False,False,True,False,False,True,False,False
44.2,2938.24,8621.24,48,575.3,2,2,179.60916666666665,0.06112814680059668,False,False,True,False,False,True,False,False,False,True
18.0,5229.5,27710.14,12,671.9,2,0,2309.1783333333333,0.4415677079869311,False,False,True,False,False,True,False,False,False,True
43.2,4525.56,28155.51,48,623.3,1,2,586.573125,0.12961337905228662,False,False,False,False,False,True,False,True,False,False
34.6,7388.85,5021.21,12,468.0,3,0,418.43416666666667,0.056630485948471254,False,True,False,False,False,True,False,True,False,False
49.8,2353.83,7905.74,12,431.3,1,3,658.8116666666666,0.27988922898755403,True,False,False,False,False,True,False,True,False,False
44.7,2754.88,2807.34,60,631.7,2,1,46.789,0.01698404280047028,False,False,False,False,False,True,False,False,False,True
43.8,24141.68,33861.86,24,627.7,4,3,1410.9108333333334,0.05844294318990658,True,False,False,False,False,False,False,False,False,True
44.9,5224.2,6772.74,36,623.3,2,1,188.13166666666666,0.03601157427099861,True,False,False,False,False,True,False,False,True,False
57.1,6050.01,11087.4,24,786.2,2,0,461.97499999999997,0.07635937779216996,False,False,False,False,False,True,False,False,True,False
32.4,3420.35,30720.81,48,517.2,2,0,640.016875,0.1871202868504092,True,False,False,False,False,False,False,False,False,True
31.7,1605.31,18047.42,60,757.5,1,2,300.7903333333333,0.18737211595244044,True,False,False,False,False,True,False,True,False,False
46.9,28191.74,10962.76,36,646.8,3,1,304.5211111111111,0.010801784884618446,True,False,False,False,False,False,False,False,False,True
38.7,2987.11,26121.74,36,828.3,1,0,725.603888888889,0.24291167264003405,False,False,False,True,False,True,False,False,False,True
42.8,1975.91,31906.82,60,757.6,0,1,531.7803333333334,0.2691318585573304,True,False,False,False,False,True,False,True,False,False
38.7,5093.16,30856.66,12,596.5,3,1,2571.3883333333333,0.5048709108460414,True,False,False,False,False,True,False,True,False,False
37.3,3663.81,23346.39,36,719.0,3,0,648.5108333333333,0.17700449301772972,True,False,False,False,False,False,False,True,False,False
41.6,1577.01,25116.73,24,774.1,1,2,1046.5304166666667,0.6636168508953642,False,False,False,True,False,False,False,False,False,True
18.5,3931.78,17818.63,12,623.3,4,2,1484.8858333333335,0.377662491176187,True,False,False,False,False,False,False,False,False,True
25.8,1968.17,18454.61,48,478.1,5,3,384.4710416666667,0.19534442640281197,False,False,True,False,False,True,False,False,False,True
28.2,15466.09,6732.81,36,627.1,1,3,187.0225,0.012092422834670933,False,False,True,False,False,True,False,True,False,False
54.0,2191.88,19265.34,36,634.0,1,1,535.1483333333333,0.24415037816478524,True,False,False,False,False,True,False,True,False,False
39.8,2701.98,31017.77,48,747.2,2,1,646.2035416666666,0.2391592607180934,True,False,False,False,False,True,False,False,False,True
49.5,2875.02,2028.17,36,514.7,1,1,56.338055555555556,0.01959570902449321,True,False,False,False,False,True,False,True,False,False
37.7,5961.96,9300.77,36,660.1,2,1,258.3547222222222,0.043333856951218,False,False,True,False,False,False,False,True,False,False
45.3,5889.48,20662.55,60,625.3,1,0,344.37583333333333,0.058473045625183025,False,False,False,False,False,True,False,False,False,True
29.1,3356.16,14363.55,36,351.4,3,1,398.98749999999995,0.11888214471633608,True,False,False,False,False,False,False,False,True,False
55.3,2395.19,7492.26,36,623.3,4,2,208.11833333333334,0.08689011413058345,True,False,False,False,False,True,False,False,True,False
38.0,4264.07,4641.36,12,824.0,4,1,386.78,0.12949295926816135,True,False,False,False,False,False,False,False,True,False
41.7,1583.88,4047.49,12,661.9,2,2,337.2908333333333,0.21295226355772573,False,False,True,False,False,True,False,False,True,False
49.8,2267.22,3194.1,24,673.2,3,0,133.0875,0.058700743383082614,True,False,False,False,False,True,False,False,False,False
31.1,2277.77,34596.52,24,760.4,2,0,1441.5216666666665,0.6328653289568363,True,False,False,False,False,False,False,True,False,False
36.7,4453.49,16657.25,36,609.9,2,0,462.7013888888889,0.10389635720523127,True,False,False,False,True,False,False,True,False,False
32.5,6288.9,23229.7,24,647.3,4,1,967.9041666666667,0.15390675080341543,True,False,False,False,False,True,False,True,False,False
37.1,4023.43,12367.52,36,638.6,2,1,343.5422222222222,0.08538541030125245,False,False,False,False,False,True,False,False,False,True
50.5,17377.74,19435.37,24,732.2,1,0,809.8070833333333,0.04660025313230205,False,False,False,False,False,True,False,True,False,False
36.1,2771.72,16212.23,36,811.9,2,2,450.33972222222224,0.16247662844640004,False,False,False,True,False,True,False,False,False,True
27.8,4076.41,28915.52,24,671.4,1,0,1204.8133333333333,0.29555744647318566,True,False,False,False,True,False,False,False,False,True
54.7,1519.3,30666.9,12,571.6,1,1,2555.5750000000003,1.6820739703674459,True,False,False,False,True,False,False,True,False,False
37.2,4076.3,9570.82,36,746.9,3,2,265.8561111111111,0.06521995693617043,False,False,False,False,False,False,False,False,False,True
36.1,6130.74,4693.84,48,594.3,2,1,97.78833333333334,0.015950494259066344,False,False,False,False,False,False,False,True,False,False
38.7,4264.07,31114.89,36,697.3,1,0,864.3025,0.12949295926816135,False,False,False,True,False,True,False,True,False,False
46.7,7279.75,4744.34,60,622.5,5,1,79.07233333333333,0.010861957240937362,True,False,False,False,False,False,False,False,False,True
49.7,2990.16,23186.45,36,674.0,2,0,644.0680555555556,0.21539584952029225,True,False,False,False,False,True,False,False,False,True
33.7,1581.39,29753.91,24,543.2,2,1,1239.74625,0.7839598341714578,False,False,False,False,False,False,False,True,False,False
26.6,7017.35,30226.47,48,414.5,4,1,629.718125,0.08973731167785942,True,False,False,False,False,False,False,True,False,False
26.9,6344.93,26789.32,36,628.0,1,2,744.1477777777777,0.1172822673544003,True,False,False,False,False,True,False,False,True,False
24.7,5683.83,18690.26,12,623.3,2,1,1557.5216666666665,0.27402678544685516,True,False,False,False,False,True,False,False,False,True
41.1,4365.85,27695.52,60,587.6,2,1,461.592,0.10572786489291233,True,False,False,False,False,False,False,False,False,False
34.4,16062.6,3532.81,60,416.3,3,2,58.88016666666667,0.003665668486422496,True,False,False,False,False,False,False,False,False,True
43.4,4603.41,11538.64,12,443.7,3,0,961.5533333333333,0.2088784903461887,False,False,True,False,False,False,False,True,False,False
35.2,2342.9,14269.43,48,760.1,4,0,297.27979166666665,0.12688539433941384,True,False,False,False,False,False,False,False,False,True
32.9,9212.17,27405.31,24,721.4,4,1,1141.8879166666668,0.1239542817194129,False,False,True,False,False,False,False,False,False,False
27.7,1767.24,25602.57,36,604.3,1,0,711.1825,0.40242553132327513,False,False,False,False,False,False,False,True,False,False
27.0,3373.02,22912.42,24,730.9,1,0,954.6841666666666,0.28303542932929904,False,False,True,False,False,False,False,False,False,False
34.6,7549.6,2300.11,12,602.7,2,0,191.67583333333334,0.02538887266602795,False,False,False,True,False,False,False,True,False,False
18.4,10174.96,9000.29,48,524.7,1,1,187.50604166666668,0.01842818462995283,True,False,False,False,False,True,False,True,False,False
39.8,3207.05,18587.43,24,623.3,3,0,774.47625,0.24149179076880062,True,False,False,False,True,False,False,True,False,False
22.9,4901.33,3473.78,48,559.3,3,1,72.37041666666667,0.014765464989913355,False,False,False,True,False,True,False,False,True,False
45.0,6337.79,17214.76,12,624.7,2,1,1434.5633333333333,0.22635072021474775,True,False,False,False,False,False,False,False,False,True
33.8,9749.48,32611.27,60,533.2,3,1,543.5211666666667,0.055748733892390094,True,False,False,False,False,True,False,False,False,True
23.4,2363.09,26047.41,48,600.3,0,0,542.654375,0.22963762391767711,True,False,False,False,False,False,True,False,True,False
51.6,1858.87,21503.0,12,516.7,5,3,1791.9166666666667,0.9639816969593623,False,False,False,False,False,True,False,True,False,False
52.1,4976.27,11804.0,24,522.2,1,0,491.8333333333333,0.0988357408952842,True,False,False,False,False,False,False,True,False,False
34.5,6636.97,21440.12,36,469.4,6,1,595.5588888888889,0.08973355130301228,True,False,False,False,False,False,False,False,False,True
36.0,1597.48,32015.78,24,526.3,2,2,1333.9908333333333,0.8350594843019872,False,True,False,False,False,True,False,True,False,False
49.6,4264.07,6744.91,36,506.3,3,0,187.35861111111112,0.12949295926816135,True,False,False,False,False,False,False,False,False,True
31.4,2440.14,34911.58,12,468.2,3,1,2909.2983333333336,1.1922669688668126,True,False,False,False,False,False,False,True,False,False
37.7,6701.35,29870.36,48,617.3,5,0,622.2991666666667,0.09286176154626292,False,True,False,False,False,False,False,False,False,True
29.6,4414.14,30064.93,36,621.7,2,1,835.1369444444445,0.18919584393618824,True,False,False,False,False,False,False,False,False,True
28.3,2763.19,22527.96,24,502.8,1,0,938.665,0.339703385074123,False,False,False,False,False,True,False,True,False,False
52.1,4264.07,19867.17,60,378.5,3,1,331.11949999999996,0.12949295926816135,False,False,False,False,False,True,False,True,False,False
23.3,10632.23,7695.33,36,719.0,3,0,213.75916666666666,0.020104829040156053,True,False,False,False,True,False,False,False,False,True
31.4,4656.19,12762.94,12,679.7,2,2,1063.5783333333334,0.22842245076964407,True,False,False,False,False,True,False,False,False,True
34.3,4800.75,7948.96,60,815.5,1,0,132.48266666666666,0.027596243585003226,True,False,False,False,False,False,False,True,False,False
42.4,2171.93,14590.41,24,478.7,2,2,607.93375,0.27990485291927064,False,False,False,False,False,True,False,True,False,False
35.9,6551.37,31346.57,36,617.8,1,0,870.7380555555555,0.1329093081640119,False,False,True,False,True,False,False,False,False,True
45.6,7846.33,29941.12,24,739.4,1,1,1247.5466666666666,0.1589974758997763,False,False,True,False,False,False,False,False,False,True
20.7,5426.31,18970.39,36,609.6,2,2,526.9552777777777,0.09711116335164524,False,False,True,False,True,False,False,False,False,True
48.9,5931.03,26186.78,60,623.3,2,0,436.4463333333333,0.07358693727690872,True,False,False,False,False,True,False,False,False,True
23.7,7184.74,10408.98,36,627.7,1,1,289.1383333333333,0.040243395436842445,False,False,False,True,False,True,False,False,False,True
42.0,3120.28,14873.74,48,628.8,2,3,309.8695833333333,0.09930826154712098,True,False,False,False,True,False,False,False,False,True
30.5,4264.07,33044.64,60,745.1,2,1,550.744,0.12949295926816135,True,False,False,False,False,True,False,False,False,True
52.0,1670.25,16508.2,24,594.8,0,3,687.8416666666667,0.41181958542042857,False,False,True,False,True,False,False,False,False,True
36.1,3948.77,27751.16,36,787.5,3,0,770.8655555555556,0.1952166253297582,False,False,False,False,False,True,False,False,False,False
49.9,2470.86,7836.49,60,503.2,2,1,130.60816666666668,0.05285939556999292,False,False,True,False,False,False,False,False,False,True
25.9,10579.49,9999.73,60,489.0,3,0,166.66216666666665,0.015753327098861417,False,False,False,False,False,True,False,True,False,False
45.4,8121.4,34683.13,60,644.4,1,1,578.0521666666666,0.07117641859222579,False,False,False,True,False,False,True,False,True,False
38.2,4259.45,24448.77,36,496.0,3,0,679.1325,0.15944135942565038,False,False,True,False,False,False,False,False,False,True
38.7,4052.95,20265.17,36,423.2,2,0,562.9213888888888,0.13889176710790194,False,False,False,False,False,True,False,False,False,True
23.1,4430.21,15915.49,48,496.8,1,1,331.5727083333333,0.07484356443258845,False,False,False,True,False,True,False,True,False,False
33.7,1537.45,34924.15,36,494.9,2,1,970.1152777777778,0.6309898022491006,True,False,False,False,False,True,False,False,False,True
38.7,12036.25,27374.14,24,918.7,0,1,1140.5891666666666,0.09476283441429335,False,False,False,True,False,True,False,False,False,True
42.9,2515.52,31080.02,36,724.5,1,0,863.3338888888889,0.34320295026748315,False,False,False,False,False,False,False,False,False,True
35.1,7659.79,3253.41,12,738.8,4,1,271.1175,0.03539489981397023,True,False,False,False,False,False,False,True,False,False
36.7,4007.74,5485.36,24,565.7,2,1,228.55666666666664,0.05702881576558821,True,False,False,False,False,True,False,True,False,False
21.6,1603.73,34458.74,24,797.7,3,1,1435.7808333333332,0.895275903288318,True,False,False,False,False,True,False,False,False,True
27.8,6806.82,5231.97,48,972.8,6,1,108.999375,0.016013259472098192,False,False,False,False,False,True,False,False,False,True
34.7,3285.52,10293.33,24,623.3,4,4,428.88875,0.1305390771307462,True,False,False,False,False,False,False,True,False,False
29.9,2743.1,31135.22,36,546.5,3,0,864.8672222222223,0.3152882574712331,False,False,False,False,False,True,False,False,False,True
43.1,6286.6,20921.43,36,626.8,1,3,581.1508333333334,0.09244278821762247,False,False,True,False,False,False,False,False,False,True
32.6,2264.15,32260.45,24,819.7,4,0,1344.1854166666667,0.593682137106572,True,False,False,False,False,False,False,True,False,False
48.9,4264.07,12560.16,48,689.5,7,0,261.67,0.12949295926816135,True,False,False,False,False,False,False,True,False,False
53.3,9080.36,27689.46,12,554.1,0,0,2307.455,0.25411492467907115,False,False,True,False,False,True,False,False,False,True
38.1,1886.75,4758.21,12,636.1,2,0,396.5175,0.21015900246371272,True,False,False,False,False,False,False,True,False,False
20.6,8718.99,34188.15,12,959.2,2,2,2849.0125000000003,0.32675946373747483,True,False,False,False,False,True,False,False,False,True
29.6,14293.4,3170.5,12,811.5,3,2,264.2083333333333,0.018484638584835445,False,False,True,False,False,False,False,True,False,False
32.7,8239.24,23558.58,60,897.0,4,0,392.64300000000003,0.04765524484338939,False,False,False,False,False,True,False,False,False,True
51.1,7877.74,11662.82,36,703.0,1,0,323.96722222222223,0.041124386157829325,False,False,False,False,True,False,False,False,False,False
41.6,7565.34,34764.34,36,403.7,2,1,965.676111111111,0.12764477337894442,True,False,False,False,False,True,False,True,False,False
30.2,7075.63,28385.49,24,619.0,5,0,1182.72875,0.16715525661014602,False,False,False,True,False,True,False,True,False,False
35.8,2592.31,26957.73,36,303.7,2,0,748.8258333333333,0.2888643065237916,True,False,False,False,False,False,False,False,False,True
43.1,7357.95,13383.75,12,572.7,1,0,1115.3125,0.1515792440128307,False,False,False,False,False,True,False,False,False,False
22.5,2514.93,34965.12,12,702.5,1,2,2913.76,1.1585849261864747,True,False,False,False,False,True,False,True,False,False
41.8,8779.58,25743.15,24,660.7,4,1,1072.6312500000001,0.12217341248422658,False,False,False,False,False,False,False,False,False,False
53.8,2311.19,33238.85,12,838.8,5,0,2769.9041666666667,1.1984753112820292,False,False,False,True,False,True,False,False,False,True
32.6,13057.13,14686.15,36,415.6,4,1,407.9486111111111,0.031243359819399633,False,False,False,False,False,True,False,True,False,False
27.4,1605.77,7374.32,24,623.3,0,0,307.2633333333333,0.19134952790240076,False,False,True,False,False,True,False,True,False,False
20.2,2210.57,8812.61,24,528.9,4,1,367.19208333333336,0.16610742101460668,False,False,False,True,True,False,False,False,True,False
38.6,8869.1,32632.1,24,444.4,2,1,1359.6708333333333,0.15330426219123594,False,False,True,False,False,False,False,False,False,True
51.9,1825.05,33507.66,36,683.9,1,3,930.7683333333334,0.5099960703725228,False,False,False,True,False,False,False,False,False,True
31.4,3688.31,8216.97,12,728.0,7,1,684.7475,0.18565345595773278,True,False,False,False,False,True,False,True,False,False
40.8,3622.06,20147.4,12,593.6,2,0,1678.95,0.4635345619246104,False,False,False,False,False,False,False,True,False,False
21.7,4485.7,6760.29,24,681.0,3,0,281.67875,0.06279482563971103,True,False,False,False,False,False,False,False,True,False
63.2,2152.91,18294.39,36,421.0,2,3,508.1775,0.23604214650848318,False,False,False,False,False,False,False,False,False,False
39.0,3213.83,17473.47,24,701.1,4,0,728.0612500000001,0.2265400620862334,True,False,False,False,False,True,False,True,False,False
58.8,4866.28,9336.5,24,659.0,1,0,389.0208333333333,0.07994213907418232,False,False,False,False,False,True,False,False,False,True
50.9,7774.12,14217.57,36,834.9,2,0,394.9325,0.05080092659902224,True,False,False,False,False,False,False,True,False,False
42.4,3250.96,27184.75,12,624.0,2,2,2265.3958333333335,0.6968390341206729,False,False,False,False,False,True,False,True,False,False
38.7,1734.73,19952.41,36,603.3,1,0,554.2336111111111,0.3194927210091391,False,False,False,True,False,False,True,True,False,False
38.7,3095.99,15240.59,24,530.0,2,0,635.0245833333333,0.2051119613700993,False,False,True,False,False,True,False,True,False,False
25.3,3629.59,6906.58,24,657.7,3,1,287.77416666666664,0.0792855848384558,True,False,False,False,False,False,False,False,False,True
43.9,6994.45,10885.59,36,510.5,0,2,302.3775,0.043231061708596016,True,False,False,False,False,False,False,True,False,False
44.4,3546.51,5541.52,36,440.2,2,2,153.93111111111114,0.04340354621221303,True,False,False,False,True,False,False,False,False,True
55.2,2239.03,27994.39,60,818.4,1,0,466.5731666666667,0.2083818281054065,False,False,True,False,False,False,False,False,False,True
38.8,1805.06,4712.65,12,682.3,4,1,392.7208333333333,0.21756663554544833,True,False,False,False,False,False,False,False,True,False
45.1,12631.07,29392.16,12,647.1,2,1,2449.346666666667,0.19391442409293297,False,False,True,False,True,False,False,False,True,False
32.4,21145.89,27627.75,60,483.7,2,2,460.4625,0.02177550813809421,True,False,False,False,False,False,False,True,False,False
25.7,7738.25,4469.81,12,729.8,1,1,372.4841666666667,0.048135452613357305,True,False,False,False,False,True,False,False,False,True
32.6,2312.05,6681.04,60,587.6,3,2,111.35066666666667,0.04816101130384574,False,False,False,False,False,True,False,True,False,False
42.9,12340.12,11161.44,48,642.0,0,2,232.53,0.018843414797551875,False,False,False,False,True,False,False,False,True,False
34.5,3201.97,13939.64,24,695.9,2,2,580.8183333333333,0.18139405788292604,False,False,True,False,False,True,False,False,False,True
44.1,3657.47,27737.22,36,637.0,5,0,770.4783333333334,0.2106588246046434,True,False,False,False,False,False,False,True,False,False
43.0,3498.46,9221.75,36,593.7,4,1,256.15972222222223,0.07322070896623518,True,False,False,False,False,False,False,False,False,True
42.6,2624.16,3405.5,36,692.0,2,1,94.59722222222223,0.03604857244289087,True,False,False,False,False,True,False,False,False,True
33.7,7999.98,25527.64,24,584.6,1,0,1063.6516666666666,0.13295679055911375,True,False,False,False,False,True,False,True,False,False
41.1,4318.53,4060.33,48,629.6,3,0,84.59020833333334,0.0195877319683911,True,False,False,False,False,True,False,False,False,True
38.6,1851.54,18710.09,36,812.8,4,2,519.7247222222222,0.2806986181315208,False,True,False,False,False,False,False,True,False,False
46.6,3213.93,32085.54,36,454.5,4,1,891.265,0.2773131329017336,False,False,False,False,False,False,False,False,False,True
24.4,5916.63,28259.01,24,621.3,1,2,1177.45875,0.19900834563086023,False,False,False,True,False,True,False,True,False,False
18.6,6442.5,28611.04,12,629.8,3,0,2384.2533333333336,0.37008200692782517,True,False,False,False,False,True,False,False,False,True
47.1,1839.63,33923.74,48,631.9,3,0,706.7445833333333,0.3841775680389848,True,False,False,False,False,True,False,False,True,False
22.4,4264.07,25716.95,24,642.5,2,0,1071.5395833333334,0.12949295926816135,True,False,False,False,False,True,False,False,False,True
30.0,1677.01,10295.34,48,636.6,1,1,214.48625,0.1278980141567551,True,False,False,False,False,False,False,True,False,False
44.4,2204.96,14306.76,24,809.6,4,1,596.115,0.27035184189122774,False,False,False,False,False,False,False,True,False,False
25.3,11744.35,13880.69,36,623.3,3,0,385.57472222222225,0.0328306566045729,False,False,False,False,False,False,False,False,False,True
29.3,4781.33,25236.04,12,568.1,3,1,2103.0033333333336,0.43983647414735416,False,False,False,False,False,False,False,False,False,True
39.3,1670.83,17414.42,36,805.1,2,0,483.7338888888888,0.2895171178358766,True,False,False,False,True,False,False,True,False,False
21.8,3825.19,6874.88,24,736.5,1,1,286.4533333333333,0.0748860403233494,True,False,False,False,False,False,False,True,False,False
30.2,22462.04,12746.33,12,506.9,5,0,1062.1941666666667,0.047288410411244146,True,False,False,False,False,True,False,False,False,True
48.2,15243.99,21551.66,36,623.3,3,1,598.6572222222222,0.03927168817543867,True,False,False,False,False,True,False,True,False,False
33.8,2702.61,18338.05,60,990.0,1,1,305.63416666666666,0.11308852018448146,True,False,False,False,False,False,False,False,False,True
28.2,4264.07,5579.88,60,623.3,5,0,92.998,0.12949295926816135,False,False,False,True,False,True,False,False,False,False
42.9,1789.28,27942.3,12,654.2,1,1,2328.525,1.301375406300996,True,False,False,False,False,False,False,False,False,True
34.5,11738.43,5065.69,24,818.3,5,0,211.07041666666666,0.017981145390555228,False,False,False,False,False,True,False,False,False,True
37.4,2368.91,9724.06,48,533.7,0,0,202.5845833333333,0.08551805787393896,False,False,False,False,False,True,False,False,False,True
21.2,6124.69,25578.37,36,301.9,1,1,710.5102777777778,0.1160075492176261,False,True,False,False,False,True,False,False,False,True
52.2,4896.29,28086.78,60,638.9,3,0,468.113,0.09560565224771071,False,False,True,False,False,False,False,False,False,True
51.2,2132.93,30779.64,12,544.7,2,1,2564.97,1.2025570403034462,True,False,False,False,False,True,False,False,True,False
38.8,4017.11,12531.6,48,690.0,1,2,261.075,0.06499075189628674,False,False,False,False,False,True,False,False,False,True
38.7,3242.59,4427.51,24,869.7,2,0,184.47958333333335,0.05689266381639575,False,False,False,True,False,False,False,True,False,False
40.6,1836.7,6904.6,24,884.8,4,0,287.69166666666666,0.15663508743960133,False,True,False,False,False,True,False,False,False,True
44.3,2696.18,15039.12,48,589.0,1,0,313.315,0.11620700355240747,True,False,False,False,True,False,False,False,True,False
47.4,3800.07,9259.35,24,665.9,5,2,385.80625000000003,0.10152609004169373,True,False,False,False,False,False,False,True,False,False
18.6,2650.86,7563.86,36,432.9,0,1,210.10722222222222,0.07926002181541913,False,False,True,False,False,False,False,True,False,False
48.5,4591.11,11197.99,24,657.1,2,0,466.5829166666667,0.1016274747610909,False,False,True,False,False,True,False,False,True,False
42.3,13119.47,15380.56,12,433.0,1,0,1281.7133333333334,0.09769551150742967,False,True,False,False,False,False,False,False,False,True
33.8,4456.63,4218.54,12,653.9,4,1,351.545,0.0788813518760109,False,False,False,True,False,True,False,True,False,False
60.4,2333.65,15233.32,36,532.5,1,0,423.1477777777778,0.18132443852528585,True,False,False,False,False,False,False,False,True,False
31.8,4306.22,21034.06,36,738.5,1,1,584.2794444444445,0.13568267368773954,False,False,False,False,False,True,False,True,False,False
49.5,4934.63,9313.1,12,891.2,3,0,776.0916666666667,0.15727454035944363,False,False,True,False,True,False,False,False,True,False
43.0,3967.03,34563.59,24,355.7,5,1,1440.149583333333,0.36302966695564093,True,False,False,False,False,True,False,False,True,False
29.7,4264.07,33623.43,36,521.6,0,0,933.9841666666666,0.12949295926816135,False,True,False,False,False,True,False,True,False,False
41.5,1840.93,12720.87,12,643.1,1,0,1060.0725,0.5758353083722069,False,False,False,False,False,True,False,False,False,True
28.9,7036.0,21147.63,48,990.0,1,1,440.575625,0.06261734286154443,True,False,False,False,True,False,False,True,False,False
39.6,1624.52,34354.81,36,794.2,1,0,954.3002777777778,0.5874352251147573,True,False,False,False,False,False,False,False,False,True
38.4,2735.53,17707.21,24,767.0,2,3,737.8004166666666,0.2697102257952076,True,False,False,False,False,True,False,False,True,False
34.2,6743.91,18670.21,24,636.5,5,2,777.9254166666666,0.11535228309884678,True,False,False,False,False,False,False,False,True,False
23.6,1737.77,12089.34,12,863.9,0,1,1007.445,0.5797343688765811,False,True,False,False,False,True,False,False,False,True
35.7,8661.75,32787.19,12,709.5,1,0,2732.2658333333334,0.31544039370553634,True,False,False,False,False,False,False,True,False,False
35.7,3963.9,23519.76,24,569.6,2,0,979.9899999999999,0.2472287387491391,False,False,False,False,False,True,False,True,False,False
46.8,2844.85,32539.9,48,485.4,5,0,677.9145833333333,0.23829536915843705,False,False,True,False,False,True,False,True,False,False
39.9,11428.09,11327.64,24,625.2,2,1,471.98499999999996,0.04130042724435979,False,False,False,False,False,False,False,True,False,False
36.7,3331.74,2966.69,12,672.8,1,0,247.22416666666666,0.07420271867691941,True,False,False,False,False,True,False,True,False,False
